time_index,time_since_epoch_ns,fstate_size_min,fstate_size_max,fstate_size_mean,fstate_size_median,fstate_size_p95,fstate_size_count,fstate_installed_min,fstate_installed_max,fstate_installed_mean,fstate_installed_median,fstate_installed_p95,fstate_installed_count,fstate_markers_min,fstate_markers_max,fstate_markers_mean,fstate_markers_median,fstate_markers_p95,fstate_markers_count,fstate_neighbors_min,fstate_neighbors_max,fstate_neighbors_mean,fstate_neighbors_median,fstate_neighbors_p95,fstate_neighbors_count,strict_header_bytes_min,strict_header_bytes_max,strict_header_bytes_mean,strict_header_bytes_median,strict_header_bytes_p95,strict_header_bytes_count,srv6_srh_bytes_min,srv6_srh_bytes_max,srv6_srh_bytes_mean,srv6_srh_bytes_median,srv6_srh_bytes_p95,srv6_srh_bytes_count,stretch_hop_min,stretch_hop_max,stretch_hop_mean,stretch_hop_median,stretch_hop_p95,stretch_hop_count,stretch_dist_min,stretch_dist_max,stretch_dist_mean,stretch_dist_median,stretch_dist_p95,stretch_dist_count,stretch_hop_shared_min,stretch_hop_shared_max,stretch_hop_shared_mean,stretch_hop_shared_median,stretch_hop_shared_p95,stretch_hop_shared_count,stretch_dist_shared_min,stretch_dist_shared_max,stretch_dist_shared_mean,stretch_dist_shared_median,stretch_dist_shared_p95,stretch_dist_shared_count,delivery_total_pairs,delivery_no_src_visibility,delivery_no_dst_visibility,delivery_disconnected,delivery_deliverable,delivery_delivered,delivery_forwarding_failure,delivery_failure_loop,delivery_failure_dead_end,delivery_failure_link_down,delivery_failure_hop_limit,delivery_failure_egress_lost,delivery_delivery_rate,delivery_non_optimal_egress,delivery_non_optimal_egress_rate,aux_geometry_build_ms,aux_geometry_row_edge_entries,aux_geometry_plane_edge_entries,aux_path_cost_row_entries,aux_path_cost_plane_entries,aux_decisions_per_sat_mean,aux_decisions_per_sat_max,aux_distance_evals_per_sat_mean,aux_distance_evals_per_sat_max,aux_cache_pairs_per_sat_mean,aux_cache_pairs_per_sat_max,aux_forwarding_exceptions_isolated,aux_forwarding_exceptions,aux_local_detour_entries,aux_pivot_cache_entries,explicit_failover_count,explicit_failover_delivered_count,explicit_failover_delivered_rate,explicit_failover_protected_repair_count,explicit_failover_protected_repair_rate,explicit_failover_broken_adj_count,explicit_failover_broken_adj_rate,explicit_failover_egress_not_visible_count,explicit_failover_egress_not_visible_rate,explicit_failover_dynamic_egress_repair_count,explicit_failover_dynamic_egress_repair_rate,explicit_failover_dynamic_egress_unavailable_count,explicit_failover_dynamic_egress_unavailable_rate,failure_isls_removed,failure_satellites_down,failure_events,compute_time_ms
0,0,2.0,7.0,2.5042735042735043,2.0,4.0,351,1.0,10.0,5.666666666666667,6.0,8.0,351,0.0,0.0,0.0,0.0,0.0,351,2.0,7.0,2.5042735042735043,2.0,4.0,351,0.0,0.0,0.0,0.0,0.0,0,0.0,0.0,0.0,0.0,0.0,0,1.0,1.0,1.0,1.0,1.0,124,0.9999999999999998,1.0000000000000002,1.0,1.0,1.0,124,1.0,1.0,1.0,1.0,1.0,124,0.9999999999999998,1.0000000000000002,1.0,1.0,1.0,124,552.0,0.0,0.0,428.0,124.0,124.0,0.0,0.0,0.0,0.0,0.0,0.0,1.0,0.0,0.0,59.90326777100563,351.0,351.0,4563.0,9477.0,5.666666666666667,10.0,60.51851851851852,105.0,7.487179487179487,14.0,0.0,0.0,0.0,39200.0,0.0,0.0,0.0,0.0,0.0,0.0,0.0,0.0,0.0,0.0,0.0,0.0,0.0,0.0,0.0,0.0,539.7947914898396
1,60000000000,2.0,7.0,2.4957264957264957,2.0,4.0,351,1.0,10.0,5.555555555555555,6.0,8.0,351,0.0,0.0,0.0,0.0,0.0,351,2.0,7.0,2.4957264957264957,2.0,4.0,351,0.0,0.0,0.0,0.0,0.0,0,0.0,0.0,0.0,0.0,0.0,0,1.0,1.0,1.0,1.0,1.0,138,0.9999999999999998,1.0000000000000002,1.0,1.0,1.0,138,1.0,1.0,1.0,1.0,1.0,138,0.9999999999999998,1.0000000000000002,1.0,1.0,1.0,138,552.0,0.0,0.0,414.0,138.0,138.0,0.0,0.0,0.0,0.0,0.0,0.0,1.0,0.0,0.0,55.96807040274143,351.0,351.0,4563.0,9477.0,5.555555555555555,10.0,58.629629629629626,101.0,7.464387464387465,12.0,0.0,0.0,0.0,38850.0,0.0,0.0,0.0,0.0,0.0,0.0,0.0,0.0,0.0,0.0,0.0,0.0,0.0,0.0,0.0,0.0,499.8831246048212
2,120000000000,2.0,6.0,2.4985754985754984,2.0,4.0,351,1.0,10.0,5.555555555555555,6.0,8.0,351,0.0,0.0,0.0,0.0,0.0,351,2.0,6.0,2.4985754985754984,2.0,4.0,351,0.0,0.0,0.0,0.0,0.0,0,0.0,0.0,0.0,0.0,0.0,0,1.0,1.0,1.0,1.0,1.0,133,0.9999999999999999,1.0000000000000002,1.0,1.0,1.0000000000000002,133,1.0,1.0,1.0,1.0,1.0,133,0.9999999999999999,1.0000000000000002,1.0,1.0,1.0000000000000002,133,552.0,0.0,0.0,419.0,133.0,133.0,0.0,0.0,0.0,0.0,0.0,0.0,1.0,0.0,0.0,55.695971474051476,351.0,351.0,4563.0,9477.0,5.555555555555555,10.0,58.592592592592595,101.0,7.601139601139601,12.0,0.0,0.0,0.0,41300.0,0.0,0.0,0.0,0.0,0.0,0.0,0.0,0.0,0.0,0.0,0.0,0.0,0.0,0.0,0.0,0.0,577.0203042775393
3,180000000000,2.0,7.0,2.4957264957264957,2.0,4.0,351,1.0,10.0,5.518518518518518,5.0,8.0,351,0.0,0.0,0.0,0.0,0.0,351,2.0,7.0,2.4957264957264957,2.0,4.0,351,0.0,0.0,0.0,0.0,0.0,0,0.0,0.0,0.0,0.0,0.0,0,1.0,1.0,1.0,1.0,1.0,127,0.9999999999999998,1.0000000000000002,1.0,1.0,1.0,127,1.0,1.0,1.0,1.0,1.0,127,0.9999999999999998,1.0000000000000002,1.0,1.0,1.0,127,552.0,0.0,0.0,425.0,127.0,127.0,0.0,0.0,0.0,0.0,0.0,0.0,1.0,0.0,0.0,58.80757234990597,351.0,351.0,4563.0,9477.0,5.518518518518518,10.0,58.148148148148145,99.0,7.521367521367521,14.0,0.0,0.0,0.0,40250.0,0.0,0.0,0.0,0.0,0.0,0.0,0.0,0.0,0.0,0.0,0.0,0.0,0.0,0.0,0.0,0.0,534.1884102672338
4,240000000000,2.0,7.0,2.49002849002849,2.0,4.0,351,1.0,9.0,5.518518518518518,5.0,9.0,351,0.0,0.0,0.0,0.0,0.0,351,2.0,7.0,2.49002849002849,2.0,4.0,351,0.0,0.0,0.0,0.0,0.0,0,0.0,0.0,0.0,0.0,0.0,0,1.0,1.0,1.0,1.0,1.0,126,0.9999999999999997,1.0000000000000002,1.0,1.0,1.0,126,1.0,1.0,1.0,1.0,1.0,126,0.9999999999999997,1.0000000000000002,1.0,1.0,1.0,126,552.0,0.0,0.0,426.0,126.0,126.0,0.0,0.0,0.0,0.0,0.0,0.0,1.0,0.0,0.0,57.399941608309746,351.0,351.0,4563.0,9477.0,5.518518518518518,9.0,58.148148148148145,103.0,7.413105413105413,10.0,0.0,0.0,0.0,38150.0,0.0,0.0,0.0,0.0,0.0,0.0,0.0,0.0,0.0,0.0,0.0,0.0,0.0,0.0,0.0,0.0,505.3841285407543
5,300000000000,2.0,7.0,2.492877492877493,2.0,4.0,351,1.0,9.0,5.481481481481482,6.0,8.0,351,0.0,0.0,0.0,0.0,0.0,351,2.0,7.0,2.492877492877493,2.0,4.0,351,0.0,0.0,0.0,0.0,0.0,0,0.0,0.0,0.0,0.0,0.0,0,1.0,1.0,1.0,1.0,1.0,120,0.9999999999999998,1.0000000000000002,1.0,1.0,1.0,120,1.0,1.0,1.0,1.0,1.0,120,0.9999999999999998,1.0000000000000002,1.0,1.0,1.0,120,552.0,0.0,0.0,432.0,120.0,120.0,0.0,0.0,0.0,0.0,0.0,0.0,1.0,0.0,0.0,59.40731801092625,351.0,351.0,4563.0,9477.0,5.481481481481482,9.0,57.77777777777778,93.0,7.1908831908831905,12.0,0.0,0.0,0.0,38150.0,0.0,0.0,0.0,0.0,0.0,0.0,0.0,0.0,0.0,0.0,0.0,0.0,0.0,0.0,0.0,0.0,484.0854462236166
6,360000000000,2.0,6.0,2.4957264957264957,2.0,4.0,351,1.0,10.0,5.518518518518518,6.0,8.0,351,0.0,0.0,0.0,0.0,0.0,351,2.0,6.0,2.4957264957264957,2.0,4.0,351,0.0,0.0,0.0,0.0,0.0,0,0.0,0.0,0.0,0.0,0.0,0,1.0,1.0,1.0,1.0,1.0,121,0.9999999999999999,1.0000000000000002,1.0,1.0,1.0,121,1.0,1.0,1.0,1.0,1.0,121,0.9999999999999999,1.0000000000000002,1.0,1.0,1.0,121,552.0,0.0,0.0,431.0,121.0,121.0,0.0,0.0,0.0,0.0,0.0,0.0,1.0,0.0,0.0,57.632166892290115,351.0,351.0,4563.0,9477.0,5.518518518518518,10.0,57.48148148148148,104.0,7.435897435897436,14.0,0.0,0.0,0.0,39900.0,0.0,0.0,0.0,0.0,0.0,0.0,0.0,0.0,0.0,0.0,0.0,0.0,0.0,0.0,0.0,0.0,535.8653236180544
7,420000000000,2.0,7.0,2.4985754985754984,2.0,4.0,351,1.0,10.0,5.518518518518518,6.0,8.0,351,0.0,0.0,0.0,0.0,0.0,351,2.0,7.0,2.4985754985754984,2.0,4.0,351,0.0,0.0,0.0,0.0,0.0,0,0.0,0.0,0.0,0.0,0.0,0,1.0,1.0,1.0,1.0,1.0,118,0.9999999999999998,1.0000000000000002,1.0,1.0,1.0,118,1.0,1.0,1.0,1.0,1.0,118,0.9999999999999998,1.0000000000000002,1.0,1.0,1.0,118,552.0,0.0,0.0,434.0,118.0,118.0,0.0,0.0,0.0,0.0,0.0,0.0,1.0,0.0,0.0,55.30664697289467,351.0,351.0,4563.0,9477.0,5.518518518518518,10.0,58.074074074074076,103.0,7.4415954415954415,12.0,0.0,0.0,0.0,39550.0,0.0,0.0,0.0,0.0,0.0,0.0,0.0,0.0,0.0,0.0,0.0,0.0,0.0,0.0,0.0,0.0,504.2509399354458
8,480000000000,2.0,7.0,2.5014245014245016,2.0,4.0,351,1.0,10.0,5.592592592592593,6.0,8.0,351,0.0,0.0,0.0,0.0,0.0,351,2.0,7.0,2.5014245014245016,2.0,4.0,351,0.0,0.0,0.0,0.0,0.0,0,0.0,0.0,0.0,0.0,0.0,0,1.0,1.0,1.0,1.0,1.0,115,0.9999999999999999,1.0000000000000002,1.0,1.0,1.0,115,1.0,1.0,1.0,1.0,1.0,115,0.9999999999999999,1.0000000000000002,1.0,1.0,1.0,115,552.0,0.0,0.0,437.0,115.0,115.0,0.0,0.0,0.0,0.0,0.0,0.0,1.0,0.0,0.0,58.23854357004166,351.0,351.0,4563.0,9477.0,5.592592592592593,10.0,59.25925925925926,103.0,7.373219373219373,14.0,0.0,0.0,0.0,38500.0,0.0,0.0,0.0,0.0,0.0,0.0,0.0,0.0,0.0,0.0,0.0,0.0,0.0,0.0,0.0,0.0,536.5807302296162
9,540000000000,2.0,7.0,2.5014245014245016,2.0,4.0,351,1.0,10.0,5.62962962962963,6.0,8.0,351,0.0,0.0,0.0,0.0,0.0,351,2.0,7.0,2.5014245014245016,2.0,4.0,351,0.0,0.0,0.0,0.0,0.0,0,0.0,0.0,0.0,0.0,0.0,0,1.0,1.0,1.0,1.0,1.0,143,0.9999999999999998,1.0000000000000002,1.0,1.0,1.0,143,1.0,1.0,1.0,1.0,1.0,143,0.9999999999999998,1.0000000000000002,1.0,1.0,1.0,143,552.0,0.0,0.0,409.0,143.0,143.0,0.0,0.0,0.0,0.0,0.0,0.0,1.0,0.0,0.0,61.37565337121487,351.0,351.0,4563.0,9477.0,5.62962962962963,10.0,59.77777777777778,101.0,7.601139601139601,12.0,0.0,0.0,0.0,40250.0,0.0,0.0,0.0,0.0,0.0,0.0,0.0,0.0,0.0,0.0,0.0,0.0,0.0,0.0,0.0,0.0,528.7541355937719
10,600000000000,2.0,6.0,2.49002849002849,2.0,4.0,351,1.0,10.0,5.444444444444445,5.0,8.0,351,0.0,0.0,0.0,0.0,0.0,351,2.0,6.0,2.49002849002849,2.0,4.0,351,0.0,0.0,0.0,0.0,0.0,0,0.0,0.0,0.0,0.0,0.0,0,1.0,1.0,1.0,1.0,1.0,137,1.0,1.0000000000000002,1.0,1.0,1.0,137,1.0,1.0,1.0,1.0,1.0,137,1.0,1.0000000000000002,1.0,1.0,1.0,137,552.0,0.0,0.0,415.0,137.0,137.0,0.0,0.0,0.0,0.0,0.0,0.0,1.0,0.0,0.0,56.47215247154236,351.0,351.0,4563.0,9477.0,5.444444444444445,10.0,56.77777777777778,100.0,7.196581196581197,12.0,0.0,0.0,0.0,39550.0,0.0,0.0,0.0,0.0,0.0,0.0,0.0,0.0,0.0,0.0,0.0,0.0,0.0,0.0,0.0,0.0,582.4929159134626
11,660000000000,2.0,6.0,2.4814814814814814,2.0,4.0,351,1.0,10.0,5.481481481481482,5.0,8.0,351,0.0,0.0,0.0,0.0,0.0,351,2.0,6.0,2.4814814814814814,2.0,4.0,351,0.0,0.0,0.0,0.0,0.0,0,0.0,0.0,0.0,0.0,0.0,0,1.0,1.0,1.0,1.0,1.0,131,0.9999999999999998,1.0000000000000002,1.0,1.0,1.0,131,1.0,1.0,1.0,1.0,1.0,131,0.9999999999999998,1.0000000000000002,1.0,1.0,1.0,131,552.0,0.0,0.0,421.0,131.0,131.0,0.0,0.0,0.0,0.0,0.0,0.0,1.0,0.0,0.0,55.32732978463173,351.0,351.0,4563.0,9477.0,5.481481481481482,10.0,56.851851851851855,99.0,7.447293447293447,12.0,0.0,0.0,0.0,39200.0,0.0,0.0,0.0,0.0,0.0,0.0,0.0,0.0,0.0,0.0,0.0,0.0,0.0,0.0,0.0,0.0,504.13945131003857
12,720000000000,2.0,6.0,2.4757834757834756,2.0,4.0,351,1.0,10.0,5.444444444444445,6.0,8.0,351,0.0,0.0,0.0,0.0,0.0,351,2.0,6.0,2.4757834757834756,2.0,4.0,351,0.0,0.0,0.0,0.0,0.0,0,0.0,0.0,0.0,0.0,0.0,0,1.0,1.0,1.0,1.0,1.0,124,0.9999999999999999,1.0000000000000002,1.0,1.0,1.0,124,1.0,1.0,1.0,1.0,1.0,124,0.9999999999999999,1.0000000000000002,1.0,1.0,1.0,124,552.0,0.0,0.0,428.0,124.0,124.0,0.0,0.0,0.0,0.0,0.0,0.0,1.0,0.0,0.0,55.64833804965019,351.0,351.0,4563.0,9477.0,5.444444444444445,10.0,56.148148148148145,96.0,7.680911680911681,14.0,0.0,0.0,0.0,39200.0,0.0,0.0,0.0,0.0,0.0,0.0,0.0,0.0,0.0,0.0,0.0,0.0,0.0,0.0,0.0,0.0,518.7428276985884
13,780000000000,2.0,7.0,2.492877492877493,2.0,4.0,351,1.0,10.0,5.444444444444445,5.0,8.0,351,0.0,0.0,0.0,0.0,0.0,351,2.0,7.0,2.492877492877493,2.0,4.0,351,0.0,0.0,0.0,0.0,0.0,0,0.0,0.0,0.0,0.0,0.0,0,1.0,1.0,1.0,1.0,1.0,121,0.9999999999999998,1.0000000000000002,1.0,1.0,1.0,121,1.0,1.0,1.0,1.0,1.0,121,0.9999999999999998,1.0000000000000002,1.0,1.0,1.0,121,552.0,0.0,0.0,431.0,121.0,121.0,0.0,0.0,0.0,0.0,0.0,0.0,1.0,0.0,0.0,55.593667551875114,351.0,351.0,4563.0,9477.0,5.444444444444445,10.0,57.77777777777778,101.0,7.407407407407407,14.0,0.0,0.0,0.0,39550.0,0.0,0.0,0.0,0.0,0.0,0.0,0.0,0.0,0.0,0.0,0.0,0.0,0.0,0.0,0.0,0.0,498.339731246233
14,840000000000,2.0,6.0,2.49002849002849,2.0,4.0,351,1.0,10.0,5.444444444444445,5.0,9.0,351,0.0,0.0,0.0,0.0,0.0,351,2.0,6.0,2.49002849002849,2.0,4.0,351,0.0,0.0,0.0,0.0,0.0,0,0.0,0.0,0.0,0.0,0.0,0,1.0,1.0,1.0,1.0,1.0,120,0.9999999999999998,1.0000000000000002,1.0,1.0,1.0,120,1.0,1.0,1.0,1.0,1.0,120,0.9999999999999998,1.0000000000000002,1.0,1.0,1.0,120,552.0,0.0,0.0,432.0,120.0,120.0,0.0,0.0,0.0,0.0,0.0,0.0,1.0,0.0,0.0,55.69482408463955,351.0,351.0,4563.0,9477.0,5.444444444444445,10.0,56.48148148148148,101.0,7.4415954415954415,14.0,0.0,0.0,0.0,40250.0,0.0,0.0,0.0,0.0,0.0,0.0,0.0,0.0,0.0,0.0,0.0,0.0,0.0,0.0,0.0,0.0,500.18336437642574
15,900000000000,2.0,8.0,2.49002849002849,2.0,4.0,351,1.0,10.0,5.444444444444445,6.0,9.0,351,0.0,0.0,0.0,0.0,0.0,351,2.0,8.0,2.49002849002849,2.0,4.0,351,0.0,0.0,0.0,0.0,0.0,0,0.0,0.0,0.0,0.0,0.0,0,1.0,1.0,1.0,1.0,1.0,118,0.9999999999999998,1.0,1.0,1.0,1.0,118,1.0,1.0,1.0,1.0,1.0,118,0.9999999999999998,1.0,1.0,1.0,1.0,118,552.0,0.0,0.0,434.0,118.0,118.0,0.0,0.0,0.0,0.0,0.0,0.0,1.0,0.0,0.0,54.04948443174362,351.0,351.0,4563.0,9477.0,5.444444444444445,10.0,56.77777777777778,102.0,7.2592592592592595,12.0,0.0,0.0,0.0,38500.0,0.0,0.0,0.0,0.0,0.0,0.0,0.0,0.0,0.0,0.0,0.0,0.0,0.0,0.0,0.0,0.0,508.6275264620781
16,960000000000,2.0,7.0,2.4871794871794872,2.0,4.0,351,1.0,10.0,5.481481481481482,6.0,8.0,351,0.0,0.0,0.0,0.0,0.0,351,2.0,7.0,2.4871794871794872,2.0,4.0,351,0.0,0.0,0.0,0.0,0.0,0,0.0,0.0,0.0,0.0,0.0,0,1.0,1.0,1.0,1.0,1.0,123,0.9999999999999998,1.0000000000000002,1.0,1.0,1.0,123,1.0,1.0,1.0,1.0,1.0,123,0.9999999999999998,1.0000000000000002,1.0,1.0,1.0,123,552.0,0.0,0.0,429.0,123.0,123.0,0.0,0.0,0.0,0.0,0.0,0.0,1.0,0.0,0.0,57.47468210756779,351.0,351.0,4563.0,9477.0,5.481481481481482,10.0,57.148148148148145,102.0,7.219373219373219,14.0,0.0,0.0,0.0,37800.0,0.0,0.0,0.0,0.0,0.0,0.0,0.0,0.0,0.0,0.0,0.0,0.0,0.0,0.0,0.0,0.0,529.3430052697659
17,1020000000000,2.0,7.0,2.4957264957264957,2.0,4.0,351,1.0,9.0,5.518518518518518,6.0,8.0,351,0.0,0.0,0.0,0.0,0.0,351,2.0,7.0,2.4957264957264957,2.0,4.0,351,0.0,0.0,0.0,0.0,0.0,0,0.0,0.0,0.0,0.0,0.0,0,1.0,1.0,1.0,1.0,1.0,137,0.9999999999999998,1.0,1.0,1.0,1.0,137,1.0,1.0,1.0,1.0,1.0,137,0.9999999999999998,1.0,1.0,1.0,1.0,137,552.0,0.0,0.0,415.0,137.0,137.0,0.0,0.0,0.0,0.0,0.0,0.0,1.0,0.0,0.0,55.26822246611118,351.0,351.0,4563.0,9477.0,5.518518518518518,9.0,58.74074074074074,92.0,7.133903133903134,12.0,0.0,0.0,0.0,38500.0,0.0,0.0,0.0,0.0,0.0,0.0,0.0,0.0,0.0,0.0,0.0,0.0,0.0,0.0,0.0,0.0,570.6740114837885
18,1080000000000,2.0,6.0,2.4843304843304845,2.0,4.0,351,2.0,10.0,5.555555555555555,5.0,9.0,351,0.0,0.0,0.0,0.0,0.0,351,2.0,6.0,2.4843304843304845,2.0,4.0,351,0.0,0.0,0.0,0.0,0.0,0,0.0,0.0,0.0,0.0,0.0,0,1.0,1.0,1.0,1.0,1.0,134,0.9999999999999998,1.0,1.0,1.0,1.0,134,1.0,1.0,1.0,1.0,1.0,134,0.9999999999999998,1.0,1.0,1.0,1.0,134,552.0,0.0,0.0,418.0,134.0,134.0,0.0,0.0,0.0,0.0,0.0,0.0,1.0,0.0,0.0,55.10694161057472,351.0,351.0,4563.0,9477.0,5.555555555555555,10.0,57.44444444444444,102.0,7.378917378917379,12.0,0.0,0.0,0.0,39550.0,0.0,0.0,0.0,0.0,0.0,0.0,0.0,0.0,0.0,0.0,0.0,0.0,0.0,0.0,0.0,0.0,504.4326651841402
19,1140000000000,2.0,6.0,2.5014245014245016,2.0,4.0,351,2.0,10.0,5.62962962962963,5.0,9.0,351,0.0,0.0,0.0,0.0,0.0,351,2.0,6.0,2.5014245014245016,2.0,4.0,351,0.0,0.0,0.0,0.0,0.0,0,0.0,0.0,0.0,0.0,0.0,0,1.0,1.0,1.0,1.0,1.0,131,0.9999999999999998,1.0000000000000002,1.0,1.0,1.0000000000000002,131,1.0,1.0,1.0,1.0,1.0,131,0.9999999999999998,1.0000000000000002,1.0,1.0,1.0000000000000002,131,552.0,0.0,0.0,421.0,131.0,131.0,0.0,0.0,0.0,0.0,0.0,0.0,1.0,0.0,0.0,51.59454047679901,351.0,351.0,4563.0,9477.0,5.62962962962963,10.0,59.888888888888886,102.0,7.595441595441596,12.0,0.0,0.0,0.0,40600.0,0.0,0.0,0.0,0.0,0.0,0.0,0.0,0.0,0.0,0.0,0.0,0.0,0.0,0.0,0.0,0.0,528.5297725349665
20,1200000000000,2.0,6.0,2.5014245014245016,2.0,4.0,351,1.0,10.0,5.666666666666667,6.0,9.0,351,0.0,0.0,0.0,0.0,0.0,351,2.0,6.0,2.5014245014245016,2.0,4.0,351,0.0,0.0,0.0,0.0,0.0,0,0.0,0.0,0.0,0.0,0.0,0,1.0,1.0,1.0,1.0,1.0,134,0.9999999999999999,1.0,1.0,1.0,1.0,134,1.0,1.0,1.0,1.0,1.0,134,0.9999999999999999,1.0,1.0,1.0,1.0,134,552.0,0.0,0.0,418.0,134.0,134.0,0.0,0.0,0.0,0.0,0.0,0.0,1.0,0.0,0.0,58.34376811981201,351.0,351.0,4563.0,9477.0,5.666666666666667,10.0,60.18518518518518,102.0,7.766381766381766,14.0,0.0,0.0,0.0,40600.0,0.0,0.0,0.0,0.0,0.0,0.0,0.0,0.0,0.0,0.0,0.0,0.0,0.0,0.0,0.0,0.0,551.427461206913
21,1260000000000,2.0,8.0,2.5156695156695155,2.0,4.0,351,1.0,10.0,5.7407407407407405,5.0,9.0,351,0.0,0.0,0.0,0.0,0.0,351,2.0,8.0,2.5156695156695155,2.0,4.0,351,0.0,0.0,0.0,0.0,0.0,0,0.0,0.0,0.0,0.0,0.0,0,1.0,1.0,1.0,1.0,1.0,132,0.9999999999999998,1.0000000000000002,1.0,1.0,1.0,132,1.0,1.0,1.0,1.0,1.0,132,0.9999999999999998,1.0000000000000002,1.0,1.0,1.0,132,552.0,0.0,0.0,420.0,132.0,132.0,0.0,0.0,0.0,0.0,0.0,0.0,1.0,0.0,0.0,55.69404736161232,351.0,351.0,4563.0,9477.0,5.7407407407407405,10.0,62.25925925925926,105.0,7.698005698005698,14.0,0.0,0.0,0.0,40950.0,0.0,0.0,0.0,0.0,0.0,0.0,0.0,0.0,0.0,0.0,0.0,0.0,0.0,0.0,0.0,0.0,528.3519607037306
22,1320000000000,2.0,7.0,2.5042735042735043,2.0,4.0,351,1.0,10.0,5.62962962962963,6.0,9.0,351,0.0,0.0,0.0,0.0,0.0,351,2.0,7.0,2.5042735042735043,2.0,4.0,351,0.0,0.0,0.0,0.0,0.0,0,0.0,0.0,0.0,0.0,0.0,0,1.0,1.0,1.0,1.0,1.0,128,0.9999999999999998,1.0000000000000002,1.0,1.0,1.0,128,1.0,1.0,1.0,1.0,1.0,128,0.9999999999999998,1.0000000000000002,1.0,1.0,1.0,128,552.0,0.0,0.0,424.0,128.0,128.0,0.0,0.0,0.0,0.0,0.0,0.0,1.0,0.0,0.0,55.373694747686386,351.0,351.0,4563.0,9477.0,5.62962962962963,10.0,60.370370370370374,105.0,7.54985754985755,14.0,0.0,0.0,0.0,40600.0,0.0,0.0,0.0,0.0,0.0,0.0,0.0,0.0,0.0,0.0,0.0,0.0,0.0,0.0,0.0,0.0,515.2959302067757
23,1380000000000,2.0,7.0,2.49002849002849,2.0,4.0,351,1.0,10.0,5.444444444444445,5.0,8.0,351,0.0,0.0,0.0,0.0,0.0,351,2.0,7.0,2.49002849002849,2.0,4.0,351,0.0,0.0,0.0,0.0,0.0,0,0.0,0.0,0.0,0.0,0.0,0,1.0,1.0,1.0,1.0,1.0,117,0.9999999999999998,1.0000000000000002,1.0,1.0,1.0,117,1.0,1.0,1.0,1.0,1.0,117,0.9999999999999998,1.0000000000000002,1.0,1.0,1.0,117,552.0,0.0,0.0,435.0,117.0,117.0,0.0,0.0,0.0,0.0,0.0,0.0,1.0,0.0,0.0,59.977758675813675,351.0,351.0,4563.0,9477.0,5.444444444444445,10.0,56.851851851851855,100.0,7.17948717948718,12.0,0.0,0.0,0.0,38150.0,0.0,0.0,0.0,0.0,0.0,0.0,0.0,0.0,0.0,0.0,0.0,0.0,0.0,0.0,0.0,0.0,519.0318115055561
24,1440000000000,2.0,7.0,2.4957264957264957,2.0,4.0,351,1.0,9.0,5.481481481481482,6.0,8.0,351,0.0,0.0,0.0,0.0,0.0,351,2.0,7.0,2.4957264957264957,2.0,4.0,351,0.0,0.0,0.0,0.0,0.0,0,0.0,0.0,0.0,0.0,0.0,0,1.0,1.0,1.0,1.0,1.0,125,0.9999999999999998,1.0,1.0,1.0,1.0,125,1.0,1.0,1.0,1.0,1.0,125,0.9999999999999998,1.0,1.0,1.0,1.0,125,552.0,0.0,0.0,427.0,125.0,125.0,0.0,0.0,0.0,0.0,0.0,0.0,1.0,0.0,0.0,57.386450469493866,351.0,351.0,4563.0,9477.0,5.481481481481482,9.0,58.629629629629626,95.0,7.076923076923077,12.0,0.0,0.0,0.0,37450.0,0.0,0.0,0.0,0.0,0.0,0.0,0.0,0.0,0.0,0.0,0.0,0.0,0.0,0.0,0.0,0.0,589.2715584486723
25,1500000000000,2.0,7.0,2.492877492877493,2.0,4.0,351,2.0,9.0,5.592592592592593,5.0,8.0,351,0.0,0.0,0.0,0.0,0.0,351,2.0,7.0,2.492877492877493,2.0,4.0,351,0.0,0.0,0.0,0.0,0.0,0,0.0,0.0,0.0,0.0,0.0,0,1.0,1.0,1.0,1.0,1.0,125,0.9999999999999998,1.0000000000000002,1.0,1.0,1.0000000000000002,125,1.0,1.0,1.0,1.0,1.0,125,0.9999999999999998,1.0000000000000002,1.0,1.0,1.0000000000000002,125,552.0,0.0,0.0,427.0,125.0,125.0,0.0,0.0,0.0,0.0,0.0,0.0,1.0,0.0,0.0,54.580386728048325,351.0,351.0,4563.0,9477.0,5.592592592592593,9.0,58.666666666666664,95.0,7.4245014245014245,12.0,0.0,0.0,0.0,38850.0,0.0,0.0,0.0,0.0,0.0,0.0,0.0,0.0,0.0,0.0,0.0,0.0,0.0,0.0,0.0,0.0,503.97415086627007
26,1560000000000,2.0,6.0,2.507122507122507,2.0,4.0,351,2.0,10.0,5.666666666666667,5.0,9.0,351,0.0,0.0,0.0,0.0,0.0,351,2.0,6.0,2.507122507122507,2.0,4.0,351,0.0,0.0,0.0,0.0,0.0,0,0.0,0.0,0.0,0.0,0.0,0,1.0,1.0,1.0,1.0,1.0,135,1.0,1.0,1.0,1.0,1.0,135,1.0,1.0,1.0,1.0,1.0,135,1.0,1.0,1.0,1.0,1.0,135,552.0,0.0,0.0,417.0,135.0,135.0,0.0,0.0,0.0,0.0,0.0,0.0,1.0,0.0,0.0,52.237777039408684,351.0,351.0,4563.0,9477.0,5.666666666666667,10.0,60.48148148148148,103.0,7.452991452991453,12.0,0.0,0.0,0.0,40250.0,0.0,0.0,0.0,0.0,0.0,0.0,0.0,0.0,0.0,0.0,0.0,0.0,0.0,0.0,0.0,0.0,497.40235693752766
27,1620000000000,2.0,6.0,2.4957264957264957,2.0,4.0,351,2.0,10.0,5.555555555555555,6.0,9.0,351,0.0,0.0,0.0,0.0,0.0,351,2.0,6.0,2.4957264957264957,2.0,4.0,351,0.0,0.0,0.0,0.0,0.0,0,0.0,0.0,0.0,0.0,0.0,0,1.0,1.0,1.0,1.0,1.0,133,0.9999999999999998,1.0000000000000002,1.0,1.0,1.0000000000000002,133,1.0,1.0,1.0,1.0,1.0,133,0.9999999999999998,1.0000000000000002,1.0,1.0,1.0000000000000002,133,552.0,0.0,0.0,419.0,133.0,133.0,0.0,0.0,0.0,0.0,0.0,0.0,1.0,0.0,0.0,57.91440233588219,351.0,351.0,4563.0,9477.0,5.555555555555555,10.0,59.03703703703704,102.0,7.481481481481482,12.0,0.0,0.0,0.0,39900.0,0.0,0.0,0.0,0.0,0.0,0.0,0.0,0.0,0.0,0.0,0.0,0.0,0.0,0.0,0.0,0.0,513.5698691010475
28,1680000000000,2.0,7.0,2.5014245014245016,2.0,4.0,351,2.0,10.0,5.592592592592593,5.0,9.0,351,0.0,0.0,0.0,0.0,0.0,351,2.0,7.0,2.5014245014245016,2.0,4.0,351,0.0,0.0,0.0,0.0,0.0,0,0.0,0.0,0.0,0.0,0.0,0,1.0,1.0,1.0,1.0,1.0,134,0.9999999999999999,1.0,1.0,1.0,1.0,134,1.0,1.0,1.0,1.0,1.0,134,0.9999999999999999,1.0,1.0,1.0,1.0,134,552.0,0.0,0.0,418.0,134.0,134.0,0.0,0.0,0.0,0.0,0.0,0.0,1.0,0.0,0.0,58.27033706009388,351.0,351.0,4563.0,9477.0,5.592592592592593,10.0,59.666666666666664,103.0,7.447293447293447,14.0,0.0,0.0,0.0,39550.0,0.0,0.0,0.0,0.0,0.0,0.0,0.0,0.0,0.0,0.0,0.0,0.0,0.0,0.0,0.0,0.0,540.2599032968283
29,1740000000000,2.0,8.0,2.4957264957264957,2.0,4.0,351,2.0,10.0,5.592592592592593,5.0,8.0,351,0.0,0.0,0.0,0.0,0.0,351,2.0,8.0,2.4957264957264957,2.0,4.0,351,0.0,0.0,0.0,0.0,0.0,0,0.0,0.0,0.0,0.0,0.0,0,1.0,1.0,1.0,1.0,1.0,127,0.9999999999999998,1.0000000000000002,1.0,1.0,1.0,127,1.0,1.0,1.0,1.0,1.0,127,0.9999999999999998,1.0000000000000002,1.0,1.0,1.0,127,552.0,0.0,0.0,425.0,127.0,127.0,0.0,0.0,0.0,0.0,0.0,0.0,1.0,0.0,0.0,54.34075742959976,351.0,351.0,4563.0,9477.0,5.592592592592593,10.0,59.22222222222222,102.0,7.6923076923076925,14.0,0.0,0.0,0.0,40250.0,0.0,0.0,0.0,0.0,0.0,0.0,0.0,0.0,0.0,0.0,0.0,0.0,0.0,0.0,0.0,0.0,504.5612882822752
30,1800000000000,2.0,7.0,2.492877492877493,2.0,4.0,351,1.0,10.0,5.481481481481482,5.0,8.0,351,0.0,0.0,0.0,0.0,0.0,351,2.0,7.0,2.492877492877493,2.0,4.0,351,0.0,0.0,0.0,0.0,0.0,0,0.0,0.0,0.0,0.0,0.0,0,1.0,1.0,1.0,1.0,1.0,119,0.9999999999999998,1.0000000000000002,1.0,1.0,1.0,119,1.0,1.0,1.0,1.0,1.0,119,0.9999999999999998,1.0000000000000002,1.0,1.0,1.0,119,552.0,0.0,0.0,433.0,119.0,119.0,0.0,0.0,0.0,0.0,0.0,0.0,1.0,0.0,0.0,53.132226690649986,351.0,351.0,4563.0,9477.0,5.481481481481482,10.0,57.74074074074074,101.0,7.219373219373219,14.0,0.0,0.0,0.0,39200.0,0.0,0.0,0.0,0.0,0.0,0.0,0.0,0.0,0.0,0.0,0.0,0.0,0.0,0.0,0.0,0.0,486.2852469086647
31,1860000000000,2.0,7.0,2.4985754985754984,2.0,4.0,351,1.0,9.0,5.555555555555555,6.0,8.0,351,0.0,0.0,0.0,0.0,0.0,351,2.0,7.0,2.4985754985754984,2.0,4.0,351,0.0,0.0,0.0,0.0,0.0,0,0.0,0.0,0.0,0.0,0.0,0,1.0,1.0,1.0,1.0,1.0,127,1.0,1.0000000000000002,1.0,1.0,1.0000000000000002,127,1.0,1.0,1.0,1.0,1.0,127,1.0,1.0000000000000002,1.0,1.0,1.0000000000000002,127,552.0,0.0,0.0,425.0,127.0,127.0,0.0,0.0,0.0,0.0,0.0,0.0,1.0,0.0,0.0,56.01689592003822,351.0,351.0,4563.0,9477.0,5.555555555555555,9.0,58.629629629629626,93.0,7.2592592592592595,12.0,0.0,0.0,0.0,38500.0,0.0,0.0,0.0,0.0,0.0,0.0,0.0,0.0,0.0,0.0,0.0,0.0,0.0,0.0,0.0,0.0,526.5957824885845
32,1920000000000,2.0,7.0,2.4957264957264957,2.0,4.0,351,2.0,8.0,5.555555555555555,6.0,8.0,351,0.0,0.0,0.0,0.0,0.0,351,2.0,7.0,2.4957264957264957,2.0,4.0,351,0.0,0.0,0.0,0.0,0.0,0,0.0,0.0,0.0,0.0,0.0,0,1.0,1.0,1.0,1.0,1.0,123,0.9999999999999999,1.0000000000000002,1.0,1.0,1.0,123,1.0,1.0,1.0,1.0,1.0,123,0.9999999999999999,1.0000000000000002,1.0,1.0,1.0,123,552.0,0.0,0.0,429.0,123.0,123.0,0.0,0.0,0.0,0.0,0.0,0.0,1.0,0.0,0.0,55.875059217214584,351.0,351.0,4563.0,9477.0,5.555555555555555,8.0,58.2962962962963,93.0,7.1737891737891735,12.0,0.0,0.0,0.0,37450.0,0.0,0.0,0.0,0.0,0.0,0.0,0.0,0.0,0.0,0.0,0.0,0.0,0.0,0.0,0.0,0.0,594.2879356443882
33,1980000000000,2.0,7.0,2.49002849002849,2.0,4.0,351,2.0,9.0,5.518518518518518,6.0,8.0,351,0.0,0.0,0.0,0.0,0.0,351,2.0,7.0,2.49002849002849,2.0,4.0,351,0.0,0.0,0.0,0.0,0.0,0,0.0,0.0,0.0,0.0,0.0,0,1.0,1.0,1.0,1.0,1.0,128,0.9999999999999998,1.0000000000000002,1.0,1.0,1.0,128,1.0,1.0,1.0,1.0,1.0,128,0.9999999999999998,1.0000000000000002,1.0,1.0,1.0,128,552.0,0.0,0.0,424.0,128.0,128.0,0.0,0.0,0.0,0.0,0.0,0.0,1.0,0.0,0.0,55.302027612924576,351.0,351.0,4563.0,9477.0,5.518518518518518,9.0,58.111111111111114,94.0,7.304843304843305,12.0,0.0,0.0,0.0,38150.0,0.0,0.0,0.0,0.0,0.0,0.0,0.0,0.0,0.0,0.0,0.0,0.0,0.0,0.0,0.0,0.0,504.02933172881603
34,2040000000000,2.0,7.0,2.5156695156695155,2.0,4.0,351,2.0,9.0,5.703703703703703,6.0,9.0,351,0.0,0.0,0.0,0.0,0.0,351,2.0,7.0,2.5156695156695155,2.0,4.0,351,0.0,0.0,0.0,0.0,0.0,0,0.0,0.0,0.0,0.0,0.0,0,1.0,1.0,1.0,1.0,1.0,136,0.9999999999999998,1.0000000000000002,1.0,1.0,1.0000000000000002,136,1.0,1.0,1.0,1.0,1.0,136,0.9999999999999998,1.0000000000000002,1.0,1.0,1.0000000000000002,136,552.0,0.0,0.0,416.0,136.0,136.0,0.0,0.0,0.0,0.0,0.0,0.0,1.0,0.0,0.0,54.060325026512146,351.0,351.0,4563.0,9477.0,5.703703703703703,9.0,61.7037037037037,100.0,7.589743589743589,12.0,0.0,0.0,0.0,41300.0,0.0,0.0,0.0,0.0,0.0,0.0,0.0,0.0,0.0,0.0,0.0,0.0,0.0,0.0,0.0,0.0,516.5633782744408
35,2100000000000,2.0,6.0,2.5014245014245016,2.0,4.0,351,2.0,10.0,5.62962962962963,6.0,8.0,351,0.0,0.0,0.0,0.0,0.0,351,2.0,6.0,2.5014245014245016,2.0,4.0,351,0.0,0.0,0.0,0.0,0.0,0,0.0,0.0,0.0,0.0,0.0,0,1.0,1.0,1.0,1.0,1.0,127,0.9999999999999999,1.0,1.0,1.0,1.0,127,1.0,1.0,1.0,1.0,1.0,127,0.9999999999999999,1.0,1.0,1.0,1.0,127,552.0,0.0,0.0,425.0,127.0,127.0,0.0,0.0,0.0,0.0,0.0,0.0,1.0,0.0,0.0,57.955456897616386,351.0,351.0,4563.0,9477.0,5.62962962962963,10.0,60.03703703703704,100.0,7.663817663817664,10.0,0.0,0.0,0.0,40950.0,0.0,0.0,0.0,0.0,0.0,0.0,0.0,0.0,0.0,0.0,0.0,0.0,0.0,0.0,0.0,0.0,558.5738122463226
36,2160000000000,2.0,7.0,2.5014245014245016,2.0,4.0,351,2.0,10.0,5.592592592592593,6.0,8.0,351,0.0,0.0,0.0,0.0,0.0,351,2.0,7.0,2.5014245014245016,2.0,4.0,351,0.0,0.0,0.0,0.0,0.0,0,0.0,0.0,0.0,0.0,0.0,0,1.0,1.0,1.0,1.0,1.0,128,0.9999999999999998,1.0000000000000002,1.0,1.0,1.0,128,1.0,1.0,1.0,1.0,1.0,128,0.9999999999999998,1.0000000000000002,1.0,1.0,1.0,128,552.0,0.0,0.0,424.0,128.0,128.0,0.0,0.0,0.0,0.0,0.0,0.0,1.0,0.0,0.0,58.288464322686195,351.0,351.0,4563.0,9477.0,5.592592592592593,10.0,59.44444444444444,104.0,7.481481481481482,12.0,0.0,0.0,0.0,39550.0,0.0,0.0,0.0,0.0,0.0,0.0,0.0,0.0,0.0,0.0,0.0,0.0,0.0,0.0,0.0,0.0,547.2372435033321
37,2220000000000,2.0,7.0,2.4871794871794872,2.0,4.0,351,2.0,10.0,5.481481481481482,5.0,8.0,351,0.0,0.0,0.0,0.0,0.0,351,2.0,7.0,2.4871794871794872,2.0,4.0,351,0.0,0.0,0.0,0.0,0.0,0,0.0,0.0,0.0,0.0,0.0,0,1.0,1.0,1.0,1.0,1.0,118,0.9999999999999998,1.0000000000000002,1.0,1.0,1.0,118,1.0,1.0,1.0,1.0,1.0,118,0.9999999999999998,1.0000000000000002,1.0,1.0,1.0,118,552.0,0.0,0.0,434.0,118.0,118.0,0.0,0.0,0.0,0.0,0.0,0.0,1.0,0.0,0.0,54.48725260794163,351.0,351.0,4563.0,9477.0,5.481481481481482,10.0,57.0,100.0,7.464387464387465,12.0,0.0,0.0,0.0,38500.0,0.0,0.0,0.0,0.0,0.0,0.0,0.0,0.0,0.0,0.0,0.0,0.0,0.0,0.0,0.0,0.0,502.6359651237726
38,2280000000000,2.0,7.0,2.49002849002849,2.0,4.0,351,1.0,9.0,5.518518518518518,6.0,9.0,351,0.0,0.0,0.0,0.0,0.0,351,2.0,7.0,2.49002849002849,2.0,4.0,351,0.0,0.0,0.0,0.0,0.0,0,0.0,0.0,0.0,0.0,0.0,0,1.0,1.0,1.0,1.0,1.0,121,1.0,1.0000000000000002,1.0,1.0,1.0000000000000002,121,1.0,1.0,1.0,1.0,1.0,121,1.0,1.0000000000000002,1.0,1.0,1.0000000000000002,121,552.0,0.0,0.0,431.0,121.0,121.0,0.0,0.0,0.0,0.0,0.0,0.0,1.0,0.0,0.0,56.27450346946716,351.0,351.0,4563.0,9477.0,5.518518518518518,9.0,57.333333333333336,89.0,7.287749287749287,14.0,0.0,0.0,0.0,39200.0,0.0,0.0,0.0,0.0,0.0,0.0,0.0,0.0,0.0,0.0,0.0,0.0,0.0,0.0,0.0,0.0,511.4177465438843
39,2340000000000,2.0,7.0,2.49002849002849,2.0,4.0,351,1.0,9.0,5.481481481481482,5.0,8.0,351,0.0,0.0,0.0,0.0,0.0,351,2.0,7.0,2.49002849002849,2.0,4.0,351,0.0,0.0,0.0,0.0,0.0,0,0.0,0.0,0.0,0.0,0.0,0,1.0,1.0,1.0,1.0,1.0,134,0.9999999999999998,1.0,1.0,1.0,1.0,134,1.0,1.0,1.0,1.0,1.0,134,0.9999999999999998,1.0,1.0,1.0,1.0,134,552.0,0.0,0.0,418.0,134.0,134.0,0.0,0.0,0.0,0.0,0.0,0.0,1.0,0.0,0.0,56.91601149737835,351.0,351.0,4563.0,9477.0,5.481481481481482,9.0,56.888888888888886,89.0,7.088319088319088,12.0,0.0,0.0,0.0,38150.0,0.0,0.0,0.0,0.0,0.0,0.0,0.0,0.0,0.0,0.0,0.0,0.0,0.0,0.0,0.0,0.0,540.8016573637724
40,2400000000000,2.0,7.0,2.4871794871794872,2.0,4.0,351,2.0,9.0,5.481481481481482,5.0,8.0,351,0.0,0.0,0.0,0.0,0.0,351,2.0,7.0,2.4871794871794872,2.0,4.0,351,0.0,0.0,0.0,0.0,0.0,0,0.0,0.0,0.0,0.0,0.0,0,1.0,1.0,1.0,1.0,1.0,124,0.9999999999999998,1.0000000000000002,1.0,1.0,1.0,124,1.0,1.0,1.0,1.0,1.0,124,0.9999999999999998,1.0000000000000002,1.0,1.0,1.0,124,552.0,0.0,0.0,428.0,124.0,124.0,0.0,0.0,0.0,0.0,0.0,0.0,1.0,0.0,0.0,57.60005861520767,351.0,351.0,4563.0,9477.0,5.481481481481482,9.0,56.81481481481482,92.0,7.356125356125356,14.0,0.0,0.0,0.0,38150.0,0.0,0.0,0.0,0.0,0.0,0.0,0.0,0.0,0.0,0.0,0.0,0.0,0.0,0.0,0.0,0.0,595.9988869726658
41,2460000000000,2.0,7.0,2.4957264957264957,2.0,4.0,351,2.0,9.0,5.555555555555555,6.0,8.0,351,0.0,0.0,0.0,0.0,0.0,351,2.0,7.0,2.4957264957264957,2.0,4.0,351,0.0,0.0,0.0,0.0,0.0,0,0.0,0.0,0.0,0.0,0.0,0,1.0,1.0,1.0,1.0,1.0,123,0.9999999999999999,1.0000000000000002,1.0,1.0,1.0,123,1.0,1.0,1.0,1.0,1.0,123,0.9999999999999999,1.0000000000000002,1.0,1.0,1.0,123,552.0,0.0,0.0,429.0,123.0,123.0,0.0,0.0,0.0,0.0,0.0,0.0,1.0,0.0,0.0,55.48563599586487,351.0,351.0,4563.0,9477.0,5.555555555555555,9.0,58.48148148148148,93.0,7.367521367521367,12.0,0.0,0.0,0.0,37800.0,0.0,0.0,0.0,0.0,0.0,0.0,0.0,0.0,0.0,0.0,0.0,0.0,0.0,0.0,0.0,0.0,495.3618999570608
42,2520000000000,2.0,6.0,2.4871794871794872,2.0,4.0,351,2.0,8.0,5.444444444444445,6.0,8.0,351,0.0,0.0,0.0,0.0,0.0,351,2.0,6.0,2.4871794871794872,2.0,4.0,351,0.0,0.0,0.0,0.0,0.0,0,0.0,0.0,0.0,0.0,0.0,0,1.0,1.0,1.0,1.0,1.0,116,0.9999999999999998,1.0,1.0,1.0,1.0,116,1.0,1.0,1.0,1.0,1.0,116,0.9999999999999998,1.0,1.0,1.0,1.0,116,552.0,0.0,0.0,436.0,116.0,116.0,0.0,0.0,0.0,0.0,0.0,0.0,1.0,0.0,0.0,54.144278168678284,351.0,351.0,4563.0,9477.0,5.444444444444445,8.0,56.666666666666664,83.0,7.584045584045584,12.0,0.0,0.0,0.0,40950.0,0.0,0.0,0.0,0.0,0.0,0.0,0.0,0.0,0.0,0.0,0.0,0.0,0.0,0.0,0.0,0.0,500.89759938418865
43,2580000000000,2.0,7.0,2.4957264957264957,2.0,4.0,351,2.0,9.0,5.62962962962963,6.0,8.0,351,0.0,0.0,0.0,0.0,0.0,351,2.0,7.0,2.4957264957264957,2.0,4.0,351,0.0,0.0,0.0,0.0,0.0,0,0.0,0.0,0.0,0.0,0.0,0,1.0,1.0,1.0,1.0,1.0,120,0.9999999999999998,1.0000000000000002,1.0,1.0,1.0000000000000002,120,1.0,1.0,1.0,1.0,1.0,120,0.9999999999999998,1.0000000000000002,1.0,1.0,1.0000000000000002,120,552.0,0.0,0.0,432.0,120.0,120.0,0.0,0.0,0.0,0.0,0.0,0.0,1.0,0.0,0.0,57.55527317523956,351.0,351.0,4563.0,9477.0,5.62962962962963,9.0,59.03703703703704,92.0,7.595441595441596,12.0,0.0,0.0,0.0,40250.0,0.0,0.0,0.0,0.0,0.0,0.0,0.0,0.0,0.0,0.0,0.0,0.0,0.0,0.0,0.0,0.0,546.1647920310497
44,2640000000000,2.0,7.0,2.4957264957264957,2.0,4.0,351,2.0,9.0,5.592592592592593,6.0,8.0,351,0.0,0.0,0.0,0.0,0.0,351,2.0,7.0,2.4957264957264957,2.0,4.0,351,0.0,0.0,0.0,0.0,0.0,0,0.0,0.0,0.0,0.0,0.0,0,1.0,1.0,1.0,1.0,1.0,124,0.9999999999999998,1.0000000000000002,1.0,1.0,1.0000000000000002,124,1.0,1.0,1.0,1.0,1.0,124,0.9999999999999998,1.0000000000000002,1.0,1.0,1.0000000000000002,124,552.0,0.0,0.0,428.0,124.0,124.0,0.0,0.0,0.0,0.0,0.0,0.0,1.0,0.0,0.0,60.17550453543663,351.0,351.0,4563.0,9477.0,5.592592592592593,9.0,59.18518518518518,93.0,7.487179487179487,12.0,0.0,0.0,0.0,39200.0,0.0,0.0,0.0,0.0,0.0,0.0,0.0,0.0,0.0,0.0,0.0,0.0,0.0,0.0,0.0,0.0,510.7685439288616
45,2700000000000,2.0,7.0,2.5042735042735043,2.0,4.0,351,1.0,9.0,5.62962962962963,6.0,8.0,351,0.0,0.0,0.0,0.0,0.0,351,2.0,7.0,2.5042735042735043,2.0,4.0,351,0.0,0.0,0.0,0.0,0.0,0,0.0,0.0,0.0,0.0,0.0,0,1.0,1.0,1.0,1.0,1.0,124,0.9999999999999999,1.0000000000000002,1.0,1.0,1.0,124,1.0,1.0,1.0,1.0,1.0,124,0.9999999999999999,1.0000000000000002,1.0,1.0,1.0,124,552.0,0.0,0.0,428.0,124.0,124.0,0.0,0.0,0.0,0.0,0.0,0.0,1.0,0.0,0.0,54.46923337876797,351.0,351.0,4563.0,9477.0,5.62962962962963,9.0,59.925925925925924,93.0,7.515669515669516,12.0,0.0,0.0,0.0,38850.0,0.0,0.0,0.0,0.0,0.0,0.0,0.0,0.0,0.0,0.0,0.0,0.0,0.0,0.0,0.0,0.0,501.154450699687
46,2760000000000,2.0,7.0,2.4985754985754984,2.0,4.0,351,2.0,9.0,5.518518518518518,5.0,8.0,351,0.0,0.0,0.0,0.0,0.0,351,2.0,7.0,2.4985754985754984,2.0,4.0,351,0.0,0.0,0.0,0.0,0.0,0,0.0,0.0,0.0,0.0,0.0,0,1.0,1.0,1.0,1.0,1.0,120,0.9999999999999999,1.0000000000000002,1.0,1.0,1.0,120,1.0,1.0,1.0,1.0,1.0,120,0.9999999999999999,1.0000000000000002,1.0,1.0,1.0,120,552.0,0.0,0.0,432.0,120.0,120.0,0.0,0.0,0.0,0.0,0.0,0.0,1.0,0.0,0.0,53.56135964393616,351.0,351.0,4563.0,9477.0,5.518518518518518,9.0,57.888888888888886,91.0,7.435897435897436,12.0,0.0,0.0,0.0,39900.0,0.0,0.0,0.0,0.0,0.0,0.0,0.0,0.0,0.0,0.0,0.0,0.0,0.0,0.0,0.0,0.0,493.5971964150667
47,2820000000000,2.0,7.0,2.5014245014245016,2.0,4.0,351,2.0,9.0,5.666666666666667,6.0,8.0,351,0.0,0.0,0.0,0.0,0.0,351,2.0,7.0,2.5014245014245016,2.0,4.0,351,0.0,0.0,0.0,0.0,0.0,0,0.0,0.0,0.0,0.0,0.0,0,1.0,1.0,1.0,1.0,1.0,129,1.0,1.0000000000000002,1.0,1.0,1.0,129,1.0,1.0,1.0,1.0,1.0,129,1.0,1.0000000000000002,1.0,1.0,1.0,129,552.0,0.0,0.0,423.0,129.0,129.0,0.0,0.0,0.0,0.0,0.0,0.0,1.0,0.0,0.0,59.25268866121769,351.0,351.0,4563.0,9477.0,5.666666666666667,9.0,59.74074074074074,90.0,7.487179487179487,12.0,0.0,0.0,0.0,39900.0,0.0,0.0,0.0,0.0,0.0,0.0,0.0,0.0,0.0,0.0,0.0,0.0,0.0,0.0,0.0,0.0,623.4907805919647
48,2880000000000,2.0,7.0,2.492877492877493,2.0,4.0,351,2.0,9.0,5.555555555555555,5.0,8.0,351,0.0,0.0,0.0,0.0,0.0,351,2.0,7.0,2.492877492877493,2.0,4.0,351,0.0,0.0,0.0,0.0,0.0,0,0.0,0.0,0.0,0.0,0.0,0,1.0,1.0,1.0,1.0,1.0,129,1.0,1.0000000000000002,1.0,1.0,1.0,129,1.0,1.0,1.0,1.0,1.0,129,1.0,1.0000000000000002,1.0,1.0,1.0,129,552.0,0.0,0.0,423.0,129.0,129.0,0.0,0.0,0.0,0.0,0.0,0.0,1.0,0.0,0.0,60.09939685463905,351.0,351.0,4563.0,9477.0,5.555555555555555,9.0,58.96296296296296,94.0,7.356125356125356,14.0,0.0,0.0,0.0,38150.0,0.0,0.0,0.0,0.0,0.0,0.0,0.0,0.0,0.0,0.0,0.0,0.0,0.0,0.0,0.0,0.0,496.5113718062639
49,2940000000000,2.0,7.0,2.5014245014245016,2.0,4.0,351,2.0,9.0,5.592592592592593,6.0,8.0,351,0.0,0.0,0.0,0.0,0.0,351,2.0,7.0,2.5014245014245016,2.0,4.0,351,0.0,0.0,0.0,0.0,0.0,0,0.0,0.0,0.0,0.0,0.0,0,1.0,1.0,1.0,1.0,1.0,119,0.9999999999999998,1.0000000000000002,1.0,1.0,1.0,119,1.0,1.0,1.0,1.0,1.0,119,0.9999999999999998,1.0000000000000002,1.0,1.0,1.0,119,552.0,0.0,0.0,433.0,119.0,119.0,0.0,0.0,0.0,0.0,0.0,0.0,1.0,0.0,0.0,54.59653027355671,351.0,351.0,4563.0,9477.0,5.592592592592593,9.0,59.666666666666664,97.0,7.561253561253562,10.0,0.0,0.0,0.0,38850.0,0.0,0.0,0.0,0.0,0.0,0.0,0.0,0.0,0.0,0.0,0.0,0.0,0.0,0.0,0.0,0.0,496.4695330709219
50,3000000000000,2.0,7.0,2.507122507122507,2.0,4.0,351,1.0,9.0,5.592592592592593,6.0,9.0,351,0.0,0.0,0.0,0.0,0.0,351,2.0,7.0,2.507122507122507,2.0,4.0,351,0.0,0.0,0.0,0.0,0.0,0,0.0,0.0,0.0,0.0,0.0,0,1.0,1.0,1.0,1.0,1.0,115,0.9999999999999998,1.0000000000000002,1.0,1.0,1.0,115,1.0,1.0,1.0,1.0,1.0,115,0.9999999999999998,1.0000000000000002,1.0,1.0,1.0,115,552.0,0.0,0.0,437.0,115.0,115.0,0.0,0.0,0.0,0.0,0.0,0.0,1.0,0.0,0.0,55.138347670435905,351.0,351.0,4563.0,9477.0,5.592592592592593,9.0,59.592592592592595,98.0,7.407407407407407,12.0,0.0,0.0,0.0,40600.0,0.0,0.0,0.0,0.0,0.0,0.0,0.0,0.0,0.0,0.0,0.0,0.0,0.0,0.0,0.0,0.0,513.4255029261112
51,3060000000000,2.0,7.0,2.49002849002849,2.0,4.0,351,1.0,9.0,5.555555555555555,6.0,8.0,351,0.0,0.0,0.0,0.0,0.0,351,2.0,7.0,2.49002849002849,2.0,4.0,351,0.0,0.0,0.0,0.0,0.0,0,0.0,0.0,0.0,0.0,0.0,0,1.0,1.0,1.0,1.0,1.0,112,0.9999999999999998,1.0000000000000002,1.0,1.0,1.0000000000000002,112,1.0,1.0,1.0,1.0,1.0,112,0.9999999999999998,1.0000000000000002,1.0,1.0,1.0000000000000002,112,552.0,0.0,0.0,440.0,112.0,112.0,0.0,0.0,0.0,0.0,0.0,0.0,1.0,0.0,0.0,59.21623855829239,351.0,351.0,4563.0,9477.0,5.555555555555555,9.0,57.51851851851852,95.0,7.749287749287749,12.0,0.0,0.0,0.0,40600.0,0.0,0.0,0.0,0.0,0.0,0.0,0.0,0.0,0.0,0.0,0.0,0.0,0.0,0.0,0.0,0.0,553.7292771041393
52,3120000000000,2.0,7.0,2.50997150997151,2.0,4.0,351,1.0,9.0,5.703703703703703,6.0,8.0,351,0.0,0.0,0.0,0.0,0.0,351,2.0,7.0,2.50997150997151,2.0,4.0,351,0.0,0.0,0.0,0.0,0.0,0,0.0,0.0,0.0,0.0,0.0,0,1.0,1.0,1.0,1.0,1.0,118,0.9999999999999999,1.0000000000000002,1.0,1.0,1.0,118,1.0,1.0,1.0,1.0,1.0,118,0.9999999999999999,1.0000000000000002,1.0,1.0,1.0,118,552.0,0.0,0.0,434.0,118.0,118.0,0.0,0.0,0.0,0.0,0.0,0.0,1.0,0.0,0.0,60.34710630774498,351.0,351.0,4563.0,9477.0,5.703703703703703,9.0,61.148148148148145,97.0,7.635327635327635,12.0,0.0,0.0,0.0,40950.0,0.0,0.0,0.0,0.0,0.0,0.0,0.0,0.0,0.0,0.0,0.0,0.0,0.0,0.0,0.0,0.0,530.1854852586985
53,3180000000000,2.0,7.0,2.4985754985754984,2.0,4.0,351,1.0,10.0,5.62962962962963,5.0,8.0,351,0.0,0.0,0.0,0.0,0.0,351,2.0,7.0,2.4985754985754984,2.0,4.0,351,0.0,0.0,0.0,0.0,0.0,0,0.0,0.0,0.0,0.0,0.0,0,1.0,1.0,1.0,1.0,1.0,128,0.9999999999999998,1.0000000000000002,1.0,1.0,1.0,128,1.0,1.0,1.0,1.0,1.0,128,0.9999999999999998,1.0000000000000002,1.0,1.0,1.0,128,552.0,0.0,0.0,424.0,128.0,128.0,0.0,0.0,0.0,0.0,0.0,0.0,1.0,0.0,0.0,54.16310764849186,351.0,351.0,4563.0,9477.0,5.62962962962963,10.0,59.592592592592595,105.0,7.54985754985755,14.0,0.0,0.0,0.0,38850.0,0.0,0.0,0.0,0.0,0.0,0.0,0.0,0.0,0.0,0.0,0.0,0.0,0.0,0.0,0.0,0.0,501.7582084983587
54,3240000000000,2.0,7.0,2.507122507122507,2.0,4.0,351,1.0,10.0,5.703703703703703,6.0,8.0,351,0.0,0.0,0.0,0.0,0.0,351,2.0,7.0,2.507122507122507,2.0,4.0,351,0.0,0.0,0.0,0.0,0.0,0,0.0,0.0,0.0,0.0,0.0,0,1.0,1.0,1.0,1.0,1.0,139,0.9999999999999997,1.0000000000000002,1.0,1.0,1.0,139,1.0,1.0,1.0,1.0,1.0,139,0.9999999999999997,1.0000000000000002,1.0,1.0,1.0,139,552.0,0.0,0.0,413.0,139.0,139.0,0.0,0.0,0.0,0.0,0.0,0.0,1.0,0.0,0.0,54.324040189385414,351.0,351.0,4563.0,9477.0,5.703703703703703,10.0,60.592592592592595,102.0,7.544159544159545,12.0,0.0,0.0,0.0,39900.0,0.0,0.0,0.0,0.0,0.0,0.0,0.0,0.0,0.0,0.0,0.0,0.0,0.0,0.0,0.0,0.0,509.5701850950718
55,3300000000000,2.0,6.0,2.5014245014245016,2.0,4.0,351,1.0,10.0,5.555555555555555,5.0,8.0,351,0.0,0.0,0.0,0.0,0.0,351,2.0,6.0,2.5014245014245016,2.0,4.0,351,0.0,0.0,0.0,0.0,0.0,0,0.0,0.0,0.0,0.0,0.0,0,1.0,1.0,1.0,1.0,1.0,125,0.9999999999999998,1.0000000000000002,1.0,1.0,1.0,125,1.0,1.0,1.0,1.0,1.0,125,0.9999999999999998,1.0000000000000002,1.0,1.0,1.0,125,552.0,0.0,0.0,427.0,125.0,125.0,0.0,0.0,0.0,0.0,0.0,0.0,1.0,0.0,0.0,58.55749733746052,351.0,351.0,4563.0,9477.0,5.555555555555555,10.0,58.333333333333336,102.0,7.595441595441596,12.0,0.0,0.0,0.0,41650.0,0.0,0.0,0.0,0.0,0.0,0.0,0.0,0.0,0.0,0.0,0.0,0.0,0.0,0.0,0.0,0.0,630.4071415215731
56,3360000000000,2.0,7.0,2.4957264957264957,2.0,4.0,351,1.0,9.0,5.592592592592593,6.0,8.0,351,0.0,0.0,0.0,0.0,0.0,351,2.0,7.0,2.4957264957264957,2.0,4.0,351,0.0,0.0,0.0,0.0,0.0,0,0.0,0.0,0.0,0.0,0.0,0,1.0,1.0,1.0,1.0,1.0,127,0.9999999999999999,1.0,1.0,1.0,1.0,127,1.0,1.0,1.0,1.0,1.0,127,0.9999999999999999,1.0,1.0,1.0,1.0,127,552.0,0.0,0.0,425.0,127.0,127.0,0.0,0.0,0.0,0.0,0.0,0.0,1.0,0.0,0.0,58.000851422548294,351.0,351.0,4563.0,9477.0,5.592592592592593,9.0,58.81481481481482,92.0,7.521367521367521,14.0,0.0,0.0,0.0,39550.0,0.0,0.0,0.0,0.0,0.0,0.0,0.0,0.0,0.0,0.0,0.0,0.0,0.0,0.0,0.0,0.0,506.5342001616955
57,3420000000000,2.0,7.0,2.4814814814814814,2.0,4.0,351,1.0,9.0,5.444444444444445,5.0,9.0,351,0.0,0.0,0.0,0.0,0.0,351,2.0,7.0,2.4814814814814814,2.0,4.0,351,0.0,0.0,0.0,0.0,0.0,0,0.0,0.0,0.0,0.0,0.0,0,1.0,1.0,1.0,1.0,1.0,118,0.9999999999999999,1.0000000000000002,1.0,1.0,1.0000000000000002,118,1.0,1.0,1.0,1.0,1.0,118,0.9999999999999999,1.0000000000000002,1.0,1.0,1.0000000000000002,118,552.0,0.0,0.0,434.0,118.0,118.0,0.0,0.0,0.0,0.0,0.0,0.0,1.0,0.0,0.0,54.24653925001621,351.0,351.0,4563.0,9477.0,5.444444444444445,9.0,56.592592592592595,99.0,7.247863247863248,12.0,0.0,0.0,0.0,37800.0,0.0,0.0,0.0,0.0,0.0,0.0,0.0,0.0,0.0,0.0,0.0,0.0,0.0,0.0,0.0,0.0,486.3574653863907
58,3480000000000,2.0,7.0,2.49002849002849,2.0,4.0,351,1.0,9.0,5.407407407407407,6.0,8.0,351,0.0,0.0,0.0,0.0,0.0,351,2.0,7.0,2.49002849002849,2.0,4.0,351,0.0,0.0,0.0,0.0,0.0,0,0.0,0.0,0.0,0.0,0.0,0,1.0,1.0,1.0,1.0,1.0,117,0.9999999999999998,1.0000000000000002,1.0,1.0,1.0,117,1.0,1.0,1.0,1.0,1.0,117,0.9999999999999998,1.0000000000000002,1.0,1.0,1.0,117,552.0,0.0,0.0,435.0,117.0,117.0,0.0,0.0,0.0,0.0,0.0,0.0,1.0,0.0,0.0,54.28839102387428,351.0,351.0,4563.0,9477.0,5.407407407407407,9.0,56.44444444444444,95.0,7.185185185185185,12.0,0.0,0.0,0.0,39200.0,0.0,0.0,0.0,0.0,0.0,0.0,0.0,0.0,0.0,0.0,0.0,0.0,0.0,0.0,0.0,0.0,497.3820112645626
59,3540000000000,2.0,6.0,2.492877492877493,2.0,4.0,351,1.0,10.0,5.518518518518518,6.0,8.0,351,0.0,0.0,0.0,0.0,0.0,351,2.0,6.0,2.492877492877493,2.0,4.0,351,0.0,0.0,0.0,0.0,0.0,0,0.0,0.0,0.0,0.0,0.0,0,1.0,1.0,1.0,1.0,1.0,112,0.9999999999999998,1.0000000000000002,1.0,1.0,1.0,112,1.0,1.0,1.0,1.0,1.0,112,0.9999999999999998,1.0000000000000002,1.0,1.0,1.0,112,552.0,0.0,0.0,440.0,112.0,112.0,0.0,0.0,0.0,0.0,0.0,0.0,1.0,0.0,0.0,56.78287893533707,351.0,351.0,4563.0,9477.0,5.518518518518518,10.0,57.22222222222222,103.0,7.595441595441596,14.0,0.0,0.0,0.0,39900.0,0.0,0.0,0.0,0.0,0.0,0.0,0.0,0.0,0.0,0.0,0.0,0.0,0.0,0.0,0.0,0.0,532.3089808225632
60,3600000000000,2.0,8.0,2.4871794871794872,2.0,4.0,351,1.0,10.0,5.444444444444445,6.0,8.0,351,0.0,0.0,0.0,0.0,0.0,351,2.0,8.0,2.4871794871794872,2.0,4.0,351,0.0,0.0,0.0,0.0,0.0,0,0.0,0.0,0.0,0.0,0.0,0,1.0,1.0,1.0,1.0,1.0,109,0.9999999999999998,1.0000000000000002,1.0,1.0,1.0,109,1.0,1.0,1.0,1.0,1.0,109,0.9999999999999998,1.0000000000000002,1.0,1.0,1.0,109,552.0,0.0,0.0,443.0,109.0,109.0,0.0,0.0,0.0,0.0,0.0,0.0,1.0,0.0,0.0,55.751170963048935,351.0,351.0,4563.0,9477.0,5.444444444444445,10.0,56.7037037037037,100.0,7.247863247863248,12.0,0.0,0.0,0.0,38500.0,0.0,0.0,0.0,0.0,0.0,0.0,0.0,0.0,0.0,0.0,0.0,0.0,0.0,0.0,0.0,0.0,493.24051663279533
61,3660000000000,2.0,7.0,2.4957264957264957,2.0,4.0,351,1.0,10.0,5.592592592592593,6.0,8.0,351,0.0,0.0,0.0,0.0,0.0,351,2.0,7.0,2.4957264957264957,2.0,4.0,351,0.0,0.0,0.0,0.0,0.0,0,0.0,0.0,0.0,0.0,0.0,0,1.0,1.0,1.0,1.0,1.0,124,0.9999999999999998,1.0000000000000002,1.0,1.0,1.0,124,1.0,1.0,1.0,1.0,1.0,124,0.9999999999999998,1.0000000000000002,1.0,1.0,1.0,124,552.0,0.0,0.0,428.0,124.0,124.0,0.0,0.0,0.0,0.0,0.0,0.0,1.0,0.0,0.0,54.465871304273605,351.0,351.0,4563.0,9477.0,5.592592592592593,10.0,58.925925925925924,102.0,7.367521367521367,14.0,0.0,0.0,0.0,38500.0,0.0,0.0,0.0,0.0,0.0,0.0,0.0,0.0,0.0,0.0,0.0,0.0,0.0,0.0,0.0,0.0,491.82045832276344
62,3720000000000,2.0,7.0,2.4957264957264957,2.0,4.0,351,1.0,10.0,5.592592592592593,6.0,7.0,351,0.0,0.0,0.0,0.0,0.0,351,2.0,7.0,2.4957264957264957,2.0,4.0,351,0.0,0.0,0.0,0.0,0.0,0,0.0,0.0,0.0,0.0,0.0,0,1.0,1.0,1.0,1.0,1.0,142,0.9999999999999998,1.0000000000000002,1.0,1.0,1.0,142,1.0,1.0,1.0,1.0,1.0,142,0.9999999999999998,1.0000000000000002,1.0,1.0,1.0,142,552.0,0.0,0.0,410.0,142.0,142.0,0.0,0.0,0.0,0.0,0.0,0.0,1.0,0.0,0.0,53.12244035303593,351.0,351.0,4563.0,9477.0,5.592592592592593,10.0,59.074074074074076,99.0,7.35042735042735,12.0,0.0,0.0,0.0,38850.0,0.0,0.0,0.0,0.0,0.0,0.0,0.0,0.0,0.0,0.0,0.0,0.0,0.0,0.0,0.0,0.0,495.7820065319538
63,3780000000000,2.0,6.0,2.4985754985754984,2.0,4.0,351,1.0,10.0,5.592592592592593,6.0,8.0,351,0.0,0.0,0.0,0.0,0.0,351,2.0,6.0,2.4985754985754984,2.0,4.0,351,0.0,0.0,0.0,0.0,0.0,0,0.0,0.0,0.0,0.0,0.0,0,1.0,1.0,1.0,1.0,1.0,127,1.0,1.0000000000000002,1.0,1.0,1.0,127,1.0,1.0,1.0,1.0,1.0,127,1.0,1.0000000000000002,1.0,1.0,1.0,127,552.0,0.0,0.0,425.0,127.0,127.0,0.0,0.0,0.0,0.0,0.0,0.0,1.0,0.0,0.0,57.31997266411781,351.0,351.0,4563.0,9477.0,5.592592592592593,10.0,58.851851851851855,101.0,7.447293447293447,12.0,0.0,0.0,0.0,40600.0,0.0,0.0,0.0,0.0,0.0,0.0,0.0,0.0,0.0,0.0,0.0,0.0,0.0,0.0,0.0,0.0,641.9162154197693
64,3840000000000,2.0,6.0,2.4871794871794872,2.0,4.0,351,1.0,10.0,5.481481481481482,5.0,8.0,351,0.0,0.0,0.0,0.0,0.0,351,2.0,6.0,2.4871794871794872,2.0,4.0,351,0.0,0.0,0.0,0.0,0.0,0,0.0,0.0,0.0,0.0,0.0,0,1.0,1.0,1.0,1.0,1.0,126,0.9999999999999998,1.0000000000000002,1.0,1.0,1.0,126,1.0,1.0,1.0,1.0,1.0,126,0.9999999999999998,1.0000000000000002,1.0,1.0,1.0,126,552.0,0.0,0.0,426.0,126.0,126.0,0.0,0.0,0.0,0.0,0.0,0.0,1.0,0.0,0.0,53.4327756613493,351.0,351.0,4563.0,9477.0,5.481481481481482,10.0,57.51851851851852,100.0,7.515669515669516,14.0,0.0,0.0,0.0,39550.0,0.0,0.0,0.0,0.0,0.0,0.0,0.0,0.0,0.0,0.0,0.0,0.0,0.0,0.0,0.0,0.0,490.0930430740118
65,3900000000000,2.0,6.0,2.4615384615384617,2.0,4.0,351,1.0,9.0,5.333333333333333,6.0,8.0,351,0.0,0.0,0.0,0.0,0.0,351,2.0,6.0,2.4615384615384617,2.0,4.0,351,0.0,0.0,0.0,0.0,0.0,0,0.0,0.0,0.0,0.0,0.0,0,1.0,1.0,1.0,1.0,1.0,118,0.9999999999999999,1.0000000000000002,1.0,1.0,1.0000000000000002,118,1.0,1.0,1.0,1.0,1.0,118,0.9999999999999999,1.0000000000000002,1.0,1.0,1.0000000000000002,118,552.0,0.0,0.0,434.0,118.0,118.0,0.0,0.0,0.0,0.0,0.0,0.0,1.0,0.0,0.0,54.001765325665474,351.0,351.0,4563.0,9477.0,5.333333333333333,9.0,53.51851851851852,88.0,7.43019943019943,12.0,0.0,0.0,0.0,37800.0,0.0,0.0,0.0,0.0,0.0,0.0,0.0,0.0,0.0,0.0,0.0,0.0,0.0,0.0,0.0,0.0,475.2919655293226
66,3960000000000,2.0,7.0,2.49002849002849,2.0,4.0,351,1.0,10.0,5.444444444444445,5.0,8.0,351,0.0,0.0,0.0,0.0,0.0,351,2.0,7.0,2.49002849002849,2.0,4.0,351,0.0,0.0,0.0,0.0,0.0,0,0.0,0.0,0.0,0.0,0.0,0,1.0,1.0,1.0,1.0,1.0,123,0.9999999999999998,1.0,1.0,1.0,1.0,123,1.0,1.0,1.0,1.0,1.0,123,0.9999999999999998,1.0,1.0,1.0,1.0,123,552.0,0.0,0.0,429.0,123.0,123.0,0.0,0.0,0.0,0.0,0.0,0.0,1.0,0.0,0.0,55.60101941227913,351.0,351.0,4563.0,9477.0,5.444444444444445,10.0,57.111111111111114,100.0,7.373219373219373,14.0,0.0,0.0,0.0,39200.0,0.0,0.0,0.0,0.0,0.0,0.0,0.0,0.0,0.0,0.0,0.0,0.0,0.0,0.0,0.0,0.0,505.1432345062494
67,4020000000000,2.0,6.0,2.492877492877493,2.0,4.0,351,1.0,10.0,5.481481481481482,6.0,9.0,351,0.0,0.0,0.0,0.0,0.0,351,2.0,6.0,2.492877492877493,2.0,4.0,351,0.0,0.0,0.0,0.0,0.0,0,0.0,0.0,0.0,0.0,0.0,0,1.0,1.0,1.0,1.0,1.0,117,0.9999999999999998,1.0000000000000002,1.0,1.0,1.0,117,1.0,1.0,1.0,1.0,1.0,117,0.9999999999999998,1.0000000000000002,1.0,1.0,1.0,117,552.0,0.0,0.0,435.0,117.0,117.0,0.0,0.0,0.0,0.0,0.0,0.0,1.0,0.0,0.0,58.331919834017754,351.0,351.0,4563.0,9477.0,5.481481481481482,10.0,57.074074074074076,102.0,7.555555555555555,14.0,0.0,0.0,0.0,40250.0,0.0,0.0,0.0,0.0,0.0,0.0,0.0,0.0,0.0,0.0,0.0,0.0,0.0,0.0,0.0,0.0,549.854127690196
68,4080000000000,2.0,8.0,2.4957264957264957,2.0,4.0,351,1.0,10.0,5.481481481481482,6.0,9.0,351,0.0,0.0,0.0,0.0,0.0,351,2.0,8.0,2.4957264957264957,2.0,4.0,351,0.0,0.0,0.0,0.0,0.0,0,0.0,0.0,0.0,0.0,0.0,0,1.0,1.0,1.0,1.0,1.0,118,0.9999999999999998,1.0000000000000002,1.0,1.0,1.0,118,1.0,1.0,1.0,1.0,1.0,118,0.9999999999999998,1.0000000000000002,1.0,1.0,1.0,118,552.0,0.0,0.0,434.0,118.0,118.0,0.0,0.0,0.0,0.0,0.0,0.0,1.0,0.0,0.0,54.37679588794708,351.0,351.0,4563.0,9477.0,5.481481481481482,10.0,57.7037037037037,102.0,7.361823361823362,12.0,0.0,0.0,0.0,38850.0,0.0,0.0,0.0,0.0,0.0,0.0,0.0,0.0,0.0,0.0,0.0,0.0,0.0,0.0,0.0,0.0,496.6279901564121
69,4140000000000,2.0,7.0,2.492877492877493,2.0,4.0,351,1.0,10.0,5.518518518518518,6.0,8.0,351,0.0,0.0,0.0,0.0,0.0,351,2.0,7.0,2.492877492877493,2.0,4.0,351,0.0,0.0,0.0,0.0,0.0,0,0.0,0.0,0.0,0.0,0.0,0,1.0,1.0,1.0,1.0,1.0,129,0.9999999999999998,1.0000000000000002,1.0,1.0,1.0,129,1.0,1.0,1.0,1.0,1.0,129,0.9999999999999998,1.0000000000000002,1.0,1.0,1.0,129,552.0,0.0,0.0,423.0,129.0,129.0,0.0,0.0,0.0,0.0,0.0,0.0,1.0,0.0,0.0,55.46808987855911,351.0,351.0,4563.0,9477.0,5.518518518518518,10.0,57.888888888888886,102.0,7.247863247863248,14.0,0.0,0.0,0.0,37800.0,0.0,0.0,0.0,0.0,0.0,0.0,0.0,0.0,0.0,0.0,0.0,0.0,0.0,0.0,0.0,0.0,499.0556314587593
70,4200000000000,2.0,7.0,2.492877492877493,2.0,4.0,351,1.0,10.0,5.555555555555555,6.0,8.0,351,0.0,0.0,0.0,0.0,0.0,351,2.0,7.0,2.492877492877493,2.0,4.0,351,0.0,0.0,0.0,0.0,0.0,0,0.0,0.0,0.0,0.0,0.0,0,1.0,1.0,1.0,1.0,1.0,139,0.9999999999999998,1.0000000000000002,1.0,1.0,1.0,139,1.0,1.0,1.0,1.0,1.0,139,0.9999999999999998,1.0000000000000002,1.0,1.0,1.0,139,552.0,0.0,0.0,413.0,139.0,139.0,0.0,0.0,0.0,0.0,0.0,0.0,1.0,0.0,0.0,54.389193654060364,351.0,351.0,4563.0,9477.0,5.555555555555555,10.0,58.370370370370374,101.0,7.1737891737891735,12.0,0.0,0.0,0.0,38150.0,0.0,0.0,0.0,0.0,0.0,0.0,0.0,0.0,0.0,0.0,0.0,0.0,0.0,0.0,0.0,0.0,495.6529513001442
71,4260000000000,2.0,6.0,2.4843304843304845,2.0,4.0,351,2.0,10.0,5.444444444444445,5.0,9.0,351,0.0,0.0,0.0,0.0,0.0,351,2.0,6.0,2.4843304843304845,2.0,4.0,351,0.0,0.0,0.0,0.0,0.0,0,0.0,0.0,0.0,0.0,0.0,0,1.0,1.0,1.0,1.0,1.0,118,1.0,1.0000000000000002,1.0,1.0,1.0,118,1.0,1.0,1.0,1.0,1.0,118,1.0,1.0000000000000002,1.0,1.0,1.0,118,552.0,0.0,0.0,434.0,118.0,118.0,0.0,0.0,0.0,0.0,0.0,0.0,1.0,0.0,0.0,57.47479014098644,351.0,351.0,4563.0,9477.0,5.444444444444445,10.0,56.592592592592595,100.0,7.122507122507122,10.0,0.0,0.0,0.0,38850.0,0.0,0.0,0.0,0.0,0.0,0.0,0.0,0.0,0.0,0.0,0.0,0.0,0.0,0.0,0.0,0.0,604.4196970760822
72,4320000000000,2.0,6.0,2.4985754985754984,2.0,4.0,351,1.0,10.0,5.62962962962963,6.0,8.0,351,0.0,0.0,0.0,0.0,0.0,351,2.0,6.0,2.4985754985754984,2.0,4.0,351,0.0,0.0,0.0,0.0,0.0,0,0.0,0.0,0.0,0.0,0.0,0,1.0,1.0,1.0,1.0,1.0,130,0.9999999999999998,1.0000000000000002,1.0,1.0,1.0000000000000002,130,1.0,1.0,1.0,1.0,1.0,130,0.9999999999999998,1.0000000000000002,1.0,1.0,1.0000000000000002,130,552.0,0.0,0.0,422.0,130.0,130.0,0.0,0.0,0.0,0.0,0.0,0.0,1.0,0.0,0.0,53.9285633713007,351.0,351.0,4563.0,9477.0,5.62962962962963,10.0,59.666666666666664,103.0,7.6239316239316235,14.0,0.0,0.0,0.0,40250.0,0.0,0.0,0.0,0.0,0.0,0.0,0.0,0.0,0.0,0.0,0.0,0.0,0.0,0.0,0.0,0.0,504.6352632343769
73,4380000000000,2.0,6.0,2.4957264957264957,2.0,4.0,351,1.0,10.0,5.62962962962963,6.0,9.0,351,0.0,0.0,0.0,0.0,0.0,351,2.0,6.0,2.4957264957264957,2.0,4.0,351,0.0,0.0,0.0,0.0,0.0,0,0.0,0.0,0.0,0.0,0.0,0,1.0,1.0,1.0,1.0,1.0,125,1.0,1.0000000000000002,1.0,1.0,1.0,125,1.0,1.0,1.0,1.0,1.0,125,1.0,1.0000000000000002,1.0,1.0,1.0,125,552.0,0.0,0.0,427.0,125.0,125.0,0.0,0.0,0.0,0.0,0.0,0.0,1.0,0.0,0.0,54.83853258192539,351.0,351.0,4563.0,9477.0,5.62962962962963,10.0,58.96296296296296,102.0,7.698005698005698,14.0,0.0,0.0,0.0,40250.0,0.0,0.0,0.0,0.0,0.0,0.0,0.0,0.0,0.0,0.0,0.0,0.0,0.0,0.0,0.0,0.0,502.45628133416176
74,4440000000000,2.0,8.0,2.5128205128205128,2.0,4.0,351,1.0,10.0,5.703703703703703,5.0,9.0,351,0.0,0.0,0.0,0.0,0.0,351,2.0,8.0,2.5128205128205128,2.0,4.0,351,0.0,0.0,0.0,0.0,0.0,0,0.0,0.0,0.0,0.0,0.0,0,1.0,1.0,1.0,1.0,1.0,133,0.9999999999999998,1.0000000000000002,1.0,1.0,1.0,133,1.0,1.0,1.0,1.0,1.0,133,0.9999999999999998,1.0000000000000002,1.0,1.0,1.0,133,552.0,0.0,0.0,419.0,133.0,133.0,0.0,0.0,0.0,0.0,0.0,0.0,1.0,0.0,0.0,53.895795717835426,351.0,351.0,4563.0,9477.0,5.703703703703703,10.0,61.44444444444444,105.0,7.772079772079772,14.0,0.0,0.0,0.0,41300.0,0.0,0.0,0.0,0.0,0.0,0.0,0.0,0.0,0.0,0.0,0.0,0.0,0.0,0.0,0.0,0.0,514.8450639098883
75,4500000000000,2.0,7.0,2.4985754985754984,2.0,4.0,351,1.0,10.0,5.555555555555555,5.0,9.0,351,0.0,0.0,0.0,0.0,0.0,351,2.0,7.0,2.4985754985754984,2.0,4.0,351,0.0,0.0,0.0,0.0,0.0,0,0.0,0.0,0.0,0.0,0.0,0,1.0,1.0,1.0,1.0,1.0,128,0.9999999999999998,1.0000000000000002,1.0,1.0,1.0000000000000002,128,1.0,1.0,1.0,1.0,1.0,128,0.9999999999999998,1.0000000000000002,1.0,1.0,1.0000000000000002,128,552.0,0.0,0.0,424.0,128.0,128.0,0.0,0.0,0.0,0.0,0.0,0.0,1.0,0.0,0.0,57.61652812361717,351.0,351.0,4563.0,9477.0,5.555555555555555,10.0,58.74074074074074,104.0,7.515669515669516,14.0,0.0,0.0,0.0,39900.0,0.0,0.0,0.0,0.0,0.0,0.0,0.0,0.0,0.0,0.0,0.0,0.0,0.0,0.0,0.0,0.0,535.8965899795294
76,4560000000000,2.0,7.0,2.492877492877493,2.0,4.0,351,1.0,10.0,5.444444444444445,5.0,8.0,351,0.0,0.0,0.0,0.0,0.0,351,2.0,7.0,2.492877492877493,2.0,4.0,351,0.0,0.0,0.0,0.0,0.0,0,0.0,0.0,0.0,0.0,0.0,0,1.0,1.0,1.0,1.0,1.0,119,0.9999999999999998,1.0000000000000002,1.0,1.0,1.0,119,1.0,1.0,1.0,1.0,1.0,119,0.9999999999999998,1.0000000000000002,1.0,1.0,1.0,119,552.0,0.0,0.0,433.0,119.0,119.0,0.0,0.0,0.0,0.0,0.0,0.0,1.0,0.0,0.0,54.85518462955952,351.0,351.0,4563.0,9477.0,5.444444444444445,10.0,57.148148148148145,100.0,7.111111111111111,12.0,0.0,0.0,0.0,38150.0,0.0,0.0,0.0,0.0,0.0,0.0,0.0,0.0,0.0,0.0,0.0,0.0,0.0,0.0,0.0,0.0,498.09927120804787
77,4620000000000,2.0,7.0,2.4871794871794872,2.0,4.0,351,1.0,8.0,5.407407407407407,5.0,8.0,351,0.0,0.0,0.0,0.0,0.0,351,2.0,7.0,2.4871794871794872,2.0,4.0,351,0.0,0.0,0.0,0.0,0.0,0,0.0,0.0,0.0,0.0,0.0,0,1.0,1.0,1.0,1.0,1.0,121,0.9999999999999999,1.0000000000000002,1.0,1.0,1.0,121,1.0,1.0,1.0,1.0,1.0,121,0.9999999999999999,1.0000000000000002,1.0,1.0,1.0,121,552.0,0.0,0.0,431.0,121.0,121.0,0.0,0.0,0.0,0.0,0.0,0.0,1.0,0.0,0.0,55.4649643599987,351.0,351.0,4563.0,9477.0,5.407407407407407,8.0,57.111111111111114,84.0,7.054131054131054,10.0,0.0,0.0,0.0,37100.0,0.0,0.0,0.0,0.0,0.0,0.0,0.0,0.0,0.0,0.0,0.0,0.0,0.0,0.0,0.0,0.0,490.14538899064064
78,4680000000000,2.0,7.0,2.5042735042735043,2.0,4.0,351,2.0,9.0,5.666666666666667,5.0,9.0,351,0.0,0.0,0.0,0.0,0.0,351,2.0,7.0,2.5042735042735043,2.0,4.0,351,0.0,0.0,0.0,0.0,0.0,0,0.0,0.0,0.0,0.0,0.0,0,1.0,1.0,1.0,1.0,1.0,135,0.9999999999999998,1.0000000000000002,1.0,1.0,1.0,135,1.0,1.0,1.0,1.0,1.0,135,0.9999999999999998,1.0000000000000002,1.0,1.0,1.0,135,552.0,0.0,0.0,417.0,135.0,135.0,0.0,0.0,0.0,0.0,0.0,0.0,1.0,0.0,0.0,59.65001322329044,351.0,351.0,4563.0,9477.0,5.666666666666667,9.0,60.407407407407405,96.0,7.4245014245014245,12.0,0.0,0.0,0.0,39900.0,0.0,0.0,0.0,0.0,0.0,0.0,0.0,0.0,0.0,0.0,0.0,0.0,0.0,0.0,0.0,0.0,597.5458770990372
79,4740000000000,2.0,6.0,2.5042735042735043,2.0,4.0,351,2.0,10.0,5.62962962962963,5.0,9.0,351,0.0,0.0,0.0,0.0,0.0,351,2.0,6.0,2.5042735042735043,2.0,4.0,351,0.0,0.0,0.0,0.0,0.0,0,0.0,0.0,0.0,0.0,0.0,0,1.0,1.0,1.0,1.0,1.0,136,0.9999999999999998,1.0,1.0,1.0,1.0,136,1.0,1.0,1.0,1.0,1.0,136,0.9999999999999998,1.0,1.0,1.0,1.0,136,552.0,0.0,0.0,416.0,136.0,136.0,0.0,0.0,0.0,0.0,0.0,0.0,1.0,0.0,0.0,56.371841579675674,351.0,351.0,4563.0,9477.0,5.62962962962963,10.0,59.81481481481482,103.0,7.447293447293447,12.0,0.0,0.0,0.0,40950.0,0.0,0.0,0.0,0.0,0.0,0.0,0.0,0.0,0.0,0.0,0.0,0.0,0.0,0.0,0.0,0.0,550.4711605608463
80,4800000000000,2.0,6.0,2.4871794871794872,2.0,4.0,351,2.0,10.0,5.555555555555555,6.0,9.0,351,0.0,0.0,0.0,0.0,0.0,351,2.0,6.0,2.4871794871794872,2.0,4.0,351,0.0,0.0,0.0,0.0,0.0,0,0.0,0.0,0.0,0.0,0.0,0,1.0,1.0,1.0,1.0,1.0,128,0.9999999999999998,1.0000000000000002,1.0,1.0,1.0000000000000002,128,1.0,1.0,1.0,1.0,1.0,128,0.9999999999999998,1.0000000000000002,1.0,1.0,1.0000000000000002,128,552.0,0.0,0.0,424.0,128.0,128.0,0.0,0.0,0.0,0.0,0.0,0.0,1.0,0.0,0.0,53.57118882238865,351.0,351.0,4563.0,9477.0,5.555555555555555,10.0,58.111111111111114,99.0,7.47008547008547,12.0,0.0,0.0,0.0,39200.0,0.0,0.0,0.0,0.0,0.0,0.0,0.0,0.0,0.0,0.0,0.0,0.0,0.0,0.0,0.0,0.0,491.0962861031294
81,4860000000000,2.0,7.0,2.4985754985754984,2.0,4.0,351,2.0,10.0,5.62962962962963,5.0,9.0,351,0.0,0.0,0.0,0.0,0.0,351,2.0,7.0,2.4985754985754984,2.0,4.0,351,0.0,0.0,0.0,0.0,0.0,0,0.0,0.0,0.0,0.0,0.0,0,1.0,1.0,1.0,1.0,1.0,134,0.9999999999999999,1.0,1.0,1.0,1.0,134,1.0,1.0,1.0,1.0,1.0,134,0.9999999999999999,1.0,1.0,1.0,1.0,134,552.0,0.0,0.0,418.0,134.0,134.0,0.0,0.0,0.0,0.0,0.0,0.0,1.0,0.0,0.0,52.49494127929211,351.0,351.0,4563.0,9477.0,5.62962962962963,10.0,59.44444444444444,103.0,7.641025641025641,14.0,0.0,0.0,0.0,40250.0,0.0,0.0,0.0,0.0,0.0,0.0,0.0,0.0,0.0,0.0,0.0,0.0,0.0,0.0,0.0,0.0,494.1638968884945
82,4920000000000,2.0,8.0,2.5042735042735043,2.0,4.0,351,1.0,10.0,5.62962962962963,5.0,8.0,351,0.0,0.0,0.0,0.0,0.0,351,2.0,8.0,2.5042735042735043,2.0,4.0,351,0.0,0.0,0.0,0.0,0.0,0,0.0,0.0,0.0,0.0,0.0,0,1.0,1.0,1.0,1.0,1.0,129,0.9999999999999998,1.0000000000000002,1.0,1.0,1.0,129,1.0,1.0,1.0,1.0,1.0,129,0.9999999999999998,1.0000000000000002,1.0,1.0,1.0,129,552.0,0.0,0.0,423.0,129.0,129.0,0.0,0.0,0.0,0.0,0.0,0.0,1.0,0.0,0.0,51.94961279630661,351.0,351.0,4563.0,9477.0,5.62962962962963,10.0,60.03703703703704,101.0,7.698005698005698,14.0,0.0,0.0,0.0,40600.0,0.0,0.0,0.0,0.0,0.0,0.0,0.0,0.0,0.0,0.0,0.0,0.0,0.0,0.0,0.0,0.0,524.9412953853607
83,4980000000000,2.0,7.0,2.49002849002849,2.0,4.0,351,1.0,10.0,5.518518518518518,5.0,8.0,351,0.0,0.0,0.0,0.0,0.0,351,2.0,7.0,2.49002849002849,2.0,4.0,351,0.0,0.0,0.0,0.0,0.0,0,0.0,0.0,0.0,0.0,0.0,0,1.0,1.0,1.0,1.0,1.0,126,0.9999999999999998,1.0,1.0,1.0,1.0,126,1.0,1.0,1.0,1.0,1.0,126,0.9999999999999998,1.0,1.0,1.0,1.0,126,552.0,0.0,0.0,426.0,126.0,126.0,0.0,0.0,0.0,0.0,0.0,0.0,1.0,0.0,0.0,57.83228389918804,351.0,351.0,4563.0,9477.0,5.518518518518518,10.0,57.74074074074074,102.0,7.4415954415954415,14.0,0.0,0.0,0.0,38850.0,0.0,0.0,0.0,0.0,0.0,0.0,0.0,0.0,0.0,0.0,0.0,0.0,0.0,0.0,0.0,0.0,546.4335046708584
84,5040000000000,2.0,7.0,2.5014245014245016,2.0,4.0,351,1.0,9.0,5.518518518518518,5.0,8.0,351,0.0,0.0,0.0,0.0,0.0,351,2.0,7.0,2.5014245014245016,2.0,4.0,351,0.0,0.0,0.0,0.0,0.0,0,0.0,0.0,0.0,0.0,0.0,0,1.0,1.0,1.0,1.0,1.0,121,0.9999999999999999,1.0000000000000002,1.0,1.0,1.0,121,1.0,1.0,1.0,1.0,1.0,121,0.9999999999999999,1.0000000000000002,1.0,1.0,1.0,121,552.0,0.0,0.0,431.0,121.0,121.0,0.0,0.0,0.0,0.0,0.0,0.0,1.0,0.0,0.0,56.00328743457794,351.0,351.0,4563.0,9477.0,5.518518518518518,9.0,58.48148148148148,91.0,7.082621082621083,12.0,0.0,0.0,0.0,38500.0,0.0,0.0,0.0,0.0,0.0,0.0,0.0,0.0,0.0,0.0,0.0,0.0,0.0,0.0,0.0,0.0,495.95494382083416
85,5100000000000,2.0,7.0,2.492877492877493,2.0,4.0,351,2.0,8.0,5.555555555555555,5.0,8.0,351,0.0,0.0,0.0,0.0,0.0,351,2.0,7.0,2.492877492877493,2.0,4.0,351,0.0,0.0,0.0,0.0,0.0,0,0.0,0.0,0.0,0.0,0.0,0,1.0,1.0,1.0,1.0,1.0,126,0.9999999999999998,1.0000000000000002,1.0,1.0,1.0,126,1.0,1.0,1.0,1.0,1.0,126,0.9999999999999998,1.0000000000000002,1.0,1.0,1.0,126,552.0,0.0,0.0,426.0,126.0,126.0,0.0,0.0,0.0,0.0,0.0,0.0,1.0,0.0,0.0,55.75447529554367,351.0,351.0,4563.0,9477.0,5.555555555555555,8.0,57.77777777777778,92.0,7.162393162393163,10.0,0.0,0.0,0.0,37100.0,0.0,0.0,0.0,0.0,0.0,0.0,0.0,0.0,0.0,0.0,0.0,0.0,0.0,0.0,0.0,0.0,542.6639430224895
86,5160000000000,2.0,7.0,2.4871794871794872,2.0,4.0,351,2.0,9.0,5.518518518518518,6.0,8.0,351,0.0,0.0,0.0,0.0,0.0,351,2.0,7.0,2.4871794871794872,2.0,4.0,351,0.0,0.0,0.0,0.0,0.0,0,0.0,0.0,0.0,0.0,0.0,0,1.0,1.0,1.0,1.0,1.0,129,0.9999999999999999,1.0000000000000002,1.0,1.0,1.0,129,1.0,1.0,1.0,1.0,1.0,129,0.9999999999999999,1.0000000000000002,1.0,1.0,1.0,129,552.0,0.0,0.0,423.0,129.0,129.0,0.0,0.0,0.0,0.0,0.0,0.0,1.0,0.0,0.0,59.08900499343872,351.0,351.0,4563.0,9477.0,5.518518518518518,9.0,58.03703703703704,94.0,7.35042735042735,10.0,0.0,0.0,0.0,38850.0,0.0,0.0,0.0,0.0,0.0,0.0,0.0,0.0,0.0,0.0,0.0,0.0,0.0,0.0,0.0,0.0,515.440572053194
87,5220000000000,2.0,6.0,2.507122507122507,2.0,4.0,351,2.0,9.0,5.777777777777778,6.0,9.0,351,0.0,0.0,0.0,0.0,0.0,351,2.0,6.0,2.507122507122507,2.0,4.0,351,0.0,0.0,0.0,0.0,0.0,0,0.0,0.0,0.0,0.0,0.0,0,1.0,1.0,1.0,1.0,1.0,132,1.0,1.0000000000000002,1.0,1.0,1.0,132,1.0,1.0,1.0,1.0,1.0,132,1.0,1.0000000000000002,1.0,1.0,1.0,132,552.0,0.0,0.0,420.0,132.0,132.0,0.0,0.0,0.0,0.0,0.0,0.0,1.0,0.0,0.0,57.22738243639469,351.0,351.0,4563.0,9477.0,5.777777777777778,9.0,61.629629629629626,97.0,7.555555555555555,12.0,0.0,0.0,0.0,40950.0,0.0,0.0,0.0,0.0,0.0,0.0,0.0,0.0,0.0,0.0,0.0,0.0,0.0,0.0,0.0,0.0,549.9410554766655
88,5280000000000,2.0,6.0,2.492877492877493,2.0,4.0,351,2.0,10.0,5.592592592592593,6.0,8.0,351,0.0,0.0,0.0,0.0,0.0,351,2.0,6.0,2.492877492877493,2.0,4.0,351,0.0,0.0,0.0,0.0,0.0,0,0.0,0.0,0.0,0.0,0.0,0,1.0,1.0,1.0,1.0,1.0,128,0.9999999999999998,1.0000000000000002,1.0,1.0,1.0,128,1.0,1.0,1.0,1.0,1.0,128,0.9999999999999998,1.0000000000000002,1.0,1.0,1.0,128,552.0,0.0,0.0,424.0,128.0,128.0,0.0,0.0,0.0,0.0,0.0,0.0,1.0,0.0,0.0,53.32796834409237,351.0,351.0,4563.0,9477.0,5.592592592592593,10.0,58.629629629629626,101.0,7.732193732193732,12.0,0.0,0.0,0.0,40600.0,0.0,0.0,0.0,0.0,0.0,0.0,0.0,0.0,0.0,0.0,0.0,0.0,0.0,0.0,0.0,0.0,494.229793548584
89,5340000000000,2.0,7.0,2.492877492877493,2.0,4.0,351,2.0,10.0,5.62962962962963,6.0,8.0,351,0.0,0.0,0.0,0.0,0.0,351,2.0,7.0,2.492877492877493,2.0,4.0,351,0.0,0.0,0.0,0.0,0.0,0,0.0,0.0,0.0,0.0,0.0,0,1.0,1.0,1.0,1.0,1.0,132,1.0,1.0000000000000002,1.0,1.0,1.0,132,1.0,1.0,1.0,1.0,1.0,132,1.0,1.0000000000000002,1.0,1.0,1.0,132,552.0,0.0,0.0,420.0,132.0,132.0,0.0,0.0,0.0,0.0,0.0,0.0,1.0,0.0,0.0,55.16967177391052,351.0,351.0,4563.0,9477.0,5.62962962962963,10.0,59.22222222222222,103.0,7.492877492877493,14.0,0.0,0.0,0.0,38850.0,0.0,0.0,0.0,0.0,0.0,0.0,0.0,0.0,0.0,0.0,0.0,0.0,0.0,0.0,0.0,0.0,495.9549065679312
90,5400000000000,2.0,7.0,2.49002849002849,2.0,4.0,351,2.0,10.0,5.444444444444445,5.0,8.0,351,0.0,0.0,0.0,0.0,0.0,351,2.0,7.0,2.49002849002849,2.0,4.0,351,0.0,0.0,0.0,0.0,0.0,0,0.0,0.0,0.0,0.0,0.0,0,1.0,1.0,1.0,1.0,1.0,117,0.9999999999999998,1.0,1.0,1.0,1.0,117,1.0,1.0,1.0,1.0,1.0,117,0.9999999999999998,1.0,1.0,1.0,1.0,117,552.0,0.0,0.0,435.0,117.0,117.0,0.0,0.0,0.0,0.0,0.0,0.0,1.0,0.0,0.0,60.288725420832634,351.0,351.0,4563.0,9477.0,5.444444444444445,10.0,56.7037037037037,102.0,7.43019943019943,14.0,0.0,0.0,0.0,39200.0,0.0,0.0,0.0,0.0,0.0,0.0,0.0,0.0,0.0,0.0,0.0,0.0,0.0,0.0,0.0,0.0,527.8135109692812
91,5460000000000,2.0,7.0,2.492877492877493,2.0,4.0,351,1.0,9.0,5.592592592592593,6.0,9.0,351,0.0,0.0,0.0,0.0,0.0,351,2.0,7.0,2.492877492877493,2.0,4.0,351,0.0,0.0,0.0,0.0,0.0,0,0.0,0.0,0.0,0.0,0.0,0,1.0,1.0,1.0,1.0,1.0,130,1.0,1.0000000000000002,1.0,1.0,1.0000000000000002,130,1.0,1.0,1.0,1.0,1.0,130,1.0,1.0000000000000002,1.0,1.0,1.0000000000000002,130,552.0,0.0,0.0,422.0,130.0,130.0,0.0,0.0,0.0,0.0,0.0,0.0,1.0,0.0,0.0,57.64995515346527,351.0,351.0,4563.0,9477.0,5.592592592592593,9.0,58.25925925925926,92.0,7.407407407407407,14.0,0.0,0.0,0.0,38850.0,0.0,0.0,0.0,0.0,0.0,0.0,0.0,0.0,0.0,0.0,0.0,0.0,0.0,0.0,0.0,0.0,536.9142275303602
92,5520000000000,2.0,7.0,2.4985754985754984,2.0,4.0,351,2.0,9.0,5.518518518518518,5.0,8.0,351,0.0,0.0,0.0,0.0,0.0,351,2.0,7.0,2.4985754985754984,2.0,4.0,351,0.0,0.0,0.0,0.0,0.0,0,0.0,0.0,0.0,0.0,0.0,0,1.0,1.0,1.0,1.0,1.0,133,0.9999999999999998,1.0000000000000002,1.0,1.0,1.0,133,1.0,1.0,1.0,1.0,1.0,133,0.9999999999999998,1.0000000000000002,1.0,1.0,1.0,133,552.0,0.0,0.0,419.0,133.0,133.0,0.0,0.0,0.0,0.0,0.0,0.0,1.0,0.0,0.0,56.2584362924099,351.0,351.0,4563.0,9477.0,5.518518518518518,9.0,58.370370370370374,91.0,7.2250712250712255,12.0,0.0,0.0,0.0,39200.0,0.0,0.0,0.0,0.0,0.0,0.0,0.0,0.0,0.0,0.0,0.0,0.0,0.0,0.0,0.0,0.0,523.3553145080805
93,5580000000000,2.0,7.0,2.4985754985754984,2.0,4.0,351,2.0,9.0,5.592592592592593,5.0,8.0,351,0.0,0.0,0.0,0.0,0.0,351,2.0,7.0,2.4985754985754984,2.0,4.0,351,0.0,0.0,0.0,0.0,0.0,0,0.0,0.0,0.0,0.0,0.0,0,1.0,1.0,1.0,1.0,1.0,127,0.9999999999999998,1.0,1.0,1.0,1.0,127,1.0,1.0,1.0,1.0,1.0,127,0.9999999999999998,1.0,1.0,1.0,1.0,127,552.0,0.0,0.0,425.0,127.0,127.0,0.0,0.0,0.0,0.0,0.0,0.0,1.0,0.0,0.0,57.144785299897194,351.0,351.0,4563.0,9477.0,5.592592592592593,9.0,59.25925925925926,93.0,7.452991452991453,10.0,0.0,0.0,0.0,38500.0,0.0,0.0,0.0,0.0,0.0,0.0,0.0,0.0,0.0,0.0,0.0,0.0,0.0,0.0,0.0,0.0,552.8553277254105
94,5640000000000,2.0,6.0,2.4871794871794872,2.0,4.0,351,2.0,9.0,5.481481481481482,6.0,8.0,351,0.0,0.0,0.0,0.0,0.0,351,2.0,6.0,2.4871794871794872,2.0,4.0,351,0.0,0.0,0.0,0.0,0.0,0,0.0,0.0,0.0,0.0,0.0,0,1.0,1.0,1.0,1.0,1.0,119,0.9999999999999998,1.0000000000000002,1.0,1.0,1.0,119,1.0,1.0,1.0,1.0,1.0,119,0.9999999999999998,1.0000000000000002,1.0,1.0,1.0,119,552.0,0.0,0.0,433.0,119.0,119.0,0.0,0.0,0.0,0.0,0.0,0.0,1.0,0.0,0.0,59.69955772161484,351.0,351.0,4563.0,9477.0,5.481481481481482,9.0,57.0,90.0,7.373219373219373,10.0,0.0,0.0,0.0,38500.0,0.0,0.0,0.0,0.0,0.0,0.0,0.0,0.0,0.0,0.0,0.0,0.0,0.0,0.0,0.0,0.0,522.579975426197
95,5700000000000,2.0,7.0,2.4957264957264957,2.0,4.0,351,2.0,8.0,5.62962962962963,6.0,8.0,351,0.0,0.0,0.0,0.0,0.0,351,2.0,7.0,2.4957264957264957,2.0,4.0,351,0.0,0.0,0.0,0.0,0.0,0,0.0,0.0,0.0,0.0,0.0,0,1.0,1.0,1.0,1.0,1.0,121,0.9999999999999998,1.0000000000000002,1.0,1.0,1.0,121,1.0,1.0,1.0,1.0,1.0,121,0.9999999999999998,1.0000000000000002,1.0,1.0,1.0,121,552.0,0.0,0.0,431.0,121.0,121.0,0.0,0.0,0.0,0.0,0.0,0.0,1.0,0.0,0.0,56.54473043978214,351.0,351.0,4563.0,9477.0,5.62962962962963,8.0,59.2962962962963,86.0,7.62962962962963,12.0,0.0,0.0,0.0,40600.0,0.0,0.0,0.0,0.0,0.0,0.0,0.0,0.0,0.0,0.0,0.0,0.0,0.0,0.0,0.0,0.0,540.3007585555315
96,5760000000000,2.0,7.0,2.5014245014245016,2.0,4.0,351,2.0,8.0,5.62962962962963,6.0,8.0,351,0.0,0.0,0.0,0.0,0.0,351,2.0,7.0,2.5014245014245016,2.0,4.0,351,0.0,0.0,0.0,0.0,0.0,0,0.0,0.0,0.0,0.0,0.0,0,1.0,1.0,1.0,1.0,1.0,122,0.9999999999999998,1.0,1.0,1.0,1.0,122,1.0,1.0,1.0,1.0,1.0,122,0.9999999999999998,1.0,1.0,1.0,1.0,122,552.0,0.0,0.0,430.0,122.0,122.0,0.0,0.0,0.0,0.0,0.0,0.0,1.0,0.0,0.0,55.72293512523174,351.0,351.0,4563.0,9477.0,5.62962962962963,8.0,59.96296296296296,86.0,7.663817663817664,12.0,0.0,0.0,0.0,40250.0,0.0,0.0,0.0,0.0,0.0,0.0,0.0,0.0,0.0,0.0,0.0,0.0,0.0,0.0,0.0,0.0,530.59265576303
97,5820000000000,2.0,7.0,2.4957264957264957,2.0,4.0,351,2.0,9.0,5.592592592592593,6.0,8.0,351,0.0,0.0,0.0,0.0,0.0,351,2.0,7.0,2.4957264957264957,2.0,4.0,351,0.0,0.0,0.0,0.0,0.0,0,0.0,0.0,0.0,0.0,0.0,0,1.0,1.0,1.0,1.0,1.0,123,0.9999999999999998,1.0000000000000002,1.0,1.0,1.0,123,1.0,1.0,1.0,1.0,1.0,123,0.9999999999999998,1.0000000000000002,1.0,1.0,1.0,123,552.0,0.0,0.0,429.0,123.0,123.0,0.0,0.0,0.0,0.0,0.0,0.0,1.0,0.0,0.0,58.21160785853863,351.0,351.0,4563.0,9477.0,5.592592592592593,9.0,58.74074074074074,94.0,7.401709401709402,12.0,0.0,0.0,0.0,38500.0,0.0,0.0,0.0,0.0,0.0,0.0,0.0,0.0,0.0,0.0,0.0,0.0,0.0,0.0,0.0,0.0,513.8334054499865
98,5880000000000,2.0,7.0,2.5014245014245016,2.0,4.0,351,1.0,9.0,5.592592592592593,6.0,8.0,351,0.0,0.0,0.0,0.0,0.0,351,2.0,7.0,2.5014245014245016,2.0,4.0,351,0.0,0.0,0.0,0.0,0.0,0,0.0,0.0,0.0,0.0,0.0,0,1.0,1.0,1.0,1.0,1.0,126,0.9999999999999998,1.0000000000000002,1.0,1.0,1.0000000000000002,126,1.0,1.0,1.0,1.0,1.0,126,0.9999999999999998,1.0000000000000002,1.0,1.0,1.0000000000000002,126,552.0,0.0,0.0,426.0,126.0,126.0,0.0,0.0,0.0,0.0,0.0,0.0,1.0,0.0,0.0,57.623596861958504,351.0,351.0,4563.0,9477.0,5.592592592592593,9.0,58.74074074074074,94.0,7.561253561253562,14.0,0.0,0.0,0.0,39200.0,0.0,0.0,0.0,0.0,0.0,0.0,0.0,0.0,0.0,0.0,0.0,0.0,0.0,0.0,0.0,0.0,546.5103983879089
99,5940000000000,2.0,7.0,2.4786324786324787,2.0,4.0,351,2.0,9.0,5.481481481481482,5.0,8.0,351,0.0,0.0,0.0,0.0,0.0,351,2.0,7.0,2.4786324786324787,2.0,4.0,351,0.0,0.0,0.0,0.0,0.0,0,0.0,0.0,0.0,0.0,0.0,0,1.0,1.0,1.0,1.0,1.0,126,0.9999999999999998,1.0000000000000002,1.0,1.0,1.0,126,1.0,1.0,1.0,1.0,1.0,126,0.9999999999999998,1.0000000000000002,1.0,1.0,1.0,126,552.0,0.0,0.0,426.0,126.0,126.0,0.0,0.0,0.0,0.0,0.0,0.0,1.0,0.0,0.0,58.62685479223728,351.0,351.0,4563.0,9477.0,5.481481481481482,9.0,55.888888888888886,89.0,7.339031339031339,14.0,0.0,0.0,0.0,38500.0,0.0,0.0,0.0,0.0,0.0,0.0,0.0,0.0,0.0,0.0,0.0,0.0,0.0,0.0,0.0,0.0,488.87949995696545
100,6000000000000,2.0,7.0,2.4985754985754984,2.0,4.0,351,2.0,9.0,5.592592592592593,5.0,8.0,351,0.0,0.0,0.0,0.0,0.0,351,2.0,7.0,2.4985754985754984,2.0,4.0,351,0.0,0.0,0.0,0.0,0.0,0,0.0,0.0,0.0,0.0,0.0,0,1.0,1.0,1.0,1.0,1.0,136,1.0,1.0000000000000002,1.0,1.0,1.0,136,1.0,1.0,1.0,1.0,1.0,136,1.0,1.0000000000000002,1.0,1.0,1.0,136,552.0,0.0,0.0,416.0,136.0,136.0,0.0,0.0,0.0,0.0,0.0,0.0,1.0,0.0,0.0,56.99113942682743,351.0,351.0,4563.0,9477.0,5.592592592592593,9.0,59.25925925925926,90.0,7.515669515669516,12.0,0.0,0.0,0.0,40250.0,0.0,0.0,0.0,0.0,0.0,0.0,0.0,0.0,0.0,0.0,0.0,0.0,0.0,0.0,0.0,0.0,736.9707059115171
101,6060000000000,2.0,7.0,2.4957264957264957,2.0,4.0,351,2.0,9.0,5.555555555555555,5.0,8.0,351,0.0,0.0,0.0,0.0,0.0,351,2.0,7.0,2.4957264957264957,2.0,4.0,351,0.0,0.0,0.0,0.0,0.0,0,0.0,0.0,0.0,0.0,0.0,0,1.0,1.0,1.0,1.0,1.0,128,0.9999999999999998,1.0000000000000002,1.0,1.0,1.0,128,1.0,1.0,1.0,1.0,1.0,128,0.9999999999999998,1.0000000000000002,1.0,1.0,1.0,128,552.0,0.0,0.0,424.0,128.0,128.0,0.0,0.0,0.0,0.0,0.0,0.0,1.0,0.0,0.0,57.71922320127487,351.0,351.0,4563.0,9477.0,5.555555555555555,9.0,59.44444444444444,95.0,7.447293447293447,14.0,0.0,0.0,0.0,38500.0,0.0,0.0,0.0,0.0,0.0,0.0,0.0,0.0,0.0,0.0,0.0,0.0,0.0,0.0,0.0,0.0,507.5176879763603
102,6120000000000,2.0,7.0,2.492877492877493,2.0,4.0,351,2.0,9.0,5.592592592592593,6.0,9.0,351,0.0,0.0,0.0,0.0,0.0,351,2.0,7.0,2.492877492877493,2.0,4.0,351,0.0,0.0,0.0,0.0,0.0,0,0.0,0.0,0.0,0.0,0.0,0,1.0,1.0,1.0,1.0,1.0,117,0.9999999999999999,1.0000000000000002,1.0,1.0,1.0,117,1.0,1.0,1.0,1.0,1.0,117,0.9999999999999999,1.0000000000000002,1.0,1.0,1.0,117,552.0,0.0,0.0,435.0,117.0,117.0,0.0,0.0,0.0,0.0,0.0,0.0,1.0,0.0,0.0,57.47847631573677,351.0,351.0,4563.0,9477.0,5.592592592592593,9.0,59.03703703703704,103.0,7.566951566951567,12.0,0.0,0.0,0.0,38850.0,0.0,0.0,0.0,0.0,0.0,0.0,0.0,0.0,0.0,0.0,0.0,0.0,0.0,0.0,0.0,0.0,539.2975900322199
103,6180000000000,2.0,7.0,2.4957264957264957,2.0,4.0,351,1.0,9.0,5.666666666666667,6.0,9.0,351,0.0,0.0,0.0,0.0,0.0,351,2.0,7.0,2.4957264957264957,2.0,4.0,351,0.0,0.0,0.0,0.0,0.0,0,0.0,0.0,0.0,0.0,0.0,0,1.0,1.0,1.0,1.0,1.0,117,0.9999999999999998,1.0000000000000002,1.0,1.0,1.0000000000000002,117,1.0,1.0,1.0,1.0,1.0,117,0.9999999999999998,1.0000000000000002,1.0,1.0,1.0000000000000002,117,552.0,0.0,0.0,435.0,117.0,117.0,0.0,0.0,0.0,0.0,0.0,0.0,1.0,0.0,0.0,58.439796790480614,351.0,351.0,4563.0,9477.0,5.666666666666667,9.0,59.666666666666664,96.0,7.481481481481482,12.0,0.0,0.0,0.0,39900.0,0.0,0.0,0.0,0.0,0.0,0.0,0.0,0.0,0.0,0.0,0.0,0.0,0.0,0.0,0.0,0.0,522.1406295895576
104,6240000000000,2.0,7.0,2.4985754985754984,2.0,4.0,351,1.0,9.0,5.555555555555555,6.0,8.0,351,0.0,0.0,0.0,0.0,0.0,351,2.0,7.0,2.4985754985754984,2.0,4.0,351,0.0,0.0,0.0,0.0,0.0,0,0.0,0.0,0.0,0.0,0.0,0,1.0,1.0,1.0,1.0,1.0,111,0.9999999999999998,1.0000000000000002,1.0,1.0,1.0,111,1.0,1.0,1.0,1.0,1.0,111,0.9999999999999998,1.0000000000000002,1.0,1.0,1.0,111,552.0,0.0,0.0,441.0,111.0,111.0,0.0,0.0,0.0,0.0,0.0,0.0,1.0,0.0,0.0,53.55239659547806,351.0,351.0,4563.0,9477.0,5.555555555555555,9.0,58.03703703703704,93.0,7.515669515669516,12.0,0.0,0.0,0.0,39550.0,0.0,0.0,0.0,0.0,0.0,0.0,0.0,0.0,0.0,0.0,0.0,0.0,0.0,0.0,0.0,0.0,507.19287246465683
105,6300000000000,2.0,7.0,2.5014245014245016,2.0,4.0,351,1.0,10.0,5.666666666666667,6.0,8.0,351,0.0,0.0,0.0,0.0,0.0,351,2.0,7.0,2.5014245014245016,2.0,4.0,351,0.0,0.0,0.0,0.0,0.0,0,0.0,0.0,0.0,0.0,0.0,0,1.0,1.0,1.0,1.0,1.0,118,0.9999999999999997,1.0,1.0,1.0,1.0,118,1.0,1.0,1.0,1.0,1.0,118,0.9999999999999997,1.0,1.0,1.0,1.0,118,552.0,0.0,0.0,434.0,118.0,118.0,0.0,0.0,0.0,0.0,0.0,0.0,1.0,0.0,0.0,54.30286191403866,351.0,351.0,4563.0,9477.0,5.666666666666667,10.0,59.888888888888886,104.0,7.475783475783476,12.0,0.0,0.0,0.0,39200.0,0.0,0.0,0.0,0.0,0.0,0.0,0.0,0.0,0.0,0.0,0.0,0.0,0.0,0.0,0.0,0.0,563.3014552295208
106,6360000000000,2.0,7.0,2.5014245014245016,2.0,4.0,351,1.0,10.0,5.555555555555555,6.0,8.0,351,0.0,0.0,0.0,0.0,0.0,351,2.0,7.0,2.5014245014245016,2.0,4.0,351,0.0,0.0,0.0,0.0,0.0,0,0.0,0.0,0.0,0.0,0.0,0,1.0,1.0,1.0,1.0,1.0,129,1.0,1.0000000000000002,1.0,1.0,1.0,129,1.0,1.0,1.0,1.0,1.0,129,1.0,1.0000000000000002,1.0,1.0,1.0,129,552.0,0.0,0.0,423.0,129.0,129.0,0.0,0.0,0.0,0.0,0.0,0.0,1.0,0.0,0.0,56.64493329823017,351.0,351.0,4563.0,9477.0,5.555555555555555,10.0,58.77777777777778,104.0,7.435897435897436,12.0,0.0,0.0,0.0,38850.0,0.0,0.0,0.0,0.0,0.0,0.0,0.0,0.0,0.0,0.0,0.0,0.0,0.0,0.0,0.0,0.0,529.8896115273237
107,6420000000000,2.0,7.0,2.49002849002849,2.0,4.0,351,1.0,10.0,5.62962962962963,6.0,8.0,351,0.0,0.0,0.0,0.0,0.0,351,2.0,7.0,2.49002849002849,2.0,4.0,351,0.0,0.0,0.0,0.0,0.0,0,0.0,0.0,0.0,0.0,0.0,0,1.0,1.0,1.0,1.0,1.0,140,0.9999999999999998,1.0000000000000002,1.0,1.0,1.0,140,1.0,1.0,1.0,1.0,1.0,140,0.9999999999999998,1.0000000000000002,1.0,1.0,1.0,140,552.0,0.0,0.0,412.0,140.0,140.0,0.0,0.0,0.0,0.0,0.0,0.0,1.0,0.0,0.0,57.38206394016743,351.0,351.0,4563.0,9477.0,5.62962962962963,10.0,58.666666666666664,98.0,7.339031339031339,14.0,0.0,0.0,0.0,38500.0,0.0,0.0,0.0,0.0,0.0,0.0,0.0,0.0,0.0,0.0,0.0,0.0,0.0,0.0,0.0,0.0,533.1989265978336
108,6480000000000,2.0,6.0,2.49002849002849,2.0,4.0,351,1.0,10.0,5.481481481481482,5.0,8.0,351,0.0,0.0,0.0,0.0,0.0,351,2.0,6.0,2.49002849002849,2.0,4.0,351,0.0,0.0,0.0,0.0,0.0,0,0.0,0.0,0.0,0.0,0.0,0,1.0,1.0,1.0,1.0,1.0,123,0.9999999999999998,1.0000000000000002,1.0,1.0,1.0000000000000002,123,1.0,1.0,1.0,1.0,1.0,123,0.9999999999999998,1.0000000000000002,1.0,1.0,1.0000000000000002,123,552.0,0.0,0.0,429.0,123.0,123.0,0.0,0.0,0.0,0.0,0.0,0.0,1.0,0.0,0.0,58.922773227095604,351.0,351.0,4563.0,9477.0,5.481481481481482,10.0,57.03703703703704,98.0,7.487179487179487,12.0,0.0,0.0,0.0,40250.0,0.0,0.0,0.0,0.0,0.0,0.0,0.0,0.0,0.0,0.0,0.0,0.0,0.0,0.0,0.0,0.0,549.2440462112427
109,6540000000000,2.0,7.0,2.49002849002849,2.0,4.0,351,1.0,9.0,5.592592592592593,6.0,8.0,351,0.0,0.0,0.0,0.0,0.0,351,2.0,7.0,2.49002849002849,2.0,4.0,351,0.0,0.0,0.0,0.0,0.0,0,0.0,0.0,0.0,0.0,0.0,0,1.0,1.0,1.0,1.0,1.0,127,0.9999999999999998,1.0000000000000002,1.0,1.0,1.0,127,1.0,1.0,1.0,1.0,1.0,127,0.9999999999999998,1.0000000000000002,1.0,1.0,1.0,127,552.0,0.0,0.0,425.0,127.0,127.0,0.0,0.0,0.0,0.0,0.0,0.0,1.0,0.0,0.0,57.51022323966026,351.0,351.0,4563.0,9477.0,5.592592592592593,9.0,59.0,94.0,7.498575498575499,14.0,0.0,0.0,0.0,38500.0,0.0,0.0,0.0,0.0,0.0,0.0,0.0,0.0,0.0,0.0,0.0,0.0,0.0,0.0,0.0,0.0,516.6635941714048
110,6600000000000,2.0,7.0,2.49002849002849,2.0,4.0,351,1.0,9.0,5.62962962962963,6.0,9.0,351,0.0,0.0,0.0,0.0,0.0,351,2.0,7.0,2.49002849002849,2.0,4.0,351,0.0,0.0,0.0,0.0,0.0,0,0.0,0.0,0.0,0.0,0.0,0,1.0,1.0,1.0,1.0,1.0,118,0.9999999999999999,1.0000000000000002,1.0,1.0,1.0000000000000002,118,1.0,1.0,1.0,1.0,1.0,118,0.9999999999999999,1.0000000000000002,1.0,1.0,1.0000000000000002,118,552.0,0.0,0.0,434.0,118.0,118.0,0.0,0.0,0.0,0.0,0.0,0.0,1.0,0.0,0.0,53.76475490629673,351.0,351.0,4563.0,9477.0,5.62962962962963,9.0,59.18518518518518,101.0,7.601139601139601,12.0,0.0,0.0,0.0,38850.0,0.0,0.0,0.0,0.0,0.0,0.0,0.0,0.0,0.0,0.0,0.0,0.0,0.0,0.0,0.0,0.0,486.70556768774986
111,6660000000000,2.0,7.0,2.492877492877493,2.0,4.0,351,1.0,10.0,5.555555555555555,6.0,8.0,351,0.0,0.0,0.0,0.0,0.0,351,2.0,7.0,2.492877492877493,2.0,4.0,351,0.0,0.0,0.0,0.0,0.0,0,0.0,0.0,0.0,0.0,0.0,0,1.0,1.0,1.0,1.0,1.0,117,0.9999999999999999,1.0000000000000002,1.0,1.0,1.0,117,1.0,1.0,1.0,1.0,1.0,117,0.9999999999999999,1.0000000000000002,1.0,1.0,1.0,117,552.0,0.0,0.0,435.0,117.0,117.0,0.0,0.0,0.0,0.0,0.0,0.0,1.0,0.0,0.0,52.48666740953922,351.0,351.0,4563.0,9477.0,5.555555555555555,10.0,57.888888888888886,101.0,7.447293447293447,14.0,0.0,0.0,0.0,39900.0,0.0,0.0,0.0,0.0,0.0,0.0,0.0,0.0,0.0,0.0,0.0,0.0,0.0,0.0,0.0,0.0,551.7615657299757
112,6720000000000,2.0,7.0,2.507122507122507,2.0,4.0,351,1.0,10.0,5.666666666666667,6.0,8.0,351,0.0,0.0,0.0,0.0,0.0,351,2.0,7.0,2.507122507122507,2.0,4.0,351,0.0,0.0,0.0,0.0,0.0,0,0.0,0.0,0.0,0.0,0.0,0,1.0,1.0,1.0,1.0,1.0,116,1.0,1.0000000000000002,1.0,1.0,1.0,116,1.0,1.0,1.0,1.0,1.0,116,1.0,1.0000000000000002,1.0,1.0,1.0,116,552.0,0.0,0.0,436.0,116.0,116.0,0.0,0.0,0.0,0.0,0.0,0.0,1.0,0.0,0.0,58.51230025291443,351.0,351.0,4563.0,9477.0,5.666666666666667,10.0,60.0,104.0,7.663817663817664,12.0,0.0,0.0,0.0,40600.0,0.0,0.0,0.0,0.0,0.0,0.0,0.0,0.0,0.0,0.0,0.0,0.0,0.0,0.0,0.0,0.0,535.0566413253546
113,6780000000000,2.0,8.0,2.49002849002849,2.0,4.0,351,1.0,10.0,5.518518518518518,6.0,8.0,351,0.0,0.0,0.0,0.0,0.0,351,2.0,8.0,2.49002849002849,2.0,4.0,351,0.0,0.0,0.0,0.0,0.0,0,0.0,0.0,0.0,0.0,0.0,0,1.0,1.0,1.0,1.0,1.0,115,0.9999999999999997,1.0000000000000002,1.0,1.0,1.0,115,1.0,1.0,1.0,1.0,1.0,115,0.9999999999999997,1.0000000000000002,1.0,1.0,1.0,115,552.0,0.0,0.0,437.0,115.0,115.0,0.0,0.0,0.0,0.0,0.0,0.0,1.0,0.0,0.0,59.205926954746246,351.0,351.0,4563.0,9477.0,5.518518518518518,10.0,57.407407407407405,102.0,7.213675213675214,12.0,0.0,0.0,0.0,38150.0,0.0,0.0,0.0,0.0,0.0,0.0,0.0,0.0,0.0,0.0,0.0,0.0,0.0,0.0,0.0,0.0,544.8679942637682
114,6840000000000,2.0,7.0,2.4985754985754984,2.0,4.0,351,1.0,10.0,5.481481481481482,6.0,8.0,351,0.0,0.0,0.0,0.0,0.0,351,2.0,7.0,2.4985754985754984,2.0,4.0,351,0.0,0.0,0.0,0.0,0.0,0,0.0,0.0,0.0,0.0,0.0,0,1.0,1.0,1.0,1.0,1.0,137,0.9999999999999999,1.0,1.0,1.0,1.0,137,1.0,1.0,1.0,1.0,1.0,137,0.9999999999999999,1.0,1.0,1.0,1.0,137,552.0,0.0,0.0,415.0,137.0,137.0,0.0,0.0,0.0,0.0,0.0,0.0,1.0,0.0,0.0,65.21409004926682,351.0,351.0,4563.0,9477.0,5.481481481481482,10.0,58.22222222222222,102.0,7.219373219373219,14.0,0.0,0.0,0.0,38500.0,0.0,0.0,0.0,0.0,0.0,0.0,0.0,0.0,0.0,0.0,0.0,0.0,0.0,0.0,0.0,0.0,550.258032977581
115,6900000000000,2.0,6.0,2.4814814814814814,2.0,4.0,351,1.0,10.0,5.444444444444445,6.0,8.0,351,0.0,0.0,0.0,0.0,0.0,351,2.0,6.0,2.4814814814814814,2.0,4.0,351,0.0,0.0,0.0,0.0,0.0,0,0.0,0.0,0.0,0.0,0.0,0,1.0,1.0,1.0,1.0,1.0,139,0.9999999999999998,1.0000000000000002,1.0,1.0,1.0,139,1.0,1.0,1.0,1.0,1.0,139,0.9999999999999998,1.0000000000000002,1.0,1.0,1.0,139,552.0,0.0,0.0,413.0,139.0,139.0,0.0,0.0,0.0,0.0,0.0,0.0,1.0,0.0,0.0,53.25673706829548,351.0,351.0,4563.0,9477.0,5.444444444444445,10.0,56.25925925925926,98.0,7.116809116809117,12.0,0.0,0.0,0.0,38150.0,0.0,0.0,0.0,0.0,0.0,0.0,0.0,0.0,0.0,0.0,0.0,0.0,0.0,0.0,0.0,0.0,539.4328571856022
116,6960000000000,2.0,6.0,2.492877492877493,2.0,4.0,351,1.0,10.0,5.518518518518518,5.0,8.0,351,0.0,0.0,0.0,0.0,0.0,351,2.0,6.0,2.492877492877493,2.0,4.0,351,0.0,0.0,0.0,0.0,0.0,0,0.0,0.0,0.0,0.0,0.0,0,1.0,1.0,1.0,1.0,1.0,122,0.9999999999999998,1.0000000000000002,1.0,1.0,1.0000000000000002,122,1.0,1.0,1.0,1.0,1.0,122,0.9999999999999998,1.0000000000000002,1.0,1.0,1.0000000000000002,122,552.0,0.0,0.0,430.0,122.0,122.0,0.0,0.0,0.0,0.0,0.0,0.0,1.0,0.0,0.0,61.0673613846302,351.0,351.0,4563.0,9477.0,5.518518518518518,10.0,57.925925925925924,101.0,7.475783475783476,12.0,0.0,0.0,0.0,40950.0,0.0,0.0,0.0,0.0,0.0,0.0,0.0,0.0,0.0,0.0,0.0,0.0,0.0,0.0,0.0,0.0,542.2598663717508
117,7020000000000,2.0,6.0,2.492877492877493,2.0,4.0,351,1.0,10.0,5.518518518518518,5.0,8.0,351,0.0,0.0,0.0,0.0,0.0,351,2.0,6.0,2.492877492877493,2.0,4.0,351,0.0,0.0,0.0,0.0,0.0,0,0.0,0.0,0.0,0.0,0.0,0,1.0,1.0,1.0,1.0,1.0,128,0.9999999999999998,1.0000000000000002,1.0,1.0,1.0,128,1.0,1.0,1.0,1.0,1.0,128,0.9999999999999998,1.0000000000000002,1.0,1.0,1.0,128,552.0,0.0,0.0,424.0,128.0,128.0,0.0,0.0,0.0,0.0,0.0,0.0,1.0,0.0,0.0,60.023317113518715,351.0,351.0,4563.0,9477.0,5.518518518518518,10.0,58.407407407407405,101.0,7.6068376068376065,14.0,0.0,0.0,0.0,39900.0,0.0,0.0,0.0,0.0,0.0,0.0,0.0,0.0,0.0,0.0,0.0,0.0,0.0,0.0,0.0,0.0,476.25770047307014
118,7080000000000,2.0,7.0,2.4871794871794872,2.0,4.0,351,1.0,9.0,5.481481481481482,6.0,8.0,351,0.0,0.0,0.0,0.0,0.0,351,2.0,7.0,2.4871794871794872,2.0,4.0,351,0.0,0.0,0.0,0.0,0.0,0,0.0,0.0,0.0,0.0,0.0,0,1.0,1.0,1.0,1.0,1.0,121,0.9999999999999998,1.0000000000000002,1.0,1.0,1.0,121,1.0,1.0,1.0,1.0,1.0,121,0.9999999999999998,1.0000000000000002,1.0,1.0,1.0,121,552.0,0.0,0.0,431.0,121.0,121.0,0.0,0.0,0.0,0.0,0.0,0.0,1.0,0.0,0.0,56.696996092796326,351.0,351.0,4563.0,9477.0,5.481481481481482,9.0,57.25925925925926,90.0,7.572649572649572,12.0,0.0,0.0,0.0,38850.0,0.0,0.0,0.0,0.0,0.0,0.0,0.0,0.0,0.0,0.0,0.0,0.0,0.0,0.0,0.0,0.0,536.1392479389906
119,7140000000000,2.0,7.0,2.49002849002849,2.0,4.0,351,1.0,10.0,5.444444444444445,5.0,8.0,351,0.0,0.0,0.0,0.0,0.0,351,2.0,7.0,2.49002849002849,2.0,4.0,351,0.0,0.0,0.0,0.0,0.0,0,0.0,0.0,0.0,0.0,0.0,0,1.0,1.0,1.0,1.0,1.0,121,0.9999999999999997,1.0000000000000002,1.0,1.0,1.0000000000000002,121,1.0,1.0,1.0,1.0,1.0,121,0.9999999999999997,1.0000000000000002,1.0,1.0,1.0000000000000002,121,552.0,0.0,0.0,431.0,121.0,121.0,0.0,0.0,0.0,0.0,0.0,0.0,1.0,0.0,0.0,57.97914229333401,351.0,351.0,4563.0,9477.0,5.444444444444445,10.0,56.629629629629626,100.0,7.373219373219373,14.0,0.0,0.0,0.0,39900.0,0.0,0.0,0.0,0.0,0.0,0.0,0.0,0.0,0.0,0.0,0.0,0.0,0.0,0.0,0.0,0.0,534.5234386622906
120,7200000000000,2.0,7.0,2.4871794871794872,2.0,4.0,351,1.0,10.0,5.407407407407407,6.0,9.0,351,0.0,0.0,0.0,0.0,0.0,351,2.0,7.0,2.4871794871794872,2.0,4.0,351,0.0,0.0,0.0,0.0,0.0,0,0.0,0.0,0.0,0.0,0.0,0,1.0,1.0,1.0,1.0,1.0,117,0.9999999999999998,1.0000000000000002,1.0,1.0,1.0,117,1.0,1.0,1.0,1.0,1.0,117,0.9999999999999998,1.0000000000000002,1.0,1.0,1.0,117,552.0,0.0,0.0,435.0,117.0,117.0,0.0,0.0,0.0,0.0,0.0,0.0,1.0,0.0,0.0,55.3023312240839,351.0,351.0,4563.0,9477.0,5.407407407407407,10.0,56.03703703703704,101.0,7.401709401709402,12.0,0.0,0.0,0.0,39550.0,0.0,0.0,0.0,0.0,0.0,0.0,0.0,0.0,0.0,0.0,0.0,0.0,0.0,0.0,0.0,0.0,494.16976049542427
121,7260000000000,2.0,8.0,2.4957264957264957,2.0,4.0,351,1.0,10.0,5.555555555555555,6.0,9.0,351,0.0,0.0,0.0,0.0,0.0,351,2.0,8.0,2.4957264957264957,2.0,4.0,351,0.0,0.0,0.0,0.0,0.0,0,0.0,0.0,0.0,0.0,0.0,0,1.0,1.0,1.0,1.0,1.0,115,0.9999999999999998,1.0000000000000002,1.0,1.0,1.0,115,1.0,1.0,1.0,1.0,1.0,115,0.9999999999999998,1.0000000000000002,1.0,1.0,1.0,115,552.0,0.0,0.0,437.0,115.0,115.0,0.0,0.0,0.0,0.0,0.0,0.0,1.0,0.0,0.0,56.07025884091854,351.0,351.0,4563.0,9477.0,5.555555555555555,10.0,58.77777777777778,101.0,7.287749287749287,12.0,0.0,0.0,0.0,38850.0,0.0,0.0,0.0,0.0,0.0,0.0,0.0,0.0,0.0,0.0,0.0,0.0,0.0,0.0,0.0,0.0,535.5694256722927
122,7320000000000,2.0,7.0,2.492877492877493,2.0,4.0,351,1.0,9.0,5.518518518518518,6.0,8.0,351,0.0,0.0,0.0,0.0,0.0,351,2.0,7.0,2.492877492877493,2.0,4.0,351,0.0,0.0,0.0,0.0,0.0,0,0.0,0.0,0.0,0.0,0.0,0,1.0,1.0,1.0,1.0,1.0,136,0.9999999999999998,1.0000000000000002,1.0,1.0,1.0,136,1.0,1.0,1.0,1.0,1.0,136,0.9999999999999998,1.0000000000000002,1.0,1.0,1.0,136,552.0,0.0,0.0,416.0,136.0,136.0,0.0,0.0,0.0,0.0,0.0,0.0,1.0,0.0,0.0,53.12610603868961,351.0,351.0,4563.0,9477.0,5.518518518518518,9.0,58.111111111111114,92.0,7.145299145299146,12.0,0.0,0.0,0.0,37800.0,0.0,0.0,0.0,0.0,0.0,0.0,0.0,0.0,0.0,0.0,0.0,0.0,0.0,0.0,0.0,0.0,505.47950714826584
123,7380000000000,2.0,6.0,2.4957264957264957,2.0,4.0,351,1.0,10.0,5.555555555555555,6.0,8.0,351,0.0,0.0,0.0,0.0,0.0,351,2.0,6.0,2.4957264957264957,2.0,4.0,351,0.0,0.0,0.0,0.0,0.0,0,0.0,0.0,0.0,0.0,0.0,0,1.0,1.0,1.0,1.0,1.0,139,0.9999999999999999,1.0000000000000002,1.0,1.0,1.0000000000000002,139,1.0,1.0,1.0,1.0,1.0,139,0.9999999999999999,1.0000000000000002,1.0,1.0,1.0000000000000002,139,552.0,0.0,0.0,413.0,139.0,139.0,0.0,0.0,0.0,0.0,0.0,0.0,1.0,0.0,0.0,57.98722058534622,351.0,351.0,4563.0,9477.0,5.555555555555555,10.0,58.888888888888886,101.0,7.219373219373219,12.0,0.0,0.0,0.0,38850.0,0.0,0.0,0.0,0.0,0.0,0.0,0.0,0.0,0.0,0.0,0.0,0.0,0.0,0.0,0.0,0.0,579.3496444821358
124,7440000000000,2.0,6.0,2.49002849002849,2.0,4.0,351,1.0,10.0,5.481481481481482,5.0,9.0,351,0.0,0.0,0.0,0.0,0.0,351,2.0,6.0,2.49002849002849,2.0,4.0,351,0.0,0.0,0.0,0.0,0.0,0,0.0,0.0,0.0,0.0,0.0,0,1.0,1.0,1.0,1.0,1.0,124,0.9999999999999999,1.0,1.0,1.0,1.0,124,1.0,1.0,1.0,1.0,1.0,124,0.9999999999999999,1.0,1.0,1.0,1.0,124,552.0,0.0,0.0,428.0,124.0,124.0,0.0,0.0,0.0,0.0,0.0,0.0,1.0,0.0,0.0,56.623661890625954,351.0,351.0,4563.0,9477.0,5.481481481481482,10.0,57.370370370370374,100.0,7.327635327635328,12.0,0.0,0.0,0.0,40250.0,0.0,0.0,0.0,0.0,0.0,0.0,0.0,0.0,0.0,0.0,0.0,0.0,0.0,0.0,0.0,0.0,532.1953408420086
125,7500000000000,2.0,6.0,2.4985754985754984,2.0,4.0,351,1.0,10.0,5.703703703703703,6.0,8.0,351,0.0,0.0,0.0,0.0,0.0,351,2.0,6.0,2.4985754985754984,2.0,4.0,351,0.0,0.0,0.0,0.0,0.0,0,0.0,0.0,0.0,0.0,0.0,0,1.0,1.0,1.0,1.0,1.0,133,1.0,1.0000000000000002,1.0,1.0,1.0000000000000002,133,1.0,1.0,1.0,1.0,1.0,133,1.0,1.0000000000000002,1.0,1.0,1.0000000000000002,133,552.0,0.0,0.0,419.0,133.0,133.0,0.0,0.0,0.0,0.0,0.0,0.0,1.0,0.0,0.0,57.52161704003811,351.0,351.0,4563.0,9477.0,5.703703703703703,10.0,60.55555555555556,102.0,7.794871794871795,14.0,0.0,0.0,0.0,40600.0,0.0,0.0,0.0,0.0,0.0,0.0,0.0,0.0,0.0,0.0,0.0,0.0,0.0,0.0,0.0,0.0,548.8193556666374
126,7560000000000,2.0,8.0,2.49002849002849,2.0,4.0,351,1.0,10.0,5.62962962962963,5.0,9.0,351,0.0,0.0,0.0,0.0,0.0,351,2.0,8.0,2.49002849002849,2.0,4.0,351,0.0,0.0,0.0,0.0,0.0,0,0.0,0.0,0.0,0.0,0.0,0,1.0,1.0,1.0,1.0,1.0,127,1.0,1.0,1.0,1.0,1.0,127,1.0,1.0,1.0,1.0,1.0,127,1.0,1.0,1.0,1.0,1.0,127,552.0,0.0,0.0,425.0,127.0,127.0,0.0,0.0,0.0,0.0,0.0,0.0,1.0,0.0,0.0,57.12089315056801,351.0,351.0,4563.0,9477.0,5.62962962962963,10.0,59.44444444444444,101.0,7.561253561253562,14.0,0.0,0.0,0.0,39200.0,0.0,0.0,0.0,0.0,0.0,0.0,0.0,0.0,0.0,0.0,0.0,0.0,0.0,0.0,0.0,0.0,508.12684185802937
127,7620000000000,2.0,8.0,2.5014245014245016,2.0,4.0,351,1.0,10.0,5.592592592592593,5.0,9.0,351,0.0,0.0,0.0,0.0,0.0,351,2.0,8.0,2.5014245014245016,2.0,4.0,351,0.0,0.0,0.0,0.0,0.0,0,0.0,0.0,0.0,0.0,0.0,0,1.0,1.0,1.0,1.0,1.0,132,0.9999999999999998,1.0000000000000002,1.0,1.0,1.0,132,1.0,1.0,1.0,1.0,1.0,132,0.9999999999999998,1.0000000000000002,1.0,1.0,1.0,132,552.0,0.0,0.0,420.0,132.0,132.0,0.0,0.0,0.0,0.0,0.0,0.0,1.0,0.0,0.0,55.92808313667774,351.0,351.0,4563.0,9477.0,5.592592592592593,10.0,59.407407407407405,104.0,7.521367521367521,12.0,0.0,0.0,0.0,40250.0,0.0,0.0,0.0,0.0,0.0,0.0,0.0,0.0,0.0,0.0,0.0,0.0,0.0,0.0,0.0,0.0,540.9753937274218
128,7680000000000,2.0,7.0,2.492877492877493,2.0,4.0,351,1.0,10.0,5.444444444444445,5.0,9.0,351,0.0,0.0,0.0,0.0,0.0,351,2.0,7.0,2.492877492877493,2.0,4.0,351,0.0,0.0,0.0,0.0,0.0,0,0.0,0.0,0.0,0.0,0.0,0,1.0,1.0,1.0,1.0,1.0,113,0.9999999999999998,1.0000000000000002,1.0,1.0,1.0,113,1.0,1.0,1.0,1.0,1.0,113,0.9999999999999998,1.0000000000000002,1.0,1.0,1.0,113,552.0,0.0,0.0,439.0,113.0,113.0,0.0,0.0,0.0,0.0,0.0,0.0,1.0,0.0,0.0,55.03753572702408,351.0,351.0,4563.0,9477.0,5.444444444444445,10.0,57.0,104.0,7.321937321937322,14.0,0.0,0.0,0.0,38850.0,0.0,0.0,0.0,0.0,0.0,0.0,0.0,0.0,0.0,0.0,0.0,0.0,0.0,0.0,0.0,0.0,523.7425118684769
129,7740000000000,2.0,8.0,2.49002849002849,2.0,4.0,351,1.0,10.0,5.444444444444445,6.0,8.0,351,0.0,0.0,0.0,0.0,0.0,351,2.0,8.0,2.49002849002849,2.0,4.0,351,0.0,0.0,0.0,0.0,0.0,0,0.0,0.0,0.0,0.0,0.0,0,1.0,1.0,1.0,1.0,1.0,121,0.9999999999999998,1.0,1.0,1.0,1.0,121,1.0,1.0,1.0,1.0,1.0,121,0.9999999999999998,1.0,1.0,1.0,1.0,121,552.0,0.0,0.0,431.0,121.0,121.0,0.0,0.0,0.0,0.0,0.0,0.0,1.0,0.0,0.0,56.52514100074768,351.0,351.0,4563.0,9477.0,5.444444444444445,10.0,56.925925925925924,99.0,7.139601139601139,12.0,0.0,0.0,0.0,37800.0,0.0,0.0,0.0,0.0,0.0,0.0,0.0,0.0,0.0,0.0,0.0,0.0,0.0,0.0,0.0,0.0,516.0750541836023
130,7800000000000,2.0,7.0,2.492877492877493,2.0,4.0,351,2.0,8.0,5.481481481481482,6.0,8.0,351,0.0,0.0,0.0,0.0,0.0,351,2.0,7.0,2.492877492877493,2.0,4.0,351,0.0,0.0,0.0,0.0,0.0,0,0.0,0.0,0.0,0.0,0.0,0,1.0,1.0,1.0,1.0,1.0,129,1.0,1.0000000000000002,1.0,1.0,1.0,129,1.0,1.0,1.0,1.0,1.0,129,1.0,1.0000000000000002,1.0,1.0,1.0,129,552.0,0.0,0.0,423.0,129.0,129.0,0.0,0.0,0.0,0.0,0.0,0.0,1.0,0.0,0.0,57.25082941353321,351.0,351.0,4563.0,9477.0,5.481481481481482,8.0,57.925925925925924,87.0,7.236467236467236,10.0,0.0,0.0,0.0,38150.0,0.0,0.0,0.0,0.0,0.0,0.0,0.0,0.0,0.0,0.0,0.0,0.0,0.0,0.0,0.0,0.0,602.78613679111
131,7860000000000,2.0,7.0,2.507122507122507,2.0,4.0,351,2.0,9.0,5.7407407407407405,6.0,9.0,351,0.0,0.0,0.0,0.0,0.0,351,2.0,7.0,2.507122507122507,2.0,4.0,351,0.0,0.0,0.0,0.0,0.0,0,0.0,0.0,0.0,0.0,0.0,0,1.0,1.0,1.0,1.0,1.0,138,0.9999999999999999,1.0000000000000002,1.0,1.0,1.0,138,1.0,1.0,1.0,1.0,1.0,138,0.9999999999999999,1.0000000000000002,1.0,1.0,1.0,138,552.0,0.0,0.0,414.0,138.0,138.0,0.0,0.0,0.0,0.0,0.0,0.0,1.0,0.0,0.0,55.932534858584404,351.0,351.0,4563.0,9477.0,5.7407407407407405,9.0,61.03703703703704,96.0,7.475783475783476,12.0,0.0,0.0,0.0,39900.0,0.0,0.0,0.0,0.0,0.0,0.0,0.0,0.0,0.0,0.0,0.0,0.0,0.0,0.0,0.0,0.0,529.3784961104393
132,7920000000000,2.0,6.0,2.5014245014245016,2.0,4.0,351,2.0,10.0,5.666666666666667,6.0,9.0,351,0.0,0.0,0.0,0.0,0.0,351,2.0,6.0,2.5014245014245016,2.0,4.0,351,0.0,0.0,0.0,0.0,0.0,0,0.0,0.0,0.0,0.0,0.0,0,1.0,1.0,1.0,1.0,1.0,131,0.9999999999999998,1.0000000000000002,1.0,1.0,1.0,131,1.0,1.0,1.0,1.0,1.0,131,0.9999999999999998,1.0000000000000002,1.0,1.0,1.0,131,552.0,0.0,0.0,421.0,131.0,131.0,0.0,0.0,0.0,0.0,0.0,0.0,1.0,0.0,0.0,56.654736399650574,351.0,351.0,4563.0,9477.0,5.666666666666667,10.0,60.111111111111114,101.0,7.481481481481482,12.0,0.0,0.0,0.0,40250.0,0.0,0.0,0.0,0.0,0.0,0.0,0.0,0.0,0.0,0.0,0.0,0.0,0.0,0.0,0.0,0.0,559.4921242445707
133,7980000000000,2.0,6.0,2.49002849002849,2.0,4.0,351,2.0,10.0,5.592592592592593,6.0,9.0,351,0.0,0.0,0.0,0.0,0.0,351,2.0,6.0,2.49002849002849,2.0,4.0,351,0.0,0.0,0.0,0.0,0.0,0,0.0,0.0,0.0,0.0,0.0,0,1.0,1.0,1.0,1.0,1.0,129,0.9999999999999998,1.0000000000000002,1.0,1.0,1.0,129,1.0,1.0,1.0,1.0,1.0,129,0.9999999999999998,1.0000000000000002,1.0,1.0,1.0,129,552.0,0.0,0.0,423.0,129.0,129.0,0.0,0.0,0.0,0.0,0.0,0.0,1.0,0.0,0.0,57.64242820441723,351.0,351.0,4563.0,9477.0,5.592592592592593,10.0,58.96296296296296,100.0,7.504273504273504,12.0,0.0,0.0,0.0,39550.0,0.0,0.0,0.0,0.0,0.0,0.0,0.0,0.0,0.0,0.0,0.0,0.0,0.0,0.0,0.0,0.0,546.6927979141474
134,8040000000000,2.0,7.0,2.5042735042735043,2.0,4.0,351,2.0,10.0,5.777777777777778,6.0,9.0,351,0.0,0.0,0.0,0.0,0.0,351,2.0,7.0,2.5042735042735043,2.0,4.0,351,0.0,0.0,0.0,0.0,0.0,0,0.0,0.0,0.0,0.0,0.0,0,1.0,1.0,1.0,1.0,1.0,128,0.9999999999999998,1.0000000000000002,1.0,1.0,1.0000000000000002,128,1.0,1.0,1.0,1.0,1.0,128,0.9999999999999998,1.0000000000000002,1.0,1.0,1.0000000000000002,128,552.0,0.0,0.0,424.0,128.0,128.0,0.0,0.0,0.0,0.0,0.0,0.0,1.0,0.0,0.0,56.85356818139553,351.0,351.0,4563.0,9477.0,5.777777777777778,10.0,61.592592592592595,103.0,7.703703703703703,14.0,0.0,0.0,0.0,39900.0,0.0,0.0,0.0,0.0,0.0,0.0,0.0,0.0,0.0,0.0,0.0,0.0,0.0,0.0,0.0,0.0,527.0810127258301
135,8100000000000,2.0,7.0,2.507122507122507,2.0,4.0,351,1.0,10.0,5.666666666666667,5.0,8.0,351,0.0,0.0,0.0,0.0,0.0,351,2.0,7.0,2.507122507122507,2.0,4.0,351,0.0,0.0,0.0,0.0,0.0,0,0.0,0.0,0.0,0.0,0.0,0,1.0,1.0,1.0,1.0,1.0,122,0.9999999999999998,1.0000000000000002,1.0,1.0,1.0,122,1.0,1.0,1.0,1.0,1.0,122,0.9999999999999998,1.0000000000000002,1.0,1.0,1.0,122,552.0,0.0,0.0,430.0,122.0,122.0,0.0,0.0,0.0,0.0,0.0,0.0,1.0,0.0,0.0,50.54349638521671,351.0,351.0,4563.0,9477.0,5.666666666666667,10.0,60.7037037037037,102.0,7.4415954415954415,12.0,0.0,0.0,0.0,39550.0,0.0,0.0,0.0,0.0,0.0,0.0,0.0,0.0,0.0,0.0,0.0,0.0,0.0,0.0,0.0,0.0,480.38883693516254
136,8160000000000,2.0,7.0,2.492877492877493,2.0,4.0,351,1.0,10.0,5.481481481481482,6.0,8.0,351,0.0,0.0,0.0,0.0,0.0,351,2.0,7.0,2.492877492877493,2.0,4.0,351,0.0,0.0,0.0,0.0,0.0,0,0.0,0.0,0.0,0.0,0.0,0,1.0,1.0,1.0,1.0,1.0,122,0.9999999999999998,1.0000000000000002,1.0,1.0,1.0000000000000002,122,1.0,1.0,1.0,1.0,1.0,122,0.9999999999999998,1.0000000000000002,1.0,1.0,1.0000000000000002,122,552.0,0.0,0.0,430.0,122.0,122.0,0.0,0.0,0.0,0.0,0.0,0.0,1.0,0.0,0.0,57.55752511322498,351.0,351.0,4563.0,9477.0,5.481481481481482,10.0,57.74074074074074,103.0,7.361823361823362,14.0,0.0,0.0,0.0,38850.0,0.0,0.0,0.0,0.0,0.0,0.0,0.0,0.0,0.0,0.0,0.0,0.0,0.0,0.0,0.0,0.0,503.24104726314545
137,8220000000000,2.0,7.0,2.4871794871794872,2.0,4.0,351,1.0,8.0,5.407407407407407,5.0,8.0,351,0.0,0.0,0.0,0.0,0.0,351,2.0,7.0,2.4871794871794872,2.0,4.0,351,0.0,0.0,0.0,0.0,0.0,0,0.0,0.0,0.0,0.0,0.0,0,1.0,1.0,1.0,1.0,1.0,127,1.0,1.0000000000000002,1.0,1.0,1.0,127,1.0,1.0,1.0,1.0,1.0,127,1.0,1.0000000000000002,1.0,1.0,1.0,127,552.0,0.0,0.0,425.0,127.0,127.0,0.0,0.0,0.0,0.0,0.0,0.0,1.0,0.0,0.0,58.484725654125214,351.0,351.0,4563.0,9477.0,5.407407407407407,8.0,56.22222222222222,89.0,7.168091168091168,12.0,0.0,0.0,0.0,38500.0,0.0,0.0,0.0,0.0,0.0,0.0,0.0,0.0,0.0,0.0,0.0,0.0,0.0,0.0,0.0,0.0,539.199348539114
138,8280000000000,2.0,7.0,2.50997150997151,2.0,4.0,351,2.0,8.0,5.62962962962963,6.0,8.0,351,0.0,0.0,0.0,0.0,0.0,351,2.0,7.0,2.50997150997151,2.0,4.0,351,0.0,0.0,0.0,0.0,0.0,0,0.0,0.0,0.0,0.0,0.0,0,1.0,1.0,1.0,1.0,1.0,131,0.9999999999999998,1.0000000000000002,1.0,1.0,1.0,131,1.0,1.0,1.0,1.0,1.0,131,0.9999999999999998,1.0000000000000002,1.0,1.0,1.0,131,552.0,0.0,0.0,421.0,131.0,131.0,0.0,0.0,0.0,0.0,0.0,0.0,1.0,0.0,0.0,28.601204976439476,351.0,351.0,4563.0,9477.0,5.62962962962963,8.0,60.148148148148145,95.0,7.407407407407407,10.0,0.0,0.0,0.0,38500.0,0.0,0.0,0.0,0.0,0.0,0.0,0.0,0.0,0.0,0.0,0.0,0.0,0.0,0.0,0.0,0.0,537.2267924249172
139,8340000000000,2.0,7.0,2.49002849002849,2.0,4.0,351,2.0,9.0,5.481481481481482,6.0,8.0,351,0.0,0.0,0.0,0.0,0.0,351,2.0,7.0,2.49002849002849,2.0,4.0,351,0.0,0.0,0.0,0.0,0.0,0,0.0,0.0,0.0,0.0,0.0,0,1.0,1.0,1.0,1.0,1.0,124,0.9999999999999999,1.0000000000000002,1.0,1.0,1.0,124,1.0,1.0,1.0,1.0,1.0,124,0.9999999999999999,1.0000000000000002,1.0,1.0,1.0,124,552.0,0.0,0.0,428.0,124.0,124.0,0.0,0.0,0.0,0.0,0.0,0.0,1.0,0.0,0.0,53.06632071733475,351.0,351.0,4563.0,9477.0,5.481481481481482,9.0,57.592592592592595,97.0,7.293447293447294,10.0,0.0,0.0,0.0,39550.0,0.0,0.0,0.0,0.0,0.0,0.0,0.0,0.0,0.0,0.0,0.0,0.0,0.0,0.0,0.0,0.0,514.3005754798651
140,8400000000000,2.0,6.0,2.507122507122507,2.0,4.0,351,2.0,10.0,5.703703703703703,5.0,9.0,351,0.0,0.0,0.0,0.0,0.0,351,2.0,6.0,2.507122507122507,2.0,4.0,351,0.0,0.0,0.0,0.0,0.0,0,0.0,0.0,0.0,0.0,0.0,0,1.0,1.0,1.0,1.0,1.0,128,1.0,1.0000000000000002,1.0,1.0,1.0,128,1.0,1.0,1.0,1.0,1.0,128,1.0,1.0000000000000002,1.0,1.0,1.0,128,552.0,0.0,0.0,424.0,128.0,128.0,0.0,0.0,0.0,0.0,0.0,0.0,1.0,0.0,0.0,58.43089334666729,351.0,351.0,4563.0,9477.0,5.703703703703703,10.0,61.111111111111114,102.0,7.50997150997151,12.0,0.0,0.0,0.0,40950.0,0.0,0.0,0.0,0.0,0.0,0.0,0.0,0.0,0.0,0.0,0.0,0.0,0.0,0.0,0.0,0.0,565.8061634749174
141,8460000000000,2.0,6.0,2.49002849002849,2.0,4.0,351,2.0,10.0,5.555555555555555,6.0,8.0,351,0.0,0.0,0.0,0.0,0.0,351,2.0,6.0,2.49002849002849,2.0,4.0,351,0.0,0.0,0.0,0.0,0.0,0,0.0,0.0,0.0,0.0,0.0,0,1.0,1.0,1.0,1.0,1.0,127,0.9999999999999998,1.0000000000000002,1.0,1.0,1.0,127,1.0,1.0,1.0,1.0,1.0,127,0.9999999999999998,1.0000000000000002,1.0,1.0,1.0,127,552.0,0.0,0.0,425.0,127.0,127.0,0.0,0.0,0.0,0.0,0.0,0.0,1.0,0.0,0.0,57.606395334005356,351.0,351.0,4563.0,9477.0,5.555555555555555,10.0,58.25925925925926,102.0,7.584045584045584,12.0,0.0,0.0,0.0,39900.0,0.0,0.0,0.0,0.0,0.0,0.0,0.0,0.0,0.0,0.0,0.0,0.0,0.0,0.0,0.0,0.0,519.630242139101
142,8520000000000,2.0,7.0,2.4871794871794872,2.0,4.0,351,2.0,10.0,5.518518518518518,6.0,8.0,351,0.0,0.0,0.0,0.0,0.0,351,2.0,7.0,2.4871794871794872,2.0,4.0,351,0.0,0.0,0.0,0.0,0.0,0,0.0,0.0,0.0,0.0,0.0,0,1.0,1.0,1.0,1.0,1.0,128,0.9999999999999998,1.0,1.0,1.0,1.0,128,1.0,1.0,1.0,1.0,1.0,128,0.9999999999999998,1.0,1.0,1.0,1.0,128,552.0,0.0,0.0,424.0,128.0,128.0,0.0,0.0,0.0,0.0,0.0,0.0,1.0,0.0,0.0,28.77403050661087,351.0,351.0,4563.0,9477.0,5.518518518518518,10.0,57.55555555555556,102.0,7.452991452991453,14.0,0.0,0.0,0.0,38850.0,0.0,0.0,0.0,0.0,0.0,0.0,0.0,0.0,0.0,0.0,0.0,0.0,0.0,0.0,0.0,0.0,311.4026878029108
143,8580000000000,2.0,7.0,2.492877492877493,2.0,4.0,351,2.0,10.0,5.518518518518518,6.0,8.0,351,0.0,0.0,0.0,0.0,0.0,351,2.0,7.0,2.492877492877493,2.0,4.0,351,0.0,0.0,0.0,0.0,0.0,0,0.0,0.0,0.0,0.0,0.0,0,1.0,1.0,1.0,1.0,1.0,121,0.9999999999999998,1.0000000000000002,1.0,1.0,1.0,121,1.0,1.0,1.0,1.0,1.0,121,0.9999999999999998,1.0000000000000002,1.0,1.0,1.0,121,552.0,0.0,0.0,431.0,121.0,121.0,0.0,0.0,0.0,0.0,0.0,0.0,1.0,0.0,0.0,61.676133424043655,351.0,351.0,4563.0,9477.0,5.518518518518518,10.0,57.55555555555556,99.0,7.50997150997151,12.0,0.0,0.0,0.0,39900.0,0.0,0.0,0.0,0.0,0.0,0.0,0.0,0.0,0.0,0.0,0.0,0.0,0.0,0.0,0.0,0.0,559.5106557011604
144,8640000000000,2.0,7.0,2.492877492877493,2.0,4.0,351,1.0,9.0,5.592592592592593,6.0,9.0,351,0.0,0.0,0.0,0.0,0.0,351,2.0,7.0,2.492877492877493,2.0,4.0,351,0.0,0.0,0.0,0.0,0.0,0,0.0,0.0,0.0,0.0,0.0,0,1.0,1.0,1.0,1.0,1.0,137,0.9999999999999998,1.0000000000000002,1.0,1.0,1.0,137,1.0,1.0,1.0,1.0,1.0,137,0.9999999999999998,1.0000000000000002,1.0,1.0,1.0,137,552.0,0.0,0.0,415.0,137.0,137.0,0.0,0.0,0.0,0.0,0.0,0.0,1.0,0.0,0.0,57.754792273044586,351.0,351.0,4563.0,9477.0,5.592592592592593,9.0,58.74074074074074,94.0,7.396011396011396,14.0,0.0,0.0,0.0,38850.0,0.0,0.0,0.0,0.0,0.0,0.0,0.0,0.0,0.0,0.0,0.0,0.0,0.0,0.0,0.0,0.0,549.8409885913134
145,8700000000000,2.0,7.0,2.4871794871794872,2.0,4.0,351,2.0,9.0,5.481481481481482,5.0,8.0,351,0.0,0.0,0.0,0.0,0.0,351,2.0,7.0,2.4871794871794872,2.0,4.0,351,0.0,0.0,0.0,0.0,0.0,0,0.0,0.0,0.0,0.0,0.0,0,1.0,1.0,1.0,1.0,1.0,124,0.9999999999999998,1.0,1.0,1.0,1.0,124,1.0,1.0,1.0,1.0,1.0,124,0.9999999999999998,1.0,1.0,1.0,1.0,124,552.0,0.0,0.0,428.0,124.0,124.0,0.0,0.0,0.0,0.0,0.0,0.0,1.0,0.0,0.0,60.92006713151932,351.0,351.0,4563.0,9477.0,5.481481481481482,9.0,57.074074074074076,91.0,7.219373219373219,12.0,0.0,0.0,0.0,38500.0,0.0,0.0,0.0,0.0,0.0,0.0,0.0,0.0,0.0,0.0,0.0,0.0,0.0,0.0,0.0,0.0,539.4008960574865
146,8760000000000,2.0,7.0,2.5042735042735043,2.0,4.0,351,2.0,9.0,5.518518518518518,5.0,8.0,351,0.0,0.0,0.0,0.0,0.0,351,2.0,7.0,2.5042735042735043,2.0,4.0,351,0.0,0.0,0.0,0.0,0.0,0,0.0,0.0,0.0,0.0,0.0,0,1.0,1.0,1.0,1.0,1.0,126,0.9999999999999998,1.0000000000000002,1.0,1.0,1.0,126,1.0,1.0,1.0,1.0,1.0,126,0.9999999999999998,1.0000000000000002,1.0,1.0,1.0,126,552.0,0.0,0.0,426.0,126.0,126.0,0.0,0.0,0.0,0.0,0.0,0.0,1.0,0.0,0.0,61.160631477832794,351.0,351.0,4563.0,9477.0,5.518518518518518,9.0,59.407407407407405,96.0,7.253561253561253,10.0,0.0,0.0,0.0,37800.0,0.0,0.0,0.0,0.0,0.0,0.0,0.0,0.0,0.0,0.0,0.0,0.0,0.0,0.0,0.0,0.0,464.2859008163214
147,8820000000000,2.0,6.0,2.49002849002849,2.0,4.0,351,2.0,9.0,5.518518518518518,6.0,8.0,351,0.0,0.0,0.0,0.0,0.0,351,2.0,6.0,2.49002849002849,2.0,4.0,351,0.0,0.0,0.0,0.0,0.0,0,0.0,0.0,0.0,0.0,0.0,0,1.0,1.0,1.0,1.0,1.0,115,0.9999999999999999,1.0000000000000002,1.0,1.0,1.0,115,1.0,1.0,1.0,1.0,1.0,115,0.9999999999999999,1.0000000000000002,1.0,1.0,1.0,115,552.0,0.0,0.0,437.0,115.0,115.0,0.0,0.0,0.0,0.0,0.0,0.0,1.0,0.0,0.0,53.948257118463516,351.0,351.0,4563.0,9477.0,5.518518518518518,9.0,57.925925925925924,94.0,7.327635327635328,12.0,0.0,0.0,0.0,38500.0,0.0,0.0,0.0,0.0,0.0,0.0,0.0,0.0,0.0,0.0,0.0,0.0,0.0,0.0,0.0,0.0,482.10402205586433
148,8880000000000,2.0,7.0,2.4957264957264957,2.0,4.0,351,2.0,8.0,5.703703703703703,6.0,8.0,351,0.0,0.0,0.0,0.0,0.0,351,2.0,7.0,2.4957264957264957,2.0,4.0,351,0.0,0.0,0.0,0.0,0.0,0,0.0,0.0,0.0,0.0,0.0,0,1.0,1.0,1.0,1.0,1.0,123,0.9999999999999998,1.0000000000000002,1.0,1.0,1.0,123,1.0,1.0,1.0,1.0,1.0,123,0.9999999999999998,1.0000000000000002,1.0,1.0,1.0,123,552.0,0.0,0.0,429.0,123.0,123.0,0.0,0.0,0.0,0.0,0.0,0.0,1.0,0.0,0.0,65.10348804295063,351.0,351.0,4563.0,9477.0,5.703703703703703,8.0,60.03703703703704,87.0,7.6923076923076925,12.0,0.0,0.0,0.0,40600.0,0.0,0.0,0.0,0.0,0.0,0.0,0.0,0.0,0.0,0.0,0.0,0.0,0.0,0.0,0.0,0.0,583.0154567956924
149,8940000000000,2.0,7.0,2.5014245014245016,2.0,4.0,351,2.0,9.0,5.62962962962963,6.0,8.0,351,0.0,0.0,0.0,0.0,0.0,351,2.0,7.0,2.5014245014245016,2.0,4.0,351,0.0,0.0,0.0,0.0,0.0,0,0.0,0.0,0.0,0.0,0.0,0,1.0,1.0,1.0,1.0,1.0,124,1.0,1.0,1.0,1.0,1.0,124,1.0,1.0,1.0,1.0,1.0,124,1.0,1.0,1.0,1.0,1.0,124,552.0,0.0,0.0,428.0,124.0,124.0,0.0,0.0,0.0,0.0,0.0,0.0,1.0,0.0,0.0,57.12566711008549,351.0,351.0,4563.0,9477.0,5.62962962962963,9.0,59.74074074074074,94.0,7.578347578347579,12.0,0.0,0.0,0.0,40250.0,0.0,0.0,0.0,0.0,0.0,0.0,0.0,0.0,0.0,0.0,0.0,0.0,0.0,0.0,0.0,0.0,548.6701801419258
150,9000000000000,2.0,7.0,2.4985754985754984,2.0,4.0,351,2.0,9.0,5.666666666666667,6.0,8.0,351,0.0,0.0,0.0,0.0,0.0,351,2.0,7.0,2.4985754985754984,2.0,4.0,351,0.0,0.0,0.0,0.0,0.0,0,0.0,0.0,0.0,0.0,0.0,0,1.0,1.0,1.0,1.0,1.0,131,0.9999999999999999,1.0000000000000002,1.0,1.0,1.0,131,1.0,1.0,1.0,1.0,1.0,131,0.9999999999999999,1.0000000000000002,1.0,1.0,1.0,131,552.0,0.0,0.0,421.0,131.0,131.0,0.0,0.0,0.0,0.0,0.0,0.0,1.0,0.0,0.0,56.16644397377968,351.0,351.0,4563.0,9477.0,5.666666666666667,9.0,60.148148148148145,97.0,7.452991452991453,12.0,0.0,0.0,0.0,38850.0,0.0,0.0,0.0,0.0,0.0,0.0,0.0,0.0,0.0,0.0,0.0,0.0,0.0,0.0,0.0,0.0,522.7871760725975
151,9060000000000,2.0,7.0,2.4786324786324787,2.0,4.0,351,1.0,9.0,5.407407407407407,5.0,8.0,351,0.0,0.0,0.0,0.0,0.0,351,2.0,7.0,2.4786324786324787,2.0,4.0,351,0.0,0.0,0.0,0.0,0.0,0,0.0,0.0,0.0,0.0,0.0,0,1.0,1.0,1.0,1.0,1.0,118,0.9999999999999998,1.0000000000000002,1.0,1.0,1.0000000000000002,118,1.0,1.0,1.0,1.0,1.0,118,0.9999999999999998,1.0000000000000002,1.0,1.0,1.0000000000000002,118,552.0,0.0,0.0,434.0,118.0,118.0,0.0,0.0,0.0,0.0,0.0,0.0,1.0,0.0,0.0,54.86905202269554,351.0,351.0,4563.0,9477.0,5.407407407407407,9.0,55.03703703703704,92.0,7.43019943019943,14.0,0.0,0.0,0.0,38850.0,0.0,0.0,0.0,0.0,0.0,0.0,0.0,0.0,0.0,0.0,0.0,0.0,0.0,0.0,0.0,0.0,513.1892394274473
152,9120000000000,2.0,7.0,2.4786324786324787,2.0,4.0,351,1.0,9.0,5.407407407407407,5.0,8.0,351,0.0,0.0,0.0,0.0,0.0,351,2.0,7.0,2.4786324786324787,2.0,4.0,351,0.0,0.0,0.0,0.0,0.0,0,0.0,0.0,0.0,0.0,0.0,0,1.0,1.0,1.0,1.0,1.0,126,1.0,1.0000000000000002,1.0,1.0,1.0,126,1.0,1.0,1.0,1.0,1.0,126,1.0,1.0000000000000002,1.0,1.0,1.0,126,552.0,0.0,0.0,426.0,126.0,126.0,0.0,0.0,0.0,0.0,0.0,0.0,1.0,0.0,0.0,56.740351021289825,351.0,351.0,4563.0,9477.0,5.407407407407407,9.0,55.407407407407405,90.0,7.333333333333333,14.0,0.0,0.0,0.0,39200.0,0.0,0.0,0.0,0.0,0.0,0.0,0.0,0.0,0.0,0.0,0.0,0.0,0.0,0.0,0.0,0.0,507.7908802777529
153,9180000000000,2.0,7.0,2.5042735042735043,2.0,4.0,351,2.0,9.0,5.62962962962963,5.0,8.0,351,0.0,0.0,0.0,0.0,0.0,351,2.0,7.0,2.5042735042735043,2.0,4.0,351,0.0,0.0,0.0,0.0,0.0,0,0.0,0.0,0.0,0.0,0.0,0,1.0,1.0,1.0,1.0,1.0,137,1.0,1.0,1.0,1.0,1.0,137,1.0,1.0,1.0,1.0,1.0,137,1.0,1.0,1.0,1.0,1.0,137,552.0,0.0,0.0,415.0,137.0,137.0,0.0,0.0,0.0,0.0,0.0,0.0,1.0,0.0,0.0,57.265231385827065,351.0,351.0,4563.0,9477.0,5.62962962962963,9.0,60.148148148148145,93.0,7.54985754985755,12.0,0.0,0.0,0.0,40600.0,0.0,0.0,0.0,0.0,0.0,0.0,0.0,0.0,0.0,0.0,0.0,0.0,0.0,0.0,0.0,0.0,617.4917314201593
154,9240000000000,2.0,7.0,2.507122507122507,2.0,4.0,351,2.0,9.0,5.62962962962963,5.0,8.0,351,0.0,0.0,0.0,0.0,0.0,351,2.0,7.0,2.507122507122507,2.0,4.0,351,0.0,0.0,0.0,0.0,0.0,0,0.0,0.0,0.0,0.0,0.0,0,1.0,1.0,1.0,1.0,1.0,132,0.9999999999999998,1.0000000000000002,1.0,1.0,1.0,132,1.0,1.0,1.0,1.0,1.0,132,0.9999999999999998,1.0000000000000002,1.0,1.0,1.0,132,552.0,0.0,0.0,420.0,132.0,132.0,0.0,0.0,0.0,0.0,0.0,0.0,1.0,0.0,0.0,57.56381154060364,351.0,351.0,4563.0,9477.0,5.62962962962963,9.0,61.074074074074076,98.0,7.515669515669516,10.0,0.0,0.0,0.0,38500.0,0.0,0.0,0.0,0.0,0.0,0.0,0.0,0.0,0.0,0.0,0.0,0.0,0.0,0.0,0.0,0.0,545.394329354167
155,9300000000000,2.0,6.0,2.492877492877493,2.0,4.0,351,2.0,9.0,5.592592592592593,6.0,8.0,351,0.0,0.0,0.0,0.0,0.0,351,2.0,6.0,2.492877492877493,2.0,4.0,351,0.0,0.0,0.0,0.0,0.0,0,0.0,0.0,0.0,0.0,0.0,0,1.0,1.0,1.0,1.0,1.0,120,0.9999999999999998,1.0000000000000002,1.0,1.0,1.0,120,1.0,1.0,1.0,1.0,1.0,120,0.9999999999999998,1.0000000000000002,1.0,1.0,1.0,120,552.0,0.0,0.0,432.0,120.0,120.0,0.0,0.0,0.0,0.0,0.0,0.0,1.0,0.0,0.0,43.72674040496349,351.0,351.0,4563.0,9477.0,5.592592592592593,9.0,59.0,93.0,7.555555555555555,12.0,0.0,0.0,0.0,39550.0,0.0,0.0,0.0,0.0,0.0,0.0,0.0,0.0,0.0,0.0,0.0,0.0,0.0,0.0,0.0,0.0,497.89598025381565
156,9360000000000,2.0,7.0,2.4985754985754984,2.0,4.0,351,1.0,9.0,5.62962962962963,6.0,8.0,351,0.0,0.0,0.0,0.0,0.0,351,2.0,7.0,2.4985754985754984,2.0,4.0,351,0.0,0.0,0.0,0.0,0.0,0,0.0,0.0,0.0,0.0,0.0,0,1.0,1.0,1.0,1.0,1.0,120,0.9999999999999998,1.0,1.0,1.0,1.0,120,1.0,1.0,1.0,1.0,1.0,120,0.9999999999999998,1.0,1.0,1.0,1.0,120,552.0,0.0,0.0,432.0,120.0,120.0,0.0,0.0,0.0,0.0,0.0,0.0,1.0,0.0,0.0,57.21242353320122,351.0,351.0,4563.0,9477.0,5.62962962962963,9.0,59.370370370370374,96.0,7.578347578347579,12.0,0.0,0.0,0.0,40600.0,0.0,0.0,0.0,0.0,0.0,0.0,0.0,0.0,0.0,0.0,0.0,0.0,0.0,0.0,0.0,0.0,552.653606981039
157,9420000000000,2.0,7.0,2.507122507122507,2.0,4.0,351,1.0,9.0,5.592592592592593,6.0,8.0,351,0.0,0.0,0.0,0.0,0.0,351,2.0,7.0,2.507122507122507,2.0,4.0,351,0.0,0.0,0.0,0.0,0.0,0,0.0,0.0,0.0,0.0,0.0,0,1.0,1.0,1.0,1.0,1.0,116,1.0,1.0,1.0,1.0,1.0,116,1.0,1.0,1.0,1.0,1.0,116,1.0,1.0,1.0,1.0,1.0,116,552.0,0.0,0.0,436.0,116.0,116.0,0.0,0.0,0.0,0.0,0.0,0.0,1.0,0.0,0.0,57.50730261206627,351.0,351.0,4563.0,9477.0,5.592592592592593,9.0,59.370370370370374,96.0,7.641025641025641,12.0,0.0,0.0,0.0,40250.0,0.0,0.0,0.0,0.0,0.0,0.0,0.0,0.0,0.0,0.0,0.0,0.0,0.0,0.0,0.0,0.0,550.7895890623331
158,9480000000000,2.0,7.0,2.4957264957264957,2.0,4.0,351,1.0,10.0,5.666666666666667,6.0,8.0,351,0.0,0.0,0.0,0.0,0.0,351,2.0,7.0,2.4957264957264957,2.0,4.0,351,0.0,0.0,0.0,0.0,0.0,0,0.0,0.0,0.0,0.0,0.0,0,1.0,1.0,1.0,1.0,1.0,119,0.9999999999999998,1.0000000000000002,1.0,1.0,1.0,119,1.0,1.0,1.0,1.0,1.0,119,0.9999999999999998,1.0000000000000002,1.0,1.0,1.0,119,552.0,0.0,0.0,433.0,119.0,119.0,0.0,0.0,0.0,0.0,0.0,0.0,1.0,0.0,0.0,57.17450752854347,351.0,351.0,4563.0,9477.0,5.666666666666667,10.0,59.407407407407405,104.0,7.561253561253562,14.0,0.0,0.0,0.0,39200.0,0.0,0.0,0.0,0.0,0.0,0.0,0.0,0.0,0.0,0.0,0.0,0.0,0.0,0.0,0.0,0.0,537.5889092683792
159,9540000000000,2.0,7.0,2.4957264957264957,2.0,4.0,351,1.0,10.0,5.518518518518518,6.0,8.0,351,0.0,0.0,0.0,0.0,0.0,351,2.0,7.0,2.4957264957264957,2.0,4.0,351,0.0,0.0,0.0,0.0,0.0,0,0.0,0.0,0.0,0.0,0.0,0,1.0,1.0,1.0,1.0,1.0,125,0.9999999999999998,1.0000000000000002,1.0,1.0,1.0,125,1.0,1.0,1.0,1.0,1.0,125,0.9999999999999998,1.0000000000000002,1.0,1.0,1.0,125,552.0,0.0,0.0,427.0,125.0,125.0,0.0,0.0,0.0,0.0,0.0,0.0,1.0,0.0,0.0,56.67675472795963,351.0,351.0,4563.0,9477.0,5.518518518518518,10.0,58.0,103.0,7.316239316239316,12.0,0.0,0.0,0.0,38850.0,0.0,0.0,0.0,0.0,0.0,0.0,0.0,0.0,0.0,0.0,0.0,0.0,0.0,0.0,0.0,0.0,531.1067327857018
160,9600000000000,2.0,7.0,2.4843304843304845,2.0,4.0,351,1.0,10.0,5.481481481481482,6.0,8.0,351,0.0,0.0,0.0,0.0,0.0,351,2.0,7.0,2.4843304843304845,2.0,4.0,351,0.0,0.0,0.0,0.0,0.0,0,0.0,0.0,0.0,0.0,0.0,0,1.0,1.0,1.0,1.0,1.0,128,0.9999999999999999,1.0000000000000002,1.0,1.0,1.0000000000000002,128,1.0,1.0,1.0,1.0,1.0,128,0.9999999999999999,1.0000000000000002,1.0,1.0,1.0000000000000002,128,552.0,0.0,0.0,424.0,128.0,128.0,0.0,0.0,0.0,0.0,0.0,0.0,1.0,0.0,0.0,56.859517470002174,351.0,351.0,4563.0,9477.0,5.481481481481482,10.0,56.55555555555556,100.0,7.413105413105413,14.0,0.0,0.0,0.0,39900.0,0.0,0.0,0.0,0.0,0.0,0.0,0.0,0.0,0.0,0.0,0.0,0.0,0.0,0.0,0.0,0.0,533.3222635090351
161,9660000000000,2.0,7.0,2.4985754985754984,2.0,4.0,351,1.0,10.0,5.592592592592593,5.0,8.0,351,0.0,0.0,0.0,0.0,0.0,351,2.0,7.0,2.4985754985754984,2.0,4.0,351,0.0,0.0,0.0,0.0,0.0,0,0.0,0.0,0.0,0.0,0.0,0,1.0,1.0,1.0,1.0,1.0,126,0.9999999999999998,1.0000000000000002,1.0,1.0,1.0,126,1.0,1.0,1.0,1.0,1.0,126,0.9999999999999998,1.0000000000000002,1.0,1.0,1.0,126,552.0,0.0,0.0,426.0,126.0,126.0,0.0,0.0,0.0,0.0,0.0,0.0,1.0,0.0,0.0,56.075988337397575,351.0,351.0,4563.0,9477.0,5.592592592592593,10.0,59.2962962962963,100.0,7.487179487179487,12.0,0.0,0.0,0.0,40250.0,0.0,0.0,0.0,0.0,0.0,0.0,0.0,0.0,0.0,0.0,0.0,0.0,0.0,0.0,0.0,0.0,593.4754014015198
162,9720000000000,2.0,7.0,2.5014245014245016,2.0,4.0,351,1.0,9.0,5.592592592592593,5.0,9.0,351,0.0,0.0,0.0,0.0,0.0,351,2.0,7.0,2.5014245014245016,2.0,4.0,351,0.0,0.0,0.0,0.0,0.0,0,0.0,0.0,0.0,0.0,0.0,0,1.0,1.0,1.0,1.0,1.0,131,0.9999999999999998,1.0000000000000002,1.0,1.0,1.0,131,1.0,1.0,1.0,1.0,1.0,131,0.9999999999999998,1.0000000000000002,1.0,1.0,1.0,131,552.0,0.0,0.0,421.0,131.0,131.0,0.0,0.0,0.0,0.0,0.0,0.0,1.0,0.0,0.0,56.2509149312973,351.0,351.0,4563.0,9477.0,5.592592592592593,9.0,59.925925925925924,107.0,7.555555555555555,12.0,0.0,0.0,0.0,38850.0,0.0,0.0,0.0,0.0,0.0,0.0,0.0,0.0,0.0,0.0,0.0,0.0,0.0,0.0,0.0,0.0,521.5553678572178
163,9780000000000,2.0,7.0,2.49002849002849,2.0,4.0,351,1.0,9.0,5.555555555555555,6.0,8.0,351,0.0,0.0,0.0,0.0,0.0,351,2.0,7.0,2.49002849002849,2.0,4.0,351,0.0,0.0,0.0,0.0,0.0,0,0.0,0.0,0.0,0.0,0.0,0,1.0,1.0,1.0,1.0,1.0,115,0.9999999999999998,1.0000000000000002,1.0,1.0,1.0,115,1.0,1.0,1.0,1.0,1.0,115,0.9999999999999998,1.0000000000000002,1.0,1.0,1.0,115,552.0,0.0,0.0,437.0,115.0,115.0,0.0,0.0,0.0,0.0,0.0,0.0,1.0,0.0,0.0,55.66277541220188,351.0,351.0,4563.0,9477.0,5.555555555555555,9.0,58.96296296296296,93.0,7.4415954415954415,12.0,0.0,0.0,0.0,38850.0,0.0,0.0,0.0,0.0,0.0,0.0,0.0,0.0,0.0,0.0,0.0,0.0,0.0,0.0,0.0,0.0,512.7511005848646
164,9840000000000,2.0,7.0,2.4957264957264957,2.0,4.0,351,1.0,10.0,5.518518518518518,6.0,8.0,351,0.0,0.0,0.0,0.0,0.0,351,2.0,7.0,2.4957264957264957,2.0,4.0,351,0.0,0.0,0.0,0.0,0.0,0,0.0,0.0,0.0,0.0,0.0,0,1.0,1.0,1.0,1.0,1.0,117,0.9999999999999999,1.0000000000000002,1.0,1.0,1.0,117,1.0,1.0,1.0,1.0,1.0,117,0.9999999999999999,1.0000000000000002,1.0,1.0,1.0,117,552.0,0.0,0.0,435.0,117.0,117.0,0.0,0.0,0.0,0.0,0.0,0.0,1.0,0.0,0.0,56.644877418875694,351.0,351.0,4563.0,9477.0,5.518518518518518,10.0,57.407407407407405,104.0,7.475783475783476,14.0,0.0,0.0,0.0,40250.0,0.0,0.0,0.0,0.0,0.0,0.0,0.0,0.0,0.0,0.0,0.0,0.0,0.0,0.0,0.0,0.0,532.9386088997126
165,9900000000000,2.0,7.0,2.5042735042735043,2.0,4.0,351,1.0,9.0,5.62962962962963,6.0,8.0,351,0.0,0.0,0.0,0.0,0.0,351,2.0,7.0,2.5042735042735043,2.0,4.0,351,0.0,0.0,0.0,0.0,0.0,0,0.0,0.0,0.0,0.0,0.0,0,1.0,1.0,1.0,1.0,1.0,114,0.9999999999999998,1.0000000000000002,1.0,1.0,1.0,114,1.0,1.0,1.0,1.0,1.0,114,0.9999999999999998,1.0000000000000002,1.0,1.0,1.0,114,552.0,0.0,0.0,438.0,114.0,114.0,0.0,0.0,0.0,0.0,0.0,0.0,1.0,0.0,0.0,56.701067835092545,351.0,351.0,4563.0,9477.0,5.62962962962963,9.0,59.55555555555556,93.0,7.680911680911681,12.0,0.0,0.0,0.0,40250.0,0.0,0.0,0.0,0.0,0.0,0.0,0.0,0.0,0.0,0.0,0.0,0.0,0.0,0.0,0.0,0.0,537.8357712179422
166,9960000000000,2.0,8.0,2.4757834757834756,2.0,4.0,351,1.0,10.0,5.481481481481482,6.0,8.0,351,0.0,0.0,0.0,0.0,0.0,351,2.0,8.0,2.4757834757834756,2.0,4.0,351,0.0,0.0,0.0,0.0,0.0,0,0.0,0.0,0.0,0.0,0.0,0,1.0,1.0,1.0,1.0,1.0,116,0.9999999999999998,1.0000000000000002,1.0,1.0,1.0,116,1.0,1.0,1.0,1.0,1.0,116,0.9999999999999998,1.0000000000000002,1.0,1.0,1.0,116,552.0,0.0,0.0,436.0,116.0,116.0,0.0,0.0,0.0,0.0,0.0,0.0,1.0,0.0,0.0,55.70200830698013,351.0,351.0,4563.0,9477.0,5.481481481481482,10.0,56.148148148148145,102.0,7.230769230769231,12.0,0.0,0.0,0.0,37800.0,0.0,0.0,0.0,0.0,0.0,0.0,0.0,0.0,0.0,0.0,0.0,0.0,0.0,0.0,0.0,0.0,481.04879446327686
167,10020000000000,2.0,7.0,2.49002849002849,2.0,4.0,351,1.0,10.0,5.481481481481482,6.0,8.0,351,0.0,0.0,0.0,0.0,0.0,351,2.0,7.0,2.49002849002849,2.0,4.0,351,0.0,0.0,0.0,0.0,0.0,0,0.0,0.0,0.0,0.0,0.0,0,1.0,1.0,1.0,1.0,1.0,134,0.9999999999999999,1.0000000000000002,1.0,1.0,1.0,134,1.0,1.0,1.0,1.0,1.0,134,0.9999999999999999,1.0000000000000002,1.0,1.0,1.0,134,552.0,0.0,0.0,418.0,134.0,134.0,0.0,0.0,0.0,0.0,0.0,0.0,1.0,0.0,0.0,57.45301954448223,351.0,351.0,4563.0,9477.0,5.481481481481482,10.0,57.111111111111114,103.0,7.310541310541311,12.0,0.0,0.0,0.0,38850.0,0.0,0.0,0.0,0.0,0.0,0.0,0.0,0.0,0.0,0.0,0.0,0.0,0.0,0.0,0.0,0.0,527.7658998966217
168,10080000000000,2.0,6.0,2.4871794871794872,2.0,4.0,351,1.0,10.0,5.481481481481482,5.0,8.0,351,0.0,0.0,0.0,0.0,0.0,351,2.0,6.0,2.4871794871794872,2.0,4.0,351,0.0,0.0,0.0,0.0,0.0,0,0.0,0.0,0.0,0.0,0.0,0,1.0,1.0,1.0,1.0,1.0,137,0.9999999999999998,1.0000000000000002,1.0,1.0,1.0,137,1.0,1.0,1.0,1.0,1.0,137,0.9999999999999998,1.0000000000000002,1.0,1.0,1.0,137,552.0,0.0,0.0,415.0,137.0,137.0,0.0,0.0,0.0,0.0,0.0,0.0,1.0,0.0,0.0,57.431016117334366,351.0,351.0,4563.0,9477.0,5.481481481481482,10.0,57.074074074074076,99.0,7.230769230769231,14.0,0.0,0.0,0.0,39200.0,0.0,0.0,0.0,0.0,0.0,0.0,0.0,0.0,0.0,0.0,0.0,0.0,0.0,0.0,0.0,0.0,606.8914122879505
169,10140000000000,2.0,6.0,2.4871794871794872,2.0,4.0,351,1.0,10.0,5.518518518518518,5.0,8.0,351,0.0,0.0,0.0,0.0,0.0,351,2.0,6.0,2.4871794871794872,2.0,4.0,351,0.0,0.0,0.0,0.0,0.0,0,0.0,0.0,0.0,0.0,0.0,0,1.0,1.0,1.0,1.0,1.0,126,0.9999999999999998,1.0,1.0,1.0,1.0,126,1.0,1.0,1.0,1.0,1.0,126,0.9999999999999998,1.0,1.0,1.0,1.0,126,552.0,0.0,0.0,426.0,126.0,126.0,0.0,0.0,0.0,0.0,0.0,0.0,1.0,0.0,0.0,59.17362868785858,351.0,351.0,4563.0,9477.0,5.518518518518518,10.0,57.51851851851852,100.0,7.555555555555555,12.0,0.0,0.0,0.0,40600.0,0.0,0.0,0.0,0.0,0.0,0.0,0.0,0.0,0.0,0.0,0.0,0.0,0.0,0.0,0.0,0.0,437.75430135428905
170,10200000000000,2.0,6.0,2.49002849002849,2.0,4.0,351,1.0,10.0,5.481481481481482,5.0,8.0,351,0.0,0.0,0.0,0.0,0.0,351,2.0,6.0,2.49002849002849,2.0,4.0,351,0.0,0.0,0.0,0.0,0.0,0,0.0,0.0,0.0,0.0,0.0,0,1.0,1.0,1.0,1.0,1.0,131,0.9999999999999998,1.0000000000000002,1.0,1.0,1.0,131,1.0,1.0,1.0,1.0,1.0,131,0.9999999999999998,1.0000000000000002,1.0,1.0,1.0,131,552.0,0.0,0.0,421.0,131.0,131.0,0.0,0.0,0.0,0.0,0.0,0.0,1.0,0.0,0.0,53.78924310207367,351.0,351.0,4563.0,9477.0,5.481481481481482,10.0,58.22222222222222,96.0,7.566951566951567,12.0,0.0,0.0,0.0,38850.0,0.0,0.0,0.0,0.0,0.0,0.0,0.0,0.0,0.0,0.0,0.0,0.0,0.0,0.0,0.0,0.0,476.9263006746769
171,10260000000000,2.0,7.0,2.49002849002849,2.0,4.0,351,1.0,10.0,5.518518518518518,6.0,8.0,351,0.0,0.0,0.0,0.0,0.0,351,2.0,7.0,2.49002849002849,2.0,4.0,351,0.0,0.0,0.0,0.0,0.0,0,0.0,0.0,0.0,0.0,0.0,0,1.0,1.0,1.0,1.0,1.0,126,0.9999999999999998,1.0000000000000002,1.0,1.0,1.0000000000000002,126,1.0,1.0,1.0,1.0,1.0,126,0.9999999999999998,1.0000000000000002,1.0,1.0,1.0000000000000002,126,552.0,0.0,0.0,426.0,126.0,126.0,0.0,0.0,0.0,0.0,0.0,0.0,1.0,0.0,0.0,56.518541648983955,351.0,351.0,4563.0,9477.0,5.518518518518518,10.0,57.81481481481482,99.0,7.544159544159545,12.0,0.0,0.0,0.0,39550.0,0.0,0.0,0.0,0.0,0.0,0.0,0.0,0.0,0.0,0.0,0.0,0.0,0.0,0.0,0.0,0.0,511.16761192679405
172,10320000000000,2.0,7.0,2.5014245014245016,2.0,4.0,351,1.0,10.0,5.518518518518518,6.0,8.0,351,0.0,0.0,0.0,0.0,0.0,351,2.0,7.0,2.5014245014245016,2.0,4.0,351,0.0,0.0,0.0,0.0,0.0,0,0.0,0.0,0.0,0.0,0.0,0,1.0,1.0,1.0,1.0,1.0,126,1.0,1.0,1.0,1.0,1.0,126,1.0,1.0,1.0,1.0,1.0,126,1.0,1.0,1.0,1.0,1.0,126,552.0,0.0,0.0,426.0,126.0,126.0,0.0,0.0,0.0,0.0,0.0,0.0,1.0,0.0,0.0,53.15657705068588,351.0,351.0,4563.0,9477.0,5.518518518518518,10.0,58.333333333333336,102.0,7.447293447293447,14.0,0.0,0.0,0.0,40600.0,0.0,0.0,0.0,0.0,0.0,0.0,0.0,0.0,0.0,0.0,0.0,0.0,0.0,0.0,0.0,0.0,489.8550473153591
173,10380000000000,2.0,7.0,2.49002849002849,2.0,4.0,351,1.0,10.0,5.444444444444445,6.0,9.0,351,0.0,0.0,0.0,0.0,0.0,351,2.0,7.0,2.49002849002849,2.0,4.0,351,0.0,0.0,0.0,0.0,0.0,0,0.0,0.0,0.0,0.0,0.0,0,1.0,1.0,1.0,1.0,1.0,114,0.9999999999999998,1.0000000000000002,1.0,1.0,1.0,114,1.0,1.0,1.0,1.0,1.0,114,0.9999999999999998,1.0000000000000002,1.0,1.0,1.0,114,552.0,0.0,0.0,438.0,114.0,114.0,0.0,0.0,0.0,0.0,0.0,0.0,1.0,0.0,0.0,58.70897322893143,351.0,351.0,4563.0,9477.0,5.444444444444445,10.0,56.77777777777778,103.0,7.4245014245014245,12.0,0.0,0.0,0.0,39200.0,0.0,0.0,0.0,0.0,0.0,0.0,0.0,0.0,0.0,0.0,0.0,0.0,0.0,0.0,0.0,0.0,541.0109106451273
174,10440000000000,2.0,7.0,2.4843304843304845,2.0,4.0,351,1.0,10.0,5.592592592592593,6.0,9.0,351,0.0,0.0,0.0,0.0,0.0,351,2.0,7.0,2.4843304843304845,2.0,4.0,351,0.0,0.0,0.0,0.0,0.0,0,0.0,0.0,0.0,0.0,0.0,0,1.0,1.0,1.0,1.0,1.0,112,0.9999999999999998,1.0000000000000002,1.0,1.0,1.0,112,1.0,1.0,1.0,1.0,1.0,112,0.9999999999999998,1.0000000000000002,1.0,1.0,1.0,112,552.0,0.0,0.0,440.0,112.0,112.0,0.0,0.0,0.0,0.0,0.0,0.0,1.0,0.0,0.0,56.34302459657192,351.0,351.0,4563.0,9477.0,5.592592592592593,10.0,57.96296296296296,101.0,7.196581196581197,12.0,0.0,0.0,0.0,37450.0,0.0,0.0,0.0,0.0,0.0,0.0,0.0,0.0,0.0,0.0,0.0,0.0,0.0,0.0,0.0,0.0,508.66714492440224
175,10500000000000,2.0,7.0,2.4814814814814814,2.0,4.0,351,1.0,9.0,5.444444444444445,6.0,8.0,351,0.0,0.0,0.0,0.0,0.0,351,2.0,7.0,2.4814814814814814,2.0,4.0,351,0.0,0.0,0.0,0.0,0.0,0,0.0,0.0,0.0,0.0,0.0,0,1.0,1.0,1.0,1.0,1.0,131,0.9999999999999998,1.0000000000000002,1.0,1.0,1.0,131,1.0,1.0,1.0,1.0,1.0,131,0.9999999999999998,1.0000000000000002,1.0,1.0,1.0,131,552.0,0.0,0.0,421.0,131.0,131.0,0.0,0.0,0.0,0.0,0.0,0.0,1.0,0.0,0.0,58.29690769314766,351.0,351.0,4563.0,9477.0,5.444444444444445,9.0,56.77777777777778,92.0,7.054131054131054,12.0,0.0,0.0,0.0,37450.0,0.0,0.0,0.0,0.0,0.0,0.0,0.0,0.0,0.0,0.0,0.0,0.0,0.0,0.0,0.0,0.0,521.3259533047676
176,10560000000000,2.0,6.0,2.492877492877493,2.0,4.0,351,1.0,10.0,5.481481481481482,5.0,8.0,351,0.0,0.0,0.0,0.0,0.0,351,2.0,6.0,2.492877492877493,2.0,4.0,351,0.0,0.0,0.0,0.0,0.0,0,0.0,0.0,0.0,0.0,0.0,0,1.0,1.0,1.0,1.0,1.0,134,0.9999999999999998,1.0,1.0,1.0,1.0,134,1.0,1.0,1.0,1.0,1.0,134,0.9999999999999998,1.0,1.0,1.0,1.0,134,552.0,0.0,0.0,418.0,134.0,134.0,0.0,0.0,0.0,0.0,0.0,0.0,1.0,0.0,0.0,56.84877932071686,351.0,351.0,4563.0,9477.0,5.481481481481482,10.0,57.48148148148148,101.0,7.304843304843305,12.0,0.0,0.0,0.0,39900.0,0.0,0.0,0.0,0.0,0.0,0.0,0.0,0.0,0.0,0.0,0.0,0.0,0.0,0.0,0.0,0.0,576.0994199663401
177,10620000000000,2.0,6.0,2.4957264957264957,2.0,4.0,351,1.0,10.0,5.555555555555555,5.0,8.0,351,0.0,0.0,0.0,0.0,0.0,351,2.0,6.0,2.4957264957264957,2.0,4.0,351,0.0,0.0,0.0,0.0,0.0,0,0.0,0.0,0.0,0.0,0.0,0,1.0,1.0,1.0,1.0,1.0,131,0.9999999999999999,1.0,1.0,1.0,1.0,131,1.0,1.0,1.0,1.0,1.0,131,0.9999999999999999,1.0,1.0,1.0,1.0,131,552.0,0.0,0.0,421.0,131.0,131.0,0.0,0.0,0.0,0.0,0.0,0.0,1.0,0.0,0.0,58.108750730752945,351.0,351.0,4563.0,9477.0,5.555555555555555,10.0,58.592592592592595,100.0,7.54985754985755,12.0,0.0,0.0,0.0,41300.0,0.0,0.0,0.0,0.0,0.0,0.0,0.0,0.0,0.0,0.0,0.0,0.0,0.0,0.0,0.0,0.0,517.1024650335312
178,10680000000000,2.0,6.0,2.50997150997151,2.0,4.0,351,1.0,10.0,5.62962962962963,6.0,8.0,351,0.0,0.0,0.0,0.0,0.0,351,2.0,6.0,2.50997150997151,2.0,4.0,351,0.0,0.0,0.0,0.0,0.0,0,0.0,0.0,0.0,0.0,0.0,0,1.0,1.0,1.0,1.0,1.0,136,0.9999999999999999,1.0000000000000002,1.0,1.0,1.0,136,1.0,1.0,1.0,1.0,1.0,136,0.9999999999999999,1.0000000000000002,1.0,1.0,1.0,136,552.0,0.0,0.0,416.0,136.0,136.0,0.0,0.0,0.0,0.0,0.0,0.0,1.0,0.0,0.0,55.02681992948055,351.0,351.0,4563.0,9477.0,5.62962962962963,10.0,61.074074074074076,99.0,7.789173789173789,14.0,0.0,0.0,0.0,41300.0,0.0,0.0,0.0,0.0,0.0,0.0,0.0,0.0,0.0,0.0,0.0,0.0,0.0,0.0,0.0,0.0,529.1538834571838
179,10740000000000,2.0,8.0,2.5042735042735043,2.0,4.0,351,1.0,10.0,5.666666666666667,5.0,9.0,351,0.0,0.0,0.0,0.0,0.0,351,2.0,8.0,2.5042735042735043,2.0,4.0,351,0.0,0.0,0.0,0.0,0.0,0,0.0,0.0,0.0,0.0,0.0,0,1.0,1.0,1.0,1.0,1.0,136,0.9999999999999998,1.0000000000000002,1.0,1.0,1.0,136,1.0,1.0,1.0,1.0,1.0,136,0.9999999999999998,1.0000000000000002,1.0,1.0,1.0,136,552.0,0.0,0.0,416.0,136.0,136.0,0.0,0.0,0.0,0.0,0.0,0.0,1.0,0.0,0.0,56.32714740931988,351.0,351.0,4563.0,9477.0,5.666666666666667,10.0,61.03703703703704,103.0,7.663817663817664,14.0,0.0,0.0,0.0,40250.0,0.0,0.0,0.0,0.0,0.0,0.0,0.0,0.0,0.0,0.0,0.0,0.0,0.0,0.0,0.0,0.0,550.0586032867432
180,10800000000000,2.0,7.0,2.5042735042735043,2.0,4.0,351,1.0,10.0,5.555555555555555,5.0,9.0,351,0.0,0.0,0.0,0.0,0.0,351,2.0,7.0,2.5042735042735043,2.0,4.0,351,0.0,0.0,0.0,0.0,0.0,0,0.0,0.0,0.0,0.0,0.0,0,1.0,1.0,1.0,1.0,1.0,130,0.9999999999999998,1.0000000000000002,1.0,1.0,1.0000000000000002,130,1.0,1.0,1.0,1.0,1.0,130,0.9999999999999998,1.0000000000000002,1.0,1.0,1.0000000000000002,130,552.0,0.0,0.0,422.0,130.0,130.0,0.0,0.0,0.0,0.0,0.0,0.0,1.0,0.0,0.0,58.81345272064209,351.0,351.0,4563.0,9477.0,5.555555555555555,10.0,59.25925925925926,105.0,7.487179487179487,14.0,0.0,0.0,0.0,40600.0,0.0,0.0,0.0,0.0,0.0,0.0,0.0,0.0,0.0,0.0,0.0,0.0,0.0,0.0,0.0,0.0,553.3512271940708
181,10860000000000,2.0,7.0,2.4814814814814814,2.0,4.0,351,1.0,10.0,5.444444444444445,5.0,9.0,351,0.0,0.0,0.0,0.0,0.0,351,2.0,7.0,2.4814814814814814,2.0,4.0,351,0.0,0.0,0.0,0.0,0.0,0,0.0,0.0,0.0,0.0,0.0,0,1.0,1.0,1.0,1.0,1.0,113,0.9999999999999998,1.0000000000000002,1.0,1.0,1.0000000000000002,113,1.0,1.0,1.0,1.0,1.0,113,0.9999999999999998,1.0000000000000002,1.0,1.0,1.0000000000000002,113,552.0,0.0,0.0,439.0,113.0,113.0,0.0,0.0,0.0,0.0,0.0,0.0,1.0,0.0,0.0,57.32528120279312,351.0,351.0,4563.0,9477.0,5.444444444444445,10.0,56.03703703703704,101.0,7.17948717948718,12.0,0.0,0.0,0.0,37800.0,0.0,0.0,0.0,0.0,0.0,0.0,0.0,0.0,0.0,0.0,0.0,0.0,0.0,0.0,0.0,0.0,533.838327974081
182,10920000000000,2.0,7.0,2.4814814814814814,2.0,4.0,351,1.0,10.0,5.518518518518518,6.0,8.0,351,0.0,0.0,0.0,0.0,0.0,351,2.0,7.0,2.4814814814814814,2.0,4.0,351,0.0,0.0,0.0,0.0,0.0,0,0.0,0.0,0.0,0.0,0.0,0,1.0,1.0,1.0,1.0,1.0,116,0.9999999999999998,1.0,1.0,1.0,1.0,116,1.0,1.0,1.0,1.0,1.0,116,0.9999999999999998,1.0,1.0,1.0,1.0,116,552.0,0.0,0.0,436.0,116.0,116.0,0.0,0.0,0.0,0.0,0.0,0.0,1.0,0.0,0.0,56.977683678269386,351.0,351.0,4563.0,9477.0,5.518518518518518,10.0,56.74074074074074,99.0,7.230769230769231,14.0,0.0,0.0,0.0,37450.0,0.0,0.0,0.0,0.0,0.0,0.0,0.0,0.0,0.0,0.0,0.0,0.0,0.0,0.0,0.0,0.0,521.5554609894753
183,10980000000000,2.0,7.0,2.4814814814814814,2.0,4.0,351,2.0,8.0,5.481481481481482,5.0,8.0,351,0.0,0.0,0.0,0.0,0.0,351,2.0,7.0,2.4814814814814814,2.0,4.0,351,0.0,0.0,0.0,0.0,0.0,0,0.0,0.0,0.0,0.0,0.0,0,1.0,1.0,1.0,1.0,1.0,123,0.9999999999999999,1.0000000000000002,1.0,1.0,1.0,123,1.0,1.0,1.0,1.0,1.0,123,0.9999999999999999,1.0000000000000002,1.0,1.0,1.0,123,552.0,0.0,0.0,429.0,123.0,123.0,0.0,0.0,0.0,0.0,0.0,0.0,1.0,0.0,0.0,56.36773072183132,351.0,351.0,4563.0,9477.0,5.481481481481482,8.0,57.0,86.0,7.2763532763532766,10.0,0.0,0.0,0.0,38150.0,0.0,0.0,0.0,0.0,0.0,0.0,0.0,0.0,0.0,0.0,0.0,0.0,0.0,0.0,0.0,0.0,523.6747302114964
184,11040000000000,2.0,6.0,2.5128205128205128,2.0,4.0,351,2.0,10.0,5.703703703703703,5.0,9.0,351,0.0,0.0,0.0,0.0,0.0,351,2.0,6.0,2.5128205128205128,2.0,4.0,351,0.0,0.0,0.0,0.0,0.0,0,0.0,0.0,0.0,0.0,0.0,0,1.0,1.0,1.0,1.0,1.0,135,1.0,1.0000000000000002,1.0,1.0,1.0000000000000002,135,1.0,1.0,1.0,1.0,1.0,135,1.0,1.0000000000000002,1.0,1.0,1.0000000000000002,135,552.0,0.0,0.0,417.0,135.0,135.0,0.0,0.0,0.0,0.0,0.0,0.0,1.0,0.0,0.0,51.122646778821945,351.0,351.0,4563.0,9477.0,5.703703703703703,10.0,61.44444444444444,104.0,7.515669515669516,12.0,0.0,0.0,0.0,40600.0,0.0,0.0,0.0,0.0,0.0,0.0,0.0,0.0,0.0,0.0,0.0,0.0,0.0,0.0,0.0,0.0,583.8144905865192
185,11100000000000,2.0,6.0,2.5042735042735043,2.0,4.0,351,2.0,10.0,5.666666666666667,6.0,9.0,351,0.0,0.0,0.0,0.0,0.0,351,2.0,6.0,2.5042735042735043,2.0,4.0,351,0.0,0.0,0.0,0.0,0.0,0,0.0,0.0,0.0,0.0,0.0,0,1.0,1.0,1.0,1.0,1.0,134,0.9999999999999998,1.0000000000000002,1.0,1.0,1.0,134,1.0,1.0,1.0,1.0,1.0,134,0.9999999999999998,1.0000000000000002,1.0,1.0,1.0,134,552.0,0.0,0.0,418.0,134.0,134.0,0.0,0.0,0.0,0.0,0.0,0.0,1.0,0.0,0.0,57.702675461769104,351.0,351.0,4563.0,9477.0,5.666666666666667,10.0,60.81481481481482,102.0,7.481481481481482,10.0,0.0,0.0,0.0,40250.0,0.0,0.0,0.0,0.0,0.0,0.0,0.0,0.0,0.0,0.0,0.0,0.0,0.0,0.0,0.0,0.0,554.2147848755121
186,11160000000000,2.0,6.0,2.5042735042735043,2.0,4.0,351,2.0,10.0,5.518518518518518,5.0,9.0,351,0.0,0.0,0.0,0.0,0.0,351,2.0,6.0,2.5042735042735043,2.0,4.0,351,0.0,0.0,0.0,0.0,0.0,0,0.0,0.0,0.0,0.0,0.0,0,1.0,1.0,1.0,1.0,1.0,138,0.9999999999999999,1.0000000000000002,1.0,1.0,1.0,138,1.0,1.0,1.0,1.0,1.0,138,0.9999999999999999,1.0000000000000002,1.0,1.0,1.0,138,552.0,0.0,0.0,414.0,138.0,138.0,0.0,0.0,0.0,0.0,0.0,0.0,1.0,0.0,0.0,57.9697173088789,351.0,351.0,4563.0,9477.0,5.518518518518518,10.0,59.44444444444444,102.0,7.487179487179487,12.0,0.0,0.0,0.0,40250.0,0.0,0.0,0.0,0.0,0.0,0.0,0.0,0.0,0.0,0.0,0.0,0.0,0.0,0.0,0.0,0.0,556.1147928237915
187,11220000000000,2.0,7.0,2.5042735042735043,2.0,4.0,351,2.0,10.0,5.592592592592593,5.0,8.0,351,0.0,0.0,0.0,0.0,0.0,351,2.0,7.0,2.5042735042735043,2.0,4.0,351,0.0,0.0,0.0,0.0,0.0,0,0.0,0.0,0.0,0.0,0.0,0,1.0,1.0,1.0,1.0,1.0,127,0.9999999999999998,1.0000000000000002,1.0,1.0,1.0,127,1.0,1.0,1.0,1.0,1.0,127,0.9999999999999998,1.0000000000000002,1.0,1.0,1.0,127,552.0,0.0,0.0,425.0,127.0,127.0,0.0,0.0,0.0,0.0,0.0,0.0,1.0,0.0,0.0,57.370500639081,351.0,351.0,4563.0,9477.0,5.592592592592593,10.0,59.7037037037037,103.0,7.680911680911681,14.0,0.0,0.0,0.0,40600.0,0.0,0.0,0.0,0.0,0.0,0.0,0.0,0.0,0.0,0.0,0.0,0.0,0.0,0.0,0.0,0.0,549.1576641798019
188,11280000000000,2.0,7.0,2.492877492877493,2.0,4.0,351,1.0,10.0,5.518518518518518,5.0,8.0,351,0.0,0.0,0.0,0.0,0.0,351,2.0,7.0,2.492877492877493,2.0,4.0,351,0.0,0.0,0.0,0.0,0.0,0,0.0,0.0,0.0,0.0,0.0,0,1.0,1.0,1.0,1.0,1.0,120,0.9999999999999999,1.0000000000000002,1.0,1.0,1.0000000000000002,120,1.0,1.0,1.0,1.0,1.0,120,0.9999999999999999,1.0000000000000002,1.0,1.0,1.0000000000000002,120,552.0,0.0,0.0,432.0,120.0,120.0,0.0,0.0,0.0,0.0,0.0,0.0,1.0,0.0,0.0,57.69678391516209,351.0,351.0,4563.0,9477.0,5.518518518518518,10.0,58.148148148148145,100.0,7.264957264957265,14.0,0.0,0.0,0.0,38850.0,0.0,0.0,0.0,0.0,0.0,0.0,0.0,0.0,0.0,0.0,0.0,0.0,0.0,0.0,0.0,0.0,538.1023939698935
189,11340000000000,2.0,7.0,2.4957264957264957,2.0,4.0,351,1.0,10.0,5.62962962962963,6.0,8.0,351,0.0,0.0,0.0,0.0,0.0,351,2.0,7.0,2.4957264957264957,2.0,4.0,351,0.0,0.0,0.0,0.0,0.0,0,0.0,0.0,0.0,0.0,0.0,0,1.0,1.0,1.0,1.0,1.0,121,0.9999999999999998,1.0000000000000002,1.0,1.0,1.0,121,1.0,1.0,1.0,1.0,1.0,121,0.9999999999999998,1.0000000000000002,1.0,1.0,1.0,121,552.0,0.0,0.0,431.0,121.0,121.0,0.0,0.0,0.0,0.0,0.0,0.0,1.0,0.0,0.0,56.99772760272026,351.0,351.0,4563.0,9477.0,5.62962962962963,10.0,59.074074074074076,102.0,7.361823361823362,12.0,0.0,0.0,0.0,38850.0,0.0,0.0,0.0,0.0,0.0,0.0,0.0,0.0,0.0,0.0,0.0,0.0,0.0,0.0,0.0,0.0,539.0903409570456
190,11400000000000,2.0,7.0,2.492877492877493,2.0,4.0,351,2.0,8.0,5.481481481481482,5.0,8.0,351,0.0,0.0,0.0,0.0,0.0,351,2.0,7.0,2.492877492877493,2.0,4.0,351,0.0,0.0,0.0,0.0,0.0,0,0.0,0.0,0.0,0.0,0.0,0,1.0,1.0,1.0,1.0,1.0,118,0.9999999999999998,1.0,1.0,1.0,1.0,118,1.0,1.0,1.0,1.0,1.0,118,0.9999999999999998,1.0,1.0,1.0,1.0,118,552.0,0.0,0.0,434.0,118.0,118.0,0.0,0.0,0.0,0.0,0.0,0.0,1.0,0.0,0.0,57.62682296335697,351.0,351.0,4563.0,9477.0,5.481481481481482,8.0,57.48148148148148,88.0,7.1908831908831905,14.0,0.0,0.0,0.0,38500.0,0.0,0.0,0.0,0.0,0.0,0.0,0.0,0.0,0.0,0.0,0.0,0.0,0.0,0.0,0.0,0.0,538.3521672338247
191,11460000000000,2.0,7.0,2.4985754985754984,2.0,4.0,351,2.0,9.0,5.62962962962963,6.0,8.0,351,0.0,0.0,0.0,0.0,0.0,351,2.0,7.0,2.4985754985754984,2.0,4.0,351,0.0,0.0,0.0,0.0,0.0,0,0.0,0.0,0.0,0.0,0.0,0,1.0,1.0,1.0,1.0,1.0,123,0.9999999999999999,1.0,1.0,1.0,1.0,123,1.0,1.0,1.0,1.0,1.0,123,0.9999999999999999,1.0,1.0,1.0,1.0,123,552.0,0.0,0.0,429.0,123.0,123.0,0.0,0.0,0.0,0.0,0.0,0.0,1.0,0.0,0.0,56.83840997517109,351.0,351.0,4563.0,9477.0,5.62962962962963,9.0,59.148148148148145,95.0,7.304843304843305,10.0,0.0,0.0,0.0,37800.0,0.0,0.0,0.0,0.0,0.0,0.0,0.0,0.0,0.0,0.0,0.0,0.0,0.0,0.0,0.0,0.0,526.5431273728609
192,11520000000000,2.0,7.0,2.5042735042735043,2.0,4.0,351,2.0,9.0,5.592592592592593,5.0,9.0,351,0.0,0.0,0.0,0.0,0.0,351,2.0,7.0,2.5042735042735043,2.0,4.0,351,0.0,0.0,0.0,0.0,0.0,0,0.0,0.0,0.0,0.0,0.0,0,1.0,1.0,1.0,1.0,1.0,130,0.9999999999999998,1.0000000000000002,1.0,1.0,1.0,130,1.0,1.0,1.0,1.0,1.0,130,0.9999999999999998,1.0000000000000002,1.0,1.0,1.0,130,552.0,0.0,0.0,422.0,130.0,130.0,0.0,0.0,0.0,0.0,0.0,0.0,1.0,0.0,0.0,56.46885558962822,351.0,351.0,4563.0,9477.0,5.592592592592593,9.0,59.55555555555556,100.0,7.293447293447294,10.0,0.0,0.0,0.0,39550.0,0.0,0.0,0.0,0.0,0.0,0.0,0.0,0.0,0.0,0.0,0.0,0.0,0.0,0.0,0.0,0.0,540.3982046991587
193,11580000000000,2.0,6.0,2.5042735042735043,2.0,4.0,351,2.0,10.0,5.703703703703703,6.0,8.0,351,0.0,0.0,0.0,0.0,0.0,351,2.0,6.0,2.5042735042735043,2.0,4.0,351,0.0,0.0,0.0,0.0,0.0,0,0.0,0.0,0.0,0.0,0.0,0,1.0,1.0,1.0,1.0,1.0,133,0.9999999999999998,1.0000000000000002,1.0,1.0,1.0,133,1.0,1.0,1.0,1.0,1.0,133,0.9999999999999998,1.0000000000000002,1.0,1.0,1.0,133,552.0,0.0,0.0,419.0,133.0,133.0,0.0,0.0,0.0,0.0,0.0,0.0,1.0,0.0,0.0,56.09418638050556,351.0,351.0,4563.0,9477.0,5.703703703703703,10.0,61.148148148148145,100.0,7.6239316239316235,10.0,0.0,0.0,0.0,40250.0,0.0,0.0,0.0,0.0,0.0,0.0,0.0,0.0,0.0,0.0,0.0,0.0,0.0,0.0,0.0,0.0,536.0701903700829
194,11640000000000,2.0,7.0,2.507122507122507,2.0,4.0,351,2.0,10.0,5.481481481481482,6.0,8.0,351,0.0,0.0,0.0,0.0,0.0,351,2.0,7.0,2.507122507122507,2.0,4.0,351,0.0,0.0,0.0,0.0,0.0,0,0.0,0.0,0.0,0.0,0.0,0,1.0,1.0,1.0,1.0,1.0,134,0.9999999999999998,1.0000000000000002,1.0,1.0,1.0,134,1.0,1.0,1.0,1.0,1.0,134,0.9999999999999998,1.0000000000000002,1.0,1.0,1.0,134,552.0,0.0,0.0,418.0,134.0,134.0,0.0,0.0,0.0,0.0,0.0,0.0,1.0,0.0,0.0,57.25910887122154,351.0,351.0,4563.0,9477.0,5.481481481481482,10.0,58.96296296296296,104.0,7.492877492877493,12.0,0.0,0.0,0.0,40250.0,0.0,0.0,0.0,0.0,0.0,0.0,0.0,0.0,0.0,0.0,0.0,0.0,0.0,0.0,0.0,0.0,546.113757416606
195,11700000000000,2.0,7.0,2.492877492877493,2.0,4.0,351,2.0,10.0,5.407407407407407,5.0,8.0,351,0.0,0.0,0.0,0.0,0.0,351,2.0,7.0,2.492877492877493,2.0,4.0,351,0.0,0.0,0.0,0.0,0.0,0,0.0,0.0,0.0,0.0,0.0,0,1.0,1.0,1.0,1.0,1.0,123,0.9999999999999999,1.0000000000000002,1.0,1.0,1.0,123,1.0,1.0,1.0,1.0,1.0,123,0.9999999999999999,1.0000000000000002,1.0,1.0,1.0,123,552.0,0.0,0.0,429.0,123.0,123.0,0.0,0.0,0.0,0.0,0.0,0.0,1.0,0.0,0.0,57.017045095562935,351.0,351.0,4563.0,9477.0,5.407407407407407,10.0,57.111111111111114,101.0,7.418803418803419,12.0,0.0,0.0,0.0,39200.0,0.0,0.0,0.0,0.0,0.0,0.0,0.0,0.0,0.0,0.0,0.0,0.0,0.0,0.0,0.0,0.0,546.5299878269434
196,11760000000000,2.0,7.0,2.5014245014245016,2.0,4.0,351,2.0,10.0,5.62962962962963,6.0,9.0,351,0.0,0.0,0.0,0.0,0.0,351,2.0,7.0,2.5014245014245016,2.0,4.0,351,0.0,0.0,0.0,0.0,0.0,0,0.0,0.0,0.0,0.0,0.0,0,1.0,1.0,1.0,1.0,1.0,123,0.9999999999999998,1.0000000000000002,1.0,1.0,1.0,123,1.0,1.0,1.0,1.0,1.0,123,0.9999999999999998,1.0000000000000002,1.0,1.0,1.0,123,552.0,0.0,0.0,429.0,123.0,123.0,0.0,0.0,0.0,0.0,0.0,0.0,1.0,0.0,0.0,57.851703837513924,351.0,351.0,4563.0,9477.0,5.62962962962963,10.0,59.333333333333336,101.0,7.54985754985755,14.0,0.0,0.0,0.0,40250.0,0.0,0.0,0.0,0.0,0.0,0.0,0.0,0.0,0.0,0.0,0.0,0.0,0.0,0.0,0.0,0.0,557.7835272997618
197,11820000000000,2.0,7.0,2.4814814814814814,2.0,4.0,351,1.0,9.0,5.518518518518518,5.0,8.0,351,0.0,0.0,0.0,0.0,0.0,351,2.0,7.0,2.4814814814814814,2.0,4.0,351,0.0,0.0,0.0,0.0,0.0,0,0.0,0.0,0.0,0.0,0.0,0,1.0,1.0,1.0,1.0,1.0,128,0.9999999999999998,1.0000000000000002,1.0,1.0,1.0,128,1.0,1.0,1.0,1.0,1.0,128,0.9999999999999998,1.0000000000000002,1.0,1.0,1.0,128,552.0,0.0,0.0,424.0,128.0,128.0,0.0,0.0,0.0,0.0,0.0,0.0,1.0,0.0,0.0,58.113327249884605,351.0,351.0,4563.0,9477.0,5.518518518518518,9.0,56.629629629629626,90.0,7.17948717948718,12.0,0.0,0.0,0.0,37800.0,0.0,0.0,0.0,0.0,0.0,0.0,0.0,0.0,0.0,0.0,0.0,0.0,0.0,0.0,0.0,0.0,538.9837995171547
198,11880000000000,2.0,7.0,2.49002849002849,2.0,4.0,351,2.0,9.0,5.555555555555555,5.0,8.0,351,0.0,0.0,0.0,0.0,0.0,351,2.0,7.0,2.49002849002849,2.0,4.0,351,0.0,0.0,0.0,0.0,0.0,0,0.0,0.0,0.0,0.0,0.0,0,1.0,1.0,1.0,1.0,1.0,119,0.9999999999999998,1.0,1.0,1.0,1.0,119,1.0,1.0,1.0,1.0,1.0,119,0.9999999999999998,1.0,1.0,1.0,1.0,119,552.0,0.0,0.0,433.0,119.0,119.0,0.0,0.0,0.0,0.0,0.0,0.0,1.0,0.0,0.0,57.78477340936661,351.0,351.0,4563.0,9477.0,5.555555555555555,9.0,58.074074074074076,91.0,7.2250712250712255,14.0,0.0,0.0,0.0,37800.0,0.0,0.0,0.0,0.0,0.0,0.0,0.0,0.0,0.0,0.0,0.0,0.0,0.0,0.0,0.0,0.0,532.9497158527374
199,11940000000000,2.0,7.0,2.49002849002849,2.0,4.0,351,2.0,9.0,5.481481481481482,5.0,8.0,351,0.0,0.0,0.0,0.0,0.0,351,2.0,7.0,2.49002849002849,2.0,4.0,351,0.0,0.0,0.0,0.0,0.0,0,0.0,0.0,0.0,0.0,0.0,0,1.0,1.0,1.0,1.0,1.0,118,0.9999999999999999,1.0000000000000002,1.0,1.0,1.0,118,1.0,1.0,1.0,1.0,1.0,118,0.9999999999999999,1.0000000000000002,1.0,1.0,1.0,118,552.0,0.0,0.0,434.0,118.0,118.0,0.0,0.0,0.0,0.0,0.0,0.0,1.0,0.0,0.0,57.43326433002949,351.0,351.0,4563.0,9477.0,5.481481481481482,9.0,57.77777777777778,93.0,7.185185185185185,10.0,0.0,0.0,0.0,36750.0,0.0,0.0,0.0,0.0,0.0,0.0,0.0,0.0,0.0,0.0,0.0,0.0,0.0,0.0,0.0,0.0,597.6660773158073
200,12000000000000,2.0,6.0,2.492877492877493,2.0,4.0,351,2.0,8.0,5.518518518518518,6.0,8.0,351,0.0,0.0,0.0,0.0,0.0,351,2.0,6.0,2.492877492877493,2.0,4.0,351,0.0,0.0,0.0,0.0,0.0,0,0.0,0.0,0.0,0.0,0.0,0,1.0,1.0,1.0,1.0,1.0,116,0.9999999999999998,1.0,1.0,1.0,1.0,116,1.0,1.0,1.0,1.0,1.0,116,0.9999999999999998,1.0,1.0,1.0,1.0,116,552.0,0.0,0.0,436.0,116.0,116.0,0.0,0.0,0.0,0.0,0.0,0.0,1.0,0.0,0.0,57.667192071676254,351.0,351.0,4563.0,9477.0,5.518518518518518,8.0,57.96296296296296,85.0,7.378917378917379,10.0,0.0,0.0,0.0,39900.0,0.0,0.0,0.0,0.0,0.0,0.0,0.0,0.0,0.0,0.0,0.0,0.0,0.0,0.0,0.0,0.0,547.3190918564796
201,12060000000000,2.0,7.0,2.4985754985754984,2.0,4.0,351,2.0,8.0,5.592592592592593,6.0,8.0,351,0.0,0.0,0.0,0.0,0.0,351,2.0,7.0,2.4985754985754984,2.0,4.0,351,0.0,0.0,0.0,0.0,0.0,0,0.0,0.0,0.0,0.0,0.0,0,1.0,1.0,1.0,1.0,1.0,127,0.9999999999999998,1.0000000000000002,1.0,1.0,1.0,127,1.0,1.0,1.0,1.0,1.0,127,0.9999999999999998,1.0000000000000002,1.0,1.0,1.0,127,552.0,0.0,0.0,425.0,127.0,127.0,0.0,0.0,0.0,0.0,0.0,0.0,1.0,0.0,0.0,57.089006528258324,351.0,351.0,4563.0,9477.0,5.592592592592593,8.0,59.25925925925926,89.0,7.6239316239316235,12.0,0.0,0.0,0.0,40600.0,0.0,0.0,0.0,0.0,0.0,0.0,0.0,0.0,0.0,0.0,0.0,0.0,0.0,0.0,0.0,0.0,556.878961622715
202,12120000000000,2.0,7.0,2.5242165242165244,2.0,4.0,351,2.0,9.0,5.62962962962963,6.0,8.0,351,0.0,0.0,0.0,0.0,0.0,351,2.0,7.0,2.5242165242165244,2.0,4.0,351,0.0,0.0,0.0,0.0,0.0,0,0.0,0.0,0.0,0.0,0.0,0,1.0,1.0,1.0,1.0,1.0,134,0.9999999999999998,1.0000000000000002,1.0,1.0,1.0,134,1.0,1.0,1.0,1.0,1.0,134,0.9999999999999998,1.0000000000000002,1.0,1.0,1.0,134,552.0,0.0,0.0,418.0,134.0,134.0,0.0,0.0,0.0,0.0,0.0,0.0,1.0,0.0,0.0,52.640385925769806,351.0,351.0,4563.0,9477.0,5.62962962962963,9.0,61.51851851851852,97.0,7.492877492877493,12.0,0.0,0.0,0.0,40250.0,0.0,0.0,0.0,0.0,0.0,0.0,0.0,0.0,0.0,0.0,0.0,0.0,0.0,0.0,0.0,0.0,428.7056792527437
203,12180000000000,2.0,7.0,2.4985754985754984,2.0,4.0,351,1.0,9.0,5.592592592592593,6.0,8.0,351,0.0,0.0,0.0,0.0,0.0,351,2.0,7.0,2.4985754985754984,2.0,4.0,351,0.0,0.0,0.0,0.0,0.0,0,0.0,0.0,0.0,0.0,0.0,0,1.0,1.0,1.0,1.0,1.0,133,0.9999999999999998,1.0000000000000002,1.0,1.0,1.0,133,1.0,1.0,1.0,1.0,1.0,133,0.9999999999999998,1.0000000000000002,1.0,1.0,1.0,133,552.0,0.0,0.0,419.0,133.0,133.0,0.0,0.0,0.0,0.0,0.0,0.0,1.0,0.0,0.0,55.23081496357918,351.0,351.0,4563.0,9477.0,5.592592592592593,9.0,59.148148148148145,95.0,7.401709401709402,12.0,0.0,0.0,0.0,38500.0,0.0,0.0,0.0,0.0,0.0,0.0,0.0,0.0,0.0,0.0,0.0,0.0,0.0,0.0,0.0,0.0,503.3936817198992
204,12240000000000,2.0,7.0,2.49002849002849,2.0,4.0,351,2.0,9.0,5.481481481481482,6.0,8.0,351,0.0,0.0,0.0,0.0,0.0,351,2.0,7.0,2.49002849002849,2.0,4.0,351,0.0,0.0,0.0,0.0,0.0,0,0.0,0.0,0.0,0.0,0.0,0,1.0,1.0,1.0,1.0,1.0,119,0.9999999999999998,1.0000000000000002,1.0,1.0,1.0000000000000002,119,1.0,1.0,1.0,1.0,1.0,119,0.9999999999999998,1.0000000000000002,1.0,1.0,1.0000000000000002,119,552.0,0.0,0.0,433.0,119.0,119.0,0.0,0.0,0.0,0.0,0.0,0.0,1.0,0.0,0.0,56.92113749682903,351.0,351.0,4563.0,9477.0,5.481481481481482,9.0,56.666666666666664,91.0,7.504273504273504,14.0,0.0,0.0,0.0,39900.0,0.0,0.0,0.0,0.0,0.0,0.0,0.0,0.0,0.0,0.0,0.0,0.0,0.0,0.0,0.0,0.0,531.5982811152935
205,12300000000000,2.0,7.0,2.4843304843304845,2.0,4.0,351,1.0,9.0,5.481481481481482,5.0,8.0,351,0.0,0.0,0.0,0.0,0.0,351,2.0,7.0,2.4843304843304845,2.0,4.0,351,0.0,0.0,0.0,0.0,0.0,0,0.0,0.0,0.0,0.0,0.0,0,1.0,1.0,1.0,1.0,1.0,120,0.9999999999999998,1.0000000000000002,1.0,1.0,1.0,120,1.0,1.0,1.0,1.0,1.0,120,0.9999999999999998,1.0000000000000002,1.0,1.0,1.0,120,552.0,0.0,0.0,432.0,120.0,120.0,0.0,0.0,0.0,0.0,0.0,0.0,1.0,0.0,0.0,56.69245310127735,351.0,351.0,4563.0,9477.0,5.481481481481482,9.0,56.44444444444444,90.0,7.327635327635328,12.0,0.0,0.0,0.0,39200.0,0.0,0.0,0.0,0.0,0.0,0.0,0.0,0.0,0.0,0.0,0.0,0.0,0.0,0.0,0.0,0.0,521.817997097969
206,12360000000000,2.0,7.0,2.492877492877493,2.0,4.0,351,2.0,9.0,5.592592592592593,5.0,8.0,351,0.0,0.0,0.0,0.0,0.0,351,2.0,7.0,2.492877492877493,2.0,4.0,351,0.0,0.0,0.0,0.0,0.0,0,0.0,0.0,0.0,0.0,0.0,0,1.0,1.0,1.0,1.0,1.0,122,0.9999999999999998,1.0000000000000002,1.0,1.0,1.0,122,1.0,1.0,1.0,1.0,1.0,122,0.9999999999999998,1.0000000000000002,1.0,1.0,1.0,122,552.0,0.0,0.0,430.0,122.0,122.0,0.0,0.0,0.0,0.0,0.0,0.0,1.0,0.0,0.0,57.3160108178854,351.0,351.0,4563.0,9477.0,5.592592592592593,9.0,59.111111111111114,90.0,7.481481481481482,14.0,0.0,0.0,0.0,39550.0,0.0,0.0,0.0,0.0,0.0,0.0,0.0,0.0,0.0,0.0,0.0,0.0,0.0,0.0,0.0,0.0,537.8609355539083
207,12420000000000,2.0,7.0,2.5042735042735043,2.0,4.0,351,2.0,9.0,5.703703703703703,6.0,8.0,351,0.0,0.0,0.0,0.0,0.0,351,2.0,7.0,2.5042735042735043,2.0,4.0,351,0.0,0.0,0.0,0.0,0.0,0,0.0,0.0,0.0,0.0,0.0,0,1.0,1.0,1.0,1.0,1.0,120,0.9999999999999999,1.0,1.0,1.0,1.0,120,1.0,1.0,1.0,1.0,1.0,120,0.9999999999999999,1.0,1.0,1.0,1.0,120,552.0,0.0,0.0,432.0,120.0,120.0,0.0,0.0,0.0,0.0,0.0,0.0,1.0,0.0,0.0,52.215661853551865,351.0,351.0,4563.0,9477.0,5.703703703703703,9.0,61.407407407407405,96.0,7.720797720797721,10.0,0.0,0.0,0.0,39200.0,0.0,0.0,0.0,0.0,0.0,0.0,0.0,0.0,0.0,0.0,0.0,0.0,0.0,0.0,0.0,0.0,479.99756038188934
208,12480000000000,2.0,6.0,2.4985754985754984,2.0,4.0,351,2.0,9.0,5.592592592592593,6.0,8.0,351,0.0,0.0,0.0,0.0,0.0,351,2.0,6.0,2.4985754985754984,2.0,4.0,351,0.0,0.0,0.0,0.0,0.0,0,0.0,0.0,0.0,0.0,0.0,0,1.0,1.0,1.0,1.0,1.0,117,0.9999999999999999,1.0,1.0,1.0,1.0,117,1.0,1.0,1.0,1.0,1.0,117,0.9999999999999999,1.0,1.0,1.0,1.0,117,552.0,0.0,0.0,435.0,117.0,117.0,0.0,0.0,0.0,0.0,0.0,0.0,1.0,0.0,0.0,55.69249577820301,351.0,351.0,4563.0,9477.0,5.592592592592593,9.0,58.851851851851855,95.0,7.595441595441596,12.0,0.0,0.0,0.0,40600.0,0.0,0.0,0.0,0.0,0.0,0.0,0.0,0.0,0.0,0.0,0.0,0.0,0.0,0.0,0.0,0.0,541.0632081329823
209,12540000000000,2.0,7.0,2.4957264957264957,2.0,4.0,351,1.0,8.0,5.555555555555555,6.0,8.0,351,0.0,0.0,0.0,0.0,0.0,351,2.0,7.0,2.4957264957264957,2.0,4.0,351,0.0,0.0,0.0,0.0,0.0,0,0.0,0.0,0.0,0.0,0.0,0,1.0,1.0,1.0,1.0,1.0,121,0.9999999999999999,1.0000000000000002,1.0,1.0,1.0,121,1.0,1.0,1.0,1.0,1.0,121,0.9999999999999999,1.0000000000000002,1.0,1.0,1.0,121,552.0,0.0,0.0,431.0,121.0,121.0,0.0,0.0,0.0,0.0,0.0,0.0,1.0,0.0,0.0,61.089757829904556,351.0,351.0,4563.0,9477.0,5.555555555555555,8.0,58.03703703703704,86.0,7.618233618233618,12.0,0.0,0.0,0.0,40950.0,0.0,0.0,0.0,0.0,0.0,0.0,0.0,0.0,0.0,0.0,0.0,0.0,0.0,0.0,0.0,0.0,567.3084631562233
210,12600000000000,2.0,7.0,2.5156695156695155,2.0,4.0,351,1.0,9.0,5.666666666666667,6.0,8.0,351,0.0,0.0,0.0,0.0,0.0,351,2.0,7.0,2.5156695156695155,2.0,4.0,351,0.0,0.0,0.0,0.0,0.0,0,0.0,0.0,0.0,0.0,0.0,0,1.0,1.0,1.0,1.0,1.0,124,0.9999999999999997,1.0,1.0,1.0,1.0,124,1.0,1.0,1.0,1.0,1.0,124,0.9999999999999997,1.0,1.0,1.0,1.0,124,552.0,0.0,0.0,428.0,124.0,124.0,0.0,0.0,0.0,0.0,0.0,0.0,1.0,0.0,0.0,56.91240541636944,351.0,351.0,4563.0,9477.0,5.666666666666667,9.0,61.111111111111114,95.0,7.515669515669516,12.0,0.0,0.0,0.0,40250.0,0.0,0.0,0.0,0.0,0.0,0.0,0.0,0.0,0.0,0.0,0.0,0.0,0.0,0.0,0.0,0.0,552.332041785121
211,12660000000000,2.0,7.0,2.50997150997151,2.0,4.0,351,1.0,10.0,5.666666666666667,6.0,8.0,351,0.0,0.0,0.0,0.0,0.0,351,2.0,7.0,2.50997150997151,2.0,4.0,351,0.0,0.0,0.0,0.0,0.0,0,0.0,0.0,0.0,0.0,0.0,0,1.0,1.0,1.0,1.0,1.0,128,0.9999999999999998,1.0,1.0,1.0,1.0,128,1.0,1.0,1.0,1.0,1.0,128,0.9999999999999998,1.0,1.0,1.0,1.0,128,552.0,0.0,0.0,424.0,128.0,128.0,0.0,0.0,0.0,0.0,0.0,0.0,1.0,0.0,0.0,57.93209560215473,351.0,351.0,4563.0,9477.0,5.666666666666667,10.0,60.666666666666664,107.0,7.447293447293447,14.0,0.0,0.0,0.0,39200.0,0.0,0.0,0.0,0.0,0.0,0.0,0.0,0.0,0.0,0.0,0.0,0.0,0.0,0.0,0.0,0.0,562.2438136488199
212,12720000000000,2.0,7.0,2.5014245014245016,2.0,4.0,351,1.0,10.0,5.592592592592593,6.0,8.0,351,0.0,0.0,0.0,0.0,0.0,351,2.0,7.0,2.5014245014245016,2.0,4.0,351,0.0,0.0,0.0,0.0,0.0,0,0.0,0.0,0.0,0.0,0.0,0,1.0,1.0,1.0,1.0,1.0,133,0.9999999999999998,1.0,1.0,1.0,1.0,133,1.0,1.0,1.0,1.0,1.0,133,0.9999999999999998,1.0,1.0,1.0,1.0,133,552.0,0.0,0.0,419.0,133.0,133.0,0.0,0.0,0.0,0.0,0.0,0.0,1.0,0.0,0.0,57.95259773731232,351.0,351.0,4563.0,9477.0,5.592592592592593,10.0,59.074074074074076,101.0,7.39031339031339,14.0,0.0,0.0,0.0,38850.0,0.0,0.0,0.0,0.0,0.0,0.0,0.0,0.0,0.0,0.0,0.0,0.0,0.0,0.0,0.0,0.0,550.1610524952412
213,12780000000000,2.0,6.0,2.4957264957264957,2.0,4.0,351,1.0,10.0,5.555555555555555,6.0,8.0,351,0.0,0.0,0.0,0.0,0.0,351,2.0,6.0,2.4957264957264957,2.0,4.0,351,0.0,0.0,0.0,0.0,0.0,0,0.0,0.0,0.0,0.0,0.0,0,1.0,1.0,1.0,1.0,1.0,122,0.9999999999999997,1.0000000000000002,1.0,1.0,1.0,122,1.0,1.0,1.0,1.0,1.0,122,0.9999999999999997,1.0000000000000002,1.0,1.0,1.0,122,552.0,0.0,0.0,430.0,122.0,122.0,0.0,0.0,0.0,0.0,0.0,0.0,1.0,0.0,0.0,53.26422490179539,351.0,351.0,4563.0,9477.0,5.555555555555555,10.0,58.2962962962963,103.0,7.589743589743589,12.0,0.0,0.0,0.0,41300.0,0.0,0.0,0.0,0.0,0.0,0.0,0.0,0.0,0.0,0.0,0.0,0.0,0.0,0.0,0.0,0.0,526.5917144715786
214,12840000000000,2.0,7.0,2.492877492877493,2.0,4.0,351,1.0,9.0,5.592592592592593,5.0,8.0,351,0.0,0.0,0.0,0.0,0.0,351,2.0,7.0,2.492877492877493,2.0,4.0,351,0.0,0.0,0.0,0.0,0.0,0,0.0,0.0,0.0,0.0,0.0,0,1.0,1.0,1.0,1.0,1.0,123,0.9999999999999998,1.0000000000000002,1.0,1.0,1.0,123,1.0,1.0,1.0,1.0,1.0,123,0.9999999999999998,1.0000000000000002,1.0,1.0,1.0,123,552.0,0.0,0.0,429.0,123.0,123.0,0.0,0.0,0.0,0.0,0.0,0.0,1.0,0.0,0.0,57.75357037782669,351.0,351.0,4563.0,9477.0,5.592592592592593,9.0,58.7037037037037,91.0,7.555555555555555,14.0,0.0,0.0,0.0,39900.0,0.0,0.0,0.0,0.0,0.0,0.0,0.0,0.0,0.0,0.0,0.0,0.0,0.0,0.0,0.0,0.0,624.8087417334318
215,12900000000000,2.0,7.0,2.49002849002849,2.0,4.0,351,1.0,9.0,5.518518518518518,5.0,9.0,351,0.0,0.0,0.0,0.0,0.0,351,2.0,7.0,2.49002849002849,2.0,4.0,351,0.0,0.0,0.0,0.0,0.0,0,0.0,0.0,0.0,0.0,0.0,0,1.0,1.0,1.0,1.0,1.0,116,0.9999999999999999,1.0,1.0,1.0,1.0,116,1.0,1.0,1.0,1.0,1.0,116,0.9999999999999999,1.0,1.0,1.0,1.0,116,552.0,0.0,0.0,436.0,116.0,116.0,0.0,0.0,0.0,0.0,0.0,0.0,1.0,0.0,0.0,57.672543451189995,351.0,351.0,4563.0,9477.0,5.518518518518518,9.0,58.407407407407405,103.0,7.452991452991453,10.0,0.0,0.0,0.0,38150.0,0.0,0.0,0.0,0.0,0.0,0.0,0.0,0.0,0.0,0.0,0.0,0.0,0.0,0.0,0.0,0.0,539.3271502107382
216,12960000000000,2.0,7.0,2.5014245014245016,2.0,4.0,351,1.0,9.0,5.592592592592593,6.0,8.0,351,0.0,0.0,0.0,0.0,0.0,351,2.0,7.0,2.5014245014245016,2.0,4.0,351,0.0,0.0,0.0,0.0,0.0,0,0.0,0.0,0.0,0.0,0.0,0,1.0,1.0,1.0,1.0,1.0,121,0.9999999999999999,1.0,1.0,1.0,1.0,121,1.0,1.0,1.0,1.0,1.0,121,0.9999999999999999,1.0,1.0,1.0,1.0,121,552.0,0.0,0.0,431.0,121.0,121.0,0.0,0.0,0.0,0.0,0.0,0.0,1.0,0.0,0.0,37.73948363959789,351.0,351.0,4563.0,9477.0,5.592592592592593,9.0,59.74074074074074,94.0,7.413105413105413,12.0,0.0,0.0,0.0,39200.0,0.0,0.0,0.0,0.0,0.0,0.0,0.0,0.0,0.0,0.0,0.0,0.0,0.0,0.0,0.0,0.0,441.6881687939167
217,13020000000000,2.0,6.0,2.492877492877493,2.0,4.0,351,1.0,10.0,5.555555555555555,6.0,8.0,351,0.0,0.0,0.0,0.0,0.0,351,2.0,6.0,2.492877492877493,2.0,4.0,351,0.0,0.0,0.0,0.0,0.0,0,0.0,0.0,0.0,0.0,0.0,0,1.0,1.0,1.0,1.0,1.0,123,0.9999999999999998,1.0,1.0,1.0,1.0,123,1.0,1.0,1.0,1.0,1.0,123,0.9999999999999998,1.0,1.0,1.0,1.0,123,552.0,0.0,0.0,429.0,123.0,123.0,0.0,0.0,0.0,0.0,0.0,0.0,1.0,0.0,0.0,55.06555922329426,351.0,351.0,4563.0,9477.0,5.555555555555555,10.0,57.407407407407405,103.0,7.584045584045584,14.0,0.0,0.0,0.0,40250.0,0.0,0.0,0.0,0.0,0.0,0.0,0.0,0.0,0.0,0.0,0.0,0.0,0.0,0.0,0.0,0.0,524.248655885458
218,13080000000000,2.0,7.0,2.4985754985754984,2.0,4.0,351,1.0,10.0,5.481481481481482,6.0,8.0,351,0.0,0.0,0.0,0.0,0.0,351,2.0,7.0,2.4985754985754984,2.0,4.0,351,0.0,0.0,0.0,0.0,0.0,0,0.0,0.0,0.0,0.0,0.0,0,1.0,1.0,1.0,1.0,1.0,114,0.9999999999999998,1.0000000000000002,1.0,1.0,1.0,114,1.0,1.0,1.0,1.0,1.0,114,0.9999999999999998,1.0000000000000002,1.0,1.0,1.0,114,552.0,0.0,0.0,438.0,114.0,114.0,0.0,0.0,0.0,0.0,0.0,0.0,1.0,0.0,0.0,59.831125661730766,351.0,351.0,4563.0,9477.0,5.481481481481482,10.0,57.7037037037037,102.0,7.361823361823362,12.0,0.0,0.0,0.0,39200.0,0.0,0.0,0.0,0.0,0.0,0.0,0.0,0.0,0.0,0.0,0.0,0.0,0.0,0.0,0.0,0.0,521.0734568536282
219,13140000000000,2.0,7.0,2.4957264957264957,2.0,4.0,351,1.0,10.0,5.555555555555555,6.0,8.0,351,0.0,0.0,0.0,0.0,0.0,351,2.0,7.0,2.4957264957264957,2.0,4.0,351,0.0,0.0,0.0,0.0,0.0,0,0.0,0.0,0.0,0.0,0.0,0,1.0,1.0,1.0,1.0,1.0,120,0.9999999999999998,1.0000000000000002,1.0,1.0,1.0,120,1.0,1.0,1.0,1.0,1.0,120,0.9999999999999998,1.0000000000000002,1.0,1.0,1.0,120,552.0,0.0,0.0,432.0,120.0,120.0,0.0,0.0,0.0,0.0,0.0,0.0,1.0,0.0,0.0,57.12945573031902,351.0,351.0,4563.0,9477.0,5.555555555555555,10.0,58.25925925925926,103.0,7.2763532763532766,14.0,0.0,0.0,0.0,38500.0,0.0,0.0,0.0,0.0,0.0,0.0,0.0,0.0,0.0,0.0,0.0,0.0,0.0,0.0,0.0,0.0,534.9152591079473
220,13200000000000,2.0,7.0,2.4871794871794872,2.0,4.0,351,1.0,10.0,5.481481481481482,6.0,7.0,351,0.0,0.0,0.0,0.0,0.0,351,2.0,7.0,2.4871794871794872,2.0,4.0,351,0.0,0.0,0.0,0.0,0.0,0,0.0,0.0,0.0,0.0,0.0,0,1.0,1.0,1.0,1.0,1.0,130,1.0,1.0000000000000002,1.0,1.0,1.0,130,1.0,1.0,1.0,1.0,1.0,130,1.0,1.0000000000000002,1.0,1.0,1.0,130,552.0,0.0,0.0,422.0,130.0,130.0,0.0,0.0,0.0,0.0,0.0,0.0,1.0,0.0,0.0,60.08676998317242,351.0,351.0,4563.0,9477.0,5.481481481481482,10.0,57.18518518518518,99.0,7.35042735042735,12.0,0.0,0.0,0.0,38850.0,0.0,0.0,0.0,0.0,0.0,0.0,0.0,0.0,0.0,0.0,0.0,0.0,0.0,0.0,0.0,0.0,517.4953546375036
221,13260000000000,2.0,6.0,2.4871794871794872,2.0,4.0,351,1.0,10.0,5.407407407407407,5.0,8.0,351,0.0,0.0,0.0,0.0,0.0,351,2.0,6.0,2.4871794871794872,2.0,4.0,351,0.0,0.0,0.0,0.0,0.0,0,0.0,0.0,0.0,0.0,0.0,0,1.0,1.0,1.0,1.0,1.0,135,0.9999999999999998,1.0000000000000002,1.0,1.0,1.0,135,1.0,1.0,1.0,1.0,1.0,135,0.9999999999999998,1.0000000000000002,1.0,1.0,1.0,135,552.0,0.0,0.0,417.0,135.0,135.0,0.0,0.0,0.0,0.0,0.0,0.0,1.0,0.0,0.0,55.91364949941635,351.0,351.0,4563.0,9477.0,5.407407407407407,10.0,56.22222222222222,100.0,7.156695156695156,12.0,0.0,0.0,0.0,39550.0,0.0,0.0,0.0,0.0,0.0,0.0,0.0,0.0,0.0,0.0,0.0,0.0,0.0,0.0,0.0,0.0,580.847468227148
222,13320000000000,2.0,6.0,2.4757834757834756,2.0,4.0,351,1.0,10.0,5.481481481481482,5.0,8.0,351,0.0,0.0,0.0,0.0,0.0,351,2.0,6.0,2.4757834757834756,2.0,4.0,351,0.0,0.0,0.0,0.0,0.0,0,0.0,0.0,0.0,0.0,0.0,0,1.0,1.0,1.0,1.0,1.0,126,0.9999999999999998,1.0000000000000002,1.0,1.0,1.0,126,1.0,1.0,1.0,1.0,1.0,126,0.9999999999999998,1.0000000000000002,1.0,1.0,1.0,126,552.0,0.0,0.0,426.0,126.0,126.0,0.0,0.0,0.0,0.0,0.0,0.0,1.0,0.0,0.0,54.62190695106983,351.0,351.0,4563.0,9477.0,5.481481481481482,10.0,56.18518518518518,99.0,7.413105413105413,12.0,0.0,0.0,0.0,38850.0,0.0,0.0,0.0,0.0,0.0,0.0,0.0,0.0,0.0,0.0,0.0,0.0,0.0,0.0,0.0,0.0,491.2348836660385
223,13380000000000,2.0,6.0,2.4786324786324787,2.0,4.0,351,1.0,9.0,5.444444444444445,6.0,8.0,351,0.0,0.0,0.0,0.0,0.0,351,2.0,6.0,2.4786324786324787,2.0,4.0,351,0.0,0.0,0.0,0.0,0.0,0,0.0,0.0,0.0,0.0,0.0,0,1.0,1.0,1.0,1.0,1.0,114,0.9999999999999999,1.0000000000000002,1.0,1.0,1.0,114,1.0,1.0,1.0,1.0,1.0,114,0.9999999999999999,1.0000000000000002,1.0,1.0,1.0,114,552.0,0.0,0.0,438.0,114.0,114.0,0.0,0.0,0.0,0.0,0.0,0.0,1.0,0.0,0.0,28.523264452815056,351.0,351.0,4563.0,9477.0,5.444444444444445,9.0,56.51851851851852,86.0,7.618233618233618,12.0,0.0,0.0,0.0,38500.0,0.0,0.0,0.0,0.0,0.0,0.0,0.0,0.0,0.0,0.0,0.0,0.0,0.0,0.0,0.0,0.0,448.3258593827486
224,13440000000000,2.0,7.0,2.4957264957264957,2.0,4.0,351,1.0,10.0,5.481481481481482,6.0,8.0,351,0.0,0.0,0.0,0.0,0.0,351,2.0,7.0,2.4957264957264957,2.0,4.0,351,0.0,0.0,0.0,0.0,0.0,0,0.0,0.0,0.0,0.0,0.0,0,1.0,1.0,1.0,1.0,1.0,120,0.9999999999999998,1.0000000000000002,1.0,1.0,1.0,120,1.0,1.0,1.0,1.0,1.0,120,0.9999999999999998,1.0000000000000002,1.0,1.0,1.0,120,552.0,0.0,0.0,432.0,120.0,120.0,0.0,0.0,0.0,0.0,0.0,0.0,1.0,0.0,0.0,43.816689401865005,351.0,351.0,4563.0,9477.0,5.481481481481482,10.0,57.592592592592595,102.0,7.50997150997151,14.0,0.0,0.0,0.0,39900.0,0.0,0.0,0.0,0.0,0.0,0.0,0.0,0.0,0.0,0.0,0.0,0.0,0.0,0.0,0.0,0.0,494.8296695947647
225,13500000000000,2.0,6.0,2.49002849002849,2.0,4.0,351,1.0,10.0,5.481481481481482,6.0,8.0,351,0.0,0.0,0.0,0.0,0.0,351,2.0,6.0,2.49002849002849,2.0,4.0,351,0.0,0.0,0.0,0.0,0.0,0,0.0,0.0,0.0,0.0,0.0,0,1.0,1.0,1.0,1.0,1.0,121,0.9999999999999998,1.0,1.0,1.0,1.0,121,1.0,1.0,1.0,1.0,1.0,121,0.9999999999999998,1.0,1.0,1.0,1.0,121,552.0,0.0,0.0,431.0,121.0,121.0,0.0,0.0,0.0,0.0,0.0,0.0,1.0,0.0,0.0,54.037587717175484,351.0,351.0,4563.0,9477.0,5.481481481481482,10.0,56.77777777777778,102.0,7.333333333333333,14.0,0.0,0.0,0.0,39200.0,0.0,0.0,0.0,0.0,0.0,0.0,0.0,0.0,0.0,0.0,0.0,0.0,0.0,0.0,0.0,0.0,512.8927603363991
226,13560000000000,2.0,8.0,2.507122507122507,2.0,4.0,351,1.0,10.0,5.555555555555555,6.0,9.0,351,0.0,0.0,0.0,0.0,0.0,351,2.0,8.0,2.507122507122507,2.0,4.0,351,0.0,0.0,0.0,0.0,0.0,0,0.0,0.0,0.0,0.0,0.0,0,1.0,1.0,1.0,1.0,1.0,115,0.9999999999999998,1.0000000000000002,1.0,1.0,1.0000000000000002,115,1.0,1.0,1.0,1.0,1.0,115,0.9999999999999998,1.0000000000000002,1.0,1.0,1.0000000000000002,115,552.0,0.0,0.0,437.0,115.0,115.0,0.0,0.0,0.0,0.0,0.0,0.0,1.0,0.0,0.0,58.07183310389519,351.0,351.0,4563.0,9477.0,5.555555555555555,10.0,59.48148148148148,104.0,7.373219373219373,12.0,0.0,0.0,0.0,39200.0,0.0,0.0,0.0,0.0,0.0,0.0,0.0,0.0,0.0,0.0,0.0,0.0,0.0,0.0,0.0,0.0,548.5050659626722
227,13620000000000,2.0,7.0,2.4871794871794872,2.0,4.0,351,1.0,10.0,5.481481481481482,6.0,8.0,351,0.0,0.0,0.0,0.0,0.0,351,2.0,7.0,2.4871794871794872,2.0,4.0,351,0.0,0.0,0.0,0.0,0.0,0,0.0,0.0,0.0,0.0,0.0,0,1.0,1.0,1.0,1.0,1.0,118,0.9999999999999999,1.0000000000000002,1.0,1.0,1.0,118,1.0,1.0,1.0,1.0,1.0,118,0.9999999999999999,1.0000000000000002,1.0,1.0,1.0,118,552.0,0.0,0.0,434.0,118.0,118.0,0.0,0.0,0.0,0.0,0.0,0.0,1.0,0.0,0.0,57.55816400051117,351.0,351.0,4563.0,9477.0,5.481481481481482,10.0,57.148148148148145,102.0,7.048433048433049,14.0,0.0,0.0,0.0,37450.0,0.0,0.0,0.0,0.0,0.0,0.0,0.0,0.0,0.0,0.0,0.0,0.0,0.0,0.0,0.0,0.0,534.3194454908371
228,13680000000000,2.0,7.0,2.4957264957264957,2.0,4.0,351,1.0,10.0,5.518518518518518,6.0,8.0,351,0.0,0.0,0.0,0.0,0.0,351,2.0,7.0,2.4957264957264957,2.0,4.0,351,0.0,0.0,0.0,0.0,0.0,0,0.0,0.0,0.0,0.0,0.0,0,1.0,1.0,1.0,1.0,1.0,137,0.9999999999999998,1.0000000000000002,1.0,1.0,1.0000000000000002,137,1.0,1.0,1.0,1.0,1.0,137,0.9999999999999998,1.0000000000000002,1.0,1.0,1.0000000000000002,137,552.0,0.0,0.0,415.0,137.0,137.0,0.0,0.0,0.0,0.0,0.0,0.0,1.0,0.0,0.0,57.525841519236565,351.0,351.0,4563.0,9477.0,5.518518518518518,10.0,59.25925925925926,100.0,7.133903133903134,12.0,0.0,0.0,0.0,38500.0,0.0,0.0,0.0,0.0,0.0,0.0,0.0,0.0,0.0,0.0,0.0,0.0,0.0,0.0,0.0,0.0,545.498875901103
229,13740000000000,2.0,6.0,2.4871794871794872,2.0,4.0,351,1.0,10.0,5.481481481481482,5.0,8.0,351,0.0,0.0,0.0,0.0,0.0,351,2.0,6.0,2.4871794871794872,2.0,4.0,351,0.0,0.0,0.0,0.0,0.0,0,0.0,0.0,0.0,0.0,0.0,0,1.0,1.0,1.0,1.0,1.0,130,0.9999999999999998,1.0000000000000002,1.0,1.0,1.0,130,1.0,1.0,1.0,1.0,1.0,130,0.9999999999999998,1.0000000000000002,1.0,1.0,1.0,130,552.0,0.0,0.0,422.0,130.0,130.0,0.0,0.0,0.0,0.0,0.0,0.0,1.0,0.0,0.0,57.90676735341549,351.0,351.0,4563.0,9477.0,5.481481481481482,10.0,56.851851851851855,100.0,7.230769230769231,12.0,0.0,0.0,0.0,39550.0,0.0,0.0,0.0,0.0,0.0,0.0,0.0,0.0,0.0,0.0,0.0,0.0,0.0,0.0,0.0,0.0,619.1122401505709
230,13800000000000,2.0,6.0,2.4871794871794872,2.0,4.0,351,1.0,10.0,5.592592592592593,6.0,8.0,351,0.0,0.0,0.0,0.0,0.0,351,2.0,6.0,2.4871794871794872,2.0,4.0,351,0.0,0.0,0.0,0.0,0.0,0,0.0,0.0,0.0,0.0,0.0,0,1.0,1.0,1.0,1.0,1.0,128,1.0,1.0000000000000002,1.0,1.0,1.0,128,1.0,1.0,1.0,1.0,1.0,128,1.0,1.0000000000000002,1.0,1.0,1.0,128,552.0,0.0,0.0,424.0,128.0,128.0,0.0,0.0,0.0,0.0,0.0,0.0,1.0,0.0,0.0,57.035619392991066,351.0,351.0,4563.0,9477.0,5.592592592592593,10.0,58.370370370370374,101.0,7.447293447293447,12.0,0.0,0.0,0.0,39200.0,0.0,0.0,0.0,0.0,0.0,0.0,0.0,0.0,0.0,0.0,0.0,0.0,0.0,0.0,0.0,0.0,535.8674060553312
231,13860000000000,2.0,6.0,2.49002849002849,2.0,4.0,351,1.0,10.0,5.555555555555555,6.0,8.0,351,0.0,0.0,0.0,0.0,0.0,351,2.0,6.0,2.49002849002849,2.0,4.0,351,0.0,0.0,0.0,0.0,0.0,0,0.0,0.0,0.0,0.0,0.0,0,1.0,1.0,1.0,1.0,1.0,125,0.9999999999999998,1.0000000000000002,1.0,1.0,1.0000000000000002,125,1.0,1.0,1.0,1.0,1.0,125,0.9999999999999998,1.0000000000000002,1.0,1.0,1.0000000000000002,125,552.0,0.0,0.0,427.0,125.0,125.0,0.0,0.0,0.0,0.0,0.0,0.0,1.0,0.0,0.0,56.69095180928707,351.0,351.0,4563.0,9477.0,5.555555555555555,10.0,58.25925925925926,98.0,7.749287749287749,14.0,0.0,0.0,0.0,39550.0,0.0,0.0,0.0,0.0,0.0,0.0,0.0,0.0,0.0,0.0,0.0,0.0,0.0,0.0,0.0,0.0,533.6777828633785
232,13920000000000,2.0,8.0,2.5185185185185186,2.0,4.0,351,1.0,10.0,5.7407407407407405,5.0,9.0,351,0.0,0.0,0.0,0.0,0.0,351,2.0,8.0,2.5185185185185186,2.0,4.0,351,0.0,0.0,0.0,0.0,0.0,0,0.0,0.0,0.0,0.0,0.0,0,1.0,1.0,1.0,1.0,1.0,136,0.9999999999999998,1.0000000000000002,1.0,1.0,1.0,136,1.0,1.0,1.0,1.0,1.0,136,0.9999999999999998,1.0000000000000002,1.0,1.0,1.0,136,552.0,0.0,0.0,416.0,136.0,136.0,0.0,0.0,0.0,0.0,0.0,0.0,1.0,0.0,0.0,57.62420408427715,351.0,351.0,4563.0,9477.0,5.7407407407407405,10.0,62.55555555555556,106.0,7.806267806267806,14.0,0.0,0.0,0.0,41300.0,0.0,0.0,0.0,0.0,0.0,0.0,0.0,0.0,0.0,0.0,0.0,0.0,0.0,0.0,0.0,0.0,539.8431327193975
233,13980000000000,2.0,7.0,2.4985754985754984,2.0,4.0,351,1.0,10.0,5.592592592592593,6.0,9.0,351,0.0,0.0,0.0,0.0,0.0,351,2.0,7.0,2.4985754985754984,2.0,4.0,351,0.0,0.0,0.0,0.0,0.0,0,0.0,0.0,0.0,0.0,0.0,0,1.0,1.0,1.0,1.0,1.0,131,1.0,1.0000000000000002,1.0,1.0,1.0,131,1.0,1.0,1.0,1.0,1.0,131,1.0,1.0000000000000002,1.0,1.0,1.0,131,552.0,0.0,0.0,421.0,131.0,131.0,0.0,0.0,0.0,0.0,0.0,0.0,1.0,0.0,0.0,56.118739768862724,351.0,351.0,4563.0,9477.0,5.592592592592593,10.0,59.333333333333336,104.0,7.54985754985755,14.0,0.0,0.0,0.0,40250.0,0.0,0.0,0.0,0.0,0.0,0.0,0.0,0.0,0.0,0.0,0.0,0.0,0.0,0.0,0.0,0.0,514.6700274199247
234,14040000000000,2.0,7.0,2.49002849002849,2.0,4.0,351,1.0,10.0,5.407407407407407,5.0,9.0,351,0.0,0.0,0.0,0.0,0.0,351,2.0,7.0,2.49002849002849,2.0,4.0,351,0.0,0.0,0.0,0.0,0.0,0,0.0,0.0,0.0,0.0,0.0,0,1.0,1.0,1.0,1.0,1.0,113,0.9999999999999998,1.0000000000000002,1.0,1.0,1.0000000000000002,113,1.0,1.0,1.0,1.0,1.0,113,0.9999999999999998,1.0000000000000002,1.0,1.0,1.0000000000000002,113,552.0,0.0,0.0,439.0,113.0,113.0,0.0,0.0,0.0,0.0,0.0,0.0,1.0,0.0,0.0,56.00151978433132,351.0,351.0,4563.0,9477.0,5.407407407407407,10.0,56.51851851851852,102.0,7.139601139601139,12.0,0.0,0.0,0.0,38150.0,0.0,0.0,0.0,0.0,0.0,0.0,0.0,0.0,0.0,0.0,0.0,0.0,0.0,0.0,0.0,0.0,505.32844476401806
235,14100000000000,2.0,7.0,2.4871794871794872,2.0,4.0,351,1.0,9.0,5.444444444444445,6.0,8.0,351,0.0,0.0,0.0,0.0,0.0,351,2.0,7.0,2.4871794871794872,2.0,4.0,351,0.0,0.0,0.0,0.0,0.0,0,0.0,0.0,0.0,0.0,0.0,0,1.0,1.0,1.0,1.0,1.0,120,1.0,1.0000000000000002,1.0,1.0,1.0,120,1.0,1.0,1.0,1.0,1.0,120,1.0,1.0000000000000002,1.0,1.0,1.0,120,552.0,0.0,0.0,432.0,120.0,120.0,0.0,0.0,0.0,0.0,0.0,0.0,1.0,0.0,0.0,52.08437703549862,351.0,351.0,4563.0,9477.0,5.444444444444445,9.0,57.18518518518518,93.0,7.054131054131054,12.0,0.0,0.0,0.0,37450.0,0.0,0.0,0.0,0.0,0.0,0.0,0.0,0.0,0.0,0.0,0.0,0.0,0.0,0.0,0.0,0.0,515.1269547641277
236,14160000000000,2.0,7.0,2.49002849002849,2.0,4.0,351,2.0,9.0,5.592592592592593,6.0,8.0,351,0.0,0.0,0.0,0.0,0.0,351,2.0,7.0,2.49002849002849,2.0,4.0,351,0.0,0.0,0.0,0.0,0.0,0,0.0,0.0,0.0,0.0,0.0,0,1.0,1.0,1.0,1.0,1.0,135,0.9999999999999999,1.0000000000000002,1.0,1.0,1.0,135,1.0,1.0,1.0,1.0,1.0,135,0.9999999999999999,1.0000000000000002,1.0,1.0,1.0,135,552.0,0.0,0.0,417.0,135.0,135.0,0.0,0.0,0.0,0.0,0.0,0.0,1.0,0.0,0.0,56.81046098470688,351.0,351.0,4563.0,9477.0,5.592592592592593,9.0,58.77777777777778,92.0,7.253561253561253,12.0,0.0,0.0,0.0,37800.0,0.0,0.0,0.0,0.0,0.0,0.0,0.0,0.0,0.0,0.0,0.0,0.0,0.0,0.0,0.0,0.0,524.6875453740358
237,14220000000000,2.0,6.0,2.5014245014245016,2.0,4.0,351,2.0,10.0,5.666666666666667,5.0,9.0,351,0.0,0.0,0.0,0.0,0.0,351,2.0,6.0,2.5014245014245016,2.0,4.0,351,0.0,0.0,0.0,0.0,0.0,0,0.0,0.0,0.0,0.0,0.0,0,1.0,1.0,1.0,1.0,1.0,133,0.9999999999999998,1.0000000000000002,1.0,1.0,1.0,133,1.0,1.0,1.0,1.0,1.0,133,0.9999999999999998,1.0000000000000002,1.0,1.0,1.0,133,552.0,0.0,0.0,419.0,133.0,133.0,0.0,0.0,0.0,0.0,0.0,0.0,1.0,0.0,0.0,27.16296724975109,351.0,351.0,4563.0,9477.0,5.666666666666667,10.0,60.0,102.0,7.521367521367521,12.0,0.0,0.0,0.0,40600.0,0.0,0.0,0.0,0.0,0.0,0.0,0.0,0.0,0.0,0.0,0.0,0.0,0.0,0.0,0.0,0.0,571.6078076511621
238,14280000000000,2.0,6.0,2.5014245014245016,2.0,4.0,351,2.0,10.0,5.62962962962963,6.0,9.0,351,0.0,0.0,0.0,0.0,0.0,351,2.0,6.0,2.5014245014245016,2.0,4.0,351,0.0,0.0,0.0,0.0,0.0,0,0.0,0.0,0.0,0.0,0.0,0,1.0,1.0,1.0,1.0,1.0,134,0.9999999999999999,1.0000000000000002,1.0,1.0,1.0,134,1.0,1.0,1.0,1.0,1.0,134,0.9999999999999999,1.0000000000000002,1.0,1.0,1.0,134,552.0,0.0,0.0,418.0,134.0,134.0,0.0,0.0,0.0,0.0,0.0,0.0,1.0,0.0,0.0,57.05534480512142,351.0,351.0,4563.0,9477.0,5.62962962962963,10.0,60.074074074074076,102.0,7.418803418803419,12.0,0.0,0.0,0.0,39550.0,0.0,0.0,0.0,0.0,0.0,0.0,0.0,0.0,0.0,0.0,0.0,0.0,0.0,0.0,0.0,0.0,542.2848220914602
239,14340000000000,2.0,7.0,2.5128205128205128,2.0,4.0,351,2.0,10.0,5.703703703703703,6.0,9.0,351,0.0,0.0,0.0,0.0,0.0,351,2.0,7.0,2.5128205128205128,2.0,4.0,351,0.0,0.0,0.0,0.0,0.0,0,0.0,0.0,0.0,0.0,0.0,0,1.0,1.0,1.0,1.0,1.0,131,0.9999999999999997,1.0000000000000002,1.0,1.0,1.0,131,1.0,1.0,1.0,1.0,1.0,131,0.9999999999999997,1.0000000000000002,1.0,1.0,1.0,131,552.0,0.0,0.0,421.0,131.0,131.0,0.0,0.0,0.0,0.0,0.0,0.0,1.0,0.0,0.0,58.06398391723633,351.0,351.0,4563.0,9477.0,5.703703703703703,10.0,61.333333333333336,102.0,7.766381766381766,14.0,0.0,0.0,0.0,40950.0,0.0,0.0,0.0,0.0,0.0,0.0,0.0,0.0,0.0,0.0,0.0,0.0,0.0,0.0,0.0,0.0,559.1191966086626
240,14400000000000,2.0,8.0,2.5213675213675213,2.0,4.0,351,1.0,10.0,5.7407407407407405,6.0,9.0,351,0.0,0.0,0.0,0.0,0.0,351,2.0,8.0,2.5213675213675213,2.0,4.0,351,0.0,0.0,0.0,0.0,0.0,0,0.0,0.0,0.0,0.0,0.0,0,1.0,1.0,1.0,1.0,1.0,131,0.9999999999999998,1.0,1.0,1.0,1.0,131,1.0,1.0,1.0,1.0,1.0,131,0.9999999999999998,1.0,1.0,1.0,1.0,131,552.0,0.0,0.0,421.0,131.0,131.0,0.0,0.0,0.0,0.0,0.0,0.0,1.0,0.0,0.0,57.417621836066246,351.0,351.0,4563.0,9477.0,5.7407407407407405,10.0,62.666666666666664,105.0,7.908831908831909,14.0,0.0,0.0,0.0,42350.0,0.0,0.0,0.0,0.0,0.0,0.0,0.0,0.0,0.0,0.0,0.0,0.0,0.0,0.0,0.0,0.0,533.8850133121014
241,14460000000000,2.0,7.0,2.492877492877493,2.0,4.0,351,1.0,10.0,5.444444444444445,5.0,8.0,351,0.0,0.0,0.0,0.0,0.0,351,2.0,7.0,2.492877492877493,2.0,4.0,351,0.0,0.0,0.0,0.0,0.0,0,0.0,0.0,0.0,0.0,0.0,0,1.0,1.0,1.0,1.0,1.0,123,1.0,1.0000000000000002,1.0,1.0,1.0,123,1.0,1.0,1.0,1.0,1.0,123,1.0,1.0000000000000002,1.0,1.0,1.0,123,552.0,0.0,0.0,429.0,123.0,123.0,0.0,0.0,0.0,0.0,0.0,0.0,1.0,0.0,0.0,59.031443670392036,351.0,351.0,4563.0,9477.0,5.444444444444445,10.0,57.51851851851852,100.0,7.076923076923077,14.0,0.0,0.0,0.0,38500.0,0.0,0.0,0.0,0.0,0.0,0.0,0.0,0.0,0.0,0.0,0.0,0.0,0.0,0.0,0.0,0.0,513.7984380126
242,14520000000000,2.0,7.0,2.4957264957264957,2.0,4.0,351,1.0,10.0,5.518518518518518,5.0,8.0,351,0.0,0.0,0.0,0.0,0.0,351,2.0,7.0,2.4957264957264957,2.0,4.0,351,0.0,0.0,0.0,0.0,0.0,0,0.0,0.0,0.0,0.0,0.0,0,1.0,1.0,1.0,1.0,1.0,125,0.9999999999999998,1.0000000000000002,1.0,1.0,1.0,125,1.0,1.0,1.0,1.0,1.0,125,0.9999999999999998,1.0000000000000002,1.0,1.0,1.0,125,552.0,0.0,0.0,427.0,125.0,125.0,0.0,0.0,0.0,0.0,0.0,0.0,1.0,0.0,0.0,53.00036072731018,351.0,351.0,4563.0,9477.0,5.518518518518518,10.0,58.2962962962963,101.0,7.17948717948718,12.0,0.0,0.0,0.0,38150.0,0.0,0.0,0.0,0.0,0.0,0.0,0.0,0.0,0.0,0.0,0.0,0.0,0.0,0.0,0.0,0.0,499.53319504857063
243,14580000000000,2.0,7.0,2.4871794871794872,2.0,4.0,351,2.0,8.0,5.444444444444445,5.0,8.0,351,0.0,0.0,0.0,0.0,0.0,351,2.0,7.0,2.4871794871794872,2.0,4.0,351,0.0,0.0,0.0,0.0,0.0,0,0.0,0.0,0.0,0.0,0.0,0,1.0,1.0,1.0,1.0,1.0,117,0.9999999999999998,1.0000000000000002,1.0,1.0,1.0,117,1.0,1.0,1.0,1.0,1.0,117,0.9999999999999998,1.0000000000000002,1.0,1.0,1.0,117,552.0,0.0,0.0,435.0,117.0,117.0,0.0,0.0,0.0,0.0,0.0,0.0,1.0,0.0,0.0,57.92531929910183,351.0,351.0,4563.0,9477.0,5.444444444444445,8.0,56.925925925925924,89.0,7.01994301994302,10.0,0.0,0.0,0.0,36750.0,0.0,0.0,0.0,0.0,0.0,0.0,0.0,0.0,0.0,0.0,0.0,0.0,0.0,0.0,0.0,0.0,451.3029605150223
244,14640000000000,2.0,7.0,2.4843304843304845,2.0,4.0,351,2.0,9.0,5.518518518518518,5.0,8.0,351,0.0,0.0,0.0,0.0,0.0,351,2.0,7.0,2.4843304843304845,2.0,4.0,351,0.0,0.0,0.0,0.0,0.0,0,0.0,0.0,0.0,0.0,0.0,0,1.0,1.0,1.0,1.0,1.0,126,0.9999999999999999,1.0000000000000002,1.0,1.0,1.0,126,1.0,1.0,1.0,1.0,1.0,126,0.9999999999999999,1.0000000000000002,1.0,1.0,1.0,126,552.0,0.0,0.0,426.0,126.0,126.0,0.0,0.0,0.0,0.0,0.0,0.0,1.0,0.0,0.0,53.740302100777626,351.0,351.0,4563.0,9477.0,5.518518518518518,9.0,57.333333333333336,94.0,7.344729344729345,12.0,0.0,0.0,0.0,37800.0,0.0,0.0,0.0,0.0,0.0,0.0,0.0,0.0,0.0,0.0,0.0,0.0,0.0,0.0,0.0,0.0,559.9454827606678
245,14700000000000,2.0,7.0,2.50997150997151,2.0,4.0,351,2.0,9.0,5.703703703703703,6.0,9.0,351,0.0,0.0,0.0,0.0,0.0,351,2.0,7.0,2.50997150997151,2.0,4.0,351,0.0,0.0,0.0,0.0,0.0,0,0.0,0.0,0.0,0.0,0.0,0,1.0,1.0,1.0,1.0,1.0,133,0.9999999999999998,1.0000000000000002,1.0,1.0,1.0,133,1.0,1.0,1.0,1.0,1.0,133,0.9999999999999998,1.0000000000000002,1.0,1.0,1.0,133,552.0,0.0,0.0,419.0,133.0,133.0,0.0,0.0,0.0,0.0,0.0,0.0,1.0,0.0,0.0,57.86379612982273,351.0,351.0,4563.0,9477.0,5.703703703703703,9.0,60.888888888888886,99.0,7.589743589743589,12.0,0.0,0.0,0.0,41300.0,0.0,0.0,0.0,0.0,0.0,0.0,0.0,0.0,0.0,0.0,0.0,0.0,0.0,0.0,0.0,0.0,567.4467738717794
246,14760000000000,2.0,6.0,2.5042735042735043,2.0,4.0,351,2.0,10.0,5.666666666666667,6.0,8.0,351,0.0,0.0,0.0,0.0,0.0,351,2.0,6.0,2.5042735042735043,2.0,4.0,351,0.0,0.0,0.0,0.0,0.0,0,0.0,0.0,0.0,0.0,0.0,0,1.0,1.0,1.0,1.0,1.0,128,0.9999999999999998,1.0000000000000002,1.0,1.0,1.0,128,1.0,1.0,1.0,1.0,1.0,128,0.9999999999999998,1.0000000000000002,1.0,1.0,1.0,128,552.0,0.0,0.0,424.0,128.0,128.0,0.0,0.0,0.0,0.0,0.0,0.0,1.0,0.0,0.0,57.03849159181118,351.0,351.0,4563.0,9477.0,5.666666666666667,10.0,60.44444444444444,100.0,7.669515669515669,10.0,0.0,0.0,0.0,40950.0,0.0,0.0,0.0,0.0,0.0,0.0,0.0,0.0,0.0,0.0,0.0,0.0,0.0,0.0,0.0,0.0,554.2056523263454
247,14820000000000,2.0,7.0,2.5014245014245016,2.0,4.0,351,2.0,10.0,5.555555555555555,5.0,8.0,351,0.0,0.0,0.0,0.0,0.0,351,2.0,7.0,2.5014245014245016,2.0,4.0,351,0.0,0.0,0.0,0.0,0.0,0,0.0,0.0,0.0,0.0,0.0,0,1.0,1.0,1.0,1.0,1.0,132,0.9999999999999998,1.0000000000000002,1.0,1.0,1.0,132,1.0,1.0,1.0,1.0,1.0,132,0.9999999999999998,1.0000000000000002,1.0,1.0,1.0,132,552.0,0.0,0.0,420.0,132.0,132.0,0.0,0.0,0.0,0.0,0.0,0.0,1.0,0.0,0.0,57.17013031244278,351.0,351.0,4563.0,9477.0,5.555555555555555,10.0,59.03703703703704,103.0,7.538461538461538,14.0,0.0,0.0,0.0,39900.0,0.0,0.0,0.0,0.0,0.0,0.0,0.0,0.0,0.0,0.0,0.0,0.0,0.0,0.0,0.0,0.0,542.721850797534
248,14880000000000,2.0,7.0,2.492877492877493,2.0,4.0,351,2.0,10.0,5.444444444444445,6.0,8.0,351,0.0,0.0,0.0,0.0,0.0,351,2.0,7.0,2.492877492877493,2.0,4.0,351,0.0,0.0,0.0,0.0,0.0,0,0.0,0.0,0.0,0.0,0.0,0,1.0,1.0,1.0,1.0,1.0,117,0.9999999999999998,1.0,1.0,1.0,1.0,117,1.0,1.0,1.0,1.0,1.0,117,0.9999999999999998,1.0,1.0,1.0,1.0,117,552.0,0.0,0.0,435.0,117.0,117.0,0.0,0.0,0.0,0.0,0.0,0.0,1.0,0.0,0.0,58.1248477101326,351.0,351.0,4563.0,9477.0,5.444444444444445,10.0,57.48148148148148,99.0,7.418803418803419,12.0,0.0,0.0,0.0,38500.0,0.0,0.0,0.0,0.0,0.0,0.0,0.0,0.0,0.0,0.0,0.0,0.0,0.0,0.0,0.0,0.0,478.68487425148487
249,14940000000000,2.0,7.0,2.4985754985754984,2.0,4.0,351,1.0,10.0,5.666666666666667,6.0,9.0,351,0.0,0.0,0.0,0.0,0.0,351,2.0,7.0,2.4985754985754984,2.0,4.0,351,0.0,0.0,0.0,0.0,0.0,0,0.0,0.0,0.0,0.0,0.0,0,1.0,1.0,1.0,1.0,1.0,130,0.9999999999999999,1.0000000000000002,1.0,1.0,1.0,130,1.0,1.0,1.0,1.0,1.0,130,0.9999999999999999,1.0000000000000002,1.0,1.0,1.0,130,552.0,0.0,0.0,422.0,130.0,130.0,0.0,0.0,0.0,0.0,0.0,0.0,1.0,0.0,0.0,53.33688668906689,351.0,351.0,4563.0,9477.0,5.666666666666667,10.0,59.96296296296296,100.0,7.401709401709402,14.0,0.0,0.0,0.0,39200.0,0.0,0.0,0.0,0.0,0.0,0.0,0.0,0.0,0.0,0.0,0.0,0.0,0.0,0.0,0.0,0.0,483.9687552303076
250,15000000000000,2.0,7.0,2.49002849002849,2.0,4.0,351,1.0,9.0,5.407407407407407,5.0,8.0,351,0.0,0.0,0.0,0.0,0.0,351,2.0,7.0,2.49002849002849,2.0,4.0,351,0.0,0.0,0.0,0.0,0.0,0,0.0,0.0,0.0,0.0,0.0,0,1.0,1.0,1.0,1.0,1.0,124,0.9999999999999998,1.0,1.0,1.0,1.0,124,1.0,1.0,1.0,1.0,1.0,124,0.9999999999999998,1.0,1.0,1.0,1.0,124,552.0,0.0,0.0,428.0,124.0,124.0,0.0,0.0,0.0,0.0,0.0,0.0,1.0,0.0,0.0,54.36021648347378,351.0,351.0,4563.0,9477.0,5.407407407407407,9.0,56.666666666666664,89.0,6.962962962962963,12.0,0.0,0.0,0.0,37800.0,0.0,0.0,0.0,0.0,0.0,0.0,0.0,0.0,0.0,0.0,0.0,0.0,0.0,0.0,0.0,0.0,483.03368873894215
251,15060000000000,2.0,7.0,2.4786324786324787,2.0,4.0,351,2.0,9.0,5.444444444444445,5.0,8.0,351,0.0,0.0,0.0,0.0,0.0,351,2.0,7.0,2.4786324786324787,2.0,4.0,351,0.0,0.0,0.0,0.0,0.0,0,0.0,0.0,0.0,0.0,0.0,0,1.0,1.0,1.0,1.0,1.0,119,0.9999999999999998,1.0000000000000002,1.0,1.0,1.0000000000000002,119,1.0,1.0,1.0,1.0,1.0,119,0.9999999999999998,1.0000000000000002,1.0,1.0,1.0000000000000002,119,552.0,0.0,0.0,433.0,119.0,119.0,0.0,0.0,0.0,0.0,0.0,0.0,1.0,0.0,0.0,54.350486025214195,351.0,351.0,4563.0,9477.0,5.444444444444445,9.0,56.03703703703704,91.0,7.116809116809117,14.0,0.0,0.0,0.0,37100.0,0.0,0.0,0.0,0.0,0.0,0.0,0.0,0.0,0.0,0.0,0.0,0.0,0.0,0.0,0.0,0.0,546.8631274998188
252,15120000000000,2.0,7.0,2.4786324786324787,2.0,4.0,351,2.0,9.0,5.444444444444445,5.0,8.0,351,0.0,0.0,0.0,0.0,0.0,351,2.0,7.0,2.4786324786324787,2.0,4.0,351,0.0,0.0,0.0,0.0,0.0,0,0.0,0.0,0.0,0.0,0.0,0,1.0,1.0,1.0,1.0,1.0,120,0.9999999999999998,1.0,1.0,1.0,1.0,120,1.0,1.0,1.0,1.0,1.0,120,0.9999999999999998,1.0,1.0,1.0,1.0,120,552.0,0.0,0.0,432.0,120.0,120.0,0.0,0.0,0.0,0.0,0.0,0.0,1.0,0.0,0.0,54.6136349439621,351.0,351.0,4563.0,9477.0,5.444444444444445,9.0,55.81481481481482,90.0,7.339031339031339,12.0,0.0,0.0,0.0,37450.0,0.0,0.0,0.0,0.0,0.0,0.0,0.0,0.0,0.0,0.0,0.0,0.0,0.0,0.0,0.0,0.0,524.0365620702505
253,15180000000000,2.0,6.0,2.49002849002849,2.0,4.0,351,2.0,8.0,5.407407407407407,6.0,8.0,351,0.0,0.0,0.0,0.0,0.0,351,2.0,6.0,2.49002849002849,2.0,4.0,351,0.0,0.0,0.0,0.0,0.0,0,0.0,0.0,0.0,0.0,0.0,0,1.0,1.0,1.0,1.0,1.0,118,0.9999999999999998,1.0000000000000002,1.0,1.0,1.0,118,1.0,1.0,1.0,1.0,1.0,118,0.9999999999999998,1.0000000000000002,1.0,1.0,1.0,118,552.0,0.0,0.0,434.0,118.0,118.0,0.0,0.0,0.0,0.0,0.0,0.0,1.0,0.0,0.0,56.98329210281372,351.0,351.0,4563.0,9477.0,5.407407407407407,8.0,56.03703703703704,83.0,7.504273504273504,12.0,0.0,0.0,0.0,40950.0,0.0,0.0,0.0,0.0,0.0,0.0,0.0,0.0,0.0,0.0,0.0,0.0,0.0,0.0,0.0,0.0,545.8285920321941
254,15240000000000,2.0,6.0,2.5014245014245016,2.0,4.0,351,2.0,9.0,5.592592592592593,6.0,8.0,351,0.0,0.0,0.0,0.0,0.0,351,2.0,6.0,2.5014245014245016,2.0,4.0,351,0.0,0.0,0.0,0.0,0.0,0,0.0,0.0,0.0,0.0,0.0,0,1.0,1.0,1.0,1.0,1.0,128,0.9999999999999999,1.0,1.0,1.0,1.0,128,1.0,1.0,1.0,1.0,1.0,128,0.9999999999999999,1.0,1.0,1.0,1.0,128,552.0,0.0,0.0,424.0,128.0,128.0,0.0,0.0,0.0,0.0,0.0,0.0,1.0,0.0,0.0,57.345859706401825,351.0,351.0,4563.0,9477.0,5.592592592592593,9.0,58.629629629629626,91.0,7.680911680911681,12.0,0.0,0.0,0.0,40950.0,0.0,0.0,0.0,0.0,0.0,0.0,0.0,0.0,0.0,0.0,0.0,0.0,0.0,0.0,0.0,0.0,550.5006350576878
255,15300000000000,2.0,7.0,2.5128205128205128,2.0,4.0,351,2.0,10.0,5.7407407407407405,6.0,8.0,351,0.0,0.0,0.0,0.0,0.0,351,2.0,7.0,2.5128205128205128,2.0,4.0,351,0.0,0.0,0.0,0.0,0.0,0,0.0,0.0,0.0,0.0,0.0,0,1.0,1.0,1.0,1.0,1.0,133,1.0,1.0000000000000002,1.0,1.0,1.0000000000000002,133,1.0,1.0,1.0,1.0,1.0,133,1.0,1.0000000000000002,1.0,1.0,1.0000000000000002,133,552.0,0.0,0.0,419.0,133.0,133.0,0.0,0.0,0.0,0.0,0.0,0.0,1.0,0.0,0.0,56.93220719695091,351.0,351.0,4563.0,9477.0,5.7407407407407405,10.0,61.51851851851852,104.0,7.572649572649572,12.0,0.0,0.0,0.0,39550.0,0.0,0.0,0.0,0.0,0.0,0.0,0.0,0.0,0.0,0.0,0.0,0.0,0.0,0.0,0.0,0.0,535.1431723684072
256,15360000000000,2.0,7.0,2.5042735042735043,2.0,4.0,351,1.0,9.0,5.62962962962963,6.0,9.0,351,0.0,0.0,0.0,0.0,0.0,351,2.0,7.0,2.5042735042735043,2.0,4.0,351,0.0,0.0,0.0,0.0,0.0,0,0.0,0.0,0.0,0.0,0.0,0,1.0,1.0,1.0,1.0,1.0,126,0.9999999999999998,1.0000000000000002,1.0,1.0,1.0000000000000002,126,1.0,1.0,1.0,1.0,1.0,126,0.9999999999999998,1.0000000000000002,1.0,1.0,1.0000000000000002,126,552.0,0.0,0.0,426.0,126.0,126.0,0.0,0.0,0.0,0.0,0.0,0.0,1.0,0.0,0.0,57.74804204702377,351.0,351.0,4563.0,9477.0,5.62962962962963,9.0,59.74074074074074,92.0,7.504273504273504,12.0,0.0,0.0,0.0,38850.0,0.0,0.0,0.0,0.0,0.0,0.0,0.0,0.0,0.0,0.0,0.0,0.0,0.0,0.0,0.0,0.0,550.5579207092524
257,15420000000000,2.0,7.0,2.5014245014245016,2.0,4.0,351,2.0,9.0,5.592592592592593,6.0,8.0,351,0.0,0.0,0.0,0.0,0.0,351,2.0,7.0,2.5014245014245016,2.0,4.0,351,0.0,0.0,0.0,0.0,0.0,0,0.0,0.0,0.0,0.0,0.0,0,1.0,1.0,1.0,1.0,1.0,120,0.9999999999999998,1.0000000000000002,1.0,1.0,1.0,120,1.0,1.0,1.0,1.0,1.0,120,0.9999999999999998,1.0000000000000002,1.0,1.0,1.0,120,552.0,0.0,0.0,432.0,120.0,120.0,0.0,0.0,0.0,0.0,0.0,0.0,1.0,0.0,0.0,57.67858028411865,351.0,351.0,4563.0,9477.0,5.592592592592593,9.0,58.96296296296296,93.0,7.47008547008547,12.0,0.0,0.0,0.0,39900.0,0.0,0.0,0.0,0.0,0.0,0.0,0.0,0.0,0.0,0.0,0.0,0.0,0.0,0.0,0.0,0.0,484.3470398336649
258,15480000000000,2.0,7.0,2.492877492877493,2.0,4.0,351,2.0,9.0,5.592592592592593,5.0,8.0,351,0.0,0.0,0.0,0.0,0.0,351,2.0,7.0,2.492877492877493,2.0,4.0,351,0.0,0.0,0.0,0.0,0.0,0,0.0,0.0,0.0,0.0,0.0,0,1.0,1.0,1.0,1.0,1.0,120,0.9999999999999998,1.0000000000000002,1.0,1.0,1.0,120,1.0,1.0,1.0,1.0,1.0,120,0.9999999999999998,1.0000000000000002,1.0,1.0,1.0,120,552.0,0.0,0.0,432.0,120.0,120.0,0.0,0.0,0.0,0.0,0.0,0.0,1.0,0.0,0.0,29.555395245552063,351.0,351.0,4563.0,9477.0,5.592592592592593,9.0,59.18518518518518,89.0,7.2250712250712255,12.0,0.0,0.0,0.0,38500.0,0.0,0.0,0.0,0.0,0.0,0.0,0.0,0.0,0.0,0.0,0.0,0.0,0.0,0.0,0.0,0.0,520.266966894269
259,15540000000000,2.0,7.0,2.4757834757834756,2.0,4.0,351,2.0,9.0,5.481481481481482,5.0,8.0,351,0.0,0.0,0.0,0.0,0.0,351,2.0,7.0,2.4757834757834756,2.0,4.0,351,0.0,0.0,0.0,0.0,0.0,0,0.0,0.0,0.0,0.0,0.0,0,1.0,1.0,1.0,1.0,1.0,123,1.0,1.0000000000000002,1.0,1.0,1.0,123,1.0,1.0,1.0,1.0,1.0,123,1.0,1.0000000000000002,1.0,1.0,1.0,123,552.0,0.0,0.0,429.0,123.0,123.0,0.0,0.0,0.0,0.0,0.0,0.0,1.0,0.0,0.0,57.784680277109146,351.0,351.0,4563.0,9477.0,5.481481481481482,9.0,57.51851851851852,90.0,7.333333333333333,14.0,0.0,0.0,0.0,37800.0,0.0,0.0,0.0,0.0,0.0,0.0,0.0,0.0,0.0,0.0,0.0,0.0,0.0,0.0,0.0,0.0,620.75524777174
260,15600000000000,2.0,7.0,2.4957264957264957,2.0,4.0,351,2.0,9.0,5.592592592592593,6.0,8.0,351,0.0,0.0,0.0,0.0,0.0,351,2.0,7.0,2.4957264957264957,2.0,4.0,351,0.0,0.0,0.0,0.0,0.0,0,0.0,0.0,0.0,0.0,0.0,0,1.0,1.0,1.0,1.0,1.0,114,0.9999999999999998,1.0000000000000002,1.0,1.0,1.0,114,1.0,1.0,1.0,1.0,1.0,114,0.9999999999999998,1.0000000000000002,1.0,1.0,1.0,114,552.0,0.0,0.0,438.0,114.0,114.0,0.0,0.0,0.0,0.0,0.0,0.0,1.0,0.0,0.0,59.63609553873539,351.0,351.0,4563.0,9477.0,5.592592592592593,9.0,59.333333333333336,93.0,7.635327635327635,10.0,0.0,0.0,0.0,38850.0,0.0,0.0,0.0,0.0,0.0,0.0,0.0,0.0,0.0,0.0,0.0,0.0,0.0,0.0,0.0,0.0,433.2393202930689
261,15660000000000,2.0,7.0,2.5042735042735043,2.0,4.0,351,1.0,9.0,5.62962962962963,6.0,9.0,351,0.0,0.0,0.0,0.0,0.0,351,2.0,7.0,2.5042735042735043,2.0,4.0,351,0.0,0.0,0.0,0.0,0.0,0,0.0,0.0,0.0,0.0,0.0,0,1.0,1.0,1.0,1.0,1.0,122,0.9999999999999998,1.0,1.0,1.0,1.0,122,1.0,1.0,1.0,1.0,1.0,122,0.9999999999999998,1.0,1.0,1.0,1.0,122,552.0,0.0,0.0,430.0,122.0,122.0,0.0,0.0,0.0,0.0,0.0,0.0,1.0,0.0,0.0,57.53079615533352,351.0,351.0,4563.0,9477.0,5.62962962962963,9.0,59.666666666666664,98.0,7.663817663817664,12.0,0.0,0.0,0.0,41300.0,0.0,0.0,0.0,0.0,0.0,0.0,0.0,0.0,0.0,0.0,0.0,0.0,0.0,0.0,0.0,0.0,559.8994307219982
262,15720000000000,2.0,6.0,2.4871794871794872,2.0,4.0,351,1.0,8.0,5.518518518518518,6.0,8.0,351,0.0,0.0,0.0,0.0,0.0,351,2.0,6.0,2.4871794871794872,2.0,4.0,351,0.0,0.0,0.0,0.0,0.0,0,0.0,0.0,0.0,0.0,0.0,0,1.0,1.0,1.0,1.0,1.0,116,0.9999999999999999,1.0000000000000002,1.0,1.0,1.0,116,1.0,1.0,1.0,1.0,1.0,116,0.9999999999999999,1.0000000000000002,1.0,1.0,1.0,116,552.0,0.0,0.0,436.0,116.0,116.0,0.0,0.0,0.0,0.0,0.0,0.0,1.0,0.0,0.0,57.37845040857792,351.0,351.0,4563.0,9477.0,5.518518518518518,8.0,56.333333333333336,84.0,7.6068376068376065,12.0,0.0,0.0,0.0,39900.0,0.0,0.0,0.0,0.0,0.0,0.0,0.0,0.0,0.0,0.0,0.0,0.0,0.0,0.0,0.0,0.0,540.2604546397924
263,15780000000000,2.0,7.0,2.5042735042735043,2.0,4.0,351,1.0,9.0,5.666666666666667,6.0,8.0,351,0.0,0.0,0.0,0.0,0.0,351,2.0,7.0,2.5042735042735043,2.0,4.0,351,0.0,0.0,0.0,0.0,0.0,0,0.0,0.0,0.0,0.0,0.0,0,1.0,1.0,1.0,1.0,1.0,126,0.9999999999999998,1.0000000000000002,1.0,1.0,1.0,126,1.0,1.0,1.0,1.0,1.0,126,0.9999999999999998,1.0000000000000002,1.0,1.0,1.0,126,552.0,0.0,0.0,426.0,126.0,126.0,0.0,0.0,0.0,0.0,0.0,0.0,1.0,0.0,0.0,58.05610306560993,351.0,351.0,4563.0,9477.0,5.666666666666667,9.0,60.25925925925926,95.0,7.515669515669516,12.0,0.0,0.0,0.0,39900.0,0.0,0.0,0.0,0.0,0.0,0.0,0.0,0.0,0.0,0.0,0.0,0.0,0.0,0.0,0.0,0.0,517.4574889242649
264,15840000000000,2.0,7.0,2.5156695156695155,2.0,4.0,351,1.0,10.0,5.7407407407407405,6.0,8.0,351,0.0,0.0,0.0,0.0,0.0,351,2.0,7.0,2.5156695156695155,2.0,4.0,351,0.0,0.0,0.0,0.0,0.0,0,0.0,0.0,0.0,0.0,0.0,0,1.0,1.0,1.0,1.0,1.0,127,0.9999999999999999,1.0000000000000002,1.0,1.0,1.0000000000000002,127,1.0,1.0,1.0,1.0,1.0,127,0.9999999999999999,1.0000000000000002,1.0,1.0,1.0000000000000002,127,552.0,0.0,0.0,425.0,127.0,127.0,0.0,0.0,0.0,0.0,0.0,0.0,1.0,0.0,0.0,56.62807263433933,351.0,351.0,4563.0,9477.0,5.7407407407407405,10.0,62.03703703703704,105.0,7.515669515669516,14.0,0.0,0.0,0.0,38850.0,0.0,0.0,0.0,0.0,0.0,0.0,0.0,0.0,0.0,0.0,0.0,0.0,0.0,0.0,0.0,0.0,527.340292930603
265,15900000000000,2.0,7.0,2.4985754985754984,2.0,4.0,351,1.0,10.0,5.592592592592593,6.0,8.0,351,0.0,0.0,0.0,0.0,0.0,351,2.0,7.0,2.4985754985754984,2.0,4.0,351,0.0,0.0,0.0,0.0,0.0,0,0.0,0.0,0.0,0.0,0.0,0,1.0,1.0,1.0,1.0,1.0,133,0.9999999999999998,1.0000000000000002,1.0,1.0,1.0,133,1.0,1.0,1.0,1.0,1.0,133,0.9999999999999998,1.0000000000000002,1.0,1.0,1.0,133,552.0,0.0,0.0,419.0,133.0,133.0,0.0,0.0,0.0,0.0,0.0,0.0,1.0,0.0,0.0,56.85378611087799,351.0,351.0,4563.0,9477.0,5.592592592592593,10.0,59.111111111111114,101.0,7.282051282051282,12.0,0.0,0.0,0.0,38850.0,0.0,0.0,0.0,0.0,0.0,0.0,0.0,0.0,0.0,0.0,0.0,0.0,0.0,0.0,0.0,0.0,498.3473904430866
266,15960000000000,2.0,7.0,2.4957264957264957,2.0,4.0,351,1.0,10.0,5.555555555555555,6.0,8.0,351,0.0,0.0,0.0,0.0,0.0,351,2.0,7.0,2.4957264957264957,2.0,4.0,351,0.0,0.0,0.0,0.0,0.0,0,0.0,0.0,0.0,0.0,0.0,0,1.0,1.0,1.0,1.0,1.0,120,1.0,1.0000000000000002,1.0,1.0,1.0,120,1.0,1.0,1.0,1.0,1.0,120,1.0,1.0000000000000002,1.0,1.0,1.0,120,552.0,0.0,0.0,432.0,120.0,120.0,0.0,0.0,0.0,0.0,0.0,0.0,1.0,0.0,0.0,55.095331743359566,351.0,351.0,4563.0,9477.0,5.555555555555555,10.0,58.666666666666664,101.0,7.515669515669516,12.0,0.0,0.0,0.0,40600.0,0.0,0.0,0.0,0.0,0.0,0.0,0.0,0.0,0.0,0.0,0.0,0.0,0.0,0.0,0.0,0.0,588.1359148770571
267,16020000000000,2.0,7.0,2.4871794871794872,2.0,4.0,351,1.0,9.0,5.555555555555555,5.0,8.0,351,0.0,0.0,0.0,0.0,0.0,351,2.0,7.0,2.4871794871794872,2.0,4.0,351,0.0,0.0,0.0,0.0,0.0,0,0.0,0.0,0.0,0.0,0.0,0,1.0,1.0,1.0,1.0,1.0,127,0.9999999999999998,1.0000000000000002,1.0,1.0,1.0,127,1.0,1.0,1.0,1.0,1.0,127,0.9999999999999998,1.0000000000000002,1.0,1.0,1.0,127,552.0,0.0,0.0,425.0,127.0,127.0,0.0,0.0,0.0,0.0,0.0,0.0,1.0,0.0,0.0,57.85765312612057,351.0,351.0,4563.0,9477.0,5.555555555555555,9.0,58.111111111111114,91.0,7.373219373219373,14.0,0.0,0.0,0.0,38500.0,0.0,0.0,0.0,0.0,0.0,0.0,0.0,0.0,0.0,0.0,0.0,0.0,0.0,0.0,0.0,0.0,540.5149888247252
268,16080000000000,2.0,7.0,2.4814814814814814,2.0,4.0,351,1.0,9.0,5.481481481481482,5.0,9.0,351,0.0,0.0,0.0,0.0,0.0,351,2.0,7.0,2.4814814814814814,2.0,4.0,351,0.0,0.0,0.0,0.0,0.0,0,0.0,0.0,0.0,0.0,0.0,0,1.0,1.0,1.0,1.0,1.0,115,0.9999999999999998,1.0000000000000002,1.0,1.0,1.0000000000000002,115,1.0,1.0,1.0,1.0,1.0,115,0.9999999999999998,1.0000000000000002,1.0,1.0,1.0000000000000002,115,552.0,0.0,0.0,437.0,115.0,115.0,0.0,0.0,0.0,0.0,0.0,0.0,1.0,0.0,0.0,57.186054065823555,351.0,351.0,4563.0,9477.0,5.481481481481482,9.0,56.96296296296296,99.0,7.447293447293447,10.0,0.0,0.0,0.0,38150.0,0.0,0.0,0.0,0.0,0.0,0.0,0.0,0.0,0.0,0.0,0.0,0.0,0.0,0.0,0.0,0.0,533.0490935593843
269,16140000000000,2.0,7.0,2.4985754985754984,2.0,4.0,351,1.0,9.0,5.518518518518518,6.0,8.0,351,0.0,0.0,0.0,0.0,0.0,351,2.0,7.0,2.4985754985754984,2.0,4.0,351,0.0,0.0,0.0,0.0,0.0,0,0.0,0.0,0.0,0.0,0.0,0,1.0,1.0,1.0,1.0,1.0,116,0.9999999999999999,1.0000000000000002,1.0,1.0,1.0,116,1.0,1.0,1.0,1.0,1.0,116,0.9999999999999999,1.0000000000000002,1.0,1.0,1.0,116,552.0,0.0,0.0,436.0,116.0,116.0,0.0,0.0,0.0,0.0,0.0,0.0,1.0,0.0,0.0,56.37681111693382,351.0,351.0,4563.0,9477.0,5.518518518518518,9.0,58.48148148148148,95.0,7.373219373219373,12.0,0.0,0.0,0.0,39900.0,0.0,0.0,0.0,0.0,0.0,0.0,0.0,0.0,0.0,0.0,0.0,0.0,0.0,0.0,0.0,0.0,543.7241867184639
270,16200000000000,2.0,6.0,2.4985754985754984,2.0,4.0,351,1.0,10.0,5.62962962962963,6.0,8.0,351,0.0,0.0,0.0,0.0,0.0,351,2.0,6.0,2.4985754985754984,2.0,4.0,351,0.0,0.0,0.0,0.0,0.0,0,0.0,0.0,0.0,0.0,0.0,0,1.0,1.0,1.0,1.0,1.0,117,0.9999999999999998,1.0000000000000002,1.0,1.0,1.0,117,1.0,1.0,1.0,1.0,1.0,117,0.9999999999999998,1.0000000000000002,1.0,1.0,1.0,117,552.0,0.0,0.0,435.0,117.0,117.0,0.0,0.0,0.0,0.0,0.0,0.0,1.0,0.0,0.0,57.79753439128399,351.0,351.0,4563.0,9477.0,5.62962962962963,10.0,58.592592592592595,105.0,7.789173789173789,14.0,0.0,0.0,0.0,40950.0,0.0,0.0,0.0,0.0,0.0,0.0,0.0,0.0,0.0,0.0,0.0,0.0,0.0,0.0,0.0,0.0,563.6059120297432
271,16260000000000,2.0,7.0,2.492877492877493,2.0,4.0,351,1.0,10.0,5.555555555555555,6.0,8.0,351,0.0,0.0,0.0,0.0,0.0,351,2.0,7.0,2.492877492877493,2.0,4.0,351,0.0,0.0,0.0,0.0,0.0,0,0.0,0.0,0.0,0.0,0.0,0,1.0,1.0,1.0,1.0,1.0,123,0.9999999999999998,1.0000000000000002,1.0,1.0,1.0,123,1.0,1.0,1.0,1.0,1.0,123,0.9999999999999998,1.0000000000000002,1.0,1.0,1.0,123,552.0,0.0,0.0,429.0,123.0,123.0,0.0,0.0,0.0,0.0,0.0,0.0,1.0,0.0,0.0,57.64321982860565,351.0,351.0,4563.0,9477.0,5.555555555555555,10.0,57.925925925925924,100.0,7.293447293447294,12.0,0.0,0.0,0.0,38500.0,0.0,0.0,0.0,0.0,0.0,0.0,0.0,0.0,0.0,0.0,0.0,0.0,0.0,0.0,0.0,0.0,543.9706519246101
272,16320000000000,2.0,7.0,2.4957264957264957,2.0,4.0,351,1.0,10.0,5.518518518518518,6.0,8.0,351,0.0,0.0,0.0,0.0,0.0,351,2.0,7.0,2.4957264957264957,2.0,4.0,351,0.0,0.0,0.0,0.0,0.0,0,0.0,0.0,0.0,0.0,0.0,0,1.0,1.0,1.0,1.0,1.0,122,0.9999999999999999,1.0000000000000002,1.0,1.0,1.0,122,1.0,1.0,1.0,1.0,1.0,122,0.9999999999999999,1.0000000000000002,1.0,1.0,1.0,122,552.0,0.0,0.0,430.0,122.0,122.0,0.0,0.0,0.0,0.0,0.0,0.0,1.0,0.0,0.0,57.737721130251884,351.0,351.0,4563.0,9477.0,5.518518518518518,10.0,58.51851851851852,102.0,7.339031339031339,14.0,0.0,0.0,0.0,38500.0,0.0,0.0,0.0,0.0,0.0,0.0,0.0,0.0,0.0,0.0,0.0,0.0,0.0,0.0,0.0,0.0,546.8277297914028
273,16380000000000,2.0,7.0,2.49002849002849,2.0,4.0,351,1.0,10.0,5.518518518518518,6.0,8.0,351,0.0,0.0,0.0,0.0,0.0,351,2.0,7.0,2.49002849002849,2.0,4.0,351,0.0,0.0,0.0,0.0,0.0,0,0.0,0.0,0.0,0.0,0.0,0,1.0,1.0,1.0,1.0,1.0,131,1.0,1.0000000000000002,1.0,1.0,1.0,131,1.0,1.0,1.0,1.0,1.0,131,1.0,1.0000000000000002,1.0,1.0,1.0,131,552.0,0.0,0.0,421.0,131.0,131.0,0.0,0.0,0.0,0.0,0.0,0.0,1.0,0.0,0.0,57.76091851294041,351.0,351.0,4563.0,9477.0,5.518518518518518,10.0,58.333333333333336,99.0,7.2763532763532766,12.0,0.0,0.0,0.0,38500.0,0.0,0.0,0.0,0.0,0.0,0.0,0.0,0.0,0.0,0.0,0.0,0.0,0.0,0.0,0.0,0.0,550.5479294806719
274,16440000000000,2.0,6.0,2.49002849002849,2.0,4.0,351,1.0,10.0,5.481481481481482,5.0,8.0,351,0.0,0.0,0.0,0.0,0.0,351,2.0,6.0,2.49002849002849,2.0,4.0,351,0.0,0.0,0.0,0.0,0.0,0,0.0,0.0,0.0,0.0,0.0,0,1.0,1.0,1.0,1.0,1.0,123,1.0,1.0000000000000002,1.0,1.0,1.0,123,1.0,1.0,1.0,1.0,1.0,123,1.0,1.0000000000000002,1.0,1.0,1.0,123,552.0,0.0,0.0,429.0,123.0,123.0,0.0,0.0,0.0,0.0,0.0,0.0,1.0,0.0,0.0,57.497771456837654,351.0,351.0,4563.0,9477.0,5.481481481481482,10.0,57.592592592592595,100.0,7.367521367521367,12.0,0.0,0.0,0.0,40250.0,0.0,0.0,0.0,0.0,0.0,0.0,0.0,0.0,0.0,0.0,0.0,0.0,0.0,0.0,0.0,0.0,641.7765319347382
275,16500000000000,2.0,8.0,2.4871794871794872,2.0,4.0,351,1.0,10.0,5.555555555555555,5.0,8.0,351,0.0,0.0,0.0,0.0,0.0,351,2.0,8.0,2.4871794871794872,2.0,4.0,351,0.0,0.0,0.0,0.0,0.0,0,0.0,0.0,0.0,0.0,0.0,0,1.0,1.0,1.0,1.0,1.0,129,0.9999999999999998,1.0,1.0,1.0,1.0,129,1.0,1.0,1.0,1.0,1.0,129,0.9999999999999998,1.0,1.0,1.0,1.0,129,552.0,0.0,0.0,423.0,129.0,129.0,0.0,0.0,0.0,0.0,0.0,0.0,1.0,0.0,0.0,57.86689929664135,351.0,351.0,4563.0,9477.0,5.555555555555555,10.0,57.925925925925924,100.0,7.589743589743589,14.0,0.0,0.0,0.0,39200.0,0.0,0.0,0.0,0.0,0.0,0.0,0.0,0.0,0.0,0.0,0.0,0.0,0.0,0.0,0.0,0.0,553.034458309412
276,16560000000000,2.0,7.0,2.47008547008547,2.0,4.0,351,1.0,9.0,5.481481481481482,6.0,8.0,351,0.0,0.0,0.0,0.0,0.0,351,2.0,7.0,2.47008547008547,2.0,4.0,351,0.0,0.0,0.0,0.0,0.0,0,0.0,0.0,0.0,0.0,0.0,0,1.0,1.0,1.0,1.0,1.0,119,0.9999999999999998,1.0000000000000002,1.0,1.0,1.0000000000000002,119,1.0,1.0,1.0,1.0,1.0,119,0.9999999999999998,1.0000000000000002,1.0,1.0,1.0000000000000002,119,552.0,0.0,0.0,433.0,119.0,119.0,0.0,0.0,0.0,0.0,0.0,0.0,1.0,0.0,0.0,57.89273791015148,351.0,351.0,4563.0,9477.0,5.481481481481482,9.0,55.7037037037037,88.0,7.641025641025641,12.0,0.0,0.0,0.0,38850.0,0.0,0.0,0.0,0.0,0.0,0.0,0.0,0.0,0.0,0.0,0.0,0.0,0.0,0.0,0.0,0.0,482.43685625493526
277,16620000000000,2.0,7.0,2.49002849002849,2.0,4.0,351,1.0,10.0,5.481481481481482,5.0,8.0,351,0.0,0.0,0.0,0.0,0.0,351,2.0,7.0,2.49002849002849,2.0,4.0,351,0.0,0.0,0.0,0.0,0.0,0,0.0,0.0,0.0,0.0,0.0,0,1.0,1.0,1.0,1.0,1.0,122,0.9999999999999999,1.0000000000000002,1.0,1.0,1.0,122,1.0,1.0,1.0,1.0,1.0,122,0.9999999999999999,1.0000000000000002,1.0,1.0,1.0,122,552.0,0.0,0.0,430.0,122.0,122.0,0.0,0.0,0.0,0.0,0.0,0.0,1.0,0.0,0.0,57.762447744607925,351.0,351.0,4563.0,9477.0,5.481481481481482,10.0,57.074074074074076,100.0,7.304843304843305,14.0,0.0,0.0,0.0,38850.0,0.0,0.0,0.0,0.0,0.0,0.0,0.0,0.0,0.0,0.0,0.0,0.0,0.0,0.0,0.0,0.0,544.3772356957197
278,16680000000000,2.0,6.0,2.49002849002849,2.0,4.0,351,1.0,10.0,5.518518518518518,6.0,8.0,351,0.0,0.0,0.0,0.0,0.0,351,2.0,6.0,2.49002849002849,2.0,4.0,351,0.0,0.0,0.0,0.0,0.0,0,0.0,0.0,0.0,0.0,0.0,0,1.0,1.0,1.0,1.0,1.0,115,0.9999999999999999,1.0000000000000002,1.0,1.0,1.0,115,1.0,1.0,1.0,1.0,1.0,115,0.9999999999999999,1.0000000000000002,1.0,1.0,1.0,115,552.0,0.0,0.0,437.0,115.0,115.0,0.0,0.0,0.0,0.0,0.0,0.0,1.0,0.0,0.0,59.44394879043102,351.0,351.0,4563.0,9477.0,5.518518518518518,10.0,57.0,103.0,7.378917378917379,14.0,0.0,0.0,0.0,38850.0,0.0,0.0,0.0,0.0,0.0,0.0,0.0,0.0,0.0,0.0,0.0,0.0,0.0,0.0,0.0,0.0,533.1352911889553
279,16740000000000,2.0,6.0,2.4985754985754984,2.0,4.0,351,1.0,10.0,5.555555555555555,6.0,9.0,351,0.0,0.0,0.0,0.0,0.0,351,2.0,6.0,2.4985754985754984,2.0,4.0,351,0.0,0.0,0.0,0.0,0.0,0,0.0,0.0,0.0,0.0,0.0,0,1.0,1.0,1.0,1.0,1.0,115,1.0,1.0000000000000002,1.0,1.0,1.0,115,1.0,1.0,1.0,1.0,1.0,115,1.0,1.0000000000000002,1.0,1.0,1.0,115,552.0,0.0,0.0,437.0,115.0,115.0,0.0,0.0,0.0,0.0,0.0,0.0,1.0,0.0,0.0,56.55720829963684,351.0,351.0,4563.0,9477.0,5.555555555555555,10.0,58.925925925925924,102.0,7.435897435897436,12.0,0.0,0.0,0.0,39200.0,0.0,0.0,0.0,0.0,0.0,0.0,0.0,0.0,0.0,0.0,0.0,0.0,0.0,0.0,0.0,0.0,500.0280551612377
280,16800000000000,2.0,7.0,2.492877492877493,2.0,4.0,351,1.0,10.0,5.518518518518518,6.0,8.0,351,0.0,0.0,0.0,0.0,0.0,351,2.0,7.0,2.492877492877493,2.0,4.0,351,0.0,0.0,0.0,0.0,0.0,0,0.0,0.0,0.0,0.0,0.0,0,1.0,1.0,1.0,1.0,1.0,126,0.9999999999999998,1.0000000000000002,1.0,1.0,1.0,126,1.0,1.0,1.0,1.0,1.0,126,0.9999999999999998,1.0000000000000002,1.0,1.0,1.0,126,552.0,0.0,0.0,426.0,126.0,126.0,0.0,0.0,0.0,0.0,0.0,0.0,1.0,0.0,0.0,57.64489434659481,351.0,351.0,4563.0,9477.0,5.518518518518518,10.0,58.148148148148145,103.0,7.145299145299146,14.0,0.0,0.0,0.0,37450.0,0.0,0.0,0.0,0.0,0.0,0.0,0.0,0.0,0.0,0.0,0.0,0.0,0.0,0.0,0.0,0.0,499.6629599481821
281,16860000000000,2.0,6.0,2.4871794871794872,2.0,4.0,351,1.0,10.0,5.444444444444445,6.0,8.0,351,0.0,0.0,0.0,0.0,0.0,351,2.0,6.0,2.4871794871794872,2.0,4.0,351,0.0,0.0,0.0,0.0,0.0,0,0.0,0.0,0.0,0.0,0.0,0,1.0,1.0,1.0,1.0,1.0,135,0.9999999999999999,1.0000000000000002,1.0,1.0,1.0,135,1.0,1.0,1.0,1.0,1.0,135,0.9999999999999999,1.0000000000000002,1.0,1.0,1.0,135,552.0,0.0,0.0,417.0,135.0,135.0,0.0,0.0,0.0,0.0,0.0,0.0,1.0,0.0,0.0,54.642682895064354,351.0,351.0,4563.0,9477.0,5.444444444444445,10.0,57.666666666666664,99.0,7.202279202279202,12.0,0.0,0.0,0.0,38500.0,0.0,0.0,0.0,0.0,0.0,0.0,0.0,0.0,0.0,0.0,0.0,0.0,0.0,0.0,0.0,0.0,497.6488742977381
282,16920000000000,2.0,7.0,2.4871794871794872,2.0,4.0,351,1.0,10.0,5.407407407407407,5.0,8.0,351,0.0,0.0,0.0,0.0,0.0,351,2.0,7.0,2.4871794871794872,2.0,4.0,351,0.0,0.0,0.0,0.0,0.0,0,0.0,0.0,0.0,0.0,0.0,0,1.0,1.0,1.0,1.0,1.0,123,0.9999999999999998,1.0000000000000002,1.0,1.0,1.0,123,1.0,1.0,1.0,1.0,1.0,123,0.9999999999999998,1.0000000000000002,1.0,1.0,1.0,123,552.0,0.0,0.0,429.0,123.0,123.0,0.0,0.0,0.0,0.0,0.0,0.0,1.0,0.0,0.0,55.17643503844738,351.0,351.0,4563.0,9477.0,5.407407407407407,10.0,56.55555555555556,99.0,7.2592592592592595,10.0,0.0,0.0,0.0,40250.0,0.0,0.0,0.0,0.0,0.0,0.0,0.0,0.0,0.0,0.0,0.0,0.0,0.0,0.0,0.0,0.0,564.5913537591696
283,16980000000000,2.0,8.0,2.5014245014245016,2.0,4.0,351,1.0,10.0,5.666666666666667,6.0,8.0,351,0.0,0.0,0.0,0.0,0.0,351,2.0,8.0,2.5014245014245016,2.0,4.0,351,0.0,0.0,0.0,0.0,0.0,0,0.0,0.0,0.0,0.0,0.0,0,1.0,1.0,1.0,1.0,1.0,133,0.9999999999999999,1.0000000000000002,1.0,1.0,1.0,133,1.0,1.0,1.0,1.0,1.0,133,0.9999999999999999,1.0000000000000002,1.0,1.0,1.0,133,552.0,0.0,0.0,419.0,133.0,133.0,0.0,0.0,0.0,0.0,0.0,0.0,1.0,0.0,0.0,56.463269516825676,351.0,351.0,4563.0,9477.0,5.666666666666667,10.0,60.44444444444444,103.0,7.589743589743589,14.0,0.0,0.0,0.0,39550.0,0.0,0.0,0.0,0.0,0.0,0.0,0.0,0.0,0.0,0.0,0.0,0.0,0.0,0.0,0.0,0.0,492.49517917633057
284,17040000000000,2.0,7.0,2.49002849002849,2.0,4.0,351,1.0,10.0,5.555555555555555,6.0,9.0,351,0.0,0.0,0.0,0.0,0.0,351,2.0,7.0,2.49002849002849,2.0,4.0,351,0.0,0.0,0.0,0.0,0.0,0,0.0,0.0,0.0,0.0,0.0,0,1.0,1.0,1.0,1.0,1.0,120,0.9999999999999999,1.0,1.0,1.0,1.0,120,1.0,1.0,1.0,1.0,1.0,120,0.9999999999999999,1.0,1.0,1.0,1.0,120,552.0,0.0,0.0,432.0,120.0,120.0,0.0,0.0,0.0,0.0,0.0,0.0,1.0,0.0,0.0,57.68672004342079,351.0,351.0,4563.0,9477.0,5.555555555555555,10.0,58.407407407407405,101.0,7.612535612535613,14.0,0.0,0.0,0.0,39200.0,0.0,0.0,0.0,0.0,0.0,0.0,0.0,0.0,0.0,0.0,0.0,0.0,0.0,0.0,0.0,0.0,556.9227021187544
285,17100000000000,2.0,8.0,2.5042735042735043,2.0,4.0,351,1.0,10.0,5.666666666666667,5.0,9.0,351,0.0,0.0,0.0,0.0,0.0,351,2.0,8.0,2.5042735042735043,2.0,4.0,351,0.0,0.0,0.0,0.0,0.0,0,0.0,0.0,0.0,0.0,0.0,0,1.0,1.0,1.0,1.0,1.0,132,0.9999999999999998,1.0000000000000002,1.0,1.0,1.0,132,1.0,1.0,1.0,1.0,1.0,132,0.9999999999999998,1.0000000000000002,1.0,1.0,1.0,132,552.0,0.0,0.0,420.0,132.0,132.0,0.0,0.0,0.0,0.0,0.0,0.0,1.0,0.0,0.0,57.65180662274361,351.0,351.0,4563.0,9477.0,5.666666666666667,10.0,60.407407407407405,104.0,7.7094017094017095,14.0,0.0,0.0,0.0,40950.0,0.0,0.0,0.0,0.0,0.0,0.0,0.0,0.0,0.0,0.0,0.0,0.0,0.0,0.0,0.0,0.0,566.9302400201559
286,17160000000000,2.0,7.0,2.4957264957264957,2.0,4.0,351,1.0,10.0,5.518518518518518,5.0,9.0,351,0.0,0.0,0.0,0.0,0.0,351,2.0,7.0,2.4957264957264957,2.0,4.0,351,0.0,0.0,0.0,0.0,0.0,0,0.0,0.0,0.0,0.0,0.0,0,1.0,1.0,1.0,1.0,1.0,129,0.9999999999999998,1.0,1.0,1.0,1.0,129,1.0,1.0,1.0,1.0,1.0,129,0.9999999999999998,1.0,1.0,1.0,1.0,129,552.0,0.0,0.0,423.0,129.0,129.0,0.0,0.0,0.0,0.0,0.0,0.0,1.0,0.0,0.0,56.914664804935455,351.0,351.0,4563.0,9477.0,5.518518518518518,10.0,57.77777777777778,103.0,7.373219373219373,14.0,0.0,0.0,0.0,38850.0,0.0,0.0,0.0,0.0,0.0,0.0,0.0,0.0,0.0,0.0,0.0,0.0,0.0,0.0,0.0,0.0,562.1346011757851
287,17220000000000,2.0,7.0,2.49002849002849,2.0,4.0,351,1.0,10.0,5.407407407407407,6.0,8.0,351,0.0,0.0,0.0,0.0,0.0,351,2.0,7.0,2.49002849002849,2.0,4.0,351,0.0,0.0,0.0,0.0,0.0,0,0.0,0.0,0.0,0.0,0.0,0,1.0,1.0,1.0,1.0,1.0,110,0.9999999999999998,1.0000000000000002,1.0,1.0,1.0,110,1.0,1.0,1.0,1.0,1.0,110,0.9999999999999998,1.0000000000000002,1.0,1.0,1.0,110,552.0,0.0,0.0,442.0,110.0,110.0,0.0,0.0,0.0,0.0,0.0,0.0,1.0,0.0,0.0,58.934228494763374,351.0,351.0,4563.0,9477.0,5.407407407407407,10.0,56.592592592592595,101.0,7.037037037037037,12.0,0.0,0.0,0.0,37450.0,0.0,0.0,0.0,0.0,0.0,0.0,0.0,0.0,0.0,0.0,0.0,0.0,0.0,0.0,0.0,0.0,562.7456195652485
288,17280000000000,2.0,7.0,2.4871794871794872,2.0,4.0,351,1.0,8.0,5.407407407407407,6.0,8.0,351,0.0,0.0,0.0,0.0,0.0,351,2.0,7.0,2.4871794871794872,2.0,4.0,351,0.0,0.0,0.0,0.0,0.0,0,0.0,0.0,0.0,0.0,0.0,0,1.0,1.0,1.0,1.0,1.0,121,0.9999999999999998,1.0,1.0,1.0,1.0,121,1.0,1.0,1.0,1.0,1.0,121,0.9999999999999998,1.0,1.0,1.0,1.0,121,552.0,0.0,0.0,431.0,121.0,121.0,0.0,0.0,0.0,0.0,0.0,0.0,1.0,0.0,0.0,57.191360741853714,351.0,351.0,4563.0,9477.0,5.407407407407407,8.0,56.851851851851855,85.0,7.071225071225071,10.0,0.0,0.0,0.0,37450.0,0.0,0.0,0.0,0.0,0.0,0.0,0.0,0.0,0.0,0.0,0.0,0.0,0.0,0.0,0.0,0.0,533.2054439932108
289,17340000000000,2.0,6.0,2.5128205128205128,2.0,4.0,351,2.0,9.0,5.62962962962963,5.0,9.0,351,0.0,0.0,0.0,0.0,0.0,351,2.0,6.0,2.5128205128205128,2.0,4.0,351,0.0,0.0,0.0,0.0,0.0,0,0.0,0.0,0.0,0.0,0.0,0,1.0,1.0,1.0,1.0,1.0,135,0.9999999999999998,1.0000000000000002,1.0,1.0,1.0,135,1.0,1.0,1.0,1.0,1.0,135,0.9999999999999998,1.0000000000000002,1.0,1.0,1.0,135,552.0,0.0,0.0,417.0,135.0,135.0,0.0,0.0,0.0,0.0,0.0,0.0,1.0,0.0,0.0,57.64488875865936,351.0,351.0,4563.0,9477.0,5.62962962962963,9.0,60.629629629629626,97.0,7.39031339031339,12.0,0.0,0.0,0.0,40250.0,0.0,0.0,0.0,0.0,0.0,0.0,0.0,0.0,0.0,0.0,0.0,0.0,0.0,0.0,0.0,0.0,562.1697269380093
290,17400000000000,2.0,7.0,2.4985754985754984,2.0,4.0,351,2.0,10.0,5.592592592592593,5.0,9.0,351,0.0,0.0,0.0,0.0,0.0,351,2.0,7.0,2.4985754985754984,2.0,4.0,351,0.0,0.0,0.0,0.0,0.0,0,0.0,0.0,0.0,0.0,0.0,0,1.0,1.0,1.0,1.0,1.0,129,0.9999999999999998,1.0000000000000002,1.0,1.0,1.0,129,1.0,1.0,1.0,1.0,1.0,129,0.9999999999999998,1.0000000000000002,1.0,1.0,1.0,129,552.0,0.0,0.0,423.0,129.0,129.0,0.0,0.0,0.0,0.0,0.0,0.0,1.0,0.0,0.0,27.964187785983086,351.0,351.0,4563.0,9477.0,5.592592592592593,10.0,59.0,101.0,7.4415954415954415,12.0,0.0,0.0,0.0,40950.0,0.0,0.0,0.0,0.0,0.0,0.0,0.0,0.0,0.0,0.0,0.0,0.0,0.0,0.0,0.0,0.0,594.0329488366842
291,17460000000000,2.0,7.0,2.492877492877493,2.0,4.0,351,2.0,10.0,5.555555555555555,6.0,8.0,351,0.0,0.0,0.0,0.0,0.0,351,2.0,7.0,2.492877492877493,2.0,4.0,351,0.0,0.0,0.0,0.0,0.0,0,0.0,0.0,0.0,0.0,0.0,0,1.0,1.0,1.0,1.0,1.0,128,1.0,1.0000000000000002,1.0,1.0,1.0,128,1.0,1.0,1.0,1.0,1.0,128,1.0,1.0000000000000002,1.0,1.0,1.0,128,552.0,0.0,0.0,424.0,128.0,128.0,0.0,0.0,0.0,0.0,0.0,0.0,1.0,0.0,0.0,57.23799951374531,351.0,351.0,4563.0,9477.0,5.555555555555555,10.0,58.55555555555556,100.0,7.646723646723647,12.0,0.0,0.0,0.0,40600.0,0.0,0.0,0.0,0.0,0.0,0.0,0.0,0.0,0.0,0.0,0.0,0.0,0.0,0.0,0.0,0.0,549.5210289955139
292,17520000000000,2.0,7.0,2.5156695156695155,2.0,4.0,351,2.0,10.0,5.851851851851852,6.0,9.0,351,0.0,0.0,0.0,0.0,0.0,351,2.0,7.0,2.5156695156695155,2.0,4.0,351,0.0,0.0,0.0,0.0,0.0,0,0.0,0.0,0.0,0.0,0.0,0,1.0,1.0,1.0,1.0,1.0,135,0.9999999999999998,1.0000000000000002,1.0,1.0,1.0,135,1.0,1.0,1.0,1.0,1.0,135,0.9999999999999998,1.0000000000000002,1.0,1.0,1.0,135,552.0,0.0,0.0,417.0,135.0,135.0,0.0,0.0,0.0,0.0,0.0,0.0,1.0,0.0,0.0,58.30742046236992,351.0,351.0,4563.0,9477.0,5.851851851851852,10.0,63.111111111111114,104.0,7.84045584045584,14.0,0.0,0.0,0.0,40950.0,0.0,0.0,0.0,0.0,0.0,0.0,0.0,0.0,0.0,0.0,0.0,0.0,0.0,0.0,0.0,0.0,545.746210962534
293,17580000000000,2.0,8.0,2.5156695156695155,2.0,4.0,351,1.0,10.0,5.777777777777778,6.0,9.0,351,0.0,0.0,0.0,0.0,0.0,351,2.0,8.0,2.5156695156695155,2.0,4.0,351,0.0,0.0,0.0,0.0,0.0,0,0.0,0.0,0.0,0.0,0.0,0,1.0,1.0,1.0,1.0,1.0,131,0.9999999999999998,1.0,1.0,1.0,1.0,131,1.0,1.0,1.0,1.0,1.0,131,0.9999999999999998,1.0,1.0,1.0,1.0,131,552.0,0.0,0.0,421.0,131.0,131.0,0.0,0.0,0.0,0.0,0.0,0.0,1.0,0.0,0.0,51.89092084765434,351.0,351.0,4563.0,9477.0,5.777777777777778,10.0,62.629629629629626,104.0,7.6752136752136755,14.0,0.0,0.0,0.0,40600.0,0.0,0.0,0.0,0.0,0.0,0.0,0.0,0.0,0.0,0.0,0.0,0.0,0.0,0.0,0.0,0.0,492.7050359547138
294,17640000000000,2.0,7.0,2.4871794871794872,2.0,4.0,351,1.0,10.0,5.444444444444445,5.0,8.0,351,0.0,0.0,0.0,0.0,0.0,351,2.0,7.0,2.4871794871794872,2.0,4.0,351,0.0,0.0,0.0,0.0,0.0,0,0.0,0.0,0.0,0.0,0.0,0,1.0,1.0,1.0,1.0,1.0,129,0.9999999999999998,1.0000000000000002,1.0,1.0,1.0,129,1.0,1.0,1.0,1.0,1.0,129,0.9999999999999998,1.0000000000000002,1.0,1.0,1.0,129,552.0,0.0,0.0,423.0,129.0,129.0,0.0,0.0,0.0,0.0,0.0,0.0,1.0,0.0,0.0,50.53150653839111,351.0,351.0,4563.0,9477.0,5.444444444444445,10.0,56.888888888888886,102.0,7.333333333333333,14.0,0.0,0.0,0.0,38150.0,0.0,0.0,0.0,0.0,0.0,0.0,0.0,0.0,0.0,0.0,0.0,0.0,0.0,0.0,0.0,0.0,464.12330493330956
295,17700000000000,2.0,7.0,2.49002849002849,2.0,4.0,351,1.0,9.0,5.481481481481482,5.0,8.0,351,0.0,0.0,0.0,0.0,0.0,351,2.0,7.0,2.49002849002849,2.0,4.0,351,0.0,0.0,0.0,0.0,0.0,0,0.0,0.0,0.0,0.0,0.0,0,1.0,1.0,1.0,1.0,1.0,121,0.9999999999999998,1.0000000000000002,1.0,1.0,1.0,121,1.0,1.0,1.0,1.0,1.0,121,0.9999999999999998,1.0000000000000002,1.0,1.0,1.0,121,552.0,0.0,0.0,431.0,121.0,121.0,0.0,0.0,0.0,0.0,0.0,0.0,1.0,0.0,0.0,39.636366069316864,351.0,351.0,4563.0,9477.0,5.481481481481482,9.0,57.370370370370374,92.0,7.082621082621083,12.0,0.0,0.0,0.0,37450.0,0.0,0.0,0.0,0.0,0.0,0.0,0.0,0.0,0.0,0.0,0.0,0.0,0.0,0.0,0.0,0.0,439.65477123856544
296,17760000000000,2.0,7.0,2.4957264957264957,2.0,4.0,351,2.0,8.0,5.592592592592593,6.0,8.0,351,0.0,0.0,0.0,0.0,0.0,351,2.0,7.0,2.4957264957264957,2.0,4.0,351,0.0,0.0,0.0,0.0,0.0,0,0.0,0.0,0.0,0.0,0.0,0,1.0,1.0,1.0,1.0,1.0,126,0.9999999999999999,1.0000000000000002,1.0,1.0,1.0,126,1.0,1.0,1.0,1.0,1.0,126,0.9999999999999999,1.0000000000000002,1.0,1.0,1.0,126,552.0,0.0,0.0,426.0,126.0,126.0,0.0,0.0,0.0,0.0,0.0,0.0,1.0,0.0,0.0,55.89038319885731,351.0,351.0,4563.0,9477.0,5.592592592592593,8.0,59.148148148148145,91.0,7.253561253561253,10.0,0.0,0.0,0.0,37450.0,0.0,0.0,0.0,0.0,0.0,0.0,0.0,0.0,0.0,0.0,0.0,0.0,0.0,0.0,0.0,0.0,513.2729802280664
297,17820000000000,2.0,6.0,2.4814814814814814,2.0,4.0,351,2.0,9.0,5.407407407407407,5.0,8.0,351,0.0,0.0,0.0,0.0,0.0,351,2.0,6.0,2.4814814814814814,2.0,4.0,351,0.0,0.0,0.0,0.0,0.0,0,0.0,0.0,0.0,0.0,0.0,0,1.0,1.0,1.0,1.0,1.0,123,0.9999999999999999,1.0000000000000002,1.0,1.0,1.0000000000000002,123,1.0,1.0,1.0,1.0,1.0,123,0.9999999999999999,1.0000000000000002,1.0,1.0,1.0000000000000002,123,552.0,0.0,0.0,429.0,123.0,123.0,0.0,0.0,0.0,0.0,0.0,0.0,1.0,0.0,0.0,56.089773774147034,351.0,351.0,4563.0,9477.0,5.407407407407407,9.0,56.18518518518518,93.0,7.236467236467236,10.0,0.0,0.0,0.0,38500.0,0.0,0.0,0.0,0.0,0.0,0.0,0.0,0.0,0.0,0.0,0.0,0.0,0.0,0.0,0.0,0.0,586.5754093974829
298,17880000000000,2.0,7.0,2.507122507122507,2.0,4.0,351,2.0,10.0,5.7407407407407405,6.0,9.0,351,0.0,0.0,0.0,0.0,0.0,351,2.0,7.0,2.507122507122507,2.0,4.0,351,0.0,0.0,0.0,0.0,0.0,0,0.0,0.0,0.0,0.0,0.0,0,1.0,1.0,1.0,1.0,1.0,132,0.9999999999999998,1.0000000000000002,1.0,1.0,1.0,132,1.0,1.0,1.0,1.0,1.0,132,0.9999999999999998,1.0000000000000002,1.0,1.0,1.0,132,552.0,0.0,0.0,420.0,132.0,132.0,0.0,0.0,0.0,0.0,0.0,0.0,1.0,0.0,0.0,56.00491538643837,351.0,351.0,4563.0,9477.0,5.7407407407407405,10.0,61.18518518518518,105.0,7.555555555555555,12.0,0.0,0.0,0.0,41300.0,0.0,0.0,0.0,0.0,0.0,0.0,0.0,0.0,0.0,0.0,0.0,0.0,0.0,0.0,0.0,0.0,518.6397209763527
299,17940000000000,2.0,7.0,2.4957264957264957,2.0,4.0,351,2.0,10.0,5.555555555555555,6.0,8.0,351,0.0,0.0,0.0,0.0,0.0,351,2.0,7.0,2.4957264957264957,2.0,4.0,351,0.0,0.0,0.0,0.0,0.0,0,0.0,0.0,0.0,0.0,0.0,0,1.0,1.0,1.0,1.0,1.0,126,0.9999999999999998,1.0000000000000002,1.0,1.0,1.0,126,1.0,1.0,1.0,1.0,1.0,126,0.9999999999999998,1.0000000000000002,1.0,1.0,1.0,126,552.0,0.0,0.0,426.0,126.0,126.0,0.0,0.0,0.0,0.0,0.0,0.0,1.0,0.0,0.0,57.77408741414547,351.0,351.0,4563.0,9477.0,5.555555555555555,10.0,58.851851851851855,101.0,7.584045584045584,12.0,0.0,0.0,0.0,40600.0,0.0,0.0,0.0,0.0,0.0,0.0,0.0,0.0,0.0,0.0,0.0,0.0,0.0,0.0,0.0,0.0,565.4436480253935
300,18000000000000,2.0,7.0,2.4957264957264957,2.0,4.0,351,2.0,10.0,5.555555555555555,5.0,8.0,351,0.0,0.0,0.0,0.0,0.0,351,2.0,7.0,2.4957264957264957,2.0,4.0,351,0.0,0.0,0.0,0.0,0.0,0,0.0,0.0,0.0,0.0,0.0,0,1.0,1.0,1.0,1.0,1.0,132,0.9999999999999998,1.0000000000000002,1.0,1.0,1.0,132,1.0,1.0,1.0,1.0,1.0,132,0.9999999999999998,1.0000000000000002,1.0,1.0,1.0,132,552.0,0.0,0.0,420.0,132.0,132.0,0.0,0.0,0.0,0.0,0.0,0.0,1.0,0.0,0.0,56.57658353447914,351.0,351.0,4563.0,9477.0,5.555555555555555,10.0,58.666666666666664,102.0,7.54985754985755,14.0,0.0,0.0,0.0,39200.0,0.0,0.0,0.0,0.0,0.0,0.0,0.0,0.0,0.0,0.0,0.0,0.0,0.0,0.0,0.0,0.0,534.7753316164017
301,18060000000000,2.0,7.0,2.492877492877493,2.0,4.0,351,2.0,10.0,5.518518518518518,6.0,8.0,351,0.0,0.0,0.0,0.0,0.0,351,2.0,7.0,2.492877492877493,2.0,4.0,351,0.0,0.0,0.0,0.0,0.0,0,0.0,0.0,0.0,0.0,0.0,0,1.0,1.0,1.0,1.0,1.0,121,0.9999999999999998,1.0000000000000002,1.0,1.0,1.0,121,1.0,1.0,1.0,1.0,1.0,121,0.9999999999999998,1.0000000000000002,1.0,1.0,1.0,121,552.0,0.0,0.0,431.0,121.0,121.0,0.0,0.0,0.0,0.0,0.0,0.0,1.0,0.0,0.0,58.730488643050194,351.0,351.0,4563.0,9477.0,5.518518518518518,10.0,58.0,100.0,7.447293447293447,14.0,0.0,0.0,0.0,39200.0,0.0,0.0,0.0,0.0,0.0,0.0,0.0,0.0,0.0,0.0,0.0,0.0,0.0,0.0,0.0,0.0,652.4128187447786
302,18120000000000,2.0,7.0,2.4957264957264957,2.0,4.0,351,1.0,10.0,5.62962962962963,6.0,9.0,351,0.0,0.0,0.0,0.0,0.0,351,2.0,7.0,2.4957264957264957,2.0,4.0,351,0.0,0.0,0.0,0.0,0.0,0,0.0,0.0,0.0,0.0,0.0,0,1.0,1.0,1.0,1.0,1.0,134,0.9999999999999998,1.0000000000000002,1.0,1.0,1.0,134,1.0,1.0,1.0,1.0,1.0,134,0.9999999999999998,1.0000000000000002,1.0,1.0,1.0,134,552.0,0.0,0.0,418.0,134.0,134.0,0.0,0.0,0.0,0.0,0.0,0.0,1.0,0.0,0.0,57.42857605218887,351.0,351.0,4563.0,9477.0,5.62962962962963,10.0,59.407407407407405,101.0,7.447293447293447,14.0,0.0,0.0,0.0,38500.0,0.0,0.0,0.0,0.0,0.0,0.0,0.0,0.0,0.0,0.0,0.0,0.0,0.0,0.0,0.0,0.0,568.7733683735132
303,18180000000000,2.0,7.0,2.4985754985754984,2.0,4.0,351,2.0,9.0,5.518518518518518,5.0,8.0,351,0.0,0.0,0.0,0.0,0.0,351,2.0,7.0,2.4985754985754984,2.0,4.0,351,0.0,0.0,0.0,0.0,0.0,0,0.0,0.0,0.0,0.0,0.0,0,1.0,1.0,1.0,1.0,1.0,123,0.9999999999999998,1.0000000000000002,1.0,1.0,1.0000000000000002,123,1.0,1.0,1.0,1.0,1.0,123,0.9999999999999998,1.0000000000000002,1.0,1.0,1.0000000000000002,123,552.0,0.0,0.0,429.0,123.0,123.0,0.0,0.0,0.0,0.0,0.0,0.0,1.0,0.0,0.0,60.1829644292593,351.0,351.0,4563.0,9477.0,5.518518518518518,9.0,58.888888888888886,93.0,7.1908831908831905,12.0,0.0,0.0,0.0,38500.0,0.0,0.0,0.0,0.0,0.0,0.0,0.0,0.0,0.0,0.0,0.0,0.0,0.0,0.0,0.0,0.0,537.1036380529404
304,18240000000000,2.0,7.0,2.4957264957264957,2.0,4.0,351,2.0,9.0,5.592592592592593,5.0,8.0,351,0.0,0.0,0.0,0.0,0.0,351,2.0,7.0,2.4957264957264957,2.0,4.0,351,0.0,0.0,0.0,0.0,0.0,0,0.0,0.0,0.0,0.0,0.0,0,1.0,1.0,1.0,1.0,1.0,123,0.9999999999999998,1.0000000000000002,1.0,1.0,1.0,123,1.0,1.0,1.0,1.0,1.0,123,0.9999999999999998,1.0000000000000002,1.0,1.0,1.0,123,552.0,0.0,0.0,429.0,123.0,123.0,0.0,0.0,0.0,0.0,0.0,0.0,1.0,0.0,0.0,58.69119241833687,351.0,351.0,4563.0,9477.0,5.592592592592593,9.0,58.925925925925924,93.0,7.293447293447294,10.0,0.0,0.0,0.0,37800.0,0.0,0.0,0.0,0.0,0.0,0.0,0.0,0.0,0.0,0.0,0.0,0.0,0.0,0.0,0.0,0.0,511.2287160009146
305,18300000000000,2.0,7.0,2.472934472934473,2.0,4.0,351,2.0,8.0,5.37037037037037,5.0,8.0,351,0.0,0.0,0.0,0.0,0.0,351,2.0,7.0,2.472934472934473,2.0,4.0,351,0.0,0.0,0.0,0.0,0.0,0,0.0,0.0,0.0,0.0,0.0,0,1.0,1.0,1.0,1.0,1.0,118,0.9999999999999998,1.0,1.0,1.0,1.0,118,1.0,1.0,1.0,1.0,1.0,118,0.9999999999999998,1.0,1.0,1.0,1.0,118,552.0,0.0,0.0,434.0,118.0,118.0,0.0,0.0,0.0,0.0,0.0,0.0,1.0,0.0,0.0,57.44362436234951,351.0,351.0,4563.0,9477.0,5.37037037037037,8.0,54.51851851851852,82.0,7.304843304843305,10.0,0.0,0.0,0.0,38150.0,0.0,0.0,0.0,0.0,0.0,0.0,0.0,0.0,0.0,0.0,0.0,0.0,0.0,0.0,0.0,0.0,586.4150933921337
306,18360000000000,2.0,7.0,2.4843304843304845,2.0,4.0,351,2.0,8.0,5.518518518518518,6.0,8.0,351,0.0,0.0,0.0,0.0,0.0,351,2.0,7.0,2.4843304843304845,2.0,4.0,351,0.0,0.0,0.0,0.0,0.0,0,0.0,0.0,0.0,0.0,0.0,0,1.0,1.0,1.0,1.0,1.0,121,0.9999999999999998,1.0000000000000002,1.0,1.0,1.0,121,1.0,1.0,1.0,1.0,1.0,121,0.9999999999999998,1.0000000000000002,1.0,1.0,1.0,121,552.0,0.0,0.0,431.0,121.0,121.0,0.0,0.0,0.0,0.0,0.0,0.0,1.0,0.0,0.0,29.302991926670074,351.0,351.0,4563.0,9477.0,5.518518518518518,8.0,56.7037037037037,81.0,7.589743589743589,12.0,0.0,0.0,0.0,40950.0,0.0,0.0,0.0,0.0,0.0,0.0,0.0,0.0,0.0,0.0,0.0,0.0,0.0,0.0,0.0,0.0,467.86277182400227
307,18420000000000,2.0,6.0,2.5014245014245016,2.0,4.0,351,2.0,9.0,5.666666666666667,6.0,8.0,351,0.0,0.0,0.0,0.0,0.0,351,2.0,6.0,2.5014245014245016,2.0,4.0,351,0.0,0.0,0.0,0.0,0.0,0,0.0,0.0,0.0,0.0,0.0,0,1.0,1.0,1.0,1.0,1.0,130,0.9999999999999998,1.0000000000000002,1.0,1.0,1.0,130,1.0,1.0,1.0,1.0,1.0,130,0.9999999999999998,1.0000000000000002,1.0,1.0,1.0,130,552.0,0.0,0.0,422.0,130.0,130.0,0.0,0.0,0.0,0.0,0.0,0.0,1.0,0.0,0.0,28.356771916151047,351.0,351.0,4563.0,9477.0,5.666666666666667,9.0,59.629629629629626,91.0,7.84045584045584,12.0,0.0,0.0,0.0,41650.0,0.0,0.0,0.0,0.0,0.0,0.0,0.0,0.0,0.0,0.0,0.0,0.0,0.0,0.0,0.0,0.0,333.0593481659889
308,18480000000000,2.0,7.0,2.5042735042735043,2.0,4.0,351,2.0,10.0,5.703703703703703,6.0,8.0,351,0.0,0.0,0.0,0.0,0.0,351,2.0,7.0,2.5042735042735043,2.0,4.0,351,0.0,0.0,0.0,0.0,0.0,0,0.0,0.0,0.0,0.0,0.0,0,1.0,1.0,1.0,1.0,1.0,133,0.9999999999999999,1.0000000000000002,1.0,1.0,1.0,133,1.0,1.0,1.0,1.0,1.0,133,0.9999999999999999,1.0000000000000002,1.0,1.0,1.0,133,552.0,0.0,0.0,419.0,133.0,133.0,0.0,0.0,0.0,0.0,0.0,0.0,1.0,0.0,0.0,40.03570228815079,351.0,351.0,4563.0,9477.0,5.703703703703703,10.0,61.111111111111114,103.0,7.43019943019943,12.0,0.0,0.0,0.0,38500.0,0.0,0.0,0.0,0.0,0.0,0.0,0.0,0.0,0.0,0.0,0.0,0.0,0.0,0.0,0.0,0.0,417.8961981087923
309,18540000000000,2.0,6.0,2.4957264957264957,2.0,4.0,351,1.0,9.0,5.555555555555555,6.0,9.0,351,0.0,0.0,0.0,0.0,0.0,351,2.0,6.0,2.4957264957264957,2.0,4.0,351,0.0,0.0,0.0,0.0,0.0,0,0.0,0.0,0.0,0.0,0.0,0,1.0,1.0,1.0,1.0,1.0,123,0.9999999999999998,1.0000000000000002,1.0,1.0,1.0,123,1.0,1.0,1.0,1.0,1.0,123,0.9999999999999998,1.0000000000000002,1.0,1.0,1.0,123,552.0,0.0,0.0,429.0,123.0,123.0,0.0,0.0,0.0,0.0,0.0,0.0,1.0,0.0,0.0,56.09547905623913,351.0,351.0,4563.0,9477.0,5.555555555555555,9.0,58.25925925925926,93.0,7.475783475783476,14.0,0.0,0.0,0.0,38850.0,0.0,0.0,0.0,0.0,0.0,0.0,0.0,0.0,0.0,0.0,0.0,0.0,0.0,0.0,0.0,0.0,504.1059907525778
310,18600000000000,2.0,7.0,2.4843304843304845,2.0,4.0,351,2.0,9.0,5.518518518518518,6.0,8.0,351,0.0,0.0,0.0,0.0,0.0,351,2.0,7.0,2.4843304843304845,2.0,4.0,351,0.0,0.0,0.0,0.0,0.0,0,0.0,0.0,0.0,0.0,0.0,0,1.0,1.0,1.0,1.0,1.0,122,0.9999999999999999,1.0000000000000002,1.0,1.0,1.0000000000000002,122,1.0,1.0,1.0,1.0,1.0,122,0.9999999999999999,1.0000000000000002,1.0,1.0,1.0000000000000002,122,552.0,0.0,0.0,430.0,122.0,122.0,0.0,0.0,0.0,0.0,0.0,0.0,1.0,0.0,0.0,57.20380321145058,351.0,351.0,4563.0,9477.0,5.518518518518518,9.0,57.2962962962963,89.0,7.481481481481482,14.0,0.0,0.0,0.0,38850.0,0.0,0.0,0.0,0.0,0.0,0.0,0.0,0.0,0.0,0.0,0.0,0.0,0.0,0.0,0.0,0.0,492.19922721385956
311,18660000000000,2.0,7.0,2.5042735042735043,2.0,4.0,351,2.0,9.0,5.592592592592593,5.0,8.0,351,0.0,0.0,0.0,0.0,0.0,351,2.0,7.0,2.5042735042735043,2.0,4.0,351,0.0,0.0,0.0,0.0,0.0,0,0.0,0.0,0.0,0.0,0.0,0,1.0,1.0,1.0,1.0,1.0,126,0.9999999999999999,1.0000000000000002,1.0,1.0,1.0000000000000002,126,1.0,1.0,1.0,1.0,1.0,126,0.9999999999999999,1.0000000000000002,1.0,1.0,1.0000000000000002,126,552.0,0.0,0.0,426.0,126.0,126.0,0.0,0.0,0.0,0.0,0.0,0.0,1.0,0.0,0.0,57.14762397110462,351.0,351.0,4563.0,9477.0,5.592592592592593,9.0,60.333333333333336,92.0,7.299145299145299,12.0,0.0,0.0,0.0,38850.0,0.0,0.0,0.0,0.0,0.0,0.0,0.0,0.0,0.0,0.0,0.0,0.0,0.0,0.0,0.0,0.0,555.3615484386683
312,18720000000000,2.0,7.0,2.4843304843304845,2.0,4.0,351,2.0,9.0,5.407407407407407,5.0,8.0,351,0.0,0.0,0.0,0.0,0.0,351,2.0,7.0,2.4843304843304845,2.0,4.0,351,0.0,0.0,0.0,0.0,0.0,0,0.0,0.0,0.0,0.0,0.0,0,1.0,1.0,1.0,1.0,1.0,127,0.9999999999999998,1.0000000000000002,1.0,1.0,1.0,127,1.0,1.0,1.0,1.0,1.0,127,0.9999999999999998,1.0000000000000002,1.0,1.0,1.0,127,552.0,0.0,0.0,425.0,127.0,127.0,0.0,0.0,0.0,0.0,0.0,0.0,1.0,0.0,0.0,56.5252136439085,351.0,351.0,4563.0,9477.0,5.407407407407407,9.0,57.074074074074076,91.0,7.304843304843305,12.0,0.0,0.0,0.0,37800.0,0.0,0.0,0.0,0.0,0.0,0.0,0.0,0.0,0.0,0.0,0.0,0.0,0.0,0.0,0.0,0.0,571.5296287089586
313,18780000000000,2.0,7.0,2.4957264957264957,2.0,4.0,351,2.0,9.0,5.592592592592593,6.0,8.0,351,0.0,0.0,0.0,0.0,0.0,351,2.0,7.0,2.4957264957264957,2.0,4.0,351,0.0,0.0,0.0,0.0,0.0,0,0.0,0.0,0.0,0.0,0.0,0,1.0,1.0,1.0,1.0,1.0,114,0.9999999999999997,1.0000000000000002,1.0,1.0,1.0,114,1.0,1.0,1.0,1.0,1.0,114,0.9999999999999997,1.0000000000000002,1.0,1.0,1.0,114,552.0,0.0,0.0,438.0,114.0,114.0,0.0,0.0,0.0,0.0,0.0,0.0,1.0,0.0,0.0,55.431364104151726,351.0,351.0,4563.0,9477.0,5.592592592592593,9.0,58.96296296296296,93.0,7.6581196581196584,12.0,0.0,0.0,0.0,39200.0,0.0,0.0,0.0,0.0,0.0,0.0,0.0,0.0,0.0,0.0,0.0,0.0,0.0,0.0,0.0,0.0,533.5828792303801
314,18840000000000,2.0,7.0,2.492877492877493,2.0,4.0,351,1.0,9.0,5.666666666666667,6.0,9.0,351,0.0,0.0,0.0,0.0,0.0,351,2.0,7.0,2.492877492877493,2.0,4.0,351,0.0,0.0,0.0,0.0,0.0,0,0.0,0.0,0.0,0.0,0.0,0,1.0,1.0,1.0,1.0,1.0,122,0.9999999999999998,1.0000000000000002,1.0,1.0,1.0,122,1.0,1.0,1.0,1.0,1.0,122,0.9999999999999998,1.0000000000000002,1.0,1.0,1.0,122,552.0,0.0,0.0,430.0,122.0,122.0,0.0,0.0,0.0,0.0,0.0,0.0,1.0,0.0,0.0,56.66045285761356,351.0,351.0,4563.0,9477.0,5.666666666666667,9.0,59.03703703703704,96.0,7.703703703703703,12.0,0.0,0.0,0.0,41300.0,0.0,0.0,0.0,0.0,0.0,0.0,0.0,0.0,0.0,0.0,0.0,0.0,0.0,0.0,0.0,0.0,366.5153607726097
315,18900000000000,2.0,6.0,2.4985754985754984,2.0,4.0,351,1.0,8.0,5.555555555555555,6.0,8.0,351,0.0,0.0,0.0,0.0,0.0,351,2.0,6.0,2.4985754985754984,2.0,4.0,351,0.0,0.0,0.0,0.0,0.0,0,0.0,0.0,0.0,0.0,0.0,0,1.0,1.0,1.0,1.0,1.0,119,0.9999999999999998,1.0000000000000002,1.0,1.0,1.0,119,1.0,1.0,1.0,1.0,1.0,119,0.9999999999999998,1.0000000000000002,1.0,1.0,1.0,119,552.0,0.0,0.0,433.0,119.0,119.0,0.0,0.0,0.0,0.0,0.0,0.0,1.0,0.0,0.0,56.46038427948952,351.0,351.0,4563.0,9477.0,5.555555555555555,8.0,57.851851851851855,85.0,7.595441595441596,12.0,0.0,0.0,0.0,40600.0,0.0,0.0,0.0,0.0,0.0,0.0,0.0,0.0,0.0,0.0,0.0,0.0,0.0,0.0,0.0,0.0,555.8561813086271
316,18960000000000,2.0,7.0,2.507122507122507,2.0,4.0,351,1.0,10.0,5.7407407407407405,6.0,8.0,351,0.0,0.0,0.0,0.0,0.0,351,2.0,7.0,2.507122507122507,2.0,4.0,351,0.0,0.0,0.0,0.0,0.0,0,0.0,0.0,0.0,0.0,0.0,0,1.0,1.0,1.0,1.0,1.0,127,0.9999999999999998,1.0000000000000002,1.0,1.0,1.0,127,1.0,1.0,1.0,1.0,1.0,127,0.9999999999999998,1.0000000000000002,1.0,1.0,1.0,127,552.0,0.0,0.0,425.0,127.0,127.0,0.0,0.0,0.0,0.0,0.0,0.0,1.0,0.0,0.0,51.061905920505524,351.0,351.0,4563.0,9477.0,5.7407407407407405,10.0,61.03703703703704,104.0,7.618233618233618,12.0,0.0,0.0,0.0,39900.0,0.0,0.0,0.0,0.0,0.0,0.0,0.0,0.0,0.0,0.0,0.0,0.0,0.0,0.0,0.0,0.0,408.54692831635475
317,19020000000000,2.0,6.0,2.5014245014245016,2.0,4.0,351,1.0,10.0,5.703703703703703,6.0,8.0,351,0.0,0.0,0.0,0.0,0.0,351,2.0,6.0,2.5014245014245016,2.0,4.0,351,0.0,0.0,0.0,0.0,0.0,0,0.0,0.0,0.0,0.0,0.0,0,1.0,1.0,1.0,1.0,1.0,128,1.0,1.0000000000000002,1.0,1.0,1.0,128,1.0,1.0,1.0,1.0,1.0,128,1.0,1.0000000000000002,1.0,1.0,1.0,128,552.0,0.0,0.0,424.0,128.0,128.0,0.0,0.0,0.0,0.0,0.0,0.0,1.0,0.0,0.0,52.20668017864227,351.0,351.0,4563.0,9477.0,5.703703703703703,10.0,60.592592592592595,105.0,7.6239316239316235,14.0,0.0,0.0,0.0,39200.0,0.0,0.0,0.0,0.0,0.0,0.0,0.0,0.0,0.0,0.0,0.0,0.0,0.0,0.0,0.0,0.0,530.7684596627951
318,19080000000000,2.0,6.0,2.4814814814814814,2.0,4.0,351,1.0,10.0,5.518518518518518,6.0,8.0,351,0.0,0.0,0.0,0.0,0.0,351,2.0,6.0,2.4814814814814814,2.0,4.0,351,0.0,0.0,0.0,0.0,0.0,0,0.0,0.0,0.0,0.0,0.0,0,1.0,1.0,1.0,1.0,1.0,131,0.9999999999999998,1.0000000000000002,1.0,1.0,1.0,131,1.0,1.0,1.0,1.0,1.0,131,0.9999999999999998,1.0000000000000002,1.0,1.0,1.0,131,552.0,0.0,0.0,421.0,131.0,131.0,0.0,0.0,0.0,0.0,0.0,0.0,1.0,0.0,0.0,58.05649980902672,351.0,351.0,4563.0,9477.0,5.518518518518518,10.0,57.0,98.0,7.339031339031339,14.0,0.0,0.0,0.0,37800.0,0.0,0.0,0.0,0.0,0.0,0.0,0.0,0.0,0.0,0.0,0.0,0.0,0.0,0.0,0.0,0.0,542.6724255084991
319,19140000000000,2.0,7.0,2.4957264957264957,2.0,4.0,351,2.0,10.0,5.518518518518518,5.0,8.0,351,0.0,0.0,0.0,0.0,0.0,351,2.0,7.0,2.4957264957264957,2.0,4.0,351,0.0,0.0,0.0,0.0,0.0,0,0.0,0.0,0.0,0.0,0.0,0,1.0,1.0,1.0,1.0,1.0,121,0.9999999999999998,1.0000000000000002,1.0,1.0,1.0000000000000002,121,1.0,1.0,1.0,1.0,1.0,121,0.9999999999999998,1.0000000000000002,1.0,1.0,1.0000000000000002,121,552.0,0.0,0.0,431.0,121.0,121.0,0.0,0.0,0.0,0.0,0.0,0.0,1.0,0.0,0.0,61.80180236697197,351.0,351.0,4563.0,9477.0,5.518518518518518,10.0,58.44444444444444,97.0,7.50997150997151,12.0,0.0,0.0,0.0,39900.0,0.0,0.0,0.0,0.0,0.0,0.0,0.0,0.0,0.0,0.0,0.0,0.0,0.0,0.0,0.0,0.0,744.9511121958494
320,19200000000000,2.0,7.0,2.492877492877493,2.0,4.0,351,2.0,9.0,5.555555555555555,5.0,8.0,351,0.0,0.0,0.0,0.0,0.0,351,2.0,7.0,2.492877492877493,2.0,4.0,351,0.0,0.0,0.0,0.0,0.0,0,0.0,0.0,0.0,0.0,0.0,0,1.0,1.0,1.0,1.0,1.0,125,0.9999999999999998,1.0000000000000002,1.0,1.0,1.0000000000000002,125,1.0,1.0,1.0,1.0,1.0,125,0.9999999999999998,1.0000000000000002,1.0,1.0,1.0000000000000002,125,552.0,0.0,0.0,427.0,125.0,125.0,0.0,0.0,0.0,0.0,0.0,0.0,1.0,0.0,0.0,60.20018085837364,351.0,351.0,4563.0,9477.0,5.555555555555555,9.0,59.111111111111114,94.0,7.464387464387465,14.0,0.0,0.0,0.0,38500.0,0.0,0.0,0.0,0.0,0.0,0.0,0.0,0.0,0.0,0.0,0.0,0.0,0.0,0.0,0.0,0.0,798.1336936354637
321,19260000000000,2.0,7.0,2.492877492877493,2.0,4.0,351,1.0,9.0,5.555555555555555,5.0,9.0,351,0.0,0.0,0.0,0.0,0.0,351,2.0,7.0,2.492877492877493,2.0,4.0,351,0.0,0.0,0.0,0.0,0.0,0,0.0,0.0,0.0,0.0,0.0,0,1.0,1.0,1.0,1.0,1.0,117,0.9999999999999998,1.0000000000000002,1.0,1.0,1.0,117,1.0,1.0,1.0,1.0,1.0,117,0.9999999999999998,1.0000000000000002,1.0,1.0,1.0,117,552.0,0.0,0.0,435.0,117.0,117.0,0.0,0.0,0.0,0.0,0.0,0.0,1.0,0.0,0.0,60.656340792775154,351.0,351.0,4563.0,9477.0,5.555555555555555,9.0,58.407407407407405,101.0,7.527065527065527,12.0,0.0,0.0,0.0,39200.0,0.0,0.0,0.0,0.0,0.0,0.0,0.0,0.0,0.0,0.0,0.0,0.0,0.0,0.0,0.0,0.0,718.3116488158703
322,19320000000000,2.0,7.0,2.4814814814814814,2.0,4.0,351,1.0,9.0,5.444444444444445,6.0,8.0,351,0.0,0.0,0.0,0.0,0.0,351,2.0,7.0,2.4814814814814814,2.0,4.0,351,0.0,0.0,0.0,0.0,0.0,0,0.0,0.0,0.0,0.0,0.0,0,1.0,1.0,1.0,1.0,1.0,111,0.9999999999999998,1.0,1.0,1.0,1.0,111,1.0,1.0,1.0,1.0,1.0,111,0.9999999999999998,1.0,1.0,1.0,1.0,111,552.0,0.0,0.0,441.0,111.0,111.0,0.0,0.0,0.0,0.0,0.0,0.0,1.0,0.0,0.0,56.38985522091389,351.0,351.0,4563.0,9477.0,5.444444444444445,9.0,55.96296296296296,94.0,7.185185185185185,12.0,0.0,0.0,0.0,39200.0,0.0,0.0,0.0,0.0,0.0,0.0,0.0,0.0,0.0,0.0,0.0,0.0,0.0,0.0,0.0,0.0,504.6596881002188
323,19380000000000,2.0,7.0,2.5014245014245016,2.0,4.0,351,1.0,9.0,5.592592592592593,6.0,8.0,351,0.0,0.0,0.0,0.0,0.0,351,2.0,7.0,2.5014245014245016,2.0,4.0,351,0.0,0.0,0.0,0.0,0.0,0,0.0,0.0,0.0,0.0,0.0,0,1.0,1.0,1.0,1.0,1.0,118,0.9999999999999997,1.0000000000000002,1.0,1.0,1.0,118,1.0,1.0,1.0,1.0,1.0,118,0.9999999999999997,1.0000000000000002,1.0,1.0,1.0,118,552.0,0.0,0.0,434.0,118.0,118.0,0.0,0.0,0.0,0.0,0.0,0.0,1.0,0.0,0.0,56.51915818452835,351.0,351.0,4563.0,9477.0,5.592592592592593,9.0,58.629629629629626,94.0,7.669515669515669,12.0,0.0,0.0,0.0,40950.0,0.0,0.0,0.0,0.0,0.0,0.0,0.0,0.0,0.0,0.0,0.0,0.0,0.0,0.0,0.0,0.0,525.623019784689
324,19440000000000,2.0,6.0,2.49002849002849,2.0,4.0,351,1.0,10.0,5.62962962962963,6.0,8.0,351,0.0,0.0,0.0,0.0,0.0,351,2.0,6.0,2.49002849002849,2.0,4.0,351,0.0,0.0,0.0,0.0,0.0,0,0.0,0.0,0.0,0.0,0.0,0,1.0,1.0,1.0,1.0,1.0,122,1.0,1.0000000000000002,1.0,1.0,1.0,122,1.0,1.0,1.0,1.0,1.0,122,1.0,1.0000000000000002,1.0,1.0,1.0,122,552.0,0.0,0.0,430.0,122.0,122.0,0.0,0.0,0.0,0.0,0.0,0.0,1.0,0.0,0.0,58.152204379439354,351.0,351.0,4563.0,9477.0,5.62962962962963,10.0,58.18518518518518,102.0,7.435897435897436,12.0,0.0,0.0,0.0,38850.0,0.0,0.0,0.0,0.0,0.0,0.0,0.0,0.0,0.0,0.0,0.0,0.0,0.0,0.0,0.0,0.0,509.3744732439518
325,19500000000000,2.0,6.0,2.4957264957264957,2.0,4.0,351,1.0,10.0,5.518518518518518,6.0,8.0,351,0.0,0.0,0.0,0.0,0.0,351,2.0,6.0,2.4957264957264957,2.0,4.0,351,0.0,0.0,0.0,0.0,0.0,0,0.0,0.0,0.0,0.0,0.0,0,1.0,1.0,1.0,1.0,1.0,127,0.9999999999999998,1.0000000000000002,1.0,1.0,1.0000000000000002,127,1.0,1.0,1.0,1.0,1.0,127,0.9999999999999998,1.0000000000000002,1.0,1.0,1.0000000000000002,127,552.0,0.0,0.0,425.0,127.0,127.0,0.0,0.0,0.0,0.0,0.0,0.0,1.0,0.0,0.0,54.88930828869343,351.0,351.0,4563.0,9477.0,5.518518518518518,10.0,58.888888888888886,102.0,7.299145299145299,14.0,0.0,0.0,0.0,38150.0,0.0,0.0,0.0,0.0,0.0,0.0,0.0,0.0,0.0,0.0,0.0,0.0,0.0,0.0,0.0,0.0,515.1408445090055
326,19560000000000,2.0,6.0,2.4814814814814814,2.0,4.0,351,1.0,10.0,5.481481481481482,6.0,8.0,351,0.0,0.0,0.0,0.0,0.0,351,2.0,6.0,2.4814814814814814,2.0,4.0,351,0.0,0.0,0.0,0.0,0.0,0,0.0,0.0,0.0,0.0,0.0,0,1.0,1.0,1.0,1.0,1.0,132,1.0,1.0000000000000002,1.0,1.0,1.0,132,1.0,1.0,1.0,1.0,1.0,132,1.0,1.0000000000000002,1.0,1.0,1.0,132,552.0,0.0,0.0,420.0,132.0,132.0,0.0,0.0,0.0,0.0,0.0,0.0,1.0,0.0,0.0,55.56045472621918,351.0,351.0,4563.0,9477.0,5.481481481481482,10.0,57.25925925925926,98.0,7.230769230769231,14.0,0.0,0.0,0.0,37800.0,0.0,0.0,0.0,0.0,0.0,0.0,0.0,0.0,0.0,0.0,0.0,0.0,0.0,0.0,0.0,0.0,512.4355144798756
327,19620000000000,2.0,7.0,2.49002849002849,2.0,4.0,351,1.0,10.0,5.444444444444445,5.0,8.0,351,0.0,0.0,0.0,0.0,0.0,351,2.0,7.0,2.49002849002849,2.0,4.0,351,0.0,0.0,0.0,0.0,0.0,0,0.0,0.0,0.0,0.0,0.0,0,1.0,1.0,1.0,1.0,1.0,121,0.9999999999999998,1.0,1.0,1.0,1.0,121,1.0,1.0,1.0,1.0,1.0,121,0.9999999999999998,1.0,1.0,1.0,1.0,121,552.0,0.0,0.0,431.0,121.0,121.0,0.0,0.0,0.0,0.0,0.0,0.0,1.0,0.0,0.0,55.35885877907276,351.0,351.0,4563.0,9477.0,5.444444444444445,10.0,57.148148148148145,100.0,7.435897435897436,12.0,0.0,0.0,0.0,40600.0,0.0,0.0,0.0,0.0,0.0,0.0,0.0,0.0,0.0,0.0,0.0,0.0,0.0,0.0,0.0,0.0,603.8846876472235
328,19680000000000,2.0,8.0,2.4957264957264957,2.0,4.0,351,1.0,10.0,5.555555555555555,6.0,8.0,351,0.0,0.0,0.0,0.0,0.0,351,2.0,8.0,2.4957264957264957,2.0,4.0,351,0.0,0.0,0.0,0.0,0.0,0,0.0,0.0,0.0,0.0,0.0,0,1.0,1.0,1.0,1.0,1.0,130,0.9999999999999998,1.0000000000000002,1.0,1.0,1.0,130,1.0,1.0,1.0,1.0,1.0,130,0.9999999999999998,1.0000000000000002,1.0,1.0,1.0,130,552.0,0.0,0.0,422.0,130.0,130.0,0.0,0.0,0.0,0.0,0.0,0.0,1.0,0.0,0.0,57.58011154830456,351.0,351.0,4563.0,9477.0,5.555555555555555,10.0,58.77777777777778,100.0,7.572649572649572,14.0,0.0,0.0,0.0,39550.0,0.0,0.0,0.0,0.0,0.0,0.0,0.0,0.0,0.0,0.0,0.0,0.0,0.0,0.0,0.0,0.0,551.4518059790134
329,19740000000000,2.0,7.0,2.4843304843304845,2.0,4.0,351,1.0,9.0,5.407407407407407,6.0,8.0,351,0.0,0.0,0.0,0.0,0.0,351,2.0,7.0,2.4843304843304845,2.0,4.0,351,0.0,0.0,0.0,0.0,0.0,0,0.0,0.0,0.0,0.0,0.0,0,1.0,1.0,1.0,1.0,1.0,115,0.9999999999999998,1.0000000000000002,1.0,1.0,1.0,115,1.0,1.0,1.0,1.0,1.0,115,0.9999999999999998,1.0000000000000002,1.0,1.0,1.0,115,552.0,0.0,0.0,437.0,115.0,115.0,0.0,0.0,0.0,0.0,0.0,0.0,1.0,0.0,0.0,58.53993073105812,351.0,351.0,4563.0,9477.0,5.407407407407407,9.0,56.148148148148145,89.0,7.4586894586894585,12.0,0.0,0.0,0.0,38850.0,0.0,0.0,0.0,0.0,0.0,0.0,0.0,0.0,0.0,0.0,0.0,0.0,0.0,0.0,0.0,0.0,670.3870519995689
330,19800000000000,2.0,7.0,2.492877492877493,2.0,4.0,351,1.0,10.0,5.444444444444445,5.0,8.0,351,0.0,0.0,0.0,0.0,0.0,351,2.0,7.0,2.492877492877493,2.0,4.0,351,0.0,0.0,0.0,0.0,0.0,0,0.0,0.0,0.0,0.0,0.0,0,1.0,1.0,1.0,1.0,1.0,121,0.9999999999999998,1.0000000000000002,1.0,1.0,1.0,121,1.0,1.0,1.0,1.0,1.0,121,0.9999999999999998,1.0000000000000002,1.0,1.0,1.0,121,552.0,0.0,0.0,431.0,121.0,121.0,0.0,0.0,0.0,0.0,0.0,0.0,1.0,0.0,0.0,60.32900884747505,351.0,351.0,4563.0,9477.0,5.444444444444445,10.0,56.333333333333336,101.0,7.293447293447294,14.0,0.0,0.0,0.0,39900.0,0.0,0.0,0.0,0.0,0.0,0.0,0.0,0.0,0.0,0.0,0.0,0.0,0.0,0.0,0.0,0.0,744.3864140659571
331,19860000000000,2.0,7.0,2.4985754985754984,2.0,4.0,351,1.0,10.0,5.592592592592593,6.0,8.0,351,0.0,0.0,0.0,0.0,0.0,351,2.0,7.0,2.4985754985754984,2.0,4.0,351,0.0,0.0,0.0,0.0,0.0,0,0.0,0.0,0.0,0.0,0.0,0,1.0,1.0,1.0,1.0,1.0,119,0.9999999999999999,1.0000000000000002,1.0,1.0,1.0,119,1.0,1.0,1.0,1.0,1.0,119,0.9999999999999999,1.0000000000000002,1.0,1.0,1.0,119,552.0,0.0,0.0,433.0,119.0,119.0,0.0,0.0,0.0,0.0,0.0,0.0,1.0,0.0,0.0,57.79487080872059,351.0,351.0,4563.0,9477.0,5.592592592592593,10.0,58.592592592592595,103.0,7.515669515669516,12.0,0.0,0.0,0.0,40250.0,0.0,0.0,0.0,0.0,0.0,0.0,0.0,0.0,0.0,0.0,0.0,0.0,0.0,0.0,0.0,0.0,578.0697222799063
332,19920000000000,2.0,6.0,2.4814814814814814,2.0,4.0,351,1.0,10.0,5.481481481481482,6.0,9.0,351,0.0,0.0,0.0,0.0,0.0,351,2.0,6.0,2.4814814814814814,2.0,4.0,351,0.0,0.0,0.0,0.0,0.0,0,0.0,0.0,0.0,0.0,0.0,0,1.0,1.0,1.0,1.0,1.0,112,0.9999999999999998,1.0000000000000002,1.0,1.0,1.0,112,1.0,1.0,1.0,1.0,1.0,112,0.9999999999999998,1.0000000000000002,1.0,1.0,1.0,112,552.0,0.0,0.0,440.0,112.0,112.0,0.0,0.0,0.0,0.0,0.0,0.0,1.0,0.0,0.0,57.543788105249405,351.0,351.0,4563.0,9477.0,5.481481481481482,10.0,56.44444444444444,100.0,7.145299145299146,12.0,0.0,0.0,0.0,38150.0,0.0,0.0,0.0,0.0,0.0,0.0,0.0,0.0,0.0,0.0,0.0,0.0,0.0,0.0,0.0,0.0,542.632544413209
333,19980000000000,2.0,6.0,2.4985754985754984,2.0,4.0,351,1.0,9.0,5.555555555555555,6.0,8.0,351,0.0,0.0,0.0,0.0,0.0,351,2.0,6.0,2.4985754985754984,2.0,4.0,351,0.0,0.0,0.0,0.0,0.0,0,0.0,0.0,0.0,0.0,0.0,0,1.0,1.0,1.0,1.0,1.0,136,1.0,1.0000000000000002,1.0,1.0,1.0,136,1.0,1.0,1.0,1.0,1.0,136,1.0,1.0000000000000002,1.0,1.0,1.0,136,552.0,0.0,0.0,416.0,136.0,136.0,0.0,0.0,0.0,0.0,0.0,0.0,1.0,0.0,0.0,57.95035511255264,351.0,351.0,4563.0,9477.0,5.555555555555555,9.0,59.333333333333336,95.0,7.1908831908831905,12.0,0.0,0.0,0.0,37800.0,0.0,0.0,0.0,0.0,0.0,0.0,0.0,0.0,0.0,0.0,0.0,0.0,0.0,0.0,0.0,0.0,518.4894148260355
334,20040000000000,2.0,6.0,2.4814814814814814,2.0,4.0,351,1.0,10.0,5.407407407407407,5.0,8.0,351,0.0,0.0,0.0,0.0,0.0,351,2.0,6.0,2.4814814814814814,2.0,4.0,351,0.0,0.0,0.0,0.0,0.0,0,0.0,0.0,0.0,0.0,0.0,0,1.0,1.0,1.0,1.0,1.0,136,0.9999999999999999,1.0000000000000002,1.0,1.0,1.0,136,1.0,1.0,1.0,1.0,1.0,136,0.9999999999999999,1.0000000000000002,1.0,1.0,1.0,136,552.0,0.0,0.0,416.0,136.0,136.0,0.0,0.0,0.0,0.0,0.0,0.0,1.0,0.0,0.0,57.44563043117523,351.0,351.0,4563.0,9477.0,5.407407407407407,10.0,56.888888888888886,98.0,7.2250712250712255,12.0,0.0,0.0,0.0,38500.0,0.0,0.0,0.0,0.0,0.0,0.0,0.0,0.0,0.0,0.0,0.0,0.0,0.0,0.0,0.0,0.0,535.6042142957449
335,20100000000000,2.0,7.0,2.4871794871794872,2.0,4.0,351,1.0,10.0,5.481481481481482,5.0,8.0,351,0.0,0.0,0.0,0.0,0.0,351,2.0,7.0,2.4871794871794872,2.0,4.0,351,0.0,0.0,0.0,0.0,0.0,0,0.0,0.0,0.0,0.0,0.0,0,1.0,1.0,1.0,1.0,1.0,125,1.0,1.0000000000000002,1.0,1.0,1.0,125,1.0,1.0,1.0,1.0,1.0,125,1.0,1.0000000000000002,1.0,1.0,1.0,125,552.0,0.0,0.0,427.0,125.0,125.0,0.0,0.0,0.0,0.0,0.0,0.0,1.0,0.0,0.0,53.59692499041557,351.0,351.0,4563.0,9477.0,5.481481481481482,10.0,57.2962962962963,101.0,7.475783475783476,12.0,0.0,0.0,0.0,40600.0,0.0,0.0,0.0,0.0,0.0,0.0,0.0,0.0,0.0,0.0,0.0,0.0,0.0,0.0,0.0,0.0,622.045136988163
336,20160000000000,2.0,8.0,2.507122507122507,2.0,4.0,351,1.0,10.0,5.703703703703703,6.0,8.0,351,0.0,0.0,0.0,0.0,0.0,351,2.0,8.0,2.507122507122507,2.0,4.0,351,0.0,0.0,0.0,0.0,0.0,0,0.0,0.0,0.0,0.0,0.0,0,1.0,1.0,1.0,1.0,1.0,133,0.9999999999999998,1.0000000000000002,1.0,1.0,1.0,133,1.0,1.0,1.0,1.0,1.0,133,0.9999999999999998,1.0000000000000002,1.0,1.0,1.0,133,552.0,0.0,0.0,419.0,133.0,133.0,0.0,0.0,0.0,0.0,0.0,0.0,1.0,0.0,0.0,56.4592145383358,351.0,351.0,4563.0,9477.0,5.703703703703703,10.0,61.666666666666664,102.0,7.749287749287749,14.0,0.0,0.0,0.0,40250.0,0.0,0.0,0.0,0.0,0.0,0.0,0.0,0.0,0.0,0.0,0.0,0.0,0.0,0.0,0.0,0.0,550.952821969986
337,20220000000000,2.0,7.0,2.4957264957264957,2.0,4.0,351,1.0,10.0,5.666666666666667,6.0,9.0,351,0.0,0.0,0.0,0.0,0.0,351,2.0,7.0,2.4957264957264957,2.0,4.0,351,0.0,0.0,0.0,0.0,0.0,0,0.0,0.0,0.0,0.0,0.0,0,1.0,1.0,1.0,1.0,1.0,121,0.9999999999999998,1.0000000000000002,1.0,1.0,1.0,121,1.0,1.0,1.0,1.0,1.0,121,0.9999999999999998,1.0000000000000002,1.0,1.0,1.0,121,552.0,0.0,0.0,431.0,121.0,121.0,0.0,0.0,0.0,0.0,0.0,0.0,1.0,0.0,0.0,27.92099490761757,351.0,351.0,4563.0,9477.0,5.666666666666667,10.0,59.925925925925924,101.0,7.589743589743589,12.0,0.0,0.0,0.0,39550.0,0.0,0.0,0.0,0.0,0.0,0.0,0.0,0.0,0.0,0.0,0.0,0.0,0.0,0.0,0.0,0.0,435.4826360940933
338,20280000000000,2.0,8.0,2.4985754985754984,2.0,4.0,351,1.0,10.0,5.592592592592593,5.0,9.0,351,0.0,0.0,0.0,0.0,0.0,351,2.0,8.0,2.4985754985754984,2.0,4.0,351,0.0,0.0,0.0,0.0,0.0,0,0.0,0.0,0.0,0.0,0.0,0,1.0,1.0,1.0,1.0,1.0,128,0.9999999999999998,1.0000000000000002,1.0,1.0,1.0000000000000002,128,1.0,1.0,1.0,1.0,1.0,128,0.9999999999999998,1.0000000000000002,1.0,1.0,1.0000000000000002,128,552.0,0.0,0.0,424.0,128.0,128.0,0.0,0.0,0.0,0.0,0.0,0.0,1.0,0.0,0.0,56.64153769612312,351.0,351.0,4563.0,9477.0,5.592592592592593,10.0,58.48148148148148,102.0,7.447293447293447,14.0,0.0,0.0,0.0,39900.0,0.0,0.0,0.0,0.0,0.0,0.0,0.0,0.0,0.0,0.0,0.0,0.0,0.0,0.0,0.0,0.0,372.0730021595955
339,20340000000000,2.0,7.0,2.492877492877493,2.0,4.0,351,1.0,10.0,5.481481481481482,5.0,9.0,351,0.0,0.0,0.0,0.0,0.0,351,2.0,7.0,2.492877492877493,2.0,4.0,351,0.0,0.0,0.0,0.0,0.0,0,0.0,0.0,0.0,0.0,0.0,0,1.0,1.0,1.0,1.0,1.0,120,0.9999999999999998,1.0000000000000002,1.0,1.0,1.0,120,1.0,1.0,1.0,1.0,1.0,120,0.9999999999999998,1.0000000000000002,1.0,1.0,1.0,120,552.0,0.0,0.0,432.0,120.0,120.0,0.0,0.0,0.0,0.0,0.0,0.0,1.0,0.0,0.0,57.786790654063225,351.0,351.0,4563.0,9477.0,5.481481481481482,10.0,57.03703703703704,103.0,7.327635327635328,12.0,0.0,0.0,0.0,39200.0,0.0,0.0,0.0,0.0,0.0,0.0,0.0,0.0,0.0,0.0,0.0,0.0,0.0,0.0,0.0,0.0,487.8538493067026
340,20400000000000,2.0,7.0,2.4871794871794872,2.0,4.0,351,1.0,10.0,5.518518518518518,6.0,8.0,351,0.0,0.0,0.0,0.0,0.0,351,2.0,7.0,2.4871794871794872,2.0,4.0,351,0.0,0.0,0.0,0.0,0.0,0,0.0,0.0,0.0,0.0,0.0,0,1.0,1.0,1.0,1.0,1.0,113,0.9999999999999998,1.0000000000000002,1.0,1.0,1.0,113,1.0,1.0,1.0,1.0,1.0,113,0.9999999999999998,1.0000000000000002,1.0,1.0,1.0,113,552.0,0.0,0.0,439.0,113.0,113.0,0.0,0.0,0.0,0.0,0.0,0.0,1.0,0.0,0.0,51.74644850194454,351.0,351.0,4563.0,9477.0,5.518518518518518,10.0,57.55555555555556,100.0,7.185185185185185,12.0,0.0,0.0,0.0,38150.0,0.0,0.0,0.0,0.0,0.0,0.0,0.0,0.0,0.0,0.0,0.0,0.0,0.0,0.0,0.0,0.0,417.09328070282936
341,20460000000000,2.0,6.0,2.4757834757834756,2.0,4.0,351,1.0,8.0,5.333333333333333,6.0,8.0,351,0.0,0.0,0.0,0.0,0.0,351,2.0,6.0,2.4757834757834756,2.0,4.0,351,0.0,0.0,0.0,0.0,0.0,0,0.0,0.0,0.0,0.0,0.0,0,1.0,1.0,1.0,1.0,1.0,125,0.9999999999999998,1.0000000000000002,1.0,1.0,1.0,125,1.0,1.0,1.0,1.0,1.0,125,0.9999999999999998,1.0000000000000002,1.0,1.0,1.0,125,552.0,0.0,0.0,427.0,125.0,125.0,0.0,0.0,0.0,0.0,0.0,0.0,1.0,0.0,0.0,57.17947706580162,351.0,351.0,4563.0,9477.0,5.333333333333333,8.0,55.51851851851852,85.0,6.9914529914529915,10.0,0.0,0.0,0.0,36750.0,0.0,0.0,0.0,0.0,0.0,0.0,0.0,0.0,0.0,0.0,0.0,0.0,0.0,0.0,0.0,0.0,412.7650260925293
342,20520000000000,2.0,6.0,2.5042735042735043,2.0,4.0,351,2.0,10.0,5.7407407407407405,6.0,9.0,351,0.0,0.0,0.0,0.0,0.0,351,2.0,6.0,2.5042735042735043,2.0,4.0,351,0.0,0.0,0.0,0.0,0.0,0,0.0,0.0,0.0,0.0,0.0,0,1.0,1.0,1.0,1.0,1.0,141,0.9999999999999998,1.0,1.0,1.0,1.0,141,1.0,1.0,1.0,1.0,1.0,141,0.9999999999999998,1.0,1.0,1.0,1.0,141,552.0,0.0,0.0,411.0,141.0,141.0,0.0,0.0,0.0,0.0,0.0,0.0,1.0,0.0,0.0,54.698752239346504,351.0,351.0,4563.0,9477.0,5.7407407407407405,10.0,61.44444444444444,102.0,7.555555555555555,12.0,0.0,0.0,0.0,39900.0,0.0,0.0,0.0,0.0,0.0,0.0,0.0,0.0,0.0,0.0,0.0,0.0,0.0,0.0,0.0,0.0,498.9565461874008
343,20580000000000,2.0,7.0,2.4957264957264957,2.0,4.0,351,2.0,10.0,5.592592592592593,5.0,9.0,351,0.0,0.0,0.0,0.0,0.0,351,2.0,7.0,2.4957264957264957,2.0,4.0,351,0.0,0.0,0.0,0.0,0.0,0,0.0,0.0,0.0,0.0,0.0,0,1.0,1.0,1.0,1.0,1.0,130,0.9999999999999999,1.0000000000000002,1.0,1.0,1.0,130,1.0,1.0,1.0,1.0,1.0,130,0.9999999999999999,1.0000000000000002,1.0,1.0,1.0,130,552.0,0.0,0.0,422.0,130.0,130.0,0.0,0.0,0.0,0.0,0.0,0.0,1.0,0.0,0.0,55.82737922668457,351.0,351.0,4563.0,9477.0,5.592592592592593,10.0,59.148148148148145,101.0,7.50997150997151,12.0,0.0,0.0,0.0,40600.0,0.0,0.0,0.0,0.0,0.0,0.0,0.0,0.0,0.0,0.0,0.0,0.0,0.0,0.0,0.0,0.0,544.4729775190353
344,20640000000000,2.0,6.0,2.5014245014245016,2.0,4.0,351,2.0,10.0,5.666666666666667,6.0,9.0,351,0.0,0.0,0.0,0.0,0.0,351,2.0,6.0,2.5014245014245016,2.0,4.0,351,0.0,0.0,0.0,0.0,0.0,0,0.0,0.0,0.0,0.0,0.0,0,1.0,1.0,1.0,1.0,1.0,127,1.0,1.0000000000000002,1.0,1.0,1.0,127,1.0,1.0,1.0,1.0,1.0,127,1.0,1.0000000000000002,1.0,1.0,1.0,127,552.0,0.0,0.0,425.0,127.0,127.0,0.0,0.0,0.0,0.0,0.0,0.0,1.0,0.0,0.0,27.682626619935036,351.0,351.0,4563.0,9477.0,5.666666666666667,10.0,60.22222222222222,101.0,7.743589743589744,12.0,0.0,0.0,0.0,40600.0,0.0,0.0,0.0,0.0,0.0,0.0,0.0,0.0,0.0,0.0,0.0,0.0,0.0,0.0,0.0,0.0,367.7435051649809
345,20700000000000,2.0,7.0,2.5128205128205128,2.0,4.0,351,2.0,10.0,5.777777777777778,6.0,9.0,351,0.0,0.0,0.0,0.0,0.0,351,2.0,7.0,2.5128205128205128,2.0,4.0,351,0.0,0.0,0.0,0.0,0.0,0,0.0,0.0,0.0,0.0,0.0,0,1.0,1.0,1.0,1.0,1.0,134,1.0,1.0000000000000002,1.0,1.0,1.0,134,1.0,1.0,1.0,1.0,1.0,134,1.0,1.0000000000000002,1.0,1.0,1.0,134,552.0,0.0,0.0,418.0,134.0,134.0,0.0,0.0,0.0,0.0,0.0,0.0,1.0,0.0,0.0,57.33366869390011,351.0,351.0,4563.0,9477.0,5.777777777777778,10.0,62.18518518518518,105.0,7.868945868945869,14.0,0.0,0.0,0.0,41300.0,0.0,0.0,0.0,0.0,0.0,0.0,0.0,0.0,0.0,0.0,0.0,0.0,0.0,0.0,0.0,0.0,547.5172270089388
346,20760000000000,2.0,7.0,2.5042735042735043,2.0,4.0,351,1.0,10.0,5.62962962962963,5.0,9.0,351,0.0,0.0,0.0,0.0,0.0,351,2.0,7.0,2.5042735042735043,2.0,4.0,351,0.0,0.0,0.0,0.0,0.0,0,0.0,0.0,0.0,0.0,0.0,0,1.0,1.0,1.0,1.0,1.0,122,0.9999999999999998,1.0,1.0,1.0,1.0,122,1.0,1.0,1.0,1.0,1.0,122,0.9999999999999998,1.0,1.0,1.0,1.0,122,552.0,0.0,0.0,430.0,122.0,122.0,0.0,0.0,0.0,0.0,0.0,0.0,1.0,0.0,0.0,59.23142842948437,351.0,351.0,4563.0,9477.0,5.62962962962963,10.0,59.666666666666664,102.0,7.578347578347579,14.0,0.0,0.0,0.0,40250.0,0.0,0.0,0.0,0.0,0.0,0.0,0.0,0.0,0.0,0.0,0.0,0.0,0.0,0.0,0.0,0.0,381.2302201986313
347,20820000000000,2.0,7.0,2.49002849002849,2.0,4.0,351,1.0,10.0,5.481481481481482,5.0,8.0,351,0.0,0.0,0.0,0.0,0.0,351,2.0,7.0,2.49002849002849,2.0,4.0,351,0.0,0.0,0.0,0.0,0.0,0,0.0,0.0,0.0,0.0,0.0,0,1.0,1.0,1.0,1.0,1.0,120,0.9999999999999997,1.0000000000000002,1.0,1.0,1.0,120,1.0,1.0,1.0,1.0,1.0,120,0.9999999999999997,1.0000000000000002,1.0,1.0,1.0,120,552.0,0.0,0.0,432.0,120.0,120.0,0.0,0.0,0.0,0.0,0.0,0.0,1.0,0.0,0.0,28.670335188508034,351.0,351.0,4563.0,9477.0,5.481481481481482,10.0,57.03703703703704,104.0,7.219373219373219,14.0,0.0,0.0,0.0,38150.0,0.0,0.0,0.0,0.0,0.0,0.0,0.0,0.0,0.0,0.0,0.0,0.0,0.0,0.0,0.0,0.0,318.01418401300907
348,20880000000000,2.0,7.0,2.4757834757834756,2.0,4.0,351,1.0,9.0,5.37037037037037,5.0,8.0,351,0.0,0.0,0.0,0.0,0.0,351,2.0,7.0,2.4757834757834756,2.0,4.0,351,0.0,0.0,0.0,0.0,0.0,0,0.0,0.0,0.0,0.0,0.0,0,1.0,1.0,1.0,1.0,1.0,115,0.9999999999999999,1.0000000000000002,1.0,1.0,1.0,115,1.0,1.0,1.0,1.0,1.0,115,0.9999999999999999,1.0000000000000002,1.0,1.0,1.0,115,552.0,0.0,0.0,437.0,115.0,115.0,0.0,0.0,0.0,0.0,0.0,0.0,1.0,0.0,0.0,58.009590953588486,351.0,351.0,4563.0,9477.0,5.37037037037037,9.0,55.074074074074076,88.0,7.037037037037037,12.0,0.0,0.0,0.0,37450.0,0.0,0.0,0.0,0.0,0.0,0.0,0.0,0.0,0.0,0.0,0.0,0.0,0.0,0.0,0.0,0.0,551.7378393560648
349,20940000000000,2.0,6.0,2.4957264957264957,2.0,4.0,351,2.0,9.0,5.592592592592593,6.0,8.0,351,0.0,0.0,0.0,0.0,0.0,351,2.0,6.0,2.4957264957264957,2.0,4.0,351,0.0,0.0,0.0,0.0,0.0,0,0.0,0.0,0.0,0.0,0.0,0,1.0,1.0,1.0,1.0,1.0,127,0.9999999999999998,1.0,1.0,1.0,1.0,127,1.0,1.0,1.0,1.0,1.0,127,0.9999999999999998,1.0,1.0,1.0,1.0,127,552.0,0.0,0.0,425.0,127.0,127.0,0.0,0.0,0.0,0.0,0.0,0.0,1.0,0.0,0.0,52.940716966986656,351.0,351.0,4563.0,9477.0,5.592592592592593,9.0,59.074074074074076,95.0,7.287749287749287,10.0,0.0,0.0,0.0,37800.0,0.0,0.0,0.0,0.0,0.0,0.0,0.0,0.0,0.0,0.0,0.0,0.0,0.0,0.0,0.0,0.0,416.8166518211365
350,21000000000000,2.0,7.0,2.492877492877493,2.0,4.0,351,2.0,9.0,5.518518518518518,6.0,8.0,351,0.0,0.0,0.0,0.0,0.0,351,2.0,7.0,2.492877492877493,2.0,4.0,351,0.0,0.0,0.0,0.0,0.0,0,0.0,0.0,0.0,0.0,0.0,0,1.0,1.0,1.0,1.0,1.0,124,0.9999999999999998,1.0,1.0,1.0,1.0,124,1.0,1.0,1.0,1.0,1.0,124,0.9999999999999998,1.0,1.0,1.0,1.0,124,552.0,0.0,0.0,428.0,124.0,124.0,0.0,0.0,0.0,0.0,0.0,0.0,1.0,0.0,0.0,61.45250052213669,351.0,351.0,4563.0,9477.0,5.518518518518518,9.0,58.2962962962963,95.0,7.293447293447294,10.0,0.0,0.0,0.0,39550.0,0.0,0.0,0.0,0.0,0.0,0.0,0.0,0.0,0.0,0.0,0.0,0.0,0.0,0.0,0.0,0.0,610.9043974429369
351,21060000000000,2.0,7.0,2.5128205128205128,2.0,4.0,351,2.0,10.0,5.777777777777778,6.0,9.0,351,0.0,0.0,0.0,0.0,0.0,351,2.0,7.0,2.5128205128205128,2.0,4.0,351,0.0,0.0,0.0,0.0,0.0,0,0.0,0.0,0.0,0.0,0.0,0,1.0,1.0,1.0,1.0,1.0,131,0.9999999999999998,1.0000000000000002,1.0,1.0,1.0,131,1.0,1.0,1.0,1.0,1.0,131,0.9999999999999998,1.0000000000000002,1.0,1.0,1.0,131,552.0,0.0,0.0,421.0,131.0,131.0,0.0,0.0,0.0,0.0,0.0,0.0,1.0,0.0,0.0,57.410480454564095,351.0,351.0,4563.0,9477.0,5.777777777777778,10.0,62.370370370370374,105.0,7.663817663817664,12.0,0.0,0.0,0.0,41300.0,0.0,0.0,0.0,0.0,0.0,0.0,0.0,0.0,0.0,0.0,0.0,0.0,0.0,0.0,0.0,0.0,485.09544134140015
352,21120000000000,2.0,6.0,2.4985754985754984,2.0,4.0,351,2.0,10.0,5.555555555555555,6.0,8.0,351,0.0,0.0,0.0,0.0,0.0,351,2.0,6.0,2.4985754985754984,2.0,4.0,351,0.0,0.0,0.0,0.0,0.0,0,0.0,0.0,0.0,0.0,0.0,0,1.0,1.0,1.0,1.0,1.0,128,0.9999999999999998,1.0000000000000002,1.0,1.0,1.0,128,1.0,1.0,1.0,1.0,1.0,128,0.9999999999999998,1.0000000000000002,1.0,1.0,1.0,128,552.0,0.0,0.0,424.0,128.0,128.0,0.0,0.0,0.0,0.0,0.0,0.0,1.0,0.0,0.0,26.874680072069168,351.0,351.0,4563.0,9477.0,5.555555555555555,10.0,58.629629629629626,100.0,7.715099715099715,12.0,0.0,0.0,0.0,40600.0,0.0,0.0,0.0,0.0,0.0,0.0,0.0,0.0,0.0,0.0,0.0,0.0,0.0,0.0,0.0,0.0,267.41406694054604
353,21180000000000,2.0,7.0,2.4985754985754984,2.0,4.0,351,2.0,10.0,5.518518518518518,5.0,8.0,351,0.0,0.0,0.0,0.0,0.0,351,2.0,7.0,2.4985754985754984,2.0,4.0,351,0.0,0.0,0.0,0.0,0.0,0,0.0,0.0,0.0,0.0,0.0,0,1.0,1.0,1.0,1.0,1.0,127,0.9999999999999998,1.0000000000000002,1.0,1.0,1.0,127,1.0,1.0,1.0,1.0,1.0,127,0.9999999999999998,1.0000000000000002,1.0,1.0,1.0,127,552.0,0.0,0.0,425.0,127.0,127.0,0.0,0.0,0.0,0.0,0.0,0.0,1.0,0.0,0.0,59.33132395148277,351.0,351.0,4563.0,9477.0,5.518518518518518,10.0,58.148148148148145,104.0,7.618233618233618,14.0,0.0,0.0,0.0,40250.0,0.0,0.0,0.0,0.0,0.0,0.0,0.0,0.0,0.0,0.0,0.0,0.0,0.0,0.0,0.0,0.0,424.9602947384119
354,21240000000000,2.0,7.0,2.4957264957264957,2.0,4.0,351,2.0,10.0,5.518518518518518,5.0,8.0,351,0.0,0.0,0.0,0.0,0.0,351,2.0,7.0,2.4957264957264957,2.0,4.0,351,0.0,0.0,0.0,0.0,0.0,0,0.0,0.0,0.0,0.0,0.0,0,1.0,1.0,1.0,1.0,1.0,121,0.9999999999999999,1.0000000000000002,1.0,1.0,1.0000000000000002,121,1.0,1.0,1.0,1.0,1.0,121,0.9999999999999999,1.0000000000000002,1.0,1.0,1.0000000000000002,121,552.0,0.0,0.0,431.0,121.0,121.0,0.0,0.0,0.0,0.0,0.0,0.0,1.0,0.0,0.0,54.765818640589714,351.0,351.0,4563.0,9477.0,5.518518518518518,10.0,58.03703703703704,101.0,7.4415954415954415,12.0,0.0,0.0,0.0,39550.0,0.0,0.0,0.0,0.0,0.0,0.0,0.0,0.0,0.0,0.0,0.0,0.0,0.0,0.0,0.0,0.0,521.6530952602625
355,21300000000000,2.0,7.0,2.4786324786324787,2.0,4.0,351,1.0,9.0,5.481481481481482,5.0,9.0,351,0.0,0.0,0.0,0.0,0.0,351,2.0,7.0,2.4786324786324787,2.0,4.0,351,0.0,0.0,0.0,0.0,0.0,0,0.0,0.0,0.0,0.0,0.0,0,1.0,1.0,1.0,1.0,1.0,126,0.9999999999999998,1.0000000000000002,1.0,1.0,1.0,126,1.0,1.0,1.0,1.0,1.0,126,0.9999999999999998,1.0000000000000002,1.0,1.0,1.0,126,552.0,0.0,0.0,426.0,126.0,126.0,0.0,0.0,0.0,0.0,0.0,0.0,1.0,0.0,0.0,56.137386709451675,351.0,351.0,4563.0,9477.0,5.481481481481482,9.0,56.25925925925926,92.0,7.219373219373219,14.0,0.0,0.0,0.0,37450.0,0.0,0.0,0.0,0.0,0.0,0.0,0.0,0.0,0.0,0.0,0.0,0.0,0.0,0.0,0.0,0.0,501.41257978975773
356,21360000000000,2.0,7.0,2.4871794871794872,2.0,4.0,351,2.0,9.0,5.555555555555555,5.0,8.0,351,0.0,0.0,0.0,0.0,0.0,351,2.0,7.0,2.4871794871794872,2.0,4.0,351,0.0,0.0,0.0,0.0,0.0,0,0.0,0.0,0.0,0.0,0.0,0,1.0,1.0,1.0,1.0,1.0,120,0.9999999999999998,1.0,1.0,1.0,1.0,120,1.0,1.0,1.0,1.0,1.0,120,0.9999999999999998,1.0,1.0,1.0,1.0,120,552.0,0.0,0.0,432.0,120.0,120.0,0.0,0.0,0.0,0.0,0.0,0.0,1.0,0.0,0.0,58.412229642271996,351.0,351.0,4563.0,9477.0,5.555555555555555,9.0,58.18518518518518,92.0,7.105413105413105,12.0,0.0,0.0,0.0,37450.0,0.0,0.0,0.0,0.0,0.0,0.0,0.0,0.0,0.0,0.0,0.0,0.0,0.0,0.0,0.0,0.0,501.1234041303396
357,21420000000000,2.0,7.0,2.5014245014245016,2.0,4.0,351,2.0,9.0,5.62962962962963,6.0,8.0,351,0.0,0.0,0.0,0.0,0.0,351,2.0,7.0,2.5014245014245016,2.0,4.0,351,0.0,0.0,0.0,0.0,0.0,0,0.0,0.0,0.0,0.0,0.0,0,1.0,1.0,1.0,1.0,1.0,127,0.9999999999999998,1.0000000000000004,1.0,1.0,1.0000000000000002,127,1.0,1.0,1.0,1.0,1.0,127,0.9999999999999998,1.0000000000000004,1.0,1.0,1.0000000000000002,127,552.0,0.0,0.0,425.0,127.0,127.0,0.0,0.0,0.0,0.0,0.0,0.0,1.0,0.0,0.0,56.733669713139534,351.0,351.0,4563.0,9477.0,5.62962962962963,9.0,60.074074074074076,92.0,7.264957264957265,10.0,0.0,0.0,0.0,37100.0,0.0,0.0,0.0,0.0,0.0,0.0,0.0,0.0,0.0,0.0,0.0,0.0,0.0,0.0,0.0,0.0,513.4013202041388
358,21480000000000,2.0,7.0,2.49002849002849,2.0,4.0,351,2.0,9.0,5.481481481481482,5.0,8.0,351,0.0,0.0,0.0,0.0,0.0,351,2.0,7.0,2.49002849002849,2.0,4.0,351,0.0,0.0,0.0,0.0,0.0,0,0.0,0.0,0.0,0.0,0.0,0,1.0,1.0,1.0,1.0,1.0,114,1.0,1.0000000000000002,1.0,1.0,1.0,114,1.0,1.0,1.0,1.0,1.0,114,1.0,1.0000000000000002,1.0,1.0,1.0,114,552.0,0.0,0.0,438.0,114.0,114.0,0.0,0.0,0.0,0.0,0.0,0.0,1.0,0.0,0.0,29.179800301790237,351.0,351.0,4563.0,9477.0,5.481481481481482,9.0,57.370370370370374,96.0,7.287749287749287,10.0,0.0,0.0,0.0,38850.0,0.0,0.0,0.0,0.0,0.0,0.0,0.0,0.0,0.0,0.0,0.0,0.0,0.0,0.0,0.0,0.0,458.03365111351013
359,21540000000000,2.0,7.0,2.5042735042735043,2.0,4.0,351,2.0,8.0,5.666666666666667,6.0,8.0,351,0.0,0.0,0.0,0.0,0.0,351,2.0,7.0,2.5042735042735043,2.0,4.0,351,0.0,0.0,0.0,0.0,0.0,0,0.0,0.0,0.0,0.0,0.0,0,1.0,1.0,1.0,1.0,1.0,126,0.9999999999999998,1.0,1.0,1.0,1.0,126,1.0,1.0,1.0,1.0,1.0,126,0.9999999999999998,1.0,1.0,1.0,1.0,126,552.0,0.0,0.0,426.0,126.0,126.0,0.0,0.0,0.0,0.0,0.0,0.0,1.0,0.0,0.0,57.06501938402653,351.0,351.0,4563.0,9477.0,5.666666666666667,8.0,60.48148148148148,88.0,7.760683760683761,12.0,0.0,0.0,0.0,41650.0,0.0,0.0,0.0,0.0,0.0,0.0,0.0,0.0,0.0,0.0,0.0,0.0,0.0,0.0,0.0,0.0,516.5149793028831
