time_index,time_since_epoch_ns,fstate_size_min,fstate_size_max,fstate_size_mean,fstate_size_median,fstate_size_p95,fstate_size_count,fstate_installed_min,fstate_installed_max,fstate_installed_mean,fstate_installed_median,fstate_installed_p95,fstate_installed_count,fstate_markers_min,fstate_markers_max,fstate_markers_mean,fstate_markers_median,fstate_markers_p95,fstate_markers_count,fstate_neighbors_min,fstate_neighbors_max,fstate_neighbors_mean,fstate_neighbors_median,fstate_neighbors_p95,fstate_neighbors_count,strict_header_bytes_min,strict_header_bytes_max,strict_header_bytes_mean,strict_header_bytes_median,strict_header_bytes_p95,strict_header_bytes_count,srv6_srh_bytes_min,srv6_srh_bytes_max,srv6_srh_bytes_mean,srv6_srh_bytes_median,srv6_srh_bytes_p95,srv6_srh_bytes_count,stretch_hop_min,stretch_hop_max,stretch_hop_mean,stretch_hop_median,stretch_hop_p95,stretch_hop_count,stretch_dist_min,stretch_dist_max,stretch_dist_mean,stretch_dist_median,stretch_dist_p95,stretch_dist_count,stretch_hop_shared_min,stretch_hop_shared_max,stretch_hop_shared_mean,stretch_hop_shared_median,stretch_hop_shared_p95,stretch_hop_shared_count,stretch_dist_shared_min,stretch_dist_shared_max,stretch_dist_shared_mean,stretch_dist_shared_median,stretch_dist_shared_p95,stretch_dist_shared_count,delivery_total_pairs,delivery_no_src_visibility,delivery_no_dst_visibility,delivery_disconnected,delivery_deliverable,delivery_delivered,delivery_forwarding_failure,delivery_failure_loop,delivery_failure_dead_end,delivery_failure_link_down,delivery_failure_hop_limit,delivery_failure_egress_lost,delivery_delivery_rate,delivery_non_optimal_egress,delivery_non_optimal_egress_rate,explicit_failover_count,explicit_failover_delivered_count,explicit_failover_delivered_rate,explicit_failover_protected_repair_count,explicit_failover_protected_repair_rate,explicit_failover_broken_adj_count,explicit_failover_broken_adj_rate,explicit_failover_egress_not_visible_count,explicit_failover_egress_not_visible_rate,explicit_failover_dynamic_egress_repair_count,explicit_failover_dynamic_egress_repair_rate,explicit_failover_dynamic_egress_unavailable_count,explicit_failover_dynamic_egress_unavailable_rate,failure_isls_removed,failure_satellites_down,failure_events,compute_time_ms
0,0,2.0,14.0,2.908831908831909,2.0,7.5,351,1.0,10.0,5.666666666666667,6.0,8.0,351,14.0,23.0,18.333333333333332,18.0,21.0,351,2.0,7.0,2.5042735042735043,2.0,4.0,351,0.0,44.0,26.806451612903224,28.0,44.0,124,0.0,104.0,49.16129032258065,40.0,104.0,124,1.0,1.0,1.0,1.0,1.0,124,0.9999999999999998,1.0000000000000002,1.0,1.0,1.0,124,1.0,1.0,1.0,1.0,1.0,124,0.9999999999999998,1.0000000000000002,1.0,1.0,1.0,124,552.0,0.0,0.0,428.0,124.0,124.0,0.0,0.0,0.0,0.0,0.0,0.0,1.0,0.0,0.0,124.0,124.0,1.0,0.0,0.0,0.0,0.0,0.0,0.0,0.0,0.0,0.0,0.0,0.0,0.0,0.0,66.60644337534904
1,60000000000,2.0,14.0,2.9116809116809117,2.0,9.5,351,1.0,10.0,5.555555555555555,6.0,8.0,351,14.0,23.0,18.444444444444443,18.0,22.0,351,2.0,7.0,2.4957264957264957,2.0,4.0,351,0.0,44.0,26.08695652173913,28.0,44.0,138,0.0,104.0,46.95652173913044,40.0,104.0,138,1.0,1.0,1.0,1.0,1.0,138,0.9999999999999998,1.0000000000000002,1.0,1.0,1.0,138,1.0,1.0,1.0,1.0,1.0,138,0.9999999999999998,1.0000000000000002,1.0,1.0,1.0,138,552.0,0.0,0.0,414.0,138.0,138.0,0.0,0.0,0.0,0.0,0.0,0.0,1.0,0.0,0.0,138.0,138.0,1.0,0.0,0.0,0.0,0.0,0.0,0.0,0.0,0.0,0.0,0.0,0.0,0.0,0.0,110.42393185198307
2,120000000000,2.0,14.0,2.9002849002849005,2.0,8.5,351,1.0,10.0,5.555555555555555,6.0,8.0,351,14.0,23.0,18.444444444444443,18.0,22.0,351,2.0,6.0,2.4985754985754984,2.0,4.0,351,0.0,44.0,26.94736842105263,32.0,44.0,133,0.0,104.0,48.2406015037594,56.0,104.0,133,1.0,1.0,1.0,1.0,1.0,133,0.9999999999999999,1.0000000000000002,1.0,1.0,1.0000000000000002,133,1.0,1.0,1.0,1.0,1.0,133,0.9999999999999999,1.0000000000000002,1.0,1.0,1.0000000000000002,133,552.0,0.0,0.0,419.0,133.0,133.0,0.0,0.0,0.0,0.0,0.0,0.0,1.0,0.0,0.0,133.0,133.0,1.0,0.0,0.0,0.0,0.0,0.0,0.0,0.0,0.0,0.0,0.0,0.0,0.0,0.0,121.06434442102909
3,180000000000,2.0,15.0,2.868945868945869,2.0,8.0,351,1.0,10.0,5.518518518518518,5.0,8.0,351,14.0,23.0,18.48148148148148,19.0,21.0,351,2.0,7.0,2.4957264957264957,2.0,4.0,351,0.0,44.0,25.984251968503937,28.0,44.0,127,0.0,104.0,47.24409448818898,40.0,104.0,127,1.0,1.0,1.0,1.0,1.0,127,0.9999999999999998,1.0000000000000002,1.0,1.0,1.0,127,1.0,1.0,1.0,1.0,1.0,127,0.9999999999999998,1.0000000000000002,1.0,1.0,1.0,127,552.0,0.0,0.0,425.0,127.0,127.0,0.0,0.0,0.0,0.0,0.0,0.0,1.0,0.0,0.0,127.0,127.0,1.0,0.0,0.0,0.0,0.0,0.0,0.0,0.0,0.0,0.0,0.0,0.0,0.0,0.0,81.17788098752499
4,240000000000,2.0,16.0,2.8917378917378915,2.0,8.0,351,1.0,9.0,5.518518518518518,5.0,9.0,351,15.0,23.0,18.48148148148148,19.0,21.0,351,2.0,7.0,2.49002849002849,2.0,4.0,351,0.0,44.0,25.96825396825397,30.0,44.0,126,0.0,104.0,47.87301587301587,48.0,104.0,126,1.0,1.0,1.0,1.0,1.0,126,0.9999999999999997,1.0000000000000002,1.0,1.0,1.0,126,1.0,1.0,1.0,1.0,1.0,126,0.9999999999999997,1.0000000000000002,1.0,1.0,1.0,126,552.0,0.0,0.0,426.0,126.0,126.0,0.0,0.0,0.0,0.0,0.0,0.0,1.0,0.0,0.0,126.0,126.0,1.0,0.0,0.0,0.0,0.0,0.0,0.0,0.0,0.0,0.0,0.0,0.0,0.0,0.0,129.3770596385002
5,300000000000,2.0,14.0,2.8603988603988606,2.0,8.0,351,1.0,9.0,5.481481481481482,6.0,8.0,351,15.0,23.0,18.51851851851852,18.0,22.0,351,2.0,7.0,2.492877492877493,2.0,4.0,351,0.0,44.0,26.766666666666666,32.0,44.0,120,0.0,104.0,50.06666666666667,56.0,104.0,120,1.0,1.0,1.0,1.0,1.0,120,0.9999999999999998,1.0000000000000002,1.0,1.0,1.0,120,1.0,1.0,1.0,1.0,1.0,120,0.9999999999999998,1.0000000000000002,1.0,1.0,1.0,120,552.0,0.0,0.0,432.0,120.0,120.0,0.0,0.0,0.0,0.0,0.0,0.0,1.0,0.0,0.0,120.0,120.0,1.0,0.0,0.0,0.0,0.0,0.0,0.0,0.0,0.0,0.0,0.0,0.0,0.0,0.0,124.93390776216984
6,360000000000,2.0,15.0,2.868945868945869,2.0,8.0,351,1.0,10.0,5.518518518518518,6.0,8.0,351,14.0,23.0,18.48148148148148,18.0,21.0,351,2.0,6.0,2.4957264957264957,2.0,4.0,351,0.0,44.0,26.512396694214875,32.0,44.0,121,0.0,104.0,49.52066115702479,56.0,104.0,121,1.0,1.0,1.0,1.0,1.0,121,0.9999999999999999,1.0000000000000002,1.0,1.0,1.0,121,1.0,1.0,1.0,1.0,1.0,121,0.9999999999999999,1.0000000000000002,1.0,1.0,1.0,121,552.0,0.0,0.0,431.0,121.0,121.0,0.0,0.0,0.0,0.0,0.0,0.0,1.0,0.0,0.0,121.0,121.0,1.0,0.0,0.0,0.0,0.0,0.0,0.0,0.0,0.0,0.0,0.0,0.0,0.0,0.0,203.7661410868168
7,420000000000,2.0,15.0,2.886039886039886,2.0,8.0,351,1.0,10.0,5.518518518518518,6.0,8.0,351,14.0,23.0,18.48148148148148,18.0,21.0,351,2.0,7.0,2.4985754985754984,2.0,4.0,351,0.0,44.0,25.796610169491526,28.0,44.0,118,0.0,104.0,47.05084745762712,40.0,104.0,118,1.0,1.0,1.0,1.0,1.0,118,0.9999999999999998,1.0000000000000002,1.0,1.0,1.0,118,1.0,1.0,1.0,1.0,1.0,118,0.9999999999999998,1.0000000000000002,1.0,1.0,1.0,118,552.0,0.0,0.0,434.0,118.0,118.0,0.0,0.0,0.0,0.0,0.0,0.0,1.0,0.0,0.0,118.0,118.0,1.0,0.0,0.0,0.0,0.0,0.0,0.0,0.0,0.0,0.0,0.0,0.0,0.0,0.0,132.36545957624912
8,480000000000,2.0,14.0,2.8774928774928776,2.0,7.0,351,1.0,10.0,5.592592592592593,6.0,8.0,351,14.0,23.0,18.40740740740741,18.0,21.0,351,2.0,7.0,2.5014245014245016,2.0,4.0,351,0.0,44.0,26.57391304347826,28.0,44.0,115,0.0,104.0,49.321739130434786,40.0,104.0,115,1.0,1.0,1.0,1.0,1.0,115,0.9999999999999999,1.0000000000000002,1.0,1.0,1.0,115,1.0,1.0,1.0,1.0,1.0,115,0.9999999999999999,1.0000000000000002,1.0,1.0,1.0,115,552.0,0.0,0.0,437.0,115.0,115.0,0.0,0.0,0.0,0.0,0.0,0.0,1.0,0.0,0.0,115.0,115.0,1.0,0.0,0.0,0.0,0.0,0.0,0.0,0.0,0.0,0.0,0.0,0.0,0.0,0.0,145.5756425857544
9,540000000000,2.0,15.0,2.9316239316239314,2.0,10.0,351,1.0,10.0,5.62962962962963,6.0,8.0,351,14.0,23.0,18.37037037037037,18.0,21.0,351,2.0,7.0,2.5014245014245016,2.0,4.0,351,0.0,44.0,26.62937062937063,32.0,44.0,143,0.0,104.0,49.62237762237762,56.0,104.0,143,1.0,1.0,1.0,1.0,1.0,143,0.9999999999999998,1.0000000000000002,1.0,1.0,1.0,143,1.0,1.0,1.0,1.0,1.0,143,0.9999999999999998,1.0000000000000002,1.0,1.0,1.0,143,552.0,0.0,0.0,409.0,143.0,143.0,0.0,0.0,0.0,0.0,0.0,0.0,1.0,0.0,0.0,143.0,143.0,1.0,0.0,0.0,0.0,0.0,0.0,0.0,0.0,0.0,0.0,0.0,0.0,0.0,0.0,136.12599857151508
10,600000000000,2.0,15.0,2.905982905982906,2.0,8.5,351,1.0,10.0,5.444444444444445,5.0,8.0,351,14.0,23.0,18.555555555555557,19.0,22.0,351,2.0,6.0,2.49002849002849,2.0,4.0,351,0.0,44.0,26.452554744525546,32.0,44.0,137,0.0,104.0,48.52554744525548,56.0,104.0,137,1.0,1.0,1.0,1.0,1.0,137,1.0,1.0000000000000002,1.0,1.0,1.0,137,1.0,1.0,1.0,1.0,1.0,137,1.0,1.0000000000000002,1.0,1.0,1.0,137,552.0,0.0,0.0,415.0,137.0,137.0,0.0,0.0,0.0,0.0,0.0,0.0,1.0,0.0,0.0,137.0,137.0,1.0,0.0,0.0,0.0,0.0,0.0,0.0,0.0,0.0,0.0,0.0,0.0,0.0,0.0,229.04839739203453
11,660000000000,2.0,15.0,2.888888888888889,2.0,8.0,351,1.0,10.0,5.481481481481482,5.0,8.0,351,14.0,23.0,18.51851851851852,19.0,21.0,351,2.0,6.0,2.4814814814814814,2.0,4.0,351,0.0,44.0,26.3206106870229,28.0,44.0,131,0.0,104.0,48.12213740458015,40.0,104.0,131,1.0,1.0,1.0,1.0,1.0,131,0.9999999999999998,1.0000000000000002,1.0,1.0,1.0,131,1.0,1.0,1.0,1.0,1.0,131,0.9999999999999998,1.0000000000000002,1.0,1.0,1.0,131,552.0,0.0,0.0,421.0,131.0,131.0,0.0,0.0,0.0,0.0,0.0,0.0,1.0,0.0,0.0,131.0,131.0,1.0,0.0,0.0,0.0,0.0,0.0,0.0,0.0,0.0,0.0,0.0,0.0,0.0,0.0,133.58080200850964
12,720000000000,2.0,15.0,2.8632478632478633,2.0,8.0,351,1.0,10.0,5.444444444444445,6.0,8.0,351,14.0,23.0,18.555555555555557,18.0,21.0,351,2.0,6.0,2.4757834757834756,2.0,4.0,351,0.0,44.0,26.29032258064516,28.0,44.0,124,0.0,104.0,48.83870967741935,40.0,104.0,124,1.0,1.0,1.0,1.0,1.0,124,0.9999999999999999,1.0000000000000002,1.0,1.0,1.0,124,1.0,1.0,1.0,1.0,1.0,124,0.9999999999999999,1.0000000000000002,1.0,1.0,1.0,124,552.0,0.0,0.0,428.0,124.0,124.0,0.0,0.0,0.0,0.0,0.0,0.0,1.0,0.0,0.0,124.0,124.0,1.0,0.0,0.0,0.0,0.0,0.0,0.0,0.0,0.0,0.0,0.0,0.0,0.0,0.0,124.5704386383295
13,780000000000,2.0,15.0,2.843304843304843,2.0,7.0,351,1.0,10.0,5.444444444444445,5.0,8.0,351,14.0,23.0,18.555555555555557,19.0,21.0,351,2.0,7.0,2.492877492877493,2.0,4.0,351,0.0,44.0,25.785123966942148,28.0,44.0,121,0.0,104.0,47.80165289256198,40.0,104.0,121,1.0,1.0,1.0,1.0,1.0,121,0.9999999999999998,1.0000000000000002,1.0,1.0,1.0,121,1.0,1.0,1.0,1.0,1.0,121,0.9999999999999998,1.0000000000000002,1.0,1.0,1.0,121,552.0,0.0,0.0,431.0,121.0,121.0,0.0,0.0,0.0,0.0,0.0,0.0,1.0,0.0,0.0,121.0,121.0,1.0,0.0,0.0,0.0,0.0,0.0,0.0,0.0,0.0,0.0,0.0,0.0,0.0,0.0,130.7877078652382
14,840000000000,2.0,15.0,2.8632478632478633,2.0,7.5,351,1.0,10.0,5.444444444444445,5.0,9.0,351,14.0,23.0,18.555555555555557,19.0,21.0,351,2.0,6.0,2.49002849002849,2.0,4.0,351,0.0,44.0,26.766666666666666,32.0,44.0,120,0.0,104.0,50.06666666666667,56.0,104.0,120,1.0,1.0,1.0,1.0,1.0,120,0.9999999999999998,1.0000000000000002,1.0,1.0,1.0,120,1.0,1.0,1.0,1.0,1.0,120,0.9999999999999998,1.0000000000000002,1.0,1.0,1.0,120,552.0,0.0,0.0,432.0,120.0,120.0,0.0,0.0,0.0,0.0,0.0,0.0,1.0,0.0,0.0,120.0,120.0,1.0,0.0,0.0,0.0,0.0,0.0,0.0,0.0,0.0,0.0,0.0,0.0,0.0,0.0,190.87783992290497
15,900000000000,2.0,15.0,2.8774928774928776,2.0,8.0,351,1.0,10.0,5.444444444444445,6.0,9.0,351,14.0,23.0,18.555555555555557,18.0,21.0,351,2.0,8.0,2.49002849002849,2.0,4.0,351,0.0,44.0,26.847457627118644,28.0,44.0,118,0.0,104.0,49.42372881355932,40.0,104.0,118,1.0,1.0,1.0,1.0,1.0,118,0.9999999999999998,1.0,1.0,1.0,1.0,118,1.0,1.0,1.0,1.0,1.0,118,0.9999999999999998,1.0,1.0,1.0,1.0,118,552.0,0.0,0.0,434.0,118.0,118.0,0.0,0.0,0.0,0.0,0.0,0.0,1.0,0.0,0.0,118.0,118.0,1.0,0.0,0.0,0.0,0.0,0.0,0.0,0.0,0.0,0.0,0.0,0.0,0.0,0.0,121.14910781383514
16,960000000000,2.0,14.0,2.8774928774928776,2.0,7.0,351,1.0,10.0,5.481481481481482,6.0,8.0,351,14.0,23.0,18.51851851851852,18.0,21.0,351,2.0,7.0,2.4871794871794872,2.0,4.0,351,0.0,44.0,27.772357723577237,32.0,44.0,123,0.0,104.0,51.38211382113821,56.0,104.0,123,1.0,1.0,1.0,1.0,1.0,123,0.9999999999999998,1.0000000000000002,1.0,1.0,1.0,123,1.0,1.0,1.0,1.0,1.0,123,0.9999999999999998,1.0000000000000002,1.0,1.0,1.0,123,552.0,0.0,0.0,429.0,123.0,123.0,0.0,0.0,0.0,0.0,0.0,0.0,1.0,0.0,0.0,123.0,123.0,1.0,0.0,0.0,0.0,0.0,0.0,0.0,0.0,0.0,0.0,0.0,0.0,0.0,0.0,125.45381858944893
17,1020000000000,2.0,14.0,2.888888888888889,2.0,7.5,351,1.0,9.0,5.518518518518518,6.0,8.0,351,15.0,23.0,18.48148148148148,18.0,21.0,351,2.0,7.0,2.4957264957264957,2.0,4.0,351,0.0,44.0,26.598540145985403,32.0,44.0,137,0.0,104.0,49.10948905109489,56.0,104.0,137,1.0,1.0,1.0,1.0,1.0,137,0.9999999999999998,1.0,1.0,1.0,1.0,137,1.0,1.0,1.0,1.0,1.0,137,0.9999999999999998,1.0,1.0,1.0,1.0,137,552.0,0.0,0.0,415.0,137.0,137.0,0.0,0.0,0.0,0.0,0.0,0.0,1.0,0.0,0.0,137.0,137.0,1.0,0.0,0.0,0.0,0.0,0.0,0.0,0.0,0.0,0.0,0.0,0.0,0.0,0.0,123.55279363691807
18,1080000000000,2.0,15.0,2.8917378917378915,2.0,8.0,351,2.0,10.0,5.555555555555555,5.0,9.0,351,14.0,22.0,18.444444444444443,19.0,21.0,351,2.0,6.0,2.4843304843304845,2.0,4.0,351,0.0,44.0,27.104477611940297,32.0,44.0,134,0.0,104.0,49.850746268656714,56.0,104.0,134,1.0,1.0,1.0,1.0,1.0,134,0.9999999999999998,1.0,1.0,1.0,1.0,134,1.0,1.0,1.0,1.0,1.0,134,0.9999999999999998,1.0,1.0,1.0,1.0,134,552.0,0.0,0.0,418.0,134.0,134.0,0.0,0.0,0.0,0.0,0.0,0.0,1.0,0.0,0.0,134.0,134.0,1.0,0.0,0.0,0.0,0.0,0.0,0.0,0.0,0.0,0.0,0.0,0.0,0.0,0.0,126.22763030230999
19,1140000000000,2.0,15.0,2.905982905982906,2.0,8.0,351,2.0,10.0,5.62962962962963,5.0,9.0,351,14.0,22.0,18.37037037037037,19.0,21.0,351,2.0,6.0,2.5014245014245016,2.0,4.0,351,0.0,44.0,26.50381679389313,32.0,44.0,131,0.0,104.0,48.85496183206107,56.0,104.0,131,1.0,1.0,1.0,1.0,1.0,131,0.9999999999999998,1.0000000000000002,1.0,1.0,1.0000000000000002,131,1.0,1.0,1.0,1.0,1.0,131,0.9999999999999998,1.0000000000000002,1.0,1.0,1.0000000000000002,131,552.0,0.0,0.0,421.0,131.0,131.0,0.0,0.0,0.0,0.0,0.0,0.0,1.0,0.0,0.0,131.0,131.0,1.0,0.0,0.0,0.0,0.0,0.0,0.0,0.0,0.0,0.0,0.0,0.0,0.0,0.0,182.21810832619667
20,1200000000000,2.0,15.0,2.9173789173789175,2.0,8.0,351,1.0,10.0,5.666666666666667,6.0,9.0,351,14.0,23.0,18.333333333333332,18.0,21.0,351,2.0,6.0,2.5014245014245016,2.0,4.0,351,0.0,44.0,26.388059701492537,28.0,44.0,134,0.0,104.0,48.59701492537314,40.0,104.0,134,1.0,1.0,1.0,1.0,1.0,134,0.9999999999999999,1.0,1.0,1.0,1.0,134,1.0,1.0,1.0,1.0,1.0,134,0.9999999999999999,1.0,1.0,1.0,1.0,134,552.0,0.0,0.0,418.0,134.0,134.0,0.0,0.0,0.0,0.0,0.0,0.0,1.0,0.0,0.0,134.0,134.0,1.0,0.0,0.0,0.0,0.0,0.0,0.0,0.0,0.0,0.0,0.0,0.0,0.0,0.0,121.81868590414524
21,1260000000000,2.0,16.0,2.8803418803418803,2.0,7.5,351,1.0,10.0,5.7407407407407405,5.0,9.0,351,14.0,23.0,18.25925925925926,19.0,21.0,351,2.0,8.0,2.5156695156695155,2.0,4.0,351,0.0,44.0,25.575757575757574,28.0,44.0,132,0.0,104.0,47.21212121212121,40.0,104.0,132,1.0,1.0,1.0,1.0,1.0,132,0.9999999999999998,1.0000000000000002,1.0,1.0,1.0,132,1.0,1.0,1.0,1.0,1.0,132,0.9999999999999998,1.0000000000000002,1.0,1.0,1.0,132,552.0,0.0,0.0,420.0,132.0,132.0,0.0,0.0,0.0,0.0,0.0,0.0,1.0,0.0,0.0,132.0,132.0,1.0,0.0,0.0,0.0,0.0,0.0,0.0,0.0,0.0,0.0,0.0,0.0,0.0,0.0,121.93608656525612
22,1320000000000,2.0,15.0,2.871794871794872,2.0,7.5,351,1.0,10.0,5.62962962962963,6.0,9.0,351,14.0,23.0,18.37037037037037,18.0,21.0,351,2.0,7.0,2.5042735042735043,2.0,4.0,351,0.0,44.0,26.53125,28.0,44.0,128,0.0,104.0,48.75,40.0,104.0,128,1.0,1.0,1.0,1.0,1.0,128,0.9999999999999998,1.0000000000000002,1.0,1.0,1.0,128,1.0,1.0,1.0,1.0,1.0,128,0.9999999999999998,1.0000000000000002,1.0,1.0,1.0,128,552.0,0.0,0.0,424.0,128.0,128.0,0.0,0.0,0.0,0.0,0.0,0.0,1.0,0.0,0.0,128.0,128.0,1.0,0.0,0.0,0.0,0.0,0.0,0.0,0.0,0.0,0.0,0.0,0.0,0.0,0.0,124.14604425430298
23,1380000000000,2.0,15.0,2.8774928774928776,2.0,8.0,351,1.0,10.0,5.444444444444445,5.0,8.0,351,14.0,23.0,18.555555555555557,19.0,21.0,351,2.0,7.0,2.49002849002849,2.0,4.0,351,0.0,44.0,25.982905982905983,28.0,44.0,117,0.0,104.0,47.93162393162393,40.0,104.0,117,1.0,1.0,1.0,1.0,1.0,117,0.9999999999999998,1.0000000000000002,1.0,1.0,1.0,117,1.0,1.0,1.0,1.0,1.0,117,0.9999999999999998,1.0000000000000002,1.0,1.0,1.0,117,552.0,0.0,0.0,435.0,117.0,117.0,0.0,0.0,0.0,0.0,0.0,0.0,1.0,0.0,0.0,117.0,117.0,1.0,0.0,0.0,0.0,0.0,0.0,0.0,0.0,0.0,0.0,0.0,0.0,0.0,0.0,199.9851129949093
24,1440000000000,2.0,14.0,2.8774928774928776,2.0,7.5,351,1.0,9.0,5.481481481481482,6.0,8.0,351,15.0,23.0,18.51851851851852,18.0,21.0,351,2.0,7.0,2.4957264957264957,2.0,4.0,351,0.0,44.0,26.08,28.0,44.0,125,0.0,104.0,47.872,40.0,104.0,125,1.0,1.0,1.0,1.0,1.0,125,0.9999999999999998,1.0,1.0,1.0,1.0,125,1.0,1.0,1.0,1.0,1.0,125,0.9999999999999998,1.0,1.0,1.0,1.0,125,552.0,0.0,0.0,427.0,125.0,125.0,0.0,0.0,0.0,0.0,0.0,0.0,1.0,0.0,0.0,125.0,125.0,1.0,0.0,0.0,0.0,0.0,0.0,0.0,0.0,0.0,0.0,0.0,0.0,0.0,0.0,134.4143133610487
25,1500000000000,2.0,14.0,2.8575498575498575,2.0,7.0,351,2.0,9.0,5.592592592592593,5.0,8.0,351,15.0,22.0,18.40740740740741,19.0,21.0,351,2.0,7.0,2.492877492877493,2.0,4.0,351,0.0,44.0,27.648,32.0,44.0,125,0.0,104.0,51.84,56.0,104.0,125,1.0,1.0,1.0,1.0,1.0,125,0.9999999999999998,1.0000000000000002,1.0,1.0,1.0000000000000002,125,1.0,1.0,1.0,1.0,1.0,125,0.9999999999999998,1.0000000000000002,1.0,1.0,1.0000000000000002,125,552.0,0.0,0.0,427.0,125.0,125.0,0.0,0.0,0.0,0.0,0.0,0.0,1.0,0.0,0.0,125.0,125.0,1.0,0.0,0.0,0.0,0.0,0.0,0.0,0.0,0.0,0.0,0.0,0.0,0.0,0.0,140.7917719334364
26,1560000000000,2.0,15.0,2.9173789173789175,2.0,8.5,351,2.0,10.0,5.666666666666667,5.0,9.0,351,14.0,22.0,18.333333333333332,19.0,21.0,351,2.0,6.0,2.507122507122507,2.0,4.0,351,0.0,44.0,27.377777777777776,32.0,44.0,135,0.0,104.0,50.31111111111111,56.0,104.0,135,1.0,1.0,1.0,1.0,1.0,135,1.0,1.0,1.0,1.0,1.0,135,1.0,1.0,1.0,1.0,1.0,135,1.0,1.0,1.0,1.0,1.0,135,552.0,0.0,0.0,417.0,135.0,135.0,0.0,0.0,0.0,0.0,0.0,0.0,1.0,0.0,0.0,135.0,135.0,1.0,0.0,0.0,0.0,0.0,0.0,0.0,0.0,0.0,0.0,0.0,0.0,0.0,0.0,141.64968952536583
27,1620000000000,2.0,15.0,2.8917378917378915,2.0,8.0,351,2.0,10.0,5.555555555555555,6.0,9.0,351,14.0,22.0,18.444444444444443,18.0,21.0,351,2.0,6.0,2.4957264957264957,2.0,4.0,351,0.0,44.0,26.977443609022558,28.0,44.0,133,0.0,104.0,49.984962406015036,40.0,104.0,133,1.0,1.0,1.0,1.0,1.0,133,0.9999999999999998,1.0000000000000002,1.0,1.0,1.0000000000000002,133,1.0,1.0,1.0,1.0,1.0,133,0.9999999999999998,1.0000000000000002,1.0,1.0,1.0000000000000002,133,552.0,0.0,0.0,419.0,133.0,133.0,0.0,0.0,0.0,0.0,0.0,0.0,1.0,0.0,0.0,133.0,133.0,1.0,0.0,0.0,0.0,0.0,0.0,0.0,0.0,0.0,0.0,0.0,0.0,0.0,0.0,144.43095587193966
28,1680000000000,2.0,15.0,2.9173789173789175,2.0,8.0,351,2.0,10.0,5.592592592592593,5.0,9.0,351,14.0,22.0,18.40740740740741,19.0,21.0,351,2.0,7.0,2.5014245014245016,2.0,4.0,351,0.0,44.0,26.83582089552239,28.0,44.0,134,0.0,104.0,49.850746268656714,40.0,104.0,134,1.0,1.0,1.0,1.0,1.0,134,0.9999999999999999,1.0,1.0,1.0,1.0,134,1.0,1.0,1.0,1.0,1.0,134,0.9999999999999999,1.0,1.0,1.0,1.0,134,552.0,0.0,0.0,418.0,134.0,134.0,0.0,0.0,0.0,0.0,0.0,0.0,1.0,0.0,0.0,134.0,134.0,1.0,0.0,0.0,0.0,0.0,0.0,0.0,0.0,0.0,0.0,0.0,0.0,0.0,0.0,214.50061164796352
29,1740000000000,2.0,16.0,2.843304843304843,2.0,7.0,351,2.0,10.0,5.592592592592593,5.0,8.0,351,14.0,22.0,18.40740740740741,19.0,21.0,351,2.0,8.0,2.4957264957264957,2.0,4.0,351,0.0,44.0,26.04724409448819,28.0,44.0,127,0.0,104.0,47.496062992125985,40.0,104.0,127,1.0,1.0,1.0,1.0,1.0,127,0.9999999999999998,1.0000000000000002,1.0,1.0,1.0,127,1.0,1.0,1.0,1.0,1.0,127,0.9999999999999998,1.0000000000000002,1.0,1.0,1.0,127,552.0,0.0,0.0,425.0,127.0,127.0,0.0,0.0,0.0,0.0,0.0,0.0,1.0,0.0,0.0,127.0,127.0,1.0,0.0,0.0,0.0,0.0,0.0,0.0,0.0,0.0,0.0,0.0,0.0,0.0,0.0,134.4449669122696
30,1800000000000,2.0,15.0,2.843304843304843,2.0,7.5,351,1.0,10.0,5.481481481481482,5.0,8.0,351,14.0,23.0,18.51851851851852,19.0,22.0,351,2.0,7.0,2.492877492877493,2.0,4.0,351,0.0,44.0,26.18487394957983,28.0,44.0,119,0.0,104.0,47.865546218487395,40.0,104.0,119,1.0,1.0,1.0,1.0,1.0,119,0.9999999999999998,1.0000000000000002,1.0,1.0,1.0,119,1.0,1.0,1.0,1.0,1.0,119,0.9999999999999998,1.0000000000000002,1.0,1.0,1.0,119,552.0,0.0,0.0,433.0,119.0,119.0,0.0,0.0,0.0,0.0,0.0,0.0,1.0,0.0,0.0,119.0,119.0,1.0,0.0,0.0,0.0,0.0,0.0,0.0,0.0,0.0,0.0,0.0,0.0,0.0,0.0,122.0218613743782
31,1860000000000,2.0,15.0,2.903133903133903,2.0,9.0,351,1.0,9.0,5.555555555555555,6.0,8.0,351,15.0,23.0,18.444444444444443,18.0,22.0,351,2.0,7.0,2.4985754985754984,2.0,4.0,351,0.0,44.0,26.456692913385826,28.0,44.0,127,0.0,104.0,48.56692913385827,40.0,104.0,127,1.0,1.0,1.0,1.0,1.0,127,1.0,1.0000000000000002,1.0,1.0,1.0000000000000002,127,1.0,1.0,1.0,1.0,1.0,127,1.0,1.0000000000000002,1.0,1.0,1.0000000000000002,127,552.0,0.0,0.0,425.0,127.0,127.0,0.0,0.0,0.0,0.0,0.0,0.0,1.0,0.0,0.0,127.0,127.0,1.0,0.0,0.0,0.0,0.0,0.0,0.0,0.0,0.0,0.0,0.0,0.0,0.0,0.0,128.15632112324238
32,1920000000000,2.0,13.0,2.8746438746438745,2.0,8.0,351,2.0,8.0,5.555555555555555,6.0,8.0,351,16.0,22.0,18.444444444444443,18.0,22.0,351,2.0,7.0,2.4957264957264957,2.0,4.0,351,0.0,44.0,25.723577235772357,28.0,44.0,123,0.0,104.0,46.699186991869915,40.0,104.0,123,1.0,1.0,1.0,1.0,1.0,123,0.9999999999999999,1.0000000000000002,1.0,1.0,1.0,123,1.0,1.0,1.0,1.0,1.0,123,0.9999999999999999,1.0000000000000002,1.0,1.0,1.0,123,552.0,0.0,0.0,429.0,123.0,123.0,0.0,0.0,0.0,0.0,0.0,0.0,1.0,0.0,0.0,123.0,123.0,1.0,0.0,0.0,0.0,0.0,0.0,0.0,0.0,0.0,0.0,0.0,0.0,0.0,0.0,197.31448404490948
33,1980000000000,2.0,14.0,2.8632478632478633,2.0,8.0,351,2.0,9.0,5.518518518518518,6.0,8.0,351,15.0,22.0,18.48148148148148,18.0,21.0,351,2.0,7.0,2.49002849002849,2.0,4.0,351,0.0,44.0,26.75,30.0,44.0,128,0.0,104.0,48.5,48.0,104.0,128,1.0,1.0,1.0,1.0,1.0,128,0.9999999999999998,1.0000000000000002,1.0,1.0,1.0,128,1.0,1.0,1.0,1.0,1.0,128,0.9999999999999998,1.0000000000000002,1.0,1.0,1.0,128,552.0,0.0,0.0,424.0,128.0,128.0,0.0,0.0,0.0,0.0,0.0,0.0,1.0,0.0,0.0,128.0,128.0,1.0,0.0,0.0,0.0,0.0,0.0,0.0,0.0,0.0,0.0,0.0,0.0,0.0,0.0,120.31688913702965
34,2040000000000,2.0,14.0,2.908831908831909,2.0,9.0,351,2.0,9.0,5.703703703703703,6.0,9.0,351,15.0,22.0,18.296296296296298,18.0,21.0,351,2.0,7.0,2.5156695156695155,2.0,4.0,351,0.0,44.0,26.5,32.0,44.0,136,0.0,104.0,48.294117647058826,56.0,104.0,136,1.0,1.0,1.0,1.0,1.0,136,0.9999999999999998,1.0000000000000002,1.0,1.0,1.0000000000000002,136,1.0,1.0,1.0,1.0,1.0,136,0.9999999999999998,1.0000000000000002,1.0,1.0,1.0000000000000002,136,552.0,0.0,0.0,416.0,136.0,136.0,0.0,0.0,0.0,0.0,0.0,0.0,1.0,0.0,0.0,136.0,136.0,1.0,0.0,0.0,0.0,0.0,0.0,0.0,0.0,0.0,0.0,0.0,0.0,0.0,0.0,123.335812240839
35,2100000000000,2.0,15.0,2.8974358974358974,2.0,8.0,351,2.0,10.0,5.62962962962963,6.0,8.0,351,14.0,22.0,18.37037037037037,18.0,21.0,351,2.0,6.0,2.5014245014245016,2.0,4.0,351,0.0,44.0,26.362204724409448,28.0,44.0,127,0.0,104.0,48.188976377952756,40.0,104.0,127,1.0,1.0,1.0,1.0,1.0,127,0.9999999999999999,1.0,1.0,1.0,1.0,127,1.0,1.0,1.0,1.0,1.0,127,0.9999999999999999,1.0,1.0,1.0,1.0,127,552.0,0.0,0.0,425.0,127.0,127.0,0.0,0.0,0.0,0.0,0.0,0.0,1.0,0.0,0.0,127.0,127.0,1.0,0.0,0.0,0.0,0.0,0.0,0.0,0.0,0.0,0.0,0.0,0.0,0.0,0.0,126.03087350726128
36,2160000000000,2.0,15.0,2.9002849002849005,2.0,8.5,351,2.0,10.0,5.592592592592593,6.0,8.0,351,14.0,22.0,18.40740740740741,18.0,22.0,351,2.0,7.0,2.5014245014245016,2.0,4.0,351,0.0,44.0,26.25,28.0,44.0,128,0.0,104.0,48.75,40.0,104.0,128,1.0,1.0,1.0,1.0,1.0,128,0.9999999999999998,1.0000000000000002,1.0,1.0,1.0,128,1.0,1.0,1.0,1.0,1.0,128,0.9999999999999998,1.0000000000000002,1.0,1.0,1.0,128,552.0,0.0,0.0,424.0,128.0,128.0,0.0,0.0,0.0,0.0,0.0,0.0,1.0,0.0,0.0,128.0,128.0,1.0,0.0,0.0,0.0,0.0,0.0,0.0,0.0,0.0,0.0,0.0,0.0,0.0,0.0,126.20808184146881
37,2220000000000,2.0,15.0,2.8603988603988606,2.0,8.0,351,2.0,10.0,5.481481481481482,5.0,8.0,351,14.0,22.0,18.51851851851852,19.0,21.0,351,2.0,7.0,2.4871794871794872,2.0,4.0,351,0.0,44.0,26.06779661016949,28.0,44.0,118,0.0,104.0,46.91525423728814,40.0,104.0,118,1.0,1.0,1.0,1.0,1.0,118,0.9999999999999998,1.0000000000000002,1.0,1.0,1.0,118,1.0,1.0,1.0,1.0,1.0,118,0.9999999999999998,1.0000000000000002,1.0,1.0,1.0,118,552.0,0.0,0.0,434.0,118.0,118.0,0.0,0.0,0.0,0.0,0.0,0.0,1.0,0.0,0.0,118.0,118.0,1.0,0.0,0.0,0.0,0.0,0.0,0.0,0.0,0.0,0.0,0.0,0.0,0.0,0.0,176.85934342443943
38,2280000000000,2.0,15.0,2.8774928774928776,2.0,7.0,351,1.0,9.0,5.518518518518518,6.0,9.0,351,15.0,23.0,18.48148148148148,18.0,22.0,351,2.0,7.0,2.49002849002849,2.0,4.0,351,0.0,44.0,26.8099173553719,28.0,44.0,121,0.0,104.0,48.925619834710744,40.0,104.0,121,1.0,1.0,1.0,1.0,1.0,121,1.0,1.0000000000000002,1.0,1.0,1.0000000000000002,121,1.0,1.0,1.0,1.0,1.0,121,1.0,1.0000000000000002,1.0,1.0,1.0000000000000002,121,552.0,0.0,0.0,431.0,121.0,121.0,0.0,0.0,0.0,0.0,0.0,0.0,1.0,0.0,0.0,121.0,121.0,1.0,0.0,0.0,0.0,0.0,0.0,0.0,0.0,0.0,0.0,0.0,0.0,0.0,0.0,131.91355019807816
39,2340000000000,2.0,15.0,2.871794871794872,2.0,8.0,351,1.0,9.0,5.481481481481482,5.0,8.0,351,15.0,23.0,18.51851851851852,19.0,22.0,351,2.0,7.0,2.49002849002849,2.0,4.0,351,0.0,44.0,25.880597014925375,28.0,44.0,134,0.0,104.0,47.1044776119403,40.0,104.0,134,1.0,1.0,1.0,1.0,1.0,134,0.9999999999999998,1.0,1.0,1.0,1.0,134,1.0,1.0,1.0,1.0,1.0,134,0.9999999999999998,1.0,1.0,1.0,1.0,134,552.0,0.0,0.0,418.0,134.0,134.0,0.0,0.0,0.0,0.0,0.0,0.0,1.0,0.0,0.0,134.0,134.0,1.0,0.0,0.0,0.0,0.0,0.0,0.0,0.0,0.0,0.0,0.0,0.0,0.0,0.0,133.12455266714096
40,2400000000000,2.0,15.0,2.886039886039886,2.0,8.0,351,2.0,9.0,5.481481481481482,5.0,8.0,351,15.0,22.0,18.51851851851852,19.0,22.0,351,2.0,7.0,2.4871794871794872,2.0,4.0,351,0.0,44.0,25.903225806451612,28.0,44.0,124,0.0,104.0,47.29032258064516,40.0,104.0,124,1.0,1.0,1.0,1.0,1.0,124,0.9999999999999998,1.0000000000000002,1.0,1.0,1.0,124,1.0,1.0,1.0,1.0,1.0,124,0.9999999999999998,1.0000000000000002,1.0,1.0,1.0,124,552.0,0.0,0.0,428.0,124.0,124.0,0.0,0.0,0.0,0.0,0.0,0.0,1.0,0.0,0.0,124.0,124.0,1.0,0.0,0.0,0.0,0.0,0.0,0.0,0.0,0.0,0.0,0.0,0.0,0.0,0.0,121.05005979537964
41,2460000000000,2.0,14.0,2.8974358974358974,2.0,8.0,351,2.0,9.0,5.555555555555555,6.0,8.0,351,15.0,22.0,18.444444444444443,18.0,22.0,351,2.0,7.0,2.4957264957264957,2.0,4.0,351,0.0,44.0,26.24390243902439,32.0,44.0,123,0.0,104.0,48.19512195121951,56.0,104.0,123,1.0,1.0,1.0,1.0,1.0,123,0.9999999999999999,1.0000000000000002,1.0,1.0,1.0,123,1.0,1.0,1.0,1.0,1.0,123,0.9999999999999999,1.0000000000000002,1.0,1.0,1.0,123,552.0,0.0,0.0,429.0,123.0,123.0,0.0,0.0,0.0,0.0,0.0,0.0,1.0,0.0,0.0,123.0,123.0,1.0,0.0,0.0,0.0,0.0,0.0,0.0,0.0,0.0,0.0,0.0,0.0,0.0,0.0,227.7495078742504
42,2520000000000,2.0,13.0,2.8518518518518516,2.0,7.5,351,2.0,8.0,5.444444444444445,6.0,8.0,351,16.0,22.0,18.555555555555557,18.0,22.0,351,2.0,6.0,2.4871794871794872,2.0,4.0,351,0.0,44.0,26.655172413793103,32.0,44.0,116,0.0,104.0,48.89655172413793,56.0,104.0,116,1.0,1.0,1.0,1.0,1.0,116,0.9999999999999998,1.0,1.0,1.0,1.0,116,1.0,1.0,1.0,1.0,1.0,116,0.9999999999999998,1.0,1.0,1.0,1.0,116,552.0,0.0,0.0,436.0,116.0,116.0,0.0,0.0,0.0,0.0,0.0,0.0,1.0,0.0,0.0,116.0,116.0,1.0,0.0,0.0,0.0,0.0,0.0,0.0,0.0,0.0,0.0,0.0,0.0,0.0,0.0,127.2253729403019
43,2580000000000,2.0,15.0,2.8518518518518516,2.0,7.0,351,2.0,9.0,5.62962962962963,6.0,8.0,351,15.0,22.0,18.37037037037037,18.0,22.0,351,2.0,7.0,2.4957264957264957,2.0,4.0,351,0.0,44.0,26.633333333333333,28.0,44.0,120,0.0,104.0,48.333333333333336,40.0,104.0,120,1.0,1.0,1.0,1.0,1.0,120,0.9999999999999998,1.0000000000000002,1.0,1.0,1.0000000000000002,120,1.0,1.0,1.0,1.0,1.0,120,0.9999999999999998,1.0000000000000002,1.0,1.0,1.0000000000000002,120,552.0,0.0,0.0,432.0,120.0,120.0,0.0,0.0,0.0,0.0,0.0,0.0,1.0,0.0,0.0,120.0,120.0,1.0,0.0,0.0,0.0,0.0,0.0,0.0,0.0,0.0,0.0,0.0,0.0,0.0,0.0,131.00866228342056
44,2640000000000,2.0,14.0,2.8603988603988606,2.0,7.0,351,2.0,9.0,5.592592592592593,6.0,8.0,351,15.0,22.0,18.40740740740741,18.0,22.0,351,2.0,7.0,2.4957264957264957,2.0,4.0,351,0.0,44.0,26.06451612903226,28.0,44.0,124,0.0,104.0,47.935483870967744,40.0,104.0,124,1.0,1.0,1.0,1.0,1.0,124,0.9999999999999998,1.0000000000000002,1.0,1.0,1.0000000000000002,124,1.0,1.0,1.0,1.0,1.0,124,0.9999999999999998,1.0000000000000002,1.0,1.0,1.0000000000000002,124,552.0,0.0,0.0,428.0,124.0,124.0,0.0,0.0,0.0,0.0,0.0,0.0,1.0,0.0,0.0,124.0,124.0,1.0,0.0,0.0,0.0,0.0,0.0,0.0,0.0,0.0,0.0,0.0,0.0,0.0,0.0,132.57051073014736
45,2700000000000,2.0,13.0,2.908831908831909,2.0,9.0,351,1.0,9.0,5.62962962962963,6.0,8.0,351,15.0,23.0,18.37037037037037,18.0,22.0,351,2.0,7.0,2.5042735042735043,2.0,4.0,351,0.0,44.0,26.612903225806452,28.0,44.0,124,0.0,104.0,48.38709677419355,40.0,104.0,124,1.0,1.0,1.0,1.0,1.0,124,0.9999999999999999,1.0000000000000002,1.0,1.0,1.0,124,1.0,1.0,1.0,1.0,1.0,124,0.9999999999999999,1.0000000000000002,1.0,1.0,1.0,124,552.0,0.0,0.0,428.0,124.0,124.0,0.0,0.0,0.0,0.0,0.0,0.0,1.0,0.0,0.0,124.0,124.0,1.0,0.0,0.0,0.0,0.0,0.0,0.0,0.0,0.0,0.0,0.0,0.0,0.0,0.0,227.19684056937695
46,2760000000000,2.0,13.0,2.8917378917378915,2.0,7.5,351,2.0,9.0,5.518518518518518,5.0,8.0,351,15.0,22.0,18.48148148148148,19.0,22.0,351,2.0,7.0,2.4985754985754984,2.0,4.0,351,0.0,44.0,25.1,28.0,44.0,120,0.0,104.0,44.0,40.0,104.0,120,1.0,1.0,1.0,1.0,1.0,120,0.9999999999999999,1.0000000000000002,1.0,1.0,1.0,120,1.0,1.0,1.0,1.0,1.0,120,0.9999999999999999,1.0000000000000002,1.0,1.0,1.0,120,552.0,0.0,0.0,432.0,120.0,120.0,0.0,0.0,0.0,0.0,0.0,0.0,1.0,0.0,0.0,120.0,120.0,1.0,0.0,0.0,0.0,0.0,0.0,0.0,0.0,0.0,0.0,0.0,0.0,0.0,0.0,142.07181707024574
47,2820000000000,2.0,15.0,2.9145299145299144,2.0,8.0,351,2.0,9.0,5.666666666666667,6.0,8.0,351,15.0,22.0,18.333333333333332,18.0,22.0,351,2.0,7.0,2.5014245014245016,2.0,4.0,351,0.0,44.0,25.73643410852713,28.0,44.0,129,0.0,104.0,46.01550387596899,40.0,104.0,129,1.0,1.0,1.0,1.0,1.0,129,1.0,1.0000000000000002,1.0,1.0,1.0,129,1.0,1.0,1.0,1.0,1.0,129,1.0,1.0000000000000002,1.0,1.0,1.0,129,552.0,0.0,0.0,423.0,129.0,129.0,0.0,0.0,0.0,0.0,0.0,0.0,1.0,0.0,0.0,129.0,129.0,1.0,0.0,0.0,0.0,0.0,0.0,0.0,0.0,0.0,0.0,0.0,0.0,0.0,0.0,141.26073569059372
48,2880000000000,2.0,15.0,2.905982905982906,2.0,8.0,351,2.0,9.0,5.555555555555555,5.0,8.0,351,15.0,22.0,18.444444444444443,19.0,22.0,351,2.0,7.0,2.492877492877493,2.0,4.0,351,0.0,44.0,26.356589147286822,32.0,44.0,129,0.0,104.0,48.49612403100775,56.0,104.0,129,1.0,1.0,1.0,1.0,1.0,129,1.0,1.0000000000000002,1.0,1.0,1.0,129,1.0,1.0,1.0,1.0,1.0,129,1.0,1.0000000000000002,1.0,1.0,1.0,129,552.0,0.0,0.0,423.0,129.0,129.0,0.0,0.0,0.0,0.0,0.0,0.0,1.0,0.0,0.0,129.0,129.0,1.0,0.0,0.0,0.0,0.0,0.0,0.0,0.0,0.0,0.0,0.0,0.0,0.0,0.0,138.54925148189068
49,2940000000000,2.0,14.0,2.8917378917378915,2.0,8.0,351,2.0,9.0,5.592592592592593,6.0,8.0,351,15.0,22.0,18.40740740740741,18.0,22.0,351,2.0,7.0,2.5014245014245016,2.0,4.0,351,0.0,44.0,26.6218487394958,32.0,44.0,119,0.0,104.0,49.00840336134454,56.0,104.0,119,1.0,1.0,1.0,1.0,1.0,119,0.9999999999999998,1.0000000000000002,1.0,1.0,1.0,119,1.0,1.0,1.0,1.0,1.0,119,0.9999999999999998,1.0000000000000002,1.0,1.0,1.0,119,552.0,0.0,0.0,433.0,119.0,119.0,0.0,0.0,0.0,0.0,0.0,0.0,1.0,0.0,0.0,119.0,119.0,1.0,0.0,0.0,0.0,0.0,0.0,0.0,0.0,0.0,0.0,0.0,0.0,0.0,0.0,129.81306202709675
50,3000000000000,2.0,14.0,2.888888888888889,2.0,8.0,351,1.0,9.0,5.592592592592593,6.0,9.0,351,15.0,23.0,18.40740740740741,18.0,22.0,351,2.0,7.0,2.507122507122507,2.0,4.0,351,0.0,44.0,26.295652173913044,28.0,44.0,115,0.0,104.0,48.208695652173915,40.0,104.0,115,1.0,1.0,1.0,1.0,1.0,115,0.9999999999999998,1.0000000000000002,1.0,1.0,1.0,115,1.0,1.0,1.0,1.0,1.0,115,0.9999999999999998,1.0000000000000002,1.0,1.0,1.0,115,552.0,0.0,0.0,437.0,115.0,115.0,0.0,0.0,0.0,0.0,0.0,0.0,1.0,0.0,0.0,115.0,115.0,1.0,0.0,0.0,0.0,0.0,0.0,0.0,0.0,0.0,0.0,0.0,0.0,0.0,0.0,188.1069503724575
51,3060000000000,2.0,14.0,2.8603988603988606,2.0,7.0,351,1.0,9.0,5.555555555555555,6.0,8.0,351,15.0,23.0,18.444444444444443,18.0,21.0,351,2.0,7.0,2.49002849002849,2.0,4.0,351,0.0,44.0,26.071428571428573,28.0,44.0,112,0.0,104.0,47.714285714285715,40.0,104.0,112,1.0,1.0,1.0,1.0,1.0,112,0.9999999999999998,1.0000000000000002,1.0,1.0,1.0000000000000002,112,1.0,1.0,1.0,1.0,1.0,112,0.9999999999999998,1.0000000000000002,1.0,1.0,1.0000000000000002,112,552.0,0.0,0.0,440.0,112.0,112.0,0.0,0.0,0.0,0.0,0.0,0.0,1.0,0.0,0.0,112.0,112.0,1.0,0.0,0.0,0.0,0.0,0.0,0.0,0.0,0.0,0.0,0.0,0.0,0.0,0.0,124.4739294052124
52,3120000000000,2.0,14.0,2.8547008547008548,2.0,7.0,351,1.0,9.0,5.703703703703703,6.0,8.0,351,15.0,23.0,18.296296296296298,18.0,21.0,351,2.0,7.0,2.50997150997151,2.0,4.0,351,0.0,44.0,26.440677966101696,28.0,44.0,118,0.0,104.0,49.016949152542374,40.0,104.0,118,1.0,1.0,1.0,1.0,1.0,118,0.9999999999999999,1.0000000000000002,1.0,1.0,1.0,118,1.0,1.0,1.0,1.0,1.0,118,0.9999999999999999,1.0000000000000002,1.0,1.0,1.0,118,552.0,0.0,0.0,434.0,118.0,118.0,0.0,0.0,0.0,0.0,0.0,0.0,1.0,0.0,0.0,118.0,118.0,1.0,0.0,0.0,0.0,0.0,0.0,0.0,0.0,0.0,0.0,0.0,0.0,0.0,0.0,122.29281291365623
53,3180000000000,2.0,14.0,2.9316239316239314,2.0,9.0,351,1.0,10.0,5.62962962962963,5.0,8.0,351,14.0,23.0,18.37037037037037,19.0,21.0,351,2.0,7.0,2.4985754985754984,2.0,4.0,351,0.0,44.0,26.53125,28.0,44.0,128,0.0,104.0,47.625,40.0,104.0,128,1.0,1.0,1.0,1.0,1.0,128,0.9999999999999998,1.0000000000000002,1.0,1.0,1.0,128,1.0,1.0,1.0,1.0,1.0,128,0.9999999999999998,1.0000000000000002,1.0,1.0,1.0,128,552.0,0.0,0.0,424.0,128.0,128.0,0.0,0.0,0.0,0.0,0.0,0.0,1.0,0.0,0.0,128.0,128.0,1.0,0.0,0.0,0.0,0.0,0.0,0.0,0.0,0.0,0.0,0.0,0.0,0.0,0.0,118.68434213101864
54,3240000000000,2.0,14.0,2.925925925925926,2.0,9.0,351,1.0,10.0,5.703703703703703,6.0,8.0,351,14.0,23.0,18.296296296296298,18.0,22.0,351,2.0,7.0,2.507122507122507,2.0,4.0,351,0.0,44.0,26.071942446043167,28.0,44.0,139,0.0,104.0,46.79136690647482,40.0,104.0,139,1.0,1.0,1.0,1.0,1.0,139,0.9999999999999997,1.0000000000000002,1.0,1.0,1.0,139,1.0,1.0,1.0,1.0,1.0,139,0.9999999999999997,1.0000000000000002,1.0,1.0,1.0,139,552.0,0.0,0.0,413.0,139.0,139.0,0.0,0.0,0.0,0.0,0.0,0.0,1.0,0.0,0.0,139.0,139.0,1.0,0.0,0.0,0.0,0.0,0.0,0.0,0.0,0.0,0.0,0.0,0.0,0.0,0.0,172.26683534681797
55,3300000000000,2.0,13.0,2.8917378917378915,2.0,8.0,351,1.0,10.0,5.555555555555555,5.0,8.0,351,14.0,23.0,18.444444444444443,19.0,22.0,351,2.0,6.0,2.5014245014245016,2.0,4.0,351,0.0,44.0,26.496,28.0,44.0,125,0.0,104.0,47.808,40.0,104.0,125,1.0,1.0,1.0,1.0,1.0,125,0.9999999999999998,1.0000000000000002,1.0,1.0,1.0,125,1.0,1.0,1.0,1.0,1.0,125,0.9999999999999998,1.0000000000000002,1.0,1.0,1.0,125,552.0,0.0,0.0,427.0,125.0,125.0,0.0,0.0,0.0,0.0,0.0,0.0,1.0,0.0,0.0,125.0,125.0,1.0,0.0,0.0,0.0,0.0,0.0,0.0,0.0,0.0,0.0,0.0,0.0,0.0,0.0,131.25011324882507
56,3360000000000,2.0,15.0,2.888888888888889,2.0,8.5,351,1.0,9.0,5.592592592592593,6.0,8.0,351,15.0,23.0,18.40740740740741,18.0,21.0,351,2.0,7.0,2.4957264957264957,2.0,4.0,351,0.0,44.0,25.95275590551181,28.0,44.0,127,0.0,104.0,47.68503937007874,40.0,104.0,127,1.0,1.0,1.0,1.0,1.0,127,0.9999999999999999,1.0,1.0,1.0,1.0,127,1.0,1.0,1.0,1.0,1.0,127,0.9999999999999999,1.0,1.0,1.0,1.0,127,552.0,0.0,0.0,425.0,127.0,127.0,0.0,0.0,0.0,0.0,0.0,0.0,1.0,0.0,0.0,127.0,127.0,1.0,0.0,0.0,0.0,0.0,0.0,0.0,0.0,0.0,0.0,0.0,0.0,0.0,0.0,136.00073009729385
57,3420000000000,2.0,14.0,2.8461538461538463,2.0,7.5,351,1.0,9.0,5.444444444444445,5.0,9.0,351,15.0,23.0,18.555555555555557,19.0,22.0,351,2.0,7.0,2.4814814814814814,2.0,4.0,351,0.0,44.0,25.661016949152543,28.0,44.0,118,0.0,104.0,47.11864406779661,40.0,104.0,118,1.0,1.0,1.0,1.0,1.0,118,0.9999999999999999,1.0000000000000002,1.0,1.0,1.0000000000000002,118,1.0,1.0,1.0,1.0,1.0,118,0.9999999999999999,1.0000000000000002,1.0,1.0,1.0000000000000002,118,552.0,0.0,0.0,434.0,118.0,118.0,0.0,0.0,0.0,0.0,0.0,0.0,1.0,0.0,0.0,118.0,118.0,1.0,0.0,0.0,0.0,0.0,0.0,0.0,0.0,0.0,0.0,0.0,0.0,0.0,0.0,140.23471623659134
58,3480000000000,2.0,14.0,2.849002849002849,2.0,8.0,351,1.0,9.0,5.407407407407407,6.0,8.0,351,15.0,23.0,18.59259259259259,18.0,22.0,351,2.0,7.0,2.49002849002849,2.0,4.0,351,0.0,44.0,26.700854700854702,32.0,44.0,117,0.0,104.0,49.572649572649574,56.0,104.0,117,1.0,1.0,1.0,1.0,1.0,117,0.9999999999999998,1.0000000000000002,1.0,1.0,1.0,117,1.0,1.0,1.0,1.0,1.0,117,0.9999999999999998,1.0000000000000002,1.0,1.0,1.0,117,552.0,0.0,0.0,435.0,117.0,117.0,0.0,0.0,0.0,0.0,0.0,0.0,1.0,0.0,0.0,117.0,117.0,1.0,0.0,0.0,0.0,0.0,0.0,0.0,0.0,0.0,0.0,0.0,0.0,0.0,0.0,145.5240733921528
59,3540000000000,2.0,15.0,2.8404558404558404,2.0,7.5,351,1.0,10.0,5.518518518518518,6.0,8.0,351,14.0,23.0,18.48148148148148,18.0,21.0,351,2.0,6.0,2.492877492877493,2.0,4.0,351,0.0,44.0,25.785714285714285,28.0,44.0,112,0.0,104.0,47.857142857142854,40.0,104.0,112,1.0,1.0,1.0,1.0,1.0,112,0.9999999999999998,1.0000000000000002,1.0,1.0,1.0,112,1.0,1.0,1.0,1.0,1.0,112,0.9999999999999998,1.0000000000000002,1.0,1.0,1.0,112,552.0,0.0,0.0,440.0,112.0,112.0,0.0,0.0,0.0,0.0,0.0,0.0,1.0,0.0,0.0,112.0,112.0,1.0,0.0,0.0,0.0,0.0,0.0,0.0,0.0,0.0,0.0,0.0,0.0,0.0,0.0,222.7104026824236
60,3600000000000,2.0,14.0,2.8290598290598292,2.0,7.0,351,1.0,10.0,5.444444444444445,6.0,8.0,351,14.0,23.0,18.555555555555557,18.0,21.0,351,2.0,8.0,2.4871794871794872,2.0,4.0,351,0.0,44.0,26.38532110091743,28.0,44.0,109,0.0,104.0,48.73394495412844,40.0,104.0,109,1.0,1.0,1.0,1.0,1.0,109,0.9999999999999998,1.0000000000000002,1.0,1.0,1.0,109,1.0,1.0,1.0,1.0,1.0,109,0.9999999999999998,1.0000000000000002,1.0,1.0,1.0,109,552.0,0.0,0.0,443.0,109.0,109.0,0.0,0.0,0.0,0.0,0.0,0.0,1.0,0.0,0.0,109.0,109.0,1.0,0.0,0.0,0.0,0.0,0.0,0.0,0.0,0.0,0.0,0.0,0.0,0.0,0.0,144.1566925495863
61,3660000000000,2.0,14.0,2.8974358974358974,2.0,7.5,351,1.0,10.0,5.592592592592593,6.0,8.0,351,14.0,23.0,18.40740740740741,18.0,21.0,351,2.0,7.0,2.4957264957264957,2.0,4.0,351,0.0,44.0,26.612903225806452,28.0,44.0,124,0.0,104.0,48.38709677419355,40.0,104.0,124,1.0,1.0,1.0,1.0,1.0,124,0.9999999999999998,1.0000000000000002,1.0,1.0,1.0,124,1.0,1.0,1.0,1.0,1.0,124,0.9999999999999998,1.0000000000000002,1.0,1.0,1.0,124,552.0,0.0,0.0,428.0,124.0,124.0,0.0,0.0,0.0,0.0,0.0,0.0,1.0,0.0,0.0,124.0,124.0,1.0,0.0,0.0,0.0,0.0,0.0,0.0,0.0,0.0,0.0,0.0,0.0,0.0,0.0,136.5712732076645
62,3720000000000,2.0,15.0,2.923076923076923,2.0,9.5,351,1.0,10.0,5.592592592592593,6.0,7.0,351,14.0,23.0,18.40740740740741,18.0,21.0,351,2.0,7.0,2.4957264957264957,2.0,4.0,351,0.0,44.0,26.281690140845072,32.0,44.0,142,0.0,104.0,48.33802816901409,56.0,104.0,142,1.0,1.0,1.0,1.0,1.0,142,0.9999999999999998,1.0000000000000002,1.0,1.0,1.0,142,1.0,1.0,1.0,1.0,1.0,142,0.9999999999999998,1.0000000000000002,1.0,1.0,1.0,142,552.0,0.0,0.0,410.0,142.0,142.0,0.0,0.0,0.0,0.0,0.0,0.0,1.0,0.0,0.0,142.0,142.0,1.0,0.0,0.0,0.0,0.0,0.0,0.0,0.0,0.0,0.0,0.0,0.0,0.0,0.0,137.75390945374966
63,3780000000000,2.0,15.0,2.8945868945868947,2.0,8.0,351,1.0,10.0,5.592592592592593,6.0,8.0,351,14.0,23.0,18.40740740740741,18.0,21.0,351,2.0,6.0,2.4985754985754984,2.0,4.0,351,0.0,44.0,25.88976377952756,28.0,44.0,127,0.0,104.0,47.43307086614173,40.0,104.0,127,1.0,1.0,1.0,1.0,1.0,127,1.0,1.0000000000000002,1.0,1.0,1.0,127,1.0,1.0,1.0,1.0,1.0,127,1.0,1.0000000000000002,1.0,1.0,1.0,127,552.0,0.0,0.0,425.0,127.0,127.0,0.0,0.0,0.0,0.0,0.0,0.0,1.0,0.0,0.0,127.0,127.0,1.0,0.0,0.0,0.0,0.0,0.0,0.0,0.0,0.0,0.0,0.0,0.0,0.0,0.0,219.55789625644684
64,3840000000000,2.0,15.0,2.8803418803418803,2.0,8.0,351,1.0,10.0,5.481481481481482,5.0,8.0,351,14.0,23.0,18.51851851851852,19.0,21.0,351,2.0,6.0,2.4871794871794872,2.0,4.0,351,0.0,44.0,26.444444444444443,28.0,44.0,126,0.0,104.0,48.63492063492063,40.0,104.0,126,1.0,1.0,1.0,1.0,1.0,126,0.9999999999999998,1.0000000000000002,1.0,1.0,1.0,126,1.0,1.0,1.0,1.0,1.0,126,0.9999999999999998,1.0000000000000002,1.0,1.0,1.0,126,552.0,0.0,0.0,426.0,126.0,126.0,0.0,0.0,0.0,0.0,0.0,0.0,1.0,0.0,0.0,126.0,126.0,1.0,0.0,0.0,0.0,0.0,0.0,0.0,0.0,0.0,0.0,0.0,0.0,0.0,0.0,142.37596094608307
65,3900000000000,2.0,14.0,2.8404558404558404,2.0,8.0,351,1.0,9.0,5.333333333333333,6.0,8.0,351,15.0,23.0,18.666666666666668,18.0,21.0,351,2.0,6.0,2.4615384615384617,2.0,4.0,351,0.0,44.0,26.0,28.0,44.0,118,0.0,104.0,48.47457627118644,40.0,104.0,118,1.0,1.0,1.0,1.0,1.0,118,0.9999999999999999,1.0000000000000002,1.0,1.0,1.0000000000000002,118,1.0,1.0,1.0,1.0,1.0,118,0.9999999999999999,1.0000000000000002,1.0,1.0,1.0000000000000002,118,552.0,0.0,0.0,434.0,118.0,118.0,0.0,0.0,0.0,0.0,0.0,0.0,1.0,0.0,0.0,118.0,118.0,1.0,0.0,0.0,0.0,0.0,0.0,0.0,0.0,0.0,0.0,0.0,0.0,0.0,0.0,134.6941627562046
66,3960000000000,2.0,15.0,2.8461538461538463,2.0,7.0,351,1.0,10.0,5.444444444444445,5.0,8.0,351,14.0,23.0,18.555555555555557,19.0,21.0,351,2.0,7.0,2.49002849002849,2.0,4.0,351,0.0,44.0,26.276422764227643,28.0,44.0,123,0.0,104.0,48.91056910569106,40.0,104.0,123,1.0,1.0,1.0,1.0,1.0,123,0.9999999999999998,1.0,1.0,1.0,1.0,123,1.0,1.0,1.0,1.0,1.0,123,0.9999999999999998,1.0,1.0,1.0,1.0,123,552.0,0.0,0.0,429.0,123.0,123.0,0.0,0.0,0.0,0.0,0.0,0.0,1.0,0.0,0.0,123.0,123.0,1.0,0.0,0.0,0.0,0.0,0.0,0.0,0.0,0.0,0.0,0.0,0.0,0.0,0.0,139.60137777030468
67,4020000000000,2.0,15.0,2.8774928774928776,2.0,7.5,351,1.0,10.0,5.481481481481482,6.0,9.0,351,14.0,23.0,18.51851851851852,18.0,21.0,351,2.0,6.0,2.492877492877493,2.0,4.0,351,0.0,44.0,26.5982905982906,28.0,44.0,117,0.0,104.0,48.547008547008545,40.0,104.0,117,1.0,1.0,1.0,1.0,1.0,117,0.9999999999999998,1.0000000000000002,1.0,1.0,1.0,117,1.0,1.0,1.0,1.0,1.0,117,0.9999999999999998,1.0000000000000002,1.0,1.0,1.0,117,552.0,0.0,0.0,435.0,117.0,117.0,0.0,0.0,0.0,0.0,0.0,0.0,1.0,0.0,0.0,117.0,117.0,1.0,0.0,0.0,0.0,0.0,0.0,0.0,0.0,0.0,0.0,0.0,0.0,0.0,0.0,219.0505787730217
68,4080000000000,2.0,15.0,2.883190883190883,2.0,8.0,351,1.0,10.0,5.481481481481482,6.0,9.0,351,14.0,23.0,18.51851851851852,18.0,21.0,351,2.0,8.0,2.4957264957264957,2.0,4.0,351,0.0,44.0,26.71186440677966,28.0,44.0,118,0.0,104.0,48.88135593220339,40.0,104.0,118,1.0,1.0,1.0,1.0,1.0,118,0.9999999999999998,1.0000000000000002,1.0,1.0,1.0,118,1.0,1.0,1.0,1.0,1.0,118,0.9999999999999998,1.0000000000000002,1.0,1.0,1.0,118,552.0,0.0,0.0,434.0,118.0,118.0,0.0,0.0,0.0,0.0,0.0,0.0,1.0,0.0,0.0,118.0,118.0,1.0,0.0,0.0,0.0,0.0,0.0,0.0,0.0,0.0,0.0,0.0,0.0,0.0,0.0,133.07609595358372
69,4140000000000,2.0,14.0,2.8603988603988606,2.0,7.0,351,1.0,10.0,5.518518518518518,6.0,8.0,351,14.0,23.0,18.48148148148148,18.0,21.0,351,2.0,7.0,2.492877492877493,2.0,4.0,351,0.0,44.0,27.007751937984494,32.0,44.0,129,0.0,104.0,49.98449612403101,56.0,104.0,129,1.0,1.0,1.0,1.0,1.0,129,0.9999999999999998,1.0000000000000002,1.0,1.0,1.0,129,1.0,1.0,1.0,1.0,1.0,129,0.9999999999999998,1.0000000000000002,1.0,1.0,1.0,129,552.0,0.0,0.0,423.0,129.0,129.0,0.0,0.0,0.0,0.0,0.0,0.0,1.0,0.0,0.0,129.0,129.0,1.0,0.0,0.0,0.0,0.0,0.0,0.0,0.0,0.0,0.0,0.0,0.0,0.0,0.0,116.88176169991493
70,4200000000000,2.0,15.0,2.8917378917378915,2.0,7.5,351,1.0,10.0,5.555555555555555,6.0,8.0,351,14.0,23.0,18.444444444444443,18.0,21.0,351,2.0,7.0,2.492877492877493,2.0,4.0,351,0.0,44.0,27.194244604316548,32.0,44.0,139,0.0,104.0,50.24460431654676,56.0,104.0,139,1.0,1.0,1.0,1.0,1.0,139,0.9999999999999998,1.0000000000000002,1.0,1.0,1.0,139,1.0,1.0,1.0,1.0,1.0,139,0.9999999999999998,1.0000000000000002,1.0,1.0,1.0,139,552.0,0.0,0.0,413.0,139.0,139.0,0.0,0.0,0.0,0.0,0.0,0.0,1.0,0.0,0.0,139.0,139.0,1.0,0.0,0.0,0.0,0.0,0.0,0.0,0.0,0.0,0.0,0.0,0.0,0.0,0.0,124.5274767279625
71,4260000000000,2.0,15.0,2.8575498575498575,2.0,7.5,351,2.0,10.0,5.444444444444445,5.0,9.0,351,14.0,22.0,18.555555555555557,19.0,21.0,351,2.0,6.0,2.4843304843304845,2.0,4.0,351,0.0,44.0,26.305084745762713,28.0,44.0,118,0.0,104.0,48.47457627118644,40.0,104.0,118,1.0,1.0,1.0,1.0,1.0,118,1.0,1.0000000000000002,1.0,1.0,1.0,118,1.0,1.0,1.0,1.0,1.0,118,1.0,1.0000000000000002,1.0,1.0,1.0,118,552.0,0.0,0.0,434.0,118.0,118.0,0.0,0.0,0.0,0.0,0.0,0.0,1.0,0.0,0.0,118.0,118.0,1.0,0.0,0.0,0.0,0.0,0.0,0.0,0.0,0.0,0.0,0.0,0.0,0.0,0.0,124.02094341814518
72,4320000000000,2.0,15.0,2.9002849002849005,2.0,8.0,351,1.0,10.0,5.62962962962963,6.0,8.0,351,14.0,23.0,18.37037037037037,18.0,21.0,351,2.0,6.0,2.4985754985754984,2.0,4.0,351,0.0,44.0,26.43076923076923,32.0,44.0,130,0.0,104.0,49.23076923076923,56.0,104.0,130,1.0,1.0,1.0,1.0,1.0,130,0.9999999999999998,1.0000000000000002,1.0,1.0,1.0000000000000002,130,1.0,1.0,1.0,1.0,1.0,130,0.9999999999999998,1.0000000000000002,1.0,1.0,1.0000000000000002,130,552.0,0.0,0.0,422.0,130.0,130.0,0.0,0.0,0.0,0.0,0.0,0.0,1.0,0.0,0.0,130.0,130.0,1.0,0.0,0.0,0.0,0.0,0.0,0.0,0.0,0.0,0.0,0.0,0.0,0.0,0.0,184.41962450742722
73,4380000000000,2.0,15.0,2.886039886039886,2.0,8.0,351,1.0,10.0,5.62962962962963,6.0,9.0,351,14.0,23.0,18.37037037037037,18.0,21.0,351,2.0,6.0,2.4957264957264957,2.0,4.0,351,0.0,44.0,25.856,28.0,44.0,125,0.0,104.0,47.552,40.0,104.0,125,1.0,1.0,1.0,1.0,1.0,125,1.0,1.0000000000000002,1.0,1.0,1.0,125,1.0,1.0,1.0,1.0,1.0,125,1.0,1.0000000000000002,1.0,1.0,1.0,125,552.0,0.0,0.0,427.0,125.0,125.0,0.0,0.0,0.0,0.0,0.0,0.0,1.0,0.0,0.0,125.0,125.0,1.0,0.0,0.0,0.0,0.0,0.0,0.0,0.0,0.0,0.0,0.0,0.0,0.0,0.0,141.7582593858242
74,4440000000000,2.0,16.0,2.8945868945868947,2.0,8.0,351,1.0,10.0,5.703703703703703,5.0,9.0,351,14.0,23.0,18.296296296296298,19.0,21.0,351,2.0,8.0,2.5128205128205128,2.0,4.0,351,0.0,44.0,25.924812030075188,28.0,44.0,133,0.0,104.0,47.93984962406015,40.0,104.0,133,1.0,1.0,1.0,1.0,1.0,133,0.9999999999999998,1.0000000000000002,1.0,1.0,1.0,133,1.0,1.0,1.0,1.0,1.0,133,0.9999999999999998,1.0000000000000002,1.0,1.0,1.0,133,552.0,0.0,0.0,419.0,133.0,133.0,0.0,0.0,0.0,0.0,0.0,0.0,1.0,0.0,0.0,133.0,133.0,1.0,0.0,0.0,0.0,0.0,0.0,0.0,0.0,0.0,0.0,0.0,0.0,0.0,0.0,157.42744505405426
75,4500000000000,2.0,15.0,2.9145299145299144,2.0,7.5,351,1.0,10.0,5.555555555555555,5.0,9.0,351,14.0,23.0,18.444444444444443,19.0,21.0,351,2.0,7.0,2.4985754985754984,2.0,4.0,351,0.0,44.0,27.5,30.0,44.0,128,0.0,104.0,50.375,48.0,104.0,128,1.0,1.0,1.0,1.0,1.0,128,0.9999999999999998,1.0000000000000002,1.0,1.0,1.0000000000000002,128,1.0,1.0,1.0,1.0,1.0,128,0.9999999999999998,1.0000000000000002,1.0,1.0,1.0000000000000002,128,552.0,0.0,0.0,424.0,128.0,128.0,0.0,0.0,0.0,0.0,0.0,0.0,1.0,0.0,0.0,128.0,128.0,1.0,0.0,0.0,0.0,0.0,0.0,0.0,0.0,0.0,0.0,0.0,0.0,0.0,0.0,144.54004168510437
76,4560000000000,2.0,15.0,2.886039886039886,2.0,8.0,351,1.0,10.0,5.444444444444445,5.0,8.0,351,14.0,23.0,18.555555555555557,19.0,21.0,351,2.0,7.0,2.492877492877493,2.0,4.0,351,0.0,44.0,26.18487394957983,28.0,44.0,119,0.0,104.0,47.865546218487395,40.0,104.0,119,1.0,1.0,1.0,1.0,1.0,119,0.9999999999999998,1.0000000000000002,1.0,1.0,1.0,119,1.0,1.0,1.0,1.0,1.0,119,0.9999999999999998,1.0000000000000002,1.0,1.0,1.0,119,552.0,0.0,0.0,433.0,119.0,119.0,0.0,0.0,0.0,0.0,0.0,0.0,1.0,0.0,0.0,119.0,119.0,1.0,0.0,0.0,0.0,0.0,0.0,0.0,0.0,0.0,0.0,0.0,0.0,0.0,0.0,245.73436379432678
77,4620000000000,2.0,14.0,2.8603988603988606,2.0,7.5,351,1.0,8.0,5.407407407407407,5.0,8.0,351,16.0,23.0,18.59259259259259,19.0,21.0,351,2.0,7.0,2.4871794871794872,2.0,4.0,351,0.0,44.0,26.14876033057851,32.0,44.0,121,0.0,104.0,48.06611570247934,56.0,104.0,121,1.0,1.0,1.0,1.0,1.0,121,0.9999999999999999,1.0000000000000002,1.0,1.0,1.0,121,1.0,1.0,1.0,1.0,1.0,121,0.9999999999999999,1.0000000000000002,1.0,1.0,1.0,121,552.0,0.0,0.0,431.0,121.0,121.0,0.0,0.0,0.0,0.0,0.0,0.0,1.0,0.0,0.0,121.0,121.0,1.0,0.0,0.0,0.0,0.0,0.0,0.0,0.0,0.0,0.0,0.0,0.0,0.0,0.0,137.13762164115906
78,4680000000000,2.0,14.0,2.8945868945868947,2.0,8.0,351,2.0,9.0,5.666666666666667,5.0,9.0,351,15.0,22.0,18.333333333333332,19.0,21.0,351,2.0,7.0,2.5042735042735043,2.0,4.0,351,0.0,44.0,27.14074074074074,32.0,44.0,135,0.0,104.0,50.42962962962963,56.0,104.0,135,1.0,1.0,1.0,1.0,1.0,135,0.9999999999999998,1.0000000000000002,1.0,1.0,1.0,135,1.0,1.0,1.0,1.0,1.0,135,0.9999999999999998,1.0000000000000002,1.0,1.0,1.0,135,552.0,0.0,0.0,417.0,135.0,135.0,0.0,0.0,0.0,0.0,0.0,0.0,1.0,0.0,0.0,135.0,135.0,1.0,0.0,0.0,0.0,0.0,0.0,0.0,0.0,0.0,0.0,0.0,0.0,0.0,0.0,144.1413052380085
79,4740000000000,2.0,15.0,2.9173789173789175,2.0,8.5,351,2.0,10.0,5.62962962962963,5.0,9.0,351,14.0,22.0,18.37037037037037,19.0,21.0,351,2.0,6.0,2.5042735042735043,2.0,4.0,351,0.0,44.0,27.176470588235293,32.0,44.0,136,0.0,104.0,49.94117647058823,56.0,104.0,136,1.0,1.0,1.0,1.0,1.0,136,0.9999999999999998,1.0,1.0,1.0,1.0,136,1.0,1.0,1.0,1.0,1.0,136,0.9999999999999998,1.0,1.0,1.0,1.0,136,552.0,0.0,0.0,416.0,136.0,136.0,0.0,0.0,0.0,0.0,0.0,0.0,1.0,0.0,0.0,136.0,136.0,1.0,0.0,0.0,0.0,0.0,0.0,0.0,0.0,0.0,0.0,0.0,0.0,0.0,0.0,144.81724984943867
80,4800000000000,2.0,15.0,2.886039886039886,2.0,8.0,351,2.0,10.0,5.555555555555555,6.0,9.0,351,14.0,22.0,18.444444444444443,18.0,21.0,351,2.0,6.0,2.4871794871794872,2.0,4.0,351,0.0,44.0,26.65625,28.0,44.0,128,0.0,104.0,49.25,40.0,104.0,128,1.0,1.0,1.0,1.0,1.0,128,0.9999999999999998,1.0000000000000002,1.0,1.0,1.0000000000000002,128,1.0,1.0,1.0,1.0,1.0,128,0.9999999999999998,1.0000000000000002,1.0,1.0,1.0000000000000002,128,552.0,0.0,0.0,424.0,128.0,128.0,0.0,0.0,0.0,0.0,0.0,0.0,1.0,0.0,0.0,128.0,128.0,1.0,0.0,0.0,0.0,0.0,0.0,0.0,0.0,0.0,0.0,0.0,0.0,0.0,0.0,142.25687831640244
81,4860000000000,2.0,15.0,2.9145299145299144,2.0,8.0,351,2.0,10.0,5.62962962962963,5.0,9.0,351,14.0,22.0,18.37037037037037,19.0,21.0,351,2.0,7.0,2.4985754985754984,2.0,4.0,351,0.0,44.0,26.71641791044776,28.0,44.0,134,0.0,104.0,49.37313432835821,40.0,104.0,134,1.0,1.0,1.0,1.0,1.0,134,0.9999999999999999,1.0,1.0,1.0,1.0,134,1.0,1.0,1.0,1.0,1.0,134,0.9999999999999999,1.0,1.0,1.0,1.0,134,552.0,0.0,0.0,418.0,134.0,134.0,0.0,0.0,0.0,0.0,0.0,0.0,1.0,0.0,0.0,134.0,134.0,1.0,0.0,0.0,0.0,0.0,0.0,0.0,0.0,0.0,0.0,0.0,0.0,0.0,0.0,237.75868490338326
82,4920000000000,2.0,16.0,2.8575498575498575,2.0,7.0,351,1.0,10.0,5.62962962962963,5.0,8.0,351,14.0,23.0,18.37037037037037,19.0,21.0,351,2.0,8.0,2.5042735042735043,2.0,4.0,351,0.0,44.0,26.511627906976745,28.0,44.0,129,0.0,104.0,49.116279069767444,40.0,104.0,129,1.0,1.0,1.0,1.0,1.0,129,0.9999999999999998,1.0000000000000002,1.0,1.0,1.0,129,1.0,1.0,1.0,1.0,1.0,129,0.9999999999999998,1.0000000000000002,1.0,1.0,1.0,129,552.0,0.0,0.0,423.0,129.0,129.0,0.0,0.0,0.0,0.0,0.0,0.0,1.0,0.0,0.0,129.0,129.0,1.0,0.0,0.0,0.0,0.0,0.0,0.0,0.0,0.0,0.0,0.0,0.0,0.0,0.0,143.475953489542
83,4980000000000,2.0,15.0,2.871794871794872,2.0,7.5,351,1.0,10.0,5.518518518518518,5.0,8.0,351,14.0,23.0,18.48148148148148,19.0,22.0,351,2.0,7.0,2.49002849002849,2.0,4.0,351,0.0,44.0,26.92063492063492,28.0,44.0,126,0.0,104.0,48.82539682539682,40.0,104.0,126,1.0,1.0,1.0,1.0,1.0,126,0.9999999999999998,1.0,1.0,1.0,1.0,126,1.0,1.0,1.0,1.0,1.0,126,0.9999999999999998,1.0,1.0,1.0,1.0,126,552.0,0.0,0.0,426.0,126.0,126.0,0.0,0.0,0.0,0.0,0.0,0.0,1.0,0.0,0.0,126.0,126.0,1.0,0.0,0.0,0.0,0.0,0.0,0.0,0.0,0.0,0.0,0.0,0.0,0.0,0.0,141.48157462477684
84,5040000000000,2.0,15.0,2.888888888888889,2.0,8.0,351,1.0,9.0,5.518518518518518,5.0,8.0,351,15.0,23.0,18.48148148148148,19.0,22.0,351,2.0,7.0,2.5014245014245016,2.0,4.0,351,0.0,44.0,26.181818181818183,28.0,44.0,121,0.0,104.0,48.19834710743802,40.0,104.0,121,1.0,1.0,1.0,1.0,1.0,121,0.9999999999999999,1.0000000000000002,1.0,1.0,1.0,121,1.0,1.0,1.0,1.0,1.0,121,0.9999999999999999,1.0000000000000002,1.0,1.0,1.0,121,552.0,0.0,0.0,431.0,121.0,121.0,0.0,0.0,0.0,0.0,0.0,0.0,1.0,0.0,0.0,121.0,121.0,1.0,0.0,0.0,0.0,0.0,0.0,0.0,0.0,0.0,0.0,0.0,0.0,0.0,0.0,139.87166620790958
85,5100000000000,2.0,13.0,2.883190883190883,2.0,8.0,351,2.0,8.0,5.555555555555555,5.0,8.0,351,16.0,22.0,18.444444444444443,19.0,22.0,351,2.0,7.0,2.492877492877493,2.0,4.0,351,0.0,44.0,27.11111111111111,32.0,44.0,126,0.0,104.0,50.15873015873016,56.0,104.0,126,1.0,1.0,1.0,1.0,1.0,126,0.9999999999999998,1.0000000000000002,1.0,1.0,1.0,126,1.0,1.0,1.0,1.0,1.0,126,0.9999999999999998,1.0000000000000002,1.0,1.0,1.0,126,552.0,0.0,0.0,426.0,126.0,126.0,0.0,0.0,0.0,0.0,0.0,0.0,1.0,0.0,0.0,126.0,126.0,1.0,0.0,0.0,0.0,0.0,0.0,0.0,0.0,0.0,0.0,0.0,0.0,0.0,0.0,204.79980669915676
86,5160000000000,2.0,14.0,2.8632478632478633,2.0,8.0,351,2.0,9.0,5.518518518518518,6.0,8.0,351,15.0,22.0,18.48148148148148,18.0,21.0,351,2.0,7.0,2.4871794871794872,2.0,4.0,351,0.0,44.0,26.82170542635659,32.0,44.0,129,0.0,104.0,48.68217054263566,56.0,104.0,129,1.0,1.0,1.0,1.0,1.0,129,0.9999999999999999,1.0000000000000002,1.0,1.0,1.0,129,1.0,1.0,1.0,1.0,1.0,129,0.9999999999999999,1.0000000000000002,1.0,1.0,1.0,129,552.0,0.0,0.0,423.0,129.0,129.0,0.0,0.0,0.0,0.0,0.0,0.0,1.0,0.0,0.0,129.0,129.0,1.0,0.0,0.0,0.0,0.0,0.0,0.0,0.0,0.0,0.0,0.0,0.0,0.0,0.0,126.7167404294014
87,5220000000000,2.0,14.0,2.9116809116809117,2.0,9.0,351,2.0,9.0,5.777777777777778,6.0,9.0,351,15.0,22.0,18.22222222222222,18.0,21.0,351,2.0,6.0,2.507122507122507,2.0,4.0,351,0.0,44.0,26.757575757575758,32.0,44.0,132,0.0,104.0,48.666666666666664,56.0,104.0,132,1.0,1.0,1.0,1.0,1.0,132,1.0,1.0000000000000002,1.0,1.0,1.0,132,1.0,1.0,1.0,1.0,1.0,132,1.0,1.0000000000000002,1.0,1.0,1.0,132,552.0,0.0,0.0,420.0,132.0,132.0,0.0,0.0,0.0,0.0,0.0,0.0,1.0,0.0,0.0,132.0,132.0,1.0,0.0,0.0,0.0,0.0,0.0,0.0,0.0,0.0,0.0,0.0,0.0,0.0,0.0,123.36237542331219
88,5280000000000,2.0,15.0,2.8917378917378915,2.0,8.0,351,2.0,10.0,5.592592592592593,6.0,8.0,351,14.0,22.0,18.40740740740741,18.0,22.0,351,2.0,6.0,2.492877492877493,2.0,4.0,351,0.0,44.0,26.53125,28.0,44.0,128,0.0,104.0,48.75,40.0,104.0,128,1.0,1.0,1.0,1.0,1.0,128,0.9999999999999998,1.0000000000000002,1.0,1.0,1.0,128,1.0,1.0,1.0,1.0,1.0,128,0.9999999999999998,1.0000000000000002,1.0,1.0,1.0,128,552.0,0.0,0.0,424.0,128.0,128.0,0.0,0.0,0.0,0.0,0.0,0.0,1.0,0.0,0.0,128.0,128.0,1.0,0.0,0.0,0.0,0.0,0.0,0.0,0.0,0.0,0.0,0.0,0.0,0.0,0.0,129.9116462469101
89,5340000000000,2.0,15.0,2.903133903133903,2.0,8.5,351,2.0,10.0,5.62962962962963,6.0,8.0,351,14.0,22.0,18.37037037037037,18.0,22.0,351,2.0,7.0,2.492877492877493,2.0,4.0,351,0.0,44.0,26.696969696969695,28.0,44.0,132,0.0,104.0,49.515151515151516,40.0,104.0,132,1.0,1.0,1.0,1.0,1.0,132,1.0,1.0000000000000002,1.0,1.0,1.0,132,1.0,1.0,1.0,1.0,1.0,132,1.0,1.0000000000000002,1.0,1.0,1.0,132,552.0,0.0,0.0,420.0,132.0,132.0,0.0,0.0,0.0,0.0,0.0,0.0,1.0,0.0,0.0,132.0,132.0,1.0,0.0,0.0,0.0,0.0,0.0,0.0,0.0,0.0,0.0,0.0,0.0,0.0,0.0,173.48643206059933
90,5400000000000,2.0,15.0,2.8603988603988606,2.0,7.5,351,2.0,10.0,5.444444444444445,5.0,8.0,351,14.0,22.0,18.555555555555557,19.0,21.0,351,2.0,7.0,2.49002849002849,2.0,4.0,351,0.0,44.0,26.29059829059829,28.0,44.0,117,0.0,104.0,47.31623931623932,40.0,104.0,117,1.0,1.0,1.0,1.0,1.0,117,0.9999999999999998,1.0,1.0,1.0,1.0,117,1.0,1.0,1.0,1.0,1.0,117,0.9999999999999998,1.0,1.0,1.0,1.0,117,552.0,0.0,0.0,435.0,117.0,117.0,0.0,0.0,0.0,0.0,0.0,0.0,1.0,0.0,0.0,117.0,117.0,1.0,0.0,0.0,0.0,0.0,0.0,0.0,0.0,0.0,0.0,0.0,0.0,0.0,0.0,257.6112225651741
91,5460000000000,2.0,15.0,2.905982905982906,2.0,8.5,351,1.0,9.0,5.592592592592593,6.0,9.0,351,15.0,23.0,18.40740740740741,18.0,22.0,351,2.0,7.0,2.492877492877493,2.0,4.0,351,0.0,44.0,26.861538461538462,28.0,44.0,130,0.0,104.0,48.738461538461536,40.0,104.0,130,1.0,1.0,1.0,1.0,1.0,130,1.0,1.0000000000000002,1.0,1.0,1.0000000000000002,130,1.0,1.0,1.0,1.0,1.0,130,1.0,1.0000000000000002,1.0,1.0,1.0000000000000002,130,552.0,0.0,0.0,422.0,130.0,130.0,0.0,0.0,0.0,0.0,0.0,0.0,1.0,0.0,0.0,130.0,130.0,1.0,0.0,0.0,0.0,0.0,0.0,0.0,0.0,0.0,0.0,0.0,0.0,0.0,0.0,183.1790991127491
92,5520000000000,2.0,15.0,2.9002849002849005,2.0,8.0,351,2.0,9.0,5.518518518518518,5.0,8.0,351,15.0,22.0,18.48148148148148,19.0,22.0,351,2.0,7.0,2.4985754985754984,2.0,4.0,351,0.0,44.0,26.13533834586466,28.0,44.0,133,0.0,104.0,47.1578947368421,40.0,104.0,133,1.0,1.0,1.0,1.0,1.0,133,0.9999999999999998,1.0000000000000002,1.0,1.0,1.0,133,1.0,1.0,1.0,1.0,1.0,133,0.9999999999999998,1.0000000000000002,1.0,1.0,1.0,133,552.0,0.0,0.0,419.0,133.0,133.0,0.0,0.0,0.0,0.0,0.0,0.0,1.0,0.0,0.0,133.0,133.0,1.0,0.0,0.0,0.0,0.0,0.0,0.0,0.0,0.0,0.0,0.0,0.0,0.0,0.0,189.8101046681404
93,5580000000000,2.0,14.0,2.8917378917378915,2.0,8.0,351,2.0,9.0,5.592592592592593,5.0,8.0,351,15.0,22.0,18.40740740740741,19.0,22.0,351,2.0,7.0,2.4985754985754984,2.0,4.0,351,0.0,44.0,26.992125984251967,32.0,44.0,127,0.0,104.0,50.14173228346457,56.0,104.0,127,1.0,1.0,1.0,1.0,1.0,127,0.9999999999999998,1.0,1.0,1.0,1.0,127,1.0,1.0,1.0,1.0,1.0,127,0.9999999999999998,1.0,1.0,1.0,1.0,127,552.0,0.0,0.0,425.0,127.0,127.0,0.0,0.0,0.0,0.0,0.0,0.0,1.0,0.0,0.0,127.0,127.0,1.0,0.0,0.0,0.0,0.0,0.0,0.0,0.0,0.0,0.0,0.0,0.0,0.0,0.0,141.24859124422073
94,5640000000000,2.0,14.0,2.8547008547008548,2.0,7.5,351,2.0,9.0,5.481481481481482,6.0,8.0,351,15.0,22.0,18.51851851851852,18.0,22.0,351,2.0,6.0,2.4871794871794872,2.0,4.0,351,0.0,44.0,26.352941176470587,32.0,44.0,119,0.0,104.0,49.142857142857146,56.0,104.0,119,1.0,1.0,1.0,1.0,1.0,119,0.9999999999999998,1.0000000000000002,1.0,1.0,1.0,119,1.0,1.0,1.0,1.0,1.0,119,0.9999999999999998,1.0000000000000002,1.0,1.0,1.0,119,552.0,0.0,0.0,433.0,119.0,119.0,0.0,0.0,0.0,0.0,0.0,0.0,1.0,0.0,0.0,119.0,119.0,1.0,0.0,0.0,0.0,0.0,0.0,0.0,0.0,0.0,0.0,0.0,0.0,0.0,0.0,214.69374373555183
95,5700000000000,2.0,13.0,2.871794871794872,2.0,7.0,351,2.0,8.0,5.62962962962963,6.0,8.0,351,16.0,22.0,18.37037037037037,18.0,21.0,351,2.0,7.0,2.4957264957264957,2.0,4.0,351,0.0,44.0,26.578512396694215,28.0,44.0,121,0.0,104.0,48.59504132231405,40.0,104.0,121,1.0,1.0,1.0,1.0,1.0,121,0.9999999999999998,1.0000000000000002,1.0,1.0,1.0,121,1.0,1.0,1.0,1.0,1.0,121,0.9999999999999998,1.0000000000000002,1.0,1.0,1.0,121,552.0,0.0,0.0,431.0,121.0,121.0,0.0,0.0,0.0,0.0,0.0,0.0,1.0,0.0,0.0,121.0,121.0,1.0,0.0,0.0,0.0,0.0,0.0,0.0,0.0,0.0,0.0,0.0,0.0,0.0,0.0,145.55820636451244
96,5760000000000,2.0,14.0,2.883190883190883,2.0,7.0,351,2.0,8.0,5.62962962962963,6.0,8.0,351,16.0,22.0,18.37037037037037,18.0,22.0,351,2.0,7.0,2.5014245014245016,2.0,4.0,351,0.0,44.0,26.75409836065574,28.0,44.0,122,0.0,104.0,48.59016393442623,40.0,104.0,122,1.0,1.0,1.0,1.0,1.0,122,0.9999999999999998,1.0,1.0,1.0,1.0,122,1.0,1.0,1.0,1.0,1.0,122,0.9999999999999998,1.0,1.0,1.0,1.0,122,552.0,0.0,0.0,430.0,122.0,122.0,0.0,0.0,0.0,0.0,0.0,0.0,1.0,0.0,0.0,122.0,122.0,1.0,0.0,0.0,0.0,0.0,0.0,0.0,0.0,0.0,0.0,0.0,0.0,0.0,0.0,138.41161504387856
97,5820000000000,2.0,15.0,2.8632478632478633,2.0,7.0,351,2.0,9.0,5.592592592592593,6.0,8.0,351,15.0,22.0,18.40740740740741,18.0,22.0,351,2.0,7.0,2.4957264957264957,2.0,4.0,351,0.0,44.0,26.11382113821138,28.0,44.0,123,0.0,104.0,48.260162601626014,40.0,104.0,123,1.0,1.0,1.0,1.0,1.0,123,0.9999999999999998,1.0000000000000002,1.0,1.0,1.0,123,1.0,1.0,1.0,1.0,1.0,123,0.9999999999999998,1.0000000000000002,1.0,1.0,1.0,123,552.0,0.0,0.0,429.0,123.0,123.0,0.0,0.0,0.0,0.0,0.0,0.0,1.0,0.0,0.0,123.0,123.0,1.0,0.0,0.0,0.0,0.0,0.0,0.0,0.0,0.0,0.0,0.0,0.0,0.0,0.0,138.88446427881718
98,5880000000000,2.0,13.0,2.9287749287749287,2.0,9.0,351,1.0,9.0,5.592592592592593,6.0,8.0,351,15.0,23.0,18.40740740740741,18.0,22.0,351,2.0,7.0,2.5014245014245016,2.0,4.0,351,0.0,44.0,26.53968253968254,28.0,44.0,126,0.0,104.0,47.87301587301587,40.0,104.0,126,1.0,1.0,1.0,1.0,1.0,126,0.9999999999999998,1.0000000000000002,1.0,1.0,1.0000000000000002,126,1.0,1.0,1.0,1.0,1.0,126,0.9999999999999998,1.0000000000000002,1.0,1.0,1.0000000000000002,126,552.0,0.0,0.0,426.0,126.0,126.0,0.0,0.0,0.0,0.0,0.0,0.0,1.0,0.0,0.0,126.0,126.0,1.0,0.0,0.0,0.0,0.0,0.0,0.0,0.0,0.0,0.0,0.0,0.0,0.0,0.0,199.83702898025513
99,5940000000000,2.0,15.0,2.8632478632478633,2.0,7.0,351,2.0,9.0,5.481481481481482,5.0,8.0,351,15.0,22.0,18.51851851851852,19.0,22.0,351,2.0,7.0,2.4786324786324787,2.0,4.0,351,0.0,44.0,25.555555555555557,28.0,44.0,126,0.0,104.0,45.07936507936508,40.0,104.0,126,1.0,1.0,1.0,1.0,1.0,126,0.9999999999999998,1.0000000000000002,1.0,1.0,1.0,126,1.0,1.0,1.0,1.0,1.0,126,0.9999999999999998,1.0000000000000002,1.0,1.0,1.0,126,552.0,0.0,0.0,426.0,126.0,126.0,0.0,0.0,0.0,0.0,0.0,0.0,1.0,0.0,0.0,126.0,126.0,1.0,0.0,0.0,0.0,0.0,0.0,0.0,0.0,0.0,0.0,0.0,0.0,0.0,0.0,128.95348854362965
100,6000000000000,2.0,15.0,2.908831908831909,2.0,8.5,351,2.0,9.0,5.592592592592593,5.0,8.0,351,15.0,22.0,18.40740740740741,19.0,22.0,351,2.0,7.0,2.4985754985754984,2.0,4.0,351,0.0,44.0,26.323529411764707,28.0,44.0,136,0.0,104.0,47.588235294117645,40.0,104.0,136,1.0,1.0,1.0,1.0,1.0,136,1.0,1.0000000000000002,1.0,1.0,1.0,136,1.0,1.0,1.0,1.0,1.0,136,1.0,1.0000000000000002,1.0,1.0,1.0,136,552.0,0.0,0.0,416.0,136.0,136.0,0.0,0.0,0.0,0.0,0.0,0.0,1.0,0.0,0.0,136.0,136.0,1.0,0.0,0.0,0.0,0.0,0.0,0.0,0.0,0.0,0.0,0.0,0.0,0.0,0.0,133.99528712034225
101,6060000000000,2.0,15.0,2.9287749287749287,2.0,8.0,351,2.0,9.0,5.555555555555555,5.0,8.0,351,15.0,22.0,18.444444444444443,19.0,22.0,351,2.0,7.0,2.4957264957264957,2.0,4.0,351,0.0,44.0,26.40625,32.0,44.0,128,0.0,104.0,49.375,56.0,104.0,128,1.0,1.0,1.0,1.0,1.0,128,0.9999999999999998,1.0000000000000002,1.0,1.0,1.0,128,1.0,1.0,1.0,1.0,1.0,128,0.9999999999999998,1.0000000000000002,1.0,1.0,1.0,128,552.0,0.0,0.0,424.0,128.0,128.0,0.0,0.0,0.0,0.0,0.0,0.0,1.0,0.0,0.0,128.0,128.0,1.0,0.0,0.0,0.0,0.0,0.0,0.0,0.0,0.0,0.0,0.0,0.0,0.0,0.0,133.14961083233356
102,6120000000000,2.0,14.0,2.8774928774928776,2.0,8.0,351,2.0,9.0,5.592592592592593,6.0,9.0,351,15.0,22.0,18.40740740740741,18.0,22.0,351,2.0,7.0,2.492877492877493,2.0,4.0,351,0.0,44.0,26.085470085470085,32.0,44.0,117,0.0,104.0,47.72649572649573,56.0,104.0,117,1.0,1.0,1.0,1.0,1.0,117,0.9999999999999999,1.0000000000000002,1.0,1.0,1.0,117,1.0,1.0,1.0,1.0,1.0,117,0.9999999999999999,1.0000000000000002,1.0,1.0,1.0,117,552.0,0.0,0.0,435.0,117.0,117.0,0.0,0.0,0.0,0.0,0.0,0.0,1.0,0.0,0.0,117.0,117.0,1.0,0.0,0.0,0.0,0.0,0.0,0.0,0.0,0.0,0.0,0.0,0.0,0.0,0.0,135.06337255239487
103,6180000000000,2.0,14.0,2.883190883190883,2.0,8.0,351,1.0,9.0,5.666666666666667,6.0,9.0,351,15.0,23.0,18.333333333333332,18.0,22.0,351,2.0,7.0,2.4957264957264957,2.0,4.0,351,0.0,44.0,25.94871794871795,28.0,44.0,117,0.0,104.0,47.17948717948718,40.0,104.0,117,1.0,1.0,1.0,1.0,1.0,117,0.9999999999999998,1.0000000000000002,1.0,1.0,1.0000000000000002,117,1.0,1.0,1.0,1.0,1.0,117,0.9999999999999998,1.0000000000000002,1.0,1.0,1.0000000000000002,117,552.0,0.0,0.0,435.0,117.0,117.0,0.0,0.0,0.0,0.0,0.0,0.0,1.0,0.0,0.0,117.0,117.0,1.0,0.0,0.0,0.0,0.0,0.0,0.0,0.0,0.0,0.0,0.0,0.0,0.0,0.0,182.76863358914852
104,6240000000000,2.0,13.0,2.8461538461538463,2.0,7.0,351,1.0,9.0,5.555555555555555,6.0,8.0,351,15.0,23.0,18.444444444444443,18.0,21.0,351,2.0,7.0,2.4985754985754984,2.0,4.0,351,0.0,44.0,25.83783783783784,28.0,44.0,111,0.0,104.0,47.567567567567565,40.0,104.0,111,1.0,1.0,1.0,1.0,1.0,111,0.9999999999999998,1.0000000000000002,1.0,1.0,1.0,111,1.0,1.0,1.0,1.0,1.0,111,0.9999999999999998,1.0000000000000002,1.0,1.0,1.0,111,552.0,0.0,0.0,441.0,111.0,111.0,0.0,0.0,0.0,0.0,0.0,0.0,1.0,0.0,0.0,111.0,111.0,1.0,0.0,0.0,0.0,0.0,0.0,0.0,0.0,0.0,0.0,0.0,0.0,0.0,0.0,133.95417109131813
105,6300000000000,2.0,14.0,2.868945868945869,2.0,7.0,351,1.0,10.0,5.666666666666667,6.0,8.0,351,14.0,23.0,18.333333333333332,18.0,21.0,351,2.0,7.0,2.5014245014245016,2.0,4.0,351,0.0,44.0,26.271186440677965,28.0,44.0,118,0.0,104.0,48.94915254237288,40.0,104.0,118,1.0,1.0,1.0,1.0,1.0,118,0.9999999999999997,1.0,1.0,1.0,1.0,118,1.0,1.0,1.0,1.0,1.0,118,0.9999999999999997,1.0,1.0,1.0,1.0,118,552.0,0.0,0.0,434.0,118.0,118.0,0.0,0.0,0.0,0.0,0.0,0.0,1.0,0.0,0.0,118.0,118.0,1.0,0.0,0.0,0.0,0.0,0.0,0.0,0.0,0.0,0.0,0.0,0.0,0.0,0.0,137.6910638064146
106,6360000000000,2.0,14.0,2.9373219373219372,2.0,9.0,351,1.0,10.0,5.555555555555555,6.0,8.0,351,14.0,23.0,18.444444444444443,18.0,22.0,351,2.0,7.0,2.5014245014245016,2.0,4.0,351,0.0,44.0,26.41860465116279,28.0,44.0,129,0.0,104.0,47.627906976744185,40.0,104.0,129,1.0,1.0,1.0,1.0,1.0,129,1.0,1.0000000000000002,1.0,1.0,1.0,129,1.0,1.0,1.0,1.0,1.0,129,1.0,1.0000000000000002,1.0,1.0,1.0,129,552.0,0.0,0.0,423.0,129.0,129.0,0.0,0.0,0.0,0.0,0.0,0.0,1.0,0.0,0.0,129.0,129.0,1.0,0.0,0.0,0.0,0.0,0.0,0.0,0.0,0.0,0.0,0.0,0.0,0.0,0.0,133.70927050709724
107,6420000000000,2.0,14.0,2.9116809116809117,2.0,9.0,351,1.0,10.0,5.62962962962963,6.0,8.0,351,14.0,23.0,18.37037037037037,18.0,22.0,351,2.0,7.0,2.49002849002849,2.0,4.0,351,0.0,44.0,26.571428571428573,32.0,44.0,140,0.0,104.0,48.17142857142857,56.0,104.0,140,1.0,1.0,1.0,1.0,1.0,140,0.9999999999999998,1.0000000000000002,1.0,1.0,1.0,140,1.0,1.0,1.0,1.0,1.0,140,0.9999999999999998,1.0000000000000002,1.0,1.0,1.0,140,552.0,0.0,0.0,412.0,140.0,140.0,0.0,0.0,0.0,0.0,0.0,0.0,1.0,0.0,0.0,140.0,140.0,1.0,0.0,0.0,0.0,0.0,0.0,0.0,0.0,0.0,0.0,0.0,0.0,0.0,0.0,206.3829004764557
108,6480000000000,2.0,13.0,2.8746438746438745,2.0,8.0,351,1.0,10.0,5.481481481481482,5.0,8.0,351,14.0,23.0,18.51851851851852,19.0,22.0,351,2.0,6.0,2.49002849002849,2.0,4.0,351,0.0,44.0,26.504065040650406,28.0,44.0,123,0.0,104.0,48.0650406504065,40.0,104.0,123,1.0,1.0,1.0,1.0,1.0,123,0.9999999999999998,1.0000000000000002,1.0,1.0,1.0000000000000002,123,1.0,1.0,1.0,1.0,1.0,123,0.9999999999999998,1.0000000000000002,1.0,1.0,1.0000000000000002,123,552.0,0.0,0.0,429.0,123.0,123.0,0.0,0.0,0.0,0.0,0.0,0.0,1.0,0.0,0.0,123.0,123.0,1.0,0.0,0.0,0.0,0.0,0.0,0.0,0.0,0.0,0.0,0.0,0.0,0.0,0.0,139.4016556441784
109,6540000000000,2.0,15.0,2.92022792022792,2.0,9.0,351,1.0,9.0,5.592592592592593,6.0,8.0,351,15.0,23.0,18.40740740740741,18.0,21.0,351,2.0,7.0,2.49002849002849,2.0,4.0,351,0.0,44.0,26.236220472440944,28.0,44.0,127,0.0,104.0,48.25196850393701,40.0,104.0,127,1.0,1.0,1.0,1.0,1.0,127,0.9999999999999998,1.0000000000000002,1.0,1.0,1.0,127,1.0,1.0,1.0,1.0,1.0,127,0.9999999999999998,1.0000000000000002,1.0,1.0,1.0,127,552.0,0.0,0.0,425.0,127.0,127.0,0.0,0.0,0.0,0.0,0.0,0.0,1.0,0.0,0.0,127.0,127.0,1.0,0.0,0.0,0.0,0.0,0.0,0.0,0.0,0.0,0.0,0.0,0.0,0.0,0.0,139.49789479374886
110,6600000000000,2.0,14.0,2.8547008547008548,2.0,7.5,351,1.0,9.0,5.62962962962963,6.0,9.0,351,15.0,23.0,18.37037037037037,18.0,21.0,351,2.0,7.0,2.49002849002849,2.0,4.0,351,0.0,44.0,26.440677966101696,32.0,44.0,118,0.0,104.0,48.40677966101695,56.0,104.0,118,1.0,1.0,1.0,1.0,1.0,118,0.9999999999999999,1.0000000000000002,1.0,1.0,1.0000000000000002,118,1.0,1.0,1.0,1.0,1.0,118,0.9999999999999999,1.0000000000000002,1.0,1.0,1.0000000000000002,118,552.0,0.0,0.0,434.0,118.0,118.0,0.0,0.0,0.0,0.0,0.0,0.0,1.0,0.0,0.0,118.0,118.0,1.0,0.0,0.0,0.0,0.0,0.0,0.0,0.0,0.0,0.0,0.0,0.0,0.0,0.0,145.61142399907112
111,6660000000000,2.0,15.0,2.8774928774928776,2.0,8.0,351,1.0,10.0,5.555555555555555,6.0,8.0,351,14.0,23.0,18.444444444444443,18.0,21.0,351,2.0,7.0,2.492877492877493,2.0,4.0,351,0.0,44.0,26.52991452991453,28.0,44.0,117,0.0,104.0,48.888888888888886,40.0,104.0,117,1.0,1.0,1.0,1.0,1.0,117,0.9999999999999999,1.0000000000000002,1.0,1.0,1.0,117,1.0,1.0,1.0,1.0,1.0,117,0.9999999999999999,1.0000000000000002,1.0,1.0,1.0,117,552.0,0.0,0.0,435.0,117.0,117.0,0.0,0.0,0.0,0.0,0.0,0.0,1.0,0.0,0.0,117.0,117.0,1.0,0.0,0.0,0.0,0.0,0.0,0.0,0.0,0.0,0.0,0.0,0.0,0.0,0.0,191.3436073809862
112,6720000000000,2.0,15.0,2.888888888888889,2.0,8.0,351,1.0,10.0,5.666666666666667,6.0,8.0,351,14.0,23.0,18.333333333333332,18.0,21.0,351,2.0,7.0,2.507122507122507,2.0,4.0,351,0.0,44.0,25.96551724137931,28.0,44.0,116,0.0,104.0,48.0,40.0,104.0,116,1.0,1.0,1.0,1.0,1.0,116,1.0,1.0000000000000002,1.0,1.0,1.0,116,1.0,1.0,1.0,1.0,1.0,116,1.0,1.0000000000000002,1.0,1.0,1.0,116,552.0,0.0,0.0,436.0,116.0,116.0,0.0,0.0,0.0,0.0,0.0,0.0,1.0,0.0,0.0,116.0,116.0,1.0,0.0,0.0,0.0,0.0,0.0,0.0,0.0,0.0,0.0,0.0,0.0,0.0,0.0,205.41248843073845
113,6780000000000,2.0,14.0,2.8461538461538463,2.0,7.0,351,1.0,10.0,5.518518518518518,6.0,8.0,351,14.0,23.0,18.48148148148148,18.0,21.0,351,2.0,8.0,2.49002849002849,2.0,4.0,351,0.0,44.0,27.026086956521738,28.0,44.0,115,0.0,104.0,49.87826086956522,40.0,104.0,115,1.0,1.0,1.0,1.0,1.0,115,0.9999999999999997,1.0000000000000002,1.0,1.0,1.0,115,1.0,1.0,1.0,1.0,1.0,115,0.9999999999999997,1.0000000000000002,1.0,1.0,1.0,115,552.0,0.0,0.0,437.0,115.0,115.0,0.0,0.0,0.0,0.0,0.0,0.0,1.0,0.0,0.0,115.0,115.0,1.0,0.0,0.0,0.0,0.0,0.0,0.0,0.0,0.0,0.0,0.0,0.0,0.0,0.0,140.0047354400158
114,6840000000000,2.0,14.0,2.8917378917378915,2.0,8.0,351,1.0,10.0,5.481481481481482,6.0,8.0,351,14.0,23.0,18.51851851851852,18.0,22.0,351,2.0,7.0,2.4985754985754984,2.0,4.0,351,0.0,44.0,27.00729927007299,32.0,44.0,137,0.0,104.0,50.21897810218978,56.0,104.0,137,1.0,1.0,1.0,1.0,1.0,137,0.9999999999999999,1.0,1.0,1.0,1.0,137,1.0,1.0,1.0,1.0,1.0,137,0.9999999999999999,1.0,1.0,1.0,1.0,137,552.0,0.0,0.0,415.0,137.0,137.0,0.0,0.0,0.0,0.0,0.0,0.0,1.0,0.0,0.0,137.0,137.0,1.0,0.0,0.0,0.0,0.0,0.0,0.0,0.0,0.0,0.0,0.0,0.0,0.0,0.0,182.98824317753315
115,6900000000000,2.0,15.0,2.903133903133903,2.0,9.0,351,1.0,10.0,5.444444444444445,6.0,8.0,351,14.0,23.0,18.555555555555557,18.0,22.0,351,2.0,6.0,2.4814814814814814,2.0,4.0,351,0.0,44.0,26.618705035971225,32.0,44.0,139,0.0,104.0,48.97841726618705,56.0,104.0,139,1.0,1.0,1.0,1.0,1.0,139,0.9999999999999998,1.0000000000000002,1.0,1.0,1.0,139,1.0,1.0,1.0,1.0,1.0,139,0.9999999999999998,1.0000000000000002,1.0,1.0,1.0,139,552.0,0.0,0.0,413.0,139.0,139.0,0.0,0.0,0.0,0.0,0.0,0.0,1.0,0.0,0.0,139.0,139.0,1.0,0.0,0.0,0.0,0.0,0.0,0.0,0.0,0.0,0.0,0.0,0.0,0.0,0.0,124.62426349520683
116,6960000000000,2.0,15.0,2.8774928774928776,2.0,8.0,351,1.0,10.0,5.518518518518518,5.0,8.0,351,14.0,23.0,18.48148148148148,19.0,21.0,351,2.0,6.0,2.492877492877493,2.0,4.0,351,0.0,44.0,26.19672131147541,28.0,44.0,122,0.0,104.0,48.131147540983605,40.0,104.0,122,1.0,1.0,1.0,1.0,1.0,122,0.9999999999999998,1.0000000000000002,1.0,1.0,1.0000000000000002,122,1.0,1.0,1.0,1.0,1.0,122,0.9999999999999998,1.0000000000000002,1.0,1.0,1.0000000000000002,122,552.0,0.0,0.0,430.0,122.0,122.0,0.0,0.0,0.0,0.0,0.0,0.0,1.0,0.0,0.0,122.0,122.0,1.0,0.0,0.0,0.0,0.0,0.0,0.0,0.0,0.0,0.0,0.0,0.0,0.0,0.0,185.87736785411835
117,7020000000000,2.0,15.0,2.8917378917378915,2.0,8.0,351,1.0,10.0,5.518518518518518,5.0,8.0,351,14.0,23.0,18.48148148148148,19.0,21.0,351,2.0,6.0,2.492877492877493,2.0,4.0,351,0.0,44.0,26.5625,30.0,44.0,128,0.0,104.0,48.875,48.0,104.0,128,1.0,1.0,1.0,1.0,1.0,128,0.9999999999999998,1.0000000000000002,1.0,1.0,1.0,128,1.0,1.0,1.0,1.0,1.0,128,0.9999999999999998,1.0000000000000002,1.0,1.0,1.0,128,552.0,0.0,0.0,424.0,128.0,128.0,0.0,0.0,0.0,0.0,0.0,0.0,1.0,0.0,0.0,128.0,128.0,1.0,0.0,0.0,0.0,0.0,0.0,0.0,0.0,0.0,0.0,0.0,0.0,0.0,0.0,141.31761528551579
118,7080000000000,2.0,14.0,2.8575498575498575,2.0,8.0,351,1.0,9.0,5.481481481481482,6.0,8.0,351,15.0,23.0,18.51851851851852,18.0,21.0,351,2.0,7.0,2.4871794871794872,2.0,4.0,351,0.0,44.0,26.31404958677686,28.0,44.0,121,0.0,104.0,48.72727272727273,40.0,104.0,121,1.0,1.0,1.0,1.0,1.0,121,0.9999999999999998,1.0000000000000002,1.0,1.0,1.0,121,1.0,1.0,1.0,1.0,1.0,121,0.9999999999999998,1.0000000000000002,1.0,1.0,1.0,121,552.0,0.0,0.0,431.0,121.0,121.0,0.0,0.0,0.0,0.0,0.0,0.0,1.0,0.0,0.0,121.0,121.0,1.0,0.0,0.0,0.0,0.0,0.0,0.0,0.0,0.0,0.0,0.0,0.0,0.0,0.0,130.47704100608826
119,7140000000000,2.0,15.0,2.8404558404558404,2.0,7.0,351,1.0,10.0,5.444444444444445,5.0,8.0,351,14.0,23.0,18.555555555555557,19.0,21.0,351,2.0,7.0,2.49002849002849,2.0,4.0,351,0.0,44.0,26.34710743801653,28.0,44.0,121,0.0,104.0,48.85950413223141,40.0,104.0,121,1.0,1.0,1.0,1.0,1.0,121,0.9999999999999997,1.0000000000000002,1.0,1.0,1.0000000000000002,121,1.0,1.0,1.0,1.0,1.0,121,0.9999999999999997,1.0000000000000002,1.0,1.0,1.0000000000000002,121,552.0,0.0,0.0,431.0,121.0,121.0,0.0,0.0,0.0,0.0,0.0,0.0,1.0,0.0,0.0,121.0,121.0,1.0,0.0,0.0,0.0,0.0,0.0,0.0,0.0,0.0,0.0,0.0,0.0,0.0,0.0,136.26189902424812
120,7200000000000,2.0,15.0,2.871794871794872,2.0,7.5,351,1.0,10.0,5.407407407407407,6.0,9.0,351,14.0,23.0,18.59259259259259,18.0,21.0,351,2.0,7.0,2.4871794871794872,2.0,4.0,351,0.0,44.0,26.837606837606838,28.0,44.0,117,0.0,104.0,49.504273504273506,40.0,104.0,117,1.0,1.0,1.0,1.0,1.0,117,0.9999999999999998,1.0000000000000002,1.0,1.0,1.0,117,1.0,1.0,1.0,1.0,1.0,117,0.9999999999999998,1.0000000000000002,1.0,1.0,1.0,117,552.0,0.0,0.0,435.0,117.0,117.0,0.0,0.0,0.0,0.0,0.0,0.0,1.0,0.0,0.0,117.0,117.0,1.0,0.0,0.0,0.0,0.0,0.0,0.0,0.0,0.0,0.0,0.0,0.0,0.0,0.0,212.08902075886726
121,7260000000000,2.0,14.0,2.8547008547008548,2.0,7.5,351,1.0,10.0,5.555555555555555,6.0,9.0,351,14.0,23.0,18.444444444444443,18.0,21.0,351,2.0,8.0,2.4957264957264957,2.0,4.0,351,0.0,44.0,26.991304347826087,28.0,44.0,115,0.0,104.0,49.73913043478261,40.0,104.0,115,1.0,1.0,1.0,1.0,1.0,115,0.9999999999999998,1.0000000000000002,1.0,1.0,1.0,115,1.0,1.0,1.0,1.0,1.0,115,0.9999999999999998,1.0000000000000002,1.0,1.0,1.0,115,552.0,0.0,0.0,437.0,115.0,115.0,0.0,0.0,0.0,0.0,0.0,0.0,1.0,0.0,0.0,115.0,115.0,1.0,0.0,0.0,0.0,0.0,0.0,0.0,0.0,0.0,0.0,0.0,0.0,0.0,0.0,142.0455314218998
122,7320000000000,2.0,13.0,2.883190883190883,2.0,7.5,351,1.0,9.0,5.518518518518518,6.0,8.0,351,15.0,23.0,18.48148148148148,18.0,21.0,351,2.0,7.0,2.492877492877493,2.0,4.0,351,0.0,44.0,27.264705882352942,32.0,44.0,136,0.0,104.0,50.8235294117647,56.0,104.0,136,1.0,1.0,1.0,1.0,1.0,136,0.9999999999999998,1.0000000000000002,1.0,1.0,1.0,136,1.0,1.0,1.0,1.0,1.0,136,0.9999999999999998,1.0000000000000002,1.0,1.0,1.0,136,552.0,0.0,0.0,416.0,136.0,136.0,0.0,0.0,0.0,0.0,0.0,0.0,1.0,0.0,0.0,136.0,136.0,1.0,0.0,0.0,0.0,0.0,0.0,0.0,0.0,0.0,0.0,0.0,0.0,0.0,0.0,133.0210268497467
123,7380000000000,2.0,15.0,2.9173789173789175,2.0,8.5,351,1.0,10.0,5.555555555555555,6.0,8.0,351,14.0,23.0,18.444444444444443,18.0,21.0,351,2.0,6.0,2.4957264957264957,2.0,4.0,351,0.0,44.0,27.366906474820144,32.0,44.0,139,0.0,104.0,50.935251798561154,56.0,104.0,139,1.0,1.0,1.0,1.0,1.0,139,0.9999999999999999,1.0000000000000002,1.0,1.0,1.0000000000000002,139,1.0,1.0,1.0,1.0,1.0,139,0.9999999999999999,1.0000000000000002,1.0,1.0,1.0000000000000002,139,552.0,0.0,0.0,413.0,139.0,139.0,0.0,0.0,0.0,0.0,0.0,0.0,1.0,0.0,0.0,139.0,139.0,1.0,0.0,0.0,0.0,0.0,0.0,0.0,0.0,0.0,0.0,0.0,0.0,0.0,0.0,136.47833839058876
124,7440000000000,2.0,15.0,2.8746438746438745,2.0,7.5,351,1.0,10.0,5.481481481481482,5.0,9.0,351,14.0,23.0,18.51851851851852,19.0,21.0,351,2.0,6.0,2.49002849002849,2.0,4.0,351,0.0,44.0,26.516129032258064,30.0,44.0,124,0.0,104.0,48.58064516129032,48.0,104.0,124,1.0,1.0,1.0,1.0,1.0,124,0.9999999999999999,1.0,1.0,1.0,1.0,124,1.0,1.0,1.0,1.0,1.0,124,0.9999999999999999,1.0,1.0,1.0,1.0,124,552.0,0.0,0.0,428.0,124.0,124.0,0.0,0.0,0.0,0.0,0.0,0.0,1.0,0.0,0.0,124.0,124.0,1.0,0.0,0.0,0.0,0.0,0.0,0.0,0.0,0.0,0.0,0.0,0.0,0.0,0.0,129.42663952708244
125,7500000000000,2.0,15.0,2.908831908831909,2.0,8.0,351,1.0,10.0,5.703703703703703,6.0,8.0,351,14.0,23.0,18.296296296296298,18.0,21.0,351,2.0,6.0,2.4985754985754984,2.0,4.0,351,0.0,44.0,26.285714285714285,28.0,44.0,133,0.0,104.0,48.30075187969925,40.0,104.0,133,1.0,1.0,1.0,1.0,1.0,133,1.0,1.0000000000000002,1.0,1.0,1.0000000000000002,133,1.0,1.0,1.0,1.0,1.0,133,1.0,1.0000000000000002,1.0,1.0,1.0000000000000002,133,552.0,0.0,0.0,419.0,133.0,133.0,0.0,0.0,0.0,0.0,0.0,0.0,1.0,0.0,0.0,133.0,133.0,1.0,0.0,0.0,0.0,0.0,0.0,0.0,0.0,0.0,0.0,0.0,0.0,0.0,0.0,209.64188501238823
126,7560000000000,2.0,16.0,2.8603988603988606,2.0,7.5,351,1.0,10.0,5.62962962962963,5.0,9.0,351,14.0,23.0,18.37037037037037,19.0,21.0,351,2.0,8.0,2.49002849002849,2.0,4.0,351,0.0,44.0,25.322834645669293,28.0,44.0,127,0.0,104.0,45.732283464566926,40.0,104.0,127,1.0,1.0,1.0,1.0,1.0,127,1.0,1.0,1.0,1.0,1.0,127,1.0,1.0,1.0,1.0,1.0,127,1.0,1.0,1.0,1.0,1.0,127,552.0,0.0,0.0,425.0,127.0,127.0,0.0,0.0,0.0,0.0,0.0,0.0,1.0,0.0,0.0,127.0,127.0,1.0,0.0,0.0,0.0,0.0,0.0,0.0,0.0,0.0,0.0,0.0,0.0,0.0,0.0,144.1644039005041
127,7620000000000,2.0,16.0,2.8803418803418803,2.0,7.5,351,1.0,10.0,5.592592592592593,5.0,9.0,351,14.0,23.0,18.40740740740741,19.0,21.0,351,2.0,8.0,2.5014245014245016,2.0,4.0,351,0.0,44.0,25.939393939393938,28.0,44.0,132,0.0,104.0,47.57575757575758,40.0,104.0,132,1.0,1.0,1.0,1.0,1.0,132,0.9999999999999998,1.0000000000000002,1.0,1.0,1.0,132,1.0,1.0,1.0,1.0,1.0,132,0.9999999999999998,1.0000000000000002,1.0,1.0,1.0,132,552.0,0.0,0.0,420.0,132.0,132.0,0.0,0.0,0.0,0.0,0.0,0.0,1.0,0.0,0.0,132.0,132.0,1.0,0.0,0.0,0.0,0.0,0.0,0.0,0.0,0.0,0.0,0.0,0.0,0.0,0.0,161.42284125089645
128,7680000000000,2.0,15.0,2.868945868945869,2.0,7.5,351,1.0,10.0,5.444444444444445,5.0,9.0,351,14.0,23.0,18.555555555555557,19.0,21.0,351,2.0,7.0,2.492877492877493,2.0,4.0,351,0.0,44.0,26.15929203539823,28.0,44.0,113,0.0,104.0,47.92920353982301,40.0,104.0,113,1.0,1.0,1.0,1.0,1.0,113,0.9999999999999998,1.0000000000000002,1.0,1.0,1.0,113,1.0,1.0,1.0,1.0,1.0,113,0.9999999999999998,1.0000000000000002,1.0,1.0,1.0,113,552.0,0.0,0.0,439.0,113.0,113.0,0.0,0.0,0.0,0.0,0.0,0.0,1.0,0.0,0.0,113.0,113.0,1.0,0.0,0.0,0.0,0.0,0.0,0.0,0.0,0.0,0.0,0.0,0.0,0.0,0.0,142.98078417778015
129,7740000000000,2.0,15.0,2.8632478632478633,2.0,7.5,351,1.0,10.0,5.444444444444445,6.0,8.0,351,14.0,23.0,18.555555555555557,18.0,21.0,351,2.0,8.0,2.49002849002849,2.0,4.0,351,0.0,44.0,26.776859504132233,28.0,44.0,121,0.0,104.0,49.388429752066116,40.0,104.0,121,1.0,1.0,1.0,1.0,1.0,121,0.9999999999999998,1.0,1.0,1.0,1.0,121,1.0,1.0,1.0,1.0,1.0,121,0.9999999999999998,1.0,1.0,1.0,1.0,121,552.0,0.0,0.0,431.0,121.0,121.0,0.0,0.0,0.0,0.0,0.0,0.0,1.0,0.0,0.0,121.0,121.0,1.0,0.0,0.0,0.0,0.0,0.0,0.0,0.0,0.0,0.0,0.0,0.0,0.0,0.0,236.93368770182133
130,7800000000000,2.0,14.0,2.866096866096866,2.0,7.5,351,2.0,8.0,5.481481481481482,6.0,8.0,351,16.0,22.0,18.51851851851852,18.0,21.0,351,2.0,7.0,2.492877492877493,2.0,4.0,351,0.0,44.0,26.976744186046513,32.0,44.0,129,0.0,104.0,50.41860465116279,56.0,104.0,129,1.0,1.0,1.0,1.0,1.0,129,1.0,1.0000000000000002,1.0,1.0,1.0,129,1.0,1.0,1.0,1.0,1.0,129,1.0,1.0000000000000002,1.0,1.0,1.0,129,552.0,0.0,0.0,423.0,129.0,129.0,0.0,0.0,0.0,0.0,0.0,0.0,1.0,0.0,0.0,129.0,129.0,1.0,0.0,0.0,0.0,0.0,0.0,0.0,0.0,0.0,0.0,0.0,0.0,0.0,0.0,118.09333227574825
131,7860000000000,2.0,14.0,2.905982905982906,2.0,8.5,351,2.0,9.0,5.7407407407407405,6.0,9.0,351,15.0,22.0,18.25925925925926,18.0,21.0,351,2.0,7.0,2.507122507122507,2.0,4.0,351,0.0,44.0,27.043478260869566,32.0,44.0,138,0.0,104.0,50.26086956521739,56.0,104.0,138,1.0,1.0,1.0,1.0,1.0,138,0.9999999999999999,1.0000000000000002,1.0,1.0,1.0,138,1.0,1.0,1.0,1.0,1.0,138,0.9999999999999999,1.0000000000000002,1.0,1.0,1.0,138,552.0,0.0,0.0,414.0,138.0,138.0,0.0,0.0,0.0,0.0,0.0,0.0,1.0,0.0,0.0,138.0,138.0,1.0,0.0,0.0,0.0,0.0,0.0,0.0,0.0,0.0,0.0,0.0,0.0,0.0,0.0,135.489908978343
132,7920000000000,2.0,15.0,2.905982905982906,2.0,8.0,351,2.0,10.0,5.666666666666667,6.0,9.0,351,14.0,22.0,18.333333333333332,18.0,21.0,351,2.0,6.0,2.5014245014245016,2.0,4.0,351,0.0,44.0,26.80916030534351,32.0,44.0,131,0.0,104.0,49.52671755725191,56.0,104.0,131,1.0,1.0,1.0,1.0,1.0,131,0.9999999999999998,1.0000000000000002,1.0,1.0,1.0,131,1.0,1.0,1.0,1.0,1.0,131,0.9999999999999998,1.0000000000000002,1.0,1.0,1.0,131,552.0,0.0,0.0,421.0,131.0,131.0,0.0,0.0,0.0,0.0,0.0,0.0,1.0,0.0,0.0,131.0,131.0,1.0,0.0,0.0,0.0,0.0,0.0,0.0,0.0,0.0,0.0,0.0,0.0,0.0,0.0,135.81928797066212
133,7980000000000,2.0,15.0,2.8917378917378915,2.0,8.0,351,2.0,10.0,5.592592592592593,6.0,9.0,351,14.0,22.0,18.40740740740741,18.0,21.0,351,2.0,6.0,2.49002849002849,2.0,4.0,351,0.0,44.0,26.54263565891473,28.0,44.0,129,0.0,104.0,48.68217054263566,40.0,104.0,129,1.0,1.0,1.0,1.0,1.0,129,0.9999999999999998,1.0000000000000002,1.0,1.0,1.0,129,1.0,1.0,1.0,1.0,1.0,129,0.9999999999999998,1.0000000000000002,1.0,1.0,1.0,129,552.0,0.0,0.0,423.0,129.0,129.0,0.0,0.0,0.0,0.0,0.0,0.0,1.0,0.0,0.0,129.0,129.0,1.0,0.0,0.0,0.0,0.0,0.0,0.0,0.0,0.0,0.0,0.0,0.0,0.0,0.0,132.7174287289381
134,8040000000000,2.0,15.0,2.903133903133903,2.0,8.0,351,2.0,10.0,5.777777777777778,6.0,9.0,351,14.0,22.0,18.22222222222222,18.0,21.0,351,2.0,7.0,2.5042735042735043,2.0,4.0,351,0.0,44.0,25.75,28.0,44.0,128,0.0,104.0,46.1875,40.0,104.0,128,1.0,1.0,1.0,1.0,1.0,128,0.9999999999999998,1.0000000000000002,1.0,1.0,1.0000000000000002,128,1.0,1.0,1.0,1.0,1.0,128,0.9999999999999998,1.0000000000000002,1.0,1.0,1.0000000000000002,128,552.0,0.0,0.0,424.0,128.0,128.0,0.0,0.0,0.0,0.0,0.0,0.0,1.0,0.0,0.0,128.0,128.0,1.0,0.0,0.0,0.0,0.0,0.0,0.0,0.0,0.0,0.0,0.0,0.0,0.0,0.0,196.188697591424
135,8100000000000,2.0,15.0,2.8632478632478633,2.0,7.5,351,1.0,10.0,5.666666666666667,5.0,8.0,351,14.0,23.0,18.333333333333332,19.0,21.0,351,2.0,7.0,2.507122507122507,2.0,4.0,351,0.0,44.0,26.360655737704917,28.0,44.0,122,0.0,104.0,47.60655737704918,40.0,104.0,122,1.0,1.0,1.0,1.0,1.0,122,0.9999999999999998,1.0000000000000002,1.0,1.0,1.0,122,1.0,1.0,1.0,1.0,1.0,122,0.9999999999999998,1.0000000000000002,1.0,1.0,1.0,122,552.0,0.0,0.0,430.0,122.0,122.0,0.0,0.0,0.0,0.0,0.0,0.0,1.0,0.0,0.0,122.0,122.0,1.0,0.0,0.0,0.0,0.0,0.0,0.0,0.0,0.0,0.0,0.0,0.0,0.0,0.0,142.37763918936253
136,8160000000000,2.0,15.0,2.8917378917378915,2.0,7.0,351,1.0,10.0,5.481481481481482,6.0,8.0,351,14.0,23.0,18.51851851851852,18.0,22.0,351,2.0,7.0,2.492877492877493,2.0,4.0,351,0.0,44.0,26.62295081967213,28.0,44.0,122,0.0,104.0,48.0655737704918,40.0,104.0,122,1.0,1.0,1.0,1.0,1.0,122,0.9999999999999998,1.0000000000000002,1.0,1.0,1.0000000000000002,122,1.0,1.0,1.0,1.0,1.0,122,0.9999999999999998,1.0000000000000002,1.0,1.0,1.0000000000000002,122,552.0,0.0,0.0,430.0,122.0,122.0,0.0,0.0,0.0,0.0,0.0,0.0,1.0,0.0,0.0,122.0,122.0,1.0,0.0,0.0,0.0,0.0,0.0,0.0,0.0,0.0,0.0,0.0,0.0,0.0,0.0,146.91762067377567
137,8220000000000,2.0,15.0,2.8945868945868947,2.0,8.5,351,1.0,8.0,5.407407407407407,5.0,8.0,351,16.0,23.0,18.59259259259259,19.0,22.0,351,2.0,7.0,2.4871794871794872,2.0,4.0,351,0.0,44.0,25.95275590551181,28.0,44.0,127,0.0,104.0,47.118110236220474,40.0,104.0,127,1.0,1.0,1.0,1.0,1.0,127,1.0,1.0000000000000002,1.0,1.0,1.0,127,1.0,1.0,1.0,1.0,1.0,127,1.0,1.0000000000000002,1.0,1.0,1.0,127,552.0,0.0,0.0,425.0,127.0,127.0,0.0,0.0,0.0,0.0,0.0,0.0,1.0,0.0,0.0,127.0,127.0,1.0,0.0,0.0,0.0,0.0,0.0,0.0,0.0,0.0,0.0,0.0,0.0,0.0,0.0,108.69013145565987
138,8280000000000,2.0,14.0,2.9145299145299144,2.0,8.0,351,2.0,8.0,5.62962962962963,6.0,8.0,351,16.0,22.0,18.37037037037037,18.0,22.0,351,2.0,7.0,2.50997150997151,2.0,4.0,351,0.0,44.0,26.748091603053435,32.0,44.0,131,0.0,104.0,49.282442748091604,56.0,104.0,131,1.0,1.0,1.0,1.0,1.0,131,0.9999999999999998,1.0000000000000002,1.0,1.0,1.0,131,1.0,1.0,1.0,1.0,1.0,131,0.9999999999999998,1.0000000000000002,1.0,1.0,1.0,131,552.0,0.0,0.0,421.0,131.0,131.0,0.0,0.0,0.0,0.0,0.0,0.0,1.0,0.0,0.0,131.0,131.0,1.0,0.0,0.0,0.0,0.0,0.0,0.0,0.0,0.0,0.0,0.0,0.0,0.0,0.0,230.6124921888113
139,8340000000000,2.0,14.0,2.8518518518518516,2.0,7.0,351,2.0,9.0,5.481481481481482,6.0,8.0,351,15.0,22.0,18.51851851851852,18.0,21.0,351,2.0,7.0,2.49002849002849,2.0,4.0,351,0.0,44.0,27.032258064516128,32.0,44.0,124,0.0,104.0,50.064516129032256,56.0,104.0,124,1.0,1.0,1.0,1.0,1.0,124,0.9999999999999999,1.0000000000000002,1.0,1.0,1.0,124,1.0,1.0,1.0,1.0,1.0,124,0.9999999999999999,1.0000000000000002,1.0,1.0,1.0,124,552.0,0.0,0.0,428.0,124.0,124.0,0.0,0.0,0.0,0.0,0.0,0.0,1.0,0.0,0.0,124.0,124.0,1.0,0.0,0.0,0.0,0.0,0.0,0.0,0.0,0.0,0.0,0.0,0.0,0.0,0.0,130.82847371697426
140,8400000000000,2.0,15.0,2.905982905982906,2.0,8.0,351,2.0,10.0,5.703703703703703,5.0,9.0,351,14.0,22.0,18.296296296296298,19.0,21.0,351,2.0,6.0,2.507122507122507,2.0,4.0,351,0.0,44.0,26.34375,28.0,44.0,128,0.0,104.0,48.5625,40.0,104.0,128,1.0,1.0,1.0,1.0,1.0,128,1.0,1.0000000000000002,1.0,1.0,1.0,128,1.0,1.0,1.0,1.0,1.0,128,1.0,1.0000000000000002,1.0,1.0,1.0,128,552.0,0.0,0.0,424.0,128.0,128.0,0.0,0.0,0.0,0.0,0.0,0.0,1.0,0.0,0.0,128.0,128.0,1.0,0.0,0.0,0.0,0.0,0.0,0.0,0.0,0.0,0.0,0.0,0.0,0.0,0.0,132.36629217863083
141,8460000000000,2.0,15.0,2.886039886039886,2.0,8.0,351,2.0,10.0,5.555555555555555,6.0,8.0,351,14.0,22.0,18.444444444444443,18.0,22.0,351,2.0,6.0,2.49002849002849,2.0,4.0,351,0.0,44.0,26.519685039370078,28.0,44.0,127,0.0,104.0,48.818897637795274,40.0,104.0,127,1.0,1.0,1.0,1.0,1.0,127,0.9999999999999998,1.0000000000000002,1.0,1.0,1.0,127,1.0,1.0,1.0,1.0,1.0,127,0.9999999999999998,1.0000000000000002,1.0,1.0,1.0,127,552.0,0.0,0.0,425.0,127.0,127.0,0.0,0.0,0.0,0.0,0.0,0.0,1.0,0.0,0.0,127.0,127.0,1.0,0.0,0.0,0.0,0.0,0.0,0.0,0.0,0.0,0.0,0.0,0.0,0.0,0.0,136.24573685228825
142,8520000000000,2.0,15.0,2.866096866096866,2.0,8.0,351,2.0,10.0,5.518518518518518,6.0,8.0,351,14.0,22.0,18.48148148148148,18.0,22.0,351,2.0,7.0,2.4871794871794872,2.0,4.0,351,0.0,44.0,26.625,28.0,44.0,128,0.0,104.0,49.125,40.0,104.0,128,1.0,1.0,1.0,1.0,1.0,128,0.9999999999999998,1.0,1.0,1.0,1.0,128,1.0,1.0,1.0,1.0,1.0,128,0.9999999999999998,1.0,1.0,1.0,1.0,128,552.0,0.0,0.0,424.0,128.0,128.0,0.0,0.0,0.0,0.0,0.0,0.0,1.0,0.0,0.0,128.0,128.0,1.0,0.0,0.0,0.0,0.0,0.0,0.0,0.0,0.0,0.0,0.0,0.0,0.0,0.0,134.41062904894352
143,8580000000000,2.0,15.0,2.8632478632478633,2.0,7.5,351,2.0,10.0,5.518518518518518,6.0,8.0,351,14.0,22.0,18.48148148148148,18.0,22.0,351,2.0,7.0,2.492877492877493,2.0,4.0,351,0.0,44.0,26.016528925619834,28.0,44.0,121,0.0,104.0,46.34710743801653,40.0,104.0,121,1.0,1.0,1.0,1.0,1.0,121,0.9999999999999998,1.0000000000000002,1.0,1.0,1.0,121,1.0,1.0,1.0,1.0,1.0,121,0.9999999999999998,1.0000000000000002,1.0,1.0,1.0,121,552.0,0.0,0.0,431.0,121.0,121.0,0.0,0.0,0.0,0.0,0.0,0.0,1.0,0.0,0.0,121.0,121.0,1.0,0.0,0.0,0.0,0.0,0.0,0.0,0.0,0.0,0.0,0.0,0.0,0.0,0.0,243.46104636788368
144,8640000000000,2.0,15.0,2.925925925925926,2.0,9.0,351,1.0,9.0,5.592592592592593,6.0,9.0,351,15.0,23.0,18.40740740740741,18.0,22.0,351,2.0,7.0,2.492877492877493,2.0,4.0,351,0.0,44.0,26.48175182481752,28.0,44.0,137,0.0,104.0,47.59124087591241,40.0,104.0,137,1.0,1.0,1.0,1.0,1.0,137,0.9999999999999998,1.0000000000000002,1.0,1.0,1.0,137,1.0,1.0,1.0,1.0,1.0,137,0.9999999999999998,1.0000000000000002,1.0,1.0,1.0,137,552.0,0.0,0.0,415.0,137.0,137.0,0.0,0.0,0.0,0.0,0.0,0.0,1.0,0.0,0.0,137.0,137.0,1.0,0.0,0.0,0.0,0.0,0.0,0.0,0.0,0.0,0.0,0.0,0.0,0.0,0.0,140.81698842346668
145,8700000000000,2.0,15.0,2.866096866096866,2.0,8.0,351,2.0,9.0,5.481481481481482,5.0,8.0,351,15.0,22.0,18.51851851851852,19.0,22.0,351,2.0,7.0,2.4871794871794872,2.0,4.0,351,0.0,44.0,25.838709677419356,28.0,44.0,124,0.0,104.0,46.45161290322581,40.0,104.0,124,1.0,1.0,1.0,1.0,1.0,124,0.9999999999999998,1.0,1.0,1.0,1.0,124,1.0,1.0,1.0,1.0,1.0,124,0.9999999999999998,1.0,1.0,1.0,1.0,124,552.0,0.0,0.0,428.0,124.0,124.0,0.0,0.0,0.0,0.0,0.0,0.0,1.0,0.0,0.0,124.0,124.0,1.0,0.0,0.0,0.0,0.0,0.0,0.0,0.0,0.0,0.0,0.0,0.0,0.0,0.0,143.59519816935062
146,8760000000000,2.0,14.0,2.8945868945868947,2.0,8.0,351,2.0,9.0,5.518518518518518,5.0,8.0,351,15.0,22.0,18.48148148148148,19.0,22.0,351,2.0,7.0,2.5042735042735043,2.0,4.0,351,0.0,44.0,26.41269841269841,32.0,44.0,126,0.0,104.0,49.07936507936508,56.0,104.0,126,1.0,1.0,1.0,1.0,1.0,126,0.9999999999999998,1.0000000000000002,1.0,1.0,1.0,126,1.0,1.0,1.0,1.0,1.0,126,0.9999999999999998,1.0000000000000002,1.0,1.0,1.0,126,552.0,0.0,0.0,426.0,126.0,126.0,0.0,0.0,0.0,0.0,0.0,0.0,1.0,0.0,0.0,126.0,126.0,1.0,0.0,0.0,0.0,0.0,0.0,0.0,0.0,0.0,0.0,0.0,0.0,0.0,0.0,144.21927370131016
147,8820000000000,2.0,14.0,2.8461538461538463,2.0,7.5,351,2.0,9.0,5.518518518518518,6.0,8.0,351,15.0,22.0,18.48148148148148,18.0,22.0,351,2.0,6.0,2.49002849002849,2.0,4.0,351,0.0,44.0,26.330434782608695,32.0,44.0,115,0.0,104.0,48.97391304347826,56.0,104.0,115,1.0,1.0,1.0,1.0,1.0,115,0.9999999999999999,1.0000000000000002,1.0,1.0,1.0,115,1.0,1.0,1.0,1.0,1.0,115,0.9999999999999999,1.0000000000000002,1.0,1.0,1.0,115,552.0,0.0,0.0,437.0,115.0,115.0,0.0,0.0,0.0,0.0,0.0,0.0,1.0,0.0,0.0,115.0,115.0,1.0,0.0,0.0,0.0,0.0,0.0,0.0,0.0,0.0,0.0,0.0,0.0,0.0,0.0,212.6687653362751
148,8880000000000,2.0,13.0,2.8774928774928776,2.0,7.0,351,2.0,8.0,5.703703703703703,6.0,8.0,351,16.0,22.0,18.296296296296298,18.0,21.0,351,2.0,7.0,2.4957264957264957,2.0,4.0,351,0.0,44.0,27.089430894308943,28.0,44.0,123,0.0,104.0,49.82113821138211,40.0,104.0,123,1.0,1.0,1.0,1.0,1.0,123,0.9999999999999998,1.0000000000000002,1.0,1.0,1.0,123,1.0,1.0,1.0,1.0,1.0,123,0.9999999999999998,1.0000000000000002,1.0,1.0,1.0,123,552.0,0.0,0.0,429.0,123.0,123.0,0.0,0.0,0.0,0.0,0.0,0.0,1.0,0.0,0.0,123.0,123.0,1.0,0.0,0.0,0.0,0.0,0.0,0.0,0.0,0.0,0.0,0.0,0.0,0.0,0.0,146.8112524598837
149,8940000000000,2.0,14.0,2.888888888888889,2.0,7.5,351,2.0,9.0,5.62962962962963,6.0,8.0,351,15.0,22.0,18.37037037037037,18.0,22.0,351,2.0,7.0,2.5014245014245016,2.0,4.0,351,0.0,44.0,26.35483870967742,28.0,44.0,124,0.0,104.0,48.516129032258064,40.0,104.0,124,1.0,1.0,1.0,1.0,1.0,124,1.0,1.0,1.0,1.0,1.0,124,1.0,1.0,1.0,1.0,1.0,124,1.0,1.0,1.0,1.0,1.0,124,552.0,0.0,0.0,428.0,124.0,124.0,0.0,0.0,0.0,0.0,0.0,0.0,1.0,0.0,0.0,124.0,124.0,1.0,0.0,0.0,0.0,0.0,0.0,0.0,0.0,0.0,0.0,0.0,0.0,0.0,0.0,140.21682739257812
150,9000000000000,2.0,15.0,2.923076923076923,2.0,9.0,351,2.0,9.0,5.666666666666667,6.0,8.0,351,15.0,22.0,18.333333333333332,18.0,22.0,351,2.0,7.0,2.4985754985754984,2.0,4.0,351,0.0,44.0,26.748091603053435,28.0,44.0,131,0.0,104.0,49.282442748091604,40.0,104.0,131,1.0,1.0,1.0,1.0,1.0,131,0.9999999999999999,1.0000000000000002,1.0,1.0,1.0,131,1.0,1.0,1.0,1.0,1.0,131,0.9999999999999999,1.0000000000000002,1.0,1.0,1.0,131,552.0,0.0,0.0,421.0,131.0,131.0,0.0,0.0,0.0,0.0,0.0,0.0,1.0,0.0,0.0,131.0,131.0,1.0,0.0,0.0,0.0,0.0,0.0,0.0,0.0,0.0,0.0,0.0,0.0,0.0,0.0,138.2135208696127
151,9060000000000,2.0,13.0,2.883190883190883,2.0,7.5,351,1.0,9.0,5.407407407407407,5.0,8.0,351,15.0,23.0,18.59259259259259,19.0,22.0,351,2.0,7.0,2.4786324786324787,2.0,4.0,351,0.0,44.0,26.779661016949152,28.0,44.0,118,0.0,104.0,47.932203389830505,40.0,104.0,118,1.0,1.0,1.0,1.0,1.0,118,0.9999999999999998,1.0000000000000002,1.0,1.0,1.0000000000000002,118,1.0,1.0,1.0,1.0,1.0,118,0.9999999999999998,1.0000000000000002,1.0,1.0,1.0000000000000002,118,552.0,0.0,0.0,434.0,118.0,118.0,0.0,0.0,0.0,0.0,0.0,0.0,1.0,0.0,0.0,118.0,118.0,1.0,0.0,0.0,0.0,0.0,0.0,0.0,0.0,0.0,0.0,0.0,0.0,0.0,0.0,237.72751726210117
152,9120000000000,2.0,15.0,2.888888888888889,2.0,8.0,351,1.0,9.0,5.407407407407407,5.0,8.0,351,15.0,23.0,18.59259259259259,19.0,22.0,351,2.0,7.0,2.4786324786324787,2.0,4.0,351,0.0,44.0,25.61904761904762,28.0,44.0,126,0.0,104.0,45.333333333333336,40.0,104.0,126,1.0,1.0,1.0,1.0,1.0,126,1.0,1.0000000000000002,1.0,1.0,1.0,126,1.0,1.0,1.0,1.0,1.0,126,1.0,1.0000000000000002,1.0,1.0,1.0,126,552.0,0.0,0.0,426.0,126.0,126.0,0.0,0.0,0.0,0.0,0.0,0.0,1.0,0.0,0.0,126.0,126.0,1.0,0.0,0.0,0.0,0.0,0.0,0.0,0.0,0.0,0.0,0.0,0.0,0.0,0.0,142.11454801261425
153,9180000000000,2.0,15.0,2.8945868945868947,2.0,8.0,351,2.0,9.0,5.62962962962963,5.0,8.0,351,15.0,22.0,18.37037037037037,19.0,22.0,351,2.0,7.0,2.5042735042735043,2.0,4.0,351,0.0,44.0,26.16058394160584,32.0,44.0,137,0.0,104.0,47.88321167883212,56.0,104.0,137,1.0,1.0,1.0,1.0,1.0,137,1.0,1.0,1.0,1.0,1.0,137,1.0,1.0,1.0,1.0,1.0,137,1.0,1.0,1.0,1.0,1.0,137,552.0,0.0,0.0,415.0,137.0,137.0,0.0,0.0,0.0,0.0,0.0,0.0,1.0,0.0,0.0,137.0,137.0,1.0,0.0,0.0,0.0,0.0,0.0,0.0,0.0,0.0,0.0,0.0,0.0,0.0,0.0,135.1654827594757
154,9240000000000,2.0,14.0,2.9344729344729346,2.0,8.5,351,2.0,9.0,5.62962962962963,5.0,8.0,351,15.0,22.0,18.37037037037037,19.0,22.0,351,2.0,7.0,2.507122507122507,2.0,4.0,351,0.0,44.0,27.03030303030303,32.0,44.0,132,0.0,104.0,50.303030303030305,56.0,104.0,132,1.0,1.0,1.0,1.0,1.0,132,0.9999999999999998,1.0000000000000002,1.0,1.0,1.0,132,1.0,1.0,1.0,1.0,1.0,132,0.9999999999999998,1.0000000000000002,1.0,1.0,1.0,132,552.0,0.0,0.0,420.0,132.0,132.0,0.0,0.0,0.0,0.0,0.0,0.0,1.0,0.0,0.0,132.0,132.0,1.0,0.0,0.0,0.0,0.0,0.0,0.0,0.0,0.0,0.0,0.0,0.0,0.0,0.0,137.0665542781353
155,9300000000000,2.0,14.0,2.8632478632478633,2.0,8.0,351,2.0,9.0,5.592592592592593,6.0,8.0,351,15.0,22.0,18.40740740740741,18.0,22.0,351,2.0,6.0,2.492877492877493,2.0,4.0,351,0.0,44.0,26.266666666666666,32.0,44.0,120,0.0,104.0,48.666666666666664,56.0,104.0,120,1.0,1.0,1.0,1.0,1.0,120,0.9999999999999998,1.0000000000000002,1.0,1.0,1.0,120,1.0,1.0,1.0,1.0,1.0,120,0.9999999999999998,1.0000000000000002,1.0,1.0,1.0,120,552.0,0.0,0.0,432.0,120.0,120.0,0.0,0.0,0.0,0.0,0.0,0.0,1.0,0.0,0.0,120.0,120.0,1.0,0.0,0.0,0.0,0.0,0.0,0.0,0.0,0.0,0.0,0.0,0.0,0.0,0.0,136.99302822351456
156,9360000000000,2.0,14.0,2.8945868945868947,2.0,8.5,351,1.0,9.0,5.62962962962963,6.0,8.0,351,15.0,23.0,18.37037037037037,18.0,22.0,351,2.0,7.0,2.4985754985754984,2.0,4.0,351,0.0,44.0,26.133333333333333,28.0,44.0,120,0.0,104.0,47.53333333333333,40.0,104.0,120,1.0,1.0,1.0,1.0,1.0,120,0.9999999999999998,1.0,1.0,1.0,1.0,120,1.0,1.0,1.0,1.0,1.0,120,0.9999999999999998,1.0,1.0,1.0,1.0,120,552.0,0.0,0.0,432.0,120.0,120.0,0.0,0.0,0.0,0.0,0.0,0.0,1.0,0.0,0.0,120.0,120.0,1.0,0.0,0.0,0.0,0.0,0.0,0.0,0.0,0.0,0.0,0.0,0.0,0.0,0.0,204.89826053380966
157,9420000000000,2.0,14.0,2.8461538461538463,2.0,7.0,351,1.0,9.0,5.592592592592593,6.0,8.0,351,15.0,23.0,18.40740740740741,18.0,21.0,351,2.0,7.0,2.507122507122507,2.0,4.0,351,0.0,44.0,25.93103448275862,28.0,44.0,116,0.0,104.0,47.86206896551724,40.0,104.0,116,1.0,1.0,1.0,1.0,1.0,116,1.0,1.0,1.0,1.0,1.0,116,1.0,1.0,1.0,1.0,1.0,116,1.0,1.0,1.0,1.0,1.0,116,552.0,0.0,0.0,436.0,116.0,116.0,0.0,0.0,0.0,0.0,0.0,0.0,1.0,0.0,0.0,116.0,116.0,1.0,0.0,0.0,0.0,0.0,0.0,0.0,0.0,0.0,0.0,0.0,0.0,0.0,0.0,139.12331499159336
158,9480000000000,2.0,14.0,2.886039886039886,2.0,7.0,351,1.0,10.0,5.666666666666667,6.0,8.0,351,14.0,23.0,18.333333333333332,18.0,21.0,351,2.0,7.0,2.4957264957264957,2.0,4.0,351,0.0,44.0,26.521008403361346,28.0,44.0,119,0.0,104.0,49.21008403361345,40.0,104.0,119,1.0,1.0,1.0,1.0,1.0,119,0.9999999999999998,1.0000000000000002,1.0,1.0,1.0,119,1.0,1.0,1.0,1.0,1.0,119,0.9999999999999998,1.0000000000000002,1.0,1.0,1.0,119,552.0,0.0,0.0,433.0,119.0,119.0,0.0,0.0,0.0,0.0,0.0,0.0,1.0,0.0,0.0,119.0,119.0,1.0,0.0,0.0,0.0,0.0,0.0,0.0,0.0,0.0,0.0,0.0,0.0,0.0,0.0,148.287333548069
159,9540000000000,2.0,14.0,2.92022792022792,2.0,8.5,351,1.0,10.0,5.518518518518518,6.0,8.0,351,14.0,23.0,18.48148148148148,18.0,22.0,351,2.0,7.0,2.4957264957264957,2.0,4.0,351,0.0,44.0,26.08,28.0,44.0,125,0.0,104.0,46.72,40.0,104.0,125,1.0,1.0,1.0,1.0,1.0,125,0.9999999999999998,1.0000000000000002,1.0,1.0,1.0,125,1.0,1.0,1.0,1.0,1.0,125,0.9999999999999998,1.0000000000000002,1.0,1.0,1.0,125,552.0,0.0,0.0,427.0,125.0,125.0,0.0,0.0,0.0,0.0,0.0,0.0,1.0,0.0,0.0,125.0,125.0,1.0,0.0,0.0,0.0,0.0,0.0,0.0,0.0,0.0,0.0,0.0,0.0,0.0,0.0,170.38661427795887
160,9600000000000,2.0,14.0,2.871794871794872,2.0,7.5,351,1.0,10.0,5.481481481481482,6.0,8.0,351,14.0,23.0,18.51851851851852,18.0,22.0,351,2.0,7.0,2.4843304843304845,2.0,4.0,351,0.0,44.0,26.40625,32.0,44.0,128,0.0,104.0,47.6875,56.0,104.0,128,1.0,1.0,1.0,1.0,1.0,128,0.9999999999999999,1.0000000000000002,1.0,1.0,1.0000000000000002,128,1.0,1.0,1.0,1.0,1.0,128,0.9999999999999999,1.0000000000000002,1.0,1.0,1.0000000000000002,128,552.0,0.0,0.0,424.0,128.0,128.0,0.0,0.0,0.0,0.0,0.0,0.0,1.0,0.0,0.0,128.0,128.0,1.0,0.0,0.0,0.0,0.0,0.0,0.0,0.0,0.0,0.0,0.0,0.0,0.0,0.0,245.895653963089
161,9660000000000,2.0,15.0,2.888888888888889,2.0,8.0,351,1.0,10.0,5.592592592592593,5.0,8.0,351,14.0,23.0,18.40740740740741,19.0,22.0,351,2.0,7.0,2.4985754985754984,2.0,4.0,351,0.0,44.0,25.841269841269842,28.0,44.0,126,0.0,104.0,46.79365079365079,40.0,104.0,126,1.0,1.0,1.0,1.0,1.0,126,0.9999999999999998,1.0000000000000002,1.0,1.0,1.0,126,1.0,1.0,1.0,1.0,1.0,126,0.9999999999999998,1.0000000000000002,1.0,1.0,1.0,126,552.0,0.0,0.0,426.0,126.0,126.0,0.0,0.0,0.0,0.0,0.0,0.0,1.0,0.0,0.0,126.0,126.0,1.0,0.0,0.0,0.0,0.0,0.0,0.0,0.0,0.0,0.0,0.0,0.0,0.0,0.0,149.51039850711823
162,9720000000000,2.0,16.0,2.943019943019943,2.0,9.0,351,1.0,9.0,5.592592592592593,5.0,9.0,351,15.0,23.0,18.40740740740741,19.0,21.0,351,2.0,7.0,2.5014245014245016,2.0,4.0,351,0.0,44.0,26.68702290076336,32.0,44.0,131,0.0,104.0,49.587786259541986,56.0,104.0,131,1.0,1.0,1.0,1.0,1.0,131,0.9999999999999998,1.0000000000000002,1.0,1.0,1.0,131,1.0,1.0,1.0,1.0,1.0,131,0.9999999999999998,1.0000000000000002,1.0,1.0,1.0,131,552.0,0.0,0.0,421.0,131.0,131.0,0.0,0.0,0.0,0.0,0.0,0.0,1.0,0.0,0.0,131.0,131.0,1.0,0.0,0.0,0.0,0.0,0.0,0.0,0.0,0.0,0.0,0.0,0.0,0.0,0.0,147.4231854081154
163,9780000000000,2.0,14.0,2.8461538461538463,2.0,7.5,351,1.0,9.0,5.555555555555555,6.0,8.0,351,15.0,23.0,18.444444444444443,18.0,22.0,351,2.0,7.0,2.49002849002849,2.0,4.0,351,0.0,44.0,26.678260869565218,32.0,44.0,115,0.0,104.0,49.11304347826087,56.0,104.0,115,1.0,1.0,1.0,1.0,1.0,115,0.9999999999999998,1.0000000000000002,1.0,1.0,1.0,115,1.0,1.0,1.0,1.0,1.0,115,0.9999999999999998,1.0000000000000002,1.0,1.0,1.0,115,552.0,0.0,0.0,437.0,115.0,115.0,0.0,0.0,0.0,0.0,0.0,0.0,1.0,0.0,0.0,115.0,115.0,1.0,0.0,0.0,0.0,0.0,0.0,0.0,0.0,0.0,0.0,0.0,0.0,0.0,0.0,140.7669000327587
164,9840000000000,2.0,15.0,2.8803418803418803,2.0,8.0,351,1.0,10.0,5.518518518518518,6.0,8.0,351,14.0,23.0,18.48148148148148,18.0,21.0,351,2.0,7.0,2.4957264957264957,2.0,4.0,351,0.0,44.0,26.46153846153846,28.0,44.0,117,0.0,104.0,48.61538461538461,40.0,104.0,117,1.0,1.0,1.0,1.0,1.0,117,0.9999999999999999,1.0000000000000002,1.0,1.0,1.0,117,1.0,1.0,1.0,1.0,1.0,117,0.9999999999999999,1.0000000000000002,1.0,1.0,1.0,117,552.0,0.0,0.0,435.0,117.0,117.0,0.0,0.0,0.0,0.0,0.0,0.0,1.0,0.0,0.0,117.0,117.0,1.0,0.0,0.0,0.0,0.0,0.0,0.0,0.0,0.0,0.0,0.0,0.0,0.0,0.0,191.60528667271137
165,9900000000000,2.0,14.0,2.8803418803418803,2.0,8.0,351,1.0,9.0,5.62962962962963,6.0,8.0,351,15.0,23.0,18.37037037037037,18.0,21.0,351,2.0,7.0,2.5042735042735043,2.0,4.0,351,0.0,44.0,25.789473684210527,28.0,44.0,114,0.0,104.0,47.578947368421055,40.0,104.0,114,1.0,1.0,1.0,1.0,1.0,114,0.9999999999999998,1.0000000000000002,1.0,1.0,1.0,114,1.0,1.0,1.0,1.0,1.0,114,0.9999999999999998,1.0000000000000002,1.0,1.0,1.0,114,552.0,0.0,0.0,438.0,114.0,114.0,0.0,0.0,0.0,0.0,0.0,0.0,1.0,0.0,0.0,114.0,114.0,1.0,0.0,0.0,0.0,0.0,0.0,0.0,0.0,0.0,0.0,0.0,0.0,0.0,0.0,234.4878576695919
166,9960000000000,2.0,14.0,2.8347578347578346,2.0,7.0,351,1.0,10.0,5.481481481481482,6.0,8.0,351,14.0,23.0,18.51851851851852,18.0,21.0,351,2.0,8.0,2.4757834757834756,2.0,4.0,351,0.0,44.0,26.862068965517242,30.0,44.0,116,0.0,104.0,49.724137931034484,48.0,104.0,116,1.0,1.0,1.0,1.0,1.0,116,0.9999999999999998,1.0000000000000002,1.0,1.0,1.0,116,1.0,1.0,1.0,1.0,1.0,116,0.9999999999999998,1.0000000000000002,1.0,1.0,1.0,116,552.0,0.0,0.0,436.0,116.0,116.0,0.0,0.0,0.0,0.0,0.0,0.0,1.0,0.0,0.0,116.0,116.0,1.0,0.0,0.0,0.0,0.0,0.0,0.0,0.0,0.0,0.0,0.0,0.0,0.0,0.0,156.25300258398056
167,10020000000000,2.0,14.0,2.8945868945868947,2.0,8.0,351,1.0,10.0,5.481481481481482,6.0,8.0,351,14.0,23.0,18.51851851851852,18.0,22.0,351,2.0,7.0,2.49002849002849,2.0,4.0,351,0.0,44.0,26.567164179104477,32.0,44.0,134,0.0,104.0,49.3134328358209,56.0,104.0,134,1.0,1.0,1.0,1.0,1.0,134,0.9999999999999999,1.0000000000000002,1.0,1.0,1.0,134,1.0,1.0,1.0,1.0,1.0,134,0.9999999999999999,1.0000000000000002,1.0,1.0,1.0,134,552.0,0.0,0.0,418.0,134.0,134.0,0.0,0.0,0.0,0.0,0.0,0.0,1.0,0.0,0.0,134.0,134.0,1.0,0.0,0.0,0.0,0.0,0.0,0.0,0.0,0.0,0.0,0.0,0.0,0.0,0.0,141.84286631643772
168,10080000000000,2.0,15.0,2.903133903133903,2.0,8.0,351,1.0,10.0,5.481481481481482,5.0,8.0,351,14.0,23.0,18.51851851851852,19.0,22.0,351,2.0,6.0,2.4871794871794872,2.0,4.0,351,0.0,44.0,26.56934306569343,32.0,44.0,137,0.0,104.0,48.99270072992701,56.0,104.0,137,1.0,1.0,1.0,1.0,1.0,137,0.9999999999999998,1.0000000000000002,1.0,1.0,1.0,137,1.0,1.0,1.0,1.0,1.0,137,0.9999999999999998,1.0000000000000002,1.0,1.0,1.0,137,552.0,0.0,0.0,415.0,137.0,137.0,0.0,0.0,0.0,0.0,0.0,0.0,1.0,0.0,0.0,137.0,137.0,1.0,0.0,0.0,0.0,0.0,0.0,0.0,0.0,0.0,0.0,0.0,0.0,0.0,0.0,207.8962866216898
169,10140000000000,2.0,15.0,2.883190883190883,2.0,8.0,351,1.0,10.0,5.518518518518518,5.0,8.0,351,14.0,23.0,18.48148148148148,19.0,21.0,351,2.0,6.0,2.4871794871794872,2.0,4.0,351,0.0,44.0,26.476190476190474,32.0,44.0,126,0.0,104.0,48.76190476190476,56.0,104.0,126,1.0,1.0,1.0,1.0,1.0,126,0.9999999999999998,1.0,1.0,1.0,1.0,126,1.0,1.0,1.0,1.0,1.0,126,0.9999999999999998,1.0,1.0,1.0,1.0,126,552.0,0.0,0.0,426.0,126.0,126.0,0.0,0.0,0.0,0.0,0.0,0.0,1.0,0.0,0.0,126.0,126.0,1.0,0.0,0.0,0.0,0.0,0.0,0.0,0.0,0.0,0.0,0.0,0.0,0.0,0.0,202.74263061583042
170,10200000000000,2.0,15.0,2.8974358974358974,2.0,8.0,351,1.0,10.0,5.481481481481482,5.0,8.0,351,14.0,23.0,18.51851851851852,19.0,21.0,351,2.0,6.0,2.49002849002849,2.0,4.0,351,0.0,44.0,26.83969465648855,32.0,44.0,131,0.0,104.0,49.64885496183206,56.0,104.0,131,1.0,1.0,1.0,1.0,1.0,131,0.9999999999999998,1.0000000000000002,1.0,1.0,1.0,131,1.0,1.0,1.0,1.0,1.0,131,0.9999999999999998,1.0000000000000002,1.0,1.0,1.0,131,552.0,0.0,0.0,421.0,131.0,131.0,0.0,0.0,0.0,0.0,0.0,0.0,1.0,0.0,0.0,131.0,131.0,1.0,0.0,0.0,0.0,0.0,0.0,0.0,0.0,0.0,0.0,0.0,0.0,0.0,0.0,135.66453382372856
171,10260000000000,2.0,15.0,2.871794871794872,2.0,8.0,351,1.0,10.0,5.518518518518518,6.0,8.0,351,14.0,23.0,18.48148148148148,18.0,21.0,351,2.0,7.0,2.49002849002849,2.0,4.0,351,0.0,44.0,26.857142857142858,28.0,44.0,126,0.0,104.0,49.714285714285715,40.0,104.0,126,1.0,1.0,1.0,1.0,1.0,126,0.9999999999999998,1.0000000000000002,1.0,1.0,1.0000000000000002,126,1.0,1.0,1.0,1.0,1.0,126,0.9999999999999998,1.0000000000000002,1.0,1.0,1.0000000000000002,126,552.0,0.0,0.0,426.0,126.0,126.0,0.0,0.0,0.0,0.0,0.0,0.0,1.0,0.0,0.0,126.0,126.0,1.0,0.0,0.0,0.0,0.0,0.0,0.0,0.0,0.0,0.0,0.0,0.0,0.0,0.0,126.44682824611664
172,10320000000000,2.0,15.0,2.866096866096866,2.0,8.0,351,1.0,10.0,5.518518518518518,6.0,8.0,351,14.0,23.0,18.48148148148148,18.0,21.0,351,2.0,7.0,2.5014245014245016,2.0,4.0,351,0.0,44.0,26.253968253968253,28.0,44.0,126,0.0,104.0,48.44444444444444,40.0,104.0,126,1.0,1.0,1.0,1.0,1.0,126,1.0,1.0,1.0,1.0,1.0,126,1.0,1.0,1.0,1.0,1.0,126,1.0,1.0,1.0,1.0,1.0,126,552.0,0.0,0.0,426.0,126.0,126.0,0.0,0.0,0.0,0.0,0.0,0.0,1.0,0.0,0.0,126.0,126.0,1.0,0.0,0.0,0.0,0.0,0.0,0.0,0.0,0.0,0.0,0.0,0.0,0.0,0.0,121.37535400688648
173,10380000000000,2.0,15.0,2.866096866096866,2.0,7.5,351,1.0,10.0,5.444444444444445,6.0,9.0,351,14.0,23.0,18.555555555555557,18.0,21.0,351,2.0,7.0,2.49002849002849,2.0,4.0,351,0.0,44.0,26.596491228070175,28.0,44.0,114,0.0,104.0,48.91228070175438,40.0,104.0,114,1.0,1.0,1.0,1.0,1.0,114,0.9999999999999998,1.0000000000000002,1.0,1.0,1.0,114,1.0,1.0,1.0,1.0,1.0,114,0.9999999999999998,1.0000000000000002,1.0,1.0,1.0,114,552.0,0.0,0.0,438.0,114.0,114.0,0.0,0.0,0.0,0.0,0.0,0.0,1.0,0.0,0.0,114.0,114.0,1.0,0.0,0.0,0.0,0.0,0.0,0.0,0.0,0.0,0.0,0.0,0.0,0.0,0.0,205.83418011665344
174,10440000000000,2.0,14.0,2.8347578347578346,2.0,7.0,351,1.0,10.0,5.592592592592593,6.0,9.0,351,14.0,23.0,18.40740740740741,18.0,21.0,351,2.0,7.0,2.4843304843304845,2.0,4.0,351,0.0,44.0,26.964285714285715,30.0,44.0,112,0.0,104.0,50.0,48.0,104.0,112,1.0,1.0,1.0,1.0,1.0,112,0.9999999999999998,1.0000000000000002,1.0,1.0,1.0,112,1.0,1.0,1.0,1.0,1.0,112,0.9999999999999998,1.0000000000000002,1.0,1.0,1.0,112,552.0,0.0,0.0,440.0,112.0,112.0,0.0,0.0,0.0,0.0,0.0,0.0,1.0,0.0,0.0,112.0,112.0,1.0,0.0,0.0,0.0,0.0,0.0,0.0,0.0,0.0,0.0,0.0,0.0,0.0,0.0,146.19074761867523
175,10500000000000,2.0,14.0,2.8575498575498575,2.0,7.5,351,1.0,9.0,5.444444444444445,6.0,8.0,351,15.0,23.0,18.555555555555557,18.0,21.0,351,2.0,7.0,2.4814814814814814,2.0,4.0,351,0.0,44.0,26.99236641221374,32.0,44.0,131,0.0,104.0,50.80916030534351,56.0,104.0,131,1.0,1.0,1.0,1.0,1.0,131,0.9999999999999998,1.0000000000000002,1.0,1.0,1.0,131,1.0,1.0,1.0,1.0,1.0,131,0.9999999999999998,1.0000000000000002,1.0,1.0,1.0,131,552.0,0.0,0.0,421.0,131.0,131.0,0.0,0.0,0.0,0.0,0.0,0.0,1.0,0.0,0.0,131.0,131.0,1.0,0.0,0.0,0.0,0.0,0.0,0.0,0.0,0.0,0.0,0.0,0.0,0.0,0.0,139.7733110934496
176,10560000000000,2.0,15.0,2.9002849002849005,2.0,8.0,351,1.0,10.0,5.481481481481482,5.0,8.0,351,14.0,23.0,18.51851851851852,19.0,21.0,351,2.0,6.0,2.492877492877493,2.0,4.0,351,0.0,44.0,27.19402985074627,32.0,44.0,134,0.0,104.0,50.74626865671642,56.0,104.0,134,1.0,1.0,1.0,1.0,1.0,134,0.9999999999999998,1.0,1.0,1.0,1.0,134,1.0,1.0,1.0,1.0,1.0,134,0.9999999999999998,1.0,1.0,1.0,1.0,134,552.0,0.0,0.0,418.0,134.0,134.0,0.0,0.0,0.0,0.0,0.0,0.0,1.0,0.0,0.0,134.0,134.0,1.0,0.0,0.0,0.0,0.0,0.0,0.0,0.0,0.0,0.0,0.0,0.0,0.0,0.0,132.02418014407158
177,10620000000000,2.0,15.0,2.9002849002849005,2.0,8.0,351,1.0,10.0,5.555555555555555,5.0,8.0,351,14.0,23.0,18.444444444444443,19.0,21.0,351,2.0,6.0,2.4957264957264957,2.0,4.0,351,0.0,44.0,26.564885496183205,32.0,44.0,131,0.0,104.0,49.099236641221374,56.0,104.0,131,1.0,1.0,1.0,1.0,1.0,131,0.9999999999999999,1.0,1.0,1.0,1.0,131,1.0,1.0,1.0,1.0,1.0,131,0.9999999999999999,1.0,1.0,1.0,1.0,131,552.0,0.0,0.0,421.0,131.0,131.0,0.0,0.0,0.0,0.0,0.0,0.0,1.0,0.0,0.0,131.0,131.0,1.0,0.0,0.0,0.0,0.0,0.0,0.0,0.0,0.0,0.0,0.0,0.0,0.0,0.0,140.79646579921246
178,10680000000000,2.0,15.0,2.925925925925926,2.0,8.0,351,1.0,10.0,5.62962962962963,6.0,8.0,351,14.0,23.0,18.37037037037037,18.0,21.0,351,2.0,6.0,2.50997150997151,2.0,4.0,351,0.0,44.0,26.205882352941178,28.0,44.0,136,0.0,104.0,47.64705882352941,40.0,104.0,136,1.0,1.0,1.0,1.0,1.0,136,0.9999999999999999,1.0000000000000002,1.0,1.0,1.0,136,1.0,1.0,1.0,1.0,1.0,136,0.9999999999999999,1.0000000000000002,1.0,1.0,1.0,136,552.0,0.0,0.0,416.0,136.0,136.0,0.0,0.0,0.0,0.0,0.0,0.0,1.0,0.0,0.0,136.0,136.0,1.0,0.0,0.0,0.0,0.0,0.0,0.0,0.0,0.0,0.0,0.0,0.0,0.0,0.0,156.2299206852913
179,10740000000000,2.0,16.0,2.9002849002849005,2.0,7.5,351,1.0,10.0,5.666666666666667,5.0,9.0,351,14.0,23.0,18.333333333333332,19.0,21.0,351,2.0,8.0,2.5042735042735043,2.0,4.0,351,0.0,44.0,26.08823529411765,28.0,44.0,136,0.0,104.0,47.705882352941174,40.0,104.0,136,1.0,1.0,1.0,1.0,1.0,136,0.9999999999999998,1.0000000000000002,1.0,1.0,1.0,136,1.0,1.0,1.0,1.0,1.0,136,0.9999999999999998,1.0000000000000002,1.0,1.0,1.0,136,552.0,0.0,0.0,416.0,136.0,136.0,0.0,0.0,0.0,0.0,0.0,0.0,1.0,0.0,0.0,136.0,136.0,1.0,0.0,0.0,0.0,0.0,0.0,0.0,0.0,0.0,0.0,0.0,0.0,0.0,0.0,171.7554833739996
180,10800000000000,2.0,15.0,2.8774928774928776,2.0,7.5,351,1.0,10.0,5.555555555555555,5.0,9.0,351,14.0,23.0,18.444444444444443,19.0,21.0,351,2.0,7.0,2.5042735042735043,2.0,4.0,351,0.0,44.0,26.70769230769231,28.0,44.0,130,0.0,104.0,49.23076923076923,40.0,104.0,130,1.0,1.0,1.0,1.0,1.0,130,0.9999999999999998,1.0000000000000002,1.0,1.0,1.0000000000000002,130,1.0,1.0,1.0,1.0,1.0,130,0.9999999999999998,1.0000000000000002,1.0,1.0,1.0000000000000002,130,552.0,0.0,0.0,422.0,130.0,130.0,0.0,0.0,0.0,0.0,0.0,0.0,1.0,0.0,0.0,130.0,130.0,1.0,0.0,0.0,0.0,0.0,0.0,0.0,0.0,0.0,0.0,0.0,0.0,0.0,0.0,178.46188507974148
181,10860000000000,2.0,15.0,2.8575498575498575,2.0,7.5,351,1.0,10.0,5.444444444444445,5.0,9.0,351,14.0,23.0,18.555555555555557,19.0,21.0,351,2.0,7.0,2.4814814814814814,2.0,4.0,351,0.0,44.0,26.23008849557522,28.0,44.0,113,0.0,104.0,48.21238938053097,40.0,104.0,113,1.0,1.0,1.0,1.0,1.0,113,0.9999999999999998,1.0000000000000002,1.0,1.0,1.0000000000000002,113,1.0,1.0,1.0,1.0,1.0,113,0.9999999999999998,1.0000000000000002,1.0,1.0,1.0000000000000002,113,552.0,0.0,0.0,439.0,113.0,113.0,0.0,0.0,0.0,0.0,0.0,0.0,1.0,0.0,0.0,113.0,113.0,1.0,0.0,0.0,0.0,0.0,0.0,0.0,0.0,0.0,0.0,0.0,0.0,0.0,0.0,183.57898108661175
182,10920000000000,2.0,14.0,2.8518518518518516,2.0,7.5,351,1.0,10.0,5.518518518518518,6.0,8.0,351,14.0,23.0,18.48148148148148,18.0,21.0,351,2.0,7.0,2.4814814814814814,2.0,4.0,351,0.0,44.0,26.379310344827587,28.0,44.0,116,0.0,104.0,49.03448275862069,40.0,104.0,116,1.0,1.0,1.0,1.0,1.0,116,0.9999999999999998,1.0,1.0,1.0,1.0,116,1.0,1.0,1.0,1.0,1.0,116,0.9999999999999998,1.0,1.0,1.0,1.0,116,552.0,0.0,0.0,436.0,116.0,116.0,0.0,0.0,0.0,0.0,0.0,0.0,1.0,0.0,0.0,116.0,116.0,1.0,0.0,0.0,0.0,0.0,0.0,0.0,0.0,0.0,0.0,0.0,0.0,0.0,0.0,257.4231792241335
183,10980000000000,2.0,14.0,2.8404558404558404,2.0,8.0,351,2.0,8.0,5.481481481481482,5.0,8.0,351,16.0,22.0,18.51851851851852,19.0,21.0,351,2.0,7.0,2.4814814814814814,2.0,4.0,351,0.0,44.0,27.284552845528456,32.0,44.0,123,0.0,104.0,51.1869918699187,56.0,104.0,123,1.0,1.0,1.0,1.0,1.0,123,0.9999999999999999,1.0000000000000002,1.0,1.0,1.0,123,1.0,1.0,1.0,1.0,1.0,123,0.9999999999999999,1.0000000000000002,1.0,1.0,1.0,123,552.0,0.0,0.0,429.0,123.0,123.0,0.0,0.0,0.0,0.0,0.0,0.0,1.0,0.0,0.0,123.0,123.0,1.0,0.0,0.0,0.0,0.0,0.0,0.0,0.0,0.0,0.0,0.0,0.0,0.0,0.0,187.25737370550632
184,11040000000000,2.0,15.0,2.923076923076923,2.0,8.0,351,2.0,10.0,5.703703703703703,5.0,9.0,351,14.0,22.0,18.296296296296298,19.0,21.0,351,2.0,6.0,2.5128205128205128,2.0,4.0,351,0.0,44.0,27.11111111111111,32.0,44.0,135,0.0,104.0,49.77777777777778,56.0,104.0,135,1.0,1.0,1.0,1.0,1.0,135,1.0,1.0000000000000002,1.0,1.0,1.0000000000000002,135,1.0,1.0,1.0,1.0,1.0,135,1.0,1.0000000000000002,1.0,1.0,1.0000000000000002,135,552.0,0.0,0.0,417.0,135.0,135.0,0.0,0.0,0.0,0.0,0.0,0.0,1.0,0.0,0.0,135.0,135.0,1.0,0.0,0.0,0.0,0.0,0.0,0.0,0.0,0.0,0.0,0.0,0.0,0.0,0.0,158.40063616633415
185,11100000000000,2.0,15.0,2.92022792022792,2.0,8.0,351,2.0,10.0,5.666666666666667,6.0,9.0,351,14.0,22.0,18.333333333333332,18.0,21.0,351,2.0,6.0,2.5042735042735043,2.0,4.0,351,0.0,44.0,26.925373134328357,32.0,44.0,134,0.0,104.0,49.67164179104478,56.0,104.0,134,1.0,1.0,1.0,1.0,1.0,134,0.9999999999999998,1.0000000000000002,1.0,1.0,1.0,134,1.0,1.0,1.0,1.0,1.0,134,0.9999999999999998,1.0000000000000002,1.0,1.0,1.0,134,552.0,0.0,0.0,418.0,134.0,134.0,0.0,0.0,0.0,0.0,0.0,0.0,1.0,0.0,0.0,134.0,134.0,1.0,0.0,0.0,0.0,0.0,0.0,0.0,0.0,0.0,0.0,0.0,0.0,0.0,0.0,138.93796876072884
186,11160000000000,2.0,15.0,2.9316239316239314,2.0,9.0,351,2.0,10.0,5.518518518518518,5.0,9.0,351,14.0,22.0,18.48148148148148,19.0,21.0,351,2.0,6.0,2.5042735042735043,2.0,4.0,351,0.0,44.0,26.0,28.0,44.0,138,0.0,104.0,47.130434782608695,40.0,104.0,138,1.0,1.0,1.0,1.0,1.0,138,0.9999999999999999,1.0000000000000002,1.0,1.0,1.0,138,1.0,1.0,1.0,1.0,1.0,138,0.9999999999999999,1.0000000000000002,1.0,1.0,1.0,138,552.0,0.0,0.0,414.0,138.0,138.0,0.0,0.0,0.0,0.0,0.0,0.0,1.0,0.0,0.0,138.0,138.0,1.0,0.0,0.0,0.0,0.0,0.0,0.0,0.0,0.0,0.0,0.0,0.0,0.0,0.0,142.09293015301228
187,11220000000000,2.0,15.0,2.8803418803418803,2.0,8.0,351,2.0,10.0,5.592592592592593,5.0,8.0,351,14.0,22.0,18.40740740740741,19.0,21.0,351,2.0,7.0,2.5042735042735043,2.0,4.0,351,0.0,44.0,25.637795275590552,28.0,44.0,127,0.0,104.0,46.99212598425197,40.0,104.0,127,1.0,1.0,1.0,1.0,1.0,127,0.9999999999999998,1.0000000000000002,1.0,1.0,1.0,127,1.0,1.0,1.0,1.0,1.0,127,0.9999999999999998,1.0000000000000002,1.0,1.0,1.0,127,552.0,0.0,0.0,425.0,127.0,127.0,0.0,0.0,0.0,0.0,0.0,0.0,1.0,0.0,0.0,127.0,127.0,1.0,0.0,0.0,0.0,0.0,0.0,0.0,0.0,0.0,0.0,0.0,0.0,0.0,0.0,213.8961348682642
188,11280000000000,2.0,15.0,2.8461538461538463,2.0,7.0,351,1.0,10.0,5.518518518518518,5.0,8.0,351,14.0,23.0,18.48148148148148,19.0,21.0,351,2.0,7.0,2.492877492877493,2.0,4.0,351,0.0,44.0,26.633333333333333,28.0,44.0,120,0.0,104.0,48.333333333333336,40.0,104.0,120,1.0,1.0,1.0,1.0,1.0,120,0.9999999999999999,1.0000000000000002,1.0,1.0,1.0000000000000002,120,1.0,1.0,1.0,1.0,1.0,120,0.9999999999999999,1.0000000000000002,1.0,1.0,1.0000000000000002,120,552.0,0.0,0.0,432.0,120.0,120.0,0.0,0.0,0.0,0.0,0.0,0.0,1.0,0.0,0.0,120.0,120.0,1.0,0.0,0.0,0.0,0.0,0.0,0.0,0.0,0.0,0.0,0.0,0.0,0.0,0.0,76.1735551059246
189,11340000000000,2.0,15.0,2.8917378917378915,2.0,8.0,351,1.0,10.0,5.62962962962963,6.0,8.0,351,14.0,23.0,18.37037037037037,18.0,22.0,351,2.0,7.0,2.4957264957264957,2.0,4.0,351,0.0,44.0,26.446280991735538,28.0,44.0,121,0.0,104.0,47.47107438016529,40.0,104.0,121,1.0,1.0,1.0,1.0,1.0,121,0.9999999999999998,1.0000000000000002,1.0,1.0,1.0,121,1.0,1.0,1.0,1.0,1.0,121,0.9999999999999998,1.0000000000000002,1.0,1.0,1.0,121,552.0,0.0,0.0,431.0,121.0,121.0,0.0,0.0,0.0,0.0,0.0,0.0,1.0,0.0,0.0,121.0,121.0,1.0,0.0,0.0,0.0,0.0,0.0,0.0,0.0,0.0,0.0,0.0,0.0,0.0,0.0,124.96916018426418
190,11400000000000,2.0,13.0,2.8575498575498575,2.0,8.0,351,2.0,8.0,5.481481481481482,5.0,8.0,351,16.0,22.0,18.51851851851852,19.0,22.0,351,2.0,7.0,2.492877492877493,2.0,4.0,351,0.0,44.0,25.627118644067796,28.0,44.0,118,0.0,104.0,46.983050847457626,40.0,104.0,118,1.0,1.0,1.0,1.0,1.0,118,0.9999999999999998,1.0,1.0,1.0,1.0,118,1.0,1.0,1.0,1.0,1.0,118,0.9999999999999998,1.0,1.0,1.0,1.0,118,552.0,0.0,0.0,434.0,118.0,118.0,0.0,0.0,0.0,0.0,0.0,0.0,1.0,0.0,0.0,118.0,118.0,1.0,0.0,0.0,0.0,0.0,0.0,0.0,0.0,0.0,0.0,0.0,0.0,0.0,0.0,134.79607738554478
191,11460000000000,2.0,14.0,2.8575498575498575,2.0,8.0,351,2.0,9.0,5.62962962962963,6.0,8.0,351,15.0,22.0,18.37037037037037,18.0,21.0,351,2.0,7.0,2.4985754985754984,2.0,4.0,351,0.0,44.0,26.73170731707317,32.0,44.0,123,0.0,104.0,50.146341463414636,56.0,104.0,123,1.0,1.0,1.0,1.0,1.0,123,0.9999999999999999,1.0,1.0,1.0,1.0,123,1.0,1.0,1.0,1.0,1.0,123,0.9999999999999999,1.0,1.0,1.0,1.0,123,552.0,0.0,0.0,429.0,123.0,123.0,0.0,0.0,0.0,0.0,0.0,0.0,1.0,0.0,0.0,123.0,123.0,1.0,0.0,0.0,0.0,0.0,0.0,0.0,0.0,0.0,0.0,0.0,0.0,0.0,0.0,227.14857384562492
192,11520000000000,2.0,14.0,2.8803418803418803,2.0,8.0,351,2.0,9.0,5.592592592592593,5.0,9.0,351,15.0,22.0,18.40740740740741,19.0,21.0,351,2.0,7.0,2.5042735042735043,2.0,4.0,351,0.0,44.0,26.676923076923078,32.0,44.0,130,0.0,104.0,49.10769230769231,56.0,104.0,130,1.0,1.0,1.0,1.0,1.0,130,0.9999999999999998,1.0000000000000002,1.0,1.0,1.0,130,1.0,1.0,1.0,1.0,1.0,130,0.9999999999999998,1.0000000000000002,1.0,1.0,1.0,130,552.0,0.0,0.0,422.0,130.0,130.0,0.0,0.0,0.0,0.0,0.0,0.0,1.0,0.0,0.0,130.0,130.0,1.0,0.0,0.0,0.0,0.0,0.0,0.0,0.0,0.0,0.0,0.0,0.0,0.0,0.0,202.45794765651226
193,11580000000000,2.0,15.0,2.9173789173789175,2.0,8.5,351,2.0,10.0,5.703703703703703,6.0,8.0,351,14.0,22.0,18.296296296296298,18.0,21.0,351,2.0,6.0,2.5042735042735043,2.0,4.0,351,0.0,44.0,26.857142857142858,28.0,44.0,133,0.0,104.0,48.962406015037594,40.0,104.0,133,1.0,1.0,1.0,1.0,1.0,133,0.9999999999999998,1.0000000000000002,1.0,1.0,1.0,133,1.0,1.0,1.0,1.0,1.0,133,0.9999999999999998,1.0000000000000002,1.0,1.0,1.0,133,552.0,0.0,0.0,419.0,133.0,133.0,0.0,0.0,0.0,0.0,0.0,0.0,1.0,0.0,0.0,133.0,133.0,1.0,0.0,0.0,0.0,0.0,0.0,0.0,0.0,0.0,0.0,0.0,0.0,0.0,0.0,140.17436280846596
194,11640000000000,2.0,15.0,2.923076923076923,2.0,9.0,351,2.0,10.0,5.481481481481482,6.0,8.0,351,14.0,22.0,18.51851851851852,18.0,22.0,351,2.0,7.0,2.507122507122507,2.0,4.0,351,0.0,44.0,25.880597014925375,28.0,44.0,134,0.0,104.0,47.64179104477612,40.0,104.0,134,1.0,1.0,1.0,1.0,1.0,134,0.9999999999999998,1.0000000000000002,1.0,1.0,1.0,134,1.0,1.0,1.0,1.0,1.0,134,0.9999999999999998,1.0000000000000002,1.0,1.0,1.0,134,552.0,0.0,0.0,418.0,134.0,134.0,0.0,0.0,0.0,0.0,0.0,0.0,1.0,0.0,0.0,134.0,134.0,1.0,0.0,0.0,0.0,0.0,0.0,0.0,0.0,0.0,0.0,0.0,0.0,0.0,0.0,142.1736553311348
195,11700000000000,2.0,15.0,2.8603988603988606,2.0,8.0,351,2.0,10.0,5.407407407407407,5.0,8.0,351,14.0,22.0,18.59259259259259,19.0,21.0,351,2.0,7.0,2.492877492877493,2.0,4.0,351,0.0,44.0,25.10569105691057,28.0,44.0,123,0.0,104.0,45.39837398373984,40.0,104.0,123,1.0,1.0,1.0,1.0,1.0,123,0.9999999999999999,1.0000000000000002,1.0,1.0,1.0,123,1.0,1.0,1.0,1.0,1.0,123,0.9999999999999999,1.0000000000000002,1.0,1.0,1.0,123,552.0,0.0,0.0,429.0,123.0,123.0,0.0,0.0,0.0,0.0,0.0,0.0,1.0,0.0,0.0,123.0,123.0,1.0,0.0,0.0,0.0,0.0,0.0,0.0,0.0,0.0,0.0,0.0,0.0,0.0,0.0,139.01283033192158
196,11760000000000,2.0,15.0,2.8774928774928776,2.0,8.0,351,2.0,10.0,5.62962962962963,6.0,9.0,351,14.0,22.0,18.37037037037037,18.0,22.0,351,2.0,7.0,2.5014245014245016,2.0,4.0,351,0.0,44.0,26.211382113821138,28.0,44.0,123,0.0,104.0,46.89430894308943,40.0,104.0,123,1.0,1.0,1.0,1.0,1.0,123,0.9999999999999998,1.0000000000000002,1.0,1.0,1.0,123,1.0,1.0,1.0,1.0,1.0,123,0.9999999999999998,1.0000000000000002,1.0,1.0,1.0,123,552.0,0.0,0.0,429.0,123.0,123.0,0.0,0.0,0.0,0.0,0.0,0.0,1.0,0.0,0.0,123.0,123.0,1.0,0.0,0.0,0.0,0.0,0.0,0.0,0.0,0.0,0.0,0.0,0.0,0.0,0.0,226.891428232193
197,11820000000000,2.0,15.0,2.868945868945869,2.0,8.0,351,1.0,9.0,5.518518518518518,5.0,8.0,351,15.0,23.0,18.48148148148148,19.0,22.0,351,2.0,7.0,2.4814814814814814,2.0,4.0,351,0.0,44.0,26.25,28.0,44.0,128,0.0,104.0,47.625,40.0,104.0,128,1.0,1.0,1.0,1.0,1.0,128,0.9999999999999998,1.0000000000000002,1.0,1.0,1.0,128,1.0,1.0,1.0,1.0,1.0,128,0.9999999999999998,1.0000000000000002,1.0,1.0,1.0,128,552.0,0.0,0.0,424.0,128.0,128.0,0.0,0.0,0.0,0.0,0.0,0.0,1.0,0.0,0.0,128.0,128.0,1.0,0.0,0.0,0.0,0.0,0.0,0.0,0.0,0.0,0.0,0.0,0.0,0.0,0.0,177.393002435565
198,11880000000000,2.0,15.0,2.8746438746438745,2.0,8.0,351,2.0,9.0,5.555555555555555,5.0,8.0,351,15.0,22.0,18.444444444444443,19.0,22.0,351,2.0,7.0,2.49002849002849,2.0,4.0,351,0.0,44.0,25.680672268907564,28.0,44.0,119,0.0,104.0,47.05882352941177,40.0,104.0,119,1.0,1.0,1.0,1.0,1.0,119,0.9999999999999998,1.0,1.0,1.0,1.0,119,1.0,1.0,1.0,1.0,1.0,119,0.9999999999999998,1.0,1.0,1.0,1.0,119,552.0,0.0,0.0,433.0,119.0,119.0,0.0,0.0,0.0,0.0,0.0,0.0,1.0,0.0,0.0,119.0,119.0,1.0,0.0,0.0,0.0,0.0,0.0,0.0,0.0,0.0,0.0,0.0,0.0,0.0,0.0,148.8111037760973
199,11940000000000,2.0,14.0,2.8575498575498575,2.0,7.0,351,2.0,9.0,5.481481481481482,5.0,8.0,351,15.0,22.0,18.51851851851852,19.0,22.0,351,2.0,7.0,2.49002849002849,2.0,4.0,351,0.0,44.0,26.677966101694917,32.0,44.0,118,0.0,104.0,49.96610169491525,56.0,104.0,118,1.0,1.0,1.0,1.0,1.0,118,0.9999999999999999,1.0000000000000002,1.0,1.0,1.0,118,1.0,1.0,1.0,1.0,1.0,118,0.9999999999999999,1.0000000000000002,1.0,1.0,1.0,118,552.0,0.0,0.0,434.0,118.0,118.0,0.0,0.0,0.0,0.0,0.0,0.0,1.0,0.0,0.0,118.0,118.0,1.0,0.0,0.0,0.0,0.0,0.0,0.0,0.0,0.0,0.0,0.0,0.0,0.0,0.0,159.83569994568825
200,12000000000000,2.0,13.0,2.8547008547008548,2.0,7.0,351,2.0,8.0,5.518518518518518,6.0,8.0,351,16.0,22.0,18.48148148148148,18.0,22.0,351,2.0,6.0,2.492877492877493,2.0,4.0,351,0.0,44.0,26.689655172413794,32.0,44.0,116,0.0,104.0,49.03448275862069,56.0,104.0,116,1.0,1.0,1.0,1.0,1.0,116,0.9999999999999998,1.0,1.0,1.0,1.0,116,1.0,1.0,1.0,1.0,1.0,116,0.9999999999999998,1.0,1.0,1.0,1.0,116,552.0,0.0,0.0,436.0,116.0,116.0,0.0,0.0,0.0,0.0,0.0,0.0,1.0,0.0,0.0,116.0,116.0,1.0,0.0,0.0,0.0,0.0,0.0,0.0,0.0,0.0,0.0,0.0,0.0,0.0,0.0,242.63441562652588
201,12060000000000,2.0,14.0,2.8917378917378915,2.0,9.0,351,2.0,8.0,5.592592592592593,6.0,8.0,351,16.0,22.0,18.40740740740741,18.0,22.0,351,2.0,7.0,2.4985754985754984,2.0,4.0,351,0.0,44.0,27.055118110236222,28.0,44.0,127,0.0,104.0,48.69291338582677,40.0,104.0,127,1.0,1.0,1.0,1.0,1.0,127,0.9999999999999998,1.0000000000000002,1.0,1.0,1.0,127,1.0,1.0,1.0,1.0,1.0,127,0.9999999999999998,1.0000000000000002,1.0,1.0,1.0,127,552.0,0.0,0.0,425.0,127.0,127.0,0.0,0.0,0.0,0.0,0.0,0.0,1.0,0.0,0.0,127.0,127.0,1.0,0.0,0.0,0.0,0.0,0.0,0.0,0.0,0.0,0.0,0.0,0.0,0.0,0.0,155.38961440324783
202,12120000000000,2.0,14.0,2.9401709401709404,2.0,9.0,351,2.0,9.0,5.62962962962963,6.0,8.0,351,15.0,22.0,18.37037037037037,18.0,22.0,351,2.0,7.0,2.5242165242165244,2.0,4.0,351,0.0,44.0,26.0,28.0,44.0,134,0.0,104.0,47.582089552238806,40.0,104.0,134,1.0,1.0,1.0,1.0,1.0,134,0.9999999999999998,1.0000000000000002,1.0,1.0,1.0,134,1.0,1.0,1.0,1.0,1.0,134,0.9999999999999998,1.0000000000000002,1.0,1.0,1.0,134,552.0,0.0,0.0,418.0,134.0,134.0,0.0,0.0,0.0,0.0,0.0,0.0,1.0,0.0,0.0,134.0,134.0,1.0,0.0,0.0,0.0,0.0,0.0,0.0,0.0,0.0,0.0,0.0,0.0,0.0,0.0,143.30385625362396
203,12180000000000,2.0,14.0,2.9287749287749287,2.0,9.0,351,1.0,9.0,5.592592592592593,6.0,8.0,351,15.0,23.0,18.40740740740741,18.0,22.0,351,2.0,7.0,2.4985754985754984,2.0,4.0,351,0.0,44.0,26.76691729323308,28.0,44.0,133,0.0,104.0,49.142857142857146,40.0,104.0,133,1.0,1.0,1.0,1.0,1.0,133,0.9999999999999998,1.0000000000000002,1.0,1.0,1.0,133,1.0,1.0,1.0,1.0,1.0,133,0.9999999999999998,1.0000000000000002,1.0,1.0,1.0,133,552.0,0.0,0.0,419.0,133.0,133.0,0.0,0.0,0.0,0.0,0.0,0.0,1.0,0.0,0.0,133.0,133.0,1.0,0.0,0.0,0.0,0.0,0.0,0.0,0.0,0.0,0.0,0.0,0.0,0.0,0.0,127.88735516369343
204,12240000000000,2.0,13.0,2.8746438746438745,2.0,7.0,351,2.0,9.0,5.481481481481482,6.0,8.0,351,15.0,22.0,18.51851851851852,18.0,22.0,351,2.0,7.0,2.49002849002849,2.0,4.0,351,0.0,44.0,26.521008403361346,28.0,44.0,119,0.0,104.0,47.39495798319328,40.0,104.0,119,1.0,1.0,1.0,1.0,1.0,119,0.9999999999999998,1.0000000000000002,1.0,1.0,1.0000000000000002,119,1.0,1.0,1.0,1.0,1.0,119,0.9999999999999998,1.0000000000000002,1.0,1.0,1.0000000000000002,119,552.0,0.0,0.0,433.0,119.0,119.0,0.0,0.0,0.0,0.0,0.0,0.0,1.0,0.0,0.0,119.0,119.0,1.0,0.0,0.0,0.0,0.0,0.0,0.0,0.0,0.0,0.0,0.0,0.0,0.0,0.0,206.44715800881386
205,12300000000000,2.0,15.0,2.871794871794872,2.0,8.0,351,1.0,9.0,5.481481481481482,5.0,8.0,351,15.0,23.0,18.51851851851852,19.0,22.0,351,2.0,7.0,2.4843304843304845,2.0,4.0,351,0.0,44.0,25.533333333333335,28.0,44.0,120,0.0,104.0,45.733333333333334,40.0,104.0,120,1.0,1.0,1.0,1.0,1.0,120,0.9999999999999998,1.0000000000000002,1.0,1.0,1.0,120,1.0,1.0,1.0,1.0,1.0,120,0.9999999999999998,1.0000000000000002,1.0,1.0,1.0,120,552.0,0.0,0.0,432.0,120.0,120.0,0.0,0.0,0.0,0.0,0.0,0.0,1.0,0.0,0.0,120.0,120.0,1.0,0.0,0.0,0.0,0.0,0.0,0.0,0.0,0.0,0.0,0.0,0.0,0.0,0.0,133.6059309542179
206,12360000000000,2.0,15.0,2.8632478632478633,2.0,7.5,351,2.0,9.0,5.592592592592593,5.0,8.0,351,15.0,22.0,18.40740740740741,19.0,22.0,351,2.0,7.0,2.492877492877493,2.0,4.0,351,0.0,44.0,26.459016393442624,32.0,44.0,122,0.0,104.0,49.18032786885246,56.0,104.0,122,1.0,1.0,1.0,1.0,1.0,122,0.9999999999999998,1.0000000000000002,1.0,1.0,1.0,122,1.0,1.0,1.0,1.0,1.0,122,0.9999999999999998,1.0000000000000002,1.0,1.0,1.0,122,552.0,0.0,0.0,430.0,122.0,122.0,0.0,0.0,0.0,0.0,0.0,0.0,1.0,0.0,0.0,122.0,122.0,1.0,0.0,0.0,0.0,0.0,0.0,0.0,0.0,0.0,0.0,0.0,0.0,0.0,0.0,126.46310403943062
207,12420000000000,2.0,14.0,2.8974358974358974,2.0,7.5,351,2.0,9.0,5.703703703703703,6.0,8.0,351,15.0,22.0,18.296296296296298,18.0,21.0,351,2.0,7.0,2.5042735042735043,2.0,4.0,351,0.0,44.0,26.933333333333334,32.0,44.0,120,0.0,104.0,50.13333333333333,56.0,104.0,120,1.0,1.0,1.0,1.0,1.0,120,0.9999999999999999,1.0,1.0,1.0,1.0,120,1.0,1.0,1.0,1.0,1.0,120,0.9999999999999999,1.0,1.0,1.0,1.0,120,552.0,0.0,0.0,432.0,120.0,120.0,0.0,0.0,0.0,0.0,0.0,0.0,1.0,0.0,0.0,120.0,120.0,1.0,0.0,0.0,0.0,0.0,0.0,0.0,0.0,0.0,0.0,0.0,0.0,0.0,0.0,127.5203600525856
208,12480000000000,2.0,14.0,2.886039886039886,2.0,8.0,351,2.0,9.0,5.592592592592593,6.0,8.0,351,15.0,22.0,18.40740740740741,18.0,22.0,351,2.0,6.0,2.4985754985754984,2.0,4.0,351,0.0,44.0,26.46153846153846,32.0,44.0,117,0.0,104.0,48.0,56.0,104.0,117,1.0,1.0,1.0,1.0,1.0,117,0.9999999999999999,1.0,1.0,1.0,1.0,117,1.0,1.0,1.0,1.0,1.0,117,0.9999999999999999,1.0,1.0,1.0,1.0,117,552.0,0.0,0.0,435.0,117.0,117.0,0.0,0.0,0.0,0.0,0.0,0.0,1.0,0.0,0.0,117.0,117.0,1.0,0.0,0.0,0.0,0.0,0.0,0.0,0.0,0.0,0.0,0.0,0.0,0.0,0.0,134.71613265573978
209,12540000000000,2.0,14.0,2.8917378917378915,2.0,8.5,351,1.0,8.0,5.555555555555555,6.0,8.0,351,16.0,23.0,18.444444444444443,18.0,22.0,351,2.0,7.0,2.4957264957264957,2.0,4.0,351,0.0,44.0,26.049586776859503,28.0,44.0,121,0.0,104.0,46.47933884297521,40.0,104.0,121,1.0,1.0,1.0,1.0,1.0,121,0.9999999999999999,1.0000000000000002,1.0,1.0,1.0,121,1.0,1.0,1.0,1.0,1.0,121,0.9999999999999999,1.0000000000000002,1.0,1.0,1.0,121,552.0,0.0,0.0,431.0,121.0,121.0,0.0,0.0,0.0,0.0,0.0,0.0,1.0,0.0,0.0,121.0,121.0,1.0,0.0,0.0,0.0,0.0,0.0,0.0,0.0,0.0,0.0,0.0,0.0,0.0,0.0,201.18038915097713
210,12600000000000,2.0,14.0,2.8774928774928776,2.0,7.5,351,1.0,9.0,5.666666666666667,6.0,8.0,351,15.0,23.0,18.333333333333332,18.0,21.0,351,2.0,7.0,2.5156695156695155,2.0,4.0,351,0.0,44.0,26.451612903225808,28.0,44.0,124,0.0,104.0,48.32258064516129,40.0,104.0,124,1.0,1.0,1.0,1.0,1.0,124,0.9999999999999997,1.0,1.0,1.0,1.0,124,1.0,1.0,1.0,1.0,1.0,124,0.9999999999999997,1.0,1.0,1.0,1.0,124,552.0,0.0,0.0,428.0,124.0,124.0,0.0,0.0,0.0,0.0,0.0,0.0,1.0,0.0,0.0,124.0,124.0,1.0,0.0,0.0,0.0,0.0,0.0,0.0,0.0,0.0,0.0,0.0,0.0,0.0,0.0,141.86917059123516
211,12660000000000,2.0,14.0,2.925925925925926,2.0,8.0,351,1.0,10.0,5.666666666666667,6.0,8.0,351,14.0,23.0,18.333333333333332,18.0,21.0,351,2.0,7.0,2.50997150997151,2.0,4.0,351,0.0,44.0,26.875,28.0,44.0,128,0.0,104.0,49.0,40.0,104.0,128,1.0,1.0,1.0,1.0,1.0,128,0.9999999999999998,1.0,1.0,1.0,1.0,128,1.0,1.0,1.0,1.0,1.0,128,0.9999999999999998,1.0,1.0,1.0,1.0,128,552.0,0.0,0.0,424.0,128.0,128.0,0.0,0.0,0.0,0.0,0.0,0.0,1.0,0.0,0.0,128.0,128.0,1.0,0.0,0.0,0.0,0.0,0.0,0.0,0.0,0.0,0.0,0.0,0.0,0.0,0.0,155.34921549260616
212,12720000000000,2.0,14.0,2.903133903133903,2.0,8.0,351,1.0,10.0,5.592592592592593,6.0,8.0,351,14.0,23.0,18.40740740740741,18.0,22.0,351,2.0,7.0,2.5014245014245016,2.0,4.0,351,0.0,44.0,26.075187969924812,28.0,44.0,133,0.0,104.0,46.91729323308271,40.0,104.0,133,1.0,1.0,1.0,1.0,1.0,133,0.9999999999999998,1.0,1.0,1.0,1.0,133,1.0,1.0,1.0,1.0,1.0,133,0.9999999999999998,1.0,1.0,1.0,1.0,133,552.0,0.0,0.0,419.0,133.0,133.0,0.0,0.0,0.0,0.0,0.0,0.0,1.0,0.0,0.0,133.0,133.0,1.0,0.0,0.0,0.0,0.0,0.0,0.0,0.0,0.0,0.0,0.0,0.0,0.0,0.0,97.39539958536625
213,12780000000000,2.0,13.0,2.8774928774928776,2.0,8.0,351,1.0,10.0,5.555555555555555,6.0,8.0,351,14.0,23.0,18.444444444444443,18.0,22.0,351,2.0,6.0,2.4957264957264957,2.0,4.0,351,0.0,44.0,26.65573770491803,28.0,44.0,122,0.0,104.0,48.19672131147541,40.0,104.0,122,1.0,1.0,1.0,1.0,1.0,122,0.9999999999999997,1.0000000000000002,1.0,1.0,1.0,122,1.0,1.0,1.0,1.0,1.0,122,0.9999999999999997,1.0000000000000002,1.0,1.0,1.0,122,552.0,0.0,0.0,430.0,122.0,122.0,0.0,0.0,0.0,0.0,0.0,0.0,1.0,0.0,0.0,122.0,122.0,1.0,0.0,0.0,0.0,0.0,0.0,0.0,0.0,0.0,0.0,0.0,0.0,0.0,0.0,247.4331520497799
214,12840000000000,2.0,15.0,2.8746438746438745,2.0,8.0,351,1.0,9.0,5.592592592592593,5.0,8.0,351,15.0,23.0,18.40740740740741,19.0,21.0,351,2.0,7.0,2.492877492877493,2.0,4.0,351,0.0,44.0,26.308943089430894,28.0,44.0,123,0.0,104.0,48.45528455284553,40.0,104.0,123,1.0,1.0,1.0,1.0,1.0,123,0.9999999999999998,1.0000000000000002,1.0,1.0,1.0,123,1.0,1.0,1.0,1.0,1.0,123,0.9999999999999998,1.0000000000000002,1.0,1.0,1.0,123,552.0,0.0,0.0,429.0,123.0,123.0,0.0,0.0,0.0,0.0,0.0,0.0,1.0,0.0,0.0,123.0,123.0,1.0,0.0,0.0,0.0,0.0,0.0,0.0,0.0,0.0,0.0,0.0,0.0,0.0,0.0,147.81733602285385
215,12900000000000,2.0,14.0,2.849002849002849,2.0,7.0,351,1.0,9.0,5.518518518518518,5.0,9.0,351,15.0,23.0,18.48148148148148,19.0,21.0,351,2.0,7.0,2.49002849002849,2.0,4.0,351,0.0,44.0,26.517241379310345,32.0,44.0,116,0.0,104.0,49.58620689655172,56.0,104.0,116,1.0,1.0,1.0,1.0,1.0,116,0.9999999999999999,1.0,1.0,1.0,1.0,116,1.0,1.0,1.0,1.0,1.0,116,0.9999999999999999,1.0,1.0,1.0,1.0,116,552.0,0.0,0.0,436.0,116.0,116.0,0.0,0.0,0.0,0.0,0.0,0.0,1.0,0.0,0.0,116.0,116.0,1.0,0.0,0.0,0.0,0.0,0.0,0.0,0.0,0.0,0.0,0.0,0.0,0.0,0.0,134.15737822651863
216,12960000000000,2.0,14.0,2.871794871794872,2.0,7.5,351,1.0,9.0,5.592592592592593,6.0,8.0,351,15.0,23.0,18.40740740740741,18.0,22.0,351,2.0,7.0,2.5014245014245016,2.0,4.0,351,0.0,44.0,26.776859504132233,32.0,44.0,121,0.0,104.0,49.388429752066116,56.0,104.0,121,1.0,1.0,1.0,1.0,1.0,121,0.9999999999999999,1.0,1.0,1.0,1.0,121,1.0,1.0,1.0,1.0,1.0,121,0.9999999999999999,1.0,1.0,1.0,1.0,121,552.0,0.0,0.0,431.0,121.0,121.0,0.0,0.0,0.0,0.0,0.0,0.0,1.0,0.0,0.0,121.0,121.0,1.0,0.0,0.0,0.0,0.0,0.0,0.0,0.0,0.0,0.0,0.0,0.0,0.0,0.0,140.66208340227604
217,13020000000000,2.0,15.0,2.871794871794872,2.0,7.5,351,1.0,10.0,5.555555555555555,6.0,8.0,351,14.0,23.0,18.444444444444443,18.0,21.0,351,2.0,6.0,2.492877492877493,2.0,4.0,351,0.0,44.0,26.73170731707317,28.0,44.0,123,0.0,104.0,49.5609756097561,40.0,104.0,123,1.0,1.0,1.0,1.0,1.0,123,0.9999999999999998,1.0,1.0,1.0,1.0,123,1.0,1.0,1.0,1.0,1.0,123,0.9999999999999998,1.0,1.0,1.0,1.0,123,552.0,0.0,0.0,429.0,123.0,123.0,0.0,0.0,0.0,0.0,0.0,0.0,1.0,0.0,0.0,123.0,123.0,1.0,0.0,0.0,0.0,0.0,0.0,0.0,0.0,0.0,0.0,0.0,0.0,0.0,0.0,145.3730557113886
218,13080000000000,2.0,14.0,2.8547008547008548,2.0,7.0,351,1.0,10.0,5.481481481481482,6.0,8.0,351,14.0,23.0,18.51851851851852,18.0,21.0,351,2.0,7.0,2.4985754985754984,2.0,4.0,351,0.0,44.0,25.859649122807017,28.0,44.0,114,0.0,104.0,47.228070175438596,40.0,104.0,114,1.0,1.0,1.0,1.0,1.0,114,0.9999999999999998,1.0000000000000002,1.0,1.0,1.0,114,1.0,1.0,1.0,1.0,1.0,114,0.9999999999999998,1.0000000000000002,1.0,1.0,1.0,114,552.0,0.0,0.0,438.0,114.0,114.0,0.0,0.0,0.0,0.0,0.0,0.0,1.0,0.0,0.0,114.0,114.0,1.0,0.0,0.0,0.0,0.0,0.0,0.0,0.0,0.0,0.0,0.0,0.0,0.0,0.0,204.94337566196918
219,13140000000000,2.0,14.0,2.883190883190883,2.0,7.5,351,1.0,10.0,5.555555555555555,6.0,8.0,351,14.0,23.0,18.444444444444443,18.0,21.0,351,2.0,7.0,2.4957264957264957,2.0,4.0,351,0.0,44.0,26.066666666666666,28.0,44.0,120,0.0,104.0,47.86666666666667,40.0,104.0,120,1.0,1.0,1.0,1.0,1.0,120,0.9999999999999998,1.0000000000000002,1.0,1.0,1.0,120,1.0,1.0,1.0,1.0,1.0,120,0.9999999999999998,1.0000000000000002,1.0,1.0,1.0,120,552.0,0.0,0.0,432.0,120.0,120.0,0.0,0.0,0.0,0.0,0.0,0.0,1.0,0.0,0.0,120.0,120.0,1.0,0.0,0.0,0.0,0.0,0.0,0.0,0.0,0.0,0.0,0.0,0.0,0.0,0.0,147.09802344441414
220,13200000000000,2.0,14.0,2.8803418803418803,2.0,8.0,351,1.0,10.0,5.481481481481482,6.0,7.0,351,14.0,23.0,18.51851851851852,18.0,22.0,351,2.0,7.0,2.4871794871794872,2.0,4.0,351,0.0,44.0,26.215384615384615,30.0,44.0,130,0.0,104.0,48.36923076923077,48.0,104.0,130,1.0,1.0,1.0,1.0,1.0,130,1.0,1.0000000000000002,1.0,1.0,1.0,130,1.0,1.0,1.0,1.0,1.0,130,1.0,1.0000000000000002,1.0,1.0,1.0,130,552.0,0.0,0.0,422.0,130.0,130.0,0.0,0.0,0.0,0.0,0.0,0.0,1.0,0.0,0.0,130.0,130.0,1.0,0.0,0.0,0.0,0.0,0.0,0.0,0.0,0.0,0.0,0.0,0.0,0.0,0.0,154.28049489855766
221,13260000000000,2.0,15.0,2.8974358974358974,2.0,8.0,351,1.0,10.0,5.407407407407407,5.0,8.0,351,14.0,23.0,18.59259259259259,19.0,22.0,351,2.0,6.0,2.4871794871794872,2.0,4.0,351,0.0,44.0,26.548148148148147,32.0,44.0,135,0.0,104.0,49.12592592592593,56.0,104.0,135,1.0,1.0,1.0,1.0,1.0,135,0.9999999999999998,1.0000000000000002,1.0,1.0,1.0,135,1.0,1.0,1.0,1.0,1.0,135,0.9999999999999998,1.0000000000000002,1.0,1.0,1.0,135,552.0,0.0,0.0,417.0,135.0,135.0,0.0,0.0,0.0,0.0,0.0,0.0,1.0,0.0,0.0,135.0,135.0,1.0,0.0,0.0,0.0,0.0,0.0,0.0,0.0,0.0,0.0,0.0,0.0,0.0,0.0,127.15712934732437
222,13320000000000,2.0,15.0,2.871794871794872,2.0,8.0,351,1.0,10.0,5.481481481481482,5.0,8.0,351,14.0,23.0,18.51851851851852,19.0,21.0,351,2.0,6.0,2.4757834757834756,2.0,4.0,351,0.0,44.0,27.015873015873016,32.0,44.0,126,0.0,104.0,50.34920634920635,56.0,104.0,126,1.0,1.0,1.0,1.0,1.0,126,0.9999999999999998,1.0000000000000002,1.0,1.0,1.0,126,1.0,1.0,1.0,1.0,1.0,126,0.9999999999999998,1.0000000000000002,1.0,1.0,1.0,126,552.0,0.0,0.0,426.0,126.0,126.0,0.0,0.0,0.0,0.0,0.0,0.0,1.0,0.0,0.0,126.0,126.0,1.0,0.0,0.0,0.0,0.0,0.0,0.0,0.0,0.0,0.0,0.0,0.0,0.0,0.0,195.43933495879173
223,13380000000000,2.0,14.0,2.871794871794872,2.0,7.5,351,1.0,9.0,5.444444444444445,6.0,8.0,351,15.0,23.0,18.555555555555557,18.0,21.0,351,2.0,6.0,2.4786324786324787,2.0,4.0,351,0.0,44.0,26.035087719298247,30.0,44.0,114,0.0,104.0,47.92982456140351,48.0,104.0,114,1.0,1.0,1.0,1.0,1.0,114,0.9999999999999999,1.0000000000000002,1.0,1.0,1.0,114,1.0,1.0,1.0,1.0,1.0,114,0.9999999999999999,1.0000000000000002,1.0,1.0,1.0,114,552.0,0.0,0.0,438.0,114.0,114.0,0.0,0.0,0.0,0.0,0.0,0.0,1.0,0.0,0.0,114.0,114.0,1.0,0.0,0.0,0.0,0.0,0.0,0.0,0.0,0.0,0.0,0.0,0.0,0.0,0.0,116.88162945210934
224,13440000000000,2.0,15.0,2.8603988603988606,2.0,7.0,351,1.0,10.0,5.481481481481482,6.0,8.0,351,14.0,23.0,18.51851851851852,18.0,21.0,351,2.0,7.0,2.4957264957264957,2.0,4.0,351,0.0,44.0,26.8,30.0,44.0,120,0.0,104.0,49.6,48.0,104.0,120,1.0,1.0,1.0,1.0,1.0,120,0.9999999999999998,1.0000000000000002,1.0,1.0,1.0,120,1.0,1.0,1.0,1.0,1.0,120,0.9999999999999998,1.0000000000000002,1.0,1.0,1.0,120,552.0,0.0,0.0,432.0,120.0,120.0,0.0,0.0,0.0,0.0,0.0,0.0,1.0,0.0,0.0,120.0,120.0,1.0,0.0,0.0,0.0,0.0,0.0,0.0,0.0,0.0,0.0,0.0,0.0,0.0,0.0,128.45540046691895
225,13500000000000,2.0,15.0,2.866096866096866,2.0,7.5,351,1.0,10.0,5.481481481481482,6.0,8.0,351,14.0,23.0,18.51851851851852,18.0,21.0,351,2.0,6.0,2.49002849002849,2.0,4.0,351,0.0,44.0,26.049586776859503,28.0,44.0,121,0.0,104.0,48.264462809917354,40.0,104.0,121,1.0,1.0,1.0,1.0,1.0,121,0.9999999999999998,1.0,1.0,1.0,1.0,121,1.0,1.0,1.0,1.0,1.0,121,0.9999999999999998,1.0,1.0,1.0,1.0,121,552.0,0.0,0.0,431.0,121.0,121.0,0.0,0.0,0.0,0.0,0.0,0.0,1.0,0.0,0.0,121.0,121.0,1.0,0.0,0.0,0.0,0.0,0.0,0.0,0.0,0.0,0.0,0.0,0.0,0.0,0.0,122.50987626612186
226,13560000000000,2.0,15.0,2.886039886039886,2.0,7.5,351,1.0,10.0,5.555555555555555,6.0,9.0,351,14.0,23.0,18.444444444444443,18.0,21.0,351,2.0,8.0,2.507122507122507,2.0,4.0,351,0.0,44.0,26.782608695652176,28.0,44.0,115,0.0,104.0,48.904347826086955,40.0,104.0,115,1.0,1.0,1.0,1.0,1.0,115,0.9999999999999998,1.0000000000000002,1.0,1.0,1.0000000000000002,115,1.0,1.0,1.0,1.0,1.0,115,0.9999999999999998,1.0000000000000002,1.0,1.0,1.0000000000000002,115,552.0,0.0,0.0,437.0,115.0,115.0,0.0,0.0,0.0,0.0,0.0,0.0,1.0,0.0,0.0,115.0,115.0,1.0,0.0,0.0,0.0,0.0,0.0,0.0,0.0,0.0,0.0,0.0,0.0,0.0,0.0,188.56212496757507
227,13620000000000,2.0,14.0,2.843304843304843,2.0,6.5,351,1.0,10.0,5.481481481481482,6.0,8.0,351,14.0,23.0,18.51851851851852,18.0,21.0,351,2.0,7.0,2.4871794871794872,2.0,4.0,351,0.0,44.0,27.76271186440678,32.0,44.0,118,0.0,104.0,51.25423728813559,56.0,104.0,118,1.0,1.0,1.0,1.0,1.0,118,0.9999999999999999,1.0000000000000002,1.0,1.0,1.0,118,1.0,1.0,1.0,1.0,1.0,118,0.9999999999999999,1.0000000000000002,1.0,1.0,1.0,118,552.0,0.0,0.0,434.0,118.0,118.0,0.0,0.0,0.0,0.0,0.0,0.0,1.0,0.0,0.0,118.0,118.0,1.0,0.0,0.0,0.0,0.0,0.0,0.0,0.0,0.0,0.0,0.0,0.0,0.0,0.0,176.9304145127535
228,13680000000000,2.0,15.0,2.886039886039886,2.0,8.0,351,1.0,10.0,5.518518518518518,6.0,8.0,351,14.0,23.0,18.48148148148148,18.0,21.0,351,2.0,7.0,2.4957264957264957,2.0,4.0,351,0.0,44.0,26.656934306569344,32.0,44.0,137,0.0,104.0,49.86861313868613,56.0,104.0,137,1.0,1.0,1.0,1.0,1.0,137,0.9999999999999998,1.0000000000000002,1.0,1.0,1.0000000000000002,137,1.0,1.0,1.0,1.0,1.0,137,0.9999999999999998,1.0000000000000002,1.0,1.0,1.0000000000000002,137,552.0,0.0,0.0,415.0,137.0,137.0,0.0,0.0,0.0,0.0,0.0,0.0,1.0,0.0,0.0,137.0,137.0,1.0,0.0,0.0,0.0,0.0,0.0,0.0,0.0,0.0,0.0,0.0,0.0,0.0,0.0,123.57456609606743
229,13740000000000,2.0,15.0,2.883190883190883,2.0,8.0,351,1.0,10.0,5.481481481481482,5.0,8.0,351,14.0,23.0,18.51851851851852,19.0,21.0,351,2.0,6.0,2.4871794871794872,2.0,4.0,351,0.0,44.0,26.8,32.0,44.0,130,0.0,104.0,50.15384615384615,56.0,104.0,130,1.0,1.0,1.0,1.0,1.0,130,0.9999999999999998,1.0000000000000002,1.0,1.0,1.0,130,1.0,1.0,1.0,1.0,1.0,130,0.9999999999999998,1.0000000000000002,1.0,1.0,1.0,130,552.0,0.0,0.0,422.0,130.0,130.0,0.0,0.0,0.0,0.0,0.0,0.0,1.0,0.0,0.0,130.0,130.0,1.0,0.0,0.0,0.0,0.0,0.0,0.0,0.0,0.0,0.0,0.0,0.0,0.0,0.0,173.244034871459
230,13800000000000,2.0,15.0,2.886039886039886,2.0,8.0,351,1.0,10.0,5.592592592592593,6.0,8.0,351,14.0,23.0,18.40740740740741,18.0,21.0,351,2.0,6.0,2.4871794871794872,2.0,4.0,351,0.0,44.0,26.65625,32.0,44.0,128,0.0,104.0,49.25,56.0,104.0,128,1.0,1.0,1.0,1.0,1.0,128,1.0,1.0000000000000002,1.0,1.0,1.0,128,1.0,1.0,1.0,1.0,1.0,128,1.0,1.0000000000000002,1.0,1.0,1.0,128,552.0,0.0,0.0,424.0,128.0,128.0,0.0,0.0,0.0,0.0,0.0,0.0,1.0,0.0,0.0,128.0,128.0,1.0,0.0,0.0,0.0,0.0,0.0,0.0,0.0,0.0,0.0,0.0,0.0,0.0,0.0,153.9429295808077
231,13860000000000,2.0,15.0,2.8803418803418803,2.0,8.0,351,1.0,10.0,5.555555555555555,6.0,8.0,351,14.0,23.0,18.444444444444443,18.0,21.0,351,2.0,6.0,2.49002849002849,2.0,4.0,351,0.0,44.0,26.656,28.0,44.0,125,0.0,104.0,49.024,40.0,104.0,125,1.0,1.0,1.0,1.0,1.0,125,0.9999999999999998,1.0000000000000002,1.0,1.0,1.0000000000000002,125,1.0,1.0,1.0,1.0,1.0,125,0.9999999999999998,1.0000000000000002,1.0,1.0,1.0000000000000002,125,552.0,0.0,0.0,427.0,125.0,125.0,0.0,0.0,0.0,0.0,0.0,0.0,1.0,0.0,0.0,125.0,125.0,1.0,0.0,0.0,0.0,0.0,0.0,0.0,0.0,0.0,0.0,0.0,0.0,0.0,0.0,232.17299953103065
232,13920000000000,2.0,16.0,2.908831908831909,2.0,7.5,351,1.0,10.0,5.7407407407407405,5.0,9.0,351,14.0,23.0,18.25925925925926,19.0,21.0,351,2.0,8.0,2.5185185185185186,2.0,4.0,351,0.0,44.0,26.294117647058822,28.0,44.0,136,0.0,104.0,48.0,40.0,104.0,136,1.0,1.0,1.0,1.0,1.0,136,0.9999999999999998,1.0000000000000002,1.0,1.0,1.0,136,1.0,1.0,1.0,1.0,1.0,136,0.9999999999999998,1.0000000000000002,1.0,1.0,1.0,136,552.0,0.0,0.0,416.0,136.0,136.0,0.0,0.0,0.0,0.0,0.0,0.0,1.0,0.0,0.0,136.0,136.0,1.0,0.0,0.0,0.0,0.0,0.0,0.0,0.0,0.0,0.0,0.0,0.0,0.0,0.0,145.92305198311806
233,13980000000000,2.0,15.0,2.8746438746438745,2.0,7.0,351,1.0,10.0,5.592592592592593,6.0,9.0,351,14.0,23.0,18.40740740740741,18.0,21.0,351,2.0,7.0,2.4985754985754984,2.0,4.0,351,0.0,44.0,26.442748091603054,28.0,44.0,131,0.0,104.0,48.61068702290076,40.0,104.0,131,1.0,1.0,1.0,1.0,1.0,131,1.0,1.0000000000000002,1.0,1.0,1.0,131,1.0,1.0,1.0,1.0,1.0,131,1.0,1.0000000000000002,1.0,1.0,1.0,131,552.0,0.0,0.0,421.0,131.0,131.0,0.0,0.0,0.0,0.0,0.0,0.0,1.0,0.0,0.0,131.0,131.0,1.0,0.0,0.0,0.0,0.0,0.0,0.0,0.0,0.0,0.0,0.0,0.0,0.0,0.0,156.5180253237486
234,14040000000000,2.0,15.0,2.866096866096866,2.0,7.0,351,1.0,10.0,5.407407407407407,5.0,9.0,351,14.0,23.0,18.59259259259259,19.0,21.0,351,2.0,7.0,2.49002849002849,2.0,4.0,351,0.0,44.0,26.300884955752213,28.0,44.0,113,0.0,104.0,48.49557522123894,40.0,104.0,113,1.0,1.0,1.0,1.0,1.0,113,0.9999999999999998,1.0000000000000002,1.0,1.0,1.0000000000000002,113,1.0,1.0,1.0,1.0,1.0,113,0.9999999999999998,1.0000000000000002,1.0,1.0,1.0000000000000002,113,552.0,0.0,0.0,439.0,113.0,113.0,0.0,0.0,0.0,0.0,0.0,0.0,1.0,0.0,0.0,113.0,113.0,1.0,0.0,0.0,0.0,0.0,0.0,0.0,0.0,0.0,0.0,0.0,0.0,0.0,0.0,172.7589424699545
235,14100000000000,2.0,14.0,2.8547008547008548,2.0,8.0,351,1.0,9.0,5.444444444444445,6.0,8.0,351,15.0,23.0,18.555555555555557,18.0,21.0,351,2.0,7.0,2.4871794871794872,2.0,4.0,351,0.0,44.0,26.033333333333335,30.0,44.0,120,0.0,104.0,48.333333333333336,48.0,104.0,120,1.0,1.0,1.0,1.0,1.0,120,1.0,1.0000000000000002,1.0,1.0,1.0,120,1.0,1.0,1.0,1.0,1.0,120,1.0,1.0000000000000002,1.0,1.0,1.0,120,552.0,0.0,0.0,432.0,120.0,120.0,0.0,0.0,0.0,0.0,0.0,0.0,1.0,0.0,0.0,120.0,120.0,1.0,0.0,0.0,0.0,0.0,0.0,0.0,0.0,0.0,0.0,0.0,0.0,0.0,0.0,264.17525485157967
236,14160000000000,2.0,14.0,2.8803418803418803,2.0,8.0,351,2.0,9.0,5.592592592592593,6.0,8.0,351,15.0,22.0,18.40740740740741,18.0,21.0,351,2.0,7.0,2.49002849002849,2.0,4.0,351,0.0,44.0,26.844444444444445,32.0,44.0,135,0.0,104.0,49.77777777777778,56.0,104.0,135,1.0,1.0,1.0,1.0,1.0,135,0.9999999999999999,1.0000000000000002,1.0,1.0,1.0,135,1.0,1.0,1.0,1.0,1.0,135,0.9999999999999999,1.0000000000000002,1.0,1.0,1.0,135,552.0,0.0,0.0,417.0,135.0,135.0,0.0,0.0,0.0,0.0,0.0,0.0,1.0,0.0,0.0,135.0,135.0,1.0,0.0,0.0,0.0,0.0,0.0,0.0,0.0,0.0,0.0,0.0,0.0,0.0,0.0,145.9770929068327
237,14220000000000,2.0,15.0,2.905982905982906,2.0,8.0,351,2.0,10.0,5.666666666666667,5.0,9.0,351,14.0,22.0,18.333333333333332,19.0,21.0,351,2.0,6.0,2.5014245014245016,2.0,4.0,351,0.0,44.0,27.18796992481203,32.0,44.0,133,0.0,104.0,50.285714285714285,56.0,104.0,133,1.0,1.0,1.0,1.0,1.0,133,0.9999999999999998,1.0000000000000002,1.0,1.0,1.0,133,1.0,1.0,1.0,1.0,1.0,133,0.9999999999999998,1.0000000000000002,1.0,1.0,1.0,133,552.0,0.0,0.0,419.0,133.0,133.0,0.0,0.0,0.0,0.0,0.0,0.0,1.0,0.0,0.0,133.0,133.0,1.0,0.0,0.0,0.0,0.0,0.0,0.0,0.0,0.0,0.0,0.0,0.0,0.0,0.0,151.84266865253448
238,14280000000000,2.0,15.0,2.9173789173789175,2.0,8.5,351,2.0,10.0,5.62962962962963,6.0,9.0,351,14.0,22.0,18.37037037037037,18.0,21.0,351,2.0,6.0,2.5014245014245016,2.0,4.0,351,0.0,44.0,26.62686567164179,28.0,44.0,134,0.0,104.0,49.014925373134325,40.0,104.0,134,1.0,1.0,1.0,1.0,1.0,134,0.9999999999999999,1.0000000000000002,1.0,1.0,1.0,134,1.0,1.0,1.0,1.0,1.0,134,0.9999999999999999,1.0000000000000002,1.0,1.0,1.0,134,552.0,0.0,0.0,418.0,134.0,134.0,0.0,0.0,0.0,0.0,0.0,0.0,1.0,0.0,0.0,134.0,134.0,1.0,0.0,0.0,0.0,0.0,0.0,0.0,0.0,0.0,0.0,0.0,0.0,0.0,0.0,142.64111407101154
239,14340000000000,2.0,15.0,2.92022792022792,2.0,9.0,351,2.0,10.0,5.703703703703703,6.0,9.0,351,14.0,22.0,18.296296296296298,18.0,21.0,351,2.0,7.0,2.5128205128205128,2.0,4.0,351,0.0,44.0,26.65648854961832,28.0,44.0,131,0.0,104.0,48.916030534351144,40.0,104.0,131,1.0,1.0,1.0,1.0,1.0,131,0.9999999999999997,1.0000000000000002,1.0,1.0,1.0,131,1.0,1.0,1.0,1.0,1.0,131,0.9999999999999997,1.0000000000000002,1.0,1.0,1.0,131,552.0,0.0,0.0,421.0,131.0,131.0,0.0,0.0,0.0,0.0,0.0,0.0,1.0,0.0,0.0,131.0,131.0,1.0,0.0,0.0,0.0,0.0,0.0,0.0,0.0,0.0,0.0,0.0,0.0,0.0,0.0,148.25012907385826
240,14400000000000,2.0,16.0,2.8803418803418803,2.0,7.0,351,1.0,10.0,5.7407407407407405,6.0,9.0,351,14.0,23.0,18.25925925925926,18.0,21.0,351,2.0,8.0,2.5213675213675213,2.0,4.0,351,0.0,44.0,26.290076335877863,28.0,44.0,131,0.0,104.0,48.54961832061068,40.0,104.0,131,1.0,1.0,1.0,1.0,1.0,131,0.9999999999999998,1.0,1.0,1.0,1.0,131,1.0,1.0,1.0,1.0,1.0,131,0.9999999999999998,1.0,1.0,1.0,1.0,131,552.0,0.0,0.0,421.0,131.0,131.0,0.0,0.0,0.0,0.0,0.0,0.0,1.0,0.0,0.0,131.0,131.0,1.0,0.0,0.0,0.0,0.0,0.0,0.0,0.0,0.0,0.0,0.0,0.0,0.0,0.0,143.6891257762909
241,14460000000000,2.0,15.0,2.866096866096866,2.0,7.5,351,1.0,10.0,5.444444444444445,5.0,8.0,351,14.0,23.0,18.555555555555557,19.0,21.0,351,2.0,7.0,2.492877492877493,2.0,4.0,351,0.0,44.0,26.764227642276424,28.0,44.0,123,0.0,104.0,48.520325203252035,40.0,104.0,123,1.0,1.0,1.0,1.0,1.0,123,1.0,1.0000000000000002,1.0,1.0,1.0,123,1.0,1.0,1.0,1.0,1.0,123,1.0,1.0000000000000002,1.0,1.0,1.0,123,552.0,0.0,0.0,429.0,123.0,123.0,0.0,0.0,0.0,0.0,0.0,0.0,1.0,0.0,0.0,123.0,123.0,1.0,0.0,0.0,0.0,0.0,0.0,0.0,0.0,0.0,0.0,0.0,0.0,0.0,0.0,134.31759737432003
242,14520000000000,2.0,15.0,2.8917378917378915,2.0,8.0,351,1.0,10.0,5.518518518518518,5.0,8.0,351,14.0,23.0,18.48148148148148,19.0,22.0,351,2.0,7.0,2.4957264957264957,2.0,4.0,351,0.0,44.0,26.72,28.0,44.0,125,0.0,104.0,48.704,40.0,104.0,125,1.0,1.0,1.0,1.0,1.0,125,0.9999999999999998,1.0000000000000002,1.0,1.0,1.0,125,1.0,1.0,1.0,1.0,1.0,125,0.9999999999999998,1.0000000000000002,1.0,1.0,1.0,125,552.0,0.0,0.0,427.0,125.0,125.0,0.0,0.0,0.0,0.0,0.0,0.0,1.0,0.0,0.0,125.0,125.0,1.0,0.0,0.0,0.0,0.0,0.0,0.0,0.0,0.0,0.0,0.0,0.0,0.0,0.0,117.88913235068321
243,14580000000000,2.0,13.0,2.849002849002849,2.0,8.0,351,2.0,8.0,5.444444444444445,5.0,8.0,351,16.0,22.0,18.555555555555557,19.0,22.0,351,2.0,7.0,2.4871794871794872,2.0,4.0,351,0.0,44.0,25.743589743589745,28.0,44.0,117,0.0,104.0,47.58974358974359,40.0,104.0,117,1.0,1.0,1.0,1.0,1.0,117,0.9999999999999998,1.0000000000000002,1.0,1.0,1.0,117,1.0,1.0,1.0,1.0,1.0,117,0.9999999999999998,1.0000000000000002,1.0,1.0,1.0,117,552.0,0.0,0.0,435.0,117.0,117.0,0.0,0.0,0.0,0.0,0.0,0.0,1.0,0.0,0.0,117.0,117.0,1.0,0.0,0.0,0.0,0.0,0.0,0.0,0.0,0.0,0.0,0.0,0.0,0.0,0.0,128.22791561484337
244,14640000000000,2.0,14.0,2.8518518518518516,2.0,8.0,351,2.0,9.0,5.518518518518518,5.0,8.0,351,15.0,22.0,18.48148148148148,19.0,21.0,351,2.0,7.0,2.4843304843304845,2.0,4.0,351,0.0,44.0,26.761904761904763,32.0,44.0,126,0.0,104.0,49.333333333333336,56.0,104.0,126,1.0,1.0,1.0,1.0,1.0,126,0.9999999999999999,1.0000000000000002,1.0,1.0,1.0,126,1.0,1.0,1.0,1.0,1.0,126,0.9999999999999999,1.0000000000000002,1.0,1.0,1.0,126,552.0,0.0,0.0,426.0,126.0,126.0,0.0,0.0,0.0,0.0,0.0,0.0,1.0,0.0,0.0,126.0,126.0,1.0,0.0,0.0,0.0,0.0,0.0,0.0,0.0,0.0,0.0,0.0,0.0,0.0,0.0,216.1573562771082
245,14700000000000,2.0,14.0,2.8945868945868947,2.0,8.0,351,2.0,9.0,5.703703703703703,6.0,9.0,351,15.0,22.0,18.296296296296298,18.0,21.0,351,2.0,7.0,2.50997150997151,2.0,4.0,351,0.0,44.0,26.55639097744361,32.0,44.0,133,0.0,104.0,48.8421052631579,56.0,104.0,133,1.0,1.0,1.0,1.0,1.0,133,0.9999999999999998,1.0000000000000002,1.0,1.0,1.0,133,1.0,1.0,1.0,1.0,1.0,133,0.9999999999999998,1.0000000000000002,1.0,1.0,1.0,133,552.0,0.0,0.0,419.0,133.0,133.0,0.0,0.0,0.0,0.0,0.0,0.0,1.0,0.0,0.0,133.0,133.0,1.0,0.0,0.0,0.0,0.0,0.0,0.0,0.0,0.0,0.0,0.0,0.0,0.0,0.0,171.9825677573681
246,14760000000000,2.0,15.0,2.903133903133903,2.0,8.5,351,2.0,10.0,5.666666666666667,6.0,8.0,351,14.0,22.0,18.333333333333332,18.0,21.0,351,2.0,6.0,2.5042735042735043,2.0,4.0,351,0.0,44.0,26.15625,28.0,44.0,128,0.0,104.0,47.8125,40.0,104.0,128,1.0,1.0,1.0,1.0,1.0,128,0.9999999999999998,1.0000000000000002,1.0,1.0,1.0,128,1.0,1.0,1.0,1.0,1.0,128,0.9999999999999998,1.0000000000000002,1.0,1.0,1.0,128,552.0,0.0,0.0,424.0,128.0,128.0,0.0,0.0,0.0,0.0,0.0,0.0,1.0,0.0,0.0,128.0,128.0,1.0,0.0,0.0,0.0,0.0,0.0,0.0,0.0,0.0,0.0,0.0,0.0,0.0,0.0,87.67919801175594
247,14820000000000,2.0,15.0,2.9116809116809117,2.0,9.0,351,2.0,10.0,5.555555555555555,5.0,8.0,351,14.0,22.0,18.444444444444443,19.0,22.0,351,2.0,7.0,2.5014245014245016,2.0,4.0,351,0.0,44.0,26.575757575757574,28.0,44.0,132,0.0,104.0,49.03030303030303,40.0,104.0,132,1.0,1.0,1.0,1.0,1.0,132,0.9999999999999998,1.0000000000000002,1.0,1.0,1.0,132,1.0,1.0,1.0,1.0,1.0,132,0.9999999999999998,1.0000000000000002,1.0,1.0,1.0,132,552.0,0.0,0.0,420.0,132.0,132.0,0.0,0.0,0.0,0.0,0.0,0.0,1.0,0.0,0.0,132.0,132.0,1.0,0.0,0.0,0.0,0.0,0.0,0.0,0.0,0.0,0.0,0.0,0.0,0.0,0.0,85.4498203843832
248,14880000000000,2.0,15.0,2.8632478632478633,2.0,8.0,351,2.0,10.0,5.444444444444445,6.0,8.0,351,14.0,22.0,18.555555555555557,18.0,21.0,351,2.0,7.0,2.492877492877493,2.0,4.0,351,0.0,44.0,25.264957264957264,28.0,44.0,117,0.0,104.0,45.675213675213676,40.0,104.0,117,1.0,1.0,1.0,1.0,1.0,117,0.9999999999999998,1.0,1.0,1.0,1.0,117,1.0,1.0,1.0,1.0,1.0,117,0.9999999999999998,1.0,1.0,1.0,1.0,117,552.0,0.0,0.0,435.0,117.0,117.0,0.0,0.0,0.0,0.0,0.0,0.0,1.0,0.0,0.0,117.0,117.0,1.0,0.0,0.0,0.0,0.0,0.0,0.0,0.0,0.0,0.0,0.0,0.0,0.0,0.0,133.85152630507946
249,14940000000000,2.0,15.0,2.908831908831909,2.0,7.5,351,1.0,10.0,5.666666666666667,6.0,9.0,351,14.0,23.0,18.333333333333332,18.0,22.0,351,2.0,7.0,2.4985754985754984,2.0,4.0,351,0.0,44.0,26.676923076923078,28.0,44.0,130,0.0,104.0,48.55384615384615,40.0,104.0,130,1.0,1.0,1.0,1.0,1.0,130,0.9999999999999999,1.0000000000000002,1.0,1.0,1.0,130,1.0,1.0,1.0,1.0,1.0,130,0.9999999999999999,1.0000000000000002,1.0,1.0,1.0,130,552.0,0.0,0.0,422.0,130.0,130.0,0.0,0.0,0.0,0.0,0.0,0.0,1.0,0.0,0.0,130.0,130.0,1.0,0.0,0.0,0.0,0.0,0.0,0.0,0.0,0.0,0.0,0.0,0.0,0.0,0.0,258.7963566184044
250,15000000000000,2.0,15.0,2.866096866096866,2.0,8.0,351,1.0,9.0,5.407407407407407,5.0,8.0,351,15.0,23.0,18.59259259259259,19.0,22.0,351,2.0,7.0,2.49002849002849,2.0,4.0,351,0.0,44.0,26.29032258064516,28.0,44.0,124,0.0,104.0,48.25806451612903,40.0,104.0,124,1.0,1.0,1.0,1.0,1.0,124,0.9999999999999998,1.0,1.0,1.0,1.0,124,1.0,1.0,1.0,1.0,1.0,124,0.9999999999999998,1.0,1.0,1.0,1.0,124,552.0,0.0,0.0,428.0,124.0,124.0,0.0,0.0,0.0,0.0,0.0,0.0,1.0,0.0,0.0,124.0,124.0,1.0,0.0,0.0,0.0,0.0,0.0,0.0,0.0,0.0,0.0,0.0,0.0,0.0,0.0,147.6058028638363
251,15060000000000,2.0,15.0,2.8632478632478633,2.0,8.0,351,2.0,9.0,5.444444444444445,5.0,8.0,351,15.0,22.0,18.555555555555557,19.0,22.0,351,2.0,7.0,2.4786324786324787,2.0,4.0,351,0.0,44.0,25.84873949579832,28.0,44.0,119,0.0,104.0,47.73109243697479,40.0,104.0,119,1.0,1.0,1.0,1.0,1.0,119,0.9999999999999998,1.0000000000000002,1.0,1.0,1.0000000000000002,119,1.0,1.0,1.0,1.0,1.0,119,0.9999999999999998,1.0000000000000002,1.0,1.0,1.0000000000000002,119,552.0,0.0,0.0,433.0,119.0,119.0,0.0,0.0,0.0,0.0,0.0,0.0,1.0,0.0,0.0,119.0,119.0,1.0,0.0,0.0,0.0,0.0,0.0,0.0,0.0,0.0,0.0,0.0,0.0,0.0,0.0,136.31203770637512
252,15120000000000,2.0,14.0,2.8518518518518516,2.0,7.0,351,2.0,9.0,5.444444444444445,5.0,8.0,351,15.0,22.0,18.555555555555557,19.0,22.0,351,2.0,7.0,2.4786324786324787,2.0,4.0,351,0.0,44.0,26.666666666666668,32.0,44.0,120,0.0,104.0,49.666666666666664,56.0,104.0,120,1.0,1.0,1.0,1.0,1.0,120,0.9999999999999998,1.0,1.0,1.0,1.0,120,1.0,1.0,1.0,1.0,1.0,120,0.9999999999999998,1.0,1.0,1.0,1.0,120,552.0,0.0,0.0,432.0,120.0,120.0,0.0,0.0,0.0,0.0,0.0,0.0,1.0,0.0,0.0,120.0,120.0,1.0,0.0,0.0,0.0,0.0,0.0,0.0,0.0,0.0,0.0,0.0,0.0,0.0,0.0,136.08256541192532
253,15180000000000,2.0,13.0,2.8575498575498575,2.0,7.0,351,2.0,8.0,5.407407407407407,6.0,8.0,351,16.0,22.0,18.59259259259259,18.0,22.0,351,2.0,6.0,2.49002849002849,2.0,4.0,351,0.0,44.0,26.71186440677966,30.0,44.0,118,0.0,104.0,48.88135593220339,48.0,104.0,118,1.0,1.0,1.0,1.0,1.0,118,0.9999999999999998,1.0000000000000002,1.0,1.0,1.0,118,1.0,1.0,1.0,1.0,1.0,118,0.9999999999999998,1.0000000000000002,1.0,1.0,1.0,118,552.0,0.0,0.0,434.0,118.0,118.0,0.0,0.0,0.0,0.0,0.0,0.0,1.0,0.0,0.0,118.0,118.0,1.0,0.0,0.0,0.0,0.0,0.0,0.0,0.0,0.0,0.0,0.0,0.0,0.0,0.0,230.83882592618465
254,15240000000000,2.0,14.0,2.9002849002849005,2.0,9.0,351,2.0,9.0,5.592592592592593,6.0,8.0,351,15.0,22.0,18.40740740740741,18.0,22.0,351,2.0,6.0,2.5014245014245016,2.0,4.0,351,0.0,44.0,26.90625,28.0,44.0,128,0.0,104.0,48.5625,40.0,104.0,128,1.0,1.0,1.0,1.0,1.0,128,0.9999999999999999,1.0,1.0,1.0,1.0,128,1.0,1.0,1.0,1.0,1.0,128,0.9999999999999999,1.0,1.0,1.0,1.0,128,552.0,0.0,0.0,424.0,128.0,128.0,0.0,0.0,0.0,0.0,0.0,0.0,1.0,0.0,0.0,128.0,128.0,1.0,0.0,0.0,0.0,0.0,0.0,0.0,0.0,0.0,0.0,0.0,0.0,0.0,0.0,150.12898109853268
255,15300000000000,2.0,15.0,2.9287749287749287,2.0,9.0,351,2.0,10.0,5.7407407407407405,6.0,8.0,351,14.0,22.0,18.25925925925926,18.0,22.0,351,2.0,7.0,2.5128205128205128,2.0,4.0,351,0.0,44.0,26.075187969924812,28.0,44.0,133,0.0,104.0,47.45864661654135,40.0,104.0,133,1.0,1.0,1.0,1.0,1.0,133,1.0,1.0000000000000002,1.0,1.0,1.0000000000000002,133,1.0,1.0,1.0,1.0,1.0,133,1.0,1.0000000000000002,1.0,1.0,1.0000000000000002,133,552.0,0.0,0.0,419.0,133.0,133.0,0.0,0.0,0.0,0.0,0.0,0.0,1.0,0.0,0.0,133.0,133.0,1.0,0.0,0.0,0.0,0.0,0.0,0.0,0.0,0.0,0.0,0.0,0.0,0.0,0.0,147.79454842209816
256,15360000000000,2.0,13.0,2.9145299145299144,2.0,8.5,351,1.0,9.0,5.62962962962963,6.0,9.0,351,15.0,23.0,18.37037037037037,18.0,22.0,351,2.0,7.0,2.5042735042735043,2.0,4.0,351,0.0,44.0,26.063492063492063,28.0,44.0,126,0.0,104.0,47.111111111111114,40.0,104.0,126,1.0,1.0,1.0,1.0,1.0,126,0.9999999999999998,1.0000000000000002,1.0,1.0,1.0000000000000002,126,1.0,1.0,1.0,1.0,1.0,126,0.9999999999999998,1.0000000000000002,1.0,1.0,1.0000000000000002,126,552.0,0.0,0.0,426.0,126.0,126.0,0.0,0.0,0.0,0.0,0.0,0.0,1.0,0.0,0.0,126.0,126.0,1.0,0.0,0.0,0.0,0.0,0.0,0.0,0.0,0.0,0.0,0.0,0.0,0.0,0.0,127.06005200743675
257,15420000000000,2.0,13.0,2.888888888888889,2.0,7.0,351,2.0,9.0,5.592592592592593,6.0,8.0,351,15.0,22.0,18.40740740740741,18.0,22.0,351,2.0,7.0,2.5014245014245016,2.0,4.0,351,0.0,44.0,26.433333333333334,28.0,44.0,120,0.0,104.0,46.333333333333336,40.0,104.0,120,1.0,1.0,1.0,1.0,1.0,120,0.9999999999999998,1.0000000000000002,1.0,1.0,1.0,120,1.0,1.0,1.0,1.0,1.0,120,0.9999999999999998,1.0000000000000002,1.0,1.0,1.0,120,552.0,0.0,0.0,432.0,120.0,120.0,0.0,0.0,0.0,0.0,0.0,0.0,1.0,0.0,0.0,120.0,120.0,1.0,0.0,0.0,0.0,0.0,0.0,0.0,0.0,0.0,0.0,0.0,0.0,0.0,0.0,204.17869836091995
258,15480000000000,2.0,15.0,2.8575498575498575,2.0,7.5,351,2.0,9.0,5.592592592592593,5.0,8.0,351,15.0,22.0,18.40740740740741,19.0,22.0,351,2.0,7.0,2.492877492877493,2.0,4.0,351,0.0,44.0,25.733333333333334,28.0,44.0,120,0.0,104.0,46.53333333333333,40.0,104.0,120,1.0,1.0,1.0,1.0,1.0,120,0.9999999999999998,1.0000000000000002,1.0,1.0,1.0,120,1.0,1.0,1.0,1.0,1.0,120,0.9999999999999998,1.0000000000000002,1.0,1.0,1.0,120,552.0,0.0,0.0,432.0,120.0,120.0,0.0,0.0,0.0,0.0,0.0,0.0,1.0,0.0,0.0,120.0,120.0,1.0,0.0,0.0,0.0,0.0,0.0,0.0,0.0,0.0,0.0,0.0,0.0,0.0,0.0,128.10316123068333
259,15540000000000,2.0,15.0,2.871794871794872,2.0,8.0,351,2.0,9.0,5.481481481481482,5.0,8.0,351,15.0,22.0,18.51851851851852,19.0,22.0,351,2.0,7.0,2.4757834757834756,2.0,4.0,351,0.0,44.0,26.86178861788618,32.0,44.0,123,0.0,104.0,50.666666666666664,56.0,104.0,123,1.0,1.0,1.0,1.0,1.0,123,1.0,1.0000000000000002,1.0,1.0,1.0,123,1.0,1.0,1.0,1.0,1.0,123,1.0,1.0000000000000002,1.0,1.0,1.0,123,552.0,0.0,0.0,429.0,123.0,123.0,0.0,0.0,0.0,0.0,0.0,0.0,1.0,0.0,0.0,123.0,123.0,1.0,0.0,0.0,0.0,0.0,0.0,0.0,0.0,0.0,0.0,0.0,0.0,0.0,0.0,127.57446989417076
260,15600000000000,2.0,14.0,2.871794871794872,2.0,7.5,351,2.0,9.0,5.592592592592593,6.0,8.0,351,15.0,22.0,18.40740740740741,18.0,22.0,351,2.0,7.0,2.4957264957264957,2.0,4.0,351,0.0,44.0,26.63157894736842,32.0,44.0,114,0.0,104.0,49.05263157894737,56.0,104.0,114,1.0,1.0,1.0,1.0,1.0,114,0.9999999999999998,1.0000000000000002,1.0,1.0,1.0,114,1.0,1.0,1.0,1.0,1.0,114,0.9999999999999998,1.0000000000000002,1.0,1.0,1.0,114,552.0,0.0,0.0,438.0,114.0,114.0,0.0,0.0,0.0,0.0,0.0,0.0,1.0,0.0,0.0,114.0,114.0,1.0,0.0,0.0,0.0,0.0,0.0,0.0,0.0,0.0,0.0,0.0,0.0,0.0,0.0,133.55246931314468
261,15660000000000,2.0,14.0,2.905982905982906,2.0,8.0,351,1.0,9.0,5.62962962962963,6.0,9.0,351,15.0,23.0,18.37037037037037,18.0,22.0,351,2.0,7.0,2.5042735042735043,2.0,4.0,351,0.0,44.0,26.885245901639344,30.0,44.0,122,0.0,104.0,49.114754098360656,48.0,104.0,122,1.0,1.0,1.0,1.0,1.0,122,0.9999999999999998,1.0,1.0,1.0,1.0,122,1.0,1.0,1.0,1.0,1.0,122,0.9999999999999998,1.0,1.0,1.0,1.0,122,552.0,0.0,0.0,430.0,122.0,122.0,0.0,0.0,0.0,0.0,0.0,0.0,1.0,0.0,0.0,122.0,122.0,1.0,0.0,0.0,0.0,0.0,0.0,0.0,0.0,0.0,0.0,0.0,0.0,0.0,0.0,141.53145626187325
262,15720000000000,2.0,13.0,2.868945868945869,2.0,8.5,351,1.0,8.0,5.518518518518518,6.0,8.0,351,16.0,23.0,18.48148148148148,18.0,21.0,351,2.0,6.0,2.4871794871794872,2.0,4.0,351,0.0,44.0,25.862068965517242,28.0,44.0,116,0.0,104.0,46.3448275862069,40.0,104.0,116,1.0,1.0,1.0,1.0,1.0,116,0.9999999999999999,1.0000000000000002,1.0,1.0,1.0,116,1.0,1.0,1.0,1.0,1.0,116,0.9999999999999999,1.0000000000000002,1.0,1.0,1.0,116,552.0,0.0,0.0,436.0,116.0,116.0,0.0,0.0,0.0,0.0,0.0,0.0,1.0,0.0,0.0,116.0,116.0,1.0,0.0,0.0,0.0,0.0,0.0,0.0,0.0,0.0,0.0,0.0,0.0,0.0,0.0,209.33550596237183
263,15780000000000,2.0,14.0,2.871794871794872,2.0,7.5,351,1.0,9.0,5.666666666666667,6.0,8.0,351,15.0,23.0,18.333333333333332,18.0,21.0,351,2.0,7.0,2.5042735042735043,2.0,4.0,351,0.0,44.0,25.904761904761905,28.0,44.0,126,0.0,104.0,47.61904761904762,40.0,104.0,126,1.0,1.0,1.0,1.0,1.0,126,0.9999999999999998,1.0000000000000002,1.0,1.0,1.0,126,1.0,1.0,1.0,1.0,1.0,126,0.9999999999999998,1.0000000000000002,1.0,1.0,1.0,126,552.0,0.0,0.0,426.0,126.0,126.0,0.0,0.0,0.0,0.0,0.0,0.0,1.0,0.0,0.0,126.0,126.0,1.0,0.0,0.0,0.0,0.0,0.0,0.0,0.0,0.0,0.0,0.0,0.0,0.0,0.0,136.93278096616268
264,15840000000000,2.0,14.0,2.9458689458689458,2.0,8.0,351,1.0,10.0,5.7407407407407405,6.0,8.0,351,14.0,23.0,18.25925925925926,18.0,22.0,351,2.0,7.0,2.5156695156695155,2.0,4.0,351,0.0,44.0,26.26771653543307,28.0,44.0,127,0.0,104.0,47.24409448818898,40.0,104.0,127,1.0,1.0,1.0,1.0,1.0,127,0.9999999999999999,1.0000000000000002,1.0,1.0,1.0000000000000002,127,1.0,1.0,1.0,1.0,1.0,127,0.9999999999999999,1.0000000000000002,1.0,1.0,1.0000000000000002,127,552.0,0.0,0.0,425.0,127.0,127.0,0.0,0.0,0.0,0.0,0.0,0.0,1.0,0.0,0.0,127.0,127.0,1.0,0.0,0.0,0.0,0.0,0.0,0.0,0.0,0.0,0.0,0.0,0.0,0.0,0.0,140.15054143965244
265,15900000000000,2.0,14.0,2.9002849002849005,2.0,8.0,351,1.0,10.0,5.592592592592593,6.0,8.0,351,14.0,23.0,18.40740740740741,18.0,22.0,351,2.0,7.0,2.4985754985754984,2.0,4.0,351,0.0,44.0,26.075187969924812,28.0,44.0,133,0.0,104.0,46.91729323308271,40.0,104.0,133,1.0,1.0,1.0,1.0,1.0,133,0.9999999999999998,1.0000000000000002,1.0,1.0,1.0,133,1.0,1.0,1.0,1.0,1.0,133,0.9999999999999998,1.0000000000000002,1.0,1.0,1.0,133,552.0,0.0,0.0,419.0,133.0,133.0,0.0,0.0,0.0,0.0,0.0,0.0,1.0,0.0,0.0,133.0,133.0,1.0,0.0,0.0,0.0,0.0,0.0,0.0,0.0,0.0,0.0,0.0,0.0,0.0,0.0,139.12035338580608
266,15960000000000,2.0,13.0,2.871794871794872,2.0,8.0,351,1.0,10.0,5.555555555555555,6.0,8.0,351,14.0,23.0,18.444444444444443,18.0,22.0,351,2.0,7.0,2.4957264957264957,2.0,4.0,351,0.0,44.0,26.866666666666667,28.0,44.0,120,0.0,104.0,48.666666666666664,40.0,104.0,120,1.0,1.0,1.0,1.0,1.0,120,1.0,1.0000000000000002,1.0,1.0,1.0,120,1.0,1.0,1.0,1.0,1.0,120,1.0,1.0000000000000002,1.0,1.0,1.0,120,552.0,0.0,0.0,432.0,120.0,120.0,0.0,0.0,0.0,0.0,0.0,0.0,1.0,0.0,0.0,120.0,120.0,1.0,0.0,0.0,0.0,0.0,0.0,0.0,0.0,0.0,0.0,0.0,0.0,0.0,0.0,205.75070939958096
267,16020000000000,2.0,15.0,2.8945868945868947,2.0,9.0,351,1.0,9.0,5.555555555555555,5.0,8.0,351,15.0,23.0,18.444444444444443,19.0,21.0,351,2.0,7.0,2.4871794871794872,2.0,4.0,351,0.0,44.0,26.330708661417322,28.0,44.0,127,0.0,104.0,48.62992125984252,40.0,104.0,127,1.0,1.0,1.0,1.0,1.0,127,0.9999999999999998,1.0000000000000002,1.0,1.0,1.0,127,1.0,1.0,1.0,1.0,1.0,127,0.9999999999999998,1.0000000000000002,1.0,1.0,1.0,127,552.0,0.0,0.0,425.0,127.0,127.0,0.0,0.0,0.0,0.0,0.0,0.0,1.0,0.0,0.0,127.0,127.0,1.0,0.0,0.0,0.0,0.0,0.0,0.0,0.0,0.0,0.0,0.0,0.0,0.0,0.0,177.7340117841959
268,16080000000000,2.0,14.0,2.8376068376068377,2.0,7.0,351,1.0,9.0,5.481481481481482,5.0,9.0,351,15.0,23.0,18.51851851851852,19.0,21.0,351,2.0,7.0,2.4814814814814814,2.0,4.0,351,0.0,44.0,26.191304347826087,32.0,44.0,115,0.0,104.0,48.417391304347824,56.0,104.0,115,1.0,1.0,1.0,1.0,1.0,115,0.9999999999999998,1.0000000000000002,1.0,1.0,1.0000000000000002,115,1.0,1.0,1.0,1.0,1.0,115,0.9999999999999998,1.0000000000000002,1.0,1.0,1.0000000000000002,115,552.0,0.0,0.0,437.0,115.0,115.0,0.0,0.0,0.0,0.0,0.0,0.0,1.0,0.0,0.0,115.0,115.0,1.0,0.0,0.0,0.0,0.0,0.0,0.0,0.0,0.0,0.0,0.0,0.0,0.0,0.0,105.04856333136559
269,16140000000000,2.0,14.0,2.8547008547008548,2.0,7.0,351,1.0,9.0,5.518518518518518,6.0,8.0,351,15.0,23.0,18.48148148148148,18.0,22.0,351,2.0,7.0,2.4985754985754984,2.0,4.0,351,0.0,44.0,26.482758620689655,32.0,44.0,116,0.0,104.0,48.827586206896555,56.0,104.0,116,1.0,1.0,1.0,1.0,1.0,116,0.9999999999999999,1.0000000000000002,1.0,1.0,1.0,116,1.0,1.0,1.0,1.0,1.0,116,0.9999999999999999,1.0000000000000002,1.0,1.0,1.0,116,552.0,0.0,0.0,436.0,116.0,116.0,0.0,0.0,0.0,0.0,0.0,0.0,1.0,0.0,0.0,116.0,116.0,1.0,0.0,0.0,0.0,0.0,0.0,0.0,0.0,0.0,0.0,0.0,0.0,0.0,0.0,124.59965795278549
270,16200000000000,2.0,15.0,2.8603988603988606,2.0,7.5,351,1.0,10.0,5.62962962962963,6.0,8.0,351,14.0,23.0,18.37037037037037,18.0,21.0,351,2.0,6.0,2.4985754985754984,2.0,4.0,351,0.0,44.0,25.77777777777778,28.0,44.0,117,0.0,104.0,47.72649572649573,40.0,104.0,117,1.0,1.0,1.0,1.0,1.0,117,0.9999999999999998,1.0000000000000002,1.0,1.0,1.0,117,1.0,1.0,1.0,1.0,1.0,117,0.9999999999999998,1.0000000000000002,1.0,1.0,1.0,117,552.0,0.0,0.0,435.0,117.0,117.0,0.0,0.0,0.0,0.0,0.0,0.0,1.0,0.0,0.0,117.0,117.0,1.0,0.0,0.0,0.0,0.0,0.0,0.0,0.0,0.0,0.0,0.0,0.0,0.0,0.0,147.1444759517908
271,16260000000000,2.0,14.0,2.8746438746438745,2.0,8.0,351,1.0,10.0,5.555555555555555,6.0,8.0,351,14.0,23.0,18.444444444444443,18.0,21.0,351,2.0,7.0,2.492877492877493,2.0,4.0,351,0.0,44.0,25.821138211382113,28.0,44.0,123,0.0,104.0,47.08943089430894,40.0,104.0,123,1.0,1.0,1.0,1.0,1.0,123,0.9999999999999998,1.0000000000000002,1.0,1.0,1.0,123,1.0,1.0,1.0,1.0,1.0,123,0.9999999999999998,1.0000000000000002,1.0,1.0,1.0,123,552.0,0.0,0.0,429.0,123.0,123.0,0.0,0.0,0.0,0.0,0.0,0.0,1.0,0.0,0.0,123.0,123.0,1.0,0.0,0.0,0.0,0.0,0.0,0.0,0.0,0.0,0.0,0.0,0.0,0.0,0.0,227.24133357405663
272,16320000000000,2.0,14.0,2.8917378917378915,2.0,8.0,351,1.0,10.0,5.518518518518518,6.0,8.0,351,14.0,23.0,18.48148148148148,18.0,22.0,351,2.0,7.0,2.4957264957264957,2.0,4.0,351,0.0,44.0,26.557377049180328,28.0,44.0,122,0.0,104.0,48.39344262295082,40.0,104.0,122,1.0,1.0,1.0,1.0,1.0,122,0.9999999999999999,1.0000000000000002,1.0,1.0,1.0,122,1.0,1.0,1.0,1.0,1.0,122,0.9999999999999999,1.0000000000000002,1.0,1.0,1.0,122,552.0,0.0,0.0,430.0,122.0,122.0,0.0,0.0,0.0,0.0,0.0,0.0,1.0,0.0,0.0,122.0,122.0,1.0,0.0,0.0,0.0,0.0,0.0,0.0,0.0,0.0,0.0,0.0,0.0,0.0,0.0,142.47296005487442
273,16380000000000,2.0,14.0,2.866096866096866,2.0,7.0,351,1.0,10.0,5.518518518518518,6.0,8.0,351,14.0,23.0,18.48148148148148,18.0,22.0,351,2.0,7.0,2.49002849002849,2.0,4.0,351,0.0,44.0,26.015267175572518,32.0,44.0,131,0.0,104.0,48.0,56.0,104.0,131,1.0,1.0,1.0,1.0,1.0,131,1.0,1.0000000000000002,1.0,1.0,1.0,131,1.0,1.0,1.0,1.0,1.0,131,1.0,1.0000000000000002,1.0,1.0,1.0,131,552.0,0.0,0.0,421.0,131.0,131.0,0.0,0.0,0.0,0.0,0.0,0.0,1.0,0.0,0.0,131.0,131.0,1.0,0.0,0.0,0.0,0.0,0.0,0.0,0.0,0.0,0.0,0.0,0.0,0.0,0.0,138.68358358740807
274,16440000000000,2.0,15.0,2.8746438746438745,2.0,8.0,351,1.0,10.0,5.481481481481482,5.0,8.0,351,14.0,23.0,18.51851851851852,19.0,22.0,351,2.0,6.0,2.49002849002849,2.0,4.0,351,0.0,44.0,25.951219512195124,28.0,44.0,123,0.0,104.0,47.609756097560975,40.0,104.0,123,1.0,1.0,1.0,1.0,1.0,123,1.0,1.0000000000000002,1.0,1.0,1.0,123,1.0,1.0,1.0,1.0,1.0,123,1.0,1.0000000000000002,1.0,1.0,1.0,123,552.0,0.0,0.0,429.0,123.0,123.0,0.0,0.0,0.0,0.0,0.0,0.0,1.0,0.0,0.0,123.0,123.0,1.0,0.0,0.0,0.0,0.0,0.0,0.0,0.0,0.0,0.0,0.0,0.0,0.0,0.0,134.1249644756317
275,16500000000000,2.0,15.0,2.888888888888889,2.0,8.0,351,1.0,10.0,5.555555555555555,5.0,8.0,351,14.0,23.0,18.444444444444443,19.0,21.0,351,2.0,8.0,2.4871794871794872,2.0,4.0,351,0.0,44.0,27.007751937984494,32.0,44.0,129,0.0,104.0,49.98449612403101,56.0,104.0,129,1.0,1.0,1.0,1.0,1.0,129,0.9999999999999998,1.0,1.0,1.0,1.0,129,1.0,1.0,1.0,1.0,1.0,129,0.9999999999999998,1.0,1.0,1.0,1.0,129,552.0,0.0,0.0,423.0,129.0,129.0,0.0,0.0,0.0,0.0,0.0,0.0,1.0,0.0,0.0,129.0,129.0,1.0,0.0,0.0,0.0,0.0,0.0,0.0,0.0,0.0,0.0,0.0,0.0,0.0,0.0,210.39586141705513
276,16560000000000,2.0,14.0,2.8347578347578346,2.0,7.0,351,1.0,9.0,5.481481481481482,6.0,8.0,351,15.0,23.0,18.51851851851852,18.0,21.0,351,2.0,7.0,2.47008547008547,2.0,4.0,351,0.0,44.0,26.45378151260504,32.0,44.0,119,0.0,104.0,49.54621848739496,56.0,104.0,119,1.0,1.0,1.0,1.0,1.0,119,0.9999999999999998,1.0000000000000002,1.0,1.0,1.0000000000000002,119,1.0,1.0,1.0,1.0,1.0,119,0.9999999999999998,1.0000000000000002,1.0,1.0,1.0000000000000002,119,552.0,0.0,0.0,433.0,119.0,119.0,0.0,0.0,0.0,0.0,0.0,0.0,1.0,0.0,0.0,119.0,119.0,1.0,0.0,0.0,0.0,0.0,0.0,0.0,0.0,0.0,0.0,0.0,0.0,0.0,0.0,149.88432079553604
277,16620000000000,2.0,15.0,2.8603988603988606,2.0,8.0,351,1.0,10.0,5.481481481481482,5.0,8.0,351,14.0,23.0,18.51851851851852,19.0,21.0,351,2.0,7.0,2.49002849002849,2.0,4.0,351,0.0,44.0,26.459016393442624,30.0,44.0,122,0.0,104.0,48.59016393442623,48.0,104.0,122,1.0,1.0,1.0,1.0,1.0,122,0.9999999999999999,1.0000000000000002,1.0,1.0,1.0,122,1.0,1.0,1.0,1.0,1.0,122,0.9999999999999999,1.0000000000000002,1.0,1.0,1.0,122,552.0,0.0,0.0,430.0,122.0,122.0,0.0,0.0,0.0,0.0,0.0,0.0,1.0,0.0,0.0,122.0,122.0,1.0,0.0,0.0,0.0,0.0,0.0,0.0,0.0,0.0,0.0,0.0,0.0,0.0,0.0,144.67620477080345
278,16680000000000,2.0,15.0,2.868945868945869,2.0,8.0,351,1.0,10.0,5.518518518518518,6.0,8.0,351,14.0,23.0,18.48148148148148,18.0,21.0,351,2.0,6.0,2.49002849002849,2.0,4.0,351,0.0,44.0,25.495652173913044,28.0,44.0,115,0.0,104.0,46.26086956521739,40.0,104.0,115,1.0,1.0,1.0,1.0,1.0,115,0.9999999999999999,1.0000000000000002,1.0,1.0,1.0,115,1.0,1.0,1.0,1.0,1.0,115,0.9999999999999999,1.0000000000000002,1.0,1.0,1.0,115,552.0,0.0,0.0,437.0,115.0,115.0,0.0,0.0,0.0,0.0,0.0,0.0,1.0,0.0,0.0,115.0,115.0,1.0,0.0,0.0,0.0,0.0,0.0,0.0,0.0,0.0,0.0,0.0,0.0,0.0,0.0,138.35532031953335
279,16740000000000,2.0,15.0,2.8774928774928776,2.0,6.5,351,1.0,10.0,5.555555555555555,6.0,9.0,351,14.0,23.0,18.444444444444443,18.0,21.0,351,2.0,6.0,2.4985754985754984,2.0,4.0,351,0.0,44.0,26.782608695652176,28.0,44.0,115,0.0,104.0,48.904347826086955,40.0,104.0,115,1.0,1.0,1.0,1.0,1.0,115,1.0,1.0000000000000002,1.0,1.0,1.0,115,1.0,1.0,1.0,1.0,1.0,115,1.0,1.0000000000000002,1.0,1.0,1.0,115,552.0,0.0,0.0,437.0,115.0,115.0,0.0,0.0,0.0,0.0,0.0,0.0,1.0,0.0,0.0,115.0,115.0,1.0,0.0,0.0,0.0,0.0,0.0,0.0,0.0,0.0,0.0,0.0,0.0,0.0,0.0,224.34657998383045
280,16800000000000,2.0,14.0,2.8518518518518516,2.0,6.0,351,1.0,10.0,5.518518518518518,6.0,8.0,351,14.0,23.0,18.48148148148148,18.0,21.0,351,2.0,7.0,2.492877492877493,2.0,4.0,351,0.0,44.0,26.53968253968254,32.0,44.0,126,0.0,104.0,49.01587301587302,56.0,104.0,126,1.0,1.0,1.0,1.0,1.0,126,0.9999999999999998,1.0000000000000002,1.0,1.0,1.0,126,1.0,1.0,1.0,1.0,1.0,126,0.9999999999999998,1.0000000000000002,1.0,1.0,1.0,126,552.0,0.0,0.0,426.0,126.0,126.0,0.0,0.0,0.0,0.0,0.0,0.0,1.0,0.0,0.0,126.0,126.0,1.0,0.0,0.0,0.0,0.0,0.0,0.0,0.0,0.0,0.0,0.0,0.0,0.0,0.0,123.8185241818428
281,16860000000000,2.0,15.0,2.8974358974358974,2.0,8.0,351,1.0,10.0,5.444444444444445,6.0,8.0,351,14.0,23.0,18.555555555555557,18.0,21.0,351,2.0,6.0,2.4871794871794872,2.0,4.0,351,0.0,44.0,27.081481481481482,32.0,44.0,135,0.0,104.0,50.72592592592593,56.0,104.0,135,1.0,1.0,1.0,1.0,1.0,135,0.9999999999999999,1.0000000000000002,1.0,1.0,1.0,135,1.0,1.0,1.0,1.0,1.0,135,0.9999999999999999,1.0000000000000002,1.0,1.0,1.0,135,552.0,0.0,0.0,417.0,135.0,135.0,0.0,0.0,0.0,0.0,0.0,0.0,1.0,0.0,0.0,135.0,135.0,1.0,0.0,0.0,0.0,0.0,0.0,0.0,0.0,0.0,0.0,0.0,0.0,0.0,0.0,135.29362715780735
282,16920000000000,2.0,15.0,2.871794871794872,2.0,8.0,351,1.0,10.0,5.407407407407407,5.0,8.0,351,14.0,23.0,18.59259259259259,19.0,21.0,351,2.0,7.0,2.4871794871794872,2.0,4.0,351,0.0,44.0,26.601626016260163,32.0,44.0,123,0.0,104.0,49.040650406504064,56.0,104.0,123,1.0,1.0,1.0,1.0,1.0,123,0.9999999999999998,1.0000000000000002,1.0,1.0,1.0,123,1.0,1.0,1.0,1.0,1.0,123,0.9999999999999998,1.0000000000000002,1.0,1.0,1.0,123,552.0,0.0,0.0,429.0,123.0,123.0,0.0,0.0,0.0,0.0,0.0,0.0,1.0,0.0,0.0,123.0,123.0,1.0,0.0,0.0,0.0,0.0,0.0,0.0,0.0,0.0,0.0,0.0,0.0,0.0,0.0,142.7078004926443
283,16980000000000,2.0,15.0,2.9116809116809117,2.0,8.0,351,1.0,10.0,5.666666666666667,6.0,8.0,351,14.0,23.0,18.333333333333332,18.0,21.0,351,2.0,8.0,2.5014245014245016,2.0,4.0,351,0.0,44.0,26.225563909774436,28.0,44.0,133,0.0,104.0,48.06015037593985,40.0,104.0,133,1.0,1.0,1.0,1.0,1.0,133,0.9999999999999999,1.0000000000000002,1.0,1.0,1.0,133,1.0,1.0,1.0,1.0,1.0,133,0.9999999999999999,1.0000000000000002,1.0,1.0,1.0,133,552.0,0.0,0.0,419.0,133.0,133.0,0.0,0.0,0.0,0.0,0.0,0.0,1.0,0.0,0.0,133.0,133.0,1.0,0.0,0.0,0.0,0.0,0.0,0.0,0.0,0.0,0.0,0.0,0.0,0.0,0.0,123.45957942306995
284,17040000000000,2.0,15.0,2.866096866096866,2.0,7.0,351,1.0,10.0,5.555555555555555,6.0,9.0,351,14.0,23.0,18.444444444444443,18.0,21.0,351,2.0,7.0,2.49002849002849,2.0,4.0,351,0.0,44.0,26.333333333333332,28.0,44.0,120,0.0,104.0,47.733333333333334,40.0,104.0,120,1.0,1.0,1.0,1.0,1.0,120,0.9999999999999999,1.0,1.0,1.0,1.0,120,1.0,1.0,1.0,1.0,1.0,120,0.9999999999999999,1.0,1.0,1.0,1.0,120,552.0,0.0,0.0,432.0,120.0,120.0,0.0,0.0,0.0,0.0,0.0,0.0,1.0,0.0,0.0,120.0,120.0,1.0,0.0,0.0,0.0,0.0,0.0,0.0,0.0,0.0,0.0,0.0,0.0,0.0,0.0,211.30721271038055
285,17100000000000,2.0,15.0,2.883190883190883,2.0,8.0,351,1.0,10.0,5.666666666666667,5.0,9.0,351,14.0,23.0,18.333333333333332,19.0,21.0,351,2.0,8.0,2.5042735042735043,2.0,4.0,351,0.0,44.0,26.424242424242426,28.0,44.0,132,0.0,104.0,48.42424242424242,40.0,104.0,132,1.0,1.0,1.0,1.0,1.0,132,0.9999999999999998,1.0000000000000002,1.0,1.0,1.0,132,1.0,1.0,1.0,1.0,1.0,132,0.9999999999999998,1.0000000000000002,1.0,1.0,1.0,132,552.0,0.0,0.0,420.0,132.0,132.0,0.0,0.0,0.0,0.0,0.0,0.0,1.0,0.0,0.0,132.0,132.0,1.0,0.0,0.0,0.0,0.0,0.0,0.0,0.0,0.0,0.0,0.0,0.0,0.0,0.0,157.47213177382946
286,17160000000000,2.0,15.0,2.9173789173789175,2.0,7.5,351,1.0,10.0,5.518518518518518,5.0,9.0,351,14.0,23.0,18.48148148148148,19.0,21.0,351,2.0,7.0,2.4957264957264957,2.0,4.0,351,0.0,44.0,26.41860465116279,28.0,44.0,129,0.0,104.0,47.627906976744185,40.0,104.0,129,1.0,1.0,1.0,1.0,1.0,129,0.9999999999999998,1.0,1.0,1.0,1.0,129,1.0,1.0,1.0,1.0,1.0,129,0.9999999999999998,1.0,1.0,1.0,1.0,129,552.0,0.0,0.0,423.0,129.0,129.0,0.0,0.0,0.0,0.0,0.0,0.0,1.0,0.0,0.0,129.0,129.0,1.0,0.0,0.0,0.0,0.0,0.0,0.0,0.0,0.0,0.0,0.0,0.0,0.0,0.0,151.9308164715767
287,17220000000000,2.0,15.0,2.8575498575498575,2.0,7.0,351,1.0,10.0,5.407407407407407,6.0,8.0,351,14.0,23.0,18.59259259259259,18.0,21.0,351,2.0,7.0,2.49002849002849,2.0,4.0,351,0.0,44.0,26.4,28.0,44.0,110,0.0,104.0,48.654545454545456,40.0,104.0,110,1.0,1.0,1.0,1.0,1.0,110,0.9999999999999998,1.0000000000000002,1.0,1.0,1.0,110,1.0,1.0,1.0,1.0,1.0,110,0.9999999999999998,1.0000000000000002,1.0,1.0,1.0,110,552.0,0.0,0.0,442.0,110.0,110.0,0.0,0.0,0.0,0.0,0.0,0.0,1.0,0.0,0.0,110.0,110.0,1.0,0.0,0.0,0.0,0.0,0.0,0.0,0.0,0.0,0.0,0.0,0.0,0.0,0.0,130.32975979149342
288,17280000000000,2.0,13.0,2.8603988603988606,2.0,8.0,351,1.0,8.0,5.407407407407407,6.0,8.0,351,16.0,23.0,18.59259259259259,18.0,21.0,351,2.0,7.0,2.4871794871794872,2.0,4.0,351,0.0,44.0,26.28099173553719,32.0,44.0,121,0.0,104.0,48.59504132231405,56.0,104.0,121,1.0,1.0,1.0,1.0,1.0,121,0.9999999999999998,1.0,1.0,1.0,1.0,121,1.0,1.0,1.0,1.0,1.0,121,0.9999999999999998,1.0,1.0,1.0,1.0,121,552.0,0.0,0.0,431.0,121.0,121.0,0.0,0.0,0.0,0.0,0.0,0.0,1.0,0.0,0.0,121.0,121.0,1.0,0.0,0.0,0.0,0.0,0.0,0.0,0.0,0.0,0.0,0.0,0.0,0.0,0.0,244.36109326779842
289,17340000000000,2.0,14.0,2.903133903133903,2.0,8.0,351,2.0,9.0,5.62962962962963,5.0,9.0,351,15.0,22.0,18.37037037037037,19.0,21.0,351,2.0,6.0,2.5128205128205128,2.0,4.0,351,0.0,44.0,27.081481481481482,32.0,44.0,135,0.0,104.0,50.19259259259259,56.0,104.0,135,1.0,1.0,1.0,1.0,1.0,135,0.9999999999999998,1.0000000000000002,1.0,1.0,1.0,135,1.0,1.0,1.0,1.0,1.0,135,0.9999999999999998,1.0000000000000002,1.0,1.0,1.0,135,552.0,0.0,0.0,417.0,135.0,135.0,0.0,0.0,0.0,0.0,0.0,0.0,1.0,0.0,0.0,135.0,135.0,1.0,0.0,0.0,0.0,0.0,0.0,0.0,0.0,0.0,0.0,0.0,0.0,0.0,0.0,137.0949074625969
290,17400000000000,2.0,15.0,2.8917378917378915,2.0,8.0,351,2.0,10.0,5.592592592592593,5.0,9.0,351,14.0,22.0,18.40740740740741,19.0,21.0,351,2.0,7.0,2.4985754985754984,2.0,4.0,351,0.0,44.0,26.75968992248062,32.0,44.0,129,0.0,104.0,49.55038759689923,56.0,104.0,129,1.0,1.0,1.0,1.0,1.0,129,0.9999999999999998,1.0000000000000002,1.0,1.0,1.0,129,1.0,1.0,1.0,1.0,1.0,129,0.9999999999999998,1.0000000000000002,1.0,1.0,1.0,129,552.0,0.0,0.0,423.0,129.0,129.0,0.0,0.0,0.0,0.0,0.0,0.0,1.0,0.0,0.0,129.0,129.0,1.0,0.0,0.0,0.0,0.0,0.0,0.0,0.0,0.0,0.0,0.0,0.0,0.0,0.0,133.80016200244427
291,17460000000000,2.0,15.0,2.8917378917378915,2.0,8.0,351,2.0,10.0,5.555555555555555,6.0,8.0,351,14.0,22.0,18.444444444444443,18.0,21.0,351,2.0,7.0,2.492877492877493,2.0,4.0,351,0.0,44.0,26.0625,28.0,44.0,128,0.0,104.0,48.0,40.0,104.0,128,1.0,1.0,1.0,1.0,1.0,128,1.0,1.0000000000000002,1.0,1.0,1.0,128,1.0,1.0,1.0,1.0,1.0,128,1.0,1.0000000000000002,1.0,1.0,1.0,128,552.0,0.0,0.0,424.0,128.0,128.0,0.0,0.0,0.0,0.0,0.0,0.0,1.0,0.0,0.0,128.0,128.0,1.0,0.0,0.0,0.0,0.0,0.0,0.0,0.0,0.0,0.0,0.0,0.0,0.0,0.0,134.6603538841009
292,17520000000000,2.0,15.0,2.9344729344729346,2.0,8.5,351,2.0,10.0,5.851851851851852,6.0,9.0,351,14.0,22.0,18.14814814814815,18.0,21.0,351,2.0,7.0,2.5156695156695155,2.0,4.0,351,0.0,44.0,26.45925925925926,28.0,44.0,135,0.0,104.0,48.237037037037034,40.0,104.0,135,1.0,1.0,1.0,1.0,1.0,135,0.9999999999999998,1.0000000000000002,1.0,1.0,1.0,135,1.0,1.0,1.0,1.0,1.0,135,0.9999999999999998,1.0000000000000002,1.0,1.0,1.0,135,552.0,0.0,0.0,417.0,135.0,135.0,0.0,0.0,0.0,0.0,0.0,0.0,1.0,0.0,0.0,135.0,135.0,1.0,0.0,0.0,0.0,0.0,0.0,0.0,0.0,0.0,0.0,0.0,0.0,0.0,0.0,141.5342576801777
293,17580000000000,2.0,15.0,2.8746438746438745,2.0,7.5,351,1.0,10.0,5.777777777777778,6.0,9.0,351,14.0,23.0,18.22222222222222,18.0,21.0,351,2.0,8.0,2.5156695156695155,2.0,4.0,351,0.0,44.0,26.35114503816794,28.0,44.0,131,0.0,104.0,48.2442748091603,40.0,104.0,131,1.0,1.0,1.0,1.0,1.0,131,0.9999999999999998,1.0,1.0,1.0,1.0,131,1.0,1.0,1.0,1.0,1.0,131,0.9999999999999998,1.0,1.0,1.0,1.0,131,552.0,0.0,0.0,421.0,131.0,131.0,0.0,0.0,0.0,0.0,0.0,0.0,1.0,0.0,0.0,131.0,131.0,1.0,0.0,0.0,0.0,0.0,0.0,0.0,0.0,0.0,0.0,0.0,0.0,0.0,0.0,225.20501539111137
294,17640000000000,2.0,15.0,2.8774928774928776,2.0,7.5,351,1.0,10.0,5.444444444444445,5.0,8.0,351,14.0,23.0,18.555555555555557,19.0,21.0,351,2.0,7.0,2.4871794871794872,2.0,4.0,351,0.0,44.0,27.1937984496124,28.0,44.0,129,0.0,104.0,49.6124031007752,40.0,104.0,129,1.0,1.0,1.0,1.0,1.0,129,0.9999999999999998,1.0000000000000002,1.0,1.0,1.0,129,1.0,1.0,1.0,1.0,1.0,129,0.9999999999999998,1.0000000000000002,1.0,1.0,1.0,129,552.0,0.0,0.0,423.0,129.0,129.0,0.0,0.0,0.0,0.0,0.0,0.0,1.0,0.0,0.0,129.0,129.0,1.0,0.0,0.0,0.0,0.0,0.0,0.0,0.0,0.0,0.0,0.0,0.0,0.0,0.0,136.71694695949554
295,17700000000000,2.0,15.0,2.8774928774928776,2.0,8.0,351,1.0,9.0,5.481481481481482,5.0,8.0,351,15.0,23.0,18.51851851851852,19.0,22.0,351,2.0,7.0,2.49002849002849,2.0,4.0,351,0.0,44.0,26.74380165289256,28.0,44.0,121,0.0,104.0,49.256198347107436,40.0,104.0,121,1.0,1.0,1.0,1.0,1.0,121,0.9999999999999998,1.0000000000000002,1.0,1.0,1.0,121,1.0,1.0,1.0,1.0,1.0,121,0.9999999999999998,1.0000000000000002,1.0,1.0,1.0,121,552.0,0.0,0.0,431.0,121.0,121.0,0.0,0.0,0.0,0.0,0.0,0.0,1.0,0.0,0.0,121.0,121.0,1.0,0.0,0.0,0.0,0.0,0.0,0.0,0.0,0.0,0.0,0.0,0.0,0.0,0.0,138.26945796608925
296,17760000000000,2.0,13.0,2.866096866096866,2.0,8.0,351,2.0,8.0,5.592592592592593,6.0,8.0,351,16.0,22.0,18.40740740740741,18.0,22.0,351,2.0,7.0,2.4957264957264957,2.0,4.0,351,0.0,44.0,26.349206349206348,28.0,44.0,126,0.0,104.0,48.25396825396825,40.0,104.0,126,1.0,1.0,1.0,1.0,1.0,126,0.9999999999999999,1.0000000000000002,1.0,1.0,1.0,126,1.0,1.0,1.0,1.0,1.0,126,0.9999999999999999,1.0000000000000002,1.0,1.0,1.0,126,552.0,0.0,0.0,426.0,126.0,126.0,0.0,0.0,0.0,0.0,0.0,0.0,1.0,0.0,0.0,126.0,126.0,1.0,0.0,0.0,0.0,0.0,0.0,0.0,0.0,0.0,0.0,0.0,0.0,0.0,0.0,120.981864631176
297,17820000000000,2.0,13.0,2.8233618233618234,2.0,7.5,351,2.0,9.0,5.407407407407407,5.0,8.0,351,15.0,22.0,18.59259259259259,19.0,21.0,351,2.0,6.0,2.4814814814814814,2.0,4.0,351,0.0,44.0,27.252032520325205,32.0,44.0,123,0.0,104.0,51.05691056910569,56.0,104.0,123,1.0,1.0,1.0,1.0,1.0,123,0.9999999999999999,1.0000000000000002,1.0,1.0,1.0000000000000002,123,1.0,1.0,1.0,1.0,1.0,123,0.9999999999999999,1.0000000000000002,1.0,1.0,1.0000000000000002,123,552.0,0.0,0.0,429.0,123.0,123.0,0.0,0.0,0.0,0.0,0.0,0.0,1.0,0.0,0.0,123.0,123.0,1.0,0.0,0.0,0.0,0.0,0.0,0.0,0.0,0.0,0.0,0.0,0.0,0.0,0.0,211.0956273972988
298,17880000000000,2.0,15.0,2.908831908831909,2.0,8.5,351,2.0,10.0,5.7407407407407405,6.0,9.0,351,14.0,22.0,18.25925925925926,18.0,21.0,351,2.0,7.0,2.507122507122507,2.0,4.0,351,0.0,44.0,27.03030303030303,32.0,44.0,132,0.0,104.0,50.303030303030305,56.0,104.0,132,1.0,1.0,1.0,1.0,1.0,132,0.9999999999999998,1.0000000000000002,1.0,1.0,1.0,132,1.0,1.0,1.0,1.0,1.0,132,0.9999999999999998,1.0000000000000002,1.0,1.0,1.0,132,552.0,0.0,0.0,420.0,132.0,132.0,0.0,0.0,0.0,0.0,0.0,0.0,1.0,0.0,0.0,132.0,132.0,1.0,0.0,0.0,0.0,0.0,0.0,0.0,0.0,0.0,0.0,0.0,0.0,0.0,0.0,130.6273192167282
299,17940000000000,2.0,15.0,2.888888888888889,2.0,8.0,351,2.0,10.0,5.555555555555555,6.0,8.0,351,14.0,22.0,18.444444444444443,18.0,21.0,351,2.0,7.0,2.4957264957264957,2.0,4.0,351,0.0,44.0,26.38095238095238,28.0,44.0,126,0.0,104.0,48.95238095238095,40.0,104.0,126,1.0,1.0,1.0,1.0,1.0,126,0.9999999999999998,1.0000000000000002,1.0,1.0,1.0,126,1.0,1.0,1.0,1.0,1.0,126,0.9999999999999998,1.0000000000000002,1.0,1.0,1.0,126,552.0,0.0,0.0,426.0,126.0,126.0,0.0,0.0,0.0,0.0,0.0,0.0,1.0,0.0,0.0,126.0,126.0,1.0,0.0,0.0,0.0,0.0,0.0,0.0,0.0,0.0,0.0,0.0,0.0,0.0,0.0,134.06558707356453
300,18000000000000,2.0,15.0,2.905982905982906,2.0,9.0,351,2.0,10.0,5.555555555555555,5.0,8.0,351,14.0,22.0,18.444444444444443,19.0,22.0,351,2.0,7.0,2.4957264957264957,2.0,4.0,351,0.0,44.0,26.636363636363637,28.0,44.0,132,0.0,104.0,49.27272727272727,40.0,104.0,132,1.0,1.0,1.0,1.0,1.0,132,0.9999999999999998,1.0000000000000002,1.0,1.0,1.0,132,1.0,1.0,1.0,1.0,1.0,132,0.9999999999999998,1.0000000000000002,1.0,1.0,1.0,132,552.0,0.0,0.0,420.0,132.0,132.0,0.0,0.0,0.0,0.0,0.0,0.0,1.0,0.0,0.0,132.0,132.0,1.0,0.0,0.0,0.0,0.0,0.0,0.0,0.0,0.0,0.0,0.0,0.0,0.0,0.0,133.22314247488976
301,18060000000000,2.0,15.0,2.8632478632478633,2.0,8.0,351,2.0,10.0,5.518518518518518,6.0,8.0,351,14.0,22.0,18.48148148148148,18.0,21.0,351,2.0,7.0,2.492877492877493,2.0,4.0,351,0.0,44.0,25.65289256198347,28.0,44.0,121,0.0,104.0,46.082644628099175,40.0,104.0,121,1.0,1.0,1.0,1.0,1.0,121,0.9999999999999998,1.0000000000000002,1.0,1.0,1.0,121,1.0,1.0,1.0,1.0,1.0,121,0.9999999999999998,1.0000000000000002,1.0,1.0,1.0,121,552.0,0.0,0.0,431.0,121.0,121.0,0.0,0.0,0.0,0.0,0.0,0.0,1.0,0.0,0.0,121.0,121.0,1.0,0.0,0.0,0.0,0.0,0.0,0.0,0.0,0.0,0.0,0.0,0.0,0.0,0.0,136.21005788445473
302,18120000000000,2.0,15.0,2.8945868945868947,2.0,8.0,351,1.0,10.0,5.62962962962963,6.0,9.0,351,14.0,23.0,18.37037037037037,18.0,22.0,351,2.0,7.0,2.4957264957264957,2.0,4.0,351,0.0,44.0,26.35820895522388,28.0,44.0,134,0.0,104.0,47.40298507462686,40.0,104.0,134,1.0,1.0,1.0,1.0,1.0,134,0.9999999999999998,1.0000000000000002,1.0,1.0,1.0,134,1.0,1.0,1.0,1.0,1.0,134,0.9999999999999998,1.0000000000000002,1.0,1.0,1.0,134,552.0,0.0,0.0,418.0,134.0,134.0,0.0,0.0,0.0,0.0,0.0,0.0,1.0,0.0,0.0,134.0,134.0,1.0,0.0,0.0,0.0,0.0,0.0,0.0,0.0,0.0,0.0,0.0,0.0,0.0,0.0,214.8771584033966
303,18180000000000,2.0,15.0,2.8547008547008548,2.0,8.0,351,2.0,9.0,5.518518518518518,5.0,8.0,351,15.0,22.0,18.48148148148148,19.0,22.0,351,2.0,7.0,2.4985754985754984,2.0,4.0,351,0.0,44.0,26.048780487804876,28.0,44.0,123,0.0,104.0,47.41463414634146,40.0,104.0,123,1.0,1.0,1.0,1.0,1.0,123,0.9999999999999998,1.0000000000000002,1.0,1.0,1.0000000000000002,123,1.0,1.0,1.0,1.0,1.0,123,0.9999999999999998,1.0000000000000002,1.0,1.0,1.0000000000000002,123,552.0,0.0,0.0,429.0,123.0,123.0,0.0,0.0,0.0,0.0,0.0,0.0,1.0,0.0,0.0,123.0,123.0,1.0,0.0,0.0,0.0,0.0,0.0,0.0,0.0,0.0,0.0,0.0,0.0,0.0,0.0,139.2804179340601
304,18240000000000,2.0,14.0,2.8603988603988606,2.0,8.0,351,2.0,9.0,5.592592592592593,5.0,8.0,351,15.0,22.0,18.40740740740741,19.0,22.0,351,2.0,7.0,2.4957264957264957,2.0,4.0,351,0.0,44.0,27.024390243902438,32.0,44.0,123,0.0,104.0,50.73170731707317,56.0,104.0,123,1.0,1.0,1.0,1.0,1.0,123,0.9999999999999998,1.0000000000000002,1.0,1.0,1.0,123,1.0,1.0,1.0,1.0,1.0,123,0.9999999999999998,1.0000000000000002,1.0,1.0,1.0,123,552.0,0.0,0.0,429.0,123.0,123.0,0.0,0.0,0.0,0.0,0.0,0.0,1.0,0.0,0.0,123.0,123.0,1.0,0.0,0.0,0.0,0.0,0.0,0.0,0.0,0.0,0.0,0.0,0.0,0.0,0.0,148.5623326152563
305,18300000000000,2.0,13.0,2.8005698005698005,2.0,7.0,351,2.0,8.0,5.37037037037037,5.0,8.0,351,16.0,22.0,18.62962962962963,19.0,22.0,351,2.0,7.0,2.472934472934473,2.0,4.0,351,0.0,44.0,27.016949152542374,32.0,44.0,118,0.0,104.0,50.71186440677966,56.0,104.0,118,1.0,1.0,1.0,1.0,1.0,118,0.9999999999999998,1.0,1.0,1.0,1.0,118,1.0,1.0,1.0,1.0,1.0,118,0.9999999999999998,1.0,1.0,1.0,1.0,118,552.0,0.0,0.0,434.0,118.0,118.0,0.0,0.0,0.0,0.0,0.0,0.0,1.0,0.0,0.0,118.0,118.0,1.0,0.0,0.0,0.0,0.0,0.0,0.0,0.0,0.0,0.0,0.0,0.0,0.0,0.0,137.3614352196455
306,18360000000000,2.0,13.0,2.8603988603988606,2.0,7.5,351,2.0,8.0,5.518518518518518,6.0,8.0,351,16.0,22.0,18.48148148148148,18.0,21.0,351,2.0,7.0,2.4843304843304845,2.0,4.0,351,0.0,44.0,26.545454545454547,32.0,44.0,121,0.0,104.0,49.65289256198347,56.0,104.0,121,1.0,1.0,1.0,1.0,1.0,121,0.9999999999999998,1.0000000000000002,1.0,1.0,1.0,121,1.0,1.0,1.0,1.0,1.0,121,0.9999999999999998,1.0000000000000002,1.0,1.0,1.0,121,552.0,0.0,0.0,431.0,121.0,121.0,0.0,0.0,0.0,0.0,0.0,0.0,1.0,0.0,0.0,121.0,121.0,1.0,0.0,0.0,0.0,0.0,0.0,0.0,0.0,0.0,0.0,0.0,0.0,0.0,0.0,201.01449266076088
307,18420000000000,2.0,14.0,2.905982905982906,2.0,8.5,351,2.0,9.0,5.666666666666667,6.0,8.0,351,15.0,22.0,18.333333333333332,18.0,22.0,351,2.0,6.0,2.5014245014245016,2.0,4.0,351,0.0,44.0,27.046153846153846,28.0,44.0,130,0.0,104.0,48.92307692307692,40.0,104.0,130,1.0,1.0,1.0,1.0,1.0,130,0.9999999999999998,1.0000000000000002,1.0,1.0,1.0,130,1.0,1.0,1.0,1.0,1.0,130,0.9999999999999998,1.0000000000000002,1.0,1.0,1.0,130,552.0,0.0,0.0,422.0,130.0,130.0,0.0,0.0,0.0,0.0,0.0,0.0,1.0,0.0,0.0,130.0,130.0,1.0,0.0,0.0,0.0,0.0,0.0,0.0,0.0,0.0,0.0,0.0,0.0,0.0,0.0,130.6212991476059
308,18480000000000,2.0,15.0,2.8917378917378915,2.0,8.0,351,2.0,10.0,5.703703703703703,6.0,8.0,351,14.0,22.0,18.296296296296298,18.0,22.0,351,2.0,7.0,2.5042735042735043,2.0,4.0,351,0.0,44.0,25.804511278195488,28.0,44.0,133,0.0,104.0,47.45864661654135,40.0,104.0,133,1.0,1.0,1.0,1.0,1.0,133,0.9999999999999999,1.0000000000000002,1.0,1.0,1.0,133,1.0,1.0,1.0,1.0,1.0,133,0.9999999999999999,1.0000000000000002,1.0,1.0,1.0,133,552.0,0.0,0.0,419.0,133.0,133.0,0.0,0.0,0.0,0.0,0.0,0.0,1.0,0.0,0.0,133.0,133.0,1.0,0.0,0.0,0.0,0.0,0.0,0.0,0.0,0.0,0.0,0.0,0.0,0.0,0.0,139.23831842839718
309,18540000000000,2.0,13.0,2.8974358974358974,2.0,8.0,351,1.0,9.0,5.555555555555555,6.0,9.0,351,15.0,23.0,18.444444444444443,18.0,22.0,351,2.0,6.0,2.4957264957264957,2.0,4.0,351,0.0,44.0,27.21951219512195,28.0,44.0,123,0.0,104.0,48.58536585365854,40.0,104.0,123,1.0,1.0,1.0,1.0,1.0,123,0.9999999999999998,1.0000000000000002,1.0,1.0,1.0,123,1.0,1.0,1.0,1.0,1.0,123,0.9999999999999998,1.0000000000000002,1.0,1.0,1.0,123,552.0,0.0,0.0,429.0,123.0,123.0,0.0,0.0,0.0,0.0,0.0,0.0,1.0,0.0,0.0,123.0,123.0,1.0,0.0,0.0,0.0,0.0,0.0,0.0,0.0,0.0,0.0,0.0,0.0,0.0,0.0,135.61221212148666
310,18600000000000,2.0,15.0,2.8774928774928776,2.0,7.0,351,2.0,9.0,5.518518518518518,6.0,8.0,351,15.0,22.0,18.48148148148148,18.0,22.0,351,2.0,7.0,2.4843304843304845,2.0,4.0,351,0.0,44.0,25.9672131147541,28.0,44.0,122,0.0,104.0,46.032786885245905,40.0,104.0,122,1.0,1.0,1.0,1.0,1.0,122,0.9999999999999999,1.0000000000000002,1.0,1.0,1.0000000000000002,122,1.0,1.0,1.0,1.0,1.0,122,0.9999999999999999,1.0000000000000002,1.0,1.0,1.0000000000000002,122,552.0,0.0,0.0,430.0,122.0,122.0,0.0,0.0,0.0,0.0,0.0,0.0,1.0,0.0,0.0,122.0,122.0,1.0,0.0,0.0,0.0,0.0,0.0,0.0,0.0,0.0,0.0,0.0,0.0,0.0,0.0,202.26654410362244
311,18660000000000,2.0,15.0,2.8404558404558404,2.0,7.0,351,2.0,9.0,5.592592592592593,5.0,8.0,351,15.0,22.0,18.40740740740741,19.0,22.0,351,2.0,7.0,2.5042735042735043,2.0,4.0,351,0.0,44.0,25.77777777777778,28.0,44.0,126,0.0,104.0,47.111111111111114,40.0,104.0,126,1.0,1.0,1.0,1.0,1.0,126,0.9999999999999999,1.0000000000000002,1.0,1.0,1.0000000000000002,126,1.0,1.0,1.0,1.0,1.0,126,0.9999999999999999,1.0000000000000002,1.0,1.0,1.0000000000000002,126,552.0,0.0,0.0,426.0,126.0,126.0,0.0,0.0,0.0,0.0,0.0,0.0,1.0,0.0,0.0,126.0,126.0,1.0,0.0,0.0,0.0,0.0,0.0,0.0,0.0,0.0,0.0,0.0,0.0,0.0,0.0,128.2863412052393
312,18720000000000,2.0,15.0,2.9145299145299144,2.0,8.5,351,2.0,9.0,5.407407407407407,5.0,8.0,351,15.0,22.0,18.59259259259259,19.0,22.0,351,2.0,7.0,2.4843304843304845,2.0,4.0,351,0.0,44.0,27.1496062992126,32.0,44.0,127,0.0,104.0,51.338582677165356,56.0,104.0,127,1.0,1.0,1.0,1.0,1.0,127,0.9999999999999998,1.0000000000000002,1.0,1.0,1.0,127,1.0,1.0,1.0,1.0,1.0,127,0.9999999999999998,1.0000000000000002,1.0,1.0,1.0,127,552.0,0.0,0.0,425.0,127.0,127.0,0.0,0.0,0.0,0.0,0.0,0.0,1.0,0.0,0.0,127.0,127.0,1.0,0.0,0.0,0.0,0.0,0.0,0.0,0.0,0.0,0.0,0.0,0.0,0.0,0.0,135.38280129432678
313,18780000000000,2.0,14.0,2.871794871794872,2.0,7.5,351,2.0,9.0,5.592592592592593,6.0,8.0,351,15.0,22.0,18.40740740740741,18.0,22.0,351,2.0,7.0,2.4957264957264957,2.0,4.0,351,0.0,44.0,26.94736842105263,32.0,44.0,114,0.0,104.0,49.68421052631579,56.0,104.0,114,1.0,1.0,1.0,1.0,1.0,114,0.9999999999999997,1.0000000000000002,1.0,1.0,1.0,114,1.0,1.0,1.0,1.0,1.0,114,0.9999999999999997,1.0000000000000002,1.0,1.0,1.0,114,552.0,0.0,0.0,438.0,114.0,114.0,0.0,0.0,0.0,0.0,0.0,0.0,1.0,0.0,0.0,114.0,114.0,1.0,0.0,0.0,0.0,0.0,0.0,0.0,0.0,0.0,0.0,0.0,0.0,0.0,0.0,135.55647246539593
314,18840000000000,2.0,14.0,2.8945868945868947,2.0,8.0,351,1.0,9.0,5.666666666666667,6.0,9.0,351,15.0,23.0,18.333333333333332,18.0,22.0,351,2.0,7.0,2.492877492877493,2.0,4.0,351,0.0,44.0,26.81967213114754,32.0,44.0,122,0.0,104.0,49.442622950819676,56.0,104.0,122,1.0,1.0,1.0,1.0,1.0,122,0.9999999999999998,1.0000000000000002,1.0,1.0,1.0,122,1.0,1.0,1.0,1.0,1.0,122,0.9999999999999998,1.0000000000000002,1.0,1.0,1.0,122,552.0,0.0,0.0,430.0,122.0,122.0,0.0,0.0,0.0,0.0,0.0,0.0,1.0,0.0,0.0,122.0,122.0,1.0,0.0,0.0,0.0,0.0,0.0,0.0,0.0,0.0,0.0,0.0,0.0,0.0,0.0,140.05047082901
315,18900000000000,2.0,12.0,2.868945868945869,2.0,7.5,351,1.0,8.0,5.555555555555555,6.0,8.0,351,16.0,23.0,18.444444444444443,18.0,21.0,351,2.0,6.0,2.4985754985754984,2.0,4.0,351,0.0,44.0,25.949579831932773,28.0,44.0,119,0.0,104.0,46.924369747899156,40.0,104.0,119,1.0,1.0,1.0,1.0,1.0,119,0.9999999999999998,1.0000000000000002,1.0,1.0,1.0,119,1.0,1.0,1.0,1.0,1.0,119,0.9999999999999998,1.0000000000000002,1.0,1.0,1.0,119,552.0,0.0,0.0,433.0,119.0,119.0,0.0,0.0,0.0,0.0,0.0,0.0,1.0,0.0,0.0,119.0,119.0,1.0,0.0,0.0,0.0,0.0,0.0,0.0,0.0,0.0,0.0,0.0,0.0,0.0,0.0,290.14685936272144
316,18960000000000,2.0,14.0,2.92022792022792,2.0,9.0,351,1.0,10.0,5.7407407407407405,6.0,8.0,351,14.0,23.0,18.25925925925926,18.0,21.0,351,2.0,7.0,2.507122507122507,2.0,4.0,351,0.0,44.0,25.763779527559056,28.0,44.0,127,0.0,104.0,46.92913385826772,40.0,104.0,127,1.0,1.0,1.0,1.0,1.0,127,0.9999999999999998,1.0000000000000002,1.0,1.0,1.0,127,1.0,1.0,1.0,1.0,1.0,127,0.9999999999999998,1.0000000000000002,1.0,1.0,1.0,127,552.0,0.0,0.0,425.0,127.0,127.0,0.0,0.0,0.0,0.0,0.0,0.0,1.0,0.0,0.0,127.0,127.0,1.0,0.0,0.0,0.0,0.0,0.0,0.0,0.0,0.0,0.0,0.0,0.0,0.0,0.0,176.07060447335243
317,19020000000000,2.0,14.0,2.9145299145299144,2.0,8.0,351,1.0,10.0,5.703703703703703,6.0,8.0,351,14.0,23.0,18.296296296296298,18.0,22.0,351,2.0,6.0,2.5014245014245016,2.0,4.0,351,0.0,44.0,26.625,28.0,44.0,128,0.0,104.0,47.4375,40.0,104.0,128,1.0,1.0,1.0,1.0,1.0,128,1.0,1.0000000000000002,1.0,1.0,1.0,128,1.0,1.0,1.0,1.0,1.0,128,1.0,1.0000000000000002,1.0,1.0,1.0,128,552.0,0.0,0.0,424.0,128.0,128.0,0.0,0.0,0.0,0.0,0.0,0.0,1.0,0.0,0.0,128.0,128.0,1.0,0.0,0.0,0.0,0.0,0.0,0.0,0.0,0.0,0.0,0.0,0.0,0.0,0.0,146.13862335681915
318,19080000000000,2.0,14.0,2.8547008547008548,2.0,6.5,351,1.0,10.0,5.518518518518518,6.0,8.0,351,14.0,23.0,18.48148148148148,18.0,22.0,351,2.0,6.0,2.4814814814814814,2.0,4.0,351,0.0,44.0,26.9618320610687,32.0,44.0,131,0.0,104.0,48.48854961832061,56.0,104.0,131,1.0,1.0,1.0,1.0,1.0,131,0.9999999999999998,1.0000000000000002,1.0,1.0,1.0,131,1.0,1.0,1.0,1.0,1.0,131,0.9999999999999998,1.0000000000000002,1.0,1.0,1.0,131,552.0,0.0,0.0,421.0,131.0,131.0,0.0,0.0,0.0,0.0,0.0,0.0,1.0,0.0,0.0,131.0,131.0,1.0,0.0,0.0,0.0,0.0,0.0,0.0,0.0,0.0,0.0,0.0,0.0,0.0,0.0,136.33609376847744
319,19140000000000,2.0,15.0,2.849002849002849,2.0,7.0,351,2.0,10.0,5.518518518518518,5.0,8.0,351,14.0,22.0,18.48148148148148,19.0,22.0,351,2.0,7.0,2.4957264957264957,2.0,4.0,351,0.0,44.0,26.14876033057851,28.0,44.0,121,0.0,104.0,48.06611570247934,40.0,104.0,121,1.0,1.0,1.0,1.0,1.0,121,0.9999999999999998,1.0000000000000002,1.0,1.0,1.0000000000000002,121,1.0,1.0,1.0,1.0,1.0,121,0.9999999999999998,1.0000000000000002,1.0,1.0,1.0000000000000002,121,552.0,0.0,0.0,431.0,121.0,121.0,0.0,0.0,0.0,0.0,0.0,0.0,1.0,0.0,0.0,121.0,121.0,1.0,0.0,0.0,0.0,0.0,0.0,0.0,0.0,0.0,0.0,0.0,0.0,0.0,0.0,207.8617885708809
320,19200000000000,2.0,15.0,2.8974358974358974,2.0,8.0,351,2.0,9.0,5.555555555555555,5.0,8.0,351,15.0,22.0,18.444444444444443,19.0,21.0,351,2.0,7.0,2.492877492877493,2.0,4.0,351,0.0,44.0,26.56,32.0,44.0,125,0.0,104.0,49.792,56.0,104.0,125,1.0,1.0,1.0,1.0,1.0,125,0.9999999999999998,1.0000000000000002,1.0,1.0,1.0000000000000002,125,1.0,1.0,1.0,1.0,1.0,125,0.9999999999999998,1.0000000000000002,1.0,1.0,1.0000000000000002,125,552.0,0.0,0.0,427.0,125.0,125.0,0.0,0.0,0.0,0.0,0.0,0.0,1.0,0.0,0.0,125.0,125.0,1.0,0.0,0.0,0.0,0.0,0.0,0.0,0.0,0.0,0.0,0.0,0.0,0.0,0.0,136.42861135303974
321,19260000000000,2.0,14.0,2.8547008547008548,2.0,7.0,351,1.0,9.0,5.555555555555555,5.0,9.0,351,15.0,23.0,18.444444444444443,19.0,21.0,351,2.0,7.0,2.492877492877493,2.0,4.0,351,0.0,44.0,26.52991452991453,32.0,44.0,117,0.0,104.0,48.888888888888886,56.0,104.0,117,1.0,1.0,1.0,1.0,1.0,117,0.9999999999999998,1.0000000000000002,1.0,1.0,1.0,117,1.0,1.0,1.0,1.0,1.0,117,0.9999999999999998,1.0000000000000002,1.0,1.0,1.0,117,552.0,0.0,0.0,435.0,117.0,117.0,0.0,0.0,0.0,0.0,0.0,0.0,1.0,0.0,0.0,117.0,117.0,1.0,0.0,0.0,0.0,0.0,0.0,0.0,0.0,0.0,0.0,0.0,0.0,0.0,0.0,141.23412780463696
322,19320000000000,2.0,14.0,2.849002849002849,2.0,7.0,351,1.0,9.0,5.444444444444445,6.0,8.0,351,15.0,23.0,18.555555555555557,18.0,22.0,351,2.0,7.0,2.4814814814814814,2.0,4.0,351,0.0,44.0,26.34234234234234,32.0,44.0,111,0.0,104.0,48.93693693693694,56.0,104.0,111,1.0,1.0,1.0,1.0,1.0,111,0.9999999999999998,1.0,1.0,1.0,1.0,111,1.0,1.0,1.0,1.0,1.0,111,0.9999999999999998,1.0,1.0,1.0,1.0,111,552.0,0.0,0.0,441.0,111.0,111.0,0.0,0.0,0.0,0.0,0.0,0.0,1.0,0.0,0.0,111.0,111.0,1.0,0.0,0.0,0.0,0.0,0.0,0.0,0.0,0.0,0.0,0.0,0.0,0.0,0.0,151.28461830317974
323,19380000000000,2.0,14.0,2.866096866096866,2.0,7.5,351,1.0,9.0,5.592592592592593,6.0,8.0,351,15.0,23.0,18.40740740740741,18.0,21.0,351,2.0,7.0,2.5014245014245016,2.0,4.0,351,0.0,44.0,26.0,28.0,44.0,118,0.0,104.0,47.25423728813559,40.0,104.0,118,1.0,1.0,1.0,1.0,1.0,118,0.9999999999999997,1.0000000000000002,1.0,1.0,1.0,118,1.0,1.0,1.0,1.0,1.0,118,0.9999999999999997,1.0000000000000002,1.0,1.0,1.0,118,552.0,0.0,0.0,434.0,118.0,118.0,0.0,0.0,0.0,0.0,0.0,0.0,1.0,0.0,0.0,118.0,118.0,1.0,0.0,0.0,0.0,0.0,0.0,0.0,0.0,0.0,0.0,0.0,0.0,0.0,0.0,140.62814973294735
324,19440000000000,2.0,14.0,2.866096866096866,2.0,8.0,351,1.0,10.0,5.62962962962963,6.0,8.0,351,14.0,23.0,18.37037037037037,18.0,21.0,351,2.0,6.0,2.49002849002849,2.0,4.0,351,0.0,44.0,26.62295081967213,28.0,44.0,122,0.0,104.0,48.65573770491803,40.0,104.0,122,1.0,1.0,1.0,1.0,1.0,122,1.0,1.0000000000000002,1.0,1.0,1.0,122,1.0,1.0,1.0,1.0,1.0,122,1.0,1.0000000000000002,1.0,1.0,1.0,122,552.0,0.0,0.0,430.0,122.0,122.0,0.0,0.0,0.0,0.0,0.0,0.0,1.0,0.0,0.0,122.0,122.0,1.0,0.0,0.0,0.0,0.0,0.0,0.0,0.0,0.0,0.0,0.0,0.0,0.0,0.0,245.36141753196716
325,19500000000000,2.0,14.0,2.888888888888889,2.0,8.0,351,1.0,10.0,5.518518518518518,6.0,8.0,351,14.0,23.0,18.48148148148148,18.0,22.0,351,2.0,6.0,2.4957264957264957,2.0,4.0,351,0.0,44.0,27.086614173228348,32.0,44.0,127,0.0,104.0,49.95275590551181,56.0,104.0,127,1.0,1.0,1.0,1.0,1.0,127,0.9999999999999998,1.0000000000000002,1.0,1.0,1.0000000000000002,127,1.0,1.0,1.0,1.0,1.0,127,0.9999999999999998,1.0000000000000002,1.0,1.0,1.0000000000000002,127,552.0,0.0,0.0,425.0,127.0,127.0,0.0,0.0,0.0,0.0,0.0,0.0,1.0,0.0,0.0,127.0,127.0,1.0,0.0,0.0,0.0,0.0,0.0,0.0,0.0,0.0,0.0,0.0,0.0,0.0,0.0,144.51070316135883
326,19560000000000,2.0,14.0,2.843304843304843,2.0,6.0,351,1.0,10.0,5.481481481481482,6.0,8.0,351,14.0,23.0,18.51851851851852,18.0,22.0,351,2.0,6.0,2.4814814814814814,2.0,4.0,351,0.0,44.0,26.484848484848484,32.0,44.0,132,0.0,104.0,48.666666666666664,56.0,104.0,132,1.0,1.0,1.0,1.0,1.0,132,1.0,1.0000000000000002,1.0,1.0,1.0,132,1.0,1.0,1.0,1.0,1.0,132,1.0,1.0000000000000002,1.0,1.0,1.0,132,552.0,0.0,0.0,420.0,132.0,132.0,0.0,0.0,0.0,0.0,0.0,0.0,1.0,0.0,0.0,132.0,132.0,1.0,0.0,0.0,0.0,0.0,0.0,0.0,0.0,0.0,0.0,0.0,0.0,0.0,0.0,130.71950152516365
327,19620000000000,2.0,15.0,2.868945868945869,2.0,8.0,351,1.0,10.0,5.444444444444445,5.0,8.0,351,14.0,23.0,18.555555555555557,19.0,21.0,351,2.0,7.0,2.49002849002849,2.0,4.0,351,0.0,44.0,26.28099173553719,28.0,44.0,121,0.0,104.0,48.59504132231405,40.0,104.0,121,1.0,1.0,1.0,1.0,1.0,121,0.9999999999999998,1.0,1.0,1.0,1.0,121,1.0,1.0,1.0,1.0,1.0,121,0.9999999999999998,1.0,1.0,1.0,1.0,121,552.0,0.0,0.0,431.0,121.0,121.0,0.0,0.0,0.0,0.0,0.0,0.0,1.0,0.0,0.0,121.0,121.0,1.0,0.0,0.0,0.0,0.0,0.0,0.0,0.0,0.0,0.0,0.0,0.0,0.0,0.0,129.11663576960564
328,19680000000000,2.0,15.0,2.9002849002849005,2.0,7.5,351,1.0,10.0,5.555555555555555,6.0,8.0,351,14.0,23.0,18.444444444444443,18.0,21.0,351,2.0,8.0,2.4957264957264957,2.0,4.0,351,0.0,44.0,26.76923076923077,32.0,44.0,130,0.0,104.0,50.03076923076923,56.0,104.0,130,1.0,1.0,1.0,1.0,1.0,130,0.9999999999999998,1.0000000000000002,1.0,1.0,1.0,130,1.0,1.0,1.0,1.0,1.0,130,0.9999999999999998,1.0000000000000002,1.0,1.0,1.0,130,552.0,0.0,0.0,422.0,130.0,130.0,0.0,0.0,0.0,0.0,0.0,0.0,1.0,0.0,0.0,130.0,130.0,1.0,0.0,0.0,0.0,0.0,0.0,0.0,0.0,0.0,0.0,0.0,0.0,0.0,0.0,208.13753828406334
329,19740000000000,2.0,14.0,2.8376068376068377,2.0,7.0,351,1.0,9.0,5.407407407407407,6.0,8.0,351,15.0,23.0,18.59259259259259,18.0,21.0,351,2.0,7.0,2.4843304843304845,2.0,4.0,351,0.0,44.0,26.4,28.0,44.0,115,0.0,104.0,49.25217391304348,40.0,104.0,115,1.0,1.0,1.0,1.0,1.0,115,0.9999999999999998,1.0000000000000002,1.0,1.0,1.0,115,1.0,1.0,1.0,1.0,1.0,115,0.9999999999999998,1.0000000000000002,1.0,1.0,1.0,115,552.0,0.0,0.0,437.0,115.0,115.0,0.0,0.0,0.0,0.0,0.0,0.0,1.0,0.0,0.0,115.0,115.0,1.0,0.0,0.0,0.0,0.0,0.0,0.0,0.0,0.0,0.0,0.0,0.0,0.0,0.0,121.66308797895908
330,19800000000000,2.0,15.0,2.8603988603988606,2.0,8.0,351,1.0,10.0,5.444444444444445,5.0,8.0,351,14.0,23.0,18.555555555555557,19.0,21.0,351,2.0,7.0,2.492877492877493,2.0,4.0,351,0.0,44.0,26.446280991735538,28.0,44.0,121,0.0,104.0,48.66115702479339,40.0,104.0,121,1.0,1.0,1.0,1.0,1.0,121,0.9999999999999998,1.0000000000000002,1.0,1.0,1.0,121,1.0,1.0,1.0,1.0,1.0,121,0.9999999999999998,1.0000000000000002,1.0,1.0,1.0,121,552.0,0.0,0.0,431.0,121.0,121.0,0.0,0.0,0.0,0.0,0.0,0.0,1.0,0.0,0.0,121.0,121.0,1.0,0.0,0.0,0.0,0.0,0.0,0.0,0.0,0.0,0.0,0.0,0.0,0.0,0.0,71.13167084753513
331,19860000000000,2.0,15.0,2.888888888888889,2.0,8.0,351,1.0,10.0,5.592592592592593,6.0,8.0,351,14.0,23.0,18.40740740740741,18.0,21.0,351,2.0,7.0,2.4985754985754984,2.0,4.0,351,0.0,44.0,25.747899159663866,28.0,44.0,119,0.0,104.0,46.72268907563025,40.0,104.0,119,1.0,1.0,1.0,1.0,1.0,119,0.9999999999999999,1.0000000000000002,1.0,1.0,1.0,119,1.0,1.0,1.0,1.0,1.0,119,0.9999999999999999,1.0000000000000002,1.0,1.0,1.0,119,552.0,0.0,0.0,433.0,119.0,119.0,0.0,0.0,0.0,0.0,0.0,0.0,1.0,0.0,0.0,119.0,119.0,1.0,0.0,0.0,0.0,0.0,0.0,0.0,0.0,0.0,0.0,0.0,0.0,0.0,0.0,151.9902888685465
332,19920000000000,2.0,14.0,2.849002849002849,2.0,6.5,351,1.0,10.0,5.481481481481482,6.0,9.0,351,14.0,23.0,18.51851851851852,18.0,21.0,351,2.0,6.0,2.4814814814814814,2.0,4.0,351,0.0,44.0,27.035714285714285,28.0,44.0,112,0.0,104.0,49.642857142857146,40.0,104.0,112,1.0,1.0,1.0,1.0,1.0,112,0.9999999999999998,1.0000000000000002,1.0,1.0,1.0,112,1.0,1.0,1.0,1.0,1.0,112,0.9999999999999998,1.0000000000000002,1.0,1.0,1.0,112,552.0,0.0,0.0,440.0,112.0,112.0,0.0,0.0,0.0,0.0,0.0,0.0,1.0,0.0,0.0,112.0,112.0,1.0,0.0,0.0,0.0,0.0,0.0,0.0,0.0,0.0,0.0,0.0,0.0,0.0,0.0,240.23331701755524
333,19980000000000,2.0,14.0,2.888888888888889,2.0,8.0,351,1.0,9.0,5.555555555555555,6.0,8.0,351,15.0,23.0,18.444444444444443,18.0,21.0,351,2.0,6.0,2.4985754985754984,2.0,4.0,351,0.0,44.0,27.235294117647058,32.0,44.0,136,0.0,104.0,50.1764705882353,56.0,104.0,136,1.0,1.0,1.0,1.0,1.0,136,1.0,1.0000000000000002,1.0,1.0,1.0,136,1.0,1.0,1.0,1.0,1.0,136,1.0,1.0000000000000002,1.0,1.0,1.0,136,552.0,0.0,0.0,416.0,136.0,136.0,0.0,0.0,0.0,0.0,0.0,0.0,1.0,0.0,0.0,136.0,136.0,1.0,0.0,0.0,0.0,0.0,0.0,0.0,0.0,0.0,0.0,0.0,0.0,0.0,0.0,141.34524762630463
334,20040000000000,2.0,15.0,2.8746438746438745,2.0,8.0,351,1.0,10.0,5.407407407407407,5.0,8.0,351,14.0,23.0,18.59259259259259,19.0,21.0,351,2.0,6.0,2.4814814814814814,2.0,4.0,351,0.0,44.0,27.294117647058822,32.0,44.0,136,0.0,104.0,50.94117647058823,56.0,104.0,136,1.0,1.0,1.0,1.0,1.0,136,0.9999999999999999,1.0000000000000002,1.0,1.0,1.0,136,1.0,1.0,1.0,1.0,1.0,136,0.9999999999999999,1.0000000000000002,1.0,1.0,1.0,136,552.0,0.0,0.0,416.0,136.0,136.0,0.0,0.0,0.0,0.0,0.0,0.0,1.0,0.0,0.0,136.0,136.0,1.0,0.0,0.0,0.0,0.0,0.0,0.0,0.0,0.0,0.0,0.0,0.0,0.0,0.0,137.88226060569286
335,20100000000000,2.0,15.0,2.8774928774928776,2.0,8.0,351,1.0,10.0,5.481481481481482,5.0,8.0,351,14.0,23.0,18.51851851851852,19.0,21.0,351,2.0,7.0,2.4871794871794872,2.0,4.0,351,0.0,44.0,26.4,28.0,44.0,125,0.0,104.0,48.576,40.0,104.0,125,1.0,1.0,1.0,1.0,1.0,125,1.0,1.0000000000000002,1.0,1.0,1.0,125,1.0,1.0,1.0,1.0,1.0,125,1.0,1.0000000000000002,1.0,1.0,1.0,125,552.0,0.0,0.0,427.0,125.0,125.0,0.0,0.0,0.0,0.0,0.0,0.0,1.0,0.0,0.0,125.0,125.0,1.0,0.0,0.0,0.0,0.0,0.0,0.0,0.0,0.0,0.0,0.0,0.0,0.0,0.0,133.174080401659
336,20160000000000,2.0,15.0,2.9173789173789175,2.0,8.0,351,1.0,10.0,5.703703703703703,6.0,8.0,351,14.0,23.0,18.296296296296298,18.0,21.0,351,2.0,8.0,2.507122507122507,2.0,4.0,351,0.0,44.0,26.225563909774436,28.0,44.0,133,0.0,104.0,48.06015037593985,40.0,104.0,133,1.0,1.0,1.0,1.0,1.0,133,0.9999999999999998,1.0000000000000002,1.0,1.0,1.0,133,1.0,1.0,1.0,1.0,1.0,133,0.9999999999999998,1.0000000000000002,1.0,1.0,1.0,133,552.0,0.0,0.0,419.0,133.0,133.0,0.0,0.0,0.0,0.0,0.0,0.0,1.0,0.0,0.0,133.0,133.0,1.0,0.0,0.0,0.0,0.0,0.0,0.0,0.0,0.0,0.0,0.0,0.0,0.0,0.0,151.356915012002
337,20220000000000,2.0,15.0,2.866096866096866,2.0,7.0,351,1.0,10.0,5.666666666666667,6.0,9.0,351,14.0,23.0,18.333333333333332,18.0,21.0,351,2.0,7.0,2.4957264957264957,2.0,4.0,351,0.0,44.0,26.34710743801653,28.0,44.0,121,0.0,104.0,48.264462809917354,40.0,104.0,121,1.0,1.0,1.0,1.0,1.0,121,0.9999999999999998,1.0000000000000002,1.0,1.0,1.0,121,1.0,1.0,1.0,1.0,1.0,121,0.9999999999999998,1.0000000000000002,1.0,1.0,1.0,121,552.0,0.0,0.0,431.0,121.0,121.0,0.0,0.0,0.0,0.0,0.0,0.0,1.0,0.0,0.0,121.0,121.0,1.0,0.0,0.0,0.0,0.0,0.0,0.0,0.0,0.0,0.0,0.0,0.0,0.0,0.0,182.11129121482372
338,20280000000000,2.0,15.0,2.868945868945869,2.0,8.0,351,1.0,10.0,5.592592592592593,5.0,9.0,351,14.0,23.0,18.40740740740741,19.0,21.0,351,2.0,8.0,2.4985754985754984,2.0,4.0,351,0.0,44.0,26.28125,28.0,44.0,128,0.0,104.0,47.75,40.0,104.0,128,1.0,1.0,1.0,1.0,1.0,128,0.9999999999999998,1.0000000000000002,1.0,1.0,1.0000000000000002,128,1.0,1.0,1.0,1.0,1.0,128,0.9999999999999998,1.0000000000000002,1.0,1.0,1.0000000000000002,128,552.0,0.0,0.0,424.0,128.0,128.0,0.0,0.0,0.0,0.0,0.0,0.0,1.0,0.0,0.0,128.0,128.0,1.0,0.0,0.0,0.0,0.0,0.0,0.0,0.0,0.0,0.0,0.0,0.0,0.0,0.0,143.78239959478378
339,20340000000000,2.0,15.0,2.886039886039886,2.0,7.5,351,1.0,10.0,5.481481481481482,5.0,9.0,351,14.0,23.0,18.51851851851852,19.0,21.0,351,2.0,7.0,2.492877492877493,2.0,4.0,351,0.0,44.0,26.166666666666668,28.0,44.0,120,0.0,104.0,47.06666666666667,40.0,104.0,120,1.0,1.0,1.0,1.0,1.0,120,0.9999999999999998,1.0000000000000002,1.0,1.0,1.0,120,1.0,1.0,1.0,1.0,1.0,120,0.9999999999999998,1.0000000000000002,1.0,1.0,1.0,120,552.0,0.0,0.0,432.0,120.0,120.0,0.0,0.0,0.0,0.0,0.0,0.0,1.0,0.0,0.0,120.0,120.0,1.0,0.0,0.0,0.0,0.0,0.0,0.0,0.0,0.0,0.0,0.0,0.0,0.0,0.0,131.91610388457775
340,20400000000000,2.0,15.0,2.8774928774928776,2.0,8.0,351,1.0,10.0,5.518518518518518,6.0,8.0,351,14.0,23.0,18.48148148148148,18.0,21.0,351,2.0,7.0,2.4871794871794872,2.0,4.0,351,0.0,44.0,26.15929203539823,28.0,44.0,113,0.0,104.0,47.92920353982301,40.0,104.0,113,1.0,1.0,1.0,1.0,1.0,113,0.9999999999999998,1.0000000000000002,1.0,1.0,1.0,113,1.0,1.0,1.0,1.0,1.0,113,0.9999999999999998,1.0000000000000002,1.0,1.0,1.0,113,552.0,0.0,0.0,439.0,113.0,113.0,0.0,0.0,0.0,0.0,0.0,0.0,1.0,0.0,0.0,113.0,113.0,1.0,0.0,0.0,0.0,0.0,0.0,0.0,0.0,0.0,0.0,0.0,0.0,0.0,0.0,101.38317942619324
341,20460000000000,2.0,13.0,2.8376068376068377,2.0,8.0,351,1.0,8.0,5.333333333333333,6.0,8.0,351,16.0,23.0,18.666666666666668,18.0,21.0,351,2.0,6.0,2.4757834757834756,2.0,4.0,351,0.0,44.0,27.232,32.0,44.0,125,0.0,104.0,50.176,56.0,104.0,125,1.0,1.0,1.0,1.0,1.0,125,0.9999999999999998,1.0000000000000002,1.0,1.0,1.0,125,1.0,1.0,1.0,1.0,1.0,125,0.9999999999999998,1.0000000000000002,1.0,1.0,1.0,125,552.0,0.0,0.0,427.0,125.0,125.0,0.0,0.0,0.0,0.0,0.0,0.0,1.0,0.0,0.0,125.0,125.0,1.0,0.0,0.0,0.0,0.0,0.0,0.0,0.0,0.0,0.0,0.0,0.0,0.0,0.0,230.54025135934353
342,20520000000000,2.0,15.0,2.888888888888889,2.0,8.0,351,2.0,10.0,5.7407407407407405,6.0,9.0,351,14.0,22.0,18.25925925925926,18.0,21.0,351,2.0,6.0,2.5042735042735043,2.0,4.0,351,0.0,44.0,27.120567375886523,32.0,44.0,141,0.0,104.0,50.269503546099294,56.0,104.0,141,1.0,1.0,1.0,1.0,1.0,141,0.9999999999999998,1.0,1.0,1.0,1.0,141,1.0,1.0,1.0,1.0,1.0,141,0.9999999999999998,1.0,1.0,1.0,1.0,141,552.0,0.0,0.0,411.0,141.0,141.0,0.0,0.0,0.0,0.0,0.0,0.0,1.0,0.0,0.0,141.0,141.0,1.0,0.0,0.0,0.0,0.0,0.0,0.0,0.0,0.0,0.0,0.0,0.0,0.0,0.0,148.29950779676437
343,20580000000000,2.0,15.0,2.8974358974358974,2.0,8.0,351,2.0,10.0,5.592592592592593,5.0,9.0,351,14.0,22.0,18.40740740740741,19.0,21.0,351,2.0,7.0,2.4957264957264957,2.0,4.0,351,0.0,44.0,26.646153846153847,32.0,44.0,130,0.0,104.0,49.53846153846154,56.0,104.0,130,1.0,1.0,1.0,1.0,1.0,130,0.9999999999999999,1.0000000000000002,1.0,1.0,1.0,130,1.0,1.0,1.0,1.0,1.0,130,0.9999999999999999,1.0000000000000002,1.0,1.0,1.0,130,552.0,0.0,0.0,422.0,130.0,130.0,0.0,0.0,0.0,0.0,0.0,0.0,1.0,0.0,0.0,130.0,130.0,1.0,0.0,0.0,0.0,0.0,0.0,0.0,0.0,0.0,0.0,0.0,0.0,0.0,0.0,153.47418934106827
344,20640000000000,2.0,15.0,2.8974358974358974,2.0,8.0,351,2.0,10.0,5.666666666666667,6.0,9.0,351,14.0,22.0,18.333333333333332,18.0,21.0,351,2.0,6.0,2.5014245014245016,2.0,4.0,351,0.0,44.0,26.551181102362204,28.0,44.0,127,0.0,104.0,48.94488188976378,40.0,104.0,127,1.0,1.0,1.0,1.0,1.0,127,1.0,1.0000000000000002,1.0,1.0,1.0,127,1.0,1.0,1.0,1.0,1.0,127,1.0,1.0000000000000002,1.0,1.0,1.0,127,552.0,0.0,0.0,425.0,127.0,127.0,0.0,0.0,0.0,0.0,0.0,0.0,1.0,0.0,0.0,127.0,127.0,1.0,0.0,0.0,0.0,0.0,0.0,0.0,0.0,0.0,0.0,0.0,0.0,0.0,0.0,139.66313749551773
345,20700000000000,2.0,15.0,2.9458689458689458,2.0,9.0,351,2.0,10.0,5.777777777777778,6.0,9.0,351,14.0,22.0,18.22222222222222,18.0,21.0,351,2.0,7.0,2.5128205128205128,2.0,4.0,351,0.0,44.0,25.64179104477612,28.0,44.0,134,0.0,104.0,46.149253731343286,40.0,104.0,134,1.0,1.0,1.0,1.0,1.0,134,1.0,1.0000000000000002,1.0,1.0,1.0,134,1.0,1.0,1.0,1.0,1.0,134,1.0,1.0000000000000002,1.0,1.0,1.0,134,552.0,0.0,0.0,418.0,134.0,134.0,0.0,0.0,0.0,0.0,0.0,0.0,1.0,0.0,0.0,134.0,134.0,1.0,0.0,0.0,0.0,0.0,0.0,0.0,0.0,0.0,0.0,0.0,0.0,0.0,0.0,148.82086217403412
346,20760000000000,2.0,15.0,2.8461538461538463,2.0,7.0,351,1.0,10.0,5.62962962962963,5.0,9.0,351,14.0,23.0,18.37037037037037,19.0,21.0,351,2.0,7.0,2.5042735042735043,2.0,4.0,351,0.0,44.0,25.60655737704918,28.0,44.0,122,0.0,104.0,46.36065573770492,40.0,104.0,122,1.0,1.0,1.0,1.0,1.0,122,0.9999999999999998,1.0,1.0,1.0,1.0,122,1.0,1.0,1.0,1.0,1.0,122,0.9999999999999998,1.0,1.0,1.0,1.0,122,552.0,0.0,0.0,430.0,122.0,122.0,0.0,0.0,0.0,0.0,0.0,0.0,1.0,0.0,0.0,122.0,122.0,1.0,0.0,0.0,0.0,0.0,0.0,0.0,0.0,0.0,0.0,0.0,0.0,0.0,0.0,229.23778742551804
347,20820000000000,2.0,15.0,2.886039886039886,2.0,7.5,351,1.0,10.0,5.481481481481482,5.0,8.0,351,14.0,23.0,18.51851851851852,19.0,21.0,351,2.0,7.0,2.49002849002849,2.0,4.0,351,0.0,44.0,26.466666666666665,28.0,44.0,120,0.0,104.0,47.666666666666664,40.0,104.0,120,1.0,1.0,1.0,1.0,1.0,120,0.9999999999999997,1.0000000000000002,1.0,1.0,1.0,120,1.0,1.0,1.0,1.0,1.0,120,0.9999999999999997,1.0000000000000002,1.0,1.0,1.0,120,552.0,0.0,0.0,432.0,120.0,120.0,0.0,0.0,0.0,0.0,0.0,0.0,1.0,0.0,0.0,120.0,120.0,1.0,0.0,0.0,0.0,0.0,0.0,0.0,0.0,0.0,0.0,0.0,0.0,0.0,0.0,146.64778672158718
348,20880000000000,2.0,13.0,2.8290598290598292,2.0,7.5,351,1.0,9.0,5.37037037037037,5.0,8.0,351,15.0,23.0,18.62962962962963,19.0,22.0,351,2.0,7.0,2.4757834757834756,2.0,4.0,351,0.0,44.0,26.05217391304348,28.0,44.0,115,0.0,104.0,47.23478260869565,40.0,104.0,115,1.0,1.0,1.0,1.0,1.0,115,0.9999999999999999,1.0000000000000002,1.0,1.0,1.0,115,1.0,1.0,1.0,1.0,1.0,115,0.9999999999999999,1.0000000000000002,1.0,1.0,1.0,115,552.0,0.0,0.0,437.0,115.0,115.0,0.0,0.0,0.0,0.0,0.0,0.0,1.0,0.0,0.0,115.0,115.0,1.0,0.0,0.0,0.0,0.0,0.0,0.0,0.0,0.0,0.0,0.0,0.0,0.0,0.0,145.75006440281868
349,20940000000000,2.0,14.0,2.886039886039886,2.0,8.0,351,2.0,9.0,5.592592592592593,6.0,8.0,351,15.0,22.0,18.40740740740741,18.0,21.0,351,2.0,6.0,2.4957264957264957,2.0,4.0,351,0.0,44.0,27.023622047244096,32.0,44.0,127,0.0,104.0,50.267716535433074,56.0,104.0,127,1.0,1.0,1.0,1.0,1.0,127,0.9999999999999998,1.0,1.0,1.0,1.0,127,1.0,1.0,1.0,1.0,1.0,127,0.9999999999999998,1.0,1.0,1.0,1.0,127,552.0,0.0,0.0,425.0,127.0,127.0,0.0,0.0,0.0,0.0,0.0,0.0,1.0,0.0,0.0,127.0,127.0,1.0,0.0,0.0,0.0,0.0,0.0,0.0,0.0,0.0,0.0,0.0,0.0,0.0,0.0,129.87619079649448
350,21000000000000,2.0,13.0,2.8347578347578346,2.0,7.0,351,2.0,9.0,5.518518518518518,6.0,8.0,351,15.0,22.0,18.48148148148148,18.0,21.0,351,2.0,7.0,2.492877492877493,2.0,4.0,351,0.0,44.0,27.096774193548388,32.0,44.0,124,0.0,104.0,50.32258064516129,56.0,104.0,124,1.0,1.0,1.0,1.0,1.0,124,0.9999999999999998,1.0,1.0,1.0,1.0,124,1.0,1.0,1.0,1.0,1.0,124,0.9999999999999998,1.0,1.0,1.0,1.0,124,552.0,0.0,0.0,428.0,124.0,124.0,0.0,0.0,0.0,0.0,0.0,0.0,1.0,0.0,0.0,124.0,124.0,1.0,0.0,0.0,0.0,0.0,0.0,0.0,0.0,0.0,0.0,0.0,0.0,0.0,0.0,236.20608635246754
351,21060000000000,2.0,15.0,2.92022792022792,2.0,8.5,351,2.0,10.0,5.777777777777778,6.0,9.0,351,14.0,22.0,18.22222222222222,18.0,21.0,351,2.0,7.0,2.5128205128205128,2.0,4.0,351,0.0,44.0,26.564885496183205,32.0,44.0,131,0.0,104.0,49.64885496183206,56.0,104.0,131,1.0,1.0,1.0,1.0,1.0,131,0.9999999999999998,1.0000000000000002,1.0,1.0,1.0,131,1.0,1.0,1.0,1.0,1.0,131,0.9999999999999998,1.0000000000000002,1.0,1.0,1.0,131,552.0,0.0,0.0,421.0,131.0,131.0,0.0,0.0,0.0,0.0,0.0,0.0,1.0,0.0,0.0,131.0,131.0,1.0,0.0,0.0,0.0,0.0,0.0,0.0,0.0,0.0,0.0,0.0,0.0,0.0,0.0,132.49480351805687
352,21120000000000,2.0,15.0,2.8974358974358974,2.0,8.5,351,2.0,10.0,5.555555555555555,6.0,8.0,351,14.0,22.0,18.444444444444443,18.0,22.0,351,2.0,6.0,2.4985754985754984,2.0,4.0,351,0.0,44.0,26.34375,28.0,44.0,128,0.0,104.0,48.5625,40.0,104.0,128,1.0,1.0,1.0,1.0,1.0,128,0.9999999999999998,1.0000000000000002,1.0,1.0,1.0,128,1.0,1.0,1.0,1.0,1.0,128,0.9999999999999998,1.0000000000000002,1.0,1.0,1.0,128,552.0,0.0,0.0,424.0,128.0,128.0,0.0,0.0,0.0,0.0,0.0,0.0,1.0,0.0,0.0,128.0,128.0,1.0,0.0,0.0,0.0,0.0,0.0,0.0,0.0,0.0,0.0,0.0,0.0,0.0,0.0,144.5972826331854
353,21180000000000,2.0,15.0,2.8917378917378915,2.0,9.0,351,2.0,10.0,5.518518518518518,5.0,8.0,351,14.0,22.0,18.48148148148148,19.0,22.0,351,2.0,7.0,2.4985754985754984,2.0,4.0,351,0.0,44.0,26.4251968503937,28.0,44.0,127,0.0,104.0,48.44094488188976,40.0,104.0,127,1.0,1.0,1.0,1.0,1.0,127,0.9999999999999998,1.0000000000000002,1.0,1.0,1.0,127,1.0,1.0,1.0,1.0,1.0,127,0.9999999999999998,1.0000000000000002,1.0,1.0,1.0,127,552.0,0.0,0.0,425.0,127.0,127.0,0.0,0.0,0.0,0.0,0.0,0.0,1.0,0.0,0.0,127.0,127.0,1.0,0.0,0.0,0.0,0.0,0.0,0.0,0.0,0.0,0.0,0.0,0.0,0.0,0.0,150.54144710302353
354,21240000000000,2.0,15.0,2.8518518518518516,2.0,7.5,351,2.0,10.0,5.518518518518518,5.0,8.0,351,14.0,22.0,18.48148148148148,19.0,21.0,351,2.0,7.0,2.4957264957264957,2.0,4.0,351,0.0,44.0,25.355371900826448,28.0,44.0,121,0.0,104.0,45.48760330578512,40.0,104.0,121,1.0,1.0,1.0,1.0,1.0,121,0.9999999999999999,1.0000000000000002,1.0,1.0,1.0000000000000002,121,1.0,1.0,1.0,1.0,1.0,121,0.9999999999999999,1.0000000000000002,1.0,1.0,1.0000000000000002,121,552.0,0.0,0.0,431.0,121.0,121.0,0.0,0.0,0.0,0.0,0.0,0.0,1.0,0.0,0.0,121.0,121.0,1.0,0.0,0.0,0.0,0.0,0.0,0.0,0.0,0.0,0.0,0.0,0.0,0.0,0.0,145.70427872240543
355,21300000000000,2.0,15.0,2.8518518518518516,2.0,7.5,351,1.0,9.0,5.481481481481482,5.0,9.0,351,15.0,23.0,18.51851851851852,19.0,22.0,351,2.0,7.0,2.4786324786324787,2.0,4.0,351,0.0,44.0,26.349206349206348,28.0,44.0,126,0.0,104.0,47.111111111111114,40.0,104.0,126,1.0,1.0,1.0,1.0,1.0,126,0.9999999999999998,1.0000000000000002,1.0,1.0,1.0,126,1.0,1.0,1.0,1.0,1.0,126,0.9999999999999998,1.0000000000000002,1.0,1.0,1.0,126,552.0,0.0,0.0,426.0,126.0,126.0,0.0,0.0,0.0,0.0,0.0,0.0,1.0,0.0,0.0,126.0,126.0,1.0,0.0,0.0,0.0,0.0,0.0,0.0,0.0,0.0,0.0,0.0,0.0,0.0,0.0,240.94529077410698
356,21360000000000,2.0,14.0,2.8404558404558404,2.0,8.0,351,2.0,9.0,5.555555555555555,5.0,8.0,351,15.0,22.0,18.444444444444443,19.0,22.0,351,2.0,7.0,2.4871794871794872,2.0,4.0,351,0.0,44.0,26.266666666666666,28.0,44.0,120,0.0,104.0,48.06666666666667,40.0,104.0,120,1.0,1.0,1.0,1.0,1.0,120,0.9999999999999998,1.0,1.0,1.0,1.0,120,1.0,1.0,1.0,1.0,1.0,120,0.9999999999999998,1.0,1.0,1.0,1.0,120,552.0,0.0,0.0,432.0,120.0,120.0,0.0,0.0,0.0,0.0,0.0,0.0,1.0,0.0,0.0,120.0,120.0,1.0,0.0,0.0,0.0,0.0,0.0,0.0,0.0,0.0,0.0,0.0,0.0,0.0,0.0,137.46491260826588
357,21420000000000,2.0,15.0,2.8917378917378915,2.0,8.0,351,2.0,9.0,5.62962962962963,6.0,8.0,351,15.0,22.0,18.37037037037037,18.0,22.0,351,2.0,7.0,2.5014245014245016,2.0,4.0,351,0.0,44.0,26.74015748031496,32.0,44.0,127,0.0,104.0,49.7007874015748,56.0,104.0,127,1.0,1.0,1.0,1.0,1.0,127,0.9999999999999998,1.0000000000000004,1.0,1.0,1.0000000000000002,127,1.0,1.0,1.0,1.0,1.0,127,0.9999999999999998,1.0000000000000004,1.0,1.0,1.0000000000000002,127,552.0,0.0,0.0,425.0,127.0,127.0,0.0,0.0,0.0,0.0,0.0,0.0,1.0,0.0,0.0,127.0,127.0,1.0,0.0,0.0,0.0,0.0,0.0,0.0,0.0,0.0,0.0,0.0,0.0,0.0,0.0,128.39881516993046
358,21480000000000,2.0,13.0,2.826210826210826,2.0,7.0,351,2.0,9.0,5.481481481481482,5.0,8.0,351,15.0,22.0,18.51851851851852,19.0,21.0,351,2.0,7.0,2.49002849002849,2.0,4.0,351,0.0,44.0,26.70175438596491,32.0,44.0,114,0.0,104.0,49.96491228070175,56.0,104.0,114,1.0,1.0,1.0,1.0,1.0,114,1.0,1.0000000000000002,1.0,1.0,1.0,114,1.0,1.0,1.0,1.0,1.0,114,1.0,1.0000000000000002,1.0,1.0,1.0,114,552.0,0.0,0.0,438.0,114.0,114.0,0.0,0.0,0.0,0.0,0.0,0.0,1.0,0.0,0.0,114.0,114.0,1.0,0.0,0.0,0.0,0.0,0.0,0.0,0.0,0.0,0.0,0.0,0.0,0.0,0.0,81.54118433594704
359,21540000000000,2.0,13.0,2.883190883190883,2.0,7.5,351,2.0,8.0,5.666666666666667,6.0,8.0,351,16.0,22.0,18.333333333333332,18.0,21.0,351,2.0,7.0,2.5042735042735043,2.0,4.0,351,0.0,44.0,26.38095238095238,30.0,44.0,126,0.0,104.0,48.38095238095238,48.0,104.0,126,1.0,1.0,1.0,1.0,1.0,126,0.9999999999999998,1.0,1.0,1.0,1.0,126,1.0,1.0,1.0,1.0,1.0,126,0.9999999999999998,1.0,1.0,1.0,1.0,126,552.0,0.0,0.0,426.0,126.0,126.0,0.0,0.0,0.0,0.0,0.0,0.0,1.0,0.0,0.0,126.0,126.0,1.0,0.0,0.0,0.0,0.0,0.0,0.0,0.0,0.0,0.0,0.0,0.0,0.0,0.0,210.62406338751316
