time_index,time_since_epoch_ns,fstate_size_min,fstate_size_max,fstate_size_mean,fstate_size_median,fstate_size_p95,fstate_size_count,fstate_installed_min,fstate_installed_max,fstate_installed_mean,fstate_installed_median,fstate_installed_p95,fstate_installed_count,fstate_markers_min,fstate_markers_max,fstate_markers_mean,fstate_markers_median,fstate_markers_p95,fstate_markers_count,fstate_neighbors_min,fstate_neighbors_max,fstate_neighbors_mean,fstate_neighbors_median,fstate_neighbors_p95,fstate_neighbors_count,strict_header_bytes_min,strict_header_bytes_max,strict_header_bytes_mean,strict_header_bytes_median,strict_header_bytes_p95,strict_header_bytes_count,srv6_srh_bytes_min,srv6_srh_bytes_max,srv6_srh_bytes_mean,srv6_srh_bytes_median,srv6_srh_bytes_p95,srv6_srh_bytes_count,stretch_hop_min,stretch_hop_max,stretch_hop_mean,stretch_hop_median,stretch_hop_p95,stretch_hop_count,stretch_dist_min,stretch_dist_max,stretch_dist_mean,stretch_dist_median,stretch_dist_p95,stretch_dist_count,stretch_hop_shared_min,stretch_hop_shared_max,stretch_hop_shared_mean,stretch_hop_shared_median,stretch_hop_shared_p95,stretch_hop_shared_count,stretch_dist_shared_min,stretch_dist_shared_max,stretch_dist_shared_mean,stretch_dist_shared_median,stretch_dist_shared_p95,stretch_dist_shared_count,delivery_total_pairs,delivery_no_src_visibility,delivery_no_dst_visibility,delivery_disconnected,delivery_deliverable,delivery_delivered,delivery_forwarding_failure,delivery_failure_loop,delivery_failure_dead_end,delivery_failure_link_down,delivery_failure_hop_limit,delivery_failure_egress_lost,delivery_delivery_rate,delivery_non_optimal_egress,delivery_non_optimal_egress_rate,explicit_failover_count,explicit_failover_delivered_count,explicit_failover_delivered_rate,explicit_failover_protected_repair_count,explicit_failover_protected_repair_rate,explicit_failover_broken_adj_count,explicit_failover_broken_adj_rate,explicit_failover_egress_not_visible_count,explicit_failover_egress_not_visible_rate,explicit_failover_dynamic_egress_repair_count,explicit_failover_dynamic_egress_repair_rate,explicit_failover_dynamic_egress_unavailable_count,explicit_failover_dynamic_egress_unavailable_rate,failure_isls_removed,failure_satellites_down,failure_events,compute_time_ms
0,0,2.0,14.0,2.908831908831909,2.0,7.5,351,1.0,10.0,5.666666666666667,6.0,8.0,351,14.0,23.0,18.333333333333332,18.0,21.0,351,2.0,7.0,2.5042735042735043,2.0,4.0,351,0.0,44.0,26.806451612903224,28.0,44.0,124,0.0,104.0,49.16129032258065,40.0,104.0,124,1.0,1.0,1.0,1.0,1.0,124,0.9999999999999998,1.0000000000000002,1.0,1.0,1.0,124,1.0,1.0,1.0,1.0,1.0,124,0.9999999999999998,1.0000000000000002,1.0,1.0,1.0,124,552.0,0.0,0.0,428.0,124.0,124.0,0.0,0.0,0.0,0.0,0.0,0.0,1.0,0.0,0.0,124.0,124.0,1.0,0.0,0.0,0.0,0.0,0.0,0.0,0.0,0.0,0.0,0.0,0.0,0.0,0.0,42.68910177052021
1,60000000000,2.0,14.0,2.9116809116809117,2.0,9.0,351,1.0,10.0,5.603988603988604,6.0,8.0,351,14.0,23.0,18.396011396011396,18.0,21.0,351,2.0,7.0,2.4957264957264957,2.0,4.0,351,0.0,44.0,27.07246376811594,30.0,44.0,138,0.0,104.0,49.333333333333336,48.0,104.0,138,1.0,1.0,1.0,1.0,1.0,129,0.9999999999999998,1.0000000000000002,1.0,1.0,1.0,129,1.0,1.5,1.0204134366925064,1.0,1.2,129,0.9999999999999998,2.0647907136910377,1.0296368566198761,1.0,1.2639549502777199,129,552.0,0.0,0.0,414.0,138.0,129.0,9.0,0.0,5.0,0.0,0.0,4.0,0.9347826086956522,9.0,0.06976744186046512,138.0,129.0,0.9347826086956522,0.0,0.0,0.0,0.0,9.0,0.06521739130434782,0.0,0.0,0.0,0.0,0.0,0.0,0.0,19.691742956638336
2,120000000000,2.0,14.0,2.9145299145299144,2.0,9.0,351,1.0,10.0,5.532763532763533,6.0,8.0,351,14.0,23.0,18.467236467236468,18.0,21.0,351,2.0,6.0,2.4985754985754984,2.0,4.0,351,0.0,44.0,26.840579710144926,32.0,44.0,138,0.0,104.0,48.927536231884055,56.0,104.0,138,1.0,1.0,1.0,1.0,1.0,98,0.9999999999999999,1.0000000000000002,1.0,1.0,1.0000000000000002,98,1.0,1.3333333333333333,1.0267249757045676,1.0,1.2624999999999993,98,0.9999999999999999,1.5335376610792355,1.037609958430469,1.0,1.355321261038036,98,552.0,0.0,0.0,419.0,133.0,98.0,35.0,0.0,8.0,0.0,0.0,27.0,0.7368421052631579,11.0,0.11224489795918367,138.0,98.0,0.7101449275362319,0.0,0.0,0.0,0.0,40.0,0.2898550724637681,0.0,0.0,0.0,0.0,0.0,0.0,0.0,67.85908713936806
3,180000000000,2.0,15.0,2.868945868945869,2.0,8.0,351,1.0,10.0,5.518518518518518,5.0,8.0,351,14.0,23.0,18.48148148148148,19.0,21.0,351,2.0,7.0,2.4957264957264957,2.0,4.0,351,0.0,44.0,25.984251968503937,28.0,44.0,127,0.0,104.0,47.24409448818898,40.0,104.0,127,1.0,1.0,1.0,1.0,1.0,127,0.9999999999999998,1.0000000000000002,1.0,1.0,1.0,127,1.0,1.0,1.0,1.0,1.0,127,0.9999999999999998,1.0000000000000002,1.0,1.0,1.0,127,552.0,0.0,0.0,425.0,127.0,127.0,0.0,0.0,0.0,0.0,0.0,0.0,1.0,0.0,0.0,127.0,127.0,1.0,0.0,0.0,0.0,0.0,0.0,0.0,0.0,0.0,0.0,0.0,0.0,0.0,0.0,58.509137481451035
4,240000000000,2.0,15.0,2.8917378917378915,2.0,8.0,351,0.0,10.0,5.461538461538462,5.0,8.0,351,14.0,24.0,18.53846153846154,19.0,21.0,351,2.0,7.0,2.49002849002849,2.0,4.0,351,0.0,44.0,25.858267716535433,28.0,44.0,127,0.0,104.0,47.30708661417323,40.0,104.0,127,1.0,1.0,1.0,1.0,1.0,119,0.9999999999999997,1.0000000000000002,1.0,1.0,1.0,119,1.0,1.25,1.007983193277311,1.0,1.0,119,0.9999999999999997,1.3222350190544037,1.0089746564928022,1.0,1.0000000000000002,119,552.0,0.0,0.0,426.0,126.0,119.0,7.0,0.0,6.0,0.0,0.0,1.0,0.9444444444444444,4.0,0.03361344537815126,127.0,119.0,0.937007874015748,0.0,0.0,0.0,0.0,8.0,0.06299212598425197,0.0,0.0,0.0,0.0,0.0,0.0,0.0,34.83480215072632
5,300000000000,2.0,15.0,2.868945868945869,2.0,8.0,351,0.0,10.0,5.398860398860399,5.0,8.0,351,14.0,24.0,18.6011396011396,19.0,21.0,351,2.0,7.0,2.492877492877493,2.0,4.0,351,0.0,44.0,26.548387096774192,32.0,44.0,124,0.0,104.0,48.70967741935484,56.0,104.0,124,1.0,1.0,1.0,1.0,1.0,102,0.9999999999999998,1.0000000000000002,1.0,1.0,1.0,102,1.0,1.3333333333333333,1.0152894491129785,1.0,1.1357142857142841,102,0.9999999999999998,1.5235964860110658,1.0219377700930392,1.0,1.1656595609916398,102,552.0,0.0,0.0,432.0,120.0,102.0,18.0,0.0,8.0,0.0,0.0,10.0,0.85,7.0,0.06862745098039216,124.0,102.0,0.8225806451612904,0.0,0.0,0.0,0.0,22.0,0.1774193548387097,0.0,0.0,0.0,0.0,0.0,0.0,0.0,39.857080206274986
6,360000000000,2.0,15.0,2.868945868945869,2.0,8.0,351,1.0,10.0,5.518518518518518,6.0,8.0,351,14.0,23.0,18.48148148148148,18.0,21.0,351,2.0,6.0,2.4957264957264957,2.0,4.0,351,0.0,44.0,26.512396694214875,32.0,44.0,121,0.0,104.0,49.52066115702479,56.0,104.0,121,1.0,1.0,1.0,1.0,1.0,121,0.9999999999999999,1.0000000000000002,1.0,1.0,1.0,121,1.0,1.0,1.0,1.0,1.0,121,0.9999999999999999,1.0000000000000002,1.0,1.0,1.0,121,552.0,0.0,0.0,431.0,121.0,121.0,0.0,0.0,0.0,0.0,0.0,0.0,1.0,0.0,0.0,121.0,121.0,1.0,0.0,0.0,0.0,0.0,0.0,0.0,0.0,0.0,0.0,0.0,0.0,0.0,0.0,88.96392025053501
7,420000000000,2.0,15.0,2.8945868945868947,2.0,8.0,351,1.0,10.0,5.464387464387465,6.0,8.0,351,14.0,23.0,18.535612535612536,18.0,21.0,351,2.0,7.0,2.4985754985754984,2.0,4.0,351,0.0,44.0,26.31404958677686,28.0,44.0,121,0.0,104.0,48.13223140495868,40.0,104.0,121,1.0,1.0,1.0,1.0,1.0,113,0.9999999999999998,1.0000000000000002,1.0,1.0,1.0,113,1.0,1.5,1.0117994100294987,1.0,1.0,113,0.9999999999999998,1.9341218209464603,1.018362117845652,1.0,1.0224691978919989,113,552.0,0.0,0.0,434.0,118.0,113.0,5.0,0.0,1.0,0.0,0.0,4.0,0.9576271186440678,8.0,0.07079646017699115,121.0,113.0,0.9338842975206612,0.0,0.0,0.0,0.0,8.0,0.06611570247933884,0.0,0.0,0.0,0.0,0.0,0.0,0.0,37.56445646286011
8,480000000000,2.0,14.0,2.888888888888889,2.0,8.0,351,1.0,10.0,5.398860398860399,5.0,8.0,351,14.0,23.0,18.6011396011396,19.0,21.0,351,2.0,7.0,2.5014245014245016,2.0,4.0,351,0.0,44.0,26.285714285714285,28.0,44.0,119,0.0,104.0,48.26890756302521,40.0,104.0,119,1.0,1.0,1.0,1.0,1.0,95,0.9999999999999999,1.0000000000000002,1.0,1.0,1.0,95,1.0,1.5,1.0375438596491227,1.0,1.3333333333333333,95,0.9999999999999999,2.3140984483246783,1.0671670442070544,1.0,1.5012867799452085,95,552.0,0.0,0.0,437.0,115.0,95.0,20.0,0.0,7.0,0.0,0.0,13.0,0.8260869565217391,10.0,0.10526315789473684,119.0,95.0,0.7983193277310925,0.0,0.0,0.0,0.0,24.0,0.20168067226890757,0.0,0.0,0.0,0.0,0.0,0.0,0.0,39.80910778045654
9,540000000000,2.0,15.0,2.9316239316239314,2.0,10.0,351,1.0,10.0,5.62962962962963,6.0,8.0,351,14.0,23.0,18.37037037037037,18.0,21.0,351,2.0,7.0,2.5014245014245016,2.0,4.0,351,0.0,44.0,26.62937062937063,32.0,44.0,143,0.0,104.0,49.62237762237762,56.0,104.0,143,1.0,1.0,1.0,1.0,1.0,143,0.9999999999999998,1.0000000000000002,1.0,1.0,1.0,143,1.0,1.0,1.0,1.0,1.0,143,0.9999999999999998,1.0000000000000002,1.0,1.0,1.0,143,552.0,0.0,0.0,409.0,143.0,143.0,0.0,0.0,0.0,0.0,0.0,0.0,1.0,0.0,0.0,143.0,143.0,1.0,0.0,0.0,0.0,0.0,0.0,0.0,0.0,0.0,0.0,0.0,0.0,0.0,0.0,197.29228504002094
10,600000000000,2.0,15.0,2.9116809116809117,2.0,9.5,351,1.0,10.0,5.5584045584045585,6.0,8.0,351,14.0,23.0,18.441595441595442,18.0,21.0,351,2.0,6.0,2.49002849002849,2.0,4.0,351,0.0,44.0,26.571428571428573,32.0,44.0,140,0.0,104.0,48.68571428571428,56.0,104.0,140,1.0,1.0,1.0,1.0,1.0,127,1.0,1.0,1.0,1.0,1.0,127,1.0,1.5,1.0208098987626546,1.0,1.2178571428571416,127,1.0,2.0064176411563546,1.0320453944745456,1.0,1.2444177578479685,127,552.0,0.0,0.0,415.0,137.0,127.0,10.0,0.0,4.0,0.0,0.0,6.0,0.927007299270073,10.0,0.07874015748031496,140.0,127.0,0.9071428571428571,0.0,0.0,0.0,0.0,13.0,0.09285714285714286,0.0,0.0,0.0,0.0,0.0,0.0,0.0,40.65874218940735
11,660000000000,2.0,15.0,2.8974358974358974,2.0,9.0,351,1.0,10.0,5.492877492877493,6.0,8.0,351,14.0,23.0,18.507122507122507,18.0,21.0,351,2.0,6.0,2.4814814814814814,2.0,4.0,351,0.0,44.0,25.894736842105264,28.0,44.0,133,0.0,104.0,47.278195488721806,40.0,104.0,133,1.0,1.0,1.0,1.0,1.0,104,0.9999999999999998,1.0000000000000002,1.0,1.0,1.0,104,1.0,1.5,1.0246108058608059,1.0,1.2339285714285708,104,0.9999999999999998,2.413105878517457,1.0527374981496687,1.0,1.3352513750510355,104,552.0,0.0,0.0,421.0,131.0,104.0,27.0,0.0,5.0,0.0,0.0,22.0,0.7938931297709924,9.0,0.08653846153846154,133.0,104.0,0.7819548872180451,0.0,0.0,0.0,0.0,29.0,0.21804511278195488,0.0,0.0,0.0,0.0,0.0,0.0,0.0,41.34088382124901
12,720000000000,2.0,15.0,2.8632478632478633,2.0,8.0,351,1.0,10.0,5.444444444444445,6.0,8.0,351,14.0,23.0,18.555555555555557,18.0,21.0,351,2.0,6.0,2.4757834757834756,2.0,4.0,351,0.0,44.0,26.29032258064516,28.0,44.0,124,0.0,104.0,48.83870967741935,40.0,104.0,124,1.0,1.0,1.0,1.0,1.0,124,0.9999999999999999,1.0000000000000002,1.0,1.0,1.0,124,1.0,1.0,1.0,1.0,1.0,124,0.9999999999999999,1.0000000000000002,1.0,1.0,1.0,124,552.0,0.0,0.0,428.0,124.0,124.0,0.0,0.0,0.0,0.0,0.0,0.0,1.0,0.0,0.0,124.0,124.0,1.0,0.0,0.0,0.0,0.0,0.0,0.0,0.0,0.0,0.0,0.0,0.0,0.0,0.0,108.53116400539875
13,780000000000,2.0,15.0,2.8347578347578346,2.0,7.5,351,1.0,10.0,5.39031339031339,6.0,8.0,351,14.0,23.0,18.60968660968661,18.0,21.0,351,2.0,7.0,2.492877492877493,2.0,4.0,351,0.0,44.0,26.386554621848738,32.0,44.0,119,0.0,104.0,48.67226890756302,56.0,104.0,119,1.0,1.0,1.0,1.0,1.0,104,0.9999999999999998,1.0000000000000002,1.0,1.0,1.0,104,1.0,1.25,1.0048076923076923,1.0,1.0,104,0.9999999999999998,1.3275618258023545,1.0063200407077812,1.0,1.0,104,552.0,0.0,0.0,431.0,121.0,104.0,17.0,0.0,9.0,0.0,0.0,8.0,0.859504132231405,3.0,0.028846153846153848,119.0,104.0,0.8739495798319328,0.0,0.0,0.0,0.0,15.0,0.12605042016806722,0.0,0.0,0.0,0.0,0.0,0.0,0.0,39.38347473740578
14,840000000000,2.0,15.0,2.8518518518518516,2.0,8.0,351,1.0,10.0,5.336182336182336,5.0,8.0,351,14.0,23.0,18.663817663817664,19.0,21.0,351,2.0,6.0,2.49002849002849,2.0,4.0,351,0.0,44.0,26.75862068965517,32.0,44.0,116,0.0,104.0,49.93103448275862,56.0,104.0,116,1.0,1.0,1.0,1.0,1.0,94,0.9999999999999998,1.0000000000000002,1.0,1.0,1.0,94,1.0,1.25,1.0044326241134751,1.0,1.0,94,0.9999999999999998,1.4027551622409247,1.006325822344232,1.0,1.0,94,552.0,0.0,0.0,432.0,120.0,94.0,26.0,0.0,12.0,0.0,0.0,14.0,0.7833333333333333,2.0,0.02127659574468085,116.0,94.0,0.8103448275862069,0.0,0.0,0.0,0.0,22.0,0.1896551724137931,0.0,0.0,0.0,0.0,0.0,0.0,0.0,40.10623320937157
15,900000000000,2.0,15.0,2.8774928774928776,2.0,8.0,351,1.0,10.0,5.444444444444445,6.0,9.0,351,14.0,23.0,18.555555555555557,18.0,21.0,351,2.0,8.0,2.49002849002849,2.0,4.0,351,0.0,44.0,26.847457627118644,28.0,44.0,118,0.0,104.0,49.42372881355932,40.0,104.0,118,1.0,1.0,1.0,1.0,1.0,118,0.9999999999999998,1.0,1.0,1.0,1.0,118,1.0,1.0,1.0,1.0,1.0,118,0.9999999999999998,1.0,1.0,1.0,1.0,118,552.0,0.0,0.0,434.0,118.0,118.0,0.0,0.0,0.0,0.0,0.0,0.0,1.0,0.0,0.0,118.0,118.0,1.0,0.0,0.0,0.0,0.0,0.0,0.0,0.0,0.0,0.0,0.0,0.0,0.0,0.0,85.63645370304585
16,960000000000,2.0,14.0,2.888888888888889,2.0,8.0,351,1.0,10.0,5.373219373219373,5.0,9.0,351,14.0,23.0,18.626780626780626,19.0,21.0,351,2.0,7.0,2.4871794871794872,2.0,4.0,351,0.0,44.0,27.401574803149607,28.0,44.0,127,0.0,104.0,50.07874015748032,40.0,104.0,127,1.0,1.0,1.0,1.0,1.0,109,0.9999999999999998,1.0000000000000002,1.0,1.0,1.0,109,1.0,1.5,1.0165137614678899,1.0,1.2,109,0.9999999999999998,1.8494552119523044,1.021247412986757,1.0,1.2005433234459788,109,552.0,0.0,0.0,429.0,123.0,109.0,14.0,0.0,3.0,0.0,0.0,11.0,0.8861788617886179,7.0,0.06422018348623854,127.0,109.0,0.8582677165354331,0.0,0.0,0.0,0.0,18.0,0.14173228346456693,0.0,0.0,0.0,0.0,0.0,0.0,0.0,35.62626056373119
17,1020000000000,2.0,15.0,2.888888888888889,2.0,8.0,351,1.0,10.0,5.336182336182336,5.0,9.0,351,14.0,23.0,18.663817663817664,19.0,21.5,351,2.0,7.0,2.4957264957264957,2.0,4.0,351,0.0,44.0,27.681159420289855,28.0,44.0,138,0.0,104.0,50.72463768115942,40.0,104.0,138,1.0,1.0,1.0,1.0,1.0,117,0.9999999999999998,1.0,1.0,1.0,1.0,117,1.0,1.5,1.031054131054131,1.0,1.25,117,0.9999999999999998,2.214690152877925,1.0535598043327792,1.0,1.2880210096822005,117,552.0,0.0,0.0,415.0,137.0,117.0,20.0,0.0,6.0,0.0,0.0,14.0,0.8540145985401459,13.0,0.1111111111111111,138.0,117.0,0.8478260869565217,0.0,0.0,0.0,0.0,21.0,0.15217391304347827,0.0,0.0,0.0,0.0,0.0,0.0,0.0,99.50724057853222
18,1080000000000,2.0,15.0,2.8917378917378915,2.0,8.0,351,2.0,10.0,5.555555555555555,5.0,9.0,351,14.0,22.0,18.444444444444443,19.0,21.0,351,2.0,6.0,2.4843304843304845,2.0,4.0,351,0.0,44.0,27.104477611940297,32.0,44.0,134,0.0,104.0,49.850746268656714,56.0,104.0,134,1.0,1.0,1.0,1.0,1.0,134,0.9999999999999998,1.0,1.0,1.0,1.0,134,1.0,1.0,1.0,1.0,1.0,134,0.9999999999999998,1.0,1.0,1.0,1.0,134,552.0,0.0,0.0,418.0,134.0,134.0,0.0,0.0,0.0,0.0,0.0,0.0,1.0,0.0,0.0,134.0,134.0,1.0,0.0,0.0,0.0,0.0,0.0,0.0,0.0,0.0,0.0,0.0,0.0,0.0,0.0,90.64517356455326
19,1140000000000,2.0,15.0,2.903133903133903,2.0,8.0,351,2.0,10.0,5.50997150997151,5.0,9.0,351,14.0,22.0,18.49002849002849,19.0,21.0,351,2.0,6.0,2.5014245014245016,2.0,4.0,351,0.0,44.0,26.26356589147287,28.0,44.0,129,0.0,104.0,48.68217054263566,40.0,104.0,129,1.0,1.0,1.0,1.0,1.0,120,0.9999999999999998,1.0000000000000002,1.0,1.0,1.0000000000000002,120,1.0,1.5,1.0104166666666667,1.0,1.0,120,0.9999999999999998,2.0975342699408173,1.017412870865232,1.0,1.0001932090927566,120,552.0,0.0,0.0,421.0,131.0,120.0,11.0,0.0,6.0,0.0,0.0,5.0,0.916030534351145,6.0,0.05,129.0,120.0,0.9302325581395349,0.0,0.0,0.0,0.0,9.0,0.06976744186046512,0.0,0.0,0.0,0.0,0.0,0.0,0.0,43.07824745774269
20,1200000000000,2.0,15.0,2.908831908831909,2.0,8.0,351,1.0,10.0,5.435897435897436,5.0,9.0,351,14.0,23.0,18.564102564102566,19.0,21.0,351,2.0,6.0,2.5014245014245016,2.0,4.0,351,0.0,44.0,26.931297709923665,28.0,44.0,131,0.0,104.0,50.01526717557252,40.0,104.0,131,1.0,1.0,1.0,1.0,1.0,107,0.9999999999999999,1.0000000000000002,1.0,1.0,1.0,107,1.0,1.5,1.017133956386293,1.0,1.0,107,0.9999999999999999,2.47661511742426,1.0360309628709754,1.0,1.0035046218930679,107,552.0,0.0,0.0,418.0,134.0,107.0,27.0,0.0,12.0,0.0,0.0,15.0,0.7985074626865671,6.0,0.056074766355140186,131.0,107.0,0.816793893129771,0.0,0.0,0.0,0.0,24.0,0.183206106870229,0.0,0.0,0.0,0.0,0.0,0.0,0.0,37.292394787073135
21,1260000000000,2.0,16.0,2.8803418803418803,2.0,7.5,351,1.0,10.0,5.7407407407407405,5.0,9.0,351,14.0,23.0,18.25925925925926,19.0,21.0,351,2.0,8.0,2.5156695156695155,2.0,4.0,351,0.0,44.0,25.575757575757574,28.0,44.0,132,0.0,104.0,47.21212121212121,40.0,104.0,132,1.0,1.0,1.0,1.0,1.0,132,0.9999999999999998,1.0000000000000002,1.0,1.0,1.0,132,1.0,1.0,1.0,1.0,1.0,132,0.9999999999999998,1.0000000000000002,1.0,1.0,1.0,132,552.0,0.0,0.0,420.0,132.0,132.0,0.0,0.0,0.0,0.0,0.0,0.0,1.0,0.0,0.0,132.0,132.0,1.0,0.0,0.0,0.0,0.0,0.0,0.0,0.0,0.0,0.0,0.0,0.0,0.0,0.0,89.16396088898182
22,1320000000000,2.0,15.0,2.883190883190883,2.0,7.5,351,1.0,10.0,5.678062678062678,5.0,9.0,351,14.0,23.0,18.321937321937323,19.0,21.0,351,2.0,7.0,2.5042735042735043,2.0,4.0,351,0.0,44.0,26.333333333333332,28.0,44.0,132,0.0,104.0,48.06060606060606,40.0,104.0,132,1.0,1.0,1.0,1.0,1.0,123,0.9999999999999998,1.0000000000000002,1.0,1.0,1.0,123,1.0,1.5,1.005420054200542,1.0,1.0,123,0.9999999999999998,1.903156723863025,1.0088880632415858,1.0,1.0,123,552.0,0.0,0.0,424.0,128.0,123.0,5.0,0.0,1.0,0.0,0.0,4.0,0.9609375,2.0,0.016260162601626018,132.0,123.0,0.9318181818181818,0.0,0.0,0.0,0.0,9.0,0.06818181818181818,0.0,0.0,0.0,0.0,0.0,0.0,0.0,38.35493326187134
23,1380000000000,2.0,15.0,2.888888888888889,2.0,8.0,351,1.0,10.0,5.621082621082621,5.0,9.0,351,14.0,23.0,18.37891737891738,19.0,21.0,351,2.0,7.0,2.49002849002849,2.0,4.0,351,0.0,44.0,26.611570247933884,28.0,44.0,121,0.0,104.0,48.72727272727273,40.0,104.0,121,1.0,1.0,1.0,1.0,1.0,103,0.9999999999999998,1.0000000000000002,1.0,1.0,1.0000000000000002,103,1.0,1.5,1.0097087378640777,1.0,1.0,103,0.9999999999999998,1.7513158512720355,1.0157870382713547,1.0,1.0159960006956577,103,552.0,0.0,0.0,435.0,117.0,103.0,14.0,0.0,4.0,0.0,0.0,10.0,0.8803418803418803,7.0,0.06796116504854369,121.0,103.0,0.8512396694214877,0.0,0.0,0.0,0.0,18.0,0.1487603305785124,0.0,0.0,0.0,0.0,0.0,0.0,0.0,40.792664512991905
24,1440000000000,2.0,14.0,2.8774928774928776,2.0,7.5,351,1.0,9.0,5.481481481481482,6.0,8.0,351,15.0,23.0,18.51851851851852,18.0,21.0,351,2.0,7.0,2.4957264957264957,2.0,4.0,351,0.0,44.0,26.08,28.0,44.0,125,0.0,104.0,47.872,40.0,104.0,125,1.0,1.0,1.0,1.0,1.0,125,0.9999999999999998,1.0,1.0,1.0,1.0,125,1.0,1.0,1.0,1.0,1.0,125,0.9999999999999998,1.0,1.0,1.0,1.0,125,552.0,0.0,0.0,427.0,125.0,125.0,0.0,0.0,0.0,0.0,0.0,0.0,1.0,0.0,0.0,125.0,125.0,1.0,0.0,0.0,0.0,0.0,0.0,0.0,0.0,0.0,0.0,0.0,0.0,0.0,0.0,178.135946393013
25,1500000000000,2.0,14.0,2.866096866096866,2.0,7.0,351,1.0,9.0,5.4245014245014245,6.0,8.0,351,15.0,23.0,18.575498575498575,18.0,21.0,351,2.0,7.0,2.492877492877493,2.0,4.0,351,0.0,44.0,26.73846153846154,32.0,44.0,130,0.0,104.0,49.90769230769231,56.0,104.0,130,1.0,1.0,1.0,1.0,1.0,119,0.9999999999999998,1.0000000000000002,1.0,1.0,1.0000000000000002,119,1.0,1.25,1.0063025210084033,1.0,1.0,119,0.9999999999999998,1.3347522293999574,1.0074583161889674,1.0,1.0000000000000002,119,552.0,0.0,0.0,427.0,125.0,119.0,6.0,0.0,4.0,0.0,0.0,2.0,0.952,4.0,0.03361344537815126,130.0,119.0,0.9153846153846154,0.0,0.0,0.0,0.0,11.0,0.08461538461538462,0.0,0.0,0.0,0.0,0.0,0.0,0.0,42.212994769215584
26,1560000000000,2.0,14.0,2.908831908831909,2.0,8.0,351,1.0,9.0,5.373219373219373,5.0,8.0,351,15.0,23.0,18.626780626780626,19.0,21.0,351,2.0,6.0,2.507122507122507,2.0,4.0,351,0.0,44.0,27.03030303030303,32.0,44.0,132,0.0,104.0,50.303030303030305,56.0,104.0,132,1.0,1.0,1.0,1.0,1.0,113,1.0,1.0000000000000002,1.0,1.0,1.0,113,1.0,1.5,1.0235988200589972,1.0,1.2833333333333325,113,1.0,1.9224095349936026,1.0376377436696993,1.0,1.4032048424585508,113,552.0,0.0,0.0,417.0,135.0,113.0,22.0,0.0,12.0,0.0,0.0,10.0,0.837037037037037,10.0,0.08849557522123894,132.0,113.0,0.8560606060606061,0.0,0.0,0.0,0.0,19.0,0.14393939393939395,0.0,0.0,0.0,0.0,0.0,0.0,0.0,40.69308191537857
27,1620000000000,2.0,15.0,2.8917378917378915,2.0,8.0,351,2.0,10.0,5.555555555555555,6.0,9.0,351,14.0,22.0,18.444444444444443,18.0,21.0,351,2.0,6.0,2.4957264957264957,2.0,4.0,351,0.0,44.0,26.977443609022558,28.0,44.0,133,0.0,104.0,49.984962406015036,40.0,104.0,133,1.0,1.0,1.0,1.0,1.0,133,0.9999999999999998,1.0000000000000002,1.0,1.0,1.0000000000000002,133,1.0,1.0,1.0,1.0,1.0,133,0.9999999999999998,1.0000000000000002,1.0,1.0,1.0000000000000002,133,552.0,0.0,0.0,419.0,133.0,133.0,0.0,0.0,0.0,0.0,0.0,0.0,1.0,0.0,0.0,133.0,133.0,1.0,0.0,0.0,0.0,0.0,0.0,0.0,0.0,0.0,0.0,0.0,0.0,0.0,0.0,99.37987476587296
28,1680000000000,2.0,15.0,2.908831908831909,2.0,8.0,351,1.0,10.0,5.492877492877493,6.0,9.0,351,14.0,23.0,18.507122507122507,18.0,21.0,351,2.0,7.0,2.5014245014245016,2.0,4.0,351,0.0,44.0,27.572519083969464,28.0,44.0,131,0.0,104.0,50.93129770992366,40.0,104.0,131,1.0,1.0,1.0,1.0,1.0,122,0.9999999999999998,1.0,1.0,1.0,1.0,122,1.0,1.5,1.008879781420765,1.0,1.0,122,0.9999999999999999,1.9200426317958572,1.0141170944239044,1.0,1.0,122,552.0,0.0,0.0,418.0,134.0,122.0,12.0,0.0,8.0,0.0,0.0,4.0,0.9104477611940298,4.0,0.03278688524590164,131.0,122.0,0.9312977099236641,0.0,0.0,0.0,0.0,9.0,0.06870229007633588,0.0,0.0,0.0,0.0,0.0,0.0,0.0,44.85367611050606
29,1740000000000,2.0,15.0,2.843304843304843,2.0,6.5,351,1.0,10.0,5.427350427350428,5.0,9.0,351,14.0,23.0,18.572649572649574,19.0,21.0,351,2.0,8.0,2.4957264957264957,2.0,4.0,351,0.0,44.0,26.793650793650794,28.0,44.0,126,0.0,104.0,48.317460317460316,40.0,104.0,126,1.0,1.0,1.0,1.0,1.0,107,0.9999999999999998,1.0000000000000002,1.0,1.0,1.0,107,1.0,1.5,1.0109034267912773,1.0,1.0,107,0.9999999999999998,2.227917235665993,1.0192900074180355,1.0,1.0000000000000002,107,552.0,0.0,0.0,425.0,127.0,107.0,20.0,0.0,9.0,0.0,0.0,11.0,0.84251968503937,5.0,0.04672897196261682,126.0,107.0,0.8492063492063492,0.0,0.0,0.0,0.0,19.0,0.15079365079365079,0.0,0.0,0.0,0.0,0.0,0.0,0.0,44.16949301958084
30,1800000000000,2.0,15.0,2.843304843304843,2.0,7.5,351,1.0,10.0,5.481481481481482,5.0,8.0,351,14.0,23.0,18.51851851851852,19.0,22.0,351,2.0,7.0,2.492877492877493,2.0,4.0,351,0.0,44.0,26.18487394957983,28.0,44.0,119,0.0,104.0,47.865546218487395,40.0,104.0,119,1.0,1.0,1.0,1.0,1.0,119,0.9999999999999998,1.0000000000000002,1.0,1.0,1.0,119,1.0,1.0,1.0,1.0,1.0,119,0.9999999999999998,1.0000000000000002,1.0,1.0,1.0,119,552.0,0.0,0.0,433.0,119.0,119.0,0.0,0.0,0.0,0.0,0.0,0.0,1.0,0.0,0.0,119.0,119.0,1.0,0.0,0.0,0.0,0.0,0.0,0.0,0.0,0.0,0.0,0.0,0.0,0.0,0.0,97.27109968662262
31,1860000000000,2.0,15.0,2.903133903133903,2.0,8.5,351,1.0,10.0,5.418803418803419,5.0,8.0,351,14.0,23.0,18.581196581196583,19.0,22.0,351,2.0,7.0,2.4985754985754984,2.0,4.0,351,0.0,44.0,26.6875,28.0,44.0,128,0.0,104.0,48.8125,40.0,104.0,128,1.0,1.0,1.0,1.0,1.0,116,1.0,1.0000000000000002,1.0,1.0,1.0000000000000002,116,1.0,1.5,1.007183908045977,1.0,1.0,116,1.0,1.7350531954681128,1.0106816988508047,1.0,1.000055043911026,116,552.0,0.0,0.0,425.0,127.0,116.0,11.0,0.0,7.0,0.0,0.0,4.0,0.9133858267716536,6.0,0.05172413793103448,128.0,116.0,0.90625,0.0,0.0,0.0,0.0,12.0,0.09375,0.0,0.0,0.0,0.0,0.0,0.0,0.0,118.86163428425789
32,1920000000000,2.0,14.0,2.8774928774928776,2.0,8.0,351,1.0,10.0,5.361823361823362,5.0,8.0,351,14.0,23.0,18.63817663817664,19.0,22.0,351,2.0,7.0,2.4957264957264957,2.0,4.0,351,0.0,44.0,27.3015873015873,28.0,44.0,126,0.0,104.0,49.20634920634921,40.0,104.0,126,1.0,1.0,1.0,1.0,1.0,101,1.0,1.0000000000000002,1.0,1.0,1.0000000000000002,101,1.0,1.5,1.036963696369637,1.0,1.3333333333333333,101,1.0,2.242339491611488,1.0682733918511271,1.0,1.5634021153824222,101,552.0,0.0,0.0,429.0,123.0,101.0,22.0,0.0,9.0,0.0,0.0,13.0,0.8211382113821138,11.0,0.10891089108910891,126.0,101.0,0.8015873015873016,0.0,0.0,0.0,0.0,25.0,0.1984126984126984,0.0,0.0,0.0,0.0,0.0,0.0,0.0,39.122844114899635
33,1980000000000,2.0,14.0,2.8632478632478633,2.0,8.0,351,2.0,9.0,5.518518518518518,6.0,8.0,351,15.0,22.0,18.48148148148148,18.0,21.0,351,2.0,7.0,2.49002849002849,2.0,4.0,351,0.0,44.0,26.75,30.0,44.0,128,0.0,104.0,48.5,48.0,104.0,128,1.0,1.0,1.0,1.0,1.0,128,0.9999999999999998,1.0000000000000002,1.0,1.0,1.0,128,1.0,1.0,1.0,1.0,1.0,128,0.9999999999999998,1.0000000000000002,1.0,1.0,1.0,128,552.0,0.0,0.0,424.0,128.0,128.0,0.0,0.0,0.0,0.0,0.0,0.0,1.0,0.0,0.0,128.0,128.0,1.0,0.0,0.0,0.0,0.0,0.0,0.0,0.0,0.0,0.0,0.0,0.0,0.0,0.0,89.46979232132435
34,2040000000000,2.0,14.0,2.8803418803418803,2.0,8.0,351,2.0,9.0,5.467236467236467,6.0,8.0,351,15.0,22.0,18.532763532763532,18.0,21.0,351,2.0,7.0,2.5156695156695155,2.0,4.0,351,0.0,44.0,26.304,32.0,44.0,125,0.0,104.0,48.192,56.0,104.0,125,1.0,1.0,1.0,1.0,1.0,121,0.9999999999999998,1.0000000000000002,1.0,1.0,1.0000000000000002,121,1.0,1.3333333333333333,1.0096418732782368,1.0,1.0,121,0.9999999999999998,1.5131653132192262,1.0134337950183054,1.0,1.0000000000000002,121,552.0,0.0,0.0,416.0,136.0,121.0,15.0,0.0,11.0,0.0,0.0,4.0,0.8897058823529411,4.0,0.03305785123966942,125.0,121.0,0.968,0.0,0.0,0.0,0.0,4.0,0.032,0.0,0.0,0.0,0.0,0.0,0.0,0.0,38.495803251862526
35,2100000000000,2.0,13.0,2.8746438746438745,2.0,7.5,351,1.0,9.0,5.401709401709402,5.0,8.0,351,15.0,23.0,18.5982905982906,19.0,21.0,351,2.0,6.0,2.5014245014245016,2.0,4.0,351,0.0,44.0,27.69747899159664,28.0,44.0,119,0.0,104.0,50.890756302521005,40.0,104.0,119,1.0,1.0,1.0,1.0,1.0,95,0.9999999999999999,1.0,1.0,1.0,1.0,95,1.0,1.5,1.0293233082706768,1.0,1.1916666666666664,95,0.9999999999999999,2.2079172665445315,1.0494370532753696,1.0,1.2271913950369064,95,552.0,0.0,0.0,425.0,127.0,95.0,32.0,0.0,19.0,0.0,0.0,13.0,0.7480314960629921,12.0,0.12631578947368421,119.0,95.0,0.7983193277310925,0.0,0.0,0.0,0.0,24.0,0.20168067226890757,0.0,0.0,0.0,0.0,0.0,0.0,0.0,37.200044840574265
36,2160000000000,2.0,15.0,2.9002849002849005,2.0,8.5,351,2.0,10.0,5.592592592592593,6.0,8.0,351,14.0,22.0,18.40740740740741,18.0,22.0,351,2.0,7.0,2.5014245014245016,2.0,4.0,351,0.0,44.0,26.25,28.0,44.0,128,0.0,104.0,48.75,40.0,104.0,128,1.0,1.0,1.0,1.0,1.0,128,0.9999999999999998,1.0000000000000002,1.0,1.0,1.0,128,1.0,1.0,1.0,1.0,1.0,128,0.9999999999999998,1.0000000000000002,1.0,1.0,1.0,128,552.0,0.0,0.0,424.0,128.0,128.0,0.0,0.0,0.0,0.0,0.0,0.0,1.0,0.0,0.0,128.0,128.0,1.0,0.0,0.0,0.0,0.0,0.0,0.0,0.0,0.0,0.0,0.0,0.0,0.0,0.0,87.93326653540134
37,2220000000000,2.0,15.0,2.871794871794872,2.0,8.0,351,2.0,10.0,5.527065527065527,6.0,8.0,351,14.0,22.0,18.472934472934472,18.0,22.0,351,2.0,7.0,2.4871794871794872,2.0,4.0,351,0.0,44.0,26.536585365853657,28.0,44.0,123,0.0,104.0,48.19512195121951,40.0,104.0,123,1.0,1.0,1.0,1.0,1.0,115,0.9999999999999998,1.0000000000000002,1.0,1.0,1.0,115,1.0,1.25,1.0036231884057971,1.0,1.0,115,0.9999999999999998,1.3127219740876577,1.0043400034512715,1.0,1.0,115,552.0,0.0,0.0,434.0,118.0,115.0,3.0,0.0,1.0,0.0,0.0,2.0,0.9745762711864406,2.0,0.017391304347826087,123.0,115.0,0.9349593495934959,0.0,0.0,0.0,0.0,8.0,0.06504065040650407,0.0,0.0,0.0,0.0,0.0,0.0,0.0,37.322307005524635
38,2280000000000,2.0,14.0,2.8917378917378915,2.0,8.0,351,1.0,10.0,5.47008547008547,5.0,8.0,351,14.0,23.0,18.52991452991453,19.0,22.0,351,2.0,7.0,2.49002849002849,2.0,4.0,351,0.0,44.0,26.992125984251967,28.0,44.0,127,0.0,104.0,49.00787401574803,40.0,104.0,127,1.0,1.0,1.0,1.0,1.0,105,1.0,1.0000000000000002,1.0,1.0,1.0000000000000002,105,1.0,1.3333333333333333,1.0165079365079366,1.0,1.1933333333333331,105,1.0,1.4313588093874952,1.0226069901207364,1.0,1.2614975962196648,105,552.0,0.0,0.0,431.0,121.0,105.0,16.0,0.0,5.0,0.0,0.0,11.0,0.8677685950413223,7.0,0.06666666666666667,127.0,105.0,0.8267716535433071,0.0,0.0,0.0,0.0,22.0,0.1732283464566929,0.0,0.0,0.0,0.0,0.0,0.0,0.0,43.559473007917404
39,2340000000000,2.0,15.0,2.871794871794872,2.0,8.0,351,1.0,9.0,5.481481481481482,5.0,8.0,351,15.0,23.0,18.51851851851852,19.0,22.0,351,2.0,7.0,2.49002849002849,2.0,4.0,351,0.0,44.0,25.880597014925375,28.0,44.0,134,0.0,104.0,47.1044776119403,40.0,104.0,134,1.0,1.0,1.0,1.0,1.0,134,0.9999999999999998,1.0,1.0,1.0,1.0,134,1.0,1.0,1.0,1.0,1.0,134,0.9999999999999998,1.0,1.0,1.0,1.0,134,552.0,0.0,0.0,418.0,134.0,134.0,0.0,0.0,0.0,0.0,0.0,0.0,1.0,0.0,0.0,134.0,134.0,1.0,0.0,0.0,0.0,0.0,0.0,0.0,0.0,0.0,0.0,0.0,0.0,0.0,0.0,153.41542847454548
40,2400000000000,2.0,15.0,2.888888888888889,2.0,8.0,351,1.0,9.0,5.427350427350428,5.0,8.0,351,15.0,23.0,18.572649572649574,19.0,22.0,351,2.0,7.0,2.4871794871794872,2.0,4.0,351,0.0,44.0,25.568,28.0,44.0,125,0.0,104.0,46.4,40.0,104.0,125,1.0,1.0,1.0,1.0,1.0,115,0.9999999999999998,1.0000000000000002,1.0,1.0,1.0,115,1.0,1.5,1.01,1.0,1.0,115,0.9999999999999998,1.8676022065400213,1.013675351274741,1.0,1.0000000000000002,115,552.0,0.0,0.0,428.0,124.0,115.0,9.0,0.0,2.0,0.0,0.0,7.0,0.9274193548387096,5.0,0.043478260869565216,125.0,115.0,0.92,0.0,0.0,0.0,0.0,10.0,0.08,0.0,0.0,0.0,0.0,0.0,0.0,0.0,40.76145216822624
41,2460000000000,2.0,14.0,2.903133903133903,2.0,8.0,351,1.0,9.0,5.387464387464387,5.0,8.0,351,15.0,23.0,18.612535612535613,19.0,22.0,351,2.0,7.0,2.4957264957264957,2.0,4.0,351,0.0,44.0,25.888,28.0,44.0,125,0.0,104.0,47.68,40.0,104.0,125,1.0,1.0,1.0,1.0,1.0,108,0.9999999999999999,1.0000000000000002,1.0,1.0,1.0,108,1.0,1.5,1.0199074074074075,1.0,1.2,108,0.9999999999999999,2.2572008028981196,1.036747640855366,1.0,1.2612042005593334,108,552.0,0.0,0.0,429.0,123.0,108.0,15.0,0.0,4.0,0.0,0.0,11.0,0.8780487804878049,8.0,0.07407407407407407,125.0,108.0,0.864,0.0,0.0,0.0,0.0,17.0,0.136,0.0,0.0,0.0,0.0,0.0,0.0,0.0,44.46886293590069
42,2520000000000,2.0,13.0,2.8518518518518516,2.0,7.5,351,2.0,8.0,5.444444444444445,6.0,8.0,351,16.0,22.0,18.555555555555557,18.0,22.0,351,2.0,6.0,2.4871794871794872,2.0,4.0,351,0.0,44.0,26.655172413793103,32.0,44.0,116,0.0,104.0,48.89655172413793,56.0,104.0,116,1.0,1.0,1.0,1.0,1.0,116,0.9999999999999998,1.0,1.0,1.0,1.0,116,1.0,1.0,1.0,1.0,1.0,116,0.9999999999999998,1.0,1.0,1.0,1.0,116,552.0,0.0,0.0,436.0,116.0,116.0,0.0,0.0,0.0,0.0,0.0,0.0,1.0,0.0,0.0,116.0,116.0,1.0,0.0,0.0,0.0,0.0,0.0,0.0,0.0,0.0,0.0,0.0,0.0,0.0,0.0,98.16734679043293
43,2580000000000,2.0,13.0,2.8376068376068377,2.0,7.0,351,1.0,8.0,5.39031339031339,6.0,8.0,351,16.0,23.0,18.60968660968661,18.0,22.0,351,2.0,7.0,2.4957264957264957,2.0,4.0,351,0.0,44.0,27.344827586206897,28.0,44.0,116,0.0,104.0,49.793103448275865,40.0,104.0,116,1.0,1.0,1.0,1.0,1.0,107,0.9999999999999998,1.0000000000000002,1.0,1.0,1.0,107,1.0,1.5,1.0046728971962617,1.0,1.0,107,0.9999999999999998,1.9072017055340282,1.0086083683501532,1.0,1.0000000000000002,107,552.0,0.0,0.0,432.0,120.0,107.0,13.0,0.0,10.0,0.0,0.0,3.0,0.8916666666666667,3.0,0.028037383177570093,116.0,107.0,0.9224137931034483,0.0,0.0,0.0,0.0,9.0,0.07758620689655173,0.0,0.0,0.0,0.0,0.0,0.0,0.0,53.52657847106457
44,2640000000000,2.0,14.0,2.8404558404558404,2.0,7.0,351,1.0,8.0,5.319088319088319,6.0,8.0,351,16.0,23.0,18.68091168091168,18.0,22.0,351,2.0,7.0,2.4957264957264957,2.0,4.0,351,0.0,44.0,27.692307692307693,32.0,44.0,117,0.0,104.0,50.46153846153846,56.0,104.0,117,1.0,1.0,1.0,1.0,1.0,97,0.9999999999999998,1.0000000000000002,1.0,1.0,1.0,97,1.0,1.5,1.0261168384879724,1.0,1.25,97,0.9999999999999998,2.28762790791092,1.0445143136739423,1.0,1.3216798655135287,97,552.0,0.0,0.0,428.0,124.0,97.0,27.0,0.0,15.0,0.0,0.0,12.0,0.782258064516129,8.0,0.08247422680412371,117.0,97.0,0.8290598290598291,0.0,0.0,0.0,0.0,20.0,0.17094017094017094,0.0,0.0,0.0,0.0,0.0,0.0,0.0,43.78494247794151
45,2700000000000,2.0,13.0,2.908831908831909,2.0,9.0,351,1.0,9.0,5.62962962962963,6.0,8.0,351,15.0,23.0,18.37037037037037,18.0,22.0,351,2.0,7.0,2.5042735042735043,2.0,4.0,351,0.0,44.0,26.612903225806452,28.0,44.0,124,0.0,104.0,48.38709677419355,40.0,104.0,124,1.0,1.0,1.0,1.0,1.0,124,0.9999999999999999,1.0000000000000002,1.0,1.0,1.0,124,1.0,1.0,1.0,1.0,1.0,124,0.9999999999999999,1.0000000000000002,1.0,1.0,1.0,124,552.0,0.0,0.0,428.0,124.0,124.0,0.0,0.0,0.0,0.0,0.0,0.0,1.0,0.0,0.0,124.0,124.0,1.0,0.0,0.0,0.0,0.0,0.0,0.0,0.0,0.0,0.0,0.0,0.0,0.0,0.0,180.25572039186954
46,2760000000000,2.0,13.0,2.905982905982906,2.0,8.0,351,1.0,9.0,5.564102564102564,6.0,8.0,351,15.0,23.0,18.435897435897434,18.0,22.0,351,2.0,7.0,2.4985754985754984,2.0,4.0,351,0.0,44.0,25.824,28.0,44.0,125,0.0,104.0,45.696,40.0,104.0,125,1.0,1.0,1.0,1.0,1.0,109,0.9999999999999999,1.0000000000000002,1.0,1.0,1.0,109,1.0,1.5,1.0194408038444736,1.0,1.1428571428571428,109,0.9999999999999999,2.100745021862163,1.0293285133531653,1.0,1.1467781187888546,109,552.0,0.0,0.0,432.0,120.0,109.0,11.0,0.0,5.0,0.0,0.0,6.0,0.9083333333333333,7.0,0.06422018348623854,125.0,109.0,0.872,0.0,0.0,0.0,0.0,16.0,0.128,0.0,0.0,0.0,0.0,0.0,0.0,0.0,47.088440507650375
47,2820000000000,2.0,14.0,2.9116809116809117,2.0,9.0,351,1.0,9.0,5.504273504273504,6.0,8.0,351,15.0,23.0,18.495726495726494,18.0,22.0,351,2.0,7.0,2.5014245014245016,2.0,4.0,351,0.0,44.0,26.236220472440944,28.0,44.0,127,0.0,104.0,45.98425196850393,40.0,104.0,127,1.0,1.0,1.0,1.0,1.0,92,1.0,1.0000000000000002,1.0,1.0,1.0,92,1.0,1.5,1.026656314699793,1.0,1.2416666666666671,92,1.0,2.149727098318452,1.0459507250540832,1.0,1.3249927784170183,92,552.0,0.0,0.0,423.0,129.0,92.0,37.0,0.0,11.0,0.0,0.0,26.0,0.7131782945736435,9.0,0.09782608695652174,127.0,92.0,0.7244094488188977,0.0,0.0,0.0,0.0,35.0,0.2755905511811024,0.0,0.0,0.0,0.0,0.0,0.0,0.0,44.29375007748604
48,2880000000000,2.0,15.0,2.905982905982906,2.0,8.0,351,2.0,9.0,5.555555555555555,5.0,8.0,351,15.0,22.0,18.444444444444443,19.0,22.0,351,2.0,7.0,2.492877492877493,2.0,4.0,351,0.0,44.0,26.356589147286822,32.0,44.0,129,0.0,104.0,48.49612403100775,56.0,104.0,129,1.0,1.0,1.0,1.0,1.0,129,1.0,1.0000000000000002,1.0,1.0,1.0,129,1.0,1.0,1.0,1.0,1.0,129,1.0,1.0000000000000002,1.0,1.0,1.0,129,552.0,0.0,0.0,423.0,129.0,129.0,0.0,0.0,0.0,0.0,0.0,0.0,1.0,0.0,0.0,129.0,129.0,1.0,0.0,0.0,0.0,0.0,0.0,0.0,0.0,0.0,0.0,0.0,0.0,0.0,0.0,104.83890399336815
49,2940000000000,2.0,14.0,2.908831908831909,2.0,8.0,351,2.0,9.0,5.515669515669516,5.0,8.0,351,15.0,22.0,18.484330484330485,19.0,22.0,351,2.0,7.0,2.5014245014245016,2.0,4.0,351,0.0,44.0,26.592,32.0,44.0,125,0.0,104.0,49.344,56.0,104.0,125,1.0,1.0,1.0,1.0,1.0,116,0.9999999999999998,1.0000000000000002,1.0,1.0,1.0,116,1.0,1.25,1.0038793103448276,1.0,1.0,116,0.9999999999999998,1.2760009128627807,1.0045922032625383,1.0,1.0000000000000002,116,552.0,0.0,0.0,433.0,119.0,116.0,3.0,0.0,1.0,0.0,0.0,2.0,0.9747899159663865,4.0,0.034482758620689655,125.0,116.0,0.928,0.0,0.0,0.0,0.0,9.0,0.072,0.0,0.0,0.0,0.0,0.0,0.0,0.0,55.92257343232632
50,3000000000000,2.0,14.0,2.8945868945868947,2.0,8.0,351,1.0,9.0,5.452991452991453,5.0,8.0,351,15.0,23.0,18.54700854700855,19.0,22.0,351,2.0,7.0,2.507122507122507,2.0,4.0,351,0.0,44.0,26.0,28.0,44.0,118,0.0,104.0,48.47457627118644,40.0,104.0,118,1.0,1.0,1.0,1.0,1.0,102,0.9999999999999998,1.0000000000000002,1.0,1.0,1.0,102,1.0,1.3333333333333333,1.0185574229691876,1.0,1.1666666666666667,102,0.9999999999999998,1.5550382951832427,1.02589388616706,1.0,1.1800341519013082,102,552.0,0.0,0.0,437.0,115.0,102.0,13.0,0.0,5.0,0.0,0.0,8.0,0.8869565217391304,9.0,0.08823529411764706,118.0,102.0,0.864406779661017,0.0,0.0,0.0,0.0,16.0,0.13559322033898305,0.0,0.0,0.0,0.0,0.0,0.0,0.0,55.136291310191154
51,3060000000000,2.0,14.0,2.8603988603988606,2.0,7.0,351,1.0,9.0,5.555555555555555,6.0,8.0,351,15.0,23.0,18.444444444444443,18.0,21.0,351,2.0,7.0,2.49002849002849,2.0,4.0,351,0.0,44.0,26.071428571428573,28.0,44.0,112,0.0,104.0,47.714285714285715,40.0,104.0,112,1.0,1.0,1.0,1.0,1.0,112,0.9999999999999998,1.0000000000000002,1.0,1.0,1.0000000000000002,112,1.0,1.0,1.0,1.0,1.0,112,0.9999999999999998,1.0000000000000002,1.0,1.0,1.0000000000000002,112,552.0,0.0,0.0,440.0,112.0,112.0,0.0,0.0,0.0,0.0,0.0,0.0,1.0,0.0,0.0,112.0,112.0,1.0,0.0,0.0,0.0,0.0,0.0,0.0,0.0,0.0,0.0,0.0,0.0,0.0,0.0,112.9209902137518
52,3120000000000,2.0,14.0,2.849002849002849,2.0,7.0,351,1.0,9.0,5.504273504273504,6.0,8.0,351,15.0,23.0,18.495726495726494,18.0,21.0,351,2.0,7.0,2.50997150997151,2.0,4.0,351,0.0,44.0,26.735042735042736,28.0,44.0,117,0.0,104.0,49.0940170940171,40.0,104.0,117,1.0,1.0,1.0,1.0,1.0,107,0.9999999999999999,1.0000000000000002,1.0,1.0,1.0,107,1.0,1.5,1.013551401869159,1.0,1.0,107,0.9999999999999999,2.016812233845059,1.020824092950505,1.0,1.0000000000000002,107,552.0,0.0,0.0,434.0,118.0,107.0,11.0,0.0,4.0,0.0,0.0,7.0,0.9067796610169492,5.0,0.04672897196261682,117.0,107.0,0.9145299145299145,0.0,0.0,0.0,0.0,10.0,0.08547008547008547,0.0,0.0,0.0,0.0,0.0,0.0,0.0,35.1414792239666
53,3180000000000,2.0,13.0,2.925925925925926,2.0,9.0,351,1.0,9.0,5.444444444444445,6.0,8.0,351,15.0,23.0,18.555555555555557,18.0,21.0,351,2.0,7.0,2.4985754985754984,2.0,4.0,351,0.0,44.0,26.984126984126984,28.0,44.0,126,0.0,104.0,48.507936507936506,40.0,104.0,126,1.0,1.0,1.0,1.0,1.0,110,0.9999999999999998,1.0000000000000002,1.0,1.0,1.0,110,1.0,1.5,1.0293939393939393,1.0,1.25,110,0.9999999999999998,2.3962873467776014,1.0555594168098397,1.0,1.3511076785899547,110,552.0,0.0,0.0,424.0,128.0,110.0,18.0,0.0,8.0,0.0,0.0,10.0,0.859375,10.0,0.09090909090909091,126.0,110.0,0.873015873015873,0.0,0.0,0.0,0.0,16.0,0.12698412698412698,0.0,0.0,0.0,0.0,0.0,0.0,0.0,80.97829669713974
54,3240000000000,2.0,14.0,2.925925925925926,2.0,9.0,351,1.0,10.0,5.703703703703703,6.0,8.0,351,14.0,23.0,18.296296296296298,18.0,22.0,351,2.0,7.0,2.507122507122507,2.0,4.0,351,0.0,44.0,26.071942446043167,28.0,44.0,139,0.0,104.0,46.79136690647482,40.0,104.0,139,1.0,1.0,1.0,1.0,1.0,139,0.9999999999999997,1.0000000000000002,1.0,1.0,1.0,139,1.0,1.0,1.0,1.0,1.0,139,0.9999999999999997,1.0000000000000002,1.0,1.0,1.0,139,552.0,0.0,0.0,413.0,139.0,139.0,0.0,0.0,0.0,0.0,0.0,0.0,1.0,0.0,0.0,139.0,139.0,1.0,0.0,0.0,0.0,0.0,0.0,0.0,0.0,0.0,0.0,0.0,0.0,0.0,0.0,95.26797756552696
55,3300000000000,2.0,14.0,2.908831908831909,2.0,8.5,351,1.0,10.0,5.62962962962963,6.0,8.0,351,14.0,23.0,18.37037037037037,18.0,22.0,351,2.0,6.0,2.5014245014245016,2.0,4.0,351,0.0,44.0,26.09090909090909,28.0,44.0,132,0.0,104.0,46.0,40.0,104.0,132,1.0,1.0,1.0,1.0,1.0,112,0.9999999999999998,1.0000000000000002,1.0,1.0,1.0,112,1.0,1.5,1.0163690476190477,1.0,1.0,112,0.9999999999999998,1.9233099462044503,1.026259734697209,1.0,1.009697057450355,112,552.0,0.0,0.0,427.0,125.0,112.0,13.0,0.0,3.0,0.0,0.0,10.0,0.896,6.0,0.05357142857142857,132.0,112.0,0.8484848484848485,0.0,0.0,0.0,0.0,20.0,0.15151515151515152,0.0,0.0,0.0,0.0,0.0,0.0,0.0,44.78219896554947
56,3360000000000,2.0,15.0,2.905982905982906,2.0,9.0,351,0.0,10.0,5.566951566951567,5.0,8.0,351,14.0,24.0,18.433048433048434,19.0,22.0,351,2.0,7.0,2.4957264957264957,2.0,4.0,351,0.0,44.0,26.37593984962406,28.0,44.0,133,0.0,104.0,47.037593984962406,40.0,104.0,133,1.0,1.0,1.0,1.0,1.0,100,0.9999999999999999,1.0,1.0,1.0,1.0,100,1.0,1.5,1.0199999999999998,1.0,1.1708333333333332,100,0.9999999999999999,2.2732722995177332,1.0395054757211404,1.0,1.2212528888933945,100,552.0,0.0,0.0,425.0,127.0,100.0,27.0,0.0,7.0,0.0,0.0,20.0,0.7874015748031497,8.0,0.08,133.0,100.0,0.7518796992481203,0.0,0.0,0.0,0.0,33.0,0.24812030075187969,0.0,0.0,0.0,0.0,0.0,0.0,0.0,43.28623227775097
57,3420000000000,2.0,14.0,2.8461538461538463,2.0,7.5,351,1.0,9.0,5.444444444444445,5.0,9.0,351,15.0,23.0,18.555555555555557,19.0,22.0,351,2.0,7.0,2.4814814814814814,2.0,4.0,351,0.0,44.0,25.661016949152543,28.0,44.0,118,0.0,104.0,47.11864406779661,40.0,104.0,118,1.0,1.0,1.0,1.0,1.0,118,0.9999999999999999,1.0000000000000002,1.0,1.0,1.0000000000000002,118,1.0,1.0,1.0,1.0,1.0,118,0.9999999999999999,1.0000000000000002,1.0,1.0,1.0000000000000002,118,552.0,0.0,0.0,434.0,118.0,118.0,0.0,0.0,0.0,0.0,0.0,0.0,1.0,0.0,0.0,118.0,118.0,1.0,0.0,0.0,0.0,0.0,0.0,0.0,0.0,0.0,0.0,0.0,0.0,0.0,0.0,132.75140337646008
58,3480000000000,2.0,14.0,2.8547008547008548,2.0,8.0,351,1.0,9.0,5.384615384615385,5.0,9.0,351,15.0,23.0,18.615384615384617,19.0,22.0,351,2.0,7.0,2.49002849002849,2.0,4.0,351,0.0,44.0,26.677966101694917,32.0,44.0,118,0.0,104.0,49.355932203389834,56.0,104.0,118,1.0,1.0,1.0,1.0,1.0,105,0.9999999999999998,1.0000000000000002,1.0,1.0,1.0,105,1.0,1.1666666666666667,1.0031746031746032,1.0,1.0,105,0.9999999999999998,1.1617896914239116,1.003335814890996,1.0,1.0000000000000002,105,552.0,0.0,0.0,435.0,117.0,105.0,12.0,0.0,6.0,0.0,0.0,6.0,0.8974358974358975,3.0,0.02857142857142857,118.0,105.0,0.8898305084745762,0.0,0.0,0.0,0.0,13.0,0.11016949152542373,0.0,0.0,0.0,0.0,0.0,0.0,0.0,56.69310875236988
59,3540000000000,2.0,15.0,2.831908831908832,2.0,7.5,351,1.0,9.0,5.3418803418803416,5.0,9.0,351,15.0,23.0,18.65811965811966,19.0,22.0,351,2.0,6.0,2.492877492877493,2.0,4.0,351,0.0,44.0,26.37037037037037,28.0,44.0,108,0.0,104.0,47.48148148148148,40.0,104.0,108,1.0,1.0,1.0,1.0,1.0,91,0.9999999999999998,1.0000000000000002,1.0,1.0,1.0,91,1.0,1.5,1.0256410256410258,1.0,1.1666666666666667,91,0.9999999999999998,2.041792555754896,1.0464165687467553,1.0,1.2049492577755774,91,552.0,0.0,0.0,440.0,112.0,91.0,21.0,0.0,8.0,0.0,0.0,13.0,0.8125,9.0,0.0989010989010989,108.0,91.0,0.8425925925925926,0.0,0.0,0.0,0.0,17.0,0.1574074074074074,0.0,0.0,0.0,0.0,0.0,0.0,0.0,58.91758017241955
60,3600000000000,2.0,14.0,2.8290598290598292,2.0,7.0,351,1.0,10.0,5.444444444444445,6.0,8.0,351,14.0,23.0,18.555555555555557,18.0,21.0,351,2.0,8.0,2.4871794871794872,2.0,4.0,351,0.0,44.0,26.38532110091743,28.0,44.0,109,0.0,104.0,48.73394495412844,40.0,104.0,109,1.0,1.0,1.0,1.0,1.0,109,0.9999999999999998,1.0000000000000002,1.0,1.0,1.0,109,1.0,1.0,1.0,1.0,1.0,109,0.9999999999999998,1.0000000000000002,1.0,1.0,1.0,109,552.0,0.0,0.0,443.0,109.0,109.0,0.0,0.0,0.0,0.0,0.0,0.0,1.0,0.0,0.0,109.0,109.0,1.0,0.0,0.0,0.0,0.0,0.0,0.0,0.0,0.0,0.0,0.0,0.0,0.0,0.0,177.08452232182026
61,3660000000000,2.0,14.0,2.8917378917378915,2.0,7.5,351,1.0,10.0,5.398860398860399,6.0,8.0,351,14.0,23.0,18.6011396011396,18.0,21.0,351,2.0,7.0,2.4957264957264957,2.0,4.0,351,0.0,44.0,26.688524590163933,28.0,44.0,122,0.0,104.0,48.91803278688525,40.0,104.0,122,1.0,1.0,1.0,1.0,1.0,114,0.9999999999999998,1.0000000000000002,1.0,1.0,1.0,114,1.0,1.5,1.0210526315789474,1.0,1.2,114,0.9999999999999998,2.020623808027249,1.031601676674236,1.0,1.2205805465033832,114,552.0,0.0,0.0,428.0,124.0,114.0,10.0,0.0,6.0,0.0,0.0,4.0,0.9193548387096774,8.0,0.07017543859649122,122.0,114.0,0.9344262295081968,0.0,0.0,0.0,0.0,8.0,0.06557377049180328,0.0,0.0,0.0,0.0,0.0,0.0,0.0,41.907211765646935
62,3720000000000,2.0,15.0,2.92022792022792,2.0,10.0,351,1.0,10.0,5.3418803418803416,5.0,8.0,351,14.0,23.0,18.65811965811966,19.0,21.0,351,2.0,7.0,2.4957264957264957,2.0,4.0,351,0.0,44.0,27.71631205673759,32.0,44.0,141,0.0,104.0,50.60992907801418,56.0,104.0,141,1.0,1.0,1.0,1.0,1.0,119,0.9999999999999998,1.0000000000000002,1.0,1.0,1.0,119,1.0,1.5,1.0347338935574228,1.0,1.3333333333333333,119,0.9999999999999998,2.2852533308503626,1.0611532907478174,1.0,1.4246334754962189,119,552.0,0.0,0.0,410.0,142.0,119.0,23.0,0.0,8.0,0.0,0.0,15.0,0.8380281690140845,15.0,0.12605042016806722,141.0,119.0,0.8439716312056738,0.0,0.0,0.0,0.0,22.0,0.15602836879432624,0.0,0.0,0.0,0.0,0.0,0.0,0.0,44.50741596519947
63,3780000000000,2.0,15.0,2.8945868945868947,2.0,8.0,351,1.0,10.0,5.592592592592593,6.0,8.0,351,14.0,23.0,18.40740740740741,18.0,21.0,351,2.0,6.0,2.4985754985754984,2.0,4.0,351,0.0,44.0,25.88976377952756,28.0,44.0,127,0.0,104.0,47.43307086614173,40.0,104.0,127,1.0,1.0,1.0,1.0,1.0,127,1.0,1.0000000000000002,1.0,1.0,1.0,127,1.0,1.0,1.0,1.0,1.0,127,1.0,1.0000000000000002,1.0,1.0,1.0,127,552.0,0.0,0.0,425.0,127.0,127.0,0.0,0.0,0.0,0.0,0.0,0.0,1.0,0.0,0.0,127.0,127.0,1.0,0.0,0.0,0.0,0.0,0.0,0.0,0.0,0.0,0.0,0.0,0.0,0.0,0.0,110.2110780775547
64,3840000000000,2.0,15.0,2.888888888888889,2.0,8.0,351,1.0,10.0,5.527065527065527,6.0,8.0,351,14.0,23.0,18.472934472934472,18.0,21.0,351,2.0,6.0,2.4871794871794872,2.0,4.0,351,0.0,44.0,25.674418604651162,28.0,44.0,129,0.0,104.0,47.44186046511628,40.0,104.0,129,1.0,1.0,1.0,1.0,1.0,117,0.9999999999999998,1.0000000000000002,1.0,1.0,1.0,117,1.0,1.25,1.0021367521367521,1.0,1.0,117,0.9999999999999998,1.2721017586755246,1.0025371199469564,1.0,1.0000000000000002,117,552.0,0.0,0.0,426.0,126.0,117.0,9.0,0.0,1.0,0.0,0.0,8.0,0.9285714285714286,3.0,0.02564102564102564,129.0,117.0,0.9069767441860465,0.0,0.0,0.0,0.0,12.0,0.09302325581395349,0.0,0.0,0.0,0.0,0.0,0.0,0.0,42.23616421222687
65,3900000000000,2.0,15.0,2.8461538461538463,2.0,8.0,351,0.0,10.0,5.447293447293447,5.0,8.0,351,14.0,24.0,18.552706552706553,19.0,21.0,351,2.0,6.0,2.4615384615384617,2.0,4.0,351,0.0,44.0,26.380165289256198,28.0,44.0,121,0.0,104.0,48.99173553719008,40.0,104.0,121,1.0,1.0,1.0,1.0,1.0,102,0.9999999999999999,1.0000000000000002,1.0,1.0,1.0000000000000002,102,1.0,1.5,1.0188842203548085,1.0,1.1971428571428564,102,0.9999999999999999,2.2023327668373756,1.0285821872235523,1.0,1.253174601705676,102,552.0,0.0,0.0,434.0,118.0,102.0,16.0,0.0,5.0,0.0,0.0,11.0,0.864406779661017,7.0,0.06862745098039216,121.0,102.0,0.8429752066115702,0.0,0.0,0.0,0.0,19.0,0.15702479338842976,0.0,0.0,0.0,0.0,0.0,0.0,0.0,42.5251480191946
66,3960000000000,2.0,15.0,2.8461538461538463,2.0,7.0,351,1.0,10.0,5.444444444444445,5.0,8.0,351,14.0,23.0,18.555555555555557,19.0,21.0,351,2.0,7.0,2.49002849002849,2.0,4.0,351,0.0,44.0,26.276422764227643,28.0,44.0,123,0.0,104.0,48.91056910569106,40.0,104.0,123,1.0,1.0,1.0,1.0,1.0,123,0.9999999999999998,1.0,1.0,1.0,1.0,123,1.0,1.0,1.0,1.0,1.0,123,0.9999999999999998,1.0,1.0,1.0,1.0,123,552.0,0.0,0.0,429.0,123.0,123.0,0.0,0.0,0.0,0.0,0.0,0.0,1.0,0.0,0.0,123.0,123.0,1.0,0.0,0.0,0.0,0.0,0.0,0.0,0.0,0.0,0.0,0.0,0.0,0.0,0.0,89.88253772258759
67,4020000000000,2.0,15.0,2.8774928774928776,2.0,8.0,351,1.0,10.0,5.3931623931623935,5.0,8.0,351,14.0,23.0,18.60683760683761,19.0,21.0,351,2.0,6.0,2.492877492877493,2.0,4.0,351,0.0,44.0,26.724137931034484,28.0,44.0,116,0.0,104.0,48.55172413793103,40.0,104.0,116,1.0,1.0,1.0,1.0,1.0,110,0.9999999999999998,1.0000000000000002,1.0,1.0,1.0,110,1.0,1.5,1.006060606060606,1.0,1.0,110,0.9999999999999998,1.9248150233909231,1.0108683151514204,1.0,1.0036886961027736,110,552.0,0.0,0.0,435.0,117.0,110.0,7.0,0.0,5.0,0.0,0.0,2.0,0.9401709401709402,7.0,0.06363636363636363,116.0,110.0,0.9482758620689655,0.0,0.0,0.0,0.0,6.0,0.05172413793103448,0.0,0.0,0.0,0.0,0.0,0.0,0.0,105.96607439219952
68,4080000000000,2.0,15.0,2.888888888888889,2.0,8.0,351,1.0,10.0,5.333333333333333,5.0,8.0,351,14.0,23.0,18.666666666666668,19.0,21.0,351,2.0,8.0,2.4957264957264957,2.0,4.0,351,0.0,44.0,26.722689075630253,28.0,44.0,119,0.0,104.0,48.80672268907563,40.0,104.0,119,1.0,1.0,1.0,1.0,1.0,101,0.9999999999999998,1.0000000000000002,1.0,1.0,1.0,101,1.0,1.5,1.0181518151815183,1.0,1.0,101,0.9999999999999998,2.3317390639939717,1.0346958294412694,1.0,1.0314268614767645,101,552.0,0.0,0.0,434.0,118.0,101.0,17.0,0.0,5.0,0.0,0.0,12.0,0.8559322033898306,7.0,0.06930693069306931,119.0,101.0,0.8487394957983193,0.0,0.0,0.0,0.0,18.0,0.15126050420168066,0.0,0.0,0.0,0.0,0.0,0.0,0.0,36.47906333208084
69,4140000000000,2.0,14.0,2.8603988603988606,2.0,7.0,351,1.0,10.0,5.518518518518518,6.0,8.0,351,14.0,23.0,18.48148148148148,18.0,21.0,351,2.0,7.0,2.492877492877493,2.0,4.0,351,0.0,44.0,27.007751937984494,32.0,44.0,129,0.0,104.0,49.98449612403101,56.0,104.0,129,1.0,1.0,1.0,1.0,1.0,129,0.9999999999999998,1.0000000000000002,1.0,1.0,1.0,129,1.0,1.0,1.0,1.0,1.0,129,0.9999999999999998,1.0000000000000002,1.0,1.0,1.0,129,552.0,0.0,0.0,423.0,129.0,129.0,0.0,0.0,0.0,0.0,0.0,0.0,1.0,0.0,0.0,129.0,129.0,1.0,0.0,0.0,0.0,0.0,0.0,0.0,0.0,0.0,0.0,0.0,0.0,0.0,0.0,85.08857525885105
70,4200000000000,2.0,15.0,2.8974358974358974,2.0,7.5,351,1.0,10.0,5.455840455840455,6.0,8.0,351,14.0,23.0,18.544159544159545,18.0,21.0,351,2.0,7.0,2.492877492877493,2.0,4.0,351,0.0,44.0,27.267605633802816,32.0,44.0,142,0.0,104.0,50.76056338028169,56.0,104.0,142,1.0,1.0,1.0,1.0,1.0,129,0.9999999999999998,1.0000000000000002,1.0,1.0,1.0,129,1.0,1.3333333333333333,1.010981912144703,1.0,1.0,129,0.9999999999999998,1.4377783903256862,1.0141134726008754,1.0,1.003106681447926,129,552.0,0.0,0.0,413.0,139.0,129.0,10.0,0.0,1.0,0.0,0.0,9.0,0.9280575539568345,7.0,0.05426356589147287,142.0,129.0,0.9084507042253521,0.0,0.0,0.0,0.0,13.0,0.09154929577464789,0.0,0.0,0.0,0.0,0.0,0.0,0.0,37.780636921525
71,4260000000000,2.0,15.0,2.8632478632478633,2.0,7.0,351,1.0,10.0,5.396011396011396,6.0,8.0,351,14.0,23.0,18.603988603988604,18.0,21.0,351,2.0,6.0,2.4843304843304845,2.0,4.0,351,0.0,44.0,26.6,28.0,44.0,120,0.0,104.0,49.4,40.0,104.0,120,1.0,1.0,1.0,1.0,1.0,86,1.0,1.0000000000000002,1.0,1.0,1.0,86,1.0,1.5,1.0423588039867109,1.0,1.3333333333333333,86,1.0,2.06178034835598,1.0697619253172321,1.0,1.5347523471274525,86,552.0,0.0,0.0,434.0,118.0,86.0,32.0,0.0,10.0,0.0,0.0,22.0,0.7288135593220338,11.0,0.12790697674418605,120.0,86.0,0.7166666666666667,0.0,0.0,0.0,0.0,34.0,0.2833333333333333,0.0,0.0,0.0,0.0,0.0,0.0,0.0,38.70229423046112
72,4320000000000,2.0,15.0,2.9002849002849005,2.0,8.0,351,1.0,10.0,5.62962962962963,6.0,8.0,351,14.0,23.0,18.37037037037037,18.0,21.0,351,2.0,6.0,2.4985754985754984,2.0,4.0,351,0.0,44.0,26.43076923076923,32.0,44.0,130,0.0,104.0,49.23076923076923,56.0,104.0,130,1.0,1.0,1.0,1.0,1.0,130,0.9999999999999998,1.0000000000000002,1.0,1.0,1.0000000000000002,130,1.0,1.0,1.0,1.0,1.0,130,0.9999999999999998,1.0000000000000002,1.0,1.0,1.0000000000000002,130,552.0,0.0,0.0,422.0,130.0,130.0,0.0,0.0,0.0,0.0,0.0,0.0,1.0,0.0,0.0,130.0,130.0,1.0,0.0,0.0,0.0,0.0,0.0,0.0,0.0,0.0,0.0,0.0,0.0,0.0,0.0,100.86736269295216
73,4380000000000,2.0,15.0,2.888888888888889,2.0,8.0,351,0.0,10.0,5.5584045584045585,6.0,8.0,351,14.0,24.0,18.441595441595442,18.0,21.0,351,2.0,6.0,2.4957264957264957,2.0,4.0,351,0.0,44.0,26.834645669291337,28.0,44.0,127,0.0,104.0,48.94488188976378,40.0,104.0,127,1.0,1.0,1.0,1.0,1.0,117,1.0,1.0000000000000002,1.0,1.0,1.0,117,1.0,1.5,1.0161782661782661,1.0,1.028571428571427,117,1.0,1.9421473586082139,1.0250201730374908,1.0,1.0291510028917115,117,552.0,0.0,0.0,427.0,125.0,117.0,8.0,0.0,5.0,0.0,0.0,3.0,0.936,6.0,0.05128205128205128,127.0,117.0,0.9212598425196851,0.0,0.0,0.0,0.0,10.0,0.07874015748031496,0.0,0.0,0.0,0.0,0.0,0.0,0.0,47.854578122496605
74,4440000000000,2.0,15.0,2.8774928774928776,2.0,8.0,351,0.0,10.0,5.512820512820513,6.0,8.0,351,14.0,24.0,18.487179487179485,18.0,21.0,351,2.0,8.0,2.5128205128205128,2.0,4.0,351,0.0,44.0,27.35483870967742,32.0,44.0,124,0.0,104.0,50.774193548387096,56.0,104.0,124,1.0,1.0,1.0,1.0,1.0,103,0.9999999999999998,1.0000000000000002,1.0,1.0,1.0,103,1.0,1.3333333333333333,1.0097087378640777,1.0,1.0,103,0.9999999999999998,1.565829124952462,1.0144134603810446,1.0,1.0118867781093555,103,552.0,0.0,0.0,419.0,133.0,103.0,30.0,0.0,14.0,0.0,0.0,16.0,0.7744360902255639,6.0,0.05825242718446602,124.0,103.0,0.8306451612903226,0.0,0.0,0.0,0.0,21.0,0.1693548387096774,0.0,0.0,0.0,0.0,0.0,0.0,0.0,43.95768791437149
75,4500000000000,2.0,15.0,2.9145299145299144,2.0,7.5,351,1.0,10.0,5.555555555555555,5.0,9.0,351,14.0,23.0,18.444444444444443,19.0,21.0,351,2.0,7.0,2.4985754985754984,2.0,4.0,351,0.0,44.0,27.5,30.0,44.0,128,0.0,104.0,50.375,48.0,104.0,128,1.0,1.0,1.0,1.0,1.0,128,0.9999999999999998,1.0000000000000002,1.0,1.0,1.0000000000000002,128,1.0,1.0,1.0,1.0,1.0,128,0.9999999999999998,1.0000000000000002,1.0,1.0,1.0000000000000002,128,552.0,0.0,0.0,424.0,128.0,128.0,0.0,0.0,0.0,0.0,0.0,0.0,1.0,0.0,0.0,128.0,128.0,1.0,0.0,0.0,0.0,0.0,0.0,0.0,0.0,0.0,0.0,0.0,0.0,0.0,0.0,186.10688671469688
76,4560000000000,2.0,15.0,2.8917378917378915,2.0,7.5,351,1.0,10.0,5.507122507122507,5.0,9.0,351,14.0,23.0,18.492877492877493,19.0,21.0,351,2.0,7.0,2.492877492877493,2.0,4.0,351,0.0,44.0,26.644628099173552,28.0,44.0,121,0.0,104.0,48.85950413223141,40.0,104.0,121,1.0,1.0,1.0,1.0,1.0,115,0.9999999999999998,1.0000000000000002,1.0,1.0,1.0,115,1.0,1.0,1.0,1.0,1.0,115,0.9999999999999998,1.024637272077313,1.0002850507622019,1.0,1.0,115,552.0,0.0,0.0,433.0,119.0,115.0,4.0,0.0,1.0,0.0,0.0,3.0,0.9663865546218487,2.0,0.017391304347826087,121.0,115.0,0.9504132231404959,0.0,0.0,0.0,0.0,6.0,0.049586776859504134,0.0,0.0,0.0,0.0,0.0,0.0,0.0,45.763732865452766
77,4620000000000,2.0,14.0,2.883190883190883,2.0,7.5,351,1.0,10.0,5.427350427350428,5.0,9.0,351,14.0,23.0,18.572649572649574,19.0,21.0,351,2.0,7.0,2.4871794871794872,2.0,4.0,351,0.0,44.0,27.908396946564885,28.0,44.0,131,0.0,104.0,50.62595419847328,40.0,104.0,131,1.0,1.0,1.0,1.0,1.0,100,1.0,1.0000000000000002,1.0,1.0,1.0,100,1.0,1.5,1.0421666666666665,1.0,1.3333333333333333,100,1.0,2.3010078052768796,1.0725787398752606,1.0,1.4259162035160056,100,552.0,0.0,0.0,431.0,121.0,100.0,21.0,0.0,6.0,0.0,0.0,15.0,0.8264462809917356,13.0,0.13,131.0,100.0,0.7633587786259542,0.0,0.0,0.0,0.0,31.0,0.2366412213740458,0.0,0.0,0.0,0.0,0.0,0.0,0.0,41.92928038537502
78,4680000000000,2.0,14.0,2.8945868945868947,2.0,8.0,351,2.0,9.0,5.666666666666667,5.0,9.0,351,15.0,22.0,18.333333333333332,19.0,21.0,351,2.0,7.0,2.5042735042735043,2.0,4.0,351,0.0,44.0,27.14074074074074,32.0,44.0,135,0.0,104.0,50.42962962962963,56.0,104.0,135,1.0,1.0,1.0,1.0,1.0,135,0.9999999999999998,1.0000000000000002,1.0,1.0,1.0,135,1.0,1.0,1.0,1.0,1.0,135,0.9999999999999998,1.0000000000000002,1.0,1.0,1.0,135,552.0,0.0,0.0,417.0,135.0,135.0,0.0,0.0,0.0,0.0,0.0,0.0,1.0,0.0,0.0,135.0,135.0,1.0,0.0,0.0,0.0,0.0,0.0,0.0,0.0,0.0,0.0,0.0,0.0,0.0,0.0,98.94831106066704
79,4740000000000,2.0,14.0,2.9116809116809117,2.0,8.0,351,2.0,9.0,5.601139601139601,5.0,9.0,351,15.0,22.0,18.3988603988604,19.0,21.0,351,2.0,6.0,2.5042735042735043,2.0,4.0,351,0.0,44.0,27.157894736842106,32.0,44.0,133,0.0,104.0,50.70676691729323,56.0,104.0,133,1.0,1.0,1.0,1.0,1.0,124,0.9999999999999998,1.0,1.0,1.0,1.0,124,1.0,1.5,1.0221774193548385,1.0,1.2374999999999996,124,0.9999999999999998,2.0081103590876173,1.0349642206869856,1.0,1.2867086071470688,124,552.0,0.0,0.0,416.0,136.0,124.0,12.0,0.0,6.0,0.0,0.0,6.0,0.9117647058823529,8.0,0.06451612903225806,133.0,124.0,0.9323308270676691,0.0,0.0,0.0,0.0,9.0,0.06766917293233082,0.0,0.0,0.0,0.0,0.0,0.0,0.0,49.84705336391926
80,4800000000000,2.0,14.0,2.8917378917378915,2.0,8.0,351,1.0,9.0,5.532763532763533,5.0,9.0,351,15.0,23.0,18.467236467236468,19.0,21.0,351,2.0,6.0,2.4871794871794872,2.0,4.0,351,0.0,44.0,27.328244274809162,32.0,44.0,131,0.0,104.0,50.50381679389313,56.0,104.0,131,1.0,1.0,1.0,1.0,1.0,100,0.9999999999999998,1.0000000000000002,1.0,1.0,1.0000000000000002,100,1.0,1.5,1.025595238095238,1.0,1.25,100,0.9999999999999998,2.321758799853178,1.0475416674152367,1.0,1.270846784173152,100,552.0,0.0,0.0,424.0,128.0,100.0,28.0,0.0,10.0,0.0,0.0,18.0,0.78125,9.0,0.09,131.0,100.0,0.7633587786259542,0.0,0.0,0.0,0.0,31.0,0.2366412213740458,0.0,0.0,0.0,0.0,0.0,0.0,0.0,44.94800232350826
81,4860000000000,2.0,15.0,2.9145299145299144,2.0,8.0,351,2.0,10.0,5.62962962962963,5.0,9.0,351,14.0,22.0,18.37037037037037,19.0,21.0,351,2.0,7.0,2.4985754985754984,2.0,4.0,351,0.0,44.0,26.71641791044776,28.0,44.0,134,0.0,104.0,49.37313432835821,40.0,104.0,134,1.0,1.0,1.0,1.0,1.0,134,0.9999999999999999,1.0,1.0,1.0,1.0,134,1.0,1.0,1.0,1.0,1.0,134,0.9999999999999999,1.0,1.0,1.0,1.0,134,552.0,0.0,0.0,418.0,134.0,134.0,0.0,0.0,0.0,0.0,0.0,0.0,1.0,0.0,0.0,134.0,134.0,1.0,0.0,0.0,0.0,0.0,0.0,0.0,0.0,0.0,0.0,0.0,0.0,0.0,0.0,168.61306503415108
82,4920000000000,2.0,15.0,2.8575498575498575,2.0,7.0,351,1.0,10.0,5.572649572649572,5.0,9.0,351,14.0,23.0,18.427350427350426,19.0,21.0,351,2.0,8.0,2.5042735042735043,2.0,4.0,351,0.0,44.0,26.84375,28.0,44.0,128,0.0,104.0,49.4375,40.0,104.0,128,1.0,1.0,1.0,1.0,1.0,123,0.9999999999999999,1.0000000000000002,1.0,1.0,1.0,123,1.0,1.25,1.005420054200542,1.0,1.0,123,1.0,1.3351818816297372,1.007017740775524,1.0,1.0,123,552.0,0.0,0.0,423.0,129.0,123.0,6.0,0.0,5.0,0.0,0.0,1.0,0.9534883720930233,3.0,0.024390243902439025,128.0,123.0,0.9609375,0.0,0.0,0.0,0.0,5.0,0.0390625,0.0,0.0,0.0,0.0,0.0,0.0,0.0,52.76758037507534
83,4980000000000,2.0,15.0,2.868945868945869,2.0,7.5,351,1.0,10.0,5.507122507122507,5.0,9.0,351,14.0,23.0,18.492877492877493,19.0,21.0,351,2.0,7.0,2.49002849002849,2.0,4.0,351,0.0,44.0,27.096774193548388,28.0,44.0,124,0.0,104.0,49.16129032258065,40.0,104.0,124,1.0,1.0,1.0,1.0,1.0,108,0.9999999999999998,1.0,1.0,1.0,1.0,108,1.0,1.3333333333333333,1.0061728395061726,1.0,1.0,108,0.9999999999999998,1.454196862868764,1.0079329726280661,1.0,1.0,108,552.0,0.0,0.0,426.0,126.0,108.0,18.0,0.0,9.0,0.0,0.0,9.0,0.8571428571428571,5.0,0.046296296296296294,124.0,108.0,0.8709677419354839,0.0,0.0,0.0,0.0,16.0,0.12903225806451613,0.0,0.0,0.0,0.0,0.0,0.0,0.0,46.69060371816158
84,5040000000000,2.0,15.0,2.888888888888889,2.0,8.0,351,1.0,9.0,5.518518518518518,5.0,8.0,351,15.0,23.0,18.48148148148148,19.0,22.0,351,2.0,7.0,2.5014245014245016,2.0,4.0,351,0.0,44.0,26.181818181818183,28.0,44.0,121,0.0,104.0,48.19834710743802,40.0,104.0,121,1.0,1.0,1.0,1.0,1.0,121,0.9999999999999999,1.0000000000000002,1.0,1.0,1.0,121,1.0,1.0,1.0,1.0,1.0,121,0.9999999999999999,1.0000000000000002,1.0,1.0,1.0,121,552.0,0.0,0.0,431.0,121.0,121.0,0.0,0.0,0.0,0.0,0.0,0.0,1.0,0.0,0.0,121.0,121.0,1.0,0.0,0.0,0.0,0.0,0.0,0.0,0.0,0.0,0.0,0.0,0.0,0.0,0.0,95.75325809419155
85,5100000000000,2.0,13.0,2.883190883190883,2.0,8.0,351,1.0,9.0,5.455840455840455,5.0,8.0,351,15.0,23.0,18.544159544159545,19.0,22.0,351,2.0,7.0,2.492877492877493,2.0,4.0,351,0.0,44.0,26.53125,28.0,44.0,128,0.0,104.0,48.75,40.0,104.0,128,1.0,1.0,1.0,1.0,1.0,114,0.9999999999999998,1.0000000000000002,1.0,1.0,1.0,114,1.0,1.5,1.0201754385964912,1.0,1.2,114,0.9999999999999998,1.9608672871956718,1.0296738158091168,1.0,1.218775580857753,114,552.0,0.0,0.0,426.0,126.0,114.0,12.0,0.0,3.0,0.0,0.0,9.0,0.9047619047619048,9.0,0.07894736842105263,128.0,114.0,0.890625,0.0,0.0,0.0,0.0,14.0,0.109375,0.0,0.0,0.0,0.0,0.0,0.0,0.0,40.913501754403114
86,5160000000000,2.0,13.0,2.8774928774928776,2.0,8.0,351,1.0,9.0,5.398860398860399,5.0,8.0,351,15.0,23.0,18.6011396011396,19.0,22.0,351,2.0,7.0,2.4871794871794872,2.0,4.0,351,0.0,44.0,26.676470588235293,28.0,44.0,136,0.0,104.0,48.470588235294116,40.0,104.0,136,1.0,1.0,1.0,1.0,1.0,111,1.0,1.0000000000000002,1.0,1.0,1.0,111,1.0,1.5,1.0252252252252254,1.0,1.225,111,1.0,2.358210426595657,1.0462389775626262,1.0,1.2858361883872695,111,552.0,0.0,0.0,423.0,129.0,111.0,18.0,0.0,8.0,0.0,0.0,10.0,0.8604651162790697,12.0,0.10810810810810811,136.0,111.0,0.8161764705882353,0.0,0.0,0.0,0.0,25.0,0.18382352941176472,0.0,0.0,0.0,0.0,0.0,0.0,0.0,35.4502759873867
87,5220000000000,2.0,14.0,2.9116809116809117,2.0,9.0,351,2.0,9.0,5.777777777777778,6.0,9.0,351,15.0,22.0,18.22222222222222,18.0,21.0,351,2.0,6.0,2.507122507122507,2.0,4.0,351,0.0,44.0,26.757575757575758,32.0,44.0,132,0.0,104.0,48.666666666666664,56.0,104.0,132,1.0,1.0,1.0,1.0,1.0,132,1.0,1.0000000000000002,1.0,1.0,1.0,132,1.0,1.0,1.0,1.0,1.0,132,1.0,1.0000000000000002,1.0,1.0,1.0,132,552.0,0.0,0.0,420.0,132.0,132.0,0.0,0.0,0.0,0.0,0.0,0.0,1.0,0.0,0.0,132.0,132.0,1.0,0.0,0.0,0.0,0.0,0.0,0.0,0.0,0.0,0.0,0.0,0.0,0.0,0.0,92.83362329006195
88,5280000000000,2.0,14.0,2.903133903133903,2.0,9.0,351,1.0,9.0,5.712250712250713,6.0,9.0,351,15.0,23.0,18.28774928774929,18.0,21.0,351,2.0,6.0,2.492877492877493,2.0,4.0,351,0.0,44.0,27.606060606060606,28.0,44.0,132,0.0,104.0,50.42424242424242,40.0,104.0,132,1.0,1.0,1.0,1.0,1.0,119,0.9999999999999998,1.0000000000000002,1.0,1.0,1.0000000000000002,119,1.0,1.5,1.0140056022408963,1.0,1.0,119,0.9999999999999998,2.064946585961157,1.02373115190685,1.0,1.0139120530316126,119,552.0,0.0,0.0,424.0,128.0,119.0,9.0,0.0,4.0,0.0,0.0,5.0,0.9296875,7.0,0.058823529411764705,132.0,119.0,0.9015151515151515,0.0,0.0,0.0,0.0,13.0,0.09848484848484848,0.0,0.0,0.0,0.0,0.0,0.0,0.0,43.879931792616844
89,5340000000000,2.0,14.0,2.903133903133903,2.0,9.0,351,1.0,9.0,5.64957264957265,5.0,9.0,351,15.0,23.0,18.35042735042735,19.0,21.0,351,2.0,7.0,2.492877492877493,2.0,4.0,351,0.0,44.0,28.0,28.0,44.0,132,0.0,104.0,50.90909090909091,40.0,104.0,132,1.0,1.0,1.0,1.0,1.0,110,0.9999999999999998,1.0000000000000002,1.0,1.0,1.0,110,1.0,1.5,1.018939393939394,1.0,1.1374999999999993,110,1.0,2.330014067258647,1.0348159283328309,1.0,1.1452758469948998,110,552.0,0.0,0.0,420.0,132.0,110.0,22.0,0.0,7.0,0.0,0.0,15.0,0.8333333333333334,7.0,0.06363636363636363,132.0,110.0,0.8333333333333334,0.0,0.0,0.0,0.0,22.0,0.16666666666666666,0.0,0.0,0.0,0.0,0.0,0.0,0.0,123.88358823955059
90,5400000000000,2.0,15.0,2.8603988603988606,2.0,7.5,351,2.0,10.0,5.444444444444445,5.0,8.0,351,14.0,22.0,18.555555555555557,19.0,21.0,351,2.0,7.0,2.49002849002849,2.0,4.0,351,0.0,44.0,26.29059829059829,28.0,44.0,117,0.0,104.0,47.31623931623932,40.0,104.0,117,1.0,1.0,1.0,1.0,1.0,117,0.9999999999999998,1.0,1.0,1.0,1.0,117,1.0,1.0,1.0,1.0,1.0,117,0.9999999999999998,1.0,1.0,1.0,1.0,117,552.0,0.0,0.0,435.0,117.0,117.0,0.0,0.0,0.0,0.0,0.0,0.0,1.0,0.0,0.0,117.0,117.0,1.0,0.0,0.0,0.0,0.0,0.0,0.0,0.0,0.0,0.0,0.0,0.0,0.0,0.0,97.14158438146114
91,5460000000000,2.0,14.0,2.8974358974358974,2.0,8.0,351,1.0,10.0,5.381766381766382,5.0,8.0,351,14.0,23.0,18.618233618233617,19.0,21.0,351,2.0,7.0,2.492877492877493,2.0,4.0,351,0.0,44.0,26.71875,28.0,44.0,128,0.0,104.0,47.8125,40.0,104.0,128,1.0,1.0,1.0,1.0,1.0,112,1.0,1.0000000000000002,1.0,1.0,1.0000000000000002,112,1.0,1.3333333333333333,1.005952380952381,1.0,1.0,112,1.0,1.462931086559683,1.0082736345074401,1.0,1.0000000000000002,112,552.0,0.0,0.0,422.0,130.0,112.0,18.0,0.0,7.0,0.0,0.0,11.0,0.8615384615384616,4.0,0.03571428571428571,128.0,112.0,0.875,0.0,0.0,0.0,0.0,16.0,0.125,0.0,0.0,0.0,0.0,0.0,0.0,0.0,46.50269262492657
92,5520000000000,2.0,14.0,2.8746438746438745,2.0,8.0,351,1.0,10.0,5.330484330484331,5.0,8.0,351,14.0,23.0,18.66951566951567,19.0,21.0,351,2.0,7.0,2.4985754985754984,2.0,4.0,351,0.0,44.0,26.93548387096774,28.0,44.0,124,0.0,104.0,47.354838709677416,40.0,104.0,124,1.0,1.0,1.0,1.0,1.0,103,0.9999999999999998,1.0000000000000002,1.0,1.0,1.0,103,1.0,1.5,1.0258899676375404,1.0,1.316666666666665,103,0.9999999999999998,2.256434004535737,1.0495930250481398,1.0,1.4552294240385921,103,552.0,0.0,0.0,419.0,133.0,103.0,30.0,0.0,14.0,0.0,0.0,16.0,0.7744360902255639,8.0,0.07766990291262135,124.0,103.0,0.8306451612903226,0.0,0.0,0.0,0.0,21.0,0.1693548387096774,0.0,0.0,0.0,0.0,0.0,0.0,0.0,58.64376202225685
93,5580000000000,2.0,14.0,2.8917378917378915,2.0,8.0,351,2.0,9.0,5.592592592592593,5.0,8.0,351,15.0,22.0,18.40740740740741,19.0,22.0,351,2.0,7.0,2.4985754985754984,2.0,4.0,351,0.0,44.0,26.992125984251967,32.0,44.0,127,0.0,104.0,50.14173228346457,56.0,104.0,127,1.0,1.0,1.0,1.0,1.0,127,0.9999999999999998,1.0,1.0,1.0,1.0,127,1.0,1.0,1.0,1.0,1.0,127,0.9999999999999998,1.0,1.0,1.0,1.0,127,552.0,0.0,0.0,425.0,127.0,127.0,0.0,0.0,0.0,0.0,0.0,0.0,1.0,0.0,0.0,127.0,127.0,1.0,0.0,0.0,0.0,0.0,0.0,0.0,0.0,0.0,0.0,0.0,0.0,0.0,0.0,100.75966827571392
94,5640000000000,2.0,14.0,2.8632478632478633,2.0,8.0,351,2.0,9.0,5.547008547008547,5.0,8.0,351,15.0,22.0,18.45299145299145,19.0,22.0,351,2.0,6.0,2.4871794871794872,2.0,4.0,351,0.0,44.0,26.59016393442623,32.0,44.0,122,0.0,104.0,49.704918032786885,56.0,104.0,122,1.0,1.0,1.0,1.0,1.0,116,0.9999999999999998,1.0000000000000002,1.0,1.0,1.0,116,1.0,1.25,1.0043103448275863,1.0,1.0,116,0.9999999999999998,1.2967348091099864,1.0051592808402907,1.0,1.0000000000000002,116,552.0,0.0,0.0,433.0,119.0,116.0,3.0,0.0,2.0,0.0,0.0,1.0,0.9747899159663865,4.0,0.034482758620689655,122.0,116.0,0.9508196721311475,0.0,0.0,0.0,0.0,6.0,0.04918032786885246,0.0,0.0,0.0,0.0,0.0,0.0,0.0,48.60473610460758
95,5700000000000,2.0,14.0,2.8803418803418803,2.0,7.5,351,2.0,9.0,5.472934472934473,5.0,8.0,351,15.0,22.0,18.527065527065528,19.0,22.0,351,2.0,7.0,2.4957264957264957,2.0,4.0,351,0.0,44.0,26.496,32.0,44.0,125,0.0,104.0,50.112,56.0,104.0,125,1.0,1.0,1.0,1.0,1.0,101,0.9999999999999998,1.0000000000000002,1.0,1.0,1.0,101,1.0,1.25,1.0140264026402641,1.0,1.1666666666666667,101,0.9999999999999998,1.3765828276349499,1.0188794967915071,1.0,1.1735903233454865,101,552.0,0.0,0.0,431.0,121.0,101.0,20.0,0.0,3.0,0.0,0.0,17.0,0.8347107438016529,6.0,0.0594059405940594,125.0,101.0,0.808,0.0,0.0,0.0,0.0,24.0,0.192,0.0,0.0,0.0,0.0,0.0,0.0,0.0,44.12342607975006
96,5760000000000,2.0,14.0,2.883190883190883,2.0,7.0,351,2.0,8.0,5.62962962962963,6.0,8.0,351,16.0,22.0,18.37037037037037,18.0,22.0,351,2.0,7.0,2.5014245014245016,2.0,4.0,351,0.0,44.0,26.75409836065574,28.0,44.0,122,0.0,104.0,48.59016393442623,40.0,104.0,122,1.0,1.0,1.0,1.0,1.0,122,0.9999999999999998,1.0,1.0,1.0,1.0,122,1.0,1.0,1.0,1.0,1.0,122,0.9999999999999998,1.0,1.0,1.0,1.0,122,552.0,0.0,0.0,430.0,122.0,122.0,0.0,0.0,0.0,0.0,0.0,0.0,1.0,0.0,0.0,122.0,122.0,1.0,0.0,0.0,0.0,0.0,0.0,0.0,0.0,0.0,0.0,0.0,0.0,0.0,0.0,186.16011179983616
97,5820000000000,2.0,15.0,2.8603988603988606,2.0,7.0,351,2.0,8.0,5.564102564102564,6.0,8.0,351,16.0,22.0,18.435897435897434,18.0,22.0,351,2.0,7.0,2.4957264957264957,2.0,4.0,351,0.0,44.0,26.764227642276424,28.0,44.0,123,0.0,104.0,49.10569105691057,40.0,104.0,123,1.0,1.0,1.0,1.0,1.0,114,0.9999999999999998,1.0000000000000002,1.0,1.0,1.0,114,1.0,1.5,1.0095029239766082,1.0,1.0,114,0.9999999999999998,2.081437500500593,1.0162285055023783,1.0,1.0,114,552.0,0.0,0.0,429.0,123.0,114.0,9.0,0.0,5.0,0.0,0.0,4.0,0.926829268292683,3.0,0.02631578947368421,123.0,114.0,0.926829268292683,0.0,0.0,0.0,0.0,9.0,0.07317073170731707,0.0,0.0,0.0,0.0,0.0,0.0,0.0,43.14139112830162
98,5880000000000,2.0,14.0,2.9401709401709404,2.0,9.0,351,1.0,8.0,5.50997150997151,6.0,8.0,351,16.0,23.0,18.49002849002849,18.0,22.0,351,2.0,7.0,2.5014245014245016,2.0,4.0,351,0.0,44.0,26.8,28.0,44.0,130,0.0,104.0,48.49230769230769,40.0,104.0,130,1.0,1.0,1.0,1.0,1.0,111,0.9999999999999998,1.0000000000000002,1.0,1.0,1.0000000000000002,111,1.0,1.5,1.0241741741741741,1.0,1.2,111,0.9999999999999998,2.4430400355307196,1.0439719350557994,1.0,1.2413715032502566,111,552.0,0.0,0.0,426.0,126.0,111.0,15.0,0.0,7.0,0.0,0.0,8.0,0.8809523809523809,9.0,0.08108108108108109,130.0,111.0,0.8538461538461538,0.0,0.0,0.0,0.0,19.0,0.14615384615384616,0.0,0.0,0.0,0.0,0.0,0.0,0.0,47.62733355164528
99,5940000000000,2.0,15.0,2.8632478632478633,2.0,7.0,351,2.0,9.0,5.481481481481482,5.0,8.0,351,15.0,22.0,18.51851851851852,19.0,22.0,351,2.0,7.0,2.4786324786324787,2.0,4.0,351,0.0,44.0,25.555555555555557,28.0,44.0,126,0.0,104.0,45.07936507936508,40.0,104.0,126,1.0,1.0,1.0,1.0,1.0,126,0.9999999999999998,1.0000000000000002,1.0,1.0,1.0,126,1.0,1.0,1.0,1.0,1.0,126,0.9999999999999998,1.0000000000000002,1.0,1.0,1.0,126,552.0,0.0,0.0,426.0,126.0,126.0,0.0,0.0,0.0,0.0,0.0,0.0,1.0,0.0,0.0,126.0,126.0,1.0,0.0,0.0,0.0,0.0,0.0,0.0,0.0,0.0,0.0,0.0,0.0,0.0,0.0,98.95637258887291
100,6000000000000,2.0,15.0,2.8974358974358974,2.0,8.0,351,1.0,9.0,5.427350427350428,5.0,8.0,351,15.0,23.0,18.572649572649574,19.0,22.0,351,2.0,7.0,2.4985754985754984,2.0,4.0,351,0.0,44.0,26.666666666666668,28.0,44.0,132,0.0,104.0,48.303030303030305,40.0,104.0,132,1.0,1.0,1.0,1.0,1.0,122,1.0,1.0000000000000002,1.0,1.0,1.0,122,1.0,1.5,1.008879781420765,1.0,1.0,122,1.0,1.9818364184301032,1.0147687850755456,1.0,1.0,122,552.0,0.0,0.0,416.0,136.0,122.0,14.0,0.0,6.0,0.0,0.0,8.0,0.8970588235294118,4.0,0.03278688524590164,132.0,122.0,0.9242424242424242,0.0,0.0,0.0,0.0,10.0,0.07575757575757576,0.0,0.0,0.0,0.0,0.0,0.0,0.0,43.07178035378456
101,6060000000000,2.0,15.0,2.9344729344729346,2.0,8.5,351,1.0,9.0,5.37037037037037,5.0,8.0,351,15.0,23.0,18.62962962962963,19.0,22.0,351,2.0,7.0,2.4957264957264957,2.0,4.0,351,0.0,44.0,26.984615384615385,32.0,44.0,130,0.0,104.0,49.784615384615385,56.0,104.0,130,1.0,1.0,1.0,1.0,1.0,107,0.9999999999999998,1.0000000000000002,1.0,1.0,1.0,107,1.0,1.5,1.0265687583444594,1.0,1.2349999999999994,107,0.9999999999999998,2.392183306503346,1.0476750659534046,1.0,1.2751508509942624,107,552.0,0.0,0.0,424.0,128.0,107.0,21.0,0.0,7.0,0.0,0.0,14.0,0.8359375,10.0,0.09345794392523364,130.0,107.0,0.823076923076923,0.0,0.0,0.0,0.0,23.0,0.17692307692307693,0.0,0.0,0.0,0.0,0.0,0.0,0.0,42.317114770412445
102,6120000000000,2.0,14.0,2.8774928774928776,2.0,8.0,351,2.0,9.0,5.592592592592593,6.0,9.0,351,15.0,22.0,18.40740740740741,18.0,22.0,351,2.0,7.0,2.492877492877493,2.0,4.0,351,0.0,44.0,26.085470085470085,32.0,44.0,117,0.0,104.0,47.72649572649573,56.0,104.0,117,1.0,1.0,1.0,1.0,1.0,117,0.9999999999999999,1.0000000000000002,1.0,1.0,1.0,117,1.0,1.0,1.0,1.0,1.0,117,0.9999999999999999,1.0000000000000002,1.0,1.0,1.0,117,552.0,0.0,0.0,435.0,117.0,117.0,0.0,0.0,0.0,0.0,0.0,0.0,1.0,0.0,0.0,117.0,117.0,1.0,0.0,0.0,0.0,0.0,0.0,0.0,0.0,0.0,0.0,0.0,0.0,0.0,0.0,127.87013687193394
103,6180000000000,2.0,14.0,2.8774928774928776,2.0,8.0,351,1.0,9.0,5.52991452991453,5.0,9.0,351,15.0,23.0,18.47008547008547,19.0,22.0,351,2.0,7.0,2.4957264957264957,2.0,4.0,351,0.0,44.0,25.896551724137932,28.0,44.0,116,0.0,104.0,47.10344827586207,40.0,104.0,116,1.0,1.0,1.0,1.0,1.0,105,0.9999999999999998,1.0000000000000002,1.0,1.0,1.0000000000000002,105,1.0,1.25,1.003968253968254,1.0,1.0,105,0.9999999999999998,1.3379274205573595,1.0048665008367064,1.0,1.0000000000000002,105,552.0,0.0,0.0,435.0,117.0,105.0,12.0,0.0,7.0,0.0,0.0,5.0,0.8974358974358975,2.0,0.01904761904761905,116.0,105.0,0.9051724137931034,0.0,0.0,0.0,0.0,11.0,0.09482758620689655,0.0,0.0,0.0,0.0,0.0,0.0,0.0,41.568174958229065
104,6240000000000,2.0,15.0,2.849002849002849,2.0,8.0,351,1.0,9.0,5.47008547008547,5.0,9.0,351,15.0,23.0,18.52991452991453,19.0,22.0,351,2.0,7.0,2.4985754985754984,2.0,4.0,351,0.0,44.0,26.357142857142858,28.0,44.0,112,0.0,104.0,46.92857142857143,40.0,104.0,112,1.0,1.0,1.0,1.0,1.0,86,0.9999999999999998,1.0000000000000002,1.0,1.0,1.0,86,1.0,1.5,1.0300387596899225,1.0,1.2291666666666667,86,0.9999999999999998,2.1946080014306943,1.0571397067396684,1.0,1.2701231222640328,86,552.0,0.0,0.0,441.0,111.0,86.0,25.0,0.0,15.0,0.0,0.0,10.0,0.7747747747747747,11.0,0.12790697674418605,112.0,86.0,0.7678571428571429,0.0,0.0,0.0,0.0,26.0,0.23214285714285715,0.0,0.0,0.0,0.0,0.0,0.0,0.0,114.74824324250221
105,6300000000000,2.0,14.0,2.868945868945869,2.0,7.0,351,1.0,10.0,5.666666666666667,6.0,8.0,351,14.0,23.0,18.333333333333332,18.0,21.0,351,2.0,7.0,2.5014245014245016,2.0,4.0,351,0.0,44.0,26.271186440677965,28.0,44.0,118,0.0,104.0,48.94915254237288,40.0,104.0,118,1.0,1.0,1.0,1.0,1.0,118,0.9999999999999997,1.0,1.0,1.0,1.0,118,1.0,1.0,1.0,1.0,1.0,118,0.9999999999999997,1.0,1.0,1.0,1.0,118,552.0,0.0,0.0,434.0,118.0,118.0,0.0,0.0,0.0,0.0,0.0,0.0,1.0,0.0,0.0,118.0,118.0,1.0,0.0,0.0,0.0,0.0,0.0,0.0,0.0,0.0,0.0,0.0,0.0,0.0,0.0,99.15572591125965
106,6360000000000,2.0,14.0,2.9401709401709404,2.0,9.0,351,1.0,10.0,5.618233618233618,6.0,8.0,351,14.0,23.0,18.381766381766383,18.0,21.0,351,2.0,7.0,2.5014245014245016,2.0,4.0,351,0.0,44.0,26.553846153846155,28.0,44.0,130,0.0,104.0,48.06153846153846,40.0,104.0,130,1.0,1.0,1.0,1.0,1.0,122,1.0,1.0000000000000002,1.0,1.0,1.0,122,1.0,1.5,1.0172131147540984,1.0,1.1583333333333314,122,1.0,1.9938162587298256,1.0269651461240599,1.0,1.1872051677795845,122,552.0,0.0,0.0,423.0,129.0,122.0,7.0,0.0,4.0,0.0,0.0,3.0,0.9457364341085271,7.0,0.05737704918032787,130.0,122.0,0.9384615384615385,0.0,0.0,0.0,0.0,8.0,0.06153846153846154,0.0,0.0,0.0,0.0,0.0,0.0,0.0,44.06251385807991
107,6420000000000,2.0,14.0,2.925925925925926,2.0,9.5,351,1.0,10.0,5.552706552706553,6.0,8.0,351,14.0,23.0,18.447293447293447,18.0,21.0,351,2.0,7.0,2.49002849002849,2.0,4.0,351,0.0,44.0,27.53103448275862,32.0,44.0,145,0.0,104.0,50.04137931034483,56.0,104.0,145,1.0,1.0,1.0,1.0,1.0,114,0.9999999999999998,1.0000000000000002,1.0,1.0,1.0,114,1.0,1.5,1.0264828738512948,1.0,1.25,114,0.9999999999999998,2.1940694013196462,1.0410366338221588,1.0,1.3277612145264766,114,552.0,0.0,0.0,412.0,140.0,114.0,26.0,0.0,6.0,0.0,0.0,20.0,0.8142857142857143,12.0,0.10526315789473684,145.0,114.0,0.7862068965517242,0.0,0.0,0.0,0.0,31.0,0.21379310344827587,0.0,0.0,0.0,0.0,0.0,0.0,0.0,44.25743781030178
108,6480000000000,2.0,13.0,2.8746438746438745,2.0,8.0,351,1.0,10.0,5.481481481481482,5.0,8.0,351,14.0,23.0,18.51851851851852,19.0,22.0,351,2.0,6.0,2.49002849002849,2.0,4.0,351,0.0,44.0,26.504065040650406,28.0,44.0,123,0.0,104.0,48.0650406504065,40.0,104.0,123,1.0,1.0,1.0,1.0,1.0,123,0.9999999999999998,1.0000000000000002,1.0,1.0,1.0000000000000002,123,1.0,1.0,1.0,1.0,1.0,123,0.9999999999999998,1.0000000000000002,1.0,1.0,1.0000000000000002,123,552.0,0.0,0.0,429.0,123.0,123.0,0.0,0.0,0.0,0.0,0.0,0.0,1.0,0.0,0.0,123.0,123.0,1.0,0.0,0.0,0.0,0.0,0.0,0.0,0.0,0.0,0.0,0.0,0.0,0.0,0.0,96.9846136868
109,6540000000000,2.0,14.0,2.9173789173789175,2.0,9.0,351,0.0,10.0,5.427350427350428,5.0,8.0,351,14.0,24.0,18.572649572649574,19.0,22.0,351,2.0,7.0,2.49002849002849,2.0,4.0,351,0.0,44.0,27.174603174603174,32.0,44.0,126,0.0,104.0,49.84126984126984,56.0,104.0,126,1.0,1.0,1.0,1.0,1.0,116,0.9999999999999998,1.0000000000000002,1.0,1.0,1.0,116,1.0,1.5,1.0094211822660097,1.0,1.0,116,0.9999999999999998,1.9419540536294093,1.0140089518783293,1.0,1.0000000000000002,116,552.0,0.0,0.0,425.0,127.0,116.0,11.0,0.0,7.0,0.0,0.0,4.0,0.9133858267716536,5.0,0.04310344827586207,126.0,116.0,0.9206349206349206,0.0,0.0,0.0,0.0,10.0,0.07936507936507936,0.0,0.0,0.0,0.0,0.0,0.0,0.0,43.441567569971085
110,6600000000000,2.0,15.0,2.8632478632478633,2.0,8.0,351,0.0,10.0,5.367521367521367,5.0,8.0,351,14.0,24.0,18.632478632478634,19.0,22.0,351,2.0,7.0,2.49002849002849,2.0,4.0,351,0.0,44.0,27.40983606557377,32.0,44.0,122,0.0,104.0,50.032786885245905,56.0,104.0,122,1.0,1.0,1.0,1.0,1.0,102,0.9999999999999999,1.0000000000000002,1.0,1.0,1.0000000000000002,102,1.0,1.5,1.0237861811391222,1.0,1.2474999999999994,102,0.9999999999999999,2.3386542313289396,1.0437538399532222,1.0,1.284266035703815,102,552.0,0.0,0.0,434.0,118.0,102.0,16.0,0.0,7.0,0.0,0.0,9.0,0.864406779661017,9.0,0.08823529411764706,122.0,102.0,0.8360655737704918,0.0,0.0,0.0,0.0,20.0,0.16393442622950818,0.0,0.0,0.0,0.0,0.0,0.0,0.0,44.22447271645069
111,6660000000000,2.0,15.0,2.8774928774928776,2.0,8.0,351,1.0,10.0,5.555555555555555,6.0,8.0,351,14.0,23.0,18.444444444444443,18.0,21.0,351,2.0,7.0,2.492877492877493,2.0,4.0,351,0.0,44.0,26.52991452991453,28.0,44.0,117,0.0,104.0,48.888888888888886,40.0,104.0,117,1.0,1.0,1.0,1.0,1.0,117,0.9999999999999999,1.0000000000000002,1.0,1.0,1.0,117,1.0,1.0,1.0,1.0,1.0,117,0.9999999999999999,1.0000000000000002,1.0,1.0,1.0,117,552.0,0.0,0.0,435.0,117.0,117.0,0.0,0.0,0.0,0.0,0.0,0.0,1.0,0.0,0.0,117.0,117.0,1.0,0.0,0.0,0.0,0.0,0.0,0.0,0.0,0.0,0.0,0.0,0.0,0.0,0.0,181.35768547654152
112,6720000000000,2.0,15.0,2.886039886039886,2.0,7.5,351,1.0,10.0,5.518518518518518,6.0,8.0,351,14.0,23.0,18.48148148148148,18.0,21.0,351,2.0,7.0,2.507122507122507,2.0,4.0,351,0.0,44.0,26.156521739130437,28.0,44.0,115,0.0,104.0,47.65217391304348,40.0,104.0,115,1.0,1.0,1.0,1.0,1.0,111,0.9999999999999999,1.0000000000000002,1.0,1.0,1.0,111,1.0,1.5,1.015015015015015,1.0,1.0,111,1.0,2.0250465729288387,1.0270822489571265,1.0,1.011980294574324,111,552.0,0.0,0.0,436.0,116.0,111.0,5.0,0.0,2.0,0.0,0.0,3.0,0.9568965517241379,9.0,0.08108108108108109,115.0,111.0,0.9652173913043478,0.0,0.0,0.0,0.0,4.0,0.034782608695652174,0.0,0.0,0.0,0.0,0.0,0.0,0.0,52.56796255707741
113,6780000000000,2.0,14.0,2.8603988603988606,2.0,8.0,351,1.0,10.0,5.433048433048433,5.0,8.0,351,14.0,23.0,18.566951566951566,19.0,21.0,351,2.0,8.0,2.49002849002849,2.0,4.0,351,0.0,44.0,26.352941176470587,28.0,44.0,119,0.0,104.0,47.9327731092437,40.0,104.0,119,1.0,1.0,1.0,1.0,1.0,94,0.9999999999999997,1.0000000000000002,1.0,1.0,1.0,94,1.0,1.5,1.022163120567376,1.0,1.25,94,0.9999999999999997,2.455548368142297,1.0427733533394619,1.0,1.282666276543679,94,552.0,0.0,0.0,437.0,115.0,94.0,21.0,0.0,5.0,0.0,0.0,16.0,0.8173913043478261,7.0,0.07446808510638298,119.0,94.0,0.7899159663865546,0.0,0.0,0.0,0.0,25.0,0.21008403361344538,0.0,0.0,0.0,0.0,0.0,0.0,0.0,41.97482950985432
114,6840000000000,2.0,14.0,2.8917378917378915,2.0,8.0,351,1.0,10.0,5.481481481481482,6.0,8.0,351,14.0,23.0,18.51851851851852,18.0,22.0,351,2.0,7.0,2.4985754985754984,2.0,4.0,351,0.0,44.0,27.00729927007299,32.0,44.0,137,0.0,104.0,50.21897810218978,56.0,104.0,137,1.0,1.0,1.0,1.0,1.0,137,0.9999999999999999,1.0,1.0,1.0,1.0,137,1.0,1.0,1.0,1.0,1.0,137,0.9999999999999999,1.0,1.0,1.0,1.0,137,552.0,0.0,0.0,415.0,137.0,137.0,0.0,0.0,0.0,0.0,0.0,0.0,1.0,0.0,0.0,137.0,137.0,1.0,0.0,0.0,0.0,0.0,0.0,0.0,0.0,0.0,0.0,0.0,0.0,0.0,0.0,102.06592082977295
115,6900000000000,2.0,15.0,2.9002849002849005,2.0,9.5,351,1.0,10.0,5.413105413105413,6.0,8.0,351,14.0,23.0,18.586894586894587,18.0,22.0,351,2.0,6.0,2.4814814814814814,2.0,4.0,351,0.0,44.0,26.56115107913669,32.0,44.0,139,0.0,104.0,49.26618705035971,56.0,104.0,139,1.0,1.0,1.0,1.0,1.0,125,0.9999999999999998,1.0000000000000002,1.0,1.0,1.0,125,1.0,1.3333333333333333,1.0099999999999998,1.0,1.0,125,0.9999999999999998,1.4701437295214739,1.013899882303013,1.0,1.0022449093480632,125,552.0,0.0,0.0,413.0,139.0,125.0,14.0,0.0,4.0,0.0,0.0,10.0,0.8992805755395683,7.0,0.056,139.0,125.0,0.8992805755395683,0.0,0.0,0.0,0.0,14.0,0.10071942446043165,0.0,0.0,0.0,0.0,0.0,0.0,0.0,63.98135609924793
116,6960000000000,2.0,15.0,2.8746438746438745,2.0,8.0,351,1.0,10.0,5.353276353276353,6.0,8.0,351,14.0,23.0,18.646723646723647,18.0,22.0,351,2.0,6.0,2.492877492877493,2.0,4.0,351,0.0,44.0,26.181818181818183,28.0,44.0,121,0.0,104.0,48.19834710743802,40.0,104.0,121,1.0,1.0,1.0,1.0,1.0,90,0.9999999999999998,1.0000000000000002,1.0,1.0,1.0,90,1.0,1.5,1.0367724867724868,1.0,1.3333333333333333,90,0.9999999999999998,2.2108105854808473,1.0662411505333016,1.0,1.5340689257718771,90,552.0,0.0,0.0,430.0,122.0,90.0,32.0,0.0,9.0,0.0,0.0,23.0,0.7377049180327869,11.0,0.12222222222222222,121.0,90.0,0.743801652892562,0.0,0.0,0.0,0.0,31.0,0.256198347107438,0.0,0.0,0.0,0.0,0.0,0.0,0.0,39.78313319385052
117,7020000000000,2.0,15.0,2.8917378917378915,2.0,8.0,351,1.0,10.0,5.518518518518518,5.0,8.0,351,14.0,23.0,18.48148148148148,19.0,21.0,351,2.0,6.0,2.492877492877493,2.0,4.0,351,0.0,44.0,26.5625,30.0,44.0,128,0.0,104.0,48.875,48.0,104.0,128,1.0,1.0,1.0,1.0,1.0,128,0.9999999999999998,1.0000000000000002,1.0,1.0,1.0,128,1.0,1.0,1.0,1.0,1.0,128,0.9999999999999998,1.0000000000000002,1.0,1.0,1.0,128,552.0,0.0,0.0,424.0,128.0,128.0,0.0,0.0,0.0,0.0,0.0,0.0,1.0,0.0,0.0,128.0,128.0,1.0,0.0,0.0,0.0,0.0,0.0,0.0,0.0,0.0,0.0,0.0,0.0,0.0,0.0,90.92880226671696
118,7080000000000,2.0,15.0,2.8547008547008548,2.0,8.0,351,1.0,10.0,5.447293447293447,5.0,8.0,351,14.0,23.0,18.552706552706553,19.0,21.0,351,2.0,7.0,2.4871794871794872,2.0,4.0,351,0.0,44.0,26.633333333333333,28.0,44.0,120,0.0,104.0,48.93333333333333,40.0,104.0,120,1.0,1.0,1.0,1.0,1.0,109,0.9999999999999998,1.0000000000000002,1.0,1.0,1.0,109,1.0,1.3333333333333333,1.0112494539100043,1.0,1.0,109,0.9999999999999998,1.4599272888938883,1.0134519284413235,1.0,1.0000000000000002,109,552.0,0.0,0.0,431.0,121.0,109.0,12.0,0.0,7.0,0.0,0.0,5.0,0.9008264462809917,5.0,0.045871559633027525,120.0,109.0,0.9083333333333333,0.0,0.0,0.0,0.0,11.0,0.09166666666666666,0.0,0.0,0.0,0.0,0.0,0.0,0.0,106.00869171321392
119,7140000000000,2.0,15.0,2.8376068376068377,2.0,7.0,351,1.0,10.0,5.3931623931623935,5.0,8.0,351,14.0,23.0,18.60683760683761,19.0,21.0,351,2.0,7.0,2.49002849002849,2.0,4.0,351,0.0,44.0,27.133333333333333,32.0,44.0,120,0.0,104.0,49.733333333333334,56.0,104.0,120,1.0,1.0,1.0,1.0,1.0,95,0.9999999999999998,1.0000000000000004,1.0,1.0,1.0000000000000002,95,1.0,1.3333333333333333,1.0105263157894737,1.0,1.0,95,0.9999999999999998,1.5989021706618212,1.0157738811832844,1.0,1.0000000000000002,95,552.0,0.0,0.0,431.0,121.0,95.0,26.0,0.0,8.0,0.0,0.0,18.0,0.7851239669421488,4.0,0.042105263157894736,120.0,95.0,0.7916666666666666,0.0,0.0,0.0,0.0,25.0,0.20833333333333334,0.0,0.0,0.0,0.0,0.0,0.0,0.0,39.366114884614944
120,7200000000000,2.0,15.0,2.871794871794872,2.0,7.5,351,1.0,10.0,5.407407407407407,6.0,9.0,351,14.0,23.0,18.59259259259259,18.0,21.0,351,2.0,7.0,2.4871794871794872,2.0,4.0,351,0.0,44.0,26.837606837606838,28.0,44.0,117,0.0,104.0,49.504273504273506,40.0,104.0,117,1.0,1.0,1.0,1.0,1.0,117,0.9999999999999998,1.0000000000000002,1.0,1.0,1.0,117,1.0,1.0,1.0,1.0,1.0,117,0.9999999999999998,1.0000000000000002,1.0,1.0,1.0,117,552.0,0.0,0.0,435.0,117.0,117.0,0.0,0.0,0.0,0.0,0.0,0.0,1.0,0.0,0.0,117.0,117.0,1.0,0.0,0.0,0.0,0.0,0.0,0.0,0.0,0.0,0.0,0.0,0.0,0.0,0.0,98.30060042440891
121,7260000000000,2.0,14.0,2.8575498575498575,2.0,7.5,351,1.0,10.0,5.35042735042735,5.0,9.0,351,14.0,23.0,18.64957264957265,19.0,21.0,351,2.0,8.0,2.4957264957264957,2.0,4.0,351,0.0,44.0,26.956521739130434,28.0,44.0,115,0.0,104.0,49.6,40.0,104.0,115,1.0,1.0,1.0,1.0,1.0,108,0.9999999999999998,1.0000000000000002,1.0,1.0,1.0,108,1.0,1.3333333333333333,1.0077160493827162,1.0,1.0,108,0.9999999999999998,1.4943154427441931,1.0107940205018802,1.0,1.0,108,552.0,0.0,0.0,437.0,115.0,108.0,7.0,0.0,2.0,0.0,0.0,5.0,0.9391304347826087,4.0,0.037037037037037035,115.0,108.0,0.9391304347826087,0.0,0.0,0.0,0.0,7.0,0.06086956521739131,0.0,0.0,0.0,0.0,0.0,0.0,0.0,45.432161539793015
122,7320000000000,2.0,14.0,2.8917378917378915,2.0,8.0,351,1.0,10.0,5.296296296296297,5.0,9.0,351,14.0,23.0,18.703703703703702,19.0,21.0,351,2.0,7.0,2.492877492877493,2.0,4.0,351,0.0,44.0,28.2,32.0,44.0,140,0.0,104.0,52.114285714285714,56.0,104.0,140,1.0,1.0,1.0,1.0,1.0,117,0.9999999999999998,1.0000000000000002,1.0,1.0,1.0,117,1.0,1.5,1.0296296296296295,1.0,1.25,117,0.9999999999999998,2.1053458486196805,1.049389725882972,1.0,1.3103770557789027,117,552.0,0.0,0.0,416.0,136.0,117.0,19.0,0.0,4.0,0.0,0.0,15.0,0.8602941176470589,11.0,0.09401709401709402,140.0,117.0,0.8357142857142857,0.0,0.0,0.0,0.0,23.0,0.16428571428571428,0.0,0.0,0.0,0.0,0.0,0.0,0.0,42.18282178044319
123,7380000000000,2.0,15.0,2.9173789173789175,2.0,8.5,351,1.0,10.0,5.555555555555555,6.0,8.0,351,14.0,23.0,18.444444444444443,18.0,21.0,351,2.0,6.0,2.4957264957264957,2.0,4.0,351,0.0,44.0,27.366906474820144,32.0,44.0,139,0.0,104.0,50.935251798561154,56.0,104.0,139,1.0,1.0,1.0,1.0,1.0,139,0.9999999999999999,1.0000000000000002,1.0,1.0,1.0000000000000002,139,1.0,1.0,1.0,1.0,1.0,139,0.9999999999999999,1.0000000000000002,1.0,1.0,1.0000000000000002,139,552.0,0.0,0.0,413.0,139.0,139.0,0.0,0.0,0.0,0.0,0.0,0.0,1.0,0.0,0.0,139.0,139.0,1.0,0.0,0.0,0.0,0.0,0.0,0.0,0.0,0.0,0.0,0.0,0.0,0.0,0.0,100.08988529443741
124,7440000000000,2.0,15.0,2.883190883190883,2.0,7.5,351,1.0,10.0,5.492877492877493,6.0,8.0,351,14.0,23.0,18.507122507122507,18.0,21.0,351,2.0,6.0,2.49002849002849,2.0,4.0,351,0.0,44.0,26.571428571428573,28.0,44.0,126,0.0,104.0,48.57142857142857,40.0,104.0,126,1.0,1.0,1.0,1.0,1.0,114,0.9999999999999999,1.0000000000000002,1.0,1.0,1.0,114,1.0,1.5,1.013888888888889,1.0,1.0,114,0.9999999999999999,2.0579107907112384,1.024405485150618,1.0,1.0,114,552.0,0.0,0.0,428.0,124.0,114.0,10.0,0.0,5.0,0.0,0.0,5.0,0.9193548387096774,5.0,0.043859649122807015,126.0,114.0,0.9047619047619048,0.0,0.0,0.0,0.0,12.0,0.09523809523809523,0.0,0.0,0.0,0.0,0.0,0.0,0.0,41.54271259903908
125,7500000000000,2.0,15.0,2.903133903133903,2.0,8.0,351,0.0,10.0,5.4415954415954415,5.0,8.0,351,14.0,24.0,18.558404558404558,19.0,21.0,351,2.0,6.0,2.4985754985754984,2.0,4.0,351,0.0,44.0,26.246153846153845,30.0,44.0,130,0.0,104.0,48.49230769230769,48.0,104.0,130,1.0,1.0,1.0,1.0,1.0,109,1.0,1.0000000000000002,1.0,1.0,1.0000000000000002,109,1.0,1.5,1.0168195718654434,1.0,1.0,109,1.0,2.398352043596706,1.0366003788691132,1.0,1.012135438579941,109,552.0,0.0,0.0,419.0,133.0,109.0,24.0,0.0,11.0,0.0,0.0,13.0,0.8195488721804511,6.0,0.05504587155963303,130.0,109.0,0.8384615384615385,0.0,0.0,0.0,0.0,21.0,0.16153846153846155,0.0,0.0,0.0,0.0,0.0,0.0,0.0,43.364547193050385
126,7560000000000,2.0,16.0,2.8603988603988606,2.0,7.5,351,1.0,10.0,5.62962962962963,5.0,9.0,351,14.0,23.0,18.37037037037037,19.0,21.0,351,2.0,8.0,2.49002849002849,2.0,4.0,351,0.0,44.0,25.322834645669293,28.0,44.0,127,0.0,104.0,45.732283464566926,40.0,104.0,127,1.0,1.0,1.0,1.0,1.0,127,1.0,1.0,1.0,1.0,1.0,127,1.0,1.0,1.0,1.0,1.0,127,1.0,1.0,1.0,1.0,1.0,127,552.0,0.0,0.0,425.0,127.0,127.0,0.0,0.0,0.0,0.0,0.0,0.0,1.0,0.0,0.0,127.0,127.0,1.0,0.0,0.0,0.0,0.0,0.0,0.0,0.0,0.0,0.0,0.0,0.0,0.0,0.0,157.73186646401882
127,7620000000000,2.0,16.0,2.8632478632478633,2.0,7.5,351,1.0,10.0,5.584045584045584,5.0,9.0,351,14.0,23.0,18.415954415954417,19.0,21.0,351,2.0,8.0,2.5014245014245016,2.0,4.0,351,0.0,44.0,25.76,28.0,44.0,125,0.0,104.0,47.168,40.0,104.0,125,1.0,1.0,1.0,1.0,1.0,122,0.9999999999999998,1.0000000000000002,1.0,1.0,1.0,122,1.0,1.1666666666666667,1.0027322404371586,1.0,1.0,122,0.9999999999999998,1.2093116821830232,1.0032882424091916,1.0,1.0,122,552.0,0.0,0.0,420.0,132.0,122.0,10.0,0.0,9.0,0.0,0.0,1.0,0.9242424242424242,3.0,0.02459016393442623,125.0,122.0,0.976,0.0,0.0,0.0,0.0,3.0,0.024,0.0,0.0,0.0,0.0,0.0,0.0,0.0,43.57421211898327
128,7680000000000,2.0,15.0,2.866096866096866,2.0,7.5,351,1.0,10.0,5.52991452991453,5.0,9.0,351,14.0,23.0,18.47008547008547,19.0,21.0,351,2.0,7.0,2.492877492877493,2.0,4.0,351,0.0,44.0,26.5,28.0,44.0,112,0.0,104.0,48.785714285714285,40.0,104.0,112,1.0,1.0,1.0,1.0,1.0,100,0.9999999999999998,1.0000000000000002,1.0,1.0,1.0,100,1.0,1.3333333333333333,1.0066666666666666,1.0,1.0,100,0.9999999999999998,1.5028624796870127,1.0100267288338325,1.0,1.01058748203828,100,552.0,0.0,0.0,439.0,113.0,100.0,13.0,0.0,8.0,0.0,0.0,5.0,0.8849557522123894,9.0,0.09,112.0,100.0,0.8928571428571429,0.0,0.0,0.0,0.0,12.0,0.10714285714285714,0.0,0.0,0.0,0.0,0.0,0.0,0.0,48.47111739218235
129,7740000000000,2.0,15.0,2.8632478632478633,2.0,7.5,351,1.0,10.0,5.444444444444445,6.0,8.0,351,14.0,23.0,18.555555555555557,18.0,21.0,351,2.0,8.0,2.49002849002849,2.0,4.0,351,0.0,44.0,26.776859504132233,28.0,44.0,121,0.0,104.0,49.388429752066116,40.0,104.0,121,1.0,1.0,1.0,1.0,1.0,121,0.9999999999999998,1.0,1.0,1.0,1.0,121,1.0,1.0,1.0,1.0,1.0,121,0.9999999999999998,1.0,1.0,1.0,1.0,121,552.0,0.0,0.0,431.0,121.0,121.0,0.0,0.0,0.0,0.0,0.0,0.0,1.0,0.0,0.0,121.0,121.0,1.0,0.0,0.0,0.0,0.0,0.0,0.0,0.0,0.0,0.0,0.0,0.0,0.0,0.0,102.43585705757141
130,7800000000000,2.0,14.0,2.8803418803418803,2.0,8.0,351,1.0,10.0,5.378917378917379,6.0,8.0,351,14.0,23.0,18.62108262108262,18.0,21.0,351,2.0,7.0,2.492877492877493,2.0,4.0,351,0.0,44.0,27.235294117647058,32.0,44.0,136,0.0,104.0,50.705882352941174,56.0,104.0,136,1.0,1.0,1.0,1.0,1.0,118,1.0,1.0000000000000002,1.0,1.0,1.0,118,1.0,1.5,1.022316384180791,1.0,1.2,118,1.0,2.0473900422569473,1.0346324784416836,1.0,1.237932795285957,118,552.0,0.0,0.0,423.0,129.0,118.0,11.0,0.0,5.0,0.0,0.0,6.0,0.9147286821705426,9.0,0.07627118644067797,136.0,118.0,0.8676470588235294,0.0,0.0,0.0,0.0,18.0,0.1323529411764706,0.0,0.0,0.0,0.0,0.0,0.0,0.0,45.69624364376068
131,7860000000000,2.0,15.0,2.9173789173789175,2.0,8.0,351,1.0,10.0,5.321937321937322,5.0,8.0,351,14.0,23.0,18.678062678062677,19.0,21.0,351,2.0,7.0,2.507122507122507,2.0,4.0,351,0.0,44.0,27.194444444444443,32.0,44.0,144,0.0,104.0,50.77777777777778,56.0,104.0,144,1.0,1.0,1.0,1.0,1.0,120,0.9999999999999999,1.0000000000000002,1.0,1.0,1.0,120,1.0,1.5,1.0386111111111112,1.0,1.3333333333333333,120,0.9999999999999999,2.4525967458421754,1.0714602299420013,1.0,1.4638494863647586,120,552.0,0.0,0.0,414.0,138.0,120.0,18.0,0.0,8.0,0.0,0.0,10.0,0.8695652173913043,17.0,0.14166666666666666,144.0,120.0,0.8333333333333334,0.0,0.0,0.0,0.0,24.0,0.16666666666666666,0.0,0.0,0.0,0.0,0.0,0.0,0.0,48.54154959321022
132,7920000000000,2.0,15.0,2.905982905982906,2.0,8.0,351,2.0,10.0,5.666666666666667,6.0,9.0,351,14.0,22.0,18.333333333333332,18.0,21.0,351,2.0,6.0,2.5014245014245016,2.0,4.0,351,0.0,44.0,26.80916030534351,32.0,44.0,131,0.0,104.0,49.52671755725191,56.0,104.0,131,1.0,1.0,1.0,1.0,1.0,131,0.9999999999999998,1.0000000000000002,1.0,1.0,1.0,131,1.0,1.0,1.0,1.0,1.0,131,0.9999999999999998,1.0000000000000002,1.0,1.0,1.0,131,552.0,0.0,0.0,421.0,131.0,131.0,0.0,0.0,0.0,0.0,0.0,0.0,1.0,0.0,0.0,131.0,131.0,1.0,0.0,0.0,0.0,0.0,0.0,0.0,0.0,0.0,0.0,0.0,0.0,0.0,0.0,172.6316697895527
133,7980000000000,2.0,15.0,2.8917378917378915,2.0,8.0,351,1.0,10.0,5.598290598290598,6.0,9.0,351,14.0,23.0,18.4017094017094,18.0,21.0,351,2.0,6.0,2.49002849002849,2.0,4.0,351,0.0,44.0,27.29230769230769,30.0,44.0,130,0.0,104.0,49.90769230769231,48.0,104.0,130,1.0,1.0,1.0,1.0,1.0,115,0.9999999999999998,1.0000000000000002,1.0,1.0,1.0,115,1.0,1.5,1.008695652173913,1.0,1.0,115,0.9999999999999998,1.9979011533807065,1.0140565326083502,1.0,1.0,115,552.0,0.0,0.0,423.0,129.0,115.0,14.0,0.0,8.0,0.0,0.0,6.0,0.8914728682170543,4.0,0.034782608695652174,130.0,115.0,0.8846153846153846,0.0,0.0,0.0,0.0,15.0,0.11538461538461539,0.0,0.0,0.0,0.0,0.0,0.0,0.0,52.02658660709858
134,8040000000000,2.0,15.0,2.886039886039886,2.0,8.0,351,1.0,10.0,5.544159544159545,5.0,9.0,351,14.0,23.0,18.455840455840455,19.0,21.0,351,2.0,7.0,2.5042735042735043,2.0,4.0,351,0.0,44.0,26.601626016260163,28.0,44.0,123,0.0,104.0,47.86991869918699,40.0,104.0,123,1.0,1.0,1.0,1.0,1.0,107,0.9999999999999998,1.0000000000000002,1.0,1.0,1.0000000000000002,107,1.0,1.5,1.016355140186916,1.0,1.116666666666665,107,0.9999999999999998,2.066623174587071,1.0250725276551196,1.0,1.117168432430044,107,552.0,0.0,0.0,424.0,128.0,107.0,21.0,0.0,11.0,0.0,0.0,10.0,0.8359375,7.0,0.06542056074766354,123.0,107.0,0.8699186991869918,0.0,0.0,0.0,0.0,16.0,0.13008130081300814,0.0,0.0,0.0,0.0,0.0,0.0,0.0,48.69790002703667
135,8100000000000,2.0,15.0,2.8632478632478633,2.0,7.5,351,1.0,10.0,5.666666666666667,5.0,8.0,351,14.0,23.0,18.333333333333332,19.0,21.0,351,2.0,7.0,2.507122507122507,2.0,4.0,351,0.0,44.0,26.360655737704917,28.0,44.0,122,0.0,104.0,47.60655737704918,40.0,104.0,122,1.0,1.0,1.0,1.0,1.0,122,0.9999999999999998,1.0000000000000002,1.0,1.0,1.0,122,1.0,1.0,1.0,1.0,1.0,122,0.9999999999999998,1.0000000000000002,1.0,1.0,1.0,122,552.0,0.0,0.0,430.0,122.0,122.0,0.0,0.0,0.0,0.0,0.0,0.0,1.0,0.0,0.0,122.0,122.0,1.0,0.0,0.0,0.0,0.0,0.0,0.0,0.0,0.0,0.0,0.0,0.0,0.0,0.0,115.33228121697903
136,8160000000000,2.0,15.0,2.8945868945868947,2.0,8.0,351,1.0,10.0,5.60968660968661,5.0,8.0,351,14.0,23.0,18.39031339031339,19.0,21.0,351,2.0,7.0,2.492877492877493,2.0,4.0,351,0.0,44.0,26.59016393442623,28.0,44.0,122,0.0,104.0,47.34426229508197,40.0,104.0,122,1.0,1.0,1.0,1.0,1.0,116,0.9999999999999998,1.0000000000000002,1.0,1.0,1.0000000000000002,116,1.0,1.3333333333333333,1.0043103448275863,1.0,1.0,116,0.9999999999999998,1.3837698657183197,1.0053095584070282,1.0,1.0006333739084756,116,552.0,0.0,0.0,430.0,122.0,116.0,6.0,0.0,4.0,0.0,0.0,2.0,0.9508196721311475,6.0,0.05172413793103448,122.0,116.0,0.9508196721311475,0.0,0.0,0.0,0.0,6.0,0.04918032786885246,0.0,0.0,0.0,0.0,0.0,0.0,0.0,54.64122258126736
137,8220000000000,2.0,15.0,2.903133903133903,2.0,8.5,351,1.0,10.0,5.54985754985755,5.0,8.0,351,14.0,23.0,18.45014245014245,19.0,21.0,351,2.0,7.0,2.4871794871794872,2.0,4.0,351,0.0,44.0,26.727272727272727,28.0,44.0,132,0.0,104.0,48.54545454545455,40.0,104.0,132,1.0,1.0,1.0,1.0,1.0,109,1.0,1.0000000000000002,1.0,1.0,1.0,109,1.0,1.5,1.007645259938838,1.0,1.0,109,1.0,2.019825266202275,1.014320202015974,1.0,1.0,109,552.0,0.0,0.0,425.0,127.0,109.0,18.0,0.0,5.0,0.0,0.0,13.0,0.8582677165354331,4.0,0.03669724770642202,132.0,109.0,0.8257575757575758,0.0,0.0,0.0,0.0,23.0,0.17424242424242425,0.0,0.0,0.0,0.0,0.0,0.0,0.0,41.788894683122635
138,8280000000000,2.0,14.0,2.9145299145299144,2.0,8.0,351,2.0,8.0,5.62962962962963,6.0,8.0,351,16.0,22.0,18.37037037037037,18.0,22.0,351,2.0,7.0,2.50997150997151,2.0,4.0,351,0.0,44.0,26.748091603053435,32.0,44.0,131,0.0,104.0,49.282442748091604,56.0,104.0,131,1.0,1.0,1.0,1.0,1.0,131,0.9999999999999998,1.0000000000000002,1.0,1.0,1.0,131,1.0,1.0,1.0,1.0,1.0,131,0.9999999999999998,1.0000000000000002,1.0,1.0,1.0,131,552.0,0.0,0.0,421.0,131.0,131.0,0.0,0.0,0.0,0.0,0.0,0.0,1.0,0.0,0.0,131.0,131.0,1.0,0.0,0.0,0.0,0.0,0.0,0.0,0.0,0.0,0.0,0.0,0.0,0.0,0.0,97.49917313456535
139,8340000000000,2.0,14.0,2.868945868945869,2.0,7.5,351,2.0,8.0,5.5584045584045585,6.0,8.0,351,16.0,22.0,18.441595441595442,18.0,22.0,351,2.0,7.0,2.49002849002849,2.0,4.0,351,0.0,44.0,26.70769230769231,32.0,44.0,130,0.0,104.0,49.784615384615385,56.0,104.0,130,1.0,1.0,1.0,1.0,1.0,120,0.9999999999999999,1.0000000000000002,1.0,1.0,1.0,120,1.0,1.25,1.0041666666666667,1.0,1.0,120,0.9999999999999999,1.3152582955321035,1.005458730888019,1.0,1.0,120,552.0,0.0,0.0,428.0,124.0,120.0,4.0,0.0,2.0,0.0,0.0,2.0,0.967741935483871,4.0,0.03333333333333333,130.0,120.0,0.9230769230769231,0.0,0.0,0.0,0.0,10.0,0.07692307692307693,0.0,0.0,0.0,0.0,0.0,0.0,0.0,44.32312585413456
140,8400000000000,2.0,13.0,2.888888888888889,2.0,8.0,351,2.0,8.0,5.495726495726496,6.0,8.0,351,16.0,22.0,18.504273504273506,18.0,22.0,351,2.0,6.0,2.507122507122507,2.0,4.0,351,0.0,44.0,26.19672131147541,28.0,44.0,122,0.0,104.0,48.131147540983605,40.0,104.0,122,1.0,1.0,1.0,1.0,1.0,96,1.0,1.0000000000000002,1.0,1.0,1.0,96,1.0,1.5,1.0277777777777777,1.0,1.25,96,1.0,2.0414002512155647,1.04792009207455,1.0,1.3404083351937193,96,552.0,0.0,0.0,424.0,128.0,96.0,32.0,0.0,12.0,0.0,0.0,20.0,0.75,8.0,0.08333333333333333,122.0,96.0,0.7868852459016393,0.0,0.0,0.0,0.0,26.0,0.21311475409836064,0.0,0.0,0.0,0.0,0.0,0.0,0.0,99.69525039196014
141,8460000000000,2.0,15.0,2.886039886039886,2.0,8.0,351,2.0,10.0,5.555555555555555,6.0,8.0,351,14.0,22.0,18.444444444444443,18.0,22.0,351,2.0,6.0,2.49002849002849,2.0,4.0,351,0.0,44.0,26.519685039370078,28.0,44.0,127,0.0,104.0,48.818897637795274,40.0,104.0,127,1.0,1.0,1.0,1.0,1.0,127,0.9999999999999998,1.0000000000000002,1.0,1.0,1.0,127,1.0,1.0,1.0,1.0,1.0,127,0.9999999999999998,1.0000000000000002,1.0,1.0,1.0,127,552.0,0.0,0.0,425.0,127.0,127.0,0.0,0.0,0.0,0.0,0.0,0.0,1.0,0.0,0.0,127.0,127.0,1.0,0.0,0.0,0.0,0.0,0.0,0.0,0.0,0.0,0.0,0.0,0.0,0.0,0.0,96.84987552464008
142,8520000000000,2.0,15.0,2.8632478632478633,2.0,7.5,351,2.0,10.0,5.492877492877493,6.0,8.0,351,14.0,22.0,18.507122507122507,18.0,22.0,351,2.0,7.0,2.4871794871794872,2.0,4.0,351,0.0,44.0,26.952380952380953,28.0,44.0,126,0.0,104.0,48.95238095238095,40.0,104.0,126,1.0,1.0,1.0,1.0,1.0,119,0.9999999999999998,1.0,1.0,1.0,1.0,119,1.0,1.5,1.0084033613445378,1.0,1.0,119,0.9999999999999998,2.122878008916792,1.0154877280489334,1.0,1.0,119,552.0,0.0,0.0,424.0,128.0,119.0,9.0,0.0,6.0,0.0,0.0,3.0,0.9296875,4.0,0.03361344537815126,126.0,119.0,0.9444444444444444,0.0,0.0,0.0,0.0,7.0,0.05555555555555555,0.0,0.0,0.0,0.0,0.0,0.0,0.0,43.54128800332546
143,8580000000000,2.0,15.0,2.8774928774928776,2.0,8.0,351,1.0,10.0,5.438746438746438,5.0,8.0,351,14.0,23.0,18.56125356125356,19.0,22.0,351,2.0,7.0,2.492877492877493,2.0,4.0,351,0.0,44.0,26.992125984251967,28.0,44.0,127,0.0,104.0,48.44094488188976,40.0,104.0,127,1.0,1.0,1.0,1.0,1.0,105,0.9999999999999998,1.0000000000000002,1.0,1.0,1.0,105,1.0,1.3333333333333333,1.0158730158730158,1.0,1.1333333333333329,105,0.9999999999999998,1.6093020102666493,1.0213558187337999,1.0,1.166954277717689,105,552.0,0.0,0.0,431.0,121.0,105.0,16.0,0.0,3.0,0.0,0.0,13.0,0.8677685950413223,6.0,0.05714285714285714,127.0,105.0,0.8267716535433071,0.0,0.0,0.0,0.0,22.0,0.1732283464566929,0.0,0.0,0.0,0.0,0.0,0.0,0.0,40.12781195342541
144,8640000000000,2.0,15.0,2.925925925925926,2.0,9.0,351,1.0,9.0,5.592592592592593,6.0,9.0,351,15.0,23.0,18.40740740740741,18.0,22.0,351,2.0,7.0,2.492877492877493,2.0,4.0,351,0.0,44.0,26.48175182481752,28.0,44.0,137,0.0,104.0,47.59124087591241,40.0,104.0,137,1.0,1.0,1.0,1.0,1.0,137,0.9999999999999998,1.0000000000000002,1.0,1.0,1.0,137,1.0,1.0,1.0,1.0,1.0,137,0.9999999999999998,1.0000000000000002,1.0,1.0,1.0,137,552.0,0.0,0.0,415.0,137.0,137.0,0.0,0.0,0.0,0.0,0.0,0.0,1.0,0.0,0.0,137.0,137.0,1.0,0.0,0.0,0.0,0.0,0.0,0.0,0.0,0.0,0.0,0.0,0.0,0.0,0.0,104.45309802889824
145,8700000000000,2.0,15.0,2.883190883190883,2.0,8.5,351,1.0,9.0,5.52991452991453,6.0,9.0,351,15.0,23.0,18.47008547008547,18.0,22.0,351,2.0,7.0,2.4871794871794872,2.0,4.0,351,0.0,44.0,25.848484848484848,28.0,44.0,132,0.0,104.0,46.121212121212125,40.0,104.0,132,1.0,1.0,1.0,1.0,1.0,118,0.9999999999999998,1.0,1.0,1.0,1.0,118,1.0,1.5,1.0042372881355932,1.0,1.0,118,0.9999999999999998,2.0114206889988453,1.008611308744046,1.0,1.0,118,552.0,0.0,0.0,428.0,124.0,118.0,6.0,0.0,2.0,0.0,0.0,4.0,0.9516129032258065,2.0,0.01694915254237288,132.0,118.0,0.8939393939393939,0.0,0.0,0.0,0.0,14.0,0.10606060606060606,0.0,0.0,0.0,0.0,0.0,0.0,0.0,44.0021138638258
146,8760000000000,2.0,14.0,2.9173789173789175,2.0,8.5,351,1.0,9.0,5.478632478632479,5.0,9.0,351,15.0,23.0,18.521367521367523,19.0,22.0,351,2.0,7.0,2.5042735042735043,2.0,4.0,351,0.0,44.0,26.41176470588235,30.0,44.0,136,0.0,104.0,49.0,48.0,104.0,136,1.0,1.0,1.0,1.0,1.0,106,0.9999999999999998,1.0000000000000002,1.0,1.0,1.0000000000000002,106,1.0,1.5,1.0287735849056603,1.0,1.2375,106,0.9999999999999998,2.0570029507800305,1.0434697861709616,1.0,1.2879794366712607,106,552.0,0.0,0.0,426.0,126.0,106.0,20.0,0.0,4.0,0.0,0.0,16.0,0.8412698412698413,12.0,0.11320754716981132,136.0,106.0,0.7794117647058824,0.0,0.0,0.0,0.0,30.0,0.22058823529411764,0.0,0.0,0.0,0.0,0.0,0.0,0.0,43.48878748714924
147,8820000000000,2.0,14.0,2.8461538461538463,2.0,7.5,351,2.0,9.0,5.518518518518518,6.0,8.0,351,15.0,22.0,18.48148148148148,18.0,22.0,351,2.0,6.0,2.49002849002849,2.0,4.0,351,0.0,44.0,26.330434782608695,32.0,44.0,115,0.0,104.0,48.97391304347826,56.0,104.0,115,1.0,1.0,1.0,1.0,1.0,115,0.9999999999999999,1.0000000000000002,1.0,1.0,1.0,115,1.0,1.0,1.0,1.0,1.0,115,0.9999999999999999,1.0000000000000002,1.0,1.0,1.0,115,552.0,0.0,0.0,437.0,115.0,115.0,0.0,0.0,0.0,0.0,0.0,0.0,1.0,0.0,0.0,115.0,115.0,1.0,0.0,0.0,0.0,0.0,0.0,0.0,0.0,0.0,0.0,0.0,0.0,0.0,0.0,176.66134238243103
148,8880000000000,2.0,14.0,2.8603988603988606,2.0,7.0,351,2.0,9.0,5.4586894586894585,6.0,8.0,351,15.0,22.0,18.54131054131054,18.0,22.0,351,2.0,7.0,2.4957264957264957,2.0,4.0,351,0.0,44.0,26.23728813559322,30.0,44.0,118,0.0,104.0,48.813559322033896,48.0,104.0,118,1.0,1.0,1.0,1.0,1.0,104,0.9999999999999998,1.0000000000000002,1.0,1.0,1.0,104,1.0,1.25,1.0064102564102564,1.0,1.0,104,0.9999999999999998,1.3523365496279969,1.008256639450311,1.0,1.0,104,552.0,0.0,0.0,429.0,123.0,104.0,19.0,0.0,10.0,0.0,0.0,9.0,0.8455284552845529,3.0,0.028846153846153848,118.0,104.0,0.8813559322033898,0.0,0.0,0.0,0.0,14.0,0.11864406779661017,0.0,0.0,0.0,0.0,0.0,0.0,0.0,40.80221429467201
149,8940000000000,2.0,14.0,2.8632478632478633,2.0,7.5,351,1.0,9.0,5.39031339031339,5.0,8.0,351,15.0,23.0,18.60968660968661,19.0,22.0,351,2.0,7.0,2.5014245014245016,2.0,4.0,351,0.0,44.0,27.47826086956522,28.0,44.0,115,0.0,104.0,50.43478260869565,40.0,104.0,115,1.0,1.0,1.0,1.0,1.0,92,0.9999999999999998,1.0,1.0,1.0,1.0,92,1.0,1.5,1.032712215320911,1.0,1.25,92,1.0,2.0861753972498955,1.0491471614128063,1.0,1.3055583789014593,92,552.0,0.0,0.0,428.0,124.0,92.0,32.0,0.0,18.0,0.0,0.0,14.0,0.7419354838709677,12.0,0.13043478260869565,115.0,92.0,0.8,0.0,0.0,0.0,0.0,23.0,0.2,0.0,0.0,0.0,0.0,0.0,0.0,0.0,42.90043190121651
150,9000000000000,2.0,15.0,2.923076923076923,2.0,9.0,351,2.0,9.0,5.666666666666667,6.0,8.0,351,15.0,22.0,18.333333333333332,18.0,22.0,351,2.0,7.0,2.4985754985754984,2.0,4.0,351,0.0,44.0,26.748091603053435,28.0,44.0,131,0.0,104.0,49.282442748091604,40.0,104.0,131,1.0,1.0,1.0,1.0,1.0,131,0.9999999999999999,1.0000000000000002,1.0,1.0,1.0,131,1.0,1.0,1.0,1.0,1.0,131,0.9999999999999999,1.0000000000000002,1.0,1.0,1.0,131,552.0,0.0,0.0,421.0,131.0,131.0,0.0,0.0,0.0,0.0,0.0,0.0,1.0,0.0,0.0,131.0,131.0,1.0,0.0,0.0,0.0,0.0,0.0,0.0,0.0,0.0,0.0,0.0,0.0,0.0,0.0,102.76848264038563
151,9060000000000,2.0,14.0,2.9116809116809117,2.0,9.0,351,1.0,9.0,5.595441595441596,6.0,8.0,351,15.0,23.0,18.404558404558404,18.0,22.0,351,2.0,7.0,2.4786324786324787,2.0,4.0,351,0.0,44.0,26.46875,28.0,44.0,128,0.0,104.0,47.9375,40.0,104.0,128,1.0,1.0,1.0,1.0,1.0,110,0.9999999999999998,1.0000000000000002,1.0,1.0,1.0000000000000002,110,1.0,1.5,1.0134848484848484,1.0,1.0,110,0.9999999999999998,2.0417989056517967,1.020558280715169,1.0,1.0000000000000002,110,552.0,0.0,0.0,434.0,118.0,110.0,8.0,0.0,4.0,0.0,0.0,4.0,0.9322033898305084,5.0,0.045454545454545456,128.0,110.0,0.859375,0.0,0.0,0.0,0.0,18.0,0.140625,0.0,0.0,0.0,0.0,0.0,0.0,0.0,45.78777030110359
152,9120000000000,2.0,15.0,2.9173789173789175,2.0,8.5,351,1.0,9.0,5.547008547008547,6.0,8.0,351,15.0,23.0,18.45299145299145,18.0,22.0,351,2.0,7.0,2.4786324786324787,2.0,4.0,351,0.0,44.0,26.647058823529413,28.0,44.0,136,0.0,104.0,47.294117647058826,40.0,104.0,136,1.0,1.0,1.0,1.0,1.0,99,1.0,1.0000000000000002,1.0,1.0,1.0,99,1.0,1.3333333333333333,1.0163540163540161,1.0,1.1428571428571428,99,1.0,1.4997905734082573,1.022317973201453,1.0,1.1495580505801757,99,552.0,0.0,0.0,426.0,126.0,99.0,27.0,0.0,8.0,0.0,0.0,19.0,0.7857142857142857,7.0,0.0707070707070707,136.0,99.0,0.7279411764705882,0.0,0.0,0.0,0.0,37.0,0.27205882352941174,0.0,0.0,0.0,0.0,0.0,0.0,0.0,44.503454118967056
153,9180000000000,2.0,15.0,2.8945868945868947,2.0,8.0,351,2.0,9.0,5.62962962962963,5.0,8.0,351,15.0,22.0,18.37037037037037,19.0,22.0,351,2.0,7.0,2.5042735042735043,2.0,4.0,351,0.0,44.0,26.16058394160584,32.0,44.0,137,0.0,104.0,47.88321167883212,56.0,104.0,137,1.0,1.0,1.0,1.0,1.0,137,1.0,1.0,1.0,1.0,1.0,137,1.0,1.0,1.0,1.0,1.0,137,1.0,1.0,1.0,1.0,1.0,137,552.0,0.0,0.0,415.0,137.0,137.0,0.0,0.0,0.0,0.0,0.0,0.0,1.0,0.0,0.0,137.0,137.0,1.0,0.0,0.0,0.0,0.0,0.0,0.0,0.0,0.0,0.0,0.0,0.0,0.0,0.0,106.59976303577423
154,9240000000000,2.0,14.0,2.9287749287749287,2.0,8.5,351,1.0,9.0,5.572649572649572,5.0,8.0,351,15.0,23.0,18.427350427350426,19.0,22.0,351,2.0,7.0,2.507122507122507,2.0,4.0,351,0.0,44.0,27.26153846153846,32.0,44.0,130,0.0,104.0,50.89230769230769,56.0,104.0,130,1.0,1.0,1.0,1.0,1.0,122,0.9999999999999998,1.0000000000000002,1.0,1.0,1.0,122,1.0,1.5,1.0135245901639345,1.0,1.0,122,0.9999999999999998,2.050932281047018,1.0232209534281262,1.0,1.0000000000000002,122,552.0,0.0,0.0,420.0,132.0,122.0,10.0,0.0,4.0,0.0,0.0,6.0,0.9242424242424242,5.0,0.040983606557377046,130.0,122.0,0.9384615384615385,0.0,0.0,0.0,0.0,8.0,0.06153846153846154,0.0,0.0,0.0,0.0,0.0,0.0,0.0,113.92628774046898
155,9300000000000,2.0,14.0,2.8803418803418803,2.0,8.0,351,1.0,9.0,5.498575498575499,5.0,8.0,351,15.0,23.0,18.501424501424502,19.0,22.0,351,2.0,6.0,2.492877492877493,2.0,4.0,351,0.0,44.0,27.275590551181104,32.0,44.0,127,0.0,104.0,51.275590551181104,56.0,104.0,127,1.0,1.0,1.0,1.0,1.0,104,0.9999999999999998,1.0000000000000002,1.0,1.0,1.0,104,1.0,1.5,1.0284569597069597,1.0,1.25,104,0.9999999999999998,2.471540008899725,1.0546710957060152,1.0,1.3146462871212075,104,552.0,0.0,0.0,432.0,120.0,104.0,16.0,0.0,4.0,0.0,0.0,12.0,0.8666666666666667,12.0,0.11538461538461539,127.0,104.0,0.8188976377952756,0.0,0.0,0.0,0.0,23.0,0.18110236220472442,0.0,0.0,0.0,0.0,0.0,0.0,0.0,53.300200030207634
156,9360000000000,2.0,14.0,2.8945868945868947,2.0,8.5,351,1.0,9.0,5.62962962962963,6.0,8.0,351,15.0,23.0,18.37037037037037,18.0,22.0,351,2.0,7.0,2.4985754985754984,2.0,4.0,351,0.0,44.0,26.133333333333333,28.0,44.0,120,0.0,104.0,47.53333333333333,40.0,104.0,120,1.0,1.0,1.0,1.0,1.0,120,0.9999999999999998,1.0,1.0,1.0,1.0,120,1.0,1.0,1.0,1.0,1.0,120,0.9999999999999998,1.0,1.0,1.0,1.0,120,552.0,0.0,0.0,432.0,120.0,120.0,0.0,0.0,0.0,0.0,0.0,0.0,1.0,0.0,0.0,120.0,120.0,1.0,0.0,0.0,0.0,0.0,0.0,0.0,0.0,0.0,0.0,0.0,0.0,0.0,0.0,93.46101805567741
157,9420000000000,2.0,15.0,2.8547008547008548,2.0,7.5,351,1.0,9.0,5.572649572649572,6.0,8.0,351,15.0,23.0,18.427350427350426,18.0,22.0,351,2.0,7.0,2.507122507122507,2.0,4.0,351,0.0,44.0,26.366666666666667,28.0,44.0,120,0.0,104.0,47.86666666666667,40.0,104.0,120,1.0,1.0,1.0,1.0,1.0,109,1.0,1.0,1.0,1.0,1.0,109,1.0,1.5,1.02217125382263,1.0,1.2166666666666661,109,1.0,2.0315134154016423,1.0366895518404802,1.0,1.233078356997469,109,552.0,0.0,0.0,436.0,116.0,109.0,7.0,0.0,5.0,0.0,0.0,2.0,0.9396551724137931,11.0,0.10091743119266056,120.0,109.0,0.9083333333333333,0.0,0.0,0.0,0.0,11.0,0.09166666666666666,0.0,0.0,0.0,0.0,0.0,0.0,0.0,43.4635765850544
158,9480000000000,2.0,15.0,2.886039886039886,2.0,8.0,351,1.0,9.0,5.518518518518518,6.0,8.0,351,15.0,23.0,18.48148148148148,18.0,22.0,351,2.0,7.0,2.4957264957264957,2.0,4.0,351,0.0,44.0,26.58823529411765,28.0,44.0,119,0.0,104.0,48.26890756302521,40.0,104.0,119,1.0,1.0,1.0,1.0,1.0,98,0.9999999999999998,1.0000000000000002,1.0,1.0,1.0,98,1.0,1.5,1.0181972789115645,1.0,1.2074999999999996,98,0.9999999999999998,2.203515095920649,1.0299985936331033,1.0,1.2014341782698015,98,552.0,0.0,0.0,433.0,119.0,98.0,21.0,0.0,7.0,0.0,0.0,14.0,0.8235294117647058,6.0,0.061224489795918366,119.0,98.0,0.8235294117647058,0.0,0.0,0.0,0.0,21.0,0.17647058823529413,0.0,0.0,0.0,0.0,0.0,0.0,0.0,44.78196054697037
159,9540000000000,2.0,14.0,2.92022792022792,2.0,8.5,351,1.0,10.0,5.518518518518518,6.0,8.0,351,14.0,23.0,18.48148148148148,18.0,22.0,351,2.0,7.0,2.4957264957264957,2.0,4.0,351,0.0,44.0,26.08,28.0,44.0,125,0.0,104.0,46.72,40.0,104.0,125,1.0,1.0,1.0,1.0,1.0,125,0.9999999999999998,1.0000000000000002,1.0,1.0,1.0,125,1.0,1.0,1.0,1.0,1.0,125,0.9999999999999998,1.0000000000000002,1.0,1.0,1.0,125,552.0,0.0,0.0,427.0,125.0,125.0,0.0,0.0,0.0,0.0,0.0,0.0,1.0,0.0,0.0,125.0,125.0,1.0,0.0,0.0,0.0,0.0,0.0,0.0,0.0,0.0,0.0,0.0,0.0,0.0,0.0,92.2477412968874
160,9600000000000,2.0,14.0,2.886039886039886,2.0,8.0,351,1.0,10.0,5.4586894586894585,6.0,8.0,351,14.0,23.0,18.54131054131054,18.0,22.0,351,2.0,7.0,2.4843304843304845,2.0,4.0,351,0.0,44.0,26.345864661654137,28.0,44.0,133,0.0,104.0,48.0,40.0,104.0,133,1.0,1.0,1.0,1.0,1.0,119,0.9999999999999999,1.0000000000000002,1.0,1.0,1.0,119,1.0,1.3333333333333333,1.0089035614245696,1.0,1.0,119,0.9999999999999999,1.4948512365787427,1.0115096617914607,1.0,1.0000000000000002,119,552.0,0.0,0.0,424.0,128.0,119.0,9.0,0.0,4.0,0.0,0.0,5.0,0.9296875,5.0,0.04201680672268908,133.0,119.0,0.8947368421052632,0.0,0.0,0.0,0.0,14.0,0.10526315789473684,0.0,0.0,0.0,0.0,0.0,0.0,0.0,42.952001094818115
161,9660000000000,2.0,14.0,2.8917378917378915,2.0,8.5,351,1.0,10.0,5.401709401709402,5.0,8.0,351,14.0,23.0,18.5982905982906,19.0,22.0,351,2.0,7.0,2.4985754985754984,2.0,4.0,351,0.0,44.0,26.666666666666668,28.0,44.0,126,0.0,104.0,48.38095238095238,40.0,104.0,126,1.0,1.0,1.0,1.0,1.0,100,1.0,1.0000000000000002,1.0,1.0,1.0,100,1.0,1.5,1.025595238095238,1.0,1.2541666666666664,100,1.0,2.3600647138561968,1.0518902593297081,1.0,1.3447518638152494,100,552.0,0.0,0.0,426.0,126.0,100.0,26.0,0.0,13.0,0.0,0.0,13.0,0.7936507936507936,9.0,0.09,126.0,100.0,0.7936507936507936,0.0,0.0,0.0,0.0,26.0,0.20634920634920634,0.0,0.0,0.0,0.0,0.0,0.0,0.0,40.69967195391655
162,9720000000000,2.0,16.0,2.943019943019943,2.0,9.0,351,1.0,9.0,5.592592592592593,5.0,9.0,351,15.0,23.0,18.40740740740741,19.0,21.0,351,2.0,7.0,2.5014245014245016,2.0,4.0,351,0.0,44.0,26.68702290076336,32.0,44.0,131,0.0,104.0,49.587786259541986,56.0,104.0,131,1.0,1.0,1.0,1.0,1.0,131,0.9999999999999998,1.0000000000000002,1.0,1.0,1.0,131,1.0,1.0,1.0,1.0,1.0,131,0.9999999999999998,1.0000000000000002,1.0,1.0,1.0,131,552.0,0.0,0.0,421.0,131.0,131.0,0.0,0.0,0.0,0.0,0.0,0.0,1.0,0.0,0.0,131.0,131.0,1.0,0.0,0.0,0.0,0.0,0.0,0.0,0.0,0.0,0.0,0.0,0.0,0.0,0.0,152.1720476448536
163,9780000000000,2.0,14.0,2.8518518518518516,2.0,7.5,351,1.0,9.0,5.524216524216524,5.0,9.0,351,15.0,23.0,18.475783475783476,19.0,21.0,351,2.0,7.0,2.49002849002849,2.0,4.0,351,0.0,44.0,26.576271186440678,32.0,44.0,118,0.0,104.0,48.94915254237288,56.0,104.0,118,1.0,1.0,1.0,1.0,1.0,107,0.9999999999999998,1.0000000000000002,1.0,1.0,1.0,107,1.0,1.3333333333333333,1.0114597240765466,1.0,1.0,107,0.9999999999999998,1.4886670008720644,1.0151536708753472,1.0,1.0113948302810627,107,552.0,0.0,0.0,437.0,115.0,107.0,8.0,0.0,4.0,0.0,0.0,4.0,0.9304347826086956,7.0,0.06542056074766354,118.0,107.0,0.9067796610169492,0.0,0.0,0.0,0.0,11.0,0.09322033898305085,0.0,0.0,0.0,0.0,0.0,0.0,0.0,45.63380032777786
164,9840000000000,2.0,15.0,2.888888888888889,2.0,8.0,351,1.0,9.0,5.464387464387465,5.0,9.0,351,15.0,23.0,18.535612535612536,19.0,21.0,351,2.0,7.0,2.4957264957264957,2.0,4.0,351,0.0,44.0,26.633333333333333,28.0,44.0,120,0.0,104.0,48.333333333333336,40.0,104.0,120,1.0,1.0,1.0,1.0,1.0,91,0.9999999999999999,1.0000000000000002,1.0,1.0,1.0,91,1.0,1.5,1.0128205128205128,1.0,1.0,91,0.9999999999999999,1.767096852240785,1.0177539622612983,1.0,1.0000000000000002,91,552.0,0.0,0.0,435.0,117.0,91.0,26.0,0.0,9.0,0.0,0.0,17.0,0.7777777777777778,4.0,0.04395604395604396,120.0,91.0,0.7583333333333333,0.0,0.0,0.0,0.0,29.0,0.24166666666666667,0.0,0.0,0.0,0.0,0.0,0.0,0.0,46.20973393321037
165,9900000000000,2.0,14.0,2.8803418803418803,2.0,8.0,351,1.0,9.0,5.62962962962963,6.0,8.0,351,15.0,23.0,18.37037037037037,18.0,21.0,351,2.0,7.0,2.5042735042735043,2.0,4.0,351,0.0,44.0,25.789473684210527,28.0,44.0,114,0.0,104.0,47.578947368421055,40.0,104.0,114,1.0,1.0,1.0,1.0,1.0,114,0.9999999999999998,1.0000000000000002,1.0,1.0,1.0,114,1.0,1.0,1.0,1.0,1.0,114,0.9999999999999998,1.0000000000000002,1.0,1.0,1.0,114,552.0,0.0,0.0,438.0,114.0,114.0,0.0,0.0,0.0,0.0,0.0,0.0,1.0,0.0,0.0,114.0,114.0,1.0,0.0,0.0,0.0,0.0,0.0,0.0,0.0,0.0,0.0,0.0,0.0,0.0,0.0,100.080082193017
166,9960000000000,2.0,13.0,2.843304843304843,2.0,8.0,351,1.0,9.0,5.54985754985755,6.0,8.0,351,15.0,23.0,18.45014245014245,18.0,21.0,351,2.0,8.0,2.4757834757834756,2.0,4.0,351,0.0,44.0,26.084033613445378,28.0,44.0,119,0.0,104.0,48.0672268907563,40.0,104.0,119,1.0,1.0,1.0,1.0,1.0,104,0.9999999999999998,1.0,1.0,1.0,1.0,104,1.0,1.3333333333333333,1.0080128205128207,1.0,1.0,104,0.9999999999999998,1.5306497561277836,1.011264122288191,1.0,1.0,104,552.0,0.0,0.0,436.0,116.0,104.0,12.0,0.0,3.0,0.0,0.0,9.0,0.896551724137931,3.0,0.028846153846153848,119.0,104.0,0.8739495798319328,0.0,0.0,0.0,0.0,15.0,0.12605042016806722,0.0,0.0,0.0,0.0,0.0,0.0,0.0,44.46142539381981
167,10020000000000,2.0,13.0,2.903133903133903,2.0,8.0,351,1.0,9.0,5.507122507122507,6.0,8.0,351,15.0,23.0,18.492877492877493,18.0,21.0,351,2.0,7.0,2.49002849002849,2.0,4.0,351,0.0,44.0,27.264705882352942,28.0,44.0,136,0.0,104.0,50.294117647058826,40.0,104.0,136,1.0,1.0,1.0,1.0,1.0,116,0.9999999999999999,1.0000000000000002,1.0,1.0,1.0,116,1.0,1.5,1.03117816091954,1.0,1.2,116,0.9999999999999999,2.099335938710031,1.0533513461629536,1.0,1.2541630805826702,116,552.0,0.0,0.0,418.0,134.0,116.0,18.0,0.0,7.0,0.0,0.0,11.0,0.8656716417910447,12.0,0.10344827586206896,136.0,116.0,0.8529411764705882,0.0,0.0,0.0,0.0,20.0,0.14705882352941177,0.0,0.0,0.0,0.0,0.0,0.0,0.0,48.21805842220783
168,10080000000000,2.0,15.0,2.903133903133903,2.0,8.0,351,1.0,10.0,5.481481481481482,5.0,8.0,351,14.0,23.0,18.51851851851852,19.0,22.0,351,2.0,6.0,2.4871794871794872,2.0,4.0,351,0.0,44.0,26.56934306569343,32.0,44.0,137,0.0,104.0,48.99270072992701,56.0,104.0,137,1.0,1.0,1.0,1.0,1.0,137,0.9999999999999998,1.0000000000000002,1.0,1.0,1.0,137,1.0,1.0,1.0,1.0,1.0,137,0.9999999999999998,1.0000000000000002,1.0,1.0,1.0,137,552.0,0.0,0.0,415.0,137.0,137.0,0.0,0.0,0.0,0.0,0.0,0.0,1.0,0.0,0.0,137.0,137.0,1.0,0.0,0.0,0.0,0.0,0.0,0.0,0.0,0.0,0.0,0.0,0.0,0.0,0.0,187.42049857974052
169,10140000000000,2.0,15.0,2.883190883190883,2.0,8.0,351,1.0,10.0,5.421652421652421,5.0,8.0,351,14.0,23.0,18.57834757834758,19.0,22.0,351,2.0,6.0,2.4871794871794872,2.0,4.0,351,0.0,44.0,26.285714285714285,32.0,44.0,126,0.0,104.0,48.57142857142857,56.0,104.0,126,1.0,1.0,1.0,1.0,1.0,114,0.9999999999999998,1.0,1.0,1.0,1.0,114,1.0,1.5,1.0116959064327486,1.0,1.0,114,0.9999999999999998,2.114444514655579,1.0235836353954166,1.0,1.0,114,552.0,0.0,0.0,426.0,126.0,114.0,12.0,0.0,5.0,0.0,0.0,7.0,0.9047619047619048,5.0,0.043859649122807015,126.0,114.0,0.9047619047619048,0.0,0.0,0.0,0.0,12.0,0.09523809523809523,0.0,0.0,0.0,0.0,0.0,0.0,0.0,51.397526636719704
170,10200000000000,2.0,15.0,2.888888888888889,2.0,8.0,351,0.0,10.0,5.361823361823362,5.0,8.0,351,14.0,24.0,18.63817663817664,19.0,22.0,351,2.0,6.0,2.49002849002849,2.0,4.0,351,0.0,44.0,27.1496062992126,32.0,44.0,127,0.0,104.0,50.77165354330709,56.0,104.0,127,1.0,1.0,1.0,1.0,1.0,110,1.0,1.0000000000000002,1.0,1.0,1.0,110,1.0,1.5,1.0134199134199133,1.0,1.0,110,1.0,2.4618785645522983,1.0260015299985914,1.0,1.0000000000000002,110,552.0,0.0,0.0,421.0,131.0,110.0,21.0,0.0,9.0,0.0,0.0,12.0,0.8396946564885496,5.0,0.045454545454545456,127.0,110.0,0.8661417322834646,0.0,0.0,0.0,0.0,17.0,0.13385826771653545,0.0,0.0,0.0,0.0,0.0,0.0,0.0,45.431384816765785
171,10260000000000,2.0,15.0,2.871794871794872,2.0,8.0,351,1.0,10.0,5.518518518518518,6.0,8.0,351,14.0,23.0,18.48148148148148,18.0,21.0,351,2.0,7.0,2.49002849002849,2.0,4.0,351,0.0,44.0,26.857142857142858,28.0,44.0,126,0.0,104.0,49.714285714285715,40.0,104.0,126,1.0,1.0,1.0,1.0,1.0,126,0.9999999999999998,1.0000000000000002,1.0,1.0,1.0000000000000002,126,1.0,1.0,1.0,1.0,1.0,126,0.9999999999999998,1.0000000000000002,1.0,1.0,1.0000000000000002,126,552.0,0.0,0.0,426.0,126.0,126.0,0.0,0.0,0.0,0.0,0.0,0.0,1.0,0.0,0.0,126.0,126.0,1.0,0.0,0.0,0.0,0.0,0.0,0.0,0.0,0.0,0.0,0.0,0.0,0.0,0.0,102.36617177724838
172,10320000000000,2.0,15.0,2.866096866096866,2.0,8.0,351,1.0,10.0,5.47008547008547,6.0,8.0,351,14.0,23.0,18.52991452991453,18.0,21.0,351,2.0,7.0,2.5014245014245016,2.0,4.0,351,0.0,44.0,26.444444444444443,28.0,44.0,126,0.0,104.0,49.20634920634921,40.0,104.0,126,1.0,1.0,1.0,1.0,1.0,119,1.0,1.0,1.0,1.0,1.0,119,1.0,1.25,1.003501400560224,1.0,1.0,119,1.0,1.2689445775655217,1.0037964783812416,1.0,1.0,119,552.0,0.0,0.0,426.0,126.0,119.0,7.0,0.0,2.0,0.0,0.0,5.0,0.9444444444444444,2.0,0.01680672268907563,126.0,119.0,0.9444444444444444,0.0,0.0,0.0,0.0,7.0,0.05555555555555555,0.0,0.0,0.0,0.0,0.0,0.0,0.0,44.87414099276066
173,10380000000000,2.0,15.0,2.871794871794872,2.0,8.0,351,1.0,10.0,5.401709401709402,6.0,8.0,351,14.0,23.0,18.5982905982906,18.0,21.0,351,2.0,7.0,2.49002849002849,2.0,4.0,351,0.0,44.0,26.330434782608695,28.0,44.0,115,0.0,104.0,48.34782608695652,40.0,104.0,115,1.0,1.0,1.0,1.0,1.0,99,0.9999999999999998,1.0000000000000002,1.0,1.0,1.0000000000000002,99,1.0,1.5,1.0134680134680134,1.0,1.0,99,0.9999999999999998,2.122520414241259,1.025420816694923,1.0,1.0201671021715009,99,552.0,0.0,0.0,438.0,114.0,99.0,15.0,0.0,5.0,0.0,0.0,10.0,0.868421052631579,9.0,0.09090909090909091,115.0,99.0,0.8608695652173913,0.0,0.0,0.0,0.0,16.0,0.1391304347826087,0.0,0.0,0.0,0.0,0.0,0.0,0.0,40.809959173202515
174,10440000000000,2.0,14.0,2.8347578347578346,2.0,7.0,351,1.0,10.0,5.592592592592593,6.0,9.0,351,14.0,23.0,18.40740740740741,18.0,21.0,351,2.0,7.0,2.4843304843304845,2.0,4.0,351,0.0,44.0,26.964285714285715,30.0,44.0,112,0.0,104.0,50.0,48.0,104.0,112,1.0,1.0,1.0,1.0,1.0,112,0.9999999999999998,1.0000000000000002,1.0,1.0,1.0,112,1.0,1.0,1.0,1.0,1.0,112,0.9999999999999998,1.0000000000000002,1.0,1.0,1.0,112,552.0,0.0,0.0,440.0,112.0,112.0,0.0,0.0,0.0,0.0,0.0,0.0,1.0,0.0,0.0,112.0,112.0,1.0,0.0,0.0,0.0,0.0,0.0,0.0,0.0,0.0,0.0,0.0,0.0,0.0,0.0,93.59525702893734
175,10500000000000,2.0,15.0,2.868945868945869,2.0,7.5,351,1.0,10.0,5.547008547008547,6.0,9.0,351,14.0,23.0,18.45299145299145,18.0,21.0,351,2.0,7.0,2.4814814814814814,2.0,4.0,351,0.0,44.0,27.470588235294116,32.0,44.0,136,0.0,104.0,51.64705882352941,56.0,104.0,136,1.0,1.0,1.0,1.0,1.0,122,0.9999999999999998,1.0000000000000002,1.0,1.0,1.0,122,1.0,1.2,1.0065573770491805,1.0,1.0,122,0.9999999999999998,1.2554377967072174,1.0081409707733853,1.0,1.0,122,552.0,0.0,0.0,421.0,131.0,122.0,9.0,0.0,4.0,0.0,0.0,5.0,0.9312977099236641,4.0,0.03278688524590164,136.0,122.0,0.8970588235294118,0.0,0.0,0.0,0.0,14.0,0.10294117647058823,0.0,0.0,0.0,0.0,0.0,0.0,0.0,41.10627993941307
176,10560000000000,2.0,15.0,2.905982905982906,2.0,8.5,351,1.0,10.0,5.492877492877493,5.0,9.0,351,14.0,23.0,18.507122507122507,19.0,21.0,351,2.0,6.0,2.492877492877493,2.0,4.0,351,0.0,44.0,27.64963503649635,32.0,44.0,137,0.0,104.0,51.737226277372265,56.0,104.0,137,1.0,1.0,1.0,1.0,1.0,116,0.9999999999999998,1.0,1.0,1.0,1.0,116,1.0,1.5,1.0291666666666666,1.0,1.25,116,0.9999999999999998,2.284449990645087,1.0474740989723201,1.0,1.3494106618990405,116,552.0,0.0,0.0,418.0,134.0,116.0,18.0,0.0,5.0,0.0,0.0,13.0,0.8656716417910447,14.0,0.1206896551724138,137.0,116.0,0.8467153284671532,0.0,0.0,0.0,0.0,21.0,0.15328467153284672,0.0,0.0,0.0,0.0,0.0,0.0,0.0,104.8846635967493
177,10620000000000,2.0,15.0,2.9002849002849005,2.0,8.0,351,1.0,10.0,5.555555555555555,5.0,8.0,351,14.0,23.0,18.444444444444443,19.0,21.0,351,2.0,6.0,2.4957264957264957,2.0,4.0,351,0.0,44.0,26.564885496183205,32.0,44.0,131,0.0,104.0,49.099236641221374,56.0,104.0,131,1.0,1.0,1.0,1.0,1.0,131,0.9999999999999999,1.0,1.0,1.0,1.0,131,1.0,1.0,1.0,1.0,1.0,131,0.9999999999999999,1.0,1.0,1.0,1.0,131,552.0,0.0,0.0,421.0,131.0,131.0,0.0,0.0,0.0,0.0,0.0,0.0,1.0,0.0,0.0,131.0,131.0,1.0,0.0,0.0,0.0,0.0,0.0,0.0,0.0,0.0,0.0,0.0,0.0,0.0,0.0,93.56260299682617
178,10680000000000,2.0,15.0,2.905982905982906,2.0,8.0,351,0.0,10.0,5.498575498575499,5.0,8.0,351,14.0,24.0,18.501424501424502,19.0,21.0,351,2.0,6.0,2.50997150997151,2.0,4.0,351,0.0,44.0,26.40625,32.0,44.0,128,0.0,104.0,48.8125,56.0,104.0,128,1.0,1.0,1.0,1.0,1.0,120,0.9999999999999999,1.0000000000000002,1.0,1.0,1.0,120,1.0,1.25,1.0053571428571428,1.0,1.0,120,0.9999999999999999,1.3079008368111253,1.0064340742315487,1.0,1.0,120,552.0,0.0,0.0,416.0,136.0,120.0,16.0,0.0,12.0,0.0,0.0,4.0,0.8823529411764706,3.0,0.025,128.0,120.0,0.9375,0.0,0.0,0.0,0.0,8.0,0.0625,0.0,0.0,0.0,0.0,0.0,0.0,0.0,43.74689608812332
179,10740000000000,2.0,15.0,2.8746438746438745,2.0,8.0,351,0.0,10.0,5.4245014245014245,5.0,8.0,351,14.0,24.0,18.575498575498575,19.0,21.0,351,2.0,8.0,2.5042735042735043,2.0,4.0,351,0.0,44.0,27.937007874015748,32.0,44.0,127,0.0,104.0,51.08661417322835,56.0,104.0,127,1.0,1.0,1.0,1.0,1.0,104,0.9999999999999998,1.0000000000000002,1.0,1.0,1.0,104,1.0,1.5,1.030448717948718,1.0,1.25,104,0.9999999999999998,2.361043219006906,1.0566650328543803,1.0,1.329712909274051,104,552.0,0.0,0.0,416.0,136.0,104.0,32.0,0.0,17.0,0.0,0.0,15.0,0.7647058823529411,11.0,0.10576923076923077,127.0,104.0,0.8188976377952756,0.0,0.0,0.0,0.0,23.0,0.18110236220472442,0.0,0.0,0.0,0.0,0.0,0.0,0.0,44.15049962699413
180,10800000000000,2.0,15.0,2.8774928774928776,2.0,7.5,351,1.0,10.0,5.555555555555555,5.0,9.0,351,14.0,23.0,18.444444444444443,19.0,21.0,351,2.0,7.0,2.5042735042735043,2.0,4.0,351,0.0,44.0,26.70769230769231,28.0,44.0,130,0.0,104.0,49.23076923076923,40.0,104.0,130,1.0,1.0,1.0,1.0,1.0,130,0.9999999999999998,1.0000000000000002,1.0,1.0,1.0000000000000002,130,1.0,1.0,1.0,1.0,1.0,130,0.9999999999999998,1.0000000000000002,1.0,1.0,1.0000000000000002,130,552.0,0.0,0.0,422.0,130.0,130.0,0.0,0.0,0.0,0.0,0.0,0.0,1.0,0.0,0.0,130.0,130.0,1.0,0.0,0.0,0.0,0.0,0.0,0.0,0.0,0.0,0.0,0.0,0.0,0.0,0.0,96.26448526978493
181,10860000000000,2.0,15.0,2.866096866096866,2.0,8.0,351,1.0,10.0,5.498575498575499,5.0,9.0,351,14.0,23.0,18.501424501424502,19.0,21.0,351,2.0,7.0,2.4814814814814814,2.0,4.0,351,0.0,44.0,26.413793103448278,28.0,44.0,116,0.0,104.0,48.55172413793103,40.0,104.0,116,1.0,1.0,1.0,1.0,1.0,108,0.9999999999999998,1.0000000000000002,1.0,1.0,1.0000000000000002,108,1.0,1.0,1.0,1.0,1.0,108,0.9999999999999998,1.017015879725258,1.0005166003750996,1.0,1.0000000000000002,108,552.0,0.0,0.0,439.0,113.0,108.0,5.0,0.0,2.0,0.0,0.0,3.0,0.9557522123893806,4.0,0.037037037037037035,116.0,108.0,0.9310344827586207,0.0,0.0,0.0,0.0,8.0,0.06896551724137931,0.0,0.0,0.0,0.0,0.0,0.0,0.0,43.8307449221611
182,10920000000000,2.0,14.0,2.8575498575498575,2.0,8.0,351,1.0,10.0,5.4415954415954415,5.0,9.0,351,14.0,23.0,18.558404558404558,19.0,21.0,351,2.0,7.0,2.4814814814814814,2.0,4.0,351,0.0,44.0,27.28813559322034,30.0,44.0,118,0.0,104.0,50.57627118644068,48.0,104.0,118,1.0,1.0,1.0,1.0,1.0,95,0.9999999999999998,1.0,1.0,1.0,1.0,95,1.0,1.5,1.020877192982456,1.0,1.2,95,0.9999999999999998,2.0798311060485637,1.0323544630801618,1.0,1.197550044479227,95,552.0,0.0,0.0,436.0,116.0,95.0,21.0,0.0,6.0,0.0,0.0,15.0,0.8189655172413793,7.0,0.07368421052631578,118.0,95.0,0.8050847457627118,0.0,0.0,0.0,0.0,23.0,0.19491525423728814,0.0,0.0,0.0,0.0,0.0,0.0,0.0,40.88569991290569
183,10980000000000,2.0,14.0,2.8404558404558404,2.0,8.0,351,2.0,8.0,5.481481481481482,5.0,8.0,351,16.0,22.0,18.51851851851852,19.0,21.0,351,2.0,7.0,2.4814814814814814,2.0,4.0,351,0.0,44.0,27.284552845528456,32.0,44.0,123,0.0,104.0,51.1869918699187,56.0,104.0,123,1.0,1.0,1.0,1.0,1.0,123,0.9999999999999999,1.0000000000000002,1.0,1.0,1.0,123,1.0,1.0,1.0,1.0,1.0,123,0.9999999999999999,1.0000000000000002,1.0,1.0,1.0,123,552.0,0.0,0.0,429.0,123.0,123.0,0.0,0.0,0.0,0.0,0.0,0.0,1.0,0.0,0.0,123.0,123.0,1.0,0.0,0.0,0.0,0.0,0.0,0.0,0.0,0.0,0.0,0.0,0.0,0.0,0.0,173.7064179033041
184,11040000000000,2.0,13.0,2.903133903133903,2.0,8.0,351,2.0,8.0,5.43019943019943,5.0,8.0,351,16.0,22.0,18.56980056980057,19.0,21.0,351,2.0,6.0,2.5128205128205128,2.0,4.0,351,0.0,44.0,27.206349206349206,32.0,44.0,126,0.0,104.0,50.53968253968254,56.0,104.0,126,1.0,1.0,1.0,1.0,1.0,121,1.0,1.0000000000000002,1.0,1.0,1.0000000000000002,121,1.0,1.5,1.0192837465564737,1.0,1.25,121,1.0,1.8605484770215268,1.0285150291582872,1.0,1.2670075982329019,121,552.0,0.0,0.0,417.0,135.0,121.0,14.0,0.0,12.0,0.0,0.0,2.0,0.8962962962962963,9.0,0.0743801652892562,126.0,121.0,0.9603174603174603,0.0,0.0,0.0,0.0,5.0,0.03968253968253968,0.0,0.0,0.0,0.0,0.0,0.0,0.0,49.297936260700226
185,11100000000000,2.0,13.0,2.883190883190883,2.0,8.0,351,2.0,8.0,5.37037037037037,5.0,8.0,351,16.0,22.0,18.62962962962963,19.0,21.0,351,2.0,6.0,2.5042735042735043,2.0,4.0,351,0.0,44.0,27.735537190082646,32.0,44.0,121,0.0,104.0,51.43801652892562,56.0,104.0,121,1.0,1.0,1.0,1.0,1.0,93,0.9999999999999998,1.0000000000000002,1.0,1.0,1.0,93,1.0,1.5,1.0302099334357397,1.0,1.2833333333333325,93,0.9999999999999998,2.194992614484673,1.0570986111476792,1.0,1.436228893860307,93,552.0,0.0,0.0,418.0,134.0,93.0,41.0,0.0,21.0,0.0,0.0,20.0,0.6940298507462687,10.0,0.10752688172043011,121.0,93.0,0.768595041322314,0.0,0.0,0.0,0.0,28.0,0.23140495867768596,0.0,0.0,0.0,0.0,0.0,0.0,0.0,47.27957956492901
186,11160000000000,2.0,15.0,2.9316239316239314,2.0,9.0,351,2.0,10.0,5.518518518518518,5.0,9.0,351,14.0,22.0,18.48148148148148,19.0,21.0,351,2.0,6.0,2.5042735042735043,2.0,4.0,351,0.0,44.0,26.0,28.0,44.0,138,0.0,104.0,47.130434782608695,40.0,104.0,138,1.0,1.0,1.0,1.0,1.0,138,0.9999999999999999,1.0000000000000002,1.0,1.0,1.0,138,1.0,1.0,1.0,1.0,1.0,138,0.9999999999999999,1.0000000000000002,1.0,1.0,1.0,138,552.0,0.0,0.0,414.0,138.0,138.0,0.0,0.0,0.0,0.0,0.0,0.0,1.0,0.0,0.0,138.0,138.0,1.0,0.0,0.0,0.0,0.0,0.0,0.0,0.0,0.0,0.0,0.0,0.0,0.0,0.0,109.68771763145924
187,11220000000000,2.0,15.0,2.888888888888889,2.0,8.0,351,2.0,10.0,5.4586894586894585,5.0,9.0,351,14.0,22.0,18.54131054131054,19.0,21.0,351,2.0,7.0,2.5042735042735043,2.0,4.0,351,0.0,44.0,25.73643410852713,28.0,44.0,129,0.0,104.0,46.01550387596899,40.0,104.0,129,1.0,1.0,1.0,1.0,1.0,120,0.9999999999999998,1.0000000000000002,1.0,1.0,1.0000000000000002,120,1.0,1.5,1.0138888888888888,1.0,1.0083333333333329,120,0.9999999999999998,2.1403390740305372,1.0224948346790195,1.0,1.0219404116591495,120,552.0,0.0,0.0,425.0,127.0,120.0,7.0,0.0,6.0,0.0,0.0,1.0,0.9448818897637795,7.0,0.058333333333333334,129.0,120.0,0.9302325581395349,0.0,0.0,0.0,0.0,9.0,0.06976744186046512,0.0,0.0,0.0,0.0,0.0,0.0,0.0,50.323471426963806
188,11280000000000,2.0,15.0,2.849002849002849,2.0,7.0,351,1.0,10.0,5.384615384615385,5.0,9.0,351,14.0,23.0,18.615384615384617,19.0,21.0,351,2.0,7.0,2.492877492877493,2.0,4.0,351,0.0,44.0,27.049180327868854,28.0,44.0,122,0.0,104.0,49.18032786885246,40.0,104.0,122,1.0,1.0,1.0,1.0,1.0,94,0.9999999999999999,1.0000000000000002,1.0,1.0,1.0000000000000002,94,1.0,1.3333333333333333,1.0141843971631206,1.0,1.1666666666666667,94,0.9999999999999999,1.392627688196704,1.0186170460071553,1.0,1.1939126142235212,94,552.0,0.0,0.0,432.0,120.0,94.0,26.0,0.0,11.0,0.0,0.0,15.0,0.7833333333333333,6.0,0.06382978723404255,122.0,94.0,0.7704918032786885,0.0,0.0,0.0,0.0,28.0,0.22950819672131148,0.0,0.0,0.0,0.0,0.0,0.0,0.0,48.24875853955746
189,11340000000000,2.0,15.0,2.8917378917378915,2.0,8.0,351,1.0,10.0,5.62962962962963,6.0,8.0,351,14.0,23.0,18.37037037037037,18.0,22.0,351,2.0,7.0,2.4957264957264957,2.0,4.0,351,0.0,44.0,26.446280991735538,28.0,44.0,121,0.0,104.0,47.47107438016529,40.0,104.0,121,1.0,1.0,1.0,1.0,1.0,121,0.9999999999999998,1.0000000000000002,1.0,1.0,1.0,121,1.0,1.0,1.0,1.0,1.0,121,0.9999999999999998,1.0000000000000002,1.0,1.0,1.0,121,552.0,0.0,0.0,431.0,121.0,121.0,0.0,0.0,0.0,0.0,0.0,0.0,1.0,0.0,0.0,121.0,121.0,1.0,0.0,0.0,0.0,0.0,0.0,0.0,0.0,0.0,0.0,0.0,0.0,0.0,0.0,100.91215185821056
190,11400000000000,2.0,14.0,2.871794871794872,2.0,8.0,351,1.0,10.0,5.5754985754985755,6.0,8.0,351,14.0,23.0,18.424501424501425,18.0,22.0,351,2.0,7.0,2.492877492877493,2.0,4.0,351,0.0,44.0,26.304,28.0,44.0,125,0.0,104.0,48.192,40.0,104.0,125,1.0,1.0,1.0,1.0,1.0,111,0.9999999999999998,1.0,1.0,1.0,1.0,111,1.0,1.5,1.0148648648648648,1.0,1.0,111,0.9999999999999998,1.7942233233429525,1.0205967139033623,1.0,1.0065529647684777,111,552.0,0.0,0.0,434.0,118.0,111.0,7.0,0.0,4.0,0.0,0.0,3.0,0.940677966101695,6.0,0.05405405405405406,125.0,111.0,0.888,0.0,0.0,0.0,0.0,14.0,0.112,0.0,0.0,0.0,0.0,0.0,0.0,0.0,110.30268482863903
191,11460000000000,2.0,14.0,2.886039886039886,2.0,8.0,351,1.0,10.0,5.521367521367521,6.0,8.0,351,14.0,23.0,18.478632478632477,18.0,22.0,351,2.0,7.0,2.4985754985754984,2.0,4.0,351,0.0,44.0,27.323529411764707,32.0,44.0,136,0.0,104.0,51.05882352941177,56.0,104.0,136,1.0,1.0,1.0,1.0,1.0,108,1.0,1.0,1.0,1.0,1.0,108,1.0,1.5,1.0290123456790123,1.0,1.25,108,1.0,2.155048931403288,1.0467774049305012,1.0,1.257557627783228,108,552.0,0.0,0.0,429.0,123.0,108.0,15.0,0.0,4.0,0.0,0.0,11.0,0.8780487804878049,11.0,0.10185185185185185,136.0,108.0,0.7941176470588235,0.0,0.0,0.0,0.0,28.0,0.20588235294117646,0.0,0.0,0.0,0.0,0.0,0.0,0.0,40.58562405407429
192,11520000000000,2.0,14.0,2.8803418803418803,2.0,8.0,351,2.0,9.0,5.592592592592593,5.0,9.0,351,15.0,22.0,18.40740740740741,19.0,21.0,351,2.0,7.0,2.5042735042735043,2.0,4.0,351,0.0,44.0,26.676923076923078,32.0,44.0,130,0.0,104.0,49.10769230769231,56.0,104.0,130,1.0,1.0,1.0,1.0,1.0,130,0.9999999999999998,1.0000000000000002,1.0,1.0,1.0,130,1.0,1.0,1.0,1.0,1.0,130,0.9999999999999998,1.0000000000000002,1.0,1.0,1.0,130,552.0,0.0,0.0,422.0,130.0,130.0,0.0,0.0,0.0,0.0,0.0,0.0,1.0,0.0,0.0,130.0,130.0,1.0,0.0,0.0,0.0,0.0,0.0,0.0,0.0,0.0,0.0,0.0,0.0,0.0,0.0,92.27851964533329
193,11580000000000,2.0,14.0,2.8945868945868947,2.0,8.0,351,2.0,9.0,5.524216524216524,5.0,9.0,351,15.0,22.0,18.475783475783476,19.0,21.0,351,2.0,6.0,2.5042735042735043,2.0,4.0,351,0.0,44.0,27.36,28.0,44.0,125,0.0,104.0,49.536,40.0,104.0,125,1.0,1.0,1.0,1.0,1.0,116,0.9999999999999998,1.0000000000000002,1.0,1.0,1.0,116,1.0,1.5,1.016522988505747,1.0,1.0,116,0.9999999999999998,2.116453293504339,1.0286987145499156,1.0,1.0008111696457385,116,552.0,0.0,0.0,419.0,133.0,116.0,17.0,0.0,13.0,0.0,0.0,4.0,0.8721804511278195,7.0,0.0603448275862069,125.0,116.0,0.928,0.0,0.0,0.0,0.0,9.0,0.072,0.0,0.0,0.0,0.0,0.0,0.0,0.0,39.21524062752724
194,11640000000000,2.0,14.0,2.9002849002849005,2.0,8.5,351,1.0,9.0,5.455840455840455,5.0,9.0,351,15.0,23.0,18.544159544159545,19.0,21.0,351,2.0,7.0,2.507122507122507,2.0,4.0,351,0.0,44.0,27.07936507936508,30.0,44.0,126,0.0,104.0,49.46031746031746,48.0,104.0,126,1.0,1.0,1.0,1.0,1.0,98,0.9999999999999998,1.0000000000000002,1.0,1.0,1.0000000000000002,98,1.0,1.5,1.026360544217687,1.0,1.25,98,0.9999999999999998,2.134628672109657,1.0415172310339635,1.0,1.3192953218255783,98,552.0,0.0,0.0,418.0,134.0,98.0,36.0,0.0,19.0,0.0,0.0,17.0,0.7313432835820896,9.0,0.09183673469387756,126.0,98.0,0.7777777777777778,0.0,0.0,0.0,0.0,28.0,0.2222222222222222,0.0,0.0,0.0,0.0,0.0,0.0,0.0,41.619978845119476
195,11700000000000,2.0,15.0,2.8603988603988606,2.0,8.0,351,2.0,10.0,5.407407407407407,5.0,8.0,351,14.0,22.0,18.59259259259259,19.0,21.0,351,2.0,7.0,2.492877492877493,2.0,4.0,351,0.0,44.0,25.10569105691057,28.0,44.0,123,0.0,104.0,45.39837398373984,40.0,104.0,123,1.0,1.0,1.0,1.0,1.0,123,0.9999999999999999,1.0000000000000002,1.0,1.0,1.0,123,1.0,1.0,1.0,1.0,1.0,123,0.9999999999999999,1.0000000000000002,1.0,1.0,1.0,123,552.0,0.0,0.0,429.0,123.0,123.0,0.0,0.0,0.0,0.0,0.0,0.0,1.0,0.0,0.0,123.0,123.0,1.0,0.0,0.0,0.0,0.0,0.0,0.0,0.0,0.0,0.0,0.0,0.0,0.0,0.0,90.21227434277534
196,11760000000000,2.0,15.0,2.871794871794872,2.0,8.0,351,2.0,10.0,5.353276353276353,5.0,8.0,351,14.0,22.0,18.646723646723647,19.0,21.0,351,2.0,7.0,2.5014245014245016,2.0,4.0,351,0.0,44.0,26.016528925619834,28.0,44.0,121,0.0,104.0,46.34710743801653,40.0,104.0,121,1.0,1.0,1.0,1.0,1.0,112,0.9999999999999998,1.0000000000000002,1.0,1.0,1.0,112,1.0,1.3333333333333333,1.005952380952381,1.0,1.0,112,0.9999999999999998,1.4020643452078374,1.0071413483175455,1.0,1.0,112,552.0,0.0,0.0,429.0,123.0,112.0,11.0,0.0,2.0,0.0,0.0,9.0,0.9105691056910569,2.0,0.017857142857142856,121.0,112.0,0.9256198347107438,0.0,0.0,0.0,0.0,9.0,0.0743801652892562,0.0,0.0,0.0,0.0,0.0,0.0,0.0,44.463278725743294
197,11820000000000,2.0,14.0,2.843304843304843,2.0,7.5,351,1.0,10.0,5.282051282051282,5.0,8.0,351,14.0,23.0,18.71794871794872,19.0,21.0,351,2.0,7.0,2.4814814814814814,2.0,4.0,351,0.0,44.0,26.084033613445378,28.0,44.0,119,0.0,104.0,46.252100840336134,40.0,104.0,119,1.0,1.0,1.0,1.0,1.0,92,0.9999999999999998,1.0000000000000002,1.0,1.0,1.0,92,1.0,1.3333333333333333,1.0144927536231882,1.0,1.0750000000000006,92,0.9999999999999998,1.5429096248835314,1.0211124438307342,1.0,1.101078985831067,92,552.0,0.0,0.0,424.0,128.0,92.0,36.0,0.0,17.0,0.0,0.0,19.0,0.71875,7.0,0.07608695652173914,119.0,92.0,0.773109243697479,0.0,0.0,0.0,0.0,27.0,0.226890756302521,0.0,0.0,0.0,0.0,0.0,0.0,0.0,41.86692461371422
198,11880000000000,2.0,15.0,2.8746438746438745,2.0,8.0,351,2.0,9.0,5.555555555555555,5.0,8.0,351,15.0,22.0,18.444444444444443,19.0,22.0,351,2.0,7.0,2.49002849002849,2.0,4.0,351,0.0,44.0,25.680672268907564,28.0,44.0,119,0.0,104.0,47.05882352941177,40.0,104.0,119,1.0,1.0,1.0,1.0,1.0,119,0.9999999999999998,1.0,1.0,1.0,1.0,119,1.0,1.0,1.0,1.0,1.0,119,0.9999999999999998,1.0,1.0,1.0,1.0,119,552.0,0.0,0.0,433.0,119.0,119.0,0.0,0.0,0.0,0.0,0.0,0.0,1.0,0.0,0.0,119.0,119.0,1.0,0.0,0.0,0.0,0.0,0.0,0.0,0.0,0.0,0.0,0.0,0.0,0.0,0.0,154.94929440319538
199,11940000000000,2.0,14.0,2.8632478632478633,2.0,7.5,351,2.0,9.0,5.498575498575499,5.0,8.0,351,15.0,22.0,18.501424501424502,19.0,22.0,351,2.0,7.0,2.49002849002849,2.0,4.0,351,0.0,44.0,25.68595041322314,28.0,44.0,121,0.0,104.0,47.40495867768595,40.0,104.0,121,1.0,1.0,1.0,1.0,1.0,109,0.9999999999999999,1.0000000000000002,1.0,1.0,1.0,109,1.0,1.25,1.008256880733945,1.0,1.0,109,0.9999999999999999,1.3213918092049175,1.0097943241791028,1.0,1.0000000000000002,109,552.0,0.0,0.0,434.0,118.0,109.0,9.0,0.0,3.0,0.0,0.0,6.0,0.923728813559322,4.0,0.03669724770642202,121.0,109.0,0.9008264462809917,0.0,0.0,0.0,0.0,12.0,0.09917355371900827,0.0,0.0,0.0,0.0,0.0,0.0,0.0,46.703239902853966
200,12000000000000,2.0,14.0,2.866096866096866,2.0,7.5,351,2.0,9.0,5.433048433048433,5.0,8.0,351,15.0,22.0,18.566951566951566,19.0,22.0,351,2.0,6.0,2.492877492877493,2.0,4.0,351,0.0,44.0,25.934426229508198,32.0,44.0,122,0.0,104.0,48.26229508196721,56.0,104.0,122,1.0,1.0,1.0,1.0,1.0,102,0.9999999999999999,1.0,1.0,1.0,1.0,102,1.0,1.25,1.0183006535947714,1.0,1.2474999999999994,102,0.9999999999999999,1.3945858506184092,1.0239787043940922,1.0,1.294564260384307,102,552.0,0.0,0.0,436.0,116.0,102.0,14.0,0.0,4.0,0.0,0.0,10.0,0.8793103448275862,10.0,0.09803921568627451,122.0,102.0,0.8360655737704918,0.0,0.0,0.0,0.0,20.0,0.16393442622950818,0.0,0.0,0.0,0.0,0.0,0.0,0.0,45.866709202528
201,12060000000000,2.0,14.0,2.8917378917378915,2.0,9.0,351,2.0,8.0,5.592592592592593,6.0,8.0,351,16.0,22.0,18.40740740740741,18.0,22.0,351,2.0,7.0,2.4985754985754984,2.0,4.0,351,0.0,44.0,27.055118110236222,28.0,44.0,127,0.0,104.0,48.69291338582677,40.0,104.0,127,1.0,1.0,1.0,1.0,1.0,127,0.9999999999999998,1.0000000000000002,1.0,1.0,1.0,127,1.0,1.0,1.0,1.0,1.0,127,0.9999999999999998,1.0000000000000002,1.0,1.0,1.0,127,552.0,0.0,0.0,425.0,127.0,127.0,0.0,0.0,0.0,0.0,0.0,0.0,1.0,0.0,0.0,127.0,127.0,1.0,0.0,0.0,0.0,0.0,0.0,0.0,0.0,0.0,0.0,0.0,0.0,0.0,0.0,98.02722372114658
202,12120000000000,2.0,15.0,2.925925925925926,2.0,9.0,351,1.0,8.0,5.532763532763533,6.0,8.0,351,16.0,23.0,18.467236467236468,18.0,22.0,351,2.0,7.0,2.5242165242165244,2.0,4.0,351,0.0,44.0,26.75968992248062,28.0,44.0,129,0.0,104.0,48.434108527131784,40.0,104.0,129,1.0,1.0,1.0,1.0,1.0,118,0.9999999999999998,1.0000000000000002,1.0,1.0,1.0,118,1.0,1.5,1.0151129943502826,1.0,1.0299999999999983,118,0.9999999999999998,1.9107644592910629,1.0215197373645246,1.0,1.0355334834393222,118,552.0,0.0,0.0,418.0,134.0,118.0,16.0,0.0,10.0,0.0,0.0,6.0,0.8805970149253731,6.0,0.05084745762711865,129.0,118.0,0.9147286821705426,0.0,0.0,0.0,0.0,11.0,0.08527131782945736,0.0,0.0,0.0,0.0,0.0,0.0,0.0,48.413682729005814
203,12180000000000,2.0,15.0,2.9316239316239314,2.0,9.0,351,1.0,8.0,5.481481481481482,6.0,8.0,351,16.0,23.0,18.51851851851852,18.0,22.0,351,2.0,7.0,2.4985754985754984,2.0,4.0,351,0.0,44.0,27.253731343283583,30.0,44.0,134,0.0,104.0,49.91044776119403,48.0,104.0,134,1.0,1.0,1.0,1.0,1.0,114,0.9999999999999998,1.0000000000000002,1.0,1.0,1.0,114,1.0,1.5,1.0171052631578947,1.0,1.1783333333333332,114,0.9999999999999998,2.2591891558361143,1.0286785134037681,1.0,1.1857441432341218,114,552.0,0.0,0.0,419.0,133.0,114.0,19.0,0.0,6.0,0.0,0.0,13.0,0.8571428571428571,7.0,0.06140350877192982,134.0,114.0,0.8507462686567164,0.0,0.0,0.0,0.0,20.0,0.14925373134328357,0.0,0.0,0.0,0.0,0.0,0.0,0.0,45.980168506503105
204,12240000000000,2.0,13.0,2.8746438746438745,2.0,7.0,351,2.0,9.0,5.481481481481482,6.0,8.0,351,15.0,22.0,18.51851851851852,18.0,22.0,351,2.0,7.0,2.49002849002849,2.0,4.0,351,0.0,44.0,26.521008403361346,28.0,44.0,119,0.0,104.0,47.39495798319328,40.0,104.0,119,1.0,1.0,1.0,1.0,1.0,119,0.9999999999999998,1.0000000000000002,1.0,1.0,1.0000000000000002,119,1.0,1.0,1.0,1.0,1.0,119,0.9999999999999998,1.0000000000000002,1.0,1.0,1.0000000000000002,119,552.0,0.0,0.0,433.0,119.0,119.0,0.0,0.0,0.0,0.0,0.0,0.0,1.0,0.0,0.0,119.0,119.0,1.0,0.0,0.0,0.0,0.0,0.0,0.0,0.0,0.0,0.0,0.0,0.0,0.0,0.0,108.50445553660393
205,12300000000000,2.0,14.0,2.8575498575498575,2.0,7.5,351,1.0,9.0,5.427350427350428,6.0,8.0,351,15.0,23.0,18.572649572649574,18.0,22.0,351,2.0,7.0,2.4843304843304845,2.0,4.0,351,0.0,44.0,26.140350877192983,28.0,44.0,114,0.0,104.0,46.45614035087719,40.0,104.0,114,1.0,1.0,1.0,1.0,1.0,104,0.9999999999999998,1.0000000000000002,1.0,1.0,1.0,104,1.0,1.3333333333333333,1.0069826007326008,1.0,1.0,104,0.9999999999999998,1.423535930244781,1.0089565467573358,1.0,1.0000000000000002,104,552.0,0.0,0.0,432.0,120.0,104.0,16.0,0.0,10.0,0.0,0.0,6.0,0.8666666666666667,4.0,0.038461538461538464,114.0,104.0,0.9122807017543859,0.0,0.0,0.0,0.0,10.0,0.08771929824561403,0.0,0.0,0.0,0.0,0.0,0.0,0.0,126.68163701891899
206,12360000000000,2.0,14.0,2.8575498575498575,2.0,7.0,351,1.0,9.0,5.367521367521367,5.0,8.0,351,15.0,23.0,18.632478632478634,19.0,22.0,351,2.0,7.0,2.492877492877493,2.0,4.0,351,0.0,44.0,27.491525423728813,28.0,44.0,118,0.0,104.0,50.16949152542373,40.0,104.0,118,1.0,1.0,1.0,1.0,1.0,96,1.0,1.0000000000000002,1.0,1.0,1.0,96,1.0,1.5,1.0206597222222222,1.0,1.2,96,1.0,2.182192168200068,1.0338665466737489,1.0,1.1910585368831172,96,552.0,0.0,0.0,430.0,122.0,96.0,26.0,0.0,11.0,0.0,0.0,15.0,0.7868852459016393,7.0,0.07291666666666667,118.0,96.0,0.8135593220338984,0.0,0.0,0.0,0.0,22.0,0.1864406779661017,0.0,0.0,0.0,0.0,0.0,0.0,0.0,50.308914855122566
207,12420000000000,2.0,14.0,2.8974358974358974,2.0,7.5,351,2.0,9.0,5.703703703703703,6.0,8.0,351,15.0,22.0,18.296296296296298,18.0,21.0,351,2.0,7.0,2.5042735042735043,2.0,4.0,351,0.0,44.0,26.933333333333334,32.0,44.0,120,0.0,104.0,50.13333333333333,56.0,104.0,120,1.0,1.0,1.0,1.0,1.0,120,0.9999999999999999,1.0,1.0,1.0,1.0,120,1.0,1.0,1.0,1.0,1.0,120,0.9999999999999999,1.0,1.0,1.0,1.0,120,552.0,0.0,0.0,432.0,120.0,120.0,0.0,0.0,0.0,0.0,0.0,0.0,1.0,0.0,0.0,120.0,120.0,1.0,0.0,0.0,0.0,0.0,0.0,0.0,0.0,0.0,0.0,0.0,0.0,0.0,0.0,102.50636003911495
208,12480000000000,2.0,14.0,2.8974358974358974,2.0,8.0,351,2.0,9.0,5.632478632478633,6.0,8.0,351,15.0,22.0,18.367521367521366,18.0,21.0,351,2.0,6.0,2.4985754985754984,2.0,4.0,351,0.0,44.0,26.81967213114754,32.0,44.0,122,0.0,104.0,49.442622950819676,56.0,104.0,122,1.0,1.0,1.0,1.0,1.0,110,0.9999999999999999,1.0,1.0,1.0,1.0,110,1.0,1.3333333333333333,1.0103896103896104,1.0,1.0,110,0.9999999999999999,1.5099770062134843,1.0129440135736194,1.0,1.012263397158716,110,552.0,0.0,0.0,435.0,117.0,110.0,7.0,0.0,2.0,0.0,0.0,5.0,0.9401709401709402,6.0,0.05454545454545454,122.0,110.0,0.9016393442622951,0.0,0.0,0.0,0.0,12.0,0.09836065573770492,0.0,0.0,0.0,0.0,0.0,0.0,0.0,46.36804945766926
209,12540000000000,2.0,14.0,2.8917378917378915,2.0,8.5,351,1.0,9.0,5.564102564102564,5.0,8.0,351,15.0,23.0,18.435897435897434,19.0,21.0,351,2.0,7.0,2.4957264957264957,2.0,4.0,351,0.0,44.0,26.8099173553719,28.0,44.0,121,0.0,104.0,48.33057851239669,40.0,104.0,121,1.0,1.0,1.0,1.0,1.0,87,0.9999999999999999,1.0000000000000002,1.0,1.0,1.0,87,1.0,1.5,1.0239463601532566,1.0,1.1666666666666667,87,0.9999999999999999,2.0454932940201394,1.039381159115858,1.0,1.1961932863376166,87,552.0,0.0,0.0,431.0,121.0,87.0,34.0,0.0,12.0,0.0,0.0,22.0,0.71900826446281,6.0,0.06896551724137931,121.0,87.0,0.71900826446281,0.0,0.0,0.0,0.0,34.0,0.2809917355371901,0.0,0.0,0.0,0.0,0.0,0.0,0.0,38.667382672429085
210,12600000000000,2.0,14.0,2.8774928774928776,2.0,7.5,351,1.0,9.0,5.666666666666667,6.0,8.0,351,15.0,23.0,18.333333333333332,18.0,21.0,351,2.0,7.0,2.5156695156695155,2.0,4.0,351,0.0,44.0,26.451612903225808,28.0,44.0,124,0.0,104.0,48.32258064516129,40.0,104.0,124,1.0,1.0,1.0,1.0,1.0,124,0.9999999999999997,1.0,1.0,1.0,1.0,124,1.0,1.0,1.0,1.0,1.0,124,0.9999999999999997,1.0,1.0,1.0,1.0,124,552.0,0.0,0.0,428.0,124.0,124.0,0.0,0.0,0.0,0.0,0.0,0.0,1.0,0.0,0.0,124.0,124.0,1.0,0.0,0.0,0.0,0.0,0.0,0.0,0.0,0.0,0.0,0.0,0.0,0.0,0.0,93.67711469531059
211,12660000000000,2.0,13.0,2.9287749287749287,2.0,9.0,351,1.0,9.0,5.615384615384615,6.0,8.0,351,15.0,23.0,18.384615384615383,18.0,21.0,351,2.0,7.0,2.50997150997151,2.0,4.0,351,0.0,44.0,26.635658914728683,28.0,44.0,129,0.0,104.0,48.49612403100775,40.0,104.0,129,1.0,1.0,1.0,1.0,1.0,120,0.9999999999999998,1.0,1.0,1.0,1.0,120,1.0,1.25,1.005138888888889,1.0,1.0,120,0.9999999999999998,1.2935855341950588,1.0056085576517717,1.0,1.0,120,552.0,0.0,0.0,424.0,128.0,120.0,8.0,0.0,4.0,0.0,0.0,4.0,0.9375,3.0,0.025,129.0,120.0,0.9302325581395349,0.0,0.0,0.0,0.0,9.0,0.06976744186046512,0.0,0.0,0.0,0.0,0.0,0.0,0.0,45.74730806052685
212,12720000000000,2.0,13.0,2.9116809116809117,2.0,8.0,351,1.0,9.0,5.547008547008547,6.0,8.0,351,15.0,23.0,18.45299145299145,18.0,21.0,351,2.0,7.0,2.5014245014245016,2.0,4.0,351,0.0,44.0,27.022222222222222,28.0,44.0,135,0.0,104.0,48.888888888888886,40.0,104.0,135,1.0,1.0,1.0,1.0,1.0,113,0.9999999999999998,1.0,1.0,1.0,1.0,113,1.0,1.5,1.0342182890855456,1.0,1.253333333333332,113,0.9999999999999998,2.1542326990820793,1.0561340226728453,1.0,1.3218173036204492,113,552.0,0.0,0.0,419.0,133.0,113.0,20.0,0.0,9.0,0.0,0.0,11.0,0.849624060150376,13.0,0.11504424778761062,135.0,113.0,0.837037037037037,0.0,0.0,0.0,0.0,22.0,0.16296296296296298,0.0,0.0,0.0,0.0,0.0,0.0,0.0,104.19213771820068
213,12780000000000,2.0,13.0,2.8774928774928776,2.0,8.0,351,1.0,10.0,5.555555555555555,6.0,8.0,351,14.0,23.0,18.444444444444443,18.0,22.0,351,2.0,6.0,2.4957264957264957,2.0,4.0,351,0.0,44.0,26.65573770491803,28.0,44.0,122,0.0,104.0,48.19672131147541,40.0,104.0,122,1.0,1.0,1.0,1.0,1.0,122,0.9999999999999997,1.0000000000000002,1.0,1.0,1.0,122,1.0,1.0,1.0,1.0,1.0,122,0.9999999999999997,1.0000000000000002,1.0,1.0,1.0,122,552.0,0.0,0.0,430.0,122.0,122.0,0.0,0.0,0.0,0.0,0.0,0.0,1.0,0.0,0.0,122.0,122.0,1.0,0.0,0.0,0.0,0.0,0.0,0.0,0.0,0.0,0.0,0.0,0.0,0.0,0.0,88.33501115441322
214,12840000000000,2.0,14.0,2.8803418803418803,2.0,8.0,351,1.0,10.0,5.498575498575499,6.0,8.0,351,14.0,23.0,18.501424501424502,18.0,22.0,351,2.0,7.0,2.492877492877493,2.0,4.0,351,0.0,44.0,26.903225806451612,28.0,44.0,124,0.0,104.0,48.96774193548387,40.0,104.0,124,1.0,1.0,1.0,1.0,1.0,113,0.9999999999999998,1.0,1.0,1.0,1.0,113,1.0,1.5,1.0066371681415929,1.0,1.0,113,0.9999999999999998,2.134980887922913,1.0124025806629575,1.0,1.0,113,552.0,0.0,0.0,429.0,123.0,113.0,10.0,0.0,6.0,0.0,0.0,4.0,0.9186991869918699,4.0,0.035398230088495575,124.0,113.0,0.9112903225806451,0.0,0.0,0.0,0.0,11.0,0.08870967741935484,0.0,0.0,0.0,0.0,0.0,0.0,0.0,40.768155828118324
215,12900000000000,2.0,15.0,2.866096866096866,2.0,7.5,351,0.0,10.0,5.4415954415954415,5.0,8.0,351,14.0,24.0,18.558404558404558,19.0,22.0,351,2.0,7.0,2.49002849002849,2.0,4.0,351,0.0,44.0,27.161290322580644,28.0,44.0,124,0.0,104.0,49.41935483870968,40.0,104.0,124,1.0,1.0,1.0,1.0,1.0,98,0.9999999999999999,1.0,1.0,1.0,1.0,98,1.0,1.5,1.021938775510204,1.0,1.2074999999999996,98,0.9999999999999999,2.1398043934211337,1.0362987112719875,1.0,1.2474405486985705,98,552.0,0.0,0.0,436.0,116.0,98.0,18.0,0.0,6.0,0.0,0.0,12.0,0.8448275862068966,8.0,0.08163265306122448,124.0,98.0,0.7903225806451613,0.0,0.0,0.0,0.0,26.0,0.20967741935483872,0.0,0.0,0.0,0.0,0.0,0.0,0.0,42.64640063047409
216,12960000000000,2.0,14.0,2.871794871794872,2.0,7.5,351,1.0,9.0,5.592592592592593,6.0,8.0,351,15.0,23.0,18.40740740740741,18.0,22.0,351,2.0,7.0,2.5014245014245016,2.0,4.0,351,0.0,44.0,26.776859504132233,32.0,44.0,121,0.0,104.0,49.388429752066116,56.0,104.0,121,1.0,1.0,1.0,1.0,1.0,121,0.9999999999999999,1.0,1.0,1.0,1.0,121,1.0,1.0,1.0,1.0,1.0,121,0.9999999999999999,1.0,1.0,1.0,1.0,121,552.0,0.0,0.0,431.0,121.0,121.0,0.0,0.0,0.0,0.0,0.0,0.0,1.0,0.0,0.0,121.0,121.0,1.0,0.0,0.0,0.0,0.0,0.0,0.0,0.0,0.0,0.0,0.0,0.0,0.0,0.0,98.27971644699574
217,13020000000000,2.0,14.0,2.866096866096866,2.0,7.5,351,1.0,9.0,5.538461538461538,6.0,8.0,351,15.0,23.0,18.46153846153846,18.0,22.0,351,2.0,6.0,2.492877492877493,2.0,4.0,351,0.0,44.0,26.41322314049587,28.0,44.0,121,0.0,104.0,48.52892561983471,40.0,104.0,121,1.0,1.0,1.0,1.0,1.0,115,0.9999999999999999,1.0,1.0,1.0,1.0,115,1.0,1.5,1.0079710144927536,1.0,1.0,115,0.9999999999999999,1.848856517490596,1.011580820642324,1.0,1.0,115,552.0,0.0,0.0,429.0,123.0,115.0,8.0,0.0,5.0,0.0,0.0,3.0,0.9349593495934959,3.0,0.02608695652173913,121.0,115.0,0.9504132231404959,0.0,0.0,0.0,0.0,6.0,0.049586776859504134,0.0,0.0,0.0,0.0,0.0,0.0,0.0,49.876200035214424
218,13080000000000,2.0,15.0,2.8632478632478633,2.0,7.5,351,1.0,9.0,5.481481481481482,6.0,8.0,351,15.0,23.0,18.51851851851852,18.0,22.0,351,2.0,7.0,2.4985754985754984,2.0,4.0,351,0.0,44.0,26.22222222222222,28.0,44.0,117,0.0,104.0,47.65811965811966,40.0,104.0,117,1.0,1.0,1.0,1.0,1.0,101,0.9999999999999998,1.0,1.0,1.0,1.0,101,1.0,1.5,1.0283828382838285,1.0,1.25,101,0.9999999999999998,2.2335006435185014,1.0516897593130499,1.0,1.2974259600784146,101,552.0,0.0,0.0,438.0,114.0,101.0,13.0,0.0,5.0,0.0,0.0,8.0,0.8859649122807017,14.0,0.13861386138613863,117.0,101.0,0.8632478632478633,0.0,0.0,0.0,0.0,16.0,0.13675213675213677,0.0,0.0,0.0,0.0,0.0,0.0,0.0,48.003921285271645
219,13140000000000,2.0,14.0,2.883190883190883,2.0,7.5,351,1.0,10.0,5.555555555555555,6.0,8.0,351,14.0,23.0,18.444444444444443,18.0,21.0,351,2.0,7.0,2.4957264957264957,2.0,4.0,351,0.0,44.0,26.066666666666666,28.0,44.0,120,0.0,104.0,47.86666666666667,40.0,104.0,120,1.0,1.0,1.0,1.0,1.0,120,0.9999999999999998,1.0000000000000002,1.0,1.0,1.0,120,1.0,1.0,1.0,1.0,1.0,120,0.9999999999999998,1.0000000000000002,1.0,1.0,1.0,120,552.0,0.0,0.0,432.0,120.0,120.0,0.0,0.0,0.0,0.0,0.0,0.0,1.0,0.0,0.0,120.0,120.0,1.0,0.0,0.0,0.0,0.0,0.0,0.0,0.0,0.0,0.0,0.0,0.0,0.0,0.0,181.10240250825882
220,13200000000000,2.0,14.0,2.8917378917378915,2.0,8.0,351,1.0,10.0,5.495726495726496,6.0,8.0,351,14.0,23.0,18.504273504273506,18.0,21.0,351,2.0,7.0,2.4871794871794872,2.0,4.0,351,0.0,44.0,26.955223880597014,32.0,44.0,134,0.0,104.0,49.791044776119406,56.0,104.0,134,1.0,1.0,1.0,1.0,1.0,121,1.0,1.0000000000000002,1.0,1.0,1.0000000000000002,121,1.0,1.5,1.0110192837465564,1.0,1.0,121,1.0,2.0782356279842666,1.0174212199555246,1.0,1.0000000000000002,121,552.0,0.0,0.0,422.0,130.0,121.0,9.0,0.0,2.0,0.0,0.0,7.0,0.9307692307692308,4.0,0.03305785123966942,134.0,121.0,0.9029850746268657,0.0,0.0,0.0,0.0,13.0,0.09701492537313433,0.0,0.0,0.0,0.0,0.0,0.0,0.0,52.81030759215355
221,13260000000000,2.0,15.0,2.9002849002849005,2.0,8.5,351,1.0,10.0,5.438746438746438,6.0,8.0,351,14.0,23.0,18.56125356125356,18.0,21.0,351,2.0,6.0,2.4871794871794872,2.0,4.0,351,0.0,44.0,27.153284671532848,32.0,44.0,137,0.0,104.0,50.277372262773724,56.0,104.0,137,1.0,1.0,1.0,1.0,1.0,107,0.9999999999999998,1.0000000000000002,1.0,1.0,1.0,107,1.0,1.5,1.0322652425456162,1.0,1.3333333333333333,107,0.9999999999999998,2.0230110733967117,1.0500739920749524,1.0,1.4902034554089731,107,552.0,0.0,0.0,417.0,135.0,107.0,28.0,0.0,5.0,0.0,0.0,23.0,0.7925925925925926,13.0,0.12149532710280374,137.0,107.0,0.781021897810219,0.0,0.0,0.0,0.0,30.0,0.21897810218978103,0.0,0.0,0.0,0.0,0.0,0.0,0.0,46.49031162261963
222,13320000000000,2.0,15.0,2.871794871794872,2.0,8.0,351,1.0,10.0,5.481481481481482,5.0,8.0,351,14.0,23.0,18.51851851851852,19.0,21.0,351,2.0,6.0,2.4757834757834756,2.0,4.0,351,0.0,44.0,27.015873015873016,32.0,44.0,126,0.0,104.0,50.34920634920635,56.0,104.0,126,1.0,1.0,1.0,1.0,1.0,126,0.9999999999999998,1.0000000000000002,1.0,1.0,1.0,126,1.0,1.0,1.0,1.0,1.0,126,0.9999999999999998,1.0000000000000002,1.0,1.0,1.0,126,552.0,0.0,0.0,426.0,126.0,126.0,0.0,0.0,0.0,0.0,0.0,0.0,1.0,0.0,0.0,126.0,126.0,1.0,0.0,0.0,0.0,0.0,0.0,0.0,0.0,0.0,0.0,0.0,0.0,0.0,0.0,100.69036111235619
223,13380000000000,2.0,15.0,2.8803418803418803,2.0,8.0,351,0.0,10.0,5.415954415954416,5.0,8.0,351,14.0,24.0,18.584045584045583,19.0,21.0,351,2.0,6.0,2.4786324786324787,2.0,4.0,351,0.0,44.0,26.735042735042736,32.0,44.0,117,0.0,104.0,49.70940170940171,56.0,104.0,117,1.0,1.0,1.0,1.0,1.0,106,0.9999999999999999,1.0000000000000002,1.0,1.0,1.0,106,1.0,1.3333333333333333,1.0110961365678346,1.0,1.0,106,0.9999999999999999,1.3987833483822427,1.0135419378549428,1.0,1.0000000000000002,106,552.0,0.0,0.0,438.0,114.0,106.0,8.0,0.0,6.0,0.0,0.0,2.0,0.9298245614035088,5.0,0.04716981132075472,117.0,106.0,0.905982905982906,0.0,0.0,0.0,0.0,11.0,0.09401709401709402,0.0,0.0,0.0,0.0,0.0,0.0,0.0,45.223165303468704
224,13440000000000,2.0,15.0,2.866096866096866,2.0,8.0,351,0.0,10.0,5.37037037037037,5.0,8.0,351,14.0,24.0,18.62962962962963,19.0,21.0,351,2.0,7.0,2.4957264957264957,2.0,4.0,351,0.0,44.0,28.333333333333332,32.0,44.0,120,0.0,104.0,52.13333333333333,56.0,104.0,120,1.0,1.0,1.0,1.0,1.0,97,0.9999999999999998,1.0000000000000002,1.0,1.0,1.0,97,1.0,1.3333333333333333,1.0172803141875306,1.0,1.2099999999999993,97,0.9999999999999998,1.5282180676943025,1.02516565275915,1.0,1.306850191148564,97,552.0,0.0,0.0,432.0,120.0,97.0,23.0,0.0,7.0,0.0,0.0,16.0,0.8083333333333333,9.0,0.09278350515463918,120.0,97.0,0.8083333333333333,0.0,0.0,0.0,0.0,23.0,0.19166666666666668,0.0,0.0,0.0,0.0,0.0,0.0,0.0,43.62554848194122
225,13500000000000,2.0,15.0,2.866096866096866,2.0,7.5,351,1.0,10.0,5.481481481481482,6.0,8.0,351,14.0,23.0,18.51851851851852,18.0,21.0,351,2.0,6.0,2.49002849002849,2.0,4.0,351,0.0,44.0,26.049586776859503,28.0,44.0,121,0.0,104.0,48.264462809917354,40.0,104.0,121,1.0,1.0,1.0,1.0,1.0,121,0.9999999999999998,1.0,1.0,1.0,1.0,121,1.0,1.0,1.0,1.0,1.0,121,0.9999999999999998,1.0,1.0,1.0,1.0,121,552.0,0.0,0.0,431.0,121.0,121.0,0.0,0.0,0.0,0.0,0.0,0.0,1.0,0.0,0.0,121.0,121.0,1.0,0.0,0.0,0.0,0.0,0.0,0.0,0.0,0.0,0.0,0.0,0.0,0.0,0.0,100.72859190404415
226,13560000000000,2.0,15.0,2.8917378917378915,2.0,7.5,351,1.0,10.0,5.427350427350428,6.0,8.0,351,14.0,23.0,18.572649572649574,18.0,21.0,351,2.0,8.0,2.507122507122507,2.0,4.0,351,0.0,44.0,26.11965811965812,28.0,44.0,117,0.0,104.0,47.24786324786325,40.0,104.0,117,1.0,1.0,1.0,1.0,1.0,110,0.9999999999999998,1.0000000000000002,1.0,1.0,1.0000000000000002,110,1.0,1.5,1.0068181818181818,1.0,1.0,110,0.9999999999999998,1.9381313908912774,1.0120329035654134,1.0,1.0113431426158999,110,552.0,0.0,0.0,437.0,115.0,110.0,5.0,0.0,3.0,0.0,0.0,2.0,0.9565217391304348,7.0,0.06363636363636363,117.0,110.0,0.9401709401709402,0.0,0.0,0.0,0.0,7.0,0.05982905982905983,0.0,0.0,0.0,0.0,0.0,0.0,0.0,135.810611769557
227,13620000000000,2.0,14.0,2.8603988603988606,2.0,7.0,351,1.0,10.0,5.356125356125356,5.0,8.0,351,14.0,23.0,18.643874643874643,19.0,21.0,351,2.0,7.0,2.4871794871794872,2.0,4.0,351,0.0,44.0,27.322580645161292,28.0,44.0,124,0.0,104.0,49.483870967741936,40.0,104.0,124,1.0,1.0,1.0,1.0,1.0,95,1.0,1.0000000000000002,1.0,1.0,1.0,95,1.0,1.5,1.032982456140351,1.0,1.25,95,1.0,2.3201516178388837,1.0565155403524422,1.0,1.309825034653955,95,552.0,0.0,0.0,434.0,118.0,95.0,23.0,0.0,4.0,0.0,0.0,19.0,0.8050847457627118,10.0,0.10526315789473684,124.0,95.0,0.7661290322580645,0.0,0.0,0.0,0.0,29.0,0.23387096774193547,0.0,0.0,0.0,0.0,0.0,0.0,0.0,43.23952458798885
228,13680000000000,2.0,15.0,2.886039886039886,2.0,8.0,351,1.0,10.0,5.518518518518518,6.0,8.0,351,14.0,23.0,18.48148148148148,18.0,21.0,351,2.0,7.0,2.4957264957264957,2.0,4.0,351,0.0,44.0,26.656934306569344,32.0,44.0,137,0.0,104.0,49.86861313868613,56.0,104.0,137,1.0,1.0,1.0,1.0,1.0,137,0.9999999999999998,1.0000000000000002,1.0,1.0,1.0000000000000002,137,1.0,1.0,1.0,1.0,1.0,137,0.9999999999999998,1.0000000000000002,1.0,1.0,1.0000000000000002,137,552.0,0.0,0.0,415.0,137.0,137.0,0.0,0.0,0.0,0.0,0.0,0.0,1.0,0.0,0.0,137.0,137.0,1.0,0.0,0.0,0.0,0.0,0.0,0.0,0.0,0.0,0.0,0.0,0.0,0.0,0.0,92.21800044178963
229,13740000000000,2.0,15.0,2.9002849002849005,2.0,8.0,351,1.0,10.0,5.447293447293447,6.0,8.0,351,14.0,23.0,18.552706552706553,18.0,21.0,351,2.0,6.0,2.4871794871794872,2.0,4.0,351,0.0,44.0,26.89051094890511,32.0,44.0,137,0.0,104.0,50.277372262773724,56.0,104.0,137,1.0,1.0,1.0,1.0,1.0,123,0.9999999999999998,1.0000000000000002,1.0,1.0,1.0,123,1.0,1.5,1.0214866434378629,1.0,1.2392857142857134,123,0.9999999999999998,1.9878508690135528,1.0327470837479418,1.0,1.2731429640896657,123,552.0,0.0,0.0,422.0,130.0,123.0,7.0,0.0,1.0,0.0,0.0,6.0,0.9461538461538461,9.0,0.07317073170731707,137.0,123.0,0.8978102189781022,0.0,0.0,0.0,0.0,14.0,0.10218978102189781,0.0,0.0,0.0,0.0,0.0,0.0,0.0,37.49478608369827
230,13800000000000,2.0,15.0,2.886039886039886,2.0,8.0,351,1.0,10.0,5.396011396011396,6.0,8.0,351,14.0,23.0,18.603988603988604,18.0,21.0,351,2.0,6.0,2.4871794871794872,2.0,4.0,351,0.0,44.0,26.80314960629921,32.0,44.0,127,0.0,104.0,49.95275590551181,56.0,104.0,127,1.0,1.0,1.0,1.0,1.0,101,1.0,1.0000000000000002,1.0,1.0,1.0,101,1.0,1.5,1.0278170674210276,1.0,1.25,101,1.0,2.374731730725269,1.0564129154895696,1.0,1.36531753815383,101,552.0,0.0,0.0,424.0,128.0,101.0,27.0,0.0,6.0,0.0,0.0,21.0,0.7890625,10.0,0.09900990099009901,127.0,101.0,0.7952755905511811,0.0,0.0,0.0,0.0,26.0,0.2047244094488189,0.0,0.0,0.0,0.0,0.0,0.0,0.0,35.679131746292114
231,13860000000000,2.0,15.0,2.8803418803418803,2.0,8.0,351,1.0,10.0,5.555555555555555,6.0,8.0,351,14.0,23.0,18.444444444444443,18.0,21.0,351,2.0,6.0,2.49002849002849,2.0,4.0,351,0.0,44.0,26.656,28.0,44.0,125,0.0,104.0,49.024,40.0,104.0,125,1.0,1.0,1.0,1.0,1.0,125,0.9999999999999998,1.0000000000000002,1.0,1.0,1.0000000000000002,125,1.0,1.0,1.0,1.0,1.0,125,0.9999999999999998,1.0000000000000002,1.0,1.0,1.0000000000000002,125,552.0,0.0,0.0,427.0,125.0,125.0,0.0,0.0,0.0,0.0,0.0,0.0,1.0,0.0,0.0,125.0,125.0,1.0,0.0,0.0,0.0,0.0,0.0,0.0,0.0,0.0,0.0,0.0,0.0,0.0,0.0,90.19327163696289
232,13920000000000,2.0,15.0,2.8803418803418803,2.0,8.0,351,1.0,10.0,5.504273504273504,6.0,8.0,351,14.0,23.0,18.495726495726494,18.0,21.0,351,2.0,8.0,2.5185185185185186,2.0,4.0,351,0.0,44.0,27.552,32.0,44.0,125,0.0,104.0,50.304,56.0,104.0,125,1.0,1.0,1.0,1.0,1.0,117,0.9999999999999998,1.0000000000000002,1.0,1.0,1.0,117,1.0,1.25,1.007834757834758,1.0,1.0,117,0.9999999999999998,1.350772119957504,1.0104011380435207,1.0,1.0015004094261795,117,552.0,0.0,0.0,416.0,136.0,117.0,19.0,0.0,12.0,0.0,0.0,7.0,0.8602941176470589,6.0,0.05128205128205128,125.0,117.0,0.936,0.0,0.0,0.0,0.0,8.0,0.064,0.0,0.0,0.0,0.0,0.0,0.0,0.0,37.94790245592594
233,13980000000000,2.0,15.0,2.8632478632478633,2.0,7.5,351,1.0,10.0,5.438746438746438,5.0,8.0,351,14.0,23.0,18.56125356125356,19.0,21.0,351,2.0,7.0,2.4985754985754984,2.0,4.0,351,0.0,44.0,26.793650793650794,28.0,44.0,126,0.0,104.0,48.888888888888886,40.0,104.0,126,1.0,1.0,1.0,1.0,1.0,100,1.0,1.0000000000000002,1.0,1.0,1.0,100,1.0,1.25,1.0066666666666668,1.0,1.0,100,1.0,1.397131298706594,1.0098342306088477,1.0,1.0,100,552.0,0.0,0.0,421.0,131.0,100.0,31.0,0.0,14.0,0.0,0.0,17.0,0.7633587786259542,3.0,0.03,126.0,100.0,0.7936507936507936,0.0,0.0,0.0,0.0,26.0,0.20634920634920634,0.0,0.0,0.0,0.0,0.0,0.0,0.0,45.93622870743275
234,14040000000000,2.0,15.0,2.866096866096866,2.0,7.0,351,1.0,10.0,5.407407407407407,5.0,9.0,351,14.0,23.0,18.59259259259259,19.0,21.0,351,2.0,7.0,2.49002849002849,2.0,4.0,351,0.0,44.0,26.300884955752213,28.0,44.0,113,0.0,104.0,48.49557522123894,40.0,104.0,113,1.0,1.0,1.0,1.0,1.0,113,0.9999999999999998,1.0000000000000002,1.0,1.0,1.0000000000000002,113,1.0,1.0,1.0,1.0,1.0,113,0.9999999999999998,1.0000000000000002,1.0,1.0,1.0000000000000002,113,552.0,0.0,0.0,439.0,113.0,113.0,0.0,0.0,0.0,0.0,0.0,0.0,1.0,0.0,0.0,113.0,113.0,1.0,0.0,0.0,0.0,0.0,0.0,0.0,0.0,0.0,0.0,0.0,0.0,0.0,0.0,182.85009637475014
235,14100000000000,2.0,14.0,2.8404558404558404,2.0,6.5,351,1.0,10.0,5.327635327635328,5.0,9.0,351,14.0,23.0,18.672364672364672,19.0,21.5,351,2.0,7.0,2.4871794871794872,2.0,4.0,351,0.0,44.0,26.620689655172413,28.0,44.0,116,0.0,104.0,49.37931034482759,40.0,104.0,116,1.0,1.0,1.0,1.0,1.0,100,1.0,1.0000000000000002,1.0,1.0,1.0,100,1.0,1.5,1.023,1.0,1.2,100,1.0,1.876685944948295,1.0321431322691774,1.0,1.21065953869073,100,552.0,0.0,0.0,432.0,120.0,100.0,20.0,0.0,9.0,0.0,0.0,11.0,0.8333333333333334,9.0,0.09,116.0,100.0,0.8620689655172413,0.0,0.0,0.0,0.0,16.0,0.13793103448275862,0.0,0.0,0.0,0.0,0.0,0.0,0.0,49.037208780646324
236,14160000000000,2.0,15.0,2.8774928774928776,2.0,7.5,351,1.0,10.0,5.279202279202279,5.0,9.0,351,14.0,23.0,18.72079772079772,19.0,21.5,351,2.0,7.0,2.49002849002849,2.0,4.0,351,0.0,44.0,27.5,30.0,44.0,136,0.0,104.0,50.705882352941174,48.0,104.0,136,1.0,1.0,1.0,1.0,1.0,110,0.9999999999999999,1.0000000000000002,1.0,1.0,1.0,110,1.0,1.5,1.03,1.0,1.25,110,0.9999999999999999,2.2374016919107302,1.0529375705824708,1.0,1.2766474487398416,110,552.0,0.0,0.0,417.0,135.0,110.0,25.0,0.0,11.0,0.0,0.0,14.0,0.8148148148148148,12.0,0.10909090909090909,136.0,110.0,0.8088235294117647,0.0,0.0,0.0,0.0,26.0,0.19117647058823528,0.0,0.0,0.0,0.0,0.0,0.0,0.0,50.15748180449009
237,14220000000000,2.0,15.0,2.905982905982906,2.0,8.0,351,2.0,10.0,5.666666666666667,5.0,9.0,351,14.0,22.0,18.333333333333332,19.0,21.0,351,2.0,6.0,2.5014245014245016,2.0,4.0,351,0.0,44.0,27.18796992481203,32.0,44.0,133,0.0,104.0,50.285714285714285,56.0,104.0,133,1.0,1.0,1.0,1.0,1.0,133,0.9999999999999998,1.0000000000000002,1.0,1.0,1.0,133,1.0,1.0,1.0,1.0,1.0,133,0.9999999999999998,1.0000000000000002,1.0,1.0,1.0,133,552.0,0.0,0.0,419.0,133.0,133.0,0.0,0.0,0.0,0.0,0.0,0.0,1.0,0.0,0.0,133.0,133.0,1.0,0.0,0.0,0.0,0.0,0.0,0.0,0.0,0.0,0.0,0.0,0.0,0.0,0.0,101.60909779369831
238,14280000000000,2.0,15.0,2.9145299145299144,2.0,8.5,351,2.0,10.0,5.60968660968661,5.0,9.0,351,14.0,22.0,18.39031339031339,19.0,21.0,351,2.0,6.0,2.5014245014245016,2.0,4.0,351,0.0,44.0,27.16417910447761,32.0,44.0,134,0.0,104.0,50.08955223880597,56.0,104.0,134,1.0,1.0,1.0,1.0,1.0,123,0.9999999999999999,1.0000000000000002,1.0,1.0,1.0,123,1.0,1.5,1.0121951219512195,1.0,1.0,123,0.9999999999999999,2.0671416891031313,1.020161640991675,1.0,1.0025959210264115,123,552.0,0.0,0.0,418.0,134.0,123.0,11.0,0.0,6.0,0.0,0.0,5.0,0.917910447761194,7.0,0.056910569105691054,134.0,123.0,0.917910447761194,0.0,0.0,0.0,0.0,11.0,0.08208955223880597,0.0,0.0,0.0,0.0,0.0,0.0,0.0,44.94020156562328
239,14340000000000,2.0,15.0,2.9173789173789175,2.0,8.5,351,1.0,10.0,5.544159544159545,5.0,9.0,351,14.0,23.0,18.455840455840455,19.0,21.0,351,2.0,7.0,2.5128205128205128,2.0,4.0,351,0.0,44.0,28.15267175572519,32.0,44.0,131,0.0,104.0,51.603053435114504,56.0,104.0,131,1.0,1.0,1.0,1.0,1.0,105,0.9999999999999997,1.0000000000000002,1.0,1.0,1.0,105,1.0,1.5,1.0222222222222224,1.0,1.25,105,0.9999999999999997,2.1589104312879255,1.0361171934468407,1.0,1.304326955725233,105,552.0,0.0,0.0,421.0,131.0,105.0,26.0,0.0,12.0,0.0,0.0,14.0,0.8015267175572519,8.0,0.0761904761904762,131.0,105.0,0.8015267175572519,0.0,0.0,0.0,0.0,26.0,0.1984732824427481,0.0,0.0,0.0,0.0,0.0,0.0,0.0,44.51010376214981
240,14400000000000,2.0,16.0,2.8803418803418803,2.0,7.0,351,1.0,10.0,5.7407407407407405,6.0,9.0,351,14.0,23.0,18.25925925925926,18.0,21.0,351,2.0,8.0,2.5213675213675213,2.0,4.0,351,0.0,44.0,26.290076335877863,28.0,44.0,131,0.0,104.0,48.54961832061068,40.0,104.0,131,1.0,1.0,1.0,1.0,1.0,131,0.9999999999999998,1.0,1.0,1.0,1.0,131,1.0,1.0,1.0,1.0,1.0,131,0.9999999999999998,1.0,1.0,1.0,1.0,131,552.0,0.0,0.0,421.0,131.0,131.0,0.0,0.0,0.0,0.0,0.0,0.0,1.0,0.0,0.0,131.0,131.0,1.0,0.0,0.0,0.0,0.0,0.0,0.0,0.0,0.0,0.0,0.0,0.0,0.0,0.0,102.14109160006046
241,14460000000000,2.0,15.0,2.888888888888889,2.0,8.0,351,1.0,10.0,5.666666666666667,6.0,9.0,351,14.0,23.0,18.333333333333332,18.0,21.0,351,2.0,7.0,2.492877492877493,2.0,4.0,351,0.0,44.0,26.65648854961832,28.0,44.0,131,0.0,104.0,48.916030534351144,40.0,104.0,131,1.0,1.0,1.0,1.0,1.0,114,1.0,1.0000000000000002,1.0,1.0,1.0,114,1.0,1.3333333333333333,1.0061403508771931,1.0,1.0,114,1.0,1.4232706987145298,1.007525131125371,1.0,1.0000000000000002,114,552.0,0.0,0.0,429.0,123.0,114.0,9.0,0.0,3.0,0.0,0.0,6.0,0.926829268292683,3.0,0.02631578947368421,131.0,114.0,0.8702290076335878,0.0,0.0,0.0,0.0,17.0,0.1297709923664122,0.0,0.0,0.0,0.0,0.0,0.0,0.0,110.21713353693485
242,14520000000000,2.0,15.0,2.888888888888889,2.0,7.0,351,1.0,10.0,5.60968660968661,5.0,9.0,351,14.0,23.0,18.39031339031339,19.0,21.0,351,2.0,7.0,2.4957264957264957,2.0,4.0,351,0.0,44.0,26.70967741935484,28.0,44.0,124,0.0,104.0,49.354838709677416,40.0,104.0,124,1.0,1.0,1.0,1.0,1.0,103,0.9999999999999998,1.0000000000000002,1.0,1.0,1.0,103,1.0,1.3333333333333333,1.0148867313915857,1.0,1.1499999999999986,103,0.9999999999999998,1.5800651636685161,1.0231982515161058,1.0,1.2005865407293692,103,552.0,0.0,0.0,427.0,125.0,103.0,22.0,0.0,8.0,0.0,0.0,14.0,0.824,10.0,0.0970873786407767,124.0,103.0,0.8306451612903226,0.0,0.0,0.0,0.0,21.0,0.1693548387096774,0.0,0.0,0.0,0.0,0.0,0.0,0.0,45.85343226790428
243,14580000000000,2.0,13.0,2.849002849002849,2.0,8.0,351,2.0,8.0,5.444444444444445,5.0,8.0,351,16.0,22.0,18.555555555555557,19.0,22.0,351,2.0,7.0,2.4871794871794872,2.0,4.0,351,0.0,44.0,25.743589743589745,28.0,44.0,117,0.0,104.0,47.58974358974359,40.0,104.0,117,1.0,1.0,1.0,1.0,1.0,117,0.9999999999999998,1.0000000000000002,1.0,1.0,1.0,117,1.0,1.0,1.0,1.0,1.0,117,0.9999999999999998,1.0000000000000002,1.0,1.0,1.0,117,552.0,0.0,0.0,435.0,117.0,117.0,0.0,0.0,0.0,0.0,0.0,0.0,1.0,0.0,0.0,117.0,117.0,1.0,0.0,0.0,0.0,0.0,0.0,0.0,0.0,0.0,0.0,0.0,0.0,0.0,0.0,102.05207392573357
244,14640000000000,2.0,13.0,2.8518518518518516,2.0,8.0,351,2.0,8.0,5.381766381766382,5.0,8.0,351,16.0,22.0,18.618233618233617,19.0,22.0,351,2.0,7.0,2.4843304843304845,2.0,4.0,351,0.0,44.0,26.456692913385826,32.0,44.0,127,0.0,104.0,49.13385826771653,56.0,104.0,127,1.0,1.0,1.0,1.0,1.0,117,0.9999999999999999,1.0000000000000002,1.0,1.0,1.0,117,1.0,1.25,1.0064102564102564,1.0,1.0,117,0.9999999999999999,1.3385082029498536,1.0076362364343496,1.0,1.0000000000000002,117,552.0,0.0,0.0,426.0,126.0,117.0,9.0,0.0,7.0,0.0,0.0,2.0,0.9285714285714286,4.0,0.03418803418803419,127.0,117.0,0.9212598425196851,0.0,0.0,0.0,0.0,10.0,0.07874015748031496,0.0,0.0,0.0,0.0,0.0,0.0,0.0,46.413252130150795
245,14700000000000,2.0,13.0,2.8803418803418803,2.0,8.0,351,2.0,8.0,5.333333333333333,5.0,8.0,351,16.0,22.0,18.666666666666668,19.0,22.0,351,2.0,7.0,2.50997150997151,2.0,4.0,351,0.0,44.0,26.09375,32.0,44.0,128,0.0,104.0,48.6875,56.0,104.0,128,1.0,1.0,1.0,1.0,1.0,112,0.9999999999999999,1.0000000000000002,1.0,1.0,1.0,112,1.0,1.3333333333333333,1.015625,1.0,1.1124999999999972,112,1.0,1.5223583749602696,1.0230070640823894,1.0,1.1458268504086617,112,552.0,0.0,0.0,419.0,133.0,112.0,21.0,0.0,13.0,0.0,0.0,8.0,0.8421052631578947,7.0,0.0625,128.0,112.0,0.875,0.0,0.0,0.0,0.0,16.0,0.125,0.0,0.0,0.0,0.0,0.0,0.0,0.0,44.06615160405636
246,14760000000000,2.0,15.0,2.903133903133903,2.0,8.5,351,2.0,10.0,5.666666666666667,6.0,8.0,351,14.0,22.0,18.333333333333332,18.0,21.0,351,2.0,6.0,2.5042735042735043,2.0,4.0,351,0.0,44.0,26.15625,28.0,44.0,128,0.0,104.0,47.8125,40.0,104.0,128,1.0,1.0,1.0,1.0,1.0,128,0.9999999999999998,1.0000000000000002,1.0,1.0,1.0,128,1.0,1.0,1.0,1.0,1.0,128,0.9999999999999998,1.0000000000000002,1.0,1.0,1.0,128,552.0,0.0,0.0,424.0,128.0,128.0,0.0,0.0,0.0,0.0,0.0,0.0,1.0,0.0,0.0,128.0,128.0,1.0,0.0,0.0,0.0,0.0,0.0,0.0,0.0,0.0,0.0,0.0,0.0,0.0,0.0,92.15253591537476
247,14820000000000,2.0,15.0,2.905982905982906,2.0,9.0,351,1.0,10.0,5.601139601139601,6.0,8.0,351,14.0,23.0,18.3988603988604,18.0,21.0,351,2.0,7.0,2.5014245014245016,2.0,4.0,351,0.0,44.0,26.70769230769231,28.0,44.0,130,0.0,104.0,48.12307692307692,40.0,104.0,130,1.0,1.0,1.0,1.0,1.0,120,0.9999999999999998,1.0000000000000002,1.0,1.0,1.0,120,1.0,1.5,1.015277777777778,1.0,1.0124999999999993,120,0.9999999999999998,1.9565897095170663,1.0222680842666227,1.0,1.0174127152800616,120,552.0,0.0,0.0,420.0,132.0,120.0,12.0,0.0,6.0,0.0,0.0,6.0,0.9090909090909091,7.0,0.058333333333333334,130.0,120.0,0.9230769230769231,0.0,0.0,0.0,0.0,10.0,0.07692307692307693,0.0,0.0,0.0,0.0,0.0,0.0,0.0,37.476396188139915
248,14880000000000,2.0,15.0,2.868945868945869,2.0,8.0,351,1.0,10.0,5.552706552706553,5.0,8.0,351,14.0,23.0,18.447293447293447,19.0,21.0,351,2.0,7.0,2.492877492877493,2.0,4.0,351,0.0,44.0,26.0,28.0,44.0,120,0.0,104.0,46.4,40.0,104.0,120,1.0,1.0,1.0,1.0,1.0,102,0.9999999999999998,1.0,1.0,1.0,1.0,102,1.0,1.5,1.017156862745098,1.0,1.0,102,0.9999999999999998,2.2847681020013724,1.0343981135337508,1.0,1.0,102,552.0,0.0,0.0,435.0,117.0,102.0,15.0,0.0,7.0,0.0,0.0,8.0,0.8717948717948718,5.0,0.049019607843137254,120.0,102.0,0.85,0.0,0.0,0.0,0.0,18.0,0.15,0.0,0.0,0.0,0.0,0.0,0.0,0.0,87.64512836933136
249,14940000000000,2.0,15.0,2.908831908831909,2.0,7.5,351,1.0,10.0,5.666666666666667,6.0,9.0,351,14.0,23.0,18.333333333333332,18.0,22.0,351,2.0,7.0,2.4985754985754984,2.0,4.0,351,0.0,44.0,26.676923076923078,28.0,44.0,130,0.0,104.0,48.55384615384615,40.0,104.0,130,1.0,1.0,1.0,1.0,1.0,130,0.9999999999999999,1.0000000000000002,1.0,1.0,1.0,130,1.0,1.0,1.0,1.0,1.0,130,0.9999999999999999,1.0000000000000002,1.0,1.0,1.0,130,552.0,0.0,0.0,422.0,130.0,130.0,0.0,0.0,0.0,0.0,0.0,0.0,1.0,0.0,0.0,130.0,130.0,1.0,0.0,0.0,0.0,0.0,0.0,0.0,0.0,0.0,0.0,0.0,0.0,0.0,0.0,92.80184842646122
250,15000000000000,2.0,15.0,2.8575498575498575,2.0,7.0,351,1.0,10.0,5.589743589743589,6.0,9.0,351,14.0,23.0,18.41025641025641,18.0,22.0,351,2.0,7.0,2.49002849002849,2.0,4.0,351,0.0,44.0,26.983606557377048,28.0,44.0,122,0.0,104.0,48.91803278688525,40.0,104.0,122,1.0,1.0,1.0,1.0,1.0,108,0.9999999999999998,1.0,1.0,1.0,1.0,108,1.0,1.5,1.0077160493827162,1.0,1.0,108,0.9999999999999998,1.8883604407242305,1.0125653226019526,1.0,1.0,108,552.0,0.0,0.0,428.0,124.0,108.0,16.0,0.0,10.0,0.0,0.0,6.0,0.8709677419354839,3.0,0.027777777777777776,122.0,108.0,0.8852459016393442,0.0,0.0,0.0,0.0,14.0,0.11475409836065574,0.0,0.0,0.0,0.0,0.0,0.0,0.0,43.36508549749851
251,15060000000000,2.0,15.0,2.8603988603988606,2.0,7.5,351,1.0,10.0,5.52991452991453,6.0,9.0,351,14.0,23.0,18.47008547008547,18.0,22.0,351,2.0,7.0,2.4786324786324787,2.0,4.0,351,0.0,44.0,26.6,28.0,44.0,120,0.0,104.0,48.2,40.0,104.0,120,1.0,1.0,1.0,1.0,1.0,94,0.9999999999999998,1.0000000000000002,1.0,1.0,1.0,94,1.0,1.5,1.0184397163120567,1.0,1.069999999999999,94,0.9999999999999998,2.2725235083667625,1.0335650493734176,1.0,1.0849572958376659,94,552.0,0.0,0.0,433.0,119.0,94.0,25.0,0.0,9.0,0.0,0.0,16.0,0.7899159663865546,6.0,0.06382978723404255,120.0,94.0,0.7833333333333333,0.0,0.0,0.0,0.0,26.0,0.21666666666666667,0.0,0.0,0.0,0.0,0.0,0.0,0.0,41.29675775766373
252,15120000000000,2.0,14.0,2.8518518518518516,2.0,7.0,351,2.0,9.0,5.444444444444445,5.0,8.0,351,15.0,22.0,18.555555555555557,19.0,22.0,351,2.0,7.0,2.4786324786324787,2.0,4.0,351,0.0,44.0,26.666666666666668,32.0,44.0,120,0.0,104.0,49.666666666666664,56.0,104.0,120,1.0,1.0,1.0,1.0,1.0,120,0.9999999999999998,1.0,1.0,1.0,1.0,120,1.0,1.0,1.0,1.0,1.0,120,0.9999999999999998,1.0,1.0,1.0,1.0,120,552.0,0.0,0.0,432.0,120.0,120.0,0.0,0.0,0.0,0.0,0.0,0.0,1.0,0.0,0.0,120.0,120.0,1.0,0.0,0.0,0.0,0.0,0.0,0.0,0.0,0.0,0.0,0.0,0.0,0.0,0.0,99.17030669748783
253,15180000000000,2.0,14.0,2.8603988603988606,2.0,7.0,351,2.0,9.0,5.3760683760683765,5.0,8.0,351,15.0,22.0,18.623931623931625,19.0,22.0,351,2.0,6.0,2.49002849002849,2.0,4.0,351,0.0,44.0,26.433333333333334,32.0,44.0,120,0.0,104.0,49.333333333333336,56.0,104.0,120,1.0,1.0,1.0,1.0,1.0,106,0.9999999999999998,1.0000000000000002,1.0,1.0,1.0,106,1.0,1.3333333333333333,1.014937106918239,1.0,1.125,106,0.9999999999999998,1.5075008093936377,1.0200492596878554,1.0,1.122586387317988,106,552.0,0.0,0.0,434.0,118.0,106.0,12.0,0.0,5.0,0.0,0.0,7.0,0.8983050847457628,6.0,0.05660377358490566,120.0,106.0,0.8833333333333333,0.0,0.0,0.0,0.0,14.0,0.11666666666666667,0.0,0.0,0.0,0.0,0.0,0.0,0.0,45.231131836771965
254,15240000000000,2.0,14.0,2.886039886039886,2.0,8.0,351,1.0,9.0,5.327635327635328,5.0,8.0,351,15.0,23.0,18.672364672364672,19.0,22.0,351,2.0,6.0,2.5014245014245016,2.0,4.0,351,0.0,44.0,27.252032520325205,28.0,44.0,123,0.0,104.0,49.300813008130085,40.0,104.0,123,1.0,1.0,1.0,1.0,1.0,103,0.9999999999999999,1.0,1.0,1.0,1.0,103,1.0,1.5,1.0232316227461857,1.0,1.1666666666666667,103,0.9999999999999999,2.1863060794601243,1.0372107181796413,1.0,1.2085670651539087,103,552.0,0.0,0.0,424.0,128.0,103.0,25.0,0.0,12.0,0.0,0.0,13.0,0.8046875,10.0,0.0970873786407767,123.0,103.0,0.8373983739837398,0.0,0.0,0.0,0.0,20.0,0.16260162601626016,0.0,0.0,0.0,0.0,0.0,0.0,0.0,48.895012587308884
255,15300000000000,2.0,15.0,2.9287749287749287,2.0,9.0,351,2.0,10.0,5.7407407407407405,6.0,8.0,351,14.0,22.0,18.25925925925926,18.0,22.0,351,2.0,7.0,2.5128205128205128,2.0,4.0,351,0.0,44.0,26.075187969924812,28.0,44.0,133,0.0,104.0,47.45864661654135,40.0,104.0,133,1.0,1.0,1.0,1.0,1.0,133,1.0,1.0000000000000002,1.0,1.0,1.0000000000000002,133,1.0,1.0,1.0,1.0,1.0,133,1.0,1.0000000000000002,1.0,1.0,1.0000000000000002,133,552.0,0.0,0.0,419.0,133.0,133.0,0.0,0.0,0.0,0.0,0.0,0.0,1.0,0.0,0.0,133.0,133.0,1.0,0.0,0.0,0.0,0.0,0.0,0.0,0.0,0.0,0.0,0.0,0.0,0.0,0.0,183.0832026898861
256,15360000000000,2.0,14.0,2.9287749287749287,2.0,9.0,351,1.0,10.0,5.680911680911681,6.0,8.0,351,14.0,23.0,18.31908831908832,18.0,22.0,351,2.0,7.0,2.5042735042735043,2.0,4.0,351,0.0,44.0,26.137404580152673,28.0,44.0,131,0.0,104.0,47.38931297709924,40.0,104.0,131,1.0,1.0,1.0,1.0,1.0,118,0.9999999999999998,1.0000000000000002,1.0,1.0,1.0000000000000002,118,1.0,1.5,1.0107344632768362,1.0,1.0,118,0.9999999999999998,2.114760993205415,1.0167699657342495,1.0,1.0000000000000002,118,552.0,0.0,0.0,426.0,126.0,118.0,8.0,0.0,5.0,0.0,0.0,3.0,0.9365079365079365,5.0,0.0423728813559322,131.0,118.0,0.9007633587786259,0.0,0.0,0.0,0.0,13.0,0.09923664122137404,0.0,0.0,0.0,0.0,0.0,0.0,0.0,45.05079425871372
257,15420000000000,2.0,14.0,2.92022792022792,2.0,8.0,351,1.0,10.0,5.6239316239316235,6.0,8.0,351,14.0,23.0,18.376068376068375,18.0,22.0,351,2.0,7.0,2.5014245014245016,2.0,4.0,351,0.0,44.0,26.015037593984964,28.0,44.0,133,0.0,104.0,46.67669172932331,40.0,104.0,133,1.0,1.0,1.0,1.0,1.0,94,0.9999999999999998,1.0000000000000002,1.0,1.0,1.0,94,1.0,1.5,1.0214792299898683,1.0,1.1783333333333332,94,0.9999999999999998,2.0939978418600065,1.0321902962657103,1.0,1.2442152441662633,94,552.0,0.0,0.0,432.0,120.0,94.0,26.0,0.0,5.0,0.0,0.0,21.0,0.7833333333333333,8.0,0.0851063829787234,133.0,94.0,0.706766917293233,0.0,0.0,0.0,0.0,39.0,0.2932330827067669,0.0,0.0,0.0,0.0,0.0,0.0,0.0,45.45745812356472
258,15480000000000,2.0,15.0,2.8575498575498575,2.0,7.5,351,2.0,9.0,5.592592592592593,5.0,8.0,351,15.0,22.0,18.40740740740741,19.0,22.0,351,2.0,7.0,2.492877492877493,2.0,4.0,351,0.0,44.0,25.733333333333334,28.0,44.0,120,0.0,104.0,46.53333333333333,40.0,104.0,120,1.0,1.0,1.0,1.0,1.0,120,0.9999999999999998,1.0000000000000002,1.0,1.0,1.0,120,1.0,1.0,1.0,1.0,1.0,120,0.9999999999999998,1.0000000000000002,1.0,1.0,1.0,120,552.0,0.0,0.0,432.0,120.0,120.0,0.0,0.0,0.0,0.0,0.0,0.0,1.0,0.0,0.0,120.0,120.0,1.0,0.0,0.0,0.0,0.0,0.0,0.0,0.0,0.0,0.0,0.0,0.0,0.0,0.0,104.50252331793308
259,15540000000000,2.0,15.0,2.8803418803418803,2.0,8.0,351,1.0,9.0,5.521367521367521,5.0,8.0,351,15.0,23.0,18.478632478632477,19.0,22.0,351,2.0,7.0,2.4757834757834756,2.0,4.0,351,0.0,44.0,26.92063492063492,30.0,44.0,126,0.0,104.0,49.96825396825397,48.0,104.0,126,1.0,1.0,1.0,1.0,1.0,113,1.0,1.0000000000000002,1.0,1.0,1.0,113,1.0,1.5,1.009228824273072,1.0,1.0,113,1.0,1.870376439505115,1.0127709501880913,1.0,1.0000000000000002,113,552.0,0.0,0.0,429.0,123.0,113.0,10.0,0.0,2.0,0.0,0.0,8.0,0.9186991869918699,5.0,0.04424778761061947,126.0,113.0,0.8968253968253969,0.0,0.0,0.0,0.0,13.0,0.10317460317460317,0.0,0.0,0.0,0.0,0.0,0.0,0.0,46.86174914240837
260,15600000000000,2.0,14.0,2.8945868945868947,2.0,7.5,351,1.0,9.0,5.481481481481482,5.0,8.0,351,15.0,23.0,18.51851851851852,19.0,22.0,351,2.0,7.0,2.4957264957264957,2.0,4.0,351,0.0,44.0,27.24590163934426,32.0,44.0,122,0.0,104.0,49.967213114754095,56.0,104.0,122,1.0,1.0,1.0,1.0,1.0,97,0.9999999999999998,1.0000000000000002,1.0,1.0,1.0,97,1.0,1.5,1.0195876288659795,1.0,1.2,97,0.9999999999999998,2.261802128567571,1.037457758723175,1.0,1.2588762338295263,97,552.0,0.0,0.0,438.0,114.0,97.0,17.0,0.0,4.0,0.0,0.0,13.0,0.8508771929824561,8.0,0.08247422680412371,122.0,97.0,0.7950819672131147,0.0,0.0,0.0,0.0,25.0,0.20491803278688525,0.0,0.0,0.0,0.0,0.0,0.0,0.0,43.78123581409454
261,15660000000000,2.0,14.0,2.905982905982906,2.0,8.0,351,1.0,9.0,5.62962962962963,6.0,9.0,351,15.0,23.0,18.37037037037037,18.0,22.0,351,2.0,7.0,2.5042735042735043,2.0,4.0,351,0.0,44.0,26.885245901639344,30.0,44.0,122,0.0,104.0,49.114754098360656,48.0,104.0,122,1.0,1.0,1.0,1.0,1.0,122,0.9999999999999998,1.0,1.0,1.0,1.0,122,1.0,1.0,1.0,1.0,1.0,122,0.9999999999999998,1.0,1.0,1.0,1.0,122,552.0,0.0,0.0,430.0,122.0,122.0,0.0,0.0,0.0,0.0,0.0,0.0,1.0,0.0,0.0,122.0,122.0,1.0,0.0,0.0,0.0,0.0,0.0,0.0,0.0,0.0,0.0,0.0,0.0,0.0,0.0,92.87066385149956
262,15720000000000,2.0,15.0,2.883190883190883,2.0,8.0,351,1.0,9.0,5.561253561253562,6.0,9.0,351,15.0,23.0,18.43874643874644,18.0,22.0,351,2.0,6.0,2.4871794871794872,2.0,4.0,351,0.0,44.0,27.00826446280992,28.0,44.0,121,0.0,104.0,48.52892561983471,40.0,104.0,121,1.0,1.0,1.0,1.0,1.0,105,0.9999999999999999,1.0000000000000002,1.0,1.0,1.0,105,1.0,1.5,1.0119047619047619,1.0,1.0,105,0.9999999999999999,1.9275535214009343,1.0206314307579674,1.0,1.0032204444053554,105,552.0,0.0,0.0,436.0,116.0,105.0,11.0,0.0,8.0,0.0,0.0,3.0,0.9051724137931034,6.0,0.05714285714285714,121.0,105.0,0.8677685950413223,0.0,0.0,0.0,0.0,16.0,0.1322314049586777,0.0,0.0,0.0,0.0,0.0,0.0,0.0,40.14524817466736
263,15780000000000,2.0,16.0,2.8603988603988606,2.0,8.0,351,1.0,9.0,5.50997150997151,5.0,9.0,351,15.0,23.0,18.49002849002849,19.0,22.0,351,2.0,7.0,2.5042735042735043,2.0,4.0,351,0.0,44.0,26.78688524590164,28.0,44.0,122,0.0,104.0,48.131147540983605,40.0,104.0,122,1.0,1.0,1.0,1.0,1.0,97,0.9999999999999998,1.0000000000000002,1.0,1.0,1.0,97,1.0,1.5,1.025257731958763,1.0,1.25,97,0.9999999999999999,2.324046408117624,1.0455871320573582,1.0,1.3108830574573593,97,552.0,0.0,0.0,426.0,126.0,97.0,29.0,0.0,13.0,0.0,0.0,16.0,0.7698412698412699,7.0,0.07216494845360824,122.0,97.0,0.7950819672131147,0.0,0.0,0.0,0.0,25.0,0.20491803278688525,0.0,0.0,0.0,0.0,0.0,0.0,0.0,105.02937436103821
264,15840000000000,2.0,14.0,2.9458689458689458,2.0,8.0,351,1.0,10.0,5.7407407407407405,6.0,8.0,351,14.0,23.0,18.25925925925926,18.0,22.0,351,2.0,7.0,2.5156695156695155,2.0,4.0,351,0.0,44.0,26.26771653543307,28.0,44.0,127,0.0,104.0,47.24409448818898,40.0,104.0,127,1.0,1.0,1.0,1.0,1.0,127,0.9999999999999999,1.0000000000000002,1.0,1.0,1.0000000000000002,127,1.0,1.0,1.0,1.0,1.0,127,0.9999999999999999,1.0000000000000002,1.0,1.0,1.0000000000000002,127,552.0,0.0,0.0,425.0,127.0,127.0,0.0,0.0,0.0,0.0,0.0,0.0,1.0,0.0,0.0,127.0,127.0,1.0,0.0,0.0,0.0,0.0,0.0,0.0,0.0,0.0,0.0,0.0,0.0,0.0,0.0,96.3071919977665
265,15900000000000,2.0,14.0,2.908831908831909,2.0,8.0,351,1.0,10.0,5.669515669515669,6.0,8.0,351,14.0,23.0,18.33048433048433,18.0,22.0,351,2.0,7.0,2.4985754985754984,2.0,4.0,351,0.0,44.0,26.823529411764707,30.0,44.0,136,0.0,104.0,48.529411764705884,48.0,104.0,136,1.0,1.0,1.0,1.0,1.0,120,0.9999999999999998,1.0000000000000002,1.0,1.0,1.0,120,1.0,1.5,1.0148809523809523,1.0,1.0071428571428567,120,0.9999999999999998,2.128986353692206,1.0226740044665936,1.0,1.006412656064071,120,552.0,0.0,0.0,419.0,133.0,120.0,13.0,0.0,5.0,0.0,0.0,8.0,0.9022556390977443,6.0,0.05,136.0,120.0,0.8823529411764706,0.0,0.0,0.0,0.0,16.0,0.11764705882352941,0.0,0.0,0.0,0.0,0.0,0.0,0.0,43.631723150610924
266,15960000000000,2.0,13.0,2.883190883190883,2.0,8.0,351,1.0,10.0,5.603988603988604,6.0,8.0,351,14.0,23.0,18.396011396011396,18.0,22.0,351,2.0,7.0,2.4957264957264957,2.0,4.0,351,0.0,44.0,26.528,28.0,44.0,125,0.0,104.0,47.936,40.0,104.0,125,1.0,1.0,1.0,1.0,1.0,92,1.0,1.0,1.0,1.0,1.0,92,1.0,1.5,1.0320910973084885,1.0,1.2875000000000003,92,1.0,2.1496912892611726,1.0531887357347613,1.0,1.402505280132189,92,552.0,0.0,0.0,432.0,120.0,92.0,28.0,0.0,5.0,0.0,0.0,23.0,0.7666666666666667,11.0,0.11956521739130435,125.0,92.0,0.736,0.0,0.0,0.0,0.0,33.0,0.264,0.0,0.0,0.0,0.0,0.0,0.0,0.0,42.170850560069084
267,16020000000000,2.0,15.0,2.8945868945868947,2.0,9.0,351,1.0,9.0,5.555555555555555,5.0,8.0,351,15.0,23.0,18.444444444444443,19.0,21.0,351,2.0,7.0,2.4871794871794872,2.0,4.0,351,0.0,44.0,26.330708661417322,28.0,44.0,127,0.0,104.0,48.62992125984252,40.0,104.0,127,1.0,1.0,1.0,1.0,1.0,127,0.9999999999999998,1.0000000000000002,1.0,1.0,1.0,127,1.0,1.0,1.0,1.0,1.0,127,0.9999999999999998,1.0000000000000002,1.0,1.0,1.0,127,552.0,0.0,0.0,425.0,127.0,127.0,0.0,0.0,0.0,0.0,0.0,0.0,1.0,0.0,0.0,127.0,127.0,1.0,0.0,0.0,0.0,0.0,0.0,0.0,0.0,0.0,0.0,0.0,0.0,0.0,0.0,96.28208912909031
268,16080000000000,2.0,14.0,2.8404558404558404,2.0,7.0,351,1.0,9.0,5.498575498575499,5.0,8.0,351,15.0,23.0,18.501424501424502,19.0,21.0,351,2.0,7.0,2.4814814814814814,2.0,4.0,351,0.0,44.0,26.188034188034187,32.0,44.0,117,0.0,104.0,48.75213675213675,56.0,104.0,117,1.0,1.0,1.0,1.0,1.0,111,0.9999999999999998,1.0000000000000002,1.0,1.0,1.0000000000000002,111,1.0,1.3333333333333333,1.0105963105963105,1.0,1.0,111,0.9999999999999998,1.4281086596558132,1.0125484195820544,1.0,1.007134055084944,111,552.0,0.0,0.0,437.0,115.0,111.0,4.0,0.0,3.0,0.0,0.0,1.0,0.9652173913043478,6.0,0.05405405405405406,117.0,111.0,0.9487179487179487,0.0,0.0,0.0,0.0,6.0,0.05128205128205128,0.0,0.0,0.0,0.0,0.0,0.0,0.0,43.65554265677929
269,16140000000000,2.0,14.0,2.8603988603988606,2.0,7.5,351,1.0,9.0,5.444444444444445,5.0,8.0,351,15.0,23.0,18.555555555555557,19.0,21.0,351,2.0,7.0,2.4985754985754984,2.0,4.0,351,0.0,44.0,26.677966101694917,32.0,44.0,118,0.0,104.0,49.355932203389834,56.0,104.0,118,1.0,1.0,1.0,1.0,1.0,96,0.9999999999999999,1.0000000000000002,1.0,1.0,1.0,96,1.0,1.3333333333333333,1.0153769841269842,1.0,1.1488095238095237,96,0.9999999999999999,1.585965787735752,1.0230367873078354,1.0,1.1675767767088823,96,552.0,0.0,0.0,436.0,116.0,96.0,20.0,0.0,8.0,0.0,0.0,12.0,0.8275862068965517,7.0,0.07291666666666667,118.0,96.0,0.8135593220338984,0.0,0.0,0.0,0.0,22.0,0.1864406779661017,0.0,0.0,0.0,0.0,0.0,0.0,0.0,40.577489882707596
270,16200000000000,2.0,15.0,2.8603988603988606,2.0,7.5,351,1.0,10.0,5.62962962962963,6.0,8.0,351,14.0,23.0,18.37037037037037,18.0,21.0,351,2.0,6.0,2.4985754985754984,2.0,4.0,351,0.0,44.0,25.77777777777778,28.0,44.0,117,0.0,104.0,47.72649572649573,40.0,104.0,117,1.0,1.0,1.0,1.0,1.0,117,0.9999999999999998,1.0000000000000002,1.0,1.0,1.0,117,1.0,1.0,1.0,1.0,1.0,117,0.9999999999999998,1.0000000000000002,1.0,1.0,1.0,117,552.0,0.0,0.0,435.0,117.0,117.0,0.0,0.0,0.0,0.0,0.0,0.0,1.0,0.0,0.0,117.0,117.0,1.0,0.0,0.0,0.0,0.0,0.0,0.0,0.0,0.0,0.0,0.0,0.0,0.0,0.0,157.92860463261604
271,16260000000000,2.0,14.0,2.871794871794872,2.0,8.0,351,1.0,10.0,5.5584045584045585,6.0,8.0,351,14.0,23.0,18.441595441595442,18.0,21.0,351,2.0,7.0,2.492877492877493,2.0,4.0,351,0.0,44.0,26.4390243902439,28.0,44.0,123,0.0,104.0,47.80487804878049,40.0,104.0,123,1.0,1.0,1.0,1.0,1.0,114,0.9999999999999998,1.0000000000000002,1.0,1.0,1.0,114,1.0,1.5,1.0160818713450293,1.0,1.0,114,0.9999999999999998,2.031959615223659,1.0262475634381942,1.0,1.0000641140019084,114,552.0,0.0,0.0,429.0,123.0,114.0,9.0,0.0,4.0,0.0,0.0,5.0,0.926829268292683,6.0,0.05263157894736842,123.0,114.0,0.926829268292683,0.0,0.0,0.0,0.0,9.0,0.07317073170731707,0.0,0.0,0.0,0.0,0.0,0.0,0.0,44.26911100745201
272,16320000000000,2.0,14.0,2.908831908831909,2.0,8.0,351,1.0,10.0,5.512820512820513,6.0,8.0,351,14.0,23.0,18.487179487179485,18.0,21.0,351,2.0,7.0,2.4957264957264957,2.0,4.0,351,0.0,44.0,26.852713178294575,28.0,44.0,129,0.0,104.0,48.8062015503876,40.0,104.0,129,1.0,1.0,1.0,1.0,1.0,103,0.9999999999999999,1.0000000000000002,1.0,1.0,1.0,103,1.0,1.5,1.033009708737864,1.0,1.25,103,0.9999999999999999,2.420667502698143,1.0638237395038659,1.0,1.3746589734464394,103,552.0,0.0,0.0,430.0,122.0,103.0,19.0,0.0,4.0,0.0,0.0,15.0,0.8442622950819673,10.0,0.0970873786407767,129.0,103.0,0.7984496124031008,0.0,0.0,0.0,0.0,26.0,0.20155038759689922,0.0,0.0,0.0,0.0,0.0,0.0,0.0,44.1182404756546
273,16380000000000,2.0,14.0,2.866096866096866,2.0,7.0,351,1.0,10.0,5.518518518518518,6.0,8.0,351,14.0,23.0,18.48148148148148,18.0,22.0,351,2.0,7.0,2.49002849002849,2.0,4.0,351,0.0,44.0,26.015267175572518,32.0,44.0,131,0.0,104.0,48.0,56.0,104.0,131,1.0,1.0,1.0,1.0,1.0,131,1.0,1.0000000000000002,1.0,1.0,1.0,131,1.0,1.0,1.0,1.0,1.0,131,1.0,1.0000000000000002,1.0,1.0,1.0,131,552.0,0.0,0.0,421.0,131.0,131.0,0.0,0.0,0.0,0.0,0.0,0.0,1.0,0.0,0.0,131.0,131.0,1.0,0.0,0.0,0.0,0.0,0.0,0.0,0.0,0.0,0.0,0.0,0.0,0.0,0.0,102.93260402977467
274,16440000000000,2.0,15.0,2.871794871794872,2.0,8.0,351,1.0,10.0,5.452991452991453,6.0,8.0,351,14.0,23.0,18.54700854700855,18.0,22.0,351,2.0,6.0,2.49002849002849,2.0,4.0,351,0.0,44.0,26.181818181818183,28.0,44.0,121,0.0,104.0,48.19834710743802,40.0,104.0,121,1.0,1.0,1.0,1.0,1.0,106,1.0,1.0000000000000002,1.0,1.0,1.0,106,1.0,1.5,1.0172955974842768,1.0,1.0,106,1.0,1.9548404536361288,1.027898377195016,1.0,1.0000000000000002,106,552.0,0.0,0.0,429.0,123.0,106.0,17.0,0.0,7.0,0.0,0.0,10.0,0.8617886178861789,5.0,0.04716981132075472,121.0,106.0,0.8760330578512396,0.0,0.0,0.0,0.0,15.0,0.12396694214876033,0.0,0.0,0.0,0.0,0.0,0.0,0.0,49.12668466567993
275,16500000000000,2.0,15.0,2.883190883190883,2.0,8.5,351,0.0,10.0,5.39031339031339,6.0,8.0,351,14.0,24.0,18.60968660968661,18.0,22.0,351,2.0,8.0,2.4871794871794872,2.0,4.0,351,0.0,44.0,26.444444444444443,32.0,44.0,126,0.0,104.0,49.20634920634921,56.0,104.0,126,1.0,1.0,1.0,1.0,1.0,102,0.9999999999999998,1.0,1.0,1.0,1.0,102,1.0,1.5,1.0204248366013071,1.0,1.2374999999999972,102,0.9999999999999998,2.2694712853198316,1.0396996187066065,1.0,1.2556771226497496,102,552.0,0.0,0.0,423.0,129.0,102.0,27.0,0.0,9.0,0.0,0.0,18.0,0.7906976744186046,8.0,0.0784313725490196,126.0,102.0,0.8095238095238095,0.0,0.0,0.0,0.0,24.0,0.19047619047619047,0.0,0.0,0.0,0.0,0.0,0.0,0.0,49.07160997390747
276,16560000000000,2.0,14.0,2.8347578347578346,2.0,7.0,351,1.0,9.0,5.481481481481482,6.0,8.0,351,15.0,23.0,18.51851851851852,18.0,21.0,351,2.0,7.0,2.47008547008547,2.0,4.0,351,0.0,44.0,26.45378151260504,32.0,44.0,119,0.0,104.0,49.54621848739496,56.0,104.0,119,1.0,1.0,1.0,1.0,1.0,119,0.9999999999999998,1.0000000000000002,1.0,1.0,1.0000000000000002,119,1.0,1.0,1.0,1.0,1.0,119,0.9999999999999998,1.0000000000000002,1.0,1.0,1.0000000000000002,119,552.0,0.0,0.0,433.0,119.0,119.0,0.0,0.0,0.0,0.0,0.0,0.0,1.0,0.0,0.0,119.0,119.0,1.0,0.0,0.0,0.0,0.0,0.0,0.0,0.0,0.0,0.0,0.0,0.0,0.0,0.0,101.07262618839741
277,16620000000000,2.0,14.0,2.866096866096866,2.0,8.5,351,1.0,9.0,5.435897435897436,6.0,8.0,351,15.0,23.0,18.564102564102566,18.0,21.0,351,2.0,7.0,2.49002849002849,2.0,4.0,351,0.0,44.0,26.829268292682926,32.0,44.0,123,0.0,104.0,49.951219512195124,56.0,104.0,123,1.0,1.0,1.0,1.0,1.0,111,0.9999999999999999,1.0000000000000002,1.0,1.0,1.0,111,1.0,1.1666666666666667,1.0015015015015016,1.0,1.0,111,0.9999999999999999,1.1626708711309015,1.0014655033435216,1.0,1.0,111,552.0,0.0,0.0,430.0,122.0,111.0,11.0,0.0,7.0,0.0,0.0,4.0,0.9098360655737705,1.0,0.009009009009009009,123.0,111.0,0.9024390243902439,0.0,0.0,0.0,0.0,12.0,0.0975609756097561,0.0,0.0,0.0,0.0,0.0,0.0,0.0,114.94205333292484
278,16680000000000,2.0,14.0,2.868945868945869,2.0,8.0,351,1.0,9.0,5.3931623931623935,6.0,8.0,351,15.0,23.0,18.60683760683761,18.0,21.0,351,2.0,6.0,2.49002849002849,2.0,4.0,351,0.0,44.0,26.596491228070175,28.0,44.0,114,0.0,104.0,48.280701754385966,40.0,104.0,114,1.0,1.0,1.0,1.0,1.0,96,0.9999999999999999,1.0000000000000002,1.0,1.0,1.0,96,1.0,1.5,1.0086805555555556,1.0,1.0,96,0.9999999999999999,1.9349790868052914,1.014348992483126,1.0,1.0051769159890709,96,552.0,0.0,0.0,437.0,115.0,96.0,19.0,0.0,8.0,0.0,0.0,11.0,0.8347826086956521,8.0,0.08333333333333333,114.0,96.0,0.8421052631578947,0.0,0.0,0.0,0.0,18.0,0.15789473684210525,0.0,0.0,0.0,0.0,0.0,0.0,0.0,40.818702429533005
279,16740000000000,2.0,15.0,2.8774928774928776,2.0,6.5,351,1.0,10.0,5.555555555555555,6.0,9.0,351,14.0,23.0,18.444444444444443,18.0,21.0,351,2.0,6.0,2.4985754985754984,2.0,4.0,351,0.0,44.0,26.782608695652176,28.0,44.0,115,0.0,104.0,48.904347826086955,40.0,104.0,115,1.0,1.0,1.0,1.0,1.0,115,1.0,1.0000000000000002,1.0,1.0,1.0,115,1.0,1.0,1.0,1.0,1.0,115,1.0,1.0000000000000002,1.0,1.0,1.0,115,552.0,0.0,0.0,437.0,115.0,115.0,0.0,0.0,0.0,0.0,0.0,0.0,1.0,0.0,0.0,115.0,115.0,1.0,0.0,0.0,0.0,0.0,0.0,0.0,0.0,0.0,0.0,0.0,0.0,0.0,0.0,90.69119207561016
280,16800000000000,2.0,14.0,2.8547008547008548,2.0,6.0,351,1.0,10.0,5.504273504273504,6.0,9.0,351,14.0,23.0,18.495726495726494,18.0,21.0,351,2.0,7.0,2.492877492877493,2.0,4.0,351,0.0,44.0,27.433070866141733,28.0,44.0,127,0.0,104.0,50.20472440944882,40.0,104.0,127,1.0,1.0,1.0,1.0,1.0,121,0.9999999999999998,1.0000000000000002,1.0,1.0,1.0,121,1.0,1.5,1.0252066115702478,1.0,1.2,121,0.9999999999999998,2.0319237382322184,1.0411768062829394,1.0,1.2263665512357453,121,552.0,0.0,0.0,426.0,126.0,121.0,5.0,0.0,0.0,0.0,0.0,5.0,0.9603174603174603,9.0,0.0743801652892562,127.0,121.0,0.952755905511811,0.0,0.0,0.0,0.0,6.0,0.047244094488188976,0.0,0.0,0.0,0.0,0.0,0.0,0.0,39.91830348968506
281,16860000000000,2.0,15.0,2.8917378917378915,2.0,8.0,351,1.0,10.0,5.435897435897436,6.0,9.0,351,14.0,23.0,18.564102564102566,18.0,21.0,351,2.0,6.0,2.4871794871794872,2.0,4.0,351,0.0,44.0,27.850746268656717,28.0,44.0,134,0.0,104.0,51.223880597014926,40.0,104.0,134,1.0,1.0,1.0,1.0,1.0,111,0.9999999999999999,1.0000000000000002,1.0,1.0,1.0,111,1.0,1.5,1.031981981981982,1.0,1.2916666666666665,111,0.9999999999999999,2.3183833766257353,1.0583923662382495,1.0,1.3587244127199236,111,552.0,0.0,0.0,417.0,135.0,111.0,24.0,0.0,6.0,0.0,0.0,18.0,0.8222222222222222,13.0,0.11711711711711711,134.0,111.0,0.8283582089552238,0.0,0.0,0.0,0.0,23.0,0.17164179104477612,0.0,0.0,0.0,0.0,0.0,0.0,0.0,39.00711238384247
282,16920000000000,2.0,15.0,2.871794871794872,2.0,8.0,351,1.0,10.0,5.407407407407407,5.0,8.0,351,14.0,23.0,18.59259259259259,19.0,21.0,351,2.0,7.0,2.4871794871794872,2.0,4.0,351,0.0,44.0,26.601626016260163,32.0,44.0,123,0.0,104.0,49.040650406504064,56.0,104.0,123,1.0,1.0,1.0,1.0,1.0,123,0.9999999999999998,1.0000000000000002,1.0,1.0,1.0,123,1.0,1.0,1.0,1.0,1.0,123,0.9999999999999998,1.0000000000000002,1.0,1.0,1.0,123,552.0,0.0,0.0,429.0,123.0,123.0,0.0,0.0,0.0,0.0,0.0,0.0,1.0,0.0,0.0,123.0,123.0,1.0,0.0,0.0,0.0,0.0,0.0,0.0,0.0,0.0,0.0,0.0,0.0,0.0,0.0,102.20035538077354
283,16980000000000,2.0,15.0,2.8945868945868947,2.0,8.0,351,0.0,10.0,5.358974358974359,5.0,8.0,351,14.0,24.0,18.641025641025642,19.0,21.0,351,2.0,8.0,2.5014245014245016,2.0,4.0,351,0.0,44.0,26.53968253968254,32.0,44.0,126,0.0,104.0,49.58730158730159,56.0,104.0,126,1.0,1.0,1.0,1.0,1.0,119,0.9999999999999999,1.0000000000000002,1.0,1.0,1.0,119,1.0,1.25,1.004201680672269,1.0,1.0,119,0.9999999999999999,1.2733922766161763,1.0047195010281513,1.0,1.0,119,552.0,0.0,0.0,419.0,133.0,119.0,14.0,0.0,8.0,0.0,0.0,6.0,0.8947368421052632,4.0,0.03361344537815126,126.0,119.0,0.9444444444444444,0.0,0.0,0.0,0.0,7.0,0.05555555555555555,0.0,0.0,0.0,0.0,0.0,0.0,0.0,45.57068832218647
284,17040000000000,2.0,15.0,2.866096866096866,2.0,8.0,351,0.0,10.0,5.284900284900285,5.0,8.0,351,14.0,24.0,18.715099715099715,19.0,21.0,351,2.0,7.0,2.49002849002849,2.0,4.0,351,0.0,44.0,26.933333333333334,28.0,44.0,120,0.0,104.0,49.53333333333333,40.0,104.0,120,1.0,1.0,1.0,1.0,1.0,98,1.0,1.0,1.0,1.0,1.0,98,1.0,1.5,1.0210155490767736,1.0,1.25,98,1.0,1.9355474091056541,1.0280429878933213,1.0,1.2614584438480905,98,552.0,0.0,0.0,432.0,120.0,98.0,22.0,0.0,10.0,0.0,0.0,12.0,0.8166666666666667,8.0,0.08163265306122448,120.0,98.0,0.8166666666666667,0.0,0.0,0.0,0.0,22.0,0.18333333333333332,0.0,0.0,0.0,0.0,0.0,0.0,0.0,32.49661065638065
285,17100000000000,2.0,15.0,2.883190883190883,2.0,8.0,351,1.0,10.0,5.666666666666667,5.0,9.0,351,14.0,23.0,18.333333333333332,19.0,21.0,351,2.0,8.0,2.5042735042735043,2.0,4.0,351,0.0,44.0,26.424242424242426,28.0,44.0,132,0.0,104.0,48.42424242424242,40.0,104.0,132,1.0,1.0,1.0,1.0,1.0,132,0.9999999999999998,1.0000000000000002,1.0,1.0,1.0,132,1.0,1.0,1.0,1.0,1.0,132,0.9999999999999998,1.0000000000000002,1.0,1.0,1.0,132,552.0,0.0,0.0,420.0,132.0,132.0,0.0,0.0,0.0,0.0,0.0,0.0,1.0,0.0,0.0,132.0,132.0,1.0,0.0,0.0,0.0,0.0,0.0,0.0,0.0,0.0,0.0,0.0,0.0,0.0,0.0,136.32124476134777
286,17160000000000,2.0,15.0,2.9344729344729346,2.0,8.0,351,1.0,10.0,5.603988603988604,5.0,9.0,351,14.0,23.0,18.396011396011396,19.0,21.0,351,2.0,7.0,2.4957264957264957,2.0,4.0,351,0.0,44.0,25.955555555555556,28.0,44.0,135,0.0,104.0,46.75555555555555,40.0,104.0,135,1.0,1.0,1.0,1.0,1.0,122,0.9999999999999998,1.0,1.0,1.0,1.0,122,1.0,1.1666666666666667,1.0013661202185793,1.0,1.0,122,0.9999999999999998,1.2023339719879544,1.0022057292882809,1.0,1.0,122,552.0,0.0,0.0,423.0,129.0,122.0,7.0,0.0,1.0,0.0,0.0,6.0,0.9457364341085271,6.0,0.04918032786885246,135.0,122.0,0.9037037037037037,0.0,0.0,0.0,0.0,13.0,0.0962962962962963,0.0,0.0,0.0,0.0,0.0,0.0,0.0,41.55869409441948
287,17220000000000,2.0,15.0,2.8746438746438745,2.0,7.5,351,1.0,10.0,5.555555555555555,5.0,9.0,351,14.0,23.0,18.444444444444443,19.0,21.0,351,2.0,7.0,2.49002849002849,2.0,4.0,351,0.0,44.0,26.82758620689655,28.0,44.0,116,0.0,104.0,48.96551724137931,40.0,104.0,116,1.0,1.0,1.0,1.0,1.0,98,0.9999999999999998,1.0000000000000002,1.0,1.0,1.0,98,1.0,1.5,1.0127551020408163,1.0,1.0,98,0.9999999999999998,2.3231895484084144,1.0276347719238175,1.0,1.01141844630309,98,552.0,0.0,0.0,442.0,110.0,98.0,12.0,0.0,1.0,0.0,0.0,11.0,0.8909090909090909,6.0,0.061224489795918366,116.0,98.0,0.8448275862068966,0.0,0.0,0.0,0.0,18.0,0.15517241379310345,0.0,0.0,0.0,0.0,0.0,0.0,0.0,41.45226441323757
288,17280000000000,2.0,13.0,2.8603988603988606,2.0,8.0,351,1.0,8.0,5.407407407407407,6.0,8.0,351,16.0,23.0,18.59259259259259,18.0,21.0,351,2.0,7.0,2.4871794871794872,2.0,4.0,351,0.0,44.0,26.28099173553719,32.0,44.0,121,0.0,104.0,48.59504132231405,56.0,104.0,121,1.0,1.0,1.0,1.0,1.0,121,0.9999999999999998,1.0,1.0,1.0,1.0,121,1.0,1.0,1.0,1.0,1.0,121,0.9999999999999998,1.0,1.0,1.0,1.0,121,552.0,0.0,0.0,431.0,121.0,121.0,0.0,0.0,0.0,0.0,0.0,0.0,1.0,0.0,0.0,121.0,121.0,1.0,0.0,0.0,0.0,0.0,0.0,0.0,0.0,0.0,0.0,0.0,0.0,0.0,0.0,96.92397341132164
289,17340000000000,2.0,13.0,2.8974358974358974,2.0,8.0,351,1.0,8.0,5.358974358974359,5.0,8.0,351,16.0,23.0,18.641025641025642,19.0,21.0,351,2.0,6.0,2.5128205128205128,2.0,4.0,351,0.0,44.0,26.736842105263158,32.0,44.0,133,0.0,104.0,50.10526315789474,56.0,104.0,133,1.0,1.0,1.0,1.0,1.0,128,0.9999999999999998,1.0000000000000002,1.0,1.0,1.0,128,1.0,1.3333333333333333,1.013671875,1.0,1.0,128,0.9999999999999998,1.445497315587648,1.0178249686523064,1.0,1.0090384593762112,128,552.0,0.0,0.0,417.0,135.0,128.0,7.0,0.0,6.0,0.0,0.0,1.0,0.9481481481481482,8.0,0.0625,133.0,128.0,0.9624060150375939,0.0,0.0,0.0,0.0,5.0,0.03759398496240601,0.0,0.0,0.0,0.0,0.0,0.0,0.0,44.03383657336235
290,17400000000000,2.0,13.0,2.8774928774928776,2.0,8.0,351,1.0,8.0,5.293447293447294,5.0,8.0,351,16.0,23.0,18.706552706552706,19.0,21.0,351,2.0,7.0,2.4985754985754984,2.0,4.0,351,0.0,44.0,27.089430894308943,32.0,44.0,123,0.0,104.0,50.99186991869919,56.0,104.0,123,1.0,1.0,1.0,1.0,1.0,105,0.9999999999999998,1.0000000000000002,1.0,1.0,1.0000000000000002,105,1.0,1.5,1.0301587301587303,1.0,1.3333333333333333,105,0.9999999999999998,2.031510208564049,1.048233977160069,1.0,1.463452995620663,105,552.0,0.0,0.0,423.0,129.0,105.0,24.0,0.0,15.0,0.0,0.0,9.0,0.813953488372093,9.0,0.08571428571428572,123.0,105.0,0.8536585365853658,0.0,0.0,0.0,0.0,18.0,0.14634146341463414,0.0,0.0,0.0,0.0,0.0,0.0,0.0,44.25198771059513
291,17460000000000,2.0,15.0,2.8917378917378915,2.0,8.0,351,2.0,10.0,5.555555555555555,6.0,8.0,351,14.0,22.0,18.444444444444443,18.0,21.0,351,2.0,7.0,2.492877492877493,2.0,4.0,351,0.0,44.0,26.0625,28.0,44.0,128,0.0,104.0,48.0,40.0,104.0,128,1.0,1.0,1.0,1.0,1.0,128,1.0,1.0000000000000002,1.0,1.0,1.0,128,1.0,1.0,1.0,1.0,1.0,128,1.0,1.0000000000000002,1.0,1.0,1.0,128,552.0,0.0,0.0,424.0,128.0,128.0,0.0,0.0,0.0,0.0,0.0,0.0,1.0,0.0,0.0,128.0,128.0,1.0,0.0,0.0,0.0,0.0,0.0,0.0,0.0,0.0,0.0,0.0,0.0,0.0,0.0,183.4643203765154
292,17520000000000,2.0,15.0,2.9116809116809117,2.0,8.0,351,2.0,10.0,5.495726495726496,6.0,8.0,351,14.0,22.0,18.504273504273506,18.0,21.0,351,2.0,7.0,2.5156695156695155,2.0,4.0,351,0.0,44.0,27.023622047244096,28.0,44.0,127,0.0,104.0,49.7007874015748,40.0,104.0,127,1.0,1.0,1.0,1.0,1.0,120,0.9999999999999998,1.0000000000000002,1.0,1.0,1.0,120,1.0,1.3333333333333333,1.0104166666666667,1.0,1.0,120,0.9999999999999998,1.4984395776266295,1.013065661821455,1.0,1.0006040810317955,120,552.0,0.0,0.0,417.0,135.0,120.0,15.0,0.0,11.0,0.0,0.0,4.0,0.8888888888888888,6.0,0.05,127.0,120.0,0.9448818897637795,0.0,0.0,0.0,0.0,7.0,0.05511811023622047,0.0,0.0,0.0,0.0,0.0,0.0,0.0,37.688784301280975
293,17580000000000,2.0,15.0,2.849002849002849,2.0,7.0,351,1.0,10.0,5.444444444444445,6.0,8.0,351,14.0,23.0,18.555555555555557,18.0,21.0,351,2.0,8.0,2.5156695156695155,2.0,4.0,351,0.0,44.0,26.966666666666665,28.0,44.0,120,0.0,104.0,49.666666666666664,40.0,104.0,120,1.0,1.0,1.0,1.0,1.0,101,0.9999999999999998,1.0,1.0,1.0,1.0,101,1.0,1.25,1.0082508250825084,1.0,1.0,101,0.9999999999999998,1.3378560914985516,1.0105922302368266,1.0,1.0,101,552.0,0.0,0.0,421.0,131.0,101.0,30.0,0.0,18.0,0.0,0.0,12.0,0.7709923664122137,4.0,0.039603960396039604,120.0,101.0,0.8416666666666667,0.0,0.0,0.0,0.0,19.0,0.15833333333333333,0.0,0.0,0.0,0.0,0.0,0.0,0.0,59.62872877717018
294,17640000000000,2.0,15.0,2.8774928774928776,2.0,7.5,351,1.0,10.0,5.444444444444445,5.0,8.0,351,14.0,23.0,18.555555555555557,19.0,21.0,351,2.0,7.0,2.4871794871794872,2.0,4.0,351,0.0,44.0,27.1937984496124,28.0,44.0,129,0.0,104.0,49.6124031007752,40.0,104.0,129,1.0,1.0,1.0,1.0,1.0,129,0.9999999999999998,1.0000000000000002,1.0,1.0,1.0,129,1.0,1.0,1.0,1.0,1.0,129,0.9999999999999998,1.0000000000000002,1.0,1.0,1.0,129,552.0,0.0,0.0,423.0,129.0,129.0,0.0,0.0,0.0,0.0,0.0,0.0,1.0,0.0,0.0,129.0,129.0,1.0,0.0,0.0,0.0,0.0,0.0,0.0,0.0,0.0,0.0,0.0,0.0,0.0,0.0,99.1128645837307
295,17700000000000,2.0,15.0,2.8803418803418803,2.0,7.5,351,1.0,10.0,5.3931623931623935,5.0,8.0,351,14.0,23.0,18.60683760683761,19.0,21.0,351,2.0,7.0,2.49002849002849,2.0,4.0,351,0.0,44.0,27.121951219512194,28.0,44.0,123,0.0,104.0,49.951219512195124,40.0,104.0,123,1.0,1.0,1.0,1.0,1.0,111,0.9999999999999998,1.0000000000000002,1.0,1.0,1.0,111,1.0,1.5,1.0045045045045045,1.0,1.0,111,0.9999999999999998,1.9892063669065074,1.0092127992439734,1.0,1.0000000000000002,111,552.0,0.0,0.0,431.0,121.0,111.0,10.0,0.0,6.0,0.0,0.0,4.0,0.9173553719008265,3.0,0.02702702702702703,123.0,111.0,0.9024390243902439,0.0,0.0,0.0,0.0,12.0,0.0975609756097561,0.0,0.0,0.0,0.0,0.0,0.0,0.0,47.39348031580448
296,17760000000000,2.0,14.0,2.8603988603988606,2.0,7.0,351,1.0,10.0,5.333333333333333,5.0,8.0,351,14.0,23.0,18.666666666666668,19.0,21.5,351,2.0,7.0,2.4957264957264957,2.0,4.0,351,0.0,44.0,27.96825396825397,28.0,44.0,126,0.0,104.0,50.73015873015873,40.0,104.0,126,1.0,1.0,1.0,1.0,1.0,99,0.9999999999999999,1.0000000000000002,1.0,1.0,1.0,99,1.0,1.5,1.0308080808080808,1.0,1.2049999999999996,99,0.9999999999999999,2.364669981889028,1.0587691088476798,1.0,1.2322073832322422,99,552.0,0.0,0.0,426.0,126.0,99.0,27.0,0.0,9.0,0.0,0.0,18.0,0.7857142857142857,10.0,0.10101010101010101,126.0,99.0,0.7857142857142857,0.0,0.0,0.0,0.0,27.0,0.21428571428571427,0.0,0.0,0.0,0.0,0.0,0.0,0.0,41.88260808587074
297,17820000000000,2.0,13.0,2.8233618233618234,2.0,7.5,351,2.0,9.0,5.407407407407407,5.0,8.0,351,15.0,22.0,18.59259259259259,19.0,21.0,351,2.0,6.0,2.4814814814814814,2.0,4.0,351,0.0,44.0,27.252032520325205,32.0,44.0,123,0.0,104.0,51.05691056910569,56.0,104.0,123,1.0,1.0,1.0,1.0,1.0,123,0.9999999999999999,1.0000000000000002,1.0,1.0,1.0000000000000002,123,1.0,1.0,1.0,1.0,1.0,123,0.9999999999999999,1.0000000000000002,1.0,1.0,1.0000000000000002,123,552.0,0.0,0.0,429.0,123.0,123.0,0.0,0.0,0.0,0.0,0.0,0.0,1.0,0.0,0.0,123.0,123.0,1.0,0.0,0.0,0.0,0.0,0.0,0.0,0.0,0.0,0.0,0.0,0.0,0.0,0.0,91.89078025519848
298,17880000000000,2.0,13.0,2.8774928774928776,2.0,8.0,351,2.0,9.0,5.353276353276353,5.0,8.0,351,15.0,22.0,18.646723646723647,19.0,21.0,351,2.0,7.0,2.507122507122507,2.0,4.0,351,0.0,44.0,27.73109243697479,32.0,44.0,119,0.0,104.0,52.23529411764706,56.0,104.0,119,1.0,1.0,1.0,1.0,1.0,115,0.9999999999999998,1.0,1.0,1.0,1.0,115,1.0,1.5,1.0217391304347825,1.0,1.25,115,0.9999999999999998,1.9723445594172713,1.0334538438347853,1.0,1.3147143998863624,115,552.0,0.0,0.0,420.0,132.0,115.0,17.0,0.0,15.0,0.0,0.0,2.0,0.8712121212121212,8.0,0.06956521739130435,119.0,115.0,0.9663865546218487,0.0,0.0,0.0,0.0,4.0,0.03361344537815126,0.0,0.0,0.0,0.0,0.0,0.0,0.0,40.20177759230137
299,17940000000000,2.0,13.0,2.8746438746438745,2.0,8.0,351,1.0,9.0,5.2905982905982905,5.0,8.0,351,15.0,23.0,18.70940170940171,19.0,21.0,351,2.0,7.0,2.4957264957264957,2.0,4.0,351,0.0,44.0,27.90082644628099,32.0,44.0,121,0.0,104.0,52.099173553719005,56.0,104.0,121,1.0,1.0,1.0,1.0,1.0,98,0.9999999999999998,1.0000000000000002,1.0,1.0,1.0,98,1.0,1.5,1.0352283770651116,1.0,1.25,98,0.9999999999999998,2.3168029950461895,1.0599054775229884,1.0,1.325775383502202,98,552.0,0.0,0.0,426.0,126.0,98.0,28.0,0.0,17.0,0.0,0.0,11.0,0.7777777777777778,15.0,0.15306122448979592,121.0,98.0,0.8099173553719008,0.0,0.0,0.0,0.0,23.0,0.19008264462809918,0.0,0.0,0.0,0.0,0.0,0.0,0.0,117.46693961322308
300,18000000000000,2.0,15.0,2.905982905982906,2.0,9.0,351,2.0,10.0,5.555555555555555,5.0,8.0,351,14.0,22.0,18.444444444444443,19.0,22.0,351,2.0,7.0,2.4957264957264957,2.0,4.0,351,0.0,44.0,26.636363636363637,28.0,44.0,132,0.0,104.0,49.27272727272727,40.0,104.0,132,1.0,1.0,1.0,1.0,1.0,132,0.9999999999999998,1.0000000000000002,1.0,1.0,1.0,132,1.0,1.0,1.0,1.0,1.0,132,0.9999999999999998,1.0000000000000002,1.0,1.0,1.0,132,552.0,0.0,0.0,420.0,132.0,132.0,0.0,0.0,0.0,0.0,0.0,0.0,1.0,0.0,0.0,132.0,132.0,1.0,0.0,0.0,0.0,0.0,0.0,0.0,0.0,0.0,0.0,0.0,0.0,0.0,0.0,94.24952603876591
301,18060000000000,2.0,15.0,2.8632478632478633,2.0,8.0,351,2.0,10.0,5.501424501424501,5.0,8.0,351,14.0,22.0,18.498575498575498,19.0,22.0,351,2.0,7.0,2.492877492877493,2.0,4.0,351,0.0,44.0,26.295081967213115,28.0,44.0,122,0.0,104.0,47.9344262295082,40.0,104.0,122,1.0,1.0,1.0,1.0,1.0,115,0.9999999999999998,1.0000000000000002,1.0,1.0,1.0,115,1.0,1.25,1.0072463768115942,1.0,1.0,115,0.9999999999999998,1.3329974112584124,1.0091534818432013,1.0,1.0000000000000002,115,552.0,0.0,0.0,431.0,121.0,115.0,6.0,0.0,3.0,0.0,0.0,3.0,0.9504132231404959,4.0,0.034782608695652174,122.0,115.0,0.9426229508196722,0.0,0.0,0.0,0.0,7.0,0.05737704918032787,0.0,0.0,0.0,0.0,0.0,0.0,0.0,48.970650881528854
302,18120000000000,2.0,15.0,2.888888888888889,2.0,8.0,351,1.0,10.0,5.444444444444445,5.0,8.0,351,14.0,23.0,18.555555555555557,19.0,22.0,351,2.0,7.0,2.4957264957264957,2.0,4.0,351,0.0,44.0,26.412213740458014,28.0,44.0,131,0.0,104.0,47.38931297709924,40.0,104.0,131,1.0,1.0,1.0,1.0,1.0,106,0.9999999999999998,1.0000000000000002,1.0,1.0,1.0,106,1.0,1.1666666666666667,1.001572327044025,1.0,1.0,106,0.9999999999999998,1.2420610672547814,1.0023272162955243,1.0,1.0,106,552.0,0.0,0.0,418.0,134.0,106.0,28.0,0.0,8.0,0.0,0.0,20.0,0.7910447761194029,3.0,0.02830188679245283,131.0,106.0,0.8091603053435115,0.0,0.0,0.0,0.0,25.0,0.19083969465648856,0.0,0.0,0.0,0.0,0.0,0.0,0.0,45.38200795650482
303,18180000000000,2.0,15.0,2.8547008547008548,2.0,8.0,351,2.0,9.0,5.518518518518518,5.0,8.0,351,15.0,22.0,18.48148148148148,19.0,22.0,351,2.0,7.0,2.4985754985754984,2.0,4.0,351,0.0,44.0,26.048780487804876,28.0,44.0,123,0.0,104.0,47.41463414634146,40.0,104.0,123,1.0,1.0,1.0,1.0,1.0,123,0.9999999999999998,1.0000000000000002,1.0,1.0,1.0000000000000002,123,1.0,1.0,1.0,1.0,1.0,123,0.9999999999999998,1.0000000000000002,1.0,1.0,1.0000000000000002,123,552.0,0.0,0.0,429.0,123.0,123.0,0.0,0.0,0.0,0.0,0.0,0.0,1.0,0.0,0.0,123.0,123.0,1.0,0.0,0.0,0.0,0.0,0.0,0.0,0.0,0.0,0.0,0.0,0.0,0.0,0.0,90.16181156039238
304,18240000000000,2.0,14.0,2.868945868945869,2.0,8.0,351,1.0,9.0,5.455840455840455,5.0,8.0,351,15.0,23.0,18.544159544159545,19.0,22.0,351,2.0,7.0,2.4957264957264957,2.0,4.0,351,0.0,44.0,26.614173228346456,28.0,44.0,127,0.0,104.0,49.76377952755905,40.0,104.0,127,1.0,1.0,1.0,1.0,1.0,113,0.9999999999999998,1.0000000000000002,1.0,1.0,1.0,113,1.0,1.5,1.0181415929203539,1.0,1.2,113,0.9999999999999998,1.9680490201715315,1.0273671956296837,1.0,1.218330562533229,113,552.0,0.0,0.0,429.0,123.0,113.0,10.0,0.0,0.0,0.0,0.0,10.0,0.9186991869918699,8.0,0.07079646017699115,127.0,113.0,0.889763779527559,0.0,0.0,0.0,0.0,14.0,0.11023622047244094,0.0,0.0,0.0,0.0,0.0,0.0,0.0,43.85277256369591
305,18300000000000,2.0,14.0,2.8233618233618234,2.0,7.0,351,1.0,9.0,5.396011396011396,5.0,8.0,351,15.0,23.0,18.603988603988604,19.0,22.0,351,2.0,7.0,2.472934472934473,2.0,4.0,351,0.0,44.0,26.71875,32.0,44.0,128,0.0,104.0,50.0625,56.0,104.0,128,1.0,1.0,1.0,1.0,1.0,107,0.9999999999999998,1.0,1.0,1.0,1.0,107,1.0,1.5,1.0261682242990653,1.0,1.2349999999999994,107,0.9999999999999998,2.374651096252537,1.0482544897770283,1.0,1.287658898332344,107,552.0,0.0,0.0,434.0,118.0,107.0,11.0,0.0,2.0,0.0,0.0,9.0,0.9067796610169492,12.0,0.11214953271028037,128.0,107.0,0.8359375,0.0,0.0,0.0,0.0,21.0,0.1640625,0.0,0.0,0.0,0.0,0.0,0.0,0.0,42.608244344592094
306,18360000000000,2.0,13.0,2.8603988603988606,2.0,7.5,351,2.0,8.0,5.518518518518518,6.0,8.0,351,16.0,22.0,18.48148148148148,18.0,21.0,351,2.0,7.0,2.4843304843304845,2.0,4.0,351,0.0,44.0,26.545454545454547,32.0,44.0,121,0.0,104.0,49.65289256198347,56.0,104.0,121,1.0,1.0,1.0,1.0,1.0,121,0.9999999999999998,1.0000000000000002,1.0,1.0,1.0,121,1.0,1.0,1.0,1.0,1.0,121,0.9999999999999998,1.0000000000000002,1.0,1.0,1.0,121,552.0,0.0,0.0,431.0,121.0,121.0,0.0,0.0,0.0,0.0,0.0,0.0,1.0,0.0,0.0,121.0,121.0,1.0,0.0,0.0,0.0,0.0,0.0,0.0,0.0,0.0,0.0,0.0,0.0,0.0,0.0,159.67341884970665
307,18420000000000,2.0,13.0,2.888888888888889,2.0,8.0,351,1.0,8.0,5.47008547008547,6.0,8.0,351,16.0,23.0,18.52991452991453,18.0,21.0,351,2.0,6.0,2.5014245014245016,2.0,4.0,351,0.0,44.0,27.451612903225808,32.0,44.0,124,0.0,104.0,50.58064516129032,56.0,104.0,124,1.0,1.0,1.0,1.0,1.0,115,0.9999999999999998,1.0000000000000002,1.0,1.0,1.0,115,1.0,1.3333333333333333,1.0115942028985507,1.0,1.0,115,0.9999999999999998,1.4924604841997051,1.0145312945948526,1.0,1.004512920209026,115,552.0,0.0,0.0,422.0,130.0,115.0,15.0,0.0,10.0,0.0,0.0,5.0,0.8846153846153846,6.0,0.05217391304347826,124.0,115.0,0.9274193548387096,0.0,0.0,0.0,0.0,9.0,0.07258064516129033,0.0,0.0,0.0,0.0,0.0,0.0,0.0,47.625357285141945
308,18480000000000,2.0,13.0,2.871794871794872,2.0,8.5,351,1.0,8.0,5.404558404558404,5.0,8.0,351,16.0,23.0,18.595441595441596,19.0,21.0,351,2.0,7.0,2.5042735042735043,2.0,4.0,351,0.0,44.0,27.424,32.0,44.0,125,0.0,104.0,50.368,56.0,104.0,125,1.0,1.0,1.0,1.0,1.0,106,0.9999999999999999,1.0000000000000002,1.0,1.0,1.0,106,1.0,1.5,1.0220125786163523,1.0,1.25,106,0.9999999999999999,1.9427905940517618,1.0316937533177377,1.0,1.3149769136713139,106,552.0,0.0,0.0,419.0,133.0,106.0,27.0,0.0,14.0,0.0,0.0,13.0,0.7969924812030075,8.0,0.07547169811320754,125.0,106.0,0.848,0.0,0.0,0.0,0.0,19.0,0.152,0.0,0.0,0.0,0.0,0.0,0.0,0.0,46.58194072544575
309,18540000000000,2.0,13.0,2.8974358974358974,2.0,8.0,351,1.0,9.0,5.555555555555555,6.0,9.0,351,15.0,23.0,18.444444444444443,18.0,22.0,351,2.0,6.0,2.4957264957264957,2.0,4.0,351,0.0,44.0,27.21951219512195,28.0,44.0,123,0.0,104.0,48.58536585365854,40.0,104.0,123,1.0,1.0,1.0,1.0,1.0,123,0.9999999999999998,1.0000000000000002,1.0,1.0,1.0,123,1.0,1.0,1.0,1.0,1.0,123,0.9999999999999998,1.0000000000000002,1.0,1.0,1.0,123,552.0,0.0,0.0,429.0,123.0,123.0,0.0,0.0,0.0,0.0,0.0,0.0,1.0,0.0,0.0,123.0,123.0,1.0,0.0,0.0,0.0,0.0,0.0,0.0,0.0,0.0,0.0,0.0,0.0,0.0,0.0,100.20317696034908
310,18600000000000,2.0,14.0,2.8803418803418803,2.0,8.0,351,1.0,9.0,5.495726495726496,6.0,9.0,351,15.0,23.0,18.504273504273506,18.0,22.0,351,2.0,7.0,2.4843304843304845,2.0,4.0,351,0.0,44.0,26.78688524590164,28.0,44.0,122,0.0,104.0,47.540983606557376,40.0,104.0,122,1.0,1.0,1.0,1.0,1.0,104,0.9999999999999999,1.0000000000000002,1.0,1.0,1.0000000000000002,104,1.0,1.1428571428571428,1.0013736263736264,1.0,1.0,104,0.9999999999999999,1.138621125103661,1.0013556494347167,1.0,1.0000000000000002,104,552.0,0.0,0.0,430.0,122.0,104.0,18.0,0.0,6.0,0.0,0.0,12.0,0.8524590163934426,2.0,0.019230769230769232,122.0,104.0,0.8524590163934426,0.0,0.0,0.0,0.0,18.0,0.14754098360655737,0.0,0.0,0.0,0.0,0.0,0.0,0.0,43.690068647265434
311,18660000000000,2.0,14.0,2.826210826210826,2.0,7.0,351,1.0,9.0,5.447293447293447,5.0,9.0,351,15.0,23.0,18.552706552706553,19.0,22.0,351,2.0,7.0,2.5042735042735043,2.0,4.0,351,0.0,44.0,26.576271186440678,28.0,44.0,118,0.0,104.0,47.11864406779661,40.0,104.0,118,1.0,1.0,1.0,1.0,1.0,95,0.9999999999999999,1.0000000000000002,1.0,1.0,1.0000000000000002,95,1.0,1.5,1.012280701754386,1.0,1.0,95,0.9999999999999999,2.2699430998209515,1.0264966669759847,1.0,1.0000000000000002,95,552.0,0.0,0.0,426.0,126.0,95.0,31.0,0.0,12.0,0.0,0.0,19.0,0.753968253968254,4.0,0.042105263157894736,118.0,95.0,0.8050847457627118,0.0,0.0,0.0,0.0,23.0,0.19491525423728814,0.0,0.0,0.0,0.0,0.0,0.0,0.0,38.198528811335564
312,18720000000000,2.0,15.0,2.9145299145299144,2.0,8.5,351,2.0,9.0,5.407407407407407,5.0,8.0,351,15.0,22.0,18.59259259259259,19.0,22.0,351,2.0,7.0,2.4843304843304845,2.0,4.0,351,0.0,44.0,27.1496062992126,32.0,44.0,127,0.0,104.0,51.338582677165356,56.0,104.0,127,1.0,1.0,1.0,1.0,1.0,127,0.9999999999999998,1.0000000000000002,1.0,1.0,1.0,127,1.0,1.0,1.0,1.0,1.0,127,0.9999999999999998,1.0000000000000002,1.0,1.0,1.0,127,552.0,0.0,0.0,425.0,127.0,127.0,0.0,0.0,0.0,0.0,0.0,0.0,1.0,0.0,0.0,127.0,127.0,1.0,0.0,0.0,0.0,0.0,0.0,0.0,0.0,0.0,0.0,0.0,0.0,0.0,0.0,100.81629082560539
313,18780000000000,2.0,14.0,2.8917378917378915,2.0,7.5,351,2.0,9.0,5.361823361823362,5.0,8.0,351,15.0,22.0,18.63817663817664,19.0,22.0,351,2.0,7.0,2.4957264957264957,2.0,4.0,351,0.0,44.0,26.975206611570247,32.0,44.0,121,0.0,104.0,50.77685950413223,56.0,104.0,121,1.0,1.0,1.0,1.0,1.0,109,0.9999999999999997,1.0000000000000002,1.0,1.0,1.0,109,1.0,1.25,1.0041284403669726,1.0,1.0,109,0.9999999999999997,1.2982205420187525,1.0053534582745745,1.0,1.0,109,552.0,0.0,0.0,438.0,114.0,109.0,5.0,0.0,3.0,0.0,0.0,2.0,0.956140350877193,4.0,0.03669724770642202,121.0,109.0,0.9008264462809917,0.0,0.0,0.0,0.0,12.0,0.09917355371900827,0.0,0.0,0.0,0.0,0.0,0.0,0.0,132.9515315592289
314,18840000000000,2.0,14.0,2.8917378917378915,2.0,8.0,351,1.0,9.0,5.284900284900285,5.0,8.0,351,15.0,23.0,18.715099715099715,19.0,22.0,351,2.0,7.0,2.492877492877493,2.0,4.0,351,0.0,44.0,26.81967213114754,32.0,44.0,122,0.0,104.0,50.622950819672134,56.0,104.0,122,1.0,1.0,1.0,1.0,1.0,97,0.9999999999999998,1.0000000000000002,1.0,1.0,1.0,97,1.0,1.3333333333333333,1.0128865979381443,1.0,1.0333333333333314,97,0.9999999999999998,1.46601547914787,1.0170825755946518,1.0,1.0348208466267836,97,552.0,0.0,0.0,430.0,122.0,97.0,25.0,0.0,9.0,0.0,0.0,16.0,0.7950819672131147,5.0,0.05154639175257732,122.0,97.0,0.7950819672131147,0.0,0.0,0.0,0.0,25.0,0.20491803278688525,0.0,0.0,0.0,0.0,0.0,0.0,0.0,43.27843897044659
315,18900000000000,2.0,12.0,2.868945868945869,2.0,7.5,351,1.0,8.0,5.555555555555555,6.0,8.0,351,16.0,23.0,18.444444444444443,18.0,21.0,351,2.0,6.0,2.4985754985754984,2.0,4.0,351,0.0,44.0,25.949579831932773,28.0,44.0,119,0.0,104.0,46.924369747899156,40.0,104.0,119,1.0,1.0,1.0,1.0,1.0,119,0.9999999999999998,1.0000000000000002,1.0,1.0,1.0,119,1.0,1.0,1.0,1.0,1.0,119,0.9999999999999998,1.0000000000000002,1.0,1.0,1.0,119,552.0,0.0,0.0,433.0,119.0,119.0,0.0,0.0,0.0,0.0,0.0,0.0,1.0,0.0,0.0,119.0,119.0,1.0,0.0,0.0,0.0,0.0,0.0,0.0,0.0,0.0,0.0,0.0,0.0,0.0,0.0,108.11500065028667
316,18960000000000,2.0,14.0,2.905982905982906,2.0,9.0,351,1.0,8.0,5.501424501424501,5.0,8.0,351,16.0,23.0,18.498575498575498,19.0,21.0,351,2.0,7.0,2.507122507122507,2.0,4.0,351,0.0,44.0,26.360655737704917,28.0,44.0,122,0.0,104.0,47.60655737704918,40.0,104.0,122,1.0,1.0,1.0,1.0,1.0,117,0.9999999999999998,1.0000000000000002,1.0,1.0,1.0,117,1.0,1.5,1.0152421652421653,1.0,1.0,117,0.9999999999999998,2.110020787005157,1.0262339495986668,1.0,1.0000000000000002,117,552.0,0.0,0.0,425.0,127.0,117.0,10.0,0.0,5.0,0.0,0.0,5.0,0.9212598425196851,5.0,0.042735042735042736,122.0,117.0,0.9590163934426229,0.0,0.0,0.0,0.0,5.0,0.040983606557377046,0.0,0.0,0.0,0.0,0.0,0.0,0.0,46.39844968914986
317,19020000000000,2.0,13.0,2.9116809116809117,2.0,8.0,351,1.0,8.0,5.447293447293447,5.0,8.0,351,16.0,23.0,18.552706552706553,19.0,21.0,351,2.0,6.0,2.5014245014245016,2.0,4.0,351,0.0,44.0,26.488188976377952,28.0,44.0,127,0.0,104.0,47.55905511811024,40.0,104.0,127,1.0,1.0,1.0,1.0,1.0,110,1.0,1.0000000000000002,1.0,1.0,1.0,110,1.0,1.5,1.0213636363636363,1.0,1.2,110,1.0,2.4869047562325037,1.0423215071811869,1.0,1.2353005915369637,110,552.0,0.0,0.0,424.0,128.0,110.0,18.0,0.0,12.0,0.0,0.0,6.0,0.859375,8.0,0.07272727272727272,127.0,110.0,0.8661417322834646,0.0,0.0,0.0,0.0,17.0,0.13385826771653545,0.0,0.0,0.0,0.0,0.0,0.0,0.0,46.63462191820145
318,19080000000000,2.0,14.0,2.8547008547008548,2.0,6.5,351,1.0,10.0,5.518518518518518,6.0,8.0,351,14.0,23.0,18.48148148148148,18.0,22.0,351,2.0,6.0,2.4814814814814814,2.0,4.0,351,0.0,44.0,26.9618320610687,32.0,44.0,131,0.0,104.0,48.48854961832061,56.0,104.0,131,1.0,1.0,1.0,1.0,1.0,131,0.9999999999999998,1.0000000000000002,1.0,1.0,1.0,131,1.0,1.0,1.0,1.0,1.0,131,0.9999999999999998,1.0000000000000002,1.0,1.0,1.0,131,552.0,0.0,0.0,421.0,131.0,131.0,0.0,0.0,0.0,0.0,0.0,0.0,1.0,0.0,0.0,131.0,131.0,1.0,0.0,0.0,0.0,0.0,0.0,0.0,0.0,0.0,0.0,0.0,0.0,0.0,0.0,97.56072238087654
319,19140000000000,2.0,14.0,2.849002849002849,2.0,8.0,351,1.0,10.0,5.455840455840455,6.0,8.0,351,14.0,23.0,18.544159544159545,18.0,22.0,351,2.0,7.0,2.4957264957264957,2.0,4.0,351,0.0,44.0,26.756302521008404,28.0,44.0,119,0.0,104.0,48.33613445378151,40.0,104.0,119,1.0,1.0,1.0,1.0,1.0,108,0.9999999999999998,1.0000000000000002,1.0,1.0,1.0000000000000002,108,1.0,1.5,1.0115740740740742,1.0,1.0,108,0.9999999999999998,1.9874856620339836,1.0212446632808803,1.0,1.0000000000000002,108,552.0,0.0,0.0,431.0,121.0,108.0,13.0,0.0,7.0,0.0,0.0,6.0,0.8925619834710744,4.0,0.037037037037037035,119.0,108.0,0.907563025210084,0.0,0.0,0.0,0.0,11.0,0.09243697478991597,0.0,0.0,0.0,0.0,0.0,0.0,0.0,38.890887051820755
320,19200000000000,2.0,14.0,2.903133903133903,2.0,8.0,351,0.0,10.0,5.396011396011396,5.0,8.0,351,14.0,24.0,18.603988603988604,19.0,22.0,351,2.0,7.0,2.492877492877493,2.0,4.0,351,0.0,44.0,27.433070866141733,28.0,44.0,127,0.0,104.0,50.20472440944882,40.0,104.0,127,1.0,1.0,1.0,1.0,1.0,100,0.9999999999999999,1.0000000000000002,1.0,1.0,1.0,100,1.0,1.5,1.0234285714285714,1.0,1.2025,100,0.9999999999999999,2.3977988834209367,1.0426736233617115,1.0,1.2352627231747784,100,552.0,0.0,0.0,427.0,125.0,100.0,25.0,0.0,9.0,0.0,0.0,16.0,0.8,9.0,0.09,127.0,100.0,0.7874015748031497,0.0,0.0,0.0,0.0,27.0,0.2125984251968504,0.0,0.0,0.0,0.0,0.0,0.0,0.0,39.61171209812164
321,19260000000000,2.0,14.0,2.8547008547008548,2.0,7.0,351,1.0,9.0,5.555555555555555,5.0,9.0,351,15.0,23.0,18.444444444444443,19.0,21.0,351,2.0,7.0,2.492877492877493,2.0,4.0,351,0.0,44.0,26.52991452991453,32.0,44.0,117,0.0,104.0,48.888888888888886,56.0,104.0,117,1.0,1.0,1.0,1.0,1.0,117,0.9999999999999998,1.0000000000000002,1.0,1.0,1.0,117,1.0,1.0,1.0,1.0,1.0,117,0.9999999999999998,1.0000000000000002,1.0,1.0,1.0,117,552.0,0.0,0.0,435.0,117.0,117.0,0.0,0.0,0.0,0.0,0.0,0.0,1.0,0.0,0.0,117.0,117.0,1.0,0.0,0.0,0.0,0.0,0.0,0.0,0.0,0.0,0.0,0.0,0.0,0.0,0.0,158.5243809968233
322,19320000000000,2.0,14.0,2.8632478632478633,2.0,8.0,351,1.0,9.0,5.484330484330484,5.0,9.0,351,15.0,23.0,18.515669515669515,19.0,21.0,351,2.0,7.0,2.4814814814814814,2.0,4.0,351,0.0,44.0,26.53913043478261,32.0,44.0,115,0.0,104.0,49.18260869565217,56.0,104.0,115,1.0,1.0,1.0,1.0,1.0,100,0.9999999999999998,1.0,1.0,1.0,1.0,100,1.0,1.3333333333333333,1.005,1.0,1.0,100,0.9999999999999998,1.4598486001366604,1.0063347730249017,1.0,1.0,100,552.0,0.0,0.0,441.0,111.0,100.0,11.0,0.0,5.0,0.0,0.0,6.0,0.9009009009009009,2.0,0.02,115.0,100.0,0.8695652173913043,0.0,0.0,0.0,0.0,15.0,0.13043478260869565,0.0,0.0,0.0,0.0,0.0,0.0,0.0,43.23515109717846
323,19380000000000,2.0,14.0,2.8547008547008548,2.0,7.5,351,1.0,9.0,5.4415954415954415,5.0,9.0,351,15.0,23.0,18.558404558404558,19.0,21.0,351,2.0,7.0,2.5014245014245016,2.0,4.0,351,0.0,44.0,25.789473684210527,28.0,44.0,114,0.0,104.0,46.94736842105263,40.0,104.0,114,1.0,1.0,1.0,1.0,1.0,92,0.9999999999999997,1.0000000000000002,1.0,1.0,1.0,92,1.0,1.5,1.0144927536231882,1.0,1.0750000000000006,92,0.9999999999999997,1.9928021891330578,1.024406550372216,1.0,1.0861171076843468,92,552.0,0.0,0.0,434.0,118.0,92.0,26.0,0.0,10.0,0.0,0.0,16.0,0.7796610169491526,9.0,0.09782608695652174,114.0,92.0,0.8070175438596491,0.0,0.0,0.0,0.0,22.0,0.19298245614035087,0.0,0.0,0.0,0.0,0.0,0.0,0.0,42.69358702003956
324,19440000000000,2.0,14.0,2.866096866096866,2.0,8.0,351,1.0,10.0,5.62962962962963,6.0,8.0,351,14.0,23.0,18.37037037037037,18.0,21.0,351,2.0,6.0,2.49002849002849,2.0,4.0,351,0.0,44.0,26.62295081967213,28.0,44.0,122,0.0,104.0,48.65573770491803,40.0,104.0,122,1.0,1.0,1.0,1.0,1.0,122,1.0,1.0000000000000002,1.0,1.0,1.0,122,1.0,1.0,1.0,1.0,1.0,122,1.0,1.0000000000000002,1.0,1.0,1.0,122,552.0,0.0,0.0,430.0,122.0,122.0,0.0,0.0,0.0,0.0,0.0,0.0,1.0,0.0,0.0,122.0,122.0,1.0,0.0,0.0,0.0,0.0,0.0,0.0,0.0,0.0,0.0,0.0,0.0,0.0,0.0,97.69076108932495
325,19500000000000,2.0,14.0,2.9002849002849005,2.0,8.0,351,1.0,10.0,5.586894586894587,6.0,8.0,351,14.0,23.0,18.413105413105413,18.0,21.0,351,2.0,6.0,2.4957264957264957,2.0,4.0,351,0.0,44.0,27.181818181818183,32.0,44.0,132,0.0,104.0,50.36363636363637,56.0,104.0,132,1.0,1.0,1.0,1.0,1.0,120,0.9999999999999998,1.0000000000000002,1.0,1.0,1.0000000000000002,120,1.0,1.5,1.008888888888889,1.0,1.0,120,0.9999999999999998,1.9422219501630746,1.0134590053856312,1.0,1.0000000000000002,120,552.0,0.0,0.0,425.0,127.0,120.0,7.0,0.0,3.0,0.0,0.0,4.0,0.9448818897637795,4.0,0.03333333333333333,132.0,120.0,0.9090909090909091,0.0,0.0,0.0,0.0,12.0,0.09090909090909091,0.0,0.0,0.0,0.0,0.0,0.0,0.0,43.54742541909218
326,19560000000000,2.0,14.0,2.8518518518518516,2.0,7.0,351,1.0,10.0,5.524216524216524,6.0,8.0,351,14.0,23.0,18.475783475783476,18.0,21.0,351,2.0,6.0,2.4814814814814814,2.0,4.0,351,0.0,44.0,27.441176470588236,32.0,44.0,136,0.0,104.0,50.470588235294116,56.0,104.0,136,1.0,1.0,1.0,1.0,1.0,109,1.0,1.0000000000000002,1.0,1.0,1.0,109,1.0,1.5,1.0198995194408038,1.0,1.2,109,1.0,2.214553780332263,1.0317023435426604,1.0,1.2851291205302302,109,552.0,0.0,0.0,420.0,132.0,109.0,23.0,0.0,4.0,0.0,0.0,19.0,0.8257575757575758,10.0,0.09174311926605505,136.0,109.0,0.8014705882352942,0.0,0.0,0.0,0.0,27.0,0.19852941176470587,0.0,0.0,0.0,0.0,0.0,0.0,0.0,23.19543994963169
327,19620000000000,2.0,15.0,2.868945868945869,2.0,8.0,351,1.0,10.0,5.444444444444445,5.0,8.0,351,14.0,23.0,18.555555555555557,19.0,21.0,351,2.0,7.0,2.49002849002849,2.0,4.0,351,0.0,44.0,26.28099173553719,28.0,44.0,121,0.0,104.0,48.59504132231405,40.0,104.0,121,1.0,1.0,1.0,1.0,1.0,121,0.9999999999999998,1.0,1.0,1.0,1.0,121,1.0,1.0,1.0,1.0,1.0,121,0.9999999999999998,1.0,1.0,1.0,1.0,121,552.0,0.0,0.0,431.0,121.0,121.0,0.0,0.0,0.0,0.0,0.0,0.0,1.0,0.0,0.0,121.0,121.0,1.0,0.0,0.0,0.0,0.0,0.0,0.0,0.0,0.0,0.0,0.0,0.0,0.0,0.0,151.64014138281345
328,19680000000000,2.0,15.0,2.8917378917378915,2.0,8.0,351,0.0,10.0,5.387464387464387,5.0,8.0,351,14.0,24.0,18.612535612535613,19.0,21.0,351,2.0,8.0,2.4957264957264957,2.0,4.0,351,0.0,44.0,26.771653543307085,32.0,44.0,127,0.0,104.0,49.826771653543304,56.0,104.0,127,1.0,1.0,1.0,1.0,1.0,117,0.9999999999999998,1.0000000000000002,1.0,1.0,1.0,117,1.0,1.25,1.0054945054945055,1.0,1.0,117,0.9999999999999998,1.2910151038834146,1.0062870173623506,1.0,1.0000000000000002,117,552.0,0.0,0.0,422.0,130.0,117.0,13.0,0.0,10.0,0.0,0.0,3.0,0.9,3.0,0.02564102564102564,127.0,117.0,0.9212598425196851,0.0,0.0,0.0,0.0,10.0,0.07874015748031496,0.0,0.0,0.0,0.0,0.0,0.0,0.0,40.88018462061882
329,19740000000000,2.0,15.0,2.8518518518518516,2.0,7.5,351,0.0,10.0,5.316239316239316,5.0,8.0,351,14.0,24.0,18.683760683760685,19.0,21.0,351,2.0,7.0,2.4843304843304845,2.0,4.0,351,0.0,44.0,27.566666666666666,32.0,44.0,120,0.0,104.0,50.86666666666667,56.0,104.0,120,1.0,1.0,1.0,1.0,1.0,96,0.9999999999999998,1.0000000000000002,1.0,1.0,1.0,96,1.0,1.5,1.0330853174603174,1.0,1.25,96,0.9999999999999998,2.3244728993435233,1.0559984502894781,1.0,1.3281594869650732,96,552.0,0.0,0.0,437.0,115.0,96.0,19.0,0.0,8.0,0.0,0.0,11.0,0.8347826086956521,11.0,0.11458333333333333,120.0,96.0,0.8,0.0,0.0,0.0,0.0,24.0,0.2,0.0,0.0,0.0,0.0,0.0,0.0,0.0,27.180522680282593
330,19800000000000,2.0,15.0,2.8603988603988606,2.0,8.0,351,1.0,10.0,5.444444444444445,5.0,8.0,351,14.0,23.0,18.555555555555557,19.0,21.0,351,2.0,7.0,2.492877492877493,2.0,4.0,351,0.0,44.0,26.446280991735538,28.0,44.0,121,0.0,104.0,48.66115702479339,40.0,104.0,121,1.0,1.0,1.0,1.0,1.0,121,0.9999999999999998,1.0000000000000002,1.0,1.0,1.0,121,1.0,1.0,1.0,1.0,1.0,121,0.9999999999999998,1.0000000000000002,1.0,1.0,1.0,121,552.0,0.0,0.0,431.0,121.0,121.0,0.0,0.0,0.0,0.0,0.0,0.0,1.0,0.0,0.0,121.0,121.0,1.0,0.0,0.0,0.0,0.0,0.0,0.0,0.0,0.0,0.0,0.0,0.0,0.0,0.0,98.89495000243187
331,19860000000000,2.0,15.0,2.886039886039886,2.0,8.0,351,1.0,10.0,5.401709401709402,5.0,8.0,351,14.0,23.0,18.5982905982906,19.0,21.0,351,2.0,7.0,2.4985754985754984,2.0,4.0,351,0.0,44.0,25.982905982905983,28.0,44.0,117,0.0,104.0,47.31623931623932,40.0,104.0,117,1.0,1.0,1.0,1.0,1.0,109,0.9999999999999999,1.0000000000000002,1.0,1.0,1.0,109,1.0,1.0,1.0,1.0,1.0,109,0.9999999999999999,1.025324014743837,1.0005535801578984,1.0,1.0000000000000002,109,552.0,0.0,0.0,433.0,119.0,109.0,10.0,0.0,5.0,0.0,0.0,5.0,0.9159663865546218,5.0,0.045871559633027525,117.0,109.0,0.9316239316239316,0.0,0.0,0.0,0.0,8.0,0.06837606837606838,0.0,0.0,0.0,0.0,0.0,0.0,0.0,41.463807225227356
332,19920000000000,2.0,14.0,2.8547008547008548,2.0,7.5,351,1.0,10.0,5.3247863247863245,5.0,8.0,351,14.0,23.0,18.675213675213676,19.0,21.0,351,2.0,6.0,2.4814814814814814,2.0,4.0,351,0.0,44.0,26.0,28.0,44.0,114,0.0,104.0,47.1578947368421,40.0,104.0,114,1.0,1.0,1.0,1.0,1.0,88,0.9999999999999998,1.0000000000000002,1.0,1.0,1.0,88,1.0,1.5,1.0151515151515154,1.0,1.0,88,0.9999999999999998,2.1276628229432815,1.026201377831593,1.0,1.0047671178222455,88,552.0,0.0,0.0,440.0,112.0,88.0,24.0,0.0,7.0,0.0,0.0,17.0,0.7857142857142857,5.0,0.056818181818181816,114.0,88.0,0.7719298245614035,0.0,0.0,0.0,0.0,26.0,0.22807017543859648,0.0,0.0,0.0,0.0,0.0,0.0,0.0,45.60251161456108
333,19980000000000,2.0,14.0,2.888888888888889,2.0,8.0,351,1.0,9.0,5.555555555555555,6.0,8.0,351,15.0,23.0,18.444444444444443,18.0,21.0,351,2.0,6.0,2.4985754985754984,2.0,4.0,351,0.0,44.0,27.235294117647058,32.0,44.0,136,0.0,104.0,50.1764705882353,56.0,104.0,136,1.0,1.0,1.0,1.0,1.0,136,1.0,1.0000000000000002,1.0,1.0,1.0,136,1.0,1.0,1.0,1.0,1.0,136,1.0,1.0000000000000002,1.0,1.0,1.0,136,552.0,0.0,0.0,416.0,136.0,136.0,0.0,0.0,0.0,0.0,0.0,0.0,1.0,0.0,0.0,136.0,136.0,1.0,0.0,0.0,0.0,0.0,0.0,0.0,0.0,0.0,0.0,0.0,0.0,0.0,0.0,109.05461944639683
334,20040000000000,2.0,14.0,2.8803418803418803,2.0,8.0,351,1.0,9.0,5.484330484330484,6.0,8.0,351,15.0,23.0,18.515669515669515,18.0,21.0,351,2.0,6.0,2.4814814814814814,2.0,4.0,351,0.0,44.0,26.919708029197082,32.0,44.0,137,0.0,104.0,49.86861313868613,56.0,104.0,137,1.0,1.0,1.0,1.0,1.0,124,0.9999999999999999,1.0000000000000002,1.0,1.0,1.0,124,1.0,1.3333333333333333,1.0073924731182795,1.0,1.0,124,0.9999999999999999,1.472636005179255,1.0102557277893298,1.0,1.0000000000000002,124,552.0,0.0,0.0,416.0,136.0,124.0,12.0,0.0,5.0,0.0,0.0,7.0,0.9117647058823529,5.0,0.04032258064516129,137.0,124.0,0.9051094890510949,0.0,0.0,0.0,0.0,13.0,0.0948905109489051,0.0,0.0,0.0,0.0,0.0,0.0,0.0,61.07820197939873
335,20100000000000,2.0,14.0,2.8746438746438745,2.0,8.0,351,1.0,9.0,5.43019943019943,6.0,8.0,351,15.0,23.0,18.56980056980057,18.0,21.0,351,2.0,7.0,2.4871794871794872,2.0,4.0,351,0.0,44.0,26.536585365853657,28.0,44.0,123,0.0,104.0,48.19512195121951,40.0,104.0,123,1.0,1.0,1.0,1.0,1.0,94,1.0,1.0000000000000002,1.0,1.0,1.0,94,1.0,1.5,1.035207700101317,1.0,1.3333333333333333,94,1.0,2.184948089348787,1.062313407269248,1.0,1.4828545109781424,94,552.0,0.0,0.0,427.0,125.0,94.0,31.0,0.0,12.0,0.0,0.0,19.0,0.752,12.0,0.1276595744680851,123.0,94.0,0.7642276422764228,0.0,0.0,0.0,0.0,29.0,0.23577235772357724,0.0,0.0,0.0,0.0,0.0,0.0,0.0,123.76983091235161
336,20160000000000,2.0,15.0,2.9173789173789175,2.0,8.0,351,1.0,10.0,5.703703703703703,6.0,8.0,351,14.0,23.0,18.296296296296298,18.0,21.0,351,2.0,8.0,2.507122507122507,2.0,4.0,351,0.0,44.0,26.225563909774436,28.0,44.0,133,0.0,104.0,48.06015037593985,40.0,104.0,133,1.0,1.0,1.0,1.0,1.0,133,0.9999999999999998,1.0000000000000002,1.0,1.0,1.0,133,1.0,1.0,1.0,1.0,1.0,133,0.9999999999999998,1.0000000000000002,1.0,1.0,1.0,133,552.0,0.0,0.0,419.0,133.0,133.0,0.0,0.0,0.0,0.0,0.0,0.0,1.0,0.0,0.0,133.0,133.0,1.0,0.0,0.0,0.0,0.0,0.0,0.0,0.0,0.0,0.0,0.0,0.0,0.0,0.0,64.65734913945198
337,20220000000000,2.0,15.0,2.8746438746438745,2.0,8.0,351,1.0,10.0,5.6239316239316235,6.0,8.0,351,14.0,23.0,18.376068376068375,18.0,21.0,351,2.0,7.0,2.4957264957264957,2.0,4.0,351,0.0,44.0,26.56,28.0,44.0,125,0.0,104.0,48.64,40.0,104.0,125,1.0,1.0,1.0,1.0,1.0,109,0.9999999999999998,1.0000000000000002,1.0,1.0,1.0,109,1.0,1.5,1.016601135867191,1.0,1.157142857142857,109,0.9999999999999998,2.0330371159888587,1.0231567510792385,1.0,1.1611912500125379,109,552.0,0.0,0.0,431.0,121.0,109.0,12.0,0.0,3.0,0.0,0.0,9.0,0.9008264462809917,7.0,0.06422018348623854,125.0,109.0,0.872,0.0,0.0,0.0,0.0,16.0,0.128,0.0,0.0,0.0,0.0,0.0,0.0,0.0,41.131990030407906
338,20280000000000,2.0,15.0,2.8746438746438745,2.0,8.0,351,1.0,10.0,5.564102564102564,5.0,8.0,351,14.0,23.0,18.435897435897434,19.0,21.0,351,2.0,8.0,2.4985754985754984,2.0,4.0,351,0.0,44.0,26.748091603053435,28.0,44.0,131,0.0,104.0,48.732824427480914,40.0,104.0,131,1.0,1.0,1.0,1.0,1.0,98,0.9999999999999998,1.0000000000000002,1.0,1.0,1.0000000000000002,98,1.0,1.5,1.0314625850340136,1.0,1.2624999999999993,98,0.9999999999999998,2.440049450091248,1.0586700844395631,1.0,1.3788872593317925,98,552.0,0.0,0.0,424.0,128.0,98.0,30.0,0.0,9.0,0.0,0.0,21.0,0.765625,10.0,0.10204081632653061,131.0,98.0,0.7480916030534351,0.0,0.0,0.0,0.0,33.0,0.25190839694656486,0.0,0.0,0.0,0.0,0.0,0.0,0.0,21.949347108602524
339,20340000000000,2.0,15.0,2.886039886039886,2.0,7.5,351,1.0,10.0,5.481481481481482,5.0,9.0,351,14.0,23.0,18.51851851851852,19.0,21.0,351,2.0,7.0,2.492877492877493,2.0,4.0,351,0.0,44.0,26.166666666666668,28.0,44.0,120,0.0,104.0,47.06666666666667,40.0,104.0,120,1.0,1.0,1.0,1.0,1.0,120,0.9999999999999998,1.0000000000000002,1.0,1.0,1.0,120,1.0,1.0,1.0,1.0,1.0,120,0.9999999999999998,1.0000000000000002,1.0,1.0,1.0,120,552.0,0.0,0.0,432.0,120.0,120.0,0.0,0.0,0.0,0.0,0.0,0.0,1.0,0.0,0.0,120.0,120.0,1.0,0.0,0.0,0.0,0.0,0.0,0.0,0.0,0.0,0.0,0.0,0.0,0.0,0.0,103.99015992879868
340,20400000000000,2.0,15.0,2.8774928774928776,2.0,7.5,351,1.0,10.0,5.43019943019943,5.0,9.0,351,14.0,23.0,18.56980056980057,19.0,21.0,351,2.0,7.0,2.4871794871794872,2.0,4.0,351,0.0,44.0,26.442477876106196,28.0,44.0,113,0.0,104.0,48.424778761061944,40.0,104.0,113,1.0,1.0,1.0,1.0,1.0,106,0.9999999999999998,1.0000000000000002,1.0,1.0,1.0,106,1.0,1.3333333333333333,1.007861635220126,1.0,1.0,106,0.9999999999999998,1.490072022017633,1.010868974128723,1.0,1.0000000000000002,106,552.0,0.0,0.0,439.0,113.0,106.0,7.0,0.0,2.0,0.0,0.0,5.0,0.9380530973451328,4.0,0.03773584905660377,113.0,106.0,0.9380530973451328,0.0,0.0,0.0,0.0,7.0,0.061946902654867256,0.0,0.0,0.0,0.0,0.0,0.0,0.0,40.079180151224136
341,20460000000000,2.0,14.0,2.843304843304843,2.0,6.5,351,1.0,10.0,5.364672364672365,5.0,9.0,351,14.0,23.0,18.635327635327634,19.0,21.5,351,2.0,6.0,2.4757834757834756,2.0,4.0,351,0.0,44.0,27.503875968992247,28.0,44.0,129,0.0,104.0,50.29457364341085,40.0,104.0,129,1.0,1.0,1.0,1.0,1.0,104,0.9999999999999998,1.0000000000000002,1.0,1.0,1.0,104,1.0,1.5,1.0181089743589742,1.0,1.2,104,0.9999999999999998,1.923113446038751,1.0266938494164708,1.0,1.230750806049062,104,552.0,0.0,0.0,427.0,125.0,104.0,21.0,0.0,9.0,0.0,0.0,12.0,0.832,7.0,0.0673076923076923,129.0,104.0,0.8062015503875969,0.0,0.0,0.0,0.0,25.0,0.1937984496124031,0.0,0.0,0.0,0.0,0.0,0.0,0.0,28.199443593621254
342,20520000000000,2.0,15.0,2.888888888888889,2.0,8.0,351,2.0,10.0,5.7407407407407405,6.0,9.0,351,14.0,22.0,18.25925925925926,18.0,21.0,351,2.0,6.0,2.5042735042735043,2.0,4.0,351,0.0,44.0,27.120567375886523,32.0,44.0,141,0.0,104.0,50.269503546099294,56.0,104.0,141,1.0,1.0,1.0,1.0,1.0,141,0.9999999999999998,1.0,1.0,1.0,1.0,141,1.0,1.0,1.0,1.0,1.0,141,0.9999999999999998,1.0,1.0,1.0,1.0,141,552.0,0.0,0.0,411.0,141.0,141.0,0.0,0.0,0.0,0.0,0.0,0.0,1.0,0.0,0.0,141.0,141.0,1.0,0.0,0.0,0.0,0.0,0.0,0.0,0.0,0.0,0.0,0.0,0.0,0.0,0.0,192.9246261715889
343,20580000000000,2.0,15.0,2.9116809116809117,2.0,8.0,351,2.0,10.0,5.683760683760684,6.0,9.0,351,14.0,22.0,18.316239316239315,18.0,21.0,351,2.0,7.0,2.4957264957264957,2.0,4.0,351,0.0,44.0,27.377777777777776,32.0,44.0,135,0.0,104.0,50.84444444444444,56.0,104.0,135,1.0,1.0,1.0,1.0,1.0,123,0.9999999999999999,1.0000000000000002,1.0,1.0,1.0,123,1.0,1.5,1.0155826558265584,1.0,1.0,123,0.9999999999999999,2.068384862784324,1.0266003659649419,1.0,1.0,123,552.0,0.0,0.0,422.0,130.0,123.0,7.0,0.0,2.0,0.0,0.0,5.0,0.9461538461538461,5.0,0.04065040650406504,135.0,123.0,0.9111111111111111,0.0,0.0,0.0,0.0,12.0,0.08888888888888889,0.0,0.0,0.0,0.0,0.0,0.0,0.0,45.49724794924259
344,20640000000000,2.0,15.0,2.903133903133903,2.0,8.0,351,1.0,10.0,5.6239316239316235,5.0,9.0,351,14.0,23.0,18.376068376068375,19.0,21.0,351,2.0,6.0,2.5014245014245016,2.0,4.0,351,0.0,44.0,27.23076923076923,32.0,44.0,130,0.0,104.0,50.76923076923077,56.0,104.0,130,1.0,1.0,1.0,1.0,1.0,106,1.0,1.0000000000000002,1.0,1.0,1.0,106,1.0,1.5,1.0251572327044025,1.0,1.25,106,1.0,2.4178905073497527,1.0490499531497015,1.0,1.305525431427568,106,552.0,0.0,0.0,425.0,127.0,106.0,21.0,0.0,10.0,0.0,0.0,11.0,0.8346456692913385,9.0,0.08490566037735849,130.0,106.0,0.8153846153846154,0.0,0.0,0.0,0.0,24.0,0.18461538461538463,0.0,0.0,0.0,0.0,0.0,0.0,0.0,43.34551282227039
345,20700000000000,2.0,15.0,2.9458689458689458,2.0,9.0,351,2.0,10.0,5.777777777777778,6.0,9.0,351,14.0,22.0,18.22222222222222,18.0,21.0,351,2.0,7.0,2.5128205128205128,2.0,4.0,351,0.0,44.0,25.64179104477612,28.0,44.0,134,0.0,104.0,46.149253731343286,40.0,104.0,134,1.0,1.0,1.0,1.0,1.0,134,1.0,1.0000000000000002,1.0,1.0,1.0,134,1.0,1.0,1.0,1.0,1.0,134,1.0,1.0000000000000002,1.0,1.0,1.0,134,552.0,0.0,0.0,418.0,134.0,134.0,0.0,0.0,0.0,0.0,0.0,0.0,1.0,0.0,0.0,134.0,134.0,1.0,0.0,0.0,0.0,0.0,0.0,0.0,0.0,0.0,0.0,0.0,0.0,0.0,0.0,99.49270263314247
346,20760000000000,2.0,15.0,2.8632478632478633,2.0,7.5,351,1.0,10.0,5.712250712250713,6.0,9.0,351,14.0,23.0,18.28774928774929,18.0,21.0,351,2.0,7.0,2.5042735042735043,2.0,4.0,351,0.0,44.0,25.00763358778626,28.0,44.0,131,0.0,104.0,45.06870229007634,40.0,104.0,131,1.0,1.0,1.0,1.0,1.0,113,0.9999999999999998,1.0,1.0,1.0,1.0,113,1.0,1.3333333333333333,1.0073746312684366,1.0,1.0,113,0.9999999999999998,1.4676552074393114,1.0101060246851155,1.0,1.0,113,552.0,0.0,0.0,430.0,122.0,113.0,9.0,0.0,4.0,0.0,0.0,5.0,0.9262295081967213,3.0,0.02654867256637168,131.0,113.0,0.8625954198473282,0.0,0.0,0.0,0.0,18.0,0.13740458015267176,0.0,0.0,0.0,0.0,0.0,0.0,0.0,67.31445901095867
347,20820000000000,2.0,15.0,2.888888888888889,2.0,7.0,351,1.0,10.0,5.64957264957265,5.0,9.0,351,14.0,23.0,18.35042735042735,19.0,21.0,351,2.0,7.0,2.49002849002849,2.0,4.0,351,0.0,44.0,25.639344262295083,28.0,44.0,122,0.0,104.0,46.49180327868852,40.0,104.0,122,1.0,1.0,1.0,1.0,1.0,98,0.9999999999999998,1.0000000000000002,1.0,1.0,1.0,98,1.0,1.3333333333333333,1.0119047619047619,1.0,1.0249999999999986,98,0.9999999999999998,1.5812557521225399,1.0183662119981347,1.0,1.0380280863573839,98,552.0,0.0,0.0,432.0,120.0,98.0,22.0,0.0,8.0,0.0,0.0,14.0,0.8166666666666667,9.0,0.09183673469387756,122.0,98.0,0.8032786885245902,0.0,0.0,0.0,0.0,24.0,0.19672131147540983,0.0,0.0,0.0,0.0,0.0,0.0,0.0,42.81172528862953
348,20880000000000,2.0,13.0,2.8290598290598292,2.0,7.5,351,1.0,9.0,5.37037037037037,5.0,8.0,351,15.0,23.0,18.62962962962963,19.0,22.0,351,2.0,7.0,2.4757834757834756,2.0,4.0,351,0.0,44.0,26.05217391304348,28.0,44.0,115,0.0,104.0,47.23478260869565,40.0,104.0,115,1.0,1.0,1.0,1.0,1.0,115,0.9999999999999999,1.0000000000000002,1.0,1.0,1.0,115,1.0,1.0,1.0,1.0,1.0,115,0.9999999999999999,1.0000000000000002,1.0,1.0,1.0,115,552.0,0.0,0.0,437.0,115.0,115.0,0.0,0.0,0.0,0.0,0.0,0.0,1.0,0.0,0.0,115.0,115.0,1.0,0.0,0.0,0.0,0.0,0.0,0.0,0.0,0.0,0.0,0.0,0.0,0.0,0.0,93.19083765149117
349,20940000000000,2.0,14.0,2.8803418803418803,2.0,8.0,351,1.0,9.0,5.316239316239316,5.0,8.0,351,15.0,23.0,18.683760683760685,19.0,22.0,351,2.0,6.0,2.4957264957264957,2.0,4.0,351,0.0,44.0,26.444444444444443,28.0,44.0,126,0.0,104.0,48.63492063492063,40.0,104.0,126,1.0,1.0,1.0,1.0,1.0,115,0.9999999999999998,1.0,1.0,1.0,1.0,115,1.0,1.25,1.0091304347826087,1.0,1.0,115,0.9999999999999998,1.3035005092201695,1.0108023869400353,1.0,1.0,115,552.0,0.0,0.0,425.0,127.0,115.0,12.0,0.0,7.0,0.0,0.0,5.0,0.905511811023622,5.0,0.043478260869565216,126.0,115.0,0.9126984126984127,0.0,0.0,0.0,0.0,11.0,0.0873015873015873,0.0,0.0,0.0,0.0,0.0,0.0,0.0,49.43948611617088
350,21000000000000,2.0,13.0,2.849002849002849,2.0,7.5,351,1.0,9.0,5.250712250712251,5.0,8.0,351,15.0,23.0,18.74928774928775,19.0,22.0,351,2.0,7.0,2.492877492877493,2.0,4.0,351,0.0,44.0,27.16923076923077,32.0,44.0,130,0.0,104.0,50.52307692307692,56.0,104.0,130,1.0,1.0,1.0,1.0,1.0,112,0.9999999999999998,1.0,1.0,1.0,1.0,112,1.0,1.25,1.0160714285714285,1.0,1.2,112,0.9999999999999998,1.395107622296304,1.0230983250111891,1.0,1.2890712803486453,112,552.0,0.0,0.0,428.0,124.0,112.0,12.0,0.0,5.0,0.0,0.0,7.0,0.9032258064516129,10.0,0.08928571428571429,130.0,112.0,0.8615384615384616,0.0,0.0,0.0,0.0,18.0,0.13846153846153847,0.0,0.0,0.0,0.0,0.0,0.0,0.0,117.37886071205139
351,21060000000000,2.0,15.0,2.92022792022792,2.0,8.5,351,2.0,10.0,5.777777777777778,6.0,9.0,351,14.0,22.0,18.22222222222222,18.0,21.0,351,2.0,7.0,2.5128205128205128,2.0,4.0,351,0.0,44.0,26.564885496183205,32.0,44.0,131,0.0,104.0,49.64885496183206,56.0,104.0,131,1.0,1.0,1.0,1.0,1.0,131,0.9999999999999998,1.0000000000000002,1.0,1.0,1.0,131,1.0,1.0,1.0,1.0,1.0,131,0.9999999999999998,1.0000000000000002,1.0,1.0,1.0,131,552.0,0.0,0.0,421.0,131.0,131.0,0.0,0.0,0.0,0.0,0.0,0.0,1.0,0.0,0.0,131.0,131.0,1.0,0.0,0.0,0.0,0.0,0.0,0.0,0.0,0.0,0.0,0.0,0.0,0.0,0.0,70.41171006858349
352,21120000000000,2.0,15.0,2.9116809116809117,2.0,9.0,351,1.0,10.0,5.700854700854701,6.0,9.0,351,14.0,23.0,18.299145299145298,18.0,21.0,351,2.0,6.0,2.4985754985754984,2.0,4.0,351,0.0,44.0,26.827067669172934,32.0,44.0,133,0.0,104.0,49.92481203007519,56.0,104.0,133,1.0,1.0,1.0,1.0,1.0,119,0.9999999999999998,1.0000000000000002,1.0,1.0,1.0,119,1.0,1.5,1.0126050420168067,1.0,1.0,119,0.9999999999999998,1.9098780522814658,1.0181714915860938,1.0,1.002224771310709,119,552.0,0.0,0.0,424.0,128.0,119.0,9.0,0.0,5.0,0.0,0.0,4.0,0.9296875,6.0,0.05042016806722689,133.0,119.0,0.8947368421052632,0.0,0.0,0.0,0.0,14.0,0.10526315789473684,0.0,0.0,0.0,0.0,0.0,0.0,0.0,47.84129373729229
353,21180000000000,2.0,15.0,2.9002849002849005,2.0,9.0,351,1.0,10.0,5.64957264957265,6.0,9.0,351,14.0,23.0,18.35042735042735,18.0,21.0,351,2.0,7.0,2.4985754985754984,2.0,4.0,351,0.0,44.0,27.16923076923077,32.0,44.0,130,0.0,104.0,49.96923076923077,56.0,104.0,130,1.0,1.0,1.0,1.0,1.0,108,0.9999999999999999,1.0000000000000002,1.0,1.0,1.0,108,1.0,1.5,1.0208333333333333,1.0,1.2208333333333325,108,0.9999999999999999,2.0332720467965935,1.0349855607925227,1.0,1.2638019121670003,108,552.0,0.0,0.0,425.0,127.0,108.0,19.0,0.0,5.0,0.0,0.0,14.0,0.8503937007874016,8.0,0.07407407407407407,130.0,108.0,0.8307692307692308,0.0,0.0,0.0,0.0,22.0,0.16923076923076924,0.0,0.0,0.0,0.0,0.0,0.0,0.0,43.13484951853752
354,21240000000000,2.0,15.0,2.8518518518518516,2.0,7.5,351,2.0,10.0,5.518518518518518,5.0,8.0,351,14.0,22.0,18.48148148148148,19.0,21.0,351,2.0,7.0,2.4957264957264957,2.0,4.0,351,0.0,44.0,25.355371900826448,28.0,44.0,121,0.0,104.0,45.48760330578512,40.0,104.0,121,1.0,1.0,1.0,1.0,1.0,121,0.9999999999999999,1.0000000000000002,1.0,1.0,1.0000000000000002,121,1.0,1.0,1.0,1.0,1.0,121,0.9999999999999999,1.0000000000000002,1.0,1.0,1.0000000000000002,121,552.0,0.0,0.0,431.0,121.0,121.0,0.0,0.0,0.0,0.0,0.0,0.0,1.0,0.0,0.0,121.0,121.0,1.0,0.0,0.0,0.0,0.0,0.0,0.0,0.0,0.0,0.0,0.0,0.0,0.0,0.0,99.76149909198284
355,21300000000000,2.0,15.0,2.843304843304843,2.0,7.0,351,1.0,10.0,5.438746438746438,5.0,8.0,351,14.0,23.0,18.56125356125356,19.0,21.0,351,2.0,7.0,2.4786324786324787,2.0,4.0,351,0.0,44.0,26.032258064516128,28.0,44.0,124,0.0,104.0,46.064516129032256,40.0,104.0,124,1.0,1.0,1.0,1.0,1.0,103,0.9999999999999998,1.0000000000000002,1.0,1.0,1.0,103,1.0,1.0,1.0,1.0,1.0,103,0.9999999999999998,1.0095009650796831,1.0001837133082112,1.0,1.0,103,552.0,0.0,0.0,426.0,126.0,103.0,23.0,0.0,8.0,0.0,0.0,15.0,0.8174603174603174,2.0,0.019417475728155338,124.0,103.0,0.8306451612903226,0.0,0.0,0.0,0.0,21.0,0.1693548387096774,0.0,0.0,0.0,0.0,0.0,0.0,0.0,45.962028205394745
356,21360000000000,2.0,14.0,2.8205128205128207,2.0,7.0,351,1.0,10.0,5.39031339031339,5.0,8.0,351,14.0,23.0,18.60968660968661,19.0,21.0,351,2.0,7.0,2.4871794871794872,2.0,4.0,351,0.0,44.0,26.442477876106196,28.0,44.0,113,0.0,104.0,47.78761061946903,40.0,104.0,113,1.0,1.0,1.0,1.0,1.0,87,0.9999999999999998,1.0,1.0,1.0,1.0,87,1.0,1.5,1.0057471264367817,1.0,1.0,87,0.9999999999999998,2.0436461152688548,1.012443170598715,1.0,1.0,87,552.0,0.0,0.0,432.0,120.0,87.0,33.0,0.0,16.0,0.0,0.0,17.0,0.725,3.0,0.034482758620689655,113.0,87.0,0.7699115044247787,0.0,0.0,0.0,0.0,26.0,0.23008849557522124,0.0,0.0,0.0,0.0,0.0,0.0,0.0,40.998904034495354
357,21420000000000,2.0,15.0,2.8917378917378915,2.0,8.0,351,2.0,9.0,5.62962962962963,6.0,8.0,351,15.0,22.0,18.37037037037037,18.0,22.0,351,2.0,7.0,2.5014245014245016,2.0,4.0,351,0.0,44.0,26.74015748031496,32.0,44.0,127,0.0,104.0,49.7007874015748,56.0,104.0,127,1.0,1.0,1.0,1.0,1.0,127,0.9999999999999998,1.0000000000000004,1.0,1.0,1.0000000000000002,127,1.0,1.0,1.0,1.0,1.0,127,0.9999999999999998,1.0000000000000004,1.0,1.0,1.0000000000000002,127,552.0,0.0,0.0,425.0,127.0,127.0,0.0,0.0,0.0,0.0,0.0,0.0,1.0,0.0,0.0,127.0,127.0,1.0,0.0,0.0,0.0,0.0,0.0,0.0,0.0,0.0,0.0,0.0,0.0,0.0,0.0,158.76208804547787
358,21480000000000,2.0,14.0,2.843304843304843,2.0,7.5,351,2.0,9.0,5.561253561253562,6.0,8.0,351,15.0,22.0,18.43874643874644,18.0,22.0,351,2.0,7.0,2.49002849002849,2.0,4.0,351,0.0,44.0,26.578512396694215,32.0,44.0,121,0.0,104.0,49.78512396694215,56.0,104.0,121,1.0,1.0,1.0,1.0,1.0,111,1.0,1.0000000000000002,1.0,1.0,1.0,111,1.0,1.25,1.0067567567567568,1.0,1.0,111,1.0,1.3183116763134426,1.008753823444933,1.0,1.0000000000000002,111,552.0,0.0,0.0,438.0,114.0,111.0,3.0,0.0,3.0,0.0,0.0,0.0,0.9736842105263158,5.0,0.04504504504504504,121.0,111.0,0.9173553719008265,0.0,0.0,0.0,0.0,10.0,0.08264462809917356,0.0,0.0,0.0,0.0,0.0,0.0,0.0,43.02045702934265
359,21540000000000,2.0,14.0,2.8803418803418803,2.0,8.0,351,2.0,9.0,5.507122507122507,5.0,8.0,351,15.0,22.0,18.492877492877493,19.0,22.0,351,2.0,7.0,2.5042735042735043,2.0,4.0,351,0.0,44.0,25.936507936507937,32.0,44.0,126,0.0,104.0,48.888888888888886,56.0,104.0,126,1.0,1.0,1.0,1.0,1.0,104,0.9999999999999998,1.0,1.0,1.0,1.0,104,1.0,1.3333333333333333,1.0176282051282053,1.0,1.2374999999999996,104,1.0,1.507371017935886,1.0255232258413303,1.0,1.3035542327925875,104,552.0,0.0,0.0,426.0,126.0,104.0,22.0,0.0,7.0,0.0,0.0,15.0,0.8253968253968254,7.0,0.0673076923076923,126.0,104.0,0.8253968253968254,0.0,0.0,0.0,0.0,22.0,0.1746031746031746,0.0,0.0,0.0,0.0,0.0,0.0,0.0,45.236023142933846
