time_index,time_since_epoch_ns,fstate_size_min,fstate_size_max,fstate_size_mean,fstate_size_median,fstate_size_p95,fstate_size_count,strict_header_bytes_min,strict_header_bytes_max,strict_header_bytes_mean,strict_header_bytes_median,strict_header_bytes_p95,strict_header_bytes_count,srv6_srh_bytes_min,srv6_srh_bytes_max,srv6_srh_bytes_mean,srv6_srh_bytes_median,srv6_srh_bytes_p95,srv6_srh_bytes_count,stretch_hop_min,stretch_hop_max,stretch_hop_mean,stretch_hop_median,stretch_hop_p95,stretch_hop_count,stretch_dist_min,stretch_dist_max,stretch_dist_mean,stretch_dist_median,stretch_dist_p95,stretch_dist_count,explicit_failover_count,explicit_failover_delivered_count,explicit_failover_delivered_rate,explicit_failover_protected_repair_count,explicit_failover_protected_repair_rate,explicit_failover_broken_adj_count,explicit_failover_broken_adj_rate,explicit_failover_egress_not_visible_count,explicit_failover_egress_not_visible_rate,explicit_failover_dynamic_egress_repair_count,explicit_failover_dynamic_egress_repair_rate,explicit_failover_dynamic_egress_unavailable_count,explicit_failover_dynamic_egress_unavailable_rate,compute_time_ms
0,0,4.0,10.0,4.635802469135802,4.0,7.0,648,0.0,0.0,0.0,0.0,0.0,0,0.0,0.0,0.0,0.0,0.0,0,1.0,1.0,1.0,1.0,1.0,552,0.9999999999999998,1.2082473746910427,1.0214932487417556,1.0,1.1251627121889045,552,0.0,0.0,0.0,0.0,0.0,0.0,0.0,0.0,0.0,0.0,0.0,0.0,0.0,386.56570599960105
1,60000000000,4.0,10.0,4.6419753086419755,4.0,7.0,648,0.0,0.0,0.0,0.0,0.0,0,0.0,0.0,0.0,0.0,0.0,0,1.0,1.0,1.0,1.0,1.0,552,0.9999999999999998,1.2492014868246681,1.020159065286307,1.0,1.1121952147419911,552,0.0,0.0,0.0,0.0,0.0,0.0,0.0,0.0,0.0,0.0,0.0,0.0,0.0,344.5915470001637
2,120000000000,4.0,10.0,4.6419753086419755,4.0,7.0,648,0.0,0.0,0.0,0.0,0.0,0,0.0,0.0,0.0,0.0,0.0,0,1.0,1.0,1.0,1.0,1.0,552,0.9999999999999997,1.1995018477462172,1.0199382832670034,1.0,1.1086465890434782,552,0.0,0.0,0.0,0.0,0.0,0.0,0.0,0.0,0.0,0.0,0.0,0.0,0.0,346.6767459995026
3,180000000000,4.0,10.0,4.631172839506172,4.0,7.0,648,0.0,0.0,0.0,0.0,0.0,0,0.0,0.0,0.0,0.0,0.0,0,1.0,1.0,1.0,1.0,1.0,552,0.9999999999999996,1.2076079745140722,1.0217417751408047,1.0,1.1257194238806767,552,0.0,0.0,0.0,0.0,0.0,0.0,0.0,0.0,0.0,0.0,0.0,0.0,0.0,362.16380200130516
4,240000000000,4.0,10.0,4.643518518518518,4.0,7.0,648,0.0,0.0,0.0,0.0,0.0,0,0.0,0.0,0.0,0.0,0.0,0,1.0,1.0,1.0,1.0,1.0,552,0.9999999999999998,1.3027837659662789,1.0176449807110195,1.0,1.1064584954508703,552,0.0,0.0,0.0,0.0,0.0,0.0,0.0,0.0,0.0,0.0,0.0,0.0,0.0,371.8056119996618
5,300000000000,4.0,10.0,4.645061728395062,4.0,7.0,648,0.0,0.0,0.0,0.0,0.0,0,0.0,0.0,0.0,0.0,0.0,0,1.0,1.0,1.0,1.0,1.0,552,0.9999999999999997,1.1991813479749636,1.0169502552962735,1.0,1.1029377259508715,552,0.0,0.0,0.0,0.0,0.0,0.0,0.0,0.0,0.0,0.0,0.0,0.0,0.0,346.2362480004231
6,360000000000,4.0,10.0,4.640432098765432,4.0,7.0,648,0.0,0.0,0.0,0.0,0.0,0,0.0,0.0,0.0,0.0,0.0,0,1.0,1.0,1.0,1.0,1.0,552,0.9999999999999998,1.2087580111805236,1.020634226780409,1.0,1.1221872333588776,552,0.0,0.0,0.0,0.0,0.0,0.0,0.0,0.0,0.0,0.0,0.0,0.0,0.0,345.67103200060956
7,420000000000,4.0,10.0,4.6419753086419755,4.0,7.0,648,0.0,0.0,0.0,0.0,0.0,0,0.0,0.0,0.0,0.0,0.0,0,1.0,1.0,1.0,1.0,1.0,552,0.9999999999999998,1.24253704840555,1.0160671504430527,1.0,1.1007172133050862,552,0.0,0.0,0.0,0.0,0.0,0.0,0.0,0.0,0.0,0.0,0.0,0.0,0.0,353.70677299943054
8,480000000000,4.0,10.0,4.6496913580246915,4.0,7.0,648,0.0,0.0,0.0,0.0,0.0,0,0.0,0.0,0.0,0.0,0.0,0,1.0,1.0,1.0,1.0,1.0,552,0.9999999999999998,1.1956468857675093,1.0152851412843344,1.0,1.0905069371049625,552,0.0,0.0,0.0,0.0,0.0,0.0,0.0,0.0,0.0,0.0,0.0,0.0,0.0,346.83729099924676
9,540000000000,4.0,10.0,4.6419753086419755,4.0,7.0,648,0.0,0.0,0.0,0.0,0.0,0,0.0,0.0,0.0,0.0,0.0,0,1.0,1.0,1.0,1.0,1.0,552,0.9999999999999998,1.2031262749586455,1.017540720607036,1.0,1.1018598343011694,552,0.0,0.0,0.0,0.0,0.0,0.0,0.0,0.0,0.0,0.0,0.0,0.0,0.0,340.2094329994725
10,600000000000,4.0,10.0,4.6419753086419755,4.0,7.0,648,0.0,0.0,0.0,0.0,0.0,0,0.0,0.0,0.0,0.0,0.0,0,1.0,1.0,1.0,1.0,1.0,552,0.9999999999999998,1.1721455174370274,1.013960085095989,1.0,1.0957355426509472,552,0.0,0.0,0.0,0.0,0.0,0.0,0.0,0.0,0.0,0.0,0.0,0.0,0.0,350.4561099998682
11,660000000000,4.0,10.0,4.652777777777778,4.0,7.0,648,0.0,0.0,0.0,0.0,0.0,0,0.0,0.0,0.0,0.0,0.0,0,1.0,1.0,1.0,1.0,1.0,552,0.9999999999999998,1.2011066380384414,1.0156607291170183,1.0,1.0924019534037597,552,0.0,0.0,0.0,0.0,0.0,0.0,0.0,0.0,0.0,0.0,0.0,0.0,0.0,355.27263399853837
12,720000000000,4.0,10.0,4.640432098765432,4.0,7.0,648,0.0,0.0,0.0,0.0,0.0,0,0.0,0.0,0.0,0.0,0.0,0,1.0,1.0,1.0,1.0,1.0,552,0.9999999999999998,1.2062982915865035,1.019075804264647,1.0,1.1123552503885399,552,0.0,0.0,0.0,0.0,0.0,0.0,0.0,0.0,0.0,0.0,0.0,0.0,0.0,341.1605819983379
13,780000000000,4.0,10.0,4.6496913580246915,4.0,7.0,648,0.0,0.0,0.0,0.0,0.0,0,0.0,0.0,0.0,0.0,0.0,0,1.0,1.0,1.0,1.0,1.0,552,0.9999999999999997,1.17324968491754,1.0158350971243897,1.0,1.0983572935026635,552,0.0,0.0,0.0,0.0,0.0,0.0,0.0,0.0,0.0,0.0,0.0,0.0,0.0,335.09484800015343
14,840000000000,4.0,10.0,4.6419753086419755,4.0,7.0,648,0.0,0.0,0.0,0.0,0.0,0,0.0,0.0,0.0,0.0,0.0,0,1.0,1.0,1.0,1.0,1.0,552,0.9999999999999996,1.2028763727344767,1.0172673572592363,1.0,1.103172960076358,552,0.0,0.0,0.0,0.0,0.0,0.0,0.0,0.0,0.0,0.0,0.0,0.0,0.0,350.17287399932684
15,900000000000,4.0,9.0,4.637345679012346,4.0,7.0,648,0.0,0.0,0.0,0.0,0.0,0,0.0,0.0,0.0,0.0,0.0,0,1.0,1.0,1.0,1.0,1.0,552,0.9999999999999998,1.1906826509266049,1.0178832161457478,1.0,1.10747915395664,552,0.0,0.0,0.0,0.0,0.0,0.0,0.0,0.0,0.0,0.0,0.0,0.0,0.0,345.40024399939284
16,960000000000,4.0,10.0,4.640432098765432,4.0,7.0,648,0.0,0.0,0.0,0.0,0.0,0,0.0,0.0,0.0,0.0,0.0,0,1.0,1.0,1.0,1.0,1.0,552,0.9999999999999998,1.2441541944021117,1.0174125139338874,1.0,1.1029629617058407,552,0.0,0.0,0.0,0.0,0.0,0.0,0.0,0.0,0.0,0.0,0.0,0.0,0.0,380.52621000133513
17,1020000000000,4.0,10.0,4.640432098765432,4.0,7.0,648,0.0,0.0,0.0,0.0,0.0,0,0.0,0.0,0.0,0.0,0.0,0,1.0,1.0,1.0,1.0,1.0,552,0.9999999999999998,1.2045897717592673,1.0182721700119293,1.0,1.1109608386551684,552,0.0,0.0,0.0,0.0,0.0,0.0,0.0,0.0,0.0,0.0,0.0,0.0,0.0,351.59785599898896
18,1080000000000,4.0,9.0,4.640432098765432,4.0,7.0,648,0.0,0.0,0.0,0.0,0.0,0,0.0,0.0,0.0,0.0,0.0,0,1.0,1.0,1.0,1.0,1.0,552,0.9999999999999997,1.1914630431476023,1.017886031548956,1.0,1.1080685235611634,552,0.0,0.0,0.0,0.0,0.0,0.0,0.0,0.0,0.0,0.0,0.0,0.0,0.0,349.76584300056857
19,1140000000000,4.0,10.0,4.645061728395062,4.0,7.0,648,0.0,0.0,0.0,0.0,0.0,0,0.0,0.0,0.0,0.0,0.0,0,1.0,1.0,1.0,1.0,1.0,552,0.9999999999999998,1.2462025687758074,1.0174655457383015,1.0,1.1056079802558367,552,0.0,0.0,0.0,0.0,0.0,0.0,0.0,0.0,0.0,0.0,0.0,0.0,0.0,353.66593999970064
20,1200000000000,4.0,10.0,4.648148148148148,4.0,7.0,648,0.0,0.0,0.0,0.0,0.0,0,0.0,0.0,0.0,0.0,0.0,0,1.0,1.0,1.0,1.0,1.0,552,0.9999999999999998,1.2152066745845984,1.0176125947740013,1.0,1.1113941479598266,552,0.0,0.0,0.0,0.0,0.0,0.0,0.0,0.0,0.0,0.0,0.0,0.0,0.0,359.3479440005467
21,1260000000000,4.0,9.0,4.651234567901234,4.0,7.0,648,0.0,0.0,0.0,0.0,0.0,0,0.0,0.0,0.0,0.0,0.0,0,1.0,1.0,1.0,1.0,1.0,552,0.9999999999999998,1.1690506221306813,1.015502120449722,1.0,1.1021346117497233,552,0.0,0.0,0.0,0.0,0.0,0.0,0.0,0.0,0.0,0.0,0.0,0.0,0.0,351.44424899954174
22,1320000000000,4.0,10.0,4.652777777777778,4.0,7.0,648,0.0,0.0,0.0,0.0,0.0,0,0.0,0.0,0.0,0.0,0.0,0,1.0,1.0,1.0,1.0,1.0,552,0.9999999999999998,1.248148421613611,1.016174819781282,1.0,1.0973960499643776,552,0.0,0.0,0.0,0.0,0.0,0.0,0.0,0.0,0.0,0.0,0.0,0.0,0.0,342.5648620013817
23,1380000000000,4.0,10.0,4.648148148148148,4.0,7.0,648,0.0,0.0,0.0,0.0,0.0,0,0.0,0.0,0.0,0.0,0.0,0,1.0,1.0,1.0,1.0,1.0,552,0.9999999999999998,1.2180828695425534,1.0180399935132933,1.0,1.1177851955169191,552,0.0,0.0,0.0,0.0,0.0,0.0,0.0,0.0,0.0,0.0,0.0,0.0,0.0,343.81980000034673
24,1440000000000,4.0,9.0,4.645061728395062,4.0,7.0,648,0.0,0.0,0.0,0.0,0.0,0,0.0,0.0,0.0,0.0,0.0,0,1.0,1.0,1.0,1.0,1.0,552,0.9999999999999998,1.1718353404722917,1.0151920855808532,1.0,1.0942947732542487,552,0.0,0.0,0.0,0.0,0.0,0.0,0.0,0.0,0.0,0.0,0.0,0.0,0.0,345.5744360016979
25,1500000000000,4.0,10.0,4.654320987654321,4.0,7.0,648,0.0,0.0,0.0,0.0,0.0,0,0.0,0.0,0.0,0.0,0.0,0,1.0,1.0,1.0,1.0,1.0,552,0.9999999999999997,1.2499898515612287,1.0167171711929754,1.0,1.0992450834293455,552,0.0,0.0,0.0,0.0,0.0,0.0,0.0,0.0,0.0,0.0,0.0,0.0,0.0,346.5990780005086
26,1560000000000,4.0,10.0,4.654320987654321,4.0,7.0,648,0.0,0.0,0.0,0.0,0.0,0,0.0,0.0,0.0,0.0,0.0,0,1.0,1.0,1.0,1.0,1.0,552,0.9999999999999998,1.2204133940681767,1.0138011105371745,1.0,1.0973226747553557,552,0.0,0.0,0.0,0.0,0.0,0.0,0.0,0.0,0.0,0.0,0.0,0.0,0.0,326.36446799915575
27,1620000000000,4.0,9.0,4.645061728395062,4.0,7.0,648,0.0,0.0,0.0,0.0,0.0,0,0.0,0.0,0.0,0.0,0.0,0,1.0,1.0,1.0,1.0,1.0,552,0.9999999999999998,1.225213767170469,1.0155638159340232,1.0,1.0934852882562243,552,0.0,0.0,0.0,0.0,0.0,0.0,0.0,0.0,0.0,0.0,0.0,0.0,0.0,357.69356199853064
28,1680000000000,4.0,9.0,4.651234567901234,4.0,7.0,648,0.0,0.0,0.0,0.0,0.0,0,0.0,0.0,0.0,0.0,0.0,0,1.0,1.0,1.0,1.0,1.0,552,0.9999999999999998,1.2517240733572952,1.017019238010821,1.0,1.0967561826283165,552,0.0,0.0,0.0,0.0,0.0,0.0,0.0,0.0,0.0,0.0,0.0,0.0,0.0,351.5226049985358
29,1740000000000,4.0,10.0,4.655864197530864,4.0,7.0,648,0.0,0.0,0.0,0.0,0.0,0,0.0,0.0,0.0,0.0,0.0,0,1.0,1.0,1.0,1.0,1.0,552,0.9999999999999997,1.2226605083396602,1.011450641787442,1.0,1.078601420346226,552,0.0,0.0,0.0,0.0,0.0,0.0,0.0,0.0,0.0,0.0,0.0,0.0,0.0,325.402030000987
30,1800000000000,4.0,9.0,4.6496913580246915,4.0,7.0,648,0.0,0.0,0.0,0.0,0.0,0,0.0,0.0,0.0,0.0,0.0,0,1.0,1.0,1.0,1.0,1.0,552,0.9999999999999997,1.228523693058505,1.0167619775782997,1.0,1.1155830323869904,552,0.0,0.0,0.0,0.0,0.0,0.0,0.0,0.0,0.0,0.0,0.0,0.0,0.0,355.4530910005269
31,1860000000000,4.0,9.0,4.645061728395062,4.0,7.0,648,0.0,0.0,0.0,0.0,0.0,0,0.0,0.0,0.0,0.0,0.0,0,1.0,1.0,1.0,1.0,1.0,552,0.9999999999999997,1.2533495597373971,1.0168378499198159,1.0,1.098699245671843,552,0.0,0.0,0.0,0.0,0.0,0.0,0.0,0.0,0.0,0.0,0.0,0.0,0.0,347.8033219998906
32,1920000000000,4.0,10.0,4.652777777777778,4.0,7.0,648,0.0,0.0,0.0,0.0,0.0,0,0.0,0.0,0.0,0.0,0.0,0,1.0,1.0,1.0,1.0,1.0,552,0.9999999999999998,1.2405411532913033,1.0149829021244094,1.0,1.10523342417086,552,0.0,0.0,0.0,0.0,0.0,0.0,0.0,0.0,0.0,0.0,0.0,0.0,0.0,351.1817919988971
33,1980000000000,4.0,9.0,4.660493827160494,4.0,7.0,648,0.0,0.0,0.0,0.0,0.0,0,0.0,0.0,0.0,0.0,0.0,0,1.0,1.0,1.0,1.0,1.0,552,0.9999999999999998,1.2317220230050634,1.0144288123834972,1.0,1.1014811369629518,552,0.0,0.0,0.0,0.0,0.0,0.0,0.0,0.0,0.0,0.0,0.0,0.0,0.0,350.9706820004794
34,2040000000000,4.0,9.0,4.648148148148148,4.0,7.0,648,0.0,0.0,0.0,0.0,0.0,0,0.0,0.0,0.0,0.0,0.0,0,1.0,1.0,1.0,1.0,1.0,552,0.9999999999999998,1.254864942036972,1.0217263077604528,1.0,1.1137155769232976,552,0.0,0.0,0.0,0.0,0.0,0.0,0.0,0.0,0.0,0.0,0.0,0.0,0.0,365.2782780009147
35,2100000000000,4.0,10.0,4.654320987654321,4.0,7.0,648,0.0,0.0,0.0,0.0,0.0,0,0.0,0.0,0.0,0.0,0.0,0,1.0,1.0,1.0,1.0,1.0,552,0.9999999999999998,1.2417127964967893,1.0171345407156371,1.0,1.115933594927702,552,0.0,0.0,0.0,0.0,0.0,0.0,0.0,0.0,0.0,0.0,0.0,0.0,0.0,355.30758499953663
36,2160000000000,4.0,9.0,4.651234567901234,4.0,7.0,648,0.0,0.0,0.0,0.0,0.0,0,0.0,0.0,0.0,0.0,0.0,0,1.0,1.0,1.0,1.0,1.0,552,0.9999999999999997,1.2181603874702507,1.0193028230891672,1.0,1.1249945713366503,552,0.0,0.0,0.0,0.0,0.0,0.0,0.0,0.0,0.0,0.0,0.0,0.0,0.0,357.0919789999607
37,2220000000000,4.0,9.0,4.645061728395062,4.0,7.0,648,0.0,0.0,0.0,0.0,0.0,0,0.0,0.0,0.0,0.0,0.0,0,1.0,1.0,1.0,1.0,1.0,552,0.9999999999999997,1.2562687805889647,1.0203296405332085,1.0,1.1145452228348602,552,0.0,0.0,0.0,0.0,0.0,0.0,0.0,0.0,0.0,0.0,0.0,0.0,0.0,345.40716400078963
38,2280000000000,4.0,10.0,4.648148148148148,4.0,7.0,648,0.0,0.0,0.0,0.0,0.0,0,0.0,0.0,0.0,0.0,0.0,0,1.0,1.0,1.0,1.0,1.0,552,0.9999999999999998,1.2428030568319113,1.0205298425975808,1.0,1.129836287325652,552,0.0,0.0,0.0,0.0,0.0,0.0,0.0,0.0,0.0,0.0,0.0,0.0,0.0,345.01245499996
39,2340000000000,4.0,9.0,4.640432098765432,4.0,7.0,648,0.0,0.0,0.0,0.0,0.0,0,0.0,0.0,0.0,0.0,0.0,0,1.0,1.0,1.0,1.0,1.0,552,0.9999999999999998,1.219471780807729,1.0176688086694725,1.0,1.1249883482880554,552,0.0,0.0,0.0,0.0,0.0,0.0,0.0,0.0,0.0,0.0,0.0,0.0,0.0,356.54497599898605
40,2400000000000,4.0,9.0,4.648148148148148,4.0,7.0,648,0.0,0.0,0.0,0.0,0.0,0,0.0,0.0,0.0,0.0,0.0,0,1.0,1.0,1.0,1.0,1.0,552,0.9999999999999998,1.2570950163837322,1.0198645248263762,1.0,1.1149519001902173,552,0.0,0.0,0.0,0.0,0.0,0.0,0.0,0.0,0.0,0.0,0.0,0.0,0.0,349.72055699836346
41,2460000000000,4.0,10.0,4.6496913580246915,4.0,7.0,648,0.0,0.0,0.0,0.0,0.0,0,0.0,0.0,0.0,0.0,0.0,0,1.0,1.0,1.0,1.0,1.0,552,0.9999999999999998,1.2438126424720803,1.0215035539213082,1.0,1.1257507237831041,552,0.0,0.0,0.0,0.0,0.0,0.0,0.0,0.0,0.0,0.0,0.0,0.0,0.0,326.99356000011903
42,2520000000000,4.0,9.0,4.643518518518518,4.0,7.0,648,0.0,0.0,0.0,0.0,0.0,0,0.0,0.0,0.0,0.0,0.0,0,1.0,1.0,1.0,1.0,1.0,552,0.9999999999999998,1.2463654660460959,1.0183700922895562,1.0,1.140313205720603,552,0.0,0.0,0.0,0.0,0.0,0.0,0.0,0.0,0.0,0.0,0.0,0.0,0.0,339.1370179997466
43,2580000000000,4.0,9.0,4.646604938271605,4.0,7.0,648,0.0,0.0,0.0,0.0,0.0,0,0.0,0.0,0.0,0.0,0.0,0,1.0,1.0,1.0,1.0,1.0,552,0.9999999999999998,1.2865605622409373,1.0247991019692584,1.0,1.1380482164912251,552,0.0,0.0,0.0,0.0,0.0,0.0,0.0,0.0,0.0,0.0,0.0,0.0,0.0,320.9909619999962
44,2640000000000,4.0,9.0,4.658950617283951,4.0,7.0,648,0.0,0.0,0.0,0.0,0.0,0,0.0,0.0,0.0,0.0,0.0,0,1.0,1.0,1.0,1.0,1.0,552,0.9999999999999997,1.2448040652393997,1.022271944148484,1.0,1.1277618917641037,552,0.0,0.0,0.0,0.0,0.0,0.0,0.0,0.0,0.0,0.0,0.0,0.0,0.0,353.4469539990823
45,2700000000000,4.0,9.0,4.638888888888889,4.0,7.0,648,0.0,0.0,0.0,0.0,0.0,0,0.0,0.0,0.0,0.0,0.0,0,1.0,1.0,1.0,1.0,1.0,552,0.9999999999999998,1.3083510326859618,1.0261372120145063,1.0,1.162298683172636,552,0.0,0.0,0.0,0.0,0.0,0.0,0.0,0.0,0.0,0.0,0.0,0.0,0.0,349.6099339990906
46,2760000000000,4.0,9.0,4.637345679012346,4.0,7.0,648,0.0,0.0,0.0,0.0,0.0,0,0.0,0.0,0.0,0.0,0.0,0,1.0,1.0,1.0,1.0,1.0,552,0.9999999999999997,1.288970400207333,1.024616614528573,1.0,1.139682687543776,552,0.0,0.0,0.0,0.0,0.0,0.0,0.0,0.0,0.0,0.0,0.0,0.0,0.0,355.7816880002065
47,2820000000000,4.0,9.0,4.6496913580246915,4.0,7.0,648,0.0,0.0,0.0,0.0,0.0,0,0.0,0.0,0.0,0.0,0.0,0,1.0,1.0,1.0,1.0,1.0,552,0.9999999999999997,1.2458883602345232,1.0204226456574466,1.0,1.1289957165885256,552,0.0,0.0,0.0,0.0,0.0,0.0,0.0,0.0,0.0,0.0,0.0,0.0,0.0,360.8881960008148
48,2880000000000,4.0,9.0,4.638888888888889,4.0,7.0,648,0.0,0.0,0.0,0.0,0.0,0,0.0,0.0,0.0,0.0,0.0,0,1.0,1.0,1.0,1.0,1.0,552,0.9999999999999998,1.3123247672185452,1.0247264208111055,1.0,1.1529476188212386,552,0.0,0.0,0.0,0.0,0.0,0.0,0.0,0.0,0.0,0.0,0.0,0.0,0.0,334.788035001111
49,2940000000000,4.0,9.0,4.635802469135802,4.0,7.0,648,0.0,0.0,0.0,0.0,0.0,0,0.0,0.0,0.0,0.0,0.0,0,1.0,1.0,1.0,1.0,1.0,552,0.9999999999999997,1.340222450265272,1.0288072408204711,1.0,1.1502196518019074,552,0.0,0.0,0.0,0.0,0.0,0.0,0.0,0.0,0.0,0.0,0.0,0.0,0.0,334.68019800056936
50,3000000000000,4.0,9.0,4.645061728395062,4.0,7.0,648,0.0,0.0,0.0,0.0,0.0,0,0.0,0.0,0.0,0.0,0.0,0,1.0,1.0,1.0,1.0,1.0,552,0.9999999999999997,1.2468992926090803,1.020796232073725,1.0,1.1225895371120131,552,0.0,0.0,0.0,0.0,0.0,0.0,0.0,0.0,0.0,0.0,0.0,0.0,0.0,343.13545300028636
51,3060000000000,4.0,9.0,4.652777777777778,4.0,7.0,648,0.0,0.0,0.0,0.0,0.0,0,0.0,0.0,0.0,0.0,0.0,0,1.0,1.0,1.0,1.0,1.0,552,0.9999999999999998,1.3162131255127139,1.0231183433423534,1.0,1.1548872957149217,552,0.0,0.0,0.0,0.0,0.0,0.0,0.0,0.0,0.0,0.0,0.0,0.0,0.0,333.1948420000117
52,3120000000000,4.0,9.0,4.637345679012346,4.0,7.0,648,0.0,0.0,0.0,0.0,0.0,0,0.0,0.0,0.0,0.0,0.0,0,1.0,1.0,1.0,1.0,1.0,552,0.9999999999999998,1.3432186224635496,1.0284968023052854,1.0,1.153572090146814,552,0.0,0.0,0.0,0.0,0.0,0.0,0.0,0.0,0.0,0.0,0.0,0.0,0.0,386.92955499936943
53,3180000000000,4.0,9.0,4.635802469135802,4.0,7.0,648,0.0,0.0,0.0,0.0,0.0,0,0.0,0.0,0.0,0.0,0.0,0,1.0,1.0,1.0,1.0,1.0,552,0.9999999999999998,1.2478373076780838,1.0221992691244604,1.0,1.1362857270059048,552,0.0,0.0,0.0,0.0,0.0,0.0,0.0,0.0,0.0,0.0,0.0,0.0,0.0,346.3166450001154
54,3240000000000,4.0,9.0,4.646604938271605,4.0,7.0,648,0.0,0.0,0.0,0.0,0.0,0,0.0,0.0,0.0,0.0,0.0,0,1.0,1.0,1.0,1.0,1.0,552,0.9999999999999997,1.3200141905744578,1.0184179426429565,1.0,1.1359807007031715,552,0.0,0.0,0.0,0.0,0.0,0.0,0.0,0.0,0.0,0.0,0.0,0.0,0.0,352.3640789990168
55,3300000000000,4.0,9.0,4.62962962962963,4.0,7.0,648,0.0,0.0,0.0,0.0,0.0,0,0.0,0.0,0.0,0.0,0.0,0,1.0,1.0,1.0,1.0,1.0,552,0.9999999999999998,1.3460964375033528,1.0255611457369034,1.0,1.1542988026594487,552,0.0,0.0,0.0,0.0,0.0,0.0,0.0,0.0,0.0,0.0,0.0,0.0,0.0,341.84238699890557
56,3360000000000,4.0,10.0,4.638888888888889,4.0,7.0,648,0.0,0.0,0.0,0.0,0.0,0,0.0,0.0,0.0,0.0,0.0,0,1.0,1.0,1.0,1.0,1.0,552,0.9999999999999998,1.292037020492441,1.0251913850032794,1.0,1.1559696807415827,552,0.0,0.0,0.0,0.0,0.0,0.0,0.0,0.0,0.0,0.0,0.0,0.0,0.0,335.02827899974363
57,3420000000000,4.0,10.0,4.640432098765432,4.0,7.0,648,0.0,0.0,0.0,0.0,0.0,0,0.0,0.0,0.0,0.0,0.0,0,1.0,1.0,1.0,1.0,1.0,552,0.9999999999999997,1.3237265851581788,1.0225466637039575,1.0,1.1521315072176745,552,0.0,0.0,0.0,0.0,0.0,0.0,0.0,0.0,0.0,0.0,0.0,0.0,0.0,362.97857600038697
58,3480000000000,4.0,10.0,4.637345679012346,4.0,7.0,648,0.0,0.0,0.0,0.0,0.0,0,0.0,0.0,0.0,0.0,0.0,0,1.0,1.0,1.0,1.0,1.0,552,0.9999999999999998,1.3488511059883872,1.0255408718034293,1.0,1.152597804929276,552,0.0,0.0,0.0,0.0,0.0,0.0,0.0,0.0,0.0,0.0,0.0,0.0,0.0,328.32126699941
59,3540000000000,4.0,10.0,4.637345679012346,4.0,7.0,648,0.0,0.0,0.0,0.0,0.0,0,0.0,0.0,0.0,0.0,0.0,0,1.0,1.0,1.0,1.0,1.0,552,0.9999999999999998,1.294234794769568,1.0240503509142889,1.0,1.1401688970453654,552,0.0,0.0,0.0,0.0,0.0,0.0,0.0,0.0,0.0,0.0,0.0,0.0,0.0,328.32105600027717
60,3600000000000,4.0,10.0,4.645061728395062,4.0,7.0,648,0.0,0.0,0.0,0.0,0.0,0,0.0,0.0,0.0,0.0,0.0,0,1.0,1.0,1.0,1.0,1.0,552,0.9999999999999997,1.327349465291225,1.0234001137839739,1.0,1.1529816147405187,552,0.0,0.0,0.0,0.0,0.0,0.0,0.0,0.0,0.0,0.0,0.0,0.0,0.0,335.65085500049463
61,3660000000000,4.0,10.0,4.6342592592592595,4.0,7.0,648,0.0,0.0,0.0,0.0,0.0,0,0.0,0.0,0.0,0.0,0.0,0,1.0,1.0,1.0,1.0,1.0,552,0.9999999999999997,1.3514793963134974,1.0265464985333463,1.0,1.1557486737470535,552,0.0,0.0,0.0,0.0,0.0,0.0,0.0,0.0,0.0,0.0,0.0,0.0,0.0,327.2337039998092
62,3720000000000,4.0,10.0,4.6342592592592595,4.0,7.0,648,0.0,0.0,0.0,0.0,0.0,0,0.0,0.0,0.0,0.0,0.0,0,1.0,1.0,1.0,1.0,1.0,552,0.9999999999999998,1.2963121913295461,1.0256064014506634,1.0,1.1429954339985124,552,0.0,0.0,0.0,0.0,0.0,0.0,0.0,0.0,0.0,0.0,0.0,0.0,0.0,350.8724870007427
63,3780000000000,4.0,10.0,4.651234567901234,4.0,7.0,648,0.0,0.0,0.0,0.0,0.0,0,0.0,0.0,0.0,0.0,0.0,0,1.0,1.0,1.0,1.0,1.0,552,0.9999999999999997,1.3308823256505413,1.025038421618213,1.0,1.1560458033231826,552,0.0,0.0,0.0,0.0,0.0,0.0,0.0,0.0,0.0,0.0,0.0,0.0,0.0,373.2962629983376
64,3840000000000,4.0,10.0,4.6496913580246915,4.0,7.0,648,0.0,0.0,0.0,0.0,0.0,0,0.0,0.0,0.0,0.0,0.0,0,1.0,1.0,1.0,1.0,1.0,552,0.9999999999999998,1.3539757744309375,1.0258093046550145,1.0,1.1505719233305072,552,0.0,0.0,0.0,0.0,0.0,0.0,0.0,0.0,0.0,0.0,0.0,0.0,0.0,358.21021999981895
65,3900000000000,4.0,10.0,4.635802469135802,4.0,7.0,648,0.0,0.0,0.0,0.0,0.0,0,0.0,0.0,0.0,0.0,0.0,0,1.0,1.0,1.0,1.0,1.0,552,0.9999999999999997,1.298268549023519,1.0266482973553124,1.0,1.1455562701053708,552,0.0,0.0,0.0,0.0,0.0,0.0,0.0,0.0,0.0,0.0,0.0,0.0,0.0,325.55791400045564
66,3960000000000,4.0,10.0,4.651234567901234,4.0,7.0,648,0.0,0.0,0.0,0.0,0.0,0,0.0,0.0,0.0,0.0,0.0,0,1.0,1.0,1.0,1.0,1.0,552,0.9999999999999998,1.3343259876785782,1.0251727720127373,1.0,1.1561136540950872,552,0.0,0.0,0.0,0.0,0.0,0.0,0.0,0.0,0.0,0.0,0.0,0.0,0.0,333.8224130002345
67,4020000000000,4.0,10.0,4.643518518518518,4.0,7.0,648,0.0,0.0,0.0,0.0,0.0,0,0.0,0.0,0.0,0.0,0.0,0,1.0,1.0,1.0,1.0,1.0,552,0.9999999999999997,1.3563393293063533,1.0277083455487965,1.0,1.1468513619333285,552,0.0,0.0,0.0,0.0,0.0,0.0,0.0,0.0,0.0,0.0,0.0,0.0,0.0,345.90688800017233
68,4080000000000,4.0,10.0,4.637345679012346,4.0,7.0,648,0.0,0.0,0.0,0.0,0.0,0,0.0,0.0,0.0,0.0,0.0,0,1.0,1.0,1.0,1.0,1.0,552,0.9999999999999997,1.3001041477446686,1.0263460866122924,1.0,1.1475301615841509,552,0.0,0.0,0.0,0.0,0.0,0.0,0.0,0.0,0.0,0.0,0.0,0.0,0.0,342.46960999917064
69,4140000000000,4.0,10.0,4.648148148148148,4.0,7.0,648,0.0,0.0,0.0,0.0,0.0,0,0.0,0.0,0.0,0.0,0.0,0,1.0,1.0,1.0,1.0,1.0,552,0.9999999999999998,1.2746805000253136,1.0188269370996437,1.0,1.1283309228198175,552,0.0,0.0,0.0,0.0,0.0,0.0,0.0,0.0,0.0,0.0,0.0,0.0,0.0,342.2951659995306
70,4200000000000,4.0,10.0,4.6265432098765435,4.0,7.0,648,0.0,0.0,0.0,0.0,0.0,0,0.0,0.0,0.0,0.0,0.0,0,1.0,1.0,1.0,1.0,1.0,552,0.9999999999999998,1.3222593810631111,1.02796541297672,1.0,1.1546228903346298,552,0.0,0.0,0.0,0.0,0.0,0.0,0.0,0.0,0.0,0.0,0.0,0.0,0.0,342.9656289990817
71,4260000000000,4.0,10.0,4.638888888888889,4.0,7.0,648,0.0,0.0,0.0,0.0,0.0,0,0.0,0.0,0.0,0.0,0.0,0,1.0,1.0,1.0,1.0,1.0,552,0.9999999999999997,1.3018205961376994,1.0256069068662135,1.0,1.1496936266200604,552,0.0,0.0,0.0,0.0,0.0,0.0,0.0,0.0,0.0,0.0,0.0,0.0,0.0,337.8223119998438
72,4320000000000,4.0,10.0,4.6342592592592595,4.0,7.0,648,0.0,0.0,0.0,0.0,0.0,0,0.0,0.0,0.0,0.0,0.0,0,1.0,1.0,1.0,1.0,1.0,552,0.9999999999999998,1.2766095396581782,1.0170358165608593,1.0,1.111833625699851,552,0.0,0.0,0.0,0.0,0.0,0.0,0.0,0.0,0.0,0.0,0.0,0.0,0.0,355.0781840003765
73,4380000000000,4.0,10.0,4.635802469135802,4.0,7.0,648,0.0,0.0,0.0,0.0,0.0,0,0.0,0.0,0.0,0.0,0.0,0,1.0,1.0,1.0,1.0,1.0,552,0.9999999999999998,1.3256141166396076,1.0182557628542062,1.0,1.117077841711735,552,0.0,0.0,0.0,0.0,0.0,0.0,0.0,0.0,0.0,0.0,0.0,0.0,0.0,364.1860279985849
74,4440000000000,4.0,10.0,4.640432098765432,4.0,7.0,648,0.0,0.0,0.0,0.0,0.0,0,0.0,0.0,0.0,0.0,0.0,0,1.0,1.0,1.0,1.0,1.0,552,0.9999999999999998,1.298992321701939,1.0219254028852542,1.0,1.1208092249048167,552,0.0,0.0,0.0,0.0,0.0,0.0,0.0,0.0,0.0,0.0,0.0,0.0,0.0,376.6659679986333
75,4500000000000,4.0,10.0,4.643518518518518,4.0,7.0,648,0.0,0.0,0.0,0.0,0.0,0,0.0,0.0,0.0,0.0,0.0,0,1.0,1.0,1.0,1.0,1.0,552,0.9999999999999998,1.2784211658838993,1.0189000770428593,1.0,1.1212733763332632,552,0.0,0.0,0.0,0.0,0.0,0.0,0.0,0.0,0.0,0.0,0.0,0.0,0.0,401.4304409993201
76,4560000000000,4.0,10.0,4.62962962962963,4.0,7.0,648,0.0,0.0,0.0,0.0,0.0,0,0.0,0.0,0.0,0.0,0.0,0,1.0,1.0,1.0,1.0,1.0,552,0.9999999999999998,1.328908008443391,1.0195723015035738,1.0,1.1135786886952908,552,0.0,0.0,0.0,0.0,0.0,0.0,0.0,0.0,0.0,0.0,0.0,0.0,0.0,356.13196399935987
77,4620000000000,4.0,10.0,4.651234567901234,4.0,7.0,648,0.0,0.0,0.0,0.0,0.0,0,0.0,0.0,0.0,0.0,0.0,0,1.0,1.0,1.0,1.0,1.0,552,0.9999999999999998,1.3024600585827397,1.0201383038456144,1.0,1.109769757906679,552,0.0,0.0,0.0,0.0,0.0,0.0,0.0,0.0,0.0,0.0,0.0,0.0,0.0,337.25718700043217
78,4680000000000,4.0,10.0,4.638888888888889,4.0,7.0,648,0.0,0.0,0.0,0.0,0.0,0,0.0,0.0,0.0,0.0,0.0,0,1.0,1.0,1.0,1.0,1.0,552,0.9999999999999998,1.2801173057970316,1.0217804875250345,1.0,1.1261289776036603,552,0.0,0.0,0.0,0.0,0.0,0.0,0.0,0.0,0.0,0.0,0.0,0.0,0.0,347.123625999302
79,4740000000000,4.0,10.0,4.637345679012346,4.0,7.0,648,0.0,0.0,0.0,0.0,0.0,0,0.0,0.0,0.0,0.0,0.0,0,1.0,1.0,1.0,1.0,1.0,552,0.9999999999999998,1.3321363464884208,1.0198801628410075,1.0,1.1179021591435476,552,0.0,0.0,0.0,0.0,0.0,0.0,0.0,0.0,0.0,0.0,0.0,0.0,0.0,324.149125999611
80,4800000000000,4.0,10.0,4.654320987654321,4.0,7.0,648,0.0,0.0,0.0,0.0,0.0,0,0.0,0.0,0.0,0.0,0.0,0,1.0,1.0,1.0,1.0,1.0,552,0.9999999999999997,1.3058828197622905,1.020673776836063,1.0,1.1180009562660522,552,0.0,0.0,0.0,0.0,0.0,0.0,0.0,0.0,0.0,0.0,0.0,0.0,0.0,330.91879899984633
81,4860000000000,4.0,10.0,4.632716049382716,4.0,7.0,648,0.0,0.0,0.0,0.0,0.0,0,0.0,0.0,0.0,0.0,0.0,0,1.0,1.0,1.0,1.0,1.0,552,0.9999999999999997,1.2817006913717717,1.0226995274692265,1.0,1.1292650209220232,552,0.0,0.0,0.0,0.0,0.0,0.0,0.0,0.0,0.0,0.0,0.0,0.0,0.0,341.9732069996826
82,4920000000000,4.0,10.0,4.643518518518518,4.0,7.0,648,0.0,0.0,0.0,0.0,0.0,0,0.0,0.0,0.0,0.0,0.0,0,1.0,1.0,1.0,1.0,1.0,552,0.9999999999999998,1.2544335537566063,1.0175670673279644,1.0,1.1071221453518956,552,0.0,0.0,0.0,0.0,0.0,0.0,0.0,0.0,0.0,0.0,0.0,0.0,0.0,348.39833099977113
83,4980000000000,4.0,10.0,4.645061728395062,4.0,7.0,648,0.0,0.0,0.0,0.0,0.0,0,0.0,0.0,0.0,0.0,0.0,0,1.0,1.0,1.0,1.0,1.0,552,0.9999999999999997,1.309254554963281,1.022916791104389,1.0,1.1220397199761418,552,0.0,0.0,0.0,0.0,0.0,0.0,0.0,0.0,0.0,0.0,0.0,0.0,0.0,343.5308529988106
84,5040000000000,4.0,10.0,4.6265432098765435,4.0,7.0,648,0.0,0.0,0.0,0.0,0.0,0,0.0,0.0,0.0,0.0,0.0,0,1.0,1.0,1.0,1.0,1.0,552,0.9999999999999998,1.2331257932777775,1.0183853808253824,1.0,1.1103107622169144,552,0.0,0.0,0.0,0.0,0.0,0.0,0.0,0.0,0.0,0.0,0.0,0.0,0.0,335.39595900037966
85,5100000000000,4.0,10.0,4.646604938271605,4.0,7.0,648,0.0,0.0,0.0,0.0,0.0,0,0.0,0.0,0.0,0.0,0.0,0,1.0,1.0,1.0,1.0,1.0,552,0.9999999999999998,1.2560842045134049,1.017987007867286,1.0,1.1081043190195154,552,0.0,0.0,0.0,0.0,0.0,0.0,0.0,0.0,0.0,0.0,0.0,0.0,0.0,346.9218540012662
86,5160000000000,4.0,10.0,4.6419753086419755,4.0,7.0,648,0.0,0.0,0.0,0.0,0.0,0,0.0,0.0,0.0,0.0,0.0,0,1.0,1.0,1.0,1.0,1.0,552,0.9999999999999998,1.3125698270051205,1.022131567612595,1.0,1.1235902401315618,552,0.0,0.0,0.0,0.0,0.0,0.0,0.0,0.0,0.0,0.0,0.0,0.0,0.0,339.7073910000472
87,5220000000000,4.0,10.0,4.6234567901234565,4.0,7.0,648,0.0,0.0,0.0,0.0,0.0,0,0.0,0.0,0.0,0.0,0.0,0,1.0,1.0,1.0,1.0,1.0,552,0.9999999999999997,1.2365535141249042,1.020125860898566,1.0,1.1135773264387756,552,0.0,0.0,0.0,0.0,0.0,0.0,0.0,0.0,0.0,0.0,0.0,0.0,0.0,336.14487900013046
88,5280000000000,4.0,10.0,4.643518518518518,4.0,7.0,648,0.0,0.0,0.0,0.0,0.0,0,0.0,0.0,0.0,0.0,0.0,0,1.0,1.0,1.0,1.0,1.0,552,0.9999999999999997,1.2576338826424391,1.0186461210255637,1.0,1.107311815792433,552,0.0,0.0,0.0,0.0,0.0,0.0,0.0,0.0,0.0,0.0,0.0,0.0,0.0,342.880463000256
89,5340000000000,4.0,10.0,4.651234567901234,4.0,7.0,648,0.0,0.0,0.0,0.0,0.0,0,0.0,0.0,0.0,0.0,0.0,0,1.0,1.0,1.0,1.0,1.0,552,0.9999999999999998,1.3158225344791508,1.021189590970109,1.0,1.1205017614679127,552,0.0,0.0,0.0,0.0,0.0,0.0,0.0,0.0,0.0,0.0,0.0,0.0,0.0,338.1767940009013
90,5400000000000,4.0,10.0,4.6265432098765435,4.0,7.0,648,0.0,0.0,0.0,0.0,0.0,0,0.0,0.0,0.0,0.0,0.0,0,1.0,1.0,1.0,1.0,1.0,552,0.9999999999999997,1.239884763988152,1.02089349881643,1.0,1.1149564983029838,552,0.0,0.0,0.0,0.0,0.0,0.0,0.0,0.0,0.0,0.0,0.0,0.0,0.0,391.5820429992891
91,5460000000000,4.0,10.0,4.645061728395062,4.0,7.0,648,0.0,0.0,0.0,0.0,0.0,0,0.0,0.0,0.0,0.0,0.0,0,1.0,1.0,1.0,1.0,1.0,552,0.9999999999999998,1.2590860083026418,1.0187256419184116,1.0,1.1060650548305142,552,0.0,0.0,0.0,0.0,0.0,0.0,0.0,0.0,0.0,0.0,0.0,0.0,0.0,352.77980800128717
92,5520000000000,4.0,10.0,4.657407407407407,4.0,7.0,648,0.0,0.0,0.0,0.0,0.0,0,0.0,0.0,0.0,0.0,0.0,0,1.0,1.0,1.0,1.0,1.0,552,0.9999999999999998,1.3190068734450886,1.0182295216583654,1.0,1.1092376898610652,552,0.0,0.0,0.0,0.0,0.0,0.0,0.0,0.0,0.0,0.0,0.0,0.0,0.0,330.10240200019325
93,5580000000000,4.0,10.0,4.6342592592592595,4.0,7.0,648,0.0,0.0,0.0,0.0,0.0,0,0.0,0.0,0.0,0.0,0.0,0,1.0,1.0,1.0,1.0,1.0,552,0.9999999999999998,1.2361167537272022,1.0175639063198494,1.0,1.1037114010095865,552,0.0,0.0,0.0,0.0,0.0,0.0,0.0,0.0,0.0,0.0,0.0,0.0,0.0,332.02987000004214
94,5640000000000,4.0,10.0,4.648148148148148,4.0,7.0,648,0.0,0.0,0.0,0.0,0.0,0,0.0,0.0,0.0,0.0,0.0,0,1.0,1.0,1.0,1.0,1.0,552,0.9999999999999998,1.200944819365951,1.0177769431491503,1.0,1.1017741597215867,552,0.0,0.0,0.0,0.0,0.0,0.0,0.0,0.0,0.0,0.0,0.0,0.0,0.0,347.27591599948937
95,5700000000000,4.0,10.0,4.654320987654321,4.0,7.0,648,0.0,0.0,0.0,0.0,0.0,0,0.0,0.0,0.0,0.0,0.0,0,1.0,1.0,1.0,1.0,1.0,552,0.9999999999999998,1.2675064636862081,1.0176911013501393,1.0,1.112472917331124,552,0.0,0.0,0.0,0.0,0.0,0.0,0.0,0.0,0.0,0.0,0.0,0.0,0.0,346.84600999935356
96,5760000000000,4.0,10.0,4.648148148148148,4.0,7.0,648,0.0,0.0,0.0,0.0,0.0,0,0.0,0.0,0.0,0.0,0.0,0,1.0,1.0,1.0,1.0,1.0,552,0.9999999999999998,1.2385238499383855,1.0176154434504363,1.0,1.1093287160877148,552,0.0,0.0,0.0,0.0,0.0,0.0,0.0,0.0,0.0,0.0,0.0,0.0,0.0,372.88653399991745
97,5820000000000,4.0,10.0,4.640432098765432,4.0,7.0,648,0.0,0.0,0.0,0.0,0.0,0,0.0,0.0,0.0,0.0,0.0,0,1.0,1.0,1.0,1.0,1.0,552,0.9999999999999998,1.218048108039965,1.019607634124259,1.0,1.108201457753482,552,0.0,0.0,0.0,0.0,0.0,0.0,0.0,0.0,0.0,0.0,0.0,0.0,0.0,340.6699139995908
98,5880000000000,4.0,10.0,4.646604938271605,4.0,7.0,648,0.0,0.0,0.0,0.0,0.0,0,0.0,0.0,0.0,0.0,0.0,0,1.0,1.0,1.0,1.0,1.0,552,0.9999999999999996,1.2392844833332002,1.0153235854971272,1.0,1.103626542841531,552,0.0,0.0,0.0,0.0,0.0,0.0,0.0,0.0,0.0,0.0,0.0,0.0,0.0,357.47246599930804
99,5940000000000,4.0,10.0,4.6419753086419755,4.0,7.0,648,0.0,0.0,0.0,0.0,0.0,0,0.0,0.0,0.0,0.0,0.0,0,1.0,1.0,1.0,1.0,1.0,552,0.9999999999999998,1.2692346533441141,1.0185559334016452,1.0,1.1105063042103611,552,0.0,0.0,0.0,0.0,0.0,0.0,0.0,0.0,0.0,0.0,0.0,0.0,0.0,343.3379279995279
100,6000000000000,4.0,10.0,4.658950617283951,4.0,7.0,648,0.0,0.0,0.0,0.0,0.0,0,0.0,0.0,0.0,0.0,0.0,0,1.0,1.0,1.0,1.0,1.0,552,0.9999999999999996,1.222462791288008,1.0189782697396836,1.0,1.1054948315563844,552,0.0,0.0,0.0,0.0,0.0,0.0,0.0,0.0,0.0,0.0,0.0,0.0,0.0,344.67120800036355
101,6060000000000,4.0,10.0,4.640432098765432,4.0,7.0,648,0.0,0.0,0.0,0.0,0.0,0,0.0,0.0,0.0,0.0,0.0,0,1.0,1.0,1.0,1.0,1.0,552,0.9999999999999997,1.242184665701466,1.0139914555803546,1.0,1.1031231494534826,552,0.0,0.0,0.0,0.0,0.0,0.0,0.0,0.0,0.0,0.0,0.0,0.0,0.0,353.86977500093053
102,6120000000000,4.0,10.0,4.6419753086419755,4.0,7.0,648,0.0,0.0,0.0,0.0,0.0,0,0.0,0.0,0.0,0.0,0.0,0,1.0,1.0,1.0,1.0,1.0,552,0.9999999999999998,1.2727068705757634,1.0172447737041348,1.0,1.1093138247689498,552,0.0,0.0,0.0,0.0,0.0,0.0,0.0,0.0,0.0,0.0,0.0,0.0,0.0,351.23103099977016
103,6180000000000,4.0,9.0,4.666666666666667,4.0,7.0,648,0.0,0.0,0.0,0.0,0.0,0,0.0,0.0,0.0,0.0,0.0,0,1.0,1.0,1.0,1.0,1.0,552,0.9999999999999998,1.2268109211500187,1.0172885224601331,1.0,1.099981616587257,552,0.0,0.0,0.0,0.0,0.0,0.0,0.0,0.0,0.0,0.0,0.0,0.0,0.0,349.72519100119825
104,6240000000000,4.0,10.0,4.635802469135802,4.0,7.0,648,0.0,0.0,0.0,0.0,0.0,0,0.0,0.0,0.0,0.0,0.0,0,1.0,1.0,1.0,1.0,1.0,552,0.9999999999999998,1.2449766306872372,1.014806685872365,1.0,1.1117387033430226,552,0.0,0.0,0.0,0.0,0.0,0.0,0.0,0.0,0.0,0.0,0.0,0.0,0.0,323.1474719996186
105,6300000000000,4.0,10.0,4.651234567901234,4.0,7.0,648,0.0,0.0,0.0,0.0,0.0,0,0.0,0.0,0.0,0.0,0.0,0,1.0,1.0,1.0,1.0,1.0,552,0.9999999999999996,1.2761136118458694,1.015103369000998,1.0,1.103867462929279,552,0.0,0.0,0.0,0.0,0.0,0.0,0.0,0.0,0.0,0.0,0.0,0.0,0.0,335.2648629988835
106,6360000000000,4.0,9.0,4.657407407407407,4.0,7.0,648,0.0,0.0,0.0,0.0,0.0,0,0.0,0.0,0.0,0.0,0.0,0,1.0,1.0,1.0,1.0,1.0,552,0.9999999999999997,1.2310880667458837,1.0181630883786283,1.0,1.1044337692850097,552,0.0,0.0,0.0,0.0,0.0,0.0,0.0,0.0,0.0,0.0,0.0,0.0,0.0,335.920518000421
107,6420000000000,4.0,10.0,4.635802469135802,4.0,7.0,648,0.0,0.0,0.0,0.0,0.0,0,0.0,0.0,0.0,0.0,0.0,0,1.0,1.0,1.0,1.0,1.0,552,0.9999999999999998,1.2476553018431096,1.015044549360317,1.0,1.1134351902855006,552,0.0,0.0,0.0,0.0,0.0,0.0,0.0,0.0,0.0,0.0,0.0,0.0,0.0,322.9572439995536
108,6480000000000,4.0,10.0,4.655864197530864,4.0,7.0,648,0.0,0.0,0.0,0.0,0.0,0,0.0,0.0,0.0,0.0,0.0,0,1.0,1.0,1.0,1.0,1.0,552,0.9999999999999996,1.2794538759940466,1.0147009727796572,1.0,1.1132832390742133,552,0.0,0.0,0.0,0.0,0.0,0.0,0.0,0.0,0.0,0.0,0.0,0.0,0.0,374.7922180009482
109,6540000000000,4.0,9.0,4.640432098765432,4.0,7.0,648,0.0,0.0,0.0,0.0,0.0,0,0.0,0.0,0.0,0.0,0.0,0,1.0,1.0,1.0,1.0,1.0,552,0.9999999999999997,1.2176695147341496,1.017262391433701,1.0,1.1036867583457597,552,0.0,0.0,0.0,0.0,0.0,0.0,0.0,0.0,0.0,0.0,0.0,0.0,0.0,354.6406339992245
110,6600000000000,4.0,10.0,4.643518518518518,4.0,7.0,648,0.0,0.0,0.0,0.0,0.0,0,0.0,0.0,0.0,0.0,0.0,0,1.0,1.0,1.0,1.0,1.0,552,0.9999999999999998,1.2348870598595818,1.0136759905488923,1.0,1.0912532609879397,552,0.0,0.0,0.0,0.0,0.0,0.0,0.0,0.0,0.0,0.0,0.0,0.0,0.0,349.82579200004693
111,6660000000000,4.0,10.0,4.651234567901234,4.0,7.0,648,0.0,0.0,0.0,0.0,0.0,0,0.0,0.0,0.0,0.0,0.0,0,1.0,1.0,1.0,1.0,1.0,552,0.9999999999999998,1.2153839774722697,1.0140195214545982,1.0,1.100504957401535,552,0.0,0.0,0.0,0.0,0.0,0.0,0.0,0.0,0.0,0.0,0.0,0.0,0.0,339.3504129999201
112,6720000000000,4.0,9.0,4.655864197530864,4.0,7.0,648,0.0,0.0,0.0,0.0,0.0,0,0.0,0.0,0.0,0.0,0.0,0,1.0,1.0,1.0,1.0,1.0,552,0.9999999999999997,1.1736803711243433,1.0158271857266357,1.0,1.1003782643203142,552,0.0,0.0,0.0,0.0,0.0,0.0,0.0,0.0,0.0,0.0,0.0,0.0,0.0,332.58976099932624
113,6780000000000,4.0,10.0,4.648148148148148,4.0,7.0,648,0.0,0.0,0.0,0.0,0.0,0,0.0,0.0,0.0,0.0,0.0,0,1.0,1.0,1.0,1.0,1.0,552,0.9999999999999998,1.2317312061581849,1.019155912162737,1.0,1.1245468958535603,552,0.0,0.0,0.0,0.0,0.0,0.0,0.0,0.0,0.0,0.0,0.0,0.0,0.0,334.560749000957
114,6840000000000,4.0,10.0,4.655864197530864,4.0,7.0,648,0.0,0.0,0.0,0.0,0.0,0,0.0,0.0,0.0,0.0,0.0,0,1.0,1.0,1.0,1.0,1.0,552,0.9999999999999998,1.218499772016484,1.0169075846649462,1.0,1.1157821471965959,552,0.0,0.0,0.0,0.0,0.0,0.0,0.0,0.0,0.0,0.0,0.0,0.0,0.0,325.35269700019853
115,6900000000000,4.0,9.0,4.654320987654321,4.0,7.0,648,0.0,0.0,0.0,0.0,0.0,0,0.0,0.0,0.0,0.0,0.0,0,1.0,1.0,1.0,1.0,1.0,552,0.9999999999999998,1.177201029976965,1.0181946043658168,1.0,1.1030899346206624,552,0.0,0.0,0.0,0.0,0.0,0.0,0.0,0.0,0.0,0.0,0.0,0.0,0.0,328.2664800008206
116,6960000000000,4.0,9.0,4.646604938271605,4.0,7.0,648,0.0,0.0,0.0,0.0,0.0,0,0.0,0.0,0.0,0.0,0.0,0,1.0,1.0,1.0,1.0,1.0,552,0.9999999999999998,1.2346315433818478,1.0192328011873337,1.0,1.1196778162575005,552,0.0,0.0,0.0,0.0,0.0,0.0,0.0,0.0,0.0,0.0,0.0,0.0,0.0,357.37749800136953
117,7020000000000,4.0,10.0,4.648148148148148,4.0,7.0,648,0.0,0.0,0.0,0.0,0.0,0,0.0,0.0,0.0,0.0,0.0,0,1.0,1.0,1.0,1.0,1.0,552,0.9999999999999996,1.221517680952333,1.0154399078254734,1.0,1.1015456345168089,552,0.0,0.0,0.0,0.0,0.0,0.0,0.0,0.0,0.0,0.0,0.0,0.0,0.0,351.2100770003599
118,7080000000000,4.0,9.0,4.6496913580246915,4.0,7.0,648,0.0,0.0,0.0,0.0,0.0,0,0.0,0.0,0.0,0.0,0.0,0,1.0,1.0,1.0,1.0,1.0,552,0.9999999999999998,1.1806514227845335,1.0188796884989602,1.0,1.1053851300050208,552,0.0,0.0,0.0,0.0,0.0,0.0,0.0,0.0,0.0,0.0,0.0,0.0,0.0,330.8096110013139
119,7140000000000,4.0,9.0,4.655864197530864,4.0,7.0,648,0.0,0.0,0.0,0.0,0.0,0,0.0,0.0,0.0,0.0,0.0,0,1.0,1.0,1.0,1.0,1.0,552,0.9999999999999998,1.2286613280759173,1.0219327301653973,1.0,1.129791366919031,552,0.0,0.0,0.0,0.0,0.0,0.0,0.0,0.0,0.0,0.0,0.0,0.0,0.0,356.60393800026213
120,7200000000000,4.0,9.0,4.6342592592592595,4.0,7.0,648,0.0,0.0,0.0,0.0,0.0,0,0.0,0.0,0.0,0.0,0.0,0,1.0,1.0,1.0,1.0,1.0,552,0.9999999999999998,1.224434310631942,1.0185772995611964,1.0,1.1170134068726536,552,0.0,0.0,0.0,0.0,0.0,0.0,0.0,0.0,0.0,0.0,0.0,0.0,0.0,329.3684549989848
121,7260000000000,4.0,9.0,4.651234567901234,4.0,7.0,648,0.0,0.0,0.0,0.0,0.0,0,0.0,0.0,0.0,0.0,0.0,0,1.0,1.0,1.0,1.0,1.0,552,0.9999999999999998,1.301265307589864,1.0189810192651292,1.0,1.1132552189288905,552,0.0,0.0,0.0,0.0,0.0,0.0,0.0,0.0,0.0,0.0,0.0,0.0,0.0,338.8218939999206
122,7320000000000,4.0,9.0,4.652777777777778,4.0,7.0,648,0.0,0.0,0.0,0.0,0.0,0,0.0,0.0,0.0,0.0,0.0,0,1.0,1.0,1.0,1.0,1.0,552,0.9999999999999998,1.2300117900508518,1.021395827122886,1.0,1.1328768111480338,552,0.0,0.0,0.0,0.0,0.0,0.0,0.0,0.0,0.0,0.0,0.0,0.0,0.0,326.87323699974513
123,7380000000000,4.0,9.0,4.631172839506172,4.0,7.0,648,0.0,0.0,0.0,0.0,0.0,0,0.0,0.0,0.0,0.0,0.0,0,1.0,1.0,1.0,1.0,1.0,552,0.9999999999999998,1.2272468527164893,1.0197853306734472,1.0,1.1248940045284932,552,0.0,0.0,0.0,0.0,0.0,0.0,0.0,0.0,0.0,0.0,0.0,0.0,0.0,326.40491600068344
124,7440000000000,4.0,9.0,4.648148148148148,4.0,7.0,648,0.0,0.0,0.0,0.0,0.0,0,0.0,0.0,0.0,0.0,0.0,0,1.0,1.0,1.0,1.0,1.0,552,0.9999999999999998,1.3046184375966625,1.0194090039206039,1.0,1.1164698019765533,552,0.0,0.0,0.0,0.0,0.0,0.0,0.0,0.0,0.0,0.0,0.0,0.0,0.0,326.26263400015887
125,7500000000000,4.0,9.0,4.654320987654321,4.0,7.0,648,0.0,0.0,0.0,0.0,0.0,0,0.0,0.0,0.0,0.0,0.0,0,1.0,1.0,1.0,1.0,1.0,552,0.9999999999999998,1.2312158526909598,1.020870250885052,1.0,1.135178228570611,552,0.0,0.0,0.0,0.0,0.0,0.0,0.0,0.0,0.0,0.0,0.0,0.0,0.0,359.55788799947186
126,7560000000000,4.0,9.0,4.638888888888889,4.0,7.0,648,0.0,0.0,0.0,0.0,0.0,0,0.0,0.0,0.0,0.0,0.0,0,1.0,1.0,1.0,1.0,1.0,552,0.9999999999999998,1.2299528549366394,1.0200866869505014,1.0,1.1271691228884213,552,0.0,0.0,0.0,0.0,0.0,0.0,0.0,0.0,0.0,0.0,0.0,0.0,0.0,343.72691300086444
127,7620000000000,4.0,9.0,4.635802469135802,4.0,7.0,648,0.0,0.0,0.0,0.0,0.0,0,0.0,0.0,0.0,0.0,0.0,0,1.0,1.0,1.0,1.0,1.0,552,0.9999999999999998,1.3078431945992934,1.0235490943264314,1.0,1.134229574319129,552,0.0,0.0,0.0,0.0,0.0,0.0,0.0,0.0,0.0,0.0,0.0,0.0,0.0,338.3820150011161
128,7680000000000,4.0,9.0,4.6496913580246915,4.0,7.0,648,0.0,0.0,0.0,0.0,0.0,0,0.0,0.0,0.0,0.0,0.0,0,1.0,1.0,1.0,1.0,1.0,552,0.9999999999999997,1.232157827182294,1.0185869985602805,1.0,1.1127170897158862,552,0.0,0.0,0.0,0.0,0.0,0.0,0.0,0.0,0.0,0.0,0.0,0.0,0.0,346.16696999910346
129,7740000000000,4.0,9.0,4.652777777777778,4.0,7.0,648,0.0,0.0,0.0,0.0,0.0,0,0.0,0.0,0.0,0.0,0.0,0,1.0,1.0,1.0,1.0,1.0,552,0.9999999999999998,1.2325510726379507,1.0198255948558381,1.0,1.1275718339935066,552,0.0,0.0,0.0,0.0,0.0,0.0,0.0,0.0,0.0,0.0,0.0,0.0,0.0,341.0549070013076
130,7800000000000,4.0,9.0,4.635802469135802,4.0,7.0,648,0.0,0.0,0.0,0.0,0.0,0,0.0,0.0,0.0,0.0,0.0,0,1.0,1.0,1.0,1.0,1.0,552,0.9999999999999998,1.2690799988834909,1.0227737608377483,1.0,1.1347206365622582,552,0.0,0.0,0.0,0.0,0.0,0.0,0.0,0.0,0.0,0.0,0.0,0.0,0.0,341.21903300001577
131,7860000000000,4.0,9.0,4.638888888888889,4.0,7.0,648,0.0,0.0,0.0,0.0,0.0,0,0.0,0.0,0.0,0.0,0.0,0,1.0,1.0,1.0,1.0,1.0,552,0.9999999999999997,1.2345317341945918,1.022012445160718,1.0,1.1328709501073069,552,0.0,0.0,0.0,0.0,0.0,0.0,0.0,0.0,0.0,0.0,0.0,0.0,0.0,349.20950600098877
132,7920000000000,4.0,9.0,4.6496913580246915,4.0,7.0,648,0.0,0.0,0.0,0.0,0.0,0,0.0,0.0,0.0,0.0,0.0,0,1.0,1.0,1.0,1.0,1.0,552,0.9999999999999998,1.225418268314071,1.0186887315839104,1.0,1.1202257948818433,552,0.0,0.0,0.0,0.0,0.0,0.0,0.0,0.0,0.0,0.0,0.0,0.0,0.0,329.1205759996956
133,7980000000000,4.0,9.0,4.637345679012346,4.0,7.0,648,0.0,0.0,0.0,0.0,0.0,0,0.0,0.0,0.0,0.0,0.0,0,1.0,1.0,1.0,1.0,1.0,552,0.9999999999999998,1.2458232222362366,1.0214422697275736,1.0,1.1228259548954824,552,0.0,0.0,0.0,0.0,0.0,0.0,0.0,0.0,0.0,0.0,0.0,0.0,0.0,369.40240300100413
134,8040000000000,4.0,9.0,4.635802469135802,4.0,7.0,648,0.0,0.0,0.0,0.0,0.0,0,0.0,0.0,0.0,0.0,0.0,0,1.0,1.0,1.0,1.0,1.0,552,0.9999999999999998,1.2557806242834162,1.023727393768773,1.0,1.143843281437754,552,0.0,0.0,0.0,0.0,0.0,0.0,0.0,0.0,0.0,0.0,0.0,0.0,0.0,433.80621200049063
135,8100000000000,4.0,10.0,4.648148148148148,4.0,7.0,648,0.0,0.0,0.0,0.0,0.0,0,0.0,0.0,0.0,0.0,0.0,0,1.0,1.0,1.0,1.0,1.0,552,0.9999999999999997,1.2286219213207068,1.0187349621471091,1.0,1.1210421723157717,552,0.0,0.0,0.0,0.0,0.0,0.0,0.0,0.0,0.0,0.0,0.0,0.0,0.0,361.2050009996892
136,8160000000000,4.0,10.0,4.6342592592592595,4.0,7.0,648,0.0,0.0,0.0,0.0,0.0,0,0.0,0.0,0.0,0.0,0.0,0,1.0,1.0,1.0,1.0,1.0,552,0.9999999999999998,1.2476530120726481,1.0240655325952823,1.0,1.1251207682993771,552,0.0,0.0,0.0,0.0,0.0,0.0,0.0,0.0,0.0,0.0,0.0,0.0,0.0,338.2123589999537
137,8220000000000,4.0,9.0,4.62962962962963,4.0,7.0,648,0.0,0.0,0.0,0.0,0.0,0,0.0,0.0,0.0,0.0,0.0,0,1.0,1.0,1.0,1.0,1.0,552,0.9999999999999998,1.24171168878892,1.024307448948342,1.0,1.145969073984869,552,0.0,0.0,0.0,0.0,0.0,0.0,0.0,0.0,0.0,0.0,0.0,0.0,0.0,342.63970399842947
138,8280000000000,4.0,10.0,4.646604938271605,4.0,7.0,648,0.0,0.0,0.0,0.0,0.0,0,0.0,0.0,0.0,0.0,0.0,0,1.0,1.0,1.0,1.0,1.0,552,0.9999999999999998,1.2317911294086445,1.0209023622747775,1.0,1.1269788697061627,552,0.0,0.0,0.0,0.0,0.0,0.0,0.0,0.0,0.0,0.0,0.0,0.0,0.0,357.78910600129166
139,8340000000000,4.0,10.0,4.62962962962963,4.0,7.0,648,0.0,0.0,0.0,0.0,0.0,0,0.0,0.0,0.0,0.0,0.0,0,1.0,1.0,1.0,1.0,1.0,552,0.9999999999999998,1.249395689147949,1.023940910019906,1.0,1.1261912511106968,552,0.0,0.0,0.0,0.0,0.0,0.0,0.0,0.0,0.0,0.0,0.0,0.0,0.0,371.2325550004607
140,8400000000000,4.0,10.0,4.632716049382716,4.0,7.0,648,0.0,0.0,0.0,0.0,0.0,0,0.0,0.0,0.0,0.0,0.0,0,1.0,1.0,1.0,1.0,1.0,552,0.9999999999999998,1.2452143003094736,1.0234808645767168,1.0,1.1475426708690595,552,0.0,0.0,0.0,0.0,0.0,0.0,0.0,0.0,0.0,0.0,0.0,0.0,0.0,420.8854839998821
141,8460000000000,4.0,10.0,4.638888888888889,4.0,7.0,648,0.0,0.0,0.0,0.0,0.0,0,0.0,0.0,0.0,0.0,0.0,0,1.0,1.0,1.0,1.0,1.0,552,0.9999999999999998,1.241206288111482,1.0216857193324467,1.0,1.1278115581743855,552,0.0,0.0,0.0,0.0,0.0,0.0,0.0,0.0,0.0,0.0,0.0,0.0,0.0,361.91642899939325
142,8520000000000,4.0,10.0,4.62962962962963,4.0,7.0,648,0.0,0.0,0.0,0.0,0.0,0,0.0,0.0,0.0,0.0,0.0,0,1.0,1.0,1.0,1.0,1.0,552,0.9999999999999996,1.2510489150218622,1.019017810556468,1.0,1.1176221877698735,552,0.0,0.0,0.0,0.0,0.0,0.0,0.0,0.0,0.0,0.0,0.0,0.0,0.0,357.1386139992683
143,8580000000000,4.0,10.0,4.62962962962963,4.0,7.0,648,0.0,0.0,0.0,0.0,0.0,0,0.0,0.0,0.0,0.0,0.0,0,1.0,1.0,1.0,1.0,1.0,552,0.9999999999999997,1.2486578144619627,1.0205653415496865,1.0,1.1142245790294667,552,0.0,0.0,0.0,0.0,0.0,0.0,0.0,0.0,0.0,0.0,0.0,0.0,0.0,360.6251119999797
144,8640000000000,4.0,10.0,4.6342592592592595,4.0,7.0,648,0.0,0.0,0.0,0.0,0.0,0,0.0,0.0,0.0,0.0,0.0,0,1.0,1.0,1.0,1.0,1.0,552,0.9999999999999997,1.2435206168943378,1.0207873508093517,1.0,1.1245424084384101,552,0.0,0.0,0.0,0.0,0.0,0.0,0.0,0.0,0.0,0.0,0.0,0.0,0.0,350.7339099996898
145,8700000000000,4.0,10.0,4.645061728395062,4.0,7.0,648,0.0,0.0,0.0,0.0,0.0,0,0.0,0.0,0.0,0.0,0.0,0,1.0,1.0,1.0,1.0,1.0,552,0.9999999999999998,1.25261285415016,1.0190489223802173,1.0,1.1142377727077988,552,0.0,0.0,0.0,0.0,0.0,0.0,0.0,0.0,0.0,0.0,0.0,0.0,0.0,357.8494369994587
146,8760000000000,4.0,10.0,4.632716049382716,4.0,7.0,648,0.0,0.0,0.0,0.0,0.0,0,0.0,0.0,0.0,0.0,0.0,0,1.0,1.0,1.0,1.0,1.0,552,0.9999999999999998,1.2520421579999002,1.0191549012497652,1.0,1.109975481991667,552,0.0,0.0,0.0,0.0,0.0,0.0,0.0,0.0,0.0,0.0,0.0,0.0,0.0,354.0659659993253
147,8820000000000,4.0,10.0,4.635802469135802,4.0,7.0,648,0.0,0.0,0.0,0.0,0.0,0,0.0,0.0,0.0,0.0,0.0,0,1.0,1.0,1.0,1.0,1.0,552,0.9999999999999997,1.2457405331968607,1.0223951298805771,1.0,1.1292232554313264,552,0.0,0.0,0.0,0.0,0.0,0.0,0.0,0.0,0.0,0.0,0.0,0.0,0.0,342.58709799905773
148,8880000000000,4.0,10.0,4.646604938271605,4.0,7.0,648,0.0,0.0,0.0,0.0,0.0,0,0.0,0.0,0.0,0.0,0.0,0,1.0,1.0,1.0,1.0,1.0,552,0.9999999999999998,1.2540862102668453,1.021333724591751,1.0,1.1229956473377851,552,0.0,0.0,0.0,0.0,0.0,0.0,0.0,0.0,0.0,0.0,0.0,0.0,0.0,351.95489400030056
149,8940000000000,4.0,10.0,4.640432098765432,4.0,7.0,648,0.0,0.0,0.0,0.0,0.0,0,0.0,0.0,0.0,0.0,0.0,0,1.0,1.0,1.0,1.0,1.0,552,0.9999999999999997,1.244428211224354,1.017899632476328,1.0,1.1035715231412666,552,0.0,0.0,0.0,0.0,0.0,0.0,0.0,0.0,0.0,0.0,0.0,0.0,0.0,354.5984829997906
150,9000000000000,4.0,10.0,4.62962962962963,4.0,7.0,648,0.0,0.0,0.0,0.0,0.0,0,0.0,0.0,0.0,0.0,0.0,0,1.0,1.0,1.0,1.0,1.0,552,0.9999999999999997,1.2265266612597783,1.0211753757899957,1.0,1.125984772371723,552,0.0,0.0,0.0,0.0,0.0,0.0,0.0,0.0,0.0,0.0,0.0,0.0,0.0,353.8812869992398
151,9060000000000,4.0,10.0,4.637345679012346,4.0,7.0,648,0.0,0.0,0.0,0.0,0.0,0,0.0,0.0,0.0,0.0,0.0,0,1.0,1.0,1.0,1.0,1.0,552,0.9999999999999998,1.2554699199664632,1.0219423992031016,1.0,1.1243779828694165,552,0.0,0.0,0.0,0.0,0.0,0.0,0.0,0.0,0.0,0.0,0.0,0.0,0.0,347.4210420008603
152,9120000000000,4.0,10.0,4.635802469135802,4.0,7.0,648,0.0,0.0,0.0,0.0,0.0,0,0.0,0.0,0.0,0.0,0.0,0,1.0,1.0,1.0,1.0,1.0,552,0.9999999999999998,1.246296296249302,1.018292868432612,1.0,1.1074653310987561,552,0.0,0.0,0.0,0.0,0.0,0.0,0.0,0.0,0.0,0.0,0.0,0.0,0.0,379.4815089986514
153,9180000000000,4.0,10.0,4.635802469135802,4.0,7.0,648,0.0,0.0,0.0,0.0,0.0,0,0.0,0.0,0.0,0.0,0.0,0,1.0,1.0,1.0,1.0,1.0,552,0.9999999999999997,1.227737421480601,1.0209933862312341,1.0,1.1263682876659453,552,0.0,0.0,0.0,0.0,0.0,0.0,0.0,0.0,0.0,0.0,0.0,0.0,0.0,354.9030970007152
154,9240000000000,4.0,10.0,4.643518518518518,4.0,7.0,648,0.0,0.0,0.0,0.0,0.0,0,0.0,0.0,0.0,0.0,0.0,0,1.0,1.0,1.0,1.0,1.0,552,0.9999999999999997,1.2060443389825077,1.018801235929831,1.0,1.1154525804505206,552,0.0,0.0,0.0,0.0,0.0,0.0,0.0,0.0,0.0,0.0,0.0,0.0,0.0,339.1694620004273
155,9300000000000,4.0,10.0,4.6419753086419755,4.0,7.0,648,0.0,0.0,0.0,0.0,0.0,0,0.0,0.0,0.0,0.0,0.0,0,1.0,1.0,1.0,1.0,1.0,552,0.9999999999999998,1.2480590711306319,1.0202204669160082,1.0,1.1116834150374693,552,0.0,0.0,0.0,0.0,0.0,0.0,0.0,0.0,0.0,0.0,0.0,0.0,0.0,371.89990099977877
156,9360000000000,4.0,10.0,4.6419753086419755,4.0,7.0,648,0.0,0.0,0.0,0.0,0.0,0,0.0,0.0,0.0,0.0,0.0,0,1.0,1.0,1.0,1.0,1.0,552,0.9999999999999998,1.2288081432275384,1.0213204710820702,1.0,1.1209317962192538,552,0.0,0.0,0.0,0.0,0.0,0.0,0.0,0.0,0.0,0.0,0.0,0.0,0.0,382.53761300074984
157,9420000000000,4.0,10.0,4.640432098765432,4.0,7.0,648,0.0,0.0,0.0,0.0,0.0,0,0.0,0.0,0.0,0.0,0.0,0,1.0,1.0,1.0,1.0,1.0,552,0.9999999999999998,1.2089755654440344,1.0210309214209476,1.0,1.1185944491028816,552,0.0,0.0,0.0,0.0,0.0,0.0,0.0,0.0,0.0,0.0,0.0,0.0,0.0,393.5624000005191
158,9480000000000,4.0,10.0,4.645061728395062,4.0,7.0,648,0.0,0.0,0.0,0.0,0.0,0,0.0,0.0,0.0,0.0,0.0,0,1.0,1.0,1.0,1.0,1.0,552,0.9999999999999996,1.249717437781075,1.0199315473849817,1.0,1.114678933193283,552,0.0,0.0,0.0,0.0,0.0,0.0,0.0,0.0,0.0,0.0,0.0,0.0,0.0,362.68901800031017
159,9540000000000,4.0,10.0,4.6419753086419755,4.0,7.0,648,0.0,0.0,0.0,0.0,0.0,0,0.0,0.0,0.0,0.0,0.0,0,1.0,1.0,1.0,1.0,1.0,552,0.9999999999999997,1.229739994400536,1.0217197570972458,1.0,1.1218402261279607,552,0.0,0.0,0.0,0.0,0.0,0.0,0.0,0.0,0.0,0.0,0.0,0.0,0.0,356.0681040016789
160,9600000000000,4.0,10.0,4.637345679012346,4.0,7.0,648,0.0,0.0,0.0,0.0,0.0,0,0.0,0.0,0.0,0.0,0.0,0,1.0,1.0,1.0,1.0,1.0,552,0.9999999999999998,1.2081782038421351,1.0210021333707051,1.0,1.122609621336863,552,0.0,0.0,0.0,0.0,0.0,0.0,0.0,0.0,0.0,0.0,0.0,0.0,0.0,420.62464999980875
161,9660000000000,4.0,10.0,4.6419753086419755,4.0,7.0,648,0.0,0.0,0.0,0.0,0.0,0,0.0,0.0,0.0,0.0,0.0,0,1.0,1.0,1.0,1.0,1.0,552,0.9999999999999998,1.3036121209110663,1.01792698351396,1.0,1.1066698973693079,552,0.0,0.0,0.0,0.0,0.0,0.0,0.0,0.0,0.0,0.0,0.0,0.0,0.0,346.3951520006958
162,9720000000000,4.0,10.0,4.643518518518518,4.0,7.0,648,0.0,0.0,0.0,0.0,0.0,0,0.0,0.0,0.0,0.0,0.0,0,1.0,1.0,1.0,1.0,1.0,552,0.9999999999999998,1.2305312596569091,1.0203799307863832,1.0,1.1157806460458342,552,0.0,0.0,0.0,0.0,0.0,0.0,0.0,0.0,0.0,0.0,0.0,0.0,0.0,356.3709680001921
163,9780000000000,4.0,10.0,4.6419753086419755,4.0,7.0,648,0.0,0.0,0.0,0.0,0.0,0,0.0,0.0,0.0,0.0,0.0,0,1.0,1.0,1.0,1.0,1.0,552,0.9999999999999998,1.2093852349444636,1.0225184651273926,1.0,1.128176917550853,552,0.0,0.0,0.0,0.0,0.0,0.0,0.0,0.0,0.0,0.0,0.0,0.0,0.0,352.7809539991722
164,9840000000000,4.0,10.0,4.635802469135802,4.0,7.0,648,0.0,0.0,0.0,0.0,0.0,0,0.0,0.0,0.0,0.0,0.0,0,1.0,1.0,1.0,1.0,1.0,552,0.9999999999999998,1.2429893282714308,1.0154762848986096,1.0,1.1001757745135492,552,0.0,0.0,0.0,0.0,0.0,0.0,0.0,0.0,0.0,0.0,0.0,0.0,0.0,354.8319500005164
165,9900000000000,4.0,10.0,4.655864197530864,4.0,7.0,648,0.0,0.0,0.0,0.0,0.0,0,0.0,0.0,0.0,0.0,0.0,0,1.0,1.0,1.0,1.0,1.0,552,0.9999999999999998,1.1958542419786742,1.0151854616235336,1.0,1.092830573722837,552,0.0,0.0,0.0,0.0,0.0,0.0,0.0,0.0,0.0,0.0,0.0,0.0,0.0,345.4687989997183
166,9960000000000,4.0,10.0,4.637345679012346,4.0,7.0,648,0.0,0.0,0.0,0.0,0.0,0,0.0,0.0,0.0,0.0,0.0,0,1.0,1.0,1.0,1.0,1.0,552,0.9999999999999997,1.2105082324050005,1.0208552831537119,1.0,1.1276841170775445,552,0.0,0.0,0.0,0.0,0.0,0.0,0.0,0.0,0.0,0.0,0.0,0.0,0.0,406.5144350006449
167,10020000000000,4.0,10.0,4.6419753086419755,4.0,7.0,648,0.0,0.0,0.0,0.0,0.0,0,0.0,0.0,0.0,0.0,0.0,0,1.0,1.0,1.0,1.0,1.0,552,0.9999999999999997,1.244108308738488,1.016284883213035,1.0,1.1014305645465363,552,0.0,0.0,0.0,0.0,0.0,0.0,0.0,0.0,0.0,0.0,0.0,0.0,0.0,348.33346500090556
168,10080000000000,4.0,10.0,4.651234567901234,4.0,7.0,648,0.0,0.0,0.0,0.0,0.0,0,0.0,0.0,0.0,0.0,0.0,0,1.0,1.0,1.0,1.0,1.0,552,0.9999999999999998,1.1983130871777015,1.0156689333381959,1.0,1.0924851729577514,552,0.0,0.0,0.0,0.0,0.0,0.0,0.0,0.0,0.0,0.0,0.0,0.0,0.0,405.1706139998714
169,10140000000000,4.0,10.0,4.6342592592592595,4.0,7.0,648,0.0,0.0,0.0,0.0,0.0,0,0.0,0.0,0.0,0.0,0.0,0,1.0,1.0,1.0,1.0,1.0,552,0.9999999999999998,1.2068631100561424,1.017818530366788,1.0,1.1045267964981837,552,0.0,0.0,0.0,0.0,0.0,0.0,0.0,0.0,0.0,0.0,0.0,0.0,0.0,354.2509119997703
170,10200000000000,4.0,10.0,4.643518518518518,4.0,7.0,648,0.0,0.0,0.0,0.0,0.0,0,0.0,0.0,0.0,0.0,0.0,0,1.0,1.0,1.0,1.0,1.0,552,0.9999999999999997,1.173686947339895,1.0152090629035344,1.0,1.097090535860701,552,0.0,0.0,0.0,0.0,0.0,0.0,0.0,0.0,0.0,0.0,0.0,0.0,0.0,333.6704680004914
171,10260000000000,4.0,10.0,4.648148148148148,4.0,7.0,648,0.0,0.0,0.0,0.0,0.0,0,0.0,0.0,0.0,0.0,0.0,0,1.0,1.0,1.0,1.0,1.0,552,0.9999999999999998,1.20272401048056,1.0159189539625926,1.0,1.0943800023768098,552,0.0,0.0,0.0,0.0,0.0,0.0,0.0,0.0,0.0,0.0,0.0,0.0,0.0,329.41898699937155
172,10320000000000,4.0,10.0,4.6265432098765435,4.0,7.0,648,0.0,0.0,0.0,0.0,0.0,0,0.0,0.0,0.0,0.0,0.0,0,1.0,1.0,1.0,1.0,1.0,552,0.9999999999999998,1.1911350039645439,1.0178724696649193,1.0,1.1077163787865802,552,0.0,0.0,0.0,0.0,0.0,0.0,0.0,0.0,0.0,0.0,0.0,0.0,0.0,346.91371400003845
173,10380000000000,4.0,10.0,4.646604938271605,4.0,7.0,648,0.0,0.0,0.0,0.0,0.0,0,0.0,0.0,0.0,0.0,0.0,0,1.0,1.0,1.0,1.0,1.0,552,0.9999999999999998,1.244523751732145,1.0190477226001644,1.0,1.1079343551483942,552,0.0,0.0,0.0,0.0,0.0,0.0,0.0,0.0,0.0,0.0,0.0,0.0,0.0,341.9507540002087
174,10440000000000,4.0,10.0,4.646604938271605,4.0,7.0,648,0.0,0.0,0.0,0.0,0.0,0,0.0,0.0,0.0,0.0,0.0,0,1.0,1.0,1.0,1.0,1.0,552,0.9999999999999998,1.2044715255189202,1.0166831374532348,1.0,1.101961564290878,552,0.0,0.0,0.0,0.0,0.0,0.0,0.0,0.0,0.0,0.0,0.0,0.0,0.0,336.72388599916303
175,10500000000000,4.0,10.0,4.6419753086419755,4.0,7.0,648,0.0,0.0,0.0,0.0,0.0,0,0.0,0.0,0.0,0.0,0.0,0,1.0,1.0,1.0,1.0,1.0,552,0.9999999999999998,1.191972525806873,1.0175479851179883,1.0,1.1081942804263176,552,0.0,0.0,0.0,0.0,0.0,0.0,0.0,0.0,0.0,0.0,0.0,0.0,0.0,337.123318000522
176,10560000000000,4.0,10.0,4.6419753086419755,4.0,7.0,648,0.0,0.0,0.0,0.0,0.0,0,0.0,0.0,0.0,0.0,0.0,0,1.0,1.0,1.0,1.0,1.0,552,0.9999999999999996,1.246612166493136,1.0185856832858355,1.0,1.109654637527068,552,0.0,0.0,0.0,0.0,0.0,0.0,0.0,0.0,0.0,0.0,0.0,0.0,0.0,346.7736700004025
177,10620000000000,4.0,10.0,4.643518518518518,4.0,7.0,648,0.0,0.0,0.0,0.0,0.0,0,0.0,0.0,0.0,0.0,0.0,0,1.0,1.0,1.0,1.0,1.0,552,0.9999999999999997,1.2061616456250002,1.0171132766198394,1.0,1.108795933887095,552,0.0,0.0,0.0,0.0,0.0,0.0,0.0,0.0,0.0,0.0,0.0,0.0,0.0,338.53261200056295
178,10680000000000,4.0,10.0,4.645061728395062,4.0,7.0,648,0.0,0.0,0.0,0.0,0.0,0,0.0,0.0,0.0,0.0,0.0,0,1.0,1.0,1.0,1.0,1.0,552,0.9999999999999998,1.1927253894177006,1.0178925759516089,1.0,1.1077794928522946,552,0.0,0.0,0.0,0.0,0.0,0.0,0.0,0.0,0.0,0.0,0.0,0.0,0.0,378.453155999523
179,10740000000000,4.0,10.0,4.648148148148148,4.0,7.0,648,0.0,0.0,0.0,0.0,0.0,0,0.0,0.0,0.0,0.0,0.0,0,1.0,1.0,1.0,1.0,1.0,552,0.9999999999999998,1.2485983132205178,1.016220026568202,1.0,1.0977649119398236,552,0.0,0.0,0.0,0.0,0.0,0.0,0.0,0.0,0.0,0.0,0.0,0.0,0.0,336.93593200041505
180,10800000000000,4.0,10.0,4.646604938271605,4.0,7.0,648,0.0,0.0,0.0,0.0,0.0,0,0.0,0.0,0.0,0.0,0.0,0,1.0,1.0,1.0,1.0,1.0,552,0.9999999999999998,1.2200338223398892,1.0180996303374532,1.0,1.1140236855784775,552,0.0,0.0,0.0,0.0,0.0,0.0,0.0,0.0,0.0,0.0,0.0,0.0,0.0,357.4359730009746
181,10860000000000,4.0,9.0,4.643518518518518,4.0,7.0,648,0.0,0.0,0.0,0.0,0.0,0,0.0,0.0,0.0,0.0,0.0,0,1.0,1.0,1.0,1.0,1.0,552,0.9999999999999998,1.1717791359921967,1.0158766386331153,1.0,1.0980233868556792,552,0.0,0.0,0.0,0.0,0.0,0.0,0.0,0.0,0.0,0.0,0.0,0.0,0.0,365.8905190004589
182,10920000000000,4.0,10.0,4.648148148148148,4.0,7.0,648,0.0,0.0,0.0,0.0,0.0,0,0.0,0.0,0.0,0.0,0.0,0,1.0,1.0,1.0,1.0,1.0,552,0.9999999999999998,1.250479529474399,1.0164541479663467,1.0,1.0968963590746827,552,0.0,0.0,0.0,0.0,0.0,0.0,0.0,0.0,0.0,0.0,0.0,0.0,0.0,393.34254399909696
183,10980000000000,4.0,10.0,4.648148148148148,4.0,7.0,648,0.0,0.0,0.0,0.0,0.0,0,0.0,0.0,0.0,0.0,0.0,0,1.0,1.0,1.0,1.0,1.0,552,0.9999999999999998,1.220980384400594,1.017044392936862,1.0,1.1194631324192614,552,0.0,0.0,0.0,0.0,0.0,0.0,0.0,0.0,0.0,0.0,0.0,0.0,0.0,376.44269700103905
184,11040000000000,4.0,9.0,4.645061728395062,4.0,7.0,648,0.0,0.0,0.0,0.0,0.0,0,0.0,0.0,0.0,0.0,0.0,0,1.0,1.0,1.0,1.0,1.0,552,0.9999999999999997,1.1745537742224228,1.0162838415412858,1.0,1.1004733350706204,552,0.0,0.0,0.0,0.0,0.0,0.0,0.0,0.0,0.0,0.0,0.0,0.0,0.0,385.66776900006516
185,11100000000000,4.0,10.0,4.655864197530864,4.0,7.0,648,0.0,0.0,0.0,0.0,0.0,0,0.0,0.0,0.0,0.0,0.0,0,1.0,1.0,1.0,1.0,1.0,552,0.9999999999999998,1.252254065556001,1.0179406685071224,1.0,1.111934793308144,552,0.0,0.0,0.0,0.0,0.0,0.0,0.0,0.0,0.0,0.0,0.0,0.0,0.0,360.40626499925565
186,11160000000000,4.0,10.0,4.652777777777778,4.0,7.0,648,0.0,0.0,0.0,0.0,0.0,0,0.0,0.0,0.0,0.0,0.0,0,1.0,1.0,1.0,1.0,1.0,552,0.9999999999999998,1.2232652324609323,1.0127178324674817,1.0,1.0976345994303724,552,0.0,0.0,0.0,0.0,0.0,0.0,0.0,0.0,0.0,0.0,0.0,0.0,0.0,354.8435350003274
187,11220000000000,4.0,9.0,4.6496913580246915,4.0,7.0,648,0.0,0.0,0.0,0.0,0.0,0,0.0,0.0,0.0,0.0,0.0,0,1.0,1.0,1.0,1.0,1.0,552,0.9999999999999998,1.2288269121419588,1.0147141852021813,1.0,1.0994233662216921,552,0.0,0.0,0.0,0.0,0.0,0.0,0.0,0.0,0.0,0.0,0.0,0.0,0.0,398.1554900001356
188,11280000000000,4.0,9.0,4.648148148148148,4.0,7.0,648,0.0,0.0,0.0,0.0,0.0,0,0.0,0.0,0.0,0.0,0.0,0,1.0,1.0,1.0,1.0,1.0,552,0.9999999999999998,1.2539193406916527,1.01708744186193,1.0,1.096212266970825,552,0.0,0.0,0.0,0.0,0.0,0.0,0.0,0.0,0.0,0.0,0.0,0.0,0.0,332.36940700044215
189,11340000000000,4.0,10.0,4.652777777777778,4.0,7.0,648,0.0,0.0,0.0,0.0,0.0,0,0.0,0.0,0.0,0.0,0.0,0,1.0,1.0,1.0,1.0,1.0,552,0.9999999999999997,1.2254645875901282,1.0111808314559303,1.0,1.0757346571793571,552,0.0,0.0,0.0,0.0,0.0,0.0,0.0,0.0,0.0,0.0,0.0,0.0,0.0,409.64408199943136
190,11400000000000,4.0,9.0,4.652777777777778,4.0,7.0,648,0.0,0.0,0.0,0.0,0.0,0,0.0,0.0,0.0,0.0,0.0,0,1.0,1.0,1.0,1.0,1.0,552,0.9999999999999998,1.2320626836323278,1.0147382463957166,1.0,1.101774477951535,552,0.0,0.0,0.0,0.0,0.0,0.0,0.0,0.0,0.0,0.0,0.0,0.0,0.0,366.6554410010576
191,11460000000000,4.0,9.0,4.640432098765432,4.0,7.0,648,0.0,0.0,0.0,0.0,0.0,0,0.0,0.0,0.0,0.0,0.0,0,1.0,1.0,1.0,1.0,1.0,552,0.9999999999999998,1.255474329362326,1.0167586245856457,1.0,1.0940560193763995,552,0.0,0.0,0.0,0.0,0.0,0.0,0.0,0.0,0.0,0.0,0.0,0.0,0.0,370.4195179998351
192,11520000000000,4.0,10.0,4.654320987654321,4.0,7.0,648,0.0,0.0,0.0,0.0,0.0,0,0.0,0.0,0.0,0.0,0.0,0,1.0,1.0,1.0,1.0,1.0,552,0.9999999999999997,1.2424385891555836,1.0149298421196302,1.0,1.1078579543066969,552,0.0,0.0,0.0,0.0,0.0,0.0,0.0,0.0,0.0,0.0,0.0,0.0,0.0,354.73787400042056
193,11580000000000,4.0,9.0,4.655864197530864,4.0,7.0,648,0.0,0.0,0.0,0.0,0.0,0,0.0,0.0,0.0,0.0,0.0,0,1.0,1.0,1.0,1.0,1.0,552,0.9999999999999996,1.235183110197946,1.0146506559789263,1.0,1.1029318086390647,552,0.0,0.0,0.0,0.0,0.0,0.0,0.0,0.0,0.0,0.0,0.0,0.0,0.0,336.63165500001924
194,11640000000000,4.0,9.0,4.646604938271605,4.0,7.0,648,0.0,0.0,0.0,0.0,0.0,0,0.0,0.0,0.0,0.0,0.0,0,1.0,1.0,1.0,1.0,1.0,552,0.9999999999999997,1.2569180241472202,1.0219023011408492,1.0,1.1145801618845899,552,0.0,0.0,0.0,0.0,0.0,0.0,0.0,0.0,0.0,0.0,0.0,0.0,0.0,367.5984530000278
195,11700000000000,4.0,10.0,4.6496913580246915,4.0,7.0,648,0.0,0.0,0.0,0.0,0.0,0,0.0,0.0,0.0,0.0,0.0,0,1.0,1.0,1.0,1.0,1.0,552,0.9999999999999998,1.2435764641750258,1.0174525894492152,1.0,1.11739319252078,552,0.0,0.0,0.0,0.0,0.0,0.0,0.0,0.0,0.0,0.0,0.0,0.0,0.0,361.7599289991631
196,11760000000000,4.0,9.0,4.648148148148148,4.0,7.0,648,0.0,0.0,0.0,0.0,0.0,0,0.0,0.0,0.0,0.0,0.0,0,1.0,1.0,1.0,1.0,1.0,552,0.9999999999999998,1.2202571731024325,1.0178470673934494,1.0,1.1248821279196362,552,0.0,0.0,0.0,0.0,0.0,0.0,0.0,0.0,0.0,0.0,0.0,0.0,0.0,353.87269999955606
197,11820000000000,4.0,9.0,4.648148148148148,4.0,7.0,648,0.0,0.0,0.0,0.0,0.0,0,0.0,0.0,0.0,0.0,0.0,0,1.0,1.0,1.0,1.0,1.0,552,0.9999999999999997,1.2582493159533064,1.0202560049038862,1.0,1.1134550406026653,552,0.0,0.0,0.0,0.0,0.0,0.0,0.0,0.0,0.0,0.0,0.0,0.0,0.0,385.1844370001345
198,11880000000000,4.0,10.0,4.652777777777778,4.0,7.0,648,0.0,0.0,0.0,0.0,0.0,0,0.0,0.0,0.0,0.0,0.0,0,1.0,1.0,1.0,1.0,1.0,552,0.9999999999999998,1.2446326985315495,1.0207629859618628,1.0,1.1263064858492475,552,0.0,0.0,0.0,0.0,0.0,0.0,0.0,0.0,0.0,0.0,0.0,0.0,0.0,362.27081200013345
199,11940000000000,4.0,9.0,4.635802469135802,4.0,7.0,648,0.0,0.0,0.0,0.0,0.0,0,0.0,0.0,0.0,0.0,0.0,0,1.0,1.0,1.0,1.0,1.0,552,0.9999999999999997,1.221539367452373,1.017739135634243,1.0,1.1223096940266497,552,0.0,0.0,0.0,0.0,0.0,0.0,0.0,0.0,0.0,0.0,0.0,0.0,0.0,353.5441100011667
200,12000000000000,4.0,9.0,4.648148148148148,4.0,7.0,648,0.0,0.0,0.0,0.0,0.0,0,0.0,0.0,0.0,0.0,0.0,0,1.0,1.0,1.0,1.0,1.0,552,0.9999999999999998,1.2591536430780537,1.0202934776944468,1.0,1.114756675318051,552,0.0,0.0,0.0,0.0,0.0,0.0,0.0,0.0,0.0,0.0,0.0,0.0,0.0,414.0933329999825
201,12060000000000,4.0,9.0,4.652777777777778,4.0,7.0,648,0.0,0.0,0.0,0.0,0.0,0,0.0,0.0,0.0,0.0,0.0,0,1.0,1.0,1.0,1.0,1.0,552,0.9999999999999998,1.2456080631464554,1.022376986783289,1.0,1.1283400815586757,552,0.0,0.0,0.0,0.0,0.0,0.0,0.0,0.0,0.0,0.0,0.0,0.0,0.0,414.3894259996159
202,12120000000000,4.0,9.0,4.640432098765432,4.0,7.0,648,0.0,0.0,0.0,0.0,0.0,0,0.0,0.0,0.0,0.0,0.0,0,1.0,1.0,1.0,1.0,1.0,552,0.9999999999999997,1.3086584384268265,1.023649419158096,1.0,1.148330668804707,552,0.0,0.0,0.0,0.0,0.0,0.0,0.0,0.0,0.0,0.0,0.0,0.0,0.0,359.5484300003591
203,12180000000000,4.0,9.0,4.643518518518518,4.0,6.649999999999977,648,0.0,0.0,0.0,0.0,0.0,0,0.0,0.0,0.0,0.0,0.0,0,1.0,1.0,1.0,1.0,1.0,552,0.9999999999999998,1.288455121237227,1.025410986057243,1.0,1.1398760344860563,552,0.0,0.0,0.0,0.0,0.0,0.0,0.0,0.0,0.0,0.0,0.0,0.0,0.0,364.7940049995668
204,12240000000000,4.0,9.0,4.655864197530864,4.0,7.0,648,0.0,0.0,0.0,0.0,0.0,0,0.0,0.0,0.0,0.0,0.0,0,1.0,1.0,1.0,1.0,1.0,552,0.9999999999999997,1.2467235826932945,1.022532136526951,1.0,1.1303351970936824,552,0.0,0.0,0.0,0.0,0.0,0.0,0.0,0.0,0.0,0.0,0.0,0.0,0.0,374.39996600005543
205,12300000000000,4.0,9.0,4.635802469135802,4.0,7.0,648,0.0,0.0,0.0,0.0,0.0,0,0.0,0.0,0.0,0.0,0.0,0,1.0,1.0,1.0,1.0,1.0,552,0.9999999999999998,1.312685360474759,1.025943087553307,1.0,1.1533533469414006,552,0.0,0.0,0.0,0.0,0.0,0.0,0.0,0.0,0.0,0.0,0.0,0.0,0.0,356.8596109998907
206,12360000000000,4.0,9.0,4.640432098765432,4.0,7.0,648,0.0,0.0,0.0,0.0,0.0,0,0.0,0.0,0.0,0.0,0.0,0,1.0,1.0,1.0,1.0,1.0,552,0.9999999999999997,1.2908114350561324,1.0252312365074183,1.0,1.1418931250362108,552,0.0,0.0,0.0,0.0,0.0,0.0,0.0,0.0,0.0,0.0,0.0,0.0,0.0,356.77648999990197
207,12420000000000,4.0,9.0,4.651234567901234,4.0,7.0,648,0.0,0.0,0.0,0.0,0.0,0,0.0,0.0,0.0,0.0,0.0,0,1.0,1.0,1.0,1.0,1.0,552,0.9999999999999998,1.2477752293946687,1.0209354359144724,1.0,1.122254853780435,552,0.0,0.0,0.0,0.0,0.0,0.0,0.0,0.0,0.0,0.0,0.0,0.0,0.0,363.1998390010267
208,12480000000000,4.0,9.0,4.640432098765432,4.0,7.0,648,0.0,0.0,0.0,0.0,0.0,0,0.0,0.0,0.0,0.0,0.0,0,1.0,1.0,1.0,1.0,1.0,552,0.9999999999999998,1.3166292361077294,1.023874801320703,1.0,1.1559225894644711,552,0.0,0.0,0.0,0.0,0.0,0.0,0.0,0.0,0.0,0.0,0.0,0.0,0.0,354.7617900003388
209,12540000000000,4.0,9.0,4.6419753086419755,4.0,7.0,648,0.0,0.0,0.0,0.0,0.0,0,0.0,0.0,0.0,0.0,0.0,0,1.0,1.0,1.0,1.0,1.0,552,0.9999999999999997,1.3428988396330832,1.0283716727229624,1.0,1.1537556478023745,552,0.0,0.0,0.0,0.0,0.0,0.0,0.0,0.0,0.0,0.0,0.0,0.0,0.0,360.28110400002333
210,12600000000000,4.0,9.0,4.645061728395062,4.0,7.0,648,0.0,0.0,0.0,0.0,0.0,0,0.0,0.0,0.0,0.0,0.0,0,1.0,1.0,1.0,1.0,1.0,552,0.9999999999999998,1.2487536693187968,1.0211716192797677,1.0,1.125606703561166,552,0.0,0.0,0.0,0.0,0.0,0.0,0.0,0.0,0.0,0.0,0.0,0.0,0.0,373.8731160010502
211,12660000000000,4.0,9.0,4.646604938271605,4.0,7.0,648,0.0,0.0,0.0,0.0,0.0,0,0.0,0.0,0.0,0.0,0.0,0,1.0,1.0,1.0,1.0,1.0,552,0.9999999999999996,1.3204860162742436,1.0205101412292126,1.0,1.1520587775833593,552,0.0,0.0,0.0,0.0,0.0,0.0,0.0,0.0,0.0,0.0,0.0,0.0,0.0,358.05164099838294
212,12720000000000,4.0,9.0,4.637345679012346,4.0,7.0,648,0.0,0.0,0.0,0.0,0.0,0,0.0,0.0,0.0,0.0,0.0,0,1.0,1.0,1.0,1.0,1.0,552,0.9999999999999997,1.3458525613964645,1.0251889917391588,1.0,1.154447214360345,552,0.0,0.0,0.0,0.0,0.0,0.0,0.0,0.0,0.0,0.0,0.0,0.0,0.0,544.5402109999122
213,12780000000000,4.0,9.0,4.638888888888889,4.0,7.0,648,0.0,0.0,0.0,0.0,0.0,0,0.0,0.0,0.0,0.0,0.0,0,1.0,1.0,1.0,1.0,1.0,552,0.9999999999999998,1.292044713428186,1.025717691966621,1.0,1.1560072172889535,552,0.0,0.0,0.0,0.0,0.0,0.0,0.0,0.0,0.0,0.0,0.0,0.0,0.0,386.3759489995573
214,12840000000000,4.0,9.0,4.648148148148148,4.0,7.0,648,0.0,0.0,0.0,0.0,0.0,0,0.0,0.0,0.0,0.0,0.0,0,1.0,1.0,1.0,1.0,1.0,552,0.9999999999999998,1.324254665722696,1.0213328964245447,1.0,1.1522131963925077,552,0.0,0.0,0.0,0.0,0.0,0.0,0.0,0.0,0.0,0.0,0.0,0.0,0.0,503.00492600035795
215,12900000000000,4.0,9.0,4.631172839506172,4.0,7.0,648,0.0,0.0,0.0,0.0,0.0,0,0.0,0.0,0.0,0.0,0.0,0,1.0,1.0,1.0,1.0,1.0,552,0.9999999999999997,1.348686737290855,1.0230878191489936,1.0,1.1461053347319365,552,0.0,0.0,0.0,0.0,0.0,0.0,0.0,0.0,0.0,0.0,0.0,0.0,0.0,475.47393500099133
216,12960000000000,4.0,10.0,4.6419753086419755,4.0,7.0,648,0.0,0.0,0.0,0.0,0.0,0,0.0,0.0,0.0,0.0,0.0,0,1.0,1.0,1.0,1.0,1.0,552,0.9999999999999997,1.294321052650989,1.0263870226089131,1.0,1.1566682474552452,552,0.0,0.0,0.0,0.0,0.0,0.0,0.0,0.0,0.0,0.0,0.0,0.0,0.0,377.18395200136
217,13020000000000,4.0,10.0,4.638888888888889,4.0,7.0,648,0.0,0.0,0.0,0.0,0.0,0,0.0,0.0,0.0,0.0,0.0,0,1.0,1.0,1.0,1.0,1.0,552,0.9999999999999996,1.3279335869050053,1.0240696836100105,1.0,1.1531684864295872,552,0.0,0.0,0.0,0.0,0.0,0.0,0.0,0.0,0.0,0.0,0.0,0.0,0.0,373.3170200011955
218,13080000000000,4.0,10.0,4.6342592592592595,4.0,7.0,648,0.0,0.0,0.0,0.0,0.0,0,0.0,0.0,0.0,0.0,0.0,0,1.0,1.0,1.0,1.0,1.0,552,0.9999999999999998,1.3513956587692235,1.0259646072019273,1.0,1.15597640175633,552,0.0,0.0,0.0,0.0,0.0,0.0,0.0,0.0,0.0,0.0,0.0,0.0,0.0,370.7083280005463
219,13140000000000,4.0,10.0,4.638888888888889,4.0,7.0,648,0.0,0.0,0.0,0.0,0.0,0,0.0,0.0,0.0,0.0,0.0,0,1.0,1.0,1.0,1.0,1.0,552,0.9999999999999998,1.2964778119089222,1.0246100720429818,1.0,1.1427161170694284,552,0.0,0.0,0.0,0.0,0.0,0.0,0.0,0.0,0.0,0.0,0.0,0.0,0.0,382.1209010002349
220,13200000000000,4.0,10.0,4.640432098765432,4.0,7.0,648,0.0,0.0,0.0,0.0,0.0,0,0.0,0.0,0.0,0.0,0.0,0,1.0,1.0,1.0,1.0,1.0,552,0.9999999999999998,1.3315221850266874,1.0247882082404625,1.0,1.155857820899059,552,0.0,0.0,0.0,0.0,0.0,0.0,0.0,0.0,0.0,0.0,0.0,0.0,0.0,371.60317600137205
221,13260000000000,4.0,10.0,4.631172839506172,4.0,7.0,648,0.0,0.0,0.0,0.0,0.0,0,0.0,0.0,0.0,0.0,0.0,0,1.0,1.0,1.0,1.0,1.0,552,0.9999999999999997,1.3539768134984804,1.026925310285274,1.0,1.1581871541817503,552,0.0,0.0,0.0,0.0,0.0,0.0,0.0,0.0,0.0,0.0,0.0,0.0,0.0,369.97935799990955
222,13320000000000,4.0,10.0,4.638888888888889,4.0,7.0,648,0.0,0.0,0.0,0.0,0.0,0,0.0,0.0,0.0,0.0,0.0,0,1.0,1.0,1.0,1.0,1.0,552,0.9999999999999997,1.298513044119177,1.0257861578913676,1.0,1.1452899874235192,552,0.0,0.0,0.0,0.0,0.0,0.0,0.0,0.0,0.0,0.0,0.0,0.0,0.0,453.1413820004673
223,13380000000000,4.0,10.0,4.646604938271605,4.0,7.0,648,0.0,0.0,0.0,0.0,0.0,0,0.0,0.0,0.0,0.0,0.0,0,1.0,1.0,1.0,1.0,1.0,552,0.9999999999999998,1.3350202506664979,1.0253067697670004,1.0,1.1559624427786648,552,0.0,0.0,0.0,0.0,0.0,0.0,0.0,0.0,0.0,0.0,0.0,0.0,0.0,352.0930289996613
224,13440000000000,4.0,10.0,4.643518518518518,4.0,7.0,648,0.0,0.0,0.0,0.0,0.0,0,0.0,0.0,0.0,0.0,0.0,0,1.0,1.0,1.0,1.0,1.0,552,0.9999999999999998,1.3564252709416562,1.0258407028310084,1.0,1.1473642424851231,552,0.0,0.0,0.0,0.0,0.0,0.0,0.0,0.0,0.0,0.0,0.0,0.0,0.0,368.61502899955667
225,13500000000000,4.0,10.0,4.631172839506172,4.0,7.0,648,0.0,0.0,0.0,0.0,0.0,0,0.0,0.0,0.0,0.0,0.0,0,1.0,1.0,1.0,1.0,1.0,552,0.9999999999999998,1.3004274138087855,1.0269447492890973,1.0,1.1475456365209094,552,0.0,0.0,0.0,0.0,0.0,0.0,0.0,0.0,0.0,0.0,0.0,0.0,0.0,355.69919500085234
226,13560000000000,4.0,10.0,4.648148148148148,4.0,7.0,648,0.0,0.0,0.0,0.0,0.0,0,0.0,0.0,0.0,0.0,0.0,0,1.0,1.0,1.0,1.0,1.0,552,0.9999999999999996,1.2851801128012912,1.0235752811579715,1.0,1.156299734354242,552,0.0,0.0,0.0,0.0,0.0,0.0,0.0,0.0,0.0,0.0,0.0,0.0,0.0,370.82722800005286
227,13620000000000,4.0,10.0,4.6419753086419755,4.0,7.0,648,0.0,0.0,0.0,0.0,0.0,0,0.0,0.0,0.0,0.0,0.0,0,1.0,1.0,1.0,1.0,1.0,552,0.9999999999999998,1.358740697655475,1.0273806975275577,1.0,1.1549719577014035,552,0.0,0.0,0.0,0.0,0.0,0.0,0.0,0.0,0.0,0.0,0.0,0.0,0.0,350.8860369984177
228,13680000000000,4.0,10.0,4.631172839506172,4.0,7.0,648,0.0,0.0,0.0,0.0,0.0,0,0.0,0.0,0.0,0.0,0.0,0,1.0,1.0,1.0,1.0,1.0,552,0.9999999999999998,1.3022219328197873,1.025356926577912,1.0,1.1486596609939423,552,0.0,0.0,0.0,0.0,0.0,0.0,0.0,0.0,0.0,0.0,0.0,0.0,0.0,345.4245079992688
229,13740000000000,4.0,10.0,4.640432098765432,4.0,7.0,648,0.0,0.0,0.0,0.0,0.0,0,0.0,0.0,0.0,0.0,0.0,0,1.0,1.0,1.0,1.0,1.0,552,0.9999999999999998,1.2770555110028734,1.0220944361201627,1.0,1.148612098131205,552,0.0,0.0,0.0,0.0,0.0,0.0,0.0,0.0,0.0,0.0,0.0,0.0,0.0,352.047632999529
230,13800000000000,4.0,10.0,4.6342592592592595,4.0,7.0,648,0.0,0.0,0.0,0.0,0.0,0,0.0,0.0,0.0,0.0,0.0,0,1.0,1.0,1.0,1.0,1.0,552,0.9999999999999998,1.324798526758414,1.0238140308340187,1.0,1.141871399004308,552,0.0,0.0,0.0,0.0,0.0,0.0,0.0,0.0,0.0,0.0,0.0,0.0,0.0,355.9523049989366
231,13860000000000,4.0,10.0,4.643518518518518,4.0,7.0,648,0.0,0.0,0.0,0.0,0.0,0,0.0,0.0,0.0,0.0,0.0,0,1.0,1.0,1.0,1.0,1.0,552,0.9999999999999998,1.2982623777152256,1.0229380666078867,1.0,1.1346979522140537,552,0.0,0.0,0.0,0.0,0.0,0.0,0.0,0.0,0.0,0.0,0.0,0.0,0.0,381.0251220002101
232,13920000000000,4.0,10.0,4.635802469135802,4.0,7.0,648,0.0,0.0,0.0,0.0,0.0,0,0.0,0.0,0.0,0.0,0.0,0,1.0,1.0,1.0,1.0,1.0,552,0.9999999999999998,1.278946874831538,1.0215380327903218,1.0,1.1432781754878019,552,0.0,0.0,0.0,0.0,0.0,0.0,0.0,0.0,0.0,0.0,0.0,0.0,0.0,358.30635499951313
233,13980000000000,4.0,10.0,4.62962962962963,4.0,7.0,648,0.0,0.0,0.0,0.0,0.0,0,0.0,0.0,0.0,0.0,0.0,0,1.0,1.0,1.0,1.0,1.0,552,0.9999999999999996,1.3281245343140649,1.021058642560068,1.0,1.1254781852879576,552,0.0,0.0,0.0,0.0,0.0,0.0,0.0,0.0,0.0,0.0,0.0,0.0,0.0,488.7369240004773
234,14040000000000,4.0,10.0,4.643518518518518,4.0,7.0,648,0.0,0.0,0.0,0.0,0.0,0,0.0,0.0,0.0,0.0,0.0,0,1.0,1.0,1.0,1.0,1.0,552,0.9999999999999998,1.3017559445096578,1.0202864986178084,1.0,1.1196813020762597,552,0.0,0.0,0.0,0.0,0.0,0.0,0.0,0.0,0.0,0.0,0.0,0.0,0.0,372.7451109989488
235,14100000000000,4.0,10.0,4.635802469135802,4.0,7.0,648,0.0,0.0,0.0,0.0,0.0,0,0.0,0.0,0.0,0.0,0.0,0,1.0,1.0,1.0,1.0,1.0,552,0.9999999999999998,1.2807209480660997,1.0223727881068692,1.0,1.1395569053762296,552,0.0,0.0,0.0,0.0,0.0,0.0,0.0,0.0,0.0,0.0,0.0,0.0,0.0,428.8282199995592
236,14160000000000,4.0,10.0,4.635802469135802,4.0,7.0,648,0.0,0.0,0.0,0.0,0.0,0,0.0,0.0,0.0,0.0,0.0,0,1.0,1.0,1.0,1.0,1.0,552,0.9999999999999998,1.331386732036798,1.0198555440905928,1.0,1.1145998040424863,552,0.0,0.0,0.0,0.0,0.0,0.0,0.0,0.0,0.0,0.0,0.0,0.0,0.0,357.3173210006644
237,14220000000000,4.0,10.0,4.645061728395062,4.0,7.0,648,0.0,0.0,0.0,0.0,0.0,0,0.0,0.0,0.0,0.0,0.0,0,1.0,1.0,1.0,1.0,1.0,552,0.9999999999999997,1.3052076794487284,1.0202365126498976,1.0,1.1094025701134775,552,0.0,0.0,0.0,0.0,0.0,0.0,0.0,0.0,0.0,0.0,0.0,0.0,0.0,363.8298309997481
238,14280000000000,4.0,10.0,4.6419753086419755,4.0,7.0,648,0.0,0.0,0.0,0.0,0.0,0,0.0,0.0,0.0,0.0,0.0,0,1.0,1.0,1.0,1.0,1.0,552,0.9999999999999997,1.2823799092097445,1.0206579829148,1.0,1.1289535150592585,552,0.0,0.0,0.0,0.0,0.0,0.0,0.0,0.0,0.0,0.0,0.0,0.0,0.0,356.31546700096806
239,14340000000000,4.0,10.0,4.638888888888889,4.0,7.0,648,0.0,0.0,0.0,0.0,0.0,0,0.0,0.0,0.0,0.0,0.0,0,1.0,1.0,1.0,1.0,1.0,552,0.9999999999999997,1.3345805107212465,1.0203617826294045,1.0,1.1213177320522592,552,0.0,0.0,0.0,0.0,0.0,0.0,0.0,0.0,0.0,0.0,0.0,0.0,0.0,374.66206700082694
240,14400000000000,4.0,10.0,4.646604938271605,4.0,7.0,648,0.0,0.0,0.0,0.0,0.0,0,0.0,0.0,0.0,0.0,0.0,0,1.0,1.0,1.0,1.0,1.0,552,0.9999999999999997,1.3086108489314647,1.0206899869011758,1.0,1.1174662076519457,552,0.0,0.0,0.0,0.0,0.0,0.0,0.0,0.0,0.0,0.0,0.0,0.0,0.0,358.0713999999716
241,14460000000000,4.0,10.0,4.6265432098765435,4.0,7.0,648,0.0,0.0,0.0,0.0,0.0,0,0.0,0.0,0.0,0.0,0.0,0,1.0,1.0,1.0,1.0,1.0,552,0.9999999999999998,1.283926608548115,1.0223892695375534,1.0,1.1281657110077004,552,0.0,0.0,0.0,0.0,0.0,0.0,0.0,0.0,0.0,0.0,0.0,0.0,0.0,355.02213899962953
242,14520000000000,4.0,10.0,4.637345679012346,4.0,7.0,648,0.0,0.0,0.0,0.0,0.0,0,0.0,0.0,0.0,0.0,0.0,0,1.0,1.0,1.0,1.0,1.0,552,0.9999999999999998,1.256868103788126,1.0177091080093157,1.0,1.1074828962208607,552,0.0,0.0,0.0,0.0,0.0,0.0,0.0,0.0,0.0,0.0,0.0,0.0,0.0,347.4282780007343
243,14580000000000,4.0,10.0,4.6419753086419755,4.0,7.0,648,0.0,0.0,0.0,0.0,0.0,0,0.0,0.0,0.0,0.0,0.0,0,1.0,1.0,1.0,1.0,1.0,552,0.9999999999999998,1.311960609217528,1.0224514559412925,1.0,1.124348144367937,552,0.0,0.0,0.0,0.0,0.0,0.0,0.0,0.0,0.0,0.0,0.0,0.0,0.0,348.81179700096254
244,14640000000000,4.0,10.0,4.6234567901234565,4.0,7.0,648,0.0,0.0,0.0,0.0,0.0,0,0.0,0.0,0.0,0.0,0.0,0,1.0,1.0,1.0,1.0,1.0,552,0.9999999999999998,1.2368284834034227,1.0197263111572448,1.0,1.1136963347137696,552,0.0,0.0,0.0,0.0,0.0,0.0,0.0,0.0,0.0,0.0,0.0,0.0,0.0,337.37722099976963
245,14700000000000,4.0,10.0,4.638888888888889,4.0,7.0,648,0.0,0.0,0.0,0.0,0.0,0,0.0,0.0,0.0,0.0,0.0,0,1.0,1.0,1.0,1.0,1.0,552,0.9999999999999997,1.2584867909486415,1.0191010326348602,1.0,1.1097590890608648,552,0.0,0.0,0.0,0.0,0.0,0.0,0.0,0.0,0.0,0.0,0.0,0.0,0.0,364.0464759992028
246,14760000000000,4.0,10.0,4.646604938271605,4.0,7.0,648,0.0,0.0,0.0,0.0,0.0,0,0.0,0.0,0.0,0.0,0.0,0,1.0,1.0,1.0,1.0,1.0,552,0.9999999999999998,1.3152507704917848,1.0222514241334681,1.0,1.1253351222421653,552,0.0,0.0,0.0,0.0,0.0,0.0,0.0,0.0,0.0,0.0,0.0,0.0,0.0,341.71372600030736
247,14820000000000,4.0,10.0,4.628086419753086,4.0,7.0,648,0.0,0.0,0.0,0.0,0.0,0,0.0,0.0,0.0,0.0,0.0,0,1.0,1.0,1.0,1.0,1.0,552,0.9999999999999998,1.24020517069697,1.0204883396235125,1.0,1.115121564799656,552,0.0,0.0,0.0,0.0,0.0,0.0,0.0,0.0,0.0,0.0,0.0,0.0,0.0,338.3438020009635
248,14880000000000,4.0,10.0,4.645061728395062,4.0,7.0,648,0.0,0.0,0.0,0.0,0.0,0,0.0,0.0,0.0,0.0,0.0,0,1.0,1.0,1.0,1.0,1.0,552,0.9999999999999998,1.2600046107457623,1.0189419681184648,1.0,1.107175329282069,552,0.0,0.0,0.0,0.0,0.0,0.0,0.0,0.0,0.0,0.0,0.0,0.0,0.0,354.46044499985874
249,14940000000000,4.0,10.0,4.652777777777778,4.0,7.0,648,0.0,0.0,0.0,0.0,0.0,0,0.0,0.0,0.0,0.0,0.0,0,1.0,1.0,1.0,1.0,1.0,552,0.9999999999999998,1.318475891504681,1.0196789108072293,1.0,1.1195408230686632,552,0.0,0.0,0.0,0.0,0.0,0.0,0.0,0.0,0.0,0.0,0.0,0.0,0.0,346.85631499996816
250,15000000000000,4.0,10.0,4.628086419753086,4.0,7.0,648,0.0,0.0,0.0,0.0,0.0,0,0.0,0.0,0.0,0.0,0.0,0,1.0,1.0,1.0,1.0,1.0,552,0.9999999999999998,1.236383890732126,1.0191674910567323,1.0,1.108973558959275,552,0.0,0.0,0.0,0.0,0.0,0.0,0.0,0.0,0.0,0.0,0.0,0.0,0.0,333.45722100057174
251,15060000000000,4.0,10.0,4.648148148148148,4.0,7.0,648,0.0,0.0,0.0,0.0,0.0,0,0.0,0.0,0.0,0.0,0.0,0,1.0,1.0,1.0,1.0,1.0,552,0.9999999999999998,1.261425483812773,1.0187898573780736,1.0,1.1071806092149388,552,0.0,0.0,0.0,0.0,0.0,0.0,0.0,0.0,0.0,0.0,0.0,0.0,0.0,362.7034769997408
252,15120000000000,4.0,10.0,4.660493827160494,4.0,7.0,648,0.0,0.0,0.0,0.0,0.0,0,0.0,0.0,0.0,0.0,0.0,0,1.0,1.0,1.0,1.0,1.0,552,0.9999999999999998,1.32163002253345,1.015861113133179,1.0,1.097728334273951,552,0.0,0.0,0.0,0.0,0.0,0.0,0.0,0.0,0.0,0.0,0.0,0.0,0.0,370.5195439997624
253,15180000000000,4.0,10.0,4.640432098765432,4.0,7.0,648,0.0,0.0,0.0,0.0,0.0,0,0.0,0.0,0.0,0.0,0.0,0,1.0,1.0,1.0,1.0,1.0,552,0.9999999999999998,1.2388462658027526,1.0172408656339968,1.0,1.1057786654903619,552,0.0,0.0,0.0,0.0,0.0,0.0,0.0,0.0,0.0,0.0,0.0,0.0,0.0,374.64122399978805
254,15240000000000,4.0,10.0,4.648148148148148,4.0,7.0,648,0.0,0.0,0.0,0.0,0.0,0,0.0,0.0,0.0,0.0,0.0,0,1.0,1.0,1.0,1.0,1.0,552,0.9999999999999998,1.2049354338574498,1.018409273077865,1.0,1.1034439999424717,552,0.0,0.0,0.0,0.0,0.0,0.0,0.0,0.0,0.0,0.0,0.0,0.0,0.0,386.27968600121676
255,15300000000000,4.0,10.0,4.648148148148148,4.0,7.0,648,0.0,0.0,0.0,0.0,0.0,0,0.0,0.0,0.0,0.0,0.0,0,1.0,1.0,1.0,1.0,1.0,552,0.9999999999999998,1.2393775528499769,1.0154300548088313,1.0,1.1065194699850258,552,0.0,0.0,0.0,0.0,0.0,0.0,0.0,0.0,0.0,0.0,0.0,0.0,0.0,527.1889920004469
256,15360000000000,4.0,10.0,4.646604938271605,4.0,7.0,648,0.0,0.0,0.0,0.0,0.0,0,0.0,0.0,0.0,0.0,0.0,0,1.0,1.0,1.0,1.0,1.0,552,0.9999999999999998,1.241223884195992,1.0176114836426284,1.0,1.1105455274205618,552,0.0,0.0,0.0,0.0,0.0,0.0,0.0,0.0,0.0,0.0,0.0,0.0,0.0,463.6443250001321
257,15420000000000,4.0,10.0,4.648148148148148,4.0,7.0,648,0.0,0.0,0.0,0.0,0.0,0,0.0,0.0,0.0,0.0,0.0,0,1.0,1.0,1.0,1.0,1.0,552,0.9999999999999998,1.2228768714283347,1.020229739791728,1.0,1.1069702510055395,552,0.0,0.0,0.0,0.0,0.0,0.0,0.0,0.0,0.0,0.0,0.0,0.0,0.0,365.7130589999724
258,15480000000000,4.0,10.0,4.646604938271605,4.0,7.0,648,0.0,0.0,0.0,0.0,0.0,0,0.0,0.0,0.0,0.0,0.0,0,1.0,1.0,1.0,1.0,1.0,552,0.9999999999999998,1.2423076693231332,1.0137750891613257,1.0,1.1031762752044336,552,0.0,0.0,0.0,0.0,0.0,0.0,0.0,0.0,0.0,0.0,0.0,0.0,0.0,493.18378399948415
259,15540000000000,4.0,10.0,4.645061728395062,4.0,7.0,648,0.0,0.0,0.0,0.0,0.0,0,0.0,0.0,0.0,0.0,0.0,0,1.0,1.0,1.0,1.0,1.0,552,0.9999999999999997,1.2732132891854921,1.0171380346320178,1.0,1.1103766091077445,552,0.0,0.0,0.0,0.0,0.0,0.0,0.0,0.0,0.0,0.0,0.0,0.0,0.0,375.2061249997496
260,15600000000000,4.0,9.0,4.66358024691358,4.0,7.0,648,0.0,0.0,0.0,0.0,0.0,0,0.0,0.0,0.0,0.0,0.0,0,1.0,1.0,1.0,1.0,1.0,552,0.9999999999999998,1.2272587226357996,1.019337135431065,1.0,1.1067474574319227,552,0.0,0.0,0.0,0.0,0.0,0.0,0.0,0.0,0.0,0.0,0.0,0.0,0.0,380.69622200055164
261,15660000000000,4.0,10.0,4.635802469135802,4.0,7.0,648,0.0,0.0,0.0,0.0,0.0,0,0.0,0.0,0.0,0.0,0.0,0,1.0,1.0,1.0,1.0,1.0,552,0.9999999999999998,1.2451336449947077,1.0142480461065804,1.0,1.10424569092797,552,0.0,0.0,0.0,0.0,0.0,0.0,0.0,0.0,0.0,0.0,0.0,0.0,0.0,383.7167990004673
262,15720000000000,4.0,10.0,4.645061728395062,4.0,7.0,648,0.0,0.0,0.0,0.0,0.0,0,0.0,0.0,0.0,0.0,0.0,0,1.0,1.0,1.0,1.0,1.0,552,0.9999999999999998,1.276665021378783,1.01643351889822,1.0,1.109324110794413,552,0.0,0.0,0.0,0.0,0.0,0.0,0.0,0.0,0.0,0.0,0.0,0.0,0.0,365.36335200071335
263,15780000000000,4.0,9.0,4.657407407407407,4.0,7.0,648,0.0,0.0,0.0,0.0,0.0,0,0.0,0.0,0.0,0.0,0.0,0,1.0,1.0,1.0,1.0,1.0,552,0.9999999999999997,1.2315732470276142,1.0176257166690055,1.0,1.0997826617148454,552,0.0,0.0,0.0,0.0,0.0,0.0,0.0,0.0,0.0,0.0,0.0,0.0,0.0,385.9245560015552
264,15840000000000,4.0,10.0,4.643518518518518,4.0,7.0,648,0.0,0.0,0.0,0.0,0.0,0,0.0,0.0,0.0,0.0,0.0,0,1.0,1.0,1.0,1.0,1.0,552,0.9999999999999996,1.2478469661056266,1.0154364847173682,1.0,1.1113450506229354,552,0.0,0.0,0.0,0.0,0.0,0.0,0.0,0.0,0.0,0.0,0.0,0.0,0.0,510.49285900080577
265,15900000000000,4.0,10.0,4.646604938271605,4.0,7.0,648,0.0,0.0,0.0,0.0,0.0,0,0.0,0.0,0.0,0.0,0.0,0,1.0,1.0,1.0,1.0,1.0,552,0.9999999999999996,1.2800500407511204,1.0153539426654479,1.0,1.1058204793089526,552,0.0,0.0,0.0,0.0,0.0,0.0,0.0,0.0,0.0,0.0,0.0,0.0,0.0,374.0944569999556
266,15960000000000,4.0,9.0,4.646604938271605,4.0,7.0,648,0.0,0.0,0.0,0.0,0.0,0,0.0,0.0,0.0,0.0,0.0,0,1.0,1.0,1.0,1.0,1.0,552,0.9999999999999997,1.2183219615126195,1.0180545741108558,1.0,1.1069028424535798,552,0.0,0.0,0.0,0.0,0.0,0.0,0.0,0.0,0.0,0.0,0.0,0.0,0.0,360.61830399921746
267,16020000000000,4.0,10.0,4.635802469135802,4.0,7.0,648,0.0,0.0,0.0,0.0,0.0,0,0.0,0.0,0.0,0.0,0.0,0,1.0,1.0,1.0,1.0,1.0,552,0.9999999999999998,1.2352074548472203,1.0156627145562416,1.0,1.1092479958876165,552,0.0,0.0,0.0,0.0,0.0,0.0,0.0,0.0,0.0,0.0,0.0,0.0,0.0,343.57646600074077
268,16080000000000,4.0,10.0,4.654320987654321,4.0,7.0,648,0.0,0.0,0.0,0.0,0.0,0,0.0,0.0,0.0,0.0,0.0,0,1.0,1.0,1.0,1.0,1.0,552,0.9999999999999997,1.2833687611563944,1.01473206700762,1.0,1.1051316150007948,552,0.0,0.0,0.0,0.0,0.0,0.0,0.0,0.0,0.0,0.0,0.0,0.0,0.0,366.03201599973545
269,16140000000000,4.0,9.0,4.648148148148148,4.0,7.0,648,0.0,0.0,0.0,0.0,0.0,0,0.0,0.0,0.0,0.0,0.0,0,1.0,1.0,1.0,1.0,1.0,552,0.9999999999999997,1.1740945473968192,1.0158118533650662,1.0,1.100734544570341,552,0.0,0.0,0.0,0.0,0.0,0.0,0.0,0.0,0.0,0.0,0.0,0.0,0.0,358.1044019992987
270,16200000000000,4.0,10.0,4.645061728395062,4.0,7.0,648,0.0,0.0,0.0,0.0,0.0,0,0.0,0.0,0.0,0.0,0.0,0,1.0,1.0,1.0,1.0,1.0,552,0.9999999999999998,1.2321016429939737,1.0138641449936439,1.0,1.090731968721442,552,0.0,0.0,0.0,0.0,0.0,0.0,0.0,0.0,0.0,0.0,0.0,0.0,0.0,354.2536349996226
271,16260000000000,4.0,10.0,4.651234567901234,4.0,7.0,648,0.0,0.0,0.0,0.0,0.0,0,0.0,0.0,0.0,0.0,0.0,0,1.0,1.0,1.0,1.0,1.0,552,0.9999999999999998,1.2188672566199974,1.0140530789784679,1.0,1.1014341686497318,552,0.0,0.0,0.0,0.0,0.0,0.0,0.0,0.0,0.0,0.0,0.0,0.0,0.0,371.028319999823
272,16320000000000,4.0,9.0,4.6496913580246915,4.0,7.0,648,0.0,0.0,0.0,0.0,0.0,0,0.0,0.0,0.0,0.0,0.0,0,1.0,1.0,1.0,1.0,1.0,552,0.9999999999999998,1.1776482422503733,1.015952969876939,1.0,1.1022207400033939,552,0.0,0.0,0.0,0.0,0.0,0.0,0.0,0.0,0.0,0.0,0.0,0.0,0.0,360.6185339995136
273,16380000000000,4.0,9.0,4.651234567901234,4.0,7.0,648,0.0,0.0,0.0,0.0,0.0,0,0.0,0.0,0.0,0.0,0.0,0,1.0,1.0,1.0,1.0,1.0,552,0.9999999999999998,1.2350328920142553,1.0178632455542431,1.0,1.1059425843662882,552,0.0,0.0,0.0,0.0,0.0,0.0,0.0,0.0,0.0,0.0,0.0,0.0,0.0,363.815123000677
274,16440000000000,4.0,10.0,4.651234567901234,4.0,7.0,648,0.0,0.0,0.0,0.0,0.0,0,0.0,0.0,0.0,0.0,0.0,0,1.0,1.0,1.0,1.0,1.0,552,0.9999999999999997,1.221923141108655,1.0157391304025365,1.0,1.1030698964627648,552,0.0,0.0,0.0,0.0,0.0,0.0,0.0,0.0,0.0,0.0,0.0,0.0,0.0,363.3148690005328
275,16500000000000,4.0,9.0,4.648148148148148,4.0,7.0,648,0.0,0.0,0.0,0.0,0.0,0,0.0,0.0,0.0,0.0,0.0,0,1.0,1.0,1.0,1.0,1.0,552,0.9999999999999998,1.1811330589878783,1.0183006397948238,1.0,1.1058270086585165,552,0.0,0.0,0.0,0.0,0.0,0.0,0.0,0.0,0.0,0.0,0.0,0.0,0.0,339.7879230014951
276,16560000000000,4.0,9.0,4.652777777777778,4.0,7.0,648,0.0,0.0,0.0,0.0,0.0,0,0.0,0.0,0.0,0.0,0.0,0,1.0,1.0,1.0,1.0,1.0,552,0.9999999999999998,1.2378519036587539,1.0204271240811906,1.0,1.1217984653061,552,0.0,0.0,0.0,0.0,0.0,0.0,0.0,0.0,0.0,0.0,0.0,0.0,0.0,351.0627010000462
277,16620000000000,4.0,10.0,4.646604938271605,4.0,7.0,648,0.0,0.0,0.0,0.0,0.0,0,0.0,0.0,0.0,0.0,0.0,0,1.0,1.0,1.0,1.0,1.0,552,0.9999999999999998,1.224878367926781,1.0170556010856728,1.0,1.1149734375713696,552,0.0,0.0,0.0,0.0,0.0,0.0,0.0,0.0,0.0,0.0,0.0,0.0,0.0,334.32109900059004
278,16680000000000,4.0,9.0,4.652777777777778,4.0,7.0,648,0.0,0.0,0.0,0.0,0.0,0,0.0,0.0,0.0,0.0,0.0,0,1.0,1.0,1.0,1.0,1.0,552,0.9999999999999997,1.184544673650866,1.0192350404723587,1.0,1.109963347668728,552,0.0,0.0,0.0,0.0,0.0,0.0,0.0,0.0,0.0,0.0,0.0,0.0,0.0,349.34418299963
279,16740000000000,4.0,9.0,4.655864197530864,4.0,7.0,648,0.0,0.0,0.0,0.0,0.0,0,0.0,0.0,0.0,0.0,0.0,0,1.0,1.0,1.0,1.0,1.0,552,0.9999999999999998,1.2299215395974539,1.0222535361695342,1.0,1.1330396350141079,552,0.0,0.0,0.0,0.0,0.0,0.0,0.0,0.0,0.0,0.0,0.0,0.0,0.0,360.53994599933503
280,16800000000000,4.0,9.0,4.635802469135802,4.0,7.0,648,0.0,0.0,0.0,0.0,0.0,0,0.0,0.0,0.0,0.0,0.0,0,1.0,1.0,1.0,1.0,1.0,552,0.9999999999999998,1.2277299496341763,1.0187454791754396,1.0,1.118137649051756,552,0.0,0.0,0.0,0.0,0.0,0.0,0.0,0.0,0.0,0.0,0.0,0.0,0.0,351.547975998983
281,16860000000000,4.0,9.0,4.645061728395062,4.0,7.0,648,0.0,0.0,0.0,0.0,0.0,0,0.0,0.0,0.0,0.0,0.0,0,1.0,1.0,1.0,1.0,1.0,552,0.9999999999999998,1.3044502320234987,1.0198210697471137,1.0,1.1171130275534897,552,0.0,0.0,0.0,0.0,0.0,0.0,0.0,0.0,0.0,0.0,0.0,0.0,0.0,351.1503419995279
282,16920000000000,4.0,9.0,4.657407407407407,4.0,7.0,648,0.0,0.0,0.0,0.0,0.0,0,0.0,0.0,0.0,0.0,0.0,0,1.0,1.0,1.0,1.0,1.0,552,0.9999999999999998,1.2311661812595243,1.0215388831513779,1.0,1.135832596816241,552,0.0,0.0,0.0,0.0,0.0,0.0,0.0,0.0,0.0,0.0,0.0,0.0,0.0,342.1215719990869
283,16980000000000,4.0,9.0,4.62962962962963,4.0,7.0,648,0.0,0.0,0.0,0.0,0.0,0,0.0,0.0,0.0,0.0,0.0,0,1.0,1.0,1.0,1.0,1.0,552,0.9999999999999998,1.230475374647464,1.0198498899271005,1.0,1.1271103375060547,552,0.0,0.0,0.0,0.0,0.0,0.0,0.0,0.0,0.0,0.0,0.0,0.0,0.0,346.946706999006
284,17040000000000,4.0,9.0,4.645061728395062,4.0,7.0,648,0.0,0.0,0.0,0.0,0.0,0,0.0,0.0,0.0,0.0,0.0,0,1.0,1.0,1.0,1.0,1.0,552,0.9999999999999998,1.3077351137889515,1.022227082365281,1.0,1.1249467223577516,552,0.0,0.0,0.0,0.0,0.0,0.0,0.0,0.0,0.0,0.0,0.0,0.0,0.0,350.99119499864173
285,17100000000000,4.0,9.0,4.655864197530864,4.0,7.0,648,0.0,0.0,0.0,0.0,0.0,0,0.0,0.0,0.0,0.0,0.0,0,1.0,1.0,1.0,1.0,1.0,552,0.9999999999999998,1.2319795261751942,1.0186405427475382,1.0,1.1141244867483375,552,0.0,0.0,0.0,0.0,0.0,0.0,0.0,0.0,0.0,0.0,0.0,0.0,0.0,348.95517000040854
286,17160000000000,4.0,9.0,4.643518518518518,4.0,7.0,648,0.0,0.0,0.0,0.0,0.0,0,0.0,0.0,0.0,0.0,0.0,0,1.0,1.0,1.0,1.0,1.0,552,0.9999999999999998,1.2331119139444373,1.0202873643277521,1.0,1.1290644946594108,552,0.0,0.0,0.0,0.0,0.0,0.0,0.0,0.0,0.0,0.0,0.0,0.0,0.0,335.4517030002171
287,17220000000000,4.0,9.0,4.640432098765432,4.0,7.0,648,0.0,0.0,0.0,0.0,0.0,0,0.0,0.0,0.0,0.0,0.0,0,1.0,1.0,1.0,1.0,1.0,552,0.9999999999999998,1.2695307947925891,1.0226618685340738,1.0,1.1351048193713935,552,0.0,0.0,0.0,0.0,0.0,0.0,0.0,0.0,0.0,0.0,0.0,0.0,0.0,335.53056299933814
288,17280000000000,4.0,9.0,4.643518518518518,4.0,7.0,648,0.0,0.0,0.0,0.0,0.0,0,0.0,0.0,0.0,0.0,0.0,0,1.0,1.0,1.0,1.0,1.0,552,0.9999999999999997,1.2350445892899153,1.0196302207230274,1.0,1.115955869393219,552,0.0,0.0,0.0,0.0,0.0,0.0,0.0,0.0,0.0,0.0,0.0,0.0,0.0,338.1597570005397
289,17340000000000,4.0,9.0,4.6496913580246915,4.0,7.0,648,0.0,0.0,0.0,0.0,0.0,0,0.0,0.0,0.0,0.0,0.0,0,1.0,1.0,1.0,1.0,1.0,552,0.9999999999999998,1.2258949877484293,1.0197145074272618,1.0,1.1236050706524954,552,0.0,0.0,0.0,0.0,0.0,0.0,0.0,0.0,0.0,0.0,0.0,0.0,0.0,344.36927100068715
290,17400000000000,4.0,9.0,4.640432098765432,4.0,7.0,648,0.0,0.0,0.0,0.0,0.0,0,0.0,0.0,0.0,0.0,0.0,0,1.0,1.0,1.0,1.0,1.0,552,0.9999999999999998,1.272118859460799,1.022173420474395,1.0,1.1328114658639992,552,0.0,0.0,0.0,0.0,0.0,0.0,0.0,0.0,0.0,0.0,0.0,0.0,0.0,374.8736060006195
291,17460000000000,4.0,9.0,4.635802469135802,4.0,7.0,648,0.0,0.0,0.0,0.0,0.0,0,0.0,0.0,0.0,0.0,0.0,0,1.0,1.0,1.0,1.0,1.0,552,0.9999999999999998,1.238703656616089,1.0228457958645472,1.0,1.135134678348033,552,0.0,0.0,0.0,0.0,0.0,0.0,0.0,0.0,0.0,0.0,0.0,0.0,0.0,353.5993730001792
292,17520000000000,4.0,9.0,4.648148148148148,4.0,7.0,648,0.0,0.0,0.0,0.0,0.0,0,0.0,0.0,0.0,0.0,0.0,0,1.0,1.0,1.0,1.0,1.0,552,0.9999999999999998,1.2290865525990708,1.0185876759358095,1.0,1.1213889345746455,552,0.0,0.0,0.0,0.0,0.0,0.0,0.0,0.0,0.0,0.0,0.0,0.0,0.0,350.0959739994869
293,17580000000000,4.0,9.0,4.635802469135802,4.0,7.0,648,0.0,0.0,0.0,0.0,0.0,0,0.0,0.0,0.0,0.0,0.0,0,1.0,1.0,1.0,1.0,1.0,552,0.9999999999999998,1.2475138946094977,1.0226046994859583,1.0,1.1245657245451746,552,0.0,0.0,0.0,0.0,0.0,0.0,0.0,0.0,0.0,0.0,0.0,0.0,0.0,356.09751700030756
294,17640000000000,4.0,9.0,4.632716049382716,4.0,7.0,648,0.0,0.0,0.0,0.0,0.0,0,0.0,0.0,0.0,0.0,0.0,0,1.0,1.0,1.0,1.0,1.0,552,0.9999999999999998,1.2593149219159088,1.0234586751926675,1.0,1.1468598249911046,552,0.0,0.0,0.0,0.0,0.0,0.0,0.0,0.0,0.0,0.0,0.0,0.0,0.0,326.43725700108916
295,17700000000000,4.0,10.0,4.640432098765432,4.0,7.0,648,0.0,0.0,0.0,0.0,0.0,0,0.0,0.0,0.0,0.0,0.0,0,1.0,1.0,1.0,1.0,1.0,552,0.9999999999999998,1.2322916023721637,1.0187786702011032,1.0,1.1202144308219508,552,0.0,0.0,0.0,0.0,0.0,0.0,0.0,0.0,0.0,0.0,0.0,0.0,0.0,347.3870509988046
296,17760000000000,4.0,10.0,4.6342592592592595,4.0,7.0,648,0.0,0.0,0.0,0.0,0.0,0,0.0,0.0,0.0,0.0,0.0,0,1.0,1.0,1.0,1.0,1.0,552,0.9999999999999997,1.2493116255192833,1.0239914285183835,1.0,1.1265593850738516,552,0.0,0.0,0.0,0.0,0.0,0.0,0.0,0.0,0.0,0.0,0.0,0.0,0.0,351.5774130009959
297,17820000000000,4.0,10.0,4.628086419753086,4.0,7.0,648,0.0,0.0,0.0,0.0,0.0,0,0.0,0.0,0.0,0.0,0.0,0,1.0,1.0,1.0,1.0,1.0,552,0.9999999999999998,1.2458488182729073,1.0249987466705983,1.0,1.1500859911288221,552,0.0,0.0,0.0,0.0,0.0,0.0,0.0,0.0,0.0,0.0,0.0,0.0,0.0,352.0614770004613
298,17880000000000,4.0,10.0,4.6419753086419755,4.0,7.0,648,0.0,0.0,0.0,0.0,0.0,0,0.0,0.0,0.0,0.0,0.0,0,1.0,1.0,1.0,1.0,1.0,552,0.9999999999999998,1.2222422676437148,1.0210481594430505,1.0,1.129540908897801,552,0.0,0.0,0.0,0.0,0.0,0.0,0.0,0.0,0.0,0.0,0.0,0.0,0.0,346.17358800096554
299,17940000000000,4.0,10.0,4.6265432098765435,4.0,7.0,648,0.0,0.0,0.0,0.0,0.0,0,0.0,0.0,0.0,0.0,0.0,0,1.0,1.0,1.0,1.0,1.0,552,0.9999999999999997,1.2510213593458412,1.0199049189048712,1.0,1.118383286168858,552,0.0,0.0,0.0,0.0,0.0,0.0,0.0,0.0,0.0,0.0,0.0,0.0,0.0,345.73258300042653
300,18000000000000,4.0,10.0,4.628086419753086,4.0,7.0,648,0.0,0.0,0.0,0.0,0.0,0,0.0,0.0,0.0,0.0,0.0,0,1.0,1.0,1.0,1.0,1.0,552,0.9999999999999997,1.2493328307668743,1.0225750811052008,1.0,1.1296688275723719,552,0.0,0.0,0.0,0.0,0.0,0.0,0.0,0.0,0.0,0.0,0.0,0.0,0.0,349.2974429991591
301,18060000000000,4.0,10.0,4.645061728395062,4.0,7.0,648,0.0,0.0,0.0,0.0,0.0,0,0.0,0.0,0.0,0.0,0.0,0,1.0,1.0,1.0,1.0,1.0,552,0.9999999999999997,1.2238575416502246,1.0202697662199174,1.0,1.1240045908418197,552,0.0,0.0,0.0,0.0,0.0,0.0,0.0,0.0,0.0,0.0,0.0,0.0,0.0,361.8313129991293
302,18120000000000,4.0,10.0,4.6342592592592595,4.0,7.0,648,0.0,0.0,0.0,0.0,0.0,0,0.0,0.0,0.0,0.0,0.0,0,1.0,1.0,1.0,1.0,1.0,552,0.9999999999999997,1.2526421481801915,1.0201106721567235,1.0,1.1204890372855847,552,0.0,0.0,0.0,0.0,0.0,0.0,0.0,0.0,0.0,0.0,0.0,0.0,0.0,353.74187199886364
303,18180000000000,4.0,10.0,4.62962962962963,4.0,7.0,648,0.0,0.0,0.0,0.0,0.0,0,0.0,0.0,0.0,0.0,0.0,0,1.0,1.0,1.0,1.0,1.0,552,0.9999999999999998,1.2527574826878998,1.0194682267501125,1.0,1.1111998959096843,552,0.0,0.0,0.0,0.0,0.0,0.0,0.0,0.0,0.0,0.0,0.0,0.0,0.0,390.13790900025924
304,18240000000000,4.0,10.0,4.6342592592592595,4.0,7.0,648,0.0,0.0,0.0,0.0,0.0,0,0.0,0.0,0.0,0.0,0.0,0,1.0,1.0,1.0,1.0,1.0,552,0.9999999999999997,1.225386322232328,1.022032827220049,1.0,1.1286291982033954,552,0.0,0.0,0.0,0.0,0.0,0.0,0.0,0.0,0.0,0.0,0.0,0.0,0.0,344.5391940003901
305,18300000000000,4.0,10.0,4.651234567901234,4.0,7.0,648,0.0,0.0,0.0,0.0,0.0,0,0.0,0.0,0.0,0.0,0.0,0,1.0,1.0,1.0,1.0,1.0,552,0.9999999999999998,1.2541729544850462,1.019551625897702,1.0,1.116331796307552,552,0.0,0.0,0.0,0.0,0.0,0.0,0.0,0.0,0.0,0.0,0.0,0.0,0.0,333.4659720003401
306,18360000000000,4.0,10.0,4.6342592592592595,4.0,7.0,648,0.0,0.0,0.0,0.0,0.0,0,0.0,0.0,0.0,0.0,0.0,0,1.0,1.0,1.0,1.0,1.0,552,0.9999999999999998,1.2447650041175093,1.016216751635787,1.0,1.0989023102618933,552,0.0,0.0,0.0,0.0,0.0,0.0,0.0,0.0,0.0,0.0,0.0,0.0,0.0,319.6503369999846
307,18420000000000,4.0,10.0,4.6342592592592595,4.0,7.0,648,0.0,0.0,0.0,0.0,0.0,0,0.0,0.0,0.0,0.0,0.0,0,1.0,1.0,1.0,1.0,1.0,552,0.9999999999999997,1.2267795443250629,1.0199880949587838,1.0,1.1260988007045711,552,0.0,0.0,0.0,0.0,0.0,0.0,0.0,0.0,0.0,0.0,0.0,0.0,0.0,344.426805000694
308,18480000000000,4.0,10.0,4.643518518518518,4.0,7.0,648,0.0,0.0,0.0,0.0,0.0,0,0.0,0.0,0.0,0.0,0.0,0,1.0,1.0,1.0,1.0,1.0,552,0.9999999999999998,1.255613627997706,1.0204938959684544,1.0,1.115171976843735,552,0.0,0.0,0.0,0.0,0.0,0.0,0.0,0.0,0.0,0.0,0.0,0.0,0.0,331.0339559993736
309,18540000000000,4.0,10.0,4.635802469135802,4.0,7.0,648,0.0,0.0,0.0,0.0,0.0,0,0.0,0.0,0.0,0.0,0.0,0,1.0,1.0,1.0,1.0,1.0,552,0.9999999999999998,1.2466792769380064,1.0183206254622987,1.0,1.1061025540223917,552,0.0,0.0,0.0,0.0,0.0,0.0,0.0,0.0,0.0,0.0,0.0,0.0,0.0,334.0023270011443
310,18600000000000,4.0,10.0,4.631172839506172,4.0,7.0,648,0.0,0.0,0.0,0.0,0.0,0,0.0,0.0,0.0,0.0,0.0,0,1.0,1.0,1.0,1.0,1.0,552,0.9999999999999998,1.2280323440145062,1.021336437784752,1.0,1.1283637137244829,552,0.0,0.0,0.0,0.0,0.0,0.0,0.0,0.0,0.0,0.0,0.0,0.0,0.0,350.8765520000452
311,18660000000000,4.0,10.0,4.6419753086419755,4.0,7.0,648,0.0,0.0,0.0,0.0,0.0,0,0.0,0.0,0.0,0.0,0.0,0,1.0,1.0,1.0,1.0,1.0,552,0.9999999999999997,1.258372050241852,1.0222515999682031,1.0,1.1262598324250164,552,0.0,0.0,0.0,0.0,0.0,0.0,0.0,0.0,0.0,0.0,0.0,0.0,0.0,371.16052900091745
312,18720000000000,4.0,10.0,4.638888888888889,4.0,7.0,648,0.0,0.0,0.0,0.0,0.0,0,0.0,0.0,0.0,0.0,0.0,0,1.0,1.0,1.0,1.0,1.0,552,0.9999999999999997,1.248487764212863,1.0185088230320607,1.0,1.110260600517794,552,0.0,0.0,0.0,0.0,0.0,0.0,0.0,0.0,0.0,0.0,0.0,0.0,0.0,378.70589700105484
313,18780000000000,4.0,10.0,4.638888888888889,4.0,7.0,648,0.0,0.0,0.0,0.0,0.0,0,0.0,0.0,0.0,0.0,0.0,0,1.0,1.0,1.0,1.0,1.0,552,0.9999999999999997,1.2291464411606154,1.023004351753033,1.0,1.1287329562370518,552,0.0,0.0,0.0,0.0,0.0,0.0,0.0,0.0,0.0,0.0,0.0,0.0,0.0,374.63788500099326
314,18840000000000,4.0,10.0,4.640432098765432,4.0,7.0,648,0.0,0.0,0.0,0.0,0.0,0,0.0,0.0,0.0,0.0,0.0,0,1.0,1.0,1.0,1.0,1.0,552,0.9999999999999998,1.209679976206201,1.0187512190914627,1.0,1.117455791256106,552,0.0,0.0,0.0,0.0,0.0,0.0,0.0,0.0,0.0,0.0,0.0,0.0,0.0,395.9989779996249
315,18900000000000,4.0,10.0,4.6419753086419755,4.0,7.0,648,0.0,0.0,0.0,0.0,0.0,0,0.0,0.0,0.0,0.0,0.0,0,1.0,1.0,1.0,1.0,1.0,552,0.9999999999999997,1.2501921367194229,1.0199175869673682,1.0,1.1137470662823656,552,0.0,0.0,0.0,0.0,0.0,0.0,0.0,0.0,0.0,0.0,0.0,0.0,0.0,356.63387900058297
316,18960000000000,4.0,10.0,4.646604938271605,4.0,7.0,648,0.0,0.0,0.0,0.0,0.0,0,0.0,0.0,0.0,0.0,0.0,0,1.0,1.0,1.0,1.0,1.0,552,0.9999999999999998,1.2301179832323992,1.0189968106552867,1.0,1.104466738071888,552,0.0,0.0,0.0,0.0,0.0,0.0,0.0,0.0,0.0,0.0,0.0,0.0,0.0,363.1227489986486
317,19020000000000,4.0,10.0,4.638888888888889,4.0,7.0,648,0.0,0.0,0.0,0.0,0.0,0,0.0,0.0,0.0,0.0,0.0,0,1.0,1.0,1.0,1.0,1.0,552,0.9999999999999998,1.208698465181144,1.0209946316050444,1.0,1.120811908896392,552,0.0,0.0,0.0,0.0,0.0,0.0,0.0,0.0,0.0,0.0,0.0,0.0,0.0,437.31052499970247
318,19080000000000,4.0,10.0,4.643518518518518,4.0,7.0,648,0.0,0.0,0.0,0.0,0.0,0,0.0,0.0,0.0,0.0,0.0,0,1.0,1.0,1.0,1.0,1.0,552,0.9999999999999998,1.3043812181997494,1.0183192877790224,1.0,1.1094548914263167,552,0.0,0.0,0.0,0.0,0.0,0.0,0.0,0.0,0.0,0.0,0.0,0.0,0.0,339.16516300087096
319,19140000000000,4.0,10.0,4.6419753086419755,4.0,7.0,648,0.0,0.0,0.0,0.0,0.0,0,0.0,0.0,0.0,0.0,0.0,0,1.0,1.0,1.0,1.0,1.0,552,0.9999999999999998,1.2309479898035864,1.021617486142135,1.0,1.1238630261210705,552,0.0,0.0,0.0,0.0,0.0,0.0,0.0,0.0,0.0,0.0,0.0,0.0,0.0,453.4814489998098
320,19200000000000,4.0,10.0,4.637345679012346,4.0,7.0,648,0.0,0.0,0.0,0.0,0.0,0,0.0,0.0,0.0,0.0,0.0,0,1.0,1.0,1.0,1.0,1.0,552,0.9999999999999998,1.2099643252233192,1.0210430580916772,1.0,1.124107196966439,552,0.0,0.0,0.0,0.0,0.0,0.0,0.0,0.0,0.0,0.0,0.0,0.0,0.0,438.4954170000128
321,19260000000000,4.0,10.0,4.635802469135802,4.0,7.0,648,0.0,0.0,0.0,0.0,0.0,0,0.0,0.0,0.0,0.0,0.0,0,1.0,1.0,1.0,1.0,1.0,552,0.9999999999999997,1.2433935894481427,1.0154808572560083,1.0,1.100145399506951,552,0.0,0.0,0.0,0.0,0.0,0.0,0.0,0.0,0.0,0.0,0.0,0.0,0.0,355.9142329995666
322,19320000000000,4.0,10.0,4.645061728395062,4.0,7.0,648,0.0,0.0,0.0,0.0,0.0,0,0.0,0.0,0.0,0.0,0.0,0,1.0,1.0,1.0,1.0,1.0,552,0.9999999999999998,1.2316373944612877,1.0176722689501412,1.0,1.102104451187883,552,0.0,0.0,0.0,0.0,0.0,0.0,0.0,0.0,0.0,0.0,0.0,0.0,0.0,352.4583670005086
323,19380000000000,4.0,10.0,4.637345679012346,4.0,7.0,648,0.0,0.0,0.0,0.0,0.0,0,0.0,0.0,0.0,0.0,0.0,0,1.0,1.0,1.0,1.0,1.0,552,0.9999999999999998,1.2111440807813594,1.0226803274405734,1.0,1.1277304036895295,552,0.0,0.0,0.0,0.0,0.0,0.0,0.0,0.0,0.0,0.0,0.0,0.0,0.0,327.8884450010082
324,19440000000000,4.0,10.0,4.635802469135802,4.0,7.0,648,0.0,0.0,0.0,0.0,0.0,0,0.0,0.0,0.0,0.0,0.0,0,1.0,1.0,1.0,1.0,1.0,552,0.9999999999999998,1.2445684701259403,1.0173262956815814,1.0,1.1051665995689073,552,0.0,0.0,0.0,0.0,0.0,0.0,0.0,0.0,0.0,0.0,0.0,0.0,0.0,334.1005860002042
325,19500000000000,4.0,10.0,4.652777777777778,4.0,7.0,648,0.0,0.0,0.0,0.0,0.0,0,0.0,0.0,0.0,0.0,0.0,0,1.0,1.0,1.0,1.0,1.0,552,0.9999999999999998,1.1985270622158388,1.0156125375953096,1.0,1.098782894743298,552,0.0,0.0,0.0,0.0,0.0,0.0,0.0,0.0,0.0,0.0,0.0,0.0,0.0,340.77516900106275
326,19560000000000,4.0,10.0,4.6342592592592595,4.0,7.0,648,0.0,0.0,0.0,0.0,0.0,0,0.0,0.0,0.0,0.0,0.0,0,1.0,1.0,1.0,1.0,1.0,552,0.9999999999999998,1.2111113909296891,1.0197089287734729,1.0,1.1140475478815466,552,0.0,0.0,0.0,0.0,0.0,0.0,0.0,0.0,0.0,0.0,0.0,0.0,0.0,321.90152799921634
327,19620000000000,4.0,10.0,4.638888888888889,4.0,7.0,648,0.0,0.0,0.0,0.0,0.0,0,0.0,0.0,0.0,0.0,0.0,0,1.0,1.0,1.0,1.0,1.0,552,0.9999999999999998,1.1740724037089694,1.0147644688564972,1.0,1.096111200108466,552,0.0,0.0,0.0,0.0,0.0,0.0,0.0,0.0,0.0,0.0,0.0,0.0,0.0,324.7795729985228
328,19680000000000,4.0,10.0,4.648148148148148,4.0,7.0,648,0.0,0.0,0.0,0.0,0.0,0,0.0,0.0,0.0,0.0,0.0,0,1.0,1.0,1.0,1.0,1.0,552,0.9999999999999998,1.202545342915937,1.0171040404514515,1.0,1.102384420800468,552,0.0,0.0,0.0,0.0,0.0,0.0,0.0,0.0,0.0,0.0,0.0,0.0,0.0,348.863667999467
329,19740000000000,4.0,10.0,4.6265432098765435,4.0,7.0,648,0.0,0.0,0.0,0.0,0.0,0,0.0,0.0,0.0,0.0,0.0,0,1.0,1.0,1.0,1.0,1.0,552,0.9999999999999996,1.2105366441547778,1.0181870486130953,1.0,1.1080641311752406,552,0.0,0.0,0.0,0.0,0.0,0.0,0.0,0.0,0.0,0.0,0.0,0.0,0.0,322.21371400009957
330,19800000000000,4.0,10.0,4.645061728395062,4.0,7.0,648,0.0,0.0,0.0,0.0,0.0,0,0.0,0.0,0.0,0.0,0.0,0,1.0,1.0,1.0,1.0,1.0,552,0.9999999999999998,1.1752091862353415,1.016411632919641,1.0,1.1013726519234657,552,0.0,0.0,0.0,0.0,0.0,0.0,0.0,0.0,0.0,0.0,0.0,0.0,0.0,330.02058300007775
331,19860000000000,4.0,10.0,4.651234567901234,4.0,7.0,648,0.0,0.0,0.0,0.0,0.0,0,0.0,0.0,0.0,0.0,0.0,0,1.0,1.0,1.0,1.0,1.0,552,0.9999999999999997,1.2043262327463855,1.0177345845213475,1.0,1.1072172164636338,552,0.0,0.0,0.0,0.0,0.0,0.0,0.0,0.0,0.0,0.0,0.0,0.0,0.0,331.69981200080656
332,19920000000000,4.0,10.0,4.6265432098765435,4.0,7.0,648,0.0,0.0,0.0,0.0,0.0,0,0.0,0.0,0.0,0.0,0.0,0,1.0,1.0,1.0,1.0,1.0,552,0.9999999999999998,1.192433156952233,1.0176518443042866,1.0,1.1082972320346873,552,0.0,0.0,0.0,0.0,0.0,0.0,0.0,0.0,0.0,0.0,0.0,0.0,0.0,334.1445650003152
333,19980000000000,4.0,10.0,4.646604938271605,4.0,7.0,648,0.0,0.0,0.0,0.0,0.0,0,0.0,0.0,0.0,0.0,0.0,0,1.0,1.0,1.0,1.0,1.0,552,0.9999999999999997,1.2469824353842662,1.0195287476479764,1.0,1.1172334319110555,552,0.0,0.0,0.0,0.0,0.0,0.0,0.0,0.0,0.0,0.0,0.0,0.0,0.0,329.9211369994737
334,20040000000000,4.0,10.0,4.648148148148148,4.0,7.0,648,0.0,0.0,0.0,0.0,0.0,0,0.0,0.0,0.0,0.0,0.0,0,1.0,1.0,1.0,1.0,1.0,552,0.9999999999999998,1.206050639184132,1.0170531920537287,1.0,1.1023187546365043,552,0.0,0.0,0.0,0.0,0.0,0.0,0.0,0.0,0.0,0.0,0.0,0.0,0.0,331.45834199967794
335,20100000000000,4.0,10.0,4.638888888888889,4.0,7.0,648,0.0,0.0,0.0,0.0,0.0,0,0.0,0.0,0.0,0.0,0.0,0,1.0,1.0,1.0,1.0,1.0,552,0.9999999999999996,1.19324233040573,1.0179714487096436,1.0,1.1079183209557164,552,0.0,0.0,0.0,0.0,0.0,0.0,0.0,0.0,0.0,0.0,0.0,0.0,0.0,328.50486999996065
336,20160000000000,4.0,10.0,4.648148148148148,4.0,7.0,648,0.0,0.0,0.0,0.0,0.0,0,0.0,0.0,0.0,0.0,0.0,0,1.0,1.0,1.0,1.0,1.0,552,0.9999999999999998,1.2490090377221523,1.016552278910278,1.0,1.1000008816097644,552,0.0,0.0,0.0,0.0,0.0,0.0,0.0,0.0,0.0,0.0,0.0,0.0,0.0,463.4896019997541
337,20220000000000,4.0,10.0,4.652777777777778,4.0,7.0,648,0.0,0.0,0.0,0.0,0.0,0,0.0,0.0,0.0,0.0,0.0,0,1.0,1.0,1.0,1.0,1.0,552,0.9999999999999997,1.2078713452462309,1.017398350686328,1.0,1.1099481198635404,552,0.0,0.0,0.0,0.0,0.0,0.0,0.0,0.0,0.0,0.0,0.0,0.0,0.0,336.3214949986286
338,20280000000000,4.0,10.0,4.646604938271605,4.0,7.0,648,0.0,0.0,0.0,0.0,0.0,0,0.0,0.0,0.0,0.0,0.0,0,1.0,1.0,1.0,1.0,1.0,552,0.9999999999999998,1.1716937361339033,1.014087290484387,1.0,1.091046144627917,552,0.0,0.0,0.0,0.0,0.0,0.0,0.0,0.0,0.0,0.0,0.0,0.0,0.0,329.9616700005572
339,20340000000000,4.0,10.0,4.646604938271605,4.0,7.0,648,0.0,0.0,0.0,0.0,0.0,0,0.0,0.0,0.0,0.0,0.0,0,1.0,1.0,1.0,1.0,1.0,552,0.9999999999999997,1.2509306151188042,1.0172737388524626,1.0,1.1002473752048871,552,0.0,0.0,0.0,0.0,0.0,0.0,0.0,0.0,0.0,0.0,0.0,0.0,0.0,334.4037179995212
340,20400000000000,4.0,10.0,4.643518518518518,4.0,7.0,648,0.0,0.0,0.0,0.0,0.0,0,0.0,0.0,0.0,0.0,0.0,0,1.0,1.0,1.0,1.0,1.0,552,0.9999999999999998,1.2215132049794537,1.0174451478637503,1.0,1.1111131924635864,552,0.0,0.0,0.0,0.0,0.0,0.0,0.0,0.0,0.0,0.0,0.0,0.0,0.0,346.0678560004453
341,20460000000000,4.0,10.0,4.6419753086419755,4.0,7.0,648,0.0,0.0,0.0,0.0,0.0,0,0.0,0.0,0.0,0.0,0.0,0,1.0,1.0,1.0,1.0,1.0,552,0.9999999999999998,1.1745012287812704,1.0166583197151626,1.0,1.1022428907980344,552,0.0,0.0,0.0,0.0,0.0,0.0,0.0,0.0,0.0,0.0,0.0,0.0,0.0,367.2711059989524
342,20520000000000,4.0,10.0,4.651234567901234,4.0,7.0,648,0.0,0.0,0.0,0.0,0.0,0,0.0,0.0,0.0,0.0,0.0,0,1.0,1.0,1.0,1.0,1.0,552,0.9999999999999998,1.2527454390907617,1.0175610911180915,1.0,1.1005313713992322,552,0.0,0.0,0.0,0.0,0.0,0.0,0.0,0.0,0.0,0.0,0.0,0.0,0.0,329.2803060012375
343,20580000000000,4.0,10.0,4.6496913580246915,4.0,7.0,648,0.0,0.0,0.0,0.0,0.0,0,0.0,0.0,0.0,0.0,0.0,0,1.0,1.0,1.0,1.0,1.0,552,0.9999999999999997,1.2238353679891478,1.014465991565318,1.0,1.0990909519479872,552,0.0,0.0,0.0,0.0,0.0,0.0,0.0,0.0,0.0,0.0,0.0,0.0,0.0,332.24689199960267
344,20640000000000,4.0,10.0,4.648148148148148,4.0,7.0,648,0.0,0.0,0.0,0.0,0.0,0,0.0,0.0,0.0,0.0,0.0,0,1.0,1.0,1.0,1.0,1.0,552,0.9999999999999998,1.2290906930914594,1.0153571519957063,1.0,1.102194668721551,552,0.0,0.0,0.0,0.0,0.0,0.0,0.0,0.0,0.0,0.0,0.0,0.0,0.0,330.4602240004897
345,20700000000000,4.0,9.0,4.654320987654321,4.0,7.0,648,0.0,0.0,0.0,0.0,0.0,0,0.0,0.0,0.0,0.0,0.0,0,1.0,1.0,1.0,1.0,1.0,552,0.9999999999999998,1.2544509103501755,1.016901824260104,1.0,1.0958618460226692,552,0.0,0.0,0.0,0.0,0.0,0.0,0.0,0.0,0.0,0.0,0.0,0.0,0.0,348.2265599996026
346,20760000000000,4.0,10.0,4.651234567901234,4.0,7.0,648,0.0,0.0,0.0,0.0,0.0,0,0.0,0.0,0.0,0.0,0.0,0,1.0,1.0,1.0,1.0,1.0,552,0.9999999999999998,1.22607261008849,1.0123485136118788,1.0,1.0922730040915067,552,0.0,0.0,0.0,0.0,0.0,0.0,0.0,0.0,0.0,0.0,0.0,0.0,0.0,337.53753500059247
347,20820000000000,4.0,9.0,4.646604938271605,4.0,7.0,648,0.0,0.0,0.0,0.0,0.0,0,0.0,0.0,0.0,0.0,0.0,0,1.0,1.0,1.0,1.0,1.0,552,0.9999999999999998,1.2323636033287733,1.0149200453518277,1.0,1.099129274915752,552,0.0,0.0,0.0,0.0,0.0,0.0,0.0,0.0,0.0,0.0,0.0,0.0,0.0,337.7953970011731
348,20880000000000,4.0,9.0,4.6496913580246915,4.0,7.0,648,0.0,0.0,0.0,0.0,0.0,0,0.0,0.0,0.0,0.0,0.0,0,1.0,1.0,1.0,1.0,1.0,552,0.9999999999999998,1.2560458635960075,1.0174204459484781,1.0,1.0956362274922562,552,0.0,0.0,0.0,0.0,0.0,0.0,0.0,0.0,0.0,0.0,0.0,0.0,0.0,372.36336400019354
349,20940000000000,4.0,10.0,4.648148148148148,4.0,7.0,648,0.0,0.0,0.0,0.0,0.0,0,0.0,0.0,0.0,0.0,0.0,0,1.0,1.0,1.0,1.0,1.0,552,0.9999999999999998,1.228221717427788,1.0123148318251622,1.0,1.0883980198685916,552,0.0,0.0,0.0,0.0,0.0,0.0,0.0,0.0,0.0,0.0,0.0,0.0,0.0,358.237010999801
350,21000000000000,4.0,9.0,4.6496913580246915,4.0,7.0,648,0.0,0.0,0.0,0.0,0.0,0,0.0,0.0,0.0,0.0,0.0,0,1.0,1.0,1.0,1.0,1.0,552,0.9999999999999998,1.2355225729201507,1.0147016545013587,1.0,1.1032310603609976,552,0.0,0.0,0.0,0.0,0.0,0.0,0.0,0.0,0.0,0.0,0.0,0.0,0.0,355.4022700009227
351,21060000000000,4.0,9.0,4.643518518518518,4.0,7.0,648,0.0,0.0,0.0,0.0,0.0,0,0.0,0.0,0.0,0.0,0.0,0,1.0,1.0,1.0,1.0,1.0,552,0.9999999999999997,1.2575282739674383,1.018686941879763,1.0,1.1064149241060244,552,0.0,0.0,0.0,0.0,0.0,0.0,0.0,0.0,0.0,0.0,0.0,0.0,0.0,342.90016500017373
352,21120000000000,4.0,10.0,4.6496913580246915,4.0,7.0,648,0.0,0.0,0.0,0.0,0.0,0,0.0,0.0,0.0,0.0,0.0,0,1.0,1.0,1.0,1.0,1.0,552,0.9999999999999998,1.2443098881208705,1.0139411541979755,1.0,1.102631918744341,552,0.0,0.0,0.0,0.0,0.0,0.0,0.0,0.0,0.0,0.0,0.0,0.0,0.0,358.10342600052536
353,21180000000000,4.0,9.0,4.652777777777778,4.0,7.0,648,0.0,0.0,0.0,0.0,0.0,0,0.0,0.0,0.0,0.0,0.0,0,1.0,1.0,1.0,1.0,1.0,552,0.9999999999999997,1.2385617632647345,1.0180664764462113,1.0,1.1254345847363985,552,0.0,0.0,0.0,0.0,0.0,0.0,0.0,0.0,0.0,0.0,0.0,0.0,0.0,348.6417000003712
354,21240000000000,4.0,9.0,4.643518518518518,4.0,7.0,648,0.0,0.0,0.0,0.0,0.0,0,0.0,0.0,0.0,0.0,0.0,0,1.0,1.0,1.0,1.0,1.0,552,0.9999999999999998,1.2588978737125347,1.0218284898217656,1.0,1.1191554181834613,552,0.0,0.0,0.0,0.0,0.0,0.0,0.0,0.0,0.0,0.0,0.0,0.0,0.0,354.848947001301
355,21300000000000,4.0,10.0,4.6496913580246915,4.0,7.0,648,0.0,0.0,0.0,0.0,0.0,0,0.0,0.0,0.0,0.0,0.0,0,1.0,1.0,1.0,1.0,1.0,552,0.9999999999999998,1.2454138674205883,1.0203040490112247,1.0,1.1268465472228228,552,0.0,0.0,0.0,0.0,0.0,0.0,0.0,0.0,0.0,0.0,0.0,0.0,0.0,410.72861599968746
356,21360000000000,4.0,9.0,4.645061728395062,4.0,7.0,648,0.0,0.0,0.0,0.0,0.0,0,0.0,0.0,0.0,0.0,0.0,0,1.0,1.0,1.0,1.0,1.0,552,0.9999999999999997,1.2223329974126882,1.0180475059308856,1.0,1.126613922882496,552,0.0,0.0,0.0,0.0,0.0,0.0,0.0,0.0,0.0,0.0,0.0,0.0,0.0,365.63801400006923
357,21420000000000,4.0,9.0,4.645061728395062,4.0,7.0,648,0.0,0.0,0.0,0.0,0.0,0,0.0,0.0,0.0,0.0,0.0,0,1.0,1.0,1.0,1.0,1.0,552,0.9999999999999998,1.2596616323756271,1.0205192160400594,1.0,1.116719165965761,552,0.0,0.0,0.0,0.0,0.0,0.0,0.0,0.0,0.0,0.0,0.0,0.0,0.0,358.7438310005382
358,21480000000000,4.0,10.0,4.654320987654321,4.0,7.0,648,0.0,0.0,0.0,0.0,0.0,0,0.0,0.0,0.0,0.0,0.0,0,1.0,1.0,1.0,1.0,1.0,552,0.9999999999999998,1.246435786173669,1.0215955382199378,1.0,1.1289027012849964,552,0.0,0.0,0.0,0.0,0.0,0.0,0.0,0.0,0.0,0.0,0.0,0.0,0.0,358.53008899903216
359,21540000000000,4.0,9.0,4.638888888888889,4.0,7.0,648,0.0,0.0,0.0,0.0,0.0,0,0.0,0.0,0.0,0.0,0.0,0,1.0,1.0,1.0,1.0,1.0,552,0.9999999999999998,1.2235853285396818,1.0163373411818475,1.0,1.122612723204708,552,0.0,0.0,0.0,0.0,0.0,0.0,0.0,0.0,0.0,0.0,0.0,0.0,0.0,352.98241400050756
