time_index,time_since_epoch_ns,fstate_size_min,fstate_size_max,fstate_size_mean,fstate_size_median,fstate_size_p95,fstate_size_count,fstate_installed_min,fstate_installed_max,fstate_installed_mean,fstate_installed_median,fstate_installed_p95,fstate_installed_count,fstate_markers_min,fstate_markers_max,fstate_markers_mean,fstate_markers_median,fstate_markers_p95,fstate_markers_count,fstate_neighbors_min,fstate_neighbors_max,fstate_neighbors_mean,fstate_neighbors_median,fstate_neighbors_p95,fstate_neighbors_count,strict_header_bytes_min,strict_header_bytes_max,strict_header_bytes_mean,strict_header_bytes_median,strict_header_bytes_p95,strict_header_bytes_count,srv6_srh_bytes_min,srv6_srh_bytes_max,srv6_srh_bytes_mean,srv6_srh_bytes_median,srv6_srh_bytes_p95,srv6_srh_bytes_count,stretch_hop_min,stretch_hop_max,stretch_hop_mean,stretch_hop_median,stretch_hop_p95,stretch_hop_count,stretch_dist_min,stretch_dist_max,stretch_dist_mean,stretch_dist_median,stretch_dist_p95,stretch_dist_count,stretch_hop_shared_min,stretch_hop_shared_max,stretch_hop_shared_mean,stretch_hop_shared_median,stretch_hop_shared_p95,stretch_hop_shared_count,stretch_dist_shared_min,stretch_dist_shared_max,stretch_dist_shared_mean,stretch_dist_shared_median,stretch_dist_shared_p95,stretch_dist_shared_count,delivery_total_pairs,delivery_no_src_visibility,delivery_no_dst_visibility,delivery_disconnected,delivery_deliverable,delivery_delivered,delivery_forwarding_failure,delivery_failure_loop,delivery_failure_dead_end,delivery_failure_link_down,delivery_failure_hop_limit,delivery_failure_egress_lost,delivery_delivery_rate,delivery_non_optimal_egress,delivery_non_optimal_egress_rate,aux_lsdb_node_entries,aux_lsdb_link_entries,aux_spf_tree_entries_per_sat,aux_spf_all_pairs_entries,aux_spf_all_pairs_build_ms,explicit_failover_count,explicit_failover_delivered_count,explicit_failover_delivered_rate,explicit_failover_protected_repair_count,explicit_failover_protected_repair_rate,explicit_failover_broken_adj_count,explicit_failover_broken_adj_rate,explicit_failover_egress_not_visible_count,explicit_failover_egress_not_visible_rate,explicit_failover_dynamic_egress_repair_count,explicit_failover_dynamic_egress_repair_rate,explicit_failover_dynamic_egress_unavailable_count,explicit_failover_dynamic_egress_unavailable_rate,failure_isls_removed,failure_satellites_down,failure_events,compute_time_ms
0,0,1584.0,1584.0,1584.0,1584.0,1584.0,1584,24.0,24.0,24.0,24.0,24.0,1584,0.0,0.0,0.0,0.0,0.0,1584,3.0,8.0,4.208333333333333,4.0,5.0,1584,0.0,0.0,0.0,0.0,0.0,0,0.0,0.0,0.0,0.0,0.0,0,1.0,1.0,1.0,1.0,1.0,552,0.9999999999999996,1.0000000000000002,1.0,1.0,1.0,552,1.0,1.3333333333333333,1.006219725624435,1.0,1.0,552,0.9999999999999996,1.0000000000000002,1.0,1.0,1.0,552,552.0,0.0,0.0,0.0,552.0,552.0,0.0,0.0,0.0,0.0,0.0,0.0,1.0,0.0,0.0,1584.0,3146.0,1584.0,2509056.0,18517.88528636098,0.0,0.0,0.0,0.0,0.0,0.0,0.0,0.0,0.0,0.0,0.0,0.0,0.0,0.0,0.0,0.0,23769.912650808692
1,60000000000,1584.0,1584.0,1584.0,1584.0,1584.0,1584,24.0,24.0,24.0,24.0,24.0,1584,0.0,0.0,0.0,0.0,0.0,1584,3.0,8.0,4.202020202020202,4.0,5.0,1584,0.0,0.0,0.0,0.0,0.0,0,0.0,0.0,0.0,0.0,0.0,0,1.0,1.0,1.0,1.0,1.0,552,0.9999999999999996,1.0000000000000002,1.0,1.0,1.0,552,1.0,1.2272727272727273,1.0053516167817471,1.0,1.032258064516129,552,0.9999999999999996,1.0000000000000002,1.0,1.0,1.0,552,552.0,0.0,0.0,0.0,552.0,552.0,0.0,0.0,0.0,0.0,0.0,0.0,1.0,0.0,0.0,1584.0,3146.0,1584.0,2509056.0,18758.63203778863,0.0,0.0,0.0,0.0,0.0,0.0,0.0,0.0,0.0,0.0,0.0,0.0,0.0,0.0,0.0,0.0,23611.160963773727
2,120000000000,1584.0,1584.0,1584.0,1584.0,1584.0,1584,24.0,24.0,24.0,24.0,24.0,1584,0.0,0.0,0.0,0.0,0.0,1584,3.0,8.0,4.202651515151516,4.0,5.0,1584,0.0,0.0,0.0,0.0,0.0,0,0.0,0.0,0.0,0.0,0.0,0,1.0,1.0,1.0,1.0,1.0,552,0.9999999999999997,1.0000000000000002,1.0,1.0,1.0000000000000002,552,1.0,1.3333333333333333,1.0071432848321975,1.0,1.0555555555555556,552,0.9999999999999997,1.0000000000000002,1.0,1.0,1.0000000000000002,552,552.0,0.0,0.0,0.0,552.0,552.0,0.0,0.0,0.0,0.0,0.0,0.0,1.0,0.0,0.0,1584.0,3146.0,1584.0,2509056.0,18273.842599242926,0.0,0.0,0.0,0.0,0.0,0.0,0.0,0.0,0.0,0.0,0.0,0.0,0.0,0.0,0.0,0.0,23576.709873974323
3,180000000000,1584.0,1584.0,1584.0,1584.0,1584.0,1584,24.0,24.0,24.0,24.0,24.0,1584,0.0,0.0,0.0,0.0,0.0,1584,3.0,8.0,4.203914141414141,4.0,5.0,1584,0.0,0.0,0.0,0.0,0.0,0,0.0,0.0,0.0,0.0,0.0,0,1.0,1.0,1.0,1.0,1.0,552,0.9999999999999997,1.0000000000000004,1.0,1.0,1.0000000000000002,552,1.0,1.3076923076923077,1.0051356437533203,1.0,1.0376428571428569,552,0.9999999999999997,1.0000000000000004,1.0,1.0,1.0000000000000002,552,552.0,0.0,0.0,0.0,552.0,552.0,0.0,0.0,0.0,0.0,0.0,0.0,1.0,0.0,0.0,1584.0,3146.0,1584.0,2509056.0,18463.52575160563,0.0,0.0,0.0,0.0,0.0,0.0,0.0,0.0,0.0,0.0,0.0,0.0,0.0,0.0,0.0,0.0,23548.831904307008
4,240000000000,1584.0,1584.0,1584.0,1584.0,1584.0,1584,24.0,24.0,24.0,24.0,24.0,1584,0.0,0.0,0.0,0.0,0.0,1584,3.0,8.0,4.202651515151516,4.0,5.0,1584,0.0,0.0,0.0,0.0,0.0,0,0.0,0.0,0.0,0.0,0.0,0,1.0,1.0,1.0,1.0,1.0,552,0.9999999999999998,1.0000000000000002,1.0,1.0,1.0000000000000002,552,1.0,1.3333333333333333,1.006679258179394,1.0,1.0415652173913041,552,0.9999999999999998,1.0000000000000002,1.0,1.0,1.0000000000000002,552,552.0,0.0,0.0,0.0,552.0,552.0,0.0,0.0,0.0,0.0,0.0,0.0,1.0,0.0,0.0,1584.0,3146.0,1584.0,2509056.0,18590.17062187195,0.0,0.0,0.0,0.0,0.0,0.0,0.0,0.0,0.0,0.0,0.0,0.0,0.0,0.0,0.0,0.0,23731.7284476012
5,300000000000,1584.0,1584.0,1584.0,1584.0,1584.0,1584,24.0,24.0,24.0,24.0,24.0,1584,0.0,0.0,0.0,0.0,0.0,1584,3.0,8.0,4.196969696969697,4.0,5.0,1584,0.0,0.0,0.0,0.0,0.0,0,0.0,0.0,0.0,0.0,0.0,0,1.0,1.0,1.0,1.0,1.0,552,0.9999999999999997,1.0000000000000004,1.0,1.0,1.0000000000000002,552,1.0,1.3076923076923077,1.0044912308660345,1.0,1.0,552,0.9999999999999997,1.0000000000000004,1.0,1.0,1.0000000000000002,552,552.0,0.0,0.0,0.0,552.0,552.0,0.0,0.0,0.0,0.0,0.0,0.0,1.0,0.0,0.0,1584.0,3146.0,1584.0,2509056.0,18411.01328469813,0.0,0.0,0.0,0.0,0.0,0.0,0.0,0.0,0.0,0.0,0.0,0.0,0.0,0.0,0.0,0.0,23052.341559901834
6,360000000000,1584.0,1584.0,1584.0,1584.0,1584.0,1584,24.0,24.0,24.0,24.0,24.0,1584,0.0,0.0,0.0,0.0,0.0,1584,3.0,8.0,4.203282828282828,4.0,5.0,1584,0.0,0.0,0.0,0.0,0.0,0,0.0,0.0,0.0,0.0,0.0,0,1.0,1.0,1.0,1.0,1.0,552,0.9999999999999996,1.0000000000000004,1.0,1.0,1.0000000000000002,552,1.0,1.3333333333333333,1.0072830968553164,1.0,1.0526315789473684,552,0.9999999999999996,1.0000000000000004,1.0,1.0,1.0000000000000002,552,552.0,0.0,0.0,0.0,552.0,552.0,0.0,0.0,0.0,0.0,0.0,0.0,1.0,0.0,0.0,1584.0,3146.0,1584.0,2509056.0,19007.217064499855,0.0,0.0,0.0,0.0,0.0,0.0,0.0,0.0,0.0,0.0,0.0,0.0,0.0,0.0,0.0,0.0,24288.462718948722
7,420000000000,1584.0,1584.0,1584.0,1584.0,1584.0,1584,24.0,24.0,24.0,24.0,24.0,1584,0.0,0.0,0.0,0.0,0.0,1584,3.0,8.0,4.20580808080808,4.0,5.0,1584,0.0,0.0,0.0,0.0,0.0,0,0.0,0.0,0.0,0.0,0.0,0,1.0,1.0,1.0,1.0,1.0,552,0.9999999999999997,1.0000000000000002,1.0,1.0,1.0000000000000002,552,1.0,1.3333333333333333,1.007237806881975,1.0,1.0526315789473684,552,0.9999999999999997,1.0000000000000002,1.0,1.0,1.0000000000000002,552,552.0,0.0,0.0,0.0,552.0,552.0,0.0,0.0,0.0,0.0,0.0,0.0,1.0,0.0,0.0,1584.0,3146.0,1584.0,2509056.0,19052.90121026337,0.0,0.0,0.0,0.0,0.0,0.0,0.0,0.0,0.0,0.0,0.0,0.0,0.0,0.0,0.0,0.0,24165.43603129685
8,480000000000,1584.0,1584.0,1584.0,1584.0,1584.0,1584,24.0,24.0,24.0,24.0,24.0,1584,0.0,0.0,0.0,0.0,0.0,1584,3.0,8.0,4.204545454545454,4.0,5.0,1584,0.0,0.0,0.0,0.0,0.0,0,0.0,0.0,0.0,0.0,0.0,0,1.0,1.0,1.0,1.0,1.0,552,0.9999999999999997,1.0000000000000004,1.0,1.0,1.0000000000000002,552,1.0,1.3333333333333333,1.007528297070809,1.0,1.0526315789473684,552,0.9999999999999997,1.0000000000000004,1.0,1.0,1.0000000000000002,552,552.0,0.0,0.0,0.0,552.0,552.0,0.0,0.0,0.0,0.0,0.0,0.0,1.0,0.0,0.0,1584.0,3146.0,1584.0,2509056.0,19070.218048989773,0.0,0.0,0.0,0.0,0.0,0.0,0.0,0.0,0.0,0.0,0.0,0.0,0.0,0.0,0.0,0.0,24375.160632655025
9,540000000000,1584.0,1584.0,1584.0,1584.0,1584.0,1584,24.0,24.0,24.0,24.0,24.0,1584,0.0,0.0,0.0,0.0,0.0,1584,3.0,8.0,4.203914141414141,4.0,5.0,1584,0.0,0.0,0.0,0.0,0.0,0,0.0,0.0,0.0,0.0,0.0,0,1.0,1.0,1.0,1.0,1.0,552,0.9999999999999997,1.0000000000000004,1.0,1.0,1.0000000000000002,552,1.0,1.3333333333333333,1.0064439368492253,1.0,1.0407499999999998,552,0.9999999999999997,1.0000000000000004,1.0,1.0,1.0000000000000002,552,552.0,0.0,0.0,0.0,552.0,552.0,0.0,0.0,0.0,0.0,0.0,0.0,1.0,0.0,0.0,1584.0,3146.0,1584.0,2509056.0,17538.77278789878,0.0,0.0,0.0,0.0,0.0,0.0,0.0,0.0,0.0,0.0,0.0,0.0,0.0,0.0,0.0,0.0,22620.98184414208
10,600000000000,1584.0,1584.0,1584.0,1584.0,1584.0,1584,24.0,24.0,24.0,24.0,24.0,1584,0.0,0.0,0.0,0.0,0.0,1584,3.0,8.0,4.1982323232323235,4.0,5.0,1584,0.0,0.0,0.0,0.0,0.0,0,0.0,0.0,0.0,0.0,0.0,0,1.0,1.0,1.0,1.0,1.0,552,0.9999999999999997,1.0000000000000002,1.0,1.0,1.0000000000000002,552,1.0,1.3333333333333333,1.0084483422158597,1.0,1.0643749999999996,552,0.9999999999999997,1.0000000000000002,1.0,1.0,1.0000000000000002,552,552.0,0.0,0.0,0.0,552.0,552.0,0.0,0.0,0.0,0.0,0.0,0.0,1.0,0.0,0.0,1584.0,3146.0,1584.0,2509056.0,17829.959124326706,0.0,0.0,0.0,0.0,0.0,0.0,0.0,0.0,0.0,0.0,0.0,0.0,0.0,0.0,0.0,0.0,23102.67430357635
11,660000000000,1584.0,1584.0,1584.0,1584.0,1584.0,1584,24.0,24.0,24.0,24.0,24.0,1584,0.0,0.0,0.0,0.0,0.0,1584,3.0,8.0,4.202651515151516,4.0,5.0,1584,0.0,0.0,0.0,0.0,0.0,0,0.0,0.0,0.0,0.0,0.0,0,1.0,1.0,1.0,1.0,1.0,552,0.9999999999999997,1.0000000000000004,1.0,1.0,1.0000000000000002,552,1.0,1.3333333333333333,1.0049429841359616,1.0,1.0,552,0.9999999999999997,1.0000000000000004,1.0,1.0,1.0000000000000002,552,552.0,0.0,0.0,0.0,552.0,552.0,0.0,0.0,0.0,0.0,0.0,0.0,1.0,0.0,0.0,1584.0,3146.0,1584.0,2509056.0,19184.39052440226,0.0,0.0,0.0,0.0,0.0,0.0,0.0,0.0,0.0,0.0,0.0,0.0,0.0,0.0,0.0,0.0,24482.963107526302
12,720000000000,1584.0,1584.0,1584.0,1584.0,1584.0,1584,24.0,24.0,24.0,24.0,24.0,1584,0.0,0.0,0.0,0.0,0.0,1584,3.0,8.0,4.212121212121212,4.0,5.0,1584,0.0,0.0,0.0,0.0,0.0,0,0.0,0.0,0.0,0.0,0.0,0,1.0,1.0,1.0,1.0,1.0,552,0.9999999999999998,1.0000000000000002,1.0,1.0,1.0000000000000002,552,1.0,1.3076923076923077,1.006373284638784,1.0,1.0498746867167916,552,0.9999999999999998,1.0000000000000002,1.0,1.0,1.0000000000000002,552,552.0,0.0,0.0,0.0,552.0,552.0,0.0,0.0,0.0,0.0,0.0,0.0,1.0,0.0,0.0,1584.0,3146.0,1584.0,2509056.0,18207.11554400623,0.0,0.0,0.0,0.0,0.0,0.0,0.0,0.0,0.0,0.0,0.0,0.0,0.0,0.0,0.0,0.0,23662.69695572555
13,780000000000,1584.0,1584.0,1584.0,1584.0,1584.0,1584,24.0,24.0,24.0,24.0,24.0,1584,0.0,0.0,0.0,0.0,0.0,1584,3.0,8.0,4.20770202020202,4.0,5.0,1584,0.0,0.0,0.0,0.0,0.0,0,0.0,0.0,0.0,0.0,0.0,0,1.0,1.0,1.0,1.0,1.0,552,0.9999999999999996,1.0000000000000002,1.0,1.0,1.0000000000000002,552,1.0,1.3333333333333333,1.0081984012194756,1.0,1.0570261437908495,552,0.9999999999999996,1.0000000000000002,1.0,1.0,1.0000000000000002,552,552.0,0.0,0.0,0.0,552.0,552.0,0.0,0.0,0.0,0.0,0.0,0.0,1.0,0.0,0.0,1584.0,3146.0,1584.0,2509056.0,19574.652794748545,0.0,0.0,0.0,0.0,0.0,0.0,0.0,0.0,0.0,0.0,0.0,0.0,0.0,0.0,0.0,0.0,24891.99483767152
14,840000000000,1584.0,1584.0,1584.0,1584.0,1584.0,1584,24.0,24.0,24.0,24.0,24.0,1584,0.0,0.0,0.0,0.0,0.0,1584,3.0,8.0,4.201388888888889,4.0,5.0,1584,0.0,0.0,0.0,0.0,0.0,0,0.0,0.0,0.0,0.0,0.0,0,1.0,1.0,1.0,1.0,1.0,552,0.9999999999999998,1.0000000000000002,1.0,1.0,1.0000000000000002,552,1.0,1.2857142857142858,1.0058768418155757,1.0,1.0376780626780626,552,0.9999999999999998,1.0000000000000002,1.0,1.0,1.0000000000000002,552,552.0,0.0,0.0,0.0,552.0,552.0,0.0,0.0,0.0,0.0,0.0,0.0,1.0,0.0,0.0,1584.0,3146.0,1584.0,2509056.0,18252.51018255949,0.0,0.0,0.0,0.0,0.0,0.0,0.0,0.0,0.0,0.0,0.0,0.0,0.0,0.0,0.0,0.0,23443.12919303775
15,900000000000,1584.0,1584.0,1584.0,1584.0,1584.0,1584,24.0,24.0,24.0,24.0,24.0,1584,0.0,0.0,0.0,0.0,0.0,1584,3.0,8.0,4.205176767676767,4.0,5.0,1584,0.0,0.0,0.0,0.0,0.0,0,0.0,0.0,0.0,0.0,0.0,0,1.0,1.0,1.0,1.0,1.0,552,0.9999999999999997,1.0000000000000004,1.0,1.0,1.0000000000000002,552,1.0,1.3333333333333333,1.0071339880368029,1.0,1.048690476190476,552,0.9999999999999997,1.0000000000000004,1.0,1.0,1.0000000000000002,552,552.0,0.0,0.0,0.0,552.0,552.0,0.0,0.0,0.0,0.0,0.0,0.0,1.0,0.0,0.0,1584.0,3146.0,1584.0,2509056.0,17654.182251542807,0.0,0.0,0.0,0.0,0.0,0.0,0.0,0.0,0.0,0.0,0.0,0.0,0.0,0.0,0.0,0.0,22464.15443904698
16,960000000000,1584.0,1584.0,1584.0,1584.0,1584.0,1584,24.0,24.0,24.0,24.0,24.0,1584,0.0,0.0,0.0,0.0,0.0,1584,3.0,8.0,4.200126262626263,4.0,5.0,1584,0.0,0.0,0.0,0.0,0.0,0,0.0,0.0,0.0,0.0,0.0,0,1.0,1.0,1.0,1.0,1.0,552,0.9999999999999997,1.0000000000000004,1.0,1.0,1.0000000000000002,552,1.0,1.3333333333333333,1.0059914118203588,1.0,1.0357142857142858,552,0.9999999999999997,1.0000000000000004,1.0,1.0,1.0000000000000002,552,552.0,0.0,0.0,0.0,552.0,552.0,0.0,0.0,0.0,0.0,0.0,0.0,1.0,0.0,0.0,1584.0,3146.0,1584.0,2509056.0,17707.545990124345,0.0,0.0,0.0,0.0,0.0,0.0,0.0,0.0,0.0,0.0,0.0,0.0,0.0,0.0,0.0,0.0,22165.991058573127
17,1020000000000,1584.0,1584.0,1584.0,1584.0,1584.0,1584,24.0,24.0,24.0,24.0,24.0,1584,0.0,0.0,0.0,0.0,0.0,1584,3.0,8.0,4.201388888888889,4.0,5.0,1584,0.0,0.0,0.0,0.0,0.0,0,0.0,0.0,0.0,0.0,0.0,0,1.0,1.0,1.0,1.0,1.0,552,0.9999999999999996,1.0000000000000002,1.0,1.0,1.0000000000000002,552,1.0,1.3333333333333333,1.0080918296921642,1.0,1.0714285714285714,552,0.9999999999999996,1.0000000000000002,1.0,1.0,1.0000000000000002,552,552.0,0.0,0.0,0.0,552.0,552.0,0.0,0.0,0.0,0.0,0.0,0.0,1.0,0.0,0.0,1584.0,3146.0,1584.0,2509056.0,16878.28158773482,0.0,0.0,0.0,0.0,0.0,0.0,0.0,0.0,0.0,0.0,0.0,0.0,0.0,0.0,0.0,0.0,21889.02399688959
18,1080000000000,1584.0,1584.0,1584.0,1584.0,1584.0,1584,24.0,24.0,24.0,24.0,24.0,1584,0.0,0.0,0.0,0.0,0.0,1584,3.0,8.0,4.205176767676767,4.0,5.0,1584,0.0,0.0,0.0,0.0,0.0,0,0.0,0.0,0.0,0.0,0.0,0,1.0,1.0,1.0,1.0,1.0,552,0.9999999999999998,1.0000000000000002,1.0,1.0,1.0000000000000002,552,1.0,1.2857142857142858,1.0048228906403072,1.0,1.0338505747126436,552,0.9999999999999998,1.0000000000000002,1.0,1.0,1.0000000000000002,552,552.0,0.0,0.0,0.0,552.0,552.0,0.0,0.0,0.0,0.0,0.0,0.0,1.0,0.0,0.0,1584.0,3146.0,1584.0,2509056.0,17329.970825463533,0.0,0.0,0.0,0.0,0.0,0.0,0.0,0.0,0.0,0.0,0.0,0.0,0.0,0.0,0.0,0.0,22554.312290623784
19,1140000000000,1584.0,1584.0,1584.0,1584.0,1584.0,1584,24.0,24.0,24.0,24.0,24.0,1584,0.0,0.0,0.0,0.0,0.0,1584,3.0,8.0,4.201388888888889,4.0,5.0,1584,0.0,0.0,0.0,0.0,0.0,0,0.0,0.0,0.0,0.0,0.0,0,1.0,1.0,1.0,1.0,1.0,552,0.9999999999999997,1.0000000000000002,1.0,1.0,1.0000000000000002,552,1.0,1.3333333333333333,1.00657206322625,1.0,1.0511842105263156,552,0.9999999999999997,1.0000000000000002,1.0,1.0,1.0000000000000002,552,552.0,0.0,0.0,0.0,552.0,552.0,0.0,0.0,0.0,0.0,0.0,0.0,1.0,0.0,0.0,1584.0,3146.0,1584.0,2509056.0,16355.268059298396,0.0,0.0,0.0,0.0,0.0,0.0,0.0,0.0,0.0,0.0,0.0,0.0,0.0,0.0,0.0,0.0,21053.527265787125
20,1200000000000,1584.0,1584.0,1584.0,1584.0,1584.0,1584,24.0,24.0,24.0,24.0,24.0,1584,0.0,0.0,0.0,0.0,0.0,1584,3.0,8.0,4.198863636363637,4.0,5.0,1584,0.0,0.0,0.0,0.0,0.0,0,0.0,0.0,0.0,0.0,0.0,0,1.0,1.0,1.0,1.0,1.0,552,0.9999999999999996,1.0000000000000002,1.0,1.0,1.0000000000000002,552,1.0,1.3333333333333333,1.0074643530335463,1.0,1.0511842105263156,552,0.9999999999999996,1.0000000000000002,1.0,1.0,1.0000000000000002,552,552.0,0.0,0.0,0.0,552.0,552.0,0.0,0.0,0.0,0.0,0.0,0.0,1.0,0.0,0.0,1584.0,3146.0,1584.0,2509056.0,16410.913759842515,0.0,0.0,0.0,0.0,0.0,0.0,0.0,0.0,0.0,0.0,0.0,0.0,0.0,0.0,0.0,0.0,20707.300623878837
21,1260000000000,1584.0,1584.0,1584.0,1584.0,1584.0,1584,24.0,24.0,24.0,24.0,24.0,1584,0.0,0.0,0.0,0.0,0.0,1584,3.0,8.0,4.200126262626263,4.0,5.0,1584,0.0,0.0,0.0,0.0,0.0,0,0.0,0.0,0.0,0.0,0.0,0,1.0,1.0,1.0,1.0,1.0,552,0.9999999999999997,1.0000000000000002,1.0,1.0,1.0000000000000002,552,1.0,1.3076923076923077,1.0049780607692003,1.0,1.0,552,0.9999999999999997,1.0000000000000002,1.0,1.0,1.0000000000000002,552,552.0,0.0,0.0,0.0,552.0,552.0,0.0,0.0,0.0,0.0,0.0,0.0,1.0,0.0,0.0,1584.0,3146.0,1584.0,2509056.0,16978.33796776831,0.0,0.0,0.0,0.0,0.0,0.0,0.0,0.0,0.0,0.0,0.0,0.0,0.0,0.0,0.0,0.0,21471.82826511562
22,1320000000000,1584.0,1584.0,1584.0,1584.0,1584.0,1584,24.0,24.0,24.0,24.0,24.0,1584,0.0,0.0,0.0,0.0,0.0,1584,3.0,8.0,4.209595959595959,4.0,5.0,1584,0.0,0.0,0.0,0.0,0.0,0,0.0,0.0,0.0,0.0,0.0,0,1.0,1.0,1.0,1.0,1.0,552,0.9999999999999997,1.0000000000000004,1.0,1.0,1.0000000000000002,552,1.0,1.3333333333333333,1.006580131105979,1.0,1.0588235294117647,552,0.9999999999999997,1.0000000000000004,1.0,1.0,1.0000000000000002,552,552.0,0.0,0.0,0.0,552.0,552.0,0.0,0.0,0.0,0.0,0.0,0.0,1.0,0.0,0.0,1584.0,3146.0,1584.0,2509056.0,17511.242313310504,0.0,0.0,0.0,0.0,0.0,0.0,0.0,0.0,0.0,0.0,0.0,0.0,0.0,0.0,0.0,0.0,23008.48913192749
23,1380000000000,1584.0,1584.0,1584.0,1584.0,1584.0,1584,24.0,24.0,24.0,24.0,24.0,1584,0.0,0.0,0.0,0.0,0.0,1584,3.0,8.0,4.202020202020202,4.0,5.0,1584,0.0,0.0,0.0,0.0,0.0,0,0.0,0.0,0.0,0.0,0.0,0,1.0,1.0,1.0,1.0,1.0,552,0.9999999999999998,1.0000000000000004,1.0,1.0,1.0000000000000002,552,1.0,1.2857142857142858,1.005696215641117,1.0,1.0464285714285713,552,0.9999999999999998,1.0000000000000004,1.0,1.0,1.0000000000000002,552,552.0,0.0,0.0,0.0,552.0,552.0,0.0,0.0,0.0,0.0,0.0,0.0,1.0,0.0,0.0,1584.0,3146.0,1584.0,2509056.0,17713.28698657453,0.0,0.0,0.0,0.0,0.0,0.0,0.0,0.0,0.0,0.0,0.0,0.0,0.0,0.0,0.0,0.0,21664.39164802432
24,1440000000000,1584.0,1584.0,1584.0,1584.0,1584.0,1584,24.0,24.0,24.0,24.0,24.0,1584,0.0,0.0,0.0,0.0,0.0,1584,3.0,8.0,4.2102272727272725,4.0,5.0,1584,0.0,0.0,0.0,0.0,0.0,0,0.0,0.0,0.0,0.0,0.0,0,1.0,1.0,1.0,1.0,1.0,552,0.9999999999999997,1.0000000000000002,1.0,1.0,1.0000000000000002,552,1.0,1.2857142857142858,1.0069191616045834,1.0,1.0476190476190477,552,0.9999999999999997,1.0000000000000002,1.0,1.0,1.0000000000000002,552,552.0,0.0,0.0,0.0,552.0,552.0,0.0,0.0,0.0,0.0,0.0,0.0,1.0,0.0,0.0,1584.0,3146.0,1584.0,2509056.0,18774.554304778576,0.0,0.0,0.0,0.0,0.0,0.0,0.0,0.0,0.0,0.0,0.0,0.0,0.0,0.0,0.0,0.0,23233.923649415374
25,1500000000000,1584.0,1584.0,1584.0,1584.0,1584.0,1584,24.0,24.0,24.0,24.0,24.0,1584,0.0,0.0,0.0,0.0,0.0,1584,3.0,8.0,4.196969696969697,4.0,5.0,1584,0.0,0.0,0.0,0.0,0.0,0,0.0,0.0,0.0,0.0,0.0,0,1.0,1.0,1.0,1.0,1.0,552,0.9999999999999997,1.0000000000000002,1.0,1.0,1.0000000000000002,552,1.0,1.3333333333333333,1.0062881843400275,1.0,1.0383703703703702,552,0.9999999999999997,1.0000000000000002,1.0,1.0,1.0000000000000002,552,552.0,0.0,0.0,0.0,552.0,552.0,0.0,0.0,0.0,0.0,0.0,0.0,1.0,0.0,0.0,1584.0,3146.0,1584.0,2509056.0,21225.590148940682,0.0,0.0,0.0,0.0,0.0,0.0,0.0,0.0,0.0,0.0,0.0,0.0,0.0,0.0,0.0,0.0,26117.606243118644
26,1560000000000,1584.0,1584.0,1584.0,1584.0,1584.0,1584,24.0,24.0,24.0,24.0,24.0,1584,0.0,0.0,0.0,0.0,0.0,1584,3.0,8.0,4.204545454545454,4.0,5.0,1584,0.0,0.0,0.0,0.0,0.0,0,0.0,0.0,0.0,0.0,0.0,0,1.0,1.0,1.0,1.0,1.0,552,0.9999999999999997,1.0000000000000002,1.0,1.0,1.0000000000000002,552,1.0,1.3333333333333333,1.007868091118854,1.0,1.0604779411764704,552,0.9999999999999997,1.0000000000000002,1.0,1.0,1.0000000000000002,552,552.0,0.0,0.0,0.0,552.0,552.0,0.0,0.0,0.0,0.0,0.0,0.0,1.0,0.0,0.0,1584.0,3146.0,1584.0,2509056.0,18842.04408712685,0.0,0.0,0.0,0.0,0.0,0.0,0.0,0.0,0.0,0.0,0.0,0.0,0.0,0.0,0.0,0.0,21281.19372576475
27,1620000000000,1584.0,1584.0,1584.0,1584.0,1584.0,1584,24.0,24.0,24.0,24.0,24.0,1584,0.0,0.0,0.0,0.0,0.0,1584,3.0,8.0,4.210858585858586,4.0,5.0,1584,0.0,0.0,0.0,0.0,0.0,0,0.0,0.0,0.0,0.0,0.0,0,1.0,1.0,1.0,1.0,1.0,552,0.9999999999999996,1.0000000000000004,1.0,1.0,1.0000000000000002,552,1.0,1.3571428571428572,1.0047448166367265,1.0,1.0281349206349204,552,0.9999999999999996,1.0000000000000004,1.0,1.0,1.0000000000000002,552,552.0,0.0,0.0,0.0,552.0,552.0,0.0,0.0,0.0,0.0,0.0,0.0,1.0,0.0,0.0,1584.0,3146.0,1584.0,2509056.0,19624.769555404782,0.0,0.0,0.0,0.0,0.0,0.0,0.0,0.0,0.0,0.0,0.0,0.0,0.0,0.0,0.0,0.0,22125.529119744897
28,1680000000000,1584.0,1584.0,1584.0,1584.0,1584.0,1584,24.0,24.0,24.0,24.0,24.0,1584,0.0,0.0,0.0,0.0,0.0,1584,3.0,8.0,4.208333333333333,4.0,5.0,1584,0.0,0.0,0.0,0.0,0.0,0,0.0,0.0,0.0,0.0,0.0,0,1.0,1.0,1.0,1.0,1.0,552,0.9999999999999996,1.0000000000000002,1.0,1.0,1.0000000000000002,552,1.0,1.3333333333333333,1.0083509280023268,1.0,1.0625,552,0.9999999999999996,1.0000000000000002,1.0,1.0,1.0000000000000002,552,552.0,0.0,0.0,0.0,552.0,552.0,0.0,0.0,0.0,0.0,0.0,0.0,1.0,0.0,0.0,1584.0,3146.0,1584.0,2509056.0,19681.872656568885,0.0,0.0,0.0,0.0,0.0,0.0,0.0,0.0,0.0,0.0,0.0,0.0,0.0,0.0,0.0,0.0,22221.452452242374
29,1740000000000,1584.0,1584.0,1584.0,1584.0,1584.0,1584,24.0,24.0,24.0,24.0,24.0,1584,0.0,0.0,0.0,0.0,0.0,1584,3.0,8.0,4.19949494949495,4.0,5.0,1584,0.0,0.0,0.0,0.0,0.0,0,0.0,0.0,0.0,0.0,0.0,0,1.0,1.0,1.0,1.0,1.0,552,0.9999999999999997,1.0000000000000004,1.0,1.0,1.0000000000000002,552,1.0,1.3333333333333333,1.0043223865065043,1.0,1.0,552,0.9999999999999997,1.0000000000000004,1.0,1.0,1.0000000000000002,552,552.0,0.0,0.0,0.0,552.0,552.0,0.0,0.0,0.0,0.0,0.0,0.0,1.0,0.0,0.0,1584.0,3146.0,1584.0,2509056.0,19260.182540863752,0.0,0.0,0.0,0.0,0.0,0.0,0.0,0.0,0.0,0.0,0.0,0.0,0.0,0.0,0.0,0.0,21807.12536163628
30,1800000000000,1584.0,1584.0,1584.0,1584.0,1584.0,1584,24.0,24.0,24.0,24.0,24.0,1584,0.0,0.0,0.0,0.0,0.0,1584,3.0,8.0,4.200757575757576,4.0,5.0,1584,0.0,0.0,0.0,0.0,0.0,0,0.0,0.0,0.0,0.0,0.0,0,1.0,1.0,1.0,1.0,1.0,552,0.9999999999999997,1.0000000000000004,1.0,1.0,1.0000000000000002,552,1.0,1.3333333333333333,1.0069806867560158,1.0,1.045341614906832,552,0.9999999999999997,1.0000000000000004,1.0,1.0,1.0000000000000002,552,552.0,0.0,0.0,0.0,552.0,552.0,0.0,0.0,0.0,0.0,0.0,0.0,1.0,0.0,0.0,1584.0,3146.0,1584.0,2509056.0,18676.642002537847,0.0,0.0,0.0,0.0,0.0,0.0,0.0,0.0,0.0,0.0,0.0,0.0,0.0,0.0,0.0,0.0,21212.482592090964
31,1860000000000,1584.0,1584.0,1584.0,1584.0,1584.0,1584,24.0,24.0,24.0,24.0,24.0,1584,0.0,0.0,0.0,0.0,0.0,1584,3.0,8.0,4.201388888888889,4.0,5.0,1584,0.0,0.0,0.0,0.0,0.0,0,0.0,0.0,0.0,0.0,0.0,0,1.0,1.0,1.0,1.0,1.0,552,0.9999999999999997,1.0000000000000002,1.0,1.0,1.0000000000000002,552,1.0,1.3571428571428572,1.0072033587190317,1.0,1.0539473684210525,552,0.9999999999999997,1.0000000000000002,1.0,1.0,1.0000000000000002,552,552.0,0.0,0.0,0.0,552.0,552.0,0.0,0.0,0.0,0.0,0.0,0.0,1.0,0.0,0.0,1584.0,3146.0,1584.0,2509056.0,16229.886500164866,0.0,0.0,0.0,0.0,0.0,0.0,0.0,0.0,0.0,0.0,0.0,0.0,0.0,0.0,0.0,0.0,18709.131091833115
32,1920000000000,1584.0,1584.0,1584.0,1584.0,1584.0,1584,24.0,24.0,24.0,24.0,24.0,1584,0.0,0.0,0.0,0.0,0.0,1584,3.0,8.0,4.200126262626263,4.0,5.0,1584,0.0,0.0,0.0,0.0,0.0,0,0.0,0.0,0.0,0.0,0.0,0,1.0,1.0,1.0,1.0,1.0,552,0.9999999999999997,1.0000000000000002,1.0,1.0,1.0000000000000002,552,1.0,1.3333333333333333,1.0070444967049692,1.0,1.0604779411764704,552,0.9999999999999997,1.0000000000000002,1.0,1.0,1.0000000000000002,552,552.0,0.0,0.0,0.0,552.0,552.0,0.0,0.0,0.0,0.0,0.0,0.0,1.0,0.0,0.0,1584.0,3146.0,1584.0,2509056.0,19065.133711323142,0.0,0.0,0.0,0.0,0.0,0.0,0.0,0.0,0.0,0.0,0.0,0.0,0.0,0.0,0.0,0.0,21538.790272548795
33,1980000000000,1584.0,1584.0,1584.0,1584.0,1584.0,1584,24.0,24.0,24.0,24.0,24.0,1584,0.0,0.0,0.0,0.0,0.0,1584,3.0,8.0,4.208964646464646,4.0,5.0,1584,0.0,0.0,0.0,0.0,0.0,0,0.0,0.0,0.0,0.0,0.0,0,1.0,1.0,1.0,1.0,1.0,552,0.9999999999999998,1.0000000000000002,1.0,1.0,1.0000000000000002,552,1.0,1.2857142857142858,1.0056345752643907,1.0,1.0464285714285713,552,0.9999999999999998,1.0000000000000002,1.0,1.0,1.0000000000000002,552,552.0,0.0,0.0,0.0,552.0,552.0,0.0,0.0,0.0,0.0,0.0,0.0,1.0,0.0,0.0,1584.0,3146.0,1584.0,2509056.0,17394.749922677875,0.0,0.0,0.0,0.0,0.0,0.0,0.0,0.0,0.0,0.0,0.0,0.0,0.0,0.0,0.0,0.0,19942.414397373796
34,2040000000000,1584.0,1584.0,1584.0,1584.0,1584.0,1584,24.0,24.0,24.0,24.0,24.0,1584,0.0,0.0,0.0,0.0,0.0,1584,3.0,8.0,4.200126262626263,4.0,5.0,1584,0.0,0.0,0.0,0.0,0.0,0,0.0,0.0,0.0,0.0,0.0,0,1.0,1.0,1.0,1.0,1.0,552,0.9999999999999996,1.0000000000000002,1.0,1.0,1.0000000000000002,552,1.0,1.3333333333333333,1.005456726730874,1.0,1.0,552,0.9999999999999996,1.0000000000000002,1.0,1.0,1.0000000000000002,552,552.0,0.0,0.0,0.0,552.0,552.0,0.0,0.0,0.0,0.0,0.0,0.0,1.0,0.0,0.0,1584.0,3146.0,1584.0,2509056.0,17597.192337736487,0.0,0.0,0.0,0.0,0.0,0.0,0.0,0.0,0.0,0.0,0.0,0.0,0.0,0.0,0.0,0.0,20114.00669068098
35,2100000000000,1584.0,1584.0,1584.0,1584.0,1584.0,1584,24.0,24.0,24.0,24.0,24.0,1584,0.0,0.0,0.0,0.0,0.0,1584,3.0,8.0,4.1982323232323235,4.0,5.0,1584,0.0,0.0,0.0,0.0,0.0,0,0.0,0.0,0.0,0.0,0.0,0,1.0,1.0,1.0,1.0,1.0,552,0.9999999999999997,1.0000000000000002,1.0,1.0,1.0000000000000002,552,1.0,1.3076923076923077,1.005358366414122,1.0,1.032741935483871,552,0.9999999999999997,1.0000000000000002,1.0,1.0,1.0000000000000002,552,552.0,0.0,0.0,0.0,552.0,552.0,0.0,0.0,0.0,0.0,0.0,0.0,1.0,0.0,0.0,1584.0,3146.0,1584.0,2509056.0,16104.836782440543,0.0,0.0,0.0,0.0,0.0,0.0,0.0,0.0,0.0,0.0,0.0,0.0,0.0,0.0,0.0,0.0,18511.09185628593
36,2160000000000,1584.0,1584.0,1584.0,1584.0,1584.0,1584,24.0,24.0,24.0,24.0,24.0,1584,0.0,0.0,0.0,0.0,0.0,1584,3.0,8.0,4.208333333333333,4.0,5.0,1584,0.0,0.0,0.0,0.0,0.0,0,0.0,0.0,0.0,0.0,0.0,0,1.0,1.0,1.0,1.0,1.0,552,0.9999999999999997,1.0000000000000004,1.0,1.0,1.0000000000000002,552,1.0,1.3333333333333333,1.0069439162222196,1.0,1.0511842105263156,552,0.9999999999999997,1.0000000000000004,1.0,1.0,1.0000000000000002,552,552.0,0.0,0.0,0.0,552.0,552.0,0.0,0.0,0.0,0.0,0.0,0.0,1.0,0.0,0.0,1584.0,3146.0,1584.0,2509056.0,17800.667144358158,0.0,0.0,0.0,0.0,0.0,0.0,0.0,0.0,0.0,0.0,0.0,0.0,0.0,0.0,0.0,0.0,20306.94181472063
37,2220000000000,1584.0,1584.0,1584.0,1584.0,1584.0,1584,24.0,24.0,24.0,24.0,24.0,1584,0.0,0.0,0.0,0.0,0.0,1584,3.0,8.0,4.2102272727272725,4.0,5.0,1584,0.0,0.0,0.0,0.0,0.0,0,0.0,0.0,0.0,0.0,0.0,0,1.0,1.0,1.0,1.0,1.0,552,0.9999999999999997,1.0000000000000004,1.0,1.0,1.0000000000000002,552,1.0,1.3333333333333333,1.0075876547985272,1.0,1.0604779411764704,552,0.9999999999999997,1.0000000000000004,1.0,1.0,1.0000000000000002,552,552.0,0.0,0.0,0.0,552.0,552.0,0.0,0.0,0.0,0.0,0.0,0.0,1.0,0.0,0.0,1584.0,3146.0,1584.0,2509056.0,17635.12685894966,0.0,0.0,0.0,0.0,0.0,0.0,0.0,0.0,0.0,0.0,0.0,0.0,0.0,0.0,0.0,0.0,20089.61319923401
38,2280000000000,1584.0,1584.0,1584.0,1584.0,1584.0,1584,24.0,24.0,24.0,24.0,24.0,1584,0.0,0.0,0.0,0.0,0.0,1584,3.0,8.0,4.202020202020202,4.0,5.0,1584,0.0,0.0,0.0,0.0,0.0,0,0.0,0.0,0.0,0.0,0.0,0,1.0,1.0,1.0,1.0,1.0,552,0.9999999999999997,1.0000000000000004,1.0,1.0,1.0000000000000002,552,1.0,1.3333333333333333,1.0034676341923454,1.0,1.0,552,0.9999999999999997,1.0000000000000004,1.0,1.0,1.0000000000000002,552,552.0,0.0,0.0,0.0,552.0,552.0,0.0,0.0,0.0,0.0,0.0,0.0,1.0,0.0,0.0,1584.0,3146.0,1584.0,2509056.0,19023.38827587664,0.0,0.0,0.0,0.0,0.0,0.0,0.0,0.0,0.0,0.0,0.0,0.0,0.0,0.0,0.0,0.0,21562.62742355466
39,2340000000000,1584.0,1584.0,1584.0,1584.0,1584.0,1584,24.0,24.0,24.0,24.0,24.0,1584,0.0,0.0,0.0,0.0,0.0,1584,3.0,8.0,4.208964646464646,4.0,5.0,1584,0.0,0.0,0.0,0.0,0.0,0,0.0,0.0,0.0,0.0,0.0,0,1.0,1.0,1.0,1.0,1.0,552,0.9999999999999997,1.0000000000000002,1.0,1.0,1.0000000000000002,552,1.0,1.3333333333333333,1.0050007084187345,1.0,1.0,552,0.9999999999999997,1.0000000000000002,1.0,1.0,1.0000000000000002,552,552.0,0.0,0.0,0.0,552.0,552.0,0.0,0.0,0.0,0.0,0.0,0.0,1.0,0.0,0.0,1584.0,3146.0,1584.0,2509056.0,15601.498549804091,0.0,0.0,0.0,0.0,0.0,0.0,0.0,0.0,0.0,0.0,0.0,0.0,0.0,0.0,0.0,0.0,18089.23587948084
40,2400000000000,1584.0,1584.0,1584.0,1584.0,1584.0,1584,24.0,24.0,24.0,24.0,24.0,1584,0.0,0.0,0.0,0.0,0.0,1584,3.0,8.0,4.19949494949495,4.0,5.0,1584,0.0,0.0,0.0,0.0,0.0,0,0.0,0.0,0.0,0.0,0.0,0,1.0,1.0,1.0,1.0,1.0,552,0.9999999999999998,1.0000000000000002,1.0,1.0,1.0000000000000002,552,1.0,1.25,1.0055634117102834,1.0,1.0362732095490714,552,0.9999999999999998,1.0000000000000002,1.0,1.0,1.0000000000000002,552,552.0,0.0,0.0,0.0,552.0,552.0,0.0,0.0,0.0,0.0,0.0,0.0,1.0,0.0,0.0,1584.0,3146.0,1584.0,2509056.0,16654.881028458476,0.0,0.0,0.0,0.0,0.0,0.0,0.0,0.0,0.0,0.0,0.0,0.0,0.0,0.0,0.0,0.0,19083.503108471632
41,2460000000000,1584.0,1584.0,1584.0,1584.0,1584.0,1584,24.0,24.0,24.0,24.0,24.0,1584,0.0,0.0,0.0,0.0,0.0,1584,3.0,8.0,4.202651515151516,4.0,5.0,1584,0.0,0.0,0.0,0.0,0.0,0,0.0,0.0,0.0,0.0,0.0,0,1.0,1.0,1.0,1.0,1.0,552,0.9999999999999998,1.0000000000000002,1.0,1.0,1.0000000000000002,552,1.0,1.3333333333333333,1.0061325556613026,1.0,1.0555555555555556,552,0.9999999999999998,1.0000000000000002,1.0,1.0,1.0000000000000002,552,552.0,0.0,0.0,0.0,552.0,552.0,0.0,0.0,0.0,0.0,0.0,0.0,1.0,0.0,0.0,1584.0,3146.0,1584.0,2509056.0,15796.278046444058,0.0,0.0,0.0,0.0,0.0,0.0,0.0,0.0,0.0,0.0,0.0,0.0,0.0,0.0,0.0,0.0,18252.87512689829
42,2520000000000,1584.0,1584.0,1584.0,1584.0,1584.0,1584,24.0,24.0,24.0,24.0,24.0,1584,0.0,0.0,0.0,0.0,0.0,1584,3.0,8.0,4.208964646464646,4.0,5.0,1584,0.0,0.0,0.0,0.0,0.0,0,0.0,0.0,0.0,0.0,0.0,0,1.0,1.0,1.0,1.0,1.0,552,0.9999999999999998,1.0000000000000004,1.0,1.0,1.0000000000000002,552,1.0,1.2857142857142858,1.004852588424961,1.0,1.0383703703703702,552,0.9999999999999998,1.0000000000000004,1.0,1.0,1.0000000000000002,552,552.0,0.0,0.0,0.0,552.0,552.0,0.0,0.0,0.0,0.0,0.0,0.0,1.0,0.0,0.0,1584.0,3146.0,1584.0,2509056.0,16522.091280668974,0.0,0.0,0.0,0.0,0.0,0.0,0.0,0.0,0.0,0.0,0.0,0.0,0.0,0.0,0.0,0.0,19023.24542030692
43,2580000000000,1584.0,1584.0,1584.0,1584.0,1584.0,1584,24.0,24.0,24.0,24.0,24.0,1584,0.0,0.0,0.0,0.0,0.0,1584,3.0,8.0,4.20580808080808,4.0,5.0,1584,0.0,0.0,0.0,0.0,0.0,0,0.0,0.0,0.0,0.0,0.0,0,1.0,1.0,1.0,1.0,1.0,552,0.9999999999999997,1.0000000000000004,1.0,1.0,1.0000000000000002,552,1.0,1.3333333333333333,1.0081788078447047,1.0,1.0526315789473684,552,0.9999999999999997,1.0000000000000004,1.0,1.0,1.0000000000000002,552,552.0,0.0,0.0,0.0,552.0,552.0,0.0,0.0,0.0,0.0,0.0,0.0,1.0,0.0,0.0,1584.0,3146.0,1584.0,2509056.0,14521.378494799137,0.0,0.0,0.0,0.0,0.0,0.0,0.0,0.0,0.0,0.0,0.0,0.0,0.0,0.0,0.0,0.0,17047.057293355465
44,2640000000000,1584.0,1584.0,1584.0,1584.0,1584.0,1584,24.0,24.0,24.0,24.0,24.0,1584,0.0,0.0,0.0,0.0,0.0,1584,3.0,8.0,4.19949494949495,4.0,5.0,1584,0.0,0.0,0.0,0.0,0.0,0,0.0,0.0,0.0,0.0,0.0,0,1.0,1.0,1.0,1.0,1.0,552,0.9999999999999997,1.0000000000000004,1.0,1.0,1.0000000000000002,552,1.0,1.3076923076923077,1.0047575506610769,1.0,1.0,552,0.9999999999999997,1.0000000000000004,1.0,1.0,1.0000000000000002,552,552.0,0.0,0.0,0.0,552.0,552.0,0.0,0.0,0.0,0.0,0.0,0.0,1.0,0.0,0.0,1584.0,3146.0,1584.0,2509056.0,16754.324849694967,0.0,0.0,0.0,0.0,0.0,0.0,0.0,0.0,0.0,0.0,0.0,0.0,0.0,0.0,0.0,0.0,19192.01797246933
45,2700000000000,1584.0,1584.0,1584.0,1584.0,1584.0,1584,24.0,24.0,24.0,24.0,24.0,1584,0.0,0.0,0.0,0.0,0.0,1584,3.0,8.0,4.200757575757576,4.0,5.0,1584,0.0,0.0,0.0,0.0,0.0,0,0.0,0.0,0.0,0.0,0.0,0,1.0,1.0,1.0,1.0,1.0,552,0.9999999999999997,1.0000000000000002,1.0,1.0,1.0000000000000002,552,1.0,1.3333333333333333,1.0077156777043994,1.0,1.0526315789473684,552,0.9999999999999997,1.0000000000000002,1.0,1.0,1.0000000000000002,552,552.0,0.0,0.0,0.0,552.0,552.0,0.0,0.0,0.0,0.0,0.0,0.0,1.0,0.0,0.0,1584.0,3146.0,1584.0,2509056.0,15985.234102234244,0.0,0.0,0.0,0.0,0.0,0.0,0.0,0.0,0.0,0.0,0.0,0.0,0.0,0.0,0.0,0.0,18467.35834889114
46,2760000000000,1584.0,1584.0,1584.0,1584.0,1584.0,1584,24.0,24.0,24.0,24.0,24.0,1584,0.0,0.0,0.0,0.0,0.0,1584,3.0,8.0,4.200126262626263,4.0,5.0,1584,0.0,0.0,0.0,0.0,0.0,0,0.0,0.0,0.0,0.0,0.0,0,1.0,1.0,1.0,1.0,1.0,552,0.9999999999999998,1.0000000000000002,1.0,1.0,1.0,552,1.0,1.3333333333333333,1.0079980073991421,1.0,1.0666666666666667,552,0.9999999999999998,1.0000000000000002,1.0,1.0,1.0,552,552.0,0.0,0.0,0.0,552.0,552.0,0.0,0.0,0.0,0.0,0.0,0.0,1.0,0.0,0.0,1584.0,3146.0,1584.0,2509056.0,17281.93555213511,0.0,0.0,0.0,0.0,0.0,0.0,0.0,0.0,0.0,0.0,0.0,0.0,0.0,0.0,0.0,0.0,19713.554076850414
47,2820000000000,1584.0,1584.0,1584.0,1584.0,1584.0,1584,24.0,24.0,24.0,24.0,24.0,1584,0.0,0.0,0.0,0.0,0.0,1584,3.0,8.0,4.203914141414141,4.0,5.0,1584,0.0,0.0,0.0,0.0,0.0,0,0.0,0.0,0.0,0.0,0.0,0,1.0,1.0,1.0,1.0,1.0,552,0.9999999999999997,1.0000000000000004,1.0,1.0,1.0000000000000002,552,1.0,1.3333333333333333,1.0070347762427814,1.0,1.0539473684210525,552,0.9999999999999997,1.0000000000000004,1.0,1.0,1.0000000000000002,552,552.0,0.0,0.0,0.0,552.0,552.0,0.0,0.0,0.0,0.0,0.0,0.0,1.0,0.0,0.0,1584.0,3146.0,1584.0,2509056.0,15342.160509899259,0.0,0.0,0.0,0.0,0.0,0.0,0.0,0.0,0.0,0.0,0.0,0.0,0.0,0.0,0.0,0.0,17784.289760515094
48,2880000000000,1584.0,1584.0,1584.0,1584.0,1584.0,1584,24.0,24.0,24.0,24.0,24.0,1584,0.0,0.0,0.0,0.0,0.0,1584,3.0,8.0,4.208333333333333,4.0,5.0,1584,0.0,0.0,0.0,0.0,0.0,0,0.0,0.0,0.0,0.0,0.0,0,1.0,1.0,1.0,1.0,1.0,552,0.9999999999999997,1.0000000000000002,1.0,1.0,1.0000000000000002,552,1.0,1.3333333333333333,1.0066499615736846,1.0,1.04,552,0.9999999999999997,1.0000000000000002,1.0,1.0,1.0000000000000002,552,552.0,0.0,0.0,0.0,552.0,552.0,0.0,0.0,0.0,0.0,0.0,0.0,1.0,0.0,0.0,1584.0,3146.0,1584.0,2509056.0,16583.233267068863,0.0,0.0,0.0,0.0,0.0,0.0,0.0,0.0,0.0,0.0,0.0,0.0,0.0,0.0,0.0,0.0,19029.395235702395
49,2940000000000,1584.0,1584.0,1584.0,1584.0,1584.0,1584,24.0,24.0,24.0,24.0,24.0,1584,0.0,0.0,0.0,0.0,0.0,1584,3.0,8.0,4.200126262626263,4.0,5.0,1584,0.0,0.0,0.0,0.0,0.0,0,0.0,0.0,0.0,0.0,0.0,0,1.0,1.0,1.0,1.0,1.0,552,0.9999999999999997,1.0000000000000002,1.0,1.0,1.0000000000000002,552,1.0,1.2857142857142858,1.0070037265306988,1.0,1.0643749999999996,552,0.9999999999999997,1.0000000000000002,1.0,1.0,1.0000000000000002,552,552.0,0.0,0.0,0.0,552.0,552.0,0.0,0.0,0.0,0.0,0.0,0.0,1.0,0.0,0.0,1584.0,3146.0,1584.0,2509056.0,16177.51986719668,0.0,0.0,0.0,0.0,0.0,0.0,0.0,0.0,0.0,0.0,0.0,0.0,0.0,0.0,0.0,0.0,18603.016698732972
50,3000000000000,1584.0,1584.0,1584.0,1584.0,1584.0,1584,24.0,24.0,24.0,24.0,24.0,1584,0.0,0.0,0.0,0.0,0.0,1584,3.0,8.0,4.196969696969697,4.0,5.0,1584,0.0,0.0,0.0,0.0,0.0,0,0.0,0.0,0.0,0.0,0.0,0,1.0,1.0,1.0,1.0,1.0,552,0.9999999999999998,1.0000000000000004,1.0,1.0,1.0000000000000002,552,1.0,1.3333333333333333,1.0059762918453046,1.0,1.0476190476190477,552,0.9999999999999998,1.0000000000000004,1.0,1.0,1.0000000000000002,552,552.0,0.0,0.0,0.0,552.0,552.0,0.0,0.0,0.0,0.0,0.0,0.0,1.0,0.0,0.0,1584.0,3146.0,1584.0,2509056.0,17063.519621267915,0.0,0.0,0.0,0.0,0.0,0.0,0.0,0.0,0.0,0.0,0.0,0.0,0.0,0.0,0.0,0.0,19462.315063923597
51,3060000000000,1584.0,1584.0,1584.0,1584.0,1584.0,1584,24.0,24.0,24.0,24.0,24.0,1584,0.0,0.0,0.0,0.0,0.0,1584,3.0,8.0,4.209595959595959,4.0,5.0,1584,0.0,0.0,0.0,0.0,0.0,0,0.0,0.0,0.0,0.0,0.0,0,1.0,1.0,1.0,1.0,1.0,552,0.9999999999999996,1.0000000000000002,1.0,1.0,1.0000000000000002,552,1.0,1.1818181818181819,1.0039786712908088,1.0,1.0321025641025632,552,0.9999999999999996,1.0000000000000002,1.0,1.0,1.0000000000000002,552,552.0,0.0,0.0,0.0,552.0,552.0,0.0,0.0,0.0,0.0,0.0,0.0,1.0,0.0,0.0,1584.0,3146.0,1584.0,2509056.0,14854.956664144993,0.0,0.0,0.0,0.0,0.0,0.0,0.0,0.0,0.0,0.0,0.0,0.0,0.0,0.0,0.0,0.0,17331.863969564438
52,3120000000000,1584.0,1584.0,1584.0,1584.0,1584.0,1584,24.0,24.0,24.0,24.0,24.0,1584,0.0,0.0,0.0,0.0,0.0,1584,3.0,8.0,4.208964646464646,4.0,5.0,1584,0.0,0.0,0.0,0.0,0.0,0,0.0,0.0,0.0,0.0,0.0,0,1.0,1.0,1.0,1.0,1.0,552,0.9999999999999997,1.0000000000000002,1.0,1.0,1.0000000000000002,552,1.0,1.3333333333333333,1.00836397667057,1.0,1.06235294117647,552,0.9999999999999997,1.0000000000000002,1.0,1.0,1.0000000000000002,552,552.0,0.0,0.0,0.0,552.0,552.0,0.0,0.0,0.0,0.0,0.0,0.0,1.0,0.0,0.0,1584.0,3146.0,1584.0,2509056.0,16321.84362411499,0.0,0.0,0.0,0.0,0.0,0.0,0.0,0.0,0.0,0.0,0.0,0.0,0.0,0.0,0.0,0.0,18824.29876923561
53,3180000000000,1584.0,1584.0,1584.0,1584.0,1584.0,1584,24.0,24.0,24.0,24.0,24.0,1584,0.0,0.0,0.0,0.0,0.0,1584,3.0,8.0,4.202651515151516,4.0,5.0,1584,0.0,0.0,0.0,0.0,0.0,0,0.0,0.0,0.0,0.0,0.0,0,1.0,1.0,1.0,1.0,1.0,552,0.9999999999999997,1.0000000000000002,1.0,1.0,1.0000000000000002,552,1.0,1.2857142857142858,1.005181612626872,1.0,1.032741935483871,552,0.9999999999999997,1.0000000000000002,1.0,1.0,1.0000000000000002,552,552.0,0.0,0.0,0.0,552.0,552.0,0.0,0.0,0.0,0.0,0.0,0.0,1.0,0.0,0.0,1584.0,3146.0,1584.0,2509056.0,15813.069056719542,0.0,0.0,0.0,0.0,0.0,0.0,0.0,0.0,0.0,0.0,0.0,0.0,0.0,0.0,0.0,0.0,18242.906657978892
54,3240000000000,1584.0,1584.0,1584.0,1584.0,1584.0,1584,24.0,24.0,24.0,24.0,24.0,1584,0.0,0.0,0.0,0.0,0.0,1584,3.0,8.0,4.207070707070707,4.0,5.0,1584,0.0,0.0,0.0,0.0,0.0,0,0.0,0.0,0.0,0.0,0.0,0,1.0,1.0,1.0,1.0,1.0,552,0.9999999999999997,1.0000000000000004,1.0,1.0,1.0000000000000002,552,1.0,1.3571428571428572,1.006827357302385,1.0,1.0434782608695652,552,0.9999999999999997,1.0000000000000004,1.0,1.0,1.0000000000000002,552,552.0,0.0,0.0,0.0,552.0,552.0,0.0,0.0,0.0,0.0,0.0,0.0,1.0,0.0,0.0,1584.0,3146.0,1584.0,2509056.0,16451.623553410172,0.0,0.0,0.0,0.0,0.0,0.0,0.0,0.0,0.0,0.0,0.0,0.0,0.0,0.0,0.0,0.0,18931.39144591987
55,3300000000000,1584.0,1584.0,1584.0,1584.0,1584.0,1584,24.0,24.0,24.0,24.0,24.0,1584,0.0,0.0,0.0,0.0,0.0,1584,3.0,8.0,4.19760101010101,4.0,5.0,1584,0.0,0.0,0.0,0.0,0.0,0,0.0,0.0,0.0,0.0,0.0,0,1.0,1.0,1.0,1.0,1.0,552,0.9999999999999997,1.0000000000000002,1.0,1.0,1.0,552,1.0,1.3333333333333333,1.0055015046746902,1.0,1.0376428571428569,552,0.9999999999999997,1.0000000000000002,1.0,1.0,1.0,552,552.0,0.0,0.0,0.0,552.0,552.0,0.0,0.0,0.0,0.0,0.0,0.0,1.0,0.0,0.0,1584.0,3146.0,1584.0,2509056.0,14825.975516811013,0.0,0.0,0.0,0.0,0.0,0.0,0.0,0.0,0.0,0.0,0.0,0.0,0.0,0.0,0.0,0.0,17206.29826374352
56,3360000000000,1584.0,1584.0,1584.0,1584.0,1584.0,1584,24.0,24.0,24.0,24.0,24.0,1584,0.0,0.0,0.0,0.0,0.0,1584,3.0,8.0,4.19949494949495,4.0,5.0,1584,0.0,0.0,0.0,0.0,0.0,0,0.0,0.0,0.0,0.0,0.0,0,1.0,1.0,1.0,1.0,1.0,552,0.9999999999999998,1.0000000000000002,1.0,1.0,1.0000000000000002,552,1.0,1.1818181818181819,1.0077365951767991,1.0,1.0688095238095234,552,0.9999999999999998,1.0000000000000002,1.0,1.0,1.0000000000000002,552,552.0,0.0,0.0,0.0,552.0,552.0,0.0,0.0,0.0,0.0,0.0,0.0,1.0,0.0,0.0,1584.0,3146.0,1584.0,2509056.0,16554.915882647038,0.0,0.0,0.0,0.0,0.0,0.0,0.0,0.0,0.0,0.0,0.0,0.0,0.0,0.0,0.0,0.0,18969.601880759
57,3420000000000,1584.0,1584.0,1584.0,1584.0,1584.0,1584,24.0,24.0,24.0,24.0,24.0,1584,0.0,0.0,0.0,0.0,0.0,1584,3.0,8.0,4.208964646464646,4.0,5.0,1584,0.0,0.0,0.0,0.0,0.0,0,0.0,0.0,0.0,0.0,0.0,0,1.0,1.0,1.0,1.0,1.0,552,0.9999999999999996,1.0000000000000002,1.0,1.0,1.0000000000000002,552,1.0,1.3333333333333333,1.005790673388969,1.0,1.039153846153846,552,0.9999999999999996,1.0000000000000002,1.0,1.0,1.0000000000000002,552,552.0,0.0,0.0,0.0,552.0,552.0,0.0,0.0,0.0,0.0,0.0,0.0,1.0,0.0,0.0,1584.0,3146.0,1584.0,2509056.0,15491.881424561143,0.0,0.0,0.0,0.0,0.0,0.0,0.0,0.0,0.0,0.0,0.0,0.0,0.0,0.0,0.0,0.0,17985.62597669661
58,3480000000000,1584.0,1584.0,1584.0,1584.0,1584.0,1584,24.0,24.0,24.0,24.0,24.0,1584,0.0,0.0,0.0,0.0,0.0,1584,3.0,8.0,4.203282828282828,4.0,5.0,1584,0.0,0.0,0.0,0.0,0.0,0,0.0,0.0,0.0,0.0,0.0,0,1.0,1.0,1.0,1.0,1.0,552,0.9999999999999998,1.0000000000000002,1.0,1.0,1.0000000000000002,552,1.0,1.3333333333333333,1.0066625488370662,1.0,1.048690476190476,552,0.9999999999999998,1.0000000000000002,1.0,1.0,1.0000000000000002,552,552.0,0.0,0.0,0.0,552.0,552.0,0.0,0.0,0.0,0.0,0.0,0.0,1.0,0.0,0.0,1584.0,3146.0,1584.0,2509056.0,15768.172044306993,0.0,0.0,0.0,0.0,0.0,0.0,0.0,0.0,0.0,0.0,0.0,0.0,0.0,0.0,0.0,0.0,18242.128770798445
59,3540000000000,1584.0,1584.0,1584.0,1584.0,1584.0,1584,24.0,24.0,24.0,24.0,24.0,1584,0.0,0.0,0.0,0.0,0.0,1584,3.0,8.0,4.19949494949495,4.0,5.0,1584,0.0,0.0,0.0,0.0,0.0,0,0.0,0.0,0.0,0.0,0.0,0,1.0,1.0,1.0,1.0,1.0,552,0.9999999999999997,1.0000000000000002,1.0,1.0,1.0000000000000002,552,1.0,1.3333333333333333,1.0064262697711441,1.0,1.0476190476190477,552,0.9999999999999997,1.0000000000000002,1.0,1.0,1.0000000000000002,552,552.0,0.0,0.0,0.0,552.0,552.0,0.0,0.0,0.0,0.0,0.0,0.0,1.0,0.0,0.0,1584.0,3146.0,1584.0,2509056.0,15354.79742847383,0.0,0.0,0.0,0.0,0.0,0.0,0.0,0.0,0.0,0.0,0.0,0.0,0.0,0.0,0.0,0.0,17762.77063973248
60,3600000000000,1584.0,1584.0,1584.0,1584.0,1584.0,1584,24.0,24.0,24.0,24.0,24.0,1584,0.0,0.0,0.0,0.0,0.0,1584,3.0,8.0,4.204545454545454,4.0,5.0,1584,0.0,0.0,0.0,0.0,0.0,0,0.0,0.0,0.0,0.0,0.0,0,1.0,1.0,1.0,1.0,1.0,552,0.9999999999999997,1.0000000000000004,1.0,1.0,1.0000000000000002,552,1.0,1.3076923076923077,1.006086789028307,1.0,1.0434782608695652,552,0.9999999999999997,1.0000000000000004,1.0,1.0,1.0000000000000002,552,552.0,0.0,0.0,0.0,552.0,552.0,0.0,0.0,0.0,0.0,0.0,0.0,1.0,0.0,0.0,1584.0,3146.0,1584.0,2509056.0,16785.117832943797,0.0,0.0,0.0,0.0,0.0,0.0,0.0,0.0,0.0,0.0,0.0,0.0,0.0,0.0,0.0,0.0,19173.434678465128
61,3660000000000,1584.0,1584.0,1584.0,1584.0,1584.0,1584,24.0,24.0,24.0,24.0,24.0,1584,0.0,0.0,0.0,0.0,0.0,1584,3.0,8.0,4.205176767676767,4.0,5.0,1584,0.0,0.0,0.0,0.0,0.0,0,0.0,0.0,0.0,0.0,0.0,0,1.0,1.0,1.0,1.0,1.0,552,0.9999999999999998,1.0000000000000002,1.0,1.0,1.0000000000000002,552,1.0,1.3333333333333333,1.0073971927895293,1.0,1.0625,552,0.9999999999999998,1.0000000000000002,1.0,1.0,1.0000000000000002,552,552.0,0.0,0.0,0.0,552.0,552.0,0.0,0.0,0.0,0.0,0.0,0.0,1.0,0.0,0.0,1584.0,3146.0,1584.0,2509056.0,14901.2785628438,0.0,0.0,0.0,0.0,0.0,0.0,0.0,0.0,0.0,0.0,0.0,0.0,0.0,0.0,0.0,0.0,17352.07930393517
62,3720000000000,1584.0,1584.0,1584.0,1584.0,1584.0,1584,24.0,24.0,24.0,24.0,24.0,1584,0.0,0.0,0.0,0.0,0.0,1584,3.0,8.0,4.202020202020202,4.0,5.0,1584,0.0,0.0,0.0,0.0,0.0,0,0.0,0.0,0.0,0.0,0.0,0,1.0,1.0,1.0,1.0,1.0,552,0.9999999999999997,1.0000000000000002,1.0,1.0,1.0000000000000002,552,1.0,1.2857142857142858,1.0055917279412383,1.0,1.0399038461538461,552,0.9999999999999997,1.0000000000000002,1.0,1.0,1.0000000000000002,552,552.0,0.0,0.0,0.0,552.0,552.0,0.0,0.0,0.0,0.0,0.0,0.0,1.0,0.0,0.0,1584.0,3146.0,1584.0,2509056.0,16072.153858840466,0.0,0.0,0.0,0.0,0.0,0.0,0.0,0.0,0.0,0.0,0.0,0.0,0.0,0.0,0.0,0.0,18463.303869590163
63,3780000000000,1584.0,1584.0,1584.0,1584.0,1584.0,1584,24.0,24.0,24.0,24.0,24.0,1584,0.0,0.0,0.0,0.0,0.0,1584,3.0,8.0,4.208964646464646,4.0,5.0,1584,0.0,0.0,0.0,0.0,0.0,0,0.0,0.0,0.0,0.0,0.0,0,1.0,1.0,1.0,1.0,1.0,552,0.9999999999999998,1.0000000000000002,1.0,1.0,1.0000000000000002,552,1.0,1.3333333333333333,1.00813236183888,1.0,1.0604779411764704,552,0.9999999999999998,1.0000000000000002,1.0,1.0,1.0000000000000002,552,552.0,0.0,0.0,0.0,552.0,552.0,0.0,0.0,0.0,0.0,0.0,0.0,1.0,0.0,0.0,1584.0,3146.0,1584.0,2509056.0,16418.06948930025,0.0,0.0,0.0,0.0,0.0,0.0,0.0,0.0,0.0,0.0,0.0,0.0,0.0,0.0,0.0,0.0,18898.718535900116
64,3840000000000,1584.0,1584.0,1584.0,1584.0,1584.0,1584,24.0,24.0,24.0,24.0,24.0,1584,0.0,0.0,0.0,0.0,0.0,1584,3.0,8.0,4.198863636363637,4.0,5.0,1584,0.0,0.0,0.0,0.0,0.0,0,0.0,0.0,0.0,0.0,0.0,0,1.0,1.0,1.0,1.0,1.0,552,0.9999999999999997,1.0000000000000002,1.0,1.0,1.0000000000000002,552,1.0,1.3333333333333333,1.0060903817093236,1.0,1.05,552,0.9999999999999997,1.0000000000000002,1.0,1.0,1.0000000000000002,552,552.0,0.0,0.0,0.0,552.0,552.0,0.0,0.0,0.0,0.0,0.0,0.0,1.0,0.0,0.0,1584.0,3146.0,1584.0,2509056.0,16348.596215248108,0.0,0.0,0.0,0.0,0.0,0.0,0.0,0.0,0.0,0.0,0.0,0.0,0.0,0.0,0.0,0.0,18797.644020989537
65,3900000000000,1584.0,1584.0,1584.0,1584.0,1584.0,1584,24.0,24.0,24.0,24.0,24.0,1584,0.0,0.0,0.0,0.0,0.0,1584,3.0,8.0,4.203914141414141,4.0,5.0,1584,0.0,0.0,0.0,0.0,0.0,0,0.0,0.0,0.0,0.0,0.0,0,1.0,1.0,1.0,1.0,1.0,552,0.9999999999999997,1.0000000000000002,1.0,1.0,1.0000000000000002,552,1.0,1.3333333333333333,1.0073264442321817,1.0,1.0555555555555556,552,0.9999999999999997,1.0000000000000002,1.0,1.0,1.0000000000000002,552,552.0,0.0,0.0,0.0,552.0,552.0,0.0,0.0,0.0,0.0,0.0,0.0,1.0,0.0,0.0,1584.0,3146.0,1584.0,2509056.0,14549.747535958886,0.0,0.0,0.0,0.0,0.0,0.0,0.0,0.0,0.0,0.0,0.0,0.0,0.0,0.0,0.0,0.0,16999.550657346845
66,3960000000000,1584.0,1584.0,1584.0,1584.0,1584.0,1584,24.0,24.0,24.0,24.0,24.0,1584,0.0,0.0,0.0,0.0,0.0,1584,3.0,8.0,4.208333333333333,4.0,5.0,1584,0.0,0.0,0.0,0.0,0.0,0,0.0,0.0,0.0,0.0,0.0,0,1.0,1.0,1.0,1.0,1.0,552,0.9999999999999997,1.0000000000000002,1.0,1.0,1.0,552,1.0,1.3571428571428572,1.005700202477729,1.0,1.0338505747126436,552,0.9999999999999997,1.0000000000000002,1.0,1.0,1.0,552,552.0,0.0,0.0,0.0,552.0,552.0,0.0,0.0,0.0,0.0,0.0,0.0,1.0,0.0,0.0,1584.0,3146.0,1584.0,2509056.0,16716.339638456702,0.0,0.0,0.0,0.0,0.0,0.0,0.0,0.0,0.0,0.0,0.0,0.0,0.0,0.0,0.0,0.0,19208.147516474128
67,4020000000000,1584.0,1584.0,1584.0,1584.0,1584.0,1584,24.0,24.0,24.0,24.0,24.0,1584,0.0,0.0,0.0,0.0,0.0,1584,3.0,8.0,4.20770202020202,4.0,5.0,1584,0.0,0.0,0.0,0.0,0.0,0,0.0,0.0,0.0,0.0,0.0,0,1.0,1.0,1.0,1.0,1.0,552,0.9999999999999998,1.0000000000000002,1.0,1.0,1.0000000000000002,552,1.0,1.3333333333333333,1.006130391734521,1.0,1.0424818840579708,552,0.9999999999999998,1.0000000000000002,1.0,1.0,1.0000000000000002,552,552.0,0.0,0.0,0.0,552.0,552.0,0.0,0.0,0.0,0.0,0.0,0.0,1.0,0.0,0.0,1584.0,3146.0,1584.0,2509056.0,16457.025304436684,0.0,0.0,0.0,0.0,0.0,0.0,0.0,0.0,0.0,0.0,0.0,0.0,0.0,0.0,0.0,0.0,18876.758940517902
68,4080000000000,1584.0,1584.0,1584.0,1584.0,1584.0,1584,24.0,24.0,24.0,24.0,24.0,1584,0.0,0.0,0.0,0.0,0.0,1584,3.0,8.0,4.201388888888889,4.0,5.0,1584,0.0,0.0,0.0,0.0,0.0,0,0.0,0.0,0.0,0.0,0.0,0,1.0,1.0,1.0,1.0,1.0,552,0.9999999999999998,1.0000000000000004,1.0,1.0,1.0000000000000002,552,1.0,1.3333333333333333,1.004301533804689,1.0,1.0,552,0.9999999999999998,1.0000000000000004,1.0,1.0,1.0000000000000002,552,552.0,0.0,0.0,0.0,552.0,552.0,0.0,0.0,0.0,0.0,0.0,0.0,1.0,0.0,0.0,1584.0,3146.0,1584.0,2509056.0,17121.271889656782,0.0,0.0,0.0,0.0,0.0,0.0,0.0,0.0,0.0,0.0,0.0,0.0,0.0,0.0,0.0,0.0,19537.76604309678
69,4140000000000,1584.0,1584.0,1584.0,1584.0,1584.0,1584,24.0,24.0,24.0,24.0,24.0,1584,0.0,0.0,0.0,0.0,0.0,1584,3.0,8.0,4.201388888888889,4.0,5.0,1584,0.0,0.0,0.0,0.0,0.0,0,0.0,0.0,0.0,0.0,0.0,0,1.0,1.0,1.0,1.0,1.0,552,0.9999999999999997,1.0000000000000002,1.0,1.0,1.0000000000000002,552,1.0,1.3333333333333333,1.0064204647536277,1.0,1.0407499999999998,552,0.9999999999999997,1.0000000000000002,1.0,1.0,1.0000000000000002,552,552.0,0.0,0.0,0.0,552.0,552.0,0.0,0.0,0.0,0.0,0.0,0.0,1.0,0.0,0.0,1584.0,3146.0,1584.0,2509056.0,15893.487975001335,0.0,0.0,0.0,0.0,0.0,0.0,0.0,0.0,0.0,0.0,0.0,0.0,0.0,0.0,0.0,0.0,18297.65398427844
70,4200000000000,1584.0,1584.0,1584.0,1584.0,1584.0,1584,24.0,24.0,24.0,24.0,24.0,1584,0.0,0.0,0.0,0.0,0.0,1584,3.0,8.0,4.202651515151516,4.0,5.0,1584,0.0,0.0,0.0,0.0,0.0,0,0.0,0.0,0.0,0.0,0.0,0,1.0,1.0,1.0,1.0,1.0,552,0.9999999999999997,1.0000000000000002,1.0,1.0,1.0000000000000002,552,1.0,1.3571428571428572,1.0067805110564814,1.0,1.0407499999999998,552,0.9999999999999997,1.0000000000000002,1.0,1.0,1.0000000000000002,552,552.0,0.0,0.0,0.0,552.0,552.0,0.0,0.0,0.0,0.0,0.0,0.0,1.0,0.0,0.0,1584.0,3146.0,1584.0,2509056.0,16632.107639685273,0.0,0.0,0.0,0.0,0.0,0.0,0.0,0.0,0.0,0.0,0.0,0.0,0.0,0.0,0.0,0.0,19026.583459228277
71,4260000000000,1584.0,1584.0,1584.0,1584.0,1584.0,1584,24.0,24.0,24.0,24.0,24.0,1584,0.0,0.0,0.0,0.0,0.0,1584,3.0,8.0,4.200126262626263,4.0,5.0,1584,0.0,0.0,0.0,0.0,0.0,0,0.0,0.0,0.0,0.0,0.0,0,1.0,1.0,1.0,1.0,1.0,552,0.9999999999999997,1.0000000000000004,1.0,1.0,1.0000000000000002,552,1.0,1.2142857142857142,1.0059889538551177,1.0,1.0526315789473684,552,0.9999999999999997,1.0000000000000004,1.0,1.0,1.0000000000000002,552,552.0,0.0,0.0,0.0,552.0,552.0,0.0,0.0,0.0,0.0,0.0,0.0,1.0,0.0,0.0,1584.0,3146.0,1584.0,2509056.0,15722.839422523975,0.0,0.0,0.0,0.0,0.0,0.0,0.0,0.0,0.0,0.0,0.0,0.0,0.0,0.0,0.0,0.0,18188.05319443345
72,4320000000000,1584.0,1584.0,1584.0,1584.0,1584.0,1584,24.0,24.0,24.0,24.0,24.0,1584,0.0,0.0,0.0,0.0,0.0,1584,3.0,8.0,4.210858585858586,4.0,5.0,1584,0.0,0.0,0.0,0.0,0.0,0,0.0,0.0,0.0,0.0,0.0,0,1.0,1.0,1.0,1.0,1.0,552,0.9999999999999998,1.0000000000000004,1.0,1.0,1.0000000000000002,552,1.0,1.2857142857142858,1.0070523889958833,1.0,1.0625,552,0.9999999999999998,1.0000000000000004,1.0,1.0,1.0000000000000002,552,552.0,0.0,0.0,0.0,552.0,552.0,0.0,0.0,0.0,0.0,0.0,0.0,1.0,0.0,0.0,1584.0,3146.0,1584.0,2509056.0,15757.287682965398,0.0,0.0,0.0,0.0,0.0,0.0,0.0,0.0,0.0,0.0,0.0,0.0,0.0,0.0,0.0,0.0,18234.494479373097
73,4380000000000,1584.0,1584.0,1584.0,1584.0,1584.0,1584,24.0,24.0,24.0,24.0,24.0,1584,0.0,0.0,0.0,0.0,0.0,1584,3.0,8.0,4.203282828282828,4.0,5.0,1584,0.0,0.0,0.0,0.0,0.0,0,0.0,0.0,0.0,0.0,0.0,0,1.0,1.0,1.0,1.0,1.0,552,0.9999999999999998,1.0000000000000002,1.0,1.0,1.0000000000000002,552,1.0,1.3333333333333333,1.0064579022119005,1.0,1.0149999999999977,552,0.9999999999999998,1.0000000000000002,1.0,1.0,1.0000000000000002,552,552.0,0.0,0.0,0.0,552.0,552.0,0.0,0.0,0.0,0.0,0.0,0.0,1.0,0.0,0.0,1584.0,3146.0,1584.0,2509056.0,17022.74422906339,0.0,0.0,0.0,0.0,0.0,0.0,0.0,0.0,0.0,0.0,0.0,0.0,0.0,0.0,0.0,0.0,19314.605431631207
74,4440000000000,1584.0,1584.0,1584.0,1584.0,1584.0,1584,24.0,24.0,24.0,24.0,24.0,1584,0.0,0.0,0.0,0.0,0.0,1584,3.0,8.0,4.195075757575758,4.0,5.0,1584,0.0,0.0,0.0,0.0,0.0,0,0.0,0.0,0.0,0.0,0.0,0,1.0,1.0,1.0,1.0,1.0,552,0.9999999999999997,1.0000000000000004,1.0,1.0,1.0000000000000002,552,1.0,1.3076923076923077,1.0052628720163328,1.0,1.0333333333333334,552,0.9999999999999997,1.0000000000000004,1.0,1.0,1.0000000000000002,552,552.0,0.0,0.0,0.0,552.0,552.0,0.0,0.0,0.0,0.0,0.0,0.0,1.0,0.0,0.0,1584.0,3146.0,1584.0,2509056.0,15770.54320089519,0.0,0.0,0.0,0.0,0.0,0.0,0.0,0.0,0.0,0.0,0.0,0.0,0.0,0.0,0.0,0.0,17981.243459507823
75,4500000000000,1584.0,1584.0,1584.0,1584.0,1584.0,1584,24.0,24.0,24.0,24.0,24.0,1584,0.0,0.0,0.0,0.0,0.0,1584,3.0,8.0,4.206439393939394,4.0,5.0,1584,0.0,0.0,0.0,0.0,0.0,0,0.0,0.0,0.0,0.0,0.0,0,1.0,1.0,1.0,1.0,1.0,552,0.9999999999999998,1.0000000000000002,1.0,1.0,1.0000000000000002,552,1.0,1.3333333333333333,1.0068638801820384,1.0,1.05,552,0.9999999999999998,1.0000000000000002,1.0,1.0,1.0000000000000002,552,552.0,0.0,0.0,0.0,552.0,552.0,0.0,0.0,0.0,0.0,0.0,0.0,1.0,0.0,0.0,1584.0,3146.0,1584.0,2509056.0,16886.067744344473,0.0,0.0,0.0,0.0,0.0,0.0,0.0,0.0,0.0,0.0,0.0,0.0,0.0,0.0,0.0,0.0,19183.52847918868
76,4560000000000,1584.0,1584.0,1584.0,1584.0,1584.0,1584,24.0,24.0,24.0,24.0,24.0,1584,0.0,0.0,0.0,0.0,0.0,1584,3.0,8.0,4.207070707070707,4.0,5.0,1584,0.0,0.0,0.0,0.0,0.0,0,0.0,0.0,0.0,0.0,0.0,0,1.0,1.0,1.0,1.0,1.0,552,0.9999999999999997,1.0000000000000004,1.0,1.0,1.0,552,1.0,1.3333333333333333,1.0065649346421053,1.0,1.0555555555555556,552,0.9999999999999997,1.0000000000000004,1.0,1.0,1.0,552,552.0,0.0,0.0,0.0,552.0,552.0,0.0,0.0,0.0,0.0,0.0,0.0,1.0,0.0,0.0,1584.0,3146.0,1584.0,2509056.0,15858.40361006558,0.0,0.0,0.0,0.0,0.0,0.0,0.0,0.0,0.0,0.0,0.0,0.0,0.0,0.0,0.0,0.0,18181.94721825421
77,4620000000000,1584.0,1584.0,1584.0,1584.0,1584.0,1584,24.0,24.0,24.0,24.0,24.0,1584,0.0,0.0,0.0,0.0,0.0,1584,3.0,8.0,4.203914141414141,4.0,5.0,1584,0.0,0.0,0.0,0.0,0.0,0,0.0,0.0,0.0,0.0,0.0,0,1.0,1.0,1.0,1.0,1.0,552,0.9999999999999996,1.0000000000000002,1.0,1.0,1.0000000000000002,552,1.0,1.3333333333333333,1.0064846480358354,1.0,1.0555555555555556,552,0.9999999999999996,1.0000000000000002,1.0,1.0,1.0000000000000002,552,552.0,0.0,0.0,0.0,552.0,552.0,0.0,0.0,0.0,0.0,0.0,0.0,1.0,0.0,0.0,1584.0,3146.0,1584.0,2509056.0,16873.991334810853,0.0,0.0,0.0,0.0,0.0,0.0,0.0,0.0,0.0,0.0,0.0,0.0,0.0,0.0,0.0,0.0,19274.382079020143
78,4680000000000,1584.0,1584.0,1584.0,1584.0,1584.0,1584,24.0,24.0,24.0,24.0,24.0,1584,0.0,0.0,0.0,0.0,0.0,1584,3.0,8.0,4.20770202020202,4.0,5.0,1584,0.0,0.0,0.0,0.0,0.0,0,0.0,0.0,0.0,0.0,0.0,0,1.0,1.0,1.0,1.0,1.0,552,0.9999999999999997,1.0000000000000004,1.0,1.0,1.0000000000000002,552,1.0,1.3333333333333333,1.0073376286433917,1.0,1.0526315789473684,552,0.9999999999999997,1.0000000000000004,1.0,1.0,1.0000000000000002,552,552.0,0.0,0.0,0.0,552.0,552.0,0.0,0.0,0.0,0.0,0.0,0.0,1.0,0.0,0.0,1584.0,3146.0,1584.0,2509056.0,15595.727352425456,0.0,0.0,0.0,0.0,0.0,0.0,0.0,0.0,0.0,0.0,0.0,0.0,0.0,0.0,0.0,0.0,18015.777504071593
79,4740000000000,1584.0,1584.0,1584.0,1584.0,1584.0,1584,24.0,24.0,24.0,24.0,24.0,1584,0.0,0.0,0.0,0.0,0.0,1584,3.0,8.0,4.195707070707071,4.0,5.0,1584,0.0,0.0,0.0,0.0,0.0,0,0.0,0.0,0.0,0.0,0.0,0,1.0,1.0,1.0,1.0,1.0,552,0.9999999999999997,1.0000000000000004,1.0,1.0,1.0000000000000002,552,1.0,1.3076923076923077,1.0051591715737636,1.0,1.0,552,0.9999999999999997,1.0000000000000004,1.0,1.0,1.0000000000000002,552,552.0,0.0,0.0,0.0,552.0,552.0,0.0,0.0,0.0,0.0,0.0,0.0,1.0,0.0,0.0,1584.0,3146.0,1584.0,2509056.0,16760.084733366966,0.0,0.0,0.0,0.0,0.0,0.0,0.0,0.0,0.0,0.0,0.0,0.0,0.0,0.0,0.0,0.0,19100.783981382847
80,4800000000000,1584.0,1584.0,1584.0,1584.0,1584.0,1584,24.0,24.0,24.0,24.0,24.0,1584,0.0,0.0,0.0,0.0,0.0,1584,3.0,8.0,4.201388888888889,4.0,5.0,1584,0.0,0.0,0.0,0.0,0.0,0,0.0,0.0,0.0,0.0,0.0,0,1.0,1.0,1.0,1.0,1.0,552,0.9999999999999997,1.0000000000000004,1.0,1.0,1.0000000000000002,552,1.0,1.3333333333333333,1.005620753511723,1.0,1.0444999999999993,552,0.9999999999999997,1.0000000000000004,1.0,1.0,1.0000000000000002,552,552.0,0.0,0.0,0.0,552.0,552.0,0.0,0.0,0.0,0.0,0.0,0.0,1.0,0.0,0.0,1584.0,3146.0,1584.0,2509056.0,15236.419212073088,0.0,0.0,0.0,0.0,0.0,0.0,0.0,0.0,0.0,0.0,0.0,0.0,0.0,0.0,0.0,0.0,17529.653327539563
81,4860000000000,1584.0,1584.0,1584.0,1584.0,1584.0,1584,24.0,24.0,24.0,24.0,24.0,1584,0.0,0.0,0.0,0.0,0.0,1584,3.0,8.0,4.205176767676767,4.0,5.0,1584,0.0,0.0,0.0,0.0,0.0,0,0.0,0.0,0.0,0.0,0.0,0,1.0,1.0,1.0,1.0,1.0,552,0.9999999999999997,1.0000000000000002,1.0,1.0,1.0000000000000002,552,1.0,1.2857142857142858,1.0066087798195165,1.0,1.0539473684210525,552,0.9999999999999997,1.0000000000000002,1.0,1.0,1.0000000000000002,552,552.0,0.0,0.0,0.0,552.0,552.0,0.0,0.0,0.0,0.0,0.0,0.0,1.0,0.0,0.0,1584.0,3146.0,1584.0,2509056.0,15268.953561782837,0.0,0.0,0.0,0.0,0.0,0.0,0.0,0.0,0.0,0.0,0.0,0.0,0.0,0.0,0.0,0.0,17539.235953241587
82,4920000000000,1584.0,1584.0,1584.0,1584.0,1584.0,1584,24.0,24.0,24.0,24.0,24.0,1584,0.0,0.0,0.0,0.0,0.0,1584,3.0,7.0,4.205176767676767,4.0,5.0,1584,0.0,0.0,0.0,0.0,0.0,0,0.0,0.0,0.0,0.0,0.0,0,1.0,1.0,1.0,1.0,1.0,552,0.9999999999999997,1.0000000000000004,1.0,1.0,1.0000000000000002,552,1.0,1.3333333333333333,1.0078190097362274,1.0,1.0555555555555556,552,0.9999999999999997,1.0000000000000004,1.0,1.0,1.0000000000000002,552,552.0,0.0,0.0,0.0,552.0,552.0,0.0,0.0,0.0,0.0,0.0,0.0,1.0,0.0,0.0,1584.0,3146.0,1584.0,2509056.0,14283.003218472004,0.0,0.0,0.0,0.0,0.0,0.0,0.0,0.0,0.0,0.0,0.0,0.0,0.0,0.0,0.0,0.0,16575.785672292113
83,4980000000000,1584.0,1584.0,1584.0,1584.0,1584.0,1584,24.0,24.0,24.0,24.0,24.0,1584,0.0,0.0,0.0,0.0,0.0,1584,3.0,8.0,4.202651515151516,4.0,5.0,1584,0.0,0.0,0.0,0.0,0.0,0,0.0,0.0,0.0,0.0,0.0,0,1.0,1.0,1.0,1.0,1.0,552,0.9999999999999997,1.0000000000000002,1.0,1.0,1.0000000000000002,552,1.0,1.3076923076923077,1.0050300051644805,1.0,1.0,552,0.9999999999999997,1.0000000000000002,1.0,1.0,1.0000000000000002,552,552.0,0.0,0.0,0.0,552.0,552.0,0.0,0.0,0.0,0.0,0.0,0.0,1.0,0.0,0.0,1584.0,3146.0,1584.0,2509056.0,15195.958403870463,0.0,0.0,0.0,0.0,0.0,0.0,0.0,0.0,0.0,0.0,0.0,0.0,0.0,0.0,0.0,0.0,17456.5476346761
84,5040000000000,1584.0,1584.0,1584.0,1584.0,1584.0,1584,24.0,24.0,24.0,24.0,24.0,1584,0.0,0.0,0.0,0.0,0.0,1584,3.0,8.0,4.202020202020202,4.0,5.0,1584,0.0,0.0,0.0,0.0,0.0,0,0.0,0.0,0.0,0.0,0.0,0,1.0,1.0,1.0,1.0,1.0,552,0.9999999999999997,1.0000000000000004,1.0,1.0,1.0000000000000002,552,1.0,1.3333333333333333,1.0070892440186303,1.0,1.0526315789473684,552,0.9999999999999997,1.0000000000000004,1.0,1.0,1.0000000000000002,552,552.0,0.0,0.0,0.0,552.0,552.0,0.0,0.0,0.0,0.0,0.0,0.0,1.0,0.0,0.0,1584.0,3146.0,1584.0,2509056.0,14395.240092650056,0.0,0.0,0.0,0.0,0.0,0.0,0.0,0.0,0.0,0.0,0.0,0.0,0.0,0.0,0.0,0.0,16675.066703930497
85,5100000000000,1584.0,1584.0,1584.0,1584.0,1584.0,1584,24.0,24.0,24.0,24.0,24.0,1584,0.0,0.0,0.0,0.0,0.0,1584,3.0,8.0,4.203282828282828,4.0,5.0,1584,0.0,0.0,0.0,0.0,0.0,0,0.0,0.0,0.0,0.0,0.0,0,1.0,1.0,1.0,1.0,1.0,552,0.9999999999999998,1.0000000000000004,1.0,1.0,1.0000000000000002,552,1.0,1.3333333333333333,1.0063534015114748,1.0,1.0570261437908495,552,0.9999999999999998,1.0000000000000004,1.0,1.0,1.0000000000000002,552,552.0,0.0,0.0,0.0,552.0,552.0,0.0,0.0,0.0,0.0,0.0,0.0,1.0,0.0,0.0,1584.0,3146.0,1584.0,2509056.0,15351.126497611403,0.0,0.0,0.0,0.0,0.0,0.0,0.0,0.0,0.0,0.0,0.0,0.0,0.0,0.0,0.0,0.0,17603.951159864664
86,5160000000000,1584.0,1584.0,1584.0,1584.0,1584.0,1584,24.0,24.0,24.0,24.0,24.0,1584,0.0,0.0,0.0,0.0,0.0,1584,3.0,8.0,4.200126262626263,4.0,5.0,1584,0.0,0.0,0.0,0.0,0.0,0,0.0,0.0,0.0,0.0,0.0,0,1.0,1.0,1.0,1.0,1.0,552,0.9999999999999996,1.0000000000000004,1.0,1.0,1.0000000000000002,552,1.0,1.3333333333333333,1.0068792938094162,1.0,1.0526315789473684,552,0.9999999999999996,1.0000000000000004,1.0,1.0,1.0000000000000002,552,552.0,0.0,0.0,0.0,552.0,552.0,0.0,0.0,0.0,0.0,0.0,0.0,1.0,0.0,0.0,1584.0,3146.0,1584.0,2509056.0,14032.059466466308,0.0,0.0,0.0,0.0,0.0,0.0,0.0,0.0,0.0,0.0,0.0,0.0,0.0,0.0,0.0,0.0,16296.050727367401
87,5220000000000,1584.0,1584.0,1584.0,1584.0,1584.0,1584,24.0,24.0,24.0,24.0,24.0,1584,0.0,0.0,0.0,0.0,0.0,1584,3.0,8.0,4.208333333333333,4.0,5.0,1584,0.0,0.0,0.0,0.0,0.0,0,0.0,0.0,0.0,0.0,0.0,0,1.0,1.0,1.0,1.0,1.0,552,0.9999999999999997,1.0000000000000004,1.0,1.0,1.0000000000000002,552,1.0,1.3333333333333333,1.0068890301758746,1.0,1.0511842105263156,552,0.9999999999999997,1.0000000000000004,1.0,1.0,1.0000000000000002,552,552.0,0.0,0.0,0.0,552.0,552.0,0.0,0.0,0.0,0.0,0.0,0.0,1.0,0.0,0.0,1584.0,3146.0,1584.0,2509056.0,14678.561728447676,0.0,0.0,0.0,0.0,0.0,0.0,0.0,0.0,0.0,0.0,0.0,0.0,0.0,0.0,0.0,0.0,16951.362608000636
88,5280000000000,1584.0,1584.0,1584.0,1584.0,1584.0,1584,24.0,24.0,24.0,24.0,24.0,1584,0.0,0.0,0.0,0.0,0.0,1584,3.0,8.0,4.200757575757576,4.0,5.0,1584,0.0,0.0,0.0,0.0,0.0,0,0.0,0.0,0.0,0.0,0.0,0,1.0,1.0,1.0,1.0,1.0,552,0.9999999999999996,1.0000000000000002,1.0,1.0,1.0000000000000002,552,1.0,1.2857142857142858,1.0060058896445716,1.0,1.0407499999999998,552,0.9999999999999996,1.0000000000000002,1.0,1.0,1.0000000000000002,552,552.0,0.0,0.0,0.0,552.0,552.0,0.0,0.0,0.0,0.0,0.0,0.0,1.0,0.0,0.0,1584.0,3146.0,1584.0,2509056.0,13442.466858774424,0.0,0.0,0.0,0.0,0.0,0.0,0.0,0.0,0.0,0.0,0.0,0.0,0.0,0.0,0.0,0.0,15665.548365563154
89,5340000000000,1584.0,1584.0,1584.0,1584.0,1584.0,1584,24.0,24.0,24.0,24.0,24.0,1584,0.0,0.0,0.0,0.0,0.0,1584,3.0,8.0,4.200757575757576,4.0,5.0,1584,0.0,0.0,0.0,0.0,0.0,0,0.0,0.0,0.0,0.0,0.0,0,1.0,1.0,1.0,1.0,1.0,552,0.9999999999999997,1.0000000000000004,1.0,1.0,1.0,552,1.0,1.25,1.0064257384541728,1.0,1.0511842105263156,552,0.9999999999999997,1.0000000000000004,1.0,1.0,1.0,552,552.0,0.0,0.0,0.0,552.0,552.0,0.0,0.0,0.0,0.0,0.0,0.0,1.0,0.0,0.0,1584.0,3146.0,1584.0,2509056.0,14436.836114153266,0.0,0.0,0.0,0.0,0.0,0.0,0.0,0.0,0.0,0.0,0.0,0.0,0.0,0.0,0.0,0.0,16662.888314574957
90,5400000000000,1584.0,1584.0,1584.0,1584.0,1584.0,1584,24.0,24.0,24.0,24.0,24.0,1584,0.0,0.0,0.0,0.0,0.0,1584,3.0,8.0,4.20580808080808,4.0,5.0,1584,0.0,0.0,0.0,0.0,0.0,0,0.0,0.0,0.0,0.0,0.0,0,1.0,1.0,1.0,1.0,1.0,552,0.9999999999999996,1.0000000000000004,1.0,1.0,1.0000000000000002,552,1.0,1.25,1.0039926494604239,1.0,1.0,552,0.9999999999999996,1.0000000000000004,1.0,1.0,1.0000000000000002,552,552.0,0.0,0.0,0.0,552.0,552.0,0.0,0.0,0.0,0.0,0.0,0.0,1.0,0.0,0.0,1584.0,3146.0,1584.0,2509056.0,13258.621420711279,0.0,0.0,0.0,0.0,0.0,0.0,0.0,0.0,0.0,0.0,0.0,0.0,0.0,0.0,0.0,0.0,15506.495919078588
91,5460000000000,1584.0,1584.0,1584.0,1584.0,1584.0,1584,24.0,24.0,24.0,24.0,24.0,1584,0.0,0.0,0.0,0.0,0.0,1584,3.0,8.0,4.20770202020202,4.0,5.0,1584,0.0,0.0,0.0,0.0,0.0,0,0.0,0.0,0.0,0.0,0.0,0,1.0,1.0,1.0,1.0,1.0,552,0.9999999999999998,1.0000000000000002,1.0,1.0,1.0000000000000002,552,1.0,1.3333333333333333,1.0088556632234327,1.0,1.067701149425287,552,0.9999999999999998,1.0000000000000002,1.0,1.0,1.0000000000000002,552,552.0,0.0,0.0,0.0,552.0,552.0,0.0,0.0,0.0,0.0,0.0,0.0,1.0,0.0,0.0,1584.0,3146.0,1584.0,2509056.0,14345.330376178026,0.0,0.0,0.0,0.0,0.0,0.0,0.0,0.0,0.0,0.0,0.0,0.0,0.0,0.0,0.0,0.0,16692.512162029743
92,5520000000000,1584.0,1584.0,1584.0,1584.0,1584.0,1584,24.0,24.0,24.0,24.0,24.0,1584,0.0,0.0,0.0,0.0,0.0,1584,3.0,8.0,4.201388888888889,4.0,5.0,1584,0.0,0.0,0.0,0.0,0.0,0,0.0,0.0,0.0,0.0,0.0,0,1.0,1.0,1.0,1.0,1.0,552,0.9999999999999996,1.0000000000000004,1.0,1.0,1.0000000000000002,552,1.0,1.2857142857142858,1.0050622498760575,1.0,1.0344827586206897,552,0.9999999999999996,1.0000000000000004,1.0,1.0,1.0000000000000002,552,552.0,0.0,0.0,0.0,552.0,552.0,0.0,0.0,0.0,0.0,0.0,0.0,1.0,0.0,0.0,1584.0,3146.0,1584.0,2509056.0,13342.035613954067,0.0,0.0,0.0,0.0,0.0,0.0,0.0,0.0,0.0,0.0,0.0,0.0,0.0,0.0,0.0,0.0,15646.243309602141
93,5580000000000,1584.0,1584.0,1584.0,1584.0,1584.0,1584,24.0,24.0,24.0,24.0,24.0,1584,0.0,0.0,0.0,0.0,0.0,1584,3.0,8.0,4.203914141414141,4.0,5.0,1584,0.0,0.0,0.0,0.0,0.0,0,0.0,0.0,0.0,0.0,0.0,0,1.0,1.0,1.0,1.0,1.0,552,0.9999999999999996,1.0000000000000002,1.0,1.0,1.0000000000000002,552,1.0,1.3571428571428572,1.0072614392028632,1.0,1.045341614906832,552,0.9999999999999996,1.0000000000000002,1.0,1.0,1.0000000000000002,552,552.0,0.0,0.0,0.0,552.0,552.0,0.0,0.0,0.0,0.0,0.0,0.0,1.0,0.0,0.0,1584.0,3146.0,1584.0,2509056.0,14158.745523542166,0.0,0.0,0.0,0.0,0.0,0.0,0.0,0.0,0.0,0.0,0.0,0.0,0.0,0.0,0.0,0.0,16421.636210754514
94,5640000000000,1584.0,1584.0,1584.0,1584.0,1584.0,1584,24.0,24.0,24.0,24.0,24.0,1584,0.0,0.0,0.0,0.0,0.0,1584,3.0,8.0,4.200757575757576,4.0,5.0,1584,0.0,0.0,0.0,0.0,0.0,0,0.0,0.0,0.0,0.0,0.0,0,1.0,1.0,1.0,1.0,1.0,552,0.9999999999999998,1.0000000000000002,1.0,1.0,1.0000000000000002,552,1.0,1.3333333333333333,1.0064458615438554,1.0,1.05,552,0.9999999999999998,1.0000000000000002,1.0,1.0,1.0000000000000002,552,552.0,0.0,0.0,0.0,552.0,552.0,0.0,0.0,0.0,0.0,0.0,0.0,1.0,0.0,0.0,1584.0,3146.0,1584.0,2509056.0,13316.422626376152,0.0,0.0,0.0,0.0,0.0,0.0,0.0,0.0,0.0,0.0,0.0,0.0,0.0,0.0,0.0,0.0,15551.21791921556
95,5700000000000,1584.0,1584.0,1584.0,1584.0,1584.0,1584,24.0,24.0,24.0,24.0,24.0,1584,0.0,0.0,0.0,0.0,0.0,1584,3.0,8.0,4.200126262626263,4.0,5.0,1584,0.0,0.0,0.0,0.0,0.0,0,0.0,0.0,0.0,0.0,0.0,0,1.0,1.0,1.0,1.0,1.0,552,0.9999999999999997,1.0000000000000004,1.0,1.0,1.0000000000000002,552,1.0,1.2,1.0071364413137742,1.0,1.0666666666666667,552,0.9999999999999997,1.0000000000000004,1.0,1.0,1.0000000000000002,552,552.0,0.0,0.0,0.0,552.0,552.0,0.0,0.0,0.0,0.0,0.0,0.0,1.0,0.0,0.0,1584.0,3146.0,1584.0,2509056.0,14171.350946649909,0.0,0.0,0.0,0.0,0.0,0.0,0.0,0.0,0.0,0.0,0.0,0.0,0.0,0.0,0.0,0.0,16394.2508995533
96,5760000000000,1584.0,1584.0,1584.0,1584.0,1584.0,1584,24.0,24.0,24.0,24.0,24.0,1584,0.0,0.0,0.0,0.0,0.0,1584,3.0,8.0,4.209595959595959,4.0,5.0,1584,0.0,0.0,0.0,0.0,0.0,0,0.0,0.0,0.0,0.0,0.0,0,1.0,1.0,1.0,1.0,1.0,552,0.9999999999999998,1.0000000000000004,1.0,1.0,1.0000000000000002,552,1.0,1.3333333333333333,1.0062280122405378,1.0,1.0555555555555556,552,0.9999999999999998,1.0000000000000004,1.0,1.0,1.0000000000000002,552,552.0,0.0,0.0,0.0,552.0,552.0,0.0,0.0,0.0,0.0,0.0,0.0,1.0,0.0,0.0,1584.0,3146.0,1584.0,2509056.0,13494.86124329269,0.0,0.0,0.0,0.0,0.0,0.0,0.0,0.0,0.0,0.0,0.0,0.0,0.0,0.0,0.0,0.0,15762.725925073028
97,5820000000000,1584.0,1584.0,1584.0,1584.0,1584.0,1584,24.0,24.0,24.0,24.0,24.0,1584,0.0,0.0,0.0,0.0,0.0,1584,3.0,8.0,4.200126262626263,4.0,5.0,1584,0.0,0.0,0.0,0.0,0.0,0,0.0,0.0,0.0,0.0,0.0,0,1.0,1.0,1.0,1.0,1.0,552,0.9999999999999996,1.0000000000000004,1.0,1.0,1.0000000000000002,552,1.0,1.2857142857142858,1.0061563498786832,1.0,1.0498746867167916,552,0.9999999999999996,1.0000000000000004,1.0,1.0,1.0000000000000002,552,552.0,0.0,0.0,0.0,552.0,552.0,0.0,0.0,0.0,0.0,0.0,0.0,1.0,0.0,0.0,1584.0,3146.0,1584.0,2509056.0,14691.6782297194,0.0,0.0,0.0,0.0,0.0,0.0,0.0,0.0,0.0,0.0,0.0,0.0,0.0,0.0,0.0,0.0,16924.482729285955
98,5880000000000,1584.0,1584.0,1584.0,1584.0,1584.0,1584,24.0,24.0,24.0,24.0,24.0,1584,0.0,0.0,0.0,0.0,0.0,1584,3.0,8.0,4.205176767676767,4.0,5.0,1584,0.0,0.0,0.0,0.0,0.0,0,0.0,0.0,0.0,0.0,0.0,0,1.0,1.0,1.0,1.0,1.0,552,0.9999999999999997,1.0000000000000002,1.0,1.0,1.0000000000000002,552,1.0,1.3076923076923077,1.0056917253592166,1.0,1.0476190476190477,552,0.9999999999999997,1.0000000000000002,1.0,1.0,1.0000000000000002,552,552.0,0.0,0.0,0.0,552.0,552.0,0.0,0.0,0.0,0.0,0.0,0.0,1.0,0.0,0.0,1584.0,3146.0,1584.0,2509056.0,13875.59306435287,0.0,0.0,0.0,0.0,0.0,0.0,0.0,0.0,0.0,0.0,0.0,0.0,0.0,0.0,0.0,0.0,16146.387584507465
99,5940000000000,1584.0,1584.0,1584.0,1584.0,1584.0,1584,24.0,24.0,24.0,24.0,24.0,1584,0.0,0.0,0.0,0.0,0.0,1584,3.0,8.0,4.204545454545454,4.0,5.0,1584,0.0,0.0,0.0,0.0,0.0,0,0.0,0.0,0.0,0.0,0.0,0,1.0,1.0,1.0,1.0,1.0,552,0.9999999999999998,1.0000000000000002,1.0,1.0,1.0000000000000002,552,1.0,1.3076923076923077,1.0070663222613874,1.0,1.0570261437908495,552,0.9999999999999998,1.0000000000000002,1.0,1.0,1.0000000000000002,552,552.0,0.0,0.0,0.0,552.0,552.0,0.0,0.0,0.0,0.0,0.0,0.0,1.0,0.0,0.0,1584.0,3146.0,1584.0,2509056.0,15086.883889511228,0.0,0.0,0.0,0.0,0.0,0.0,0.0,0.0,0.0,0.0,0.0,0.0,0.0,0.0,0.0,0.0,17379.494624212384
100,6000000000000,1584.0,1584.0,1584.0,1584.0,1584.0,1584,24.0,24.0,24.0,24.0,24.0,1584,0.0,0.0,0.0,0.0,0.0,1584,3.0,8.0,4.201388888888889,4.0,5.0,1584,0.0,0.0,0.0,0.0,0.0,0,0.0,0.0,0.0,0.0,0.0,0,1.0,1.0,1.0,1.0,1.0,552,0.9999999999999998,1.0000000000000002,1.0,1.0,1.0000000000000002,552,1.0,1.3333333333333333,1.0073270557657303,1.0,1.0588235294117647,552,0.9999999999999998,1.0000000000000002,1.0,1.0,1.0000000000000002,552,552.0,0.0,0.0,0.0,552.0,552.0,0.0,0.0,0.0,0.0,0.0,0.0,1.0,0.0,0.0,1584.0,3146.0,1584.0,2509056.0,14158.662961795926,0.0,0.0,0.0,0.0,0.0,0.0,0.0,0.0,0.0,0.0,0.0,0.0,0.0,0.0,0.0,0.0,16420.010654255748
101,6060000000000,1584.0,1584.0,1584.0,1584.0,1584.0,1584,24.0,24.0,24.0,24.0,24.0,1584,0.0,0.0,0.0,0.0,0.0,1584,3.0,8.0,4.202020202020202,4.0,5.0,1584,0.0,0.0,0.0,0.0,0.0,0,0.0,0.0,0.0,0.0,0.0,0,1.0,1.0,1.0,1.0,1.0,552,0.9999999999999997,1.0000000000000004,1.0,1.0,1.0000000000000002,552,1.0,1.1666666666666667,1.0048024734543115,1.0,1.035036945812808,552,0.9999999999999997,1.0000000000000004,1.0,1.0,1.0000000000000002,552,552.0,0.0,0.0,0.0,552.0,552.0,0.0,0.0,0.0,0.0,0.0,0.0,1.0,0.0,0.0,1584.0,3146.0,1584.0,2509056.0,15323.999904096127,0.0,0.0,0.0,0.0,0.0,0.0,0.0,0.0,0.0,0.0,0.0,0.0,0.0,0.0,0.0,0.0,17577.051520347595
102,6120000000000,1584.0,1584.0,1584.0,1584.0,1584.0,1584,24.0,24.0,24.0,24.0,24.0,1584,0.0,0.0,0.0,0.0,0.0,1584,3.0,8.0,4.206439393939394,4.0,5.0,1584,0.0,0.0,0.0,0.0,0.0,0,0.0,0.0,0.0,0.0,0.0,0,1.0,1.0,1.0,1.0,1.0,552,0.9999999999999997,1.0000000000000004,1.0,1.0,1.0000000000000002,552,1.0,1.3333333333333333,1.006865700513006,1.0,1.0498746867167916,552,0.9999999999999997,1.0000000000000004,1.0,1.0,1.0000000000000002,552,552.0,0.0,0.0,0.0,552.0,552.0,0.0,0.0,0.0,0.0,0.0,0.0,1.0,0.0,0.0,1584.0,3146.0,1584.0,2509056.0,14290.217343717813,0.0,0.0,0.0,0.0,0.0,0.0,0.0,0.0,0.0,0.0,0.0,0.0,0.0,0.0,0.0,0.0,16552.872529253364
103,6180000000000,1584.0,1584.0,1584.0,1584.0,1584.0,1584,24.0,24.0,24.0,24.0,24.0,1584,0.0,0.0,0.0,0.0,0.0,1584,3.0,8.0,4.196338383838384,4.0,5.0,1584,0.0,0.0,0.0,0.0,0.0,0,0.0,0.0,0.0,0.0,0.0,0,1.0,1.0,1.0,1.0,1.0,552,0.9999999999999996,1.0000000000000004,1.0,1.0,1.0000000000000002,552,1.0,1.3333333333333333,1.0045563516586697,1.0,1.0363095238095237,552,0.9999999999999996,1.0000000000000004,1.0,1.0,1.0000000000000002,552,552.0,0.0,0.0,0.0,552.0,552.0,0.0,0.0,0.0,0.0,0.0,0.0,1.0,0.0,0.0,1584.0,3146.0,1584.0,2509056.0,15167.452920228243,0.0,0.0,0.0,0.0,0.0,0.0,0.0,0.0,0.0,0.0,0.0,0.0,0.0,0.0,0.0,0.0,17404.744893312454
104,6240000000000,1584.0,1584.0,1584.0,1584.0,1584.0,1584,24.0,24.0,24.0,24.0,24.0,1584,0.0,0.0,0.0,0.0,0.0,1584,3.0,8.0,4.205176767676767,4.0,5.0,1584,0.0,0.0,0.0,0.0,0.0,0,0.0,0.0,0.0,0.0,0.0,0,1.0,1.0,1.0,1.0,1.0,552,0.9999999999999997,1.0000000000000002,1.0,1.0,1.0000000000000002,552,1.0,1.3076923076923077,1.0051803625094384,1.0,1.039153846153846,552,0.9999999999999997,1.0000000000000002,1.0,1.0,1.0000000000000002,552,552.0,0.0,0.0,0.0,552.0,552.0,0.0,0.0,0.0,0.0,0.0,0.0,1.0,0.0,0.0,1584.0,3146.0,1584.0,2509056.0,14062.108103185892,0.0,0.0,0.0,0.0,0.0,0.0,0.0,0.0,0.0,0.0,0.0,0.0,0.0,0.0,0.0,0.0,16332.266047596931
105,6300000000000,1584.0,1584.0,1584.0,1584.0,1584.0,1584,24.0,24.0,24.0,24.0,24.0,1584,0.0,0.0,0.0,0.0,0.0,1584,3.0,8.0,4.20580808080808,4.0,5.0,1584,0.0,0.0,0.0,0.0,0.0,0,0.0,0.0,0.0,0.0,0.0,0,1.0,1.0,1.0,1.0,1.0,552,0.9999999999999997,1.0000000000000002,1.0,1.0,1.0000000000000002,552,1.0,1.3571428571428572,1.007310763735468,1.0,1.0526315789473684,552,0.9999999999999997,1.0000000000000002,1.0,1.0,1.0000000000000002,552,552.0,0.0,0.0,0.0,552.0,552.0,0.0,0.0,0.0,0.0,0.0,0.0,1.0,0.0,0.0,1584.0,3146.0,1584.0,2509056.0,15124.669203534722,0.0,0.0,0.0,0.0,0.0,0.0,0.0,0.0,0.0,0.0,0.0,0.0,0.0,0.0,0.0,0.0,17479.905616492033
106,6360000000000,1584.0,1584.0,1584.0,1584.0,1584.0,1584,24.0,24.0,24.0,24.0,24.0,1584,0.0,0.0,0.0,0.0,0.0,1584,3.0,8.0,4.204545454545454,4.0,5.0,1584,0.0,0.0,0.0,0.0,0.0,0,0.0,0.0,0.0,0.0,0.0,0,1.0,1.0,1.0,1.0,1.0,552,0.9999999999999998,1.0000000000000004,1.0,1.0,1.0000000000000002,552,1.0,1.2857142857142858,1.0054740912965732,1.0,1.0416666666666667,552,0.9999999999999998,1.0000000000000004,1.0,1.0,1.0000000000000002,552,552.0,0.0,0.0,0.0,552.0,552.0,0.0,0.0,0.0,0.0,0.0,0.0,1.0,0.0,0.0,1584.0,3146.0,1584.0,2509056.0,13911.837495863438,0.0,0.0,0.0,0.0,0.0,0.0,0.0,0.0,0.0,0.0,0.0,0.0,0.0,0.0,0.0,0.0,16218.153167515993
107,6420000000000,1584.0,1584.0,1584.0,1584.0,1584.0,1584,24.0,24.0,24.0,24.0,24.0,1584,0.0,0.0,0.0,0.0,0.0,1584,3.0,8.0,4.205176767676767,4.0,5.0,1584,0.0,0.0,0.0,0.0,0.0,0,0.0,0.0,0.0,0.0,0.0,0,1.0,1.0,1.0,1.0,1.0,552,0.9999999999999997,1.0000000000000002,1.0,1.0,1.0000000000000002,552,1.0,1.2857142857142858,1.0043473483918135,1.0,1.0,552,0.9999999999999997,1.0000000000000002,1.0,1.0,1.0000000000000002,552,552.0,0.0,0.0,0.0,552.0,552.0,0.0,0.0,0.0,0.0,0.0,0.0,1.0,0.0,0.0,1584.0,3146.0,1584.0,2509056.0,15050.269152969122,0.0,0.0,0.0,0.0,0.0,0.0,0.0,0.0,0.0,0.0,0.0,0.0,0.0,0.0,0.0,0.0,17332.368740811944
108,6480000000000,1584.0,1584.0,1584.0,1584.0,1584.0,1584,24.0,24.0,24.0,24.0,24.0,1584,0.0,0.0,0.0,0.0,0.0,1584,3.0,8.0,4.196969696969697,4.0,5.0,1584,0.0,0.0,0.0,0.0,0.0,0,0.0,0.0,0.0,0.0,0.0,0,1.0,1.0,1.0,1.0,1.0,552,0.9999999999999997,1.0000000000000002,1.0,1.0,1.0000000000000002,552,1.0,1.3333333333333333,1.0065244362256522,1.0,1.04,552,0.9999999999999997,1.0000000000000002,1.0,1.0,1.0000000000000002,552,552.0,0.0,0.0,0.0,552.0,552.0,0.0,0.0,0.0,0.0,0.0,0.0,1.0,0.0,0.0,1584.0,3146.0,1584.0,2509056.0,14078.489264473319,0.0,0.0,0.0,0.0,0.0,0.0,0.0,0.0,0.0,0.0,0.0,0.0,0.0,0.0,0.0,0.0,16289.771419018507
109,6540000000000,1584.0,1584.0,1584.0,1584.0,1584.0,1584,24.0,24.0,24.0,24.0,24.0,1584,0.0,0.0,0.0,0.0,0.0,1584,3.0,8.0,4.203914141414141,4.0,5.0,1584,0.0,0.0,0.0,0.0,0.0,0,0.0,0.0,0.0,0.0,0.0,0,1.0,1.0,1.0,1.0,1.0,552,0.9999999999999998,1.0000000000000002,1.0,1.0,1.0000000000000002,552,1.0,1.3571428571428572,1.006524364231564,1.0,1.0464130434782604,552,0.9999999999999998,1.0000000000000002,1.0,1.0,1.0000000000000002,552,552.0,0.0,0.0,0.0,552.0,552.0,0.0,0.0,0.0,0.0,0.0,0.0,1.0,0.0,0.0,1584.0,3146.0,1584.0,2509056.0,15711.249174550176,0.0,0.0,0.0,0.0,0.0,0.0,0.0,0.0,0.0,0.0,0.0,0.0,0.0,0.0,0.0,0.0,18008.280880749226
110,6600000000000,1584.0,1584.0,1584.0,1584.0,1584.0,1584,24.0,24.0,24.0,24.0,24.0,1584,0.0,0.0,0.0,0.0,0.0,1584,3.0,8.0,4.202651515151516,4.0,5.0,1584,0.0,0.0,0.0,0.0,0.0,0,0.0,0.0,0.0,0.0,0.0,0,1.0,1.0,1.0,1.0,1.0,552,0.9999999999999997,1.0000000000000004,1.0,1.0,1.0000000000000002,552,1.0,1.2142857142857142,1.006104126384741,1.0,1.0539473684210525,552,0.9999999999999997,1.0000000000000004,1.0,1.0,1.0000000000000002,552,552.0,0.0,0.0,0.0,552.0,552.0,0.0,0.0,0.0,0.0,0.0,0.0,1.0,0.0,0.0,1584.0,3146.0,1584.0,2509056.0,14153.392307460308,0.0,0.0,0.0,0.0,0.0,0.0,0.0,0.0,0.0,0.0,0.0,0.0,0.0,0.0,0.0,0.0,16436.67066283524
111,6660000000000,1584.0,1584.0,1584.0,1584.0,1584.0,1584,24.0,24.0,24.0,24.0,24.0,1584,0.0,0.0,0.0,0.0,0.0,1584,3.0,8.0,4.2102272727272725,4.0,5.0,1584,0.0,0.0,0.0,0.0,0.0,0,0.0,0.0,0.0,0.0,0.0,0,1.0,1.0,1.0,1.0,1.0,552,0.9999999999999997,1.0000000000000004,1.0,1.0,1.0000000000000002,552,1.0,1.2857142857142858,1.0068226744459914,1.0,1.0526315789473684,552,0.9999999999999997,1.0000000000000004,1.0,1.0,1.0000000000000002,552,552.0,0.0,0.0,0.0,552.0,552.0,0.0,0.0,0.0,0.0,0.0,0.0,1.0,0.0,0.0,1584.0,3146.0,1584.0,2509056.0,15656.934259459376,0.0,0.0,0.0,0.0,0.0,0.0,0.0,0.0,0.0,0.0,0.0,0.0,0.0,0.0,0.0,0.0,17976.727947592735
112,6720000000000,1584.0,1584.0,1584.0,1584.0,1584.0,1584,24.0,24.0,24.0,24.0,24.0,1584,0.0,0.0,0.0,0.0,0.0,1584,3.0,8.0,4.202020202020202,4.0,5.0,1584,0.0,0.0,0.0,0.0,0.0,0,0.0,0.0,0.0,0.0,0.0,0,1.0,1.0,1.0,1.0,1.0,552,0.9999999999999996,1.0000000000000002,1.0,1.0,1.0000000000000002,552,1.0,1.3333333333333333,1.007602323334293,1.0,1.0666666666666667,552,0.9999999999999996,1.0000000000000002,1.0,1.0,1.0000000000000002,552,552.0,0.0,0.0,0.0,552.0,552.0,0.0,0.0,0.0,0.0,0.0,0.0,1.0,0.0,0.0,1584.0,3146.0,1584.0,2509056.0,14133.289748802781,0.0,0.0,0.0,0.0,0.0,0.0,0.0,0.0,0.0,0.0,0.0,0.0,0.0,0.0,0.0,0.0,16404.499743133783
113,6780000000000,1584.0,1584.0,1584.0,1584.0,1584.0,1584,24.0,24.0,24.0,24.0,24.0,1584,0.0,0.0,0.0,0.0,0.0,1584,3.0,8.0,4.200126262626263,4.0,5.0,1584,0.0,0.0,0.0,0.0,0.0,0,0.0,0.0,0.0,0.0,0.0,0,1.0,1.0,1.0,1.0,1.0,552,0.9999999999999996,1.0000000000000002,1.0,1.0,1.0000000000000002,552,1.0,1.3076923076923077,1.0048407514334001,1.0,1.011842105263156,552,0.9999999999999996,1.0000000000000002,1.0,1.0,1.0000000000000002,552,552.0,0.0,0.0,0.0,552.0,552.0,0.0,0.0,0.0,0.0,0.0,0.0,1.0,0.0,0.0,1584.0,3146.0,1584.0,2509056.0,15924.86510798335,0.0,0.0,0.0,0.0,0.0,0.0,0.0,0.0,0.0,0.0,0.0,0.0,0.0,0.0,0.0,0.0,18257.00770691037
114,6840000000000,1584.0,1584.0,1584.0,1584.0,1584.0,1584,24.0,24.0,24.0,24.0,24.0,1584,0.0,0.0,0.0,0.0,0.0,1584,3.0,8.0,4.20580808080808,4.0,5.0,1584,0.0,0.0,0.0,0.0,0.0,0,0.0,0.0,0.0,0.0,0.0,0,1.0,1.0,1.0,1.0,1.0,552,0.9999999999999997,1.0000000000000004,1.0,1.0,1.0000000000000002,552,1.0,1.3571428571428572,1.0066117667953638,1.0,1.0136363636363614,552,0.9999999999999997,1.0000000000000004,1.0,1.0,1.0000000000000002,552,552.0,0.0,0.0,0.0,552.0,552.0,0.0,0.0,0.0,0.0,0.0,0.0,1.0,0.0,0.0,1584.0,3146.0,1584.0,2509056.0,14426.265163347125,0.0,0.0,0.0,0.0,0.0,0.0,0.0,0.0,0.0,0.0,0.0,0.0,0.0,0.0,0.0,0.0,16733.589701354504
115,6900000000000,1584.0,1584.0,1584.0,1584.0,1584.0,1584,24.0,24.0,24.0,24.0,24.0,1584,0.0,0.0,0.0,0.0,0.0,1584,3.0,8.0,4.207070707070707,4.0,5.0,1584,0.0,0.0,0.0,0.0,0.0,0,0.0,0.0,0.0,0.0,0.0,0,1.0,1.0,1.0,1.0,1.0,552,0.9999999999999997,1.0000000000000002,1.0,1.0,1.0000000000000002,552,1.0,1.3333333333333333,1.008651599114268,1.0,1.0666666666666667,552,0.9999999999999997,1.0000000000000002,1.0,1.0,1.0000000000000002,552,552.0,0.0,0.0,0.0,552.0,552.0,0.0,0.0,0.0,0.0,0.0,0.0,1.0,0.0,0.0,1584.0,3146.0,1584.0,2509056.0,15876.086000353098,0.0,0.0,0.0,0.0,0.0,0.0,0.0,0.0,0.0,0.0,0.0,0.0,0.0,0.0,0.0,0.0,18190.544735640287
116,6960000000000,1584.0,1584.0,1584.0,1584.0,1584.0,1584,24.0,24.0,24.0,24.0,24.0,1584,0.0,0.0,0.0,0.0,0.0,1584,3.0,8.0,4.206439393939394,4.0,5.0,1584,0.0,0.0,0.0,0.0,0.0,0,0.0,0.0,0.0,0.0,0.0,0,1.0,1.0,1.0,1.0,1.0,552,0.9999999999999996,1.0000000000000004,1.0,1.0,1.0000000000000002,552,1.0,1.3333333333333333,1.0042177324878763,1.0,1.0,552,0.9999999999999996,1.0000000000000004,1.0,1.0,1.0000000000000002,552,552.0,0.0,0.0,0.0,552.0,552.0,0.0,0.0,0.0,0.0,0.0,0.0,1.0,0.0,0.0,1584.0,3146.0,1584.0,2509056.0,14136.818990111351,0.0,0.0,0.0,0.0,0.0,0.0,0.0,0.0,0.0,0.0,0.0,0.0,0.0,0.0,0.0,0.0,16460.31383983791
117,7020000000000,1584.0,1584.0,1584.0,1584.0,1584.0,1584,24.0,24.0,24.0,24.0,24.0,1584,0.0,0.0,0.0,0.0,0.0,1584,3.0,8.0,4.20580808080808,4.0,5.0,1584,0.0,0.0,0.0,0.0,0.0,0,0.0,0.0,0.0,0.0,0.0,0,1.0,1.0,1.0,1.0,1.0,552,0.9999999999999996,1.0000000000000002,1.0,1.0,1.0000000000000002,552,1.0,1.3333333333333333,1.0065839534216834,1.0,1.047597254004576,552,0.9999999999999996,1.0000000000000002,1.0,1.0,1.0000000000000002,552,552.0,0.0,0.0,0.0,552.0,552.0,0.0,0.0,0.0,0.0,0.0,0.0,1.0,0.0,0.0,1584.0,3146.0,1584.0,2509056.0,15806.09298683703,0.0,0.0,0.0,0.0,0.0,0.0,0.0,0.0,0.0,0.0,0.0,0.0,0.0,0.0,0.0,0.0,18135.178526863456
118,7080000000000,1584.0,1584.0,1584.0,1584.0,1584.0,1584,24.0,24.0,24.0,24.0,24.0,1584,0.0,0.0,0.0,0.0,0.0,1584,3.0,8.0,4.200757575757576,4.0,5.0,1584,0.0,0.0,0.0,0.0,0.0,0,0.0,0.0,0.0,0.0,0.0,0,1.0,1.0,1.0,1.0,1.0,552,0.9999999999999996,1.0000000000000004,1.0,1.0,1.0000000000000002,552,1.0,1.3076923076923077,1.006857079270673,1.0,1.0539473684210525,552,0.9999999999999996,1.0000000000000004,1.0,1.0,1.0000000000000002,552,552.0,0.0,0.0,0.0,552.0,552.0,0.0,0.0,0.0,0.0,0.0,0.0,1.0,0.0,0.0,1584.0,3146.0,1584.0,2509056.0,14402.01161429286,0.0,0.0,0.0,0.0,0.0,0.0,0.0,0.0,0.0,0.0,0.0,0.0,0.0,0.0,0.0,0.0,16641.185333952308
119,7140000000000,1584.0,1584.0,1584.0,1584.0,1584.0,1584,24.0,24.0,24.0,24.0,24.0,1584,0.0,0.0,0.0,0.0,0.0,1584,3.0,8.0,4.204545454545454,4.0,5.0,1584,0.0,0.0,0.0,0.0,0.0,0,0.0,0.0,0.0,0.0,0.0,0,1.0,1.0,1.0,1.0,1.0,552,0.9999999999999997,1.0000000000000004,1.0,1.0,1.0000000000000002,552,1.0,1.1818181818181819,1.0045236167658618,1.0,1.0332591768631811,552,0.9999999999999997,1.0000000000000004,1.0,1.0,1.0000000000000002,552,552.0,0.0,0.0,0.0,552.0,552.0,0.0,0.0,0.0,0.0,0.0,0.0,1.0,0.0,0.0,1584.0,3146.0,1584.0,2509056.0,15643.183948472142,0.0,0.0,0.0,0.0,0.0,0.0,0.0,0.0,0.0,0.0,0.0,0.0,0.0,0.0,0.0,0.0,17915.60783982277
120,7200000000000,1584.0,1584.0,1584.0,1584.0,1584.0,1584,24.0,24.0,24.0,24.0,24.0,1584,0.0,0.0,0.0,0.0,0.0,1584,3.0,8.0,4.203282828282828,4.0,5.0,1584,0.0,0.0,0.0,0.0,0.0,0,0.0,0.0,0.0,0.0,0.0,0,1.0,1.0,1.0,1.0,1.0,552,0.9999999999999996,1.0000000000000002,1.0,1.0,1.0000000000000002,552,1.0,1.3333333333333333,1.0094481111973532,1.0,1.0666666666666667,552,0.9999999999999996,1.0000000000000002,1.0,1.0,1.0000000000000002,552,552.0,0.0,0.0,0.0,552.0,552.0,0.0,0.0,0.0,0.0,0.0,0.0,1.0,0.0,0.0,1584.0,3146.0,1584.0,2509056.0,13944.79563087225,0.0,0.0,0.0,0.0,0.0,0.0,0.0,0.0,0.0,0.0,0.0,0.0,0.0,0.0,0.0,0.0,16234.413776546717
121,7260000000000,1584.0,1584.0,1584.0,1584.0,1584.0,1584,24.0,24.0,24.0,24.0,24.0,1584,0.0,0.0,0.0,0.0,0.0,1584,3.0,8.0,4.202651515151516,4.0,5.0,1584,0.0,0.0,0.0,0.0,0.0,0,0.0,0.0,0.0,0.0,0.0,0,1.0,1.0,1.0,1.0,1.0,552,0.9999999999999996,1.0000000000000004,1.0,1.0,1.0000000000000002,552,1.0,1.3333333333333333,1.0074646770721118,1.0,1.0555555555555556,552,0.9999999999999996,1.0000000000000004,1.0,1.0,1.0000000000000002,552,552.0,0.0,0.0,0.0,552.0,552.0,0.0,0.0,0.0,0.0,0.0,0.0,1.0,0.0,0.0,1584.0,3146.0,1584.0,2509056.0,15596.716774627566,0.0,0.0,0.0,0.0,0.0,0.0,0.0,0.0,0.0,0.0,0.0,0.0,0.0,0.0,0.0,0.0,17886.459469795227
122,7320000000000,1584.0,1584.0,1584.0,1584.0,1584.0,1584,24.0,24.0,24.0,24.0,24.0,1584,0.0,0.0,0.0,0.0,0.0,1584,3.0,8.0,4.2102272727272725,4.0,5.0,1584,0.0,0.0,0.0,0.0,0.0,0,0.0,0.0,0.0,0.0,0.0,0,1.0,1.0,1.0,1.0,1.0,552,0.9999999999999997,1.0000000000000002,1.0,1.0,1.0000000000000002,552,1.0,1.3076923076923077,1.004994793877798,1.0,1.0281100478468896,552,0.9999999999999997,1.0000000000000002,1.0,1.0,1.0000000000000002,552,552.0,0.0,0.0,0.0,552.0,552.0,0.0,0.0,0.0,0.0,0.0,0.0,1.0,0.0,0.0,1584.0,3146.0,1584.0,2509056.0,13895.099826157093,0.0,0.0,0.0,0.0,0.0,0.0,0.0,0.0,0.0,0.0,0.0,0.0,0.0,0.0,0.0,0.0,16272.586548700929
123,7380000000000,1584.0,1584.0,1584.0,1584.0,1584.0,1584,24.0,24.0,24.0,24.0,24.0,1584,0.0,0.0,0.0,0.0,0.0,1584,3.0,8.0,4.202020202020202,4.0,5.0,1584,0.0,0.0,0.0,0.0,0.0,0,0.0,0.0,0.0,0.0,0.0,0,1.0,1.0,1.0,1.0,1.0,552,0.9999999999999997,1.0000000000000004,1.0,1.0,1.0000000000000002,552,1.0,1.3333333333333333,1.0068108768503141,1.0,1.05,552,0.9999999999999997,1.0000000000000004,1.0,1.0,1.0000000000000002,552,552.0,0.0,0.0,0.0,552.0,552.0,0.0,0.0,0.0,0.0,0.0,0.0,1.0,0.0,0.0,1584.0,3146.0,1584.0,2509056.0,15395.406570285559,0.0,0.0,0.0,0.0,0.0,0.0,0.0,0.0,0.0,0.0,0.0,0.0,0.0,0.0,0.0,0.0,17681.15033581853
124,7440000000000,1584.0,1584.0,1584.0,1584.0,1584.0,1584,24.0,24.0,24.0,24.0,24.0,1584,0.0,0.0,0.0,0.0,0.0,1584,3.0,8.0,4.203282828282828,4.0,5.0,1584,0.0,0.0,0.0,0.0,0.0,0,0.0,0.0,0.0,0.0,0.0,0,1.0,1.0,1.0,1.0,1.0,552,0.9999999999999998,1.0000000000000002,1.0,1.0,1.0000000000000002,552,1.0,1.3333333333333333,1.0064653005894613,1.0,1.047597254004576,552,0.9999999999999998,1.0000000000000002,1.0,1.0,1.0000000000000002,552,552.0,0.0,0.0,0.0,552.0,552.0,0.0,0.0,0.0,0.0,0.0,0.0,1.0,0.0,0.0,1584.0,3146.0,1584.0,2509056.0,13538.48360478878,0.0,0.0,0.0,0.0,0.0,0.0,0.0,0.0,0.0,0.0,0.0,0.0,0.0,0.0,0.0,0.0,15812.854686751962
125,7500000000000,1584.0,1584.0,1584.0,1584.0,1584.0,1584,24.0,24.0,24.0,24.0,24.0,1584,0.0,0.0,0.0,0.0,0.0,1584,3.0,8.0,4.203282828282828,4.0,5.0,1584,0.0,0.0,0.0,0.0,0.0,0,0.0,0.0,0.0,0.0,0.0,0,1.0,1.0,1.0,1.0,1.0,552,0.9999999999999997,1.0000000000000004,1.0,1.0,1.0000000000000002,552,1.0,1.3333333333333333,1.006450510093724,1.0,1.048690476190476,552,0.9999999999999997,1.0000000000000004,1.0,1.0,1.0000000000000002,552,552.0,0.0,0.0,0.0,552.0,552.0,0.0,0.0,0.0,0.0,0.0,0.0,1.0,0.0,0.0,1584.0,3146.0,1584.0,2509056.0,14538.74383494258,0.0,0.0,0.0,0.0,0.0,0.0,0.0,0.0,0.0,0.0,0.0,0.0,0.0,0.0,0.0,0.0,16817.405914887786
126,7560000000000,1584.0,1584.0,1584.0,1584.0,1584.0,1584,24.0,24.0,24.0,24.0,24.0,1584,0.0,0.0,0.0,0.0,0.0,1584,3.0,8.0,4.207070707070707,4.0,5.0,1584,0.0,0.0,0.0,0.0,0.0,0,0.0,0.0,0.0,0.0,0.0,0,1.0,1.0,1.0,1.0,1.0,552,0.9999999999999996,1.0000000000000004,1.0,1.0,1.0000000000000002,552,1.0,1.3333333333333333,1.0067271754286289,1.0,1.0498746867167916,552,0.9999999999999996,1.0000000000000004,1.0,1.0,1.0000000000000002,552,552.0,0.0,0.0,0.0,552.0,552.0,0.0,0.0,0.0,0.0,0.0,0.0,1.0,0.0,0.0,1584.0,3146.0,1584.0,2509056.0,13141.887120902538,0.0,0.0,0.0,0.0,0.0,0.0,0.0,0.0,0.0,0.0,0.0,0.0,0.0,0.0,0.0,0.0,15453.308679163456
127,7620000000000,1584.0,1584.0,1584.0,1584.0,1584.0,1584,24.0,24.0,24.0,24.0,24.0,1584,0.0,0.0,0.0,0.0,0.0,1584,3.0,8.0,4.1982323232323235,4.0,5.0,1584,0.0,0.0,0.0,0.0,0.0,0,0.0,0.0,0.0,0.0,0.0,0,1.0,1.0,1.0,1.0,1.0,552,0.9999999999999997,1.0000000000000004,1.0,1.0,1.0000000000000002,552,1.0,1.2857142857142858,1.0050715999587074,1.0,1.0344827586206897,552,0.9999999999999997,1.0000000000000004,1.0,1.0,1.0000000000000002,552,552.0,0.0,0.0,0.0,552.0,552.0,0.0,0.0,0.0,0.0,0.0,0.0,1.0,0.0,0.0,1584.0,3146.0,1584.0,2509056.0,14083.743311464787,0.0,0.0,0.0,0.0,0.0,0.0,0.0,0.0,0.0,0.0,0.0,0.0,0.0,0.0,0.0,0.0,16409.82522070408
128,7680000000000,1584.0,1584.0,1584.0,1584.0,1584.0,1584,24.0,24.0,24.0,24.0,24.0,1584,0.0,0.0,0.0,0.0,0.0,1584,3.0,8.0,4.203282828282828,4.0,5.0,1584,0.0,0.0,0.0,0.0,0.0,0,0.0,0.0,0.0,0.0,0.0,0,1.0,1.0,1.0,1.0,1.0,552,0.9999999999999996,1.0000000000000004,1.0,1.0,1.0000000000000002,552,1.0,1.3333333333333333,1.0064525215130613,1.0,1.0476190476190477,552,0.9999999999999996,1.0000000000000004,1.0,1.0,1.0000000000000002,552,552.0,0.0,0.0,0.0,552.0,552.0,0.0,0.0,0.0,0.0,0.0,0.0,1.0,0.0,0.0,1584.0,3146.0,1584.0,2509056.0,13140.17766714096,0.0,0.0,0.0,0.0,0.0,0.0,0.0,0.0,0.0,0.0,0.0,0.0,0.0,0.0,0.0,0.0,15430.835606530309
129,7740000000000,1584.0,1584.0,1584.0,1584.0,1584.0,1584,24.0,24.0,24.0,24.0,24.0,1584,0.0,0.0,0.0,0.0,0.0,1584,3.0,8.0,4.203282828282828,4.0,5.0,1584,0.0,0.0,0.0,0.0,0.0,0,0.0,0.0,0.0,0.0,0.0,0,1.0,1.0,1.0,1.0,1.0,552,0.9999999999999997,1.0000000000000004,1.0,1.0,1.0000000000000002,552,1.0,1.2222222222222223,1.0041188833992465,1.0,1.0344086021505372,552,0.9999999999999997,1.0000000000000004,1.0,1.0,1.0000000000000002,552,552.0,0.0,0.0,0.0,552.0,552.0,0.0,0.0,0.0,0.0,0.0,0.0,1.0,0.0,0.0,1584.0,3146.0,1584.0,2509056.0,14768.040370196104,0.0,0.0,0.0,0.0,0.0,0.0,0.0,0.0,0.0,0.0,0.0,0.0,0.0,0.0,0.0,0.0,17070.885609835386
130,7800000000000,1584.0,1584.0,1584.0,1584.0,1584.0,1584,24.0,24.0,24.0,24.0,24.0,1584,0.0,0.0,0.0,0.0,0.0,1584,3.0,8.0,4.206439393939394,4.0,5.0,1584,0.0,0.0,0.0,0.0,0.0,0,0.0,0.0,0.0,0.0,0.0,0,1.0,1.0,1.0,1.0,1.0,552,0.9999999999999997,1.0000000000000004,1.0,1.0,1.0000000000000002,552,1.0,1.3333333333333333,1.0079512416542322,1.0,1.0666666666666667,552,0.9999999999999997,1.0000000000000004,1.0,1.0,1.0000000000000002,552,552.0,0.0,0.0,0.0,552.0,552.0,0.0,0.0,0.0,0.0,0.0,0.0,1.0,0.0,0.0,1584.0,3146.0,1584.0,2509056.0,13583.777545019984,0.0,0.0,0.0,0.0,0.0,0.0,0.0,0.0,0.0,0.0,0.0,0.0,0.0,0.0,0.0,0.0,15915.893787518144
131,7860000000000,1584.0,1584.0,1584.0,1584.0,1584.0,1584,24.0,24.0,24.0,24.0,24.0,1584,0.0,0.0,0.0,0.0,0.0,1584,3.0,8.0,4.203282828282828,4.0,5.0,1584,0.0,0.0,0.0,0.0,0.0,0,0.0,0.0,0.0,0.0,0.0,0,1.0,1.0,1.0,1.0,1.0,552,0.9999999999999997,1.0000000000000002,1.0,1.0,1.0,552,1.0,1.2857142857142858,1.0064526916873144,1.0,1.0524999999999995,552,0.9999999999999997,1.0000000000000002,1.0,1.0,1.0,552,552.0,0.0,0.0,0.0,552.0,552.0,0.0,0.0,0.0,0.0,0.0,0.0,1.0,0.0,0.0,1584.0,3146.0,1584.0,2509056.0,15007.480271160603,0.0,0.0,0.0,0.0,0.0,0.0,0.0,0.0,0.0,0.0,0.0,0.0,0.0,0.0,0.0,0.0,17315.19717350602
132,7920000000000,1584.0,1584.0,1584.0,1584.0,1584.0,1584,24.0,24.0,24.0,24.0,24.0,1584,0.0,0.0,0.0,0.0,0.0,1584,3.0,8.0,4.19949494949495,4.0,5.0,1584,0.0,0.0,0.0,0.0,0.0,0,0.0,0.0,0.0,0.0,0.0,0,1.0,1.0,1.0,1.0,1.0,552,0.9999999999999998,1.0000000000000004,1.0,1.0,1.0000000000000002,552,1.0,1.3571428571428572,1.0059093339670242,1.0,1.04,552,0.9999999999999998,1.0000000000000004,1.0,1.0,1.0000000000000002,552,552.0,0.0,0.0,0.0,552.0,552.0,0.0,0.0,0.0,0.0,0.0,0.0,1.0,0.0,0.0,1584.0,3146.0,1584.0,2509056.0,13980.488305911422,0.0,0.0,0.0,0.0,0.0,0.0,0.0,0.0,0.0,0.0,0.0,0.0,0.0,0.0,0.0,0.0,16237.010506913066
133,7980000000000,1584.0,1584.0,1584.0,1584.0,1584.0,1584,24.0,24.0,24.0,24.0,24.0,1584,0.0,0.0,0.0,0.0,0.0,1584,3.0,8.0,4.203282828282828,4.0,5.0,1584,0.0,0.0,0.0,0.0,0.0,0,0.0,0.0,0.0,0.0,0.0,0,1.0,1.0,1.0,1.0,1.0,552,0.9999999999999997,1.0000000000000002,1.0,1.0,1.0000000000000002,552,1.0,1.3333333333333333,1.0074000207514662,1.0,1.0526315789473684,552,0.9999999999999997,1.0000000000000002,1.0,1.0,1.0000000000000002,552,552.0,0.0,0.0,0.0,552.0,552.0,0.0,0.0,0.0,0.0,0.0,0.0,1.0,0.0,0.0,1584.0,3146.0,1584.0,2509056.0,15193.227658048272,0.0,0.0,0.0,0.0,0.0,0.0,0.0,0.0,0.0,0.0,0.0,0.0,0.0,0.0,0.0,0.0,17450.165649876
134,8040000000000,1584.0,1584.0,1584.0,1584.0,1584.0,1584,24.0,24.0,24.0,24.0,24.0,1584,0.0,0.0,0.0,0.0,0.0,1584,3.0,8.0,4.202020202020202,4.0,5.0,1584,0.0,0.0,0.0,0.0,0.0,0,0.0,0.0,0.0,0.0,0.0,0,1.0,1.0,1.0,1.0,1.0,552,0.9999999999999997,1.0000000000000002,1.0,1.0,1.0000000000000002,552,1.0,1.2,1.0065036367860418,1.0,1.0588235294117647,552,0.9999999999999997,1.0000000000000002,1.0,1.0,1.0000000000000002,552,552.0,0.0,0.0,0.0,552.0,552.0,0.0,0.0,0.0,0.0,0.0,0.0,1.0,0.0,0.0,1584.0,3146.0,1584.0,2509056.0,13699.182035401464,0.0,0.0,0.0,0.0,0.0,0.0,0.0,0.0,0.0,0.0,0.0,0.0,0.0,0.0,0.0,0.0,15966.825408861041
135,8100000000000,1584.0,1584.0,1584.0,1584.0,1584.0,1584,24.0,24.0,24.0,24.0,24.0,1584,0.0,0.0,0.0,0.0,0.0,1584,3.0,8.0,4.208964646464646,4.0,5.0,1584,0.0,0.0,0.0,0.0,0.0,0,0.0,0.0,0.0,0.0,0.0,0,1.0,1.0,1.0,1.0,1.0,552,0.9999999999999998,1.0000000000000004,1.0,1.0,1.0000000000000002,552,1.0,1.3333333333333333,1.0060577104866528,1.0,1.0555555555555556,552,0.9999999999999998,1.0000000000000004,1.0,1.0,1.0000000000000002,552,552.0,0.0,0.0,0.0,552.0,552.0,0.0,0.0,0.0,0.0,0.0,0.0,1.0,0.0,0.0,1584.0,3146.0,1584.0,2509056.0,14708.879921585321,0.0,0.0,0.0,0.0,0.0,0.0,0.0,0.0,0.0,0.0,0.0,0.0,0.0,0.0,0.0,0.0,17030.28654679656
136,8160000000000,1584.0,1584.0,1584.0,1584.0,1584.0,1584,24.0,24.0,24.0,24.0,24.0,1584,0.0,0.0,0.0,0.0,0.0,1584,3.0,8.0,4.198863636363637,4.0,5.0,1584,0.0,0.0,0.0,0.0,0.0,0,0.0,0.0,0.0,0.0,0.0,0,1.0,1.0,1.0,1.0,1.0,552,0.9999999999999997,1.0000000000000002,1.0,1.0,1.0000000000000002,552,1.0,1.3846153846153846,1.0068837532996577,1.0,1.0555555555555556,552,0.9999999999999997,1.0000000000000002,1.0,1.0,1.0000000000000002,552,552.0,0.0,0.0,0.0,552.0,552.0,0.0,0.0,0.0,0.0,0.0,0.0,1.0,0.0,0.0,1584.0,3146.0,1584.0,2509056.0,13225.888775661588,0.0,0.0,0.0,0.0,0.0,0.0,0.0,0.0,0.0,0.0,0.0,0.0,0.0,0.0,0.0,0.0,15488.741477951407
137,8220000000000,1584.0,1584.0,1584.0,1584.0,1584.0,1584,24.0,24.0,24.0,24.0,24.0,1584,0.0,0.0,0.0,0.0,0.0,1584,3.0,8.0,4.206439393939394,4.0,5.0,1584,0.0,0.0,0.0,0.0,0.0,0,0.0,0.0,0.0,0.0,0.0,0,1.0,1.0,1.0,1.0,1.0,552,0.9999999999999997,1.0000000000000004,1.0,1.0,1.0000000000000002,552,1.0,1.3076923076923077,1.0066652708558286,1.0,1.0526315789473684,552,0.9999999999999997,1.0000000000000004,1.0,1.0,1.0000000000000002,552,552.0,0.0,0.0,0.0,552.0,552.0,0.0,0.0,0.0,0.0,0.0,0.0,1.0,0.0,0.0,1584.0,3146.0,1584.0,2509056.0,14449.412936344743,0.0,0.0,0.0,0.0,0.0,0.0,0.0,0.0,0.0,0.0,0.0,0.0,0.0,0.0,0.0,0.0,16764.52004350722
138,8280000000000,1584.0,1584.0,1584.0,1584.0,1584.0,1584,24.0,24.0,24.0,24.0,24.0,1584,0.0,0.0,0.0,0.0,0.0,1584,3.0,8.0,4.203914141414141,4.0,5.0,1584,0.0,0.0,0.0,0.0,0.0,0,0.0,0.0,0.0,0.0,0.0,0,1.0,1.0,1.0,1.0,1.0,552,0.9999999999999997,1.0000000000000002,1.0,1.0,1.0000000000000002,552,1.0,1.1818181818181819,1.0067779934656207,1.0,1.0604779411764704,552,0.9999999999999997,1.0000000000000002,1.0,1.0,1.0000000000000002,552,552.0,0.0,0.0,0.0,552.0,552.0,0.0,0.0,0.0,0.0,0.0,0.0,1.0,0.0,0.0,1584.0,3146.0,1584.0,2509056.0,12949.451394379139,0.0,0.0,0.0,0.0,0.0,0.0,0.0,0.0,0.0,0.0,0.0,0.0,0.0,0.0,0.0,0.0,15263.48833180964
139,8340000000000,1584.0,1584.0,1584.0,1584.0,1584.0,1584,24.0,24.0,24.0,24.0,24.0,1584,0.0,0.0,0.0,0.0,0.0,1584,3.0,8.0,4.200126262626263,4.0,5.0,1584,0.0,0.0,0.0,0.0,0.0,0,0.0,0.0,0.0,0.0,0.0,0,1.0,1.0,1.0,1.0,1.0,552,0.9999999999999997,1.0000000000000002,1.0,1.0,1.0000000000000002,552,1.0,1.1818181818181819,1.0075488543425706,1.0,1.0700738916256156,552,0.9999999999999997,1.0000000000000002,1.0,1.0,1.0000000000000002,552,552.0,0.0,0.0,0.0,552.0,552.0,0.0,0.0,0.0,0.0,0.0,0.0,1.0,0.0,0.0,1584.0,3146.0,1584.0,2509056.0,14346.71350568533,0.0,0.0,0.0,0.0,0.0,0.0,0.0,0.0,0.0,0.0,0.0,0.0,0.0,0.0,0.0,0.0,16600.19712150097
140,8400000000000,1584.0,1584.0,1584.0,1584.0,1584.0,1584,24.0,24.0,24.0,24.0,24.0,1584,0.0,0.0,0.0,0.0,0.0,1584,3.0,8.0,4.203282828282828,4.0,5.0,1584,0.0,0.0,0.0,0.0,0.0,0,0.0,0.0,0.0,0.0,0.0,0,1.0,1.0,1.0,1.0,1.0,552,0.9999999999999997,1.0000000000000004,1.0,1.0,1.0000000000000002,552,1.0,1.2105263157894737,1.0048258328633424,1.0,1.0376780626780626,552,0.9999999999999997,1.0000000000000004,1.0,1.0,1.0000000000000002,552,552.0,0.0,0.0,0.0,552.0,552.0,0.0,0.0,0.0,0.0,0.0,0.0,1.0,0.0,0.0,1584.0,3146.0,1584.0,2509056.0,12905.275920405984,0.0,0.0,0.0,0.0,0.0,0.0,0.0,0.0,0.0,0.0,0.0,0.0,0.0,0.0,0.0,0.0,15190.076518803835
141,8460000000000,1584.0,1584.0,1584.0,1584.0,1584.0,1584,24.0,24.0,24.0,24.0,24.0,1584,0.0,0.0,0.0,0.0,0.0,1584,3.0,8.0,4.203282828282828,4.0,5.0,1584,0.0,0.0,0.0,0.0,0.0,0,0.0,0.0,0.0,0.0,0.0,0,1.0,1.0,1.0,1.0,1.0,552,0.9999999999999998,1.0000000000000002,1.0,1.0,1.0000000000000002,552,1.0,1.3333333333333333,1.0064261338531846,1.0,1.045341614906832,552,0.9999999999999998,1.0000000000000002,1.0,1.0,1.0000000000000002,552,552.0,0.0,0.0,0.0,552.0,552.0,0.0,0.0,0.0,0.0,0.0,0.0,1.0,0.0,0.0,1584.0,3146.0,1584.0,2509056.0,14393.578577786684,0.0,0.0,0.0,0.0,0.0,0.0,0.0,0.0,0.0,0.0,0.0,0.0,0.0,0.0,0.0,0.0,16723.391255363822
142,8520000000000,1584.0,1584.0,1584.0,1584.0,1584.0,1584,24.0,24.0,24.0,24.0,24.0,1584,0.0,0.0,0.0,0.0,0.0,1584,3.0,8.0,4.196338383838384,4.0,5.0,1584,0.0,0.0,0.0,0.0,0.0,0,0.0,0.0,0.0,0.0,0.0,0,1.0,1.0,1.0,1.0,1.0,552,0.9999999999999998,1.0000000000000002,1.0,1.0,1.0000000000000002,552,1.0,1.3333333333333333,1.0048131155987612,1.0,1.0,552,0.9999999999999998,1.0000000000000002,1.0,1.0,1.0000000000000002,552,552.0,0.0,0.0,0.0,552.0,552.0,0.0,0.0,0.0,0.0,0.0,0.0,1.0,0.0,0.0,1584.0,3146.0,1584.0,2509056.0,12939.231419935822,0.0,0.0,0.0,0.0,0.0,0.0,0.0,0.0,0.0,0.0,0.0,0.0,0.0,0.0,0.0,0.0,15192.390346899629
143,8580000000000,1584.0,1584.0,1584.0,1584.0,1584.0,1584,24.0,24.0,24.0,24.0,24.0,1584,0.0,0.0,0.0,0.0,0.0,1584,3.0,8.0,4.208964646464646,4.0,5.0,1584,0.0,0.0,0.0,0.0,0.0,0,0.0,0.0,0.0,0.0,0.0,0,1.0,1.0,1.0,1.0,1.0,552,0.9999999999999997,1.0000000000000002,1.0,1.0,1.0000000000000002,552,1.0,1.3076923076923077,1.0058348017224557,1.0,1.04,552,0.9999999999999997,1.0000000000000002,1.0,1.0,1.0000000000000002,552,552.0,0.0,0.0,0.0,552.0,552.0,0.0,0.0,0.0,0.0,0.0,0.0,1.0,0.0,0.0,1584.0,3146.0,1584.0,2509056.0,15011.20356284082,0.0,0.0,0.0,0.0,0.0,0.0,0.0,0.0,0.0,0.0,0.0,0.0,0.0,0.0,0.0,0.0,17321.832029148936
144,8640000000000,1584.0,1584.0,1584.0,1584.0,1584.0,1584,24.0,24.0,24.0,24.0,24.0,1584,0.0,0.0,0.0,0.0,0.0,1584,3.0,8.0,4.20770202020202,4.0,5.0,1584,0.0,0.0,0.0,0.0,0.0,0,0.0,0.0,0.0,0.0,0.0,0,1.0,1.0,1.0,1.0,1.0,552,0.9999999999999997,1.0000000000000002,1.0,1.0,1.0,552,1.0,1.3571428571428572,1.0072037737257318,1.0,1.0526315789473684,552,0.9999999999999997,1.0000000000000002,1.0,1.0,1.0,552,552.0,0.0,0.0,0.0,552.0,552.0,0.0,0.0,0.0,0.0,0.0,0.0,1.0,0.0,0.0,1584.0,3146.0,1584.0,2509056.0,14680.107636377215,0.0,0.0,0.0,0.0,0.0,0.0,0.0,0.0,0.0,0.0,0.0,0.0,0.0,0.0,0.0,0.0,17040.46487621963
145,8700000000000,1584.0,1584.0,1584.0,1584.0,1584.0,1584,24.0,24.0,24.0,24.0,24.0,1584,0.0,0.0,0.0,0.0,0.0,1584,3.0,8.0,4.204545454545454,4.0,5.0,1584,0.0,0.0,0.0,0.0,0.0,0,0.0,0.0,0.0,0.0,0.0,0,1.0,1.0,1.0,1.0,1.0,552,0.9999999999999997,1.0000000000000004,1.0,1.0,1.0000000000000002,552,1.0,1.2857142857142858,1.00487729262768,1.0,1.0399038461538461,552,0.9999999999999997,1.0000000000000004,1.0,1.0,1.0000000000000002,552,552.0,0.0,0.0,0.0,552.0,552.0,0.0,0.0,0.0,0.0,0.0,0.0,1.0,0.0,0.0,1584.0,3146.0,1584.0,2509056.0,15988.925969228148,0.0,0.0,0.0,0.0,0.0,0.0,0.0,0.0,0.0,0.0,0.0,0.0,0.0,0.0,0.0,0.0,18279.588347300887
146,8760000000000,1584.0,1584.0,1584.0,1584.0,1584.0,1584,24.0,24.0,24.0,24.0,24.0,1584,0.0,0.0,0.0,0.0,0.0,1584,3.0,8.0,4.205176767676767,4.0,5.0,1584,0.0,0.0,0.0,0.0,0.0,0,0.0,0.0,0.0,0.0,0.0,0,1.0,1.0,1.0,1.0,1.0,552,0.9999999999999997,1.0000000000000004,1.0,1.0,1.0000000000000002,552,1.0,1.3333333333333333,1.0065802127394394,1.0,1.0511842105263156,552,0.9999999999999997,1.0000000000000004,1.0,1.0,1.0000000000000002,552,552.0,0.0,0.0,0.0,552.0,552.0,0.0,0.0,0.0,0.0,0.0,0.0,1.0,0.0,0.0,1584.0,3146.0,1584.0,2509056.0,16350.689703598619,0.0,0.0,0.0,0.0,0.0,0.0,0.0,0.0,0.0,0.0,0.0,0.0,0.0,0.0,0.0,0.0,18612.205592915416
147,8820000000000,1584.0,1584.0,1584.0,1584.0,1584.0,1584,24.0,24.0,24.0,24.0,24.0,1584,0.0,0.0,0.0,0.0,0.0,1584,3.0,8.0,4.1982323232323235,4.0,5.0,1584,0.0,0.0,0.0,0.0,0.0,0,0.0,0.0,0.0,0.0,0.0,0,1.0,1.0,1.0,1.0,1.0,552,0.9999999999999997,1.0000000000000002,1.0,1.0,1.0000000000000002,552,1.0,1.3333333333333333,1.0049904953597268,1.0,1.0,552,0.9999999999999997,1.0000000000000002,1.0,1.0,1.0000000000000002,552,552.0,0.0,0.0,0.0,552.0,552.0,0.0,0.0,0.0,0.0,0.0,0.0,1.0,0.0,0.0,1584.0,3146.0,1584.0,2509056.0,14532.6679777354,0.0,0.0,0.0,0.0,0.0,0.0,0.0,0.0,0.0,0.0,0.0,0.0,0.0,0.0,0.0,0.0,16758.22877511382
148,8880000000000,1584.0,1584.0,1584.0,1584.0,1584.0,1584,24.0,24.0,24.0,24.0,24.0,1584,0.0,0.0,0.0,0.0,0.0,1584,3.0,8.0,4.203914141414141,4.0,5.0,1584,0.0,0.0,0.0,0.0,0.0,0,0.0,0.0,0.0,0.0,0.0,0,1.0,1.0,1.0,1.0,1.0,552,0.9999999999999996,1.0000000000000002,1.0,1.0,1.0000000000000002,552,1.0,1.3571428571428572,1.0072866310750392,1.0,1.0586805555555552,552,0.9999999999999996,1.0000000000000002,1.0,1.0,1.0000000000000002,552,552.0,0.0,0.0,0.0,552.0,552.0,0.0,0.0,0.0,0.0,0.0,0.0,1.0,0.0,0.0,1584.0,3146.0,1584.0,2509056.0,15699.193252250552,0.0,0.0,0.0,0.0,0.0,0.0,0.0,0.0,0.0,0.0,0.0,0.0,0.0,0.0,0.0,0.0,17984.342047944665
149,8940000000000,1584.0,1584.0,1584.0,1584.0,1584.0,1584,24.0,24.0,24.0,24.0,24.0,1584,0.0,0.0,0.0,0.0,0.0,1584,3.0,8.0,4.208333333333333,4.0,5.0,1584,0.0,0.0,0.0,0.0,0.0,0,0.0,0.0,0.0,0.0,0.0,0,1.0,1.0,1.0,1.0,1.0,552,0.9999999999999996,1.0000000000000004,1.0,1.0,1.0000000000000002,552,1.0,1.2142857142857142,1.0051554834282423,1.0,1.05,552,0.9999999999999996,1.0000000000000004,1.0,1.0,1.0000000000000002,552,552.0,0.0,0.0,0.0,552.0,552.0,0.0,0.0,0.0,0.0,0.0,0.0,1.0,0.0,0.0,1584.0,3146.0,1584.0,2509056.0,15171.120202168822,0.0,0.0,0.0,0.0,0.0,0.0,0.0,0.0,0.0,0.0,0.0,0.0,0.0,0.0,0.0,0.0,17539.145082235336
150,9000000000000,1584.0,1584.0,1584.0,1584.0,1584.0,1584,24.0,24.0,24.0,24.0,24.0,1584,0.0,0.0,0.0,0.0,0.0,1584,3.0,8.0,4.206439393939394,4.0,5.0,1584,0.0,0.0,0.0,0.0,0.0,0,0.0,0.0,0.0,0.0,0.0,0,1.0,1.0,1.0,1.0,1.0,552,0.9999999999999997,1.0000000000000004,1.0,1.0,1.0000000000000002,552,1.0,1.3333333333333333,1.0065505695041665,1.0,1.0498746867167916,552,0.9999999999999997,1.0000000000000004,1.0,1.0,1.0000000000000002,552,552.0,0.0,0.0,0.0,552.0,552.0,0.0,0.0,0.0,0.0,0.0,0.0,1.0,0.0,0.0,1584.0,3146.0,1584.0,2509056.0,13668.085362762213,0.0,0.0,0.0,0.0,0.0,0.0,0.0,0.0,0.0,0.0,0.0,0.0,0.0,0.0,0.0,0.0,16021.371588110924
151,9060000000000,1584.0,1584.0,1584.0,1584.0,1584.0,1584,24.0,24.0,24.0,24.0,24.0,1584,0.0,0.0,0.0,0.0,0.0,1584,3.0,8.0,4.200757575757576,4.0,5.0,1584,0.0,0.0,0.0,0.0,0.0,0,0.0,0.0,0.0,0.0,0.0,0,1.0,1.0,1.0,1.0,1.0,552,0.9999999999999998,1.0000000000000002,1.0,1.0,1.0000000000000002,552,1.0,1.3333333333333333,1.0076910727570152,1.0,1.0666666666666667,552,0.9999999999999998,1.0000000000000002,1.0,1.0,1.0000000000000002,552,552.0,0.0,0.0,0.0,552.0,552.0,0.0,0.0,0.0,0.0,0.0,0.0,1.0,0.0,0.0,1584.0,3146.0,1584.0,2509056.0,14733.327645808458,0.0,0.0,0.0,0.0,0.0,0.0,0.0,0.0,0.0,0.0,0.0,0.0,0.0,0.0,0.0,0.0,17048.460192978382
152,9120000000000,1584.0,1584.0,1584.0,1584.0,1584.0,1584,24.0,24.0,24.0,24.0,24.0,1584,0.0,0.0,0.0,0.0,0.0,1584,3.0,8.0,4.202651515151516,4.0,5.0,1584,0.0,0.0,0.0,0.0,0.0,0,0.0,0.0,0.0,0.0,0.0,0,1.0,1.0,1.0,1.0,1.0,552,0.9999999999999997,1.0000000000000004,1.0,1.0,1.0000000000000002,552,1.0,1.3076923076923077,1.005091233311597,1.0,1.011842105263156,552,0.9999999999999997,1.0000000000000004,1.0,1.0,1.0000000000000002,552,552.0,0.0,0.0,0.0,552.0,552.0,0.0,0.0,0.0,0.0,0.0,0.0,1.0,0.0,0.0,1584.0,3146.0,1584.0,2509056.0,13462.667766958475,0.0,0.0,0.0,0.0,0.0,0.0,0.0,0.0,0.0,0.0,0.0,0.0,0.0,0.0,0.0,0.0,15725.930636748672
153,9180000000000,1584.0,1584.0,1584.0,1584.0,1584.0,1584,24.0,24.0,24.0,24.0,24.0,1584,0.0,0.0,0.0,0.0,0.0,1584,3.0,8.0,4.200126262626263,4.0,5.0,1584,0.0,0.0,0.0,0.0,0.0,0,0.0,0.0,0.0,0.0,0.0,0,1.0,1.0,1.0,1.0,1.0,552,0.9999999999999998,1.0000000000000004,1.0,1.0,1.0000000000000002,552,1.0,1.3571428571428572,1.0064120654562192,1.0,1.0369505494505493,552,0.9999999999999998,1.0000000000000004,1.0,1.0,1.0000000000000002,552,552.0,0.0,0.0,0.0,552.0,552.0,0.0,0.0,0.0,0.0,0.0,0.0,1.0,0.0,0.0,1584.0,3146.0,1584.0,2509056.0,14811.648393049836,0.0,0.0,0.0,0.0,0.0,0.0,0.0,0.0,0.0,0.0,0.0,0.0,0.0,0.0,0.0,0.0,17061.040818691254
154,9240000000000,1584.0,1584.0,1584.0,1584.0,1584.0,1584,24.0,24.0,24.0,24.0,24.0,1584,0.0,0.0,0.0,0.0,0.0,1584,3.0,8.0,4.206439393939394,4.0,5.0,1584,0.0,0.0,0.0,0.0,0.0,0,0.0,0.0,0.0,0.0,0.0,0,1.0,1.0,1.0,1.0,1.0,552,0.9999999999999996,1.0000000000000002,1.0,1.0,1.0,552,1.0,1.3333333333333333,1.0078087055380909,1.0,1.0666666666666667,552,0.9999999999999996,1.0000000000000002,1.0,1.0,1.0,552,552.0,0.0,0.0,0.0,552.0,552.0,0.0,0.0,0.0,0.0,0.0,0.0,1.0,0.0,0.0,1584.0,3146.0,1584.0,2509056.0,13601.992264389992,0.0,0.0,0.0,0.0,0.0,0.0,0.0,0.0,0.0,0.0,0.0,0.0,0.0,0.0,0.0,0.0,15894.640339538455
155,9300000000000,1584.0,1584.0,1584.0,1584.0,1584.0,1584,24.0,24.0,24.0,24.0,24.0,1584,0.0,0.0,0.0,0.0,0.0,1584,3.0,8.0,4.20580808080808,4.0,5.0,1584,0.0,0.0,0.0,0.0,0.0,0,0.0,0.0,0.0,0.0,0.0,0,1.0,1.0,1.0,1.0,1.0,552,0.9999999999999997,1.0000000000000004,1.0,1.0,1.0000000000000002,552,1.0,1.3333333333333333,1.0054328046936434,1.0,1.0,552,0.9999999999999997,1.0000000000000004,1.0,1.0,1.0000000000000002,552,552.0,0.0,0.0,0.0,552.0,552.0,0.0,0.0,0.0,0.0,0.0,0.0,1.0,0.0,0.0,1584.0,3146.0,1584.0,2509056.0,14988.683629781008,0.0,0.0,0.0,0.0,0.0,0.0,0.0,0.0,0.0,0.0,0.0,0.0,0.0,0.0,0.0,0.0,17284.281751140952
156,9360000000000,1584.0,1584.0,1584.0,1584.0,1584.0,1584,24.0,24.0,24.0,24.0,24.0,1584,0.0,0.0,0.0,0.0,0.0,1584,3.0,8.0,4.202020202020202,4.0,5.0,1584,0.0,0.0,0.0,0.0,0.0,0,0.0,0.0,0.0,0.0,0.0,0,1.0,1.0,1.0,1.0,1.0,552,0.9999999999999998,1.0000000000000004,1.0,1.0,1.0000000000000002,552,1.0,1.3333333333333333,1.0073154188152065,1.0,1.0539473684210525,552,0.9999999999999998,1.0000000000000004,1.0,1.0,1.0000000000000002,552,552.0,0.0,0.0,0.0,552.0,552.0,0.0,0.0,0.0,0.0,0.0,0.0,1.0,0.0,0.0,1584.0,3146.0,1584.0,2509056.0,15249.681135639548,0.0,0.0,0.0,0.0,0.0,0.0,0.0,0.0,0.0,0.0,0.0,0.0,0.0,0.0,0.0,0.0,17533.294869586825
157,9420000000000,1584.0,1584.0,1584.0,1584.0,1584.0,1584,24.0,24.0,24.0,24.0,24.0,1584,0.0,0.0,0.0,0.0,0.0,1584,3.0,8.0,4.1982323232323235,4.0,5.0,1584,0.0,0.0,0.0,0.0,0.0,0,0.0,0.0,0.0,0.0,0.0,0,1.0,1.0,1.0,1.0,1.0,552,0.9999999999999998,1.0000000000000002,1.0,1.0,1.0000000000000002,552,1.0,1.3076923076923077,1.0068532100412027,1.0,1.0555555555555556,552,0.9999999999999998,1.0000000000000002,1.0,1.0,1.0000000000000002,552,552.0,0.0,0.0,0.0,552.0,552.0,0.0,0.0,0.0,0.0,0.0,0.0,1.0,0.0,0.0,1584.0,3146.0,1584.0,2509056.0,14302.549378946424,0.0,0.0,0.0,0.0,0.0,0.0,0.0,0.0,0.0,0.0,0.0,0.0,0.0,0.0,0.0,0.0,16540.211712941527
158,9480000000000,1584.0,1584.0,1584.0,1584.0,1584.0,1584,24.0,24.0,24.0,24.0,24.0,1584,0.0,0.0,0.0,0.0,0.0,1584,3.0,8.0,4.204545454545454,4.0,5.0,1584,0.0,0.0,0.0,0.0,0.0,0,0.0,0.0,0.0,0.0,0.0,0,1.0,1.0,1.0,1.0,1.0,552,0.9999999999999997,1.0000000000000002,1.0,1.0,1.0000000000000002,552,1.0,1.1818181818181819,1.0042234210967445,1.0,1.0,552,0.9999999999999997,1.0000000000000002,1.0,1.0,1.0000000000000002,552,552.0,0.0,0.0,0.0,552.0,552.0,0.0,0.0,0.0,0.0,0.0,0.0,1.0,0.0,0.0,1584.0,3146.0,1584.0,2509056.0,15832.902239635587,0.0,0.0,0.0,0.0,0.0,0.0,0.0,0.0,0.0,0.0,0.0,0.0,0.0,0.0,0.0,0.0,18102.39950194955
159,9540000000000,1584.0,1584.0,1584.0,1584.0,1584.0,1584,24.0,24.0,24.0,24.0,24.0,1584,0.0,0.0,0.0,0.0,0.0,1584,3.0,8.0,4.207070707070707,4.0,5.0,1584,0.0,0.0,0.0,0.0,0.0,0,0.0,0.0,0.0,0.0,0.0,0,1.0,1.0,1.0,1.0,1.0,552,0.9999999999999996,1.0000000000000004,1.0,1.0,1.0000000000000002,552,1.0,1.3333333333333333,1.0076298193480246,1.0,1.06235294117647,552,0.9999999999999996,1.0000000000000004,1.0,1.0,1.0000000000000002,552,552.0,0.0,0.0,0.0,552.0,552.0,0.0,0.0,0.0,0.0,0.0,0.0,1.0,0.0,0.0,1584.0,3146.0,1584.0,2509056.0,16040.850410237908,0.0,0.0,0.0,0.0,0.0,0.0,0.0,0.0,0.0,0.0,0.0,0.0,0.0,0.0,0.0,0.0,18310.835467651486
160,9600000000000,1584.0,1584.0,1584.0,1584.0,1584.0,1584,24.0,24.0,24.0,24.0,24.0,1584,0.0,0.0,0.0,0.0,0.0,1584,3.0,8.0,4.202651515151516,4.0,5.0,1584,0.0,0.0,0.0,0.0,0.0,0,0.0,0.0,0.0,0.0,0.0,0,1.0,1.0,1.0,1.0,1.0,552,0.9999999999999996,1.0000000000000002,1.0,1.0,1.0000000000000002,552,1.0,1.3333333333333333,1.0061579868652997,1.0,1.05,552,0.9999999999999996,1.0000000000000002,1.0,1.0,1.0000000000000002,552,552.0,0.0,0.0,0.0,552.0,552.0,0.0,0.0,0.0,0.0,0.0,0.0,1.0,0.0,0.0,1584.0,3146.0,1584.0,2509056.0,14894.005516543984,0.0,0.0,0.0,0.0,0.0,0.0,0.0,0.0,0.0,0.0,0.0,0.0,0.0,0.0,0.0,0.0,17139.23668116331
161,9660000000000,1584.0,1584.0,1584.0,1584.0,1584.0,1584,24.0,24.0,24.0,24.0,24.0,1584,0.0,0.0,0.0,0.0,0.0,1584,3.0,8.0,4.208964646464646,4.0,5.0,1584,0.0,0.0,0.0,0.0,0.0,0,0.0,0.0,0.0,0.0,0.0,0,1.0,1.0,1.0,1.0,1.0,552,0.9999999999999997,1.0000000000000002,1.0,1.0,1.0000000000000002,552,1.0,1.3333333333333333,1.005402842880779,1.0,1.0,552,0.9999999999999997,1.0000000000000002,1.0,1.0,1.0000000000000002,552,552.0,0.0,0.0,0.0,552.0,552.0,0.0,0.0,0.0,0.0,0.0,0.0,1.0,0.0,0.0,1584.0,3146.0,1584.0,2509056.0,15081.094970926642,0.0,0.0,0.0,0.0,0.0,0.0,0.0,0.0,0.0,0.0,0.0,0.0,0.0,0.0,0.0,0.0,17361.966440454125
162,9720000000000,1584.0,1584.0,1584.0,1584.0,1584.0,1584,24.0,24.0,24.0,24.0,24.0,1584,0.0,0.0,0.0,0.0,0.0,1584,3.0,8.0,4.19949494949495,4.0,5.0,1584,0.0,0.0,0.0,0.0,0.0,0,0.0,0.0,0.0,0.0,0.0,0,1.0,1.0,1.0,1.0,1.0,552,0.9999999999999997,1.0000000000000002,1.0,1.0,1.0,552,1.0,1.3333333333333333,1.0071280853149296,1.0,1.05,552,0.9999999999999997,1.0000000000000002,1.0,1.0,1.0,552,552.0,0.0,0.0,0.0,552.0,552.0,0.0,0.0,0.0,0.0,0.0,0.0,1.0,0.0,0.0,1584.0,3146.0,1584.0,2509056.0,14222.266217693686,0.0,0.0,0.0,0.0,0.0,0.0,0.0,0.0,0.0,0.0,0.0,0.0,0.0,0.0,0.0,0.0,16460.137454792857
163,9780000000000,1584.0,1584.0,1584.0,1584.0,1584.0,1584,24.0,24.0,24.0,24.0,24.0,1584,0.0,0.0,0.0,0.0,0.0,1584,3.0,8.0,4.203282828282828,4.0,5.0,1584,0.0,0.0,0.0,0.0,0.0,0,0.0,0.0,0.0,0.0,0.0,0,1.0,1.0,1.0,1.0,1.0,552,0.9999999999999997,1.0000000000000002,1.0,1.0,1.0000000000000002,552,1.0,1.3333333333333333,1.006198417475211,1.0,1.0539473684210525,552,0.9999999999999997,1.0000000000000002,1.0,1.0,1.0000000000000002,552,552.0,0.0,0.0,0.0,552.0,552.0,0.0,0.0,0.0,0.0,0.0,0.0,1.0,0.0,0.0,1584.0,3146.0,1584.0,2509056.0,14581.09193481505,0.0,0.0,0.0,0.0,0.0,0.0,0.0,0.0,0.0,0.0,0.0,0.0,0.0,0.0,0.0,0.0,16845.550674945116
164,9840000000000,1584.0,1584.0,1584.0,1584.0,1584.0,1584,24.0,24.0,24.0,24.0,24.0,1584,0.0,0.0,0.0,0.0,0.0,1584,3.0,8.0,4.20770202020202,4.0,5.0,1584,0.0,0.0,0.0,0.0,0.0,0,0.0,0.0,0.0,0.0,0.0,0,1.0,1.0,1.0,1.0,1.0,552,0.9999999999999996,1.0000000000000004,1.0,1.0,1.0000000000000002,552,1.0,1.2666666666666666,1.0046301081101556,1.0,1.026649928263988,552,0.9999999999999996,1.0000000000000004,1.0,1.0,1.0000000000000002,552,552.0,0.0,0.0,0.0,552.0,552.0,0.0,0.0,0.0,0.0,0.0,0.0,1.0,0.0,0.0,1584.0,3146.0,1584.0,2509056.0,13388.894077390432,0.0,0.0,0.0,0.0,0.0,0.0,0.0,0.0,0.0,0.0,0.0,0.0,0.0,0.0,0.0,0.0,15688.56592103839
165,9900000000000,1584.0,1584.0,1584.0,1584.0,1584.0,1584,24.0,24.0,24.0,24.0,24.0,1584,0.0,0.0,0.0,0.0,0.0,1584,3.0,8.0,4.208333333333333,4.0,5.0,1584,0.0,0.0,0.0,0.0,0.0,0,0.0,0.0,0.0,0.0,0.0,0,1.0,1.0,1.0,1.0,1.0,552,0.9999999999999997,1.0000000000000002,1.0,1.0,1.0,552,1.0,1.3333333333333333,1.0062147554712817,1.0,1.0434782608695652,552,0.9999999999999997,1.0000000000000002,1.0,1.0,1.0,552,552.0,0.0,0.0,0.0,552.0,552.0,0.0,0.0,0.0,0.0,0.0,0.0,1.0,0.0,0.0,1584.0,3146.0,1584.0,2509056.0,14638.629147782922,0.0,0.0,0.0,0.0,0.0,0.0,0.0,0.0,0.0,0.0,0.0,0.0,0.0,0.0,0.0,0.0,16955.44833689928
166,9960000000000,1584.0,1584.0,1584.0,1584.0,1584.0,1584,24.0,24.0,24.0,24.0,24.0,1584,0.0,0.0,0.0,0.0,0.0,1584,3.0,8.0,4.195075757575758,4.0,5.0,1584,0.0,0.0,0.0,0.0,0.0,0,0.0,0.0,0.0,0.0,0.0,0,1.0,1.0,1.0,1.0,1.0,552,0.9999999999999997,1.0000000000000002,1.0,1.0,1.0000000000000002,552,1.0,1.3076923076923077,1.0052555073834952,1.0,1.0,552,0.9999999999999997,1.0000000000000002,1.0,1.0,1.0000000000000002,552,552.0,0.0,0.0,0.0,552.0,552.0,0.0,0.0,0.0,0.0,0.0,0.0,1.0,0.0,0.0,1584.0,3146.0,1584.0,2509056.0,13616.78034812212,0.0,0.0,0.0,0.0,0.0,0.0,0.0,0.0,0.0,0.0,0.0,0.0,0.0,0.0,0.0,0.0,15864.509416744113
167,10020000000000,1584.0,1584.0,1584.0,1584.0,1584.0,1584,24.0,24.0,24.0,24.0,24.0,1584,0.0,0.0,0.0,0.0,0.0,1584,3.0,8.0,4.20770202020202,4.0,5.0,1584,0.0,0.0,0.0,0.0,0.0,0,0.0,0.0,0.0,0.0,0.0,0,1.0,1.0,1.0,1.0,1.0,552,0.9999999999999996,1.0000000000000002,1.0,1.0,1.0000000000000002,552,1.0,1.3333333333333333,1.005559130767654,1.0,1.0415652173913041,552,0.9999999999999996,1.0000000000000002,1.0,1.0,1.0000000000000002,552,552.0,0.0,0.0,0.0,552.0,552.0,0.0,0.0,0.0,0.0,0.0,0.0,1.0,0.0,0.0,1584.0,3146.0,1584.0,2509056.0,14840.42477980256,0.0,0.0,0.0,0.0,0.0,0.0,0.0,0.0,0.0,0.0,0.0,0.0,0.0,0.0,0.0,0.0,17163.683347404003
168,10080000000000,1584.0,1584.0,1584.0,1584.0,1584.0,1584,24.0,24.0,24.0,24.0,24.0,1584,0.0,0.0,0.0,0.0,0.0,1584,3.0,8.0,4.201388888888889,4.0,5.0,1584,0.0,0.0,0.0,0.0,0.0,0,0.0,0.0,0.0,0.0,0.0,0,1.0,1.0,1.0,1.0,1.0,552,0.9999999999999998,1.0000000000000002,1.0,1.0,1.0000000000000002,552,1.0,1.3333333333333333,1.006283511747482,1.0,1.0526315789473684,552,0.9999999999999998,1.0000000000000002,1.0,1.0,1.0000000000000002,552,552.0,0.0,0.0,0.0,552.0,552.0,0.0,0.0,0.0,0.0,0.0,0.0,1.0,0.0,0.0,1584.0,3146.0,1584.0,2509056.0,13594.161052256823,0.0,0.0,0.0,0.0,0.0,0.0,0.0,0.0,0.0,0.0,0.0,0.0,0.0,0.0,0.0,0.0,15862.714132294059
169,10140000000000,1584.0,1584.0,1584.0,1584.0,1584.0,1584,24.0,24.0,24.0,24.0,24.0,1584,0.0,0.0,0.0,0.0,0.0,1584,3.0,8.0,4.203914141414141,4.0,5.0,1584,0.0,0.0,0.0,0.0,0.0,0,0.0,0.0,0.0,0.0,0.0,0,1.0,1.0,1.0,1.0,1.0,552,0.9999999999999997,1.0000000000000004,1.0,1.0,1.0000000000000002,552,1.0,1.2666666666666666,1.007657959265937,1.0,1.0666666666666667,552,0.9999999999999997,1.0000000000000004,1.0,1.0,1.0000000000000002,552,552.0,0.0,0.0,0.0,552.0,552.0,0.0,0.0,0.0,0.0,0.0,0.0,1.0,0.0,0.0,1584.0,3146.0,1584.0,2509056.0,14589.563954621553,0.0,0.0,0.0,0.0,0.0,0.0,0.0,0.0,0.0,0.0,0.0,0.0,0.0,0.0,0.0,0.0,16859.04669202864
170,10200000000000,1584.0,1584.0,1584.0,1584.0,1584.0,1584,24.0,24.0,24.0,24.0,24.0,1584,0.0,0.0,0.0,0.0,0.0,1584,3.0,8.0,4.203282828282828,4.0,5.0,1584,0.0,0.0,0.0,0.0,0.0,0,0.0,0.0,0.0,0.0,0.0,0,1.0,1.0,1.0,1.0,1.0,552,0.9999999999999997,1.0000000000000002,1.0,1.0,1.0000000000000002,552,1.0,1.3333333333333333,1.006370299529705,1.0,1.0434782608695652,552,0.9999999999999997,1.0000000000000002,1.0,1.0,1.0000000000000002,552,552.0,0.0,0.0,0.0,552.0,552.0,0.0,0.0,0.0,0.0,0.0,0.0,1.0,0.0,0.0,1584.0,3146.0,1584.0,2509056.0,14147.535264492035,0.0,0.0,0.0,0.0,0.0,0.0,0.0,0.0,0.0,0.0,0.0,0.0,0.0,0.0,0.0,0.0,16418.044051155448
171,10260000000000,1584.0,1584.0,1584.0,1584.0,1584.0,1584,24.0,24.0,24.0,24.0,24.0,1584,0.0,0.0,0.0,0.0,0.0,1584,3.0,8.0,4.19949494949495,4.0,5.0,1584,0.0,0.0,0.0,0.0,0.0,0,0.0,0.0,0.0,0.0,0.0,0,1.0,1.0,1.0,1.0,1.0,552,0.9999999999999997,1.0000000000000004,1.0,1.0,1.0000000000000002,552,1.0,1.3333333333333333,1.0058552645326038,1.0,1.0407499999999998,552,0.9999999999999997,1.0000000000000004,1.0,1.0,1.0000000000000002,552,552.0,0.0,0.0,0.0,552.0,552.0,0.0,0.0,0.0,0.0,0.0,0.0,1.0,0.0,0.0,1584.0,3146.0,1584.0,2509056.0,15253.356548026204,0.0,0.0,0.0,0.0,0.0,0.0,0.0,0.0,0.0,0.0,0.0,0.0,0.0,0.0,0.0,0.0,17491.006541997194
172,10320000000000,1584.0,1584.0,1584.0,1584.0,1584.0,1584,24.0,24.0,24.0,24.0,24.0,1584,0.0,0.0,0.0,0.0,0.0,1584,3.0,8.0,4.200757575757576,4.0,5.0,1584,0.0,0.0,0.0,0.0,0.0,0,0.0,0.0,0.0,0.0,0.0,0,1.0,1.0,1.0,1.0,1.0,552,0.9999999999999997,1.0000000000000002,1.0,1.0,1.0000000000000002,552,1.0,1.3333333333333333,1.0070220967934413,1.0,1.0498746867167916,552,0.9999999999999997,1.0000000000000002,1.0,1.0,1.0000000000000002,552,552.0,0.0,0.0,0.0,552.0,552.0,0.0,0.0,0.0,0.0,0.0,0.0,1.0,0.0,0.0,1584.0,3146.0,1584.0,2509056.0,13884.323041886091,0.0,0.0,0.0,0.0,0.0,0.0,0.0,0.0,0.0,0.0,0.0,0.0,0.0,0.0,0.0,0.0,16146.800186485052
173,10380000000000,1584.0,1584.0,1584.0,1584.0,1584.0,1584,24.0,24.0,24.0,24.0,24.0,1584,0.0,0.0,0.0,0.0,0.0,1584,3.0,8.0,4.208333333333333,4.0,5.0,1584,0.0,0.0,0.0,0.0,0.0,0,0.0,0.0,0.0,0.0,0.0,0,1.0,1.0,1.0,1.0,1.0,552,0.9999999999999997,1.0000000000000004,1.0,1.0,1.0000000000000002,552,1.0,1.2,1.0064545422390812,1.0,1.0539473684210525,552,0.9999999999999997,1.0000000000000004,1.0,1.0,1.0000000000000002,552,552.0,0.0,0.0,0.0,552.0,552.0,0.0,0.0,0.0,0.0,0.0,0.0,1.0,0.0,0.0,1584.0,3146.0,1584.0,2509056.0,15372.670507058501,0.0,0.0,0.0,0.0,0.0,0.0,0.0,0.0,0.0,0.0,0.0,0.0,0.0,0.0,0.0,0.0,17653.164016082883
174,10440000000000,1584.0,1584.0,1584.0,1584.0,1584.0,1584,24.0,24.0,24.0,24.0,24.0,1584,0.0,0.0,0.0,0.0,0.0,1584,3.0,8.0,4.208964646464646,4.0,5.0,1584,0.0,0.0,0.0,0.0,0.0,0,0.0,0.0,0.0,0.0,0.0,0,1.0,1.0,1.0,1.0,1.0,552,0.9999999999999997,1.0000000000000004,1.0,1.0,1.0000000000000002,552,1.0,1.3333333333333333,1.0066185691011655,1.0,1.0555555555555556,552,0.9999999999999997,1.0000000000000004,1.0,1.0,1.0000000000000002,552,552.0,0.0,0.0,0.0,552.0,552.0,0.0,0.0,0.0,0.0,0.0,0.0,1.0,0.0,0.0,1584.0,3146.0,1584.0,2509056.0,13517.765196040273,0.0,0.0,0.0,0.0,0.0,0.0,0.0,0.0,0.0,0.0,0.0,0.0,0.0,0.0,0.0,0.0,15852.88293659687
175,10500000000000,1584.0,1584.0,1584.0,1584.0,1584.0,1584,24.0,24.0,24.0,24.0,24.0,1584,0.0,0.0,0.0,0.0,0.0,1584,3.0,8.0,4.201388888888889,4.0,5.0,1584,0.0,0.0,0.0,0.0,0.0,0,0.0,0.0,0.0,0.0,0.0,0,1.0,1.0,1.0,1.0,1.0,552,0.9999999999999996,1.0000000000000004,1.0,1.0,1.0000000000000002,552,1.0,1.3846153846153846,1.0065087693463723,1.0,1.0424818840579708,552,0.9999999999999996,1.0000000000000004,1.0,1.0,1.0000000000000002,552,552.0,0.0,0.0,0.0,552.0,552.0,0.0,0.0,0.0,0.0,0.0,0.0,1.0,0.0,0.0,1584.0,3146.0,1584.0,2509056.0,14254.010451957583,0.0,0.0,0.0,0.0,0.0,0.0,0.0,0.0,0.0,0.0,0.0,0.0,0.0,0.0,0.0,0.0,16501.69816799462
176,10560000000000,1584.0,1584.0,1584.0,1584.0,1584.0,1584,24.0,24.0,24.0,24.0,24.0,1584,0.0,0.0,0.0,0.0,0.0,1584,3.0,8.0,4.207070707070707,4.0,5.0,1584,0.0,0.0,0.0,0.0,0.0,0,0.0,0.0,0.0,0.0,0.0,0,1.0,1.0,1.0,1.0,1.0,552,0.9999999999999996,1.0000000000000004,1.0,1.0,1.0000000000000002,552,1.0,1.3333333333333333,1.0067600806941401,1.0,1.0498746867167916,552,0.9999999999999996,1.0000000000000004,1.0,1.0,1.0000000000000002,552,552.0,0.0,0.0,0.0,552.0,552.0,0.0,0.0,0.0,0.0,0.0,0.0,1.0,0.0,0.0,1584.0,3146.0,1584.0,2509056.0,13496.755423024297,0.0,0.0,0.0,0.0,0.0,0.0,0.0,0.0,0.0,0.0,0.0,0.0,0.0,0.0,0.0,0.0,15762.021660804749
177,10620000000000,1584.0,1584.0,1584.0,1584.0,1584.0,1584,24.0,24.0,24.0,24.0,24.0,1584,0.0,0.0,0.0,0.0,0.0,1584,3.0,8.0,4.202651515151516,4.0,5.0,1584,0.0,0.0,0.0,0.0,0.0,0,0.0,0.0,0.0,0.0,0.0,0,1.0,1.0,1.0,1.0,1.0,552,0.9999999999999997,1.0000000000000002,1.0,1.0,1.0000000000000002,552,1.0,1.2222222222222223,1.0058691050379684,1.0,1.0511842105263156,552,0.9999999999999997,1.0000000000000002,1.0,1.0,1.0000000000000002,552,552.0,0.0,0.0,0.0,552.0,552.0,0.0,0.0,0.0,0.0,0.0,0.0,1.0,0.0,0.0,1584.0,3146.0,1584.0,2509056.0,14899.631110951304,0.0,0.0,0.0,0.0,0.0,0.0,0.0,0.0,0.0,0.0,0.0,0.0,0.0,0.0,0.0,0.0,17134.091712534428
178,10680000000000,1584.0,1584.0,1584.0,1584.0,1584.0,1584,24.0,24.0,24.0,24.0,24.0,1584,0.0,0.0,0.0,0.0,0.0,1584,3.0,8.0,4.201388888888889,4.0,5.0,1584,0.0,0.0,0.0,0.0,0.0,0,0.0,0.0,0.0,0.0,0.0,0,1.0,1.0,1.0,1.0,1.0,552,0.9999999999999998,1.0000000000000002,1.0,1.0,1.0000000000000002,552,1.0,1.3333333333333333,1.0092061807000532,1.0,1.0726190476190474,552,0.9999999999999998,1.0000000000000002,1.0,1.0,1.0000000000000002,552,552.0,0.0,0.0,0.0,552.0,552.0,0.0,0.0,0.0,0.0,0.0,0.0,1.0,0.0,0.0,1584.0,3146.0,1584.0,2509056.0,13675.645895302296,0.0,0.0,0.0,0.0,0.0,0.0,0.0,0.0,0.0,0.0,0.0,0.0,0.0,0.0,0.0,0.0,15916.694030165672
179,10740000000000,1584.0,1584.0,1584.0,1584.0,1584.0,1584,24.0,24.0,24.0,24.0,24.0,1584,0.0,0.0,0.0,0.0,0.0,1584,3.0,8.0,4.20580808080808,4.0,5.0,1584,0.0,0.0,0.0,0.0,0.0,0,0.0,0.0,0.0,0.0,0.0,0,1.0,1.0,1.0,1.0,1.0,552,0.9999999999999996,1.0000000000000004,1.0,1.0,1.0000000000000002,552,1.0,1.2105263157894737,1.0051551091232427,1.0,1.0407499999999998,552,0.9999999999999996,1.0000000000000004,1.0,1.0,1.0000000000000002,552,552.0,0.0,0.0,0.0,552.0,552.0,0.0,0.0,0.0,0.0,0.0,0.0,1.0,0.0,0.0,1584.0,3146.0,1584.0,2509056.0,14944.617111235857,0.0,0.0,0.0,0.0,0.0,0.0,0.0,0.0,0.0,0.0,0.0,0.0,0.0,0.0,0.0,0.0,17255.093866959214
180,10800000000000,1584.0,1584.0,1584.0,1584.0,1584.0,1584,24.0,24.0,24.0,24.0,24.0,1584,0.0,0.0,0.0,0.0,0.0,1584,3.0,8.0,4.202651515151516,4.0,5.0,1584,0.0,0.0,0.0,0.0,0.0,0,0.0,0.0,0.0,0.0,0.0,0,1.0,1.0,1.0,1.0,1.0,552,0.9999999999999997,1.0000000000000004,1.0,1.0,1.0000000000000002,552,1.0,1.3333333333333333,1.0048124602651478,1.0,1.039153846153846,552,0.9999999999999997,1.0000000000000004,1.0,1.0,1.0000000000000002,552,552.0,0.0,0.0,0.0,552.0,552.0,0.0,0.0,0.0,0.0,0.0,0.0,1.0,0.0,0.0,1584.0,3146.0,1584.0,2509056.0,13534.62010808289,0.0,0.0,0.0,0.0,0.0,0.0,0.0,0.0,0.0,0.0,0.0,0.0,0.0,0.0,0.0,0.0,15802.044732496142
181,10860000000000,1584.0,1584.0,1584.0,1584.0,1584.0,1584,24.0,24.0,24.0,24.0,24.0,1584,0.0,0.0,0.0,0.0,0.0,1584,3.0,8.0,4.19760101010101,4.0,5.0,1584,0.0,0.0,0.0,0.0,0.0,0,0.0,0.0,0.0,0.0,0.0,0,1.0,1.0,1.0,1.0,1.0,552,0.9999999999999997,1.0000000000000004,1.0,1.0,1.0000000000000002,552,1.0,1.3333333333333333,1.005738194320286,1.0,1.0474999999999997,552,0.9999999999999997,1.0000000000000004,1.0,1.0,1.0000000000000002,552,552.0,0.0,0.0,0.0,552.0,552.0,0.0,0.0,0.0,0.0,0.0,0.0,1.0,0.0,0.0,1584.0,3146.0,1584.0,2509056.0,14500.118689611554,0.0,0.0,0.0,0.0,0.0,0.0,0.0,0.0,0.0,0.0,0.0,0.0,0.0,0.0,0.0,0.0,16757.256584241986
182,10920000000000,1584.0,1584.0,1584.0,1584.0,1584.0,1584,24.0,24.0,24.0,24.0,24.0,1584,0.0,0.0,0.0,0.0,0.0,1584,3.0,8.0,4.203914141414141,4.0,5.0,1584,0.0,0.0,0.0,0.0,0.0,0,0.0,0.0,0.0,0.0,0.0,0,1.0,1.0,1.0,1.0,1.0,552,0.9999999999999998,1.0000000000000004,1.0,1.0,1.0000000000000002,552,1.0,1.3076923076923077,1.0057743845932703,1.0,1.0443675889328061,552,0.9999999999999998,1.0000000000000004,1.0,1.0,1.0000000000000002,552,552.0,0.0,0.0,0.0,552.0,552.0,0.0,0.0,0.0,0.0,0.0,0.0,1.0,0.0,0.0,1584.0,3146.0,1584.0,2509056.0,13488.550964742899,0.0,0.0,0.0,0.0,0.0,0.0,0.0,0.0,0.0,0.0,0.0,0.0,0.0,0.0,0.0,0.0,15763.997789472342
183,10980000000000,1584.0,1584.0,1584.0,1584.0,1584.0,1584,24.0,24.0,24.0,24.0,24.0,1584,0.0,0.0,0.0,0.0,0.0,1584,3.0,8.0,4.20580808080808,4.0,5.0,1584,0.0,0.0,0.0,0.0,0.0,0,0.0,0.0,0.0,0.0,0.0,0,1.0,1.0,1.0,1.0,1.0,552,0.9999999999999997,1.0000000000000004,1.0,1.0,1.0000000000000002,552,1.0,1.3571428571428572,1.0060753375343428,1.0,1.0424818840579708,552,0.9999999999999997,1.0000000000000004,1.0,1.0,1.0000000000000002,552,552.0,0.0,0.0,0.0,552.0,552.0,0.0,0.0,0.0,0.0,0.0,0.0,1.0,0.0,0.0,1584.0,3146.0,1584.0,2509056.0,14328.483266755939,0.0,0.0,0.0,0.0,0.0,0.0,0.0,0.0,0.0,0.0,0.0,0.0,0.0,0.0,0.0,0.0,16596.76601178944
184,11040000000000,1584.0,1584.0,1584.0,1584.0,1584.0,1584,24.0,24.0,24.0,24.0,24.0,1584,0.0,0.0,0.0,0.0,0.0,1584,3.0,8.0,4.203282828282828,4.0,5.0,1584,0.0,0.0,0.0,0.0,0.0,0,0.0,0.0,0.0,0.0,0.0,0,1.0,1.0,1.0,1.0,1.0,552,0.9999999999999997,1.0000000000000002,1.0,1.0,1.0000000000000002,552,1.0,1.2857142857142858,1.0060044191215036,1.0,1.0511842105263156,552,0.9999999999999997,1.0000000000000002,1.0,1.0,1.0000000000000002,552,552.0,0.0,0.0,0.0,552.0,552.0,0.0,0.0,0.0,0.0,0.0,0.0,1.0,0.0,0.0,1584.0,3146.0,1584.0,2509056.0,12888.303650543094,0.0,0.0,0.0,0.0,0.0,0.0,0.0,0.0,0.0,0.0,0.0,0.0,0.0,0.0,0.0,0.0,15216.879902407527
185,11100000000000,1584.0,1584.0,1584.0,1584.0,1584.0,1584,24.0,24.0,24.0,24.0,24.0,1584,0.0,0.0,0.0,0.0,0.0,1584,3.0,8.0,4.206439393939394,4.0,5.0,1584,0.0,0.0,0.0,0.0,0.0,0,0.0,0.0,0.0,0.0,0.0,0,1.0,1.0,1.0,1.0,1.0,552,0.9999999999999997,1.0000000000000002,1.0,1.0,1.0000000000000002,552,1.0,1.2857142857142858,1.0061580869114735,1.0,1.0511842105263156,552,0.9999999999999997,1.0000000000000002,1.0,1.0,1.0000000000000002,552,552.0,0.0,0.0,0.0,552.0,552.0,0.0,0.0,0.0,0.0,0.0,0.0,1.0,0.0,0.0,1584.0,3146.0,1584.0,2509056.0,13981.73401504755,0.0,0.0,0.0,0.0,0.0,0.0,0.0,0.0,0.0,0.0,0.0,0.0,0.0,0.0,0.0,0.0,16261.008003726602
186,11160000000000,1584.0,1584.0,1584.0,1584.0,1584.0,1584,24.0,24.0,24.0,24.0,24.0,1584,0.0,0.0,0.0,0.0,0.0,1584,3.0,8.0,4.198863636363637,4.0,5.0,1584,0.0,0.0,0.0,0.0,0.0,0,0.0,0.0,0.0,0.0,0.0,0,1.0,1.0,1.0,1.0,1.0,552,0.9999999999999996,1.0000000000000002,1.0,1.0,1.0,552,1.0,1.3333333333333333,1.006509435510267,1.0,1.0434782608695652,552,0.9999999999999996,1.0000000000000002,1.0,1.0,1.0,552,552.0,0.0,0.0,0.0,552.0,552.0,0.0,0.0,0.0,0.0,0.0,0.0,1.0,0.0,0.0,1584.0,3146.0,1584.0,2509056.0,12776.483472436666,0.0,0.0,0.0,0.0,0.0,0.0,0.0,0.0,0.0,0.0,0.0,0.0,0.0,0.0,0.0,0.0,14974.803518503904
187,11220000000000,1584.0,1584.0,1584.0,1584.0,1584.0,1584,24.0,24.0,24.0,24.0,24.0,1584,0.0,0.0,0.0,0.0,0.0,1584,3.0,8.0,4.201388888888889,4.0,5.0,1584,0.0,0.0,0.0,0.0,0.0,0,0.0,0.0,0.0,0.0,0.0,0,1.0,1.0,1.0,1.0,1.0,552,0.9999999999999996,1.0000000000000002,1.0,1.0,1.0000000000000002,552,1.0,1.3333333333333333,1.00862630813884,1.0,1.06235294117647,552,0.9999999999999996,1.0000000000000002,1.0,1.0,1.0000000000000002,552,552.0,0.0,0.0,0.0,552.0,552.0,0.0,0.0,0.0,0.0,0.0,0.0,1.0,0.0,0.0,1584.0,3146.0,1584.0,2509056.0,13854.29011285305,0.0,0.0,0.0,0.0,0.0,0.0,0.0,0.0,0.0,0.0,0.0,0.0,0.0,0.0,0.0,0.0,16075.057020410895
188,11280000000000,1584.0,1584.0,1584.0,1584.0,1584.0,1584,24.0,24.0,24.0,24.0,24.0,1584,0.0,0.0,0.0,0.0,0.0,1584,3.0,8.0,4.215277777777778,4.0,5.0,1584,0.0,0.0,0.0,0.0,0.0,0,0.0,0.0,0.0,0.0,0.0,0,1.0,1.0,1.0,1.0,1.0,552,0.9999999999999996,1.0000000000000002,1.0,1.0,1.0000000000000002,552,1.0,1.2,1.0037346778941618,1.0,1.0149999999999977,552,0.9999999999999996,1.0000000000000002,1.0,1.0,1.0000000000000002,552,552.0,0.0,0.0,0.0,552.0,552.0,0.0,0.0,0.0,0.0,0.0,0.0,1.0,0.0,0.0,1584.0,3146.0,1584.0,2509056.0,12651.476277038455,0.0,0.0,0.0,0.0,0.0,0.0,0.0,0.0,0.0,0.0,0.0,0.0,0.0,0.0,0.0,0.0,14990.762826055288
189,11340000000000,1584.0,1584.0,1584.0,1584.0,1584.0,1584,24.0,24.0,24.0,24.0,24.0,1584,0.0,0.0,0.0,0.0,0.0,1584,3.0,8.0,4.20770202020202,4.0,5.0,1584,0.0,0.0,0.0,0.0,0.0,0,0.0,0.0,0.0,0.0,0.0,0,1.0,1.0,1.0,1.0,1.0,552,0.9999999999999997,1.0000000000000004,1.0,1.0,1.0000000000000002,552,1.0,1.3333333333333333,1.0066127024860796,1.0,1.0570261437908495,552,0.9999999999999997,1.0000000000000004,1.0,1.0,1.0000000000000002,552,552.0,0.0,0.0,0.0,552.0,552.0,0.0,0.0,0.0,0.0,0.0,0.0,1.0,0.0,0.0,1584.0,3146.0,1584.0,2509056.0,13517.24710687995,0.0,0.0,0.0,0.0,0.0,0.0,0.0,0.0,0.0,0.0,0.0,0.0,0.0,0.0,0.0,0.0,15825.28698258102
190,11400000000000,1584.0,1584.0,1584.0,1584.0,1584.0,1584,24.0,24.0,24.0,24.0,24.0,1584,0.0,0.0,0.0,0.0,0.0,1584,3.0,8.0,4.200126262626263,4.0,5.0,1584,0.0,0.0,0.0,0.0,0.0,0,0.0,0.0,0.0,0.0,0.0,0,1.0,1.0,1.0,1.0,1.0,552,0.9999999999999996,1.0000000000000004,1.0,1.0,1.0000000000000002,552,1.0,1.3333333333333333,1.005973505627577,1.0,1.0524999999999995,552,0.9999999999999996,1.0000000000000004,1.0,1.0,1.0000000000000002,552,552.0,0.0,0.0,0.0,552.0,552.0,0.0,0.0,0.0,0.0,0.0,0.0,1.0,0.0,0.0,1584.0,3146.0,1584.0,2509056.0,12216.455096378922,0.0,0.0,0.0,0.0,0.0,0.0,0.0,0.0,0.0,0.0,0.0,0.0,0.0,0.0,0.0,0.0,14515.412483364344
191,11460000000000,1584.0,1584.0,1584.0,1584.0,1584.0,1584,24.0,24.0,24.0,24.0,24.0,1584,0.0,0.0,0.0,0.0,0.0,1584,3.0,8.0,4.203914141414141,4.0,5.0,1584,0.0,0.0,0.0,0.0,0.0,0,0.0,0.0,0.0,0.0,0.0,0,1.0,1.0,1.0,1.0,1.0,552,0.9999999999999998,1.0000000000000004,1.0,1.0,1.0000000000000002,552,1.0,1.3333333333333333,1.0087061257305558,1.0,1.0739010989010984,552,0.9999999999999998,1.0000000000000004,1.0,1.0,1.0000000000000002,552,552.0,0.0,0.0,0.0,552.0,552.0,0.0,0.0,0.0,0.0,0.0,0.0,1.0,0.0,0.0,1584.0,3146.0,1584.0,2509056.0,13455.97679913044,0.0,0.0,0.0,0.0,0.0,0.0,0.0,0.0,0.0,0.0,0.0,0.0,0.0,0.0,0.0,0.0,15762.866539880633
192,11520000000000,1584.0,1584.0,1584.0,1584.0,1584.0,1584,24.0,24.0,24.0,24.0,24.0,1584,0.0,0.0,0.0,0.0,0.0,1584,3.0,8.0,4.201388888888889,4.0,5.0,1584,0.0,0.0,0.0,0.0,0.0,0,0.0,0.0,0.0,0.0,0.0,0,1.0,1.0,1.0,1.0,1.0,552,0.9999999999999996,1.0000000000000004,1.0,1.0,1.0000000000000002,552,1.0,1.3571428571428572,1.0058667792559888,1.0,1.0344047619047618,552,0.9999999999999996,1.0000000000000004,1.0,1.0,1.0000000000000002,552,552.0,0.0,0.0,0.0,552.0,552.0,0.0,0.0,0.0,0.0,0.0,0.0,1.0,0.0,0.0,1584.0,3146.0,1584.0,2509056.0,12214.653937146068,0.0,0.0,0.0,0.0,0.0,0.0,0.0,0.0,0.0,0.0,0.0,0.0,0.0,0.0,0.0,0.0,14493.588093668222
193,11580000000000,1584.0,1584.0,1584.0,1584.0,1584.0,1584,24.0,24.0,24.0,24.0,24.0,1584,0.0,0.0,0.0,0.0,0.0,1584,3.0,8.0,4.198863636363637,4.0,5.0,1584,0.0,0.0,0.0,0.0,0.0,0,0.0,0.0,0.0,0.0,0.0,0,1.0,1.0,1.0,1.0,1.0,552,0.9999999999999997,1.0000000000000002,1.0,1.0,1.0000000000000002,552,1.0,1.3333333333333333,1.0072097596399536,1.0,1.0570261437908495,552,0.9999999999999997,1.0000000000000002,1.0,1.0,1.0000000000000002,552,552.0,0.0,0.0,0.0,552.0,552.0,0.0,0.0,0.0,0.0,0.0,0.0,1.0,0.0,0.0,1584.0,3146.0,1584.0,2509056.0,13413.595464080572,0.0,0.0,0.0,0.0,0.0,0.0,0.0,0.0,0.0,0.0,0.0,0.0,0.0,0.0,0.0,0.0,15637.655293568969
194,11640000000000,1584.0,1584.0,1584.0,1584.0,1584.0,1584,24.0,24.0,24.0,24.0,24.0,1584,0.0,0.0,0.0,0.0,0.0,1584,3.0,8.0,4.205176767676767,4.0,5.0,1584,0.0,0.0,0.0,0.0,0.0,0,0.0,0.0,0.0,0.0,0.0,0,1.0,1.0,1.0,1.0,1.0,552,0.9999999999999997,1.0000000000000004,1.0,1.0,1.0000000000000002,552,1.0,1.3333333333333333,1.0053860480735703,1.0,1.0415652173913041,552,0.9999999999999997,1.0000000000000004,1.0,1.0,1.0000000000000002,552,552.0,0.0,0.0,0.0,552.0,552.0,0.0,0.0,0.0,0.0,0.0,0.0,1.0,0.0,0.0,1584.0,3146.0,1584.0,2509056.0,12478.92446629703,0.0,0.0,0.0,0.0,0.0,0.0,0.0,0.0,0.0,0.0,0.0,0.0,0.0,0.0,0.0,0.0,14728.505030274391
195,11700000000000,1584.0,1584.0,1584.0,1584.0,1584.0,1584,24.0,24.0,24.0,24.0,24.0,1584,0.0,0.0,0.0,0.0,0.0,1584,3.0,8.0,4.202020202020202,4.0,5.0,1584,0.0,0.0,0.0,0.0,0.0,0,0.0,0.0,0.0,0.0,0.0,0,1.0,1.0,1.0,1.0,1.0,552,0.9999999999999997,1.0000000000000002,1.0,1.0,1.0000000000000002,552,1.0,1.3333333333333333,1.0079692113596534,1.0,1.0586805555555552,552,0.9999999999999997,1.0000000000000002,1.0,1.0,1.0000000000000002,552,552.0,0.0,0.0,0.0,552.0,552.0,0.0,0.0,0.0,0.0,0.0,0.0,1.0,0.0,0.0,1584.0,3146.0,1584.0,2509056.0,13859.11986976862,0.0,0.0,0.0,0.0,0.0,0.0,0.0,0.0,0.0,0.0,0.0,0.0,0.0,0.0,0.0,0.0,16115.922858938575
196,11760000000000,1584.0,1584.0,1584.0,1584.0,1584.0,1584,24.0,24.0,24.0,24.0,24.0,1584,0.0,0.0,0.0,0.0,0.0,1584,3.0,8.0,4.1982323232323235,4.0,5.0,1584,0.0,0.0,0.0,0.0,0.0,0,0.0,0.0,0.0,0.0,0.0,0,1.0,1.0,1.0,1.0,1.0,552,0.9999999999999997,1.0000000000000002,1.0,1.0,1.0000000000000002,552,1.0,1.3076923076923077,1.0067250539373644,1.0,1.0555555555555556,552,0.9999999999999997,1.0000000000000002,1.0,1.0,1.0000000000000002,552,552.0,0.0,0.0,0.0,552.0,552.0,0.0,0.0,0.0,0.0,0.0,0.0,1.0,0.0,0.0,1584.0,3146.0,1584.0,2509056.0,12935.813935473561,0.0,0.0,0.0,0.0,0.0,0.0,0.0,0.0,0.0,0.0,0.0,0.0,0.0,0.0,0.0,0.0,15165.712334215641
197,11820000000000,1584.0,1584.0,1584.0,1584.0,1584.0,1584,24.0,24.0,24.0,24.0,24.0,1584,0.0,0.0,0.0,0.0,0.0,1584,3.0,8.0,4.203282828282828,4.0,5.0,1584,0.0,0.0,0.0,0.0,0.0,0,0.0,0.0,0.0,0.0,0.0,0,1.0,1.0,1.0,1.0,1.0,552,0.9999999999999997,1.0000000000000002,1.0,1.0,1.0000000000000002,552,1.0,1.3333333333333333,1.0065072456647397,1.0,1.0464130434782604,552,0.9999999999999997,1.0000000000000002,1.0,1.0,1.0000000000000002,552,552.0,0.0,0.0,0.0,552.0,552.0,0.0,0.0,0.0,0.0,0.0,0.0,1.0,0.0,0.0,1584.0,3146.0,1584.0,2509056.0,14140.408229082823,0.0,0.0,0.0,0.0,0.0,0.0,0.0,0.0,0.0,0.0,0.0,0.0,0.0,0.0,0.0,0.0,16373.78802895546
198,11880000000000,1584.0,1584.0,1584.0,1584.0,1584.0,1584,24.0,24.0,24.0,24.0,24.0,1584,0.0,0.0,0.0,0.0,0.0,1584,3.0,8.0,4.208333333333333,4.0,5.0,1584,0.0,0.0,0.0,0.0,0.0,0,0.0,0.0,0.0,0.0,0.0,0,1.0,1.0,1.0,1.0,1.0,552,0.9999999999999996,1.0000000000000002,1.0,1.0,1.0000000000000002,552,1.0,1.3333333333333333,1.0055021037981569,1.0,1.0526315789473684,552,0.9999999999999996,1.0000000000000002,1.0,1.0,1.0000000000000002,552,552.0,0.0,0.0,0.0,552.0,552.0,0.0,0.0,0.0,0.0,0.0,0.0,1.0,0.0,0.0,1584.0,3146.0,1584.0,2509056.0,13014.564575627446,0.0,0.0,0.0,0.0,0.0,0.0,0.0,0.0,0.0,0.0,0.0,0.0,0.0,0.0,0.0,0.0,15275.044498965144
199,11940000000000,1584.0,1584.0,1584.0,1584.0,1584.0,1584,24.0,24.0,24.0,24.0,24.0,1584,0.0,0.0,0.0,0.0,0.0,1584,3.0,8.0,4.201388888888889,4.0,5.0,1584,0.0,0.0,0.0,0.0,0.0,0,0.0,0.0,0.0,0.0,0.0,0,1.0,1.0,1.0,1.0,1.0,552,0.9999999999999997,1.0000000000000004,1.0,1.0,1.0000000000000002,552,1.0,1.2666666666666666,1.0051699228508713,1.0,1.0443675889328061,552,0.9999999999999997,1.0000000000000004,1.0,1.0,1.0000000000000002,552,552.0,0.0,0.0,0.0,552.0,552.0,0.0,0.0,0.0,0.0,0.0,0.0,1.0,0.0,0.0,1584.0,3146.0,1584.0,2509056.0,13930.129347369075,0.0,0.0,0.0,0.0,0.0,0.0,0.0,0.0,0.0,0.0,0.0,0.0,0.0,0.0,0.0,0.0,16109.710358083248
200,12000000000000,1584.0,1584.0,1584.0,1584.0,1584.0,1584,24.0,24.0,24.0,24.0,24.0,1584,0.0,0.0,0.0,0.0,0.0,1584,3.0,8.0,4.2102272727272725,4.0,5.0,1584,0.0,0.0,0.0,0.0,0.0,0,0.0,0.0,0.0,0.0,0.0,0,1.0,1.0,1.0,1.0,1.0,552,0.9999999999999997,1.0000000000000004,1.0,1.0,1.0000000000000002,552,1.0,1.3333333333333333,1.0057249142330047,1.0,1.0149999999999977,552,0.9999999999999997,1.0000000000000004,1.0,1.0,1.0000000000000002,552,552.0,0.0,0.0,0.0,552.0,552.0,0.0,0.0,0.0,0.0,0.0,0.0,1.0,0.0,0.0,1584.0,3146.0,1584.0,2509056.0,12837.328223511577,0.0,0.0,0.0,0.0,0.0,0.0,0.0,0.0,0.0,0.0,0.0,0.0,0.0,0.0,0.0,0.0,15115.303801372647
201,12060000000000,1584.0,1584.0,1584.0,1584.0,1584.0,1584,24.0,24.0,24.0,24.0,24.0,1584,0.0,0.0,0.0,0.0,0.0,1584,3.0,8.0,4.198863636363637,4.0,5.0,1584,0.0,0.0,0.0,0.0,0.0,0,0.0,0.0,0.0,0.0,0.0,0,1.0,1.0,1.0,1.0,1.0,552,0.9999999999999997,1.0000000000000002,1.0,1.0,1.0000000000000002,552,1.0,1.25,1.0066607888507626,1.0,1.048690476190476,552,0.9999999999999997,1.0000000000000002,1.0,1.0,1.0000000000000002,552,552.0,0.0,0.0,0.0,552.0,552.0,0.0,0.0,0.0,0.0,0.0,0.0,1.0,0.0,0.0,1584.0,3146.0,1584.0,2509056.0,13791.391905397177,0.0,0.0,0.0,0.0,0.0,0.0,0.0,0.0,0.0,0.0,0.0,0.0,0.0,0.0,0.0,0.0,15998.795840889215
202,12120000000000,1584.0,1584.0,1584.0,1584.0,1584.0,1584,24.0,24.0,24.0,24.0,24.0,1584,0.0,0.0,0.0,0.0,0.0,1584,3.0,8.0,4.205176767676767,4.0,5.0,1584,0.0,0.0,0.0,0.0,0.0,0,0.0,0.0,0.0,0.0,0.0,0,1.0,1.0,1.0,1.0,1.0,552,0.9999999999999997,1.0000000000000002,1.0,1.0,1.0000000000000002,552,1.0,1.3333333333333333,1.0057174725163762,1.0,1.0316666666666665,552,0.9999999999999997,1.0000000000000002,1.0,1.0,1.0000000000000002,552,552.0,0.0,0.0,0.0,552.0,552.0,0.0,0.0,0.0,0.0,0.0,0.0,1.0,0.0,0.0,1584.0,3146.0,1584.0,2509056.0,12731.518287211657,0.0,0.0,0.0,0.0,0.0,0.0,0.0,0.0,0.0,0.0,0.0,0.0,0.0,0.0,0.0,0.0,14989.19002711773
203,12180000000000,1584.0,1584.0,1584.0,1584.0,1584.0,1584,24.0,24.0,24.0,24.0,24.0,1584,0.0,0.0,0.0,0.0,0.0,1584,3.0,8.0,4.209595959595959,4.0,5.0,1584,0.0,0.0,0.0,0.0,0.0,0,0.0,0.0,0.0,0.0,0.0,0,1.0,1.0,1.0,1.0,1.0,552,0.9999999999999997,1.0000000000000004,1.0,1.0,1.0000000000000002,552,1.0,1.2105263157894737,1.0034532457590244,1.0,1.0,552,0.9999999999999997,1.0000000000000004,1.0,1.0,1.0000000000000002,552,552.0,0.0,0.0,0.0,552.0,552.0,0.0,0.0,0.0,0.0,0.0,0.0,1.0,0.0,0.0,1584.0,3146.0,1584.0,2509056.0,14510.061597451568,0.0,0.0,0.0,0.0,0.0,0.0,0.0,0.0,0.0,0.0,0.0,0.0,0.0,0.0,0.0,0.0,16796.04663513601
204,12240000000000,1584.0,1584.0,1584.0,1584.0,1584.0,1584,24.0,24.0,24.0,24.0,24.0,1584,0.0,0.0,0.0,0.0,0.0,1584,3.0,8.0,4.208333333333333,4.0,5.0,1584,0.0,0.0,0.0,0.0,0.0,0,0.0,0.0,0.0,0.0,0.0,0,1.0,1.0,1.0,1.0,1.0,552,0.9999999999999997,1.0000000000000002,1.0,1.0,1.0000000000000002,552,1.0,1.3333333333333333,1.008426914057726,1.0,1.0570261437908495,552,0.9999999999999997,1.0000000000000002,1.0,1.0,1.0000000000000002,552,552.0,0.0,0.0,0.0,552.0,552.0,0.0,0.0,0.0,0.0,0.0,0.0,1.0,0.0,0.0,1584.0,3146.0,1584.0,2509056.0,12621.74023501575,0.0,0.0,0.0,0.0,0.0,0.0,0.0,0.0,0.0,0.0,0.0,0.0,0.0,0.0,0.0,0.0,14913.19683752954
205,12300000000000,1584.0,1584.0,1584.0,1584.0,1584.0,1584,24.0,24.0,24.0,24.0,24.0,1584,0.0,0.0,0.0,0.0,0.0,1584,3.0,8.0,4.196338383838384,4.0,5.0,1584,0.0,0.0,0.0,0.0,0.0,0,0.0,0.0,0.0,0.0,0.0,0,1.0,1.0,1.0,1.0,1.0,552,0.9999999999999997,1.0000000000000002,1.0,1.0,1.0000000000000002,552,1.0,1.3076923076923077,1.0055332321097497,1.0,1.0086538461538448,552,0.9999999999999997,1.0000000000000002,1.0,1.0,1.0000000000000002,552,552.0,0.0,0.0,0.0,552.0,552.0,0.0,0.0,0.0,0.0,0.0,0.0,1.0,0.0,0.0,1584.0,3146.0,1584.0,2509056.0,14225.647112354636,0.0,0.0,0.0,0.0,0.0,0.0,0.0,0.0,0.0,0.0,0.0,0.0,0.0,0.0,0.0,0.0,16418.518856167793
206,12360000000000,1584.0,1584.0,1584.0,1584.0,1584.0,1584,24.0,24.0,24.0,24.0,24.0,1584,0.0,0.0,0.0,0.0,0.0,1584,3.0,8.0,4.200126262626263,4.0,5.0,1584,0.0,0.0,0.0,0.0,0.0,0,0.0,0.0,0.0,0.0,0.0,0,1.0,1.0,1.0,1.0,1.0,552,0.9999999999999997,1.0000000000000002,1.0,1.0,1.0000000000000002,552,1.0,1.3333333333333333,1.0053088778337316,1.0,1.0454545454545454,552,0.9999999999999997,1.0000000000000002,1.0,1.0,1.0000000000000002,552,552.0,0.0,0.0,0.0,552.0,552.0,0.0,0.0,0.0,0.0,0.0,0.0,1.0,0.0,0.0,1584.0,3146.0,1584.0,2509056.0,13188.238291069865,0.0,0.0,0.0,0.0,0.0,0.0,0.0,0.0,0.0,0.0,0.0,0.0,0.0,0.0,0.0,0.0,15403.09664607048
207,12420000000000,1584.0,1584.0,1584.0,1584.0,1584.0,1584,24.0,24.0,24.0,24.0,24.0,1584,0.0,0.0,0.0,0.0,0.0,1584,3.0,8.0,4.202020202020202,4.0,5.0,1584,0.0,0.0,0.0,0.0,0.0,0,0.0,0.0,0.0,0.0,0.0,0,1.0,1.0,1.0,1.0,1.0,552,0.9999999999999997,1.0000000000000002,1.0,1.0,1.0000000000000002,552,1.0,1.3333333333333333,1.0054425500123647,1.0,1.0369505494505493,552,0.9999999999999997,1.0000000000000002,1.0,1.0,1.0000000000000002,552,552.0,0.0,0.0,0.0,552.0,552.0,0.0,0.0,0.0,0.0,0.0,0.0,1.0,0.0,0.0,1584.0,3146.0,1584.0,2509056.0,14451.694715768099,0.0,0.0,0.0,0.0,0.0,0.0,0.0,0.0,0.0,0.0,0.0,0.0,0.0,0.0,0.0,0.0,16657.974366098642
208,12480000000000,1584.0,1584.0,1584.0,1584.0,1584.0,1584,24.0,24.0,24.0,24.0,24.0,1584,0.0,0.0,0.0,0.0,0.0,1584,3.0,8.0,4.202020202020202,4.0,5.0,1584,0.0,0.0,0.0,0.0,0.0,0,0.0,0.0,0.0,0.0,0.0,0,1.0,1.0,1.0,1.0,1.0,552,0.9999999999999998,1.0000000000000004,1.0,1.0,1.0,552,1.0,1.3333333333333333,1.0078947412125308,1.0,1.0666666666666667,552,0.9999999999999998,1.0000000000000004,1.0,1.0,1.0,552,552.0,0.0,0.0,0.0,552.0,552.0,0.0,0.0,0.0,0.0,0.0,0.0,1.0,0.0,0.0,1584.0,3146.0,1584.0,2509056.0,13335.024021565914,0.0,0.0,0.0,0.0,0.0,0.0,0.0,0.0,0.0,0.0,0.0,0.0,0.0,0.0,0.0,0.0,15570.162577554584
209,12540000000000,1584.0,1584.0,1584.0,1584.0,1584.0,1584,24.0,24.0,24.0,24.0,24.0,1584,0.0,0.0,0.0,0.0,0.0,1584,3.0,8.0,4.207070707070707,4.0,5.0,1584,0.0,0.0,0.0,0.0,0.0,0,0.0,0.0,0.0,0.0,0.0,0,1.0,1.0,1.0,1.0,1.0,552,0.9999999999999997,1.0000000000000002,1.0,1.0,1.0,552,1.0,1.3333333333333333,1.0060055183659515,1.0,1.04,552,0.9999999999999997,1.0000000000000002,1.0,1.0,1.0,552,552.0,0.0,0.0,0.0,552.0,552.0,0.0,0.0,0.0,0.0,0.0,0.0,1.0,0.0,0.0,1584.0,3146.0,1584.0,2509056.0,14893.28614808619,0.0,0.0,0.0,0.0,0.0,0.0,0.0,0.0,0.0,0.0,0.0,0.0,0.0,0.0,0.0,0.0,17145.72043903172
210,12600000000000,1584.0,1584.0,1584.0,1584.0,1584.0,1584,24.0,24.0,24.0,24.0,24.0,1584,0.0,0.0,0.0,0.0,0.0,1584,3.0,8.0,4.201388888888889,4.0,5.0,1584,0.0,0.0,0.0,0.0,0.0,0,0.0,0.0,0.0,0.0,0.0,0,1.0,1.0,1.0,1.0,1.0,552,0.9999999999999996,1.0000000000000002,1.0,1.0,1.0000000000000002,552,1.0,1.3333333333333333,1.0077546940675521,1.0,1.0586805555555552,552,0.9999999999999996,1.0000000000000002,1.0,1.0,1.0000000000000002,552,552.0,0.0,0.0,0.0,552.0,552.0,0.0,0.0,0.0,0.0,0.0,0.0,1.0,0.0,0.0,1584.0,3146.0,1584.0,2509056.0,13574.849816039205,0.0,0.0,0.0,0.0,0.0,0.0,0.0,0.0,0.0,0.0,0.0,0.0,0.0,0.0,0.0,0.0,15769.65383067727
211,12660000000000,1584.0,1584.0,1584.0,1584.0,1584.0,1584,24.0,24.0,24.0,24.0,24.0,1584,0.0,0.0,0.0,0.0,0.0,1584,3.0,8.0,4.196969696969697,4.0,5.0,1584,0.0,0.0,0.0,0.0,0.0,0,0.0,0.0,0.0,0.0,0.0,0,1.0,1.0,1.0,1.0,1.0,552,0.9999999999999997,1.0000000000000004,1.0,1.0,1.0000000000000002,552,1.0,1.3333333333333333,1.006482141732557,1.0,1.0498746867167916,552,0.9999999999999997,1.0000000000000004,1.0,1.0,1.0000000000000002,552,552.0,0.0,0.0,0.0,552.0,552.0,0.0,0.0,0.0,0.0,0.0,0.0,1.0,0.0,0.0,1584.0,3146.0,1584.0,2509056.0,14689.00246731937,0.0,0.0,0.0,0.0,0.0,0.0,0.0,0.0,0.0,0.0,0.0,0.0,0.0,0.0,0.0,0.0,16850.5944237113
212,12720000000000,1584.0,1584.0,1584.0,1584.0,1584.0,1584,24.0,24.0,24.0,24.0,24.0,1584,0.0,0.0,0.0,0.0,0.0,1584,3.0,8.0,4.211489898989899,4.0,5.0,1584,0.0,0.0,0.0,0.0,0.0,0,0.0,0.0,0.0,0.0,0.0,0,1.0,1.0,1.0,1.0,1.0,552,0.9999999999999997,1.0000000000000002,1.0,1.0,1.0000000000000002,552,1.0,1.2,1.0057851632027235,1.0,1.045341614906832,552,0.9999999999999997,1.0000000000000002,1.0,1.0,1.0000000000000002,552,552.0,0.0,0.0,0.0,552.0,552.0,0.0,0.0,0.0,0.0,0.0,0.0,1.0,0.0,0.0,1584.0,3146.0,1584.0,2509056.0,13317.619401961565,0.0,0.0,0.0,0.0,0.0,0.0,0.0,0.0,0.0,0.0,0.0,0.0,0.0,0.0,0.0,0.0,15603.825483471155
213,12780000000000,1584.0,1584.0,1584.0,1584.0,1584.0,1584,24.0,24.0,24.0,24.0,24.0,1584,0.0,0.0,0.0,0.0,0.0,1584,3.0,8.0,4.208333333333333,4.0,5.0,1584,0.0,0.0,0.0,0.0,0.0,0,0.0,0.0,0.0,0.0,0.0,0,1.0,1.0,1.0,1.0,1.0,552,0.9999999999999996,1.0000000000000004,1.0,1.0,1.0000000000000002,552,1.0,1.3333333333333333,1.005816540689661,1.0,1.0474999999999997,552,0.9999999999999996,1.0000000000000004,1.0,1.0,1.0000000000000002,552,552.0,0.0,0.0,0.0,552.0,552.0,0.0,0.0,0.0,0.0,0.0,0.0,1.0,0.0,0.0,1584.0,3146.0,1584.0,2509056.0,14215.9668430686,0.0,0.0,0.0,0.0,0.0,0.0,0.0,0.0,0.0,0.0,0.0,0.0,0.0,0.0,0.0,0.0,16480.788376182318
214,12840000000000,1584.0,1584.0,1584.0,1584.0,1584.0,1584,24.0,24.0,24.0,24.0,24.0,1584,0.0,0.0,0.0,0.0,0.0,1584,3.0,8.0,4.201388888888889,4.0,5.0,1584,0.0,0.0,0.0,0.0,0.0,0,0.0,0.0,0.0,0.0,0.0,0,1.0,1.0,1.0,1.0,1.0,552,0.9999999999999997,1.0000000000000004,1.0,1.0,1.0000000000000002,552,1.0,1.3846153846153846,1.006039236293912,1.0,1.0424818840579708,552,0.9999999999999997,1.0000000000000004,1.0,1.0,1.0000000000000002,552,552.0,0.0,0.0,0.0,552.0,552.0,0.0,0.0,0.0,0.0,0.0,0.0,1.0,0.0,0.0,1584.0,3146.0,1584.0,2509056.0,12860.927153378725,0.0,0.0,0.0,0.0,0.0,0.0,0.0,0.0,0.0,0.0,0.0,0.0,0.0,0.0,0.0,0.0,15145.527655258775
215,12900000000000,1584.0,1584.0,1584.0,1584.0,1584.0,1584,24.0,24.0,24.0,24.0,24.0,1584,0.0,0.0,0.0,0.0,0.0,1584,3.0,8.0,4.208333333333333,4.0,5.0,1584,0.0,0.0,0.0,0.0,0.0,0,0.0,0.0,0.0,0.0,0.0,0,1.0,1.0,1.0,1.0,1.0,552,0.9999999999999997,1.0000000000000002,1.0,1.0,1.0000000000000002,552,1.0,1.3333333333333333,1.0065990319966256,1.0,1.0476190476190477,552,0.9999999999999997,1.0000000000000002,1.0,1.0,1.0000000000000002,552,552.0,0.0,0.0,0.0,552.0,552.0,0.0,0.0,0.0,0.0,0.0,0.0,1.0,0.0,0.0,1584.0,3146.0,1584.0,2509056.0,13971.30230627954,0.0,0.0,0.0,0.0,0.0,0.0,0.0,0.0,0.0,0.0,0.0,0.0,0.0,0.0,0.0,0.0,16278.497057035565
216,12960000000000,1584.0,1584.0,1584.0,1584.0,1584.0,1584,24.0,24.0,24.0,24.0,24.0,1584,0.0,0.0,0.0,0.0,0.0,1584,3.0,8.0,4.200757575757576,4.0,5.0,1584,0.0,0.0,0.0,0.0,0.0,0,0.0,0.0,0.0,0.0,0.0,0,1.0,1.0,1.0,1.0,1.0,552,0.9999999999999997,1.0000000000000002,1.0,1.0,1.0000000000000002,552,1.0,1.3333333333333333,1.0058593907041526,1.0,1.0376780626780626,552,0.9999999999999997,1.0000000000000002,1.0,1.0,1.0000000000000002,552,552.0,0.0,0.0,0.0,552.0,552.0,0.0,0.0,0.0,0.0,0.0,0.0,1.0,0.0,0.0,1584.0,3146.0,1584.0,2509056.0,12664.906911551952,0.0,0.0,0.0,0.0,0.0,0.0,0.0,0.0,0.0,0.0,0.0,0.0,0.0,0.0,0.0,0.0,14926.957929506898
217,13020000000000,1584.0,1584.0,1584.0,1584.0,1584.0,1584,24.0,24.0,24.0,24.0,24.0,1584,0.0,0.0,0.0,0.0,0.0,1584,3.0,8.0,4.200757575757576,4.0,5.0,1584,0.0,0.0,0.0,0.0,0.0,0,0.0,0.0,0.0,0.0,0.0,0,1.0,1.0,1.0,1.0,1.0,552,0.9999999999999997,1.0000000000000002,1.0,1.0,1.0000000000000002,552,1.0,1.3333333333333333,1.0076938595698788,1.0,1.0588235294117647,552,0.9999999999999997,1.0000000000000002,1.0,1.0,1.0000000000000002,552,552.0,0.0,0.0,0.0,552.0,552.0,0.0,0.0,0.0,0.0,0.0,0.0,1.0,0.0,0.0,1584.0,3146.0,1584.0,2509056.0,13823.76891002059,0.0,0.0,0.0,0.0,0.0,0.0,0.0,0.0,0.0,0.0,0.0,0.0,0.0,0.0,0.0,0.0,16134.909626096487
218,13080000000000,1584.0,1584.0,1584.0,1584.0,1584.0,1584,24.0,24.0,24.0,24.0,24.0,1584,0.0,0.0,0.0,0.0,0.0,1584,3.0,8.0,4.20770202020202,4.0,5.0,1584,0.0,0.0,0.0,0.0,0.0,0,0.0,0.0,0.0,0.0,0.0,0,1.0,1.0,1.0,1.0,1.0,552,0.9999999999999997,1.0000000000000004,1.0,1.0,1.0000000000000002,552,1.0,1.3333333333333333,1.0059488435009665,1.0,1.04,552,0.9999999999999997,1.0000000000000004,1.0,1.0,1.0000000000000002,552,552.0,0.0,0.0,0.0,552.0,552.0,0.0,0.0,0.0,0.0,0.0,0.0,1.0,0.0,0.0,1584.0,3146.0,1584.0,2509056.0,12435.114242136478,0.0,0.0,0.0,0.0,0.0,0.0,0.0,0.0,0.0,0.0,0.0,0.0,0.0,0.0,0.0,0.0,14732.963157817721
219,13140000000000,1584.0,1584.0,1584.0,1584.0,1584.0,1584,24.0,24.0,24.0,24.0,24.0,1584,0.0,0.0,0.0,0.0,0.0,1584,3.0,8.0,4.204545454545454,4.0,5.0,1584,0.0,0.0,0.0,0.0,0.0,0,0.0,0.0,0.0,0.0,0.0,0,1.0,1.0,1.0,1.0,1.0,552,0.9999999999999998,1.0000000000000004,1.0,1.0,1.0000000000000002,552,1.0,1.3333333333333333,1.0059200678776918,1.0,1.048690476190476,552,0.9999999999999998,1.0000000000000004,1.0,1.0,1.0000000000000002,552,552.0,0.0,0.0,0.0,552.0,552.0,0.0,0.0,0.0,0.0,0.0,0.0,1.0,0.0,0.0,1584.0,3146.0,1584.0,2509056.0,13102.752577513456,0.0,0.0,0.0,0.0,0.0,0.0,0.0,0.0,0.0,0.0,0.0,0.0,0.0,0.0,0.0,0.0,15342.568231746554
220,13200000000000,1584.0,1584.0,1584.0,1584.0,1584.0,1584,24.0,24.0,24.0,24.0,24.0,1584,0.0,0.0,0.0,0.0,0.0,1584,3.0,8.0,4.1982323232323235,4.0,5.0,1584,0.0,0.0,0.0,0.0,0.0,0,0.0,0.0,0.0,0.0,0.0,0,1.0,1.0,1.0,1.0,1.0,552,0.9999999999999997,1.0000000000000004,1.0,1.0,1.0,552,1.0,1.3333333333333333,1.0063425791290703,1.0,1.0539473684210525,552,0.9999999999999997,1.0000000000000004,1.0,1.0,1.0,552,552.0,0.0,0.0,0.0,552.0,552.0,0.0,0.0,0.0,0.0,0.0,0.0,1.0,0.0,0.0,1584.0,3146.0,1584.0,2509056.0,12059.325359761715,0.0,0.0,0.0,0.0,0.0,0.0,0.0,0.0,0.0,0.0,0.0,0.0,0.0,0.0,0.0,0.0,14283.7074380368
221,13260000000000,1584.0,1584.0,1584.0,1584.0,1584.0,1584,24.0,24.0,24.0,24.0,24.0,1584,0.0,0.0,0.0,0.0,0.0,1584,3.0,8.0,4.200757575757576,4.0,5.0,1584,0.0,0.0,0.0,0.0,0.0,0,0.0,0.0,0.0,0.0,0.0,0,1.0,1.0,1.0,1.0,1.0,552,0.9999999999999996,1.0000000000000002,1.0,1.0,1.0000000000000002,552,1.0,1.3076923076923077,1.004019402803577,1.0,1.0,552,0.9999999999999996,1.0000000000000002,1.0,1.0,1.0000000000000002,552,552.0,0.0,0.0,0.0,552.0,552.0,0.0,0.0,0.0,0.0,0.0,0.0,1.0,0.0,0.0,1584.0,3146.0,1584.0,2509056.0,12966.739237308502,0.0,0.0,0.0,0.0,0.0,0.0,0.0,0.0,0.0,0.0,0.0,0.0,0.0,0.0,0.0,0.0,15232.090001925826
222,13320000000000,1584.0,1584.0,1584.0,1584.0,1584.0,1584,24.0,24.0,24.0,24.0,24.0,1584,0.0,0.0,0.0,0.0,0.0,1584,3.0,8.0,4.202020202020202,4.0,5.0,1584,0.0,0.0,0.0,0.0,0.0,0,0.0,0.0,0.0,0.0,0.0,0,1.0,1.0,1.0,1.0,1.0,552,0.9999999999999998,1.0000000000000002,1.0,1.0,1.0000000000000002,552,1.0,1.3333333333333333,1.006621765854004,1.0,1.0511842105263156,552,0.9999999999999998,1.0000000000000002,1.0,1.0,1.0000000000000002,552,552.0,0.0,0.0,0.0,552.0,552.0,0.0,0.0,0.0,0.0,0.0,0.0,1.0,0.0,0.0,1584.0,3146.0,1584.0,2509056.0,11945.029839873314,0.0,0.0,0.0,0.0,0.0,0.0,0.0,0.0,0.0,0.0,0.0,0.0,0.0,0.0,0.0,0.0,14219.310929998755
223,13380000000000,1584.0,1584.0,1584.0,1584.0,1584.0,1584,24.0,24.0,24.0,24.0,24.0,1584,0.0,0.0,0.0,0.0,0.0,1584,3.0,8.0,4.202020202020202,4.0,5.0,1584,0.0,0.0,0.0,0.0,0.0,0,0.0,0.0,0.0,0.0,0.0,0,1.0,1.0,1.0,1.0,1.0,552,0.9999999999999998,1.0000000000000002,1.0,1.0,1.0000000000000002,552,1.0,1.2857142857142858,1.0058798541793477,1.0,1.0416666666666667,552,0.9999999999999998,1.0000000000000002,1.0,1.0,1.0000000000000002,552,552.0,0.0,0.0,0.0,552.0,552.0,0.0,0.0,0.0,0.0,0.0,0.0,1.0,0.0,0.0,1584.0,3146.0,1584.0,2509056.0,13409.818472340703,0.0,0.0,0.0,0.0,0.0,0.0,0.0,0.0,0.0,0.0,0.0,0.0,0.0,0.0,0.0,0.0,15663.56692649424
224,13440000000000,1584.0,1584.0,1584.0,1584.0,1584.0,1584,24.0,24.0,24.0,24.0,24.0,1584,0.0,0.0,0.0,0.0,0.0,1584,3.0,8.0,4.207070707070707,4.0,5.0,1584,0.0,0.0,0.0,0.0,0.0,0,0.0,0.0,0.0,0.0,0.0,0,1.0,1.0,1.0,1.0,1.0,552,0.9999999999999998,1.0000000000000004,1.0,1.0,1.0000000000000002,552,1.0,1.2857142857142858,1.0059806606325754,1.0,1.0434782608695652,552,0.9999999999999998,1.0000000000000004,1.0,1.0,1.0000000000000002,552,552.0,0.0,0.0,0.0,552.0,552.0,0.0,0.0,0.0,0.0,0.0,0.0,1.0,0.0,0.0,1584.0,3146.0,1584.0,2509056.0,12360.352952033281,0.0,0.0,0.0,0.0,0.0,0.0,0.0,0.0,0.0,0.0,0.0,0.0,0.0,0.0,0.0,0.0,14643.312128260732
225,13500000000000,1584.0,1584.0,1584.0,1584.0,1584.0,1584,24.0,24.0,24.0,24.0,24.0,1584,0.0,0.0,0.0,0.0,0.0,1584,3.0,8.0,4.200126262626263,4.0,5.0,1584,0.0,0.0,0.0,0.0,0.0,0,0.0,0.0,0.0,0.0,0.0,0,1.0,1.0,1.0,1.0,1.0,552,0.9999999999999997,1.0000000000000002,1.0,1.0,1.0000000000000002,552,1.0,1.3333333333333333,1.00704259075023,1.0,1.0476190476190477,552,0.9999999999999997,1.0000000000000002,1.0,1.0,1.0000000000000002,552,552.0,0.0,0.0,0.0,552.0,552.0,0.0,0.0,0.0,0.0,0.0,0.0,1.0,0.0,0.0,1584.0,3146.0,1584.0,2509056.0,13598.896726965904,0.0,0.0,0.0,0.0,0.0,0.0,0.0,0.0,0.0,0.0,0.0,0.0,0.0,0.0,0.0,0.0,15834.880575537682
226,13560000000000,1584.0,1584.0,1584.0,1584.0,1584.0,1584,24.0,24.0,24.0,24.0,24.0,1584,0.0,0.0,0.0,0.0,0.0,1584,3.0,8.0,4.200126262626263,4.0,5.0,1584,0.0,0.0,0.0,0.0,0.0,0,0.0,0.0,0.0,0.0,0.0,0,1.0,1.0,1.0,1.0,1.0,552,0.9999999999999997,1.0000000000000002,1.0,1.0,1.0000000000000002,552,1.0,1.3076923076923077,1.0069034472427476,1.0,1.0486842105263152,552,0.9999999999999997,1.0000000000000002,1.0,1.0,1.0000000000000002,552,552.0,0.0,0.0,0.0,552.0,552.0,0.0,0.0,0.0,0.0,0.0,0.0,1.0,0.0,0.0,1584.0,3146.0,1584.0,2509056.0,12744.909463450313,0.0,0.0,0.0,0.0,0.0,0.0,0.0,0.0,0.0,0.0,0.0,0.0,0.0,0.0,0.0,0.0,14986.223109066486
227,13620000000000,1584.0,1584.0,1584.0,1584.0,1584.0,1584,24.0,24.0,24.0,24.0,24.0,1584,0.0,0.0,0.0,0.0,0.0,1584,3.0,8.0,4.211489898989899,4.0,5.0,1584,0.0,0.0,0.0,0.0,0.0,0,0.0,0.0,0.0,0.0,0.0,0,1.0,1.0,1.0,1.0,1.0,552,0.9999999999999997,1.0000000000000002,1.0,1.0,1.0000000000000002,552,1.0,1.3571428571428572,1.0041293100692352,1.0,1.0,552,0.9999999999999997,1.0000000000000002,1.0,1.0,1.0000000000000002,552,552.0,0.0,0.0,0.0,552.0,552.0,0.0,0.0,0.0,0.0,0.0,0.0,1.0,0.0,0.0,1584.0,3146.0,1584.0,2509056.0,13829.472504556179,0.0,0.0,0.0,0.0,0.0,0.0,0.0,0.0,0.0,0.0,0.0,0.0,0.0,0.0,0.0,0.0,16143.745766952634
228,13680000000000,1584.0,1584.0,1584.0,1584.0,1584.0,1584,24.0,24.0,24.0,24.0,24.0,1584,0.0,0.0,0.0,0.0,0.0,1584,3.0,8.0,4.208964646464646,4.0,5.0,1584,0.0,0.0,0.0,0.0,0.0,0,0.0,0.0,0.0,0.0,0.0,0,1.0,1.0,1.0,1.0,1.0,552,0.9999999999999998,1.0000000000000004,1.0,1.0,1.0000000000000002,552,1.0,1.3333333333333333,1.0079296580469903,1.0,1.0588235294117647,552,0.9999999999999998,1.0000000000000004,1.0,1.0,1.0000000000000002,552,552.0,0.0,0.0,0.0,552.0,552.0,0.0,0.0,0.0,0.0,0.0,0.0,1.0,0.0,0.0,1584.0,3146.0,1584.0,2509056.0,12689.675392583013,0.0,0.0,0.0,0.0,0.0,0.0,0.0,0.0,0.0,0.0,0.0,0.0,0.0,0.0,0.0,0.0,14960.582816973329
229,13740000000000,1584.0,1584.0,1584.0,1584.0,1584.0,1584,24.0,24.0,24.0,24.0,24.0,1584,0.0,0.0,0.0,0.0,0.0,1584,3.0,8.0,4.201388888888889,4.0,5.0,1584,0.0,0.0,0.0,0.0,0.0,0,0.0,0.0,0.0,0.0,0.0,0,1.0,1.0,1.0,1.0,1.0,552,0.9999999999999997,1.0000000000000002,1.0,1.0,1.0000000000000002,552,1.0,1.3333333333333333,1.0061134874816946,1.0,1.0474999999999997,552,0.9999999999999997,1.0000000000000002,1.0,1.0,1.0000000000000002,552,552.0,0.0,0.0,0.0,552.0,552.0,0.0,0.0,0.0,0.0,0.0,0.0,1.0,0.0,0.0,1584.0,3146.0,1584.0,2509056.0,13969.870947301388,0.0,0.0,0.0,0.0,0.0,0.0,0.0,0.0,0.0,0.0,0.0,0.0,0.0,0.0,0.0,0.0,16201.62452198565
230,13800000000000,1584.0,1584.0,1584.0,1584.0,1584.0,1584,24.0,24.0,24.0,24.0,24.0,1584,0.0,0.0,0.0,0.0,0.0,1584,3.0,8.0,4.204545454545454,4.0,5.0,1584,0.0,0.0,0.0,0.0,0.0,0,0.0,0.0,0.0,0.0,0.0,0,1.0,1.0,1.0,1.0,1.0,552,0.9999999999999997,1.0000000000000002,1.0,1.0,1.0000000000000002,552,1.0,1.3333333333333333,1.0063170898069211,1.0,1.0376428571428569,552,0.9999999999999997,1.0000000000000002,1.0,1.0,1.0000000000000002,552,552.0,0.0,0.0,0.0,552.0,552.0,0.0,0.0,0.0,0.0,0.0,0.0,1.0,0.0,0.0,1584.0,3146.0,1584.0,2509056.0,12697.409115731716,0.0,0.0,0.0,0.0,0.0,0.0,0.0,0.0,0.0,0.0,0.0,0.0,0.0,0.0,0.0,0.0,14955.578990280628
231,13860000000000,1584.0,1584.0,1584.0,1584.0,1584.0,1584,24.0,24.0,24.0,24.0,24.0,1584,0.0,0.0,0.0,0.0,0.0,1584,3.0,8.0,4.200757575757576,4.0,5.0,1584,0.0,0.0,0.0,0.0,0.0,0,0.0,0.0,0.0,0.0,0.0,0,1.0,1.0,1.0,1.0,1.0,552,0.9999999999999998,1.0000000000000004,1.0,1.0,1.0000000000000002,552,1.0,1.3571428571428572,1.0058822608730194,1.0,1.0424818840579708,552,0.9999999999999998,1.0000000000000004,1.0,1.0,1.0000000000000002,552,552.0,0.0,0.0,0.0,552.0,552.0,0.0,0.0,0.0,0.0,0.0,0.0,1.0,0.0,0.0,1584.0,3146.0,1584.0,2509056.0,14421.189473941922,0.0,0.0,0.0,0.0,0.0,0.0,0.0,0.0,0.0,0.0,0.0,0.0,0.0,0.0,0.0,0.0,16715.730860829353
232,13920000000000,1584.0,1584.0,1584.0,1584.0,1584.0,1584,24.0,24.0,24.0,24.0,24.0,1584,0.0,0.0,0.0,0.0,0.0,1584,3.0,8.0,4.19949494949495,4.0,5.0,1584,0.0,0.0,0.0,0.0,0.0,0,0.0,0.0,0.0,0.0,0.0,0,1.0,1.0,1.0,1.0,1.0,552,0.9999999999999997,1.0000000000000002,1.0,1.0,1.0000000000000002,552,1.0,1.3333333333333333,1.0058567311074038,1.0,1.0511842105263156,552,0.9999999999999997,1.0000000000000002,1.0,1.0,1.0000000000000002,552,552.0,0.0,0.0,0.0,552.0,552.0,0.0,0.0,0.0,0.0,0.0,0.0,1.0,0.0,0.0,1584.0,3146.0,1584.0,2509056.0,12676.951546221972,0.0,0.0,0.0,0.0,0.0,0.0,0.0,0.0,0.0,0.0,0.0,0.0,0.0,0.0,0.0,0.0,14881.453447043896
233,13980000000000,1584.0,1584.0,1584.0,1584.0,1584.0,1584,24.0,24.0,24.0,24.0,24.0,1584,0.0,0.0,0.0,0.0,0.0,1584,3.0,8.0,4.209595959595959,4.0,5.0,1584,0.0,0.0,0.0,0.0,0.0,0,0.0,0.0,0.0,0.0,0.0,0,1.0,1.0,1.0,1.0,1.0,552,0.9999999999999996,1.0000000000000002,1.0,1.0,1.0000000000000002,552,1.0,1.2857142857142858,1.0089604929703944,1.0,1.0739010989010984,552,0.9999999999999996,1.0000000000000002,1.0,1.0,1.0000000000000002,552,552.0,0.0,0.0,0.0,552.0,552.0,0.0,0.0,0.0,0.0,0.0,0.0,1.0,0.0,0.0,1584.0,3146.0,1584.0,2509056.0,13872.273672372103,0.0,0.0,0.0,0.0,0.0,0.0,0.0,0.0,0.0,0.0,0.0,0.0,0.0,0.0,0.0,0.0,16141.292359679937
234,14040000000000,1584.0,1584.0,1584.0,1584.0,1584.0,1584,24.0,24.0,24.0,24.0,24.0,1584,0.0,0.0,0.0,0.0,0.0,1584,3.0,8.0,4.202020202020202,4.0,5.0,1584,0.0,0.0,0.0,0.0,0.0,0,0.0,0.0,0.0,0.0,0.0,0,1.0,1.0,1.0,1.0,1.0,552,0.9999999999999997,1.0000000000000004,1.0,1.0,1.0000000000000002,552,1.0,1.3333333333333333,1.0083368725039166,1.0,1.0539473684210525,552,0.9999999999999997,1.0000000000000004,1.0,1.0,1.0000000000000002,552,552.0,0.0,0.0,0.0,552.0,552.0,0.0,0.0,0.0,0.0,0.0,0.0,1.0,0.0,0.0,1584.0,3146.0,1584.0,2509056.0,12236.460097134113,0.0,0.0,0.0,0.0,0.0,0.0,0.0,0.0,0.0,0.0,0.0,0.0,0.0,0.0,0.0,0.0,14435.950387269258
235,14100000000000,1584.0,1584.0,1584.0,1584.0,1584.0,1584,24.0,24.0,24.0,24.0,24.0,1584,0.0,0.0,0.0,0.0,0.0,1584,3.0,8.0,4.1982323232323235,4.0,5.0,1584,0.0,0.0,0.0,0.0,0.0,0,0.0,0.0,0.0,0.0,0.0,0,1.0,1.0,1.0,1.0,1.0,552,0.9999999999999997,1.0000000000000002,1.0,1.0,1.0000000000000002,552,1.0,1.3333333333333333,1.0060869201731857,1.0,1.0443675889328061,552,0.9999999999999997,1.0000000000000002,1.0,1.0,1.0000000000000002,552,552.0,0.0,0.0,0.0,552.0,552.0,0.0,0.0,0.0,0.0,0.0,0.0,1.0,0.0,0.0,1584.0,3146.0,1584.0,2509056.0,13417.03960672021,0.0,0.0,0.0,0.0,0.0,0.0,0.0,0.0,0.0,0.0,0.0,0.0,0.0,0.0,0.0,0.0,15638.9882825315
236,14160000000000,1584.0,1584.0,1584.0,1584.0,1584.0,1584,24.0,24.0,24.0,24.0,24.0,1584,0.0,0.0,0.0,0.0,0.0,1584,3.0,8.0,4.203282828282828,4.0,5.0,1584,0.0,0.0,0.0,0.0,0.0,0,0.0,0.0,0.0,0.0,0.0,0,1.0,1.0,1.0,1.0,1.0,552,0.9999999999999996,1.0000000000000004,1.0,1.0,1.0000000000000002,552,1.0,1.3333333333333333,1.0077022285964077,1.0,1.0511842105263156,552,0.9999999999999996,1.0000000000000004,1.0,1.0,1.0000000000000002,552,552.0,0.0,0.0,0.0,552.0,552.0,0.0,0.0,0.0,0.0,0.0,0.0,1.0,0.0,0.0,1584.0,3146.0,1584.0,2509056.0,12156.582089141011,0.0,0.0,0.0,0.0,0.0,0.0,0.0,0.0,0.0,0.0,0.0,0.0,0.0,0.0,0.0,0.0,14411.171494051814
237,14220000000000,1584.0,1584.0,1584.0,1584.0,1584.0,1584,24.0,24.0,24.0,24.0,24.0,1584,0.0,0.0,0.0,0.0,0.0,1584,3.0,8.0,4.20770202020202,4.0,5.0,1584,0.0,0.0,0.0,0.0,0.0,0,0.0,0.0,0.0,0.0,0.0,0,1.0,1.0,1.0,1.0,1.0,552,0.9999999999999997,1.0000000000000004,1.0,1.0,1.0000000000000002,552,1.0,1.3333333333333333,1.0059335691314006,1.0,1.047597254004576,552,0.9999999999999997,1.0000000000000004,1.0,1.0,1.0000000000000002,552,552.0,0.0,0.0,0.0,552.0,552.0,0.0,0.0,0.0,0.0,0.0,0.0,1.0,0.0,0.0,1584.0,3146.0,1584.0,2509056.0,13206.131059676409,0.0,0.0,0.0,0.0,0.0,0.0,0.0,0.0,0.0,0.0,0.0,0.0,0.0,0.0,0.0,0.0,15482.536571100354
238,14280000000000,1584.0,1584.0,1584.0,1584.0,1584.0,1584,24.0,24.0,24.0,24.0,24.0,1584,0.0,0.0,0.0,0.0,0.0,1584,3.0,8.0,4.203282828282828,4.0,5.0,1584,0.0,0.0,0.0,0.0,0.0,0,0.0,0.0,0.0,0.0,0.0,0,1.0,1.0,1.0,1.0,1.0,552,0.9999999999999997,1.0000000000000002,1.0,1.0,1.0000000000000002,552,1.0,1.2666666666666666,1.0051909213773045,1.0,1.037898550724637,552,0.9999999999999997,1.0000000000000002,1.0,1.0,1.0000000000000002,552,552.0,0.0,0.0,0.0,552.0,552.0,0.0,0.0,0.0,0.0,0.0,0.0,1.0,0.0,0.0,1584.0,3146.0,1584.0,2509056.0,12473.606934770942,0.0,0.0,0.0,0.0,0.0,0.0,0.0,0.0,0.0,0.0,0.0,0.0,0.0,0.0,0.0,0.0,14688.993928954005
239,14340000000000,1584.0,1584.0,1584.0,1584.0,1584.0,1584,24.0,24.0,24.0,24.0,24.0,1584,0.0,0.0,0.0,0.0,0.0,1584,3.0,8.0,4.207070707070707,4.0,5.0,1584,0.0,0.0,0.0,0.0,0.0,0,0.0,0.0,0.0,0.0,0.0,0,1.0,1.0,1.0,1.0,1.0,552,0.9999999999999998,1.0000000000000004,1.0,1.0,1.0000000000000002,552,1.0,1.3333333333333333,1.0060500328237187,1.0,1.0,552,0.9999999999999998,1.0000000000000004,1.0,1.0,1.0000000000000002,552,552.0,0.0,0.0,0.0,552.0,552.0,0.0,0.0,0.0,0.0,0.0,0.0,1.0,0.0,0.0,1584.0,3146.0,1584.0,2509056.0,13619.39032562077,0.0,0.0,0.0,0.0,0.0,0.0,0.0,0.0,0.0,0.0,0.0,0.0,0.0,0.0,0.0,0.0,15903.61175313592
240,14400000000000,1584.0,1584.0,1584.0,1584.0,1584.0,1584,24.0,24.0,24.0,24.0,24.0,1584,0.0,0.0,0.0,0.0,0.0,1584,3.0,8.0,4.19760101010101,4.0,5.0,1584,0.0,0.0,0.0,0.0,0.0,0,0.0,0.0,0.0,0.0,0.0,0,1.0,1.0,1.0,1.0,1.0,552,0.9999999999999996,1.0000000000000004,1.0,1.0,1.0000000000000002,552,1.0,1.25,1.005977918308061,1.0,1.0415652173913041,552,0.9999999999999996,1.0000000000000004,1.0,1.0,1.0000000000000002,552,552.0,0.0,0.0,0.0,552.0,552.0,0.0,0.0,0.0,0.0,0.0,0.0,1.0,0.0,0.0,1584.0,3146.0,1584.0,2509056.0,12509.104313328862,0.0,0.0,0.0,0.0,0.0,0.0,0.0,0.0,0.0,0.0,0.0,0.0,0.0,0.0,0.0,0.0,14740.806313231587
241,14460000000000,1584.0,1584.0,1584.0,1584.0,1584.0,1584,24.0,24.0,24.0,24.0,24.0,1584,0.0,0.0,0.0,0.0,0.0,1584,3.0,8.0,4.202651515151516,4.0,5.0,1584,0.0,0.0,0.0,0.0,0.0,0,0.0,0.0,0.0,0.0,0.0,0,1.0,1.0,1.0,1.0,1.0,552,0.9999999999999996,1.0000000000000004,1.0,1.0,1.0000000000000002,552,1.0,1.3333333333333333,1.0055316163703751,1.0,1.0316666666666665,552,0.9999999999999996,1.0000000000000004,1.0,1.0,1.0000000000000002,552,552.0,0.0,0.0,0.0,552.0,552.0,0.0,0.0,0.0,0.0,0.0,0.0,1.0,0.0,0.0,1584.0,3146.0,1584.0,2509056.0,14177.608808502555,0.0,0.0,0.0,0.0,0.0,0.0,0.0,0.0,0.0,0.0,0.0,0.0,0.0,0.0,0.0,0.0,16406.812343746424
242,14520000000000,1584.0,1584.0,1584.0,1584.0,1584.0,1584,24.0,24.0,24.0,24.0,24.0,1584,0.0,0.0,0.0,0.0,0.0,1584,3.0,8.0,4.20580808080808,4.0,5.0,1584,0.0,0.0,0.0,0.0,0.0,0,0.0,0.0,0.0,0.0,0.0,0,1.0,1.0,1.0,1.0,1.0,552,0.9999999999999997,1.0000000000000004,1.0,1.0,1.0000000000000002,552,1.0,1.25,1.005174279536676,1.0,1.0306925996204932,552,0.9999999999999997,1.0000000000000004,1.0,1.0,1.0000000000000002,552,552.0,0.0,0.0,0.0,552.0,552.0,0.0,0.0,0.0,0.0,0.0,0.0,1.0,0.0,0.0,1584.0,3146.0,1584.0,2509056.0,12900.663059204817,0.0,0.0,0.0,0.0,0.0,0.0,0.0,0.0,0.0,0.0,0.0,0.0,0.0,0.0,0.0,0.0,15156.062379479408
243,14580000000000,1584.0,1584.0,1584.0,1584.0,1584.0,1584,24.0,24.0,24.0,24.0,24.0,1584,0.0,0.0,0.0,0.0,0.0,1584,3.0,8.0,4.207070707070707,4.0,5.0,1584,0.0,0.0,0.0,0.0,0.0,0,0.0,0.0,0.0,0.0,0.0,0,1.0,1.0,1.0,1.0,1.0,552,0.9999999999999998,1.0000000000000004,1.0,1.0,1.0000000000000002,552,1.0,1.3333333333333333,1.0099868339799403,1.0,1.0666666666666667,552,0.9999999999999998,1.0000000000000004,1.0,1.0,1.0000000000000002,552,552.0,0.0,0.0,0.0,552.0,552.0,0.0,0.0,0.0,0.0,0.0,0.0,1.0,0.0,0.0,1584.0,3146.0,1584.0,2509056.0,14358.635131269693,0.0,0.0,0.0,0.0,0.0,0.0,0.0,0.0,0.0,0.0,0.0,0.0,0.0,0.0,0.0,0.0,16623.99156950414
244,14640000000000,1584.0,1584.0,1584.0,1584.0,1584.0,1584,24.0,24.0,24.0,24.0,24.0,1584,0.0,0.0,0.0,0.0,0.0,1584,3.0,8.0,4.201388888888889,4.0,5.0,1584,0.0,0.0,0.0,0.0,0.0,0,0.0,0.0,0.0,0.0,0.0,0,1.0,1.0,1.0,1.0,1.0,552,0.9999999999999997,1.0000000000000004,1.0,1.0,1.0000000000000002,552,1.0,1.3076923076923077,1.004791118358047,1.0,1.0,552,0.9999999999999997,1.0000000000000004,1.0,1.0,1.0000000000000002,552,552.0,0.0,0.0,0.0,552.0,552.0,0.0,0.0,0.0,0.0,0.0,0.0,1.0,0.0,0.0,1584.0,3146.0,1584.0,2509056.0,13454.544650390744,0.0,0.0,0.0,0.0,0.0,0.0,0.0,0.0,0.0,0.0,0.0,0.0,0.0,0.0,0.0,0.0,15690.920123830438
245,14700000000000,1584.0,1584.0,1584.0,1584.0,1584.0,1584,24.0,24.0,24.0,24.0,24.0,1584,0.0,0.0,0.0,0.0,0.0,1584,3.0,8.0,4.204545454545454,4.0,5.0,1584,0.0,0.0,0.0,0.0,0.0,0,0.0,0.0,0.0,0.0,0.0,0,1.0,1.0,1.0,1.0,1.0,552,0.9999999999999997,1.0000000000000004,1.0,1.0,1.0000000000000002,552,1.0,1.3333333333333333,1.0058169936307775,1.0,1.0415652173913041,552,0.9999999999999997,1.0000000000000004,1.0,1.0,1.0000000000000002,552,552.0,0.0,0.0,0.0,552.0,552.0,0.0,0.0,0.0,0.0,0.0,0.0,1.0,0.0,0.0,1584.0,3146.0,1584.0,2509056.0,14917.535554617643,0.0,0.0,0.0,0.0,0.0,0.0,0.0,0.0,0.0,0.0,0.0,0.0,0.0,0.0,0.0,0.0,17203.600592911243
246,14760000000000,1584.0,1584.0,1584.0,1584.0,1584.0,1584,24.0,24.0,24.0,24.0,24.0,1584,0.0,0.0,0.0,0.0,0.0,1584,3.0,8.0,4.202651515151516,4.0,5.0,1584,0.0,0.0,0.0,0.0,0.0,0,0.0,0.0,0.0,0.0,0.0,0,1.0,1.0,1.0,1.0,1.0,552,0.9999999999999997,1.0000000000000002,1.0,1.0,1.0000000000000002,552,1.0,1.3333333333333333,1.0053821635389348,1.0,1.0369505494505493,552,0.9999999999999997,1.0000000000000002,1.0,1.0,1.0000000000000002,552,552.0,0.0,0.0,0.0,552.0,552.0,0.0,0.0,0.0,0.0,0.0,0.0,1.0,0.0,0.0,1584.0,3146.0,1584.0,2509056.0,13203.553091734648,0.0,0.0,0.0,0.0,0.0,0.0,0.0,0.0,0.0,0.0,0.0,0.0,0.0,0.0,0.0,0.0,15439.503544941545
247,14820000000000,1584.0,1584.0,1584.0,1584.0,1584.0,1584,24.0,24.0,24.0,24.0,24.0,1584,0.0,0.0,0.0,0.0,0.0,1584,3.0,8.0,4.200126262626263,4.0,5.0,1584,0.0,0.0,0.0,0.0,0.0,0,0.0,0.0,0.0,0.0,0.0,0,1.0,1.0,1.0,1.0,1.0,552,0.9999999999999996,1.0000000000000002,1.0,1.0,1.0000000000000002,552,1.0,1.3333333333333333,1.0075784776558556,1.0,1.0588235294117647,552,0.9999999999999996,1.0000000000000002,1.0,1.0,1.0000000000000002,552,552.0,0.0,0.0,0.0,552.0,552.0,0.0,0.0,0.0,0.0,0.0,0.0,1.0,0.0,0.0,1584.0,3146.0,1584.0,2509056.0,13811.938436701894,0.0,0.0,0.0,0.0,0.0,0.0,0.0,0.0,0.0,0.0,0.0,0.0,0.0,0.0,0.0,0.0,16048.018416389823
248,14880000000000,1584.0,1584.0,1584.0,1584.0,1584.0,1584,24.0,24.0,24.0,24.0,24.0,1584,0.0,0.0,0.0,0.0,0.0,1584,3.0,8.0,4.209595959595959,4.0,5.0,1584,0.0,0.0,0.0,0.0,0.0,0,0.0,0.0,0.0,0.0,0.0,0,1.0,1.0,1.0,1.0,1.0,552,0.9999999999999998,1.0000000000000004,1.0,1.0,1.0000000000000002,552,1.0,1.3333333333333333,1.0071437582046479,1.0,1.048690476190476,552,0.9999999999999998,1.0000000000000004,1.0,1.0,1.0000000000000002,552,552.0,0.0,0.0,0.0,552.0,552.0,0.0,0.0,0.0,0.0,0.0,0.0,1.0,0.0,0.0,1584.0,3146.0,1584.0,2509056.0,12805.526854470372,0.0,0.0,0.0,0.0,0.0,0.0,0.0,0.0,0.0,0.0,0.0,0.0,0.0,0.0,0.0,0.0,15088.661976158619
249,14940000000000,1584.0,1584.0,1584.0,1584.0,1584.0,1584,24.0,24.0,24.0,24.0,24.0,1584,0.0,0.0,0.0,0.0,0.0,1584,3.0,8.0,4.205176767676767,4.0,5.0,1584,0.0,0.0,0.0,0.0,0.0,0,0.0,0.0,0.0,0.0,0.0,0,1.0,1.0,1.0,1.0,1.0,552,0.9999999999999997,1.0000000000000002,1.0,1.0,1.0000000000000002,552,1.0,1.2857142857142858,1.0064134527773667,1.0,1.0555555555555556,552,0.9999999999999997,1.0000000000000002,1.0,1.0,1.0000000000000002,552,552.0,0.0,0.0,0.0,552.0,552.0,0.0,0.0,0.0,0.0,0.0,0.0,1.0,0.0,0.0,1584.0,3146.0,1584.0,2509056.0,13769.131435081363,0.0,0.0,0.0,0.0,0.0,0.0,0.0,0.0,0.0,0.0,0.0,0.0,0.0,0.0,0.0,0.0,16038.702698424459
250,15000000000000,1584.0,1584.0,1584.0,1584.0,1584.0,1584,24.0,24.0,24.0,24.0,24.0,1584,0.0,0.0,0.0,0.0,0.0,1584,3.0,8.0,4.192550505050505,4.0,5.0,1584,0.0,0.0,0.0,0.0,0.0,0,0.0,0.0,0.0,0.0,0.0,0,1.0,1.0,1.0,1.0,1.0,552,0.9999999999999998,1.0000000000000002,1.0,1.0,1.0000000000000002,552,1.0,1.3333333333333333,1.0054859849785223,1.0,1.045341614906832,552,0.9999999999999998,1.0000000000000002,1.0,1.0,1.0000000000000002,552,552.0,0.0,0.0,0.0,552.0,552.0,0.0,0.0,0.0,0.0,0.0,0.0,1.0,0.0,0.0,1584.0,3146.0,1584.0,2509056.0,12486.827611923218,0.0,0.0,0.0,0.0,0.0,0.0,0.0,0.0,0.0,0.0,0.0,0.0,0.0,0.0,0.0,0.0,14754.617543891072
251,15060000000000,1584.0,1584.0,1584.0,1584.0,1584.0,1584,24.0,24.0,24.0,24.0,24.0,1584,0.0,0.0,0.0,0.0,0.0,1584,3.0,8.0,4.205176767676767,4.0,5.0,1584,0.0,0.0,0.0,0.0,0.0,0,0.0,0.0,0.0,0.0,0.0,0,1.0,1.0,1.0,1.0,1.0,552,0.9999999999999997,1.0000000000000004,1.0,1.0,1.0000000000000002,552,1.0,1.1666666666666667,1.0043166256013352,1.0,1.0376780626780626,552,0.9999999999999997,1.0000000000000004,1.0,1.0,1.0000000000000002,552,552.0,0.0,0.0,0.0,552.0,552.0,0.0,0.0,0.0,0.0,0.0,0.0,1.0,0.0,0.0,1584.0,3146.0,1584.0,2509056.0,12137.679716572165,0.0,0.0,0.0,0.0,0.0,0.0,0.0,0.0,0.0,0.0,0.0,0.0,0.0,0.0,0.0,0.0,14412.969388067722
252,15120000000000,1584.0,1584.0,1584.0,1584.0,1584.0,1584,24.0,24.0,24.0,24.0,24.0,1584,0.0,0.0,0.0,0.0,0.0,1584,3.0,8.0,4.206439393939394,4.0,5.0,1584,0.0,0.0,0.0,0.0,0.0,0,0.0,0.0,0.0,0.0,0.0,0,1.0,1.0,1.0,1.0,1.0,552,0.9999999999999997,1.0000000000000002,1.0,1.0,1.0000000000000002,552,1.0,1.3333333333333333,1.006406199641685,1.0,1.0454545454545454,552,0.9999999999999997,1.0000000000000002,1.0,1.0,1.0000000000000002,552,552.0,0.0,0.0,0.0,552.0,552.0,0.0,0.0,0.0,0.0,0.0,0.0,1.0,0.0,0.0,1584.0,3146.0,1584.0,2509056.0,12974.18050095439,0.0,0.0,0.0,0.0,0.0,0.0,0.0,0.0,0.0,0.0,0.0,0.0,0.0,0.0,0.0,0.0,15268.62145960331
253,15180000000000,1584.0,1584.0,1584.0,1584.0,1584.0,1584,24.0,24.0,24.0,24.0,24.0,1584,0.0,0.0,0.0,0.0,0.0,1584,3.0,8.0,4.200126262626263,4.0,5.0,1584,0.0,0.0,0.0,0.0,0.0,0,0.0,0.0,0.0,0.0,0.0,0,1.0,1.0,1.0,1.0,1.0,552,0.9999999999999997,1.0000000000000004,1.0,1.0,1.0000000000000002,552,1.0,1.2857142857142858,1.0063148802855886,1.0,1.0443675889328061,552,0.9999999999999997,1.0000000000000004,1.0,1.0,1.0000000000000002,552,552.0,0.0,0.0,0.0,552.0,552.0,0.0,0.0,0.0,0.0,0.0,0.0,1.0,0.0,0.0,1584.0,3146.0,1584.0,2509056.0,11935.94554066658,0.0,0.0,0.0,0.0,0.0,0.0,0.0,0.0,0.0,0.0,0.0,0.0,0.0,0.0,0.0,0.0,14220.30827589333
254,15240000000000,1584.0,1584.0,1584.0,1584.0,1584.0,1584,24.0,24.0,24.0,24.0,24.0,1584,0.0,0.0,0.0,0.0,0.0,1584,3.0,8.0,4.208964646464646,4.0,5.0,1584,0.0,0.0,0.0,0.0,0.0,0,0.0,0.0,0.0,0.0,0.0,0,1.0,1.0,1.0,1.0,1.0,552,0.9999999999999997,1.0000000000000002,1.0,1.0,1.0000000000000002,552,1.0,1.3333333333333333,1.0064003235689474,1.0,1.048690476190476,552,0.9999999999999997,1.0000000000000002,1.0,1.0,1.0000000000000002,552,552.0,0.0,0.0,0.0,552.0,552.0,0.0,0.0,0.0,0.0,0.0,0.0,1.0,0.0,0.0,1584.0,3146.0,1584.0,2509056.0,13561.094228178263,0.0,0.0,0.0,0.0,0.0,0.0,0.0,0.0,0.0,0.0,0.0,0.0,0.0,0.0,0.0,0.0,15885.504830628633
255,15300000000000,1584.0,1584.0,1584.0,1584.0,1584.0,1584,24.0,24.0,24.0,24.0,24.0,1584,0.0,0.0,0.0,0.0,0.0,1584,3.0,8.0,4.1982323232323235,4.0,5.0,1584,0.0,0.0,0.0,0.0,0.0,0,0.0,0.0,0.0,0.0,0.0,0,1.0,1.0,1.0,1.0,1.0,552,0.9999999999999997,1.0000000000000002,1.0,1.0,1.0000000000000002,552,1.0,1.3333333333333333,1.0056193555141328,1.0,1.0363095238095237,552,0.9999999999999997,1.0000000000000002,1.0,1.0,1.0000000000000002,552,552.0,0.0,0.0,0.0,552.0,552.0,0.0,0.0,0.0,0.0,0.0,0.0,1.0,0.0,0.0,1584.0,3146.0,1584.0,2509056.0,12291.835920885205,0.0,0.0,0.0,0.0,0.0,0.0,0.0,0.0,0.0,0.0,0.0,0.0,0.0,0.0,0.0,0.0,14543.052963912487
256,15360000000000,1584.0,1584.0,1584.0,1584.0,1584.0,1584,24.0,24.0,24.0,24.0,24.0,1584,0.0,0.0,0.0,0.0,0.0,1584,3.0,8.0,4.1982323232323235,4.0,5.0,1584,0.0,0.0,0.0,0.0,0.0,0,0.0,0.0,0.0,0.0,0.0,0,1.0,1.0,1.0,1.0,1.0,552,0.9999999999999996,1.0000000000000004,1.0,1.0,1.0000000000000002,552,1.0,1.1666666666666667,1.0075238074102781,1.0,1.0643749999999996,552,0.9999999999999996,1.0000000000000004,1.0,1.0,1.0000000000000002,552,552.0,0.0,0.0,0.0,552.0,552.0,0.0,0.0,0.0,0.0,0.0,0.0,1.0,0.0,0.0,1584.0,3146.0,1584.0,2509056.0,12621.065044775605,0.0,0.0,0.0,0.0,0.0,0.0,0.0,0.0,0.0,0.0,0.0,0.0,0.0,0.0,0.0,0.0,14896.684477105737
257,15420000000000,1584.0,1584.0,1584.0,1584.0,1584.0,1584,24.0,24.0,24.0,24.0,24.0,1584,0.0,0.0,0.0,0.0,0.0,1584,3.0,8.0,4.203914141414141,4.0,5.0,1584,0.0,0.0,0.0,0.0,0.0,0,0.0,0.0,0.0,0.0,0.0,0,1.0,1.0,1.0,1.0,1.0,552,0.9999999999999997,1.0000000000000004,1.0,1.0,1.0000000000000002,552,1.0,1.3333333333333333,1.005366761135412,1.0,1.0,552,0.9999999999999997,1.0000000000000004,1.0,1.0,1.0000000000000002,552,552.0,0.0,0.0,0.0,552.0,552.0,0.0,0.0,0.0,0.0,0.0,0.0,1.0,0.0,0.0,1584.0,3146.0,1584.0,2509056.0,13862.48018592596,0.0,0.0,0.0,0.0,0.0,0.0,0.0,0.0,0.0,0.0,0.0,0.0,0.0,0.0,0.0,0.0,16149.531546980143
258,15480000000000,1584.0,1584.0,1584.0,1584.0,1584.0,1584,24.0,24.0,24.0,24.0,24.0,1584,0.0,0.0,0.0,0.0,0.0,1584,3.0,8.0,4.205176767676767,4.0,5.0,1584,0.0,0.0,0.0,0.0,0.0,0,0.0,0.0,0.0,0.0,0.0,0,1.0,1.0,1.0,1.0,1.0,552,0.9999999999999997,1.0000000000000004,1.0,1.0,1.0000000000000002,552,1.0,1.2857142857142858,1.0050831419798771,1.0,1.0416666666666667,552,0.9999999999999997,1.0000000000000004,1.0,1.0,1.0000000000000002,552,552.0,0.0,0.0,0.0,552.0,552.0,0.0,0.0,0.0,0.0,0.0,0.0,1.0,0.0,0.0,1584.0,3146.0,1584.0,2509056.0,12698.281103745103,0.0,0.0,0.0,0.0,0.0,0.0,0.0,0.0,0.0,0.0,0.0,0.0,0.0,0.0,0.0,0.0,14983.987912535667
259,15540000000000,1584.0,1584.0,1584.0,1584.0,1584.0,1584,24.0,24.0,24.0,24.0,24.0,1584,0.0,0.0,0.0,0.0,0.0,1584,3.0,8.0,4.203914141414141,4.0,5.0,1584,0.0,0.0,0.0,0.0,0.0,0,0.0,0.0,0.0,0.0,0.0,0,1.0,1.0,1.0,1.0,1.0,552,0.9999999999999997,1.0000000000000002,1.0,1.0,1.0000000000000002,552,1.0,1.3333333333333333,1.007429628434414,1.0,1.0570261437908495,552,0.9999999999999997,1.0000000000000002,1.0,1.0,1.0000000000000002,552,552.0,0.0,0.0,0.0,552.0,552.0,0.0,0.0,0.0,0.0,0.0,0.0,1.0,0.0,0.0,1584.0,3146.0,1584.0,2509056.0,13591.683998703957,0.0,0.0,0.0,0.0,0.0,0.0,0.0,0.0,0.0,0.0,0.0,0.0,0.0,0.0,0.0,0.0,15842.9159745574
260,15600000000000,1584.0,1584.0,1584.0,1584.0,1584.0,1584,24.0,24.0,24.0,24.0,24.0,1584,0.0,0.0,0.0,0.0,0.0,1584,3.0,8.0,4.203282828282828,4.0,5.0,1584,0.0,0.0,0.0,0.0,0.0,0,0.0,0.0,0.0,0.0,0.0,0,1.0,1.0,1.0,1.0,1.0,552,0.9999999999999997,1.0000000000000002,1.0,1.0,1.0000000000000002,552,1.0,1.3076923076923077,1.0058774208199284,1.0,1.0415652173913041,552,0.9999999999999997,1.0000000000000002,1.0,1.0,1.0000000000000002,552,552.0,0.0,0.0,0.0,552.0,552.0,0.0,0.0,0.0,0.0,0.0,0.0,1.0,0.0,0.0,1584.0,3146.0,1584.0,2509056.0,12242.809487506747,0.0,0.0,0.0,0.0,0.0,0.0,0.0,0.0,0.0,0.0,0.0,0.0,0.0,0.0,0.0,0.0,14468.214016407728
261,15660000000000,1584.0,1584.0,1584.0,1584.0,1584.0,1584,24.0,24.0,24.0,24.0,24.0,1584,0.0,0.0,0.0,0.0,0.0,1584,3.0,8.0,4.204545454545454,4.0,5.0,1584,0.0,0.0,0.0,0.0,0.0,0,0.0,0.0,0.0,0.0,0.0,0,1.0,1.0,1.0,1.0,1.0,552,0.9999999999999996,1.0000000000000002,1.0,1.0,1.0000000000000002,552,1.0,1.3333333333333333,1.0069859917075572,1.0,1.0555555555555556,552,0.9999999999999996,1.0000000000000002,1.0,1.0,1.0000000000000002,552,552.0,0.0,0.0,0.0,552.0,552.0,0.0,0.0,0.0,0.0,0.0,0.0,1.0,0.0,0.0,1584.0,3146.0,1584.0,2509056.0,13313.279069960117,0.0,0.0,0.0,0.0,0.0,0.0,0.0,0.0,0.0,0.0,0.0,0.0,0.0,0.0,0.0,0.0,15578.99591512978
262,15720000000000,1584.0,1584.0,1584.0,1584.0,1584.0,1584,24.0,24.0,24.0,24.0,24.0,1584,0.0,0.0,0.0,0.0,0.0,1584,3.0,8.0,4.201388888888889,4.0,5.0,1584,0.0,0.0,0.0,0.0,0.0,0,0.0,0.0,0.0,0.0,0.0,0,1.0,1.0,1.0,1.0,1.0,552,0.9999999999999997,1.0000000000000004,1.0,1.0,1.0000000000000002,552,1.0,1.2105263157894737,1.0045854753300372,1.0,1.0416666666666667,552,0.9999999999999997,1.0000000000000004,1.0,1.0,1.0000000000000002,552,552.0,0.0,0.0,0.0,552.0,552.0,0.0,0.0,0.0,0.0,0.0,0.0,1.0,0.0,0.0,1584.0,3146.0,1584.0,2509056.0,11915.594171732664,0.0,0.0,0.0,0.0,0.0,0.0,0.0,0.0,0.0,0.0,0.0,0.0,0.0,0.0,0.0,0.0,14178.922981023788
263,15780000000000,1584.0,1584.0,1584.0,1584.0,1584.0,1584,24.0,24.0,24.0,24.0,24.0,1584,0.0,0.0,0.0,0.0,0.0,1584,3.0,8.0,4.208964646464646,4.0,5.0,1584,0.0,0.0,0.0,0.0,0.0,0,0.0,0.0,0.0,0.0,0.0,0,1.0,1.0,1.0,1.0,1.0,552,0.9999999999999997,1.0000000000000004,1.0,1.0,1.0000000000000002,552,1.0,1.2857142857142858,1.006110074726608,1.0,1.0443675889328061,552,0.9999999999999997,1.0000000000000004,1.0,1.0,1.0000000000000002,552,552.0,0.0,0.0,0.0,552.0,552.0,0.0,0.0,0.0,0.0,0.0,0.0,1.0,0.0,0.0,1584.0,3146.0,1584.0,2509056.0,13186.391649767756,0.0,0.0,0.0,0.0,0.0,0.0,0.0,0.0,0.0,0.0,0.0,0.0,0.0,0.0,0.0,0.0,15533.264810219407
264,15840000000000,1584.0,1584.0,1584.0,1584.0,1584.0,1584,24.0,24.0,24.0,24.0,24.0,1584,0.0,0.0,0.0,0.0,0.0,1584,3.0,8.0,4.19760101010101,4.0,5.0,1584,0.0,0.0,0.0,0.0,0.0,0,0.0,0.0,0.0,0.0,0.0,0,1.0,1.0,1.0,1.0,1.0,552,0.9999999999999998,1.0000000000000002,1.0,1.0,1.0000000000000002,552,1.0,1.3333333333333333,1.0061044261936032,1.0,1.0474999999999997,552,0.9999999999999998,1.0000000000000002,1.0,1.0,1.0000000000000002,552,552.0,0.0,0.0,0.0,552.0,552.0,0.0,0.0,0.0,0.0,0.0,0.0,1.0,0.0,0.0,1584.0,3146.0,1584.0,2509056.0,11739.260176196694,0.0,0.0,0.0,0.0,0.0,0.0,0.0,0.0,0.0,0.0,0.0,0.0,0.0,0.0,0.0,0.0,14000.878408551216
265,15900000000000,1584.0,1584.0,1584.0,1584.0,1584.0,1584,24.0,24.0,24.0,24.0,24.0,1584,0.0,0.0,0.0,0.0,0.0,1584,3.0,8.0,4.200757575757576,4.0,5.0,1584,0.0,0.0,0.0,0.0,0.0,0,0.0,0.0,0.0,0.0,0.0,0,1.0,1.0,1.0,1.0,1.0,552,0.9999999999999998,1.0000000000000002,1.0,1.0,1.0000000000000002,552,1.0,1.3333333333333333,1.0070556965218191,1.0,1.0539473684210525,552,0.9999999999999998,1.0000000000000002,1.0,1.0,1.0000000000000002,552,552.0,0.0,0.0,0.0,552.0,552.0,0.0,0.0,0.0,0.0,0.0,0.0,1.0,0.0,0.0,1584.0,3146.0,1584.0,2509056.0,13186.554124578834,0.0,0.0,0.0,0.0,0.0,0.0,0.0,0.0,0.0,0.0,0.0,0.0,0.0,0.0,0.0,0.0,15442.67988577485
266,15960000000000,1584.0,1584.0,1584.0,1584.0,1584.0,1584,24.0,24.0,24.0,24.0,24.0,1584,0.0,0.0,0.0,0.0,0.0,1584,3.0,8.0,4.208333333333333,4.0,5.0,1584,0.0,0.0,0.0,0.0,0.0,0,0.0,0.0,0.0,0.0,0.0,0,1.0,1.0,1.0,1.0,1.0,552,0.9999999999999996,1.0000000000000002,1.0,1.0,1.0000000000000002,552,1.0,1.3571428571428572,1.0061539569358442,1.0,1.039153846153846,552,0.9999999999999996,1.0000000000000002,1.0,1.0,1.0000000000000002,552,552.0,0.0,0.0,0.0,552.0,552.0,0.0,0.0,0.0,0.0,0.0,0.0,1.0,0.0,0.0,1584.0,3146.0,1584.0,2509056.0,12045.883513987064,0.0,0.0,0.0,0.0,0.0,0.0,0.0,0.0,0.0,0.0,0.0,0.0,0.0,0.0,0.0,0.0,14325.994160026312
267,16020000000000,1584.0,1584.0,1584.0,1584.0,1584.0,1584,24.0,24.0,24.0,24.0,24.0,1584,0.0,0.0,0.0,0.0,0.0,1584,3.0,8.0,4.20580808080808,4.0,5.0,1584,0.0,0.0,0.0,0.0,0.0,0,0.0,0.0,0.0,0.0,0.0,0,1.0,1.0,1.0,1.0,1.0,552,0.9999999999999997,1.0000000000000002,1.0,1.0,1.0000000000000002,552,1.0,1.3333333333333333,1.0065269531251755,1.0,1.045341614906832,552,0.9999999999999997,1.0000000000000002,1.0,1.0,1.0000000000000002,552,552.0,0.0,0.0,0.0,552.0,552.0,0.0,0.0,0.0,0.0,0.0,0.0,1.0,0.0,0.0,1584.0,3146.0,1584.0,2509056.0,12455.308463424444,0.0,0.0,0.0,0.0,0.0,0.0,0.0,0.0,0.0,0.0,0.0,0.0,0.0,0.0,0.0,0.0,14721.237463876605
268,16080000000000,1584.0,1584.0,1584.0,1584.0,1584.0,1584,24.0,24.0,24.0,24.0,24.0,1584,0.0,0.0,0.0,0.0,0.0,1584,3.0,8.0,4.203914141414141,4.0,5.0,1584,0.0,0.0,0.0,0.0,0.0,0,0.0,0.0,0.0,0.0,0.0,0,1.0,1.0,1.0,1.0,1.0,552,0.9999999999999998,1.0000000000000004,1.0,1.0,1.0000000000000002,552,1.0,1.3333333333333333,1.0058753837012528,1.0,1.0,552,0.9999999999999998,1.0000000000000004,1.0,1.0,1.0000000000000002,552,552.0,0.0,0.0,0.0,552.0,552.0,0.0,0.0,0.0,0.0,0.0,0.0,1.0,0.0,0.0,1584.0,3146.0,1584.0,2509056.0,13905.963832512498,0.0,0.0,0.0,0.0,0.0,0.0,0.0,0.0,0.0,0.0,0.0,0.0,0.0,0.0,0.0,0.0,16149.08249117434
269,16140000000000,1584.0,1584.0,1584.0,1584.0,1584.0,1584,24.0,24.0,24.0,24.0,24.0,1584,0.0,0.0,0.0,0.0,0.0,1584,3.0,8.0,4.203282828282828,4.0,5.0,1584,0.0,0.0,0.0,0.0,0.0,0,0.0,0.0,0.0,0.0,0.0,0,1.0,1.0,1.0,1.0,1.0,552,0.9999999999999997,1.0000000000000004,1.0,1.0,1.0000000000000002,552,1.0,1.3333333333333333,1.0059145184795681,1.0,1.0,552,0.9999999999999997,1.0000000000000004,1.0,1.0,1.0000000000000002,552,552.0,0.0,0.0,0.0,552.0,552.0,0.0,0.0,0.0,0.0,0.0,0.0,1.0,0.0,0.0,1584.0,3146.0,1584.0,2509056.0,12541.822770610452,0.0,0.0,0.0,0.0,0.0,0.0,0.0,0.0,0.0,0.0,0.0,0.0,0.0,0.0,0.0,0.0,14757.71214067936
270,16200000000000,1584.0,1584.0,1584.0,1584.0,1584.0,1584,24.0,24.0,24.0,24.0,24.0,1584,0.0,0.0,0.0,0.0,0.0,1584,3.0,8.0,4.201388888888889,4.0,5.0,1584,0.0,0.0,0.0,0.0,0.0,0,0.0,0.0,0.0,0.0,0.0,0,1.0,1.0,1.0,1.0,1.0,552,0.9999999999999997,1.0000000000000004,1.0,1.0,1.0000000000000002,552,1.0,1.2666666666666666,1.0067817070081697,1.0,1.0555555555555556,552,0.9999999999999997,1.0000000000000004,1.0,1.0,1.0000000000000002,552,552.0,0.0,0.0,0.0,552.0,552.0,0.0,0.0,0.0,0.0,0.0,0.0,1.0,0.0,0.0,1584.0,3146.0,1584.0,2509056.0,14303.306255489588,0.0,0.0,0.0,0.0,0.0,0.0,0.0,0.0,0.0,0.0,0.0,0.0,0.0,0.0,0.0,0.0,16524.175342172384
271,16260000000000,1584.0,1584.0,1584.0,1584.0,1584.0,1584,24.0,24.0,24.0,24.0,24.0,1584,0.0,0.0,0.0,0.0,0.0,1584,3.0,8.0,4.200757575757576,4.0,5.0,1584,0.0,0.0,0.0,0.0,0.0,0,0.0,0.0,0.0,0.0,0.0,0,1.0,1.0,1.0,1.0,1.0,552,0.9999999999999998,1.0000000000000004,1.0,1.0,1.0000000000000002,552,1.0,1.2142857142857142,1.0053139464986558,1.0,1.05,552,0.9999999999999998,1.0000000000000004,1.0,1.0,1.0000000000000002,552,552.0,0.0,0.0,0.0,552.0,552.0,0.0,0.0,0.0,0.0,0.0,0.0,1.0,0.0,0.0,1584.0,3146.0,1584.0,2509056.0,13055.299907922745,0.0,0.0,0.0,0.0,0.0,0.0,0.0,0.0,0.0,0.0,0.0,0.0,0.0,0.0,0.0,0.0,15267.386116087437
272,16320000000000,1584.0,1584.0,1584.0,1584.0,1584.0,1584,24.0,24.0,24.0,24.0,24.0,1584,0.0,0.0,0.0,0.0,0.0,1584,3.0,8.0,4.209595959595959,4.0,5.0,1584,0.0,0.0,0.0,0.0,0.0,0,0.0,0.0,0.0,0.0,0.0,0,1.0,1.0,1.0,1.0,1.0,552,0.9999999999999997,1.0000000000000004,1.0,1.0,1.0000000000000002,552,1.0,1.2857142857142858,1.0082965158250006,1.0,1.0700738916256156,552,0.9999999999999997,1.0000000000000004,1.0,1.0,1.0000000000000002,552,552.0,0.0,0.0,0.0,552.0,552.0,0.0,0.0,0.0,0.0,0.0,0.0,1.0,0.0,0.0,1584.0,3146.0,1584.0,2509056.0,14811.488296836615,0.0,0.0,0.0,0.0,0.0,0.0,0.0,0.0,0.0,0.0,0.0,0.0,0.0,0.0,0.0,0.0,17046.285619959235
273,16380000000000,1584.0,1584.0,1584.0,1584.0,1584.0,1584,24.0,24.0,24.0,24.0,24.0,1584,0.0,0.0,0.0,0.0,0.0,1584,3.0,8.0,4.200126262626263,4.0,5.0,1584,0.0,0.0,0.0,0.0,0.0,0,0.0,0.0,0.0,0.0,0.0,0,1.0,1.0,1.0,1.0,1.0,552,0.9999999999999998,1.0000000000000004,1.0,1.0,1.0000000000000002,552,1.0,1.3333333333333333,1.0070180204350623,1.0,1.037898550724637,552,0.9999999999999998,1.0000000000000004,1.0,1.0,1.0000000000000002,552,552.0,0.0,0.0,0.0,552.0,552.0,0.0,0.0,0.0,0.0,0.0,0.0,1.0,0.0,0.0,1584.0,3146.0,1584.0,2509056.0,13291.627649217844,0.0,0.0,0.0,0.0,0.0,0.0,0.0,0.0,0.0,0.0,0.0,0.0,0.0,0.0,0.0,0.0,15473.932778462768
274,16440000000000,1584.0,1584.0,1584.0,1584.0,1584.0,1584,24.0,24.0,24.0,24.0,24.0,1584,0.0,0.0,0.0,0.0,0.0,1584,3.0,8.0,4.203282828282828,4.0,5.0,1584,0.0,0.0,0.0,0.0,0.0,0,0.0,0.0,0.0,0.0,0.0,0,1.0,1.0,1.0,1.0,1.0,552,0.9999999999999997,1.0000000000000002,1.0,1.0,1.0000000000000002,552,1.0,1.3076923076923077,1.0046113590993595,1.0,1.0,552,0.9999999999999997,1.0000000000000002,1.0,1.0,1.0000000000000002,552,552.0,0.0,0.0,0.0,552.0,552.0,0.0,0.0,0.0,0.0,0.0,0.0,1.0,0.0,0.0,1584.0,3146.0,1584.0,2509056.0,14603.897390887141,0.0,0.0,0.0,0.0,0.0,0.0,0.0,0.0,0.0,0.0,0.0,0.0,0.0,0.0,0.0,0.0,16811.13539263606
275,16500000000000,1584.0,1584.0,1584.0,1584.0,1584.0,1584,24.0,24.0,24.0,24.0,24.0,1584,0.0,0.0,0.0,0.0,0.0,1584,3.0,8.0,4.20770202020202,4.0,5.0,1584,0.0,0.0,0.0,0.0,0.0,0,0.0,0.0,0.0,0.0,0.0,0,1.0,1.0,1.0,1.0,1.0,552,0.9999999999999998,1.0000000000000002,1.0,1.0,1.0000000000000002,552,1.0,1.3333333333333333,1.006818773328956,1.0,1.045341614906832,552,0.9999999999999998,1.0000000000000002,1.0,1.0,1.0000000000000002,552,552.0,0.0,0.0,0.0,552.0,552.0,0.0,0.0,0.0,0.0,0.0,0.0,1.0,0.0,0.0,1584.0,3146.0,1584.0,2509056.0,12785.4226808995,0.0,0.0,0.0,0.0,0.0,0.0,0.0,0.0,0.0,0.0,0.0,0.0,0.0,0.0,0.0,0.0,15035.170761868358
276,16560000000000,1584.0,1584.0,1584.0,1584.0,1584.0,1584,24.0,24.0,24.0,24.0,24.0,1584,0.0,0.0,0.0,0.0,0.0,1584,3.0,8.0,4.204545454545454,4.0,5.0,1584,0.0,0.0,0.0,0.0,0.0,0,0.0,0.0,0.0,0.0,0.0,0,1.0,1.0,1.0,1.0,1.0,552,0.9999999999999997,1.0000000000000002,1.0,1.0,1.0000000000000002,552,1.0,1.3333333333333333,1.007067469688755,1.0,1.0555555555555556,552,0.9999999999999997,1.0000000000000002,1.0,1.0,1.0000000000000002,552,552.0,0.0,0.0,0.0,552.0,552.0,0.0,0.0,0.0,0.0,0.0,0.0,1.0,0.0,0.0,1584.0,3146.0,1584.0,2509056.0,14157.9680852592,0.0,0.0,0.0,0.0,0.0,0.0,0.0,0.0,0.0,0.0,0.0,0.0,0.0,0.0,0.0,0.0,16426.083348691463
277,16620000000000,1584.0,1584.0,1584.0,1584.0,1584.0,1584,24.0,24.0,24.0,24.0,24.0,1584,0.0,0.0,0.0,0.0,0.0,1584,3.0,8.0,4.203282828282828,4.0,5.0,1584,0.0,0.0,0.0,0.0,0.0,0,0.0,0.0,0.0,0.0,0.0,0,1.0,1.0,1.0,1.0,1.0,552,0.9999999999999996,1.0000000000000002,1.0,1.0,1.0000000000000002,552,1.0,1.3333333333333333,1.0042387139837934,1.0,1.0,552,0.9999999999999996,1.0000000000000002,1.0,1.0,1.0000000000000002,552,552.0,0.0,0.0,0.0,552.0,552.0,0.0,0.0,0.0,0.0,0.0,0.0,1.0,0.0,0.0,1584.0,3146.0,1584.0,2509056.0,12383.78170877695,0.0,0.0,0.0,0.0,0.0,0.0,0.0,0.0,0.0,0.0,0.0,0.0,0.0,0.0,0.0,0.0,14644.234573468566
278,16680000000000,1584.0,1584.0,1584.0,1584.0,1584.0,1584,24.0,24.0,24.0,24.0,24.0,1584,0.0,0.0,0.0,0.0,0.0,1584,3.0,8.0,4.205176767676767,4.0,5.0,1584,0.0,0.0,0.0,0.0,0.0,0,0.0,0.0,0.0,0.0,0.0,0,1.0,1.0,1.0,1.0,1.0,552,0.9999999999999996,1.0000000000000002,1.0,1.0,1.0000000000000002,552,1.0,1.3333333333333333,1.0072556056325523,1.0,1.0555555555555556,552,0.9999999999999996,1.0000000000000002,1.0,1.0,1.0000000000000002,552,552.0,0.0,0.0,0.0,552.0,552.0,0.0,0.0,0.0,0.0,0.0,0.0,1.0,0.0,0.0,1584.0,3146.0,1584.0,2509056.0,13728.50365191698,0.0,0.0,0.0,0.0,0.0,0.0,0.0,0.0,0.0,0.0,0.0,0.0,0.0,0.0,0.0,0.0,16025.715433061123
279,16740000000000,1584.0,1584.0,1584.0,1584.0,1584.0,1584,24.0,24.0,24.0,24.0,24.0,1584,0.0,0.0,0.0,0.0,0.0,1584,3.0,8.0,4.194444444444445,4.0,5.0,1584,0.0,0.0,0.0,0.0,0.0,0,0.0,0.0,0.0,0.0,0.0,0,1.0,1.0,1.0,1.0,1.0,552,0.9999999999999997,1.0000000000000002,1.0,1.0,1.0000000000000002,552,1.0,1.3076923076923077,1.0044189042311118,1.0,1.0,552,0.9999999999999997,1.0000000000000002,1.0,1.0,1.0000000000000002,552,552.0,0.0,0.0,0.0,552.0,552.0,0.0,0.0,0.0,0.0,0.0,0.0,1.0,0.0,0.0,1584.0,3146.0,1584.0,2509056.0,12253.867454826832,0.0,0.0,0.0,0.0,0.0,0.0,0.0,0.0,0.0,0.0,0.0,0.0,0.0,0.0,0.0,0.0,14481.507677584887
280,16800000000000,1584.0,1584.0,1584.0,1584.0,1584.0,1584,24.0,24.0,24.0,24.0,24.0,1584,0.0,0.0,0.0,0.0,0.0,1584,3.0,8.0,4.207070707070707,4.0,5.0,1584,0.0,0.0,0.0,0.0,0.0,0,0.0,0.0,0.0,0.0,0.0,0,1.0,1.0,1.0,1.0,1.0,552,0.9999999999999997,1.0000000000000004,1.0,1.0,1.0000000000000002,552,1.0,1.3333333333333333,1.0056131680064342,1.0,1.0344047619047618,552,0.9999999999999997,1.0000000000000004,1.0,1.0,1.0000000000000002,552,552.0,0.0,0.0,0.0,552.0,552.0,0.0,0.0,0.0,0.0,0.0,0.0,1.0,0.0,0.0,1584.0,3146.0,1584.0,2509056.0,13581.466866657138,0.0,0.0,0.0,0.0,0.0,0.0,0.0,0.0,0.0,0.0,0.0,0.0,0.0,0.0,0.0,0.0,15893.665662035346
281,16860000000000,1584.0,1584.0,1584.0,1584.0,1584.0,1584,24.0,24.0,24.0,24.0,24.0,1584,0.0,0.0,0.0,0.0,0.0,1584,3.0,8.0,4.206439393939394,4.0,5.0,1584,0.0,0.0,0.0,0.0,0.0,0,0.0,0.0,0.0,0.0,0.0,0,1.0,1.0,1.0,1.0,1.0,552,0.9999999999999997,1.0000000000000004,1.0,1.0,1.0000000000000002,552,1.0,1.2857142857142858,1.0060283920510107,1.0,1.0443675889328061,552,0.9999999999999997,1.0000000000000004,1.0,1.0,1.0000000000000002,552,552.0,0.0,0.0,0.0,552.0,552.0,0.0,0.0,0.0,0.0,0.0,0.0,1.0,0.0,0.0,1584.0,3146.0,1584.0,2509056.0,12012.138547375798,0.0,0.0,0.0,0.0,0.0,0.0,0.0,0.0,0.0,0.0,0.0,0.0,0.0,0.0,0.0,0.0,14278.847765177488
282,16920000000000,1584.0,1584.0,1584.0,1584.0,1584.0,1584,24.0,24.0,24.0,24.0,24.0,1584,0.0,0.0,0.0,0.0,0.0,1584,3.0,8.0,4.202651515151516,4.0,5.0,1584,0.0,0.0,0.0,0.0,0.0,0,0.0,0.0,0.0,0.0,0.0,0,1.0,1.0,1.0,1.0,1.0,552,0.9999999999999997,1.0000000000000004,1.0,1.0,1.0000000000000002,552,1.0,1.3333333333333333,1.0079774652513522,1.0,1.0570261437908495,552,0.9999999999999997,1.0000000000000004,1.0,1.0,1.0000000000000002,552,552.0,0.0,0.0,0.0,552.0,552.0,0.0,0.0,0.0,0.0,0.0,0.0,1.0,0.0,0.0,1584.0,3146.0,1584.0,2509056.0,13549.565136432648,0.0,0.0,0.0,0.0,0.0,0.0,0.0,0.0,0.0,0.0,0.0,0.0,0.0,0.0,0.0,0.0,15839.480441063643
283,16980000000000,1584.0,1584.0,1584.0,1584.0,1584.0,1584,24.0,24.0,24.0,24.0,24.0,1584,0.0,0.0,0.0,0.0,0.0,1584,3.0,8.0,4.20580808080808,4.0,5.0,1584,0.0,0.0,0.0,0.0,0.0,0,0.0,0.0,0.0,0.0,0.0,0,1.0,1.0,1.0,1.0,1.0,552,0.9999999999999997,1.0000000000000004,1.0,1.0,1.0000000000000002,552,1.0,1.3076923076923077,1.004267620546329,1.0,1.0,552,0.9999999999999997,1.0000000000000004,1.0,1.0,1.0000000000000002,552,552.0,0.0,0.0,0.0,552.0,552.0,0.0,0.0,0.0,0.0,0.0,0.0,1.0,0.0,0.0,1584.0,3146.0,1584.0,2509056.0,12534.667050465941,0.0,0.0,0.0,0.0,0.0,0.0,0.0,0.0,0.0,0.0,0.0,0.0,0.0,0.0,0.0,0.0,14833.210239186883
284,17040000000000,1584.0,1584.0,1584.0,1584.0,1584.0,1584,24.0,24.0,24.0,24.0,24.0,1584,0.0,0.0,0.0,0.0,0.0,1584,3.0,8.0,4.19949494949495,4.0,5.0,1584,0.0,0.0,0.0,0.0,0.0,0,0.0,0.0,0.0,0.0,0.0,0,1.0,1.0,1.0,1.0,1.0,552,0.9999999999999997,1.0000000000000002,1.0,1.0,1.0000000000000002,552,1.0,1.3333333333333333,1.005564371593624,1.0,1.0454545454545454,552,0.9999999999999997,1.0000000000000002,1.0,1.0,1.0000000000000002,552,552.0,0.0,0.0,0.0,552.0,552.0,0.0,0.0,0.0,0.0,0.0,0.0,1.0,0.0,0.0,1584.0,3146.0,1584.0,2509056.0,14176.883453503251,0.0,0.0,0.0,0.0,0.0,0.0,0.0,0.0,0.0,0.0,0.0,0.0,0.0,0.0,0.0,0.0,16427.871955558658
285,17100000000000,1584.0,1584.0,1584.0,1584.0,1584.0,1584,24.0,24.0,24.0,24.0,24.0,1584,0.0,0.0,0.0,0.0,0.0,1584,3.0,8.0,4.203282828282828,4.0,5.0,1584,0.0,0.0,0.0,0.0,0.0,0,0.0,0.0,0.0,0.0,0.0,0,1.0,1.0,1.0,1.0,1.0,552,0.9999999999999996,1.0000000000000004,1.0,1.0,1.0000000000000002,552,1.0,1.3333333333333333,1.005650883116662,1.0,1.0338133640552993,552,0.9999999999999996,1.0000000000000004,1.0,1.0,1.0000000000000002,552,552.0,0.0,0.0,0.0,552.0,552.0,0.0,0.0,0.0,0.0,0.0,0.0,1.0,0.0,0.0,1584.0,3146.0,1584.0,2509056.0,12466.037204489112,0.0,0.0,0.0,0.0,0.0,0.0,0.0,0.0,0.0,0.0,0.0,0.0,0.0,0.0,0.0,0.0,14735.584877431393
286,17160000000000,1584.0,1584.0,1584.0,1584.0,1584.0,1584,24.0,24.0,24.0,24.0,24.0,1584,0.0,0.0,0.0,0.0,0.0,1584,3.0,8.0,4.202651515151516,4.0,5.0,1584,0.0,0.0,0.0,0.0,0.0,0,0.0,0.0,0.0,0.0,0.0,0,1.0,1.0,1.0,1.0,1.0,552,0.9999999999999996,1.0000000000000002,1.0,1.0,1.0000000000000002,552,1.0,1.2666666666666666,1.006597399772429,1.0,1.0526315789473684,552,0.9999999999999996,1.0000000000000002,1.0,1.0,1.0000000000000002,552,552.0,0.0,0.0,0.0,552.0,552.0,0.0,0.0,0.0,0.0,0.0,0.0,1.0,0.0,0.0,1584.0,3146.0,1584.0,2509056.0,13912.700718268752,0.0,0.0,0.0,0.0,0.0,0.0,0.0,0.0,0.0,0.0,0.0,0.0,0.0,0.0,0.0,0.0,16194.209214299917
287,17220000000000,1584.0,1584.0,1584.0,1584.0,1584.0,1584,24.0,24.0,24.0,24.0,24.0,1584,0.0,0.0,0.0,0.0,0.0,1584,3.0,8.0,4.2102272727272725,4.0,5.0,1584,0.0,0.0,0.0,0.0,0.0,0,0.0,0.0,0.0,0.0,0.0,0,1.0,1.0,1.0,1.0,1.0,552,0.9999999999999996,1.0000000000000002,1.0,1.0,1.0000000000000002,552,1.0,1.3333333333333333,1.005954786904597,1.0,1.0464285714285713,552,0.9999999999999996,1.0000000000000002,1.0,1.0,1.0000000000000002,552,552.0,0.0,0.0,0.0,552.0,552.0,0.0,0.0,0.0,0.0,0.0,0.0,1.0,0.0,0.0,1584.0,3146.0,1584.0,2509056.0,12032.900722697377,0.0,0.0,0.0,0.0,0.0,0.0,0.0,0.0,0.0,0.0,0.0,0.0,0.0,0.0,0.0,0.0,14370.709702372551
288,17280000000000,1584.0,1584.0,1584.0,1584.0,1584.0,1584,24.0,24.0,24.0,24.0,24.0,1584,0.0,0.0,0.0,0.0,0.0,1584,3.0,8.0,4.202020202020202,4.0,5.0,1584,0.0,0.0,0.0,0.0,0.0,0,0.0,0.0,0.0,0.0,0.0,0,1.0,1.0,1.0,1.0,1.0,552,0.9999999999999998,1.0000000000000002,1.0,1.0,1.0000000000000002,552,1.0,1.2857142857142858,1.006027420734819,1.0,1.05,552,0.9999999999999998,1.0000000000000002,1.0,1.0,1.0000000000000002,552,552.0,0.0,0.0,0.0,552.0,552.0,0.0,0.0,0.0,0.0,0.0,0.0,1.0,0.0,0.0,1584.0,3146.0,1584.0,2509056.0,13484.039163216949,0.0,0.0,0.0,0.0,0.0,0.0,0.0,0.0,0.0,0.0,0.0,0.0,0.0,0.0,0.0,0.0,15785.960119217634
289,17340000000000,1584.0,1584.0,1584.0,1584.0,1584.0,1584,24.0,24.0,24.0,24.0,24.0,1584,0.0,0.0,0.0,0.0,0.0,1584,3.0,8.0,4.198863636363637,4.0,5.0,1584,0.0,0.0,0.0,0.0,0.0,0,0.0,0.0,0.0,0.0,0.0,0,1.0,1.0,1.0,1.0,1.0,552,0.9999999999999997,1.0000000000000002,1.0,1.0,1.0000000000000002,552,1.0,1.3333333333333333,1.0057422553174924,1.0,1.0498746867167916,552,0.9999999999999997,1.0000000000000002,1.0,1.0,1.0000000000000002,552,552.0,0.0,0.0,0.0,552.0,552.0,0.0,0.0,0.0,0.0,0.0,0.0,1.0,0.0,0.0,1584.0,3146.0,1584.0,2509056.0,11738.715564832091,0.0,0.0,0.0,0.0,0.0,0.0,0.0,0.0,0.0,0.0,0.0,0.0,0.0,0.0,0.0,0.0,14029.203664511442
290,17400000000000,1584.0,1584.0,1584.0,1584.0,1584.0,1584,24.0,24.0,24.0,24.0,24.0,1584,0.0,0.0,0.0,0.0,0.0,1584,3.0,8.0,4.204545454545454,4.0,5.0,1584,0.0,0.0,0.0,0.0,0.0,0,0.0,0.0,0.0,0.0,0.0,0,1.0,1.0,1.0,1.0,1.0,552,0.9999999999999997,1.0000000000000002,1.0,1.0,1.0000000000000002,552,1.0,1.2222222222222223,1.0048643622590483,1.0,1.0338133640552993,552,0.9999999999999997,1.0000000000000002,1.0,1.0,1.0000000000000002,552,552.0,0.0,0.0,0.0,552.0,552.0,0.0,0.0,0.0,0.0,0.0,0.0,1.0,0.0,0.0,1584.0,3146.0,1584.0,2509056.0,13159.480167552829,0.0,0.0,0.0,0.0,0.0,0.0,0.0,0.0,0.0,0.0,0.0,0.0,0.0,0.0,0.0,0.0,15476.232465356588
291,17460000000000,1584.0,1584.0,1584.0,1584.0,1584.0,1584,24.0,24.0,24.0,24.0,24.0,1584,0.0,0.0,0.0,0.0,0.0,1584,3.0,8.0,4.20770202020202,4.0,5.0,1584,0.0,0.0,0.0,0.0,0.0,0,0.0,0.0,0.0,0.0,0.0,0,1.0,1.0,1.0,1.0,1.0,552,0.9999999999999997,1.0000000000000002,1.0,1.0,1.0000000000000002,552,1.0,1.3333333333333333,1.0073661641216503,1.0,1.0588235294117647,552,0.9999999999999997,1.0000000000000002,1.0,1.0,1.0000000000000002,552,552.0,0.0,0.0,0.0,552.0,552.0,0.0,0.0,0.0,0.0,0.0,0.0,1.0,0.0,0.0,1584.0,3146.0,1584.0,2509056.0,11611.134372651577,0.0,0.0,0.0,0.0,0.0,0.0,0.0,0.0,0.0,0.0,0.0,0.0,0.0,0.0,0.0,0.0,13905.777357518673
292,17520000000000,1584.0,1584.0,1584.0,1584.0,1584.0,1584,24.0,24.0,24.0,24.0,24.0,1584,0.0,0.0,0.0,0.0,0.0,1584,3.0,8.0,4.203914141414141,4.0,5.0,1584,0.0,0.0,0.0,0.0,0.0,0,0.0,0.0,0.0,0.0,0.0,0,1.0,1.0,1.0,1.0,1.0,552,0.9999999999999996,1.0000000000000002,1.0,1.0,1.0,552,1.0,1.2857142857142858,1.0059999022968213,1.0,1.0416666666666667,552,0.9999999999999996,1.0000000000000002,1.0,1.0,1.0,552,552.0,0.0,0.0,0.0,552.0,552.0,0.0,0.0,0.0,0.0,0.0,0.0,1.0,0.0,0.0,1584.0,3146.0,1584.0,2509056.0,13194.813000038266,0.0,0.0,0.0,0.0,0.0,0.0,0.0,0.0,0.0,0.0,0.0,0.0,0.0,0.0,0.0,0.0,15511.834932491183
293,17580000000000,1584.0,1584.0,1584.0,1584.0,1584.0,1584,24.0,24.0,24.0,24.0,24.0,1584,0.0,0.0,0.0,0.0,0.0,1584,3.0,8.0,4.203914141414141,4.0,5.0,1584,0.0,0.0,0.0,0.0,0.0,0,0.0,0.0,0.0,0.0,0.0,0,1.0,1.0,1.0,1.0,1.0,552,0.9999999999999996,1.0000000000000002,1.0,1.0,1.0,552,1.0,1.3333333333333333,1.0069920579726015,1.0,1.048690476190476,552,0.9999999999999996,1.0000000000000002,1.0,1.0,1.0,552,552.0,0.0,0.0,0.0,552.0,552.0,0.0,0.0,0.0,0.0,0.0,0.0,1.0,0.0,0.0,1584.0,3146.0,1584.0,2509056.0,11736.134031787515,0.0,0.0,0.0,0.0,0.0,0.0,0.0,0.0,0.0,0.0,0.0,0.0,0.0,0.0,0.0,0.0,14010.04041917622
294,17640000000000,1584.0,1584.0,1584.0,1584.0,1584.0,1584,24.0,24.0,24.0,24.0,24.0,1584,0.0,0.0,0.0,0.0,0.0,1584,3.0,8.0,4.200126262626263,4.0,5.0,1584,0.0,0.0,0.0,0.0,0.0,0,0.0,0.0,0.0,0.0,0.0,0,1.0,1.0,1.0,1.0,1.0,552,0.9999999999999997,1.0000000000000004,1.0,1.0,1.0000000000000002,552,1.0,1.3333333333333333,1.0062307430232778,1.0,1.0511842105263156,552,0.9999999999999997,1.0000000000000004,1.0,1.0,1.0000000000000002,552,552.0,0.0,0.0,0.0,552.0,552.0,0.0,0.0,0.0,0.0,0.0,0.0,1.0,0.0,0.0,1584.0,3146.0,1584.0,2509056.0,13674.57483895123,0.0,0.0,0.0,0.0,0.0,0.0,0.0,0.0,0.0,0.0,0.0,0.0,0.0,0.0,0.0,0.0,15939.989591017365
295,17700000000000,1584.0,1584.0,1584.0,1584.0,1584.0,1584,24.0,24.0,24.0,24.0,24.0,1584,0.0,0.0,0.0,0.0,0.0,1584,3.0,8.0,4.202020202020202,4.0,5.0,1584,0.0,0.0,0.0,0.0,0.0,0,0.0,0.0,0.0,0.0,0.0,0,1.0,1.0,1.0,1.0,1.0,552,0.9999999999999997,1.0000000000000002,1.0,1.0,1.0000000000000002,552,1.0,1.2,1.0051633494572272,1.0,1.04,552,0.9999999999999997,1.0000000000000002,1.0,1.0,1.0000000000000002,552,552.0,0.0,0.0,0.0,552.0,552.0,0.0,0.0,0.0,0.0,0.0,0.0,1.0,0.0,0.0,1584.0,3146.0,1584.0,2509056.0,12309.794783592224,0.0,0.0,0.0,0.0,0.0,0.0,0.0,0.0,0.0,0.0,0.0,0.0,0.0,0.0,0.0,0.0,14564.428325742483
296,17760000000000,1584.0,1584.0,1584.0,1584.0,1584.0,1584,24.0,24.0,24.0,24.0,24.0,1584,0.0,0.0,0.0,0.0,0.0,1584,3.0,8.0,4.20580808080808,4.0,5.0,1584,0.0,0.0,0.0,0.0,0.0,0,0.0,0.0,0.0,0.0,0.0,0,1.0,1.0,1.0,1.0,1.0,552,0.9999999999999998,1.0000000000000004,1.0,1.0,1.0000000000000002,552,1.0,1.3333333333333333,1.0049506800557153,1.0,1.0,552,0.9999999999999998,1.0000000000000004,1.0,1.0,1.0000000000000002,552,552.0,0.0,0.0,0.0,552.0,552.0,0.0,0.0,0.0,0.0,0.0,0.0,1.0,0.0,0.0,1584.0,3146.0,1584.0,2509056.0,14200.053356587887,0.0,0.0,0.0,0.0,0.0,0.0,0.0,0.0,0.0,0.0,0.0,0.0,0.0,0.0,0.0,0.0,16457.705480977893
297,17820000000000,1584.0,1584.0,1584.0,1584.0,1584.0,1584,24.0,24.0,24.0,24.0,24.0,1584,0.0,0.0,0.0,0.0,0.0,1584,3.0,8.0,4.202020202020202,4.0,5.0,1584,0.0,0.0,0.0,0.0,0.0,0,0.0,0.0,0.0,0.0,0.0,0,1.0,1.0,1.0,1.0,1.0,552,0.9999999999999997,1.0000000000000002,1.0,1.0,1.0000000000000002,552,1.0,1.2857142857142858,1.0052448645350494,1.0,1.0416666666666667,552,0.9999999999999997,1.0000000000000002,1.0,1.0,1.0000000000000002,552,552.0,0.0,0.0,0.0,552.0,552.0,0.0,0.0,0.0,0.0,0.0,0.0,1.0,0.0,0.0,1584.0,3146.0,1584.0,2509056.0,12539.664518088102,0.0,0.0,0.0,0.0,0.0,0.0,0.0,0.0,0.0,0.0,0.0,0.0,0.0,0.0,0.0,0.0,14785.71306169033
298,17880000000000,1584.0,1584.0,1584.0,1584.0,1584.0,1584,24.0,24.0,24.0,24.0,24.0,1584,0.0,0.0,0.0,0.0,0.0,1584,3.0,8.0,4.208964646464646,4.0,5.0,1584,0.0,0.0,0.0,0.0,0.0,0,0.0,0.0,0.0,0.0,0.0,0,1.0,1.0,1.0,1.0,1.0,552,0.9999999999999996,1.0000000000000002,1.0,1.0,1.0000000000000002,552,1.0,1.3333333333333333,1.008416296452556,1.0,1.0714285714285714,552,0.9999999999999996,1.0000000000000002,1.0,1.0,1.0000000000000002,552,552.0,0.0,0.0,0.0,552.0,552.0,0.0,0.0,0.0,0.0,0.0,0.0,1.0,0.0,0.0,1584.0,3146.0,1584.0,2509056.0,14025.412008166313,0.0,0.0,0.0,0.0,0.0,0.0,0.0,0.0,0.0,0.0,0.0,0.0,0.0,0.0,0.0,0.0,16317.517129704356
299,17940000000000,1584.0,1584.0,1584.0,1584.0,1584.0,1584,24.0,24.0,24.0,24.0,24.0,1584,0.0,0.0,0.0,0.0,0.0,1584,3.0,8.0,4.198863636363637,4.0,5.0,1584,0.0,0.0,0.0,0.0,0.0,0,0.0,0.0,0.0,0.0,0.0,0,1.0,1.0,1.0,1.0,1.0,552,0.9999999999999998,1.0000000000000002,1.0,1.0,1.0000000000000002,552,1.0,1.3076923076923077,1.00630182532042,1.0,1.0434782608695652,552,0.9999999999999998,1.0000000000000002,1.0,1.0,1.0000000000000002,552,552.0,0.0,0.0,0.0,552.0,552.0,0.0,0.0,0.0,0.0,0.0,0.0,1.0,0.0,0.0,1584.0,3146.0,1584.0,2509056.0,12271.706575527787,0.0,0.0,0.0,0.0,0.0,0.0,0.0,0.0,0.0,0.0,0.0,0.0,0.0,0.0,0.0,0.0,14459.312591701746
300,18000000000000,1584.0,1584.0,1584.0,1584.0,1584.0,1584,24.0,24.0,24.0,24.0,24.0,1584,0.0,0.0,0.0,0.0,0.0,1584,3.0,8.0,4.201388888888889,4.0,5.0,1584,0.0,0.0,0.0,0.0,0.0,0,0.0,0.0,0.0,0.0,0.0,0,1.0,1.0,1.0,1.0,1.0,552,0.9999999999999997,1.0000000000000002,1.0,1.0,1.0000000000000002,552,1.0,1.3333333333333333,1.0069866287746034,1.0,1.0555555555555556,552,0.9999999999999997,1.0000000000000002,1.0,1.0,1.0000000000000002,552,552.0,0.0,0.0,0.0,552.0,552.0,0.0,0.0,0.0,0.0,0.0,0.0,1.0,0.0,0.0,1584.0,3146.0,1584.0,2509056.0,13792.065527290106,0.0,0.0,0.0,0.0,0.0,0.0,0.0,0.0,0.0,0.0,0.0,0.0,0.0,0.0,0.0,0.0,16008.971892297268
301,18060000000000,1584.0,1584.0,1584.0,1584.0,1584.0,1584,24.0,24.0,24.0,24.0,24.0,1584,0.0,0.0,0.0,0.0,0.0,1584,3.0,8.0,4.203282828282828,4.0,5.0,1584,0.0,0.0,0.0,0.0,0.0,0,0.0,0.0,0.0,0.0,0.0,0,1.0,1.0,1.0,1.0,1.0,552,0.9999999999999996,1.0000000000000004,1.0,1.0,1.0000000000000002,552,1.0,1.2105263157894737,1.0038542999871836,1.0,1.0338541666666663,552,0.9999999999999996,1.0000000000000004,1.0,1.0,1.0000000000000002,552,552.0,0.0,0.0,0.0,552.0,552.0,0.0,0.0,0.0,0.0,0.0,0.0,1.0,0.0,0.0,1584.0,3146.0,1584.0,2509056.0,12111.872963607311,0.0,0.0,0.0,0.0,0.0,0.0,0.0,0.0,0.0,0.0,0.0,0.0,0.0,0.0,0.0,0.0,14347.54403308034
302,18120000000000,1584.0,1584.0,1584.0,1584.0,1584.0,1584,24.0,24.0,24.0,24.0,24.0,1584,0.0,0.0,0.0,0.0,0.0,1584,3.0,8.0,4.207070707070707,4.0,5.0,1584,0.0,0.0,0.0,0.0,0.0,0,0.0,0.0,0.0,0.0,0.0,0,1.0,1.0,1.0,1.0,1.0,552,0.9999999999999996,1.0000000000000004,1.0,1.0,1.0000000000000002,552,1.0,1.3333333333333333,1.0076599163070727,1.0,1.0604779411764704,552,0.9999999999999996,1.0000000000000004,1.0,1.0,1.0000000000000002,552,552.0,0.0,0.0,0.0,552.0,552.0,0.0,0.0,0.0,0.0,0.0,0.0,1.0,0.0,0.0,1584.0,3146.0,1584.0,2509056.0,13795.600043609738,0.0,0.0,0.0,0.0,0.0,0.0,0.0,0.0,0.0,0.0,0.0,0.0,0.0,0.0,0.0,0.0,16076.363852247596
303,18180000000000,1584.0,1584.0,1584.0,1584.0,1584.0,1584,24.0,24.0,24.0,24.0,24.0,1584,0.0,0.0,0.0,0.0,0.0,1584,3.0,8.0,4.195707070707071,4.0,5.0,1584,0.0,0.0,0.0,0.0,0.0,0,0.0,0.0,0.0,0.0,0.0,0,1.0,1.0,1.0,1.0,1.0,552,0.9999999999999998,1.0000000000000004,1.0,1.0,1.0000000000000002,552,1.0,1.3333333333333333,1.0060128400422343,1.0,1.0474999999999997,552,0.9999999999999998,1.0000000000000004,1.0,1.0,1.0000000000000002,552,552.0,0.0,0.0,0.0,552.0,552.0,0.0,0.0,0.0,0.0,0.0,0.0,1.0,0.0,0.0,1584.0,3146.0,1584.0,2509056.0,12453.808683902025,0.0,0.0,0.0,0.0,0.0,0.0,0.0,0.0,0.0,0.0,0.0,0.0,0.0,0.0,0.0,0.0,14655.550440773368
304,18240000000000,1584.0,1584.0,1584.0,1584.0,1584.0,1584,24.0,24.0,24.0,24.0,24.0,1584,0.0,0.0,0.0,0.0,0.0,1584,3.0,8.0,4.204545454545454,4.0,5.0,1584,0.0,0.0,0.0,0.0,0.0,0,0.0,0.0,0.0,0.0,0.0,0,1.0,1.0,1.0,1.0,1.0,552,0.9999999999999998,1.0000000000000002,1.0,1.0,1.0000000000000002,552,1.0,1.3076923076923077,1.005707990469577,1.0,1.0434782608695652,552,0.9999999999999998,1.0000000000000002,1.0,1.0,1.0000000000000002,552,552.0,0.0,0.0,0.0,552.0,552.0,0.0,0.0,0.0,0.0,0.0,0.0,1.0,0.0,0.0,1584.0,3146.0,1584.0,2509056.0,14008.117130026221,0.0,0.0,0.0,0.0,0.0,0.0,0.0,0.0,0.0,0.0,0.0,0.0,0.0,0.0,0.0,0.0,16246.901448816061
305,18300000000000,1584.0,1584.0,1584.0,1584.0,1584.0,1584,24.0,24.0,24.0,24.0,24.0,1584,0.0,0.0,0.0,0.0,0.0,1584,3.0,8.0,4.203282828282828,4.0,5.0,1584,0.0,0.0,0.0,0.0,0.0,0,0.0,0.0,0.0,0.0,0.0,0,1.0,1.0,1.0,1.0,1.0,552,0.9999999999999997,1.0000000000000004,1.0,1.0,1.0000000000000002,552,1.0,1.3571428571428572,1.0057521646862262,1.0,1.0304029304029294,552,0.9999999999999997,1.0000000000000004,1.0,1.0,1.0000000000000002,552,552.0,0.0,0.0,0.0,552.0,552.0,0.0,0.0,0.0,0.0,0.0,0.0,1.0,0.0,0.0,1584.0,3146.0,1584.0,2509056.0,12801.23101733625,0.0,0.0,0.0,0.0,0.0,0.0,0.0,0.0,0.0,0.0,0.0,0.0,0.0,0.0,0.0,0.0,15022.776398807764
306,18360000000000,1584.0,1584.0,1584.0,1584.0,1584.0,1584,24.0,24.0,24.0,24.0,24.0,1584,0.0,0.0,0.0,0.0,0.0,1584,3.0,8.0,4.204545454545454,4.0,5.0,1584,0.0,0.0,0.0,0.0,0.0,0,0.0,0.0,0.0,0.0,0.0,0,1.0,1.0,1.0,1.0,1.0,552,0.9999999999999998,1.0000000000000002,1.0,1.0,1.0000000000000002,552,1.0,1.3333333333333333,1.007420657865792,1.0,1.0570261437908495,552,0.9999999999999998,1.0000000000000002,1.0,1.0,1.0000000000000002,552,552.0,0.0,0.0,0.0,552.0,552.0,0.0,0.0,0.0,0.0,0.0,0.0,1.0,0.0,0.0,1584.0,3146.0,1584.0,2509056.0,14631.995251402259,0.0,0.0,0.0,0.0,0.0,0.0,0.0,0.0,0.0,0.0,0.0,0.0,0.0,0.0,0.0,0.0,16905.57138621807
307,18420000000000,1584.0,1584.0,1584.0,1584.0,1584.0,1584,24.0,24.0,24.0,24.0,24.0,1584,0.0,0.0,0.0,0.0,0.0,1584,3.0,8.0,4.201388888888889,4.0,5.0,1584,0.0,0.0,0.0,0.0,0.0,0,0.0,0.0,0.0,0.0,0.0,0,1.0,1.0,1.0,1.0,1.0,552,0.9999999999999997,1.0000000000000002,1.0,1.0,1.0000000000000002,552,1.0,1.3333333333333333,1.0058187770980072,1.0,1.038530734632683,552,0.9999999999999997,1.0000000000000002,1.0,1.0,1.0000000000000002,552,552.0,0.0,0.0,0.0,552.0,552.0,0.0,0.0,0.0,0.0,0.0,0.0,1.0,0.0,0.0,1584.0,3146.0,1584.0,2509056.0,13387.842006981373,0.0,0.0,0.0,0.0,0.0,0.0,0.0,0.0,0.0,0.0,0.0,0.0,0.0,0.0,0.0,0.0,15603.486750274897
308,18480000000000,1584.0,1584.0,1584.0,1584.0,1584.0,1584,24.0,24.0,24.0,24.0,24.0,1584,0.0,0.0,0.0,0.0,0.0,1584,3.0,8.0,4.19949494949495,4.0,5.0,1584,0.0,0.0,0.0,0.0,0.0,0,0.0,0.0,0.0,0.0,0.0,0,1.0,1.0,1.0,1.0,1.0,552,0.9999999999999997,1.0000000000000004,1.0,1.0,1.0000000000000002,552,1.0,1.3333333333333333,1.0064078769394122,1.0,1.04,552,0.9999999999999997,1.0000000000000004,1.0,1.0,1.0000000000000002,552,552.0,0.0,0.0,0.0,552.0,552.0,0.0,0.0,0.0,0.0,0.0,0.0,1.0,0.0,0.0,1584.0,3146.0,1584.0,2509056.0,14587.228141725063,0.0,0.0,0.0,0.0,0.0,0.0,0.0,0.0,0.0,0.0,0.0,0.0,0.0,0.0,0.0,0.0,16801.19096674025
309,18540000000000,1584.0,1584.0,1584.0,1584.0,1584.0,1584,24.0,24.0,24.0,24.0,24.0,1584,0.0,0.0,0.0,0.0,0.0,1584,3.0,8.0,4.202651515151516,4.0,5.0,1584,0.0,0.0,0.0,0.0,0.0,0,0.0,0.0,0.0,0.0,0.0,0,1.0,1.0,1.0,1.0,1.0,552,0.9999999999999998,1.0000000000000002,1.0,1.0,1.0000000000000002,552,1.0,1.3076923076923077,1.007770039149873,1.0,1.0570261437908495,552,0.9999999999999998,1.0000000000000002,1.0,1.0,1.0000000000000002,552,552.0,0.0,0.0,0.0,552.0,552.0,0.0,0.0,0.0,0.0,0.0,0.0,1.0,0.0,0.0,1584.0,3146.0,1584.0,2509056.0,12769.130585715175,0.0,0.0,0.0,0.0,0.0,0.0,0.0,0.0,0.0,0.0,0.0,0.0,0.0,0.0,0.0,0.0,14999.40725043416
310,18600000000000,1584.0,1584.0,1584.0,1584.0,1584.0,1584,24.0,24.0,24.0,24.0,24.0,1584,0.0,0.0,0.0,0.0,0.0,1584,3.0,8.0,4.203282828282828,4.0,5.0,1584,0.0,0.0,0.0,0.0,0.0,0,0.0,0.0,0.0,0.0,0.0,0,1.0,1.0,1.0,1.0,1.0,552,0.9999999999999997,1.0000000000000002,1.0,1.0,1.0000000000000002,552,1.0,1.2142857142857142,1.0045161835004963,1.0,1.0407499999999998,552,0.9999999999999997,1.0000000000000002,1.0,1.0,1.0000000000000002,552,552.0,0.0,0.0,0.0,552.0,552.0,0.0,0.0,0.0,0.0,0.0,0.0,1.0,0.0,0.0,1584.0,3146.0,1584.0,2509056.0,13813.113361597061,0.0,0.0,0.0,0.0,0.0,0.0,0.0,0.0,0.0,0.0,0.0,0.0,0.0,0.0,0.0,0.0,16088.02048675716
311,18660000000000,1584.0,1584.0,1584.0,1584.0,1584.0,1584,24.0,24.0,24.0,24.0,24.0,1584,0.0,0.0,0.0,0.0,0.0,1584,3.0,8.0,4.209595959595959,4.0,5.0,1584,0.0,0.0,0.0,0.0,0.0,0,0.0,0.0,0.0,0.0,0.0,0,1.0,1.0,1.0,1.0,1.0,552,0.9999999999999997,1.0000000000000002,1.0,1.0,1.0000000000000002,552,1.0,1.3333333333333333,1.0084830365816928,1.0,1.0643749999999996,552,0.9999999999999997,1.0000000000000002,1.0,1.0,1.0000000000000002,552,552.0,0.0,0.0,0.0,552.0,552.0,0.0,0.0,0.0,0.0,0.0,0.0,1.0,0.0,0.0,1584.0,3146.0,1584.0,2509056.0,12308.04437212646,0.0,0.0,0.0,0.0,0.0,0.0,0.0,0.0,0.0,0.0,0.0,0.0,0.0,0.0,0.0,0.0,14619.36068162322
312,18720000000000,1584.0,1584.0,1584.0,1584.0,1584.0,1584,24.0,24.0,24.0,24.0,24.0,1584,0.0,0.0,0.0,0.0,0.0,1584,3.0,8.0,4.201388888888889,4.0,5.0,1584,0.0,0.0,0.0,0.0,0.0,0,0.0,0.0,0.0,0.0,0.0,0,1.0,1.0,1.0,1.0,1.0,552,0.9999999999999996,1.0000000000000002,1.0,1.0,1.0000000000000002,552,1.0,1.3333333333333333,1.004987181830282,1.0,1.0,552,0.9999999999999996,1.0000000000000002,1.0,1.0,1.0000000000000002,552,552.0,0.0,0.0,0.0,552.0,552.0,0.0,0.0,0.0,0.0,0.0,0.0,1.0,0.0,0.0,1584.0,3146.0,1584.0,2509056.0,13681.892415508628,0.0,0.0,0.0,0.0,0.0,0.0,0.0,0.0,0.0,0.0,0.0,0.0,0.0,0.0,0.0,0.0,15914.098013192415
313,18780000000000,1584.0,1584.0,1584.0,1584.0,1584.0,1584,24.0,24.0,24.0,24.0,24.0,1584,0.0,0.0,0.0,0.0,0.0,1584,3.0,8.0,4.204545454545454,4.0,5.0,1584,0.0,0.0,0.0,0.0,0.0,0,0.0,0.0,0.0,0.0,0.0,0,1.0,1.0,1.0,1.0,1.0,552,0.9999999999999998,1.0000000000000004,1.0,1.0,1.0000000000000002,552,1.0,1.3333333333333333,1.005756873002965,1.0,1.0344827586206897,552,0.9999999999999998,1.0000000000000004,1.0,1.0,1.0000000000000002,552,552.0,0.0,0.0,0.0,552.0,552.0,0.0,0.0,0.0,0.0,0.0,0.0,1.0,0.0,0.0,1584.0,3146.0,1584.0,2509056.0,11853.01804728806,0.0,0.0,0.0,0.0,0.0,0.0,0.0,0.0,0.0,0.0,0.0,0.0,0.0,0.0,0.0,0.0,14126.766860485077
314,18840000000000,1584.0,1584.0,1584.0,1584.0,1584.0,1584,24.0,24.0,24.0,24.0,24.0,1584,0.0,0.0,0.0,0.0,0.0,1584,3.0,8.0,4.205176767676767,4.0,5.0,1584,0.0,0.0,0.0,0.0,0.0,0,0.0,0.0,0.0,0.0,0.0,0,1.0,1.0,1.0,1.0,1.0,552,0.9999999999999997,1.0000000000000004,1.0,1.0,1.0000000000000002,552,1.0,1.3333333333333333,1.006176221338351,1.0,1.04,552,0.9999999999999997,1.0000000000000004,1.0,1.0,1.0000000000000002,552,552.0,0.0,0.0,0.0,552.0,552.0,0.0,0.0,0.0,0.0,0.0,0.0,1.0,0.0,0.0,1584.0,3146.0,1584.0,2509056.0,13003.204140812159,0.0,0.0,0.0,0.0,0.0,0.0,0.0,0.0,0.0,0.0,0.0,0.0,0.0,0.0,0.0,0.0,15308.341460302472
315,18900000000000,1584.0,1584.0,1584.0,1584.0,1584.0,1584,24.0,24.0,24.0,24.0,24.0,1584,0.0,0.0,0.0,0.0,0.0,1584,3.0,8.0,4.203282828282828,4.0,5.0,1584,0.0,0.0,0.0,0.0,0.0,0,0.0,0.0,0.0,0.0,0.0,0,1.0,1.0,1.0,1.0,1.0,552,0.9999999999999996,1.0000000000000002,1.0,1.0,1.0,552,1.0,1.3333333333333333,1.0077002395703956,1.0,1.0588235294117647,552,0.9999999999999996,1.0000000000000002,1.0,1.0,1.0,552,552.0,0.0,0.0,0.0,552.0,552.0,0.0,0.0,0.0,0.0,0.0,0.0,1.0,0.0,0.0,1584.0,3146.0,1584.0,2509056.0,11559.252398088574,0.0,0.0,0.0,0.0,0.0,0.0,0.0,0.0,0.0,0.0,0.0,0.0,0.0,0.0,0.0,0.0,13812.339074909687
316,18960000000000,1584.0,1584.0,1584.0,1584.0,1584.0,1584,24.0,24.0,24.0,24.0,24.0,1584,0.0,0.0,0.0,0.0,0.0,1584,3.0,8.0,4.203914141414141,4.0,5.0,1584,0.0,0.0,0.0,0.0,0.0,0,0.0,0.0,0.0,0.0,0.0,0,1.0,1.0,1.0,1.0,1.0,552,0.9999999999999998,1.0000000000000004,1.0,1.0,1.0000000000000002,552,1.0,1.3333333333333333,1.0036627587837648,1.0,1.0,552,0.9999999999999998,1.0000000000000004,1.0,1.0,1.0000000000000002,552,552.0,0.0,0.0,0.0,552.0,552.0,0.0,0.0,0.0,0.0,0.0,0.0,1.0,0.0,0.0,1584.0,3146.0,1584.0,2509056.0,13235.006462782621,0.0,0.0,0.0,0.0,0.0,0.0,0.0,0.0,0.0,0.0,0.0,0.0,0.0,0.0,0.0,0.0,15496.884619817138
317,19020000000000,1584.0,1584.0,1584.0,1584.0,1584.0,1584,24.0,24.0,24.0,24.0,24.0,1584,0.0,0.0,0.0,0.0,0.0,1584,3.0,8.0,4.203914141414141,4.0,5.0,1584,0.0,0.0,0.0,0.0,0.0,0,0.0,0.0,0.0,0.0,0.0,0,1.0,1.0,1.0,1.0,1.0,552,0.9999999999999998,1.0000000000000004,1.0,1.0,1.0000000000000002,552,1.0,1.3333333333333333,1.0071707781516948,1.0,1.0526315789473684,552,0.9999999999999998,1.0000000000000004,1.0,1.0,1.0000000000000002,552,552.0,0.0,0.0,0.0,552.0,552.0,0.0,0.0,0.0,0.0,0.0,0.0,1.0,0.0,0.0,1584.0,3146.0,1584.0,2509056.0,11948.07787053287,0.0,0.0,0.0,0.0,0.0,0.0,0.0,0.0,0.0,0.0,0.0,0.0,0.0,0.0,0.0,0.0,14218.753349035978
318,19080000000000,1584.0,1584.0,1584.0,1584.0,1584.0,1584,24.0,24.0,24.0,24.0,24.0,1584,0.0,0.0,0.0,0.0,0.0,1584,3.0,8.0,4.195707070707071,4.0,5.0,1584,0.0,0.0,0.0,0.0,0.0,0,0.0,0.0,0.0,0.0,0.0,0,1.0,1.0,1.0,1.0,1.0,552,0.9999999999999998,1.0000000000000004,1.0,1.0,1.0000000000000002,552,1.0,1.3076923076923077,1.0063911307959126,1.0,1.0555555555555556,552,0.9999999999999998,1.0000000000000004,1.0,1.0,1.0000000000000002,552,552.0,0.0,0.0,0.0,552.0,552.0,0.0,0.0,0.0,0.0,0.0,0.0,1.0,0.0,0.0,1584.0,3146.0,1584.0,2509056.0,13662.283916026354,0.0,0.0,0.0,0.0,0.0,0.0,0.0,0.0,0.0,0.0,0.0,0.0,0.0,0.0,0.0,0.0,15868.269432336092
319,19140000000000,1584.0,1584.0,1584.0,1584.0,1584.0,1584,24.0,24.0,24.0,24.0,24.0,1584,0.0,0.0,0.0,0.0,0.0,1584,3.0,8.0,4.20770202020202,4.0,5.0,1584,0.0,0.0,0.0,0.0,0.0,0,0.0,0.0,0.0,0.0,0.0,0,1.0,1.0,1.0,1.0,1.0,552,0.9999999999999997,1.0000000000000004,1.0,1.0,1.0000000000000002,552,1.0,1.25,1.0047612609337078,1.0,1.035036945812808,552,0.9999999999999997,1.0000000000000004,1.0,1.0,1.0000000000000002,552,552.0,0.0,0.0,0.0,552.0,552.0,0.0,0.0,0.0,0.0,0.0,0.0,1.0,0.0,0.0,1584.0,3146.0,1584.0,2509056.0,12391.307963058352,0.0,0.0,0.0,0.0,0.0,0.0,0.0,0.0,0.0,0.0,0.0,0.0,0.0,0.0,0.0,0.0,14680.29585853219
320,19200000000000,1584.0,1584.0,1584.0,1584.0,1584.0,1584,24.0,24.0,24.0,24.0,24.0,1584,0.0,0.0,0.0,0.0,0.0,1584,3.0,8.0,4.206439393939394,4.0,5.0,1584,0.0,0.0,0.0,0.0,0.0,0,0.0,0.0,0.0,0.0,0.0,0,1.0,1.0,1.0,1.0,1.0,552,0.9999999999999997,1.0000000000000004,1.0,1.0,1.0000000000000002,552,1.0,1.3333333333333333,1.0067332678592746,1.0,1.0526315789473684,552,0.9999999999999997,1.0000000000000004,1.0,1.0,1.0000000000000002,552,552.0,0.0,0.0,0.0,552.0,552.0,0.0,0.0,0.0,0.0,0.0,0.0,1.0,0.0,0.0,1584.0,3146.0,1584.0,2509056.0,14394.11729387939,0.0,0.0,0.0,0.0,0.0,0.0,0.0,0.0,0.0,0.0,0.0,0.0,0.0,0.0,0.0,0.0,16683.01253207028
321,19260000000000,1584.0,1584.0,1584.0,1584.0,1584.0,1584,24.0,24.0,24.0,24.0,24.0,1584,0.0,0.0,0.0,0.0,0.0,1584,3.0,8.0,4.200757575757576,4.0,5.0,1584,0.0,0.0,0.0,0.0,0.0,0,0.0,0.0,0.0,0.0,0.0,0,1.0,1.0,1.0,1.0,1.0,552,0.9999999999999997,1.0000000000000002,1.0,1.0,1.0000000000000002,552,1.0,1.3333333333333333,1.0070951167276174,1.0,1.0526315789473684,552,0.9999999999999997,1.0000000000000002,1.0,1.0,1.0000000000000002,552,552.0,0.0,0.0,0.0,552.0,552.0,0.0,0.0,0.0,0.0,0.0,0.0,1.0,0.0,0.0,1584.0,3146.0,1584.0,2509056.0,12725.120035931468,0.0,0.0,0.0,0.0,0.0,0.0,0.0,0.0,0.0,0.0,0.0,0.0,0.0,0.0,0.0,0.0,14943.510310724378
322,19320000000000,1584.0,1584.0,1584.0,1584.0,1584.0,1584,24.0,24.0,24.0,24.0,24.0,1584,0.0,0.0,0.0,0.0,0.0,1584,3.0,8.0,4.208333333333333,4.0,5.0,1584,0.0,0.0,0.0,0.0,0.0,0,0.0,0.0,0.0,0.0,0.0,0,1.0,1.0,1.0,1.0,1.0,552,0.9999999999999997,1.0000000000000004,1.0,1.0,1.0000000000000002,552,1.0,1.3076923076923077,1.0049646701542767,1.0,1.0,552,0.9999999999999997,1.0000000000000004,1.0,1.0,1.0000000000000002,552,552.0,0.0,0.0,0.0,552.0,552.0,0.0,0.0,0.0,0.0,0.0,0.0,1.0,0.0,0.0,1584.0,3146.0,1584.0,2509056.0,14070.316156372428,0.0,0.0,0.0,0.0,0.0,0.0,0.0,0.0,0.0,0.0,0.0,0.0,0.0,0.0,0.0,0.0,16291.747268289328
323,19380000000000,1584.0,1584.0,1584.0,1584.0,1584.0,1584,24.0,24.0,24.0,24.0,24.0,1584,0.0,0.0,0.0,0.0,0.0,1584,3.0,8.0,4.19760101010101,4.0,5.0,1584,0.0,0.0,0.0,0.0,0.0,0,0.0,0.0,0.0,0.0,0.0,0,1.0,1.0,1.0,1.0,1.0,552,0.9999999999999997,1.0000000000000004,1.0,1.0,1.0000000000000002,552,1.0,1.3333333333333333,1.0065245284953401,1.0,1.039153846153846,552,0.9999999999999997,1.0000000000000004,1.0,1.0,1.0000000000000002,552,552.0,0.0,0.0,0.0,552.0,552.0,0.0,0.0,0.0,0.0,0.0,0.0,1.0,0.0,0.0,1584.0,3146.0,1584.0,2509056.0,12631.888628005981,0.0,0.0,0.0,0.0,0.0,0.0,0.0,0.0,0.0,0.0,0.0,0.0,0.0,0.0,0.0,0.0,14811.953898519278
324,19440000000000,1584.0,1584.0,1584.0,1584.0,1584.0,1584,24.0,24.0,24.0,24.0,24.0,1584,0.0,0.0,0.0,0.0,0.0,1584,3.0,8.0,4.203914141414141,4.0,5.0,1584,0.0,0.0,0.0,0.0,0.0,0,0.0,0.0,0.0,0.0,0.0,0,1.0,1.0,1.0,1.0,1.0,552,0.9999999999999997,1.0000000000000002,1.0,1.0,1.0000000000000002,552,1.0,1.3333333333333333,1.0039630407373126,1.0,1.0,552,0.9999999999999997,1.0000000000000002,1.0,1.0,1.0000000000000002,552,552.0,0.0,0.0,0.0,552.0,552.0,0.0,0.0,0.0,0.0,0.0,0.0,1.0,0.0,0.0,1584.0,3146.0,1584.0,2509056.0,14101.239802315831,0.0,0.0,0.0,0.0,0.0,0.0,0.0,0.0,0.0,0.0,0.0,0.0,0.0,0.0,0.0,0.0,16326.655795797706
325,19500000000000,1584.0,1584.0,1584.0,1584.0,1584.0,1584,24.0,24.0,24.0,24.0,24.0,1584,0.0,0.0,0.0,0.0,0.0,1584,3.0,8.0,4.208964646464646,4.0,5.0,1584,0.0,0.0,0.0,0.0,0.0,0,0.0,0.0,0.0,0.0,0.0,0,1.0,1.0,1.0,1.0,1.0,552,0.9999999999999997,1.0000000000000002,1.0,1.0,1.0000000000000002,552,1.0,1.2666666666666666,1.0060173874901899,1.0,1.0476190476190477,552,0.9999999999999997,1.0000000000000002,1.0,1.0,1.0000000000000002,552,552.0,0.0,0.0,0.0,552.0,552.0,0.0,0.0,0.0,0.0,0.0,0.0,1.0,0.0,0.0,1584.0,3146.0,1584.0,2509056.0,12825.928512960672,0.0,0.0,0.0,0.0,0.0,0.0,0.0,0.0,0.0,0.0,0.0,0.0,0.0,0.0,0.0,0.0,15096.227401867509
326,19560000000000,1584.0,1584.0,1584.0,1584.0,1584.0,1584,24.0,24.0,24.0,24.0,24.0,1584,0.0,0.0,0.0,0.0,0.0,1584,3.0,8.0,4.20770202020202,4.0,5.0,1584,0.0,0.0,0.0,0.0,0.0,0,0.0,0.0,0.0,0.0,0.0,0,1.0,1.0,1.0,1.0,1.0,552,0.9999999999999997,1.0000000000000004,1.0,1.0,1.0000000000000002,552,1.0,1.3333333333333333,1.0072199338640846,1.0,1.0474999999999997,552,0.9999999999999997,1.0000000000000004,1.0,1.0,1.0000000000000002,552,552.0,0.0,0.0,0.0,552.0,552.0,0.0,0.0,0.0,0.0,0.0,0.0,1.0,0.0,0.0,1584.0,3146.0,1584.0,2509056.0,14317.126678302884,0.0,0.0,0.0,0.0,0.0,0.0,0.0,0.0,0.0,0.0,0.0,0.0,0.0,0.0,0.0,0.0,16584.619170054793
327,19620000000000,1584.0,1584.0,1584.0,1584.0,1584.0,1584,24.0,24.0,24.0,24.0,24.0,1584,0.0,0.0,0.0,0.0,0.0,1584,3.0,8.0,4.201388888888889,4.0,5.0,1584,0.0,0.0,0.0,0.0,0.0,0,0.0,0.0,0.0,0.0,0.0,0,1.0,1.0,1.0,1.0,1.0,552,0.9999999999999997,1.0000000000000002,1.0,1.0,1.0000000000000002,552,1.0,1.2857142857142858,1.0044328782274037,1.0,1.0332591768631811,552,0.9999999999999997,1.0000000000000002,1.0,1.0,1.0000000000000002,552,552.0,0.0,0.0,0.0,552.0,552.0,0.0,0.0,0.0,0.0,0.0,0.0,1.0,0.0,0.0,1584.0,3146.0,1584.0,2509056.0,12546.915147453547,0.0,0.0,0.0,0.0,0.0,0.0,0.0,0.0,0.0,0.0,0.0,0.0,0.0,0.0,0.0,0.0,14781.584588810802
328,19680000000000,1584.0,1584.0,1584.0,1584.0,1584.0,1584,24.0,24.0,24.0,24.0,24.0,1584,0.0,0.0,0.0,0.0,0.0,1584,3.0,8.0,4.203914141414141,4.0,5.0,1584,0.0,0.0,0.0,0.0,0.0,0,0.0,0.0,0.0,0.0,0.0,0,1.0,1.0,1.0,1.0,1.0,552,0.9999999999999996,1.0000000000000002,1.0,1.0,1.0000000000000002,552,1.0,1.3333333333333333,1.0057662554922033,1.0,1.0434782608695652,552,0.9999999999999996,1.0000000000000002,1.0,1.0,1.0000000000000002,552,552.0,0.0,0.0,0.0,552.0,552.0,0.0,0.0,0.0,0.0,0.0,0.0,1.0,0.0,0.0,1584.0,3146.0,1584.0,2509056.0,13946.017179638147,0.0,0.0,0.0,0.0,0.0,0.0,0.0,0.0,0.0,0.0,0.0,0.0,0.0,0.0,0.0,0.0,16209.064004942775
329,19740000000000,1584.0,1584.0,1584.0,1584.0,1584.0,1584,24.0,24.0,24.0,24.0,24.0,1584,0.0,0.0,0.0,0.0,0.0,1584,3.0,8.0,4.20580808080808,4.0,5.0,1584,0.0,0.0,0.0,0.0,0.0,0,0.0,0.0,0.0,0.0,0.0,0,1.0,1.0,1.0,1.0,1.0,552,0.9999999999999997,1.0000000000000004,1.0,1.0,1.0000000000000002,552,1.0,1.2,1.0050099758076327,1.0,1.0434782608695652,552,0.9999999999999997,1.0000000000000004,1.0,1.0,1.0000000000000002,552,552.0,0.0,0.0,0.0,552.0,552.0,0.0,0.0,0.0,0.0,0.0,0.0,1.0,0.0,0.0,1584.0,3146.0,1584.0,2509056.0,12402.63200737536,0.0,0.0,0.0,0.0,0.0,0.0,0.0,0.0,0.0,0.0,0.0,0.0,0.0,0.0,0.0,0.0,14701.758060604334
330,19800000000000,1584.0,1584.0,1584.0,1584.0,1584.0,1584,24.0,24.0,24.0,24.0,24.0,1584,0.0,0.0,0.0,0.0,0.0,1584,3.0,8.0,4.20770202020202,4.0,5.0,1584,0.0,0.0,0.0,0.0,0.0,0,0.0,0.0,0.0,0.0,0.0,0,1.0,1.0,1.0,1.0,1.0,552,0.9999999999999997,1.0000000000000004,1.0,1.0,1.0000000000000002,552,1.0,1.3333333333333333,1.00606311116177,1.0,1.0555555555555556,552,0.9999999999999997,1.0000000000000004,1.0,1.0,1.0000000000000002,552,552.0,0.0,0.0,0.0,552.0,552.0,0.0,0.0,0.0,0.0,0.0,0.0,1.0,0.0,0.0,1584.0,3146.0,1584.0,2509056.0,13552.32746526599,0.0,0.0,0.0,0.0,0.0,0.0,0.0,0.0,0.0,0.0,0.0,0.0,0.0,0.0,0.0,0.0,15883.528714999557
331,19860000000000,1584.0,1584.0,1584.0,1584.0,1584.0,1584,24.0,24.0,24.0,24.0,24.0,1584,0.0,0.0,0.0,0.0,0.0,1584,3.0,8.0,4.202651515151516,4.0,5.0,1584,0.0,0.0,0.0,0.0,0.0,0,0.0,0.0,0.0,0.0,0.0,0,1.0,1.0,1.0,1.0,1.0,552,0.9999999999999997,1.0000000000000004,1.0,1.0,1.0000000000000002,552,1.0,1.2857142857142858,1.0056394198847087,1.0,1.04,552,0.9999999999999997,1.0000000000000004,1.0,1.0,1.0000000000000002,552,552.0,0.0,0.0,0.0,552.0,552.0,0.0,0.0,0.0,0.0,0.0,0.0,1.0,0.0,0.0,1584.0,3146.0,1584.0,2509056.0,12337.34299056232,0.0,0.0,0.0,0.0,0.0,0.0,0.0,0.0,0.0,0.0,0.0,0.0,0.0,0.0,0.0,0.0,14615.343559533358
332,19920000000000,1584.0,1584.0,1584.0,1584.0,1584.0,1584,24.0,24.0,24.0,24.0,24.0,1584,0.0,0.0,0.0,0.0,0.0,1584,3.0,8.0,4.203282828282828,4.0,5.0,1584,0.0,0.0,0.0,0.0,0.0,0,0.0,0.0,0.0,0.0,0.0,0,1.0,1.0,1.0,1.0,1.0,552,0.9999999999999997,1.0000000000000002,1.0,1.0,1.0000000000000002,552,1.0,1.3333333333333333,1.0057840562475817,1.0,1.0424818840579708,552,0.9999999999999997,1.0000000000000002,1.0,1.0,1.0000000000000002,552,552.0,0.0,0.0,0.0,552.0,552.0,0.0,0.0,0.0,0.0,0.0,0.0,1.0,0.0,0.0,1584.0,3146.0,1584.0,2509056.0,13560.145612806082,0.0,0.0,0.0,0.0,0.0,0.0,0.0,0.0,0.0,0.0,0.0,0.0,0.0,0.0,0.0,0.0,15818.754298612475
333,19980000000000,1584.0,1584.0,1584.0,1584.0,1584.0,1584,24.0,24.0,24.0,24.0,24.0,1584,0.0,0.0,0.0,0.0,0.0,1584,3.0,8.0,4.200126262626263,4.0,5.0,1584,0.0,0.0,0.0,0.0,0.0,0,0.0,0.0,0.0,0.0,0.0,0,1.0,1.0,1.0,1.0,1.0,552,0.9999999999999997,1.0000000000000002,1.0,1.0,1.0,552,1.0,1.3333333333333333,1.0067670658706458,1.0,1.0555555555555556,552,0.9999999999999997,1.0000000000000002,1.0,1.0,1.0,552,552.0,0.0,0.0,0.0,552.0,552.0,0.0,0.0,0.0,0.0,0.0,0.0,1.0,0.0,0.0,1584.0,3146.0,1584.0,2509056.0,12496.901052072644,0.0,0.0,0.0,0.0,0.0,0.0,0.0,0.0,0.0,0.0,0.0,0.0,0.0,0.0,0.0,0.0,14735.034964978695
334,20040000000000,1584.0,1584.0,1584.0,1584.0,1584.0,1584,24.0,24.0,24.0,24.0,24.0,1584,0.0,0.0,0.0,0.0,0.0,1584,3.0,8.0,4.202651515151516,4.0,5.0,1584,0.0,0.0,0.0,0.0,0.0,0,0.0,0.0,0.0,0.0,0.0,0,1.0,1.0,1.0,1.0,1.0,552,0.9999999999999996,1.0000000000000004,1.0,1.0,1.0000000000000002,552,1.0,1.3076923076923077,1.0066484509203086,1.0,1.0511842105263156,552,0.9999999999999996,1.0000000000000004,1.0,1.0,1.0000000000000002,552,552.0,0.0,0.0,0.0,552.0,552.0,0.0,0.0,0.0,0.0,0.0,0.0,1.0,0.0,0.0,1584.0,3146.0,1584.0,2509056.0,14042.00403392315,0.0,0.0,0.0,0.0,0.0,0.0,0.0,0.0,0.0,0.0,0.0,0.0,0.0,0.0,0.0,0.0,16290.92880524695
335,20100000000000,1584.0,1584.0,1584.0,1584.0,1584.0,1584,24.0,24.0,24.0,24.0,24.0,1584,0.0,0.0,0.0,0.0,0.0,1584,3.0,8.0,4.208964646464646,4.0,5.0,1584,0.0,0.0,0.0,0.0,0.0,0,0.0,0.0,0.0,0.0,0.0,0,1.0,1.0,1.0,1.0,1.0,552,0.9999999999999997,1.0000000000000002,1.0,1.0,1.0000000000000002,552,1.0,1.3333333333333333,1.0049550282303534,1.0,1.0376780626780626,552,0.9999999999999997,1.0000000000000002,1.0,1.0,1.0000000000000002,552,552.0,0.0,0.0,0.0,552.0,552.0,0.0,0.0,0.0,0.0,0.0,0.0,1.0,0.0,0.0,1584.0,3146.0,1584.0,2509056.0,12466.035522520542,0.0,0.0,0.0,0.0,0.0,0.0,0.0,0.0,0.0,0.0,0.0,0.0,0.0,0.0,0.0,0.0,14762.692485004663
336,20160000000000,1584.0,1584.0,1584.0,1584.0,1584.0,1584,24.0,24.0,24.0,24.0,24.0,1584,0.0,0.0,0.0,0.0,0.0,1584,3.0,8.0,4.203914141414141,4.0,5.0,1584,0.0,0.0,0.0,0.0,0.0,0,0.0,0.0,0.0,0.0,0.0,0,1.0,1.0,1.0,1.0,1.0,552,0.9999999999999997,1.0000000000000002,1.0,1.0,1.0000000000000002,552,1.0,1.2,1.0056491131683085,1.0,1.0474999999999997,552,0.9999999999999997,1.0000000000000002,1.0,1.0,1.0000000000000002,552,552.0,0.0,0.0,0.0,552.0,552.0,0.0,0.0,0.0,0.0,0.0,0.0,1.0,0.0,0.0,1584.0,3146.0,1584.0,2509056.0,13577.016128227115,0.0,0.0,0.0,0.0,0.0,0.0,0.0,0.0,0.0,0.0,0.0,0.0,0.0,0.0,0.0,0.0,15857.680013403296
337,20220000000000,1584.0,1584.0,1584.0,1584.0,1584.0,1584,24.0,24.0,24.0,24.0,24.0,1584,0.0,0.0,0.0,0.0,0.0,1584,3.0,8.0,4.209595959595959,4.0,5.0,1584,0.0,0.0,0.0,0.0,0.0,0,0.0,0.0,0.0,0.0,0.0,0,1.0,1.0,1.0,1.0,1.0,552,0.9999999999999997,1.0000000000000004,1.0,1.0,1.0000000000000002,552,1.0,1.2666666666666666,1.0063259798405595,1.0,1.0526315789473684,552,0.9999999999999997,1.0000000000000004,1.0,1.0,1.0000000000000002,552,552.0,0.0,0.0,0.0,552.0,552.0,0.0,0.0,0.0,0.0,0.0,0.0,1.0,0.0,0.0,1584.0,3146.0,1584.0,2509056.0,12017.917620018125,0.0,0.0,0.0,0.0,0.0,0.0,0.0,0.0,0.0,0.0,0.0,0.0,0.0,0.0,0.0,0.0,14337.624751031399
338,20280000000000,1584.0,1584.0,1584.0,1584.0,1584.0,1584,24.0,24.0,24.0,24.0,24.0,1584,0.0,0.0,0.0,0.0,0.0,1584,3.0,8.0,4.200126262626263,4.0,5.0,1584,0.0,0.0,0.0,0.0,0.0,0,0.0,0.0,0.0,0.0,0.0,0,1.0,1.0,1.0,1.0,1.0,552,0.9999999999999997,1.0000000000000002,1.0,1.0,1.0000000000000002,552,1.0,1.3076923076923077,1.0060087879396762,1.0,1.039153846153846,552,0.9999999999999997,1.0000000000000002,1.0,1.0,1.0000000000000002,552,552.0,0.0,0.0,0.0,552.0,552.0,0.0,0.0,0.0,0.0,0.0,0.0,1.0,0.0,0.0,1584.0,3146.0,1584.0,2509056.0,13085.91621182859,0.0,0.0,0.0,0.0,0.0,0.0,0.0,0.0,0.0,0.0,0.0,0.0,0.0,0.0,0.0,0.0,15365.286234766245
339,20340000000000,1584.0,1584.0,1584.0,1584.0,1584.0,1584,24.0,24.0,24.0,24.0,24.0,1584,0.0,0.0,0.0,0.0,0.0,1584,3.0,8.0,4.204545454545454,4.0,5.0,1584,0.0,0.0,0.0,0.0,0.0,0,0.0,0.0,0.0,0.0,0.0,0,1.0,1.0,1.0,1.0,1.0,552,0.9999999999999997,1.0000000000000002,1.0,1.0,1.0000000000000002,552,1.0,1.3333333333333333,1.007193582921887,1.0,1.0555555555555556,552,0.9999999999999997,1.0000000000000002,1.0,1.0,1.0000000000000002,552,552.0,0.0,0.0,0.0,552.0,552.0,0.0,0.0,0.0,0.0,0.0,0.0,1.0,0.0,0.0,1584.0,3146.0,1584.0,2509056.0,11606.357907876372,0.0,0.0,0.0,0.0,0.0,0.0,0.0,0.0,0.0,0.0,0.0,0.0,0.0,0.0,0.0,0.0,13853.65785099566
340,20400000000000,1584.0,1584.0,1584.0,1584.0,1584.0,1584,24.0,24.0,24.0,24.0,24.0,1584,0.0,0.0,0.0,0.0,0.0,1584,3.0,8.0,4.20770202020202,4.0,5.0,1584,0.0,0.0,0.0,0.0,0.0,0,0.0,0.0,0.0,0.0,0.0,0,1.0,1.0,1.0,1.0,1.0,552,0.9999999999999997,1.0000000000000002,1.0,1.0,1.0000000000000002,552,1.0,1.25,1.003609644056631,1.0,1.0293506493506492,552,0.9999999999999997,1.0000000000000002,1.0,1.0,1.0000000000000002,552,552.0,0.0,0.0,0.0,552.0,552.0,0.0,0.0,0.0,0.0,0.0,0.0,1.0,0.0,0.0,1584.0,3146.0,1584.0,2509056.0,13125.232309103012,0.0,0.0,0.0,0.0,0.0,0.0,0.0,0.0,0.0,0.0,0.0,0.0,0.0,0.0,0.0,0.0,15414.6264269948
341,20460000000000,1584.0,1584.0,1584.0,1584.0,1584.0,1584,24.0,24.0,24.0,24.0,24.0,1584,0.0,0.0,0.0,0.0,0.0,1584,3.0,8.0,4.207070707070707,4.0,5.0,1584,0.0,0.0,0.0,0.0,0.0,0,0.0,0.0,0.0,0.0,0.0,0,1.0,1.0,1.0,1.0,1.0,552,0.9999999999999997,1.0000000000000004,1.0,1.0,1.0000000000000002,552,1.0,1.3333333333333333,1.0074366852876673,1.0,1.0539473684210525,552,0.9999999999999997,1.0000000000000004,1.0,1.0,1.0000000000000002,552,552.0,0.0,0.0,0.0,552.0,552.0,0.0,0.0,0.0,0.0,0.0,0.0,1.0,0.0,0.0,1584.0,3146.0,1584.0,2509056.0,11816.684681922197,0.0,0.0,0.0,0.0,0.0,0.0,0.0,0.0,0.0,0.0,0.0,0.0,0.0,0.0,0.0,0.0,14003.264233469963
342,20520000000000,1584.0,1584.0,1584.0,1584.0,1584.0,1584,24.0,24.0,24.0,24.0,24.0,1584,0.0,0.0,0.0,0.0,0.0,1584,3.0,8.0,4.196338383838384,4.0,5.0,1584,0.0,0.0,0.0,0.0,0.0,0,0.0,0.0,0.0,0.0,0.0,0,1.0,1.0,1.0,1.0,1.0,552,0.9999999999999996,1.0000000000000004,1.0,1.0,1.0000000000000002,552,1.0,1.3333333333333333,1.006829155804378,1.0,1.0588235294117647,552,0.9999999999999996,1.0000000000000004,1.0,1.0,1.0000000000000002,552,552.0,0.0,0.0,0.0,552.0,552.0,0.0,0.0,0.0,0.0,0.0,0.0,1.0,0.0,0.0,1584.0,3146.0,1584.0,2509056.0,12708.44317227602,0.0,0.0,0.0,0.0,0.0,0.0,0.0,0.0,0.0,0.0,0.0,0.0,0.0,0.0,0.0,0.0,14860.899368301034
343,20580000000000,1584.0,1584.0,1584.0,1584.0,1584.0,1584,24.0,24.0,24.0,24.0,24.0,1584,0.0,0.0,0.0,0.0,0.0,1584,3.0,8.0,4.20580808080808,4.0,5.0,1584,0.0,0.0,0.0,0.0,0.0,0,0.0,0.0,0.0,0.0,0.0,0,1.0,1.0,1.0,1.0,1.0,552,0.9999999999999998,1.0000000000000004,1.0,1.0,1.0000000000000002,552,1.0,1.3076923076923077,1.0057459555958883,1.0,1.0443675889328061,552,0.9999999999999998,1.0000000000000004,1.0,1.0,1.0000000000000002,552,552.0,0.0,0.0,0.0,552.0,552.0,0.0,0.0,0.0,0.0,0.0,0.0,1.0,0.0,0.0,1584.0,3146.0,1584.0,2509056.0,11595.844456925988,0.0,0.0,0.0,0.0,0.0,0.0,0.0,0.0,0.0,0.0,0.0,0.0,0.0,0.0,0.0,0.0,13796.310188248754
344,20640000000000,1584.0,1584.0,1584.0,1584.0,1584.0,1584,24.0,24.0,24.0,24.0,24.0,1584,0.0,0.0,0.0,0.0,0.0,1584,3.0,8.0,4.200757575757576,4.0,5.0,1584,0.0,0.0,0.0,0.0,0.0,0,0.0,0.0,0.0,0.0,0.0,0,1.0,1.0,1.0,1.0,1.0,552,0.9999999999999996,1.0000000000000002,1.0,1.0,1.0000000000000002,552,1.0,1.3571428571428572,1.006763240288917,1.0,1.0526315789473684,552,0.9999999999999996,1.0000000000000002,1.0,1.0,1.0000000000000002,552,552.0,0.0,0.0,0.0,552.0,552.0,0.0,0.0,0.0,0.0,0.0,0.0,1.0,0.0,0.0,1584.0,3146.0,1584.0,2509056.0,13142.655953764915,0.0,0.0,0.0,0.0,0.0,0.0,0.0,0.0,0.0,0.0,0.0,0.0,0.0,0.0,0.0,0.0,15317.78322905302
345,20700000000000,1584.0,1584.0,1584.0,1584.0,1584.0,1584,24.0,24.0,24.0,24.0,24.0,1584,0.0,0.0,0.0,0.0,0.0,1584,3.0,8.0,4.206439393939394,4.0,5.0,1584,0.0,0.0,0.0,0.0,0.0,0,0.0,0.0,0.0,0.0,0.0,0,1.0,1.0,1.0,1.0,1.0,552,0.9999999999999996,1.0000000000000002,1.0,1.0,1.0000000000000002,552,1.0,1.3333333333333333,1.0054824409529322,1.0,1.0539473684210525,552,0.9999999999999996,1.0000000000000002,1.0,1.0,1.0000000000000002,552,552.0,0.0,0.0,0.0,552.0,552.0,0.0,0.0,0.0,0.0,0.0,0.0,1.0,0.0,0.0,1584.0,3146.0,1584.0,2509056.0,11656.740799546242,0.0,0.0,0.0,0.0,0.0,0.0,0.0,0.0,0.0,0.0,0.0,0.0,0.0,0.0,0.0,0.0,13872.190600261092
346,20760000000000,1584.0,1584.0,1584.0,1584.0,1584.0,1584,24.0,24.0,24.0,24.0,24.0,1584,0.0,0.0,0.0,0.0,0.0,1584,3.0,8.0,4.203282828282828,4.0,5.0,1584,0.0,0.0,0.0,0.0,0.0,0,0.0,0.0,0.0,0.0,0.0,0,1.0,1.0,1.0,1.0,1.0,552,0.9999999999999997,1.0000000000000004,1.0,1.0,1.0000000000000002,552,1.0,1.3333333333333333,1.0051509701187034,1.0,1.0434782608695652,552,0.9999999999999997,1.0000000000000004,1.0,1.0,1.0000000000000002,552,552.0,0.0,0.0,0.0,552.0,552.0,0.0,0.0,0.0,0.0,0.0,0.0,1.0,0.0,0.0,1584.0,3146.0,1584.0,2509056.0,13004.24638018012,0.0,0.0,0.0,0.0,0.0,0.0,0.0,0.0,0.0,0.0,0.0,0.0,0.0,0.0,0.0,0.0,15246.015785261989
347,20820000000000,1584.0,1584.0,1584.0,1584.0,1584.0,1584,24.0,24.0,24.0,24.0,24.0,1584,0.0,0.0,0.0,0.0,0.0,1584,3.0,8.0,4.200126262626263,4.0,5.0,1584,0.0,0.0,0.0,0.0,0.0,0,0.0,0.0,0.0,0.0,0.0,0,1.0,1.0,1.0,1.0,1.0,552,0.9999999999999997,1.0000000000000002,1.0,1.0,1.0000000000000002,552,1.0,1.3333333333333333,1.007036514821886,1.0,1.0443675889328061,552,0.9999999999999997,1.0000000000000002,1.0,1.0,1.0000000000000002,552,552.0,0.0,0.0,0.0,552.0,552.0,0.0,0.0,0.0,0.0,0.0,0.0,1.0,0.0,0.0,1584.0,3146.0,1584.0,2509056.0,11489.940453320742,0.0,0.0,0.0,0.0,0.0,0.0,0.0,0.0,0.0,0.0,0.0,0.0,0.0,0.0,0.0,0.0,13682.662725448608
348,20880000000000,1584.0,1584.0,1584.0,1584.0,1584.0,1584,24.0,24.0,24.0,24.0,24.0,1584,0.0,0.0,0.0,0.0,0.0,1584,3.0,8.0,4.202020202020202,4.0,5.0,1584,0.0,0.0,0.0,0.0,0.0,0,0.0,0.0,0.0,0.0,0.0,0,1.0,1.0,1.0,1.0,1.0,552,0.9999999999999998,1.0000000000000004,1.0,1.0,1.0000000000000002,552,1.0,1.3076923076923077,1.0064588869059465,1.0,1.0498746867167916,552,0.9999999999999998,1.0000000000000004,1.0,1.0,1.0000000000000002,552,552.0,0.0,0.0,0.0,552.0,552.0,0.0,0.0,0.0,0.0,0.0,0.0,1.0,0.0,0.0,1584.0,3146.0,1584.0,2509056.0,12581.864153966308,0.0,0.0,0.0,0.0,0.0,0.0,0.0,0.0,0.0,0.0,0.0,0.0,0.0,0.0,0.0,0.0,14826.99123956263
349,20940000000000,1584.0,1584.0,1584.0,1584.0,1584.0,1584,24.0,24.0,24.0,24.0,24.0,1584,0.0,0.0,0.0,0.0,0.0,1584,3.0,8.0,4.208333333333333,4.0,5.0,1584,0.0,0.0,0.0,0.0,0.0,0,0.0,0.0,0.0,0.0,0.0,0,1.0,1.0,1.0,1.0,1.0,552,0.9999999999999996,1.0000000000000004,1.0,1.0,1.0000000000000002,552,1.0,1.2142857142857142,1.0047125632424156,1.0,1.036965517241379,552,0.9999999999999996,1.0000000000000004,1.0,1.0,1.0000000000000002,552,552.0,0.0,0.0,0.0,552.0,552.0,0.0,0.0,0.0,0.0,0.0,0.0,1.0,0.0,0.0,1584.0,3146.0,1584.0,2509056.0,12325.121268630028,0.0,0.0,0.0,0.0,0.0,0.0,0.0,0.0,0.0,0.0,0.0,0.0,0.0,0.0,0.0,0.0,14558.62644314766
350,21000000000000,1584.0,1584.0,1584.0,1584.0,1584.0,1584,24.0,24.0,24.0,24.0,24.0,1584,0.0,0.0,0.0,0.0,0.0,1584,3.0,8.0,4.208333333333333,4.0,5.0,1584,0.0,0.0,0.0,0.0,0.0,0,0.0,0.0,0.0,0.0,0.0,0,1.0,1.0,1.0,1.0,1.0,552,0.9999999999999998,1.0000000000000002,1.0,1.0,1.0000000000000002,552,1.0,1.3333333333333333,1.0069103612369148,1.0,1.0570261437908495,552,0.9999999999999998,1.0000000000000002,1.0,1.0,1.0000000000000002,552,552.0,0.0,0.0,0.0,552.0,552.0,0.0,0.0,0.0,0.0,0.0,0.0,1.0,0.0,0.0,1584.0,3146.0,1584.0,2509056.0,11151.802137494087,0.0,0.0,0.0,0.0,0.0,0.0,0.0,0.0,0.0,0.0,0.0,0.0,0.0,0.0,0.0,0.0,13398.919867351651
351,21060000000000,1584.0,1584.0,1584.0,1584.0,1584.0,1584,24.0,24.0,24.0,24.0,24.0,1584,0.0,0.0,0.0,0.0,0.0,1584,3.0,8.0,4.201388888888889,4.0,5.0,1584,0.0,0.0,0.0,0.0,0.0,0,0.0,0.0,0.0,0.0,0.0,0,1.0,1.0,1.0,1.0,1.0,552,0.9999999999999996,1.0000000000000002,1.0,1.0,1.0000000000000002,552,1.0,1.3333333333333333,1.0058381394209723,1.0,1.0434782608695652,552,0.9999999999999996,1.0000000000000002,1.0,1.0,1.0000000000000002,552,552.0,0.0,0.0,0.0,552.0,552.0,0.0,0.0,0.0,0.0,0.0,0.0,1.0,0.0,0.0,1584.0,3146.0,1584.0,2509056.0,11930.742176249623,0.0,0.0,0.0,0.0,0.0,0.0,0.0,0.0,0.0,0.0,0.0,0.0,0.0,0.0,0.0,0.0,14158.429918810725
352,21120000000000,1584.0,1584.0,1584.0,1584.0,1584.0,1584,24.0,24.0,24.0,24.0,24.0,1584,0.0,0.0,0.0,0.0,0.0,1584,3.0,8.0,4.205176767676767,4.0,5.0,1584,0.0,0.0,0.0,0.0,0.0,0,0.0,0.0,0.0,0.0,0.0,0,1.0,1.0,1.0,1.0,1.0,552,0.9999999999999996,1.0000000000000002,1.0,1.0,1.0000000000000002,552,1.0,1.3333333333333333,1.0058326484092288,1.0,1.0316666666666665,552,0.9999999999999996,1.0000000000000002,1.0,1.0,1.0000000000000002,552,552.0,0.0,0.0,0.0,552.0,552.0,0.0,0.0,0.0,0.0,0.0,0.0,1.0,0.0,0.0,1584.0,3146.0,1584.0,2509056.0,10863.330813124776,0.0,0.0,0.0,0.0,0.0,0.0,0.0,0.0,0.0,0.0,0.0,0.0,0.0,0.0,0.0,0.0,13106.726560741663
353,21180000000000,1584.0,1584.0,1584.0,1584.0,1584.0,1584,24.0,24.0,24.0,24.0,24.0,1584,0.0,0.0,0.0,0.0,0.0,1584,3.0,8.0,4.200126262626263,4.0,5.0,1584,0.0,0.0,0.0,0.0,0.0,0,0.0,0.0,0.0,0.0,0.0,0,1.0,1.0,1.0,1.0,1.0,552,0.9999999999999998,1.0000000000000002,1.0,1.0,1.0000000000000002,552,1.0,1.2666666666666666,1.0053025286065653,1.0,1.0376428571428569,552,0.9999999999999998,1.0000000000000002,1.0,1.0,1.0000000000000002,552,552.0,0.0,0.0,0.0,552.0,552.0,0.0,0.0,0.0,0.0,0.0,0.0,1.0,0.0,0.0,1584.0,3146.0,1584.0,2509056.0,11857.178907841444,0.0,0.0,0.0,0.0,0.0,0.0,0.0,0.0,0.0,0.0,0.0,0.0,0.0,0.0,0.0,0.0,14116.623692214489
354,21240000000000,1584.0,1584.0,1584.0,1584.0,1584.0,1584,24.0,24.0,24.0,24.0,24.0,1584,0.0,0.0,0.0,0.0,0.0,1584,3.0,8.0,4.202020202020202,4.0,5.0,1584,0.0,0.0,0.0,0.0,0.0,0,0.0,0.0,0.0,0.0,0.0,0,1.0,1.0,1.0,1.0,1.0,552,0.9999999999999998,1.0000000000000002,1.0,1.0,1.0000000000000002,552,1.0,1.3333333333333333,1.0079447457750448,1.0,1.0588235294117647,552,0.9999999999999998,1.0000000000000002,1.0,1.0,1.0000000000000002,552,552.0,0.0,0.0,0.0,552.0,552.0,0.0,0.0,0.0,0.0,0.0,0.0,1.0,0.0,0.0,1584.0,3146.0,1584.0,2509056.0,10880.392950028181,0.0,0.0,0.0,0.0,0.0,0.0,0.0,0.0,0.0,0.0,0.0,0.0,0.0,0.0,0.0,0.0,13129.221236333251
355,21300000000000,1584.0,1584.0,1584.0,1584.0,1584.0,1584,24.0,24.0,24.0,24.0,24.0,1584,0.0,0.0,0.0,0.0,0.0,1584,3.0,8.0,4.205176767676767,4.0,5.0,1584,0.0,0.0,0.0,0.0,0.0,0,0.0,0.0,0.0,0.0,0.0,0,1.0,1.0,1.0,1.0,1.0,552,0.9999999999999997,1.0000000000000002,1.0,1.0,1.0000000000000002,552,1.0,1.3333333333333333,1.0055978974773088,1.0,1.013235294117645,552,0.9999999999999997,1.0000000000000002,1.0,1.0,1.0000000000000002,552,552.0,0.0,0.0,0.0,552.0,552.0,0.0,0.0,0.0,0.0,0.0,0.0,1.0,0.0,0.0,1584.0,3146.0,1584.0,2509056.0,11903.373094275594,0.0,0.0,0.0,0.0,0.0,0.0,0.0,0.0,0.0,0.0,0.0,0.0,0.0,0.0,0.0,0.0,14164.096422493458
356,21360000000000,1584.0,1584.0,1584.0,1584.0,1584.0,1584,24.0,24.0,24.0,24.0,24.0,1584,0.0,0.0,0.0,0.0,0.0,1584,3.0,8.0,4.202020202020202,4.0,5.0,1584,0.0,0.0,0.0,0.0,0.0,0,0.0,0.0,0.0,0.0,0.0,0,1.0,1.0,1.0,1.0,1.0,552,0.9999999999999998,1.0000000000000002,1.0,1.0,1.0000000000000002,552,1.0,1.3333333333333333,1.0072269607037896,1.0,1.0555555555555556,552,0.9999999999999998,1.0000000000000002,1.0,1.0,1.0000000000000002,552,552.0,0.0,0.0,0.0,552.0,552.0,0.0,0.0,0.0,0.0,0.0,0.0,1.0,0.0,0.0,1584.0,3146.0,1584.0,2509056.0,10877.872746437788,0.0,0.0,0.0,0.0,0.0,0.0,0.0,0.0,0.0,0.0,0.0,0.0,0.0,0.0,0.0,0.0,13117.40787141025
357,21420000000000,1584.0,1584.0,1584.0,1584.0,1584.0,1584,24.0,24.0,24.0,24.0,24.0,1584,0.0,0.0,0.0,0.0,0.0,1584,3.0,8.0,4.198863636363637,4.0,5.0,1584,0.0,0.0,0.0,0.0,0.0,0,0.0,0.0,0.0,0.0,0.0,0,1.0,1.0,1.0,1.0,1.0,552,0.9999999999999996,1.0000000000000002,1.0,1.0,1.0000000000000002,552,1.0,1.3076923076923077,1.005697886546863,1.0,1.045341614906832,552,0.9999999999999996,1.0000000000000002,1.0,1.0,1.0000000000000002,552,552.0,0.0,0.0,0.0,552.0,552.0,0.0,0.0,0.0,0.0,0.0,0.0,1.0,0.0,0.0,1584.0,3146.0,1584.0,2509056.0,11929.089661687613,0.0,0.0,0.0,0.0,0.0,0.0,0.0,0.0,0.0,0.0,0.0,0.0,0.0,0.0,0.0,0.0,14141.84389449656
358,21480000000000,1584.0,1584.0,1584.0,1584.0,1584.0,1584,24.0,24.0,24.0,24.0,24.0,1584,0.0,0.0,0.0,0.0,0.0,1584,3.0,8.0,4.203282828282828,4.0,5.0,1584,0.0,0.0,0.0,0.0,0.0,0,0.0,0.0,0.0,0.0,0.0,0,1.0,1.0,1.0,1.0,1.0,552,0.9999999999999997,1.0000000000000004,1.0,1.0,1.0000000000000002,552,1.0,1.3333333333333333,1.0048432152012532,1.0,1.0338505747126436,552,0.9999999999999997,1.0000000000000004,1.0,1.0,1.0000000000000002,552,552.0,0.0,0.0,0.0,552.0,552.0,0.0,0.0,0.0,0.0,0.0,0.0,1.0,0.0,0.0,1584.0,3146.0,1584.0,2509056.0,11076.608883216977,0.0,0.0,0.0,0.0,0.0,0.0,0.0,0.0,0.0,0.0,0.0,0.0,0.0,0.0,0.0,0.0,13250.917883589864
359,21540000000000,1584.0,1584.0,1584.0,1584.0,1584.0,1584,24.0,24.0,24.0,24.0,24.0,1584,0.0,0.0,0.0,0.0,0.0,1584,3.0,8.0,4.20770202020202,4.0,5.0,1584,0.0,0.0,0.0,0.0,0.0,0,0.0,0.0,0.0,0.0,0.0,0,1.0,1.0,1.0,1.0,1.0,552,0.9999999999999996,1.0000000000000002,1.0,1.0,1.0000000000000002,552,1.0,1.3333333333333333,1.0060965213251511,1.0,1.0486842105263152,552,0.9999999999999996,1.0000000000000002,1.0,1.0,1.0000000000000002,552,552.0,0.0,0.0,0.0,552.0,552.0,0.0,0.0,0.0,0.0,0.0,0.0,1.0,0.0,0.0,1584.0,3146.0,1584.0,2509056.0,12405.67521750927,0.0,0.0,0.0,0.0,0.0,0.0,0.0,0.0,0.0,0.0,0.0,0.0,0.0,0.0,0.0,0.0,14617.551803588867
