constellation,condition,variant,seeds,deliverable_per_snapshot_mean,deliverable_per_snapshot_ci95,delivery_rate_mean,delivery_rate_ci95,delivery_gap_vs_link_state_mean,delivery_gap_vs_link_state_ci95,stretch_dist_shared_mean,stretch_dist_shared_ci95,stretch_dist_egress_mean,stretch_dist_egress_ci95,stretch_dist_forwarding_mean,stretch_dist_forwarding_ci95,delay_ms_mean,delay_ms_ci95,delay_extra_ms_mean,delay_extra_ms_ci95,delay_extra_p95_ms_mean,delay_extra_p95_ms_ci95,non_optimal_egress_rate_mean,non_optimal_egress_rate_ci95,fixed_address_forwarding_mean,fixed_address_forwarding_ci95,switched_egress_rate_mean,switched_egress_rate_ci95,gs_renumberings_per_snapshot_mean,gs_renumberings_per_snapshot_ci95,gs_address_additions_per_snapshot_mean,gs_address_additions_per_snapshot_ci95,gs_address_removals_per_snapshot_mean,gs_address_removals_per_snapshot_ci95,gs_current_address_changes_per_snapshot_mean,gs_current_address_changes_per_snapshot_ci95,flow_updates_per_snapshot_mean,flow_updates_per_snapshot_ci95,flow_update_messages_per_snapshot_mean,flow_update_messages_per_snapshot_ci95,gs_attachments_assigned_per_snapshot_mean,gs_attachments_assigned_per_snapshot_ci95,gs_attachment_shortfall_per_snapshot_mean,gs_attachment_shortfall_per_snapshot_ci95,gs_fully_attached_per_snapshot_mean,gs_fully_attached_per_snapshot_ci95,gs_attachment_conflicts_unconstrained_per_snapshot_mean,gs_attachment_conflicts_unconstrained_per_snapshot_ci95,isls_removed_per_snapshot_mean,isls_removed_per_snapshot_ci95,satellites_down_per_snapshot_mean,satellites_down_per_snapshot_ci95,fstate_updates_per_snapshot_mean,fstate_updates_per_snapshot_ci95,compute_time_ms_mean,compute_time_ms_ci95,loop_pairs_per_snapshot_mean,loop_pairs_per_snapshot_ci95,live_minima_per_snapshot_mean,live_minima_per_snapshot_ci95,detour_entries_per_snapshot_mean,detour_entries_per_snapshot_ci95,failure_events_per_snapshot_mean,failure_events_per_snapshot_ci95,exception_entries_per_snapshot_mean,exception_entries_per_snapshot_ci95,exception_entries_one_pass_per_snapshot_mean,exception_entries_one_pass_per_snapshot_ci95,exception_satellites_per_snapshot_mean,exception_satellites_per_snapshot_ci95,exception_destinations_per_snapshot_mean,exception_destinations_per_snapshot_ci95,exception_entries_on_flow_paths_per_snapshot_mean,exception_entries_on_flow_paths_per_snapshot_ci95,exception_entries_max_per_satellite_mean,exception_entries_max_per_satellite_ci95,exception_entries_in_use_per_snapshot_mean,exception_entries_in_use_per_snapshot_ci95,exception_region_entries_per_snapshot_mean,exception_region_entries_per_snapshot_ci95,exception_region_max_per_satellite_mean,exception_region_max_per_satellite_ci95,exception_rule_steps_per_snapshot_mean,exception_rule_steps_per_snapshot_ci95,exception_shortest_path_runs_per_snapshot_mean,exception_shortest_path_runs_per_snapshot_ci95,exception_compute_ms_mean,exception_compute_ms_ci95,live_isls_per_snapshot_mean,live_isls_per_snapshot_ci95,exception_entries_added_per_snapshot_mean,exception_entries_added_per_snapshot_ci95,exception_entries_removed_per_snapshot_mean,exception_entries_removed_per_snapshot_ci95,exception_entries_rewired_per_snapshot_mean,exception_entries_rewired_per_snapshot_ci95,exception_satellites_touched_per_snapshot_mean,exception_satellites_touched_per_snapshot_ci95,exception_share_of_link_state_mean,exception_share_of_link_state_ci95,exception_hops_to_failure_mean_mean,exception_hops_to_failure_mean_ci95,exception_hops_to_failure_max_mean,exception_hops_to_failure_max_ci95,exception_unresolved_total_mean,exception_unresolved_total_ci95,exception_unresolved_walks_total_mean,exception_unresolved_walks_total_ci95,failure_share_loop_mean,failure_share_loop_ci95,failure_share_dead_end_mean,failure_share_dead_end_ci95,failure_share_link_down_mean,failure_share_link_down_ci95,failure_share_hop_limit_mean,failure_share_hop_limit_ci95,failure_share_egress_lost_mean,failure_share_egress_lost_ci95
telesat,none,topological_scheme_asc_1p,1,552.0,,1.0,,,,1.256871935090612,,1.2568660603677997,,1.000004063647476,,70.03857626588757,,12.991456622937582,,46.39070164589998,,0.7819142512077295,,1.0,,0.0,,6.0,,6.0,,6.0,,6.0,,138.0,,138.0,,24.0,,0.0,,24.0,,3.75,,0.0,,0.0,,0.03476749239461104,,2343.002221981684,,0.0,,0.0,,0.0,,0.0,,0.0,,,,0.0,,0.0,,0.0,,0.0,,0.0,,0.0,,0.0,,39421.666666666664,,0.0,,1757.404684772094,,702.0,,,,,,,,,,0.0,,,,0.0,,0.0,,0.0,,,,,,,,,,,
telesat,none,topological_scheme_req_1p,1,552.0,,1.0,,,,1.1766678363943062,,1.1766654889539685,,1.0000019104842954,,63.18293154960195,,6.478726389000237,,21.19532654608093,,0.7249396135265701,,1.0,,0.0,,10.683333333333334,,12.0,,12.0,,7.0,,163.68333333333334,,163.68333333333334,,48.0,,0.0,,24.0,,7.383333333333334,,0.0,,0.0,,0.04732242020377614,,1519.6720369160175,,0.0,,0.0,,0.0,,0.0,,0.0,,,,0.0,,0.0,,0.0,,0.0,,0.0,,0.0,,0.0,,39421.666666666664,,0.0,,1082.942612717549,,702.0,,,,,,,,,,0.0,,,,0.0,,0.0,,0.0,,,,,,,,,,,
telesat,isl_p0.01,topological_scheme_asc_1p,5,552.0,0.0,1.0,0.0,,,1.2591277937922256,0.0011619519905188569,1.258998252873546,0.0011430529208449793,1.0000813574558935,4.462833985679856e-05,70.35108970025169,0.10530110693849663,13.144602606015372,0.07000350728442999,46.86608625382716,0.2621093223935864,0.7823490338164252,0.0006940080981580873,1.0,0.0,0.0,0.0,6.0,0.0,6.0,0.0,6.0,0.0,6.0,0.0,138.0,0.0,138.0,0.0,24.0,0.0,0.0,0.0,24.0,0.0,3.75,0.0,7.126666666666667,1.5706562316574695,0.0,0.0,0.03476749239461104,0.0,5146.946864922842,952.6763186732139,0.0,0.0,8.796666666666667,1.0933431053221836,0.0,0.0,1.6233333333333335,0.20978757679561907,4855.973333333333,1132.0909574064056,,,346.63,2.8877739451695157,118.65,22.463831753920445,31.896666666666665,7.840915619503743,85.6,35.48071182149535,218.17333333333335,86.14239520273807,961.7033333333333,127.2566886219963,9.4,0.6799783525966101,47579.07666666667,1937.766967998892,118.65,22.463831753920445,1911.2400011221566,272.60938002256006,694.8733333333333,1.5706562316574941,,,,,,,,,0.5764450775561887,0.13438876512421716,3.2649006563736775,0.4028046361352595,13.2,1.6186722460090552,0.0,0.0,0.0,0.0,,,,,,,,,,
telesat,isl_p0.01,topological_scheme_req_1p,5,552.0,0.0,1.0,0.0,,,1.178312729398464,0.0012993793718112199,1.1782174384808743,0.0012934537851805534,1.000082965167094,1.572749654341786e-05,63.470003050661035,0.17160883983226644,6.547848997157146,0.048685269002381584,21.7865608641413,0.4183344772613906,0.7228079710144928,0.001468725910248493,1.0,0.0,0.0,0.0,10.683333333333334,0.0,12.0,0.0,12.0,0.0,7.0,0.0,163.68333333333334,0.0,163.68333333333334,0.0,48.0,0.0,0.0,0.0,24.0,0.0,7.383333333333335,0.0,7.126666666666667,1.5706562316574695,0.0,0.0,0.04732242020377614,0.0,4442.763979633649,1413.87599325341,0.0,0.0,13.653333333333332,4.549836806372534,0.0,0.0,1.6233333333333335,0.20978757679561907,4855.973333333333,1132.0909574064056,,,346.63,2.8877739451695157,118.65,22.463831753920445,37.35666666666667,12.064556538990104,85.6,35.48071182149535,505.2633333333333,126.17632252429821,961.7033333333333,127.2566886219963,9.4,0.6799783525966101,47579.07666666667,1937.766967998892,118.65,22.463831753920445,1607.0667617519696,491.51895865521243,694.8733333333333,1.5706562316574941,,,,,,,,,0.5764450775561887,0.13438876512421716,3.2649006563736775,0.4028046361352595,13.2,1.6186722460090552,0.0,0.0,0.0,0.0,,,,,,,,,,
telesat,isl_p0.02,topological_scheme_asc_1p,5,552.0,0.0,1.0,0.0,,,1.2653744499407822,0.002225970614163358,1.2650847920880939,0.0021657948064719964,1.0001794814195246,4.428070503293125e-05,70.88097906184905,0.17994951545601898,13.4577145702374,0.12835443100604224,47.62391425264555,0.5258177401497375,0.7835084541062802,0.002286883199088252,1.0,0.0,0.0,0.0,6.0,0.0,6.0,0.0,6.0,0.0,6.0,0.0,138.0,0.0,138.0,0.0,24.0,0.0,0.0,0.0,24.0,0.0,3.75,0.0,13.063333333333333,2.24602628167071,0.0,0.0,0.03476749239461104,0.0,5467.820812910795,1444.3933576521238,0.0,0.0,20.866666666666667,3.0708312814466225,0.0,0.0,2.8933333333333335,0.29502029881198194,9455.343333333334,1606.8099559274822,,,350.78999999999996,0.5138725175241903,195.23,24.886488632333986,85.35,12.098224654698537,157.4,38.5614278905748,537.2933333333333,103.17310292447262,1475.0966666666668,173.5827293816453,14.0,3.1651269800752067,54446.653333333335,2532.9158894286725,195.23,24.886488632333986,2058.575447499752,523.5406228137228,688.9366666666667,2.246026281670726,,,,,,,,,1.122429170623615,0.1907419225934808,2.447894123556374,0.25564322275386503,8.8,1.3599567051932202,0.0,0.0,0.0,0.0,,,,,,,,,,
telesat,isl_p0.02,topological_scheme_req_1p,5,552.0,0.0,1.0,0.0,,,1.180316247507278,0.001359376768320242,1.1801636384311414,0.0013605473824328915,1.0001336337122186,3.9804609087984226e-05,63.693333035282,0.1454405077733156,6.616193944214418,0.04538033522285902,22.191707002381204,0.3451686758405703,0.7223731884057971,0.0016977740536203928,1.0,0.0,0.0,0.0,10.683333333333334,0.0,12.0,0.0,12.0,0.0,7.0,0.0,163.68333333333334,0.0,163.68333333333334,0.0,48.0,0.0,0.0,0.0,24.0,0.0,7.383333333333335,0.0,13.063333333333333,2.24602628167071,0.0,0.0,0.04732242020377614,0.0,5436.526147921881,1914.5623274506747,0.0,0.0,25.919999999999998,5.848029799072883,0.0,0.0,2.8933333333333335,0.29502029881198194,9455.343333333334,1606.8099559274822,,,350.78999999999996,0.5138725175241903,195.23,24.886488632333986,68.15666666666667,17.546078094049644,157.4,38.5614278905748,966.7299999999999,181.11356197985887,1475.0966666666668,173.5827293816453,14.0,3.1651269800752067,54446.653333333335,2532.9158894286725,195.23,24.886488632333986,1974.5050750672817,681.8855404435917,688.9366666666667,2.246026281670726,,,,,,,,,1.122429170623615,0.1907419225934808,2.447894123556374,0.25564322275386503,8.8,1.3599567051932202,0.0,0.0,0.0,0.0,,,,,,,,,,
telesat,isl_p0.05,topological_scheme_asc_1p,5,552.0,0.0,1.0,0.0,,,1.276212583644203,0.008111546483616767,1.2756567689474014,0.008099486292735669,1.0003470287809415,7.315939324596052e-05,72.24365131824914,0.44066527289610957,14.187996175303159,0.3570872809642107,49.842355743456224,0.8257246363616487,0.7853442028985508,0.0025186243029993016,1.0,0.0,0.0,0.0,6.0,0.0,6.0,0.0,6.0,0.0,6.0,0.0,138.0,0.0,138.0,0.0,24.0,0.0,0.0,0.0,24.0,0.0,3.75,0.0,34.47666666666667,6.513035426745693,0.0,0.0,0.03476749239461104,0.0,7143.685069680214,787.7649638881203,0.0,0.0,61.25333333333333,10.706144655651409,0.0,0.0,7.2,0.6901336746521568,24064.64,5127.054712328981,,,350.98,0.055520000000012615,320.02666666666664,21.356588090439704,202.11666666666665,23.967325697494445,228.4,23.88973408307426,1198.3866666666668,228.8190118450964,2841.81,380.4105424379025,22.2,2.0399350577898305,73844.37666666666,5675.042278407391,320.1166666666667,21.486391432139342,3267.2518623868627,457.4101061481516,667.5233333333333,6.513035426745724,,,,,,,,,2.85667616334283,0.6086247284341144,1.3827455804660551,0.1596351623693915,5.8,0.5551999999999999,0.0,0.0,0.0,0.0,,,,,,,,,,
telesat,isl_p0.05,topological_scheme_req_1p,5,552.0,0.0,1.0,0.0,,,1.1879170324047257,0.005017930298213861,1.187611988017172,0.005099167160558242,1.000265858616052,0.00010540684671742735,64.6216885759615,0.3448434857077721,6.904787566568397,0.1661714459938706,24.211390515146977,0.7118463421936152,0.7189311594202898,0.002575224709671849,1.0,0.0,0.0,0.0,10.683333333333334,0.0,12.0,0.0,12.0,0.0,7.0,0.0,163.68333333333334,0.0,163.68333333333334,0.0,48.0,0.0,0.0,0.0,24.0,0.0,7.383333333333335,0.0,34.47666666666667,6.513035426745693,0.0,0.0,0.04732242020377614,0.0,5563.264012734095,601.1201094736658,0.0,0.0,78.83,20.040311468087406,0.0,0.0,7.2,0.6901336746521568,24064.64,5127.054712328981,,,350.98,0.055520000000012615,320.02666666666664,21.356588090439704,174.45333333333332,37.672601442418184,228.4,23.88973408307426,2444.1866666666665,591.0562464456692,2841.81,380.4105424379025,22.2,2.0399350577898305,73844.37666666666,5675.042278407391,320.1166666666667,21.486391432139342,2522.562869936228,363.5186227184741,667.5233333333333,6.513035426745724,,,,,,,,,2.85667616334283,0.6086247284341144,1.3827455804660551,0.1596351623693915,5.8,0.5551999999999999,0.0,0.0,0.0,0.0,,,,,,,,,,
telesat,isl_p0.10,topological_scheme_asc_1p,5,552.0,0.0,1.0,0.0,,,1.2955252046431924,0.013166647120591794,1.2948445677498763,0.013031982795976081,1.0004313941001168,8.931385613394838e-05,74.87219224552878,1.1111780117856342,15.474001613783775,0.5940879874457214,52.96753280966219,1.7199755171363023,0.7916304347826086,0.002149593106326401,1.0,0.0,0.0,0.0,6.0,0.0,6.0,0.0,6.0,0.0,6.0,0.0,138.0,0.0,138.0,0.0,24.0,0.0,0.0,0.0,24.0,0.0,3.75,0.0,70.52666666666667,4.876221332575732,0.0,0.0,0.03476749239461104,0.0,6777.7229124804335,1428.4156932143283,0.0,0.0,159.29000000000002,16.27814014063168,0.0,0.0,15.293333333333333,1.1537574614372903,45537.53333333334,4328.275878663867,,,350.99666666666667,0.009253333333324917,350.18,0.794171073202197,360.55333333333334,48.22689707385013,303.6,18.216144997227044,2336.07,237.29644693117365,4680.543333333333,400.17590071816346,33.0,2.9114933625203405,95766.50333333333,2382.799572641844,350.1833333333333,0.7984184388875095,3810.1509872575602,845.6081279818943,631.4733333333334,4.876221332575743,,,,,,,,,5.405690091801203,0.5138029295659857,0.8216083720326367,0.045152513787131664,4.0,0.0,0.0,0.0,0.0,0.0,,,,,,,,,,
telesat,isl_p0.10,topological_scheme_req_1p,5,552.0,0.0,1.0,0.0,,,1.199660020664372,0.004431041693806382,1.1991846622225855,0.004374571965331318,1.0004192320869254,7.928790855585792e-05,66.47937807545165,0.5279279966598376,7.444126259541035,0.20367039515825977,27.405084467762528,1.2263827858512166,0.7170954106280194,0.0028112133943267933,1.0,0.0,0.0,0.0,10.683333333333334,0.0,12.0,0.0,12.0,0.0,7.0,0.0,163.68333333333334,0.0,163.68333333333334,0.0,48.0,0.0,0.0,0.0,24.0,0.0,7.383333333333335,0.0,70.52666666666667,4.876221332575732,0.0,0.0,0.04732242020377614,0.0,5512.665881862244,1244.0928733019553,0.0,0.0,196.20333333333332,17.223834122729148,0.0,0.0,15.293333333333333,1.1537574614372903,45537.53333333334,4328.275878663867,,,350.99666666666667,0.009253333333324917,350.18,0.794171073202197,337.8166666666667,24.719453455518707,303.6,18.216144997227044,4860.126666666666,339.77282290442713,4680.543333333333,400.17590071816346,33.0,2.9114933625203405,95766.50333333333,2382.799572641844,350.1833333333333,0.7984184388875095,3055.132085035245,623.238930420573,631.4733333333334,4.876221332575743,,,,,,,,,5.405690091801203,0.5138029295659857,0.8216083720326367,0.045152513787131664,4.0,0.0,0.0,0.0,0.0,0.0,,,,,,,,,,
telesat,isl_p0.20,topological_scheme_asc_1p,5,550.9166666666666,1.8530940747241569,0.9979062943036165,0.003594757461836347,,,1.3615519215980494,0.01733768725931232,1.361151247978928,0.017368594274047324,1.0002737439785392,8.102810768345168e-05,82.35974395078156,1.8199380973517092,19.594275528649174,1.0269057001476511,63.61273023108995,2.4963278827705917,0.802497810701934,0.00812472685358306,1.0,0.0,0.0,0.0,6.0,0.0,6.0,0.0,6.0,0.0,6.0,0.0,138.0,0.0,138.0,0.0,24.0,0.0,0.0,0.0,24.0,0.0,3.75,0.0,141.78333333333333,4.8335050395247485,0.0,0.0,0.03476749239461104,0.0,5979.827220936616,1237.4461066014817,0.0,0.0,442.76000000000005,17.577878822019443,0.0,0.0,31.023333333333333,0.4742276910233452,78847.67666666667,1338.5776797823157,,,350.1766666666666,0.5344951535379596,350.1766666666666,0.5344951535379596,695.7033333333333,65.20512757815023,344.4,5.2377463245178255,4352.01,216.237995841937,7502.786666666667,127.92343231616918,45.8,2.0399350577898305,115212.07333333333,567.5467967809188,351.0,0.0,4088.6633501946926,846.2826984609941,560.2166666666666,4.83350503952474,,,,,,,,,9.3598856441912,0.15890048430464274,0.4188686975084376,0.01882886417964721,2.8,0.5551999999999999,0.0,0.0,0.0,0.0,0.0,0.0,1.0,0.0,0.0,0.0,0.0,0.0,0.0,0.0
telesat,isl_p0.20,topological_scheme_req_1p,5,550.3066666666666,1.1331650286010408,0.997467340609018,0.0016835770862886157,,,1.2513696116014406,0.011404793702611795,1.2508725159187126,0.011487326476728935,1.0004247730081584,8.635950511987676e-05,72.08064461236926,0.9282985183059653,9.577765038343799,0.4490027197175565,37.97638482211527,2.147712316043202,0.7157104119629127,0.003406524178178308,1.0,0.0,0.0,0.0,10.683333333333334,0.0,12.0,0.0,12.0,0.0,7.0,0.0,163.68333333333334,0.0,163.68333333333334,0.0,48.0,0.0,0.0,0.0,24.0,0.0,7.383333333333335,0.0,141.78333333333333,4.8335050395247485,0.0,0.0,0.04732242020377614,0.0,6534.256000022093,1497.3538567875546,0.0,0.0,500.0133333333333,29.798195279240172,0.0,0.0,31.023333333333333,0.4742276910233452,78847.67666666667,1338.5776797823157,,,350.1766666666666,0.5344951535379596,350.1766666666666,0.5344951535379596,644.8266666666666,43.10760601787939,344.4,5.2377463245178255,8828.143333333333,328.0475103679313,7502.786666666667,127.92343231616918,45.8,2.0399350577898305,115212.07333333333,567.5467967809188,351.0,0.0,4399.495176325241,1014.6422445428798,560.2166666666666,4.83350503952474,,,,,,,,,9.3598856441912,0.15890048430464274,0.4188686975084376,0.01882886417964721,2.8,0.5551999999999999,0.0,0.0,0.0,0.0,0.0,0.0,1.0,0.0,0.0,0.0,0.0,0.0,0.0,0.0
telesat,sat_p0.005,topological_scheme_asc_1p,5,552.0,0.0,1.0,0.0,,,1.2587029592614571,0.003230780750420636,1.2585967946419245,0.0031351501327809106,1.0000733972608482,8.219785577243212e-05,70.31280720835234,0.3676016667280536,13.111185644349192,0.18398858939485566,46.60375596154198,0.47522247854994326,0.7803321256038648,0.0031193451208264182,1.0,0.0,0.0,0.0,5.973333333333334,0.037587217685448905,5.973333333333334,0.037587217685448905,5.973333333333334,0.037587217685448905,5.973333333333334,0.037587217685448905,137.38666666666668,0.8645060067653293,137.38666666666668,0.8645060067653293,24.0,0.0,0.0,0.0,24.0,0.0,3.75,0.014630804641045648,6.626666666666667,4.192321698936971,1.6566666666666667,1.0480804247342428,0.034612970206190544,0.0002178022175022418,3605.810049275557,1041.4976147518328,0.0,0.0,4.483333333333333,5.163347562709035,0.0,0.0,0.10666666666666666,0.04290594157249345,1818.8833333333332,1152.7421407876298,,,271.73333333333335,91.35458484243324,55.11333333333333,31.80577224404679,20.566666666666666,24.84604863851706,32.4,6.6043134510712,100.94,120.6676875391615,455.04333333333335,232.61522077869049,5.8,1.038684090568446,43632.426666666666,2622.7885352524872,304.2,99.71167297579555,1716.9521861771743,455.892045628724,695.3733333333333,4.192321698936953,,,,,,,,,0.2159168249446027,0.13684023513623336,5.431973243571331,0.8145900383973165,17.0,0.877848278462742,0.0,0.0,0.0,0.0,,,,,,,,,,
telesat,sat_p0.005,topological_scheme_req_1p,5,552.0,0.0,1.0,0.0,,,1.1773376786920269,0.0008942466214451267,1.1772980658945564,0.0008798726400371981,1.000033121423073,1.178466778388019e-05,63.30425887839012,0.08307754843734211,6.499303485812507,0.028077969536292442,21.46478710608901,0.2322364948566993,0.7226207729468599,0.0023095037615142614,1.0,0.0,0.0,0.0,10.669999999999998,0.009253333333333794,11.966666666666665,0.032715473742897475,11.966666666666665,0.032715473742897475,6.996666666666667,0.0092533333333333,163.62,0.1137068636646291,163.62,0.1137068636646291,48.0,0.0,0.0,0.0,24.0,0.0,7.383333333333333,0.02069108235179853,6.626666666666667,4.192321698936971,1.6566666666666667,1.0480804247342428,0.04724515910956589,0.00010031233672011582,3386.057166506847,356.47758451163236,0.0,0.0,5.916666666666667,4.8115998699439295,0.0,0.0,0.10666666666666666,0.04290594157249345,1818.8833333333332,1152.7421407876298,,,271.73333333333335,91.35458484243324,55.11333333333333,31.80577224404679,11.41,8.776075687245788,32.4,6.6043134510712,181.59666666666666,140.93612038917234,455.04333333333335,232.61522077869049,5.8,1.038684090568446,43632.426666666666,2622.7885352524872,304.2,99.71167297579555,1557.284014870723,193.00965848045462,695.3733333333333,4.192321698936953,,,,,,,,,0.2159168249446027,0.13684023513623336,5.431973243571331,0.8145900383973165,17.0,0.877848278462742,0.0,0.0,0.0,0.0,,,,,,,,,,
telesat,sat_p0.01,topological_scheme_asc_1p,5,552.0,0.0,1.0,0.0,,,1.259168558433058,0.00230605046964519,1.258936946880368,0.002268151801188314,1.0001491881591007,8.463910820529265e-05,70.54695521361246,0.1762693246365968,13.194810860568941,0.14751554502749298,47.02801425945397,0.9194343951172312,0.7794746376811594,0.0036704895932285326,1.0,0.0,0.0,0.0,5.973333333333334,0.02359146361622253,5.973333333333334,0.02359146361622253,5.973333333333334,0.02359146361622253,5.973333333333334,0.02359146361622253,137.38666666666666,0.5426036631731265,137.38666666666666,0.5426036631731265,24.0,0.0,0.0,0.0,24.0,0.0,3.75,0.04852488937533883,18.243333333333332,6.885307029177743,4.573333333333333,1.7292596059328715,0.034612970206190544,0.00013670267197579637,4444.711174021164,1181.8474192321908,0.0,0.0,10.986666666666666,4.516261840573708,0.0,0.0,0.24,0.07545864975085508,5074.0,1949.1034447633926,,,342.9166666666667,3.3111227375485703,135.88666666666666,46.18242489214268,39.973333333333336,14.178960295900087,59.8,39.272306586703046,225.92666666666665,71.68096712278371,1020.7533333333333,286.51069544174925,10.8,3.866520585746311,51051.276666666665,4356.563020424378,351.0,0.0,1785.6784623364608,420.3691319572216,683.7566666666667,6.885307029177721,,,,,,,,,0.6023266856600189,0.23137505279717388,3.6841198121054526,0.8134513783293771,12.4,4.26457211921665,0.0,0.0,0.0,0.0,,,,,,,,,,
telesat,sat_p0.01,topological_scheme_req_1p,5,552.0,0.0,1.0,0.0,,,1.177742917672092,0.0008736124214404962,1.177660875310278,0.0008895523730931453,1.0000699367834371,2.8189720197913633e-05,63.53911634164628,0.17785364394059827,6.524546765518525,0.011332363913449453,21.96105285292928,0.2855266326107324,0.7193840579710145,0.003870830903874734,1.0,0.0,0.0,0.0,10.596666666666668,0.04718292723244472,11.936666666666667,0.06924560603789626,11.936666666666667,0.06924560603789626,6.923333333333334,0.03137958005525946,162.09333333333333,0.6147724137525203,162.09333333333333,0.6147724137525203,48.0,0.0,0.0,0.0,24.0,0.0,7.413333333333332,0.12011525280144732,18.243333333333332,6.885307029177743,4.573333333333333,1.7292596059328715,0.04701337582693515,0.0002599287128144804,4612.847808748484,996.4795646867021,0.0,0.0,15.796666666666667,6.270258314806496,0.0,0.0,0.24,0.07545864975085508,5074.0,1949.1034447633926,,,342.9166666666667,3.3111227375485703,135.88666666666666,46.18242489214268,30.74,11.876353236047578,59.8,39.272306586703046,484.61,164.90756781916562,1020.7533333333333,286.51069544174925,10.8,3.866520585746311,51051.276666666665,4356.563020424378,351.0,0.0,1787.5228049357731,350.4190218706143,683.7566666666667,6.885307029177721,,,,,,,,,0.6023266856600189,0.23137505279717388,3.6841198121054526,0.8134513783293771,12.4,4.26457211921665,0.0,0.0,0.0,0.0,,,,,,,,,,
telesat,sat_p0.02,topological_scheme_asc_1p,5,552.0,0.0,1.0,0.0,,,1.2614024065594673,0.004207770751051448,1.261156755513837,0.004090879498434931,1.000163878978406,0.00011313232237770923,70.91504352971205,0.5852114623507186,13.36541425579998,0.3145247138756437,47.855764392860685,1.3792197491439582,0.7753019323671497,0.00458300364283668,1.0,0.0,0.0,0.0,5.923333333333334,0.05778704814517963,5.923333333333334,0.05778704814517963,5.923333333333334,0.05778704814517963,5.923333333333334,0.05778704814517963,136.23666666666665,1.329102107339141,136.23666666666665,1.329102107339141,24.0,0.0,0.0,0.0,24.0,0.0,3.7566666666666664,0.011332972543276795,25.356666666666666,14.684500649620709,6.39,3.701639837309345,0.03432324110290212,0.0003348517928157621,4401.921262542406,954.1347227638413,0.0,0.0,23.67666666666667,18.047502877087698,0.0,0.0,0.29333333333333333,0.1467463141312623,7153.173333333334,4313.094634666562,,,335.56,20.513299120214114,192.08333333333334,107.07218088666065,67.43666666666667,43.511903295894655,94.2,57.727452303388546,408.20666666666665,254.27010193460686,1272.7833333333333,604.8719868320818,13.2,5.510202667779108,54568.490000000005,8566.553833765278,351.0,0.0,1824.7621006766956,358.4653304864656,676.6433333333333,14.684500649620695,,,,,,,,,0.8491421335865781,0.5120007875909975,3.1849591501589805,1.1412403789699772,11.2,4.678198354067513,0.0,0.0,0.0,0.0,,,,,,,,,,
telesat,sat_p0.02,topological_scheme_req_1p,5,552.0,0.0,1.0,0.0,,,1.1784394039909973,0.001968793242022983,1.1782808635034396,0.0019473411097092144,1.0001354811662455,5.993013080902687e-05,63.740849334312905,0.3964310347907421,6.5476532485772,0.06037099478585087,22.24444051236842,0.6555923842643966,0.7165942028985507,0.005776745740555278,1.0,0.0,0.0,0.0,10.576666666666668,0.05395574153363498,11.876666666666667,0.07256643117401718,11.876666666666667,0.07256643117401718,6.906666666666666,0.06955405124393876,161.51,1.5481437828143418,161.51,1.5481437828143418,48.0,0.0,0.0,0.0,24.0,0.0,7.416666666666667,0.04138216470359596,25.356666666666666,14.684500649620709,6.39,3.701639837309345,0.04685885363851466,0.0004012493468804644,4951.990659733614,633.7173448985634,0.0,0.0,25.610000000000003,19.516717965040467,0.0,0.0,0.29333333333333333,0.1467463141312623,7153.173333333334,4313.094634666562,,,335.56,20.513299120214114,192.08333333333334,107.07218088666065,48.77333333333333,30.58410607882321,94.2,57.727452303388546,741.11,477.80578824804144,1272.7833333333333,604.8719868320818,13.2,5.510202667779108,54568.490000000005,8566.553833765278,351.0,0.0,2010.1356027523677,232.33595174967354,676.6433333333333,14.684500649620695,,,,,,,,,0.8491421335865781,0.5120007875909975,3.1849591501589805,1.1412403789699772,11.2,4.678198354067513,0.0,0.0,0.0,0.0,,,,,,,,,,
telesat,sat_p0.05,topological_scheme_asc_1p,5,552.0,0.0,1.0,0.0,,,1.2665732450331464,0.007130121077638331,1.266058384457974,0.007024320101844176,1.0003393035754755,8.584659272119702e-05,71.8874905157967,0.821264107686186,13.775859855790781,0.426198959741085,48.91158753241833,0.9717134400997715,0.7732427536231884,0.004990309166734426,1.0,0.0,0.0,0.0,5.916666666666666,0.07878929425301978,5.916666666666666,0.07878929425301978,5.916666666666666,0.07878929425301978,5.916666666666666,0.07878929425301978,136.08333333333334,1.8121537678194397,136.08333333333334,1.8121537678194397,24.0,0.0,0.0,0.0,24.0,0.0,3.8233333333333333,0.09089957731230404,54.20333333333333,15.757739307772965,13.809999999999999,4.020639884374404,0.034284610555797,0.00045655103145310577,4856.279672334591,280.9905168578002,0.0,0.0,38.78,13.989707321891252,0.0,0.0,0.8200000000000001,0.16383888345973718,13334.856666666668,3533.7425105648304,,,337.19,4.020639884374396,261.93333333333334,36.041982780480375,123.7,33.93308172173907,151.4,38.61135595857778,678.14,222.06085904068084,2167.63,480.4254748455125,20.6,3.116052271705338,68948.89,7127.149205945351,351.0,0.0,2119.7191842893762,83.79473815957739,647.7966666666667,15.757739307773,,,,,,,,,1.582960193099082,0.41948510334340333,1.9957107982149207,0.5177048156717359,7.8,1.6186722460090552,0.0,0.0,0.0,0.0,,,,,,,,,,
telesat,sat_p0.05,topological_scheme_req_1p,5,552.0,0.0,1.0,0.0,,,1.1783913330382638,0.0016975038838318915,1.178131037699855,0.001651031026812402,1.0002274190351714,6.89793583143669e-05,64.28242865517288,0.3123877893936118,6.570719509299475,0.07791882289687314,23.176155477120545,0.6546013807973478,0.7081219806763285,0.0040203061837681235,1.0,0.0,0.0,0.0,10.523333333333333,0.11850048588742389,11.816666666666666,0.12414649411078787,11.816666666666666,0.12414649411078787,6.8566666666666665,0.05778704814518015,160.48,1.191256609803282,160.48,1.191256609803282,48.0,0.0,0.0,0.0,24.0,0.0,7.6033333333333335,0.12534766301061318,54.20333333333333,15.757739307772965,13.809999999999999,4.020639884374404,0.046414602346805736,0.0003454175292422545,4510.280206799507,629.092511127955,0.0,0.0,50.233333333333334,18.10168182045218,0.0,0.0,0.8200000000000001,0.16383888345973718,13334.856666666668,3533.7425105648304,,,337.19,4.020639884374396,261.93333333333334,36.041982780480375,95.87,24.822794935573054,151.4,38.61135595857778,1379.6799999999998,399.86528310879584,2167.63,480.4254748455125,20.6,3.116052271705338,68948.89,7127.149205945351,351.0,0.0,1937.0201032360394,320.4695098737922,647.7966666666667,15.757739307773,,,,,,,,,1.582960193099082,0.41948510334340333,1.9957107982149207,0.5177048156717359,7.8,1.6186722460090552,0.0,0.0,0.0,0.0,,,,,,,,,,
telesat,void_b2,topological_scheme_asc_1p,5,552.0,0.0,1.0,0.0,,,1.256634789275481,0.002413140841275432,1.2565317070003763,0.0023052383951658087,1.0000710425465091,7.524431247310753e-05,70.36362786907611,0.49428350687046363,13.02737053867781,0.19483009691793243,46.62958595730336,0.761141592079089,0.7777415458937198,0.00535260904511208,1.0,0.0,0.0,0.0,5.970000000000001,0.042404100430657884,5.970000000000001,0.042404100430657884,5.970000000000001,0.042404100430657884,5.970000000000001,0.042404100430657884,137.31,0.975294309905131,137.31,0.975294309905131,24.0,0.0,0.0,0.0,24.0,0.0,3.753333333333333,0.02266594508655359,12.0,0.0,4.0,0.0,0.03459365493263798,0.0002457140398705385,2761.2701932092505,816.8948556801605,0.0,0.0,3.9466666666666668,3.4291497515921407,0.0,0.0,0.06666666666666667,0.0,2003.8533333333332,110.10468330598115,,,251.21666666666664,8.184205859472398,59.55,2.6406474542766554,14.483333333333334,18.984950368167354,34.0,9.931719528863065,85.67999999999999,93.6363557495684,379.9733333333333,8.942373649431358,5.6,1.1103999999999998,45276.11666666667,370.075479574411,351.0,0.0,1479.1784496108692,416.68461606745564,690.0,0.0,,,,,,,,,0.23787432731877173,0.013070356517804025,5.439060415210293,0.04350112254405242,16.2,0.5551999999999999,0.0,0.0,0.0,0.0,,,,,,,,,,
telesat,void_b2,topological_scheme_req_1p,5,552.0,0.0,1.0,0.0,,,1.1768152746062146,0.0009330380550237947,1.1767720816407239,0.0009369854887691869,1.0000367369226126,1.9535840955340763e-05,63.40678819773858,0.09605872274185658,6.451742650554598,0.03652151093011046,21.643127171618396,0.27252702382642513,0.7208756038647344,0.002480258173554144,1.0,0.0,0.0,0.0,10.613333333333333,0.06275916011051892,11.92,0.03980009156885075,11.92,0.03980009156885075,6.953333333333333,0.02697787076681749,162.58666666666667,0.5719877474989166,162.58666666666667,0.5719877474989166,48.0,0.0,0.0,0.0,24.0,0.0,7.4333333333333345,0.05852321856418259,12.0,0.0,4.0,0.0,0.047013375826935155,0.0002144767975276468,3047.6047121981783,386.489009936948,0.0,0.0,5.546666666666667,1.363995948250743,0.0,0.0,0.06666666666666667,0.0,2003.8533333333332,110.10468330598115,,,251.21666666666664,8.184205859472398,59.55,2.6406474542766554,9.266666666666667,5.457250906291758,34.0,9.931719528863065,175.51,20.25180102416792,379.9733333333333,8.942373649431358,5.6,1.1103999999999998,45276.11666666667,370.075479574411,351.0,0.0,1574.9002861976624,199.4761817324825,690.0,0.0,,,,,,,,,0.23787432731877173,0.013070356517804025,5.439060415210293,0.04350112254405242,16.2,0.5551999999999999,0.0,0.0,0.0,0.0,,,,,,,,,,
telesat,void_b4,topological_scheme_asc_1p,5,552.0,0.0,1.0,0.0,,,1.260990973663073,0.009082313645315115,1.2608633475807174,0.00904982553866545,1.0000915549021971,5.1000257200267845e-05,70.86020251084884,0.6822083164789313,13.234961112758294,0.41177757940859366,47.882950740659034,2.269911928036721,0.7765700483091788,0.007680850490931561,1.0,0.0,0.0,0.0,5.956666666666666,0.06477333333333359,5.956666666666666,0.06477333333333359,5.956666666666666,0.06477333333333359,5.956666666666666,0.06477333333333359,137.00333333333333,1.4897866666666641,137.00333333333333,1.4897866666666641,24.0,0.0,0.0,0.0,24.0,0.0,3.7866666666666666,0.08581188314498688,40.0,0.0,16.0,0.0,0.034516393838427736,0.00037533439567338095,3071.684069981178,250.39802774931184,0.0,0.0,5.886666666666667,3.1478134533460946,0.0,0.0,0.26666666666666666,0.0,3244.0566666666664,213.48968359708792,,,218.04000000000002,6.555785859074738,90.99333333333333,10.219610234307156,18.903333333333332,14.658871790669597,52.8,7.571918478166547,125.37666666666667,63.91363408715302,541.86,24.730364734387173,10.6,1.4154878169733571,53940.380000000005,1479.6859662055351,351.0,0.0,1765.752643396457,145.0619583316946,662.0,0.0,,,,,,,,,0.3850969452358341,0.02534302986670084,3.906218745762499,0.051393209576392346,14.0,0.0,0.0,0.0,0.0,0.0,,,,,,,,,,
telesat,void_b4,topological_scheme_req_1p,5,552.0,0.0,1.0,0.0,,,1.1820669636744088,0.008198479944112387,1.182013290481288,0.008183080694290268,1.000044550950736,3.7361509635081075e-05,64.01015719193258,0.779863426926358,6.466391951706309,0.12641913839833957,23.71866770059512,2.577621714501229,0.710006038647343,0.013321343954799461,1.0,0.0,0.0,0.0,10.543333333333333,0.11759381238445833,11.793333333333333,0.17348457709228493,11.793333333333333,0.17348457709228493,6.9,0.09923094499421263,161.56666666666666,2.392975334041985,161.56666666666666,2.392975334041985,48.0,0.0,0.0,0.0,24.0,0.0,7.506666666666666,0.12293358929835924,40.0,0.0,16.0,0.0,0.04649186344101598,0.0008418385063009614,3054.6820652484894,496.34909935294314,0.0,0.0,7.556666666666667,1.9173947191842253,0.0,0.0,0.26666666666666666,0.0,3244.0566666666664,213.48968359708792,,,218.04000000000002,6.555785859074738,90.99333333333333,10.219610234307156,13.643333333333334,10.949166736628356,52.8,7.571918478166547,353.79333333333335,95.1860951600474,541.86,24.730364734387173,10.6,1.4154878169733571,53940.380000000005,1479.6859662055351,351.0,0.0,1706.8338809907436,263.9149907476519,662.0,0.0,,,,,,,,,0.3850969452358341,0.02534302986670084,3.906218745762499,0.051393209576392346,14.0,0.0,0.0,0.0,0.0,0.0,,,,,,,,,,
telesat,void_b8,topological_scheme_asc_1p,5,552.0,0.0,1.0,0.0,,,1.3248936450682254,0.07343199217075494,1.3246805086644424,0.07335363628284006,1.0001425475991652,0.00012238059089053177,76.60215691317046,5.5651924115547775,15.255099498392678,3.4531560247055952,58.267292763621455,9.716404332966267,0.7697644927536232,0.02806304341187688,1.0,0.0,0.0,0.0,5.836666666666667,0.23381838574224903,5.836666666666667,0.23381838574224903,5.836666666666667,0.23381838574224903,5.836666666666667,0.23381838574224903,134.24333333333334,5.377822872071718,134.24333333333334,5.377822872071718,24.0,0.0,0.0,0.0,24.0,0.0,3.8266666666666667,0.44125885857018976,144.0,0.0,64.0,0.0,0.03382104399053552,0.0013548798246689772,2622.442050923904,473.7618485074122,0.0,0.0,8.726666666666667,2.5120968011780294,0.0,0.0,1.0666666666666667,0.0,2480.063333333333,347.4701919724813,,,132.70333333333332,8.792960220095264,79.65,11.483066039037174,31.01666666666667,31.917203440763895,49.0,7.949254254331031,205.63000000000002,111.50547853107366,483.1433333333333,37.404843427732146,12.0,1.520477819634341,75320.27666666666,374.908350008108,351.0,0.0,1737.36651673913,285.60500845228756,558.0,0.0,,,,,,,,,0.2944044792655903,0.04124764861971525,1.828894242208812,0.05438055969406166,7.6,0.6799783525966101,0.0,0.0,0.0,0.0,,,,,,,,,,
telesat,void_b8,topological_scheme_req_1p,5,552.0,0.0,1.0,0.0,,,1.191840855469614,0.009986173371250262,1.191760480404317,0.009955014203822879,1.000062178403772,4.0341938366116654e-05,65.97504310083988,0.598896115322449,5.7438505736760375,0.36557629657595164,35.545949408850404,1.5474889489276369,0.6534480676328502,0.007329716425197687,1.0,0.0,0.0,0.0,9.926666666666666,0.12293358929835939,10.746666666666666,0.2675477763357831,10.746666666666666,0.2675477763357831,6.5200000000000005,0.053557538736909244,152.80333333333334,1.4395849356131971,152.80333333333334,1.4395849356131971,48.0,0.0,0.0,0.0,24.0,0.0,8.633333333333335,0.34591875989088017,144.0,0.0,64.0,0.0,0.04253223236274084,0.0008069644972635996,2648.8801185786724,353.76007498515423,0.0,0.0,1.77,1.3751711131346527,0.0,0.0,1.0666666666666667,0.0,2480.063333333333,347.4701919724813,,,132.70333333333332,8.792960220095264,79.65,11.483066039037174,3.8566666666666665,4.323733251593272,49.0,7.949254254331031,344.25333333333333,121.05524966107814,483.1433333333333,37.404843427732146,12.0,1.520477819634341,75320.27666666666,374.908350008108,351.0,0.0,1710.7280593613784,196.41798633848472,558.0,0.0,,,,,,,,,0.2944044792655903,0.04124764861971525,1.828894242208812,0.05438055969406166,7.6,0.6799783525966101,0.0,0.0,0.0,0.0,,,,,,,,,,
telesat,cut,topological_scheme_asc_1p,1,552.0,,0.5163647342995169,,,,1.2131724367851913,,1.2131676568306078,,1.000003619259729,,53.77675303259692,,7.167270029442602,,19.40328245524506,,0.6832534206525552,,1.0,,0.0,,6.0,,6.0,,6.0,,6.0,,138.0,,138.0,,24.0,,0.0,,24.0,,3.75,,26.0,,0.0,,0.03476749239461104,,3559.7998447716236,,0.0,,49.483333333333334,,0.0,,0.43333333333333335,,0.0,,,,0.0,,0.0,,0.0,,0.0,,0.0,,0.0,,0.0,,87585.78333333334,,351.0,,3098.4798108537993,,676.0,,,,,,,,,,0.0,,,,0.0,,0.0,,0.0,,0.0,,1.0,,0.0,,0.0,,0.0,
telesat,cut,topological_scheme_req_1p,1,552.0,,0.9648248792270532,,,,1.2283892960558875,,1.2283773772453643,,1.000005042293974,,71.93876563012503,,8.341873305671356,,30.387809758610054,,0.7333750586762635,,1.0,,0.0,,10.683333333333334,,12.0,,12.0,,7.0,,163.88333333333333,,163.88333333333333,,48.0,,0.0,,24.0,,7.383333333333334,,26.0,,0.0,,0.04732242020377614,,4710.088397065799,,0.0,,59.06666666666667,,0.0,,0.43333333333333335,,0.0,,,,0.0,,0.0,,0.0,,0.0,,0.0,,0.0,,0.0,,87585.78333333334,,351.0,,4016.905943801006,,676.0,,,,,,,,,,0.0,,,,0.0,,0.0,,0.0,,0.0,,1.0,,0.0,,0.0,,0.0,
telesat,polar_lat75,topological_scheme_asc_1p,1,552.0,,1.0,,,,1.2523723939716036,,1.252366529756203,,1.000004063647476,,70.04612588767208,,12.739953182029748,,46.158233975218735,,0.778804347826087,,1.0,,0.0,,6.0,,6.0,,6.0,,6.0,,138.0,,138.0,,24.0,,0.0,,24.0,,3.75,,72.81666666666666,,0.0,,0.03476749239461104,,6560.431305567424,,0.0,,53.983333333333334,,0.0,,14.383333333333333,,27225.866666666665,,,,351.0,,249.26666666666668,,0.65,,110.0,,200.06666666666666,,903.6166666666667,,27.0,,78494.55,,249.26666666666668,,3367.646791537603,,629.1833333333333,,,,,,,,,,3.231940487496043,,1.3950985337473187,,3.0,,0.0,,0.0,,,,,,,,,,,
telesat,polar_lat75,topological_scheme_req_1p,1,552.0,,1.0,,,,1.180138776867657,,1.178762948084586,,1.0012095664677596,,63.69808167135446,,6.742269722761638,,21.764005082095593,,0.7271739130434782,,1.0,,0.0,,10.683333333333334,,12.0,,12.0,,7.0,,163.68333333333334,,163.68333333333334,,48.0,,0.0,,24.0,,7.383333333333334,,72.81666666666666,,0.0,,0.04732242020377614,,4153.705315788587,,0.0,,0.21666666666666667,,0.0,,14.383333333333333,,27225.866666666665,,,,351.0,,249.26666666666668,,0.0,,110.0,,404.96666666666664,,903.6166666666667,,27.0,,78494.55,,249.26666666666668,,2129.6568791071572,,629.1833333333333,,,,,,,,,,3.231940487496043,,1.3950985337473187,,3.0,,0.0,,0.0,,,,,,,,,,,
telesat,polar_lat60,topological_scheme_asc_1p,1,552.0,,1.0,,,,1.2549526283969463,,1.2549467862055004,,1.000004063647476,,70.86069482281127,,12.873393629187014,,46.55264330599635,,0.7698369565217391,,1.0,,0.0,,6.0,,6.0,,6.0,,6.0,,138.0,,138.0,,24.0,,0.0,,24.0,,3.75,,137.61666666666667,,0.0,,0.03476749239461104,,4687.177226692438,,0.0,,201.01666666666668,,0.0,,15.283333333333333,,54171.316666666666,,,,351.0,,350.6333333333333,,51.96666666666667,,191.0,,1068.7333333333333,,1049.9166666666667,,27.0,,102024.16666666667,,350.6333333333333,,2970.779943962892,,564.3833333333333,,,,,,,,,,6.430593146565369,,0.867847037131274,,2.0,,0.0,,0.0,,,,,,,,,,,
telesat,polar_lat60,topological_scheme_req_1p,1,552.0,,1.0,,,,1.1869349913674094,,1.1858683154386063,,1.000936834704482,,64.69942441723829,,7.053795178915777,,23.31835936480071,,0.7206823671497584,,1.0,,0.0,,10.683333333333334,,12.0,,12.0,,7.0,,163.68333333333334,,163.68333333333334,,48.0,,0.0,,24.0,,7.383333333333334,,137.61666666666667,,0.0,,0.04732242020377614,,3817.2871224582195,,0.0,,51.68333333333333,,0.0,,15.283333333333333,,54171.316666666666,,,,351.0,,350.6333333333333,,61.18333333333333,,191.0,,2232.7,,1049.9166666666667,,27.0,,102024.16666666667,,350.6333333333333,,2370.3964365025363,,564.3833333333333,,,,,,,,,,6.430593146565369,,0.867847037131274,,2.0,,0.0,,0.0,,,,,,,,,,,
oneweb,none,topological_scheme_asc_1p,1,552.0,,1.0,,,,1.1762669570825226,,1.1762666869447198,,1.0000001873599915,,57.50472695955922,,6.535963565737193,,12.082247078692609,,0.9902475845410628,,1.0,,0.0,,10.95,,10.95,,10.95,,10.95,,251.85,,251.85,,24.0,,0.0,,24.0,,1.7666666666666666,,0.0,,0.0,,0.03787616741611899,,4720.861541728179,,0.0,,0.0,,0.0,,0.0,,0.0,,,,0.0,,0.0,,0.0,,0.0,,0.0,,0.0,,0.0,,133865.35,,0.0,,3909.2896160980067,,1127.0,,,,,,,,,,0.0,,,,0.0,,0.0,,0.0,,,,,,,,,,,
oneweb,none,topological_scheme_req_1p,1,552.0,,1.0,,,,1.1349692143769587,,1.1349689780956842,,1.000000191888117,,55.3805647644947,,3.957264976809224,,12.434868215325157,,0.8771437198067633,,1.0,,0.0,,13.733333333333333,,14.716666666666667,,14.716666666666667,,10.733333333333333,,249.8,,249.8,,48.0,,0.0,,24.0,,5.066666666666666,,0.0,,0.0,,0.0379914677735501,,9426.042350381613,,0.0,,0.0,,0.0,,0.0,,0.0,,,,0.0,,0.0,,0.0,,0.0,,0.0,,0.0,,0.0,,133865.35,,0.0,,7535.607824474573,,1127.0,,,,,,,,,,0.0,,,,0.0,,0.0,,0.0,,,,,,,,,,,
oneweb,isl_p0.01,topological_scheme_asc_1p,5,552.0,0.0,1.0,0.0,,,1.178594520945262,0.0006732044538211536,1.178294433749135,0.000718867434812164,1.000265405605182,7.049995573996105e-05,57.85047133235135,0.08617810960414238,6.670388595359586,0.04326125968393396,12.377535890121516,0.14639077343561638,0.9903381642512077,7.012585246550256e-05,1.0,0.0,0.0,0.0,10.95,0.0,10.95,0.0,10.95,0.0,10.95,0.0,251.85,0.0,251.85,0.0,24.0,0.0,0.0,0.0,24.0,0.0,1.7666666666666664,0.0,11.733333333333333,2.1822962145410045,0.0,0.0,0.03787616741611899,0.0,18586.644946585096,4143.395188425219,0.0,0.0,17.346666666666668,2.983443139163578,0.0,0.0,2.54,0.39220381866802084,27674.333333333332,4647.833751052699,,,587.7166666666667,0.7865333333333122,300.73333333333335,53.23923848813433,246.91,68.26989087854047,267.6,94.60256106131587,1336.1266666666666,292.53240164804953,2651.2233333333334,366.83000508150224,14.0,1.520477819634341,163972.95333333334,5198.865391955128,300.73333333333335,53.23923848813433,7822.088914612929,1662.3621964222825,1115.2666666666667,2.182296214541014,,,,,,,,,1.9610496976568406,0.3293532986857072,3.977506795907627,0.24880607389425433,16.8,3.213452324214566,0.0,0.0,0.0,0.0,,,,,,,,,,
oneweb,isl_p0.01,topological_scheme_req_1p,5,552.0,0.0,1.0,0.0,,,1.1374917789260837,0.0007459793229462064,1.1372679480656176,0.0007798036494895739,1.0001953913446944,5.918633326189688e-05,55.72142352384244,0.0897862649061443,4.081176805926601,0.03766851069351534,13.038520896649255,0.3475903991016237,0.8772282608695653,0.0014812997060382686,1.0,0.0,0.0,0.0,13.73333333333333,0.0,14.716666666666665,0.0,14.716666666666665,0.0,10.733333333333333,0.0,249.8,0.0,249.8,0.0,48.0,0.0,0.0,0.0,24.0,0.0,5.066666666666666,0.0,11.733333333333333,2.1822962145410045,0.0,0.0,0.0379914677735501,0.0,21430.67683423559,2968.763164430523,0.0,0.0,19.123333333333335,3.986688891220103,0.0,0.0,2.54,0.39220381866802084,27674.333333333332,4647.833751052699,,,587.7166666666667,0.7865333333333122,300.73333333333335,53.23923848813433,243.82000000000002,62.75242234835206,267.6,94.60256106131587,2479.3433333333332,495.761876268381,2651.2233333333334,366.83000508150224,14.0,1.520477819634341,163972.95333333334,5198.865391955128,300.73333333333335,53.23923848813433,8889.074027140934,1288.7433659890603,1115.2666666666667,2.182296214541014,,,,,,,,,1.9610496976568406,0.3293532986857072,3.977506795907627,0.24880607389425433,16.8,3.213452324214566,0.0,0.0,0.0,0.0,,,,,,,,,,
oneweb,isl_p0.02,topological_scheme_asc_1p,5,552.0,0.0,1.0,0.0,,,1.1803434378382378,0.0013728971594885442,1.179783749929594,0.0013012894925831925,1.0004899655608543,7.980187632092205e-05,58.123790144129906,0.12998301910014454,6.758573626902475,0.06446045806162902,12.752039475095756,0.36063847015631467,0.9903502415458938,0.00025642895235023324,1.0,0.0,0.0,0.0,10.95,0.0,10.95,0.0,10.95,0.0,10.95,0.0,251.85,0.0,251.85,0.0,24.0,0.0,0.0,0.0,24.0,0.0,1.7666666666666664,0.0,22.236666666666668,3.1123886191512486,0.0,0.0,0.03787616741611899,0.0,19293.46419711908,4954.883562045639,0.0,0.0,36.54,7.441452193567833,0.0,0.0,4.64,0.25950609977844885,49003.426666666666,5268.543595412386,,,588.0,0.0,454.6533333333333,32.946458573215736,412.61,104.26333980177009,361.4,44.24738494600555,2287.4366666666665,454.60813611957377,3975.2666666666664,306.0263964745205,18.0,1.520477819634341,186301.14666666667,5205.269834834176,454.6533333333333,32.946458573215736,8940.803677290678,2389.9781063826445,1104.7633333333333,3.11238861915124,,,,,,,,,3.4724650415721845,0.37333783981096846,2.7769625110664373,0.28782730244852117,12.6,2.255233061126942,0.0,0.0,0.0,0.0,,,,,,,,,,
oneweb,isl_p0.02,topological_scheme_req_1p,5,552.0,0.0,1.0,0.0,,,1.1392065326450345,0.0014056245883910569,1.1388209070819262,0.0013370508683971855,1.0003310584197456,6.341422276857403e-05,55.98114093175309,0.12378373160855587,4.151190328902176,0.06226025882318597,13.470185682834947,0.5108717501818124,0.8765942028985506,0.0021858899443143245,1.0,0.0,0.0,0.0,13.73333333333333,0.0,14.716666666666665,0.0,14.716666666666665,0.0,10.733333333333333,0.0,249.8,0.0,249.8,0.0,48.0,0.0,0.0,0.0,24.0,0.0,5.066666666666666,0.0,22.236666666666668,3.1123886191512486,0.0,0.0,0.0379914677735501,0.0,20204.9435120821,3799.5841874578864,0.0,0.0,40.016666666666666,6.8637344597691285,0.0,0.0,4.64,0.25950609977844885,49003.426666666666,5268.543595412386,,,588.0,0.0,454.6533333333333,32.946458573215736,407.69666666666666,93.75430162402719,361.4,44.24738494600555,4301.483333333334,771.8347633500184,3975.2666666666664,306.0263964745205,18.0,1.520477819634341,186301.14666666667,5205.269834834176,454.6533333333333,32.946458573215736,9150.703550030787,1560.8755346839935,1104.7633333333333,3.11238861915124,,,,,,,,,3.4724650415721845,0.37333783981096846,2.7769625110664373,0.28782730244852117,12.6,2.255233061126942,0.0,0.0,0.0,0.0,,,,,,,,,,
oneweb,isl_p0.05,topological_scheme_asc_1p,5,551.7133333333334,0.7957866666666371,0.9994066719137858,0.0016470787673306063,,,1.185169518581212,0.0009249739242340921,1.1841318032495136,0.0010176943547390146,1.0008959338206416,0.00012531641225023497,58.93936360369796,0.08899112417594861,7.027679013666902,0.042428497212256756,13.558326611210905,0.36417727841405173,0.9901155439505572,0.00045789713010115535,1.0,0.0,0.0,0.0,10.95,0.0,10.95,0.0,10.95,0.0,10.95,0.0,251.85,0.0,251.85,0.0,24.0,0.0,0.0,0.0,24.0,0.0,1.7666666666666664,0.0,55.910000000000004,2.847772528493881,0.0,0.0,0.03787616741611899,0.0,19008.11936363578,5431.185701513289,0.0,0.0,100.19333333333334,8.797976196113385,0.0,0.0,12.393333333333334,1.0354434518815812,106656.34333333334,6990.6667761042745,,,587.95,0.08531151804481626,578.6266666666667,6.122263654767626,845.5899999999999,57.70470702173878,510.0,57.18155713864392,4583.45,278.8502827776114,6797.236666666667,431.1991879145777,28.2,2.5442460258394823,240310.74333333335,5657.044306297728,579.0699999999999,5.382135928024619,11008.113734424114,3174.3555222093332,1071.09,2.847772528493914,,,,,,,,,7.5578474584278155,0.4953703781253026,1.553071994291474,0.06497465157461634,8.6,1.4154878169733571,0.0,0.0,0.0,0.0,0.0,,1.0,,0.0,,0.0,,0.0,
oneweb,isl_p0.05,topological_scheme_req_1p,5,551.7066666666667,0.4986507919041911,0.9994437054057321,0.0009456707044214381,,,1.1451237938506593,0.0008645730935870053,1.1443270535527128,0.0008370196992067408,1.0006671438756314,9.485352527472303e-05,56.82498507092233,0.07902173983815877,4.425889982438859,0.04017334616953068,14.834275247304404,0.4989552143881944,0.8771237939159395,0.002191591958129371,1.0,0.0,0.0,0.0,13.73333333333333,0.0,14.716666666666665,0.0,14.716666666666665,0.0,10.733333333333333,0.0,249.8,0.0,249.8,0.0,48.0,0.0,0.0,0.0,24.0,0.0,5.066666666666666,0.0,55.910000000000004,2.847772528493881,0.0,0.0,0.0379914677735501,0.0,19519.73117719094,3400.94432518379,0.0,0.0,108.26666666666668,9.230194202170276,0.0,0.0,12.393333333333334,1.0354434518815812,106656.34333333334,6990.6667761042745,,,587.95,0.08531151804481626,578.6266666666667,6.122263654767626,847.8100000000001,18.541805227917948,510.0,57.18155713864392,8679.07,432.7666030263006,6797.236666666667,431.1991879145777,28.2,2.5442460258394823,240310.74333333335,5657.044306297728,579.0699999999999,5.382135928024619,11118.716264863808,1701.5871723054781,1071.09,2.847772528493914,,,,,,,,,7.5578474584278155,0.4953703781253026,1.553071994291474,0.06497465157461634,8.6,1.4154878169733571,0.0,0.0,0.0,0.0,0.0,0.0,1.0,0.0,0.0,0.0,0.0,0.0,0.0,0.0
oneweb,isl_p0.10,topological_scheme_asc_1p,5,551.8533333333332,0.40714666666667504,0.9997097593421213,0.000805708066271591,,,1.1966593364011473,0.0011486547765225694,1.1952501042936825,0.0012196223948650422,1.001217059529578,0.0002392697990246309,60.78571649761467,0.2049016612473061,7.647480110807595,0.05922818996158343,15.541717725848944,0.7105111161580135,0.9900487969803399,0.0006457072463842836,1.0,0.0,0.0,0.0,10.95,0.0,10.95,0.0,10.95,0.0,10.95,0.0,251.85,0.0,251.85,0.0,24.0,0.0,0.0,0.0,24.0,0.0,1.7666666666666664,0.0,112.65333333333334,2.34551466556916,0.0,0.0,0.03787616741611899,0.0,21273.649252454437,6048.5880071045285,0.0,0.0,279.47666666666663,13.95480900547828,0.0,0.0,24.166666666666664,0.27371729129807576,186607.28,6054.621988944441,,,587.96,0.0596104301089837,587.96,0.0596104301089837,1452.8733333333334,70.99894685117388,581.2,5.510202667779108,7628.453333333334,290.4285653617933,9904.093333333334,234.29639062766785,38.6,2.7199134103864404,296593.88333333336,3309.4240816261336,588.0,0.0,14843.647809674343,4082.126428585616,1014.3466666666667,2.3455146655691625,,,,,,,,,13.22330498866213,0.4290406738197589,0.9004859330624744,0.015941305246892027,5.8,1.038684090568446,0.0,0.0,0.0,0.0,0.0,,1.0,,0.0,,0.0,,0.0,
oneweb,isl_p0.10,topological_scheme_req_1p,5,551.7766666666666,0.4095580108686334,0.9995828672963338,0.0007720756933026196,,,1.1573634409137679,0.0012695418092623977,1.1562218364473373,0.00137103730999969,1.0009436518242292,0.00015715775566744615,58.66522802843819,0.16707010652115548,4.983927806041665,0.032335604612962934,17.5451648856237,0.4465796405117294,0.8767473220492855,0.0012951252051681737,1.0,0.0,0.0,0.0,13.73333333333333,0.0,14.716666666666665,0.0,14.716666666666665,0.0,10.733333333333333,0.0,249.8,0.0,249.8,0.0,48.0,0.0,0.0,0.0,24.0,0.0,5.066666666666666,0.0,112.65333333333334,2.34551466556916,0.0,0.0,0.0379914677735501,0.0,19853.39306960503,5496.554940305374,0.0,0.0,292.16999999999996,14.667039776745078,0.0,0.0,24.166666666666664,0.27371729129807576,186607.28,6054.621988944441,,,587.96,0.0596104301089837,587.96,0.0596104301089837,1463.9533333333334,75.17439892267822,581.2,5.510202667779108,14803.376666666667,594.5337903584629,9904.093333333334,234.29639062766785,38.6,2.7199134103864404,296593.88333333336,3309.4240816261336,588.0,0.0,13689.70335483551,3645.469368052735,1014.3466666666667,2.3455146655691625,,,,,,,,,13.22330498866213,0.4290406738197589,0.9004859330624744,0.015941305246892027,5.8,1.038684090568446,0.0,0.0,0.0,0.0,0.0,0.0,1.0,0.0,0.0,0.0,0.0,0.0,0.0,0.0
oneweb,isl_p0.20,topological_scheme_asc_1p,5,550.6166666666666,0.916266916957648,0.9972439355198979,0.0018261378374662184,,,1.2281893424689074,0.010235830339000692,1.2271015600915396,0.01031706024135198,1.0009446986620745,0.00034024301969851094,66.0454669399141,1.5114870746745515,9.19849507059726,0.5354641458259422,22.828501361231126,2.4470245467908236,0.9886663272568408,0.00021081080858442462,1.0,0.0,0.0,0.0,10.95,0.0,10.95,0.0,10.95,0.0,10.95,0.0,251.85,0.0,251.85,0.0,24.0,0.0,0.0,0.0,24.0,0.0,1.7666666666666664,0.0,225.52333333333337,12.93292456916928,0.0,0.0,0.03787616741611899,0.0,22808.756590783596,4739.094844400305,0.0,0.0,764.42,70.41812262239945,0.0,0.0,48.593333333333334,1.1356181372274732,271160.86333333334,5345.7906966495775,,,586.0899999999999,1.129001471428996,586.0766666666666,1.1604174386065682,2120.8433333333332,120.93380042237182,584.8,0.5551999999999999,10600.306666666667,315.86858264037846,11538.876666666667,206.54208122245683,45.8,2.388005494131033,333111.26,1642.4261597396237,588.0,0.0,18079.629878550768,3734.8819254730993,901.4766666666667,12.932924569169268,,,,,,,,,19.21491378495843,0.37881169902562173,0.46678885946882803,0.029627422800447473,3.8,0.5551999999999999,0.0,0.0,0.0,0.0,0.0,0.0,1.0,0.0,0.0,0.0,0.0,0.0,0.0,0.0
oneweb,isl_p0.20,topological_scheme_req_1p,5,550.6833333333333,0.987335436414587,0.9975227132640596,0.0019707571294058685,,,1.1932014932605826,0.012366211616057755,1.1923263182548371,0.012507369178671887,1.0007439947036023,0.00024735827049997267,64.05981026372504,1.6110525412452392,6.5031749166270245,0.5729698953157311,26.544441602297564,2.6833311697488624,0.8723942531289361,0.003398552019998166,1.0,0.0,0.0,0.0,13.73333333333333,0.0,14.716666666666665,0.0,14.716666666666665,0.0,10.733333333333333,0.0,249.79333333333335,0.018506666666665613,249.79333333333335,0.018506666666665613,48.0,0.0,0.0,0.0,24.0,0.0,5.066666666666666,0.0,225.52333333333337,12.93292456916928,0.0,0.0,0.0379914677735501,0.0,18916.089669764042,3304.3338632692385,0.0,0.0,783.3733333333333,70.97389548060174,0.0,0.0,48.593333333333334,1.1356181372274732,271160.86333333334,5345.7906966495775,,,586.0899999999999,1.129001471428996,586.0766666666666,1.1604174386065682,2188.686666666667,129.90028794593417,584.8,0.5551999999999999,20556.093333333334,595.1746684142225,11538.876666666667,206.54208122245683,45.8,2.388005494131033,333111.26,1642.4261597396237,588.0,0.0,14803.180509557327,2522.733030228362,901.4766666666667,12.932924569169268,,,,,,,,,19.21491378495843,0.37881169902562173,0.46678885946882803,0.029627422800447473,3.8,0.5551999999999999,0.0,0.0,0.0,0.0,0.0,0.0,1.0,0.0,0.0,0.0,0.0,0.0,0.0,0.0
oneweb,sat_p0.005,topological_scheme_asc_1p,5,552.0,0.0,1.0,0.0,,,1.176692544440511,0.0011470143830590663,1.1765981863557566,0.001026432273934082,1.0000789928454537,0.00011328705173892254,57.582443329256876,0.12494269136504757,6.562876697833495,0.05974057773569056,12.143222419414773,0.17784385795276986,0.9902777777777778,0.00014993537936084406,1.0,0.0,0.0,0.0,10.93,0.0370133333333332,10.93,0.0370133333333332,10.93,0.0370133333333332,10.93,0.0370133333333332,251.39000000000001,0.8513066666666635,251.39000000000001,0.8513066666666635,24.0,0.0,0.0,0.0,24.0,0.0,1.77,0.009253333333333422,9.066666666666666,9.414954048864082,2.333333333333333,2.431312232793915,0.03780698720166033,0.00012802951689150154,14301.800742000341,5770.376187258763,0.0,0.0,5.6866666666666665,6.3664412773507575,0.0,0.0,0.13,0.09413874016577872,8172.473333333333,7962.798183868406,,,443.14,269.62912095598574,123.83,117.3934103062015,47.529999999999994,68.48437009985854,132.4,109.75771815120792,275.74666666666667,385.95891387965594,1117.44,1020.0701817401077,7.0,5.339742615519965,146395.50333333336,12256.02413542569,454.71999999999997,260.7406585088992,7102.402368287246,1538.5090560690285,1117.9333333333334,9.414954048864113,,,,,,,,,0.5791151738473167,0.5642572409203803,9.457915895348531,3.877991121863794,26.8,9.055037970102608,0.0,0.0,0.0,0.0,,,,,,,,,,
oneweb,sat_p0.005,topological_scheme_req_1p,5,552.0,0.0,1.0,0.0,,,1.135510092462922,0.0008957204314821611,1.1354441668052888,0.0008200047483228589,1.0000521261905715,6.507045688213999e-05,55.46594971811712,0.1207282044197737,3.9833329235454933,0.04617753961788535,12.598269813104462,0.20748743331179564,0.8766727053140096,0.0007100196182452016,1.0,0.0,0.0,0.0,13.736666666666668,0.017311401509474172,14.703333333333333,0.02266594508655359,14.703333333333333,0.02266594508655359,10.713333333333333,0.0370133333333332,249.40666666666667,0.7404979638654654,249.40666666666667,0.7404979638654654,48.0,0.0,0.0,0.0,24.0,0.0,5.076666666666666,0.0185066666666666,9.066666666666666,9.414954048864082,2.333333333333333,2.431312232793915,0.037910757523348326,0.00013951693148009906,13932.946826815605,6798.865155862075,0.0,0.0,6.256666666666667,7.114026216851077,0.0,0.0,0.13,0.09413874016577872,8172.473333333333,7962.798183868406,,,443.14,269.62912095598574,123.83,117.3934103062015,54.49333333333334,73.10916691445168,132.4,109.75771815120792,574.4066666666666,723.6459451162433,1117.44,1020.0701817401077,7.0,5.339742615519965,146395.50333333336,12256.02413542569,454.71999999999997,260.7406585088992,6657.998534937699,2068.228207806706,1117.9333333333334,9.414954048864113,,,,,,,,,0.5791151738473167,0.5642572409203803,9.457915895348531,3.877991121863794,26.8,9.055037970102608,0.0,0.0,0.0,0.0,,,,,,,,,,
oneweb,sat_p0.01,topological_scheme_asc_1p,5,552.0,0.0,1.0,0.0,,,1.1774949996549988,0.0009277651036400492,1.177261380704962,0.0008291315320193192,1.0001999643131525,0.00012026259145816034,57.75129110648002,0.15720790735267276,6.6200814998021995,0.05607373574460284,12.330492421576768,0.28184786527338895,0.9901871980676329,0.00024147277878925458,1.0,0.0,0.0,0.0,10.893333333333334,0.05961043010898148,10.893333333333334,0.05961043010898148,10.893333333333334,0.05961043010898148,10.893333333333334,0.05961043010898148,250.54666666666668,1.371039892506579,250.54666666666668,1.371039892506579,24.0,0.0,0.0,0.0,24.0,0.0,1.7733333333333334,0.023591463616222663,22.116666666666667,7.384586128055291,5.726666666666667,2.0411204780816945,0.03768015680848611,0.00020619311694562728,19059.609584858023,2160.4240008221122,0.0,0.0,15.723333333333333,4.339201662651271,0.0,0.0,0.22999999999999998,0.07077439084866785,21074.716666666667,5660.980172865679,,,582.1600000000001,1.8206153789431787,275.1766666666666,69.63521071020703,142.82999999999998,74.08753927119938,232.4,88.50870168836506,909.2566666666665,415.6708380604792,2261.0566666666664,492.69516286655227,13.0,4.022806184742188,163383.07,9397.122950928768,588.0,0.0,8506.637890636921,1298.3101611697327,1104.8833333333334,7.3845861280552745,,,,,,,,,1.4933897864701435,0.4011465541996655,6.099417304230029,1.2527351288361246,22.0,6.3908319333244865,0.0,0.0,0.0,0.0,,,,,,,,,,
oneweb,sat_p0.01,topological_scheme_req_1p,5,552.0,0.0,1.0,0.0,,,1.1361916673138794,0.000934878246831883,1.1360075070000464,0.0008527647860237247,1.0001517966511169,8.116256441646755e-05,55.61543383025635,0.1494275150562629,4.0278244700409696,0.049448268064038084,12.833056358688884,0.4792756363189296,0.8753200483091789,0.0018554692507287886,1.0,0.0,0.0,0.0,13.703333333333333,0.03701333333333301,14.686666666666667,0.022665945086553896,14.686666666666667,0.022665945086553896,10.683333333333334,0.06862455666725795,248.64333333333335,1.5753511255307884,248.64333333333335,1.5753511255307884,48.0,0.0,0.0,0.0,24.0,0.0,5.1,0.07016687410895732,22.116666666666667,7.384586128055291,5.726666666666667,2.0411204780816945,0.03780698720166033,0.00018525610078488263,14998.862334589165,2614.7922820235917,0.0,0.0,16.130000000000003,4.715692408892769,0.0,0.0,0.22999999999999998,0.07077439084866785,21074.716666666667,5660.980172865679,,,582.1600000000001,1.8206153789431787,275.1766666666666,69.63521071020703,138.42000000000002,72.38545077133908,232.4,88.50870168836506,1632.9533333333334,692.4084331279734,2261.0566666666664,492.69516286655227,13.0,4.022806184742188,163383.07,9397.122950928768,588.0,0.0,6510.353876650333,1112.9384023563944,1104.8833333333334,7.3845861280552745,,,,,,,,,1.4933897864701435,0.4011465541996655,6.099417304230029,1.2527351288361246,22.0,6.3908319333244865,0.0,0.0,0.0,0.0,,,,,,,,,,
oneweb,sat_p0.02,topological_scheme_asc_1p,5,552.0,0.0,1.0,0.0,,,1.179068812272165,0.0015241543086901613,1.178609297102806,0.0012793963922968976,1.000388588000832,0.00020755999319476152,58.00498767421042,0.2621480973562897,6.7027086043291675,0.09236073495073775,12.491770215403756,0.33082182540936195,0.9896618357487922,0.0005588739447463795,1.0,0.0,0.0,0.0,10.809999999999999,0.0987985640921301,10.809999999999999,0.0987985640921301,10.809999999999999,0.0987985640921301,10.809999999999999,0.0987985640921301,248.63000000000002,2.272366974118984,248.63000000000002,2.272366974118984,24.0,0.0,0.0,0.0,24.0,0.0,1.8,0.032715473742897565,40.45666666666666,14.428188600646383,10.92,3.9977291562085595,0.03739190591490833,0.00034174529260508216,19113.061230132975,3664.0807400588624,0.0,0.0,25.823333333333334,7.27109187159367,0.0,0.0,0.5700000000000001,0.17883129032694467,37334.706666666665,12349.436872332935,,,577.08,3.9977291562085506,383.7733333333333,73.35638960217169,279.50666666666666,136.3381291245191,236.2,43.83443764712854,1622.1733333333334,738.6863097039727,3424.1133333333332,896.5952414845906,16.6,2.255233061126942,184990.56333333332,16416.11386800987,588.0,0.0,8806.189309557278,1915.183726385642,1086.5433333333335,14.428188600646408,,,,,,,,,2.645599962207105,0.8751018191845903,4.1371742424778635,1.1517231557710805,15.4,4.441599999999999,0.0,0.0,0.0,0.0,,,,,,,,,,
oneweb,sat_p0.02,topological_scheme_req_1p,5,552.0,0.0,1.0,0.0,,,1.1374897732607674,0.0011539101662978802,1.1371245090564055,0.0009677859216536266,1.0002995409844662,0.00015882268614674454,55.85201572095089,0.2185636122038486,4.084591714168163,0.07305326310090701,13.35452504167419,0.3254784759769278,0.8726992753623188,0.0014898119056917958,1.0,0.0,0.0,0.0,13.59,0.09770924123245552,14.596666666666668,0.08581188314498642,14.596666666666668,0.08581188314498642,10.6,0.052752116334586596,246.7233333333333,1.2794720219423783,246.7233333333333,1.2794720219423783,48.0,0.0,0.0,0.0,24.0,0.0,5.1466666666666665,0.091836711129652,40.45666666666666,14.428188600646383,10.92,3.9977291562085595,0.03755332641531189,0.00021826122674295243,18505.96510787805,3494.3811544970126,0.0,0.0,31.126666666666665,8.89861607471384,0.0,0.0,0.5700000000000001,0.17883129032694467,37334.706666666665,12349.436872332935,,,577.08,3.9977291562085506,383.7733333333333,73.35638960217169,276.9766666666667,101.21677741444866,236.2,43.83443764712854,3072.1966666666667,1061.5618936066958,3424.1133333333332,896.5952414845906,16.6,2.255233061126942,184990.56333333332,16416.11386800987,588.0,0.0,8382.259225795668,1835.3131914551573,1086.5433333333335,14.428188600646408,,,,,,,,,2.645599962207105,0.8751018191845903,4.1371742424778635,1.1517231557710805,15.4,4.441599999999999,0.0,0.0,0.0,0.0,,,,,,,,,,
oneweb,sat_p0.05,topological_scheme_asc_1p,5,552.0,0.0,1.0,0.0,,,1.1845291500933364,0.0027961443208327713,1.1834497339297707,0.002560096611375861,1.0009328324217683,0.00022589496518630068,59.123599015491,0.3524158687331241,7.039033008762357,0.1344649419349343,14.086439062643128,0.7236766808536539,0.988623188405797,0.0017780938984588352,1.0,0.0,0.0,0.0,10.620000000000001,0.1829728217826657,10.620000000000001,0.1829728217826657,10.620000000000001,0.1829728217826657,10.620000000000001,0.1829728217826657,244.26,4.208374901001311,244.26,4.208374901001311,24.0,0.0,0.0,0.0,24.0,0.0,1.8633333333333333,0.06924560603789638,111.59333333333333,20.971678195060008,29.910000000000004,4.744185895064961,0.03673469387755102,0.0006329049525515968,19975.340362737577,4315.217121798403,0.0,0.0,107.59666666666666,15.486887436830768,0.0,0.0,1.4833333333333332,0.10651386555540808,87835.32333333333,6974.741172463912,,,558.0733333333334,4.730336220025912,554.21,6.436466615417013,713.79,131.21561802067043,475.0,59.525622422617296,3916.2166666666662,465.0288359302884,6853.613333333333,548.7323257040821,36.6,4.173243074636319,245739.36333333334,9951.3279266323,588.0,0.0,11394.621985803047,2079.401152687447,1015.4066666666665,20.971678195059965,,,,,,,,,6.2241583994709,0.49424186312811186,1.9703202036586975,0.3057389424416144,9.0,1.520477819634341,0.0,0.0,0.0,0.0,,,,,,,,,,
oneweb,sat_p0.05,topological_scheme_req_1p,5,552.0,0.0,1.0,0.0,,,1.1430812659822014,0.003138622574212267,1.1422635629142595,0.002951854390856074,1.0006908929230742,0.00016860052335395035,56.942642601913484,0.36715446485833736,4.374956350989895,0.14758299374871403,15.444961953822332,0.7233347313260794,0.8677777777777778,0.004277874070853556,1.0,0.0,0.0,0.0,13.466666666666665,0.04626666666666724,14.413333333333332,0.14139747349620874,14.413333333333332,0.14139747349620874,10.343333333333334,0.14891830661286945,241.00666666666666,3.4603198489028624,241.00666666666666,3.4603198489028624,48.0,0.0,0.0,0.0,24.0,0.0,5.359999999999999,0.14528028022488879,111.59333333333333,20.971678195060008,29.910000000000004,4.744185895064961,0.03696529459241324,0.0006102423207502238,19279.780549108982,2905.165321286522,0.0,0.0,112.67666666666666,12.674285295854402,0.0,0.0,1.4833333333333332,0.10651386555540808,87835.32333333333,6974.741172463912,,,558.0733333333334,4.730336220025912,554.21,6.436466615417013,717.5166666666667,134.40383609381917,475.0,59.525622422617296,7424.873333333334,942.8531042916544,6853.613333333333,548.7323257040821,36.6,4.173243074636319,245739.36333333334,9951.3279266323,588.0,0.0,10810.956775645414,1788.4735551030362,1015.4066666666665,20.971678195059965,,,,,,,,,6.2241583994709,0.49424186312811186,1.9703202036586975,0.3057389424416144,9.0,1.520477819634341,0.0,0.0,0.0,0.0,,,,,,,,,,
oneweb,void_b2,topological_scheme_asc_1p,5,552.0,0.0,1.0,0.0,,,1.1769852981191566,0.0009094177288828027,1.1768369992913663,0.0007489295519997506,1.0001234677328152,0.0001613009575961655,57.647896151039404,0.11743761384426116,6.582233267109466,0.05796496982888298,12.266341055045567,0.2962881385347388,0.9901026570048309,0.0004057961640200713,1.0,0.0,0.0,0.0,10.906666666666666,0.03758721768544842,10.906666666666666,0.03758721768544842,10.906666666666666,0.03758721768544842,10.906666666666666,0.03758721768544842,250.85333333333332,0.8645060067653264,250.85333333333332,0.8645060067653264,24.0,0.0,0.0,0.0,24.0,0.0,1.7733333333333334,0.023591463616222663,11.6,1.1103999999999998,4.0,0.0,0.03772627695145855,0.00013001458901919468,12242.995282312235,3614.3799790894745,0.0,0.0,4.976666666666667,1.5737877170981125,0.0,0.0,0.06666666666666667,0.0,7734.946666666668,845.6462379590124,,,511.38,77.799512994598,115.66,21.09067205257233,45.86,32.14363672349889,96.0,46.65827600758519,322.2033333333333,216.62814338448106,884.6299999999999,77.55902892935846,5.8,1.3599567051932202,145879.48,2306.1854916144325,588.0,0.0,6691.272536814213,2029.3878482095188,1115.4,1.1103999999999998,,,,,,,,,0.5481113000755857,0.05992391141999802,10.912705139135372,1.1134196090349944,30.4,1.4154878169733571,0.0,0.0,0.0,0.0,,,,,,,,,,
oneweb,void_b2,topological_scheme_req_1p,5,552.0,0.0,1.0,0.0,,,1.1355723423504507,0.000600625149446702,1.1354620794593333,0.0004935768153944799,1.0000940332326889,0.00011211968246621345,55.51636497337476,0.10039413823481032,3.9963779222912152,0.040367734190640346,13.064612059170088,0.8544007722901418,0.8756642512077295,0.001070752780611956,1.0,0.0,0.0,0.0,13.703333333333333,0.06275916011051845,14.676666666666666,0.069554051243939,14.676666666666666,0.069554051243939,10.683333333333334,0.05068259398781096,248.69,1.092677232733141,248.69,1.092677232733141,48.0,0.0,0.0,0.0,24.0,0.0,5.1066666666666665,0.05395574153363553,11.6,1.1103999999999998,4.0,0.0,0.03784157730888966,0.00013001458901919493,13391.588127066692,1965.0956545003985,0.0,0.0,5.116666666666666,1.1586082371151651,0.0,0.0,0.06666666666666667,0.0,7734.946666666668,845.6462379590124,,,511.38,77.799512994598,115.66,21.09067205257233,49.519999999999996,28.35494631736449,96.0,46.65827600758519,602.3399999999999,415.00305362204074,884.6299999999999,77.55902892935846,5.8,1.3599567051932202,145879.48,2306.1854916144325,588.0,0.0,7117.868962685267,860.6176222829178,1115.4,1.1103999999999998,,,,,,,,,0.5481113000755857,0.05992391141999802,10.912705139135372,1.1134196090349944,30.4,1.4154878169733571,0.0,0.0,0.0,0.0,,,,,,,,,,
oneweb,void_b4,topological_scheme_asc_1p,5,552.0,0.0,1.0,0.0,,,1.17795393130952,0.0011590513952401125,1.177211648267764,0.000681559095944759,1.0006671612451166,0.0006061820087062138,58.30228345019309,0.3069723016800165,6.697460592730016,0.10105340163055149,13.385501721498011,1.0729298840105066,0.9859842995169081,0.0033542700829609262,1.0,0.0,0.0,0.0,10.666666666666668,0.1463080464104564,10.666666666666668,0.1463080464104564,10.666666666666668,0.1463080464104564,10.666666666666668,0.1463080464104564,245.33333333333334,3.365085067440517,245.33333333333334,3.365085067440517,24.0,0.0,0.0,0.0,24.0,0.0,1.8533333333333335,0.03068983472675529,38.4,2.7199134103864404,16.0,0.0,0.03689611437795457,0.0005060811013851884,13173.996144632498,1790.6542688791317,0.0,0.0,9.676666666666666,2.938665494071151,0.0,0.0,0.26666666666666666,0.0,13479.413333333334,3074.556912077409,,,448.3333333333333,101.14338529085438,197.47333333333333,49.149179519181295,124.20666666666666,31.98961648102987,160.8,110.30679731294893,882.9833333333333,156.17611826209816,1255.1933333333332,113.56052684744445,8.6,1.882774803315574,159172.44666666668,3282.944749310956,588.0,0.0,7532.469023019075,1257.3217738113392,1088.6,2.7199134103864404,,,,,,,,,0.9551738473167045,0.21786826191024733,8.484235176858173,0.3704226207448993,25.8,3.4449254041270616,0.0,0.0,0.0,0.0,,,,,,,,,,
oneweb,void_b4,topological_scheme_req_1p,5,552.0,0.0,1.0,0.0,,,1.1372330637556871,0.00079217919923171,1.1366059468571872,0.0010215871650809838,1.0005131501444766,0.0006095239927952042,56.158736787977226,0.26868860322137644,4.099564338228018,0.08054734476500054,14.691908991104839,1.6963026099484306,0.8710507246376812,0.002105010762092523,1.0,0.0,0.0,0.0,13.603333333333333,0.1278836109732425,14.526666666666667,0.22882129426937353,14.526666666666667,0.22882129426937353,10.47,0.14439351539764136,243.81666666666666,3.200269045634199,243.81666666666666,3.200269045634199,48.0,0.0,0.0,0.0,24.0,0.0,5.303333333333333,0.17459154415059402,38.4,2.7199134103864404,16.0,0.0,0.03717283523578923,0.0004731249337655515,11705.355983326834,2611.015183184481,0.0,0.0,10.546666666666667,0.6206290065194611,0.0,0.0,0.26666666666666666,0.0,13479.413333333334,3074.556912077409,,,448.3333333333333,101.14338529085438,197.47333333333333,49.149179519181295,131.48333333333332,20.353847262121665,160.8,110.30679731294893,1530.8533333333332,240.4092599675204,1255.1933333333332,113.56052684744445,8.6,1.882774803315574,159172.44666666668,3282.944749310956,588.0,0.0,6559.6031454702215,1489.6505928774277,1088.6,2.7199134103864404,,,,,,,,,0.9551738473167045,0.21786826191024733,8.484235176858173,0.3704226207448993,25.8,3.4449254041270616,0.0,0.0,0.0,0.0,,,,,,,,,,
oneweb,void_b8,topological_scheme_asc_1p,5,524.7466666666667,17.632192066790154,1.0,0.0,,,1.1732037224514025,0.004909182784313208,1.1716474724748323,0.004855495888767821,1.001052607962188,0.0005863941790715393,59.06236673882896,1.702313474722896,6.542437822366442,0.20252623668104297,13.4022640053109,1.1877397150863973,0.973287205971588,0.009272904228531192,1.0,0.0,0.0,0.0,10.253333333333334,0.41054986780603825,10.163333333333334,0.4625278458404184,10.17,0.46414483869681117,10.156666666666666,0.46326774288741496,233.60333333333332,10.655158086410543,233.60333333333332,10.655158086410543,23.393333333333334,0.3973549846449939,0.6066666666666667,0.3973549846449924,23.393333333333334,0.3973549846449939,1.9566666666666666,0.23345189901895327,140.8,5.439826820772881,64.0,0.0,0.03516660901648795,0.0016025679576931703,14466.533330281576,3161.230579948261,0.0,0.0,16.64,5.954191055405147,0.0,0.0,1.0666666666666667,0.0,21445.04666666667,5662.085874277439,,,390.0466666666667,33.65852906245575,291.78000000000003,47.377227967173326,126.22333333333333,99.0942277052696,203.2,88.56005624569126,1085.2533333333333,363.15646176134084,2009.0233333333333,303.6334809052501,15.0,1.755696556925484,205114.71333333332,7100.694110919162,588.0,0.0,9065.626641263563,1838.6137336817426,986.2,5.439826820772881,,,,,,,,,1.5196319916855632,0.4012249060570747,5.4298186929189125,0.29701830329688145,20.2,3.661795494016562,0.0,0.0,0.0,0.0,,,,,,,,,,
oneweb,void_b8,topological_scheme_req_1p,5,524.7466666666667,17.632192066790154,1.0,0.0,,,1.1342834922321199,0.005710680877606073,1.1330124293182706,0.004700678892305612,1.000783331978143,0.0008002015614116957,56.98521100505924,1.6984585040009106,3.9896164924156685,0.21265151814375433,14.465696088311413,2.2722553871953868,0.8578499666990826,0.009263042154161967,1.0,0.0,0.0,0.0,12.969999999999999,0.4039798049958002,13.709999999999999,0.5219322959924975,13.73,0.5320465503443594,9.940000000000001,0.46211113314632185,231.34666666666666,10.633076559039717,231.34666666666666,10.633076559039717,46.56666666666666,0.8975017840898393,1.4333333333333331,0.897501784089839,23.173333333333336,0.5001510125729809,5.42,0.3918762085715901,140.8,5.439826820772881,64.0,0.0,0.035351089588377724,0.0014928534701641601,15442.98745572567,2453.7286418644057,0.0,0.0,16.923333333333336,3.268490320730828,0.0,0.0,1.0666666666666667,0.0,21445.04666666667,5662.085874277439,,,390.0466666666667,33.65852906245575,291.78000000000003,47.377227967173326,125.65666666666667,95.3475412677493,203.2,88.56005624569126,1991.9666666666667,600.7525612633718,2009.0233333333333,303.6334809052501,15.0,1.755696556925484,205114.71333333332,7100.694110919162,588.0,0.0,9473.942867169779,1373.671048548975,986.2,5.439826820772881,,,,,,,,,1.5196319916855632,0.4012249060570747,5.4298186929189125,0.29701830329688145,20.2,3.661795494016562,0.0,0.0,0.0,0.0,,,,,,,,,,
oneweb,cut,topological_scheme_asc_1p,1,370.5,,0.7172289698605488,,,,1.19068075339525,,1.190680668064609,,1.000000078605243,,46.408287453658666,,5.252663717280921,,9.699839417622156,,0.9834420471650778,,1.0,,0.0,,10.95,,10.95,,10.95,,10.95,,251.85,,251.85,,24.0,,0.0,,24.0,,1.7666666666666666,,49.0,,0.0,,0.03787616741611899,,14391.764565060535,,0.0,,34.55,,0.0,,0.8166666666666667,,0.0,,,,0.0,,0.0,,0.0,,0.0,,0.0,,0.0,,0.0,,257636.9,,588.0,,13020.858535915613,,1078.0,,,,,,,,,,0.0,,,,0.0,,0.0,,0.0,,0.0,,1.0,,0.0,,0.0,,0.0,
oneweb,cut,topological_scheme_req_1p,1,371.06666666666666,,0.7726823571685232,,,,1.1439357190736883,,1.1439355963197977,,1.0000001103098204,,47.93013828778547,,3.9261337788270456,,9.528322859069501,,0.9042608847294077,,1.0,,0.0,,13.733333333333333,,14.716666666666667,,14.716666666666667,,10.733333333333333,,249.18333333333334,,249.18333333333334,,48.0,,0.0,,24.0,,5.066666666666666,,49.0,,0.0,,0.0379914677735501,,9249.642976373434,,0.0,,41.166666666666664,,0.0,,0.8166666666666667,,0.0,,,,0.0,,0.0,,0.0,,0.0,,0.0,,0.0,,0.0,,257636.9,,588.0,,8201.45764897267,,1078.0,,,,,,,,,,0.0,,,,0.0,,0.0,,0.0,,0.0,,1.0,,0.0,,0.0,,0.0,
oneweb,polar_lat75,topological_scheme_asc_1p,1,552.0,,1.0,,,,1.1870909585773661,,1.185533925996422,,1.0012752289676823,,59.26561714630964,,7.129028483825572,,12.844507980624531,,0.9902475845410628,,1.0,,0.0,,10.95,,10.95,,10.95,,10.95,,251.85,,251.85,,24.0,,0.0,,24.0,,1.7666666666666666,,99.91666666666667,,0.0,,0.03787616741611899,,23725.623958557844,,0.0,,167.26666666666668,,0.0,,21.083333333333332,,108924.8,,,,588.0,,588.0,,408.06666666666666,,344.0,,2290.4666666666667,,1487.4833333333333,,13.0,,250939.45,,588.0,,14849.81524621447,,1027.0833333333333,,,,,,,,,,7.71859410430839,,4.162118574772075,,10.0,,0.0,,0.0,,,,,,,,,,,
oneweb,polar_lat75,topological_scheme_req_1p,1,552.0,,1.0,,,,1.146423659568437,,1.1448777126602916,,1.0011972176247148,,56.96561147244394,,4.251751917071782,,15.535195048345484,,0.8764492753623189,,1.0,,0.0,,13.733333333333333,,14.716666666666667,,14.716666666666667,,10.733333333333333,,249.8,,249.8,,48.0,,0.0,,24.0,,5.066666666666666,,99.91666666666667,,0.0,,0.0379914677735501,,14816.760319223007,,0.0,,133.61666666666667,,0.0,,21.083333333333332,,108924.8,,,,588.0,,588.0,,335.7,,344.0,,4553.633333333333,,1487.4833333333333,,13.0,,250939.45,,588.0,,9245.942335575819,,1027.0833333333333,,,,,,,,,,7.71859410430839,,4.162118574772075,,10.0,,0.0,,0.0,,,,,,,,,,,
oneweb,polar_lat60,topological_scheme_asc_1p,1,552.0,,1.0,,,,1.1997072880836888,,1.1983111836909364,,1.0011143156226656,,61.303081748094655,,7.830994320693289,,14.42713242341285,,0.9901871980676329,,1.0,,0.0,,10.95,,10.95,,10.95,,10.95,,251.85,,251.85,,24.0,,0.0,,24.0,,1.7666666666666666,,190.3,,0.0,,0.03787616741611899,,16156.830481936535,,0.0,,218.15,,0.0,,22.55,,171768.8,,,,588.0,,588.0,,627.9333333333333,,415.0,,3449.733333333333,,1434.35,,13.0,,298777.36666666664,,588.0,,11623.339940607548,,936.7,,,,,,,,,,12.171825396825398,,2.6360456613773864,,8.0,,0.0,,0.0,,,,,,,,,,,
oneweb,polar_lat60,topological_scheme_req_1p,1,552.0,,1.0,,,,1.160450026420427,,1.159084932133416,,1.001053860480016,,58.80923009033289,,4.616473334311053,,19.669582083930568,,0.884963768115942,,1.0,,0.0,,13.733333333333333,,14.716666666666667,,14.716666666666667,,10.733333333333333,,249.8,,249.8,,48.0,,0.0,,24.0,,5.066666666666666,,190.3,,0.0,,0.0379914677735501,,15338.373670727015,,0.0,,193.76666666666668,,0.0,,22.55,,171768.8,,,,588.0,,588.0,,513.9,,415.0,,6948.566666666667,,1434.35,,13.0,,298777.36666666664,,588.0,,10888.694039483866,,936.7,,,,,,,,,,12.171825396825398,,2.6360456613773864,,8.0,,0.0,,0.0,,,,,,,,,,,
kuiper,none,topological_scheme_asc_1p,1,552.0,,1.0,,,,1.2079353592130115,,1.2079352160630772,,1.0000001233843328,,54.99467179361967,,7.4884032521556145,,21.8696896538467,,0.9478562801932368,,1.0,,0.0,,10.483333333333333,,10.483333333333333,,10.483333333333333,,10.483333333333333,,241.11666666666667,,241.11666666666667,,24.0,,0.0,,24.0,,0.21666666666666667,,0.0,,0.0,,0.018444666001994018,,11209.959419071674,,0.0,,0.0,,0.0,,0.0,,0.0,,,,0.0,,0.0,,0.0,,0.0,,0.0,,0.0,,0.0,,307846.0,,0.0,,9654.217033088207,,2312.0,,,,,,,,,,0.0,,,,0.0,,0.0,,0.0,,,,,,,,,,,
kuiper,none,topological_scheme_req_1p,1,552.0,,1.0,,,,1.1728771091463324,,1.1728759280126353,,1.0000010817080187,,51.37449404339175,,3.9181012922710177,,28.505067395730485,,0.7013888888888888,,1.0,,0.0,,15.466666666666667,,20.5,,20.5,,11.766666666666667,,274.01666666666665,,274.01666666666665,,48.0,,0.0,,24.0,,1.0333333333333334,,0.0,,0.0,,0.029558383672511877,,13021.69431373477,,0.0,,0.0,,0.0,,0.0,,0.0,,,,0.0,,0.0,,0.0,,0.0,,0.0,,0.0,,0.0,,307846.0,,0.0,,10920.038794229427,,2312.0,,,,,,,,,,0.0,,,,0.0,,0.0,,0.0,,,,,,,,,,,
kuiper,isl_p0.01,topological_scheme_asc_1p,5,552.0,0.0,1.0,0.0,,,1.2095363650808566,0.000712098477939841,1.2093932584957492,0.000665589704444409,1.000119674795591,4.855881971719174e-05,55.18125750910826,0.05772403892146549,7.57749780617741,0.03392696334346276,22.10919851818058,0.14182042823002006,0.9482004830917875,0.0004610665286181532,1.0,0.0,0.0,0.0,10.483333333333333,0.0,10.483333333333333,0.0,10.483333333333333,0.0,10.483333333333333,0.0,241.1166666666667,0.0,241.1166666666667,0.0,24.0,0.0,0.0,0.0,24.0,0.0,0.2166666666666667,0.0,22.606666666666666,2.0306059975178727,0.0,0.0,0.018444666001994018,0.0,68204.91104697189,10049.014803788104,0.0,0.0,19.57333333333333,5.372506370839509,0.0,0.0,4.913333333333333,0.5650218994379286,84544.79000000001,11923.714924086966,,,1156.0,0.0,647.6766666666666,56.82801078242075,155.45333333333332,49.17437468967122,383.0,22.756428261043073,1596.21,544.3847360910936,8175.883333333334,904.081313315078,20.6,2.255233061126942,430134.0966666667,14311.689556165655,647.6766666666666,56.82801078242075,22839.407741824783,3035.2984484219774,2289.3933333333334,2.030605997517857,,,,,,,,,3.0473179786620532,0.42977634530301917,3.7085197537273777,0.12717525657743248,13.6,1.1103999999999998,0.0,0.0,0.0,0.0,,,,,,,,,,
kuiper,isl_p0.01,topological_scheme_req_1p,5,552.0,0.0,1.0,0.0,,,1.1737183683441301,8.905456095417633e-05,1.1736154471855635,7.846657171864388e-05,1.0000883549874278,1.6055173455921336e-05,51.50416302342425,0.01698354582009944,3.9509128481687115,0.007275832851222999,28.6558737563421,0.06623238873189984,0.7021859903381642,0.0008951500026644578,1.0,0.0,0.0,0.0,15.466666666666665,0.0,20.5,0.0,20.5,0.0,11.766666666666667,0.0,274.01666666666665,0.0,274.01666666666665,0.0,48.0,0.0,0.0,0.0,24.0,0.0,1.0333333333333334,0.0,22.606666666666666,2.0306059975178727,0.0,0.0,0.02955838367251188,0.0,62840.242485553026,14757.897678761185,0.0,0.0,26.063333333333333,5.622178673092645,0.0,0.0,4.913333333333333,0.5650218994379286,84544.79000000001,11923.714924086966,,,1156.0,0.0,647.6766666666666,56.82801078242075,133.54333333333335,30.351302194913035,383.0,22.756428261043073,3263.94,595.0728216480479,8175.883333333334,904.081313315078,20.6,2.255233061126942,430134.0966666667,14311.689556165655,647.6766666666666,56.82801078242075,20589.786900033552,4450.10828754336,2289.3933333333334,2.030605997517857,,,,,,,,,3.0473179786620532,0.42977634530301917,3.7085197537273777,0.12717525657743248,13.6,1.1103999999999998,0.0,0.0,0.0,0.0,,,,,,,,,,
kuiper,isl_p0.02,topological_scheme_asc_1p,5,552.0,0.0,1.0,0.0,,,1.2111692612832619,0.001459049199870599,1.210796655507508,0.0014174458396976216,1.000316826686902,4.568592541700268e-05,55.38918427586658,0.0656839084443299,7.664290099783329,0.06617369295872769,22.304282715644863,0.18148045003602828,0.9490519323671498,0.00046862302219590103,1.0,0.0,0.0,0.0,10.483333333333333,0.0,10.483333333333333,0.0,10.483333333333333,0.0,10.483333333333333,0.0,241.1166666666667,0.0,241.1166666666667,0.0,24.0,0.0,0.0,0.0,24.0,0.0,0.2166666666666667,0.0,46.343333333333334,3.7537524148273573,0.0,0.0,0.018444666001994018,0.0,71768.93984124064,9706.232735750657,0.0,0.0,45.5,7.740124334114764,0.0,0.0,9.923333333333334,0.5225471298680473,171581.58000000002,10721.269633265787,,,1156.0,0.0,973.6666666666667,44.79364864630799,344.1166666666667,43.484267614340204,586.6,133.9793197749563,3604.4166666666665,432.4050865023222,13167.87,659.6749247293141,30.0,1.755696556925484,545861.5666666667,14556.600995080344,973.6666666666667,44.79364864630799,28631.30756944418,3842.6648306774514,2265.6566666666668,3.753752414827521,,,,,,,,,6.184457179930796,0.38643561250237135,2.510468719123753,0.12117455181476326,10.0,1.755696556925484,0.0,0.0,0.0,0.0,,,,,,,,,,
kuiper,isl_p0.02,topological_scheme_req_1p,5,552.0,0.0,1.0,0.0,,,1.174912344312578,0.0005621020515367624,1.1746765234817347,0.0005933099936427738,1.0002027327303151,4.827516111308136e-05,51.667436007763044,0.03914719814866236,3.9973377983987524,0.014846295199261601,28.829805510868074,0.14263211717501756,0.7047946859903382,0.002108845241524685,1.0,0.0,0.0,0.0,15.466666666666665,0.0,20.5,0.0,20.5,0.0,11.766666666666667,0.0,274.01666666666665,0.0,274.01666666666665,0.0,48.0,0.0,0.0,0.0,24.0,0.0,1.0333333333333334,0.0,46.343333333333334,3.7537524148273573,0.0,0.0,0.02955838367251188,0.0,70896.41013493142,12401.49846294577,0.0,0.0,59.223333333333336,6.30203292087737,0.0,0.0,9.923333333333334,0.5225471298680473,171581.58000000002,10721.269633265787,,,1156.0,0.0,973.6666666666667,44.79364864630799,301.05,63.685892725274016,586.6,133.9793197749563,6856.43,1014.0499157477511,13167.87,659.6749247293141,30.0,1.755696556925484,545861.5666666667,14556.600995080344,973.6666666666667,44.79364864630799,28228.032186130684,4864.110751550332,2265.6566666666668,3.753752414827521,,,,,,,,,6.184457179930796,0.38643561250237135,2.510468719123753,0.12117455181476326,10.0,1.755696556925484,0.0,0.0,0.0,0.0,,,,,,,,,,
kuiper,isl_p0.05,topological_scheme_asc_1p,5,552.0,0.0,1.0,0.0,,,1.2168618907267508,0.002495302852492971,1.2160302712682822,0.002476150988110944,1.0006900247328105,6.2726138163968e-05,56.016381774198706,0.11088813502513725,7.938720667177546,0.08948998072731289,23.169747473455324,0.2725496059103285,0.9490398550724638,0.000863105716843276,1.0,0.0,0.0,0.0,10.483333333333333,0.0,10.483333333333333,0.0,10.483333333333333,0.0,10.483333333333333,0.0,241.1166666666667,0.0,241.1166666666667,0.0,24.0,0.0,0.0,0.0,24.0,0.0,0.2166666666666667,0.0,116.88333333333333,7.179656503327844,0.0,0.0,0.018444666001994018,0.0,71664.58756471673,9528.293634241667,0.0,0.0,144.48,11.214064616550852,0.0,0.0,24.393333333333334,0.3970855366010923,398295.9,16510.75069459566,,,1155.9933333333333,0.018506666666649834,1154.1566666666665,0.18827748033152422,775.0566666666666,59.01346722863862,878.8,122.35013333478634,8134.7266666666665,890.6874462162672,22474.676666666666,633.8713692417939,47.6,2.077368181136892,814222.5233333333,18905.419819914212,1154.17,0.19321527245820877,39512.54235252738,4551.951540774476,2195.116666666667,7.179656503327776,,,,,,,,,14.356109429065745,0.5951106795918275,1.4107352133062712,0.0523202684715227,6.6,0.6799783525966101,0.0,0.0,0.0,0.0,,,,,,,,,,
kuiper,isl_p0.05,topological_scheme_req_1p,5,552.0,0.0,1.0,0.0,,,1.1785733985984514,0.001386038698485612,1.1780219790558726,0.0013314524347670846,1.000469918023684,6.049314535292944e-05,52.16754660465826,0.058175756521915555,4.141389520387531,0.038442011109071444,29.351960036592764,0.16831115277141975,0.7085567632850241,0.0016152014478240185,1.0,0.0,0.0,0.0,15.466666666666665,0.0,20.5,0.0,20.5,0.0,11.766666666666667,0.0,274.01666666666665,0.0,274.01666666666665,0.0,48.0,0.0,0.0,0.0,24.0,0.0,1.0333333333333334,0.0,116.88333333333333,7.179656503327844,0.0,0.0,0.02955838367251188,0.0,76441.26322050889,11166.408274721089,0.0,0.0,181.32666666666665,13.016060812355379,0.0,0.0,24.393333333333334,0.3970855366010923,398295.9,16510.75069459566,,,1155.9933333333333,0.018506666666649834,1154.1566666666665,0.18827748033152422,691.9366666666667,38.250966037093015,878.8,122.35013333478634,16172.513333333332,876.2467043403174,22474.676666666666,633.8713692417939,47.6,2.077368181136892,814222.5233333333,18905.419819914212,1154.17,0.19321527245820877,41709.49056118727,6139.297178907544,2195.116666666667,7.179656503327776,,,,,,,,,14.356109429065745,0.5951106795918275,1.4107352133062712,0.0523202684715227,6.6,0.6799783525966101,0.0,0.0,0.0,0.0,,,,,,,,,,
kuiper,isl_p0.10,topological_scheme_asc_1p,5,551.9266666666666,0.20357333333333752,0.9998549761314883,0.0004025862589884669,,,1.2252279728975082,0.0022886441476817026,1.2241628630066945,0.0022844842057882656,1.0008747705104555,6.940157000582633e-05,57.13286240186751,0.1814541195484798,8.363213552150793,0.10624989294116773,24.401276186151286,0.3240562451395364,0.9490501014559942,0.0031398982839063766,1.0,0.0,0.0,0.0,10.483333333333333,0.0,10.483333333333333,0.0,10.483333333333333,0.0,10.483333333333333,0.0,241.1166666666667,0.0,241.1166666666667,0.0,24.0,0.0,0.0,0.0,24.0,0.0,0.2166666666666667,0.0,230.25333333333333,10.140049070194651,0.0,0.0,0.018444666001994018,0.0,77073.99122531214,13235.134607593174,0.0,0.0,419.68666666666667,32.04990015439743,0.0,0.0,49.33333333333333,1.2434462554619012,689695.68,22907.338532169793,,,1155.8,0.12500564965013006,1155.8,0.12500564965013006,1321.3933333333332,106.86418792792115,1071.2,35.96393443215022,14115.243333333336,1116.2213418891513,33054.35,579.65029801661,67.4,3.6827801672106357,1082517.94,15482.678947022881,1156.0,0.0,52546.32093846798,9134.790307782665,2081.746666666667,10.140049070194571,,,,,,,,,24.85927335640138,0.8256681996889336,0.847029880097729,0.03254432258566693,4.2,0.5551999999999999,0.0,0.0,0.0,0.0,0.0,,1.0,,0.0,,0.0,,0.0,
kuiper,isl_p0.10,topological_scheme_req_1p,5,551.6966666666667,0.5157021390083352,0.9995827622348583,0.000772163160262568,,,1.1861322290953384,0.0017412324015902896,1.185335456257103,0.00174595638753175,1.000679351637727,8.366624648044204e-05,53.14897101821491,0.1736334823005874,4.408392698691676,0.049760924451698545,30.277356300871894,0.2818978919466444,0.7130069064571367,0.002171279444142478,1.0,0.0,0.0,0.0,15.466666666666665,0.0,20.5,0.0,20.5,0.0,11.766666666666667,0.0,274.01666666666665,0.0,274.01666666666665,0.0,48.0,0.0,0.0,0.0,24.0,0.0,1.0333333333333334,0.0,230.25333333333333,10.140049070194651,0.0,0.0,0.02955838367251188,0.0,74930.03691330552,11738.52210347733,0.0,0.0,471.78000000000003,40.09361700224669,0.0,0.0,49.33333333333333,1.2434462554619012,689695.68,22907.338532169793,,,1155.8,0.12500564965013006,1155.8,0.12500564965013006,1254.6466666666668,76.40143900116138,1071.2,35.96393443215022,28020.466666666664,1754.9984860322895,33054.35,579.65029801661,67.4,3.6827801672106357,1082517.94,15482.678947022881,1156.0,0.0,50579.64309329788,8268.721284114032,2081.746666666667,10.140049070194571,,,,,,,,,24.85927335640138,0.8256681996889336,0.847029880097729,0.03254432258566693,4.2,0.5551999999999999,0.0,0.0,0.0,0.0,0.0,0.0,1.0,0.0,0.0,0.0,0.0,0.0,0.0,0.0
kuiper,isl_p0.20,topological_scheme_asc_1p,5,551.1,1.1624816496520665,0.9983039985162779,0.002211052052716259,,,1.2528099514520394,0.0045059590460920255,1.2520879331914248,0.004546705437500301,1.0006111723336202,4.6256494899766166e-05,60.503545703442924,0.2940839208185456,9.552866914583937,0.20163945976887224,28.00217575853437,0.7540766827392716,0.9487005791896366,0.0019198303513735698,1.0,0.0,0.0,0.0,10.483333333333333,0.0,10.483333333333333,0.0,10.483333333333333,0.0,10.483333333333333,0.0,241.1166666666667,0.0,241.1166666666667,0.0,24.0,0.0,0.0,0.0,24.0,0.0,0.2166666666666667,0.0,466.13,6.410770505481803,0.0,0.0,0.018444666001994018,0.0,80915.5450505515,8002.333175331959,0.0,0.0,1299.1333333333332,17.512584232729534,0.0,0.0,99.70333333333333,1.642134295008917,1049659.6533333333,7127.549092260238,,,1154.02,0.32728557316202816,1154.01,0.34579497432243256,2089.9666666666667,62.571314369900264,1152.0,1.520477819634341,21459.533333333333,298.56956058814984,46669.71666666667,335.5382762009237,88.2,1.6186722460090552,1282351.1366666667,1789.6456484699056,1156.0,0.0,63693.219804267086,6372.1526906058425,1845.8700000000001,6.410770505481763,,,,,,,,,37.83375336409073,0.2569041627833126,0.4260033880554766,0.010685934992044177,3.2,0.5551999999999999,0.0,0.0,0.0,0.0,0.0,0.0,1.0,0.0,0.0,0.0,0.0,0.0,0.0,0.0
kuiper,isl_p0.20,topological_scheme_req_1p,5,551.2566666666667,0.6370031228250871,0.998887179316237,0.0016828567449653214,,,1.2113797946229286,0.005201610147548883,1.210709435632295,0.00524192409113312,1.0005941853153433,4.2250403446566035e-05,56.28167897949724,0.37546781731305956,5.343241143448948,0.18598787704630373,33.003436905322786,0.41451095218705303,0.7261365071314133,0.0029828767364244147,1.0,0.0,0.0,0.0,15.466666666666665,0.0,20.5,0.0,20.5,0.0,11.766666666666667,0.0,273.9433333333333,0.125518320221023,273.9433333333333,0.125518320221023,48.0,0.0,0.0,0.0,24.0,0.0,1.0333333333333334,0.0,466.13,6.410770505481803,0.0,0.0,0.02955838367251188,0.0,73329.62755238017,6017.795867697375,0.0,0.0,1402.1799999999998,35.86770449293038,0.0,0.0,99.70333333333333,1.642134295008917,1049659.6533333333,7127.549092260238,,,1154.02,0.32728557316202816,1154.01,0.34579497432243256,2024.813333333333,49.587836316609305,1152.0,1.520477819634341,42425.74333333333,577.5109604010873,46669.71666666667,335.5382762009237,88.2,1.6186722460090552,1282351.1366666667,1789.6456484699056,1156.0,0.0,57594.29204290112,4659.544378302823,1845.8700000000001,6.410770505481763,,,,,,,,,37.83375336409073,0.2569041627833126,0.4260033880554766,0.010685934992044177,3.2,0.5551999999999999,0.0,0.0,0.0,0.0,0.0,0.0,1.0,0.0,0.0,0.0,0.0,0.0,0.0,0.0
kuiper,sat_p0.005,topological_scheme_asc_1p,5,552.0,0.0,1.0,0.0,,,1.2085069792480958,0.00038970883991712446,1.2084403588808788,0.0003658253816675705,1.0000567352220493,2.753574690731452e-05,55.08799068546906,0.04470107474151124,7.524089494053888,0.02087625960548296,21.98551287714569,0.08665937082486729,0.9480072463768116,0.0008297402760879737,1.0,0.0,0.0,0.0,10.483333333333333,0.025341296993906044,10.483333333333333,0.025341296993906044,10.483333333333333,0.025341296993906044,10.483333333333333,0.025341296993906044,241.11666666666665,0.5828498308598337,241.11666666666665,0.5828498308598337,24.0,0.0,0.0,0.0,24.0,0.0,0.22333333333333333,0.01850666666666666,23.813333333333333,3.3133652949766264,5.953333333333333,0.8283413237441566,0.018444666001994018,4.458617733958015e-05,53381.7776141564,3542.0816306303523,0.0,0.0,8.35,0.9259114860503673,0.0,0.0,0.31,0.08093361230045278,40019.926666666666,6327.177986782149,,,1149.9933333333333,0.7171482579091595,354.40666666666664,59.47325734847589,70.92666666666666,31.52275904739022,124.6,12.087559594889283,875.3533333333332,280.6012962503094,5252.406666666667,833.1912704420097,12.2,0.5551999999999999,379600.47000000003,10854.845895490538,1156.0,0.0,17442.632745107017,1504.0736902038338,2288.1866666666665,3.3133652949766326,,,,,,,,,1.4424714052287582,0.22805572328367021,6.591204351684989,0.6042021954552217,22.0,6.8562142323588455,0.0,0.0,0.0,0.0,,,,,,,,,,
kuiper,sat_p0.005,topological_scheme_req_1p,5,552.0,0.0,1.0,0.0,,,1.173487430668351,0.0004942937876343063,1.1734353975247729,0.0004886122882039561,1.0000449565510106,2.1941409784214745e-05,51.45903900733357,0.0403558539427598,3.9369348682589234,0.020291464938447103,28.60840110864662,0.1003497505143348,0.7019323671497585,0.001725682289292886,1.0,0.0,0.0,0.0,15.48,0.04240410043065897,20.523333333333333,0.047634448785632486,20.523333333333333,0.047634448785632486,11.756666666666666,0.023591463616223014,273.7866666666667,0.5426036631731095,273.7866666666667,0.5426036631731095,48.0,0.0,0.0,0.0,24.0,0.0,1.04,0.03137958005525952,23.813333333333333,3.3133652949766264,5.953333333333333,0.8283413237441566,0.029470412292534165,3.640446135440373e-05,58507.93586204449,3783.9502965218053,0.0,0.0,12.696666666666667,3.2024221234975667,0.0,0.0,0.31,0.08093361230045278,40019.926666666666,6327.177986782149,,,1149.9933333333333,0.7171482579091595,354.40666666666664,59.47325734847589,68.17,29.710670190446915,124.6,12.087559594889283,1835.4633333333331,514.0341989308209,5252.406666666667,833.1912704420097,12.2,0.5551999999999999,379600.47000000003,10854.845895490538,1156.0,0.0,18931.90928131342,1296.470355447321,2288.1866666666665,3.3133652949766326,,,,,,,,,1.4424714052287582,0.22805572328367021,6.591204351684989,0.6042021954552217,22.0,6.8562142323588455,0.0,0.0,0.0,0.0,,,,,,,,,,
kuiper,sat_p0.01,topological_scheme_asc_1p,5,552.0,0.0,1.0,0.0,,,1.2093162856996187,0.00047636232432902433,1.2090891486336584,0.00048185182056941536,1.000194426009069,5.4623281131125014e-05,55.24571525430666,0.05272743958042459,7.579575669904235,0.015232199600440898,22.258698840663236,0.11350111174152967,0.9470048309178744,0.0017273912486173726,1.0,0.0,0.0,0.0,10.45,0.02534129699390514,10.45,0.02534129699390514,10.45,0.02534129699390514,10.45,0.02534129699390514,240.35,0.5828498308598337,240.35,0.5828498308598337,24.0,0.0,0.0,0.0,24.0,0.0,0.2166666666666667,0.0,51.86333333333333,11.960916795155054,12.993333333333334,3.0430877842962945,0.01838601841534221,4.458617733958015e-05,67632.188714991,11971.19366556799,0.0,0.0,21.246666666666666,4.738560535033585,0.0,0.0,0.61,0.051934204528422276,85074.49666666667,19977.265156821883,,,1143.0066666666667,3.043087784296327,671.5666666666667,141.76437958705043,189.26666666666665,24.45109509127693,230.8,104.07001488152098,2035.5366666666664,497.61224403589233,8912.266666666666,1544.2358226629112,21.2,5.296270446266882,458605.19333333336,35688.9411185341,1156.0,0.0,23369.405758877598,5159.790324324668,2260.1366666666668,11.960916795154864,,,,,,,,,3.066410635332564,0.7200571351218961,4.528781692439392,0.5100192841509188,15.4,3.116052271705338,0.0,0.0,0.0,0.0,,,,,,,,,,
kuiper,sat_p0.01,topological_scheme_req_1p,5,552.0,0.0,1.0,0.0,,,1.1731865933240417,0.0007905688970449426,1.1730307638009052,0.0007263641078812928,1.0001310132694143,7.847216385345221e-05,51.51954600924152,0.05070075499627393,3.9267736482416615,0.033096657400402144,28.730371031942887,0.1505049194550606,0.7016727053140096,0.0028101136237697363,1.0,0.0,0.0,0.0,15.446666666666667,0.04939928204606487,20.45,0.060324352922808855,20.45,0.060324352922808855,11.723333333333333,0.05193420452842242,273.0,1.2269829280710296,273.0,1.2269829280710296,48.0,0.0,0.0,0.0,24.0,0.0,1.0566666666666666,0.055904226037830865,51.86333333333333,11.960916795155054,12.993333333333334,3.0430877842962945,0.029341387601900182,5.521009921164634e-05,64690.285278856754,15995.256960508055,0.0,0.0,27.31666666666667,6.466120485250625,0.0,0.0,0.61,0.051934204528422276,85074.49666666667,19977.265156821883,,,1143.0066666666667,3.043087784296327,671.5666666666667,141.76437958705043,143.71666666666667,49.2961921418052,230.8,104.07001488152098,3595.9166666666665,710.1223445115842,8912.266666666666,1544.2358226629112,21.2,5.296270446266882,458605.19333333336,35688.9411185341,1156.0,0.0,21985.113754818834,5153.450198121971,2260.1366666666668,11.960916795154864,,,,,,,,,3.066410635332564,0.7200571351218961,4.528781692439392,0.5100192841509188,15.4,3.116052271705338,0.0,0.0,0.0,0.0,,,,,,,,,,
kuiper,sat_p0.02,topological_scheme_asc_1p,5,552.0,0.0,1.0,0.0,,,1.2104300288786338,0.0011224365478928946,1.21001308086382,0.0010094334042391987,1.000355344243319,0.00011275666157241687,55.46464382306033,0.17209769384719859,7.644283714360869,0.056256581704338574,22.37740539483625,0.31940547011711884,0.945163043478261,0.0016544776357772376,1.0,0.0,0.0,0.0,10.459999999999999,0.05778704814517987,10.459999999999999,0.05778704814517987,10.459999999999999,0.05778704814517987,10.459999999999999,0.05778704814517987,240.58,1.329102107339141,240.58,1.329102107339141,24.0,0.0,0.0,0.0,24.0,0.0,0.24,0.023591463616222608,94.55,13.147550726191467,23.869999999999997,3.2799901586844227,0.01840361269133775,0.00010167212740340117,69259.90958606204,5123.8374504954345,0.0,0.0,46.55333333333333,17.8724749834226,0.0,0.0,1.2133333333333334,0.13678041835162094,146880.03333333333,25578.09818787117,,,1132.1299999999999,3.2799901586845155,941.4100000000001,87.95599695593644,316.90666666666664,90.72387901339022,484.4,109.11339822844855,3332.653333333333,1084.108121447044,12949.206666666667,1702.768858456964,32.8,4.424215980261361,563771.83,37212.24628020012,1156.0,0.0,27953.389686644077,3039.840988511855,2217.45,13.147550726191538,,,,,,,,,5.294118848519799,0.9219326048108119,3.2007764037989856,0.31953531566327836,11.6,1.1103999999999998,0.0,0.0,0.0,0.0,,,,,,,,,,
kuiper,sat_p0.02,topological_scheme_req_1p,5,552.0,0.0,1.0,0.0,,,1.1738378506823368,0.0010711367633546747,1.1735387021348944,0.0010351329350126327,1.0002582210997648,7.226062273443653e-05,51.71650087527657,0.14368369737720532,3.971259698844056,0.06572962080601664,28.82416734660739,0.29949818419960395,0.7029166666666666,0.002159245161170123,1.0,0.0,0.0,0.0,15.466666666666665,0.07602389098171738,20.47,0.049399282046064176,20.47,0.049399282046064176,11.74,0.06309932065138825,273.4,1.3707744458273718,273.4,1.3707744458273718,48.0,0.0,0.0,0.0,24.0,0.0,1.0633333333333332,0.02266594508655359,94.55,13.147550726191467,23.869999999999997,3.2799901586844227,0.029224092428596565,0.00017945590209868917,67872.2801630199,14909.09265136172,0.0,0.0,57.35333333333333,17.505379597958513,0.0,0.0,1.2133333333333334,0.13678041835162094,146880.03333333333,25578.09818787117,,,1132.1299999999999,3.2799901586845155,941.4100000000001,87.95599695593644,257.78000000000003,77.65427352579407,484.4,109.11339822844855,6471.99,1578.0342658602015,12949.206666666667,1702.768858456964,32.8,4.424215980261361,563771.83,37212.24628020012,1156.0,0.0,27027.33863333861,7436.408663670278,2217.45,13.147550726191538,,,,,,,,,5.294118848519799,0.9219326048108119,3.2007764037989856,0.31953531566327836,11.6,1.1103999999999998,0.0,0.0,0.0,0.0,,,,,,,,,,
kuiper,sat_p0.05,topological_scheme_asc_1p,5,552.0,0.0,1.0,0.0,,,1.2137728419528595,0.0021014703924427253,1.2129886665083203,0.0021368712810164677,1.000657235895839,7.15233421773617e-05,56.099387282763665,0.14304105983893614,7.848126372814534,0.07246273614153967,23.043825044654273,0.16560401292641155,0.9420108695652175,0.00319478044259086,1.0,0.0,0.0,0.0,10.370000000000001,0.10283280583333015,10.370000000000001,0.10283280583333015,10.370000000000001,0.10283280583333015,10.370000000000001,0.10283280583333015,238.51,2.365154534166621,238.51,2.365154534166621,24.0,0.0,0.0,0.0,24.0,0.0,0.27999999999999997,0.02697787076681758,228.48666666666668,22.294818379748136,58.94333333333334,5.420877985041824,0.018245264207377866,0.00018092687672277024,73206.66323815784,17039.174609901576,0.0,0.0,137.70666666666665,24.9798039464026,0.0,0.0,3.013333333333333,0.28945337786171293,318110.5133333333,38659.131468003514,,,1097.0566666666668,5.420877985041818,1094.7233333333334,5.735753139953778,635.4333333333333,79.19866591965074,746.6,50.28009644541267,6817.593333333333,1087.7809355405418,23133.5,2022.9122244517307,61.2,7.571918478166547,840053.6666666667,53057.18427733442,1156.0,0.0,39359.51723451416,8027.406623426379,2083.5133333333333,22.294818379748094,,,,,,,,,11.465921039984622,1.3934231353807487,1.8011069250333318,0.2144719753278368,7.6,0.6799783525966101,0.0,0.0,0.0,0.0,,,,,,,,,,
kuiper,sat_p0.05,topological_scheme_req_1p,5,552.0,0.0,1.0,0.0,,,1.1772558404759859,0.003126401801369119,1.1767176359914557,0.003137802605483729,1.0004638445951215,3.909092716740893e-05,52.320069991462695,0.13144168724675895,4.1245533572885655,0.12197580287745935,29.570431228359705,0.27546179435548407,0.7071316425120773,0.006505871735330372,1.0,0.0,0.0,0.0,15.309999999999999,0.09987600668384321,20.330000000000002,0.1544225809624719,20.330000000000002,0.1544225809624719,11.63,0.0858118831449866,270.99333333333334,2.047560070110555,270.99333333333334,2.047560070110555,48.0,0.0,0.0,0.0,24.0,0.0,1.1466666666666667,0.06102992490027603,228.48666666666668,22.294818379748136,58.94333333333334,5.420877985041824,0.028725587942056187,0.00012237531741939798,77560.80083260933,9439.888838561523,0.0,0.0,167.9633333333333,23.186522343602977,0.0,0.0,3.013333333333333,0.28945337786171293,318110.5133333333,38659.131468003514,,,1097.0566666666668,5.420877985041818,1094.7233333333334,5.735753139953778,594.4399999999999,103.304210432342,746.6,50.28009644541267,13958.686666666666,1363.899521734936,23133.5,2022.9122244517307,61.2,7.571918478166547,840053.6666666667,53057.18427733442,1156.0,0.0,41440.436483720936,4090.0070862101566,2083.5133333333333,22.294818379748094,,,,,,,,,11.465921039984622,1.3934231353807487,1.8011069250333318,0.2144719753278368,7.6,0.6799783525966101,0.0,0.0,0.0,0.0,,,,,,,,,,
kuiper,void_b2,topological_scheme_asc_1p,5,552.0,0.0,1.0,0.0,,,1.2081211262400817,0.000545370051860659,1.2080721509677879,0.0005212344643200567,1.0000391954529113,3.4854460925556514e-05,55.06101931081247,0.07230178788668933,7.505695137905214,0.032800253713578906,21.934279292858328,0.16407083548266949,0.9468900966183575,0.0012009463549807003,1.0,0.0,0.0,0.0,10.486666666666666,0.009253333333333794,10.486666666666666,0.009253333333333794,10.486666666666666,0.009253333333333794,10.486666666666666,0.009253333333333794,241.19333333333333,0.21282666666666245,241.19333333333333,0.21282666666666245,24.0,0.0,0.0,0.0,24.0,0.0,0.22333333333333333,0.01850666666666666,12.0,0.0,4.0,0.0,0.018450530760659202,1.6280570054543124e-05,33037.560417056084,8132.735979729247,0.0,0.0,2.4033333333333333,1.1197489215395067,0.0,0.0,0.06666666666666667,0.0,12492.416666666666,784.9321356965646,,,1003.55,12.661327918631262,130.24666666666667,7.278298139733247,25.356666666666666,29.52608969260613,79.6,0.6799783525966101,275.98,270.3430068905389,1443.2233333333334,83.77152033749786,6.0,0.0,334597.94,708.200683366548,1156.0,0.0,15810.048722475767,3659.2338989399623,2300.0,0.0,,,,,,,,,0.4502745338331411,0.028291959908324876,11.67958766937386,0.1704781308377234,30.0,0.0,0.0,0.0,0.0,0.0,,,,,,,,,,
kuiper,void_b2,topological_scheme_req_1p,5,552.0,0.0,1.0,0.0,,,1.1729504657694139,0.0002723119885553745,1.1729201965839409,0.0002835711944890045,1.0000224714121582,1.4034451832821149e-05,51.42871616436397,0.03333100429886544,3.925078730849029,0.0038051298312149016,28.577120383951694,0.1589674176604631,0.7016727053140096,0.0008832994667212888,1.0,0.0,0.0,0.0,15.459999999999999,0.02775999999999957,20.503333333333334,0.009253333333332807,20.503333333333334,0.009253333333332807,11.743333333333334,0.04533189017310779,273.50666666666666,1.0713106360590683,273.50666666666666,1.0713106360590683,48.0,0.0,0.0,0.0,24.0,0.0,1.04,0.0185066666666666,12.0,0.0,4.0,0.0,0.029482141809864526,6.0916315205468434e-05,32436.05188916127,8471.481794763018,0.0,0.0,3.54,0.6151205098190108,0.0,0.0,0.06666666666666667,0.0,12492.416666666666,784.9321356965646,,,1003.55,12.661327918631262,130.24666666666667,7.278298139733247,17.37666666666667,6.715373576159243,79.6,0.6799783525966101,496.4966666666667,185.4038854102067,1443.2233333333334,83.77152033749786,6.0,0.0,334597.94,708.200683366548,1156.0,0.0,15372.602063715458,4045.226737857066,2300.0,0.0,,,,,,,,,0.4502745338331411,0.028291959908324876,11.67958766937386,0.1704781308377234,30.0,0.0,0.0,0.0,0.0,0.0,,,,,,,,,,
kuiper,void_b4,topological_scheme_asc_1p,5,552.0,0.0,1.0,0.0,,,1.207428479749597,0.0021688747098013894,1.2072381028355466,0.00211663102794067,1.0001494701573512,8.45705748688382e-05,55.240647999544535,0.18179785188085895,7.502772694774831,0.10566535034438457,22.208690547161574,0.300975682773318,0.9440519323671497,0.0032912224585658306,1.0,0.0,0.0,0.0,10.453333333333333,0.08066868978179244,10.453333333333333,0.08066868978179244,10.453333333333333,0.08066868978179244,10.453333333333333,0.08066868978179244,240.42666666666665,1.8553798649812339,240.42666666666665,1.8553798649812339,24.0,0.0,0.0,0.0,24.0,0.0,0.31333333333333335,0.07373693300435599,40.0,0.0,16.0,0.0,0.01839188317400739,0.00014193071922196892,28790.40487105648,4852.901232848972,0.0,0.0,5.8133333333333335,1.5655234436514265,0.0,0.0,0.26666666666666666,0.0,20606.98,992.3846786431685,,,902.85,18.984459887579384,225.44666666666666,13.314083672235526,43.983333333333334,21.393953807684387,144.6,8.978117896307666,522.7566666666667,285.5256080874083,1688.9,35.634660553892004,10.0,0.0,368421.55,4606.66021269418,1156.0,0.0,14828.63373234868,2447.114095554122,2272.0,0.0,,,,,,,,,0.7427544694348327,0.03576934395340141,9.328897134346226,0.10887522049241447,27.0,0.0,0.0,0.0,0.0,0.0,,,,,,,,,,
kuiper,void_b4,topological_scheme_req_1p,5,552.0,0.0,1.0,0.0,,,1.1729204291954254,0.002918590785814108,1.172732039859811,0.0029215630632550282,1.0001410144889697,9.976326731788861e-05,51.57608108216224,0.1397367522240775,3.9122293305254194,0.10317931375740691,28.808220094393583,0.529301905057524,0.701225845410628,0.0036742390519710973,1.0,0.0,0.0,0.0,15.52,0.13037023927602834,20.419999999999998,0.11180845207566201,20.419999999999998,0.11180845207566201,11.73,0.03701333333333345,273.2366666666667,0.8789936109994017,273.2366666666667,0.8789936109994017,48.0,0.0,0.0,0.0,24.0,0.0,1.1666666666666667,0.1197582973233077,40.0,0.0,16.0,0.0,0.029188903876605478,0.00029753827497397254,39834.07469292482,1342.935568648961,0.0,0.0,7.113333333333332,1.3469401957193363,0.0,0.0,0.26666666666666666,0.0,20606.98,992.3846786431685,,,902.85,18.984459887579384,225.44666666666666,13.314083672235526,29.630000000000003,11.66653609942938,144.6,8.978117896307666,1027.1066666666668,325.8690016240879,1688.9,35.634660553892004,10.0,0.0,368421.55,4606.66021269418,1156.0,0.0,20208.784892062344,923.7456451519552,2272.0,0.0,,,,,,,,,0.7427544694348327,0.03576934395340141,9.328897134346226,0.10887522049241447,27.0,0.0,0.0,0.0,0.0,0.0,,,,,,,,,,
kuiper,void_b8,topological_scheme_asc_1p,5,552.0,0.0,1.0,0.0,,,1.2216406024986477,0.03155660727165726,1.2211248859473396,0.031153586164744257,1.0004143969241492,0.0003545833543157947,56.72768058716292,1.9544749078026666,7.923700431295093,1.0654418823835383,24.624537547001758,5.084960672387815,0.9293115942028984,0.01023914293362107,1.0,0.0,0.0,0.0,10.28,0.2291951855224419,10.28,0.2291951855224419,10.28,0.2291951855224419,10.28,0.2291951855224419,236.44,5.2714892670161735,236.44,5.2714892670161735,24.0,0.0,0.0,0.0,24.0,0.0,0.45,0.32813473384504044,144.0,0.0,64.0,0.0,0.01808691572341798,0.00040325233509314794,39671.339150071144,5627.948812588213,0.0,0.0,8.9,3.522561821048867,0.0,0.0,1.0666666666666667,0.0,23450.653333333332,1219.976495920232,,,676.52,29.311930363957764,322.90666666666664,16.828081572757412,49.87,39.26685390141212,152.8,1.8413900836053179,748.95,473.76636506706035,2186.07,111.73083351427611,19.0,0.0,461224.74000000005,8678.397873951682,1156.0,0.0,23444.72134013971,3449.665710433999,2168.0,0.0,,,,,,,,,0.8452513456362937,0.043972624564598904,5.719126551537968,0.12183038154032766,21.0,0.0,0.0,0.0,0.0,0.0,,,,,,,,,,
kuiper,void_b8,topological_scheme_req_1p,5,552.0,0.0,1.0,0.0,,,1.1763330165432098,0.0069246817434855685,1.1760487967473723,0.006855052624722192,1.0002046189187044,7.556602317682297e-05,52.58741370040209,0.5663557011392608,3.860957645114291,0.1409793318595012,31.171872737381022,1.644043014425509,0.697451690821256,0.009420406893674012,1.0,0.0,0.0,0.0,15.106666666666666,0.2420060693453783,19.95,0.3795558972155633,19.95,0.3795558972155633,11.346666666666668,0.22159753147441755,264.29333333333335,5.271935927346262,264.29333333333335,5.271935927346262,48.0,0.0,0.0,0.0,24.0,0.0,1.4766666666666666,0.5701510246709491,144.0,0.0,64.0,0.0,0.027951439798252303,0.0005271738080784642,33560.50662140052,3032.418224136629,0.0,0.0,9.663333333333332,1.1617817034193638,0.0,0.0,1.0666666666666667,0.0,23450.653333333332,1219.976495920232,,,676.52,29.311930363957764,322.90666666666664,16.828081572757412,32.346666666666664,12.831294079058777,152.8,1.8413900836053179,1432.4033333333332,235.55416830190262,2186.07,111.73083351427611,19.0,0.0,461224.74000000005,8678.397873951682,1156.0,0.0,19598.605308930077,1681.9509744293764,2168.0,0.0,,,,,,,,,0.8452513456362937,0.043972624564598904,5.719126551537968,0.12183038154032766,21.0,0.0,0.0,0.0,0.0,0.0,,,,,,,,,,
kuiper,cut,topological_scheme_asc_1p,1,466.25,,0.6457908847184987,,,,1.1781195560651703,,1.1781194407725193,,1.0000001013779476,,46.75585718718643,,5.339318935760105,,14.2352808997458,,0.9208457876674416,,1.0,,0.0,,10.483333333333333,,10.483333333333333,,10.483333333333333,,10.483333333333333,,241.11666666666667,,241.11666666666667,,24.0,,0.0,,24.0,,0.21666666666666667,,68.0,,0.0,,0.018444666001994018,,35988.731609781586,,0.0,,59.05,,0.0,,1.1333333333333333,,0.0,,,,0.0,,0.0,,0.0,,0.0,,0.0,,0.0,,0.0,,885514.2833333333,,1156.0,,33962.120785315834,,2244.0,,,,,,,,,,0.0,,,,0.0,,0.0,,0.0,,0.0,,1.0,,0.0,,0.0,,0.0,
kuiper,cut,topological_scheme_req_1p,1,458.8833333333333,,0.8000217920313806,,,,1.207501843326819,,1.2075000826982045,,1.0000015286080277,,49.72829968099845,,3.0551129335120506,,29.33181847666739,,0.7005039269986835,,1.0,,0.0,,15.466666666666667,,20.5,,20.5,,11.766666666666667,,274.1333333333333,,274.1333333333333,,48.0,,0.0,,24.0,,1.0333333333333334,,68.0,,0.0,,0.029558383672511877,,29205.734990537167,,0.0,,60.516666666666666,,0.0,,1.1333333333333333,,0.0,,,,0.0,,0.0,,0.0,,0.0,,0.0,,0.0,,0.0,,885514.2833333333,,1156.0,,27249.401069432497,,2244.0,,,,,,,,,,0.0,,,,0.0,,0.0,,0.0,,0.0,,1.0,,0.0,,0.0,,0.0,
kuiper,polar_lat75,topological_scheme_asc_1p,1,552.0,,1.0,,,,1.2079353592130115,,1.2079352160630772,,1.0000001233843328,,54.99467179361967,,7.4884032521556145,,21.8696896538467,,0.9478562801932368,,1.0,,0.0,,10.483333333333333,,10.483333333333333,,10.483333333333333,,10.483333333333333,,241.11666666666667,,241.11666666666667,,24.0,,0.0,,24.0,,0.21666666666666667,,0.0,,0.0,,0.018444666001994018,,14482.416172822317,,0.0,,0.0,,0.0,,0.0,,0.0,,,,0.0,,0.0,,0.0,,0.0,,0.0,,0.0,,0.0,,307846.0,,0.0,,12493.476436287165,,2312.0,,,,,,,,,,0.0,,,,0.0,,0.0,,0.0,,,,,,,,,,,
kuiper,polar_lat75,topological_scheme_req_1p,1,552.0,,1.0,,,,1.1728771091463324,,1.1728759280126353,,1.0000010817080187,,51.37449404339175,,3.9181012922710177,,28.505067395730485,,0.7013888888888888,,1.0,,0.0,,15.466666666666667,,20.5,,20.5,,11.766666666666667,,274.01666666666665,,274.01666666666665,,48.0,,0.0,,24.0,,1.0333333333333334,,0.0,,0.0,,0.029558383672511877,,20188.723349074524,,0.0,,0.0,,0.0,,0.0,,0.0,,,,0.0,,0.0,,0.0,,0.0,,0.0,,0.0,,0.0,,307846.0,,0.0,,16962.798404693604,,2312.0,,,,,,,,,,0.0,,,,0.0,,0.0,,0.0,,,,,,,,,,,
kuiper,polar_lat60,topological_scheme_asc_1p,1,552.0,,1.0,,,,1.2079353592130115,,1.2079352160630772,,1.0000001233843328,,54.99467179361967,,7.4884032521556145,,21.8696896538467,,0.9478562801932368,,1.0,,0.0,,10.483333333333333,,10.483333333333333,,10.483333333333333,,10.483333333333333,,241.11666666666667,,241.11666666666667,,24.0,,0.0,,24.0,,0.21666666666666667,,0.0,,0.0,,0.018444666001994018,,21552.49583174785,,0.0,,0.0,,0.0,,0.0,,0.0,,,,0.0,,0.0,,0.0,,0.0,,0.0,,0.0,,0.0,,307846.0,,0.0,,18583.378723760445,,2312.0,,,,,,,,,,0.0,,,,0.0,,0.0,,0.0,,,,,,,,,,,
kuiper,polar_lat60,topological_scheme_req_1p,1,552.0,,1.0,,,,1.1728771091463324,,1.1728759280126353,,1.0000010817080187,,51.37449404339175,,3.9181012922710177,,28.505067395730485,,0.7013888888888888,,1.0,,0.0,,15.466666666666667,,20.5,,20.5,,11.766666666666667,,274.01666666666665,,274.01666666666665,,48.0,,0.0,,24.0,,1.0333333333333334,,0.0,,0.0,,0.029558383672511877,,21988.731644302607,,0.0,,0.0,,0.0,,0.0,,0.0,,,,0.0,,0.0,,0.0,,0.0,,0.0,,0.0,,0.0,,307846.0,,0.0,,18498.11324576537,,2312.0,,,,,,,,,,0.0,,,,0.0,,0.0,,0.0,,,,,,,,,,,
starlink,none,topological_scheme_asc_1p,1,552.0,,1.0,,,,1.4460242773111718,,1.44602225113162,,1.00000148269943,,84.80647064514474,,22.08668736492951,,66.89812759390074,,0.9554347826086956,,1.0,,0.0,,15.383333333333333,,15.383333333333333,,15.383333333333333,,15.383333333333333,,353.81666666666666,,353.81666666666666,,24.0,,0.0,,24.0,,0.2833333333333333,,0.0,,0.0,,0.01975261085430577,,15963.974207639694,,0.0,,0.0,,0.0,,0.0,,0.0,,,,0.0,,0.0,,0.0,,0.0,,0.0,,0.0,,0.0,,457302.31666666665,,0.0,,12948.32692121466,,3168.0,,,,,,,,,,0.0,,,,0.0,,0.0,,0.0,,,,,,,,,,,
starlink,none,topological_scheme_req_1p,1,552.0,,1.0,,,,1.3199394137532265,,1.319932999685368,,1.000005102939644,,70.91080468850498,,8.183813322172202,,60.22179786472848,,0.7057065217391304,,1.0,,0.0,,19.4,,30.7,,30.7,,15.866666666666667,,367.78333333333336,,367.78333333333336,,48.0,,0.0,,24.0,,0.5666666666666667,,0.0,,0.0,,0.024332306111967128,,26092.90096188585,,0.0,,0.0,,0.0,,0.0,,0.0,,,,0.0,,0.0,,0.0,,0.0,,0.0,,0.0,,0.0,,457302.31666666665,,0.0,,20794.665762533743,,3168.0,,,,,,,,,,0.0,,,,0.0,,0.0,,0.0,,,,,,,,,,,
starlink,isl_p0.01,topological_scheme_asc_1p,5,552.0,0.0,1.0,0.0,,,1.4502269635593708,0.001928422123640959,1.4501665210924872,0.0019306373019536897,1.0000313291391236,7.181376952291357e-06,85.22705735812784,0.15977752947769058,22.3343360579913,0.08973281256597834,67.55805212705576,0.3729616918165072,0.9556884057971015,0.00029822633166692706,1.0,0.0,0.0,0.0,15.383333333333331,0.0,15.383333333333331,0.0,15.383333333333331,0.0,15.383333333333331,0.0,353.81666666666666,0.0,353.81666666666666,0.0,24.0,0.0,0.0,0.0,24.0,0.0,0.2833333333333333,0.0,31.18333333333333,3.4532728388523775,0.0,0.0,0.01975261085430577,0.0,130803.84356588125,18561.39524945145,0.0,0.0,25.28666666666667,5.767718536297999,0.0,0.0,6.393333333333333,0.5392796304536471,197200.2033333333,25047.62589837827,,,1584.0,0.0,988.7833333333334,127.37031408072376,386.57666666666665,76.67761503840345,647.0,160.81643776679047,3196.6966666666667,444.8826948497464,14720.406666666666,1311.4424001475763,29.0,5.267089670776452,742165.9266666666,33602.949576721345,988.7833333333334,127.37031408072376,39869.41629389922,6348.947016914771,3136.8166666666666,3.453272838852343,,,,,,,,,5.187294910914703,0.6588706307443778,3.7611641404590643,0.3510116298198581,14.8,2.388005494131033,0.0,0.0,0.0,0.0,,,,,,,,,,
starlink,isl_p0.01,topological_scheme_req_1p,5,552.0,0.0,1.0,0.0,,,1.3212504461750982,0.0005799362885496476,1.3211658634820753,0.000577529575453837,1.0000619822902936,1.5596651720775194e-05,71.0889352319186,0.03940279960862487,8.195547647786412,0.017228802320613905,60.549738379893164,0.14467308612196617,0.7054891304347827,0.00087241585417944,1.0,0.0,0.0,0.0,19.4,0.0,30.7,0.0,30.7,0.0,15.866666666666669,0.0,367.78333333333336,0.0,367.78333333333336,0.0,48.0,0.0,0.0,0.0,24.0,0.0,0.5666666666666667,0.0,31.18333333333333,3.4532728388523775,0.0,0.0,0.024332306111967128,0.0,113151.59149467945,17791.51058932354,0.0,0.0,33.66666666666667,7.297134899183987,0.0,0.0,6.393333333333333,0.5392796304536471,197200.2033333333,25047.62589837827,,,1584.0,0.0,988.7833333333334,127.37031408072376,221.61999999999998,43.68039503935326,647.0,160.81643776679047,6162.783333333333,979.1987738522671,14720.406666666666,1311.4424001475763,29.0,5.267089670776452,742165.9266666666,33602.949576721345,988.7833333333334,127.37031408072376,34370.21617079774,6272.373896160564,3136.8166666666666,3.453272838852343,,,,,,,,,5.187294910914703,0.6588706307443778,3.7611641404590643,0.3510116298198581,14.8,2.388005494131033,0.0,0.0,0.0,0.0,,,,,,,,,,
starlink,isl_p0.02,topological_scheme_asc_1p,5,552.0,0.0,1.0,0.0,,,1.4555786370263981,0.001808400262829352,1.4554933049366772,0.0017949683759417169,1.0000425474378896,1.0652733912134222e-05,85.63964785373,0.14167571021356834,22.60882286142251,0.06234334603621053,68.30725677967345,0.3175437130016108,0.9562198067632849,0.0004621318760362613,1.0,0.0,0.0,0.0,15.383333333333331,0.0,15.383333333333331,0.0,15.383333333333331,0.0,15.383333333333331,0.0,353.81666666666666,0.0,353.81666666666666,0.0,24.0,0.0,0.0,0.0,24.0,0.0,0.2833333333333333,0.0,62.09666666666667,3.660199248638428,0.0,0.0,0.01975261085430577,0.0,126630.37907625237,12044.9142593139,0.0,0.0,57.083333333333336,6.51116834397296,0.0,0.0,13.180000000000001,0.5887694656937749,381964.5566666667,25690.678119616292,,,1584.0,0.0,1435.85,53.21819185320414,673.17,96.25478211178772,881.0,165.06349040778215,5397.11,566.9522986593121,23696.73,576.2866133077118,44.8,3.765549606631148,987047.55,29064.311525518067,1435.85,53.21819185320414,48660.80040718119,4722.220314031569,3105.903333333333,3.6601992486383494,,,,,,,,,10.047468346661054,0.6757859353855293,2.5717353440095962,0.08253641471841236,10.6,1.4154878169733571,0.0,0.0,0.0,0.0,,,,,,,,,,
starlink,isl_p0.02,topological_scheme_req_1p,5,552.0,0.0,1.0,0.0,,,1.3236098877239049,0.000933797120845484,1.3234594779865134,0.0009022659413042974,1.000108608445157,2.6796272668614815e-05,71.27511266004042,0.050905350413406,8.233269886888817,0.025253265095405132,60.87399953540675,0.057749063771819174,0.7051811594202899,0.0006320225318805284,1.0,0.0,0.0,0.0,19.4,0.0,30.7,0.0,30.7,0.0,15.866666666666669,0.0,367.78333333333336,0.0,367.78333333333336,0.0,48.0,0.0,0.0,0.0,24.0,0.0,0.5666666666666667,0.0,62.09666666666667,3.660199248638428,0.0,0.0,0.024332306111967128,0.0,127684.23485636711,17719.354242216097,0.0,0.0,73.68333333333332,5.642010857132411,0.0,0.0,13.180000000000001,0.5887694656937749,381964.5566666667,25690.678119616292,,,1584.0,0.0,1435.85,53.21819185320414,400.3366666666667,54.35899275607752,881.0,165.06349040778215,11080.710000000001,643.426362865706,23696.73,576.2866133077118,44.8,3.765549606631148,987047.55,29064.311525518067,1435.85,53.21819185320414,48794.3343917032,6451.908183449056,3105.903333333333,3.6601992486383494,,,,,,,,,10.047468346661054,0.6757859353855293,2.5717353440095962,0.08253641471841236,10.6,1.4154878169733571,0.0,0.0,0.0,0.0,,,,,,,,,,
starlink,isl_p0.05,topological_scheme_asc_1p,5,552.0,0.0,1.0,0.0,,,1.4712914313834773,0.0016774364832612013,1.471190784630997,0.0016737646373066117,1.0000585258689945,6.188805359268997e-06,87.17636515399379,0.13868601942827097,23.56198552038706,0.09076887733058164,71.83199335324427,0.6999922858937212,0.9570652173913043,0.0004590814672809021,1.0,0.0,0.0,0.0,15.383333333333331,0.0,15.383333333333331,0.0,15.383333333333331,0.0,15.383333333333331,0.0,353.81666666666666,0.0,353.81666666666666,0.0,24.0,0.0,0.0,0.0,24.0,0.0,0.2833333333333333,0.0,158.57333333333332,5.847118292005986,0.0,0.0,0.01975261085430577,0.0,131949.6137997508,12878.342746595446,0.0,0.0,184.01666666666665,14.87975849798047,0.0,0.0,33.44666666666667,0.22731957964259814,856322.1699999999,60228.67805406658,,,1583.9866666666667,0.03701333333329967,1583.75,0.32287371593932956,1536.3666666666666,68.1903852945984,1272.0,68.15065865565789,12416.97,751.6109270924857,42849.57666666667,1946.6721163126088,65.2,6.414902948603354,1549922.9666666666,54979.5024785129,1583.7633333333333,0.2872262092653307,71447.17693159977,5125.759641098654,3009.4266666666667,5.847118292005857,,,,,,,,,22.525309606481482,1.5842981390484687,1.4237467077467614,0.046745016112929486,6.6,0.6799783525966101,0.0,0.0,0.0,0.0,,,,,,,,,,
starlink,isl_p0.05,topological_scheme_req_1p,5,552.0,0.0,1.0,0.0,,,1.3291848858317525,0.001057431819657176,1.3288597011924626,0.0010648866993854791,1.0002383322599768,3.209992425104174e-05,71.92465463154974,0.035685570208592476,8.338411317053103,0.024679609375386352,62.08096464310224,0.23075566798098482,0.7050785024154589,0.0004083847262930412,1.0,0.0,0.0,0.0,19.4,0.0,30.7,0.0,30.7,0.0,15.866666666666669,0.0,367.78333333333336,0.0,367.78333333333336,0.0,48.0,0.0,0.0,0.0,24.0,0.0,0.5666666666666667,0.0,158.57333333333332,5.847118292005986,0.0,0.0,0.024332306111967128,0.0,121086.59443418185,9271.85841933995,0.0,0.0,227.95,14.448991851582973,0.0,0.0,33.44666666666667,0.22731957964259814,856322.1699999999,60228.67805406658,,,1583.9866666666667,0.03701333333329967,1583.75,0.32287371593932956,925.22,55.67867880974987,1272.0,68.15065865565789,24682.013333333332,1434.0116271542306,42849.57666666667,1946.6721163126088,65.2,6.414902948603354,1549922.9666666666,54979.5024785129,1583.7633333333333,0.2872262092653307,65617.51081188521,6362.247085955063,3009.4266666666667,5.847118292005857,,,,,,,,,22.525309606481482,1.5842981390484687,1.4237467077467614,0.046745016112929486,6.6,0.6799783525966101,0.0,0.0,0.0,0.0,,,,,,,,,,
starlink,isl_p0.10,topological_scheme_asc_1p,5,552.0,0.0,1.0,0.0,,,1.5008635019924197,0.007963185566328782,1.5007689929975445,0.007975814696524917,1.000064222048113,1.507253089649679e-05,89.92358435906786,0.5451597732705801,25.286431847911977,0.34558740422066886,77.55751979849215,1.3372658555856158,0.9589915458937199,0.000634684625229137,1.0,0.0,0.0,0.0,15.383333333333331,0.0,15.383333333333331,0.0,15.383333333333331,0.0,15.383333333333331,0.0,353.81666666666666,0.0,353.81666666666666,0.0,24.0,0.0,0.0,0.0,24.0,0.0,0.2833333333333333,0.0,314.7,12.13267800318171,0.0,0.0,0.01975261085430577,0.0,143547.25062459707,16671.36909122369,0.0,0.0,533.4300000000001,68.7925100021875,0.0,0.0,67.50666666666666,0.7333813964855602,1490190.8433333333,55817.95572379376,,,1583.8933333333334,0.09089957731236924,1583.8933333333334,0.09089957731236924,2474.9900000000002,141.85926672351738,1525.8,46.71109796012078,21615.45333333333,1220.6096848797883,60485.306666666664,1939.6865407172395,85.2,4.060937901519795,2087640.7866666666,32039.22179682196,1584.0,0.0,98954.25834700465,12339.818100596125,2853.3,12.132678003181516,,,,,,,,,39.19904364828844,1.4682753504785795,0.8539809630331586,0.031106729280837235,5.0,0.877848278462742,0.0,0.0,0.0,0.0,,,,,,,,,,
starlink,isl_p0.10,topological_scheme_req_1p,5,552.0,0.0,1.0,0.0,,,1.3435917734300162,0.005581456568867959,1.343097836439051,0.005573501924146607,1.00036775980876,3.4577439665747505e-05,73.3553712463304,0.3628226458975034,8.681390162434418,0.1575254973017728,64.91756470154188,0.812206109008332,0.7074214975845411,0.0007380606171086554,1.0,0.0,0.0,0.0,19.4,0.0,30.7,0.0,30.7,0.0,15.866666666666669,0.0,367.78333333333336,0.0,367.78333333333336,0.0,48.0,0.0,0.0,0.0,24.0,0.0,0.5666666666666667,0.0,314.7,12.13267800318171,0.0,0.0,0.024332306111967128,0.0,138538.00567189854,17897.901454294923,0.0,0.0,612.11,58.43941109914553,0.0,0.0,67.50666666666666,0.7333813964855602,1490190.8433333333,55817.95572379376,,,1583.8933333333334,0.09089957731236924,1583.8933333333334,0.09089957731236924,1666.9266666666667,141.24835193366266,1525.8,46.71109796012078,43493.11666666667,2361.112761484074,60485.306666666664,1939.6865407172395,85.2,4.060937901519795,2087640.7866666666,32039.22179682196,1584.0,0.0,95030.35826832056,12062.248517376067,2853.3,12.132678003181516,,,,,,,,,39.19904364828844,1.4682753504785795,0.8539809630331586,0.031106729280837235,5.0,0.877848278462742,0.0,0.0,0.0,0.0,,,,,,,,,,
starlink,isl_p0.20,topological_scheme_asc_1p,5,551.1766666666666,0.6892957003267104,0.9984449044217563,0.0013029153335595391,,,1.5908293175898198,0.00998811270663229,1.5907544893033303,0.009989029852286398,1.000052314799638,9.696025988246287e-06,99.42768258602348,0.7983270282848098,31.069242502084855,0.4293998398915395,94.37515296593787,1.4409749225127897,0.9599437055949508,0.002263802147445193,1.0,0.0,0.0,0.0,15.383333333333331,0.0,15.383333333333331,0.0,15.383333333333331,0.0,15.383333333333331,0.0,353.81666666666666,0.0,353.81666666666666,0.0,24.0,0.0,0.0,0.0,24.0,0.0,0.2833333333333333,0.0,645.0600000000001,19.734371853816626,0.0,0.0,0.01975261085430577,0.0,147276.93826595944,5153.076400000507,0.0,0.0,1785.7766666666666,64.65865837140481,0.0,0.0,135.77666666666667,2.2551666180967125,2127127.8766666665,19490.78795812546,,,1580.6866666666667,0.7332062466849755,1580.6799999999998,0.7488056678323484,3631.6333333333337,103.09216178926503,1579.2,1.6186722460090552,31684.04,359.2175847224431,81775.32666666666,1230.5915764293768,115.2,6.9897893988302675,2431771.7333333334,7581.757475596197,1584.0,0.0,116380.64607232809,3962.5913583094894,2522.94,19.73437185381675,,,,,,,,,55.95349002174523,0.5126995990668537,0.42514211702410787,0.015538621410396681,3.0,0.0,0.0,0.0,0.0,0.0,0.0,0.0,1.0,0.0,0.0,0.0,0.0,0.0,0.0,0.0
starlink,isl_p0.20,topological_scheme_req_1p,5,550.7266666666667,1.0658016487550108,0.998073585732475,0.002154541312122402,,,1.3977692042575747,0.007738546927430293,1.3975002803263226,0.0077493108618852825,1.000219205473771,2.322163699429689e-05,78.67684101657339,0.5430898605637923,10.197896128329687,0.20678988240245952,75.06390181623429,1.5379191137157433,0.7134745644060674,0.0011247376435125683,1.0,0.0,0.0,0.0,19.4,0.0,30.7,0.0,30.7,0.0,15.866666666666669,0.0,367.78333333333336,0.0,367.78333333333336,0.0,48.0,0.0,0.0,0.0,24.0,0.0,0.5666666666666667,0.0,645.0600000000001,19.734371853816626,0.0,0.0,0.024332306111967128,0.0,139514.86707553267,5519.296329009726,0.0,0.0,1917.4833333333331,98.18411530224903,0.0,0.0,135.77666666666667,2.2551666180967125,2127127.8766666665,19490.78795812546,,,1580.6866666666667,0.7332062466849755,1580.6799999999998,0.7488056678323484,2836.0099999999998,44.87897813087794,1579.2,1.6186722460090552,63526.39333333333,494.013155559887,81775.32666666666,1230.5915764293768,115.2,6.9897893988302675,2431771.7333333334,7581.757475596197,1584.0,0.0,110290.98628476262,4208.610927247124,2522.94,19.73437185381675,,,,,,,,,55.95349002174523,0.5126995990668537,0.42514211702410787,0.015538621410396681,3.0,0.0,0.0,0.0,0.0,0.0,0.0,0.0,1.0,0.0,0.0,0.0,0.0,0.0,0.0,0.0
starlink,sat_p0.005,topological_scheme_asc_1p,5,552.0,0.0,1.0,0.0,,,1.4474570093864607,0.0009969465257257326,1.447420392781887,0.0009824515017170762,1.0000188924365028,8.933459548626125e-06,84.98003967331015,0.08947442014272534,22.177406446720997,0.051645982685170684,67.13892871560722,0.22725886897444295,0.9551932367149758,0.0004807586230624013,1.0,0.0,0.0,0.0,15.35,0.02534129699390514,15.35,0.02534129699390514,15.35,0.02534129699390514,15.35,0.02534129699390514,353.05,0.5828498308598192,353.05,0.5828498308598192,24.0,0.0,0.0,0.0,24.0,0.0,0.2866666666666667,0.00925333333333333,30.360000000000003,8.979615078154643,7.6033333333333335,2.2460262816707095,0.01970980996404725,3.253890214933978e-05,108824.0419427057,13331.543628957335,0.0,0.0,8.323333333333334,3.3971077487638084,0.0,0.0,0.38666666666666666,0.13441243064207684,88257.79333333333,20770.975802492227,,,1576.3899999999999,2.239880146952335,548.6933333333334,112.6304596132909,130.31,58.637174125868114,175.4,52.359804943868916,1010.35,498.8991136309054,8418.766666666666,1570.881840318726,15.0,4.389241392313711,608443.21,35382.16328810053,1584.0,0.0,30507.234985381365,2481.8667097455827,3137.6400000000003,8.979615078154719,,,,,,,,,2.3215959946689115,0.5463745739291938,7.329942992932213,0.7191068063214932,25.6,3.8863999999999996,0.0,0.0,0.0,0.0,,,,,,,,,,
starlink,sat_p0.005,topological_scheme_req_1p,5,552.0,0.0,1.0,0.0,,,1.3209305840171586,0.0006244985864358601,1.3208833717427768,0.0006144932528993415,1.000034934541055,1.656856181169961e-05,71.01876872761254,0.05455917207232456,8.19911992277803,0.03435986026698527,60.46541056972328,0.14927498151253288,0.7053019323671498,0.0008829017094773673,1.0,0.0,0.0,0.0,19.386666666666667,0.053557538736908786,30.580000000000002,0.0555200000000007,30.580000000000002,0.0555200000000007,15.823333333333334,0.047634448785633395,366.91666666666663,0.9175509402752385,366.91666666666663,0.9175509402752385,48.0,0.0,0.0,0.0,24.0,0.0,0.5833333333333333,0.029261609282091414,30.360000000000003,8.979615078154643,7.6033333333333335,2.2460262816707095,0.024289505221708613,4.200754204275432e-05,106232.7865575254,29216.405048278073,0.0,0.0,14.426666666666668,4.899345090274821,0.0,0.0,0.38666666666666666,0.13441243064207684,88257.79333333333,20770.975802492227,,,1576.3899999999999,2.239880146952335,548.6933333333334,112.6304596132909,93.13666666666667,34.57511250366463,175.4,52.359804943868916,2734.403333333333,938.5727445989197,8418.766666666666,1570.881840318726,15.0,4.389241392313711,608443.21,35382.16328810053,1584.0,0.0,29399.319790949423,8661.168183580166,3137.6400000000003,8.979615078154719,,,,,,,,,2.3215959946689115,0.5463745739291938,7.329942992932213,0.7191068063214932,25.6,3.8863999999999996,0.0,0.0,0.0,0.0,,,,,,,,,,
starlink,sat_p0.01,topological_scheme_asc_1p,5,552.0,0.0,1.0,0.0,,,1.4502015309888499,0.0016868328141494875,1.4501281517716644,0.001666227635483317,1.000040408715884,1.370319887064665e-05,85.29418693357725,0.24876813696370026,22.339987757275765,0.10465711457849959,67.6527395553593,0.5382782537286063,0.9547342995169081,0.0005017797538977948,1.0,0.0,0.0,0.0,15.246666666666666,0.07658496051952914,15.246666666666666,0.07658496051952914,15.246666666666666,0.07658496051952914,15.246666666666666,0.07658496051952914,350.67333333333335,1.7614540919491692,350.67333333333335,1.7614540919491692,24.0,0.0,0.0,0.0,24.0,0.0,0.2866666666666667,0.022665945086553667,64.64666666666668,20.259747007769974,16.22,5.051006398218521,0.01957712720424585,9.83371347194766e-05,117099.22401433189,8830.327254544469,0.0,0.0,26.06666666666667,12.055010620834988,0.0,0.0,0.7866666666666667,0.1764210549288894,177572.29333333333,56771.60484020968,,,1567.78,5.051006398218449,983.8100000000001,216.5069682081999,362.9266666666667,169.2316824222509,419.6,180.8017985114086,2834.6966666666667,1246.8453804424628,14644.263333333332,3092.2508690142095,25.4,5.927913845527783,764232.9766666667,88328.14943889146,1584.0,0.0,37032.771731466055,5482.7401537258165,3103.3533333333335,20.25974700776994,,,,,,,,,4.670988355780023,1.4933608175560205,4.780334799533058,0.9541600181214124,17.2,4.510466122253884,0.0,0.0,0.0,0.0,,,,,,,,,,
starlink,sat_p0.01,topological_scheme_req_1p,5,552.0,0.0,1.0,0.0,,,1.3207842616840928,0.0007158504379835638,1.320703225416515,0.0007379585588275074,1.0000588875419498,2.6146800387785915e-05,71.10877316136597,0.05686735446639807,8.162493141223448,0.041270433355318686,60.57049258851049,0.2016677452005762,0.7044142512077295,0.001296962698252743,1.0,0.0,0.0,0.0,19.416666666666664,0.12500564965010377,30.45,0.14630804641045586,30.45,0.14630804641045586,15.809999999999999,0.0809336123004529,366.56333333333333,1.8982531668645022,366.56333333333333,1.8982531668645022,48.0,0.0,0.0,0.0,24.0,0.0,0.5833333333333334,0.03870947056097653,64.64666666666668,20.259747007769974,16.22,5.051006398218521,0.02421674370826913,4.826299137833975e-05,111808.50965181987,18304.50721579597,0.0,0.0,33.71333333333333,11.654520987046663,0.0,0.0,0.7866666666666667,0.1764210549288894,177572.29333333333,56771.60484020968,,,1567.78,5.051006398218449,983.8100000000001,216.5069682081999,186.56333333333333,90.2001973542517,419.6,180.8017985114086,5339.7699999999995,2055.417187218637,14644.263333333332,3092.2508690142095,25.4,5.927913845527783,764232.9766666667,88328.14943889146,1584.0,0.0,35161.05501552422,5624.383311378704,3103.3533333333335,20.25974700776994,,,,,,,,,4.670988355780023,1.4933608175560205,4.780334799533058,0.9541600181214124,17.2,4.510466122253884,0.0,0.0,0.0,0.0,,,,,,,,,,
starlink,sat_p0.02,topological_scheme_asc_1p,5,552.0,0.0,1.0,0.0,,,1.4536693999795212,0.003631644169957198,1.4535611802537693,0.0036006058963816614,1.0000559573347514,1.6471308716374735e-05,85.6530538983334,0.39377915764081534,22.578982234018103,0.21774359762019047,68.35050549845876,1.0708135495234987,0.9541062801932366,0.000818230349191794,1.0,0.0,0.0,0.0,15.186666666666667,0.07517443537089821,15.186666666666667,0.07517443537089821,15.186666666666667,0.07517443537089821,15.186666666666667,0.07517443537089821,349.29333333333335,1.7290120135306577,349.29333333333335,1.7290120135306577,24.0,0.0,0.0,0.0,24.0,0.0,0.2966666666666667,0.03701333333333332,121.37333333333333,29.25674267177549,30.823333333333334,7.5266723681584535,0.019500085601780518,9.652598275667365e-05,126621.51307279864,19780.92215170856,0.0,0.0,51.20666666666667,22.593764728345345,0.0,0.0,1.54,0.10909519105401073,332763.41,78851.3687533199,,,1553.1766666666667,7.52667236815848,1380.16,121.27652821891257,559.1,207.52074961923626,723.0,164.97943396678264,4403.276666666667,1459.3195146980336,23126.32,4266.620177448798,40.2,6.592634726723451,1012782.8966666667,116452.50078600626,1584.0,0.0,48298.09406523903,8457.824861533341,3046.6266666666666,29.25674267177557,,,,,,,,,8.75324626473064,2.0741626881660324,3.4244708513477478,0.5436074563169095,12.2,3.3311999999999995,0.0,0.0,0.0,0.0,,,,,,,,,,
starlink,sat_p0.02,topological_scheme_req_1p,5,552.0,0.0,1.0,0.0,,,1.322466645234472,0.002331155425034889,1.3223235962163986,0.0023203852246831444,1.0001008440776402,3.1492586266295455e-05,71.31411521531186,0.1618631582069025,8.20052000864736,0.08114799141035856,61.104687505842186,0.4314351035915358,0.7042512077294686,0.0018331478055610537,1.0,0.0,0.0,0.0,19.393333333333334,0.0559042260378295,30.333333333333332,0.14033374821791447,30.333333333333332,0.14033374821791447,15.766666666666666,0.05068259398781141,365.51666666666665,1.2309020374415776,365.51666666666665,1.2309020374415776,48.0,0.0,0.0,0.0,24.0,0.0,0.6233333333333333,0.05778704814517982,121.37333333333333,29.25674267177549,30.823333333333334,7.5266723681584535,0.024139702105803802,0.0001127180634903368,120632.30232059956,7218.895944521222,0.0,0.0,66.59666666666666,24.61822943540822,0.0,0.0,1.54,0.10909519105401073,332763.41,78851.3687533199,,,1553.1766666666667,7.52667236815848,1380.16,121.27652821891257,293.50666666666666,100.20886278800248,723.0,164.97943396678264,9448.273333333334,2644.620919176013,23126.32,4266.620177448798,40.2,6.592634726723451,1012782.8966666667,116452.50078600626,1584.0,0.0,45826.89348046978,3226.6084841063866,3046.6266666666666,29.25674267177557,,,,,,,,,8.75324626473064,2.0741626881660324,3.4244708513477478,0.5436074563169095,12.2,3.3311999999999995,0.0,0.0,0.0,0.0,,,,,,,,,,
starlink,sat_p0.05,topological_scheme_asc_1p,5,552.0,0.0,1.0,0.0,,,1.4653269538132787,0.005434191867524672,1.4651979437605325,0.005430352717041949,1.0000765085758352,1.0108763177359224e-05,87.08498953097894,0.6264993261583445,23.340777638389326,0.3153644911398504,71.45733024569708,1.2372934432438867,0.9517149758454106,0.002125436469034432,1.0,0.0,0.0,0.0,14.916666666666666,0.16226347298966237,14.916666666666666,0.16226347298966237,14.916666666666666,0.16226347298966237,14.916666666666666,0.16226347298966237,343.08333333333337,3.732059878762205,343.08333333333337,3.732059878762205,24.0,0.0,0.0,0.0,24.0,0.0,0.31666666666666665,0.014630804641045698,300.19,42.9077241276652,77.02333333333334,11.95651519691437,0.019153398390686527,0.00020835063301189352,129622.43592575192,16500.93364608001,0.0,0.0,161.55666666666667,46.706019195291454,0.0,0.0,3.8200000000000003,0.5986842307742688,693003.6599999999,69776.17383852729,,,1506.9766666666667,11.956515196914296,1505.9866666666667,11.733233964245834,1295.1133333333332,224.38514083573995,1096.6,134.4816575126883,10192.043333333333,1943.483208506278,48613.44,6351.162731032519,92.4,15.295734809416642,1568469.6566666667,95601.25475631545,1584.0,0.0,68531.29010617733,10662.480250841929,2867.81,42.90772412766519,,,,,,,,,18.229262941919195,1.83544228321042,1.8195861222771228,0.16601888040789145,8.2,1.038684090568446,0.0,0.0,0.0,0.0,,,,,,,,,,
starlink,sat_p0.05,topological_scheme_req_1p,5,552.0,0.0,1.0,0.0,,,1.3258188393343293,0.0035164358188834338,1.3254715004635549,0.0035116411330252846,1.000247277866968,2.4311656573672257e-05,71.94172045199657,0.2391387860584416,8.230719324447323,0.0755128827554393,62.12508723058933,0.3363805693376499,0.7034420289855072,0.0016605385570983146,1.0,0.0,0.0,0.0,19.223333333333336,0.201989902497899,29.863333333333333,0.249754306291425,29.863333333333333,0.249754306291425,15.593333333333334,0.20566561166666242,361.57,4.552635298100528,361.57,4.552635298100528,48.0,0.0,0.0,0.0,24.0,0.0,0.64,0.03758721768544902,300.19,42.9077241276652,77.02333333333334,11.95651519691437,0.023882896764252697,0.0001943274524953703,130930.73817392191,13282.932515682094,0.0,0.0,197.51666666666668,50.61258887856086,0.0,0.0,3.8200000000000003,0.5986842307742688,693003.6599999999,69776.17383852729,,,1506.9766666666667,11.956515196914296,1505.9866666666667,11.733233964245834,722.5699999999999,101.64366046160023,1096.6,134.4816575126883,20353.293333333335,2700.6684364284292,48613.44,6351.162731032519,92.4,15.295734809416642,1568469.6566666667,95601.25475631545,1584.0,0.0,68279.4546016554,7064.837203892531,2867.81,42.90772412766519,,,,,,,,,18.229262941919195,1.83544228321042,1.8195861222771228,0.16601888040789145,8.2,1.038684090568446,0.0,0.0,0.0,0.0,,,,,,,,,,
starlink,void_b2,topological_scheme_asc_1p,5,552.0,0.0,1.0,0.0,,,1.4468918405014377,0.0014566802428244868,1.446867772086465,0.001440058099261626,1.0000134205915694,1.0233987590241275e-05,84.88795569009406,0.08500754837442609,22.135595863677533,0.051561631649739426,67.062231983028,0.22484278127720297,0.9553140096618357,0.00041991945336297335,1.0,0.0,0.0,0.0,15.356666666666666,0.03462280301894807,15.356666666666666,0.03462280301894807,15.356666666666666,0.03462280301894807,15.356666666666666,0.03462280301894807,353.2033333333333,0.7963244694357929,353.2033333333333,0.7963244694357929,24.0,0.0,0.0,0.0,24.0,0.0,0.29,0.01850666666666666,12.0,0.0,4.0,0.0,0.019718370142098957,4.445660377368634e-05,53311.800296654306,11317.204786495138,0.0,0.0,2.28,2.0467130872477237,0.0,0.0,0.06666666666666667,0.0,24596.493333333336,2627.012370296226,,,1329.1766666666667,12.669859513341999,164.0,0.0,43.05333333333333,36.17601110527619,66.0,0.0,326.15666666666664,351.93862392032037,1996.6666666666667,71.60718022523838,4.0,0.0,503694.65,2037.3695815363856,1584.0,0.0,22624.088637630142,4769.7373462394135,3156.0,0.0,,,,,,,,,0.6470037177328845,0.0691028085620851,15.337776047444496,0.06715356403680382,43.0,0.0,0.0,0.0,0.0,0.0,,,,,,,,,,
starlink,void_b2,topological_scheme_req_1p,5,552.0,0.0,1.0,0.0,,,1.32002716875082,0.0006364697371564959,1.3199900413113206,0.0006434083842367255,1.0000273795120402,2.047042139573184e-05,70.97227740414033,0.05091222290596595,8.18014961935182,0.03724613031307781,60.28537919007586,0.09218181713358892,0.7056582125603865,0.0007300213353629939,1.0,0.0,0.0,0.0,19.39,0.03758721768544884,30.656666666666666,0.04983072501535063,30.656666666666666,0.04983072501535063,15.85,0.014630804641045648,367.4433333333333,0.25239728260556493,367.4433333333333,0.25239728260556493,48.0,0.0,0.0,0.0,24.0,0.0,0.5766666666666667,0.018506666666666668,12.0,0.0,4.0,0.0,0.02431090566683787,4.601695672432676e-05,49578.65064576268,10702.747434725723,0.0,0.0,3.45,0.7858526466343561,0.0,0.0,0.06666666666666667,0.0,24596.493333333336,2627.012370296226,,,1329.1766666666667,12.669859513341999,164.0,0.0,24.1,15.075842648216307,66.0,0.0,751.84,462.3759416816434,1996.6666666666667,71.60718022523838,4.0,0.0,503694.65,2037.3695815363856,1584.0,0.0,20720.915705511965,4536.672477978596,3156.0,0.0,,,,,,,,,0.6470037177328845,0.0691028085620851,15.337776047444496,0.06715356403680382,43.0,0.0,0.0,0.0,0.0,0.0,,,,,,,,,,
starlink,void_b4,topological_scheme_asc_1p,5,552.0,0.0,1.0,0.0,,,1.4494537746967229,0.007112244687654367,1.4494031800478187,0.007079578049354324,1.0000308065293368,2.2863193883148873e-05,85.1610463228553,0.357682254081989,22.254195668150555,0.22338094395701225,67.76755634854354,0.9826801198158616,0.9527838164251208,0.0043364288800923426,1.0,0.0,0.0,0.0,15.326666666666664,0.06477333333333296,15.326666666666664,0.06477333333333296,15.326666666666664,0.06477333333333296,15.326666666666664,0.06477333333333296,352.5133333333333,1.489786666666672,352.5133333333333,1.489786666666672,24.0,0.0,0.0,0.0,24.0,0.0,0.29333333333333333,0.01850666666666666,40.0,0.0,16.0,0.0,0.01967984934086629,8.317068995034967e-05,55495.40309086442,7158.085775346717,0.0,0.0,4.84,2.6446004002789447,0.0,0.0,0.26666666666666666,0.0,48492.26333333333,5671.546639387999,,,1235.5433333333335,28.420222587928162,296.0,0.0,91.54333333333334,78.08261628708003,124.0,0.0,792.1366666666667,641.1003355665064,2533.4,62.23818930361011,7.4,0.6799783525966101,568621.71,6147.146954153274,1584.0,0.0,25319.821022550263,3079.4582110582264,3128.0,0.0,,,,,,,,,1.2755751087261504,0.14918841117918774,13.179927266037282,0.09446790054704456,40.0,0.0,0.0,0.0,0.0,0.0,,,,,,,,,,
starlink,void_b4,topological_scheme_req_1p,5,552.0,0.0,1.0,0.0,,,1.3208464691906545,0.003534714737954553,1.3207431886979586,0.0035299230275516215,1.0000675805121015,4.594747390197352e-05,71.03262070967753,0.09274976694395355,8.151890727202728,0.0977196501957302,60.647944065689025,0.4466029805181053,0.7046678743961353,0.001288594057820169,1.0,0.0,0.0,0.0,19.366666666666667,0.07602389098171633,30.573333333333334,0.09089957731230422,30.573333333333334,0.09089957731230422,15.830000000000002,0.017311401509474172,366.9033333333333,0.39757041159745765,366.9033333333333,0.39757041159745765,48.0,0.0,0.0,0.0,24.0,0.0,0.5833333333333333,0.020691082351798045,40.0,0.0,16.0,0.0,0.024276664954631055,8.526599782159409e-05,61151.142890354,11579.325955312217,0.0,0.0,6.553333333333333,1.0573122836071975,0.0,0.0,0.26666666666666666,0.0,48492.26333333333,5671.546639387999,,,1235.5433333333335,28.420222587928162,296.0,0.0,40.513333333333335,19.423639356966834,124.0,0.0,1592.0099999999998,629.8714318779289,2533.4,62.23818930361011,7.4,0.6799783525966101,568621.71,6147.146954153274,1584.0,0.0,27522.130165497463,5243.292289094507,3128.0,0.0,,,,,,,,,1.2755751087261504,0.14918841117918774,13.179927266037282,0.09446790054704456,40.0,0.0,0.0,0.0,0.0,0.0,,,,,,,,,,
starlink,void_b8,topological_scheme_asc_1p,5,552.0,0.0,1.0,0.0,,,1.4567025139862189,0.008419753374749213,1.4566230221119845,0.008450036294485971,1.0000568440985445,3.2644741729080263e-05,86.8729229654213,0.6400316122165736,22.69729243975203,0.32337403875936804,71.10943037229256,1.0782765216269148,0.9457608695652174,0.005608540247382015,1.0,0.0,0.0,0.0,15.173333333333336,0.1138949644775103,15.173333333333336,0.1138949644775103,15.173333333333336,0.1138949644775103,15.173333333333336,0.1138949644775103,348.9866666666667,2.619584182982723,348.9866666666667,2.619584182982723,24.0,0.0,0.0,0.0,24.0,0.0,0.3466666666666667,0.11370686366461984,144.0,0.0,64.0,0.0,0.01948296524567711,0.0001462441762679882,67426.50981868306,5658.681794183939,0.0,0.0,8.183333333333334,1.838947226358965,0.0,0.0,1.0666666666666667,0.0,91945.07666666666,5273.637509232966,,,1100.3899999999999,60.50486004128777,464.0,0.0,171.24666666666667,58.937135061353096,216.0,0.0,1694.3400000000001,419.6386487109147,3885.253333333333,173.54241666004103,13.4,1.1103999999999998,752119.9166666667,10325.506931132528,1584.0,0.0,33303.87932966153,2729.5509626171047,3024.0,0.0,,,,,,,,,2.418588927469136,0.13872152539017685,10.361278027978116,0.09892653420284173,34.0,0.0,0.0,0.0,0.0,0.0,,,,,,,,,,
starlink,void_b8,topological_scheme_req_1p,5,552.0,0.0,1.0,0.0,,,1.3204692571805117,0.006470315088869516,1.3204209782222427,0.006474746086696186,1.000033650395483,1.0251003552420747e-05,71.6490450234509,0.707048629886919,7.992160656831719,0.19197437051923166,62.02199017764176,2.155865210102286,0.7028925120772948,0.0023692636642268527,1.0,0.0,0.0,0.0,19.333333333333336,0.09704977875067743,30.163333333333334,0.2622956859051333,30.163333333333334,0.2622956859051333,15.783333333333335,0.05068259398781209,365.8566666666667,1.2532716852923598,365.8566666666667,1.2532716852923598,48.0,0.0,0.0,0.0,24.0,0.0,0.6533333333333333,0.12619864130277578,144.0,0.0,64.0,0.0,0.024028419791131655,0.00022100918019158204,67893.72691174349,8267.162893526318,0.0,0.0,8.23,1.6600902945188116,0.0,0.0,1.0666666666666667,0.0,91945.07666666666,5273.637509232966,,,1100.3899999999999,60.50486004128777,464.0,0.0,46.88333333333334,19.738256897890224,216.0,0.0,2709.016666666667,962.9280603753565,3885.253333333333,173.54241666004103,13.4,1.1103999999999998,752119.9166666667,10325.506931132528,1584.0,0.0,33429.24296105901,3828.462251058462,3024.0,0.0,,,,,,,,,2.418588927469136,0.13872152539017685,10.361278027978116,0.09892653420284173,34.0,0.0,0.0,0.0,0.0,0.0,,,,,,,,,,
starlink,cut,topological_scheme_asc_1p,1,519.1333333333333,,0.5457172210093746,,,,1.3726383473148116,,1.3726369148101107,,1.0000012495695045,,66.97053439256425,,12.704127721669861,,42.196507128623054,,0.9316390163548652,,1.0,,0.0,,15.383333333333333,,15.383333333333333,,15.383333333333333,,15.383333333333333,,353.81666666666666,,353.81666666666666,,24.0,,0.0,,24.0,,0.2833333333333333,,44.0,,0.0,,0.01975261085430577,,70482.26608162124,,0.0,,46.2,,0.0,,0.7333333333333333,,0.0,,,,0.0,,0.0,,0.0,,0.0,,0.0,,0.0,,0.0,,1538048.7666666666,,1584.0,,65645.86764797568,,3124.0,,,,,,,,,,0.0,,,,0.0,,0.0,,0.0,,0.0,,1.0,,0.0,,0.0,,0.0,
starlink,cut,topological_scheme_req_1p,1,517.3166666666667,,0.8607558233190502,,,,1.3926044402812174,,1.3925972115027654,,1.0000061982092021,,76.18103547042388,,7.835483740125626,,73.10298498438429,,0.7265411535726316,,1.0,,0.0,,19.4,,30.7,,30.7,,15.866666666666667,,367.8666666666667,,367.8666666666667,,48.0,,0.0,,24.0,,0.5666666666666667,,44.0,,0.0,,0.024332306111967128,,58992.84626096487,,0.0,,53.95,,0.0,,0.7333333333333333,,0.0,,,,0.0,,0.0,,0.0,,0.0,,0.0,,0.0,,0.0,,1538048.7666666666,,1584.0,,54574.49180757006,,3124.0,,,,,,,,,,0.0,,,,0.0,,0.0,,0.0,,0.0,,1.0,,0.0,,0.0,,0.0,
starlink,polar_lat75,topological_scheme_asc_1p,1,552.0,,1.0,,,,1.4460242773111718,,1.44602225113162,,1.00000148269943,,84.80647064514474,,22.08668736492951,,66.89812759390074,,0.9554347826086956,,1.0,,0.0,,15.383333333333333,,15.383333333333333,,15.383333333333333,,15.383333333333333,,353.81666666666666,,353.81666666666666,,24.0,,0.0,,24.0,,0.2833333333333333,,0.0,,0.0,,0.01975261085430577,,24442.891286810238,,0.0,,0.0,,0.0,,0.0,,0.0,,,,0.0,,0.0,,0.0,,0.0,,0.0,,0.0,,0.0,,457302.31666666665,,0.0,,19845.75306251645,,3168.0,,,,,,,,,,0.0,,,,0.0,,0.0,,0.0,,,,,,,,,,,
starlink,polar_lat75,topological_scheme_req_1p,1,552.0,,1.0,,,,1.3199394137532265,,1.319932999685368,,1.000005102939644,,70.91080468850498,,8.183813322172202,,60.22179786472848,,0.7057065217391304,,1.0,,0.0,,19.4,,30.7,,30.7,,15.866666666666667,,367.78333333333336,,367.78333333333336,,48.0,,0.0,,24.0,,0.5666666666666667,,0.0,,0.0,,0.024332306111967128,,32404.0584842364,,0.0,,0.0,,0.0,,0.0,,0.0,,,,0.0,,0.0,,0.0,,0.0,,0.0,,0.0,,0.0,,457302.31666666665,,0.0,,25808.031010379393,,3168.0,,,,,,,,,,0.0,,,,0.0,,0.0,,0.0,,,,,,,,,,,
starlink,polar_lat60,topological_scheme_asc_1p,1,552.0,,1.0,,,,1.4460242773111718,,1.44602225113162,,1.00000148269943,,84.80647064514474,,22.08668736492951,,66.89812759390074,,0.9554347826086956,,1.0,,0.0,,15.383333333333333,,15.383333333333333,,15.383333333333333,,15.383333333333333,,353.81666666666666,,353.81666666666666,,24.0,,0.0,,24.0,,0.2833333333333333,,0.0,,0.0,,0.01975261085430577,,30862.587918837864,,0.0,,0.0,,0.0,,0.0,,0.0,,,,0.0,,0.0,,0.0,,0.0,,0.0,,0.0,,0.0,,457302.31666666665,,0.0,,25193.709286053974,,3168.0,,,,,,,,,,0.0,,,,0.0,,0.0,,0.0,,,,,,,,,,,
starlink,polar_lat60,topological_scheme_req_1p,1,552.0,,1.0,,,,1.3199394137532265,,1.319932999685368,,1.000005102939644,,70.91080468850498,,8.183813322172202,,60.22179786472848,,0.7057065217391304,,1.0,,0.0,,19.4,,30.7,,30.7,,15.866666666666667,,367.78333333333336,,367.78333333333336,,48.0,,0.0,,24.0,,0.5666666666666667,,0.0,,0.0,,0.024332306111967128,,21356.52634774645,,0.0,,0.0,,0.0,,0.0,,0.0,,,,0.0,,0.0,,0.0,,0.0,,0.0,,0.0,,0.0,,457302.31666666665,,0.0,,16917.26714546482,,3168.0,,,,,,,,,,0.0,,,,0.0,,0.0,,0.0,,,,,,,,,,,
