constellation,condition,seed,variant,deliverable_per_snapshot,delivery_rate,non_optimal_egress_rate,fixed_address_forwarding,switched_egress_rate,stretch_dist_shared,stretch_hop_shared,stretch_dist_egress,stretch_hop_egress,stretch_dist_forwarding,delay_ms,delay_extra_ms,delay_extra_p95_ms,stretch_hop_forwarding,isls_removed_per_snapshot,satellites_down_per_snapshot,fstate_updates_per_snapshot,compute_time_ms,loop_pairs_per_snapshot,live_minima_per_snapshot,detour_entries_per_snapshot,gs_renumberings_per_snapshot,gs_address_additions_per_snapshot,gs_address_removals_per_snapshot,gs_current_address_changes_per_snapshot,flow_updates_per_snapshot,flow_update_messages_per_snapshot,gs_attachments_assigned_per_snapshot,gs_attachment_shortfall_per_snapshot,gs_fully_attached_per_snapshot,gs_attachment_conflicts_unconstrained_per_snapshot,failure_events_per_snapshot,exception_entries_per_snapshot,exception_entries_one_pass_per_snapshot,exception_satellites_per_snapshot,exception_destinations_per_snapshot,exception_entries_on_flow_paths_per_snapshot,exception_entries_max_per_satellite,exception_entries_in_use_per_snapshot,exception_region_entries_per_snapshot,exception_region_max_per_satellite,exception_rule_steps_per_snapshot,exception_shortest_path_runs_per_snapshot,exception_compute_ms,live_isls_per_snapshot,exception_entries_added_per_snapshot,exception_entries_removed_per_snapshot,exception_entries_rewired_per_snapshot,exception_satellites_touched_per_snapshot,exception_share_of_link_state,exception_hops_to_failure_mean,exception_hops_to_failure_max,exception_unresolved_total,exception_unresolved_walks_total,failure_share_loop,failure_share_dead_end,failure_share_link_down,failure_share_hop_limit,failure_share_egress_lost,delivery_gap_vs_link_state
kuiper,cut,1,topological_scheme_asc_1p,466.25,0.6457908847184987,0.9208457876674416,1.0,0.0,1.1781195560651703,1.2464436872265867,1.1781194407725193,1.2464436872265867,1.0000001013779476,46.75585718718643,5.339318935760105,14.2352808997458,1.0,68.0,0.0,0.018444666001994018,35988.731609781586,0.0,59.05,0.0,10.483333333333333,10.483333333333333,10.483333333333333,10.483333333333333,241.11666666666667,241.11666666666667,24.0,0.0,24.0,0.21666666666666667,1.1333333333333333,0.0,,0.0,0.0,0.0,0.0,0.0,0.0,0.0,885514.2833333333,1156.0,33962.120785315834,2244.0,,,,,0.0,,0.0,0.0,0.0,0.0,1.0,0.0,0.0,0.0,
kuiper,cut,1,topological_scheme_req_1p,458.8833333333333,0.8000217920313806,0.7005039269986835,1.0,0.0,1.207501843326819,1.2690286720202437,1.2075000826982045,1.2690286720202437,1.0000015286080277,49.72829968099845,3.0551129335120506,29.33181847666739,1.0,68.0,0.0,0.029558383672511877,29205.734990537167,0.0,60.516666666666666,0.0,15.466666666666667,20.5,20.5,11.766666666666667,274.1333333333333,274.1333333333333,48.0,0.0,24.0,1.0333333333333334,1.1333333333333333,0.0,,0.0,0.0,0.0,0.0,0.0,0.0,0.0,885514.2833333333,1156.0,27249.401069432497,2244.0,,,,,0.0,,0.0,0.0,0.0,0.0,1.0,0.0,0.0,0.0,
kuiper,isl_p0.01,1,topological_scheme_asc_1p,552.0,1.0,0.9477053140096618,1.0,0.0,1.2096508859835589,1.2876862643142077,1.2094572991105996,1.2870839565647791,1.0001713306423718,55.192811631817975,7.58304358010478,22.098824003578287,1.0004747480317129,23.0,0.0,0.018444666001994018,62042.982425789036,0.0,18.316666666666666,0.0,10.483333333333333,10.483333333333333,10.483333333333333,10.483333333333333,241.11666666666667,241.11666666666667,24.0,0.0,24.0,0.21666666666666667,5.166666666666667,81509.2,,1156.0,626.05,201.51666666666668,353.0,2003.4833333333333,8325.783333333333,20.0,427109.98333333334,626.05,20417.789186288912,2289.0,,,,,2.93790369088812,3.717494671358162,13.0,0.0,0.0,,,,,,
kuiper,isl_p0.01,1,topological_scheme_req_1p,552.0,1.0,0.7020229468599034,1.0,0.0,1.17375292040582,1.2375621109585109,1.1736526739424282,1.2374650977797605,1.000087713454309,51.499795449374965,3.952371670453031,28.69261199275537,1.000066561865086,23.0,0.0,0.029558383672511877,76241.40582208832,0.0,25.7,0.0,15.466666666666667,20.5,20.5,11.766666666666667,274.01666666666665,274.01666666666665,48.0,0.0,24.0,1.0333333333333334,5.166666666666667,81509.2,,1156.0,626.05,154.41666666666666,353.0,3842.7166666666667,8325.783333333333,20.0,427109.98333333334,626.05,24688.14710378647,2289.0,,,,,2.93790369088812,3.717494671358162,13.0,0.0,0.0,,,,,,
kuiper,isl_p0.01,2,topological_scheme_asc_1p,552.0,1.0,0.9486714975845411,1.0,0.0,1.21020286753266,1.2884054276115986,1.2100285152115895,1.2873612177894151,1.0001358066758508,55.240344538579826,7.612310966009267,22.268695068188237,1.0007995185132548,24.116666666666667,0.0,0.018444666001994018,65483.0480893453,0.0,24.483333333333334,0.0,10.483333333333333,10.483333333333333,10.483333333333333,10.483333333333333,241.11666666666667,241.11666666666667,24.0,0.0,24.0,0.21666666666666667,5.116666666666666,96771.23333333334,,1156.0,715.8,170.56666666666666,392.0,1917.7333333333333,9082.1,22.0,443961.4666666667,715.8,22435.353037218254,2287.883333333333,,,,,3.4880058150711264,3.600590843628806,13.0,0.0,0.0,,,,,,
kuiper,isl_p0.01,2,topological_scheme_req_1p,552.0,1.0,0.7018115942028985,1.0,0.0,1.1736460721616344,1.2376519598013278,1.1735437240915347,1.237506192595069,1.0000845812357668,51.51452728925652,3.9502604100175405,28.69636007661063,1.0000967107666865,24.116666666666667,0.0,0.029558383672511877,61452.30248098572,0.0,33.15,0.0,15.466666666666667,20.5,20.5,11.766666666666667,274.01666666666665,274.01666666666665,48.0,0.0,24.0,1.0333333333333334,5.116666666666666,96771.23333333334,,1156.0,715.8,134.01666666666668,392.0,3465.4666666666667,9082.1,22.0,443961.4666666667,715.8,20539.357208212215,2287.883333333333,,,,,3.4880058150711264,3.600590843628806,13.0,0.0,0.0,,,,,,
kuiper,isl_p0.01,3,topological_scheme_asc_1p,552.0,1.0,0.9479770531400966,1.0,0.0,1.2094085212723014,1.288381304991372,1.2092881371626616,1.28782599284105,1.0001005504596305,55.15678582017381,7.571023563231282,22.04581804163561,1.0004398194769837,19.933333333333334,0.0,0.018444666001994018,78387.22165748477,0.0,13.283333333333333,0.0,10.483333333333333,10.483333333333333,10.483333333333333,10.483333333333333,241.11666666666667,241.11666666666667,24.0,0.0,24.0,0.21666666666666667,4.366666666666666,70535.45,,1156.0,594.0666666666667,110.95,378.0,913.55,7052.283333333334,19.0,412793.2166666667,594.0666666666667,25595.333693673212,2292.0666666666666,,,,,2.542367719146482,3.8418889603265685,13.0,0.0,0.0,,,,,,
kuiper,isl_p0.01,3,topological_scheme_req_1p,552.0,1.0,0.7020229468599034,1.0,0.0,1.173649119555576,1.2375522080740575,1.1735540503850848,1.2374943975316173,1.0000836715608052,51.48761063667895,3.94475243206012,28.577605556631404,1.0000373408202947,19.933333333333334,0.0,0.029558383672511877,73448.23814233144,0.0,20.616666666666667,0.0,15.466666666666667,20.5,20.5,11.766666666666667,274.01666666666665,274.01666666666665,48.0,0.0,24.0,1.0333333333333334,4.366666666666666,70535.45,,1156.0,594.0666666666667,112.53333333333333,378.0,2582.55,7052.283333333334,19.0,412793.2166666667,594.0666666666667,23585.2022446692,2292.0666666666666,,,,,2.542367719146482,3.8418889603265685,13.0,0.0,0.0,,,,,,
kuiper,isl_p0.01,4,topological_scheme_asc_1p,552.0,1.0,0.9482789855072464,1.0,0.0,1.2097705961357132,1.288174136982348,1.2096227286080359,1.2872465768194234,1.0001239900301289,55.19915038847499,7.5843104766009555,22.163693302031742,1.000728389404403,23.633333333333333,0.0,0.018444666001994018,60066.25618338585,0.0,22.65,0.0,10.483333333333333,10.483333333333333,10.483333333333333,10.483333333333333,241.11666666666667,241.11666666666667,24.0,0.0,24.0,0.21666666666666667,5.416666666666667,88053.68333333333,,1156.0,637.5666666666667,177.16666666666666,396.0,1701.2,8129.416666666667,23.0,435543.86666666664,637.5666666666667,20606.492799520493,2288.366666666667,,,,,3.1737919309880813,3.614283597070802,15.0,0.0,0.0,,,,,,
kuiper,isl_p0.01,4,topological_scheme_req_1p,552.0,1.0,0.7034420289855072,1.0,0.0,1.1738145440168635,1.237447801885791,1.1736866537078094,1.2373666026993329,1.0001100946268326,51.52153239604423,3.960014544742705,28.690082924620345,1.0000546690942356,23.633333333333333,0.0,0.029558383672511877,48759.93670324484,0.0,24.65,0.0,15.466666666666667,20.5,20.5,11.766666666666667,274.01666666666665,274.01666666666665,48.0,0.0,24.0,1.0333333333333334,5.416666666666667,88053.68333333333,,1156.0,637.5666666666667,160.88333333333333,396.0,3407.1666666666665,8129.416666666667,23.0,435543.86666666664,637.5666666666667,16427.656582494576,2288.366666666667,,,,,3.1737919309880813,3.614283597070802,15.0,0.0,0.0,,,,,,
kuiper,isl_p0.01,5,topological_scheme_asc_1p,552.0,1.0,0.9483695652173914,1.0,0.0,1.2086489544800503,1.2876897480008709,1.2085696123858598,1.2872253268624487,1.0000666961699722,55.11719516649473,7.536800444940767,21.968962175469024,1.0003653745608072,22.35,0.0,0.018444666001994018,75045.04687885444,0.0,19.133333333333333,0.0,10.483333333333333,10.483333333333333,10.483333333333333,10.483333333333333,241.11666666666667,241.11666666666667,24.0,0.0,24.0,0.21666666666666667,4.5,85854.38333333333,,1156.0,664.9,117.06666666666666,396.0,1445.0833333333333,8289.833333333334,19.0,431261.95,664.9,25142.069992423058,2289.65,,,,,3.094520737216455,3.76834069625255,14.0,0.0,0.0,,,,,,
kuiper,isl_p0.01,5,topological_scheme_req_1p,552.0,1.0,0.7016304347826087,1.0,0.0,1.173729185580757,1.2377089790936262,1.1736401338009605,1.2375753947200256,1.0000757140594247,51.497349345766565,3.94716518357016,28.62270823109274,1.0001025830052372,22.35,0.0,0.029558383672511877,54299.329279114805,0.0,26.2,0.0,15.466666666666667,20.5,20.5,11.766666666666667,274.01666666666665,274.01666666666665,48.0,0.0,24.0,1.0333333333333334,4.5,85854.38333333333,,1156.0,664.9,105.86666666666666,396.0,3021.8,8289.833333333334,19.0,431261.95,664.9,17708.571361005306,2289.65,,,,,3.094520737216455,3.76834069625255,14.0,0.0,0.0,,,,,,
kuiper,isl_p0.02,1,topological_scheme_asc_1p,552.0,1.0,0.9493357487922706,1.0,0.0,1.2099724323370915,1.2874905764796227,1.209660295176019,1.286480822152344,1.0002731478921032,55.316237653116666,7.608365852386491,22.189362165630875,1.0008002558894908,46.93333333333333,0.0,0.018444666001994018,60239.515483379364,0.0,41.46666666666667,0.0,10.483333333333333,10.483333333333333,10.483333333333333,10.483333333333333,241.11666666666667,241.11666666666667,24.0,0.0,24.0,0.21666666666666667,10.266666666666667,169278.45,,1156.0,944.4833333333333,301.31666666666666,454.0,3445.133333333333,13341.533333333333,29.0,544682.4166666666,944.4833333333333,24132.742137958605,2265.0666666666666,,,,,6.101443555363322,2.514131499510619,11.0,0.0,0.0,,,,,,
kuiper,isl_p0.02,1,topological_scheme_req_1p,552.0,1.0,0.7029891304347826,1.0,0.0,1.1743449686997272,1.2367694613291178,1.1741051776554465,1.2364586579926042,1.0002060237142911,51.666055900784755,3.9794344422981887,28.68002365977086,1.000215202974263,46.93333333333333,0.0,0.029558383672511877,57392.02109028896,0.0,61.31666666666667,0.0,15.466666666666667,20.5,20.5,11.766666666666667,274.01666666666665,274.01666666666665,48.0,0.0,24.0,1.0333333333333334,10.266666666666667,169278.45,,1156.0,944.4833333333333,316.56666666666666,454.0,7250.983333333334,13341.533333333333,29.0,544682.4166666666,944.4833333333333,22997.600731501978,2265.0666666666666,,,,,6.101443555363322,2.514131499510619,11.0,0.0,0.0,,,,,,
kuiper,isl_p0.02,2,topological_scheme_asc_1p,552.0,1.0,0.9483997584541063,1.0,0.0,1.211386227934004,1.2881611518501221,1.210968184755009,1.2867479009142324,1.0003555198160718,55.399561744338364,7.678843421493956,22.31557547898479,1.0011325737138133,43.7,0.0,0.018444666001994018,70796.74407467246,0.0,43.05,0.0,10.483333333333333,10.483333333333333,10.483333333333333,10.483333333333333,241.11666666666667,241.11666666666667,24.0,0.0,24.0,0.21666666666666667,9.233333333333333,167049.33333333334,,1156.0,976.5833333333334,327.55,524.0,3602.383333333333,12932.366666666667,31.0,538403.7,976.5833333333334,28116.365314026672,2268.3,,,,,6.021097654748174,2.6029597045184256,9.0,0.0,0.0,,,,,,
kuiper,isl_p0.02,2,topological_scheme_req_1p,552.0,1.0,0.7038949275362318,1.0,0.0,1.1747492093821754,1.2373997246675428,1.174505939505989,1.2372860562305048,1.0002175933866004,51.634562279445696,3.9945993649847273,28.7588552913841,1.0000773166438428,43.7,0.0,0.029558383672511877,81235.74051732819,0.0,54.95,0.0,15.466666666666667,20.5,20.5,11.766666666666667,274.01666666666665,274.01666666666665,48.0,0.0,24.0,1.0333333333333334,9.233333333333333,167049.33333333334,,1156.0,976.5833333333334,244.11666666666667,524.0,6485.65,12932.366666666667,31.0,538403.7,976.5833333333334,32004.941578457754,2268.3,,,,,6.021097654748174,2.6029597045184256,9.0,0.0,0.0,,,,,,
kuiper,isl_p0.02,3,topological_scheme_asc_1p,552.0,1.0,0.9492451690821256,1.0,0.0,1.2122241528239168,1.2894275039245917,1.211799300074763,1.2876764073416915,1.0003544891469105,55.45427612109022,7.723334250834118,22.402172209362693,1.0013854637252877,50.86666666666667,0.0,0.018444666001994018,72251.55378778775,0.0,55.68333333333333,0.0,10.483333333333333,10.483333333333333,10.483333333333333,10.483333333333333,241.11666666666667,241.11666666666667,24.0,0.0,24.0,0.21666666666666667,10.066666666666666,179744.0,,1156.0,1029.2,369.28333333333336,727.0,3434.6,13576.75,29.0,562000.3166666667,1029.2,29633.23124622305,2261.133333333333,,,,,6.478662053056516,2.371726177229838,9.0,0.0,0.0,,,,,,
kuiper,isl_p0.02,3,topological_scheme_req_1p,552.0,1.0,0.7049516908212561,1.0,0.0,1.1753768768216013,1.2383006614415004,1.1751310022265233,1.2380725174764746,1.0002133980522956,51.69378192269854,4.011028427728816,28.829126637697737,1.0001581739707788,50.86666666666667,0.0,0.029558383672511877,68782.54603023331,0.0,65.61666666666666,0.0,15.466666666666667,20.5,20.5,11.766666666666667,274.01666666666665,274.01666666666665,48.0,0.0,24.0,1.0333333333333334,10.066666666666666,179744.0,,1156.0,1029.2,307.3666666666667,727.0,6692.516666666666,13576.75,29.0,562000.3166666667,1029.2,28407.593858242035,2261.133333333333,,,,,6.478662053056516,2.371726177229838,9.0,0.0,0.0,,,,,,
kuiper,isl_p0.02,4,topological_scheme_asc_1p,552.0,1.0,0.9490640096618358,1.0,0.0,1.2123420974536503,1.2894757727274018,1.211979341036123,1.2879878040747441,1.0003059481888072,55.41556490972233,7.702267462853697,22.483991080242728,1.0011900485697809,43.416666666666664,0.0,0.018444666001994018,73409.59293196599,0.0,40.28333333333333,0.0,10.483333333333333,10.483333333333333,10.483333333333333,10.483333333333333,241.11666666666667,241.11666666666667,24.0,0.0,24.0,0.21666666666666667,9.833333333333334,160794.58333333334,,1156.0,938.6,333.0833333333333,658.0,3336.266666666667,12355.45,29.0,532003.1,938.6,28543.037980546553,2268.5833333333335,,,,,5.795652513456363,2.600259129790338,12.0,0.0,0.0,,,,,,
kuiper,isl_p0.02,4,topological_scheme_req_1p,552.0,1.0,0.7046195652173913,1.0,0.0,1.1753772396224107,1.2383550715557319,1.1752140741688195,1.2380648956466302,1.000136905647749,51.638455366741596,3.996787257105202,28.920279775375732,1.000203096643453,43.416666666666664,0.0,0.029558383672511877,66772.70690053701,0.0,53.2,0.0,15.466666666666667,20.5,20.5,11.766666666666667,274.01666666666665,274.01666666666665,48.0,0.0,24.0,1.0333333333333334,9.833333333333334,160794.58333333334,,1156.0,938.6,262.0833333333333,658.0,5845.083333333333,12355.45,29.0,532003.1,938.6,25787.83845230937,2268.5833333333335,,,,,5.795652513456363,2.600259129790338,12.0,0.0,0.0,,,,,,
kuiper,isl_p0.02,5,topological_scheme_asc_1p,552.0,1.0,0.9492149758454106,1.0,0.0,1.2099213958676467,1.2868422550762204,1.2095761564956262,1.2859184915325805,1.0002950283906173,55.36028095106532,7.608639511348382,22.130312644003222,1.0007265236619907,46.8,0.0,0.018444666001994018,82147.29292839766,0.0,47.016666666666666,0.0,10.483333333333333,10.483333333333333,10.483333333333333,10.483333333333333,241.11666666666667,241.11666666666667,24.0,0.0,24.0,0.21666666666666667,10.216666666666667,181041.53333333333,,1156.0,979.4666666666667,389.35,570.0,4203.7,13633.25,32.0,552218.3,979.4666666666667,32731.161168466013,2265.2,,,,,6.525430123029604,2.4632670845695444,9.0,0.0,0.0,,,,,,
kuiper,isl_p0.02,5,topological_scheme_req_1p,552.0,1.0,0.707518115942029,1.0,0.0,1.1747134270369755,1.2371522430008108,1.1744264238518949,1.2369125113729211,1.0002397428506398,51.70432456914464,4.004839499876828,28.960742190111944,1.0001556003888987,46.8,0.0,0.029558383672511877,80299.03613626957,0.0,61.03333333333333,0.0,15.466666666666667,20.5,20.5,11.766666666666667,274.01666666666665,274.01666666666665,48.0,0.0,24.0,1.0333333333333334,10.216666666666667,181041.53333333333,,1156.0,979.4666666666667,375.1166666666667,570.0,8007.916666666667,13633.25,32.0,552218.3,979.4666666666667,31942.18631014228,2265.2,,,,,6.525430123029604,2.4632670845695444,9.0,0.0,0.0,,,,,,
kuiper,isl_p0.05,1,topological_scheme_asc_1p,552.0,1.0,0.9491847826086957,1.0,0.0,1.2148725832794067,1.288563327834321,1.2140937279900224,1.2859765300239432,1.0006446724045606,55.90971091998904,7.864625104597372,22.891841424579507,1.0020328947698292,115.26666666666667,0.0,0.018444666001994018,74907.6041114827,0.0,137.13333333333333,0.0,10.483333333333333,10.483333333333333,10.483333333333333,10.483333333333333,241.11666666666667,241.11666666666667,24.0,0.0,24.0,0.21666666666666667,23.916666666666668,391963.26666666666,,1156.0,1154.0666666666666,717.8666666666667,760.0,7345.333333333333,22128.9,49.0,808175.1666666666,1154.0666666666666,41192.37588644028,2196.733333333333,,,,,14.12785707420223,1.426546603261632,6.0,0.0,0.0,,,,,,
kuiper,isl_p0.05,1,topological_scheme_req_1p,552.0,1.0,0.7090881642512077,1.0,0.0,1.1777683719728982,1.2377175790578963,1.1772549827987773,1.237081908802565,1.000444037509504,52.156101312999795,4.132301559597901,29.157215205220762,1.0004668423967686,115.26666666666667,0.0,0.029558383672511877,73355.30600746472,0.0,180.05,0.0,15.466666666666667,20.5,20.5,11.766666666666667,274.01666666666665,274.01666666666665,48.0,0.0,24.0,1.0333333333333334,23.916666666666668,391963.26666666666,,1156.0,1154.0666666666666,710.9,760.0,15979.616666666667,22128.9,49.0,808175.1666666666,1154.0666666666666,39989.74555234114,2196.733333333333,,,,,14.12785707420223,1.426546603261632,6.0,0.0,0.0,,,,,,
kuiper,isl_p0.05,2,topological_scheme_asc_1p,552.0,1.0,0.9489734299516909,1.0,0.0,1.2166289568283966,1.2905185419360672,1.2157626335314207,1.2876416962111767,1.0007162568566095,55.99868655091017,7.947413030891657,23.230572935695474,1.002227386087393,119.78333333333333,0.0,0.018444666001994018,74385.64198563497,0.0,136.45,0.0,10.483333333333333,10.483333333333333,10.483333333333333,10.483333333333333,241.11666666666667,241.11666666666667,24.0,0.0,24.0,0.21666666666666667,24.383333333333333,407860.98333333334,,1156.0,1154.3,738.6833333333333,919.0,7395.983333333334,23153.433333333334,49.0,827772.65,1154.3,41538.166146477066,2192.2166666666667,,,,,14.700871659938485,1.3812224581913306,7.0,0.0,0.0,,,,,,
kuiper,isl_p0.05,2,topological_scheme_req_1p,552.0,1.0,0.7089070048309178,1.0,0.0,1.1804636668498878,1.2391080687987508,1.1798243344518178,1.2383416303563821,1.000547604121834,52.242861061728455,4.193982725786397,29.402081074811313,1.0005214160890787,119.78333333333333,0.0,0.029558383672511877,66929.65567832191,0.0,178.7,0.0,15.466666666666667,20.5,20.5,11.766666666666667,274.01666666666665,274.01666666666665,48.0,0.0,24.0,1.0333333333333334,24.383333333333333,407860.98333333334,,1156.0,1154.3,721.0666666666667,919.0,15750.116666666667,23153.433333333334,49.0,827772.65,1154.3,36771.3784267505,2192.2166666666667,,,,,14.700871659938485,1.3812224581913306,7.0,0.0,0.0,,,,,,
kuiper,isl_p0.05,3,topological_scheme_asc_1p,552.0,1.0,0.9488526570048309,1.0,0.0,1.218523721989124,1.2911230747356544,1.2177618047840033,1.2879905899951845,1.0006312690318675,56.05893173079755,8.00927007483907,23.45903792926846,1.0023997419717448,108.6,0.0,0.018444666001994018,78694.5634526511,0.0,143.35,0.0,10.483333333333333,10.483333333333333,10.483333333333333,10.483333333333333,241.11666666666667,241.11666666666667,24.0,0.0,24.0,0.21666666666666667,24.633333333333333,380574.63333333336,,1156.0,1154.3,794.3166666666667,791.0,8385.85,21833.033333333333,45.0,792585.1,1154.3,41996.10566198826,2203.4,,,,,13.717367118415995,1.4702928177294003,7.0,0.0,0.0,,,,,,
kuiper,isl_p0.05,3,topological_scheme_req_1p,552.0,1.0,0.7091485507246377,1.0,0.0,1.1786335475492529,1.237891380439669,1.1781013141648504,1.2373675425391726,1.0004488686614847,52.11868383405759,4.142260126431737,29.52822096344979,1.0003542232225544,108.6,0.0,0.029558383672511877,70598.54851166408,0.0,169.36666666666667,0.0,15.466666666666667,20.5,20.5,11.766666666666667,274.01666666666665,274.01666666666665,48.0,0.0,24.0,1.0333333333333334,24.633333333333333,380574.63333333336,,1156.0,1154.3,664.8833333333333,791.0,15480.433333333332,21833.033333333333,45.0,792585.1,1154.3,38004.90122536818,2203.4,,,,,13.717367118415995,1.4702928177294003,7.0,0.0,0.0,,,,,,
kuiper,isl_p0.05,4,topological_scheme_asc_1p,552.0,1.0,0.9481280193236715,1.0,0.0,1.2149938936175873,1.2883398027563866,1.2141475130345147,1.2857648178843448,1.0007068047399608,55.970504755516636,7.864634119744059,23.020590861958212,1.001990140229231,124.23333333333333,0.0,0.018444666001994018,58692.20692565044,0.0,158.66666666666666,0.0,10.483333333333333,10.483333333333333,10.483333333333333,10.483333333333333,241.11666666666667,241.11666666666667,24.0,0.0,24.0,0.21666666666666667,24.733333333333334,414397.45,,1156.0,1153.95,786.5833333333334,990.0,8697.066666666668,22589.216666666667,48.0,829637.2333333333,1153.95,33136.97543789943,2187.766666666667,,,,,14.936470948673588,1.3614921697354396,7.0,0.0,0.0,,,,,,
kuiper,isl_p0.05,4,topological_scheme_req_1p,552.0,1.0,0.70625,1.0,0.0,1.177771443680036,1.2372242299061549,1.1772033258502506,1.2366600213079646,1.0004851698975539,52.17553895777545,4.120017811298759,29.308610693253073,1.0003863253654384,124.23333333333333,0.0,0.029558383672511877,82542.58519013722,0.0,198.26666666666668,0.0,15.466666666666667,20.5,20.5,11.766666666666667,274.01666666666665,274.01666666666665,48.0,0.0,24.0,1.0333333333333334,24.733333333333334,414397.45,,1156.0,1153.95,710.0166666666667,990.0,17297.1,22589.216666666667,48.0,829637.2333333333,1153.95,45653.06308567524,2187.766666666667,,,,,14.936470948673588,1.3614921697354396,7.0,0.0,0.0,,,,,,
kuiper,isl_p0.05,5,topological_scheme_asc_1p,552.0,1.0,0.9500603864734299,1.0,0.0,1.2192902979192388,1.2926424945837072,1.2183856770014503,1.2892113150516222,1.0007511206310546,56.14407491378014,8.007661005815567,23.246694215774955,1.0026587763578845,116.53333333333333,0.0,0.018444666001994018,71642.92134816448,0.0,146.8,0.0,10.483333333333333,10.483333333333333,10.483333333333333,10.483333333333333,241.11666666666667,241.11666666666667,24.0,0.0,24.0,0.21666666666666667,24.3,396683.1666666667,,1155.9666666666667,1154.1666666666667,837.8333333333334,934.0,8849.4,22668.8,47.0,812942.4666666667,1154.2333333333333,39699.08862983187,2195.4666666666667,,,,,14.297980344098423,1.414122017613553,6.0,0.0,0.0,,,,,,
kuiper,isl_p0.05,5,topological_scheme_req_1p,552.0,1.0,0.7093900966183575,1.0,0.0,1.1782299629401827,1.237930756351998,1.177725938013666,1.2373325728005549,1.0004239099280443,52.14454785673004,4.1183853788228575,29.363672246228898,1.0003983438610646,116.53333333333333,0.0,0.029558383672511877,88780.22071495652,0.0,180.25,0.0,15.466666666666667,20.5,20.5,11.766666666666667,274.01666666666665,274.01666666666665,48.0,0.0,24.0,1.0333333333333334,24.3,396683.1666666667,,1155.9666666666667,1154.1666666666667,652.8166666666667,934.0,16355.3,22668.8,47.0,812942.4666666667,1154.2333333333333,48128.36451580127,2195.4666666666667,,,,,14.297980344098423,1.414122017613553,6.0,0.0,0.0,,,,,,
kuiper,isl_p0.10,1,topological_scheme_asc_1p,552.0,1.0,0.9502717391304348,1.0,0.0,1.226725747849376,1.2940655756224335,1.2257441131902194,1.2891033857462855,1.000820911015316,57.24448575214938,8.427687942236007,24.362079278043794,1.0038100648751964,241.5,0.0,0.018444666001994018,87135.91051250696,0.0,447.7,0.0,10.483333333333333,10.483333333333333,10.483333333333333,10.483333333333333,241.11666666666667,241.11666666666667,24.0,0.0,24.0,0.21666666666666667,49.53333333333333,700799.3,,1155.7833333333333,1155.7833333333333,1416.7333333333333,1073.0,15254.6,33232.63333333333,69.0,1091833.85,1156.0,59505.49083004395,2070.5,,,,,25.25949034025375,0.808846626987213,4.0,0.0,0.0,,,,,,
kuiper,isl_p0.10,1,topological_scheme_req_1p,551.2333333333333,0.9993045897079277,0.7129285044325436,1.0,0.0,1.1860613115790861,1.241480298151916,1.1853827270610395,1.239838869055089,1.000581053137429,53.214759193852025,4.391689739565956,30.30873608874763,1.0011920176441005,241.5,0.0,0.029558383672511877,76441.28184939425,0.0,516.15,0.0,15.466666666666667,20.5,20.5,11.766666666666667,274.01666666666665,274.01666666666665,48.0,0.0,24.0,1.0333333333333334,49.53333333333333,700799.3,,1155.7833333333333,1155.7833333333333,1312.9833333333333,1073.0,29500.866666666665,33232.63333333333,69.0,1091833.85,1156.0,51745.96195618311,2070.5,,,,,25.25949034025375,0.808846626987213,4.0,0.0,0.0,0.0,1.0,0.0,0.0,0.0,
kuiper,isl_p0.10,2,topological_scheme_asc_1p,551.6333333333333,0.9992748806574415,0.9499304589707928,1.0,0.0,1.223435398122735,1.2900114847459807,1.2223479845272676,1.2854507161274358,1.0008877348817862,57.0616708681047,8.255119073045567,24.216656415571745,1.003438677407609,227.05,0.0,0.018444666001994018,85611.22741202514,0.0,394.5,0.0,10.483333333333333,10.483333333333333,10.483333333333333,10.483333333333333,241.11666666666667,241.11666666666667,24.0,0.0,24.0,0.21666666666666667,48.95,681584.6166666667,,1155.6666666666667,1155.6666666666667,1276.8333333333333,1069.0,13949.266666666666,32745.566666666666,67.0,1076372.0333333334,1156.0,57977.2971217831,2084.95,,,,,24.56691957420223,0.8587451247493677,4.0,0.0,0.0,0.0,1.0,0.0,0.0,0.0,
kuiper,isl_p0.10,2,topological_scheme_req_1p,551.25,0.9986092214663643,0.7115565109449272,1.0,0.0,1.1872876947917974,1.2416260696594936,1.1864047380260343,1.2401612690515729,1.0007658112028428,53.17939547347922,4.421994479911866,29.986262281587322,1.0010363917599296,227.05,0.0,0.029558383672511877,68579.62424010038,0.0,451.95,0.0,15.466666666666667,20.5,20.5,11.766666666666667,274.01666666666665,274.01666666666665,48.0,0.0,24.0,1.0333333333333334,48.95,681584.6166666667,,1155.6666666666667,1155.6666666666667,1265.4,1069.0,28182.866666666665,32745.566666666666,67.0,1076372.0333333334,1156.0,46112.919944524765,2084.95,,,,,24.56691957420223,0.8587451247493677,4.0,0.0,0.0,0.0,1.0,0.0,0.0,0.0,
kuiper,isl_p0.10,3,topological_scheme_asc_1p,552.0,1.0,0.9503623188405798,1.0,0.0,1.226826290517481,1.293685738496428,1.225664854885675,1.2887873867381607,1.000963938938772,57.19103758472417,8.403839522159164,24.690998390823754,1.0036857792300011,234.91666666666666,0.0,0.018444666001994018,81221.04128996532,0.0,437.3333333333333,0.0,10.483333333333333,10.483333333333333,10.483333333333333,10.483333333333333,241.11666666666667,241.11666666666667,24.0,0.0,24.0,0.21666666666666667,50.166666666666664,713657.6166666667,,1155.9,1155.9,1329.8333333333333,1117.0,14406.5,33574.333333333336,67.0,1097268.8166666667,1156.0,55937.42935011784,2077.0833333333335,,,,,25.72295331122645,0.8357643582448979,4.0,0.0,0.0,,,,,,
kuiper,isl_p0.10,3,topological_scheme_req_1p,552.0,1.0,0.7160024154589372,1.0,0.0,1.186694677839418,1.2410858784451981,1.185893894426005,1.2394494474818905,1.0006866923349216,53.21425121192833,4.427071603676004,30.37340254745483,1.0011228880618197,234.91666666666666,0.0,0.029558383672511877,90787.7913792928,0.0,492.35,0.0,15.466666666666667,20.5,20.5,11.766666666666667,274.01666666666665,274.01666666666665,48.0,0.0,24.0,1.0333333333333334,50.166666666666664,713657.6166666667,,1155.9,1155.9,1284.1333333333334,1117.0,28842.45,33574.333333333336,67.0,1097268.8166666667,1156.0,61715.3683150808,2077.0833333333335,,,,,25.72295331122645,0.8357643582448979,4.0,0.0,0.0,,,,,,
kuiper,isl_p0.10,4,topological_scheme_asc_1p,552.0,1.0,0.9501509661835749,1.0,0.0,1.2261145829814217,1.2940666869153943,1.2250600448128328,1.289329688972369,1.0008631933338534,57.256299262318024,8.441529769879237,24.642922611928103,1.003620774506601,227.61666666666667,0.0,0.018444666001994018,67217.40522359808,0.0,428.5,0.0,10.483333333333333,10.483333333333333,10.483333333333333,10.483333333333333,241.11666666666667,241.11666666666667,24.0,0.0,24.0,0.21666666666666667,50.21666666666667,687066.4333333333,,1155.75,1155.75,1383.2666666666667,1059.0,14198.283333333333,33306.066666666666,71.0,1081284.3166666667,1156.0,45799.33326020837,2084.383333333333,,,,,24.764505238369857,0.8533515172453241,4.0,0.0,0.0,,,,,,
kuiper,isl_p0.10,4,topological_scheme_req_1p,552.0,1.0,0.7120772946859903,1.0,0.0,1.1868669267138798,1.241613736472147,1.186087179872758,1.2400141093051626,1.0006596292063068,53.23509290101426,4.453006942669041,30.5804389803545,1.0010739534478519,227.61666666666667,0.0,0.029558383672511877,70610.74292684595,0.0,462.81666666666666,0.0,15.466666666666667,20.5,20.5,11.766666666666667,274.01666666666665,274.01666666666665,48.0,0.0,24.0,1.0333333333333334,50.21666666666667,687066.4333333333,,1155.75,1155.75,1259.6833333333334,1059.0,27803.566666666666,33306.066666666666,71.0,1081284.3166666667,1156.0,47508.80630215009,2084.383333333333,,,,,24.764505238369857,0.8533515172453241,4.0,0.0,0.0,,,,,,
kuiper,isl_p0.10,5,topological_scheme_asc_1p,552.0,1.0,0.9445350241545893,1.0,0.0,1.2230378450165271,1.2918409819167154,1.221997317617478,1.286596838343022,1.0008380743825498,56.91081854204126,8.28789145343399,24.09372423438904,1.0040061790995023,220.18333333333334,0.0,0.018444666001994018,64184.371688465275,0.0,390.4,0.0,10.483333333333333,10.483333333333333,10.483333333333333,10.483333333333333,241.11666666666667,241.11666666666667,24.0,0.0,24.0,0.21666666666666667,47.8,665370.4333333333,,1155.9,1155.9,1200.3,1038.0,12767.566666666668,32413.15,63.0,1065830.6833333333,1156.0,43512.05413018664,2091.8166666666666,,,,,23.982498317954633,0.8784417732618417,5.0,0.0,0.0,,,,,,
kuiper,isl_p0.10,5,topological_scheme_req_1p,552.0,1.0,0.712469806763285,1.0,0.0,1.1837505345525112,1.238888514594601,1.182908741899679,1.2375198594413699,1.0007035723071345,52.90135631080073,4.348200727635513,30.13794160621519,1.0009636209617363,220.18333333333334,0.0,0.029558383672511877,68230.74417089422,0.0,435.6333333333333,0.0,15.466666666666667,20.5,20.5,11.766666666666667,274.01666666666665,274.01666666666665,48.0,0.0,24.0,1.0333333333333334,47.8,665370.4333333333,,1155.9,1155.9,1151.0333333333333,1038.0,25772.583333333332,32413.15,63.0,1065830.6833333333,1156.0,45815.15894855062,2091.8166666666666,,,,,23.982498317954633,0.8784417732618417,5.0,0.0,0.0,,,,,,
kuiper,isl_p0.20,1,topological_scheme_asc_1p,552.0,1.0,0.9477053140096618,1.0,0.0,1.2526883948806986,1.3060593597601429,1.2519499464586712,1.2990939089061646,1.0006216629189824,60.438975090986425,9.568482228914224,27.99640077120786,1.0050708594816267,460.1666666666667,0.0,0.018444666001994018,86051.18151406448,0.0,1285.85,0.0,10.483333333333333,10.483333333333333,10.483333333333333,10.483333333333333,241.11666666666667,241.11666666666667,24.0,0.0,24.0,0.21666666666666667,99.38333333333334,1050640.6333333333,,1153.9,1153.9,2087.383333333333,1152.0,21547.033333333333,46578.833333333336,87.0,1281624.25,1156.0,68210.46418373783,1851.8333333333333,,,,,37.86911163975394,0.4358224580374279,3.0,0.0,0.0,,,,,,
kuiper,isl_p0.20,1,topological_scheme_req_1p,552.0,1.0,0.728774154589372,1.0,0.0,1.2113493365961794,1.2563535441758285,1.2106970612354104,1.253688055023641,1.0005897335415472,56.16738458971643,5.4143241730088505,32.770269648215105,1.0018500862243058,460.1666666666667,0.0,0.029558383672511877,76278.55941653252,0.0,1386.6833333333334,0.0,15.466666666666667,20.5,20.5,11.766666666666667,273.81666666666666,273.81666666666666,48.0,0.0,24.0,1.0333333333333334,99.38333333333334,1050640.6333333333,,1153.9,1153.9,2036.5833333333333,1152.0,42249.23333333333,46578.833333333336,87.0,1281624.25,1156.0,59765.44926315546,1851.8333333333333,,,,,37.86911163975394,0.4358224580374279,3.0,0.0,0.0,,,,,,
kuiper,isl_p0.20,2,topological_scheme_asc_1p,552.0,1.0,0.9486714975845411,1.0,0.0,1.2535955483332246,1.3078718381466579,1.2529294066790129,1.3010775546128792,1.0005659917325749,60.734430873025346,9.602055942606489,27.873699426566546,1.0050522689769221,468.8333333333333,0.0,0.018444666001994018,74847.01421434681,0.0,1317.15,0.0,10.483333333333333,10.483333333333333,10.483333333333333,10.483333333333333,241.11666666666667,241.11666666666667,24.0,0.0,24.0,0.21666666666666667,100.33333333333333,1053758.95,,1154.1166666666666,1154.1166666666666,2130.983333333333,1153.0,21765.55,46569.61666666667,89.0,1282685.4166666667,1156.0,58435.73612446586,1843.1666666666667,,,,,37.98150771337947,0.42805920335639064,4.0,0.0,0.0,,,,,,
kuiper,isl_p0.20,2,topological_scheme_req_1p,551.2333333333333,0.9993045897079277,0.7283894587153188,1.0,0.0,1.2141096146190553,1.260329202153012,1.213503189058791,1.2569600917994987,1.0005467047914638,56.49978639119242,5.428472787624007,32.962531087490255,1.0023630224777,468.8333333333333,0.0,0.029558383672511877,74558.72673392296,0.0,1433.1666666666667,0.0,15.466666666666667,20.5,20.5,11.766666666666667,274.01666666666665,274.01666666666665,48.0,0.0,24.0,1.0333333333333334,100.33333333333333,1053758.95,,1154.1166666666666,1154.1166666666666,2068.45,1153.0,42870.433333333334,46569.61666666667,89.0,1282685.4166666667,1156.0,58955.406030764185,1843.1666666666667,,,,,37.98150771337947,0.42805920335639064,4.0,0.0,0.0,0.0,1.0,0.0,0.0,0.0,
kuiper,isl_p0.20,3,topological_scheme_asc_1p,550.1166666666667,0.9965158905686673,0.9502614617536179,1.0,0.0,1.2472222260178343,1.3018832847178974,1.2464386032130765,1.2942371267173252,1.0006674499246182,60.14627551684881,9.271219077340943,27.069368312590296,1.005638673437942,471.56666666666666,0.0,0.018444666001994018,73390.91384808223,0.0,1307.1,0.0,10.483333333333333,10.483333333333333,10.483333333333333,10.483333333333333,241.11666666666667,241.11666666666667,24.0,0.0,24.0,0.21666666666666667,101.25,1047390.4833333333,,1153.95,1153.95,2013.0166666666667,1150.0,21187.35,46669.36666666667,87.0,1281288.8,1156.0,58116.611755639315,1840.4333333333334,,,,,37.75196378796617,0.4147261919778439,3.0,0.0,0.0,0.0,1.0,0.0,0.0,0.0,
kuiper,isl_p0.20,3,topological_scheme_req_1p,551.2666666666667,0.9993046317571653,0.7245030708256437,1.0,0.0,1.2141671764842714,1.259424650819524,1.2134883757761845,1.2559034974672383,1.0005903165257677,56.6638963034223,5.469429522889202,33.29568616933662,1.0024071303120945,471.56666666666666,0.0,0.029558383672511877,78109.71096977592,0.0,1424.6166666666666,0.0,15.466666666666667,20.5,20.5,11.766666666666667,274.01666666666665,274.01666666666665,48.0,0.0,24.0,1.0333333333333334,101.25,1047390.4833333333,,1153.95,1153.95,2039.7333333333333,1150.0,42774.96666666667,46669.36666666667,87.0,1281288.8,1156.0,60980.677923063435,1840.4333333333334,,,,,37.75196378796617,0.4147261919778439,3.0,0.0,0.0,0.0,1.0,0.0,0.0,0.0,
kuiper,isl_p0.20,4,topological_scheme_asc_1p,551.2333333333333,0.9986091794158554,0.9501634976383675,1.0,0.0,1.2573596853544708,1.3120753668916902,1.2566559826338966,1.305035319560283,1.0005994855196294,60.7017510923942,9.664630070359046,28.635216854067064,1.0051759478517723,469.03333333333336,0.0,0.018444666001994018,82840.97680995862,0.0,1301.4666666666667,0.0,10.483333333333333,10.483333333333333,10.483333333333333,10.483333333333333,241.11666666666667,241.11666666666667,24.0,0.0,24.0,0.21666666666666667,97.68333333333334,1055499.1166666667,,1154.4166666666667,1154.4166666666667,2139.3,1153.0,21554.766666666666,47122.88333333333,90.0,1284734.7,1156.0,65078.96203224858,1842.9666666666667,,,,,38.04422998366013,0.4198580333566362,3.0,0.0,0.0,0.0,1.0,0.0,0.0,0.0,
kuiper,isl_p0.20,4,topological_scheme_req_1p,551.2333333333333,0.9965229485396384,0.7257501744591766,1.0,0.0,1.213105562653754,1.2586549974699297,1.2124196731903178,1.2559574424922495,1.0006022511427157,56.18191410589596,5.305987921603144,33.38442010560149,1.0018551288240947,469.03333333333336,0.0,0.029558383672511877,65625.15413711469,0.0,1404.6166666666666,0.0,15.466666666666667,20.5,20.5,11.766666666666667,274.01666666666665,274.01666666666665,48.0,0.0,24.0,1.0333333333333334,97.68333333333334,1055499.1166666667,,1154.4166666666667,1154.4166666666667,2018.3166666666666,1153.0,42519.61666666667,47122.88333333333,90.0,1284734.7,1156.0,51453.55909888943,1842.9666666666667,,,,,38.04422998366013,0.4198580333566362,3.0,0.0,0.0,0.0,1.0,0.0,0.0,0.0,
kuiper,isl_p0.20,5,topological_scheme_asc_1p,550.15,0.9963949225968676,0.9467011249619945,1.0,0.0,1.2531839026739682,1.3083373385468962,1.2524657269724666,1.3019784456539116,1.0006012715722965,60.49629594395981,9.657947253698985,28.436193428240088,1.0046001173055497,461.05,0.0,0.018444666001994018,87447.63886630535,0.0,1284.1,0.0,10.483333333333333,10.483333333333333,10.483333333333333,10.483333333333333,241.11666666666667,241.11666666666667,24.0,0.0,24.0,0.21666666666666667,99.86666666666666,1041009.0833333334,,1153.7166666666667,1153.6666666666667,2079.15,1152.0,21242.966666666667,46407.88333333333,88.0,1281422.5166666666,1156.0,68624.32492524385,1850.95,,,,,37.521953695693966,0.43155105354908446,3.0,0.0,0.0,0.0,1.0,0.0,0.0,0.0,
kuiper,isl_p0.20,5,topological_scheme_req_1p,550.55,0.9993037265764538,0.7232656770675553,1.0,0.0,1.2041672827613827,1.250838070138774,1.2034388789007715,1.247756232065914,1.0006419205752217,55.89541350725908,5.097991312119538,32.604277515970466,1.0021358087674974,461.05,0.0,0.029558383672511877,72075.98650455475,0.0,1361.8166666666666,0.0,15.466666666666667,20.5,20.5,11.766666666666667,273.85,273.85,48.0,0.0,24.0,1.0333333333333334,99.86666666666666,1041009.0833333334,,1153.7166666666667,1153.6666666666667,1960.9833333333333,1152.0,41714.46666666667,46407.88333333333,88.0,1281422.5166666666,1156.0,56816.367898633085,1850.95,,,,,37.521953695693966,0.43155105354908446,3.0,0.0,0.0,0.0,1.0,0.0,0.0,0.0,
kuiper,none,1,topological_scheme_asc_1p,552.0,1.0,0.9478562801932368,1.0,0.0,1.2079353592130115,1.2873375822968647,1.2079352160630772,1.2873375822968647,1.0000001233843328,54.99467179361967,7.4884032521556145,21.8696896538467,1.0,0.0,0.0,0.018444666001994018,11209.959419071674,0.0,0.0,0.0,10.483333333333333,10.483333333333333,10.483333333333333,10.483333333333333,241.11666666666667,241.11666666666667,24.0,0.0,24.0,0.21666666666666667,0.0,0.0,,0.0,0.0,0.0,0.0,0.0,0.0,0.0,307846.0,0.0,9654.217033088207,2312.0,,,,,0.0,,0.0,0.0,0.0,,,,,,
kuiper,none,1,topological_scheme_req_1p,552.0,1.0,0.7013888888888888,1.0,0.0,1.1728771091463324,1.2377070627907494,1.1728759280126353,1.2377070627907494,1.0000010817080187,51.37449404339175,3.9181012922710177,28.505067395730485,1.0,0.0,0.0,0.029558383672511877,13021.69431373477,0.0,0.0,0.0,15.466666666666667,20.5,20.5,11.766666666666667,274.01666666666665,274.01666666666665,48.0,0.0,24.0,1.0333333333333334,0.0,0.0,,0.0,0.0,0.0,0.0,0.0,0.0,0.0,307846.0,0.0,10920.038794229427,2312.0,,,,,0.0,,0.0,0.0,0.0,,,,,,
kuiper,polar_lat60,1,topological_scheme_asc_1p,552.0,1.0,0.9478562801932368,1.0,0.0,1.2079353592130115,1.2873375822968647,1.2079352160630772,1.2873375822968647,1.0000001233843328,54.99467179361967,7.4884032521556145,21.8696896538467,1.0,0.0,0.0,0.018444666001994018,21552.49583174785,0.0,0.0,0.0,10.483333333333333,10.483333333333333,10.483333333333333,10.483333333333333,241.11666666666667,241.11666666666667,24.0,0.0,24.0,0.21666666666666667,0.0,0.0,,0.0,0.0,0.0,0.0,0.0,0.0,0.0,307846.0,0.0,18583.378723760445,2312.0,,,,,0.0,,0.0,0.0,0.0,,,,,,
kuiper,polar_lat60,1,topological_scheme_req_1p,552.0,1.0,0.7013888888888888,1.0,0.0,1.1728771091463324,1.2377070627907494,1.1728759280126353,1.2377070627907494,1.0000010817080187,51.37449404339175,3.9181012922710177,28.505067395730485,1.0,0.0,0.0,0.029558383672511877,21988.731644302607,0.0,0.0,0.0,15.466666666666667,20.5,20.5,11.766666666666667,274.01666666666665,274.01666666666665,48.0,0.0,24.0,1.0333333333333334,0.0,0.0,,0.0,0.0,0.0,0.0,0.0,0.0,0.0,307846.0,0.0,18498.11324576537,2312.0,,,,,0.0,,0.0,0.0,0.0,,,,,,
kuiper,polar_lat75,1,topological_scheme_asc_1p,552.0,1.0,0.9478562801932368,1.0,0.0,1.2079353592130115,1.2873375822968647,1.2079352160630772,1.2873375822968647,1.0000001233843328,54.99467179361967,7.4884032521556145,21.8696896538467,1.0,0.0,0.0,0.018444666001994018,14482.416172822317,0.0,0.0,0.0,10.483333333333333,10.483333333333333,10.483333333333333,10.483333333333333,241.11666666666667,241.11666666666667,24.0,0.0,24.0,0.21666666666666667,0.0,0.0,,0.0,0.0,0.0,0.0,0.0,0.0,0.0,307846.0,0.0,12493.476436287165,2312.0,,,,,0.0,,0.0,0.0,0.0,,,,,,
kuiper,polar_lat75,1,topological_scheme_req_1p,552.0,1.0,0.7013888888888888,1.0,0.0,1.1728771091463324,1.2377070627907494,1.1728759280126353,1.2377070627907494,1.0000010817080187,51.37449404339175,3.9181012922710177,28.505067395730485,1.0,0.0,0.0,0.029558383672511877,20188.723349074524,0.0,0.0,0.0,15.466666666666667,20.5,20.5,11.766666666666667,274.01666666666665,274.01666666666665,48.0,0.0,24.0,1.0333333333333334,0.0,0.0,,0.0,0.0,0.0,0.0,0.0,0.0,0.0,307846.0,0.0,16962.798404693604,2312.0,,,,,0.0,,0.0,0.0,0.0,,,,,,
kuiper,sat_p0.005,1,topological_scheme_asc_1p,552.0,1.0,0.9483997584541063,1.0,0.0,1.2086893848270905,1.2876192619055444,1.2086224097892033,1.28727278446251,1.0000582878146647,55.11377299518363,7.537737831686712,22.07975990547146,1.0002752360579248,26.0,6.5,0.018415342208668112,55020.92809726795,0.0,8.8,0.0,10.466666666666667,10.466666666666667,10.466666666666667,10.466666666666667,240.73333333333332,240.73333333333332,24.0,0.0,24.0,0.21666666666666667,0.35,45460.35,,1149.5,406.96666666666664,83.8,137.0,852.2166666666667,6069.483333333334,12.0,389976.63333333336,1156.0,17329.10185555617,2286.0,,,,,1.6385650951557094,6.079253312685303,16.0,0.0,0.0,,,,,,
kuiper,sat_p0.005,1,topological_scheme_req_1p,552.0,1.0,0.7009963768115942,1.0,0.0,1.1732939810364913,1.2378250073601538,1.1732613929561555,1.2377944380904542,1.000028419021989,51.44532311714872,3.927825051572877,28.60763541743863,1.0000197188535338,26.0,6.5,0.029499736085860068,56631.32141431173,0.0,13.416666666666666,0.0,15.45,20.5,20.5,11.75,273.6333333333333,273.6333333333333,48.0,0.0,24.0,1.0333333333333334,0.35,45460.35,,1149.5,406.96666666666664,58.86666666666667,137.0,1687.3666666666666,6069.483333333334,12.0,389976.63333333336,1156.0,17575.279937436182,2286.0,,,,,1.6385650951557094,6.079253312685303,16.0,0.0,0.0,,,,,,
kuiper,sat_p0.005,2,topological_scheme_asc_1p,552.0,1.0,0.9477053140096618,1.0,0.0,1.208063020494682,1.2871772307738243,1.20803166855163,1.2869679597088055,1.0000255080923999,55.04566963256211,7.498931477341278,21.89459548017206,1.0001606664488236,24.333333333333332,6.083333333333333,0.018444666001994018,50712.24049503604,0.0,7.9,0.0,10.483333333333333,10.483333333333333,10.483333333333333,10.483333333333333,241.11666666666667,241.11666666666667,24.0,0.0,24.0,0.21666666666666667,0.3,40407.98333333333,,1149.9166666666667,356.96666666666664,35.233333333333334,112.0,559.5166666666667,5384.0,12.0,379951.43333333335,1156.0,16392.31597309311,2287.6666666666665,,,,,1.456458453479431,6.734907582206321,22.0,0.0,0.0,,,,,,
kuiper,sat_p0.005,2,topological_scheme_req_1p,552.0,1.0,0.7008454106280193,1.0,0.0,1.1729981550678872,1.2372114424852687,1.1729374467765996,1.2371369116286017,1.0000544808324334,51.45154558115297,3.920100230180764,28.518938208897993,1.0000481129784815,24.333333333333332,6.083333333333333,0.02944108849920826,59886.75347392758,0.0,14.783333333333333,0.0,15.45,20.516666666666666,20.516666666666666,11.75,273.6333333333333,273.6333333333333,48.0,0.0,24.0,1.0333333333333334,0.3,40407.98333333333,,1149.9166666666667,356.96666666666664,56.333333333333336,112.0,1974.8166666666666,5384.0,12.0,379951.43333333335,1156.0,19186.830642819405,2287.6666666666665,,,,,1.456458453479431,6.734907582206321,22.0,0.0,0.0,,,,,,
kuiper,sat_p0.005,3,topological_scheme_asc_1p,552.0,1.0,0.9488828502415458,1.0,0.0,1.2085008262827055,1.2867943710484657,1.2084465651356138,1.286507949970184,1.0000453811701617,55.12879712088381,7.540383971164501,22.01154694206521,1.0002207665382432,22.666666666666668,5.666666666666667,0.018444666001994018,56466.29634872079,0.0,9.35,0.0,10.483333333333333,10.483333333333333,10.483333333333333,10.483333333333333,241.11666666666667,241.11666666666667,24.0,0.0,24.0,0.25,0.25,37487.6,,1150.3,337.6333333333333,100.2,118.0,1121.5833333333333,4906.05,12.0,374408.06666666665,1156.0,18151.447334637243,2289.3333333333335,,,,,1.3511966551326413,6.8893878686996946,20.0,0.0,0.0,,,,,,
kuiper,sat_p0.005,3,topological_scheme_req_1p,552.0,1.0,0.7040157004830918,1.0,0.0,1.174080371557433,1.2379051524014792,1.1740113028272963,1.237776948225792,1.000058027173897,51.478768552553476,3.960009295470373,28.71377863381769,1.0000829716306152,22.666666666666668,5.666666666666667,0.02947041229253416,55745.567955325045,0.0,11.733333333333333,0.0,15.516666666666667,20.533333333333335,20.533333333333335,11.783333333333333,274.4,274.4,48.0,0.0,24.0,1.0833333333333333,0.25,37487.6,,1150.3,337.6333333333333,93.18333333333334,118.0,1875.7,4906.05,12.0,374408.06666666665,1156.0,18230.50029675166,2289.3333333333335,,,,,1.3511966551326413,6.8893878686996946,20.0,0.0,0.0,,,,,,
kuiper,sat_p0.005,4,topological_scheme_asc_1p,552.0,1.0,0.9471316425120773,1.0,0.0,1.2083879323293198,1.2874421987005256,1.208302762096634,1.287151434848632,1.0000741121471657,55.056228931021245,7.517518094700404,21.94600059623047,1.0002316234898965,19.8,4.95,0.018415342208668112,54713.15989295641,0.0,7.45,0.0,10.466666666666667,10.466666666666667,10.466666666666667,10.466666666666667,240.73333333333332,240.73333333333332,24.0,0.0,24.0,0.21666666666666667,0.25,32790.4,,1150.8166666666666,283.3,56.266666666666666,128.0,781.85,4312.733333333334,12.0,368008.85,1156.0,19110.50211067001,2292.2,,,,,1.1818915801614764,7.161650462737061,31.0,0.0,0.0,,,,,,
kuiper,sat_p0.005,4,topological_scheme_req_1p,552.0,1.0,0.7010869565217391,1.0,0.0,1.1735613263308933,1.238027886985476,1.1735339189354344,1.237941538578784,1.0000232722381204,51.41739906464364,3.929268642030686,28.542040141009334,1.0000558687216121,19.8,4.95,0.029499736085860068,57072.67173553506,0.0,8.683333333333334,0.0,15.466666666666667,20.483333333333334,20.483333333333334,11.733333333333333,273.25,273.25,48.0,0.0,24.0,1.0333333333333334,0.25,32790.4,,1150.8166666666666,283.3,39.483333333333334,128.0,1253.0166666666667,4312.733333333334,12.0,368008.85,1156.0,19421.588389823835,2292.2,,,,,1.1818915801614764,7.161650462737061,31.0,0.0,0.0,,,,,,
kuiper,sat_p0.005,5,topological_scheme_asc_1p,552.0,1.0,0.9479166666666666,1.0,0.0,1.2088937323066813,1.2876377878942102,1.2087983888313134,1.28736083364956,1.000080386885855,55.09548474769453,7.525876095376545,21.99566146178926,1.0002245979801319,26.266666666666666,6.566666666666666,0.018503313588645827,49996.26323680083,0.0,8.25,0.0,10.516666666666667,10.516666666666667,10.516666666666667,10.516666666666667,241.88333333333333,241.88333333333333,24.0,0.0,24.0,0.21666666666666667,0.4,43953.3,,1149.4333333333334,387.1666666666667,79.13333333333334,128.0,1061.6,5589.766666666666,13.0,385657.36666666664,1156.0,16229.796451578537,2285.733333333333,,,,,1.5842452422145328,6.090822532096566,21.0,0.0,0.0,,,,,,
kuiper,sat_p0.005,5,topological_scheme_req_1p,552.0,1.0,0.7027173913043478,1.0,0.0,1.1735033193490498,1.2371569813773662,1.1734329261283782,1.2371024912319724,1.0000605834886127,51.50215872116907,3.9474711220399175,28.659613142069457,1.0000360367850103,26.266666666666666,6.566666666666666,0.02944108849920826,63203.36473112305,0.0,14.866666666666667,0.0,15.516666666666667,20.583333333333332,20.583333333333332,11.766666666666667,274.01666666666665,274.01666666666665,48.0,0.0,24.0,1.0166666666666666,0.4,43953.3,,1149.4333333333334,387.1666666666667,92.98333333333333,128.0,2386.4166666666665,5589.766666666666,13.0,385657.36666666664,1156.0,20245.347139736015,2285.733333333333,,,,,1.5842452422145328,6.090822532096566,21.0,0.0,0.0,,,,,,
kuiper,sat_p0.01,1,topological_scheme_asc_1p,552.0,1.0,0.9484299516908212,1.0,0.0,1.2092754408208168,1.2868802184975974,1.2091001239231423,1.2863006767627418,1.0001485452118501,55.243564772643104,7.578912149409084,22.210691170885617,1.0004740024078682,53.733333333333334,13.433333333333334,0.018356694622016303,73881.95877869923,0.0,26.133333333333333,0.0,10.433333333333334,10.433333333333334,10.433333333333334,10.433333333333334,239.96666666666667,239.96666666666667,24.0,0.0,24.0,0.21666666666666667,0.6166666666666667,93726.08333333333,,1142.5666666666666,820.9166666666666,174.73333333333332,375.0,2079.1666666666665,9098.816666666668,27.0,470080.81666666665,1156.0,25613.086389253538,2258.266666666667,,,,,3.3782469482891195,4.504204717114499,16.0,0.0,0.0,,,,,,
kuiper,sat_p0.01,1,topological_scheme_req_1p,552.0,1.0,0.7040760869565217,1.0,0.0,1.172691384672679,1.2354699204339197,1.172586544714852,1.23539798737647,1.0000892530789491,51.52939137553908,3.9160125161016524,28.524673942922977,1.000049837439005,53.733333333333334,13.433333333333334,0.02932379332590464,45285.6187072893,0.0,34.11666666666667,0.0,15.466666666666667,20.416666666666668,20.416666666666668,11.783333333333333,274.3833333333333,274.3833333333333,48.0,0.0,24.0,1.0166666666666666,0.6166666666666667,93726.08333333333,,1142.5666666666666,820.9166666666666,171.85,375.0,4135.316666666667,9098.816666666668,27.0,470080.81666666665,1156.0,16410.673613846302,2258.266666666667,,,,,3.3782469482891195,4.504204717114499,16.0,0.0,0.0,,,,,,
kuiper,sat_p0.01,2,topological_scheme_asc_1p,552.0,1.0,0.9455012077294686,1.0,0.0,1.209051009926425,1.2865672567324695,1.2088114108215364,1.2859127260747563,1.0002056360613167,55.20739063880282,7.568962812077905,22.161580428692982,1.0005241885676772,64.2,16.183333333333334,0.018356694622016303,81138.14830978711,0.0,19.733333333333334,0.0,10.433333333333334,10.433333333333334,10.433333333333334,10.433333333333334,239.96666666666667,239.96666666666667,24.0,0.0,24.0,0.21666666666666667,0.6166666666666667,103763.76666666666,,1139.8166666666666,741.4833333333333,188.73333333333332,220.0,1615.3,10715.916666666666,22.0,493501.7,1156.0,29318.322594463825,2247.8,,,,,3.740043492887351,4.0190034221965085,13.0,0.0,0.0,,,,,,
kuiper,sat_p0.01,2,topological_scheme_req_1p,552.0,1.0,0.6989734299516909,1.0,0.0,1.1729282935719205,1.2356173793996694,1.1727406357907944,1.2354320063754212,1.0001590930035518,51.49471108598742,3.917411028244574,28.830446135682195,1.0001374134707537,64.2,16.183333333333334,0.029323793325904637,75719.79359338681,0.0,27.266666666666666,0.0,15.383333333333333,20.416666666666668,20.416666666666668,11.683333333333334,271.93333333333334,271.93333333333334,48.0,0.0,24.0,1.1333333333333333,0.6166666666666667,103763.76666666666,,1139.8166666666666,741.4833333333333,159.46666666666667,220.0,3458.7833333333333,10715.916666666666,22.0,493501.7,1156.0,27129.25328661998,2247.8,,,,,3.740043492887351,4.0190034221965085,13.0,0.0,0.0,,,,,,
kuiper,sat_p0.01,3,topological_scheme_asc_1p,552.0,1.0,0.9483393719806763,1.0,0.0,1.209132421209214,1.28607344240572,1.2088291465849805,1.2852231194619226,1.0002586189088343,55.26735822305598,7.573540830518724,22.22603818625931,1.000670957843499,55.46666666666667,13.866666666666667,0.01838601841534221,62096.764413515724,0.0,22.1,0.0,10.45,10.45,10.45,10.45,240.35,240.35,24.0,0.0,24.0,0.21666666666666667,0.6666666666666666,87844.03333333334,,1142.1333333333334,650.5333333333333,196.56666666666666,213.0,2388.883333333333,9118.783333333333,23.0,466050.9,1156.0,21646.417056024075,2256.5333333333333,,,,,3.166235342176086,4.404700793565565,13.0,0.0,0.0,,,,,,
kuiper,sat_p0.01,3,topological_scheme_req_1p,552.0,1.0,0.7034420289855072,1.0,0.0,1.1743003082152643,1.237067750099694,1.1740441187821078,1.2368690811115854,1.000213620970565,51.583293236839076,3.974071213183696,28.80833039756557,1.000133095175861,55.46666666666667,13.866666666666667,0.029353117119230544,67631.38809303443,0.0,28.966666666666665,0.0,15.433333333333334,20.433333333333334,20.433333333333334,11.7,272.48333333333335,272.48333333333335,48.0,0.0,24.0,1.0333333333333334,0.6666666666666666,87844.03333333334,,1142.1333333333334,650.5333333333333,160.01666666666668,213.0,3905.133333333333,9118.783333333333,23.0,466050.9,1156.0,22532.013746351004,2256.5333333333333,,,,,3.166235342176086,4.404700793565565,13.0,0.0,0.0,,,,,,
kuiper,sat_p0.01,4,topological_scheme_asc_1p,552.0,1.0,0.9457125603864734,1.0,0.0,1.2091352239431172,1.2866189867744808,1.2089531661731667,1.2858188934372536,1.0001577966158979,55.20465199835512,7.575926103169068,22.298466218526794,1.0006236969459985,38.266666666666666,9.566666666666666,0.01838601841534221,57463.11017548045,0.0,15.783333333333333,0.0,10.45,10.45,10.45,10.45,240.35,240.35,24.0,0.0,24.0,0.21666666666666667,0.55,61340.51666666667,,1146.4333333333334,523.0833333333334,168.08333333333334,163.0,1635.45,7341.9,17.0,416653.2166666667,1156.0,18589.27964443962,2273.733333333333,,,,,2.2109471116878123,5.1600353328183575,19.0,0.0,0.0,,,,,,
kuiper,sat_p0.01,4,topological_scheme_req_1p,552.0,1.0,0.6996678743961353,1.0,0.0,1.1730559263045277,1.2366145350539863,1.172996112034617,1.2365455357115933,1.000050453137106,51.476387180132356,3.9172584123165444,28.743222641341365,1.0000457566214775,38.266666666666666,9.566666666666666,0.029411764705882353,75845.3994790713,0.0,19.633333333333333,0.0,15.483333333333333,20.45,20.45,11.75,273.6333333333333,273.6333333333333,48.0,0.0,24.0,1.05,0.55,61340.51666666667,,1146.4333333333334,523.0833333333334,73.68333333333334,163.0,2669.9666666666667,7341.9,17.0,416653.2166666667,1156.0,24280.981542915106,2273.733333333333,,,,,2.2109471116878123,5.1600353328183575,19.0,0.0,0.0,,,,,,
kuiper,sat_p0.01,5,topological_scheme_asc_1p,552.0,1.0,0.9470410628019323,1.0,0.0,1.209987332598521,1.2869746849818122,1.2097518956654663,1.2862594685768036,1.000201533247446,55.30561063867627,7.600536454346398,22.396718198951476,1.000564280942033,47.65,11.916666666666666,0.018444666001994018,63580.96189747254,0.0,22.483333333333334,0.0,10.483333333333333,10.483333333333333,10.483333333333333,10.483333333333333,241.11666666666667,241.11666666666667,24.0,0.0,24.0,0.21666666666666667,0.6,78698.08333333333,,1144.0833333333333,621.8166666666667,218.21666666666667,183.0,2458.883333333333,8285.916666666666,17.0,446739.3333333333,1156.0,21679.92311020692,2264.35,,,,,2.836580281622453,4.555964196502033,16.0,0.0,0.0,,,,,,
kuiper,sat_p0.01,5,topological_scheme_req_1p,552.0,1.0,0.7022041062801933,1.0,0.0,1.172957053855817,1.2360969422460992,1.1727864076821548,1.2360053407071916,1.0001426461568996,51.51394716770971,3.909115071361841,28.745182042202337,1.0000602795240767,47.65,11.916666666666666,0.029294469532578735,58969.226521501936,0.0,26.6,0.0,15.466666666666667,20.533333333333335,20.533333333333335,11.7,272.56666666666666,272.56666666666666,48.0,0.0,24.0,1.05,0.6,78698.08333333333,,1144.0833333333333,621.8166666666667,153.56666666666666,183.0,3810.383333333333,8285.916666666666,17.0,446739.3333333333,1156.0,19572.64658436179,2264.35,,,,,2.836580281622453,4.555964196502033,16.0,0.0,0.0,,,,,,
kuiper,sat_p0.02,1,topological_scheme_asc_1p,552.0,1.0,0.943659420289855,1.0,0.0,1.2092336338276004,1.2863372587539068,1.2089661074770857,1.2853489201735337,1.000223297254445,55.334396855700085,7.596883322439837,22.233137769760084,1.000776197214019,85.1,21.55,0.018444666001994018,71767.17174549897,0.0,39.61666666666667,0.0,10.483333333333333,10.483333333333333,10.483333333333333,10.483333333333333,241.11666666666667,241.11666666666667,24.0,0.0,24.0,0.23333333333333334,1.1,133281.4,,1134.45,883.2,227.71666666666667,443.0,2593.6833333333334,11722.45,31.0,541998.25,1156.0,27772.097053627174,2226.9,,,,,4.803972029988466,3.360285206087771,11.0,0.0,0.0,,,,,,
kuiper,sat_p0.02,1,topological_scheme_req_1p,552.0,1.0,0.7023852657004831,1.0,0.0,1.1735756338728616,1.2357774037356304,1.1733224455589244,1.2355732710744702,1.0002184128515161,51.65009029980226,3.963562457861281,28.70006697948961,1.0001300562169462,85.1,21.55,0.029382440912556446,55986.21187532941,0.0,47.983333333333334,0.0,15.516666666666667,20.5,20.5,11.733333333333333,273.35,273.35,48.0,0.0,24.0,1.0666666666666667,1.1,133281.4,,1134.45,883.2,220.0,443.0,5403.65,11722.45,31.0,541998.25,1156.0,21624.199891338747,2226.9,,,,,4.803972029988466,3.360285206087771,11.0,0.0,0.0,,,,,,
kuiper,sat_p0.02,2,topological_scheme_asc_1p,552.0,1.0,0.9443840579710145,1.0,0.0,1.2116524600847611,1.2859958177414181,1.2111047423455752,1.283995669314029,1.0004720041000266,55.68238598208666,7.706671794914681,22.586029647319897,1.0015146084388244,110.5,27.883333333333333,0.01826872324203859,74513.6965515713,0.0,70.81666666666666,0.0,10.383333333333333,10.383333333333333,10.383333333333333,10.383333333333333,238.81666666666666,238.81666666666666,24.0,0.0,24.0,0.23333333333333334,1.3666666666666667,181117.21666666667,,1128.1166666666666,1046.0666666666666,419.23333333333335,576.0,4769.716666666666,15163.316666666668,38.0,611677.2166666667,1156.0,31994.37565977375,2201.5,,,,,6.528158040176855,2.7644925712473682,11.0,0.0,0.0,,,,,,
kuiper,sat_p0.02,2,topological_scheme_req_1p,552.0,1.0,0.7031099033816425,1.0,0.0,1.173872855242065,1.233928064882166,1.1734777952732593,1.2333956363803327,1.0003550167770767,51.854890211340454,3.982805385771756,28.717698463200648,1.0003436184778791,110.5,27.883333333333333,0.029177174359275117,85468.1986970206,0.0,81.05,0.0,15.383333333333333,20.416666666666668,20.416666666666668,11.683333333333334,272.18333333333334,272.18333333333334,48.0,0.0,24.0,1.0666666666666667,1.3666666666666667,181117.21666666667,,1128.1166666666666,1046.0666666666666,368.25,576.0,8326.466666666667,15163.316666666668,38.0,611677.2166666667,1156.0,35885.73229213556,2201.5,,,,,6.528158040176855,2.7644925712473682,11.0,0.0,0.0,,,,,,
kuiper,sat_p0.02,3,topological_scheme_asc_1p,552.0,1.0,0.9449879227053141,1.0,0.0,1.2101607201233644,1.2856071029495353,1.2096981186927407,1.28406328904424,1.000394353530168,55.48842282653864,7.638052994030164,22.498225222647307,1.0011786438333117,93.38333333333334,23.45,0.01838601841534221,63601.45726303259,0.0,46.81666666666667,0.0,10.45,10.45,10.45,10.45,240.35,240.35,24.0,0.0,24.0,0.26666666666666666,1.1833333333333333,141682.91666666666,,1132.55,955.7,352.28333333333336,411.0,3527.5,12415.466666666667,35.0,552573.2166666667,1156.0,25556.205472846825,2218.616666666667,,,,,5.1067948625528645,3.273478042224568,11.0,0.0,0.0,,,,,,
kuiper,sat_p0.02,3,topological_scheme_req_1p,552.0,1.0,0.7055555555555556,1.0,0.0,1.175243923153576,1.2371209421414135,1.1749199858241905,1.236838281701304,1.0002693743871383,51.82627988019983,4.0554299432707985,29.139846853403107,1.000194382189136,93.38333333333334,23.45,0.029001231599319686,63624.402337769665,0.0,59.06666666666667,0.0,15.533333333333333,20.45,20.45,11.7,272.48333333333335,272.48333333333335,48.0,0.0,24.0,1.0666666666666667,1.1833333333333333,141682.91666666666,,1132.55,955.7,242.48333333333332,411.0,7237.65,12415.466666666667,35.0,552573.2166666667,1156.0,24696.513769527275,2218.616666666667,,,,,5.1067948625528645,3.273478042224568,11.0,0.0,0.0,,,,,,
kuiper,sat_p0.02,4,topological_scheme_asc_1p,552.0,1.0,0.9456219806763285,1.0,0.0,1.2108994681153555,1.2866389843537238,1.210480568662164,1.2852259203498686,1.0003522055799505,55.46255523263527,7.671507806136996,22.575243102805654,1.0011355608765584,98.56666666666666,24.883333333333333,0.018473989795319924,68109.55633794267,0.0,42.083333333333336,0.0,10.5,10.5,10.5,10.5,241.5,241.5,24.0,0.0,24.0,0.25,1.2833333333333334,149024.0,,1131.1166666666666,953.9833333333333,308.5833333333333,583.0,2920.766666666667,13326.533333333333,30.0,573450.9333333333,1156.0,27856.176023433607,2213.4333333333334,,,,,5.371395617070357,3.195355110586214,13.0,0.0,0.0,,,,,,
kuiper,sat_p0.02,4,topological_scheme_req_1p,552.0,1.0,0.7007246376811594,1.0,0.0,1.1735918018435727,1.2356362964585133,1.1733129278875036,1.235413507677853,1.0002328584224784,51.65253916369307,3.932816108585747,29.008312639612477,1.00014945160124,98.56666666666666,24.883333333333333,0.029265145739252832,74451.64732560515,0.0,52.016666666666666,0.0,15.466666666666667,20.466666666666665,20.466666666666665,11.8,274.78333333333336,274.78333333333336,48.0,0.0,24.0,1.0833333333333333,1.2833333333333334,149024.0,,1131.1166666666666,953.9833333333333,237.4,583.0,5481.45,13326.533333333333,30.0,573450.9333333333,1156.0,30324.640222638845,2213.4333333333334,,,,,5.371395617070357,3.195355110586214,13.0,0.0,0.0,,,,,,
kuiper,sat_p0.02,5,topological_scheme_asc_1p,552.0,1.0,0.9471618357487923,1.0,0.0,1.210203862242087,1.2882908127439217,1.209815867141535,1.2870778114426435,1.000334860752005,55.355458218341006,7.608302654282664,21.994391231648294,1.000964157708579,85.2,21.583333333333332,0.018444666001994018,68307.66603226463,0.0,33.43333333333333,0.0,10.483333333333333,10.483333333333333,10.483333333333333,10.483333333333333,241.11666666666667,241.11666666666667,24.0,0.0,24.0,0.21666666666666667,1.1333333333333333,129294.63333333333,,1134.4166666666667,868.1,276.71666666666664,409.0,2851.6,12118.266666666666,30.0,539159.5333333333,1156.0,26588.094223539036,2226.8,,,,,4.660273692810457,3.410271088849009,12.0,0.0,0.0,,,,,,
kuiper,sat_p0.02,5,topological_scheme_req_1p,552.0,1.0,0.7028079710144928,1.0,0.0,1.1729050392996088,1.2354577078478843,1.1726603561305937,1.2352682945673514,1.0002154430606143,51.59870482134728,3.9216845987306987,28.554911797331105,1.0001329524992741,85.2,21.583333333333332,0.029294469532578735,59830.940579374634,0.0,46.65,0.0,15.433333333333334,20.516666666666666,20.516666666666666,11.783333333333333,274.2,274.2,48.0,0.0,24.0,1.0333333333333334,1.1333333333333333,129294.63333333333,,1134.4166666666667,868.1,220.76666666666668,409.0,5910.733333333334,12118.266666666666,30.0,539159.5333333333,1156.0,22605.606991052628,2226.8,,,,,4.660273692810457,3.410271088849009,12.0,0.0,0.0,,,,,,
kuiper,sat_p0.05,1,topological_scheme_asc_1p,552.0,1.0,0.9402475845410628,1.0,0.0,1.2139566183992434,1.285871825963674,1.213212806239605,1.2825364594522681,1.0006357644290298,56.169147013399936,7.854392377397454,23.197693828383184,1.002544677673142,227.36666666666667,58.583333333333336,0.01821007565538678,78182.48269905646,0.0,150.1,0.0,10.35,10.35,10.35,10.35,238.05,238.05,24.0,0.0,24.0,0.25,2.85,335196.4,,1097.4166666666667,1095.2166666666667,715.8166666666667,783.0,7938.233333333334,23774.883333333335,58.0,859842.65,1156.0,42880.445693433285,2084.633333333333,,,,,12.08176182237601,1.7087863513251733,8.0,0.0,0.0,,,,,,
kuiper,sat_p0.05,1,topological_scheme_req_1p,552.0,1.0,0.710054347826087,1.0,0.0,1.177491576970246,1.2366376594814648,1.1769804239644654,1.2359932418544295,1.000454992433035,52.279233318845534,4.135951182007153,29.6100689334134,1.0004426208309036,227.36666666666667,58.583333333333336,0.028854612632690162,80039.41217288375,0.0,169.6,0.0,15.383333333333333,20.283333333333335,20.283333333333335,11.65,271.45,271.45,48.0,0.0,24.0,1.0666666666666667,2.85,335196.4,,1097.4166666666667,1095.2166666666667,517.95,783.0,13958.416666666666,23774.883333333335,58.0,859842.65,1156.0,43998.5288562874,2084.633333333333,,,,,12.08176182237601,1.7087863513251733,8.0,0.0,0.0,,,,,,
kuiper,sat_p0.05,2,topological_scheme_asc_1p,552.0,1.0,0.9442632850241546,1.0,0.0,1.2149188125563402,1.286025560809304,1.2140778714275393,1.2831206703530202,1.000715417465379,56.21704818663716,7.910387699164164,23.14303175685862,1.0022813368848325,232.28333333333333,60.36666666666667,0.018444666001994018,87296.75945962469,0.0,135.55,0.0,10.483333333333333,10.483333333333333,10.483333333333333,10.483333333333333,241.11666666666667,241.11666666666667,24.0,0.0,24.0,0.26666666666666666,3.1666666666666665,311959.85,,1095.6333333333334,1090.5166666666667,680.65,691.0,7124.533333333334,22787.833333333332,60.0,838587.6166666667,1156.0,46459.21691109737,2079.7166666666667,,,,,11.244227580738178,1.819826707400541,7.0,0.0,0.0,,,,,,
kuiper,sat_p0.05,2,topological_scheme_req_1p,552.0,1.0,0.7121678743961353,1.0,0.0,1.1804890967462212,1.2377224274802467,1.1799531783536927,1.237188816550229,1.0004527817389741,52.41627285932452,4.2300836137710345,29.60020822566373,1.0003696806425004,232.28333333333333,60.36666666666667,0.028620022286082927,68659.70833649237,0.0,162.85,0.0,15.283333333333333,20.433333333333334,20.433333333333334,11.616666666666667,270.75,270.75,48.0,0.0,24.0,1.15,3.1666666666666665,311959.85,,1095.6333333333334,1090.5166666666667,645.0,691.0,14051.366666666667,22787.833333333332,60.0,838587.6166666667,1156.0,36694.69965572158,2079.7166666666667,,,,,11.244227580738178,1.819826707400541,7.0,0.0,0.0,,,,,,
kuiper,sat_p0.05,3,topological_scheme_asc_1p,552.0,1.0,0.9441727053140097,1.0,0.0,1.211021025025848,1.2832255657950922,1.2101579200311858,1.2801007550859327,1.0007170432801236,55.99302518401762,7.764805737162257,22.93857886947888,1.0024651449979973,240.3,61.85,0.018063456688757255,67428.14283072948,0.0,127.95,0.0,10.266666666666667,10.266666666666667,10.266666666666667,10.266666666666667,236.13333333333333,236.13333333333333,24.0,0.0,24.0,0.3,3.1666666666666665,334769.51666666666,,1094.15,1092.05,589.4166666666666,719.0,6535.233333333334,24051.616666666665,64.0,862531.8,1156.0,37285.685708373785,2071.7,,,,,12.066375312379854,1.7145024803383382,7.0,0.0,0.0,,,,,,
kuiper,sat_p0.05,3,topological_scheme_req_1p,552.0,1.0,0.7092089371980677,1.0,0.0,1.1758238013273858,1.2331738993529007,1.175219321985238,1.2326042466120126,1.000519593193031,52.32694921874434,4.110761034563104,29.593381650429993,1.0003980568218471,240.3,61.85,0.02870799366606064,71435.36849270265,0.0,169.2,0.0,15.183333333333334,20.133333333333333,20.133333333333333,11.516666666666667,268.26666666666665,268.26666666666665,48.0,0.0,24.0,1.2,3.1666666666666665,334769.51666666666,,1094.15,1092.05,644.8166666666667,719.0,14579.333333333334,24051.616666666665,64.0,862531.8,1156.0,39305.07183174292,2071.7,,,,,12.066375312379854,1.7145024803383382,7.0,0.0,0.0,,,,,,
kuiper,sat_p0.05,4,topological_scheme_asc_1p,552.0,1.0,0.9429347826086957,1.0,0.0,1.2136090230161023,1.2864274588065434,1.2128959516169546,1.2830741073783807,1.0005845257807278,55.95937547342981,7.8190528228645295,22.881437833953647,1.0025803970530718,198.55,51.583333333333336,0.018180751862060876,80855.44989481568,0.0,111.33333333333333,0.0,10.333333333333334,10.333333333333334,10.333333333333334,10.333333333333334,237.66666666666666,237.66666666666666,24.0,0.0,24.0,0.2833333333333333,2.683333333333333,266295.11666666664,,1104.4166666666667,1102.3833333333334,560.3666666666667,758.0,5543.05,20463.816666666666,54.0,766858.1833333333,1156.0,40725.854639708996,2113.45,,,,,9.598295727604768,2.0935459011734285,8.0,0.0,0.0,,,,,,
kuiper,sat_p0.05,4,topological_scheme_req_1p,552.0,1.0,0.6988526570048309,1.0,0.0,1.1739208112118187,1.2333063587946997,1.1733970400733966,1.2323281399582982,1.0004431678217294,52.16259074240549,3.9684910534834588,29.21628707727524,1.0006900597100006,198.55,51.583333333333336,0.028649346079408833,87685.34170960386,0.0,142.98333333333332,0.0,15.333333333333334,20.383333333333333,20.383333333333333,11.683333333333334,272.35,272.35,48.0,0.0,24.0,1.15,2.683333333333333,266295.11666666664,,1104.4166666666667,1102.3833333333334,491.51666666666665,758.0,12156.5,20463.816666666666,54.0,766858.1833333333,1156.0,43130.18999646107,2113.45,,,,,9.598295727604768,2.0935459011734285,8.0,0.0,0.0,,,,,,
kuiper,sat_p0.05,5,topological_scheme_asc_1p,552.0,1.0,0.9384359903381643,1.0,0.0,1.215358730766764,1.2887590366887167,1.2145987832263159,1.2846665422543408,1.0006334285239349,56.15834055633379,7.891993227484263,23.058382934597034,1.003165446179708,243.93333333333334,62.333333333333336,0.0183273708286904,52270.48130656282,0.0,163.6,0.0,10.416666666666666,10.416666666666666,10.416666666666666,10.416666666666666,239.58333333333334,239.58333333333334,24.0,0.0,24.0,0.3,3.2,342331.68333333335,,1093.6666666666667,1093.45,630.9166666666666,782.0,6946.916666666667,24589.35,70.0,872448.0833333334,1156.0,29446.38321995735,2068.0666666666666,,,,,12.338944756824299,1.6688731849291776,8.0,0.0,0.0,,,,,,
kuiper,sat_p0.05,5,topological_scheme_req_1p,552.0,1.0,0.7053743961352656,1.0,0.0,1.1785539161242577,1.2364298929178443,1.178038215580486,1.2354672739617498,1.0004486877888383,52.415303817993575,4.177479902618078,29.832210255016175,1.0006596806515824,243.93333333333334,62.333333333333336,0.028795965046038357,79984.17345136404,0.0,195.18333333333334,0.0,15.366666666666667,20.416666666666668,20.416666666666668,11.683333333333334,272.15,272.15,48.0,0.0,24.0,1.1666666666666667,3.2,342331.68333333335,,1093.6666666666667,1093.45,672.9166666666666,782.0,15047.816666666668,24589.35,70.0,872448.0833333334,1156.0,44073.69207839171,2068.0666666666666,,,,,12.338944756824299,1.6688731849291776,8.0,0.0,0.0,,,,,,
kuiper,void_b2,1,topological_scheme_asc_1p,552.0,1.0,0.9467391304347826,1.0,0.0,1.2080222888836722,1.2862970488807666,1.2079264430032057,1.2859266588443463,1.0000731828787872,55.12940813172768,7.523625624801296,22.124045788035275,1.000298194416058,12.0,4.0,0.018444666001994018,38025.99978620807,0.0,3.683333333333333,0.0,10.483333333333333,10.483333333333333,10.483333333333333,10.483333333333333,241.11666666666667,241.11666666666667,24.0,0.0,24.0,0.21666666666666667,0.06666666666666667,13242.933333333332,,988.65,138.53333333333333,48.38333333333333,79.0,546.3166666666667,1446.7333333333333,6.0,334539.45,1156.0,18204.291310409706,2300.0,,,,,0.4773260284505959,11.51424029922877,30.0,0.0,0.0,,,,,,
kuiper,void_b2,1,topological_scheme_req_1p,552.0,1.0,0.7018719806763285,1.0,0.0,1.1727993025261196,1.2368616091255136,1.172730117788536,1.2368569640121727,1.000042669398096,51.45192779144102,3.9253298048052527,28.643991278445988,1.0000037741545893,12.0,4.0,0.029499736085860068,30542.643797645967,0.0,4.35,0.0,15.45,20.5,20.5,11.766666666666667,274.01666666666665,274.01666666666665,48.0,0.0,24.0,1.0333333333333334,0.06666666666666667,13242.933333333332,,988.65,138.53333333333333,21.616666666666667,79.0,635.65,1446.7333333333333,6.0,334539.45,1156.0,14394.79875365893,2300.0,,,,,0.4773260284505959,11.51424029922877,30.0,0.0,0.0,,,,,,
kuiper,void_b2,2,topological_scheme_asc_1p,552.0,1.0,0.9453200483091787,1.0,0.0,1.2085152165351367,1.2871760040327163,1.208449855279988,1.2869209971086626,1.0000540864866747,55.11233034050096,7.532762703710301,21.998618481579495,1.0002083562267294,12.0,4.0,0.018444666001994018,28842.115484923124,0.0,2.75,0.0,10.483333333333333,10.483333333333333,10.483333333333333,10.483333333333333,241.11666666666667,241.11666666666667,24.0,0.0,24.0,0.21666666666666667,0.06666666666666667,11970.45,,1007.75,127.0,52.8,80.0,461.53333333333336,1374.4666666666667,6.0,333796.0333333333,1156.0,13888.398950298628,2300.0,,,,,0.4314608564013841,11.75682339984434,30.0,0.0,0.0,,,,,,
kuiper,void_b2,2,topological_scheme_req_1p,552.0,1.0,0.7016002415458937,1.0,0.0,1.1728386085716325,1.2373453149870692,1.1728176404904291,1.2373128249998688,1.0000171501251947,51.406923168680564,3.926604566954881,28.559696492109772,1.000022728797638,12.0,4.0,0.02944108849920826,35301.994157085814,0.0,3.05,0.0,15.433333333333334,20.5,20.5,11.683333333333334,272.1,272.1,48.0,0.0,24.0,1.0333333333333334,0.06666666666666667,11970.45,,1007.75,127.0,18.416666666666668,80.0,571.5166666666667,1374.4666666666667,6.0,333796.0333333333,1156.0,16921.57414952914,2300.0,,,,,0.4314608564013841,11.75682339984434,30.0,0.0,0.0,,,,,,
kuiper,void_b2,3,topological_scheme_asc_1p,552.0,1.0,0.9477958937198068,1.0,0.0,1.2076833177486752,1.2869250917200528,1.207672439089854,1.286859035845573,1.000008018406913,55.00048142990176,7.475866779938845,21.800785244869026,1.0000487228538335,12.0,4.0,0.018444666001994018,41759.72294161717,0.0,1.5666666666666667,0.0,10.483333333333333,10.483333333333333,10.483333333333333,10.483333333333333,241.11666666666667,241.11666666666667,24.0,0.0,24.0,0.21666666666666667,0.06666666666666667,13115.183333333332,,1015.25,134.3,2.1,80.0,101.08333333333333,1479.5,6.0,334783.0333333333,1156.0,19605.306860804558,2300.0,,,,,0.4727214292579777,11.554574786729376,30.0,0.0,0.0,,,,,,
kuiper,void_b2,3,topological_scheme_req_1p,552.0,1.0,0.7005132850241546,1.0,0.0,1.1730455734817533,1.2374374587505943,1.1730220354202485,1.2373505141989094,1.0000176349721954,51.42297425405667,3.9222773058407925,28.482631684044858,1.0000610688628107,12.0,4.0,0.02944108849920826,24101.933724681538,0.0,3.6166666666666667,0.0,15.483333333333333,20.5,20.5,11.733333333333333,273.25,273.25,48.0,0.0,24.0,1.0333333333333334,0.06666666666666667,13115.183333333332,,1015.25,134.3,21.8,80.0,602.35,1479.5,6.0,334783.0333333333,1156.0,11319.232486685118,2300.0,,,,,0.4727214292579777,11.554574786729376,30.0,0.0,0.0,,,,,,
kuiper,void_b2,4,topological_scheme_asc_1p,552.0,1.0,0.947524154589372,1.0,0.0,1.207742398962091,1.2871911180027107,1.2077274147932242,1.287106095820467,1.0000123542421,55.010915055495936,7.478962874954495,21.8259163894945,1.0000711974639218,12.0,4.0,0.018444666001994018,26301.771118740242,0.0,1.5166666666666666,0.0,10.483333333333333,10.483333333333333,10.483333333333333,10.483333333333333,241.11666666666667,241.11666666666667,24.0,0.0,24.0,0.21666666666666667,0.06666666666666667,12147.666666666666,,998.6333333333333,126.2,5.916666666666667,79.0,57.7,1534.3166666666666,6.0,335378.8333333333,1156.0,12723.512889941534,2300.0,,,,,0.43784842368319876,11.829640808934501,30.0,0.0,0.0,,,,,,
kuiper,void_b2,4,topological_scheme_req_1p,552.0,1.0,0.7019625603864734,1.0,0.0,1.173293215277137,1.2380169974037365,1.173273931741751,1.2380071944048032,1.0000181997086963,51.461104098553754,3.929252523134069,28.759121044537554,1.0000073805689746,12.0,4.0,0.02947041229253416,42357.965926826,0.0,3.316666666666667,0.0,15.45,20.5,20.5,11.766666666666667,274.15,274.15,48.0,0.0,24.0,1.0333333333333334,0.06666666666666667,12147.666666666666,,998.6333333333333,126.2,16.483333333333334,79.0,366.55,1534.3166666666666,6.0,335378.8333333333,1156.0,19996.529810130596,2300.0,,,,,0.43784842368319876,11.829640808934501,30.0,0.0,0.0,,,,,,
kuiper,void_b2,5,topological_scheme_asc_1p,552.0,1.0,0.9470712560386474,1.0,0.0,1.2086424090708336,1.2877993831739536,1.2085846026726677,1.2874910040870562,1.000048335250081,55.051961596436016,7.517257706121133,21.92203056031333,1.0002405873654077,12.0,4.0,0.018473989795319924,30258.19275379181,0.0,2.5,0.0,10.5,10.5,10.5,10.5,241.5,241.5,24.0,0.0,24.0,0.25,0.06666666666666667,11985.85,,1007.4666666666667,125.2,17.583333333333332,80.0,213.26666666666668,1381.1,6.0,334492.35,1156.0,14628.733600924412,2300.0,,,,,0.432015931372549,11.742659052132305,30.0,0.0,0.0,,,,,,
kuiper,void_b2,5,topological_scheme_req_1p,552.0,1.0,0.702415458937198,1.0,0.0,1.1727756289904276,1.2372008907301975,1.1727572574787395,1.237169188392651,1.0000167028566085,51.40065150908784,3.9219294535101503,28.44016142062029,1.0000237648400745,12.0,4.0,0.029558383672511877,29875.721839567024,0.0,3.3666666666666667,0.0,15.483333333333333,20.516666666666666,20.516666666666666,11.766666666666667,274.01666666666665,274.01666666666665,48.0,0.0,24.0,1.0666666666666667,0.06666666666666667,11985.85,,1007.4666666666667,125.2,8.566666666666666,80.0,306.4166666666667,1381.1,6.0,334492.35,1156.0,14230.875118573507,2300.0,,,,,0.432015931372549,11.742659052132305,30.0,0.0,0.0,,,,,,
kuiper,void_b4,1,topological_scheme_asc_1p,552.0,1.0,0.9467693236714976,1.0,0.0,1.2085212066265847,1.2868927818095797,1.2082885005533404,1.2863836827058657,1.000190995471774,55.10679036785752,7.535356969206429,22.057033060787695,1.0003808721576009,40.0,16.0,0.018473989795319924,35641.095362355314,0.0,4.2,0.0,10.5,10.5,10.5,10.5,241.5,241.5,24.0,0.0,24.0,0.21666666666666667,0.26666666666666666,19865.483333333334,,918.4,219.03333333333333,36.666666666666664,152.0,310.8833333333333,1704.2666666666667,10.0,369558.7833333333,1156.0,18257.073051730793,2272.0,,,,,0.7160280901576317,9.444501308383302,27.0,0.0,0.0,,,,,,
kuiper,void_b4,1,topological_scheme_req_1p,552.0,1.0,0.7018115942028985,1.0,0.0,1.1742889032044306,1.238285217424805,1.1739596482563563,1.2380679314930334,1.0002708989929627,51.54318633003617,3.9636217986756357,28.862109482473976,1.000147565899363,40.0,16.0,0.029382440912556446,40227.522553006806,0.0,5.783333333333333,0.0,15.5,20.483333333333334,20.483333333333334,11.683333333333334,272.1,272.1,48.0,0.0,24.0,1.0333333333333334,0.26666666666666666,19865.483333333334,,918.4,219.03333333333333,24.916666666666668,152.0,771.7,1704.2666666666667,10.0,369558.7833333333,1156.0,20286.998616158962,2272.0,,,,,0.7160280901576317,9.444501308383302,27.0,0.0,0.0,,,,,,
kuiper,void_b4,2,topological_scheme_asc_1p,552.0,1.0,0.9427536231884058,1.0,0.0,1.2055862844639156,1.2843715057888911,1.2055380095038635,1.2841807630232887,1.000039270663083,55.14187729608412,7.393714209533064,21.87431749656556,1.0001459551277279,40.0,16.0,0.018473989795319924,26196.589587877195,0.0,4.9,0.0,10.5,10.5,10.5,10.5,241.5,241.5,24.0,0.0,24.0,0.3,0.26666666666666666,20656.783333333333,,889.7333333333333,224.8,17.883333333333333,140.0,284.06666666666666,1663.9166666666667,10.0,368745.9166666667,1156.0,13602.532034864029,2272.0,,,,,0.7445495722798924,9.291804871200501,27.0,0.0,0.0,,,,,,
kuiper,void_b4,2,topological_scheme_req_1p,552.0,1.0,0.7054649758454107,1.0,0.0,1.1733309992209309,1.2369285832747061,1.173223795598196,1.236885074046414,1.0000883700807652,51.60064727235609,3.9651853545947997,28.662503030591623,1.000026938999989,40.0,16.0,0.028854612632690162,40522.58274232348,0.0,7.066666666666666,0.0,15.666666666666666,20.516666666666666,20.516666666666666,11.766666666666667,274.05,274.05,48.0,0.0,24.0,1.1833333333333333,0.26666666666666666,20656.783333333333,,889.7333333333333,224.8,37.983333333333334,140.0,1072.85,1663.9166666666667,10.0,368745.9166666667,1156.0,20783.615162968636,2272.0,,,,,0.7445495722798924,9.291804871200501,27.0,0.0,0.0,,,,,,
kuiper,void_b4,3,topological_scheme_asc_1p,552.0,1.0,0.9429045893719806,1.0,0.0,1.2099014205890208,1.2882144430148157,1.2096891886355972,1.2873404473062513,1.000160585625999,55.432404853534486,7.603870715466569,22.428700749472437,1.0006433513038355,40.0,16.0,0.018473989795319924,26455.55769726634,0.0,6.316666666666666,0.0,10.5,10.5,10.5,10.5,241.5,241.5,24.0,0.0,24.0,0.35,0.26666666666666666,20325.05,,920.5,219.4,48.666666666666664,153.0,752.3666666666667,1715.0333333333333,10.0,364164.23333333334,1156.0,13444.746228804192,2272.0,,,,,0.7325926326412918,9.362017149609308,27.0,0.0,0.0,,,,,,
kuiper,void_b4,3,topological_scheme_req_1p,552.0,1.0,0.7016606280193237,1.0,0.0,1.1758579521546868,1.2381959474096527,1.175716460081773,1.2379037796180175,1.0001018308362106,51.74031432457923,3.9691539785046164,29.486130729651247,1.0001692276028549,40.0,16.0,0.02920649815260102,37975.16733830174,0.0,8.15,0.0,15.583333333333334,20.45,20.45,11.733333333333333,273.25,273.25,48.0,0.0,24.0,1.3,0.26666666666666666,20325.05,,920.5,219.4,30.066666666666666,153.0,1276.6333333333334,1715.0333333333333,10.0,364164.23333333334,1156.0,18927.210134019453,2272.0,,,,,0.7325926326412918,9.362017149609308,27.0,0.0,0.0,,,,,,
kuiper,void_b4,4,topological_scheme_asc_1p,552.0,1.0,0.9468900966183574,1.0,0.0,1.206466532080787,1.284388475247781,1.2062962397235977,1.283381570700638,1.0001400796846946,55.15984861533602,7.542890390018224,22.25085069134353,1.0007593937795183,40.0,16.0,0.018298047035364497,28114.91766149799,0.0,6.266666666666667,0.0,10.4,10.4,10.4,10.4,239.2,239.2,24.0,0.0,24.0,0.3333333333333333,0.26666666666666666,21945.316666666666,,894.85,244.16666666666666,55.31666666666667,139.0,505.5833333333333,1709.0666666666666,10.0,373797.15,1156.0,14550.058754781881,2272.0,,,,,0.7909932477893118,9.207139868111572,27.0,0.0,0.0,,,,,,
kuiper,void_b4,4,topological_scheme_req_1p,552.0,1.0,0.6997584541062802,1.0,0.0,1.1709584149150225,1.234759550987455,1.1708460006247663,1.2346719665358916,1.000077660471898,51.42789372249151,3.886087055099221,28.704466036043836,1.000056104988199,40.0,16.0,0.02944108849920826,40606.21107940873,0.0,6.333333333333333,0.0,15.433333333333334,20.333333333333332,20.333333333333332,11.733333333333333,273.43333333333334,273.43333333333334,48.0,0.0,24.0,1.1333333333333333,0.26666666666666666,21945.316666666666,,894.85,244.16666666666666,16.35,139.0,737.7166666666667,1709.0666666666666,10.0,373797.15,1156.0,20661.065550148487,2272.0,,,,,0.7909932477893118,9.207139868111572,27.0,0.0,0.0,,,,,,
kuiper,void_b4,5,topological_scheme_asc_1p,552.0,1.0,0.9409420289855073,1.0,0.0,1.2066669549876767,1.28310238438195,1.206378575761334,1.2821532384258005,1.0002164193412062,55.36231886491053,7.438031189649864,22.43255073763865,1.0006683928698004,40.0,16.0,0.018239399448712685,27543.86404628555,0.0,7.383333333333334,0.0,10.366666666666667,10.366666666666667,10.366666666666667,10.366666666666667,238.43333333333334,238.43333333333334,24.0,0.0,24.0,0.36666666666666664,0.26666666666666666,20242.266666666666,,890.7666666666667,219.83333333333334,61.38333333333333,139.0,760.8833333333333,1652.2166666666667,10.0,365841.6666666667,1156.0,14288.75859156251,2272.0,,,,,0.7296088043060361,9.339022474426448,27.0,0.0,0.0,,,,,,
kuiper,void_b4,5,topological_scheme_req_1p,552.0,1.0,0.6974335748792271,1.0,0.0,1.1701658764820564,1.2324181450957743,1.1699142947379628,1.2321937912668808,1.0001663120630124,51.5683637613482,3.7770984657528253,28.325891193207248,1.0001421305017646,40.0,16.0,0.029059879185971495,39838.88975158334,0.0,8.233333333333333,0.0,15.416666666666666,20.316666666666666,20.316666666666666,11.733333333333333,273.35,273.35,48.0,0.0,24.0,1.1833333333333333,0.26666666666666666,20242.266666666666,,890.7666666666667,219.83333333333334,38.833333333333336,139.0,1276.6333333333334,1652.2166666666667,10.0,365841.6666666667,1156.0,20385.03499701619,2272.0,,,,,0.7296088043060361,9.339022474426448,27.0,0.0,0.0,,,,,,
kuiper,void_b8,1,topological_scheme_asc_1p,552.0,1.0,0.9245471014492753,1.0,0.0,1.2482627287264765,1.3275216227837048,1.247533985941904,1.3268938374020516,1.0005289179745276,58.18815172624846,8.72806785946845,28.49867820581689,1.000406195906848,144.0,64.0,0.01838601841534221,43654.20329545935,0.0,12.266666666666667,0.0,10.45,10.45,10.45,10.45,240.35,240.35,24.0,0.0,24.0,0.2833333333333333,1.0666666666666667,24472.2,,660.85,337.56666666666666,49.1,152.0,977.3,2186.5,19.0,469495.6,1156.0,26143.18596025308,2168.0,,,,,0.8820717993079584,5.623906582435035,21.0,0.0,0.0,,,,,,
kuiper,void_b8,1,topological_scheme_req_1p,552.0,1.0,0.710024154589372,1.0,0.0,1.171698751528007,1.235197946483079,1.1714540838142238,1.2351179340177214,1.0001481205800509,52.04469016599796,3.8096021506948143,29.06804794401988,1.0000443076372008,144.0,64.0,0.028033546419564834,34986.42634799083,0.0,9.783333333333333,0.0,15.083333333333334,20.25,20.25,11.533333333333333,268.6333333333333,268.6333333333333,48.0,0.0,24.0,1.1833333333333333,1.0666666666666667,24472.2,,660.85,337.56666666666666,14.7,152.0,1214.7666666666667,2186.5,19.0,469495.6,1156.0,20535.694869359333,2168.0,,,,,0.8820717993079584,5.623906582435035,21.0,0.0,0.0,,,,,,
kuiper,void_b8,2,topological_scheme_asc_1p,552.0,1.0,0.9368357487922705,1.0,0.0,1.211012178438906,1.2892569844824762,1.2105842804004612,1.2887029116280089,1.000349189009535,55.601796045117474,7.564945202586178,22.318456997460324,1.0004044398345444,144.0,64.0,0.018239399448712685,42070.09520456195,0.0,6.133333333333334,0.0,10.366666666666667,10.366666666666667,10.366666666666667,10.366666666666667,238.43333333333334,238.43333333333334,24.0,0.0,24.0,0.55,1.0666666666666667,22661.15,,654.2,311.1666666666667,29.55,153.0,388.95,2070.2,19.0,461891.0333333333,1156.0,25471.663003663223,2168.0,,,,,0.816794622260669,5.72712991176529,21.0,0.0,0.0,,,,,,
kuiper,void_b8,2,topological_scheme_req_1p,552.0,1.0,0.6909722222222222,1.0,0.0,1.1782742538572035,1.2423145871749235,1.1780589007296962,1.2413632136051531,1.0001566459713267,52.42012655071886,3.8315878700273553,31.734839584168864,1.0004724961298317,144.0,64.0,0.028297460559497976,31533.525974303484,0.0,8.4,0.0,15.433333333333334,20.066666666666666,20.066666666666666,11.45,266.8333333333333,266.8333333333333,48.0,0.0,24.0,1.5833333333333333,1.0666666666666667,22661.15,,654.2,311.1666666666667,31.6,153.0,1363.1333333333334,2070.2,19.0,461891.0333333333,1156.0,18894.23268462221,2168.0,,,,,0.816794622260669,5.72712991176529,21.0,0.0,0.0,,,,,,
kuiper,void_b8,3,topological_scheme_asc_1p,552.0,1.0,0.9217089371980677,1.0,0.0,1.2019877218145585,1.2746110159665858,1.2015736719675292,1.2732798425579803,1.000346604786649,56.10016685268143,7.469690590245853,22.910162438848015,1.0008933648820564,144.0,64.0,0.017535628408890974,38773.97334550818,0.0,9.45,0.0,9.966666666666667,9.966666666666667,9.966666666666667,9.966666666666667,229.23333333333332,229.23333333333332,24.0,0.0,24.0,0.8666666666666667,1.0666666666666667,22213.95,,700.2666666666667,306.06666666666666,58.15,155.0,843.9166666666666,2165.483333333333,19.0,450513.98333333334,1156.0,22258.102706819773,2168.0,,,,,0.800675821799308,5.8782289207157365,21.0,0.0,0.0,,,,,,
kuiper,void_b8,3,topological_scheme_req_1p,552.0,1.0,0.6930857487922706,1.0,0.0,1.169573842626823,1.2286498721031311,1.169348644455148,1.228355338997346,1.0001782280621863,52.65851238090623,3.7490669703385264,30.693352299823157,1.000180597177606,144.0,64.0,0.027212480206439505,32330.984466026228,0.0,10.85,0.0,15.016666666666667,19.45,19.45,11.2,260.98333333333335,260.98333333333335,48.0,0.0,24.0,2.2333333333333334,1.0666666666666667,22213.95,,700.2666666666667,306.06666666666666,38.166666666666664,155.0,1689.8833333333334,2165.483333333333,19.0,450513.98333333334,1156.0,18203.629207611084,2168.0,,,,,0.800675821799308,5.8782289207157365,21.0,0.0,0.0,,,,,,
kuiper,void_b8,4,topological_scheme_asc_1p,552.0,1.0,0.9395833333333333,1.0,0.0,1.197299219330661,1.2710003797411527,1.197263112851611,1.2706607016028937,1.0000336528513745,55.13104559451185,6.936877385571816,20.01634907160371,1.000165756642803,144.0,64.0,0.018151428068734973,32199.377333621185,0.0,5.85,0.0,10.316666666666666,10.316666666666666,10.316666666666666,10.316666666666666,237.28333333333333,237.28333333333333,24.0,0.0,24.0,0.3333333333333333,1.0666666666666667,24237.366666666665,,663.3833333333333,330.8,14.816666666666666,151.0,325.0833333333333,2185.9,19.0,464383.25,1156.0,19243.75961571932,2168.0,,,,,0.8736075067281814,5.655859891269817,21.0,0.0,0.0,,,,,,
kuiper,void_b8,4,topological_scheme_req_1p,552.0,1.0,0.6943840579710145,1.0,0.0,1.1831621501993583,1.246447977124346,1.1827901440986033,1.2458095751484826,1.000264241799116,53.29467046269558,4.049494966349759,32.225707437694766,1.000328593467737,144.0,64.0,0.02812151779954255,31779.8483548065,0.0,10.133333333333333,0.0,15.083333333333334,19.9,19.9,11.116666666666667,258.6666666666667,258.6666666666667,48.0,0.0,24.0,1.2666666666666666,1.0666666666666667,24237.366666666665,,663.3833333333333,330.8,39.733333333333334,151.0,1335.0666666666666,2185.9,19.0,464383.25,1156.0,18886.213029175997,2168.0,,,,,0.8736075067281814,5.655859891269817,21.0,0.0,0.0,,,,,,
kuiper,void_b8,5,topological_scheme_asc_1p,552.0,1.0,0.9238828502415459,1.0,0.0,1.2496411641826366,1.329499668829184,1.2486693785751937,1.326761598161008,1.000813619998661,58.617242717255415,8.918921118603166,29.379041021279857,1.0017554349251272,144.0,64.0,0.018122104275409067,41659.04657120506,0.0,10.8,0.0,10.3,10.3,10.3,10.3,236.9,236.9,24.0,0.0,24.0,0.21666666666666667,1.0666666666666667,23668.6,,703.9,328.93333333333334,97.73333333333333,153.0,1209.5,2322.266666666667,19.0,459839.8333333333,1156.0,24106.895414243143,2168.0,,,,,0.8531069780853517,5.710507451503962,21.0,0.0,0.0,,,,,,
kuiper,void_b8,5,topological_scheme_req_1p,552.0,1.0,0.6987922705314009,1.0,0.0,1.178956084504657,1.2423942910093668,1.1785922106391904,1.2413436665696642,1.0002758581808429,52.51906894169184,3.8650362681609978,32.13741642119845,1.0005247634882624,144.0,64.0,0.028092194006216646,37171.74796387553,0.0,9.15,0.0,14.916666666666666,20.083333333333332,20.083333333333332,11.433333333333334,266.35,266.35,48.0,0.0,24.0,1.1166666666666667,1.0666666666666667,23668.6,,703.9,328.93333333333334,37.53333333333333,153.0,1559.1666666666667,2322.266666666667,19.0,459839.8333333333,1156.0,21473.25675388177,2168.0,,,,,0.8531069780853517,5.710507451503962,21.0,0.0,0.0,,,,,,
oneweb,cut,1,topological_scheme_asc_1p,370.5,0.7172289698605488,0.9834420471650778,1.0,0.0,1.19068075339525,1.4092233100505527,1.190680668064609,1.4092233100505527,1.000000078605243,46.408287453658666,5.252663717280921,9.699839417622156,1.0,49.0,0.0,0.03787616741611899,14391.764565060535,0.0,34.55,0.0,10.95,10.95,10.95,10.95,251.85,251.85,24.0,0.0,24.0,1.7666666666666666,0.8166666666666667,0.0,,0.0,0.0,0.0,0.0,0.0,0.0,0.0,257636.9,588.0,13020.858535915613,1078.0,,,,,0.0,,0.0,0.0,0.0,0.0,1.0,0.0,0.0,0.0,
oneweb,cut,1,topological_scheme_req_1p,371.06666666666666,0.7726823571685232,0.9042608847294077,1.0,0.0,1.1439357190736883,1.3218414942486385,1.1439355963197977,1.3218414942486385,1.0000001103098204,47.93013828778547,3.9261337788270456,9.528322859069501,1.0,49.0,0.0,0.0379914677735501,9249.642976373434,0.0,41.166666666666664,0.0,13.733333333333333,14.716666666666667,14.716666666666667,10.733333333333333,249.18333333333334,249.18333333333334,48.0,0.0,24.0,5.066666666666666,0.8166666666666667,0.0,,0.0,0.0,0.0,0.0,0.0,0.0,0.0,257636.9,588.0,8201.45764897267,1078.0,,,,,0.0,,0.0,0.0,0.0,0.0,1.0,0.0,0.0,0.0,
oneweb,isl_p0.01,1,topological_scheme_asc_1p,552.0,1.0,0.9904287439613526,1.0,0.0,1.17828362545564,1.4046203564953,1.1779514230518666,1.3979158516640253,1.0003039381912202,57.77160967455897,6.644877077755643,12.222887462667796,1.0057050203342581,9.683333333333334,0.0,0.03787616741611899,12950.282555321852,0.0,15.433333333333334,0.0,10.95,10.95,10.95,10.95,251.85,251.85,24.0,0.0,24.0,1.7666666666666666,2.3,23113.983333333334,,586.5833333333334,259.4166666666667,203.78333333333333,176.0,1200.7166666666667,2271.8166666666666,14.0,159944.58333333334,259.4166666666667,5613.714763273795,1117.3166666666666,,,,,1.6378956443688586,4.217483788673379,16.0,0.0,0.0,,,,,,
oneweb,isl_p0.01,1,topological_scheme_req_1p,552.0,1.0,0.8781702898550725,1.0,0.0,1.1368593750223128,1.3541998943662066,1.1366364868850714,1.3532302264996015,1.0001977599147032,55.617362191980426,4.044902084763625,12.602779381656221,1.0008230838374463,9.683333333333334,0.0,0.0379914677735501,19660.57398468256,0.0,17.1,0.0,13.733333333333333,14.716666666666667,14.716666666666667,10.733333333333333,249.8,249.8,48.0,0.0,24.0,5.066666666666666,2.3,23113.983333333334,,586.5833333333334,259.4166666666667,198.88333333333333,176.0,1998.7,2271.8166666666666,14.0,159944.58333333334,259.4166666666667,8430.653959016005,1117.3166666666666,,,,,1.6378956443688586,4.217483788673379,16.0,0.0,0.0,,,,,,
oneweb,isl_p0.01,2,topological_scheme_asc_1p,552.0,1.0,0.9903381642512077,1.0,0.0,1.1794096427816974,1.404023653835901,1.1791208704744736,1.397178591428288,1.0002549734448525,57.94004341395922,6.72292144791456,12.483196346225744,1.0058351961141088,14.25,0.0,0.03787616741611899,20246.285299708445,0.0,21.233333333333334,0.0,10.95,10.95,10.95,10.95,251.85,251.85,24.0,0.0,24.0,1.7666666666666666,3.05,32875.4,,588.0,352.73333333333335,320.25,300.0,1725.8,3051.0333333333333,15.0,169220.06666666668,352.73333333333335,8552.948091427485,1112.75,,,,,2.329606009070295,3.769840569747187,14.0,0.0,0.0,,,,,,
oneweb,isl_p0.01,2,topological_scheme_req_1p,552.0,1.0,0.8753623188405797,1.0,0.0,1.1383283708165155,1.3532765215466172,1.1381035358947862,1.3522529578994729,1.000191965122566,55.80850935081487,4.123362086711267,13.364824582943292,1.0008758498251586,14.25,0.0,0.0379914677735501,24183.819450438023,0.0,24.416666666666668,0.0,13.733333333333333,14.716666666666667,14.716666666666667,10.733333333333333,249.8,249.8,48.0,0.0,24.0,5.066666666666666,3.05,32875.4,,588.0,352.73333333333335,323.28333333333336,300.0,3056.133333333333,3051.0333333333333,15.0,169220.06666666668,352.73333333333335,10105.130888770023,1112.75,,,,,2.329606009070295,3.769840569747187,14.0,0.0,0.0,,,,,,
oneweb,isl_p0.01,3,topological_scheme_asc_1p,552.0,1.0,0.9903079710144927,1.0,0.0,1.1788439902186487,1.4046391941263552,1.178637827948651,1.3980354678417748,1.0001721908150796,57.88872643264133,6.686531047048216,12.428778071194783,1.005625719346277,10.85,0.0,0.03787616741611899,20414.592593411606,0.0,18.05,0.0,10.95,10.95,10.95,10.95,251.85,251.85,24.0,0.0,24.0,1.7666666666666666,2.3,26251.466666666667,,588.0,306.98333333333335,283.53333333333336,314.0,1325.3333333333333,2544.483333333333,14.0,161577.56666666668,306.98333333333335,8442.575607448816,1116.15,,,,,1.860222978080121,4.148685025852524,21.0,0.0,0.0,,,,,,
oneweb,isl_p0.01,3,topological_scheme_req_1p,552.0,1.0,0.8776871980676328,1.0,0.0,1.1378580938348846,1.3547836727483435,1.137717036164309,1.3538849819783603,1.0001225231190445,55.75248365163728,4.0978548702048085,13.168905097710946,1.0007603788265005,10.85,0.0,0.0379914677735501,18418.915203462046,0.0,19.166666666666668,0.0,13.733333333333333,14.716666666666667,14.716666666666667,10.733333333333333,249.8,249.8,48.0,0.0,24.0,5.066666666666666,2.3,26251.466666666667,,588.0,306.98333333333335,255.76666666666668,314.0,2509.983333333333,2544.483333333333,14.0,161577.56666666668,306.98333333333335,7453.6328213910265,1116.15,,,,,1.860222978080121,4.148685025852524,21.0,0.0,0.0,,,,,,
oneweb,isl_p0.01,4,topological_scheme_asc_1p,552.0,1.0,0.9902777777777778,1.0,0.0,1.1780321099748066,1.4046290282083727,1.1776800316015894,1.3980571449423331,1.000313724295383,57.79156473780524,6.637524747377169,12.281778375312811,1.0055890096885127,12.633333333333333,0.0,0.03787616741611899,21141.362766176462,0.0,16.366666666666667,0.0,10.95,10.95,10.95,10.95,251.85,251.85,24.0,0.0,24.0,1.7666666666666666,2.6333333333333333,29781.033333333333,,588.0,329.43333333333334,188.16666666666666,350.0,1109.1333333333334,2817.516666666667,15.0,167720.13333333333,329.43333333333334,8960.782845069965,1114.3666666666666,,,,,2.1103339947089945,3.805257484909299,17.0,0.0,0.0,,,,,,
oneweb,isl_p0.01,4,topological_scheme_req_1p,552.0,1.0,0.8767512077294686,1.0,0.0,1.1370523952466731,1.353668843048841,1.1367593746456701,1.3528014799156243,1.0002550679508364,55.68749489300578,4.064695484921839,13.027797819935833,1.000740886263552,12.633333333333333,0.0,0.0379914677735501,23163.501586268347,0.0,18.816666666666666,0.0,13.733333333333333,14.716666666666667,14.716666666666667,10.733333333333333,249.8,249.8,48.0,0.0,24.0,5.066666666666666,2.6333333333333333,29781.033333333333,,588.0,329.43333333333334,202.36666666666667,350.0,2235.4,2817.516666666667,15.0,167720.13333333333,329.43333333333334,9634.989280502,1114.3666666666666,,,,,2.1103339947089945,3.805257484909299,17.0,0.0,0.0,,,,,,
oneweb,isl_p0.01,5,topological_scheme_asc_1p,552.0,1.0,0.9903381642512077,1.0,0.0,1.1784032362955172,1.4050494082130462,1.1780820156690952,1.398281996360748,1.0002822012793755,57.860412402791965,6.660088656702344,12.471039195206442,1.0057554066000172,11.25,0.0,0.03787616741611899,18180.70151830713,0.0,15.65,0.0,10.95,10.95,10.95,10.95,251.85,251.85,24.0,0.0,24.0,1.7666666666666666,2.4166666666666665,26349.783333333333,,588.0,255.1,238.81666666666666,198.0,1319.65,2571.266666666667,12.0,161402.41666666666,255.1,7540.4232658445835,1115.75,,,,,1.8671898620559335,3.946267110355746,16.0,0.0,0.0,,,,,,
oneweb,isl_p0.01,5,topological_scheme_req_1p,552.0,1.0,0.8781702898550725,1.0,0.0,1.137360659710032,1.3537974776520585,1.1371233067382516,1.3530048485071842,1.0002096406163214,55.741267531773865,4.07506950303147,13.028297600999986,1.0006783734909013,11.25,0.0,0.0379914677735501,21726.57394632697,0.0,16.116666666666667,0.0,13.733333333333333,14.716666666666667,14.716666666666667,10.733333333333333,249.8,249.8,48.0,0.0,24.0,5.066666666666666,2.4166666666666665,26349.783333333333,,588.0,255.1,238.8,198.0,2596.5,2571.266666666667,12.0,161402.41666666666,255.1,8820.96318602562,1115.75,,,,,1.8671898620559335,3.946267110355746,16.0,0.0,0.0,,,,,,
oneweb,isl_p0.02,1,topological_scheme_asc_1p,552.0,1.0,0.9903985507246377,1.0,0.0,1.1812533250941049,1.404836887045452,1.1807152694960372,1.3978415962053719,1.0004742272062863,58.24671188714768,6.813358288968106,13.163560357982377,1.005814060924135,22.483333333333334,0.0,0.03787616741611899,25532.03671053052,0.0,39.71666666666667,0.0,10.95,10.95,10.95,10.95,251.85,251.85,24.0,0.0,24.0,1.7666666666666666,4.816666666666666,51224.3,,588.0,453.1,519.1166666666667,367.0,2790.0666666666666,3889.766666666667,18.0,188269.53333333333,453.1,11884.566668172678,1104.5166666666667,,,,,3.62983985260771,2.8142743450536822,14.0,0.0,0.0,,,,,,
oneweb,isl_p0.02,1,topological_scheme_req_1p,552.0,1.0,0.8774154589371981,1.0,0.0,1.1395323053582125,1.3548954664422135,1.1391653477741446,1.353097402734558,1.0003068977259255,56.052907481883715,4.178916449851475,13.360845391973086,1.0014254555000281,22.483333333333334,0.0,0.0379914677735501,15232.739721486965,0.0,42.35,0.0,13.733333333333333,14.716666666666667,14.716666666666667,10.733333333333333,249.8,249.8,48.0,0.0,24.0,5.066666666666666,4.816666666666666,51224.3,,588.0,453.1,483.4166666666667,367.0,4954.1,3889.766666666667,18.0,188269.53333333333,453.1,7098.12469308575,1104.5166666666667,,,,,3.62983985260771,2.8142743450536822,14.0,0.0,0.0,,,,,,
oneweb,isl_p0.02,2,topological_scheme_asc_1p,552.0,1.0,0.9902173913043478,1.0,0.0,1.1808031101870289,1.4042372827644856,1.1802063094491986,1.3979099836896172,1.0005182692143555,58.14528538929621,6.752599447144801,12.793455833603012,1.0053480698919817,25.45,0.0,0.03787616741611899,20385.641866425674,0.0,40.78333333333333,0.0,10.95,10.95,10.95,10.95,251.85,251.85,24.0,0.0,24.0,1.7666666666666666,4.8,53938.45,,588.0,493.9,405.26666666666665,405.0,2203.983333333333,4247.5,20.0,191476.86666666667,493.9,9725.350421667099,1101.55,,,,,3.822169075963719,2.430466578108937,11.0,0.0,0.0,,,,,,
oneweb,isl_p0.02,2,topological_scheme_req_1p,552.0,1.0,0.8742149758454106,1.0,0.0,1.1398055125733102,1.3550832466399714,1.139414577648189,1.353770860333102,1.0003436670772679,56.03479127615574,4.160549107631082,14.087048311792378,1.0010823250360905,25.45,0.0,0.0379914677735501,20874.405419329803,0.0,43.53333333333333,0.0,13.733333333333333,14.716666666666667,14.716666666666667,10.733333333333333,249.8,249.8,48.0,0.0,24.0,5.066666666666666,4.8,53938.45,,588.0,493.9,427.3333333333333,405.0,4385.35,4247.5,20.0,191476.86666666667,493.9,9697.532824675241,1101.55,,,,,3.822169075963719,2.430466578108937,11.0,0.0,0.0,,,,,,
oneweb,isl_p0.02,3,topological_scheme_asc_1p,552.0,1.0,0.9903985507246377,1.0,0.0,1.1800652682173527,1.4036372219074966,1.1794870744132202,1.3979600926472315,1.0005067214729864,57.98537932532893,6.718910262977759,12.636383228463414,1.004789983075086,19.0,0.0,0.03787616741611899,18676.370734969776,0.0,26.05,0.0,10.95,10.95,10.95,10.95,251.85,251.85,24.0,0.0,24.0,1.7666666666666666,4.333333333333333,43643.78333333333,,588.0,418.98333333333335,288.78333333333336,331.0,1860.9833333333333,3689.6666666666665,17.0,181245.25,418.98333333333335,8454.48560193181,1108.0,,,,,3.092671721466364,3.0420132382351515,15.0,0.0,0.0,,,,,,
oneweb,isl_p0.02,3,topological_scheme_req_1p,552.0,1.0,0.8753321256038648,1.0,0.0,1.1391225915644936,1.354658964038075,1.1387354231806703,1.3535311564809696,1.0003252377242675,55.84640844272779,4.111025031435075,13.556902029135498,1.0009214551521899,19.0,0.0,0.0379914677735501,23121.62314231197,0.0,30.2,0.0,13.733333333333333,14.716666666666667,14.716666666666667,10.733333333333333,249.8,249.8,48.0,0.0,24.0,5.066666666666666,4.333333333333333,43643.78333333333,,588.0,418.98333333333335,290.1333333333333,331.0,3418.383333333333,3689.6666666666665,17.0,181245.25,418.98333333333335,10343.098298956951,1108.0,,,,,3.092671721466364,3.0420132382351515,15.0,0.0,0.0,,,,,,
oneweb,isl_p0.02,4,topological_scheme_asc_1p,552.0,1.0,0.990096618357488,1.0,0.0,1.1785368614049203,1.4023349369594142,1.1780928422179027,1.396279944885892,1.0003893733985227,58.05332568505358,6.698629126841111,12.364050665577572,1.0051506923778248,20.666666666666668,0.0,0.03787616741611899,16522.875292350847,0.0,37.416666666666664,0.0,10.95,10.95,10.95,10.95,251.85,251.85,24.0,0.0,24.0,1.7666666666666666,4.733333333333333,45613.916666666664,,588.0,453.76666666666665,400.6666666666667,384.0,2073.266666666667,3830.8166666666666,17.0,182816.26666666666,453.76666666666665,7480.1930248737335,1106.3333333333333,,,,,3.2322786753590327,2.9046957525755115,12.0,0.0,0.0,,,,,,
oneweb,isl_p0.02,4,topological_scheme_req_1p,552.0,1.0,0.877506038647343,1.0,0.0,1.1373194381592997,1.3528484950473965,1.1370165894184194,1.3518295765558672,1.000270791085418,55.903514020638696,4.091143086341016,12.9485687484216,1.000863690390254,20.666666666666668,0.0,0.0379914677735501,22087.436520059902,0.0,41.666666666666664,0.0,13.733333333333333,14.716666666666667,14.716666666666667,10.733333333333333,249.8,249.8,48.0,0.0,24.0,5.066666666666666,4.733333333333333,45613.916666666664,,588.0,453.76666666666665,382.56666666666666,384.0,3973.2,3830.8166666666666,17.0,182816.26666666666,453.76666666666665,9719.728830208382,1106.3333333333333,,,,,3.2322786753590327,2.9046957525755115,12.0,0.0,0.0,,,,,,
oneweb,isl_p0.02,5,topological_scheme_asc_1p,552.0,1.0,0.9906400966183575,1.0,0.0,1.181058624287782,1.4048541892442599,1.1804172540716118,1.397508686876329,1.0005612365121204,58.188248433823155,6.809371008580596,12.80274728985241,1.0062264059125305,23.583333333333332,0.0,0.03787616741611899,15350.39638131857,0.0,38.733333333333334,0.0,10.95,10.95,10.95,10.95,251.85,251.85,24.0,0.0,24.0,1.7666666666666666,4.516666666666667,50596.683333333334,,588.0,453.51666666666665,449.21666666666664,320.0,2508.883333333333,4218.583333333333,18.0,187697.81666666668,453.51666666666665,7159.42266980807,1103.4166666666667,,,,,3.585365882464097,2.6933626413589034,11.0,0.0,0.0,,,,,,
oneweb,isl_p0.02,5,topological_scheme_req_1p,552.0,1.0,0.8785024154589371,1.0,0.0,1.1402528155698561,1.354872840872786,1.1397725973882078,1.3531347095967727,1.0004086984858491,56.06808343735952,4.214317969252231,13.39756393285217,1.001471885720535,23.583333333333332,0.0,0.0379914677735501,19708.51275722186,0.0,42.333333333333336,0.0,13.733333333333333,14.716666666666667,14.716666666666667,10.733333333333333,249.8,249.8,48.0,0.0,24.0,5.066666666666666,4.516666666666667,50596.683333333334,,588.0,453.51666666666665,455.03333333333336,320.0,4776.383333333333,4218.583333333333,18.0,187697.81666666668,453.51666666666665,8895.033103227615,1103.4166666666667,,,,,3.585365882464097,2.6933626413589034,11.0,0.0,0.0,,,,,,
oneweb,isl_p0.05,1,topological_scheme_asc_1p,552.0,1.0,0.9900664251207729,1.0,0.0,1.1854568294257775,1.4048622577891543,1.1842880974473842,1.3964154819894798,1.0010178408251664,58.945844491306104,7.053149040322584,13.831447059689587,1.0069875422425354,55.96666666666667,0.0,0.03787616741611899,14679.671940207481,0.0,93.93333333333334,0.0,10.95,10.95,10.95,10.95,251.85,251.85,24.0,0.0,24.0,1.7666666666666666,12.85,108858.78333333334,,588.0,580.1833333333333,827.0666666666667,524.0,4526.75,6955.866666666667,30.0,241658.5,580.1833333333333,8621.31509706378,1071.0333333333333,,,,,7.713916052532124,1.5792342280756093,9.0,0.0,0.0,,,,,,
oneweb,isl_p0.05,1,topological_scheme_req_1p,552.0,1.0,0.8778381642512078,1.0,0.0,1.1458466610063394,1.3571358191957539,1.1449147012751983,1.353394127691407,1.0007956225666859,56.8564831857825,4.4547304942148,15.056277047600515,1.003106233693674,55.96666666666667,0.0,0.0379914677735501,20438.277074694633,0.0,104.65,0.0,13.733333333333333,14.716666666666667,14.716666666666667,10.733333333333333,249.8,249.8,48.0,0.0,24.0,5.066666666666666,12.85,108858.78333333334,,588.0,580.1833333333333,837.1333333333333,524.0,8780.916666666666,6955.866666666667,30.0,241658.5,580.1833333333333,11701.948483784994,1071.0333333333333,,,,,7.713916052532124,1.5792342280756093,9.0,0.0,0.0,,,,,,
oneweb,isl_p0.05,2,topological_scheme_asc_1p,550.5666666666667,0.997033359568929,0.9898591207189701,1.0,0.0,1.184221023783497,1.403502100800548,1.183039973758302,1.395857560903849,1.0009792785369909,58.844296297989786,6.999719133453827,13.059412778902832,1.0064719908711421,52.333333333333336,0.0,0.03787616741611899,16515.477256228525,0.0,93.96666666666667,0.0,10.95,10.95,10.95,10.95,251.85,251.85,24.0,0.0,24.0,1.7666666666666666,12.2,96598.38333333333,,587.8666666666667,572.0666666666667,806.3166666666667,502.0,4316.583333333333,6186.55,25.0,232263.31666666668,574.15,9339.737233767906,1074.6666666666667,,,,,6.845123535525321,1.626933370002914,10.0,0.0,0.0,0.0,1.0,0.0,0.0,0.0,
oneweb,isl_p0.05,2,topological_scheme_req_1p,551.2666666666667,0.9986092635143307,0.8742658189524675,1.0,0.0,1.1439895145774581,1.3567563120343793,1.1431839868638138,1.3539688988737075,1.000651699663925,56.72675941883228,4.382205031248963,14.483935872023547,1.0023863407869473,52.333333333333336,0.0,0.0379914677735501,23746.100708345573,0.0,100.55,0.0,13.733333333333333,14.716666666666667,14.716666666666667,10.733333333333333,249.8,249.8,48.0,0.0,24.0,5.066666666666666,12.2,96598.38333333333,,587.8666666666667,572.0666666666667,837.1,502.0,8168.766666666666,6186.55,25.0,232263.31666666668,574.15,13148.109768579403,1074.6666666666667,,,,,6.845123535525321,1.626933370002914,10.0,0.0,0.0,0.0,1.0,0.0,0.0,0.0,
oneweb,isl_p0.05,3,topological_scheme_asc_1p,552.0,1.0,0.9905193236714975,1.0,0.0,1.1855346199225612,1.4034746522888966,1.1846232319274306,1.396017830653071,1.0007763280244681,58.918294060496486,7.017343782963054,13.60573788723809,1.006227939922332,57.45,0.0,0.03787616741611899,23807.893016189337,0.0,100.95,0.0,10.95,10.95,10.95,10.95,251.85,251.85,24.0,0.0,24.0,1.7666666666666666,11.1,109340.03333333334,,588.0,576.85,836.8333333333334,482.0,4633.766666666666,7007.483333333334,28.0,243102.0,576.85,13804.991798599562,1069.55,,,,,7.7480182350718065,1.4889046433435025,7.0,0.0,0.0,,,,,,
oneweb,isl_p0.05,3,topological_scheme_req_1p,552.0,1.0,0.8767210144927536,1.0,0.0,1.1450511059186455,1.3557786066970974,1.1443228450909682,1.3528631315722233,1.0005899188211926,56.79542904402706,4.401087343282426,14.966397906647071,1.0024816972852273,57.45,0.0,0.0379914677735501,18905.78234468897,0.0,110.53333333333333,0.0,13.733333333333333,14.716666666666667,14.716666666666667,10.733333333333333,249.8,249.8,48.0,0.0,24.0,5.066666666666666,11.1,109340.03333333334,,588.0,576.85,860.5666666666667,482.0,8848.95,7007.483333333334,28.0,243102.0,576.85,10849.349761257568,1069.55,,,,,7.7480182350718065,1.4889046433435025,7.0,0.0,0.0,,,,,,
oneweb,isl_p0.05,4,topological_scheme_asc_1p,552.0,1.0,0.9904589371980677,1.0,0.0,1.1860459742404599,1.4060194595731599,1.185105967444576,1.3970303925406782,1.0008310130156768,59.04427901789643,7.07315882154907,13.611901897267876,1.007532933689196,55.5,0.0,0.03787616741611899,16376.882627606392,0.0,100.88333333333334,0.0,10.95,10.95,10.95,10.95,251.85,251.85,24.0,0.0,24.0,1.7666666666666666,12.5,109590.41666666667,,588.0,578.4333333333333,926.1166666666667,461.0,4929.25,6992.35,28.0,241540.6,578.4333333333333,9509.191951155663,1071.5,,,,,7.765760818216175,1.5298320640871121,8.0,0.0,0.0,,,,,,
oneweb,isl_p0.05,4,topological_scheme_req_1p,552.0,1.0,0.8788345410628019,1.0,0.0,1.145301108409939,1.3574290400562463,1.1445370584376322,1.3538025667217097,1.0006487729438331,56.86778443496122,4.450577481524848,14.354556649849947,1.00303226549654,55.5,0.0,0.0379914677735501,17833.423930654924,0.0,105.65,0.0,13.733333333333333,14.716666666666667,14.716666666666667,10.733333333333333,249.8,249.8,48.0,0.0,24.0,5.066666666666666,12.5,109590.41666666667,,588.0,578.4333333333333,867.35,461.0,9079.4,6992.35,28.0,241540.6,578.4333333333333,10291.978971163431,1071.5,,,,,7.765760818216175,1.5298320640871121,8.0,0.0,0.0,,,,,,
oneweb,isl_p0.05,5,topological_scheme_asc_1p,552.0,1.0,0.9896739130434783,1.0,0.0,1.1845891455337638,1.4033520196508282,1.1836017456698755,1.395574114110288,1.0008752087009056,58.944104150800975,6.995024290045973,13.683133432956133,1.006475602006321,58.3,0.0,0.03787616741611899,23660.671977947157,0.0,111.23333333333333,0.0,10.95,10.95,10.95,10.95,251.85,251.85,24.0,0.0,24.0,1.7666666666666666,13.316666666666666,108894.1,,587.8833333333333,585.6,831.6166666666667,581.0,4510.9,6843.933333333333,30.0,242989.3,585.7333333333333,13765.33259153366,1068.7,,,,,7.716418650793651,1.5404556659482316,9.0,0.0,0.0,,,,,,
oneweb,isl_p0.05,5,topological_scheme_req_1p,551.2666666666667,0.9986092635143307,0.8779594308204662,1.0,0.0,1.1454305793409152,1.358177914223497,1.1446766760959517,1.3545181262754524,1.0006497053825203,56.87846927100862,4.440849561923257,15.310208760400947,1.0028978477423893,58.3,0.0,0.0379914677735501,16675.0718275706,0.0,119.95,0.0,13.733333333333333,14.716666666666667,14.716666666666667,10.733333333333333,249.8,249.8,48.0,0.0,24.0,5.066666666666666,13.316666666666666,108894.1,,587.8833333333333,585.6,836.9,581.0,8517.316666666668,6843.933333333333,30.0,242989.3,585.7333333333333,9602.194339533648,1068.7,,,,,7.716418650793651,1.5404556659482316,9.0,0.0,0.0,0.0,1.0,0.0,0.0,0.0,
oneweb,isl_p0.10,1,topological_scheme_asc_1p,552.0,1.0,0.9895833333333334,1.0,0.0,1.1958629982725573,1.4094616587752737,1.1946391591426864,1.3986255072513711,1.0010814065662101,60.692783141189764,7.570457598114981,14.810568468623707,1.0086729377345791,111.55,0.0,0.03787616741611899,22996.421628197033,0.0,291.56666666666666,0.0,10.95,10.95,10.95,10.95,251.85,251.85,24.0,0.0,24.0,1.7666666666666666,24.15,186589.28333333333,,587.9666666666667,587.9666666666667,1496.2666666666667,585.0,7710.233333333334,9781.366666666667,36.0,296662.2,588.0,16113.91724894444,1015.45,,,,,13.222029714663643,0.9012295007653619,5.0,0.0,0.0,,,,,,
oneweb,isl_p0.10,1,topological_scheme_req_1p,552.0,1.0,0.8764190821256038,1.0,0.0,1.1574744075516825,1.3641844378327996,1.1564489137448737,1.3574336024750937,1.0008874235251948,58.64463513546222,4.960104333439989,17.217229309552316,1.005209867630433,111.55,0.0,0.0379914677735501,25591.191140313942,0.0,305.2,0.0,13.733333333333333,14.716666666666667,14.716666666666667,10.733333333333333,249.8,249.8,48.0,0.0,24.0,5.066666666666666,24.15,186589.28333333333,,587.9666666666667,587.9666666666667,1493.8833333333334,585.0,14862.116666666667,9781.366666666667,36.0,296662.2,588.0,17483.165411651134,1015.45,,,,,13.222029714663643,0.9012295007653619,5.0,0.0,0.0,,,,,,
oneweb,isl_p0.10,2,topological_scheme_asc_1p,551.2666666666667,0.9985487967106059,0.9900084776553227,1.0,0.0,1.197047981197818,1.4096720630217072,1.1958498295741644,1.3992346077622393,1.0009906237241382,60.60990784544641,7.653971006009484,15.537434704653148,1.008498490462373,115.65,0.0,0.03787616741611899,20670.96429988742,0.0,290.96666666666664,0.0,10.95,10.95,10.95,10.95,251.85,251.85,24.0,0.0,24.0,1.7666666666666666,24.5,190847.73333333334,,587.95,587.95,1501.35,578.0,7836.033333333334,10065.2,42.0,300615.2,588.0,14601.894870400429,1011.35,,,,,13.523790627362056,0.888140755143018,7.0,0.0,0.0,0.0,1.0,0.0,0.0,0.0,
oneweb,isl_p0.10,2,topological_scheme_req_1p,551.2666666666667,0.9986092635143307,0.8782621858916136,1.0,0.0,1.1584061210616619,1.3644676980372632,1.157341687724003,1.35861379566059,1.000816755846861,58.545513136259146,5.001849626141359,17.305338857553405,1.0045867077135031,115.65,0.0,0.0379914677735501,18522.99820606907,0.0,304.03333333333336,0.0,13.733333333333333,14.716666666666667,14.716666666666667,10.733333333333333,249.8,249.8,48.0,0.0,24.0,5.066666666666666,24.5,190847.73333333334,,587.95,587.95,1532.15,578.0,15358.316666666668,10065.2,42.0,300615.2,588.0,12917.258361727,1011.35,,,,,13.523790627362056,0.888140755143018,7.0,0.0,0.0,0.0,1.0,0.0,0.0,0.0,
oneweb,isl_p0.10,3,topological_scheme_asc_1p,552.0,1.0,0.9903079710144927,1.0,0.0,1.1957210768481188,1.4073072772666622,1.1940320081809221,1.396122372887712,1.0014908963907982,60.83799184101656,7.648845789649951,16.416618920438015,1.0090896887717553,112.88333333333334,0.0,0.03787616741611899,14638.217578331629,0.0,274.31666666666666,0.0,10.95,10.95,10.95,10.95,251.85,251.85,24.0,0.0,24.0,1.7666666666666666,24.116666666666667,183512.23333333334,,588.0,588.0,1379.6833333333334,575.0,7326.983333333334,9750.3,39.0,295042.31666666665,588.0,10207.724402596554,1014.1166666666667,,,,,13.003984788359789,0.8871562967555114,5.0,0.0,0.0,,,,,,
oneweb,isl_p0.10,3,topological_scheme_req_1p,552.0,1.0,0.8754830917874397,1.0,0.0,1.1565181432046683,1.3614483254305612,1.1551271238114453,1.3549047366505986,1.001154413371848,58.695177659226566,4.976086201166401,17.989712238599093,1.0051863545376398,112.88333333333334,0.0,0.0379914677735501,23116.470293700695,0.0,287.1166666666667,0.0,13.733333333333333,14.716666666666667,14.716666666666667,10.733333333333333,249.8,249.8,48.0,0.0,24.0,5.066666666666666,24.116666666666667,183512.23333333334,,588.0,588.0,1393.8166666666666,575.0,14317.466666666667,9750.3,39.0,295042.31666666665,588.0,15872.09052865704,1014.1166666666667,,,,,13.003984788359789,0.8871562967555114,5.0,0.0,0.0,,,,,,
oneweb,isl_p0.10,4,topological_scheme_asc_1p,552.0,1.0,0.9895531400966183,1.0,0.0,1.1979853679425676,1.4090531343287769,1.1965311681038535,1.3986871637249976,1.0012575459120574,61.04101586378195,7.701245132343488,15.4576629596703,1.008399535480386,112.53333333333333,0.0,0.03787616741611899,20007.563159863155,0.0,274.2,0.0,10.95,10.95,10.95,10.95,251.85,251.85,24.0,0.0,24.0,1.7666666666666666,23.883333333333333,191829.06666666668,,588.0,588.0,1484.2666666666667,584.0,7832.216666666666,10150.4,38.0,297144.3,588.0,14041.848584761223,1014.4666666666667,,,,,13.593329554043839,0.9099417849780151,6.0,0.0,0.0,,,,,,
oneweb,isl_p0.10,4,topological_scheme_req_1p,552.0,1.0,0.8772041062801932,1.0,0.0,1.158286626569657,1.3629747668970982,1.1571780186428577,1.357133527497905,1.000925701569062,58.879623193778286,5.019686856380391,17.878177727778382,1.0046938148175317,112.53333333333333,0.0,0.0379914677735501,14666.847393661737,0.0,285.81666666666666,0.0,13.733333333333333,14.716666666666667,14.716666666666667,10.733333333333333,249.8,249.8,48.0,0.0,24.0,5.066666666666666,23.883333333333333,191829.06666666668,,588.0,588.0,1493.6,584.0,15164.75,10150.4,38.0,297144.3,588.0,10312.490852922201,1014.4666666666667,,,,,13.593329554043839,0.9099417849780151,6.0,0.0,0.0,,,,,,
oneweb,isl_p0.10,5,topological_scheme_asc_1p,552.0,1.0,0.9907910628019324,1.0,0.0,1.1966792577446752,1.409437960432628,1.1951983564667863,1.3984613751461246,1.0012648250546858,60.746883796638656,7.66288102792007,15.48630357585955,1.0089758974334515,110.65,0.0,0.03787616741611899,28055.079595992964,0.0,266.3333333333333,0.0,10.95,10.95,10.95,10.95,251.85,251.85,24.0,0.0,24.0,1.7666666666666666,24.183333333333334,180258.08333333334,,587.8833333333333,587.8833333333333,1402.8,584.0,7436.8,9773.2,38.0,293505.4,588.0,19252.853941669066,1016.35,,,,,12.77339025888133,0.9159613276704651,6.0,0.0,0.0,,,,,,
oneweb,isl_p0.10,5,topological_scheme_req_1p,551.6166666666667,0.9993050729673384,0.876368144161577,1.0,0.0,1.1561319061811695,1.3626613364101763,1.1550134383135067,1.3569350161864941,1.0009339648081803,58.56119101746476,4.961912013080181,17.335366294635293,1.0046181448442992,110.65,0.0,0.0379914677735501,17369.458314279716,0.0,278.68333333333334,0.0,13.733333333333333,14.716666666666667,14.716666666666667,10.733333333333333,249.8,249.8,48.0,0.0,24.0,5.066666666666666,24.183333333333334,180258.08333333334,,587.8833333333333,587.8833333333333,1406.3166666666666,584.0,14314.233333333334,9773.2,38.0,293505.4,588.0,11863.511619220177,1016.35,,,,,12.77339025888133,0.9159613276704651,6.0,0.0,0.0,0.0,1.0,0.0,0.0,0.0,
oneweb,isl_p0.20,1,topological_scheme_asc_1p,550.5333333333333,0.9970937272947444,0.9885839203303376,1.0,0.0,1.2352867941416006,1.435471563751133,1.23389979543035,1.4225711344747272,1.0012011116940376,66.8744964054671,9.56374879746132,24.93550989405087,1.0101999044146166,221.2,0.0,0.03787616741611899,18221.006268511217,0.0,721.7166666666667,0.0,10.95,10.95,10.95,10.95,251.85,251.85,24.0,0.0,24.0,1.7666666666666666,47.86666666666667,273418.76666666666,,586.7833333333333,586.7833333333333,2194.3333333333335,585.0,10744.216666666667,11576.266666666666,46.0,333416.65,588.0,14560.660179456076,905.8,,,,,19.37491260393046,0.46622433744184594,4.0,0.0,0.0,0.0,1.0,0.0,0.0,0.0,
oneweb,isl_p0.20,1,topological_scheme_req_1p,550.5333333333333,0.9958827803342214,0.8686162451361867,1.0,0.0,1.1955340718193634,1.3918971396056763,1.1944452606786569,1.3822001728677975,1.0009436546003687,64.6366793752732,6.6580761355651905,27.53817367455761,1.0069301067381908,221.2,0.0,0.0379914677735501,16618.03861508767,0.0,743.9333333333333,0.0,13.733333333333333,14.716666666666667,14.716666666666667,10.733333333333333,249.8,249.8,48.0,0.0,24.0,5.066666666666666,47.86666666666667,273418.76666666666,,586.7833333333333,586.7833333333333,2253.883333333333,585.0,20870.25,11576.266666666666,46.0,333416.65,588.0,13121.171275526285,905.8,,,,,19.37491260393046,0.46622433744184594,4.0,0.0,0.0,0.0,1.0,0.0,0.0,0.0,
oneweb,isl_p0.20,2,topological_scheme_asc_1p,550.55,0.9970635425180879,0.9887357299004129,1.0,0.0,1.215687592034955,1.4189975427827237,1.2146512520859232,1.4059606107005587,1.0009341419352011,64.68264342766032,8.597396778248953,20.070336354171847,1.0103519042612947,224.85,0.0,0.03787616741611899,19674.63571851452,0.0,766.85,0.0,10.95,10.95,10.95,10.95,251.85,251.85,24.0,0.0,24.0,1.7666666666666666,48.81666666666667,270906.2,,585.6,585.6,2011.1666666666667,584.0,10394.833333333334,11803.7,47.0,333732.68333333335,588.0,15609.593927363554,902.15,,,,,19.1968679138322,0.4735708029814994,3.0,0.0,0.0,0.0,1.0,0.0,0.0,0.0,
oneweb,isl_p0.20,2,topological_scheme_req_1p,550.55,0.9979717252444525,0.8722623308863677,1.0,0.0,1.1791082109663655,1.3787027618029257,1.1782269886484111,1.3678728267790976,1.0007396768251873,62.573725236271926,5.873605855968599,23.51893831877415,1.0079604978490038,224.85,0.0,0.0379914677735501,18452.528456350166,0.0,783.4333333333333,0.0,13.733333333333333,14.716666666666667,14.716666666666667,10.733333333333333,249.8,249.8,48.0,0.0,24.0,5.066666666666666,48.81666666666667,270906.2,,585.6,585.6,2080.4,584.0,20119.0,11803.7,47.0,333732.68333333335,588.0,14397.13011533022,902.15,,,,,19.1968679138322,0.4735708029814994,3.0,0.0,0.0,0.0,1.0,0.0,0.0,0.0,
oneweb,isl_p0.20,3,topological_scheme_asc_1p,551.2666666666667,0.9985487967106059,0.9888882160591014,1.0,0.0,1.2262272529101061,1.427171655508621,1.2249351681011422,1.4153927871649792,1.0010727993116744,65.46433940636878,9.031764072990201,22.180901627089405,1.0087890677093456,214.78333333333333,0.0,0.03787616741611899,24169.077908992767,0.0,722.6166666666667,0.0,10.95,10.95,10.95,10.95,251.85,251.85,24.0,0.0,24.0,1.7666666666666666,48.733333333333334,266018.18333333335,,586.5833333333334,586.5833333333334,2049.733333333333,585.0,10339.783333333333,11498.283333333333,43.0,331125.81666666665,588.0,19025.24063438177,912.2166666666667,,,,,18.850494850718064,0.498021344530897,4.0,0.0,0.0,0.0,1.0,0.0,0.0,0.0,
oneweb,isl_p0.20,3,topological_scheme_req_1p,552.0,1.0,0.872433574879227,1.0,0.0,1.1908246491917789,1.3883017564457065,1.189770198493379,1.3799237681865628,1.0009135917846437,63.49681858106866,6.373574597568156,26.011779723115698,1.0056159379886767,214.78333333333333,0.0,0.0379914677735501,17031.11974919836,0.0,739.9333333333333,0.0,13.733333333333333,14.716666666666667,14.716666666666667,10.733333333333333,249.8,249.8,48.0,0.0,24.0,5.066666666666666,48.733333333333334,266018.18333333335,,586.5833333333334,586.5833333333334,2112.7833333333333,585.0,20115.3,11498.283333333333,43.0,331125.81666666665,588.0,13250.188433130583,912.2166666666667,,,,,18.850494850718064,0.498021344530897,4.0,0.0,0.0,,,,,,
oneweb,isl_p0.20,4,topological_scheme_asc_1p,551.2666666666667,0.9985487967106059,0.9884340559525251,1.0,0.0,1.2277331933020506,1.433341727843428,1.2265517098560166,1.4167063204618884,1.0010299860241083,65.50169195293012,9.13466682313262,22.421738024140684,1.013072718852481,224.01666666666668,0.0,0.03787616741611899,24356.5793308119,0.0,751.0333333333333,0.0,10.95,10.95,10.95,10.95,251.85,251.85,24.0,0.0,24.0,1.7666666666666666,47.61666666666667,268392.98333333334,,586.7666666666667,586.7666666666667,2104.8,585.0,10566.066666666668,11448.783333333333,45.0,332635.76666666666,588.0,19168.37564955155,902.9833333333333,,,,,19.018777163643236,0.46472377351643385,4.0,0.0,0.0,0.0,1.0,0.0,0.0,0.0,
oneweb,isl_p0.20,4,topological_scheme_req_1p,550.5,0.9972146533454436,0.8723055437488615,1.0,0.0,1.1936657720089927,1.3921485604147246,1.1928667416170453,1.3805272659506147,1.0006700641834207,63.613914401623795,6.4644925084266305,26.249645014048298,1.00842923597491,224.01666666666668,0.0,0.0379914677735501,23300.075653692085,0.0,769.1,0.0,13.733333333333333,14.716666666666667,14.716666666666667,10.733333333333333,249.8,249.8,48.0,0.0,24.0,5.066666666666666,47.61666666666667,268392.98333333334,,586.7666666666667,586.7666666666667,2161.65,585.0,20466.2,11448.783333333333,45.0,332635.76666666666,588.0,18120.811831702787,902.9833333333333,,,,,19.018777163643236,0.46472377351643385,4.0,0.0,0.0,0.0,1.0,0.0,0.0,0.0,
oneweb,isl_p0.20,5,topological_scheme_asc_1p,549.4666666666667,0.9949648143654453,0.9886897140418267,1.0,0.0,1.2360118799558255,1.4232399963976894,1.235469874984266,1.4131553228513691,1.0004854543453514,67.7041635071442,9.664898881153208,24.534020906702835,1.0077553681896783,242.76666666666668,0.0,0.03787616741611899,27622.483727087576,0.0,859.8833333333333,0.0,10.95,10.95,10.95,10.95,251.85,251.85,24.0,0.0,24.0,1.7666666666666666,49.93333333333333,277068.18333333335,,584.7166666666667,584.65,2244.1833333333334,585.0,10956.633333333333,11367.35,48.0,334645.38333333336,588.0,22034.279002000887,884.2333333333333,,,,,19.633516392668177,0.4314040388734638,4.0,0.0,0.0,0.0,1.0,0.0,0.0,0.0,
oneweb,isl_p0.20,5,topological_scheme_req_1p,549.8333333333334,0.9965444073961807,0.8763535709940382,1.0,0.0,1.2068747623164127,1.3976791337265442,1.2063224018366938,1.3885220968003829,1.0004529861243914,65.97791372438766,7.1461254856065475,29.403671280992068,1.0064042157364106,242.76666666666668,0.0,0.0379914677735501,19178.68587449193,0.0,880.4666666666667,0.0,13.733333333333333,14.716666666666667,14.716666666666667,10.733333333333333,249.76666666666668,249.76666666666668,48.0,0.0,24.0,5.066666666666666,49.93333333333333,277068.18333333335,,584.7166666666667,584.65,2334.7166666666667,585.0,21209.716666666667,11367.35,48.0,334645.38333333336,588.0,15126.600892096758,884.2333333333333,,,,,19.633516392668177,0.4314040388734638,4.0,0.0,0.0,0.0,1.0,0.0,0.0,0.0,
oneweb,none,1,topological_scheme_asc_1p,552.0,1.0,0.9902475845410628,1.0,0.0,1.1762669570825226,1.4040224343470384,1.1762666869447198,1.398350234163969,1.0000001873599915,57.50472695955922,6.535963565737193,12.082247078692609,1.0048611829997696,0.0,0.0,0.03787616741611899,4720.861541728179,0.0,0.0,0.0,10.95,10.95,10.95,10.95,251.85,251.85,24.0,0.0,24.0,1.7666666666666666,0.0,0.0,,0.0,0.0,0.0,0.0,0.0,0.0,0.0,133865.35,0.0,3909.2896160980067,1127.0,,,,,0.0,,0.0,0.0,0.0,,,,,,
oneweb,none,1,topological_scheme_req_1p,552.0,1.0,0.8771437198067633,1.0,0.0,1.1349692143769587,1.352841473650485,1.1349689780956842,1.352841473650485,1.000000191888117,55.3805647644947,3.957264976809224,12.434868215325157,1.0,0.0,0.0,0.0379914677735501,9426.042350381613,0.0,0.0,0.0,13.733333333333333,14.716666666666667,14.716666666666667,10.733333333333333,249.8,249.8,48.0,0.0,24.0,5.066666666666666,0.0,0.0,,0.0,0.0,0.0,0.0,0.0,0.0,0.0,133865.35,0.0,7535.607824474573,1127.0,,,,,0.0,,0.0,0.0,0.0,,,,,,
oneweb,polar_lat60,1,topological_scheme_asc_1p,552.0,1.0,0.9901871980676329,1.0,0.0,1.1997072880836888,1.3978535554200076,1.1983111836909364,1.3978535554200076,1.0011143156226656,61.303081748094655,7.830994320693289,14.42713242341285,1.0,190.3,0.0,0.03787616741611899,16156.830481936535,0.0,218.15,0.0,10.95,10.95,10.95,10.95,251.85,251.85,24.0,0.0,24.0,1.7666666666666666,22.55,171768.8,,588.0,588.0,627.9333333333333,415.0,3449.733333333333,1434.35,13.0,298777.36666666664,588.0,11623.339940607548,936.7,,,,,12.171825396825398,2.6360456613773864,8.0,0.0,0.0,,,,,,
oneweb,polar_lat60,1,topological_scheme_req_1p,552.0,1.0,0.884963768115942,1.0,0.0,1.160450026420427,1.3523758268442583,1.159084932133416,1.3523758268442583,1.001053860480016,58.80923009033289,4.616473334311053,19.669582083930568,1.0,190.3,0.0,0.0379914677735501,15338.373670727015,0.0,193.76666666666668,0.0,13.733333333333333,14.716666666666667,14.716666666666667,10.733333333333333,249.8,249.8,48.0,0.0,24.0,5.066666666666666,22.55,171768.8,,588.0,588.0,513.9,415.0,6948.566666666667,1434.35,13.0,298777.36666666664,588.0,10888.694039483866,936.7,,,,,12.171825396825398,2.6360456613773864,8.0,0.0,0.0,,,,,,
oneweb,polar_lat75,1,topological_scheme_asc_1p,552.0,1.0,0.9902475845410628,1.0,0.0,1.1870909585773661,1.4031366112329549,1.185533925996422,1.398350234163969,1.0012752289676823,59.26561714630964,7.129028483825572,12.844507980624531,1.0040946342305037,99.91666666666667,0.0,0.03787616741611899,23725.623958557844,0.0,167.26666666666668,0.0,10.95,10.95,10.95,10.95,251.85,251.85,24.0,0.0,24.0,1.7666666666666666,21.083333333333332,108924.8,,588.0,588.0,408.06666666666666,344.0,2290.4666666666667,1487.4833333333333,13.0,250939.45,588.0,14849.81524621447,1027.0833333333333,,,,,7.71859410430839,4.162118574772075,10.0,0.0,0.0,,,,,,
oneweb,polar_lat75,1,topological_scheme_req_1p,552.0,1.0,0.8764492753623189,1.0,0.0,1.146423659568437,1.352841473650485,1.1448777126602916,1.352841473650485,1.0011972176247148,56.96561147244394,4.251751917071782,15.535195048345484,1.0,99.91666666666667,0.0,0.0379914677735501,14816.760319223007,0.0,133.61666666666667,0.0,13.733333333333333,14.716666666666667,14.716666666666667,10.733333333333333,249.8,249.8,48.0,0.0,24.0,5.066666666666666,21.083333333333332,108924.8,,588.0,588.0,335.7,344.0,4553.633333333333,1487.4833333333333,13.0,250939.45,588.0,9245.942335575819,1027.0833333333333,,,,,7.71859410430839,4.162118574772075,10.0,0.0,0.0,,,,,,
oneweb,sat_p0.005,1,topological_scheme_asc_1p,552.0,1.0,0.9902173913043478,1.0,0.0,1.1763987637957258,1.4037124958920515,1.1763252492040142,1.3979140748374475,1.0000578025209335,57.546042617682616,6.550816084406789,12.044651804964941,1.004959733832771,7.85,2.0,0.03787616741611899,18878.495813906193,0.0,4.933333333333334,0.0,10.95,10.95,10.95,10.95,251.85,251.85,24.0,0.0,24.0,1.7666666666666666,0.11666666666666667,7575.966666666666,,579.1666666666666,117.15,40.8,115.0,232.81666666666666,1114.7166666666667,7.0,144759.41666666666,588.0,9011.053163558245,1119.15,,,,,0.5368457105064248,10.031861720616511,33.0,0.0,0.0,,,,,,
oneweb,sat_p0.005,1,topological_scheme_req_1p,552.0,1.0,0.8770229468599033,1.0,0.0,1.1352828024959105,1.3526846850457932,1.135217275089943,1.3525943384804358,1.0000458234941416,55.42755884889107,3.9746607550065436,12.585580069712698,1.0000902454717457,7.85,2.0,0.0379914677735501,18288.624414304893,0.0,5.066666666666666,0.0,13.75,14.716666666666667,14.716666666666667,10.733333333333333,249.86666666666667,249.86666666666667,48.0,0.0,24.0,5.083333333333333,0.11666666666666667,7575.966666666666,,579.1666666666666,117.15,39.85,115.0,405.85,1114.7166666666667,7.0,144759.41666666666,588.0,8608.630505949259,1119.15,,,,,0.5368457105064248,10.031861720616511,33.0,0.0,0.0,,,,,,
oneweb,sat_p0.005,2,topological_scheme_asc_1p,552.0,1.0,0.9901871980676329,1.0,0.0,1.1761853751417284,1.4029445484756018,1.1760735085168044,1.396527458450724,1.0000979570813973,57.592714377190035,6.54201336160471,12.107540815008228,1.0054848275866601,17.566666666666666,4.65,0.037760867058687884,17940.017574528854,0.0,10.116666666666667,0.0,10.916666666666666,10.916666666666666,10.916666666666666,10.916666666666666,251.08333333333334,251.08333333333334,24.0,0.0,24.0,1.7833333333333334,0.2,15067.333333333334,,583.35,232.08333333333334,48.96666666666667,270.0,335.05,1994.2833333333333,13.0,157108.95,588.0,7425.935473541419,1109.4333333333334,,,,,1.067696523053666,6.337680854829432,16.0,0.0,0.0,,,,,,
oneweb,sat_p0.005,2,topological_scheme_req_1p,552.0,1.0,0.8757548309178744,1.0,0.0,1.1356294637323223,1.3526043566827493,1.135531789170829,1.3518758905740815,1.0000776997774579,55.522329834961496,3.9805234303084216,12.80806589950095,1.000599934415414,17.566666666666666,4.65,0.03781851723740343,13535.3988746802,0.0,13.133333333333333,0.0,13.75,14.683333333333334,14.683333333333334,10.7,249.03333333333333,249.03333333333333,48.0,0.0,24.0,5.1,0.2,15067.333333333334,,583.35,232.08333333333334,83.6,270.0,908.4333333333333,1994.2833333333333,13.0,157108.95,588.0,5473.514906813701,1109.4333333333334,,,,,1.067696523053666,6.337680854829432,16.0,0.0,0.0,,,,,,
oneweb,sat_p0.005,3,topological_scheme_asc_1p,552.0,1.0,0.9902475845410628,1.0,0.0,1.1762419483184472,1.4040182711412565,1.1762416781806442,1.3983460709581872,1.0000001873599915,57.509756895743166,6.53454354546702,12.080976593512553,1.0048611829997696,0.5833333333333334,0.18333333333333332,0.03787616741611899,8914.099272340536,0.0,0.18333333333333332,0.0,10.95,10.95,10.95,10.95,251.85,251.85,24.0,0.0,24.0,1.7666666666666666,0.05,689.8166666666667,,86.76666666666667,9.35,4.6,23.0,8.416666666666666,110.41666666666667,2.0,134968.7,107.8,6644.764579087496,1126.4166666666667,,,,,0.048881566515495085,13.755442267269082,33.0,0.0,0.0,,,,,,
oneweb,sat_p0.005,3,topological_scheme_req_1p,552.0,1.0,0.8771437198067633,1.0,0.0,1.1349525163088938,1.3528484852077685,1.1349511123024298,1.3528373701151315,1.000001308779551,55.385765426266886,3.955967461395199,12.434868215325157,1.00000444018187,0.5833333333333334,0.18333333333333332,0.0379914677735501,7289.933733393748,0.0,0.5,0.0,13.733333333333333,14.716666666666667,14.716666666666667,10.733333333333333,249.8,249.8,48.0,0.0,24.0,5.066666666666666,0.05,689.8166666666667,,86.76666666666667,9.35,3.566666666666667,23.0,74.8,110.41666666666667,2.0,134968.7,107.8,5340.489410609007,1126.4166666666667,,,,,0.048881566515495085,13.755442267269082,33.0,0.0,0.0,,,,,,
oneweb,sat_p0.005,4,topological_scheme_asc_1p,552.0,1.0,0.9902475845410628,1.0,0.0,1.1762973461657107,1.4039588381874277,1.176283212363952,1.398267136823172,1.000012256125615,57.51160458913846,6.5387201459400215,12.086687203849419,1.0048811560283912,3.2,0.8,0.03787616741611899,9788.971274097761,0.0,1.45,0.0,10.95,10.95,10.95,10.95,251.85,251.85,24.0,0.0,24.0,1.7666666666666666,0.06666666666666667,3288.633333333333,,382.45,56.75,4.116666666666666,128.0,28.2,509.81666666666666,4.0,139231.85,401.8,5662.1419206261635,1123.8,,,,,0.23303807634164778,10.699267172787074,29.0,0.0,0.0,,,,,,
oneweb,sat_p0.005,4,topological_scheme_req_1p,552.0,1.0,0.8769625603864735,1.0,0.0,1.1349814392653454,1.3527986217928687,1.1349719959921636,1.3527843806495516,1.0000078358080005,55.38566642755634,3.958328711624243,12.439488341333133,1.0000132634204626,3.2,0.8,0.0379914677735501,10122.540124009052,0.0,1.3166666666666667,0.0,13.733333333333333,14.716666666666667,14.716666666666667,10.733333333333333,249.8,249.8,48.0,0.0,24.0,5.066666666666666,0.06666666666666667,3288.633333333333,,382.45,56.75,3.6166666666666667,128.0,65.58333333333333,509.81666666666666,4.0,139231.85,401.8,5518.428872277339,1123.8,,,,,0.23303807634164778,10.699267172787074,29.0,0.0,0.0,,,,,,
oneweb,sat_p0.005,5,topological_scheme_asc_1p,552.0,1.0,0.9904891304347826,1.0,0.0,1.1783392887809423,1.404779713576199,1.1780672835133692,1.397812648281901,1.0002267611393316,57.75209816653009,6.648290351748937,12.396255679738724,1.0059389945865918,16.133333333333333,4.033333333333333,0.03764556670125677,15987.419775128365,0.0,11.75,0.0,10.883333333333333,10.883333333333333,10.883333333333333,10.883333333333333,250.31666666666666,250.31666666666666,24.0,0.0,24.0,1.7666666666666666,0.21666666666666667,14240.616666666667,,583.9666666666667,203.81666666666666,139.16666666666666,126.0,774.25,1857.9666666666667,9.0,155908.6,588.0,6768.116704622905,1110.8666666666666,,,,,1.00911399281935,6.46532746124056,23.0,0.0,0.0,,,,,,
oneweb,sat_p0.005,5,topological_scheme_req_1p,552.0,1.0,0.8764794685990338,1.0,0.0,1.1367042405121375,1.3529228164442273,1.1365486614710787,1.3521456217574532,1.000127963093707,55.6084280529098,4.047184259393059,12.723346539650379,1.000676227584522,16.133333333333333,4.033333333333333,0.037760867058687884,20428.236987690132,0.0,11.266666666666667,0.0,13.716666666666667,14.683333333333334,14.683333333333334,10.666666666666666,248.53333333333333,248.53333333333333,48.0,0.0,24.0,5.066666666666666,0.21666666666666667,14240.616666666667,,583.9666666666667,203.81666666666666,141.83333333333334,126.0,1417.3666666666666,1857.9666666666667,9.0,155908.6,588.0,8348.928979039192,1110.8666666666666,,,,,1.00911399281935,6.46532746124056,23.0,0.0,0.0,,,,,,
oneweb,sat_p0.01,1,topological_scheme_asc_1p,552.0,1.0,0.9898550724637681,1.0,0.0,1.1778370230704704,1.4017759023171406,1.1776360722494112,1.3969545363170868,1.000175293468666,57.835486346892054,6.645160175966947,12.533395158675212,1.0040985656010102,26.116666666666667,7.0,0.03747261616511011,17224.068095783394,0.0,17.333333333333332,0.0,10.833333333333334,10.833333333333334,10.833333333333334,10.833333333333334,249.16666666666666,249.16666666666666,24.0,0.0,24.0,1.8,0.25,23716.366666666665,,581.0,292.05,176.43333333333334,196.0,1326.4833333333333,2572.516666666667,13.0,165779.13333333333,588.0,7373.555286973715,1100.8833333333334,,,,,1.6805815381708238,5.270211429238037,20.0,0.0,0.0,,,,,,
oneweb,sat_p0.01,1,topological_scheme_req_1p,552.0,1.0,0.8733695652173913,1.0,0.0,1.1365904825716064,1.3526094970289242,1.1363929829687704,1.3519665443476596,1.0001681824725792,55.70859715581329,4.059743778890052,12.973608716784025,1.0005501180933616,26.116666666666667,7.0,0.03764556670125677,15210.68608586987,0.0,20.416666666666668,0.0,13.733333333333333,14.683333333333334,14.683333333333334,10.616666666666667,247.11666666666667,247.11666666666667,48.0,0.0,24.0,5.166666666666667,0.25,23716.366666666665,,581.0,292.05,169.48333333333332,196.0,2280.8333333333335,2572.516666666667,13.0,165779.13333333333,588.0,6364.15878161788,1100.8833333333334,,,,,1.6805815381708238,5.270211429238037,20.0,0.0,0.0,,,,,,
oneweb,sat_p0.01,2,topological_scheme_asc_1p,552.0,1.0,0.9902475845410628,1.0,0.0,1.178397385745954,1.4036383087834392,1.178010779778467,1.3968715617364804,1.0003244635683912,57.9041212267552,6.671569044507546,12.588991739937267,1.0057725329449394,23.6,5.9,0.03753026634382567,17574.54640418291,0.0,19.266666666666666,0.0,10.85,10.85,10.85,10.85,249.55,249.55,24.0,0.0,24.0,1.7833333333333334,0.31666666666666665,22580.2,,582.1,309.31666666666666,221.95,329.0,1200.85,2576.85,17.0,163275.31666666668,588.0,7389.165352533261,1103.4,,,,,1.6000708616780046,4.959671157326626,16.0,0.0,0.0,,,,,,
oneweb,sat_p0.01,2,topological_scheme_req_1p,552.0,1.0,0.8741847826086957,1.0,0.0,1.1371025045836711,1.352508771824106,1.1368116170695939,1.3517219087294183,1.0002306857173116,55.752123257946906,4.063392395940724,13.422109174361694,1.0006874062260176,23.6,5.9,0.03764556670125677,17806.613593051832,0.0,18.333333333333332,0.0,13.7,14.683333333333334,14.683333333333334,10.633333333333333,247.5,247.5,48.0,0.0,24.0,5.083333333333333,0.31666666666666665,22580.2,,582.1,309.31666666666666,213.23333333333332,329.0,2174.4666666666667,2576.85,17.0,163275.31666666668,588.0,7286.661017686129,1103.4,,,,,1.6000708616780046,4.959671157326626,16.0,0.0,0.0,,,,,,
oneweb,sat_p0.01,3,topological_scheme_asc_1p,552.0,1.0,0.9903381642512077,1.0,0.0,1.1769441319602616,1.4043087356943307,1.1766627676327925,1.3974570061002813,1.0002498992062865,57.667745293455425,6.592107303765316,12.176210808210095,1.0058230313617644,18.6,4.65,0.03781851723740343,19876.709009955328,0.0,14.75,0.0,10.933333333333334,10.933333333333334,10.933333333333334,10.933333333333334,251.46666666666667,251.46666666666667,24.0,0.0,24.0,1.75,0.16666666666666666,20880.833333333332,,583.35,310.2,105.46666666666667,279.0,594.4333333333333,1994.1,14.0,163456.8,588.0,9489.362551768621,1108.4,,,,,1.479650888133031,6.9425589655585265,23.0,0.0,0.0,,,,,,
oneweb,sat_p0.01,3,topological_scheme_req_1p,552.0,1.0,0.8769625603864735,1.0,0.0,1.1355912374926775,1.352931108270633,1.1353956161547933,1.3521401093800136,1.0001745793988581,55.53279521232787,4.001852808713797,12.463275172330391,1.0006369850220875,18.6,4.65,0.037933817594834544,14688.487609724203,0.0,15.133333333333333,0.0,13.666666666666666,14.666666666666666,14.666666666666666,10.733333333333333,249.8,249.8,48.0,0.0,24.0,5.033333333333333,0.16666666666666666,20880.833333333332,,583.35,310.2,93.75,279.0,1158.2166666666667,1994.1,14.0,163456.8,588.0,6800.438990443945,1108.4,,,,,1.479650888133031,6.9425589655585265,23.0,0.0,0.0,,,,,,
oneweb,sat_p0.01,4,topological_scheme_asc_1p,552.0,1.0,0.9901871980676329,1.0,0.0,1.177764135206767,1.403836599276095,1.1775398365992653,1.397517597423534,1.000187210072723,57.76097423327535,6.633977884990504,12.293576867626738,1.00539174945235,13.75,3.55,0.037760867058687884,21481.284801413614,0.0,10.166666666666666,0.0,10.916666666666666,10.916666666666666,10.916666666666666,10.916666666666666,251.08333333333334,251.08333333333334,24.0,0.0,24.0,1.7666666666666666,0.21666666666666667,13350.266666666666,,583.8833333333333,176.45,141.35,149.0,791.6,1695.4833333333333,8.0,151698.85,588.0,9331.119624028603,1113.25,,,,,0.9460222978080121,7.271312932575629,30.0,0.0,0.0,,,,,,
oneweb,sat_p0.01,4,topological_scheme_req_1p,552.0,1.0,0.8758152173913043,1.0,0.0,1.1364148150194338,1.3528736394047742,1.1362434815565627,1.3524320088358264,1.0001322423954175,55.622204901414285,4.042603157694874,12.77135093923406,1.0003872676995116,13.75,3.55,0.03787616741611899,11905.007000764212,0.0,10.35,0.0,13.683333333333334,14.683333333333334,14.683333333333334,10.7,249.0,249.0,48.0,0.0,24.0,5.15,0.21666666666666667,13350.266666666666,,583.8833333333333,176.45,147.61666666666667,149.0,1434.6,1695.4833333333333,8.0,151698.85,588.0,5029.693999886513,1113.25,,,,,0.9460222978080121,7.271312932575629,30.0,0.0,0.0,,,,,,
oneweb,sat_p0.01,5,topological_scheme_asc_1p,552.0,1.0,0.9903079710144927,1.0,0.0,1.176532322291541,1.403395640570839,1.1764574472648741,1.3975921199033035,1.0000629552496956,57.58812843202205,6.5575930897806884,12.06028753343453,1.004980239569847,28.516666666666666,7.533333333333333,0.03781851723740343,19141.439612954855,0.0,17.1,0.0,10.933333333333334,10.933333333333334,10.933333333333334,10.933333333333334,251.46666666666667,251.46666666666667,24.0,0.0,24.0,1.7666666666666666,0.2,24845.916666666668,,580.4666666666667,287.8666666666667,68.95,209.0,632.9166666666666,2466.3333333333335,13.0,172705.25,588.0,8949.986637880405,1098.4833333333333,,,,,1.7606233465608465,6.053332036451328,21.0,0.0,0.0,,,,,,
oneweb,sat_p0.01,5,topological_scheme_req_1p,552.0,1.0,0.876268115942029,1.0,0.0,1.1352592969020086,1.3525818409510335,1.1351938372505115,1.3523374049324008,1.0000532932714183,55.46144862377938,3.9715302089654,12.534937790734253,1.0002298989801863,28.516666666666666,7.533333333333333,0.037933817594834544,15383.517383535704,0.0,16.416666666666668,0.0,13.733333333333333,14.716666666666667,14.716666666666667,10.733333333333333,249.8,249.8,48.0,0.0,24.0,5.066666666666666,0.2,24845.916666666668,,580.4666666666667,287.8666666666667,68.01666666666667,209.0,1116.65,2466.3333333333335,13.0,172705.25,588.0,7070.816593617201,1098.4833333333333,,,,,1.7606233465608465,6.053332036451328,21.0,0.0,0.0,,,,,,
oneweb,sat_p0.02,1,topological_scheme_asc_1p,552.0,1.0,0.9896739130434783,1.0,0.0,1.1792232607050719,1.4016481173894002,1.1788237004554025,1.3962371660224107,1.0003480942475287,58.03194268655142,6.708056736065281,12.566120938749268,1.00457908399298,34.18333333333333,9.083333333333334,0.0372420154502479,22013.164482514065,0.0,27.316666666666666,0.0,10.766666666666667,10.766666666666667,10.766666666666667,10.766666666666667,247.63333333333333,247.63333333333333,24.0,0.0,24.0,1.7666666666666666,0.4,30628.133333333335,,578.9166666666666,333.56666666666666,315.3666666666667,197.0,2119.4333333333334,2848.866666666667,14.0,175550.8,588.0,9931.164411703745,1092.8166666666666,,,,,2.1703609221466365,5.334484417376617,20.0,0.0,0.0,,,,,,
oneweb,sat_p0.02,1,topological_scheme_req_1p,552.0,1.0,0.8747282608695652,1.0,0.0,1.1377474711144657,1.351895272562385,1.1374587999491932,1.3509228519813163,1.0002403848558032,55.89202004993753,4.115239222750749,13.216645227632727,1.0008110047845533,34.18333333333333,9.083333333333334,0.03747261616511011,16405.412283539772,0.0,31.283333333333335,0.0,13.6,14.633333333333333,14.633333333333333,10.6,246.73333333333332,246.73333333333332,48.0,0.0,24.0,5.15,0.4,30628.133333333335,,578.9166666666666,333.56666666666666,295.8,197.0,3775.016666666667,2848.866666666667,14.0,175550.8,588.0,7342.610555887222,1092.8166666666666,,,,,2.1703609221466365,5.334484417376617,20.0,0.0,0.0,,,,,,
oneweb,sat_p0.02,2,topological_scheme_asc_1p,552.0,1.0,0.9891304347826086,1.0,0.0,1.1792864779124723,1.400718512187182,1.1788002178388635,1.3958509862871855,1.000418865035934,58.05595383213682,6.71196797503567,12.323887225471742,1.0040941717073593,51.31666666666667,13.65,0.03741496598639456,18907.174954066675,0.0,30.8,0.0,10.816666666666666,10.816666666666666,10.816666666666666,10.816666666666666,248.78333333333333,248.78333333333333,24.0,0.0,24.0,1.8333333333333333,0.6833333333333333,48746.25,,574.35,467.78333333333336,325.8,268.0,1844.1833333333334,4223.133333333333,19.0,198632.05,588.0,9188.461748013893,1075.6833333333334,,,,,3.4542410714285716,3.0607243292219057,11.0,0.0,0.0,,,,,,
oneweb,sat_p0.02,2,topological_scheme_req_1p,552.0,1.0,0.872554347826087,1.0,0.0,1.1377560437460978,1.351930049545286,1.137333732441309,1.3506471519663164,1.0003564041471698,55.88968877684194,4.0924070004332584,13.48491513223411,1.0010838308311942,51.31666666666667,13.65,0.03758791652254122,20965.920240680378,0.0,34.5,0.0,13.583333333333334,14.55,14.55,10.566666666666666,246.2,246.2,48.0,0.0,24.0,5.233333333333333,0.6833333333333333,48746.25,,574.35,467.78333333333336,321.0,268.0,3535.0333333333333,4223.133333333333,19.0,198632.05,588.0,9824.716950953007,1075.6833333333334,,,,,3.4542410714285716,3.0607243292219057,11.0,0.0,0.0,,,,,,
oneweb,sat_p0.02,3,topological_scheme_asc_1p,552.0,1.0,0.9898248792270531,1.0,0.0,1.1782252668613697,1.4020375909121983,1.1779497678276347,1.3963777215685618,1.0002469594564178,57.86712777957276,6.648426223017289,12.425907210553888,1.0047667287505102,47.15,13.15,0.03758791652254122,19760.88940029343,0.0,22.666666666666668,0.0,10.866666666666667,10.866666666666667,10.866666666666667,10.866666666666667,249.93333333333334,249.93333333333334,24.0,0.0,24.0,1.8,0.5833333333333334,43764.23333333333,,574.85,397.46666666666664,220.16666666666666,264.0,1419.3333333333333,3818.116666666667,17.0,195320.5,588.0,9432.122341543436,1079.85,,,,,3.1012070105820104,3.8090114682689897,14.0,0.0,0.0,,,,,,
oneweb,sat_p0.02,3,topological_scheme_req_1p,552.0,1.0,0.8715881642512078,1.0,0.0,1.1366413945628975,1.3519128546178698,1.1364543618861533,1.3510267447539372,1.0001677817989447,55.72732583462969,4.021144374429804,13.290894432394891,1.0006683193461956,47.15,13.15,0.03764556670125677,18442.568898697693,0.0,30.816666666666666,0.0,13.533333333333333,14.533333333333333,14.533333333333333,10.633333333333333,247.5,247.5,48.0,0.0,24.0,5.2,0.5833333333333334,43764.23333333333,,574.85,397.46666666666664,238.15,264.0,2909.4,3818.116666666667,17.0,195320.5,588.0,8617.495294908682,1079.85,,,,,3.1012070105820104,3.8090114682689897,14.0,0.0,0.0,,,,,,
oneweb,sat_p0.02,4,topological_scheme_asc_1p,552.0,1.0,0.9903079710144927,1.0,0.0,1.1777021663073535,1.4044284426393956,1.1773765364905393,1.3971294350437646,1.0002674499388662,57.75726217241897,6.6269127967441275,12.229937597345046,1.0061892148541978,23.1,6.133333333333334,0.03770321687997233,14249.3793318669,0.0,17.283333333333335,0.0,10.9,10.9,10.9,10.9,250.7,250.7,24.0,0.0,24.0,1.7833333333333334,0.45,24109.783333333333,,581.8666666666667,320.8333333333333,124.86666666666666,253.0,676.5333333333333,2494.366666666667,17.0,167431.08333333334,588.0,6090.246245761712,1103.9,,,,,1.7084597033257747,4.841296790307116,18.0,0.0,0.0,,,,,,
oneweb,sat_p0.02,4,topological_scheme_req_1p,552.0,1.0,0.8725241545893719,1.0,0.0,1.1365237017148986,1.3536256957672097,1.136234367981641,1.352162921570112,1.0002393119782693,55.647151267267226,4.031843554989214,13.049241978467103,1.0011562767264472,23.1,6.133333333333334,0.037760867058687884,15103.799010068178,0.0,19.8,0.0,13.716666666666667,14.7,14.7,10.65,247.88333333333333,247.88333333333333,48.0,0.0,24.0,5.1,0.45,24109.783333333333,,581.8666666666667,320.8333333333333,158.9,253.0,1652.3,2494.366666666667,17.0,167431.08333333334,588.0,6432.045000543197,1103.9,,,,,1.7084597033257747,4.841296790307116,18.0,0.0,0.0,,,,,,
oneweb,sat_p0.02,5,topological_scheme_asc_1p,552.0,1.0,0.9893719806763285,1.0,0.0,1.1809068895745582,1.4011597542740288,1.1800962629015896,1.3960822870446323,1.0006615713254134,58.312651900372096,6.81817929078347,12.912998104898836,1.0042894793127433,46.53333333333333,12.583333333333334,0.03701141473538568,20634.69798192382,0.0,31.05,0.0,10.7,10.7,10.7,10.7,246.1,246.1,24.0,0.0,24.0,1.8166666666666667,0.7333333333333333,39425.13333333333,,575.4166666666666,399.21666666666664,411.3333333333333,199.0,2051.383333333333,3736.0833333333335,16.0,188018.38333333333,588.0,9388.951800763607,1080.4666666666667,,,,,2.793731103552532,3.640354207214687,14.0,0.0,0.0,,,,,,
oneweb,sat_p0.02,5,topological_scheme_req_1p,552.0,1.0,0.8721014492753624,1.0,0.0,1.1387802551654782,1.3522698849985042,1.1381412830237303,1.3507994362553564,1.0004938221421436,56.10389267607807,4.162324418237791,13.730928437642124,1.0012412677850455,46.53333333333333,12.583333333333334,0.03729966562896345,21612.125106404226,0.0,39.233333333333334,0.0,13.516666666666667,14.566666666666666,14.566666666666666,10.55,245.3,245.3,48.0,0.0,24.0,5.05,0.7333333333333333,39425.13333333333,,575.4166666666666,399.21666666666664,371.03333333333336,199.0,3489.233333333333,3736.0833333333335,16.0,188018.38333333333,588.0,9694.428326686224,1080.4666666666667,,,,,2.793731103552532,3.640354207214687,14.0,0.0,0.0,,,,,,
oneweb,sat_p0.05,1,topological_scheme_asc_1p,552.0,1.0,0.9901871980676329,1.0,0.0,1.185957442394436,1.4052950534270194,1.184571381081015,1.3927330275644985,1.0011523351532972,59.46919500930965,7.16111232141715,14.880159764023876,1.0106585644419928,138.18333333333334,35.65,0.03631961259079903,15710.402266681194,0.0,120.71666666666667,0.0,10.5,10.5,10.5,10.5,241.5,241.5,24.0,0.0,24.0,1.8666666666666667,1.5833333333333333,89175.21666666666,,552.35,545.8666666666667,804.1333333333333,436.0,4019.7166666666667,7501.916666666667,42.0,255312.13333333333,588.0,9229.609922568003,988.8166666666667,,,,,6.319105489417989,1.6429998394546468,8.0,0.0,0.0,,,,,,
oneweb,sat_p0.05,1,topological_scheme_req_1p,552.0,1.0,0.8653079710144927,1.0,0.0,1.1447952565080277,1.3541053537903116,1.1436602438905517,1.3488661106910018,1.0008874324945303,57.25343991242316,4.476584083139713,15.541260648920384,1.0043850376319587,138.18333333333334,35.65,0.03643491294823014,17234.699781239033,0.0,118.91666666666667,0.0,13.516666666666667,14.566666666666666,14.566666666666666,10.233333333333333,238.2,238.2,48.0,0.0,24.0,5.333333333333333,1.5833333333333333,89175.21666666666,,552.35,545.8666666666667,786.3,436.0,7721.333333333333,7501.916666666667,42.0,255312.13333333333,588.0,9966.510782639185,988.8166666666667,,,,,6.319105489417989,1.6429998394546468,8.0,0.0,0.0,,,,,,
oneweb,sat_p0.05,2,topological_scheme_asc_1p,552.0,1.0,0.9894625603864734,1.0,0.0,1.1806750232361205,1.3988085950974678,1.1799382080497152,1.391567549445359,1.0006517221674918,58.75072050743502,6.882419333040887,13.689045893101989,1.0059977871346235,103.26666666666667,27.833333333333332,0.03753026634382567,21868.551324059565,0.0,109.96666666666667,0.0,10.85,10.85,10.85,10.85,249.55,249.55,24.0,0.0,24.0,1.8,1.3666666666666667,89619.96666666666,,560.0833333333334,558.7833333333333,564.7833333333333,456.0,3380.6666666666665,6864.783333333334,36.0,245644.01666666666,588.0,12476.763119051853,1023.7333333333333,,,,,6.350621220710506,2.1019000974113284,9.0,0.0,0.0,,,,,,
oneweb,sat_p0.05,2,topological_scheme_req_1p,552.0,1.0,0.8643719806763285,1.0,0.0,1.139173877088358,1.3512146397596183,1.1385854861305198,1.3478963193425273,1.000525782672768,56.58483183700423,4.219324781233344,15.318164040629485,1.0026112410318033,103.26666666666667,27.833333333333332,0.03770321687997233,21195.802721132834,0.0,114.61666666666666,0.0,13.416666666666666,14.45,14.45,10.466666666666667,243.95,243.95,48.0,0.0,24.0,5.316666666666666,1.3666666666666667,89619.96666666666,,560.0833333333334,558.7833333333333,576.5833333333334,456.0,6471.05,6864.783333333334,36.0,245644.01666666666,588.0,11830.196751405796,1023.7333333333333,,,,,6.350621220710506,2.1019000974113284,9.0,0.0,0.0,,,,,,
oneweb,sat_p0.05,3,topological_scheme_asc_1p,552.0,1.0,0.9884359903381642,1.0,0.0,1.1862971807852511,1.4035783325975764,1.1852245130808678,1.3930497338031114,1.0009452617224195,59.28496324791407,7.117392383557081,14.011425054613513,1.0083939622781761,116.7,31.233333333333334,0.03683846419923902,17177.151317397755,0.0,115.73333333333333,0.0,10.65,10.65,10.65,10.65,244.95,244.95,24.0,0.0,24.0,1.8333333333333333,1.45,94423.65,,556.7666666666667,553.4166666666666,789.65,512.0,4238.583333333333,6925.65,35.0,251242.76666666666,588.0,10084.38896164298,1010.3,,,,,6.691018282312926,1.8207500627932374,9.0,0.0,0.0,,,,,,
oneweb,sat_p0.05,3,topological_scheme_req_1p,552.0,1.0,0.8718599033816425,1.0,0.0,1.1453179980231134,1.355426619642664,1.144519889794265,1.3500107039249827,1.0006850792058302,57.15871527440612,4.501066321924111,16.331614665073175,1.0044348966144974,116.7,31.233333333333334,0.03701141473538568,21860.76271608472,0.0,120.13333333333334,0.0,13.45,14.4,14.4,10.433333333333334,242.9,242.9,48.0,0.0,24.0,5.3,1.45,94423.65,,556.7666666666667,553.4166666666666,810.3833333333333,512.0,8076.65,6925.65,35.0,251242.76666666666,588.0,12535.136182109514,1010.3,,,,,6.691018282312926,1.8207500627932374,9.0,0.0,0.0,,,,,,
oneweb,sat_p0.05,4,topological_scheme_asc_1p,552.0,1.0,0.9886473429951691,1.0,0.0,1.1850234590014253,1.4021961241048262,1.183959839939284,1.393681180492199,1.00091344843819,58.93649860866116,7.003087986464844,13.41881681454518,1.0070494373213081,94.16666666666667,25.55,0.036723163841807904,24197.3544249932,0.0,88.73333333333333,0.0,10.616666666666667,10.616666666666667,10.616666666666667,10.616666666666667,244.18333333333334,244.18333333333334,24.0,0.0,24.0,1.8666666666666667,1.55,79061.08333333333,,562.45,554.7666666666667,640.3166666666667,432.0,3693.766666666667,6277.733333333334,33.0,234867.76666666666,588.0,13217.049945642551,1032.8333333333333,,,,,5.602401029856387,2.2774340093577434,11.0,0.0,0.0,,,,,,
oneweb,sat_p0.05,4,topological_scheme_req_1p,552.0,1.0,0.8710748792270532,1.0,0.0,1.1419740070053594,1.3506581013770709,1.141265183721007,1.3466304675285838,1.0006167505033914,56.67887282691567,4.297218410294119,14.716966531705854,1.0032894828275185,94.16666666666667,25.55,0.03706906491410124,16573.355757445097,0.0,94.95,0.0,13.483333333333333,14.4,14.4,10.383333333333333,242.1,242.1,48.0,0.0,24.0,5.283333333333333,1.55,79061.08333333333,,562.45,554.7666666666667,625.15,432.0,6762.583333333333,6277.733333333334,33.0,234867.76666666666,588.0,8919.740937153498,1032.8333333333333,,,,,5.602401029856387,2.2774340093577434,11.0,0.0,0.0,,,,,,
oneweb,sat_p0.05,5,topological_scheme_asc_1p,552.0,1.0,0.9863828502415459,1.0,0.0,1.184692645049449,1.3999834354758103,1.1835547274979716,1.3923946659643651,1.001001394627443,59.17661770413511,7.031153019331821,14.432747786931092,1.0062628451034155,105.65,29.283333333333335,0.03626196241208347,20923.24248055617,0.0,102.83333333333333,0.0,10.483333333333333,10.483333333333333,10.483333333333333,10.483333333333333,241.11666666666667,241.11666666666667,24.0,0.0,24.0,1.95,1.4666666666666666,86896.7,,558.7166666666667,558.2166666666667,770.0666666666667,539.0,4248.35,6697.983333333334,37.0,241630.13333333333,588.0,11965.29798010985,1021.35,,,,,6.157645975056689,2.008517009276532,8.0,0.0,0.0,,,,,,
oneweb,sat_p0.05,5,topological_scheme_req_1p,552.0,1.0,0.866274154589372,1.0,0.0,1.1441451912861482,1.3511546867483786,1.143287011034953,1.347263027008052,1.0007394197388506,57.03735315881827,4.380588158358188,15.316803882782756,1.003160026536235,105.65,29.283333333333335,0.0366078634843768,19534.28176964323,0.0,114.76666666666667,0.0,13.466666666666667,14.25,14.25,10.2,237.88333333333333,237.88333333333333,48.0,0.0,24.0,5.566666666666666,1.4666666666666666,86896.7,,558.7166666666667,558.2166666666667,789.1666666666666,539.0,8092.75,6697.983333333334,37.0,241630.13333333333,588.0,10803.19922491908,1021.35,,,,,6.157645975056689,2.008517009276532,8.0,0.0,0.0,,,,,,
oneweb,void_b2,1,topological_scheme_asc_1p,552.0,1.0,0.9902475845410628,1.0,0.0,1.1765778929155395,1.4036968888158539,1.1764723310096787,1.3978713969710426,1.0000934502846348,57.6432651591898,6.575081618369326,12.42801975054929,1.0049995013970854,12.0,4.0,0.037760867058687884,8351.260396838188,0.0,5.05,0.0,10.916666666666666,10.916666666666666,10.916666666666666,10.916666666666666,251.08333333333334,251.08333333333334,24.0,0.0,24.0,1.7666666666666666,0.06666666666666667,7295.533333333334,,534.3333333333334,121.38333333333334,54.45,150.0,318.6166666666667,899.8,6.0,145699.31666666668,588.0,4565.299759060144,1115.0,,,,,0.5169737339380196,11.396665082744693,32.0,0.0,0.0,,,,,,
oneweb,void_b2,1,topological_scheme_req_1p,552.0,1.0,0.8753321256038648,1.0,0.0,1.1352021268160863,1.3524228050203657,1.1351555300341962,1.3523427394193972,1.0000430988526838,55.50422731025209,3.9820947483734423,12.73670829542297,1.0000724895038424,12.0,4.0,0.03787616741611899,15261.229176819324,0.0,4.7,0.0,13.733333333333333,14.716666666666667,14.716666666666667,10.7,249.03333333333333,249.03333333333333,48.0,0.0,24.0,5.066666666666666,0.06666666666666667,7295.533333333334,,534.3333333333334,121.38333333333334,54.6,150.0,621.4166666666666,899.8,6.0,145699.31666666668,588.0,8059.5423474907875,1115.0,,,,,0.5169737339380196,11.396665082744693,32.0,0.0,0.0,,,,,,
oneweb,void_b2,2,topological_scheme_asc_1p,552.0,1.0,0.9903079710144927,1.0,0.0,1.1782436292643101,1.4043674842904654,1.177827016417546,1.3979660618569623,1.0003491895607526,57.78898483767231,6.6615183722354745,12.559134458421255,1.0054927508650344,12.0,4.0,0.03770321687997233,15244.257349520922,0.0,4.816666666666666,0.0,10.9,10.9,10.9,10.9,250.7,250.7,24.0,0.0,24.0,1.75,0.06666666666666667,8406.216666666667,,540.8333333333334,125.26666666666667,70.06666666666666,91.0,435.15,914.8,6.0,145865.5,588.0,8056.396921972434,1115.0,,,,,0.5956786186696901,10.10773574319006,29.0,0.0,0.0,,,,,,
oneweb,void_b2,2,topological_scheme_req_1p,552.0,1.0,0.8744867149758454,1.0,0.0,1.1362126787018079,1.3532391382997542,1.1359358460930542,1.3524938403128879,1.0002402324015098,55.61528550175282,4.034467653408569,12.945352951893891,1.0006588067143807,12.0,4.0,0.03781851723740343,14457.735884189606,0.0,4.766666666666667,0.0,13.616666666666667,14.6,14.6,10.65,247.88333333333333,247.88333333333333,48.0,0.0,24.0,5.133333333333334,0.06666666666666667,8406.216666666667,,540.8333333333334,125.26666666666667,63.86666666666667,91.0,824.6,914.8,6.0,145865.5,588.0,7511.112841467063,1115.0,,,,,0.5956786186696901,10.10773574319006,29.0,0.0,0.0,,,,,,
oneweb,void_b2,3,topological_scheme_asc_1p,552.0,1.0,0.9895229468599034,1.0,0.0,1.176976770457108,1.402619948644056,1.1769600656225225,1.3978540951141778,1.00001462981012,57.61726827272953,6.550855534201192,11.99231903134345,1.0040189829949624,10.0,4.0,0.03770321687997233,13386.565144360065,0.0,3.0,0.0,10.9,10.9,10.9,10.9,250.7,250.7,24.0,0.0,24.0,1.8,0.06666666666666667,6768.466666666666,,399.4,85.6,28.1,44.0,198.05,773.7166666666667,4.0,143623.65,588.0,7907.317038377126,1117.0,,,,,0.47962490551776266,12.255875284407104,31.0,0.0,0.0,,,,,,
oneweb,void_b2,3,topological_scheme_req_1p,552.0,1.0,0.8756944444444444,1.0,0.0,1.1353179383594154,1.350941046189268,1.1353121603060436,1.350902886914376,1.0000067086914801,55.48807896504812,3.972174303211897,14.253249104377913,1.0000147591248523,10.0,4.0,0.03781851723740343,11404.371843487024,0.0,4.083333333333333,0.0,13.7,14.633333333333333,14.633333333333333,10.7,249.03333333333333,249.03333333333333,48.0,0.0,24.0,5.1,0.06666666666666667,6768.466666666666,,399.4,85.6,50.166666666666664,44.0,345.8333333333333,773.7166666666667,4.0,143623.65,588.0,6527.595923592647,1117.0,,,,,0.47962490551776266,12.255875284407104,31.0,0.0,0.0,,,,,,
oneweb,void_b2,4,topological_scheme_asc_1p,552.0,1.0,0.9902475845410628,1.0,0.0,1.1764188932875017,1.4038987051676024,1.1763088778516937,1.3982411039121756,1.0000852824905366,57.52668737391613,6.545006574971061,12.065216517023368,1.0048488540947778,12.0,4.0,0.03787616741611899,14167.25750391682,0.0,5.583333333333333,0.0,10.95,10.95,10.95,10.95,251.85,251.85,24.0,0.0,24.0,1.7666666666666666,0.06666666666666667,8166.883333333333,,541.6666666666666,125.96666666666667,10.116666666666667,98.0,113.38333333333334,914.2666666666667,6.0,148789.78333333333,588.0,7630.49023548762,1115.0,,,,,0.5787190570672713,10.335584974276193,30.0,0.0,0.0,,,,,,
oneweb,void_b2,4,topological_scheme_req_1p,552.0,1.0,0.8768417874396135,1.0,0.0,1.135161787757389,1.3529457096304836,1.1350718453493263,1.3528150751797932,1.0000677056327494,55.40430784220313,3.965044843233231,12.487607618618775,1.000122370208456,12.0,4.0,0.0379914677735501,12213.40499073267,0.0,5.516666666666667,0.0,13.733333333333333,14.716666666666667,14.716666666666667,10.733333333333333,249.8,249.8,48.0,0.0,24.0,5.066666666666666,0.06666666666666667,8166.883333333333,,541.6666666666666,125.96666666666667,10.733333333333333,98.0,202.91666666666666,914.2666666666667,6.0,148789.78333333333,588.0,6388.336746891339,1115.0,,,,,0.5787190570672713,10.335584974276193,30.0,0.0,0.0,,,,,,
oneweb,void_b2,5,topological_scheme_asc_1p,552.0,1.0,0.9901871980676329,1.0,0.0,1.176709304671324,1.403637315460912,1.1766167055553904,1.3977649320003354,1.0000747865180324,57.663275111689224,6.578704235770272,12.28701551789047,1.005037900008089,12.0,4.0,0.03758791652254122,10065.636016925177,0.0,6.433333333333334,0.0,10.866666666666667,10.866666666666667,10.866666666666667,10.866666666666667,249.93333333333334,249.93333333333334,24.0,0.0,24.0,1.7833333333333334,0.06666666666666667,8037.633333333333,,540.6666666666666,120.08333333333333,66.56666666666666,97.0,545.8166666666667,920.5666666666667,7.0,145419.15,588.0,5296.858729173739,1115.0,,,,,0.5695601851851851,10.467664611058812,30.0,0.0,0.0,,,,,,
oneweb,void_b2,5,topological_scheme_req_1p,552.0,1.0,0.8759661835748792,1.0,0.0,1.1359671801175548,1.353055383199791,1.1358350155140469,1.3528801890019693,1.0001124205850214,55.569925247617654,4.028108063228935,12.900142325536883,1.0001573362020977,12.0,4.0,0.03770321687997233,13621.198740104834,0.0,6.516666666666667,0.0,13.733333333333333,14.716666666666667,14.716666666666667,10.633333333333333,247.7,247.7,48.0,0.0,24.0,5.166666666666667,0.06666666666666667,8037.633333333333,,540.6666666666666,120.08333333333333,68.23333333333333,97.0,1016.9333333333333,920.5666666666667,7.0,145419.15,588.0,7102.756953984499,1115.0,,,,,0.5695601851851851,10.467664611058812,30.0,0.0,0.0,,,,,,
oneweb,void_b4,1,topological_scheme_asc_1p,552.0,1.0,0.9822765700483091,1.0,0.0,1.1764596249086243,1.3942786646172205,1.1763036611481557,1.3896942744751473,1.0001443030806785,58.00802033259262,6.57547604202946,12.395929820768597,1.0037668941165814,36.0,16.0,0.03683846419923902,14451.894534627596,0.0,6.9,0.0,10.65,10.65,10.65,10.65,244.95,244.95,24.0,0.0,24.0,1.8666666666666667,0.26666666666666666,10970.566666666668,,364.8666666666667,155.16666666666666,94.05,79.0,736.0666666666667,1173.0333333333333,7.0,156422.76666666666,588.0,8534.366724888483,1091.0,,,,,0.7773927626606199,8.790658033465302,23.0,0.0,0.0,,,,,,
oneweb,void_b4,1,topological_scheme_req_1p,552.0,1.0,0.8730072463768116,1.0,0.0,1.1379424326049694,1.3477910852905448,1.137889554122481,1.3476184975610055,1.0000467557814183,55.98062112685102,4.107415574063166,15.69416607154339,1.0000928806084708,36.0,16.0,0.037357315807679,14645.40695672234,0.0,9.916666666666666,0.0,13.55,14.333333333333334,14.333333333333334,10.516666666666667,245.08333333333334,245.08333333333334,48.0,0.0,24.0,5.216666666666667,0.26666666666666666,10970.566666666668,,364.8666666666667,155.16666666666666,142.95,79.0,1281.9,1173.0333333333333,7.0,156422.76666666666,588.0,8427.418983976046,1091.0,,,,,0.7773927626606199,8.790658033465302,23.0,0.0,0.0,,,,,,
oneweb,void_b4,2,topological_scheme_asc_1p,552.0,1.0,0.9898852657004831,1.0,0.0,1.178867315482176,1.4059661184066465,1.177701352870655,1.3954603363812326,1.001026319409529,58.18315331434853,6.722843110450667,13.155421092607584,1.0087815143910563,40.0,16.0,0.03753026634382567,13588.285616536936,0.0,12.0,0.0,10.85,10.85,10.85,10.85,249.55,249.55,24.0,0.0,24.0,1.85,0.26666666666666666,16521.8,,509.73333333333335,237.28333333333333,127.75,139.0,835.8,1332.8666666666666,10.0,163417.31666666668,588.0,7598.454328378041,1087.0,,,,,1.1707624716553289,8.040033975313424,26.0,0.0,0.0,,,,,,
oneweb,void_b4,2,topological_scheme_req_1p,552.0,1.0,0.8726751207729468,1.0,0.0,1.137134169552825,1.3539039633110295,1.1359249003318033,1.3500952537937196,1.0009619966415109,56.01762367687102,4.10263166122142,13.398476630793747,1.003039181953931,40.0,16.0,0.03764556670125677,12464.62629934152,0.0,10.8,0.0,13.766666666666667,14.766666666666667,14.766666666666667,10.6,246.73333333333332,246.73333333333332,48.0,0.0,24.0,5.283333333333333,0.26666666666666666,16521.8,,509.73333333333335,237.28333333333333,125.0,139.0,1501.2833333333333,1332.8666666666666,10.0,163417.31666666668,588.0,6872.014379004638,1087.0,,,,,1.1707624716553289,8.040033975313424,26.0,0.0,0.0,,,,,,
oneweb,void_b4,3,topological_scheme_asc_1p,552.0,1.0,0.986231884057971,1.0,0.0,1.1785978077352963,1.3997935347895694,1.177206389147538,1.391256328960265,1.0012970412533262,58.468921903226466,6.780977532062018,14.664130515610884,1.0072678873421719,40.0,16.0,0.03649256312694569,12847.376256932816,0.0,10.95,0.0,10.55,10.55,10.55,10.55,242.65,242.65,24.0,0.0,24.0,1.8833333333333333,0.26666666666666666,15068.383333333333,,507.9,220.98333333333332,118.43333333333334,232.0,1055.05,1331.05,9.0,159674.5,588.0,7103.520024071137,1087.0,,,,,1.0677709278155707,8.336218329106307,28.0,0.0,0.0,,,,,,
oneweb,void_b4,3,topological_scheme_req_1p,552.0,1.0,0.8693236714975845,1.0,0.0,1.1377687793000104,1.3482966446496776,1.1364481917370715,1.3462705814622198,1.0010948261195012,56.336263805580074,4.1750844644575125,16.564561072409298,1.0017814168188357,40.0,16.0,0.0366078634843768,11586.705965797106,0.0,10.6,0.0,13.633333333333333,14.616666666666667,14.616666666666667,10.283333333333333,239.78333333333333,239.78333333333333,48.0,0.0,24.0,5.35,0.26666666666666666,15068.383333333333,,507.9,220.98333333333332,122.01666666666667,232.0,1821.2833333333333,1331.05,9.0,159674.5,588.0,6315.177063395579,1087.0,,,,,1.0677709278155707,8.336218329106307,28.0,0.0,0.0,,,,,,
oneweb,void_b4,4,topological_scheme_asc_1p,552.0,1.0,0.9859601449275363,1.0,0.0,1.1779596951996885,1.401503219721595,1.1772627748645605,1.3930310817988059,1.0005855339613086,58.63250276652843,6.748261927627408,13.755298846671392,1.0071589591767238,40.0,16.0,0.03701141473538568,10836.21678352356,0.0,11.183333333333334,0.0,10.7,10.7,10.7,10.7,246.1,246.1,24.0,0.0,24.0,1.85,0.26666666666666666,13868.25,,505.6166666666667,219.53333333333333,164.65,274.0,824.5666666666667,1298.2,10.0,158443.5,588.0,6049.695234000683,1087.0,,,,,0.9827274659863946,8.659946280172337,29.0,0.0,0.0,,,,,,
oneweb,void_b4,4,topological_scheme_req_1p,552.0,1.0,0.8705314009661835,1.0,0.0,1.1363668502375888,1.34905136538445,1.1358970787624472,1.3474153872162433,1.000385614815026,56.446580566515834,4.116875790606629,13.77264018259721,1.001502844863118,40.0,16.0,0.037126715092816794,10927.015759795904,0.0,11.2,0.0,13.566666666666666,14.566666666666666,14.566666666666666,10.466666666666667,243.43333333333334,243.43333333333334,48.0,0.0,24.0,5.516666666666667,0.26666666666666666,13868.25,,505.6166666666667,219.53333333333333,153.75,274.0,1561.8333333333333,1298.2,10.0,158443.5,588.0,5937.698594977458,1087.0,,,,,0.9827274659863946,8.659946280172337,29.0,0.0,0.0,,,,,,
oneweb,void_b4,5,topological_scheme_asc_1p,552.0,1.0,0.9855676328502415,1.0,0.0,1.1778852132218147,1.3966976818119496,1.17758406330791,1.3919929000113742,1.000282608520741,58.2188189342694,6.659744351480524,12.956728331831597,1.0037218570257833,36.0,16.0,0.0366078634843768,14146.207531541586,0.0,7.35,0.0,10.583333333333334,10.583333333333334,10.583333333333334,10.583333333333334,243.41666666666666,243.41666666666666,24.0,0.0,24.0,1.8166666666666667,0.26666666666666666,10968.066666666668,,353.55,154.4,116.15,80.0,963.4333333333333,1140.8166666666666,7.0,157904.15,588.0,8376.308803757032,1091.0,,,,,0.7772156084656084,8.594319266233489,23.0,0.0,0.0,,,,,,
oneweb,void_b4,5,topological_scheme_req_1p,552.0,1.0,0.8697161835748792,1.0,0.0,1.136953087083042,1.3521184240823652,1.1368700093321333,1.3516838410281287,1.000076557364926,56.012594764068204,3.9958142007913606,14.029700998180553,1.0002277301364664,36.0,16.0,0.03712671509281679,8903.024934977293,0.0,10.216666666666667,0.0,13.5,14.35,14.35,10.483333333333333,244.05,244.05,48.0,0.0,24.0,5.15,0.26666666666666666,10968.066666666668,,353.55,154.4,113.7,80.0,1487.9666666666667,1140.8166666666666,7.0,157904.15,588.0,5245.706705997388,1091.0,,,,,0.7772156084656084,8.594319266233489,23.0,0.0,0.0,,,,,,
oneweb,void_b8,1,topological_scheme_asc_1p,545.1,1.0,0.9846205589188528,1.0,0.0,1.1736928239919786,1.3943334341059876,1.17280706215595,1.3876336670166427,1.0008433923145434,57.9426206136355,6.503192877617589,13.163207684709985,1.0053562692953089,136.0,64.0,0.03709789000345901,14117.495477199554,0.0,10.033333333333333,0.0,10.75,10.716666666666667,10.733333333333333,10.716666666666667,246.48333333333332,246.48333333333332,23.85,0.15,23.85,1.7833333333333334,1.0666666666666667,17374.983333333334,,368.26666666666665,253.36666666666667,32.666666666666664,128.0,642.8,1881.6,14.0,208410.0,588.0,8997.175577531258,991.0,,,,,1.2312204743008315,5.644076397195585,17.0,0.0,0.0,,,,,,
oneweb,void_b8,1,topological_scheme_req_1p,545.1,1.0,0.8688619825108542,1.0,0.0,1.1341900179557824,1.3469738671068727,1.1337100376680962,1.346207448245909,1.0004273496152454,55.830926703048924,3.976543118586981,12.837914504022326,1.0003986397981148,136.0,64.0,0.03709789000345901,14834.528931478659,0.0,12.816666666666666,0.0,13.4,14.183333333333334,14.233333333333333,10.5,244.16666666666666,244.16666666666666,47.6,0.4,23.75,5.166666666666667,1.0666666666666667,17374.983333333334,,368.26666666666665,253.36666666666667,37.61666666666667,128.0,1289.2166666666667,1881.6,14.0,208410.0,588.0,9339.938884228468,991.0,,,,,1.2312204743008315,5.644076397195585,17.0,0.0,0.0,,,,,,
oneweb,void_b8,2,topological_scheme_asc_1p,516.8333333333334,1.0,0.9739761367300871,1.0,0.0,1.175471518050575,1.39785469701457,1.17372432508682,1.390397099132571,1.0010870164571142,58.26529049663373,6.516697234665685,12.454252019189369,1.0064810661317558,144.0,64.0,0.0351089588377724,11704.698045800129,0.0,18.8,0.0,10.25,10.15,10.15,10.116666666666667,232.68333333333334,232.68333333333334,23.216666666666665,0.7833333333333333,23.216666666666665,1.8,1.0666666666666667,24367.85,,408.0,319.7,136.31666666666666,285.0,1075.3166666666666,2136.2,16.0,209989.41666666666,588.0,7298.036988824606,983.0,,,,,1.7267467403628118,5.270535425434196,23.0,0.0,0.0,,,,,,
oneweb,void_b8,2,topological_scheme_req_1p,516.8333333333334,1.0,0.8611093195743309,1.0,0.0,1.136290625084767,1.3538283746453783,1.1351827001964818,1.3526560117938373,1.0008008751281698,56.33796935601559,4.014870545468407,14.372534828843978,1.0010324710254388,144.0,64.0,0.03522425919520351,16553.998772303265,0.0,17.683333333333334,0.0,13.133333333333333,13.95,13.95,9.9,230.23333333333332,230.23333333333332,46.166666666666664,1.8333333333333333,22.95,5.066666666666666,1.0666666666666667,24367.85,,408.0,319.7,133.15,285.0,2034.15,2136.2,16.0,209989.41666666666,588.0,10013.55919962128,983.0,,,,,1.7267467403628118,5.270535425434196,23.0,0.0,0.0,,,,,,
oneweb,void_b8,3,topological_scheme_asc_1p,521.8333333333334,1.0,0.9690194825934206,1.0,0.0,1.1662780622823932,1.3730827319712349,1.1650547819450878,1.366436596406957,1.0011575900676273,59.49099596567985,6.37399528457849,13.568487545685127,1.0049331298672273,136.0,64.0,0.0344748068719013,12970.87525477012,0.0,13.183333333333334,0.0,10.066666666666666,9.966666666666667,9.966666666666667,9.966666666666667,229.23333333333332,229.23333333333332,23.333333333333332,0.6666666666666666,23.333333333333332,2.0833333333333335,1.0666666666666667,15627.7,,353.56666666666666,246.85,92.78333333333333,128.0,1109.8833333333334,1637.75,13.0,198400.05,588.0,8293.158829212189,991.0,,,,,1.1074050453514739,5.7345695997065045,17.0,0.0,0.0,,,,,,
oneweb,void_b8,3,topological_scheme_req_1p,521.8333333333334,1.0,0.8498882146279144,1.0,0.0,1.1269974920096133,1.327229290014355,1.1264289381867414,1.3253271776704172,1.0005020975756354,57.2809308505252,3.786293340694338,14.084508362919298,1.0013458296090587,136.0,64.0,0.03505130865905685,15853.857641418776,0.0,16.033333333333335,0.0,12.7,13.233333333333333,13.233333333333333,9.833333333333334,229.28333333333333,229.28333333333333,46.43333333333333,1.5666666666666667,23.1,5.716666666666667,1.0666666666666667,15627.7,,353.56666666666666,246.85,93.55,128.0,1889.85,1637.75,13.0,198400.05,588.0,9944.925575703382,991.0,,,,,1.1074050453514739,5.7345695997065045,17.0,0.0,0.0,,,,,,
oneweb,void_b8,4,topological_scheme_asc_1p,531.7333333333333,1.0,0.9742038615847542,1.0,0.0,1.1757936989139168,1.4015302500940692,1.175119076133668,1.3946115420631808,1.0004417619886072,58.333259081063595,6.5032159814979655,12.87424552665419,1.005951485997348,144.0,64.0,0.03551251008878128,15135.876396298409,0.0,20.083333333333332,0.0,10.333333333333334,10.266666666666667,10.266666666666667,10.266666666666667,236.13333333333333,236.13333333333333,23.55,0.45,23.55,1.9,1.0666666666666667,24953.483333333334,,409.73333333333335,322.3,118.8,237.0,1134.3333333333333,2193.5333333333333,16.0,209391.46666666667,588.0,9462.80868028601,983.0,,,,,1.7682457010582011,5.242638803266612,22.0,0.0,0.0,,,,,,
oneweb,void_b8,4,topological_scheme_req_1p,531.7333333333333,1.0,0.8566323971915747,1.0,0.0,1.1344119161170825,1.3509065202094517,1.1338942156189855,1.3503128480302973,1.0002982723115221,56.23571411745336,3.9164491132708474,13.46897174260354,1.0005195536653726,144.0,64.0,0.03562781044621238,12394.431596249342,0.0,18.533333333333335,0.0,13.016666666666667,13.883333333333333,13.9,10.0,232.73333333333332,232.73333333333332,46.916666666666664,1.0833333333333333,23.366666666666667,5.383333333333334,1.0666666666666667,24953.483333333334,,409.73333333333335,322.3,117.13333333333334,237.0,2108.9666666666667,2193.5333333333333,16.0,209391.46666666667,588.0,7624.595846732457,983.0,,,,,1.7682457010582011,5.242638803266612,22.0,0.0,0.0,,,,,,
oneweb,void_b8,5,topological_scheme_asc_1p,508.23333333333335,1.0,0.9646159900308258,1.0,0.0,1.174782509018149,1.379414062837767,1.171532117052636,1.369565760084849,1.001733278983047,61.27966753713215,6.815087733472479,14.951127250315826,1.0085519234259754,144.0,64.0,0.033638879280525766,18403.721477339666,0.0,21.1,0.0,9.866666666666667,9.716666666666667,9.733333333333333,9.716666666666667,223.48333333333332,223.48333333333332,23.016666666666666,0.9833333333333333,23.016666666666666,2.216666666666667,1.0666666666666667,24901.216666666667,,410.6666666666667,316.68333333333334,250.55,238.0,1463.9333333333334,2196.0333333333333,16.0,199382.63333333333,588.0,11276.953130463758,983.0,,,,,1.7645419973544973,5.257273238991669,22.0,0.0,0.0,,,,,,
oneweb,void_b8,5,topological_scheme_req_1p,508.23333333333335,1.0,0.8527579195907392,1.0,0.0,1.1395274099933537,1.3359967603398002,1.1358462549210484,1.3331422552898669,1.0018880652601418,59.24051399825313,4.253926344057769,17.564551003167917,1.0024173732383626,144.0,64.0,0.03375417963795688,17578.12033717831,0.0,19.55,0.0,12.6,13.3,13.333333333333334,9.466666666666667,220.31666666666666,220.31666666666666,45.71666666666667,2.283333333333333,22.7,5.766666666666667,1.0666666666666667,24901.216666666667,,410.6666666666667,316.68333333333334,246.83333333333334,238.0,2637.65,2196.0333333333333,16.0,199382.63333333333,588.0,10446.6948295633,983.0,,,,,1.7645419973544973,5.257273238991669,22.0,0.0,0.0,,,,,,
starlink,cut,1,topological_scheme_asc_1p,519.1333333333333,0.5457172210093746,0.9316390163548652,1.0,0.0,1.3726383473148116,1.4768296874125362,1.3726369148101107,1.4768296874125362,1.0000012495695045,66.97053439256425,12.704127721669861,42.196507128623054,1.0,44.0,0.0,0.01975261085430577,70482.26608162124,0.0,46.2,0.0,15.383333333333333,15.383333333333333,15.383333333333333,15.383333333333333,353.81666666666666,353.81666666666666,24.0,0.0,24.0,0.2833333333333333,0.7333333333333333,0.0,,0.0,0.0,0.0,0.0,0.0,0.0,0.0,1538048.7666666666,1584.0,65645.86764797568,3124.0,,,,,0.0,,0.0,0.0,0.0,0.0,1.0,0.0,0.0,0.0,
starlink,cut,1,topological_scheme_req_1p,517.3166666666667,0.8607558233190502,0.7265411535726316,1.0,0.0,1.3926044402812174,1.505441681702847,1.3925972115027654,1.505441681702847,1.0000061982092021,76.18103547042388,7.835483740125626,73.10298498438429,1.0,44.0,0.0,0.024332306111967128,58992.84626096487,0.0,53.95,0.0,19.4,30.7,30.7,15.866666666666667,367.8666666666667,367.8666666666667,48.0,0.0,24.0,0.5666666666666667,0.7333333333333333,0.0,,0.0,0.0,0.0,0.0,0.0,0.0,0.0,1538048.7666666666,1584.0,54574.49180757006,3124.0,,,,,0.0,,0.0,0.0,0.0,0.0,1.0,0.0,0.0,0.0,
starlink,isl_p0.01,1,topological_scheme_asc_1p,552.0,1.0,0.9555857487922705,1.0,0.0,1.451273067849589,1.6991904668248001,1.4512021049905204,1.6991904668248001,1.0000368984806327,85.28090386890428,22.369824460782112,67.73448037191731,1.0,31.516666666666666,0.0,0.01975261085430577,127839.68329628308,0.0,24.583333333333332,0.0,15.383333333333333,15.383333333333333,15.383333333333333,15.383333333333333,353.81666666666666,353.81666666666666,24.0,0.0,24.0,0.2833333333333333,5.983333333333333,192002.23333333334,,1584.0,958.7,402.26666666666665,562.0,3251.45,15332.916666666666,29.0,734945.8166666667,958.7,38956.090197215475,3136.483333333333,,,,,5.050563797699215,3.7624573637771923,14.0,0.0,0.0,,,,,,
starlink,isl_p0.01,1,topological_scheme_req_1p,552.0,1.0,0.7059782608695652,1.0,0.0,1.3218353221004653,1.4435149071902156,1.3217564786020208,1.4435149071902156,1.0000563402858695,71.09246522704045,8.211675688235536,60.6404030987936,1.0,31.516666666666666,0.0,0.024332306111967128,90478.0324888726,0.0,32.3,0.0,19.4,30.7,30.7,15.866666666666667,367.78333333333336,367.78333333333336,48.0,0.0,24.0,0.5666666666666667,5.983333333333333,192002.23333333334,,1584.0,958.7,235.26666666666668,562.0,6418.116666666667,15332.916666666666,29.0,734945.8166666667,958.7,26937.389095127583,3136.483333333333,,,,,5.050563797699215,3.7624573637771923,14.0,0.0,0.0,,,,,,
starlink,isl_p0.01,2,topological_scheme_asc_1p,552.0,1.0,0.9553140096618358,1.0,0.0,1.452124842316855,1.7006135059325471,1.4520705160239837,1.7006135059325471,1.000026159159541,85.39969898094947,22.42855963239714,67.97403348700627,1.0,31.55,0.0,0.01975261085430577,111826.46773929398,0.0,28.333333333333332,0.0,15.383333333333333,15.383333333333333,15.383333333333333,15.383333333333333,353.81666666666666,353.81666666666666,24.0,0.0,24.0,0.2833333333333333,6.766666666666667,200613.76666666666,,1584.0,972.85,451.01666666666665,536.0,3434.9,14262.533333333333,27.0,746954.7333333333,972.85,34368.516977628075,3136.45,,,,,5.277087717452301,3.5863719389147937,18.0,0.0,0.0,,,,,,
starlink,isl_p0.01,2,topological_scheme_req_1p,552.0,1.0,0.7045591787439613,1.0,0.0,1.3216262134110535,1.444109861215355,1.3215339234989782,1.444109861215355,1.0000670925927146,71.12264353835303,8.175349202707123,60.66985434704393,1.0,31.55,0.0,0.024332306111967128,129741.13647068541,0.0,35.7,0.0,19.4,30.7,30.7,15.866666666666667,367.78333333333336,367.78333333333336,48.0,0.0,24.0,0.5666666666666667,6.766666666666667,200613.76666666666,,1584.0,972.85,213.08333333333334,536.0,6347.216666666666,14262.533333333333,27.0,746954.7333333333,972.85,40616.131752977766,3136.45,,,,,5.277087717452301,3.5863719389147937,18.0,0.0,0.0,,,,,,
starlink,isl_p0.01,3,topological_scheme_asc_1p,552.0,1.0,0.9558574879227053,1.0,0.0,1.4488811685406724,1.697363665550684,1.4488146483838853,1.6973607900043302,1.000036926953032,85.1239213882473,22.267779608428416,67.21675735885138,1.0000015096618358,32.75,0.0,0.01975261085430577,150857.5837428371,0.0,25.95,0.0,15.383333333333333,15.383333333333333,15.383333333333333,15.383333333333333,353.81666666666666,353.81666666666666,24.0,0.0,24.0,0.2833333333333333,6.6,197869.5,,1584.0,1055.8833333333334,338.1666666666667,864.0,3128.9166666666665,15396.983333333334,33.0,750241.55,1055.8833333333334,45886.38312170903,3135.25,,,,,5.204900568181818,3.6611679246506745,14.0,0.0,0.0,,,,,,
starlink,isl_p0.01,3,topological_scheme_req_1p,552.0,1.0,0.7056763285024155,1.0,0.0,1.3209351692627582,1.4427735017007157,1.3208759931647547,1.4427735017007157,1.0000455248012885,71.08158030844035,8.193641901845417,60.497426756803065,1.0,32.75,0.0,0.024332306111967128,111550.4288867116,0.0,35.86666666666667,0.0,19.4,30.7,30.7,15.866666666666667,367.78333333333336,367.78333333333336,48.0,0.0,24.0,0.5666666666666667,6.6,197869.5,,1584.0,1055.8833333333334,212.95,864.0,6026.566666666667,15396.983333333334,33.0,750241.55,1055.8833333333334,34200.17646998167,3135.25,,,,,5.204900568181818,3.6611679246506745,14.0,0.0,0.0,,,,,,
starlink,isl_p0.01,4,topological_scheme_asc_1p,552.0,1.0,0.9557971014492753,1.0,0.0,1.45039403870876,1.6990943685785769,1.4503442905440993,1.6990913492549051,1.000024671212971,85.25286298652877,22.349319470321475,67.49894535328829,1.0000015096618358,33.63333333333333,0.0,0.01975261085430577,139535.3133517007,0.0,29.766666666666666,0.0,15.383333333333333,15.383333333333333,15.383333333333333,15.383333333333333,353.81666666666666,353.81666666666666,24.0,0.0,24.0,0.2833333333333333,6.75,225940.38333333333,,1584.0,1112.8166666666666,434.01666666666665,625.0,3544.5333333333333,15544.883333333333,33.0,776588.3666666667,1112.8166666666666,44383.03515886267,3134.366666666667,,,,,5.943297120510662,3.550194693688741,13.0,0.0,0.0,,,,,,
starlink,isl_p0.01,4,topological_scheme_req_1p,552.0,1.0,0.704981884057971,1.0,0.0,1.3211301796712542,1.4431329054609592,1.321023392406691,1.4431329054609592,1.0000793710849374,71.10849087008116,8.192179882530263,60.5610029814011,1.0,33.63333333333333,0.0,0.024332306111967128,117238.4524345398,0.0,40.083333333333336,0.0,19.4,30.7,30.7,15.866666666666667,367.78333333333336,367.78333333333336,48.0,0.0,24.0,0.5666666666666667,6.75,225940.38333333333,,1584.0,1112.8166666666666,271.4166666666667,625.0,7089.116666666667,15544.883333333333,33.0,776588.3666666667,1112.8166666666666,36905.96331059933,3134.366666666667,,,,,5.943297120510662,3.550194693688741,13.0,0.0,0.0,,,,,,
starlink,isl_p0.01,5,topological_scheme_asc_1p,552.0,1.0,0.9558876811594202,1.0,0.0,1.4484617003809774,1.6970018978113224,1.4484010455199476,1.6970018978113224,1.000031989889442,85.07789956600942,22.256197118027362,67.36604406421554,1.0,26.466666666666665,0.0,0.01975261085430577,123960.1696992914,0.0,17.8,0.0,15.383333333333333,15.383333333333333,15.383333333333333,15.383333333333333,353.81666666666666,353.81666666666666,24.0,0.0,24.0,0.2833333333333333,5.866666666666666,169575.13333333333,,1584.0,843.6666666666666,307.4166666666667,648.0,2623.6833333333334,13064.716666666667,23.0,702099.1666666666,843.6666666666666,35753.056014080845,3141.5333333333333,,,,,4.460625350729518,4.245628781263919,15.0,0.0,0.0,,,,,,
starlink,isl_p0.01,5,topological_scheme_req_1p,552.0,1.0,0.70625,1.0,0.0,1.3207253464299602,1.443485765853447,1.3206395297379312,1.443485765853447,1.0000615826866581,71.03949621567797,8.204891563613725,60.380004715424135,1.0,26.466666666666665,0.0,0.024332306111967128,116749.90719258785,0.0,24.383333333333333,0.0,19.4,30.7,30.7,15.866666666666667,367.78333333333336,367.78333333333336,48.0,0.0,24.0,0.5666666666666667,5.866666666666666,169575.13333333333,,1584.0,843.6666666666666,175.38333333333333,648.0,4932.9,13064.716666666667,23.0,702099.1666666666,843.6666666666666,33191.420225302376,3141.5333333333333,,,,,4.460625350729518,4.245628781263919,15.0,0.0,0.0,,,,,,
starlink,isl_p0.02,1,topological_scheme_asc_1p,552.0,1.0,0.9564009661835748,1.0,0.0,1.4547606230625407,1.6993915156750679,1.4546758370591208,1.6993568592246573,1.000040546036739,85.5047709608093,22.54856066608377,68.01233188736525,1.000017011126851,62.85,0.0,0.01975261085430577,123464.38474108775,0.0,56.016666666666666,0.0,15.383333333333333,15.383333333333333,15.383333333333333,15.383333333333333,353.81666666666666,353.81666666666666,24.0,0.0,24.0,0.2833333333333333,13.266666666666667,384880.4,,1584.0,1478.1333333333334,606.4,923.0,5120.683333333333,23362.3,42.0,992466.9833333333,1478.1333333333334,47805.160630246006,3105.15,,,,,10.12416877104377,2.632071807241938,12.0,0.0,0.0,,,,,,
starlink,isl_p0.02,1,topological_scheme_req_1p,552.0,1.0,0.7057367149758454,1.0,0.0,1.3236761275249043,1.4436549280259694,1.3235359051514075,1.4436549280259694,1.0001004954489596,71.25351923858742,8.25345331754177,60.86459882173772,1.0,62.85,0.0,0.024332306111967128,127147.16016724706,0.0,73.85,0.0,19.4,30.7,30.7,15.866666666666667,367.78333333333336,367.78333333333336,48.0,0.0,24.0,0.5666666666666667,13.266666666666667,384880.4,,1584.0,1478.1333333333334,429.15,923.0,11143.266666666666,23362.3,42.0,992466.9833333333,1478.1333333333334,48907.663713643946,3105.15,,,,,10.12416877104377,2.632071807241938,12.0,0.0,0.0,,,,,,
starlink,isl_p0.02,2,topological_scheme_asc_1p,552.0,1.0,0.9565519323671497,1.0,0.0,1.4579809481322807,1.7021201831767039,1.4578741440913554,1.7020872920208616,1.000057686059752,85.79238909051148,22.671408450748807,68.66621489574995,1.0000191093655053,66.85,0.0,0.01975261085430577,130062.9661463201,0.0,64.38333333333334,0.0,15.383333333333333,15.383333333333333,15.383333333333333,15.383333333333333,353.81666666666666,353.81666666666666,24.0,0.0,24.0,0.2833333333333333,13.816666666666666,413967.75,,1584.0,1483.9833333333333,782.2333333333333,997.0,6137.516666666666,24330.983333333334,47.0,1022918.3166666667,1483.9833333333333,50404.57579791546,3101.15,,,,,10.889303188131313,2.488991433108819,11.0,0.0,0.0,,,,,,
starlink,isl_p0.02,2,topological_scheme_req_1p,552.0,1.0,0.7046195652173913,1.0,0.0,1.3245156680647279,1.4437618293047731,1.324310473919078,1.4437618293047731,1.0001451704557318,71.33860131688131,8.257280466402012,60.86320118364752,1.0,66.85,0.0,0.024332306111967128,128054.0139178435,0.0,81.48333333333333,0.0,19.4,30.7,30.7,15.866666666666667,367.78333333333336,367.78333333333336,48.0,0.0,24.0,0.5666666666666667,13.816666666666666,413967.75,,1584.0,1483.9833333333333,457.23333333333335,997.0,11936.45,24330.983333333334,47.0,1022918.3166666667,1483.9833333333333,50354.38632667065,3101.15,,,,,10.889303188131313,2.488991433108819,11.0,0.0,0.0,,,,,,
starlink,isl_p0.02,3,topological_scheme_asc_1p,552.0,1.0,0.9557065217391304,1.0,0.0,1.4555995651273264,1.7011049705336574,1.455520982304301,1.7010585562594054,1.0000386011740103,85.61539249365272,22.594309417338888,68.44985487726711,1.000021878085845,59.266666666666666,0.0,0.01975261085430577,130340.50753340125,0.0,50.0,0.0,15.383333333333333,15.383333333333333,15.383333333333333,15.383333333333333,353.81666666666666,353.81666666666666,24.0,0.0,24.0,0.2833333333333333,13.05,356832.93333333335,,1584.0,1413.4333333333334,619.1,917.0,4992.233333333334,23139.2,49.0,959015.25,1413.4333333333334,49547.36143325766,3108.733333333333,,,,,9.386388187429855,2.632143959432743,11.0,0.0,0.0,,,,,,
starlink,isl_p0.02,3,topological_scheme_req_1p,552.0,1.0,0.7056159420289855,1.0,0.0,1.324143612654081,1.444110915030942,1.3239990872882237,1.444110915030942,1.0001053966085713,71.26982789628887,8.219410352143777,60.9548802000851,1.0,59.266666666666666,0.0,0.024332306111967128,120487.53842785954,0.0,71.33333333333333,0.0,19.4,30.7,30.7,15.866666666666667,367.78333333333336,367.78333333333336,48.0,0.0,24.0,0.5666666666666667,13.05,356832.93333333335,,1584.0,1413.4333333333334,357.45,917.0,10783.316666666668,23139.2,49.0,959015.25,1413.4333333333334,44649.271204074226,3108.733333333333,,,,,9.386388187429855,2.632143959432743,11.0,0.0,0.0,,,,,,
starlink,isl_p0.02,4,topological_scheme_asc_1p,552.0,1.0,0.9559480676328502,1.0,0.0,1.4541602117511998,1.7001702118527908,1.4540818416608965,1.700162251458737,1.0000366242508534,85.57226399805118,22.581348642137527,68.15821078215485,1.0000045825720352,60.85,0.0,0.01975261085430577,111737.54880850513,0.0,59.1,0.0,15.383333333333333,15.383333333333333,15.383333333333333,15.383333333333333,353.81666666666666,353.81666666666666,24.0,0.0,24.0,0.2833333333333333,12.5,376463.2,,1584.0,1416.5333333333333,630.5833333333334,651.0,5219.333333333333,23782.25,43.0,981554.0333333333,1416.5333333333333,42687.17782522241,3107.15,,,,,9.902756734006735,2.5902961210197084,9.0,0.0,0.0,,,,,,
starlink,isl_p0.02,4,topological_scheme_req_1p,552.0,1.0,0.7052234299516909,1.0,0.0,1.322956358502336,1.443676405376751,1.3228140055171138,1.443676405376751,1.0001041191261293,71.22914680514273,8.21501626208546,60.83784973644869,1.0,60.85,0.0,0.024332306111967128,150543.50149035454,0.0,71.35,0.0,19.4,30.7,30.7,15.866666666666667,367.78333333333336,367.78333333333336,48.0,0.0,24.0,0.5666666666666667,12.5,376463.2,,1584.0,1416.5333333333333,358.3666666666667,651.0,10601.366666666667,23782.25,43.0,981554.0333333333,1416.5333333333333,56562.899684906006,3107.15,,,,,9.902756734006735,2.5902961210197084,9.0,0.0,0.0,,,,,,
starlink,isl_p0.02,5,topological_scheme_asc_1p,552.0,1.0,0.9564915458937198,1.0,0.0,1.4553918370586432,1.7018115623243166,1.4553137195677126,1.7017990209370581,1.0000392796680926,85.71342272562526,22.648487130803563,68.24967145583005,1.0000060728068818,60.666666666666664,0.0,0.01975261085430577,137546.48815194765,0.0,55.916666666666664,0.0,15.383333333333333,15.383333333333333,15.383333333333333,15.383333333333333,353.81666666666666,353.81666666666666,24.0,0.0,24.0,0.2833333333333333,13.266666666666667,377678.5,,1584.0,1387.1666666666667,727.5333333333333,917.0,5515.783333333334,23868.916666666668,43.0,979283.1666666666,1387.1666666666667,52859.72634926438,3107.3333333333335,,,,,9.934724852693602,2.5151733992447722,10.0,0.0,0.0,,,,,,
starlink,isl_p0.02,5,topological_scheme_req_1p,552.0,1.0,0.7047101449275363,1.0,0.0,1.3227576718734753,1.4442066696512532,1.322637918056744,1.4442066696512532,1.000087860586392,71.28446804330174,8.221189036271069,60.84946773511475,1.0,60.666666666666664,0.0,0.024332306111967128,112188.96027853091,0.0,70.4,0.0,19.4,30.7,30.7,15.866666666666667,367.78333333333336,367.78333333333336,48.0,0.0,24.0,0.5666666666666667,13.266666666666667,377678.5,,1584.0,1387.1666666666667,399.48333333333335,917.0,10939.15,23868.916666666668,43.0,979283.1666666666,1387.1666666666667,43497.451029221214,3107.3333333333335,,,,,9.934724852693602,2.5151733992447722,10.0,0.0,0.0,,,,,,
starlink,isl_p0.05,1,topological_scheme_asc_1p,552.0,1.0,0.9569444444444445,1.0,0.0,1.470543963340426,1.7074567659015893,1.470437288380695,1.7072980048813882,1.000058618072214,87.05409559291306,23.489824714919497,71.52989049508191,1.0000698856867698,155.78333333333333,0.0,0.01975261085430577,134083.9278869331,0.0,181.38333333333333,0.0,15.383333333333333,15.383333333333333,15.383333333333333,15.383333333333333,353.81666666666666,353.81666666666666,24.0,0.0,24.0,0.2833333333333333,33.333333333333336,836000.65,,1584.0,1583.7666666666667,1447.55,1344.0,11590.916666666666,42626.98333333333,68.0,1532412.7,1583.7666666666667,71592.08979134758,3012.2166666666667,,,,,21.990757838804715,1.4537119877438691,7.0,0.0,0.0,,,,,,
starlink,isl_p0.05,1,topological_scheme_req_1p,552.0,1.0,0.705012077294686,1.0,0.0,1.3289961486846003,1.444542890705261,1.3286763759528029,1.444542890705261,1.0002384039998713,71.9087628275428,8.326666859970844,62.04094791638692,1.0,155.78333333333333,0.0,0.024332306111967128,114791.75117388368,0.0,234.58333333333334,0.0,19.4,30.7,30.7,15.866666666666667,367.78333333333336,367.78333333333336,48.0,0.0,24.0,0.5666666666666667,33.333333333333336,836000.65,,1584.0,1583.7666666666667,882.6666666666666,1344.0,23540.183333333334,42626.98333333333,68.0,1532412.7,1583.7666666666667,61210.99198386073,3012.2166666666667,,,,,21.990757838804715,1.4537119877438691,7.0,0.0,0.0,,,,,,
starlink,isl_p0.05,2,topological_scheme_asc_1p,552.0,1.0,0.9565821256038647,1.0,0.0,1.4725802339697358,1.7052718926995363,1.4724730098292753,1.705183345628459,1.0000653785714022,87.26855456153416,23.616483281155677,72.01204789470204,1.0000444377894686,164.88333333333333,0.0,0.01975261085430577,124535.02830738823,0.0,187.85,0.0,15.383333333333333,15.383333333333333,15.383333333333333,15.383333333333333,353.81666666666666,353.81666666666666,24.0,0.0,24.0,0.2833333333333333,33.55,929700.3833333333,,1584.0,1583.95,1592.9666666666667,1261.0,13250.55,45023.61666666667,71.0,1614340.2166666666,1583.95,69678.91344850262,3003.116666666667,,,,,24.455502507716048,1.3751197047837438,7.0,0.0,0.0,,,,,,
starlink,isl_p0.05,2,topological_scheme_req_1p,552.0,1.0,0.7051328502415459,1.0,0.0,1.3286491754065948,1.4420330663098102,1.3282643100274607,1.4420330663098102,1.000283072917521,71.92396996362974,8.34284826656814,62.172150777496164,1.0,164.88333333333333,0.0,0.024332306111967128,122095.90350364645,0.0,231.76666666666668,0.0,19.4,30.7,30.7,15.866666666666667,367.78333333333336,367.78333333333336,48.0,0.0,24.0,0.5666666666666667,33.55,929700.3833333333,,1584.0,1583.95,999.6166666666667,1261.0,26165.4,45023.61666666667,71.0,1614340.2166666666,1583.95,68736.2802900374,3003.116666666667,,,,,24.455502507716048,1.3751197047837438,7.0,0.0,0.0,,,,,,
starlink,isl_p0.05,3,topological_scheme_asc_1p,552.0,1.0,0.9576086956521739,1.0,0.0,1.4695375667241743,1.7057523860969976,1.4694481832946567,1.7056090723836328,1.0000517999590066,87.05875283421946,23.480361049285253,71.07757088243841,1.0000688159974584,154.33333333333334,0.0,0.01975261085430577,147030.9349897007,0.0,169.53333333333333,0.0,15.383333333333333,15.383333333333333,15.383333333333333,15.383333333333333,353.81666666666666,353.81666666666666,24.0,0.0,24.0,0.2833333333333333,33.483333333333334,808713.9166666666,,1584.0,1583.85,1561.4833333333333,1206.0,12185.433333333332,41072.45,58.0,1507312.7,1583.85,77887.48436694343,3013.6666666666665,,,,,21.272988127805835,1.427884561979942,6.0,0.0,0.0,,,,,,
starlink,isl_p0.05,3,topological_scheme_req_1p,552.0,1.0,0.704981884057971,1.0,0.0,1.3299371184763484,1.4448032372623834,1.3296256572043241,1.4448032372623834,1.0002238985683682,71.93774625876112,8.34640089418542,61.80509948924073,1.0,154.33333333333334,0.0,0.024332306111967128,125755.70814063151,0.0,213.61666666666667,0.0,19.4,30.7,30.7,15.866666666666667,367.78333333333336,367.78333333333336,48.0,0.0,24.0,0.5666666666666667,33.483333333333334,808713.9166666666,,1584.0,1583.85,908.7333333333333,1206.0,23594.283333333333,41072.45,58.0,1507312.7,1583.85,66619.62863554557,3013.6666666666665,,,,,21.272988127805835,1.427884561979942,6.0,0.0,0.0,,,,,,
starlink,isl_p0.05,4,topological_scheme_asc_1p,552.0,1.0,0.9570652173913043,1.0,0.0,1.4726951360482468,1.7075970218159728,1.4725994377598088,1.7075195193958714,1.000056522391193,87.2796222017641,23.640037670748313,71.95818734285461,1.0000368213223267,155.55,0.0,0.01975261085430577,133956.71187738577,0.0,179.36666666666667,0.0,15.383333333333333,15.383333333333333,15.383333333333333,15.383333333333333,353.81666666666666,353.81666666666666,24.0,0.0,24.0,0.2833333333333333,33.2,827754.2333333333,,1583.9333333333334,1583.3,1527.2666666666667,1240.0,12600.483333333334,41791.416666666664,67.0,1519810.9,1583.3666666666666,71484.21324243148,3012.45,,,,,21.773838208473624,1.4648164086707378,6.0,0.0,0.0,,,,,,
starlink,isl_p0.05,4,topological_scheme_req_1p,552.0,1.0,0.7055857487922705,1.0,0.0,1.3301742734341244,1.4443198365980443,1.329858095198473,1.4443198365980443,1.0002243125469692,71.96430850488389,8.364138284036274,62.30936033127945,1.0,155.55,0.0,0.024332306111967128,112437.16770882408,0.0,218.26666666666668,0.0,19.4,30.7,30.7,15.866666666666667,367.78333333333336,367.78333333333336,48.0,0.0,24.0,0.5666666666666667,33.2,827754.2333333333,,1583.9333333333334,1583.3,930.0,1240.0,25485.933333333334,41791.416666666664,67.0,1519810.9,1583.3666666666666,59642.12728341421,3012.45,,,,,21.773838208473624,1.4648164086707378,6.0,0.0,0.0,,,,,,
starlink,isl_p0.05,5,topological_scheme_asc_1p,552.0,1.0,0.9571256038647343,1.0,0.0,1.4711002568348035,1.7063512789278215,1.4709960038905496,1.706281503560096,1.000060310351157,87.22080057953816,23.583220885826552,72.58227015114441,1.0000318490380888,162.31666666666666,0.0,0.01975261085430577,120141.46593734622,0.0,201.95,0.0,15.383333333333333,15.383333333333333,15.383333333333333,15.383333333333333,353.81666666666666,353.81666666666666,24.0,0.0,24.0,0.2833333333333333,33.666666666666664,879441.6666666666,,1584.0,1583.8833333333334,1552.5666666666666,1309.0,12457.466666666667,43733.416666666664,62.0,1575738.3166666667,1583.8833333333334,66593.18380877376,3005.6833333333334,,,,,23.133461349607185,1.3972008755555134,7.0,0.0,0.0,,,,,,
starlink,isl_p0.05,5,topological_scheme_req_1p,552.0,1.0,0.7046799516908212,1.0,0.0,1.3281677131570944,1.4434675407683664,1.3278740675792517,1.4434675407683664,1.0002219732671538,71.88848560293118,8.312002280504833,62.07726470110794,1.0,162.31666666666666,0.0,0.024332306111967128,130352.44164392352,0.0,241.51666666666668,0.0,19.4,30.7,30.7,15.866666666666667,367.78333333333336,367.78333333333336,48.0,0.0,24.0,0.5666666666666667,33.666666666666664,879441.6666666666,,1584.0,1583.8833333333334,905.0833333333334,1309.0,24624.266666666666,43733.416666666664,62.0,1575738.3166666667,1583.8833333333334,71878.52586656809,3005.6833333333334,,,,,23.133461349607185,1.3972008755555134,7.0,0.0,0.0,,,,,,
starlink,isl_p0.10,1,topological_scheme_asc_1p,552.0,1.0,0.9592391304347826,1.0,0.0,1.4995808812722942,1.7160308174713947,1.4994865693657564,1.7157969347920734,1.0000664000450519,89.72085659762703,25.217208879399593,77.5308503989332,1.0000963614324754,317.3,0.0,0.01975261085430577,145225.36620845398,0.0,504.4166666666667,0.0,15.383333333333333,15.383333333333333,15.383333333333333,15.383333333333333,353.81666666666666,353.81666666666666,24.0,0.0,24.0,0.2833333333333333,67.73333333333333,1499034.7666666666,,1583.9166666666667,1583.9166666666667,2472.75,1548.0,21508.05,61670.583333333336,86.0,2097106.5333333334,1584.0,99271.4799741904,2850.7,,,,,39.4316805204826,0.8373738852354392,4.0,0.0,0.0,,,,,,
starlink,isl_p0.10,1,topological_scheme_req_1p,552.0,1.0,0.7070350241545894,1.0,0.0,1.3429943550849486,1.4471886581105429,1.34250376604208,1.4471230812145008,1.0003619728331796,73.24457283304348,8.651477728105158,64.74352575994489,1.0000705833518333,317.3,0.0,0.024332306111967128,129490.82574695349,0.0,618.8166666666667,0.0,19.4,30.7,30.7,15.866666666666667,367.78333333333336,367.78333333333336,48.0,0.0,24.0,0.5666666666666667,67.73333333333333,1499034.7666666666,,1583.9166666666667,1583.9166666666667,1689.7833333333333,1548.0,44253.933333333334,61670.583333333336,86.0,2097106.5333333334,1584.0,89797.27337136865,2850.7,,,,,39.4316805204826,0.8373738852354392,4.0,0.0,0.0,,,,,,
starlink,isl_p0.10,2,topological_scheme_asc_1p,552.0,1.0,0.9582427536231884,1.0,0.0,1.511179272738713,1.7241858507037262,1.511095408924215,1.7239288661528016,1.000057087392688,90.55867569988527,25.6875714066885,79.17290281694015,1.0001162494967304,328.73333333333335,0.0,0.01975261085430577,165028.31521754464,0.0,616.25,0.0,15.383333333333333,15.383333333333333,15.383333333333333,15.383333333333333,353.81666666666666,353.81666666666666,24.0,0.0,24.0,0.2833333333333333,68.05,1556922.6166666667,,1583.8333333333333,1583.8333333333333,2630.15,1497.0,23168.55,62355.48333333333,85.0,2123898.2666666666,1584.0,115331.77610834439,2839.266666666667,,,,,40.9544038475028,0.8219351235793061,5.0,0.0,0.0,,,,,,
starlink,isl_p0.10,2,topological_scheme_req_1p,552.0,1.0,0.7072765700483091,1.0,0.0,1.3493941284855548,1.4495153511613619,1.3488635719519388,1.449458359062135,1.0003964764835966,73.82148769093584,8.869447817313336,65.62753876419737,1.0000444197243212,328.73333333333335,0.0,0.024332306111967128,133825.10339468718,0.0,682.4666666666667,0.0,19.4,30.7,30.7,15.866666666666667,367.78333333333336,367.78333333333336,48.0,0.0,24.0,0.5666666666666667,68.05,1556922.6166666667,,1583.8333333333333,1583.8333333333333,1838.8166666666666,1497.0,46243.166666666664,62355.48333333333,85.0,2123898.2666666666,1584.0,93465.09716560443,2839.266666666667,,,,,40.9544038475028,0.8219351235793061,5.0,0.0,0.0,,,,,,
starlink,isl_p0.10,3,topological_scheme_asc_1p,552.0,1.0,0.958786231884058,1.0,0.0,1.501878870810918,1.7190114793218365,1.501790474183483,1.7188323080445846,1.0000554185001767,90.16845142104034,25.440485881228224,77.88893632159585,1.0000772742237716,303.0833333333333,0.0,0.01975261085430577,128652.54965225856,0.0,499.21666666666664,0.0,15.383333333333333,15.383333333333333,15.383333333333333,15.383333333333333,353.81666666666666,353.81666666666666,24.0,0.0,24.0,0.2833333333333333,67.03333333333333,1460670.2666666666,,1583.9666666666667,1583.9666666666667,2521.7,1529.0,21491.55,59323.98333333333,89.0,2067494.65,1584.0,88663.2840782404,2864.9166666666665,,,,,38.42251332772166,0.8818949054164814,5.0,0.0,0.0,,,,,,
starlink,isl_p0.10,3,topological_scheme_req_1p,552.0,1.0,0.7067632850241546,1.0,0.0,1.346756785614897,1.4506771990406595,1.3462856030212256,1.4506166687899118,1.0003543948602387,73.41416423247867,8.741119982363218,65.58461960890692,1.000031406028121,303.0833333333333,0.0,0.024332306111967128,146336.4636398852,0.0,564.6,0.0,19.4,30.7,30.7,15.866666666666667,367.78333333333336,367.78333333333336,48.0,0.0,24.0,0.5666666666666667,67.03333333333333,1460670.2666666666,,1583.9666666666667,1583.9666666666667,1648.9,1529.0,42779.75,59323.98333333333,89.0,2067494.65,1584.0,99420.68793376286,2864.9166666666665,,,,,38.42251332772166,0.8818949054164814,5.0,0.0,0.0,,,,,,
starlink,isl_p0.10,4,topological_scheme_asc_1p,552.0,1.0,0.9596014492753623,1.0,0.0,1.4942584591499208,1.7155639000509488,1.4941365715275767,1.7153798716349662,1.0000845518171162,89.72209516294973,25.078373204730074,76.79455890898437,1.0000814035780659,316.1166666666667,0.0,0.01975261085430577,138682.13325689235,0.0,563.75,0.0,15.383333333333333,15.383333333333333,15.383333333333333,15.383333333333333,353.81666666666666,353.81666666666666,24.0,0.0,24.0,0.2833333333333333,67.98333333333333,1495647.9333333333,,1583.8,1583.8,2430.133333333333,1574.0,21480.95,60465.5,86.0,2091084.3333333333,1584.0,96232.18337669969,2851.883333333333,,,,,39.34259083894501,0.8539982716075026,6.0,0.0,0.0,,,,,,
starlink,isl_p0.10,4,topological_scheme_req_1p,552.0,1.0,0.7077898550724637,1.0,0.0,1.3384629803684687,1.443274445397279,1.3379377325766522,1.4432489948603198,1.0003947615758138,73.25533757073232,8.551981035626918,64.38378466801652,1.000026987868595,316.1166666666667,0.0,0.024332306111967128,159528.84935885668,0.0,621.5666666666667,0.0,19.4,30.7,30.7,15.866666666666667,367.78333333333336,367.78333333333336,48.0,0.0,24.0,0.5666666666666667,67.98333333333333,1495647.9333333333,,1583.8,1583.8,1632.2833333333333,1574.0,43070.333333333336,60465.5,86.0,2091084.3333333333,1584.0,108993.75718136628,2851.883333333333,,,,,39.34259083894501,0.8539982716075026,6.0,0.0,0.0,,,,,,
starlink,isl_p0.10,5,topological_scheme_asc_1p,552.0,1.0,0.9590881642512077,1.0,0.0,1.4974200259902524,1.7153269322934455,1.4973359409866909,1.7150322139423015,1.000057652485533,89.44784291383696,25.00851986751351,76.4003505460072,1.0001271146365178,308.26666666666665,0.0,0.01975261085430577,140147.88878783584,0.0,483.51666666666665,0.0,15.383333333333333,15.383333333333333,15.383333333333333,15.383333333333333,353.81666666666666,353.81666666666666,24.0,0.0,24.0,0.2833333333333333,66.73333333333333,1438678.6333333333,,1583.95,1583.95,2320.2166666666667,1481.0,20428.166666666668,58610.98333333333,80.0,2058620.15,1584.0,95272.56819754839,2859.733333333333,,,,,37.844029706790124,0.8747026293270638,5.0,0.0,0.0,,,,,,
starlink,isl_p0.10,5,topological_scheme_req_1p,552.0,1.0,0.7082427536231884,1.0,0.0,1.3403506175962117,1.444697143869334,1.3398985086033577,1.4446677469377631,1.000331193290971,73.04129390446171,8.592924248763463,64.2483547066437,1.000020952276387,308.26666666666665,0.0,0.024332306111967128,123508.78621911009,0.0,573.1,0.0,19.4,30.7,30.7,15.866666666666667,367.78333333333336,367.78333333333336,48.0,0.0,24.0,0.5666666666666667,66.73333333333333,1438678.6333333333,,1583.95,1583.95,1524.85,1481.0,41118.4,58610.98333333333,80.0,2058620.15,1584.0,83474.97568950057,2859.733333333333,,,,,37.844029706790124,0.8747026293270638,5.0,0.0,0.0,,,,,,
starlink,isl_p0.20,1,topological_scheme_asc_1p,552.0,1.0,0.9605374396135266,1.0,0.0,1.580889641530058,1.7573037773916347,1.5808078669695025,1.7568785765400001,1.0000573765227925,98.67926209672852,30.731475086789743,93.4386968341947,1.0001821014215275,661.4333333333333,0.0,0.01975261085430577,144801.03303243718,0.0,1816.5666666666666,0.0,15.383333333333333,15.383333333333333,15.383333333333333,15.383333333333333,353.81666666666666,353.81666666666666,24.0,0.0,24.0,0.2833333333333333,137.71666666666667,2143770.65,,1580.7166666666667,1580.7166666666667,3524.5666666666666,1578.0,31432.683333333334,82834.15,122.0,2438870.783333333,1584.0,114605.07286464174,2506.5666666666666,,,,,56.391273411195286,0.41093216602562715,3.0,0.0,0.0,,,,,,
starlink,isl_p0.20,1,topological_scheme_req_1p,552.0,0.9993055555555556,0.7132670634800737,1.0,0.0,1.392396493411356,1.4685753822413345,1.3921044174451054,1.4682552225740029,1.0002346498670769,78.42808741513464,10.21673382127241,74.16392083530529,1.000286675161191,661.4333333333333,0.0,0.024332306111967128,141725.3225788474,0.0,1987.6833333333334,0.0,19.4,30.7,30.7,15.866666666666667,367.78333333333336,367.78333333333336,48.0,0.0,24.0,0.5666666666666667,137.71666666666667,2143770.65,,1580.7166666666667,1580.7166666666667,2790.266666666667,1578.0,63611.45,82834.15,122.0,2438870.783333333,1584.0,111457.80918374658,2506.5666666666666,,,,,56.391273411195286,0.41093216602562715,3.0,0.0,0.0,0.0,1.0,0.0,0.0,0.0,
starlink,isl_p0.20,2,topological_scheme_asc_1p,551.2666666666667,0.9985487967106059,0.962001937749788,1.0,0.0,1.596881682905465,1.7690648588922375,1.5968279803405825,1.7686102847832745,1.0000407447551927,99.9121191673681,31.432635572192975,95.5672557809499,1.000189559346212,626.7,0.0,0.01975261085430577,152172.03409348926,0.0,1754.5833333333333,0.0,15.383333333333333,15.383333333333333,15.383333333333333,15.383333333333333,353.81666666666666,353.81666666666666,24.0,0.0,24.0,0.2833333333333333,132.9,2114747.1333333333,,1580.9333333333334,1580.9333333333334,3695.6833333333334,1578.0,31691.0,81484.7,113.0,2425227.9833333334,1584.0,120506.34407972296,2541.3,,,,,55.627818111672276,0.4441995381827684,3.0,0.0,0.0,0.0,1.0,0.0,0.0,0.0,
starlink,isl_p0.20,2,topological_scheme_req_1p,549.7833333333333,0.9951192894170431,0.7125449338938646,1.0,0.0,1.3982620745519914,1.4702529129613864,1.3979641785068853,1.469990662856614,1.0002438108162692,78.53272013303192,10.136093167952572,74.74074826302743,1.000158092870281,626.7,0.0,0.024332306111967128,132442.51638278365,0.0,1867.8166666666666,0.0,19.4,30.7,30.7,15.866666666666667,367.78333333333336,367.78333333333336,48.0,0.0,24.0,0.5666666666666667,132.9,2114747.1333333333,,1580.9333333333334,1580.9333333333334,2811.883333333333,1578.0,62989.88333333333,81484.7,113.0,2425227.9833333334,1584.0,104761.90739596884,2541.3,,,,,55.627818111672276,0.4441995381827684,3.0,0.0,0.0,0.0,1.0,0.0,0.0,0.0,
starlink,isl_p0.20,3,topological_scheme_asc_1p,550.8833333333333,0.9979124436511058,0.9610417171962163,1.0,0.0,1.5987287947585411,1.7658605880717546,1.5986438685238218,1.7651683033376158,1.0000593630032504,99.71024088125937,31.204528577093473,94.52697485353923,1.0002865011715836,654.95,0.0,0.01975261085430577,144577.47063462934,0.0,1813.8,0.0,15.383333333333333,15.383333333333333,15.383333333333333,15.383333333333333,353.81666666666666,353.81666666666666,24.0,0.0,24.0,0.2833333333333333,136.81666666666666,2138792.9833333334,,1580.5666666666666,1580.5666666666666,3658.4333333333334,1579.0,31955.733333333334,81055.25,107.0,2436429.2,1584.0,113866.94305837154,2513.05,,,,,56.26033731411336,0.4189339066390398,3.0,0.0,0.0,0.0,1.0,0.0,0.0,0.0,
starlink,isl_p0.20,3,topological_scheme_req_1p,550.1,0.9980306610919227,0.7148841868795726,1.0,0.0,1.3978301766655934,1.4700918713882518,1.3975811251815013,1.469546242663365,1.0002044837602937,78.62342857518269,10.153184869030515,74.91735660270815,1.000338713793042,654.95,0.0,0.024332306111967128,144262.9496956865,0.0,1955.3166666666666,0.0,19.4,30.7,30.7,15.866666666666667,367.78333333333336,367.78333333333336,48.0,0.0,24.0,0.5666666666666667,136.81666666666666,2138792.9833333334,,1580.5666666666666,1580.5666666666666,2873.65,1579.0,63966.46666666667,81055.25,107.0,2436429.2,1584.0,114009.87473080556,2513.05,,,,,56.26033731411336,0.4189339066390398,3.0,0.0,0.0,0.0,1.0,0.0,0.0,0.0,
starlink,isl_p0.20,4,topological_scheme_asc_1p,550.5,0.997154102331214,0.9585559873694438,1.0,0.0,1.5939728299611817,1.7656472078071588,1.5938860622495632,1.7651557851857238,1.0000562092203833,100.04259163896772,31.3059193147425,95.39306156084956,1.0001987233548564,652.8666666666667,0.0,0.01975261085430577,143448.56389313936,0.0,1834.2666666666667,0.0,15.383333333333333,15.383333333333333,15.383333333333333,15.383333333333333,353.81666666666666,353.81666666666666,24.0,0.0,24.0,0.2833333333333333,135.53333333333333,2131263.1166666667,,1579.8,1579.7666666666667,3714.4666666666667,1580.0,31984.616666666665,82801.26666666666,118.0,2432381.816666667,1584.0,113793.54574754834,2515.133333333333,,,,,56.06226632645903,0.42250124333545647,3.0,0.0,0.0,0.0,1.0,0.0,0.0,0.0,
starlink,isl_p0.20,4,topological_scheme_req_1p,550.8666666666667,0.999304126830449,0.7129189500136244,1.0,0.0,1.407751539721333,1.4811687699708265,1.4075004685517851,1.4802299228816829,1.0002035350542735,79.43868337442554,10.466416511980372,77.20897452403686,1.0005176882514957,652.8666666666667,0.0,0.024332306111967128,138675.87052012482,0.0,1973.4166666666667,0.0,19.4,30.7,30.7,15.866666666666667,367.78333333333336,367.78333333333336,48.0,0.0,24.0,0.5666666666666667,135.53333333333333,2131263.1166666667,,1579.8,1579.7666666666667,2869.6833333333334,1580.0,63800.95,82801.26666666666,118.0,2432381.816666667,1584.0,110605.70747256279,2515.133333333333,,,,,56.06226632645903,0.42250124333545647,3.0,0.0,0.0,0.0,1.0,0.0,0.0,0.0,
starlink,isl_p0.20,5,topological_scheme_asc_1p,551.2333333333333,0.9986091794158554,0.9575814460457793,1.0,0.0,1.5836736387938535,1.759963683794313,1.583606668433182,1.7594458723072472,1.0000478804965718,98.79419914579371,30.671653959605568,92.94977580015598,1.0002133029313085,629.35,0.0,0.01975261085430577,151385.589676102,0.0,1709.6666666666667,0.0,15.383333333333333,15.383333333333333,15.383333333333333,15.383333333333333,353.81666666666666,353.81666666666666,24.0,0.0,24.0,0.2833333333333333,135.91666666666666,2107065.5,,1581.4166666666667,1581.4166666666667,3565.016666666667,1581.0,31356.166666666668,80701.26666666666,116.0,2425948.8833333333,1584.0,119131.32461135586,2538.65,,,,,55.425754945286194,0.4291437309376476,3.0,0.0,0.0,0.0,1.0,0.0,0.0,0.0,
starlink,isl_p0.20,5,topological_scheme_req_1p,550.8833333333333,0.9986082957674038,0.7137576877632017,1.0,0.0,1.3926057369375995,1.4672996309576876,1.3923512119463357,1.4668875361588634,1.000209547870942,78.36128558509218,10.017052271412567,74.28850885609376,1.0002925559581166,629.35,0.0,0.024332306111967128,140467.67620022097,0.0,1803.1833333333334,0.0,19.4,30.7,30.7,15.866666666666667,367.78333333333336,367.78333333333336,48.0,0.0,24.0,0.5666666666666667,135.91666666666666,2107065.5,,1581.4166666666667,1581.4166666666667,2834.5666666666666,1581.0,63263.21666666667,80701.26666666666,116.0,2425948.8833333333,1584.0,110619.63264072935,2538.65,,,,,55.425754945286194,0.4291437309376476,3.0,0.0,0.0,0.0,1.0,0.0,0.0,0.0,
starlink,none,1,topological_scheme_asc_1p,552.0,1.0,0.9554347826086956,1.0,0.0,1.4460242773111718,1.69770683420374,1.44602225113162,1.69770683420374,1.00000148269943,84.80647064514474,22.08668736492951,66.89812759390074,1.0,0.0,0.0,0.01975261085430577,15963.974207639694,0.0,0.0,0.0,15.383333333333333,15.383333333333333,15.383333333333333,15.383333333333333,353.81666666666666,353.81666666666666,24.0,0.0,24.0,0.2833333333333333,0.0,0.0,,0.0,0.0,0.0,0.0,0.0,0.0,0.0,457302.31666666665,0.0,12948.32692121466,3168.0,,,,,0.0,,0.0,0.0,0.0,,,,,,
starlink,none,1,topological_scheme_req_1p,552.0,1.0,0.7057065217391304,1.0,0.0,1.3199394137532265,1.443936726256014,1.319932999685368,1.443936726256014,1.000005102939644,70.91080468850498,8.183813322172202,60.22179786472848,1.0,0.0,0.0,0.024332306111967128,26092.90096188585,0.0,0.0,0.0,19.4,30.7,30.7,15.866666666666667,367.78333333333336,367.78333333333336,48.0,0.0,24.0,0.5666666666666667,0.0,0.0,,0.0,0.0,0.0,0.0,0.0,0.0,0.0,457302.31666666665,0.0,20794.665762533743,3168.0,,,,,0.0,,0.0,0.0,0.0,,,,,,
starlink,polar_lat60,1,topological_scheme_asc_1p,552.0,1.0,0.9554347826086956,1.0,0.0,1.4460242773111718,1.69770683420374,1.44602225113162,1.69770683420374,1.00000148269943,84.80647064514474,22.08668736492951,66.89812759390074,1.0,0.0,0.0,0.01975261085430577,30862.587918837864,0.0,0.0,0.0,15.383333333333333,15.383333333333333,15.383333333333333,15.383333333333333,353.81666666666666,353.81666666666666,24.0,0.0,24.0,0.2833333333333333,0.0,0.0,,0.0,0.0,0.0,0.0,0.0,0.0,0.0,457302.31666666665,0.0,25193.709286053974,3168.0,,,,,0.0,,0.0,0.0,0.0,,,,,,
starlink,polar_lat60,1,topological_scheme_req_1p,552.0,1.0,0.7057065217391304,1.0,0.0,1.3199394137532265,1.443936726256014,1.319932999685368,1.443936726256014,1.000005102939644,70.91080468850498,8.183813322172202,60.22179786472848,1.0,0.0,0.0,0.024332306111967128,21356.52634774645,0.0,0.0,0.0,19.4,30.7,30.7,15.866666666666667,367.78333333333336,367.78333333333336,48.0,0.0,24.0,0.5666666666666667,0.0,0.0,,0.0,0.0,0.0,0.0,0.0,0.0,0.0,457302.31666666665,0.0,16917.26714546482,3168.0,,,,,0.0,,0.0,0.0,0.0,,,,,,
starlink,polar_lat75,1,topological_scheme_asc_1p,552.0,1.0,0.9554347826086956,1.0,0.0,1.4460242773111718,1.69770683420374,1.44602225113162,1.69770683420374,1.00000148269943,84.80647064514474,22.08668736492951,66.89812759390074,1.0,0.0,0.0,0.01975261085430577,24442.891286810238,0.0,0.0,0.0,15.383333333333333,15.383333333333333,15.383333333333333,15.383333333333333,353.81666666666666,353.81666666666666,24.0,0.0,24.0,0.2833333333333333,0.0,0.0,,0.0,0.0,0.0,0.0,0.0,0.0,0.0,457302.31666666665,0.0,19845.75306251645,3168.0,,,,,0.0,,0.0,0.0,0.0,,,,,,
starlink,polar_lat75,1,topological_scheme_req_1p,552.0,1.0,0.7057065217391304,1.0,0.0,1.3199394137532265,1.443936726256014,1.319932999685368,1.443936726256014,1.000005102939644,70.91080468850498,8.183813322172202,60.22179786472848,1.0,0.0,0.0,0.024332306111967128,32404.0584842364,0.0,0.0,0.0,19.4,30.7,30.7,15.866666666666667,367.78333333333336,367.78333333333336,48.0,0.0,24.0,0.5666666666666667,0.0,0.0,,0.0,0.0,0.0,0.0,0.0,0.0,0.0,457302.31666666665,0.0,25808.031010379393,3168.0,,,,,0.0,,0.0,0.0,0.0,,,,,,
starlink,sat_p0.005,1,topological_scheme_asc_1p,552.0,1.0,0.9556159420289855,1.0,0.0,1.44771529406512,1.6981535208548524,1.4476782086271882,1.698151843452813,1.0000192178173195,84.99411394707035,22.177928614128106,67.13742543993108,1.0000013724198507,26.866666666666667,6.716666666666667,0.01970980996404725,105625.5365036428,0.0,8.366666666666667,0.0,15.35,15.35,15.35,15.35,353.05,353.05,24.0,0.0,24.0,0.2833333333333333,0.35,81494.86666666667,,1577.2833333333333,541.7166666666667,141.4,158.0,1016.8666666666667,7971.133333333333,15.0,598939.2333333333,1584.0,29675.517054647207,3141.133333333333,,,,,2.1436991442199775,7.508796668583624,25.0,0.0,0.0,,,,,,
starlink,sat_p0.005,1,topological_scheme_req_1p,552.0,1.0,0.7048913043478261,1.0,0.0,1.3205709246264188,1.4439269516972362,1.3205227592224806,1.4439269516972362,1.0000352662846974,71.01824465720406,8.183989526991397,60.362484853634314,1.0,26.866666666666667,6.716666666666667,0.02431090566683787,88306.2075406313,0.0,12.1,0.0,19.433333333333334,30.616666666666667,30.616666666666667,15.833333333333334,367.01666666666665,367.01666666666665,48.0,0.0,24.0,0.6,0.35,81494.86666666667,,1577.2833333333333,541.7166666666667,82.41666666666667,158.0,2269.6666666666665,7971.133333333333,15.0,598939.2333333333,1584.0,23611.461681872606,3141.133333333333,,,,,2.1436991442199775,7.508796668583624,25.0,0.0,0.0,,,,,,
starlink,sat_p0.005,2,topological_scheme_asc_1p,552.0,1.0,0.9552234299516909,1.0,0.0,1.4461173399213378,1.6969101532476565,1.4461018385300857,1.6969101532476565,1.0000079039303595,84.86393465022435,22.10883701837623,66.90721685025841,1.0,33.0,8.25,0.01975261085430577,102353.41968735059,0.0,4.816666666666666,0.0,15.383333333333333,15.383333333333333,15.383333333333333,15.383333333333333,353.81666666666666,353.81666666666666,24.0,0.0,24.0,0.2833333333333333,0.38333333333333336,94951.61666666667,,1575.75,552.0833333333334,51.75,198.0,464.6666666666667,8915.416666666666,14.0,620363.6666666666,1584.0,29402.85873984297,3135.0,,,,,2.49767510171156,6.653311326803809,23.0,0.0,0.0,,,,,,
starlink,sat_p0.005,2,topological_scheme_req_1p,552.0,1.0,0.706219806763285,1.0,0.0,1.3213287449985536,1.444206338819892,1.3212982204732062,1.444206338819892,1.0000237240347718,71.01935772329772,8.246824377860223,60.4045264500036,1.0,33.0,8.25,0.024246704331450094,142597.4594540894,0.0,14.95,0.0,19.35,30.55,30.55,15.783333333333333,366.3,366.3,48.0,0.0,24.0,0.5666666666666667,0.38333333333333336,94951.61666666667,,1575.75,552.0833333333334,108.58333333333333,198.0,2815.8,8915.416666666666,14.0,620363.6666666666,1584.0,39616.46122733752,3135.0,,,,,2.49767510171156,6.653311326803809,23.0,0.0,0.0,,,,,,
starlink,sat_p0.005,3,topological_scheme_asc_1p,552.0,1.0,0.9552536231884058,1.0,0.0,1.4478071487673725,1.6976664334812541,1.4477510006147198,1.6976664334812541,1.0000275353400623,84.99691277707541,22.190806772537908,67.15855562091856,1.0,26.066666666666666,6.516666666666667,0.019688409518917992,127325.17603759964,0.0,8.666666666666666,0.0,15.333333333333334,15.333333333333334,15.333333333333334,15.333333333333334,352.6666666666667,352.6666666666667,24.0,0.0,24.0,0.2833333333333333,0.25,78617.0,,1577.45,526.5,147.91666666666666,148.0,1130.5333333333333,8171.166666666667,13.0,590431.9833333333,1584.0,33903.10603355368,3141.9333333333334,,,,,2.067997685185185,7.38090022938211,25.0,0.0,0.0,,,,,,
starlink,sat_p0.005,3,topological_scheme_req_1p,552.0,1.0,0.7047705314009662,1.0,0.0,1.3206806050805389,1.4439316716129793,1.3206389007245085,1.4439316716129793,1.0000299814726146,70.97236362364079,8.182433427193375,60.370101793792685,1.0,26.066666666666666,6.516666666666667,0.02428950522170861,82873.67924377322,0.0,12.766666666666667,0.0,19.366666666666667,30.6,30.6,15.866666666666667,367.81666666666666,367.81666666666666,48.0,0.0,24.0,0.5666666666666667,0.25,78617.0,,1577.45,526.5,84.98333333333333,148.0,2523.0333333333333,8171.166666666667,13.0,590431.9833333333,1584.0,22135.26705528299,3141.9333333333334,,,,,2.067997685185185,7.38090022938211,25.0,0.0,0.0,,,,,,
starlink,sat_p0.005,4,topological_scheme_asc_1p,552.0,1.0,0.9545591787439613,1.0,0.0,1.4482276709118411,1.6970304618685086,1.4481880316734568,1.6970304618685086,1.0000220854845285,85.06254475550637,22.2212793470048,67.41476669619212,1.0,41.833333333333336,10.483333333333333,0.019688409518917992,108141.20197395484,0.0,12.4,0.0,15.333333333333334,15.333333333333334,15.333333333333334,15.333333333333334,352.6666666666667,352.6666666666667,24.0,0.0,24.0,0.2833333333333333,0.55,114196.83333333333,,1573.5166666666667,688.15,178.43333333333334,238.0,1570.5166666666667,10232.166666666666,21.0,652092.0166666667,1584.0,30636.84777840972,3126.1666666666665,,,,,3.003915018237935,6.941046964232808,31.0,0.0,0.0,,,,,,
starlink,sat_p0.005,4,topological_scheme_req_1p,552.0,1.0,0.7059178743961353,1.0,0.0,1.3216017576506731,1.4439191449475517,1.3215262101946097,1.4439191449475517,1.0000576291323684,71.08936106383675,8.199972319582708,60.61589855864829,1.0,41.833333333333336,10.483333333333333,0.024268104776579355,106061.38713185985,0.0,21.05,0.0,19.35,30.516666666666666,30.516666666666666,15.783333333333333,366.05,366.05,48.0,0.0,24.0,0.5666666666666667,0.55,114196.83333333333,,1573.5166666666667,688.15,131.43333333333334,238.0,3991.483333333333,10232.166666666666,21.0,652092.0166666667,1584.0,30725.97242668271,3126.1666666666665,,,,,3.003915018237935,6.941046964232808,31.0,0.0,0.0,,,,,,
starlink,sat_p0.005,5,topological_scheme_asc_1p,552.0,1.0,0.9553140096618358,1.0,0.0,1.4474175932666318,1.6982168234715194,1.4473828844639842,1.6982168234715194,1.000017719610244,84.98269223667425,22.188180481557943,67.07667897073594,1.0,24.033333333333335,6.05,0.01970980996404725,100674.87551098068,0.0,7.366666666666666,0.0,15.35,15.35,15.35,15.35,353.05,353.05,24.0,0.0,24.0,0.3,0.4,72028.65,,1577.95,435.01666666666665,132.05,135.0,869.1666666666666,6803.95,12.0,580389.15,1584.0,28917.845320453245,3143.9666666666667,,,,,1.894693023989899,8.165659775658714,24.0,0.0,0.0,,,,,,
starlink,sat_p0.005,5,topological_scheme_req_1p,552.0,1.0,0.7047101449275363,1.0,0.0,1.3204708877296087,1.4441866238938452,1.320430768099079,1.4441866238938452,1.000028071780824,70.99451657008336,8.182379962262445,60.574041192537486,1.0,24.033333333333335,6.05,0.024332306111967128,111325.19941727321,0.0,11.266666666666667,0.0,19.433333333333334,30.616666666666667,30.616666666666667,15.85,367.4,367.4,48.0,0.0,24.0,0.6166666666666667,0.4,72028.65,,1577.95,435.01666666666665,58.266666666666666,135.0,2072.0333333333333,6803.95,12.0,580389.15,1584.0,30907.436563571293,3143.9666666666667,,,,,1.894693023989899,8.165659775658714,24.0,0.0,0.0,,,,,,
starlink,sat_p0.01,1,topological_scheme_asc_1p,552.0,1.0,0.9553442028985507,1.0,0.0,1.4504648998864857,1.6988287920101846,1.4503968945416854,1.698803705200347,1.000037024139351,85.27588616427052,22.353881392433166,67.52247146523094,1.0000127129417749,53.833333333333336,13.516666666666667,0.01962420818353022,107503.46896598737,0.0,27.566666666666666,0.0,15.283333333333333,15.283333333333333,15.283333333333333,15.283333333333333,351.51666666666665,351.51666666666665,24.0,0.0,24.0,0.2833333333333333,0.7833333333333333,154832.91666666666,,1570.4833333333333,948.15,340.3666666666667,525.0,2558.9333333333334,12575.133333333333,25.0,722770.9333333333,1584.0,33404.6830624342,3114.1666666666665,,,,,4.0728355604657684,4.9640571691527695,17.0,0.0,0.0,,,,,,
starlink,sat_p0.01,1,topological_scheme_req_1p,552.0,1.0,0.7038949275362318,1.0,0.0,1.3208925062732606,1.4431373000411212,1.320806814685347,1.4431373000411212,1.0000599287932819,71.13414488041009,8.175791185269487,60.5319074477164,1.0,53.833333333333336,13.516666666666667,0.024203903441191575,100633.12102084358,0.0,33.916666666666664,0.0,19.5,30.516666666666666,30.516666666666666,15.85,367.4,367.4,48.0,0.0,24.0,0.5666666666666667,0.7833333333333333,154832.91666666666,,1570.4833333333333,948.15,135.1,525.0,4490.766666666666,12575.133333333333,25.0,722770.9333333333,1584.0,30926.97676916917,3114.1666666666665,,,,,4.0728355604657684,4.9640571691527695,17.0,0.0,0.0,,,,,,
starlink,sat_p0.01,2,topological_scheme_asc_1p,552.0,1.0,0.9545591787439613,1.0,0.0,1.4508423577956777,1.6982102358700595,1.4507454995890434,1.698196770599434,1.0000546629071014,85.52719126132361,22.385641933181542,68.22488042037043,1.0000060386473428,74.88333333333334,18.766666666666666,0.019517205957883924,120202.86734600861,0.0,37.516666666666666,0.0,15.2,15.2,15.2,15.2,349.6,349.6,24.0,0.0,24.0,0.2833333333333333,0.8333333333333334,200199.85,,1565.2333333333333,1171.4166666666667,514.7333333333333,529.0,4042.866666666667,16345.916666666666,29.0,803700.1333333333,1584.0,39317.805429548025,3093.116666666667,,,,,5.266199757996633,4.211613545164994,17.0,0.0,0.0,,,,,,
starlink,sat_p0.01,2,topological_scheme_req_1p,552.0,1.0,0.7052234299516909,1.0,0.0,1.3214320069002867,1.442236208711254,1.321346749372206,1.442236208711254,1.0000651609553444,71.15775082411355,8.1335794644088,60.765156347997134,1.0,74.88333333333334,18.766666666666666,0.024161102550933056,132818.7353208661,0.0,42.81666666666667,0.0,19.45,30.383333333333333,30.383333333333333,15.8,366.45,366.45,48.0,0.0,24.0,0.5833333333333334,0.8333333333333334,200199.85,,1565.2333333333333,1171.4166666666667,254.15,529.0,6717.866666666667,16345.916666666666,29.0,803700.1333333333,1584.0,42699.46162675818,3093.116666666667,,,,,5.266199757996633,4.211613545164994,17.0,0.0,0.0,,,,,,
starlink,sat_p0.01,3,topological_scheme_asc_1p,552.0,1.0,0.9543176328502415,1.0,0.0,1.451792761756942,1.6978883501152862,1.4517069306961743,1.6978850406463968,1.0000453978588184,85.4478255919635,22.439842287053665,67.98090247822863,1.0000027448397015,84.33333333333333,21.116666666666667,0.019495805512754667,125120.61635727684,0.0,31.966666666666665,0.0,15.183333333333334,15.183333333333334,15.183333333333334,15.183333333333334,349.21666666666664,349.21666666666664,24.0,0.0,24.0,0.31666666666666665,1.0,239934.8,,1562.8833333333334,1144.1833333333334,461.46666666666664,519.0,3420.483333333333,17394.566666666666,31.0,855220.2,1584.0,42956.19112998247,3083.6666666666665,,,,,6.3114162457912455,3.96103635932206,13.0,0.0,0.0,,,,,,
starlink,sat_p0.01,3,topological_scheme_req_1p,552.0,1.0,0.7028683574879228,1.0,0.0,1.3199948921913265,1.4405239444327773,1.3198721549279064,1.4405239444327773,1.0000888775017749,71.12876935940884,8.12636773700095,60.32231247172389,1.0,84.33333333333333,21.116666666666667,0.024225303886320836,95296.78061256807,0.0,42.11666666666667,0.0,19.25,30.283333333333335,30.283333333333335,15.7,363.95,363.95,48.0,0.0,24.0,0.6333333333333333,1.0,239934.8,,1562.8833333333334,1144.1833333333334,258.8833333333333,519.0,7246.666666666667,17394.566666666666,31.0,855220.2,1584.0,32777.87115251025,3083.6666666666665,,,,,6.3114162457912455,3.96103635932206,13.0,0.0,0.0,,,,,,
starlink,sat_p0.01,4,topological_scheme_asc_1p,552.0,1.0,0.9545289855072464,1.0,0.0,1.4497472674621616,1.6980234582540503,1.4496773027479972,1.6980166647757893,1.0000402916454176,85.19529240760103,22.301964056404294,67.30951873086127,1.0000031782354437,66.78333333333333,16.783333333333335,0.01956000684814244,120526.60691713293,0.0,20.6,0.0,15.233333333333333,15.233333333333333,15.233333333333333,15.233333333333333,350.3666666666667,350.3666666666667,24.0,0.0,24.0,0.26666666666666666,0.6666666666666666,173915.26666666666,,1567.2166666666667,900.7833333333333,335.98333333333335,298.0,2783.9166666666665,15355.016666666666,23.0,768383.9333333333,1584.0,37393.562515328325,3101.2166666666667,,,,,4.57479131593715,4.830567778408566,16.0,0.0,0.0,,,,,,
starlink,sat_p0.01,4,topological_scheme_req_1p,552.0,1.0,0.7046799516908212,1.0,0.0,1.3204301422691336,1.4427903300949452,1.3203615956206018,1.4427903300949452,1.0000485613772943,71.07741287146146,8.168818507075711,60.62946394899048,1.0,66.78333333333333,16.783333333333335,0.024225303886320836,113106.28337090214,0.0,29.45,0.0,19.4,30.483333333333334,30.483333333333334,15.85,367.4,367.4,48.0,0.0,24.0,0.55,0.6666666666666666,173915.26666666666,,1567.2166666666667,900.7833333333333,191.11666666666667,298.0,5054.866666666667,15355.016666666666,23.0,768383.9333333333,1584.0,35488.12494724989,3101.2166666666667,,,,,4.57479131593715,4.830567778408566,16.0,0.0,0.0,,,,,,
starlink,sat_p0.01,5,topological_scheme_asc_1p,552.0,1.0,0.954921497584541,1.0,0.0,1.4481603680429829,1.69757309466811,1.4481141312834227,1.69757309466811,1.000024667028732,85.02473924272756,22.21860911730616,67.22592468210523,1.0,43.4,10.916666666666666,0.019688409518917992,112142.56048525374,0.0,12.683333333333334,0.0,15.333333333333334,15.333333333333334,15.333333333333334,15.333333333333334,352.6666666666667,352.6666666666667,24.0,0.0,24.0,0.2833333333333333,0.65,118978.63333333333,,1573.0833333333333,754.5166666666667,162.08333333333334,227.0,1367.2833333333333,11550.683333333332,19.0,671089.6833333333,1584.0,32091.616520037252,3124.6,,,,,3.1296988987093153,5.9343991456169025,23.0,0.0,0.0,,,,,,
starlink,sat_p0.01,5,topological_scheme_req_1p,552.0,1.0,0.7054045893719807,1.0,0.0,1.3211717607864566,1.4447200452891118,1.3211288124765133,1.4447200452891118,1.0000319090820542,71.0457878714359,8.207908812362295,60.60362272612457,1.0,43.4,10.916666666666666,0.024268104776579355,117187.62793391943,0.0,20.266666666666666,0.0,19.483333333333334,30.583333333333332,30.583333333333332,15.85,367.6166666666667,367.6166666666667,48.0,0.0,24.0,0.5833333333333334,0.65,118978.63333333333,,1573.0833333333333,754.5166666666667,93.56666666666666,227.0,3188.6833333333334,11550.683333333332,19.0,671089.6833333333,1584.0,33912.840581933655,3124.6,,,,,3.1296988987093153,5.9343991456169025,23.0,0.0,0.0,,,,,,
starlink,sat_p0.02,1,topological_scheme_asc_1p,552.0,1.0,0.9533816425120772,1.0,0.0,1.4523532207916763,1.698705277269085,1.452258354339123,1.6986440472256117,1.0000520585065449,85.62929525927468,22.556466663939776,68.3157110981382,1.0000300322876123,126.3,32.15,0.019538606403013185,135799.5905878643,0.0,40.233333333333334,0.0,15.216666666666667,15.216666666666667,15.216666666666667,15.216666666666667,349.98333333333335,349.98333333333335,24.0,0.0,24.0,0.3,1.65,321115.26666666666,,1551.85,1306.9833333333333,565.1,610.0,4269.516666666666,23041.883333333335,40.0,1012667.7,1584.0,51075.76147864262,3041.7,,,,,8.446845187991022,3.6067483244334486,16.0,0.0,0.0,,,,,,
starlink,sat_p0.02,1,topological_scheme_req_1p,552.0,1.0,0.703834541062802,1.0,0.0,1.3198876704927438,1.4411754345499668,1.3197568835173186,1.4411754345499668,1.0000907108632324,71.22759022960602,8.115799003988737,60.97837471636242,1.0,126.3,32.15,0.024225303886320836,115272.98905973633,0.0,57.11666666666667,0.0,19.35,30.366666666666667,30.366666666666667,15.716666666666667,364.3333333333333,364.3333333333333,48.0,0.0,24.0,0.6666666666666666,1.65,321115.26666666666,,1551.85,1306.9833333333333,281.6333333333333,610.0,8687.016666666666,23041.883333333335,40.0,1012667.7,1584.0,43184.93986874819,3041.7,,,,,8.446845187991022,3.6067483244334486,16.0,0.0,0.0,,,,,,
starlink,sat_p0.02,2,topological_scheme_asc_1p,552.0,1.0,0.9541364734299517,1.0,0.0,1.451964599635706,1.698354422975838,1.4518730169164433,1.698349771585317,1.0000475132061273,85.5611848565676,22.503168856766276,67.78856647084179,1.0000028820816866,126.06666666666666,32.13333333333333,0.019538606403013182,112512.48533502221,0.0,54.55,0.0,15.216666666666667,15.216666666666667,15.216666666666667,15.216666666666667,349.98333333333335,349.98333333333335,24.0,0.0,24.0,0.31666666666666665,1.4833333333333334,319226.3,,1551.8666666666666,1372.1333333333334,504.1166666666667,596.0,4217.916666666667,23559.633333333335,40.0,1009784.0,1584.0,43085.77925041318,3041.9333333333334,,,,,8.39715646043771,3.214387515481442,10.0,0.0,0.0,,,,,,
starlink,sat_p0.02,2,topological_scheme_req_1p,552.0,1.0,0.7038043478260869,1.0,0.0,1.3210371837737427,1.442502474757098,1.3208971954100592,1.442502474757098,1.000093238193089,71.24095997812746,8.216918120938612,60.712561524530955,1.0,126.06666666666666,32.13333333333333,0.024139702105803802,127731.14128137629,0.0,68.48333333333333,0.0,19.366666666666667,30.333333333333332,30.333333333333332,15.783333333333333,365.8666666666667,365.8666666666667,48.0,0.0,24.0,0.6333333333333333,1.4833333333333334,319226.3,,1551.8666666666666,1372.1333333333334,256.78333333333336,596.0,8921.116666666667,23559.633333333335,40.0,1009784.0,1584.0,48342.33620663484,3041.9333333333334,,,,,8.39715646043771,3.214387515481442,10.0,0.0,0.0,,,,,,
starlink,sat_p0.02,3,topological_scheme_asc_1p,552.0,1.0,0.9543176328502415,1.0,0.0,1.457804081474415,1.702211350692136,1.4576585042678512,1.7021682070374269,1.0000759468036982,86.09345163675938,22.84699399801084,69.43934151918575,1.0000197679025644,153.83333333333334,39.13333333333333,0.019388803287108375,124319.35688455899,0.0,78.9,0.0,15.1,15.1,15.1,15.1,347.3,347.3,24.0,0.0,24.0,0.3333333333333333,1.5,437244.81666666665,,1544.8666666666666,1504.0833333333333,769.8,922.0,5904.566666666667,28380.883333333335,48.0,1158202.1333333333,1584.0,52489.757396032415,3014.1666666666665,,,,,11.501599765011223,2.8554867183674255,10.0,0.0,0.0,,,,,,
starlink,sat_p0.02,3,topological_scheme_req_1p,552.0,1.0,0.7022342995169082,1.0,0.0,1.3239363608437855,1.4423577625148554,1.3237357919314836,1.4423527215570733,1.0001457241898615,71.53311288299149,8.151939606425257,61.6579880893071,1.0000040257648952,153.83333333333334,39.13333333333333,0.02401129943502825,114041.74868489306,0.0,98.33333333333333,0.0,19.466666666666665,30.2,30.2,15.733333333333333,364.71666666666664,364.71666666666664,48.0,0.0,24.0,0.6666666666666666,1.5,437244.81666666665,,1544.8666666666666,1504.0833333333333,403.93333333333334,922.0,12628.783333333333,28380.883333333335,48.0,1158202.1333333333,1584.0,48576.238426069416,3014.1666666666665,,,,,11.501599765011223,2.8554867183674255,10.0,0.0,0.0,,,,,,
starlink,sat_p0.02,4,topological_scheme_asc_1p,552.0,1.0,0.9550724637681159,1.0,0.0,1.4506758666068331,1.6987838826521007,1.4505893997156227,1.6987838826521007,1.0000424180257301,85.21979679203731,22.370510297814374,67.28217972471927,1.0,89.46666666666667,22.65,0.0195814072932717,111519.76987098654,0.0,30.566666666666666,0.0,15.25,15.25,15.25,15.25,350.75,350.75,24.0,0.0,24.0,0.26666666666666666,1.6166666666666667,263473.55,,1561.35,1268.0166666666667,318.18333333333334,769.0,2689.2166666666667,18956.983333333334,33.0,897389.5666666667,1584.0,39306.06305003166,3078.5333333333333,,,,,6.930596327861953,4.029263215732028,14.0,0.0,0.0,,,,,,
starlink,sat_p0.02,4,topological_scheme_req_1p,552.0,1.0,0.7059480676328502,1.0,0.0,1.3236206161661945,1.4456297916501613,1.3234996076485632,1.4456297916501613,1.0000833415307355,71.23230736289739,8.273978105274724,61.144773512235176,1.0,89.46666666666667,22.65,0.024225303886320836,123740.15386377771,0.0,45.016666666666666,0.0,19.4,30.5,30.5,15.816666666666666,366.8,366.8,48.0,0.0,24.0,0.5666666666666667,1.6166666666666667,263473.55,,1561.35,1268.0166666666667,190.25,769.0,6860.783333333334,18956.983333333334,33.0,897389.5666666667,1584.0,43350.574200600386,3078.5333333333333,,,,,6.930596327861953,4.029263215732028,14.0,0.0,0.0,,,,,,
starlink,sat_p0.02,5,topological_scheme_asc_1p,552.0,1.0,0.9536231884057971,1.0,0.0,1.4555492313889757,1.700204813895822,1.4554266260298065,1.7001889915485642,1.000061850131657,85.761540947028,22.61777135355924,68.92672867940878,1.0000088875496482,111.2,28.05,0.019453004622496148,148956.36268556118,0.0,51.78333333333333,0.0,15.15,15.15,15.15,15.15,348.45,348.45,24.0,0.0,24.0,0.26666666666666666,1.45,322757.11666666664,,1555.95,1449.5833333333333,638.3,718.0,4935.166666666667,21692.216666666667,40.0,985871.0833333334,1584.0,55533.10915107528,3056.8,,,,,8.490033582351291,3.4164684827243934,11.0,0.0,0.0,,,,,,
starlink,sat_p0.02,5,topological_scheme_req_1p,552.0,1.0,0.7054347826086956,1.0,0.0,1.3238513948958939,1.4434062963427536,1.3237285025745684,1.4434062963427536,1.0000912056112825,71.33660562293696,8.24396520660947,61.0297396867753,1.0,111.2,28.05,0.024096901215545283,122375.4787132144,0.0,64.03333333333333,0.0,19.383333333333333,30.266666666666666,30.266666666666666,15.783333333333333,365.8666666666667,365.8666666666667,48.0,0.0,24.0,0.5833333333333334,1.45,322757.11666666664,,1555.95,1449.5833333333333,334.93333333333334,718.0,10143.666666666666,21692.216666666667,40.0,985871.0833333334,1584.0,45680.37870029608,3056.8,,,,,8.490033582351291,3.4164684827243934,11.0,0.0,0.0,,,,,,
starlink,sat_p0.05,1,topological_scheme_asc_1p,552.0,1.0,0.9508152173913044,1.0,0.0,1.4638507077692269,1.7004624401668467,1.4637347333855737,1.700424018201103,1.000073562066714,86.86259626485163,23.297734383485654,71.42675458273331,1.0000221778792304,283.76666666666665,72.25,0.01928180106146208,111021.84303676088,0.0,144.66666666666666,0.0,15.016666666666667,15.016666666666667,15.016666666666667,15.016666666666667,345.3833333333333,345.3833333333333,24.0,0.0,24.0,0.3333333333333333,3.683333333333333,685842.4833333333,,1511.75,1511.1666666666667,1219.4333333333334,993.0,9589.816666666668,47067.78333333333,86.0,1543556.6833333333,1584.0,58709.46360230446,2884.233333333333,,,,,18.04089023919753,1.827333919651959,8.0,0.0,0.0,,,,,,
starlink,sat_p0.05,1,topological_scheme_req_1p,552.0,1.0,0.7029589371980677,1.0,0.0,1.3246226305368958,1.4396153620616834,1.3243249053635042,1.439533509249264,1.000213370240716,71.93676449479294,8.222638169100279,62.15523612539852,1.0000704154522884,283.76666666666665,72.25,0.023882896764252697,129882.58093595505,0.0,186.3,0.0,19.05,29.816666666666666,29.816666666666666,15.533333333333333,360.1166666666667,360.1166666666667,48.0,0.0,24.0,0.6666666666666666,3.683333333333333,685842.4833333333,,1511.75,1511.1666666666667,738.9666666666667,993.0,20354.883333333335,47067.78333333333,86.0,1543556.6833333333,1584.0,67966.63929720719,2884.233333333333,,,,,18.04089023919753,1.827333919651959,8.0,0.0,0.0,,,,,,
starlink,sat_p0.05,2,topological_scheme_asc_1p,552.0,1.0,0.9493357487922706,1.0,0.0,1.4711764023873828,1.703240887312062,1.4710414109511303,1.7030959933077585,1.0000852056074208,87.8946129564751,23.704174538167717,73.01716971001818,1.0000657231007248,361.68333333333334,94.1,0.01887519260400616,145073.04275905094,0.0,226.58333333333334,0.0,14.7,14.7,14.7,14.7,338.1,338.1,24.0,0.0,24.0,0.31666666666666665,4.65,784640.1833333333,,1489.9,1489.3833333333334,1572.95,1240.0,12820.733333333334,57537.51666666667,113.0,1702014.7833333334,1584.0,80427.64526878794,2806.3166666666666,,,,,20.639735462261505,1.6038741409517836,7.0,0.0,0.0,,,,,,
starlink,sat_p0.05,2,topological_scheme_req_1p,552.0,1.0,0.7031702898550725,1.0,0.0,1.3300677668226706,1.441946782161197,1.3297082476660766,1.4419162087512978,1.0002515071784448,72.2757954763552,8.272179353714082,62.53169359721913,1.0000281069574548,361.68333333333334,94.1,0.02364749186783085,132734.50814684233,0.0,268.48333333333335,0.0,19.1,29.533333333333335,29.533333333333335,15.4,357.35,357.35,48.0,0.0,24.0,0.65,4.65,784640.1833333333,,1489.9,1489.3833333333334,848.3166666666667,1240.0,23982.233333333334,57537.51666666667,113.0,1702014.7833333334,1584.0,73724.57140857975,2806.3166666666666,,,,,20.639735462261505,1.6038741409517836,7.0,0.0,0.0,,,,,,
starlink,sat_p0.05,3,topological_scheme_asc_1p,552.0,1.0,0.9520833333333333,1.0,0.0,1.4595174698059399,1.6980186075224237,1.4593977196576835,1.6979584309793696,1.0000669955085666,86.52586604991443,22.994311645829498,70.32074612691014,1.0000303573344191,281.3333333333333,71.9,0.019281801061462076,124335.72399045031,0.0,141.63333333333333,0.0,15.016666666666667,15.016666666666667,15.016666666666667,15.016666666666667,345.3833333333333,345.3833333333333,24.0,0.0,24.0,0.3,3.4,631020.3,,1512.1,1510.7833333333333,1094.0833333333333,1131.0,8636.75,44492.916666666664,89.0,1502469.9166666667,1584.0,63169.40783212582,2886.6666666666665,,,,,16.598808396464648,1.9583463479701049,9.0,0.0,0.0,,,,,,
starlink,sat_p0.05,3,topological_scheme_req_1p,552.0,1.0,0.702536231884058,1.0,0.0,1.3241777109600281,1.4411623040353498,1.3238129635886493,1.4411520676406742,1.0002640577463058,71.81070646484524,8.203377168455933,62.021844129378174,1.0000073805689746,281.3333333333333,71.9,0.02398989898989899,147689.34327811003,0.0,177.01666666666668,0.0,19.45,30.033333333333335,30.033333333333335,15.766666666666667,365.45,365.45,48.0,0.0,24.0,0.6,3.4,631020.3,,1512.1,1510.7833333333333,624.05,1131.0,18277.483333333334,44492.916666666664,89.0,1502469.9166666667,1584.0,74031.0959128042,2886.6666666666665,,,,,16.598808396464648,1.9583463479701049,9.0,0.0,0.0,,,,,,
starlink,sat_p0.05,4,topological_scheme_asc_1p,552.0,1.0,0.952506038647343,1.0,0.0,1.4643922084238439,1.7002271906832231,1.4642353734094327,1.7000779774014225,1.0000848439635146,87.05217180413436,23.31008802405074,71.55271619945636,1.000070574871776,283.35,71.91666666666667,0.01913199794555727,139245.1593550543,0.0,160.73333333333332,0.0,14.9,14.9,14.9,14.9,342.7,342.7,24.0,0.0,24.0,0.31666666666666665,3.6166666666666667,688556.9333333333,,1512.0833333333333,1511.5166666666667,1233.9833333333333,1136.0,9967.2,47417.1,81.0,1546647.9833333334,1584.0,73559.74434042971,2884.65,,,,,18.112293069584737,1.8947605785006982,9.0,0.0,0.0,,,,,,
starlink,sat_p0.05,4,topological_scheme_req_1p,552.0,1.0,0.7027475845410628,1.0,0.0,1.32300140026247,1.4372876567030872,1.322638583047996,1.4372799885794771,1.0002546266208006,71.84350192365807,8.149441864554172,62.133193170396304,1.0000030193236715,283.35,71.91666666666667,0.024054100325286765,119064.62318251531,0.0,190.05,0.0,19.2,29.95,29.95,15.5,359.53333333333336,359.53333333333336,48.0,0.0,24.0,0.6166666666666667,3.6166666666666667,688556.9333333333,,1512.0833333333333,1511.5166666666667,706.8666666666667,1136.0,19924.133333333335,47417.1,81.0,1546647.9833333334,1584.0,60903.726494808994,2884.65,,,,,18.112293069584737,1.8947605785006982,9.0,0.0,0.0,,,,,,
starlink,sat_p0.05,5,topological_scheme_asc_1p,552.0,1.0,0.953834541062802,1.0,0.0,1.4676979806800003,1.7047692093821545,1.4675804813988425,1.7046627892677233,1.0000719357329593,87.08970057951919,23.397579600413025,70.96926460936739,1.00004895468788,290.81666666666666,74.95,0.019196199280945042,128436.41048744321,0.0,134.16666666666666,0.0,14.95,14.95,14.95,14.95,343.85,343.85,24.0,0.0,24.0,0.31666666666666665,3.75,674958.4,,1509.05,1507.0833333333333,1355.1166666666666,983.0,9945.716666666667,46551.88333333333,93.0,1547658.9166666667,1584.0,66790.18948723872,2877.1833333333334,,,,,17.754587542087542,1.8136156243110686,8.0,0.0,0.0,,,,,,
starlink,sat_p0.05,5,topological_scheme_req_1p,552.0,1.0,0.7057971014492753,1.0,0.0,1.327224688089582,1.4424711901487046,1.3268728026515484,1.4424711901487046,1.0002528275485736,71.84183390033141,8.305960066412148,61.7834691305545,1.0,290.81666666666666,74.95,0.023840095873994178,125282.63532618682,0.0,165.73333333333332,0.0,19.316666666666666,29.983333333333334,29.983333333333334,15.766666666666667,365.4,365.4,48.0,0.0,24.0,0.6666666666666666,3.75,674958.4,,1509.05,1507.0833333333333,694.65,983.0,19227.733333333334,46551.88333333333,93.0,1547658.9166666667,1584.0,64771.239894876875,2877.1833333333334,,,,,17.754587542087542,1.8136156243110686,8.0,0.0,0.0,,,,,,
starlink,void_b2,1,topological_scheme_asc_1p,552.0,1.0,0.9547101449275363,1.0,0.0,1.448899080908941,1.6987811600730258,1.4488529933960759,1.6987793301798915,1.0000261259955594,84.99402800836172,22.198762453595535,67.37181613669733,1.000001437773177,12.0,4.0,0.019667009073788738,66573.29027752082,0.0,4.616666666666666,0.0,15.316666666666666,15.316666666666666,15.316666666666666,15.316666666666666,352.28333333333336,352.28333333333336,24.0,0.0,24.0,0.31666666666666665,0.06666666666666667,27595.0,,1343.9166666666667,164.0,85.55,66.0,788.8666666666667,1929.25,4.0,503376.2833333333,1584.0,28088.845125585794,3156.0,,,,,0.7258785774410774,15.353864226611101,43.0,0.0,0.0,,,,,,
starlink,void_b2,1,topological_scheme_req_1p,552.0,1.0,0.7050724637681159,1.0,0.0,1.3203850945547717,1.4430134541875868,1.3203204676465803,1.4430134541875868,1.000048885145144,71.02485756437855,8.19039405476703,60.34959777445898,1.0,12.0,4.0,0.02431090566683787,42499.742406606674,0.0,3.8333333333333335,0.0,19.416666666666668,30.633333333333333,30.633333333333333,15.85,367.4,367.4,48.0,0.0,24.0,0.6,0.06666666666666667,27595.0,,1343.9166666666667,164.0,28.6,66.0,1026.8833333333334,1929.25,4.0,503376.2833333333,1584.0,17913.587481280167,3156.0,,,,,0.7258785774410774,15.353864226611101,43.0,0.0,0.0,,,,,,
starlink,void_b2,2,topological_scheme_asc_1p,552.0,1.0,0.9554951690821256,1.0,0.0,1.446241480579672,1.697809472608485,1.4462306658105397,1.697809472608485,1.0000065765742967,84.82717016442452,22.097461876785587,66.95528108629672,1.0,12.0,4.0,0.01970980996404725,54957.798194636904,0.0,0.9333333333333333,0.0,15.35,15.35,15.35,15.35,353.05,353.05,24.0,0.0,24.0,0.2833333333333333,0.06666666666666667,22266.633333333335,,1326.95,164.0,23.2,66.0,116.68333333333334,2018.8666666666666,4.0,504946.51666666666,1584.0,23564.3711425364,3156.0,,,,,0.5857174172278339,15.425164558629579,43.0,0.0,0.0,,,,,,
starlink,void_b2,2,topological_scheme_req_1p,552.0,1.0,0.7058272946859904,1.0,0.0,1.3202456409554912,1.444106316400669,1.3202294099092073,1.444106316400669,1.0000113997339133,70.92681223966258,8.196763775866062,60.20482292309556,1.0,12.0,4.0,0.024332306111967128,46958.41670284668,0.0,2.35,0.0,19.366666666666667,30.666666666666668,30.666666666666668,15.85,367.4,367.4,48.0,0.0,24.0,0.5666666666666667,0.06666666666666667,22266.633333333335,,1326.95,164.0,12.583333333333334,66.0,286.31666666666666,2018.8666666666666,4.0,504946.51666666666,1584.0,19840.234061330557,3156.0,,,,,0.5857174172278339,15.425164558629579,43.0,0.0,0.0,,,,,,
starlink,void_b2,3,topological_scheme_asc_1p,552.0,1.0,0.9554649758454107,1.0,0.0,1.4469291278567928,1.6982614870644892,1.4469050424846075,1.6982614870644892,1.0000138424471683,84.90047578731836,22.1478682013467,67.0688800046026,1.0,12.0,4.0,0.01975261085430577,44409.32092666626,0.0,3.4166666666666665,0.0,15.383333333333333,15.383333333333333,15.383333333333333,15.383333333333333,353.81666666666666,353.81666666666666,24.0,0.0,24.0,0.2833333333333333,0.06666666666666667,23630.0,,1315.5,164.0,46.833333333333336,66.0,284.55,1973.2666666666667,4.0,505512.1,1584.0,18869.355866809685,3156.0,,,,,0.6215803872053872,15.291118634504162,43.0,0.0,0.0,,,,,,
starlink,void_b2,3,topological_scheme_req_1p,552.0,1.0,0.7055253623188406,1.0,0.0,1.3200183825505734,1.4439018165561952,1.3199751012572638,1.4439018165561952,1.0000303406980562,70.94216436911402,8.179967790663124,60.353531579465994,1.0,12.0,4.0,0.024332306111967128,61649.54595615467,0.0,3.466666666666667,0.0,19.4,30.7,30.7,15.866666666666667,367.78333333333336,367.78333333333336,48.0,0.0,24.0,0.5666666666666667,0.06666666666666667,23630.0,,1315.5,164.0,19.0,66.0,556.2,1973.2666666666667,4.0,505512.1,1584.0,26047.45822151502,3156.0,,,,,0.6215803872053872,15.291118634504162,43.0,0.0,0.0,,,,,,
starlink,void_b2,4,topological_scheme_asc_1p,552.0,1.0,0.9554649758454107,1.0,0.0,1.445992479440852,1.6973607083724962,1.4459826628230477,1.6973576890488247,1.0000056080896131,84.82758212880904,22.09948964753289,66.92612543533413,1.0000015096618358,12.0,4.0,0.01975261085430577,44992.06904719273,0.0,1.0666666666666667,0.0,15.383333333333333,15.383333333333333,15.383333333333333,15.383333333333333,353.81666666666666,353.81666666666666,24.0,0.0,24.0,0.2833333333333333,0.06666666666666667,23624.466666666667,,1331.5833333333333,164.0,9.433333333333334,66.0,80.06666666666666,2082.7833333333333,4.0,503323.5,1584.0,18987.355909248192,3156.0,,,,,0.6214348344556678,15.306437958387773,43.0,0.0,0.0,,,,,,
starlink,void_b2,4,topological_scheme_req_1p,552.0,1.0,0.7065821256038647,1.0,0.0,1.320340999219584,1.4439134484663496,1.3203265203130305,1.4439134484663496,1.0000103902201882,70.96474738052515,8.204650273714135,60.31168887532164,1.0,12.0,4.0,0.024246704331450094,55167.55154083172,0.0,3.783333333333333,0.0,19.416666666666668,30.683333333333334,30.683333333333334,15.833333333333334,367.23333333333335,367.23333333333335,48.0,0.0,24.0,0.5833333333333334,0.06666666666666667,23624.466666666667,,1331.5833333333333,164.0,17.166666666666668,66.0,671.3333333333334,2082.7833333333333,4.0,503323.5,1584.0,22644.293134162825,3156.0,,,,,0.6214348344556678,15.306437958387773,43.0,0.0,0.0,,,,,,
starlink,void_b2,5,topological_scheme_asc_1p,552.0,1.0,0.9554347826086956,1.0,0.0,1.44639703372093,1.6974071774616373,1.446367495918055,1.6973991497830696,1.0000149498512094,84.89052236155662,22.134397139126957,66.98905725220925,1.0000055854296248,12.0,4.0,0.01970980996404725,55626.52303725481,0.0,1.3666666666666667,0.0,15.35,15.35,15.35,15.35,353.05,353.05,24.0,0.0,24.0,0.2833333333333333,0.06666666666666667,25866.366666666665,,1327.9333333333334,164.0,50.25,66.0,360.6166666666667,1979.1666666666667,4.0,501314.85,1584.0,23610.51514397065,3156.0,,,,,0.6804073723344557,15.31229485908986,43.0,0.0,0.0,,,,,,
starlink,void_b2,5,topological_scheme_req_1p,552.0,1.0,0.7052838164251207,1.0,0.0,1.3191457264736797,1.4424666895974625,1.3190987074305212,1.4424666895974625,1.0000358817628998,71.00280546702137,8.128972201748756,60.20725479803711,1.0,12.0,4.0,0.024332306111967128,41617.99662237366,0.0,3.816666666666667,0.0,19.35,30.6,30.6,15.85,367.4,367.4,48.0,0.0,24.0,0.5666666666666667,0.06666666666666667,25866.366666666665,,1327.9333333333334,164.0,43.15,66.0,1218.4666666666667,1979.1666666666667,4.0,501314.85,1584.0,17159.00562927127,3156.0,,,,,0.6804073723344557,15.31229485908986,43.0,0.0,0.0,,,,,,
starlink,void_b4,1,topological_scheme_asc_1p,552.0,1.0,0.9467089371980676,1.0,0.0,1.4480000195849994,1.6970312266375749,1.4479214951469024,1.6969286747821268,1.00004546154113,85.48963449230192,22.278855042820975,68.8149409997271,1.0000455921560993,40.0,16.0,0.0195814072932717,49947.40998049577,0.0,6.833333333333333,0.0,15.25,15.25,15.25,15.25,350.75,350.75,24.0,0.0,24.0,0.2833333333333333,0.26666666666666666,44356.26666666667,,1215.3666666666666,296.0,153.55,124.0,1260.4833333333333,2475.4666666666667,7.0,560138.2166666667,1584.0,22626.717052112024,3128.0,,,,,1.1667789001122335,13.137495040159676,40.0,0.0,0.0,,,,,,
starlink,void_b4,1,topological_scheme_req_1p,552.0,1.0,0.7040458937198067,1.0,0.0,1.3187810567787281,1.4394460136294356,1.3187553169569306,1.439437386990374,1.000018046083723,71.0512820166342,8.079603889779316,61.02903845731522,1.0000030193236715,40.0,16.0,0.02416110255093306,67712.00366814931,0.0,7.716666666666667,0.0,19.316666666666666,30.466666666666665,30.466666666666665,15.816666666666666,366.6333333333333,366.6333333333333,48.0,0.0,24.0,0.6,0.26666666666666666,44356.26666666667,,1215.3666666666666,296.0,38.6,124.0,2083.733333333333,2475.4666666666667,7.0,560138.2166666667,1584.0,30434.80119605859,3128.0,,,,,1.1667789001122335,13.137495040159676,40.0,0.0,0.0,,,,,,
starlink,void_b4,2,topological_scheme_asc_1p,552.0,1.0,0.955042270531401,1.0,0.0,1.4482419699443874,1.6986420144468743,1.4482025732341852,1.698558840553371,1.0000262247366836,85.03485545673563,22.238424562713323,67.38138023563278,1.0000374135356973,40.0,16.0,0.01975261085430577,51098.128006358944,0.0,3.75,0.0,15.383333333333333,15.383333333333333,15.383333333333333,15.383333333333333,353.81666666666666,353.81666666666666,24.0,0.0,24.0,0.2833333333333333,0.26666666666666666,45988.61666666667,,1222.2333333333333,296.0,61.88333333333333,124.0,528.5666666666667,2511.5,8.0,569736.5833333334,1584.0,23569.88268395265,3128.0,,,,,1.209717399691358,13.133296029415975,40.0,0.0,0.0,,,,,,
starlink,void_b4,2,topological_scheme_req_1p,552.0,1.0,0.7061594202898551,1.0,0.0,1.3214069807001483,1.444475602915635,1.321242874656994,1.444475602915635,1.0001039556816407,71.01399011404439,8.206285156790717,60.619652206988675,1.0,40.0,16.0,0.02431090566683787,53097.619565824665,0.0,6.383333333333334,0.0,19.366666666666667,30.65,30.65,15.85,367.4,367.4,48.0,0.0,24.0,0.5666666666666667,0.26666666666666666,45988.61666666667,,1222.2333333333333,296.0,46.15,124.0,1428.2166666666667,2511.5,8.0,569736.5833333334,1584.0,24251.964607586462,3128.0,,,,,1.209717399691358,13.133296029415975,40.0,0.0,0.0,,,,,,
starlink,void_b4,3,topological_scheme_asc_1p,552.0,1.0,0.9551932367149758,1.0,0.0,1.446646658080106,1.696222126433138,1.446619132340409,1.696155998043209,1.00001668819205,84.94014401635403,22.1529577193567,67.23492526895703,1.0000279603225828,40.0,16.0,0.01970980996404725,53373.94740705689,0.0,2.816666666666667,0.0,15.35,15.35,15.35,15.35,353.05,353.05,24.0,0.0,24.0,0.2833333333333333,0.26666666666666666,51987.916666666664,,1250.9833333333333,296.0,46.06666666666667,124.0,370.3333333333333,2530.0666666666666,8.0,572795.5833333334,1584.0,24689.538273960352,3128.0,,,,,1.3675272692199776,13.225453991712818,40.0,0.0,0.0,,,,,,
starlink,void_b4,3,topological_scheme_req_1p,552.0,1.0,0.7051026570048309,1.0,0.0,1.3196624315360155,1.4416258282247527,1.3194930345851272,1.4416258282247527,1.0001049921516343,70.9174726161484,8.134240047863026,60.190339416994455,1.0,40.0,16.0,0.024332306111967128,72544.30480028193,0.0,6.616666666666666,0.0,19.316666666666666,30.55,30.55,15.833333333333334,367.01666666666665,367.01666666666665,48.0,0.0,24.0,0.5666666666666667,0.26666666666666666,51987.916666666664,,1250.9833333333333,296.0,39.65,124.0,1418.95,2530.0666666666666,8.0,572795.5833333334,1584.0,32740.37441338102,3128.0,,,,,1.3675272692199776,13.225453991712818,40.0,0.0,0.0,,,,,,
starlink,void_b4,4,topological_scheme_asc_1p,552.0,1.0,0.9535326086956522,1.0,0.0,1.4449497777898892,1.6943825250386397,1.444933906145754,1.6943825250386397,1.0000114589029114,84.88818789031312,22.06148363803453,67.00753432051661,1.0,40.0,16.0,0.01970980996404725,59861.46025657654,0.0,3.3666666666666667,0.0,15.35,15.35,15.35,15.35,353.05,353.05,24.0,0.0,24.0,0.3,0.26666666666666666,45430.38333333333,,1221.0,296.0,31.233333333333334,124.0,363.8,2612.05,7.0,569138.9333333333,1584.0,27138.873410969973,3128.0,,,,,1.1950332316217733,13.111790824275824,40.0,0.0,0.0,,,,,,
starlink,void_b4,4,topological_scheme_req_1p,552.0,1.0,0.7034420289855072,1.0,0.0,1.3188123856400589,1.4413031435384118,1.3187341071495644,1.4413031435384118,1.0000575318615752,71.0606339637135,8.081187092428818,60.4204160252491,1.0,40.0,16.0,0.02431090566683787,50666.25375896692,0.0,5.333333333333333,0.0,19.366666666666667,30.633333333333333,30.633333333333333,15.833333333333334,366.8333333333333,366.8333333333333,48.0,0.0,24.0,0.5833333333333334,0.26666666666666666,45430.38333333333,,1221.0,296.0,17.416666666666668,124.0,914.95,2612.05,7.0,569138.9333333333,1584.0,22529.558281600475,3128.0,,,,,1.1950332316217733,13.111790824275824,40.0,0.0,0.0,,,,,,
starlink,void_b4,5,topological_scheme_asc_1p,552.0,1.0,0.9534420289855072,1.0,0.0,1.4594304480842322,1.7059630015485487,1.4593387933718431,1.7058720906943845,1.0000541992739094,85.45240975857183,22.539257377827248,68.39900091788418,1.0000434585766838,40.0,16.0,0.019645608628659477,63196.06980383396,0.0,7.433333333333334,0.0,15.3,15.3,15.3,15.3,351.9,351.9,24.0,0.0,24.0,0.31666666666666665,0.26666666666666666,54698.13333333333,,1268.1333333333334,296.0,164.98333333333332,124.0,1437.5,2537.9166666666665,7.0,571299.2333333333,1584.0,28574.093691756327,3128.0,,,,,1.4388187429854096,13.29160044462212,40.0,0.0,0.0,,,,,,
starlink,void_b4,5,topological_scheme_req_1p,552.0,1.0,0.7045893719806763,1.0,0.0,1.3255694912983225,1.446488936259901,1.3254906101411772,1.4464851621053114,1.0000533767819355,71.11972483784714,8.258137449151763,60.98027422189767,1.0000015096618358,40.0,16.0,0.024268104776579355,61735.53265854716,0.0,6.716666666666667,0.0,19.466666666666665,30.566666666666666,30.566666666666666,15.816666666666666,366.6333333333333,366.6333333333333,48.0,0.0,24.0,0.6,0.26666666666666666,54698.13333333333,,1268.1333333333334,296.0,60.75,124.0,2114.2,2537.9166666666665,7.0,571299.2333333333,1584.0,27653.95232886076,3128.0,,,,,1.4388187429854096,13.29160044462212,40.0,0.0,0.0,,,,,,
starlink,void_b8,1,topological_scheme_asc_1p,552.0,1.0,0.9467693236714976,1.0,0.0,1.4571336273940196,1.7064930872145048,1.4570707062855641,1.7058422493143375,1.000051253963063,86.11476365011364,22.760372994501452,70.14146170194363,1.000273698800065,144.0,64.0,0.019538606403013182,65528.06460112333,0.0,8.033333333333333,0.0,15.216666666666667,15.216666666666667,15.216666666666667,15.216666666666667,349.98333333333335,349.98333333333335,24.0,0.0,24.0,0.2833333333333333,1.0666666666666667,94609.01666666666,,1128.1,464.0,140.68333333333334,216.0,1500.5333333333333,3980.35,13.0,764739.7833333333,1584.0,32254.955847809713,3024.0,,,,,2.4886631067620653,10.416648096085275,34.0,0.0,0.0,,,,,,
starlink,void_b8,1,topological_scheme_req_1p,552.0,1.0,0.7048611111111112,1.0,0.0,1.3235849559019321,1.445981536722686,1.323540777523733,1.445969459428,1.0000297693465832,71.18215711383647,8.191917318129713,61.41280760522236,1.0000046451133406,144.0,64.0,0.024203903441191575,70563.00176481406,0.0,7.35,0.0,19.316666666666666,30.416666666666668,30.416666666666668,15.833333333333334,367.01666666666665,367.01666666666665,48.0,0.0,24.0,0.5666666666666667,1.0666666666666667,94609.01666666666,,1128.1,464.0,42.53333333333333,216.0,2291.7166666666667,3980.35,13.0,764739.7833333333,1584.0,34579.458908736706,3024.0,,,,,2.4886631067620653,10.416648096085275,34.0,0.0,0.0,,,,,,
starlink,void_b8,2,topological_scheme_asc_1p,552.0,1.0,0.9397946859903382,1.0,0.0,1.4588450379625502,1.7047120565258962,1.4587256878141468,1.7036885329035139,1.0000881902098933,86.86404923983127,22.794548217307412,71.45355978032929,1.0003957962305225,144.0,64.0,0.019367402841979114,74535.39383163054,0.0,10.2,0.0,15.083333333333334,15.083333333333334,15.083333333333334,15.083333333333334,346.9166666666667,346.9166666666667,24.0,0.0,24.0,0.48333333333333334,1.0666666666666667,95243.28333333334,,1130.1666666666667,464.0,203.93333333333334,216.0,2078.7833333333333,4013.8,13.0,750968.1833333333,1584.0,36859.521916757025,3024.0,,,,,2.5053473099046015,10.404972039148168,34.0,0.0,0.0,,,,,,
starlink,void_b8,2,topological_scheme_req_1p,552.0,1.0,0.7006340579710145,1.0,0.0,1.3135027981404004,1.4317977641992223,1.3134352834970986,1.4317749593855382,1.000044114468755,71.99352921248669,7.911015571296157,61.50316003109905,1.0000137030843552,144.0,64.0,0.024032699880157507,64068.10576195518,0.0,7.183333333333334,0.0,19.45,30.15,30.15,15.8,366.3833333333333,366.3833333333333,48.0,0.0,24.0,0.8166666666666667,1.0666666666666667,95243.28333333334,,1130.1666666666667,464.0,56.1,216.0,2897.2833333333333,4013.8,13.0,750968.1833333333,1584.0,31425.13258556525,3024.0,,,,,2.5053473099046015,10.404972039148168,34.0,0.0,0.0,,,,,,
starlink,void_b8,3,topological_scheme_asc_1p,552.0,1.0,0.9428442028985508,1.0,0.0,1.4552689759361075,1.6975668517069282,1.455227387452978,1.697214229151917,1.0000295651657893,86.68808412707637,22.54198534287712,71.14669801809589,1.0001412014720636,144.0,64.0,0.019346002396849856,68172.16818705201,0.0,9.0,0.0,15.066666666666666,15.066666666666666,15.066666666666666,15.066666666666666,346.53333333333336,346.53333333333336,24.0,0.0,24.0,0.4,1.0666666666666667,91188.73333333334,,1098.6666666666667,464.0,157.18333333333334,216.0,1740.1166666666666,3889.983333333333,13.0,752095.0166666667,1584.0,33347.400975972414,3024.0,,,,,2.398693532547699,10.363196367095059,34.0,0.0,0.0,,,,,,
starlink,void_b8,3,topological_scheme_req_1p,552.0,1.0,0.7047403381642512,1.0,0.0,1.3163337317006314,1.4343970619242745,1.3163016462788626,1.4343970619242745,1.0000228590952227,71.00196652273706,7.84713873791853,60.38275753068842,1.0,144.0,64.0,0.023882896764252697,75228.35477838914,0.0,8.583333333333334,0.0,19.233333333333334,29.933333333333334,29.933333333333334,15.733333333333333,364.45,364.45,48.0,0.0,24.0,0.6833333333333333,1.0666666666666667,91188.73333333334,,1098.6666666666667,464.0,34.583333333333336,216.0,2231.516666666667,3889.983333333333,13.0,752095.0166666667,1584.0,36636.7110359172,3024.0,,,,,2.398693532547699,10.363196367095059,34.0,0.0,0.0,,,,,,
starlink,void_b8,4,topological_scheme_asc_1p,552.0,1.0,0.9480374396135266,1.0,0.0,1.446738133021935,1.6797331270531963,1.4466096194635958,1.678539433252708,1.0000800404969983,87.37197551297454,22.352853909767152,72.34842174319989,1.0005176307733141,144.0,64.0,0.01960280773840096,62138.69270036618,0.0,7.3,0.0,15.266666666666667,15.266666666666667,15.266666666666667,15.266666666666667,351.1333333333333,351.1333333333333,24.0,0.0,24.0,0.2833333333333333,1.0666666666666667,93818.9,,1128.5833333333333,464.0,235.28333333333333,216.0,1923.7166666666667,3886.1666666666665,13.0,741366.35,1584.0,30947.160092244547,3024.0,,,,,2.467879313973064,10.398312777773633,34.0,0.0,0.0,,,,,,
starlink,void_b8,4,topological_scheme_req_1p,552.0,1.0,0.7014190821256039,1.0,0.0,1.325305303155258,1.4392205176940516,1.3252556183058584,1.4389239743209112,1.000032373854613,72.38452203229053,7.887507837625251,64.9718536063543,1.0001390693296897,144.0,64.0,0.02381869542886492,58372.750982890524,0.0,10.416666666666666,0.0,19.316666666666666,29.983333333333334,29.983333333333334,15.75,365.25,365.25,48.0,0.0,24.0,0.6166666666666667,1.0666666666666667,93818.9,,1128.5833333333333,464.0,69.68333333333334,216.0,3989.45,3886.1666666666665,13.0,741366.35,1584.0,29118.530654658873,3024.0,,,,,2.467879313973064,10.398312777773633,34.0,0.0,0.0,,,,,,
starlink,void_b8,5,topological_scheme_asc_1p,552.0,1.0,0.9513586956521739,1.0,0.0,1.4655267956164817,1.7116201741825268,1.4654817095436379,1.7115125793803478,1.0000351706569786,87.3257422971107,23.036701734307016,70.4570106178941,1.000044097385986,144.0,64.0,0.01956000684814244,66758.22977324326,0.0,6.383333333333334,0.0,15.233333333333333,15.233333333333333,15.233333333333333,15.233333333333333,350.3666666666667,350.3666666666667,24.0,0.0,24.0,0.2833333333333333,1.0666666666666667,84865.45,,1016.4333333333333,464.0,119.15,216.0,1228.55,3655.9666666666667,15.0,751430.25,1584.0,33110.357815523945,3024.0,,,,,2.2323613741582493,10.223260859788445,34.0,0.0,0.0,,,,,,
starlink,void_b8,5,topological_scheme_req_1p,552.0,1.0,0.7028079710144928,1.0,0.0,1.3236194970043362,1.4435763602573135,1.3235715655056608,1.4435763602573135,1.0000391352122406,71.68305023590376,8.123223819188944,61.83937211484468,1.0,144.0,64.0,0.024203903441191575,71236.4212706685,0.0,7.616666666666666,0.0,19.35,30.333333333333332,30.333333333333332,15.8,366.18333333333334,366.18333333333334,48.0,0.0,24.0,0.5833333333333334,1.0666666666666667,84865.45,,1016.4333333333333,464.0,31.516666666666666,216.0,2135.116666666667,3655.9666666666667,15.0,751430.25,1584.0,35386.381620417036,3024.0,,,,,2.2323613741582493,10.223260859788445,34.0,0.0,0.0,,,,,,
telesat,cut,1,topological_scheme_asc_1p,552.0,0.5163647342995169,0.6832534206525552,1.0,0.0,1.2131724367851913,1.234337044713755,1.2131676568306078,1.234337044713755,1.000003619259729,53.77675303259692,7.167270029442602,19.40328245524506,1.0,26.0,0.0,0.03476749239461104,3559.7998447716236,0.0,49.483333333333334,0.0,6.0,6.0,6.0,6.0,138.0,138.0,24.0,0.0,24.0,3.75,0.43333333333333335,0.0,,0.0,0.0,0.0,0.0,0.0,0.0,0.0,87585.78333333334,351.0,3098.4798108537993,676.0,,,,,0.0,,0.0,0.0,0.0,0.0,1.0,0.0,0.0,0.0,
telesat,cut,1,topological_scheme_req_1p,552.0,0.9648248792270532,0.7333750586762635,1.0,0.0,1.2283892960558875,1.2448275391933612,1.2283773772453643,1.2448275391933612,1.000005042293974,71.93876563012503,8.341873305671356,30.387809758610054,1.0,26.0,0.0,0.04732242020377614,4710.088397065799,0.0,59.06666666666667,0.0,10.683333333333334,12.0,12.0,7.0,163.88333333333333,163.88333333333333,48.0,0.0,24.0,7.383333333333334,0.43333333333333335,0.0,,0.0,0.0,0.0,0.0,0.0,0.0,0.0,87585.78333333334,351.0,4016.905943801006,676.0,,,,,0.0,,0.0,0.0,0.0,0.0,1.0,0.0,0.0,0.0,
telesat,isl_p0.01,1,topological_scheme_asc_1p,552.0,1.0,0.7830615942028986,1.0,0.0,1.2592829267509933,1.3718918937510414,1.2591345718040157,1.371505300506659,1.0000854468154903,70.4350183732447,13.17014426787253,46.84591084643244,1.0001658111916263,9.2,0.0,0.03476749239461104,4096.124820659558,0.0,9.6,0.0,6.0,6.0,6.0,6.0,138.0,138.0,24.0,0.0,24.0,3.75,1.8666666666666667,6366.983333333334,,345.05,148.15,35.68333333333333,61.0,208.71666666666667,1119.55,10.0,50296.26666666667,148.15,1601.0952932139237,692.8,,,,,0.7558147356758468,2.760723943049953,11.0,0.0,0.0,,,,,,
telesat,isl_p0.01,1,topological_scheme_req_1p,552.0,1.0,0.7213768115942029,1.0,0.0,1.1798727556487465,1.1935970474104527,1.179765912413346,1.1935970474104527,1.0000928347093097,63.698880188743026,6.608571683462247,22.298088395887252,1.0,9.2,0.0,0.04732242020377614,4538.398505498965,0.0,19.166666666666668,0.0,10.683333333333334,12.0,12.0,7.0,163.68333333333334,163.68333333333334,48.0,0.0,24.0,7.383333333333334,1.8666666666666667,6366.983333333334,,345.05,148.15,51.85,61.0,634.0166666666667,1119.55,10.0,50296.26666666667,148.15,1687.7667799592018,692.8,,,,,0.7558147356758468,2.760723943049953,11.0,0.0,0.0,,,,,,
telesat,isl_p0.01,2,topological_scheme_asc_1p,552.0,1.0,0.7815821256038648,1.0,0.0,1.2586622857800576,1.3700246816890838,1.2584695583758527,1.369495677011528,1.0001247708405203,70.35292273403428,13.13334600288067,46.764660112218806,1.0002324780556346,6.533333333333333,0.0,0.03476749239461104,4748.22914575537,0.0,8.0,0.0,6.0,6.0,6.0,6.0,138.0,138.0,24.0,0.0,24.0,3.75,1.7333333333333334,4777.35,,346.1,105.45,34.86666666666667,49.0,337.1166666666667,929.6333333333333,10.0,47046.2,105.45,1777.6410753528278,695.4666666666667,,,,,0.5671118233618233,3.407035281065863,14.0,0.0,0.0,,,,,,
telesat,isl_p0.01,2,topological_scheme_req_1p,552.0,1.0,0.7243659420289855,1.0,0.0,1.1779634042563611,1.1915285612636157,1.1778681401237658,1.1915247871090262,1.000083027589401,63.37832884951842,6.540341017700047,21.592198281962347,1.0000033548040794,6.533333333333333,0.0,0.04732242020377614,4782.896601905425,0.0,10.55,0.0,10.683333333333334,12.0,12.0,7.0,163.68333333333334,163.68333333333334,48.0,0.0,24.0,7.383333333333334,1.7333333333333334,4777.35,,346.1,105.45,37.88333333333333,49.0,534.2166666666667,929.6333333333333,10.0,47046.2,105.45,1724.7974030673504,695.4666666666667,,,,,0.5671118233618233,3.407035281065863,14.0,0.0,0.0,,,,,,
telesat,isl_p0.01,3,topological_scheme_asc_1p,552.0,1.0,0.7824275362318841,1.0,0.0,1.2579335173192336,1.3700578942494706,1.2578895412804212,1.3697900011622839,1.0000259873611825,70.21497231838018,13.06744631816292,46.60936200790216,1.0001066753694232,7.416666666666667,0.0,0.03476749239461104,5548.896470169227,0.0,9.066666666666666,0.0,6.0,6.0,6.0,6.0,138.0,138.0,24.0,0.0,24.0,3.75,1.5333333333333334,4641.916666666667,,345.31666666666666,122.08333333333333,20.766666666666666,113.0,174.86666666666667,967.8,9.0,47300.85,122.08333333333333,2039.5560746391614,694.5833333333334,,,,,0.5510347420069642,3.1627345026300198,14.0,0.0,0.0,,,,,,
telesat,isl_p0.01,3,topological_scheme_req_1p,552.0,1.0,0.7230374396135266,1.0,0.0,1.1776790390138159,1.1913049265381694,1.1775686172720832,1.1912327982504614,1.0000980786833817,63.410441606544765,6.5122507166181505,21.58301328185504,1.0000670960815887,7.416666666666667,0.0,0.04732242020377614,6088.061446448167,0.0,15.15,0.0,10.683333333333334,12.0,12.0,7.0,163.68333333333334,163.68333333333334,48.0,0.0,24.0,7.383333333333334,1.5333333333333334,4641.916666666667,,345.31666666666666,122.08333333333333,39.666666666666664,113.0,543.2166666666667,967.8,9.0,47300.85,122.08333333333333,2166.109760850668,694.5833333333334,,,,,0.5510347420069642,3.1627345026300198,14.0,0.0,0.0,,,,,,
telesat,isl_p0.01,4,topological_scheme_asc_1p,552.0,1.0,0.782608695652174,1.0,0.0,1.2592864114507163,1.3711166072420602,1.2591417565095935,1.3707418451281679,1.000094533198964,70.34516619974615,13.131262273107781,46.932499276176465,1.0001795824509354,6.016666666666667,0.0,0.03476749239461104,5233.704117933909,0.0,9.583333333333334,0.0,6.0,6.0,6.0,6.0,138.0,138.0,24.0,0.0,24.0,3.75,1.4833333333333334,3894.016666666667,,345.96666666666664,114.2,32.86666666666667,103.0,163.21666666666667,835.1333333333333,9.0,46322.55,114.2,1989.5093215008576,695.9833333333333,,,,,0.46225269072491293,3.6164115031180315,13.0,0.0,0.0,,,,,,
telesat,isl_p0.01,4,topological_scheme_req_1p,552.0,1.0,0.7219202898550725,1.0,0.0,1.1788173701006448,1.1926797870842256,1.1787327788678112,1.1926797870842256,1.000069325463978,63.498563971464606,6.561239346282109,21.96090965779797,1.0,6.016666666666667,0.0,0.04732242020377614,3093.2742945849895,0.0,13.083333333333334,0.0,10.683333333333334,12.0,12.0,7.0,163.68333333333334,163.68333333333334,48.0,0.0,24.0,7.383333333333334,1.4833333333333334,3894.016666666667,,345.96666666666664,114.2,31.133333333333333,103.0,366.68333333333334,835.1333333333333,9.0,46322.55,114.2,1168.2439704736073,695.9833333333333,,,,,0.46225269072491293,3.6164115031180315,13.0,0.0,0.0,,,,,,
telesat,isl_p0.01,5,topological_scheme_asc_1p,552.0,1.0,0.7820652173913043,1.0,0.0,1.2604738276601273,1.371920812597896,1.260355836397847,1.3714563377946527,1.0000760490633114,70.40736887585317,13.220814168052955,47.177999026405935,1.0002029779806447,6.466666666666667,0.0,0.03476749239461104,6107.779770096143,0.0,7.733333333333333,0.0,6.0,6.0,6.0,6.0,138.0,138.0,24.0,0.0,24.0,3.75,1.5,4599.6,,350.71666666666664,103.36666666666666,35.3,102.0,206.95,956.4,9.0,46929.51666666667,103.36666666666666,2148.398240904013,695.5333333333333,,,,,0.546011396011396,3.3775980520045223,14.0,0.0,0.0,,,,,,
telesat,isl_p0.01,5,topological_scheme_req_1p,552.0,1.0,0.7233393719806763,1.0,0.0,1.1772310779727522,1.1912400524696722,1.1771517437273653,1.1912185817235639,1.0000715593893992,63.36380063703434,6.516842221723179,21.498594703203892,1.0000189088957205,6.466666666666667,0.0,0.04732242020377614,3711.189049730698,0.0,10.316666666666666,0.0,10.683333333333334,12.0,12.0,7.0,163.68333333333334,163.68333333333334,48.0,0.0,24.0,7.383333333333334,1.5,4599.6,,350.71666666666664,103.36666666666666,26.25,102.0,448.18333333333334,956.4,9.0,46929.51666666667,103.36666666666666,1288.4158944090207,695.5333333333333,,,,,0.546011396011396,3.3775980520045223,14.0,0.0,0.0,,,,,,
telesat,isl_p0.02,1,topological_scheme_asc_1p,552.0,1.0,0.7831521739130435,1.0,0.0,1.2650819429296414,1.3751784297459122,1.2647729879633924,1.3742123757884626,1.0001919887265682,70.92341965974619,13.462344543204868,47.72136965815981,1.0004320004471194,13.766666666666667,0.0,0.03476749239461104,6156.351010501385,0.0,20.833333333333332,0.0,6.0,6.0,6.0,6.0,138.0,138.0,24.0,0.0,24.0,3.75,2.8666666666666667,9165.55,,350.96666666666664,190.31666666666666,97.46666666666667,139.0,591.2333333333333,1488.85,17.0,54454.95,190.31666666666666,2271.3061528901258,688.2333333333333,,,,,1.0880282526115859,2.338468504345075,7.0,0.0,0.0,,,,,,
telesat,isl_p0.02,1,topological_scheme_req_1p,552.0,1.0,0.7209842995169082,1.0,0.0,1.1800162008727653,1.192616776926106,1.1799212568850712,1.1925693903184842,1.000082457982387,63.68533407175327,6.591919769258642,22.17563681062728,1.0000436124530325,13.766666666666667,0.0,0.04732242020377614,4338.839158167441,0.0,26.183333333333334,0.0,10.683333333333334,12.0,12.0,7.0,163.68333333333334,163.68333333333334,48.0,0.0,24.0,7.383333333333334,2.8666666666666667,9165.55,,350.96666666666664,190.31666666666666,77.43333333333334,139.0,1032.95,1488.85,17.0,54454.95,190.31666666666666,1560.2858886122704,688.2333333333333,,,,,1.0880282526115859,2.338468504345075,7.0,0.0,0.0,,,,,,
telesat,isl_p0.02,2,topological_scheme_asc_1p,552.0,1.0,0.7827898550724638,1.0,0.0,1.2643124176213383,1.3739839310582065,1.2640373138681615,1.3731349020343584,1.000167979599945,70.78672993349143,13.407222938162672,47.317988277983204,1.0003779581478327,12.0,0.0,0.03476749239461104,6452.214925239484,0.0,21.966666666666665,0.0,6.0,6.0,6.0,6.0,138.0,138.0,24.0,0.0,24.0,3.75,2.85,9564.6,,351.0,193.35,77.48333333333333,127.0,537.3666666666667,1423.1333333333334,12.0,54255.71666666667,193.35,2403.368896742662,690.0,,,,,1.1353988603988603,2.6349873491834472,9.0,0.0,0.0,,,,,,
telesat,isl_p0.02,2,topological_scheme_req_1p,552.0,1.0,0.7235507246376811,1.0,0.0,1.1795759188383612,1.1925153256901446,1.1794198163828364,1.1924838744018995,1.0001301115051167,63.61111135926931,6.597179518906827,22.013181857191256,1.000030193236715,12.0,0.0,0.04732242020377614,4486.836411803961,0.0,23.866666666666667,0.0,10.683333333333334,12.0,12.0,7.0,163.68333333333334,163.68333333333334,48.0,0.0,24.0,7.383333333333334,2.85,9564.6,,351.0,193.35,53.85,127.0,938.85,1423.1333333333334,12.0,54255.71666666667,193.35,1647.117765744527,690.0,,,,,1.1353988603988603,2.6349873491834472,9.0,0.0,0.0,,,,,,
telesat,isl_p0.02,3,topological_scheme_asc_1p,552.0,1.0,0.7821859903381643,1.0,0.0,1.2649109577146922,1.3740335592849178,1.2646623105134018,1.373134064422561,1.0001499072068858,70.91031016068821,13.421714111364794,47.47729411132836,1.0003747231581845,15.083333333333334,0.0,0.03476749239461104,6324.122064809005,0.0,22.716666666666665,0.0,6.0,6.0,6.0,6.0,138.0,138.0,24.0,0.0,24.0,3.75,3.1333333333333333,11097.683333333332,,350.96666666666664,218.21666666666667,88.18333333333334,191.0,644.9666666666667,1601.35,16.0,57189.166666666664,218.21666666666667,2410.1788572967052,686.9166666666666,,,,,1.317388809749921,2.221346497241917,9.0,0.0,0.0,,,,,,
telesat,isl_p0.02,3,topological_scheme_req_1p,552.0,1.0,0.7212258454106281,1.0,0.0,1.1819716181059867,1.1940415872707542,1.1818103988801492,1.1938685632503567,1.0001438824080495,63.79334222665113,6.656773705716265,22.453721935000218,1.0001633789586688,15.083333333333334,0.0,0.04732242020377614,4154.966878394286,0.0,29.966666666666665,0.0,10.683333333333334,12.0,12.0,7.0,163.68333333333334,163.68333333333334,48.0,0.0,24.0,7.383333333333334,3.1333333333333333,11097.683333333332,,350.96666666666664,218.21666666666667,82.55,191.0,1137.2,1601.35,16.0,57189.166666666664,218.21666666666667,1533.6397583285968,686.9166666666666,,,,,1.317388809749921,2.221346497241917,9.0,0.0,0.0,,,,,,
telesat,isl_p0.02,4,topological_scheme_asc_1p,552.0,1.0,0.7826690821256038,1.0,0.0,1.2640722719697217,1.3740728856489721,1.263829337372082,1.3732697673367964,1.0001518288597286,70.70215962411572,13.365341519417274,47.28670964208963,1.000345650891194,10.5,0.0,0.03476749239461104,4062.3225055634975,0.0,16.616666666666667,0.0,6.0,6.0,6.0,6.0,138.0,138.0,24.0,0.0,24.0,3.75,2.533333333333333,7533.0,,350.05,165.68333333333334,73.5,139.0,461.55,1264.5,11.0,51461.38333333333,165.68333333333334,1532.0893590648968,691.5,,,,,0.8942307692307693,2.6958692862516043,10.0,0.0,0.0,,,,,,
telesat,isl_p0.02,4,topological_scheme_req_1p,552.0,1.0,0.7240338164251208,1.0,0.0,1.17922503080158,1.1921466490601456,1.1790389536796733,1.192033843772974,1.0001697827695488,63.55055377466942,6.580510756115428,21.83693941757571,1.0001030534816768,10.5,0.0,0.04732242020377614,6766.96798975269,0.0,19.066666666666666,0.0,10.683333333333334,12.0,12.0,7.0,163.68333333333334,163.68333333333334,48.0,0.0,24.0,7.383333333333334,2.533333333333333,7533.0,,350.05,165.68333333333334,52.13333333333333,139.0,741.6833333333333,1264.5,11.0,51461.38333333333,165.68333333333334,2434.403820335865,691.5,,,,,0.8942307692307693,2.6958692862516043,10.0,0.0,0.0,,,,,,
telesat,isl_p0.02,5,topological_scheme_asc_1p,552.0,1.0,0.7867451690821256,1.0,0.0,1.2684946594685167,1.3790863320958429,1.2681220107234314,1.3778252285657173,1.0002357027044957,71.08227593120364,13.63194973903739,48.31620957366671,1.0005579867313268,13.966666666666667,0.0,0.03476749239461104,4344.093558440606,0.0,22.2,0.0,6.0,6.0,6.0,6.0,138.0,138.0,24.0,0.0,24.0,3.75,3.0833333333333335,9915.883333333333,,350.96666666666664,208.58333333333334,90.11666666666666,191.0,451.35,1597.65,14.0,54872.05,208.58333333333334,1675.9339715043704,688.0333333333333,,,,,1.1770991611269388,2.348798980759825,9.0,0.0,0.0,,,,,,
telesat,isl_p0.02,5,topological_scheme_req_1p,552.0,1.0,0.7220712560386473,1.0,0.0,1.1807924689176967,1.1942846243095335,1.1806277663279763,1.1942846243095335,1.0001419338959914,63.8263237440669,6.654585971074922,22.47905499151156,1.0,13.966666666666667,0.0,0.04732242020377614,7435.020301491022,0.0,30.516666666666666,0.0,10.683333333333334,12.0,12.0,7.0,163.68333333333334,163.68333333333334,48.0,0.0,24.0,7.383333333333334,3.0833333333333335,9915.883333333333,,350.96666666666664,208.58333333333334,74.81666666666666,191.0,982.9666666666667,1597.65,14.0,54872.05,208.58333333333334,2697.0781423151493,688.0333333333333,,,,,1.1770991611269388,2.348798980759825,9.0,0.0,0.0,,,,,,
telesat,isl_p0.05,1,topological_scheme_asc_1p,552.0,1.0,0.7873490338164251,1.0,0.0,1.284052534867055,1.390216573885052,1.283349791274476,1.3880254293478933,1.0004222739069064,72.51950784935735,14.48397857610849,50.289768517899574,1.000959737910865,28.683333333333334,0.0,0.03476749239461104,6752.956842382749,0.0,56.86666666666667,0.0,6.0,6.0,6.0,6.0,138.0,138.0,24.0,0.0,24.0,3.75,6.616666666666666,19838.483333333334,,351.0,297.5,206.38333333333333,208.0,1095.5166666666667,2551.3333333333335,22.0,69048.56666666667,297.5,2907.6746640106044,673.3166666666667,,,,,2.3549956473567586,1.5639224772727083,6.0,0.0,0.0,,,,,,
telesat,isl_p0.05,1,topological_scheme_req_1p,552.0,1.0,0.7216485507246376,1.0,0.0,1.1911986280481912,1.1993883236999179,1.1909317471249705,1.1993325119593234,1.00023575649071,64.55033560228506,6.973187489420049,24.446733945745194,1.000050779534475,28.683333333333334,0.0,0.04732242020377614,5035.063849389553,0.0,63.43333333333333,0.0,10.683333333333334,12.0,12.0,7.0,163.68333333333334,163.68333333333334,48.0,0.0,24.0,7.383333333333334,6.616666666666666,19838.483333333334,,351.0,297.5,146.46666666666667,208.0,1987.0333333333333,2551.3333333333335,22.0,69048.56666666667,297.5,2138.8327504197755,673.3166666666667,,,,,2.3549956473567586,1.5639224772727083,6.0,0.0,0.0,,,,,,
telesat,isl_p0.05,2,topological_scheme_asc_1p,552.0,1.0,0.7872886473429952,1.0,0.0,1.2787090980635483,1.3852637821953941,1.2782483176455484,1.3835424681665622,1.0002931374386936,72.62663891682703,14.439800867764642,50.58870526086285,1.000758996231343,32.78333333333333,0.0,0.03476749239461104,7837.540571888288,0.0,59.43333333333333,0.0,6.0,6.0,6.0,6.0,138.0,138.0,24.0,0.0,24.0,3.75,6.833333333333333,22901.9,,351.0,320.96666666666664,223.25,230.0,1172.4666666666667,2806.733333333333,21.0,72227.58333333333,320.96666666666664,3531.8476801117263,669.2166666666667,,,,,2.7186490978157645,1.3750547625597294,6.0,0.0,0.0,,,,,,
telesat,isl_p0.05,2,topological_scheme_req_1p,552.0,1.0,0.7204106280193237,1.0,0.0,1.1930689160951404,1.200117184630319,1.192843316998615,1.1999859170284897,1.000199184012504,64.9056926079474,7.093135957029573,24.995105531824585,1.0001127794809856,32.78333333333333,0.0,0.04732242020377614,5277.161264171203,0.0,73.26666666666667,0.0,10.683333333333334,12.0,12.0,7.0,163.68333333333334,163.68333333333334,48.0,0.0,24.0,7.383333333333334,6.833333333333333,22901.9,,351.0,320.96666666666664,189.95,230.0,2329.9333333333334,2806.733333333333,21.0,72227.58333333333,320.96666666666664,2354.0710670252643,669.2166666666667,,,,,2.7186490978157645,1.3750547625597294,6.0,0.0,0.0,,,,,,
telesat,isl_p0.05,3,topological_scheme_asc_1p,552.0,1.0,0.7855374396135266,1.0,0.0,1.2792141615155208,1.3839596510407202,1.27875459924538,1.382547372196376,1.00028442574714,72.29892993248552,14.230696775010921,49.62855545632973,1.000631066893189,37.88333333333333,0.0,0.03476749239461104,7832.37032070756,0.0,73.31666666666666,0.0,6.0,6.0,6.0,6.0,138.0,138.0,24.0,0.0,24.0,3.75,7.733333333333333,28289.466666666667,,351.0,337.1666666666667,209.41666666666666,243.0,1388.1166666666666,3187.483333333333,22.0,78328.83333333333,337.1666666666667,3762.3304901023707,664.1166666666667,,,,,3.358198797087686,1.2992379967102008,6.0,0.0,0.0,,,,,,
telesat,isl_p0.05,3,topological_scheme_req_1p,552.0,1.0,0.7176328502415459,1.0,0.0,1.1867156073004328,1.1962302689091642,1.1864020352415734,1.196032825618423,1.0002746998496979,64.57618621283414,6.860045689784991,24.040956634013728,1.000178307836822,37.88333333333333,0.0,0.04732242020377614,6128.782474249601,0.0,83.81666666666666,0.0,10.683333333333334,12.0,12.0,7.0,163.68333333333334,163.68333333333334,48.0,0.0,24.0,7.383333333333334,7.733333333333333,28289.466666666667,,351.0,337.1666666666667,173.23333333333332,243.0,2764.733333333333,3187.483333333333,22.0,78328.83333333333,337.1666666666667,2913.1494047741094,664.1166666666667,,,,,3.358198797087686,1.2992379967102008,6.0,0.0,0.0,,,,,,
telesat,isl_p0.05,4,topological_scheme_asc_1p,552.0,1.0,0.7831219806763285,1.0,0.0,1.2711414080204053,1.380465655771362,1.2705807783859162,1.3788548542171728,1.0003509960930594,71.77898652877167,13.936113788135028,49.84555607557578,1.0007179700080517,31.333333333333332,0.0,0.03476749239461104,6719.717458883922,0.0,50.833333333333336,0.0,6.0,6.0,6.0,6.0,138.0,138.0,24.0,0.0,24.0,3.75,6.966666666666667,20742.616666666665,,351.0,308.6166666666667,170.96666666666667,210.0,959.6166666666667,2539.9666666666667,21.0,70565.68333333333,308.6166666666667,2970.8835005760193,670.6666666666666,,,,,2.462323915796138,1.443188218779855,6.0,0.0,0.0,,,,,,
telesat,isl_p0.05,4,topological_scheme_req_1p,552.0,1.0,0.7184178743961352,1.0,0.0,1.1847720174268195,1.1952832076337516,1.1845264543278917,1.1952385048693928,1.000210984450007,64.21652558365405,6.739473301970183,23.429035446700528,1.0000411115990824,31.333333333333332,0.0,0.04732242020377614,6023.958983023961,0.0,69.18333333333334,0.0,10.683333333333334,12.0,12.0,7.0,163.68333333333334,163.68333333333334,48.0,0.0,24.0,7.383333333333334,6.966666666666667,20742.616666666665,,351.0,308.6166666666667,145.5,210.0,2045.0166666666667,2539.9666666666667,21.0,70565.68333333333,308.6166666666667,2632.549055169026,670.6666666666666,,,,,2.462323915796138,1.443188218779855,6.0,0.0,0.0,,,,,,
telesat,isl_p0.05,5,topological_scheme_asc_1p,552.0,1.0,0.7834239130434782,1.0,0.0,1.2679457157544864,1.376485026312925,1.2673503581856864,1.3751979393895153,1.0003843107189085,71.99419336380411,13.849390869496714,48.859193406613194,1.0005845203419532,41.7,0.0,0.03476749239461104,6575.840154538552,0.0,65.81666666666666,0.0,6.0,6.0,6.0,6.0,138.0,138.0,24.0,0.0,24.0,3.75,7.85,28550.733333333334,,350.9,335.8833333333333,200.56666666666666,251.0,1376.2166666666667,3123.5333333333333,25.0,79051.21666666666,336.3333333333333,3163.522977133592,660.3,,,,,3.3892133586578033,1.2323244470077825,5.0,0.0,0.0,,,,,,
telesat,isl_p0.05,5,topological_scheme_req_1p,552.0,1.0,0.7165458937198068,1.0,0.0,1.1838299931530447,1.1948070901354413,1.1833563863928094,1.1946728141021619,1.0004086682773412,64.85970287308683,6.858095394637193,24.14512101745085,1.0001258051529789,41.7,0.0,0.04732242020377614,5351.353492836158,0.0,104.45,0.0,10.683333333333334,12.0,12.0,7.0,163.68333333333334,163.68333333333334,48.0,0.0,24.0,7.383333333333334,7.85,28550.733333333334,,350.9,335.8833333333333,217.11666666666667,251.0,3094.2166666666667,3123.5333333333333,25.0,79051.21666666666,336.3333333333333,2574.2120722929635,660.3,,,,,3.3892133586578033,1.2323244470077825,5.0,0.0,0.0,,,,,,
telesat,isl_p0.10,1,topological_scheme_asc_1p,552.0,1.0,0.793719806763285,1.0,0.0,1.2841382683525966,1.3898894969094244,1.2835134273460982,1.3882653643659078,1.00039862257562,74.10928017224047,15.003956309648846,52.139452232510614,1.0007204627231856,71.33333333333333,0.0,0.03476749239461104,5323.836829016606,0.0,162.25,0.0,6.0,6.0,6.0,6.0,138.0,138.0,24.0,0.0,24.0,3.75,15.083333333333334,43892.683333333334,,351.0,350.3666666666667,317.5833333333333,298.0,2224.0666666666666,4654.466666666666,32.0,94945.46666666666,350.3666666666667,2952.6679975291095,630.6666666666666,,,,,5.210432494460273,0.8325989031581194,4.0,0.0,0.0,,,,,,
telesat,isl_p0.10,1,topological_scheme_req_1p,552.0,1.0,0.7156702898550724,1.0,0.0,1.1968321596513172,1.2037402455133432,1.1963299695955985,1.2033871433350602,1.0004406050202994,66.2504381641227,7.367541112611031,27.157664249775248,1.0003156101899306,71.33333333333333,0.0,0.04732242020377614,6890.08154173692,0.0,202.86666666666667,0.0,10.683333333333334,12.0,12.0,7.0,163.68333333333334,163.68333333333334,48.0,0.0,24.0,7.383333333333334,15.083333333333334,43892.683333333334,,351.0,350.3666666666667,315.8,298.0,4734.666666666667,4654.466666666666,32.0,94945.46666666666,350.3666666666667,3788.741960376501,630.6666666666666,,,,,5.210432494460273,0.8325989031581194,4.0,0.0,0.0,,,,,,
telesat,isl_p0.10,2,topological_scheme_asc_1p,552.0,1.0,0.789975845410628,1.0,0.0,1.2915000588185332,1.3919959442060887,1.2909133130487955,1.3898229929457286,1.0003593908694963,74.49977370485338,15.3091906929586,52.79949476704431,1.0009335443061456,72.11666666666666,0.0,0.03476749239461104,7408.45918605725,0.0,164.36666666666667,0.0,6.0,6.0,6.0,6.0,138.0,138.0,24.0,0.0,24.0,3.75,15.85,48918.683333333334,,351.0,350.8,364.81666666666666,325.0,2388.016666666667,4995.933333333333,32.0,97850.0,350.8,4251.712099959453,629.8833333333333,,,,,5.8070611744222855,0.7934776794551229,4.0,0.0,0.0,,,,,,
telesat,isl_p0.10,2,topological_scheme_req_1p,552.0,1.0,0.7190217391304348,1.0,0.0,1.2004431133330695,1.2050973802264564,1.1999434436708514,1.2048111468174871,1.0004378504235192,66.63321579066597,7.536381384102177,27.391330900789523,1.0002602800111857,72.11666666666666,0.0,0.04732242020377614,4673.337093989055,0.0,197.75,0.0,10.683333333333334,12.0,12.0,7.0,163.68333333333334,163.68333333333334,48.0,0.0,24.0,7.383333333333334,15.85,48918.683333333334,,351.0,350.8,339.55,325.0,5058.45,4995.933333333333,32.0,97850.0,350.8,2662.28375112017,629.8833333333333,,,,,5.8070611744222855,0.7934776794551229,4.0,0.0,0.0,,,,,,
telesat,isl_p0.10,3,topological_scheme_asc_1p,552.0,1.0,0.7932065217391304,1.0,0.0,1.294720434525379,1.39721615081443,1.2940490672943294,1.395422943769864,1.0004320991876097,74.54274631932302,15.434781444598574,53.30492192227196,1.0008213934072199,67.26666666666667,0.0,0.03476749239461104,7630.848537882169,0.0,140.3,0.0,6.0,6.0,6.0,6.0,138.0,138.0,24.0,0.0,24.0,3.75,14.0,42838.38333333333,,351.0,349.7,347.56666666666666,286.0,2105.5333333333333,4382.316666666667,33.0,94370.06666666667,349.7,4208.726059645414,634.7333333333333,,,,,5.085278173472618,0.859138008242608,4.0,0.0,0.0,,,,,,
telesat,isl_p0.10,3,topological_scheme_req_1p,552.0,1.0,0.7197463768115943,1.0,0.0,1.1973725761077787,1.2037621857141776,1.1970193932456221,1.2035056793548635,1.0003147763014686,66.17341536044499,7.289507646742213,26.48471883686133,1.0002097682158824,67.26666666666667,0.0,0.04732242020377614,6236.022915691137,0.0,185.6,0.0,10.683333333333334,12.0,12.0,7.0,163.68333333333334,163.68333333333334,48.0,0.0,24.0,7.383333333333334,14.0,42838.38333333333,,351.0,349.7,334.93333333333334,286.0,4675.766666666666,4382.316666666667,33.0,94370.06666666667,349.7,3366.8772980570793,634.7333333333333,,,,,5.085278173472618,0.859138008242608,4.0,0.0,0.0,,,,,,
telesat,isl_p0.10,4,topological_scheme_asc_1p,552.0,1.0,0.7901871980676328,1.0,0.0,1.2943621296073486,1.393874638763679,1.2937258461878307,1.3922346046666696,1.0004162403893238,74.79759984263504,15.342445622491077,51.475767283491614,1.0007542848534026,66.08333333333333,0.0,0.03476749239461104,5748.94680728515,0.0,153.98333333333332,0.0,6.0,6.0,6.0,6.0,138.0,138.0,24.0,0.0,24.0,3.75,15.066666666666666,42362.86666666667,,351.0,349.3333333333333,349.8833333333333,299.0,2348.0833333333335,4348.483333333334,31.0,93863.53333333334,349.3333333333333,3199.7418155272803,635.9166666666666,,,,,5.028830326052549,0.8485804391581936,4.0,0.0,0.0,,,,,,
telesat,isl_p0.10,4,topological_scheme_req_1p,552.0,1.0,0.7166968599033816,1.0,0.0,1.1981025266252812,1.2030161710437977,1.1976291901709897,1.2026771288795748,1.0004159440658222,66.17948281456364,7.340797838193938,26.92419554563017,1.0002798293695032,66.08333333333333,0.0,0.04732242020377614,5101.420399049918,0.0,179.96666666666667,0.0,10.683333333333334,12.0,12.0,7.0,163.68333333333334,163.68333333333334,48.0,0.0,24.0,7.383333333333334,15.066666666666666,42362.86666666667,,351.0,349.3333333333333,329.1333333333333,299.0,4596.233333333334,4348.483333333334,31.0,93863.53333333334,349.3333333333333,2781.3727336625257,635.9166666666666,,,,,5.028830326052549,0.8485804391581936,4.0,0.0,0.0,,,,,,
telesat,isl_p0.10,5,topological_scheme_asc_1p,552.0,1.0,0.7910628019323671,1.0,0.0,1.3129051319121046,1.4077957196956294,1.3120211848723287,1.4044798727339487,1.0005506174785346,76.411561188592,16.27963399922178,55.11802784299246,1.00149828530711,75.83333333333333,0.0,0.03476749239461104,7776.5232021609945,0.0,175.55,0.0,6.0,6.0,6.0,6.0,138.0,138.0,24.0,0.0,24.0,3.75,16.466666666666665,49675.05,,350.98333333333335,350.7,422.9166666666667,310.0,2614.65,5021.516666666666,37.0,97803.45,350.71666666666664,4437.906963626544,626.1666666666666,,,,,5.896848290598291,0.7742468301491393,4.0,0.0,0.0,,,,,,
telesat,isl_p0.10,5,topological_scheme_req_1p,552.0,1.0,0.7143417874396135,1.0,0.0,1.205549727604413,1.2082850229815818,1.2050013144298657,1.207898868693706,1.0004869846235178,67.1603382474609,7.686403316055817,29.067512805756365,1.000329573551547,75.83333333333333,0.0,0.04732242020377614,4662.467458844185,0.0,214.83333333333334,0.0,10.683333333333334,12.0,12.0,7.0,163.68333333333334,163.68333333333334,48.0,0.0,24.0,7.383333333333334,16.466666666666665,49675.05,,350.98333333333335,350.7,369.6666666666667,310.0,5235.516666666666,5021.516666666666,37.0,97803.45,350.71666666666664,2676.384681959947,626.1666666666666,,,,,5.896848290598291,0.7742468301491393,4.0,0.0,0.0,,,,,,
telesat,isl_p0.20,1,topological_scheme_asc_1p,548.3833333333333,0.9929793635838677,0.8022465719882468,1.0,0.0,1.348777203542565,1.4264943784892057,1.3482098929634898,1.4239576422580977,1.000379020214619,81.7122939650396,19.065405473356726,62.48557718714099,1.0011656969202667,144.21666666666667,0.0,0.03476749239461104,6780.909092724323,0.0,449.3333333333333,0.0,6.0,6.0,6.0,6.0,138.0,138.0,24.0,0.0,24.0,3.75,30.883333333333333,79586.78333333334,,349.9,349.9,653.9333333333333,347.0,4353.433333333333,7561.8,47.0,115582.68333333333,351.0,4618.6102750400705,557.7833333333333,,,,,9.447623852484963,0.4122677823181278,2.0,0.0,0.0,0.0,1.0,0.0,0.0,0.0,
telesat,isl_p0.20,1,topological_scheme_req_1p,549.8166666666667,0.9952105247203613,0.7119186135055283,1.0,0.0,1.2453994915175,1.2344976185087844,1.2448911823272486,1.2335030899206705,1.0004147253774565,71.83134134564956,9.429175240553134,37.36504401891665,1.0007484115278291,144.21666666666667,0.0,0.04732242020377614,7762.3496025800705,0.0,504.71666666666664,0.0,10.683333333333334,12.0,12.0,7.0,163.68333333333334,163.68333333333334,48.0,0.0,24.0,7.383333333333334,30.883333333333333,79586.78333333334,,349.9,349.9,631.7,347.0,8831.983333333334,7561.8,47.0,115582.68333333333,351.0,5234.313766658306,557.7833333333333,,,,,9.447623852484963,0.4122677823181278,2.0,0.0,0.0,0.0,1.0,0.0,0.0,0.0,
telesat,isl_p0.20,2,topological_scheme_asc_1p,552.0,1.0,0.7998490338164251,1.0,0.0,1.3774919128591978,1.4479988307116936,1.3771636324469791,1.445135758548349,1.0002316808474792,82.95529484931338,20.14723518003219,65.25393298411343,1.001216964735089,146.2,0.0,0.03476749239461104,5297.790405899286,0.0,457.45,0.0,6.0,6.0,6.0,6.0,138.0,138.0,24.0,0.0,24.0,3.75,31.566666666666666,79223.68333333333,,349.73333333333335,349.73333333333335,736.8333333333334,346.0,4386.95,7609.15,48.0,115520.7,351.0,3646.6570489108562,555.8,,,,,9.404520813548592,0.4102016211061465,3.0,0.0,0.0,,,,,,
telesat,isl_p0.20,2,topological_scheme_req_1p,551.2666666666667,0.9986092635143307,0.7154707841356343,1.0,0.0,1.2597916566926424,1.2444672494979039,1.259365766336811,1.2436919663997317,1.0003842589929803,72.83823770190644,9.855328344476442,40.047935314529056,1.000588231728438,146.2,0.0,0.04732242020377614,5205.645136535168,0.0,534.1666666666666,0.0,10.683333333333334,12.0,12.0,7.0,163.68333333333334,163.68333333333334,48.0,0.0,24.0,7.383333333333334,31.566666666666666,79223.68333333333,,349.73333333333335,349.73333333333335,677.95,346.0,9000.866666666667,7609.15,48.0,115520.7,351.0,3506.0759894549847,555.8,,,,,9.404520813548592,0.4102016211061465,3.0,0.0,0.0,0.0,1.0,0.0,0.0,0.0,
telesat,isl_p0.20,3,topological_scheme_asc_1p,550.9,0.9979427603315786,0.7936397259443401,1.0,0.0,1.3663064642991254,1.4357219467106994,1.365911168237738,1.4334803483298297,1.0002756209804449,81.69053819537078,19.430618275871893,63.96474839136524,1.001007025805684,137.95,0.0,0.03476749239461104,4937.147705008586,0.0,428.05,0.0,6.0,6.0,6.0,6.0,138.0,138.0,24.0,0.0,24.0,3.75,31.266666666666666,78023.93333333333,,350.78333333333336,350.78333333333336,682.2166666666667,337.0,4327.783333333334,7461.4,45.0,114972.31666666667,351.0,3384.0113781392574,564.05,,,,,9.26210034821146,0.430977802537512,3.0,0.0,0.0,0.0,1.0,0.0,0.0,0.0,
telesat,isl_p0.20,3,topological_scheme_req_1p,550.9,0.9983058026260059,0.7153766894963332,1.0,0.0,1.2545880766796678,1.2378619236693968,1.2541128507245256,1.2370389515966518,1.0004211927443283,71.72094120456983,9.408758610837248,38.264321775453276,1.0006281148110823,137.95,0.0,0.04732242020377614,7115.9202588101225,0.0,468.78333333333336,0.0,10.683333333333334,12.0,12.0,7.0,163.68333333333334,163.68333333333334,48.0,0.0,24.0,7.383333333333334,31.266666666666666,78023.93333333333,,350.78333333333336,350.78333333333336,628.15,337.0,8675.85,7461.4,45.0,114972.31666666667,351.0,4786.83596154054,564.05,,,,,9.26210034821146,0.430977802537512,3.0,0.0,0.0,0.0,1.0,0.0,0.0,0.0,
telesat,isl_p0.20,4,topological_scheme_asc_1p,551.3,0.9986093476026362,0.8054916444659724,1.0,0.0,1.3451642749921182,1.4272559796370043,1.3448718821467704,1.4257909414023178,1.0002090629373404,80.83423546001833,18.63574364060573,60.75996849324758,1.000655842169373,137.45,0.0,0.03476749239461104,5618.994073569775,0.0,427.1333333333333,0.0,6.0,6.0,6.0,6.0,138.0,138.0,24.0,0.0,24.0,3.75,30.716666666666665,77428.88333333333,,350.45,350.45,642.2833333333333,345.0,4101.533333333334,7345.2,45.0,114518.35,351.0,3807.1715081731477,564.55,,,,,9.191462883823995,0.43847311070179884,3.0,0.0,0.0,0.0,1.0,0.0,0.0,0.0,
telesat,isl_p0.20,4,topological_scheme_req_1p,550.5666666666667,0.997275534297996,0.7161546867411365,1.0,0.0,1.2384209781561735,1.2327448426290402,1.2378101376970085,1.2317735448237208,1.0005416631667756,71.1519621104482,9.153517595378464,35.414801599570566,1.0006916921524944,137.45,0.0,0.04732242020377614,5271.092093735933,0.0,488.73333333333335,0.0,10.683333333333334,12.0,12.0,7.0,163.68333333333334,163.68333333333334,48.0,0.0,24.0,7.383333333333334,30.716666666666665,77428.88333333333,,350.45,350.45,602.7333333333333,345.0,8479.883333333333,7345.2,45.0,114518.35,351.0,3537.7399091919265,564.55,,,,,9.191462883823995,0.43847311070179884,3.0,0.0,0.0,0.0,1.0,0.0,0.0,0.0,
telesat,isl_p0.20,5,topological_scheme_asc_1p,552.0,1.0,0.811262077294686,1.0,0.0,1.3700197522972404,1.448664866149015,1.3695996640996635,1.4464840643622352,1.0002733349128123,84.60635728416572,20.692375073379335,65.5994240995825,1.0009580634277275,143.1,0.0,0.03476749239461104,7264.294827481111,0.0,451.8333333333333,0.0,6.0,6.0,6.0,6.0,138.0,138.0,24.0,0.0,24.0,3.75,30.683333333333334,79975.1,,350.01666666666665,350.01666666666665,763.25,347.0,4590.35,7536.383333333333,44.0,115466.31666666667,351.0,4986.866540710132,558.9,,,,,9.49372032288699,0.40242317087860263,3.0,0.0,0.0,,,,,,
telesat,isl_p0.20,5,topological_scheme_req_1p,548.9833333333333,0.9979355778863961,0.7196312859359314,1.0,0.0,1.2586478549612186,1.245350508978783,1.258182642507969,1.24413637962739,1.000362024759251,72.86074069927227,10.042045400473707,38.78982140210682,1.0009390903253585,143.1,0.0,0.04732242020377614,7316.272908449173,0.0,503.6666666666667,0.0,10.683333333333334,12.0,12.0,7.0,163.68333333333334,163.68333333333334,48.0,0.0,24.0,7.383333333333334,30.683333333333334,79975.1,,350.01666666666665,350.01666666666665,683.6,347.0,9152.133333333333,7536.383333333333,44.0,115466.31666666667,351.0,4932.510254780452,558.9,,,,,9.49372032288699,0.40242317087860263,3.0,0.0,0.0,0.0,1.0,0.0,0.0,0.0,
telesat,none,1,topological_scheme_asc_1p,552.0,1.0,0.7819142512077295,1.0,0.0,1.256871935090612,1.3693709719728742,1.2568660603677997,1.3693709719728742,1.000004063647476,70.03857626588757,12.991456622937582,46.39070164589998,1.0,0.0,0.0,0.03476749239461104,2343.002221981684,0.0,0.0,0.0,6.0,6.0,6.0,6.0,138.0,138.0,24.0,0.0,24.0,3.75,0.0,0.0,,0.0,0.0,0.0,0.0,0.0,0.0,0.0,39421.666666666664,0.0,1757.404684772094,702.0,,,,,0.0,,0.0,0.0,0.0,,,,,,
telesat,none,1,topological_scheme_req_1p,552.0,1.0,0.7249396135265701,1.0,0.0,1.1766678363943062,1.1911567302464041,1.1766654889539685,1.1911567302464041,1.0000019104842954,63.18293154960195,6.478726389000237,21.19532654608093,1.0,0.0,0.0,0.04732242020377614,1519.6720369160175,0.0,0.0,0.0,10.683333333333334,12.0,12.0,7.0,163.68333333333334,163.68333333333334,48.0,0.0,24.0,7.383333333333334,0.0,0.0,,0.0,0.0,0.0,0.0,0.0,0.0,0.0,39421.666666666664,0.0,1082.942612717549,702.0,,,,,0.0,,0.0,0.0,0.0,,,,,,
telesat,polar_lat60,1,topological_scheme_asc_1p,552.0,1.0,0.7698369565217391,1.0,0.0,1.2549526283969463,1.368654349877176,1.2549467862055004,1.368654349877176,1.000004063647476,70.86069482281127,12.873393629187014,46.55264330599635,1.0,137.61666666666667,0.0,0.03476749239461104,4687.177226692438,0.0,201.01666666666668,0.0,6.0,6.0,6.0,6.0,138.0,138.0,24.0,0.0,24.0,3.75,15.283333333333333,54171.316666666666,,351.0,350.6333333333333,51.96666666666667,191.0,1068.7333333333333,1049.9166666666667,27.0,102024.16666666667,350.6333333333333,2970.779943962892,564.3833333333333,,,,,6.430593146565369,0.867847037131274,2.0,0.0,0.0,,,,,,
telesat,polar_lat60,1,topological_scheme_req_1p,552.0,1.0,0.7206823671497584,1.0,0.0,1.1869349913674094,1.1915324443404152,1.1858683154386063,1.1915324443404152,1.000936834704482,64.69942441723829,7.053795178915777,23.31835936480071,1.0,137.61666666666667,0.0,0.04732242020377614,3817.2871224582195,0.0,51.68333333333333,0.0,10.683333333333334,12.0,12.0,7.0,163.68333333333334,163.68333333333334,48.0,0.0,24.0,7.383333333333334,15.283333333333333,54171.316666666666,,351.0,350.6333333333333,61.18333333333333,191.0,2232.7,1049.9166666666667,27.0,102024.16666666667,350.6333333333333,2370.3964365025363,564.3833333333333,,,,,6.430593146565369,0.867847037131274,2.0,0.0,0.0,,,,,,
telesat,polar_lat75,1,topological_scheme_asc_1p,552.0,1.0,0.778804347826087,1.0,0.0,1.2523723939716036,1.3693558753545165,1.252366529756203,1.3693558753545165,1.000004063647476,70.04612588767208,12.739953182029748,46.158233975218735,1.0,72.81666666666666,0.0,0.03476749239461104,6560.431305567424,0.0,53.983333333333334,0.0,6.0,6.0,6.0,6.0,138.0,138.0,24.0,0.0,24.0,3.75,14.383333333333333,27225.866666666665,,351.0,249.26666666666668,0.65,110.0,200.06666666666666,903.6166666666667,27.0,78494.55,249.26666666666668,3367.646791537603,629.1833333333333,,,,,3.231940487496043,1.3950985337473187,3.0,0.0,0.0,,,,,,
telesat,polar_lat75,1,topological_scheme_req_1p,552.0,1.0,0.7271739130434782,1.0,0.0,1.180138776867657,1.1911567302464041,1.178762948084586,1.1911567302464041,1.0012095664677596,63.69808167135446,6.742269722761638,21.764005082095593,1.0,72.81666666666666,0.0,0.04732242020377614,4153.705315788587,0.0,0.21666666666666667,0.0,10.683333333333334,12.0,12.0,7.0,163.68333333333334,163.68333333333334,48.0,0.0,24.0,7.383333333333334,14.383333333333333,27225.866666666665,,351.0,249.26666666666668,0.0,110.0,404.96666666666664,903.6166666666667,27.0,78494.55,249.26666666666668,2129.6568791071572,629.1833333333333,,,,,3.231940487496043,1.3950985337473187,3.0,0.0,0.0,,,,,,
telesat,sat_p0.005,1,topological_scheme_asc_1p,552.0,1.0,0.7784722222222222,1.0,0.0,1.2581117585013533,1.3700969172232764,1.257924766817504,1.3696597742702818,1.0001304315331652,70.265412819513,13.080206611365714,46.43111060009492,1.000201537388305,7.866666666666666,1.9666666666666666,0.03447776329132261,2713.822089135647,0.0,4.85,0.0,5.95,5.95,5.95,5.95,136.85,136.85,24.0,0.0,24.0,3.7333333333333334,0.13333333333333333,1696.5166666666667,,316.56666666666666,63.43333333333333,21.483333333333334,35.0,140.6,521.15,6.0,43471.3,345.15,1204.8699689408143,694.1333333333333,,,,,0.2013908673630896,5.546669155426315,18.0,0.0,0.0,,,,,,
telesat,sat_p0.005,1,topological_scheme_req_1p,552.0,1.0,0.7233997584541063,1.0,0.0,1.1768897380361203,1.1907758657237824,1.1768526359483145,1.190764962610524,1.000031026383182,63.29540953097585,6.498057915350547,21.370692171564865,1.0000100644122383,7.866666666666666,1.9666666666666666,0.047129267468250524,3790.9132639567056,0.0,8.566666666666666,0.0,10.666666666666666,11.95,11.95,6.983333333333333,163.48333333333332,163.48333333333332,48.0,0.0,24.0,7.366666666666666,0.13333333333333333,1696.5166666666667,,316.56666666666666,63.43333333333333,18.733333333333334,35.0,288.45,521.15,6.0,43471.3,345.15,1573.690349360307,694.1333333333333,,,,,0.2013908673630896,5.546669155426315,18.0,0.0,0.0,,,,,,
telesat,sat_p0.005,2,topological_scheme_asc_1p,552.0,1.0,0.7819142512077295,1.0,0.0,1.2576077703258821,1.3700556373812713,1.2575676537016862,1.3699334266612342,1.00002963541059,70.14279558082418,13.04658856408278,46.4688104163918,1.000053837205172,4.066666666666666,1.0166666666666666,0.034670916026848235,3602.1123826503754,0.0,1.7833333333333334,0.0,5.983333333333333,5.983333333333333,5.983333333333333,5.983333333333333,137.61666666666667,137.61666666666667,24.0,0.0,24.0,3.7666666666666666,0.08333333333333333,1447.2833333333333,,154.91666666666666,34.88333333333333,7.816666666666666,32.0,39.583333333333336,301.95,6.0,42549.85,163.8,1973.166165749232,697.9333333333333,,,,,0.17180476416587528,4.782247198774716,17.0,0.0,0.0,,,,,,
telesat,sat_p0.005,2,topological_scheme_req_1p,552.0,1.0,0.724909420289855,1.0,0.0,1.1768340103333952,1.1912185577606775,1.1768058704997446,1.1912185577606775,1.0000246584369894,63.22817233988271,6.4921938398758945,21.344252043227545,1.0,4.066666666666666,1.0166666666666666,0.04732242020377614,3392.4700282514095,0.0,2.2333333333333334,0.0,10.666666666666666,11.983333333333333,11.983333333333333,7.0,163.68333333333334,163.68333333333334,48.0,0.0,24.0,7.4,0.08333333333333333,1447.2833333333333,,154.91666666666666,34.88333333333333,3.433333333333333,32.0,74.3,301.95,6.0,42549.85,163.8,1817.797729621331,697.9333333333333,,,,,0.17180476416587528,4.782247198774716,17.0,0.0,0.0,,,,,,
telesat,sat_p0.005,3,topological_scheme_asc_1p,552.0,1.0,0.782608695652174,1.0,0.0,1.2581320743869155,1.3699901429588928,1.2580604308706524,1.3698582272699118,1.0000467073519395,70.31012816663957,13.09798672228484,46.720628536935344,1.0000569823339964,5.066666666666666,1.2666666666666666,0.03476749239461104,3066.348671913147,0.0,3.5,0.0,6.0,6.0,6.0,6.0,138.0,138.0,24.0,0.0,24.0,3.75,0.06666666666666667,1384.5166666666667,,290.68333333333334,45.28333333333333,21.1,28.0,68.3,384.68333333333334,5.0,42802.3,351.0,1462.6966923475266,696.9333333333333,,,,,0.16435383032605255,5.998025785171721,17.0,0.0,0.0,,,,,,
telesat,sat_p0.005,3,topological_scheme_req_1p,552.0,1.0,0.7232789855072463,1.0,0.0,1.1772524645522056,1.191239716486546,1.1772126736974013,1.191239716486546,1.000033627304854,63.31013733792758,6.494857036190638,21.34740780811783,1.0,5.066666666666666,1.2666666666666666,0.04732242020377614,3238.3471958339214,0.0,3.566666666666667,0.0,10.666666666666666,12.0,12.0,7.0,163.68333333333334,163.68333333333334,48.0,0.0,24.0,7.366666666666666,0.06666666666666667,1384.5166666666667,,290.68333333333334,45.28333333333333,8.983333333333333,28.0,104.23333333333333,384.68333333333334,5.0,42802.3,351.0,1508.6776760717232,696.9333333333333,,,,,0.16435383032605255,5.998025785171721,17.0,0.0,0.0,,,,,,
telesat,sat_p0.005,4,topological_scheme_asc_1p,552.0,1.0,0.7817934782608695,1.0,0.0,1.2564650475378214,1.36858865914346,1.2564591728150094,1.36858865914346,1.000004063647476,70.03857626588757,12.969826400391437,46.19599720379659,1.0,4.133333333333334,1.0333333333333334,0.03476749239461104,3732.328879584869,0.0,0.8833333333333333,0.0,6.0,6.0,6.0,6.0,138.0,138.0,24.0,0.0,24.0,3.75,0.1,1126.3166666666666,,252.21666666666667,35.86666666666667,0.0,27.0,5.816666666666666,315.43333333333334,5.0,42041.05,310.05,1880.437857657671,697.8666666666667,,,,,0.13370330800886357,6.111425146865151,17.0,0.0,0.0,,,,,,
telesat,sat_p0.005,4,topological_scheme_req_1p,552.0,1.0,0.7201992753623189,1.0,0.0,1.1771224952520707,1.190854997374472,1.177089159359504,1.190854997374472,1.0000273390733676,63.27713354302829,6.474945022803395,21.476357382563293,1.0,4.133333333333334,1.0333333333333334,0.047225843836013325,3020.4997745652995,0.0,3.85,0.0,10.683333333333334,11.966666666666667,11.966666666666667,7.0,163.68333333333334,163.68333333333334,48.0,0.0,24.0,7.4,0.1,1126.3166666666666,,252.21666666666667,35.86666666666667,6.95,27.0,121.48333333333333,315.43333333333334,5.0,42041.05,310.05,1450.8754268288612,697.8666666666667,,,,,0.13370330800886357,6.111425146865151,17.0,0.0,0.0,,,,,,
telesat,sat_p0.005,5,topological_scheme_asc_1p,552.0,1.0,0.7768719806763285,1.0,0.0,1.2631981455553134,1.3741866843067023,1.262971949004771,1.3737297240467534,1.00015614836107,70.8071232088974,13.361319923621185,47.20223305049126,1.0002124119575369,12.0,3.0,0.034381186923559806,4914.438223093748,0.0,11.4,0.0,5.933333333333334,5.933333333333334,5.933333333333334,5.933333333333334,136.46666666666667,136.46666666666667,24.0,0.0,24.0,3.75,0.15,3439.7833333333333,,344.28333333333336,96.1,52.43333333333333,40.0,250.4,752.0,7.0,47297.63333333333,351.0,2063.5902461906276,690.0,,,,,0.40833135485913263,4.721498931618755,16.0,0.0,0.0,,,,,,
telesat,sat_p0.005,5,topological_scheme_req_1p,552.0,1.0,0.721316425120773,1.0,0.0,1.1785896852863427,1.1916254566186626,1.1785299899678179,1.1916074245467356,1.000048955916973,63.41044164013621,6.536463614842062,21.785226124971505,1.000016774020397,12.0,3.0,0.04722584383601333,3488.0555699268975,0.0,11.366666666666667,0.0,10.666666666666666,11.933333333333334,11.933333333333334,7.0,163.56666666666666,163.56666666666666,48.0,0.0,24.0,7.383333333333334,0.15,3439.7833333333333,,344.28333333333336,96.1,18.95,40.0,319.51666666666665,752.0,7.0,47297.63333333333,351.0,1435.3788924713929,690.0,,,,,0.40833135485913263,4.721498931618755,16.0,0.0,0.0,,,,,,
telesat,sat_p0.01,1,topological_scheme_asc_1p,552.0,1.0,0.7777475845410629,1.0,0.0,1.260920961014745,1.3731298993210226,1.260637956303099,1.3721724142738634,1.0001939947203018,70.71023279441269,13.32078816615027,47.72994720759306,1.0004081760522248,19.333333333333332,4.833333333333333,0.03447776329132261,6127.159709235032,0.0,13.683333333333334,0.0,5.95,5.95,5.95,5.95,136.85,136.85,24.0,0.0,24.0,3.783333333333333,0.25,5096.15,,346.06666666666666,137.46666666666667,55.38333333333333,43.0,291.1166666666667,1085.5666666666666,10.0,52268.75,351.0,2378.427564352751,682.6666666666666,,,,,0.6049560778727445,3.5259624095313784,9.0,0.0,0.0,,,,,,
telesat,sat_p0.01,1,topological_scheme_req_1p,552.0,1.0,0.7216183574879227,1.0,0.0,1.1770740383531844,1.1905167205144562,1.1769899771675492,1.1905129463598667,1.0000691583625114,63.41498778209907,6.5166765986507045,21.75366463413422,1.0000033548040794,19.333333333333332,4.833333333333333,0.0469361147327249,4725.875260929267,0.0,13.533333333333333,0.0,10.566666666666666,11.916666666666666,11.916666666666666,6.916666666666667,161.76666666666668,161.76666666666668,48.0,0.0,24.0,7.483333333333333,0.25,5096.15,,346.06666666666666,137.46666666666667,25.7,43.0,451.23333333333335,1085.5666666666666,10.0,52268.75,351.0,1802.518729120493,682.6666666666666,,,,,0.6049560778727445,3.5259624095313784,9.0,0.0,0.0,,,,,,
telesat,sat_p0.01,2,topological_scheme_asc_1p,552.0,1.0,0.7819142512077295,1.0,0.0,1.2577275575751805,1.3679012066670582,1.2575312451380725,1.367317111313941,1.0001340709540867,70.50903432747903,13.12538594905093,45.83883074089651,1.0002625035521455,9.733333333333333,2.433333333333333,0.03457433965908542,3801.4410987496376,0.0,6.983333333333333,0.0,5.966666666666667,5.966666666666667,5.966666666666667,5.966666666666667,137.23333333333332,137.23333333333332,24.0,0.0,24.0,3.716666666666667,0.16666666666666666,2600.4333333333334,,339.81666666666666,75.81666666666666,31.783333333333335,37.0,181.96666666666667,635.35,6.0,45157.11666666667,351.0,1598.1711169083912,692.2666666666667,,,,,0.30869341563786007,4.816979221411816,17.0,0.0,0.0,,,,,,
telesat,sat_p0.01,2,topological_scheme_req_1p,552.0,1.0,0.7232789855072463,1.0,0.0,1.1780037068315765,1.191332535972482,1.177958262043294,1.191260827035284,1.0000382942688193,63.52957831558816,6.535321125174622,21.788083262118555,1.0000670960815887,9.733333333333333,2.433333333333333,0.0469361147327249,3271.651543676853,0.0,10.033333333333333,0.0,10.633333333333333,11.9,11.9,6.95,162.85,162.85,48.0,0.0,24.0,7.3,0.16666666666666666,2600.4333333333334,,339.81666666666666,75.81666666666666,26.95,37.0,343.18333333333334,635.35,6.0,45157.11666666667,351.0,1350.5051652590435,692.2666666666667,,,,,0.30869341563786007,4.816979221411816,17.0,0.0,0.0,,,,,,
telesat,sat_p0.01,3,topological_scheme_asc_1p,552.0,1.0,0.7777777777777778,1.0,0.0,1.2569680292842564,1.3668706268570396,1.2568536313755805,1.3665507822323943,1.0000742716137292,70.34965608675707,13.054577809985926,46.8283359717557,1.000136005237441,24.8,6.2,0.034670916026848235,4005.6429828206697,0.0,9.0,0.0,5.983333333333333,5.983333333333333,5.983333333333333,5.983333333333333,137.61666666666667,137.61666666666667,24.0,0.0,24.0,3.783333333333333,0.21666666666666667,6317.166666666667,,344.78333333333336,161.81666666666666,27.75,56.0,214.93333333333334,1245.8666666666666,13.0,53944.46666666667,351.0,1571.3411199549835,677.2,,,,,0.7499010762899652,3.207007360894916,9.0,0.0,0.0,,,,,,
telesat,sat_p0.01,3,topological_scheme_req_1p,552.0,1.0,0.7153079710144927,1.0,0.0,1.1776986997436865,1.190360262640607,1.17758610509073,1.190360262640607,1.0000994078177885,63.78255834540401,6.525861579952737,22.255269165880318,1.0,24.8,6.2,0.04674296199719929,4743.071968108416,0.0,21.116666666666667,0.0,10.55,11.9,11.9,6.883333333333334,161.55,161.55,48.0,0.0,24.0,7.466666666666667,0.21666666666666667,6317.166666666667,,344.78333333333336,161.81666666666666,47.61666666666667,56.0,678.6333333333333,1245.8666666666666,13.0,53944.46666666667,351.0,1791.4344151814778,677.2,,,,,0.7499010762899652,3.207007360894916,9.0,0.0,0.0,,,,,,
telesat,sat_p0.01,4,topological_scheme_asc_1p,552.0,1.0,0.7833333333333333,1.0,0.0,1.2611199608076915,1.3732728781551244,1.2609586789008025,1.3726359326563136,1.0001020847942839,70.65717778667987,13.31608581321142,47.4466622808812,1.0002580855711851,16.933333333333334,4.233333333333333,0.03476749239461104,4082.3158346116543,0.0,9.45,0.0,6.0,6.0,6.0,6.0,138.0,138.0,24.0,0.0,24.0,3.7666666666666666,0.23333333333333334,4822.2,,340.6166666666667,133.16666666666666,47.733333333333334,48.0,161.73333333333332,1018.1166666666667,11.0,50703.28333333333,351.0,1627.1927100916703,685.0666666666667,,,,,0.5724358974358974,3.604903709233683,14.0,0.0,0.0,,,,,,
telesat,sat_p0.01,4,topological_scheme_req_1p,552.0,1.0,0.7183272946859903,1.0,0.0,1.1771441206811553,1.1907853071009769,1.1770456489908736,1.190777758791798,1.0000810980928094,63.50979010239179,6.530941450019792,22.159659704095564,1.0000067096081589,16.933333333333334,4.233333333333333,0.04722584383601333,4891.822353502114,0.0,13.166666666666666,0.0,10.633333333333333,12.033333333333333,12.033333333333333,6.933333333333334,162.15,162.15,48.0,0.0,24.0,7.5,0.23333333333333334,4822.2,,340.6166666666667,133.16666666666666,28.85,48.0,398.73333333333335,1018.1166666666667,11.0,50703.28333333333,351.0,1855.0577295323212,685.0666666666667,,,,,0.5724358974358974,3.604903709233683,14.0,0.0,0.0,,,,,,
telesat,sat_p0.01,5,topological_scheme_asc_1p,552.0,1.0,0.7766002415458937,1.0,0.0,1.2591062834834172,1.3705533525619573,1.2587032226842858,1.3698561883299198,1.0002415187131024,70.50867507273367,13.157216564446163,47.29629509614336,1.0003044756046544,20.416666666666668,5.166666666666667,0.03457433965908542,4206.9962446888285,0.0,15.816666666666666,0.0,5.966666666666667,5.966666666666667,5.966666666666667,5.966666666666667,137.23333333333332,137.23333333333332,24.0,0.0,24.0,3.7,0.3333333333333333,6534.05,,343.3,171.16666666666666,37.21666666666667,115.0,279.8833333333333,1118.8666666666666,14.0,53182.76666666667,351.0,1753.259800374508,681.5833333333334,,,,,0.7756469610636277,3.265746359455468,13.0,0.0,0.0,,,,,,
telesat,sat_p0.01,5,topological_scheme_req_1p,552.0,1.0,0.7183876811594203,1.0,0.0,1.1787940227508578,1.1907080307306757,1.178724383258943,1.1907080307306757,1.0000617253752577,63.45866716274832,6.513933073794767,21.84858749841776,1.0,20.416666666666668,5.166666666666667,0.047225843836013325,5431.817917525768,0.0,21.133333333333333,0.0,10.6,11.933333333333334,11.933333333333334,6.933333333333334,162.15,162.15,48.0,0.0,24.0,7.316666666666666,0.3333333333333333,6534.05,,343.3,171.16666666666666,24.583333333333332,115.0,551.2666666666667,1118.8666666666666,14.0,53182.76666666667,351.0,2138.0979855855308,681.5833333333334,,,,,0.7756469610636277,3.265746359455468,13.0,0.0,0.0,,,,,,
telesat,sat_p0.02,1,topological_scheme_asc_1p,552.0,1.0,0.7816727053140097,1.0,0.0,1.2567500846089448,1.367943517248318,1.256728398509311,1.3679225497228218,1.000014564490509,70.15199973119404,13.003711797593132,46.30620718235919,1.0000100644122383,8.733333333333333,2.183333333333333,0.03476749239461104,4635.65003151695,0.0,2.216666666666667,0.0,6.0,6.0,6.0,6.0,138.0,138.0,24.0,0.0,24.0,3.75,0.1,2389.983333333333,,306.1,60.766666666666666,8.016666666666667,34.0,55.03333333333333,524.4666666666667,7.0,44762.65,351.0,2097.183930873871,693.2666666666667,,,,,0.28371122190566633,4.688010376641399,17.0,0.0,0.0,,,,,,
telesat,sat_p0.02,1,topological_scheme_req_1p,552.0,1.0,0.7215277777777778,1.0,0.0,1.17625597856353,1.1901952503514999,1.1761600225252917,1.1901914761969106,1.0000797960980683,63.34385287989321,6.473491179273451,21.43673666717889,1.0000033548040794,8.733333333333333,2.183333333333333,0.047225843836013325,4582.969793180625,0.0,6.533333333333333,0.0,10.65,11.966666666666667,11.966666666666667,6.983333333333333,163.3,163.3,48.0,0.0,24.0,7.383333333333334,0.1,2389.983333333333,,306.1,60.766666666666666,14.883333333333333,34.0,217.91666666666666,524.4666666666667,7.0,44762.65,351.0,2071.854161967834,693.2666666666667,,,,,0.28371122190566633,4.688010376641399,17.0,0.0,0.0,,,,,,
telesat,sat_p0.02,2,topological_scheme_asc_1p,552.0,1.0,0.7735809178743961,1.0,0.0,1.260782735512226,1.3722373695313006,1.2604012894759886,1.3712444553567746,1.0002564201835855,70.82034886232807,13.307753878656731,47.27063728082299,1.0004422001791866,26.216666666666665,6.566666666666666,0.034188034188034185,5557.335125654936,0.0,17.75,0.0,5.9,5.9,5.9,5.9,135.7,135.7,24.0,0.0,24.0,3.7666666666666666,0.2833333333333333,6559.383333333333,,344.43333333333334,181.83333333333334,72.03333333333333,56.0,403.81666666666666,1360.7333333333333,12.0,55182.25,351.0,2103.191070755323,675.7833333333333,,,,,0.7786542418486863,2.8417457941930517,9.0,0.0,0.0,,,,,,
telesat,sat_p0.02,2,topological_scheme_req_1p,552.0,1.0,0.7177234299516908,1.0,0.0,1.1781845064357048,1.1919787435457723,1.1780424646985133,1.1919275827835607,1.000120238113119,63.60635499857077,6.532572731310598,22.258183315048775,1.000046967257112,26.216666666666665,6.566666666666666,0.047129267468250524,5445.343415190776,0.0,19.983333333333334,0.0,10.55,11.816666666666666,11.816666666666666,6.933333333333334,162.08333333333334,162.08333333333334,48.0,0.0,24.0,7.416666666666667,0.2833333333333333,6559.383333333333,,344.43333333333334,181.83333333333334,43.483333333333334,56.0,655.6,1360.7333333333333,12.0,55182.25,351.0,2024.8876626292865,675.7833333333333,,,,,0.7786542418486863,2.8417457941930517,9.0,0.0,0.0,,,,,,
telesat,sat_p0.02,3,topological_scheme_asc_1p,552.0,1.0,0.7722524154589372,1.0,0.0,1.263040415757708,1.3730708119544166,1.262740797222033,1.3717901035156463,1.000194660966424,71.07480960474724,13.477296005602515,48.68164903881895,1.0005359680103925,21.066666666666666,5.266666666666667,0.034091457820271384,3540.80211147666,0.0,26.05,0.0,5.883333333333334,5.883333333333334,5.883333333333334,5.883333333333334,135.31666666666666,135.31666666666666,24.0,0.0,24.0,3.7666666666666666,0.3333333333333333,5847.416666666667,,343.2,183.08333333333334,77.75,112.0,510.65,1154.3166666666666,12.0,51404.666666666664,351.0,1431.4002317686875,680.9333333333333,,,,,0.6941377809433364,3.139754022431558,13.0,0.0,0.0,,,,,,
telesat,sat_p0.02,3,topological_scheme_req_1p,552.0,1.0,0.7159722222222222,1.0,0.0,1.1805618577766832,1.1919445883893351,1.1804354554807952,1.1918967824312032,1.0001093802883043,63.823967242740814,6.599080425798685,22.30973212113924,1.0000436124530325,21.066666666666666,5.266666666666667,0.046646385629436474,4508.764755974214,0.0,25.3,0.0,10.583333333333334,11.85,11.85,6.883333333333334,161.03333333333333,161.03333333333333,48.0,0.0,24.0,7.45,0.3333333333333333,5847.416666666667,,343.2,183.08333333333334,58.016666666666666,112.0,753.9666666666667,1154.3166666666666,12.0,51404.666666666664,351.0,1753.659234692653,680.9333333333333,,,,,0.6941377809433364,3.139754022431558,13.0,0.0,0.0,,,,,,
telesat,sat_p0.02,4,topological_scheme_asc_1p,552.0,1.0,0.7740640096618358,1.0,0.0,1.2605141312803865,1.369493784194871,1.2602860670105962,1.368524940739615,1.0001537087468775,71.14462475916876,13.341952982264333,47.93794191504299,1.00040461157289,41.0,10.25,0.034188034188034185,3923.236079762379,0.0,40.13333333333333,0.0,5.9,5.9,5.9,5.9,135.7,135.7,24.0,0.0,24.0,3.75,0.4166666666666667,11302.65,,340.75,289.6,78.18333333333334,135.0,537.7166666666667,1841.8,18.0,62693.833333333336,351.0,1660.5170806248982,661.0,,,,,1.3417200854700855,2.191742644424095,8.0,0.0,0.0,,,,,,
telesat,sat_p0.02,4,topological_scheme_req_1p,552.0,1.0,0.7090881642512077,1.0,0.0,1.1791773510703896,1.1916481219153527,1.1789416702748179,1.1913161281073625,1.0002013112868713,64.21478735478837,6.580196623673084,22.91954490113913,1.0002812857432422,41.0,10.25,0.046453232893910866,5567.1819016337395,0.0,49.95,0.0,10.55,11.85,11.85,6.833333333333333,159.98333333333332,159.98333333333332,48.0,0.0,24.0,7.45,0.4166666666666667,11302.65,,340.75,289.6,82.68333333333334,135.0,1297.6666666666667,1841.8,18.0,62693.833333333336,351.0,2264.5882330834866,661.0,,,,,1.3417200854700855,2.191742644424095,8.0,0.0,0.0,,,,,,
telesat,sat_p0.02,5,topological_scheme_asc_1p,552.0,1.0,0.77493961352657,1.0,0.0,1.2659246656380712,1.3782852391502751,1.2656272253512564,1.3771636442764164,1.0002000405046338,71.3834346911221,13.696356614883184,49.082386547259325,1.0004632293738753,29.766666666666666,7.683333333333334,0.034381186923559806,4352.582964301109,0.0,32.233333333333334,0.0,5.933333333333334,5.933333333333334,5.933333333333334,5.933333333333334,136.46666666666667,136.46666666666667,24.0,0.0,24.0,3.75,0.3333333333333333,9666.433333333332,,343.31666666666666,245.13333333333333,101.2,134.0,533.8166666666667,1482.6,17.0,58799.05,351.0,1831.518189360698,672.2333333333333,,,,,1.1474873377651156,3.063542913104799,9.0,0.0,0.0,,,,,,
telesat,sat_p0.02,5,topological_scheme_req_1p,552.0,1.0,0.7186594202898551,1.0,0.0,1.1780173261086793,1.1909188594718483,1.1778247045377803,1.1909188594718483,1.0001666800448654,63.71528419557134,6.552925282830181,22.29800555733606,1.0,29.766666666666666,7.683333333333334,0.046839538364962095,4655.693432688713,0.0,26.283333333333335,0.0,10.55,11.9,11.9,6.9,161.15,161.15,48.0,0.0,24.0,7.383333333333334,0.3333333333333333,9666.433333333332,,343.31666666666666,245.13333333333333,44.8,134.0,780.4,1482.6,17.0,58799.05,351.0,1935.6887213885784,672.2333333333333,,,,,1.1474873377651156,3.063542913104799,9.0,0.0,0.0,,,,,,
telesat,sat_p0.05,1,topological_scheme_asc_1p,552.0,1.0,0.7673913043478261,1.0,0.0,1.2753265498776856,1.3804812139685325,1.2747279277867876,1.3792383668900878,1.0003930195909612,72.7396695615572,14.279041003008222,49.9102605393791,1.0005712907143536,70.6,17.916666666666668,0.03389830508474576,4524.408217271169,0.0,54.8,0.0,5.85,5.85,5.85,5.85,134.55,134.55,24.0,0.0,24.0,3.933333333333333,1.0333333333333334,16558.916666666668,,333.0833333333333,287.6166666666667,160.58333333333334,183.0,881.85,2668.05,24.0,74588.7,351.0,2086.2232580780983,631.4,,,,,1.9656833649889205,1.637852717820711,7.0,0.0,0.0,,,,,,
telesat,sat_p0.05,1,topological_scheme_req_1p,552.0,1.0,0.7045591787439613,1.0,0.0,1.1801661421000795,1.1903653567303132,1.17979576764343,1.1902297028310722,1.0003251207101453,64.62152182453228,6.660396860845839,24.001724595404184,1.000126201629825,70.6,17.916666666666668,0.045970351055096816,4261.1226332684355,0.0,73.5,0.0,10.383333333333333,11.65,11.65,6.816666666666666,159.9,159.9,48.0,0.0,24.0,7.716666666666667,1.0333333333333334,16558.916666666668,,333.0833333333333,287.6166666666667,121.15,183.0,1848.8,2668.05,24.0,74588.7,351.0,1896.2563057740529,631.4,,,,,1.9656833649889205,1.637852717820711,7.0,0.0,0.0,,,,,,
telesat,sat_p0.05,2,topological_scheme_asc_1p,552.0,1.0,0.775,1.0,0.0,1.2624502690923198,1.3705788434592778,1.2619830375891596,1.369484240598371,1.0003336931505504,71.87384835547918,13.637810758648447,47.98437193495551,1.000485074011489,52.3,13.333333333333334,0.034381186923559806,4919.737680256367,0.0,40.03333333333333,0.0,5.933333333333334,5.933333333333334,5.933333333333334,5.933333333333334,136.46666666666667,136.46666666666667,24.0,0.0,24.0,3.85,0.6833333333333333,13295.65,,337.6666666666667,277.06666666666666,120.36666666666666,132.0,730.6833333333333,2110.866666666667,20.0,69517.81666666667,351.0,2189.9021548529468,649.7,,,,,1.5783060303893637,1.9813447756722438,7.0,0.0,0.0,,,,,,
telesat,sat_p0.05,2,topological_scheme_req_1p,552.0,1.0,0.7080917874396135,1.0,0.0,1.1776735317444484,1.1890683316113568,1.1774286477411888,1.1887980661984283,1.000214183025099,64.38985250743802,6.575821989755333,23.347518693787368,1.0002536841848435,52.3,13.333333333333334,0.046453232893910866,4947.477101534605,0.0,49.63333333333333,0.0,10.466666666666667,11.85,11.85,6.8,159.13333333333333,159.13333333333333,48.0,0.0,24.0,7.683333333333334,0.6833333333333333,13295.65,,337.6666666666667,277.06666666666666,98.43333333333334,132.0,1386.2666666666667,2110.866666666667,20.0,69517.81666666667,351.0,2183.7074307103953,649.7,,,,,1.5783060303893637,1.9813447756722438,7.0,0.0,0.0,,,,,,
telesat,sat_p0.05,3,topological_scheme_asc_1p,552.0,1.0,0.7764492753623189,1.0,0.0,1.263329849304658,1.3742991035065308,1.262802328820985,1.3732114640425328,1.000330731735794,71.0770741863403,13.518880317380567,49.00677458589434,1.0004793165756645,35.43333333333333,9.033333333333333,0.03457433965908542,5145.127220203479,0.0,25.0,0.0,5.966666666666667,5.966666666666667,5.966666666666667,5.966666666666667,137.23333333333332,137.23333333333332,24.0,0.0,24.0,3.816666666666667,0.75,8899.783333333333,,341.96666666666664,213.11666666666667,95.5,134.0,449.6666666666667,1597.7,17.0,59601.63333333333,351.0,2087.783876558145,666.5666666666667,,,,,1.0564795030072809,2.6950300288209266,10.0,0.0,0.0,,,,,,
telesat,sat_p0.05,3,topological_scheme_req_1p,552.0,1.0,0.7084842995169082,1.0,0.0,1.1765278039569442,1.1889983935817268,1.1762866177333828,1.1889765873552103,1.000211911746522,63.93662655776139,6.497179739941104,22.647263923998885,1.0000201288244766,35.43333333333333,9.033333333333333,0.046453232893910866,3749.496455490589,0.0,33.266666666666666,0.0,10.6,11.916666666666666,11.916666666666666,6.9,161.28333333333333,161.28333333333333,48.0,0.0,24.0,7.55,0.75,8899.783333333333,,341.96666666666664,213.11666666666667,65.11666666666666,134.0,941.05,1597.7,17.0,59601.63333333333,351.0,1513.1284634272258,666.5666666666667,,,,,1.0564795030072809,2.6950300288209266,10.0,0.0,0.0,,,,,,
telesat,sat_p0.05,4,topological_scheme_asc_1p,552.0,1.0,0.7765700483091788,1.0,0.0,1.2695432377769336,1.379593494686339,1.2689099161037511,1.3778505781155235,1.0004071573373932,72.30174855571936,13.974065905441762,49.36237663528407,1.0007672150005649,58.63333333333333,15.216666666666667,0.03389830508474576,4905.67823300759,0.0,42.21666666666667,0.0,5.85,5.85,5.85,5.85,134.55,134.55,24.0,0.0,24.0,3.7666666666666666,0.8333333333333334,14843.466666666667,,335.78333333333336,260.1166666666667,141.11666666666667,121.0,789.0166666666667,2310.1,21.0,72442.35,351.0,2191.990543405215,643.3666666666667,,,,,1.7620449509338398,1.7208491277868603,7.0,0.0,0.0,,,,,,
telesat,sat_p0.05,4,topological_scheme_req_1p,552.0,1.0,0.7131944444444445,1.0,0.0,1.178882066256428,1.1903612444486544,1.1786695439169383,1.1902211813783374,1.0001907018629492,64.2644164384865,6.592156872400766,22.864948152140748,1.0001308373590982,58.63333333333333,15.216666666666667,0.046453232893910866,4671.979229897261,0.0,45.86666666666667,0.0,10.6,11.816666666666666,11.816666666666666,6.9,161.4,161.4,48.0,0.0,24.0,7.466666666666667,0.8333333333333334,14843.466666666667,,335.78333333333336,260.1166666666667,98.65,121.0,1331.3833333333334,2310.1,21.0,72442.35,351.0,2028.889834632476,643.3666666666667,,,,,1.7620449509338398,1.7208491277868603,7.0,0.0,0.0,,,,,,
telesat,sat_p0.05,5,topological_scheme_asc_1p,552.0,1.0,0.7708031400966183,1.0,0.0,1.2622163191141356,1.372334746051315,1.2618687119891867,1.3711768593861822,1.0002319160626787,71.44511191988742,13.469501294474917,48.29415396657864,1.000503012346243,54.05,13.55,0.034670916026848235,4786.447010934353,0.0,31.85,0.0,5.983333333333333,5.983333333333333,5.983333333333333,5.983333333333333,137.61666666666667,137.61666666666667,24.0,0.0,24.0,3.75,0.8,13076.466666666667,,337.45,271.75,100.93333333333334,187.0,539.4833333333333,2151.4333333333334,21.0,68593.95,351.0,2042.696088552475,647.95,,,,,1.552287116176005,1.9434773409738615,8.0,0.0,0.0,,,,,,
telesat,sat_p0.05,5,topological_scheme_req_1p,552.0,1.0,0.706280193236715,1.0,0.0,1.1787071211334186,1.1890387557840694,1.1784746114643354,1.1889498534759644,1.000195177831142,64.19972594764623,6.528042083554334,23.01932202027154,1.000077579844337,54.05,13.55,0.04674296199719929,4921.325613806645,0.0,48.9,0.0,10.566666666666666,11.85,11.85,6.866666666666666,160.68333333333334,160.68333333333334,48.0,0.0,24.0,7.6,0.8,13076.466666666667,,337.45,271.75,96.0,187.0,1390.9,2151.4333333333334,21.0,68593.95,351.0,2063.1184816360474,647.95,,,,,1.552287116176005,1.9434773409738615,8.0,0.0,0.0,,,,,,
telesat,void_b2,1,topological_scheme_asc_1p,552.0,1.0,0.7810386473429952,1.0,0.0,1.2561067973983102,1.3673416950568218,1.256037736343343,1.367201667930835,1.0000495496730335,70.10420404396832,12.954315351031509,46.43061390121176,1.0000662697144076,12.0,4.0,0.03476749239461104,2163.9606446027756,0.0,2.0,0.0,6.0,6.0,6.0,6.0,138.0,138.0,24.0,0.0,24.0,3.75,0.06666666666666667,1883.3166666666666,,247.5,57.25,5.9,26.0,49.25,377.45,5.0,45715.916666666664,351.0,1185.1545430719852,690.0,,,,,0.2235656062044951,5.418154142957017,16.0,0.0,0.0,,,,,,
telesat,void_b2,1,topological_scheme_req_1p,552.0,1.0,0.7215881642512078,1.0,0.0,1.1778501344197692,1.1923309023255493,1.1778237881851095,1.1923309023255493,1.0000217728683722,63.3176466576574,6.449687072409419,21.52208856548808,1.0,12.0,4.0,0.0469361147327249,3048.3382388949394,0.0,3.8666666666666667,0.0,10.566666666666666,11.916666666666666,11.916666666666666,6.933333333333334,162.15,162.15,48.0,0.0,24.0,7.4,0.06666666666666667,1883.3166666666666,,247.5,57.25,4.866666666666666,26.0,165.36666666666667,377.45,5.0,45715.916666666664,351.0,1574.074996759494,690.0,,,,,0.2235656062044951,5.418154142957017,16.0,0.0,0.0,,,,,,
telesat,void_b2,2,topological_scheme_asc_1p,552.0,1.0,0.7751207729468599,1.0,0.0,1.2590093208055104,1.3704617405156883,1.2587959123866668,1.3701218509366686,1.0001408512712937,70.92406511635077,13.227589114845477,47.18188765361144,1.0001508798467054,12.0,4.0,0.03457433965908542,3518.381355702877,0.0,6.833333333333333,0.0,5.966666666666667,5.966666666666667,5.966666666666667,5.966666666666667,137.23333333333332,137.23333333333332,24.0,0.0,24.0,3.7333333333333334,0.06666666666666667,2067.866666666667,,255.86666666666667,57.3,36.78333333333333,26.0,188.98333333333332,386.26666666666665,5.0,45147.05,351.0,1844.03612986207,690.0,,,,,0.24547325102880657,5.469316203494745,16.0,0.0,0.0,,,,,,
telesat,void_b2,2,topological_scheme_req_1p,552.0,1.0,0.7239432367149758,1.0,0.0,1.176954617076784,1.1908193330638448,1.1769198185218614,1.1908193330638448,1.0000312675944052,63.505615692700715,6.483643011977123,21.92246284013965,1.0,12.0,4.0,0.04674296199719929,3401.8281097213426,0.0,6.15,0.0,10.666666666666666,11.966666666666667,11.966666666666667,6.933333333333334,162.15,162.15,48.0,0.0,24.0,7.383333333333334,0.06666666666666667,2067.866666666667,,255.86666666666667,57.3,15.633333333333333,26.0,196.01666666666668,386.26666666666665,5.0,45147.05,351.0,1748.533405115207,690.0,,,,,0.24547325102880657,5.469316203494745,16.0,0.0,0.0,,,,,,
telesat,void_b2,3,topological_scheme_asc_1p,552.0,1.0,0.7792270531400967,1.0,0.0,1.2547413398426195,1.365594364832363,1.254694497508941,1.365474454549409,1.0000315036342309,70.09664685849161,12.898150335899784,46.38828531394943,1.0000510349570586,12.0,4.0,0.03457433965908542,3428.9535577098527,0.0,3.1166666666666667,0.0,5.966666666666667,5.966666666666667,5.966666666666667,5.966666666666667,137.23333333333332,137.23333333333332,24.0,0.0,24.0,3.75,0.06666666666666667,1948.0333333333333,,245.98333333333332,61.45,5.533333333333333,42.0,39.7,375.85,7.0,45101.433333333334,351.0,1842.286233107249,690.0,,,,,0.2312480215257993,5.38875960370288,16.0,0.0,0.0,,,,,,
telesat,void_b2,3,topological_scheme_req_1p,552.0,1.0,0.7204408212560387,1.0,0.0,1.1757875380802698,1.189302569507373,1.1757470863468535,1.189302569507373,1.000036854645968,63.465365150145416,6.421523434102115,21.411112597008906,1.0,12.0,4.0,0.047129267468250524,2816.686923801899,0.0,6.716666666666667,0.0,10.666666666666666,11.933333333333334,11.933333333333334,6.966666666666667,162.91666666666666,162.91666666666666,48.0,0.0,24.0,7.483333333333333,0.06666666666666667,1948.0333333333333,,245.98333333333332,61.45,9.65,42.0,160.13333333333333,375.85,7.0,45101.433333333334,351.0,1474.3675857782364,690.0,,,,,0.2312480215257993,5.38875960370288,16.0,0.0,0.0,,,,,,
telesat,void_b2,4,topological_scheme_asc_1p,552.0,1.0,0.7715579710144927,1.0,0.0,1.258333023697041,1.3705997449825587,1.258153218770773,1.3700510667753658,1.0001289312841175,70.6473028017789,13.16328902613866,47.3133132797285,1.0002376406480469,12.0,4.0,0.034284610555797,2430.4117868343988,0.0,6.866666666666666,0.0,5.916666666666667,5.916666666666667,5.916666666666667,5.916666666666667,136.08333333333334,136.08333333333334,24.0,0.0,24.0,3.783333333333333,0.06666666666666667,2018.7333333333333,,246.23333333333332,61.43333333333333,23.783333333333335,42.0,140.13333333333333,371.65,6.0,44978.316666666666,351.0,1312.4286338686943,690.0,,,,,0.23964070908515353,5.4497869951454705,16.0,0.0,0.0,,,,,,
telesat,void_b2,4,topological_scheme_req_1p,552.0,1.0,0.7195652173913043,1.0,0.0,1.1765161401976734,1.1903065832863895,1.1764789492322623,1.1903065832863895,1.0000306115011712,63.35727024182382,6.424302314254694,21.532455645488852,1.0,12.0,4.0,0.047129267468250524,3302.7461466689906,0.0,5.866666666666666,0.0,10.6,11.883333333333333,11.883333333333333,6.983333333333333,163.18333333333334,163.18333333333334,48.0,0.0,24.0,7.416666666666667,0.06666666666666667,2018.7333333333333,,246.23333333333332,61.43333333333333,10.783333333333333,42.0,190.1,371.65,6.0,44978.316666666666,351.0,1712.5469950338204,690.0,,,,,0.23964070908515353,5.4497869951454705,16.0,0.0,0.0,,,,,,
telesat,void_b2,5,topological_scheme_asc_1p,552.0,1.0,0.7817632850241546,1.0,0.0,1.2549834646339235,1.3667599053355388,1.2549771699921577,1.3667599053355388,1.0000043768698696,70.04592052479097,12.893508865473622,45.83382963801568,1.0,12.0,4.0,0.03476749239461104,2264.6436211963496,0.0,0.9166666666666666,0.0,6.0,6.0,6.0,6.0,138.0,138.0,24.0,0.0,24.0,3.75,0.06666666666666667,2101.3166666666666,,260.5,60.31666666666667,0.4166666666666667,34.0,10.333333333333334,388.65,5.0,45437.86666666667,351.0,1211.986708144347,690.0,,,,,0.2494440487496043,5.469285130751354,17.0,0.0,0.0,,,,,,
telesat,void_b2,5,topological_scheme_req_1p,552.0,1.0,0.7188405797101449,1.0,0.0,1.176967943256577,1.1907769376021187,1.176890765917533,1.1907769376021187,1.0000631780031466,63.38804324636557,6.479557420029644,21.827516209966483,1.0,12.0,4.0,0.047129267468250524,2668.4241419037185,0.0,5.133333333333334,0.0,10.566666666666666,11.9,11.9,6.95,162.53333333333333,162.53333333333333,48.0,0.0,24.0,7.483333333333333,0.06666666666666667,2101.3166666666666,,260.5,60.31666666666667,5.4,34.0,165.93333333333334,388.65,5.0,45437.86666666667,351.0,1364.9784483015537,690.0,,,,,0.2494440487496043,5.469285130751354,17.0,0.0,0.0,,,,,,
telesat,void_b4,1,topological_scheme_asc_1p,552.0,1.0,0.7731280193236715,1.0,0.0,1.2577236924930302,1.3663619332360846,1.2576230730715168,1.366043345573747,1.0000731740922135,70.62988056684131,13.139455883611129,47.077219106567426,1.000129402738933,40.0,16.0,0.03457433965908542,3056.4606671531997,0.0,3.8333333333333335,0.0,5.966666666666667,5.966666666666667,5.966666666666667,5.966666666666667,137.23333333333332,137.23333333333332,24.0,0.0,24.0,3.8333333333333335,0.26666666666666666,3051.4333333333334,,221.06666666666666,81.53333333333333,10.7,42.0,70.96666666666667,544.8166666666667,9.0,54544.71666666667,351.0,1757.350358615319,662.0,,,,,0.3622309275087053,3.885813224386354,14.0,0.0,0.0,,,,,,
telesat,void_b4,1,topological_scheme_req_1p,552.0,1.0,0.7197765700483092,1.0,0.0,1.1749096999787672,1.1878487634670891,1.1748877220807832,1.1878487634670891,1.000018315757283,63.31053224496388,6.399299593233678,21.48310948922706,1.0,40.0,16.0,0.04674296199719929,3222.6585219303765,0.0,6.25,0.0,10.6,11.9,11.9,6.883333333333334,161.66666666666666,161.66666666666666,48.0,0.0,24.0,7.566666666666666,0.26666666666666666,3051.4333333333334,,221.06666666666666,81.53333333333333,5.15,42.0,285.56666666666666,544.8166666666667,9.0,54544.71666666667,351.0,1798.89992972215,662.0,,,,,0.3622309275087053,3.885813224386354,14.0,0.0,0.0,,,,,,
telesat,void_b4,2,topological_scheme_asc_1p,552.0,1.0,0.7818538647342995,1.0,0.0,1.2666025966737329,1.3801712011653138,1.2665296955817797,1.3793119998962395,1.0000499064898543,70.81690486473003,13.661517132419094,49.560927210967385,1.0003550847197091,40.0,16.0,0.03476749239461104,3365.6583378712335,0.0,8.083333333333334,0.0,6.0,6.0,6.0,6.0,138.0,138.0,24.0,0.0,24.0,3.75,0.26666666666666666,3356.55,,218.81666666666666,98.75,34.36666666666667,56.0,179.9,551.8333333333334,10.0,55620.46666666667,351.0,1933.8004348178704,662.0,,,,,0.39845085470085473,3.914932495171133,14.0,0.0,0.0,,,,,,
telesat,void_b4,2,topological_scheme_req_1p,552.0,1.0,0.7219202898550725,1.0,0.0,1.1780420947624186,1.1924881229408597,1.1780171538414315,1.1924851036171882,1.0000210945711077,63.447421009001054,6.429492517620106,21.720908504311133,1.0000027448397015,40.0,16.0,0.047225843836013325,3451.78417339921,0.0,6.016666666666667,0.0,10.683333333333334,11.966666666666667,11.966666666666667,6.983333333333333,163.41666666666666,163.41666666666666,48.0,0.0,24.0,7.383333333333334,0.26666666666666666,3356.55,,218.81666666666666,98.75,5.166666666666667,56.0,260.8333333333333,551.8333333333334,10.0,55620.46666666667,351.0,1931.6736035048962,662.0,,,,,0.39845085470085473,3.914932495171133,14.0,0.0,0.0,,,,,,
telesat,void_b4,3,topological_scheme_asc_1p,552.0,1.0,0.7673309178743961,1.0,0.0,1.2708245233996585,1.3721057638624528,1.270606832625957,1.3712525098033916,1.0001345155653671,71.61076242987995,13.475749936983771,50.108920754342336,1.0003503657930881,40.0,16.0,0.03399488145250857,3132.947674393654,0.0,9.033333333333333,0.0,5.866666666666666,5.866666666666666,5.866666666666666,5.866666666666666,134.93333333333334,134.93333333333334,24.0,0.0,24.0,3.8833333333333333,0.26666666666666666,3091.5666666666666,,208.76666666666668,90.61666666666666,19.116666666666667,56.0,157.05,514.85,11.0,52542.36666666667,351.0,1803.2939324776332,662.0,,,,,0.3669950933839823,3.8591976020787735,14.0,0.0,0.0,,,,,,
telesat,void_b4,3,topological_scheme_req_1p,552.0,1.0,0.6997886473429952,1.0,0.0,1.191686461624936,1.2006073366563437,1.1916183337518018,1.200584332285513,1.0000585874137462,64.82528406855533,6.621920105053297,26.288517345774,1.000013895750988,40.0,16.0,0.04548746921628278,2410.1110187669597,0.0,9.55,0.0,10.483333333333333,11.666666666666666,11.666666666666666,6.783333333333333,158.48333333333332,158.48333333333332,48.0,0.0,24.0,7.6,0.26666666666666666,3091.5666666666666,,208.76666666666668,90.61666666666666,24.616666666666667,56.0,439.71666666666664,514.85,11.0,52542.36666666667,351.0,1369.8993978401024,662.0,,,,,0.3669950933839823,3.8591976020787735,14.0,0.0,0.0,,,,,,
telesat,void_b4,4,topological_scheme_asc_1p,552.0,1.0,0.7808272946859903,1.0,0.0,1.2556332139831556,1.3561532699947825,1.255472694289089,1.355248143854149,1.0001367413782303,71.10952559276181,13.06633114714768,46.0571006822295,1.0003794628761329,40.0,16.0,0.03457433965908542,2816.4896761377654,0.0,3.4166666666666665,0.0,5.966666666666667,5.966666666666667,5.966666666666667,5.966666666666667,137.23333333333332,137.23333333333332,24.0,0.0,24.0,3.716666666666667,0.26666666666666666,3264.9166666666665,,221.41666666666666,84.31666666666666,25.733333333333334,56.0,149.23333333333332,530.8666666666667,11.0,53225.916666666664,351.0,1614.948412279288,662.0,,,,,0.3875732035454258,3.970417825876107,14.0,0.0,0.0,,,,,,
telesat,void_b4,4,topological_scheme_req_1p,552.0,1.0,0.6991243961352657,1.0,0.0,1.1802731071970096,1.1933694841501101,1.180160092901971,1.1933402973546192,1.000090231781947,64.1711156085255,6.369567670088801,24.18488321062208,1.0000169836956523,40.0,16.0,0.04616350379062244,3226.4359491566815,0.0,7.233333333333333,0.0,10.466666666666667,11.65,11.65,6.883333333333334,161.33333333333334,161.33333333333334,48.0,0.0,24.0,7.416666666666667,0.26666666666666666,3264.9166666666665,,221.41666666666666,84.31666666666666,12.85,56.0,392.6666666666667,530.8666666666667,11.0,53225.916666666664,351.0,1780.143331984679,662.0,,,,,0.3875732035454258,3.970417825876107,14.0,0.0,0.0,,,,,,
telesat,void_b4,5,topological_scheme_asc_1p,552.0,1.0,0.7797101449275362,1.0,0.0,1.2541708417657866,1.3632579475174589,1.2540844423352442,1.3631719806629234,1.0000634369853212,70.13393910003104,12.831751463629788,46.61058594918852,1.000035546122636,40.0,16.0,0.034670916026848235,2986.863994350036,0.0,5.066666666666666,0.0,5.983333333333333,5.983333333333333,5.983333333333333,5.983333333333333,137.61666666666667,137.61666666666667,24.0,0.0,24.0,3.75,0.26666666666666666,3455.8166666666666,,220.13333333333333,99.75,4.6,54.0,69.73333333333333,566.9333333333333,12.0,53768.433333333334,351.0,1719.3700787921746,662.0,,,,,0.41023464704020257,3.900732581300127,14.0,0.0,0.0,,,,,,
telesat,void_b4,5,topological_scheme_req_1p,552.0,1.0,0.7094202898550724,1.0,0.0,1.185423454808912,1.198002456051929,1.1853831498304521,1.1979956625736679,1.0000345252295975,64.29643302861714,6.511679872535663,24.91591995304132,1.0000054896794026,40.0,16.0,0.046839538364962095,2962.420662989219,0.0,8.733333333333333,0.0,10.483333333333333,11.783333333333333,11.783333333333333,6.966666666666667,162.93333333333334,162.93333333333334,48.0,0.0,24.0,7.566666666666666,0.26666666666666666,3455.8166666666666,,220.13333333333333,99.75,20.433333333333334,54.0,390.18333333333334,566.9333333333333,12.0,53768.433333333334,351.0,1653.5531419018905,662.0,,,,,0.41023464704020257,3.900732581300127,14.0,0.0,0.0,,,,,,
telesat,void_b8,1,topological_scheme_asc_1p,552.0,1.0,0.7587862318840579,1.0,0.0,1.2839507228559586,1.3695224530830208,1.283798872961233,1.3688870629933736,1.0001027969415994,72.83812986362568,14.028029721236958,56.54231797549569,1.0002601364937873,144.0,64.0,0.03370515234922015,3177.723448475202,0.0,8.633333333333333,0.0,5.816666666666666,5.816666666666666,5.816666666666666,5.816666666666666,133.78333333333333,133.78333333333333,24.0,0.0,24.0,4.233333333333333,1.0666666666666667,2841.6666666666665,,137.33333333333334,93.18333333333334,24.183333333333334,54.0,175.86666666666667,529.45,14.0,75745.9,351.0,2060.219499965509,558.0,,,,,0.3373298512187401,1.8759882697947214,8.0,0.0,0.0,,,,,,
telesat,void_b8,1,topological_scheme_req_1p,552.0,1.0,0.6594202898550725,1.0,0.0,1.1959859253476062,1.202784784322175,1.1959339121483195,1.201472593007719,1.000044449475211,65.68822366873628,6.142578632432994,36.185030996495335,1.0006116236275426,144.0,64.0,0.04326621275773818,3154.584473123153,0.0,3.6166666666666667,0.0,10.0,10.983333333333333,10.983333333333333,6.533333333333333,152.78333333333333,152.78333333333333,48.0,0.0,24.0,9.083333333333334,1.0666666666666667,2841.6666666666665,,137.33333333333334,93.18333333333334,8.633333333333333,54.0,402.6666666666667,529.45,14.0,75745.9,351.0,1991.0545195142429,558.0,,,,,0.3373298512187401,1.8759882697947214,8.0,0.0,0.0,,,,,,
telesat,void_b8,2,topological_scheme_asc_1p,552.0,1.0,0.8099637681159421,1.0,0.0,1.3889376579528667,1.4672303494006798,1.3887565561274482,1.4666602647247122,1.0001133999828504,82.28445242040226,18.747898808882592,64.59279800008605,1.000224856856252,144.0,64.0,0.03457433965908542,2558.8211757441363,0.0,8.3,0.0,5.966666666666667,5.966666666666667,5.966666666666667,5.966666666666667,137.23333333333332,137.23333333333332,24.0,0.0,24.0,3.6666666666666665,1.0666666666666667,2137.4333333333334,,126.0,67.16666666666667,27.483333333333334,38.0,182.05,448.56666666666666,11.0,75018.16666666667,351.0,1732.8669801354408,558.0,,,,,0.25373140234251346,1.7710337944263368,7.0,0.0,0.0,,,,,,
telesat,void_b8,2,topological_scheme_req_1p,552.0,1.0,0.6495772946859903,1.0,0.0,1.1792495797121711,1.1894072164962146,1.1792020858285388,1.189380042583171,1.000038600265933,65.39838036088788,5.360240002985371,33.92806073874085,1.0000129998658078,144.0,64.0,0.04210729634458448,2510.3475702305636,0.0,1.35,0.0,9.85,10.633333333333333,10.633333333333333,6.45,150.88333333333333,150.88333333333333,48.0,0.0,24.0,8.666666666666666,1.0666666666666667,2137.4333333333334,,126.0,67.16666666666667,0.5833333333333334,38.0,275.9166666666667,448.56666666666666,11.0,75018.16666666667,351.0,1654.419670253992,558.0,,,,,0.25373140234251346,1.7710337944263368,7.0,0.0,0.0,,,,,,
telesat,void_b8,3,topological_scheme_asc_1p,552.0,1.0,0.7581823671497585,1.0,0.0,1.3844196221573701,1.4472747150601353,1.384052957245131,1.4415664396575951,1.0003138483594525,80.5985989129817,17.522185295110848,66.99792635439877,1.002843620555901,144.0,64.0,0.031966777729489596,2225.0723938147225,0.0,11.4,0.0,5.516666666666667,5.516666666666667,5.516666666666667,5.516666666666667,126.88333333333334,126.88333333333334,24.0,0.0,24.0,4.133333333333334,1.0666666666666667,2646.9666666666667,,123.98333333333333,80.16666666666667,72.18333333333334,52.0,348.71666666666664,473.25,11.0,75039.21666666666,351.0,1488.7478570143383,558.0,,,,,0.3142173156062045,1.8374554521527786,7.0,0.0,0.0,,,,,,
telesat,void_b8,3,topological_scheme_req_1p,552.0,1.0,0.6458333333333334,1.0,0.0,1.1972556289781995,1.2073480323169075,1.197106568046767,1.2068796276003144,1.0001148022976867,65.90169060693022,5.850873478310866,34.74152836861306,1.0002276652620112,144.0,64.0,0.04181756724129606,2469.3337731063366,0.0,1.7166666666666666,0.0,9.8,10.45,10.45,6.516666666666667,152.96666666666667,152.96666666666667,48.0,0.0,24.0,8.333333333333334,1.0666666666666667,2646.9666666666667,,123.98333333333333,80.16666666666667,6.066666666666666,52.0,446.8833333333333,473.25,11.0,75039.21666666666,351.0,1604.862755537033,558.0,,,,,0.3142173156062045,1.8374554521527786,7.0,0.0,0.0,,,,,,
telesat,void_b8,4,topological_scheme_asc_1p,552.0,1.0,0.7639190821256039,1.0,0.0,1.258483077488524,1.303475336300694,1.2583570127268857,1.3033558270807841,1.000060904921517,73.16479853709696,12.03236606727475,47.3035188495116,1.0000394541874722,144.0,64.0,0.03447776329132261,2343.1463837623596,0.0,5.816666666666666,0.0,5.95,5.95,5.95,5.95,136.85,136.85,24.0,0.0,24.0,3.7333333333333334,1.0666666666666667,2286.9666666666667,,138.06666666666666,77.93333333333334,1.2,49.0,104.51666666666667,472.43333333333334,12.0,75420.93333333333,351.0,1555.523104717334,558.0,,,,,0.2714822728711618,1.798109577460683,8.0,0.0,0.0,,,,,,
telesat,void_b8,4,topological_scheme_req_1p,552.0,1.0,0.6534118357487922,1.0,0.0,1.1883978163978128,1.2016893368483845,1.1883365661872227,1.2016817885392057,1.0000403914569849,66.63301952144536,5.578376921941489,37.12750505812504,1.0000015096618358,144.0,64.0,0.043169636389975376,2551.337639490763,0.0,0.65,0.0,9.95,10.916666666666666,10.916666666666666,6.533333333333333,153.9,153.9,48.0,0.0,24.0,8.55,1.0666666666666667,2286.9666666666667,,138.06666666666666,77.93333333333334,0.7333333333333333,49.0,210.95,472.43333333333334,12.0,75420.93333333333,351.0,1641.9953753550847,558.0,,,,,0.2714822728711618,1.798109577460683,8.0,0.0,0.0,,,,,,
telesat,void_b8,5,topological_scheme_asc_1p,552.0,1.0,0.7579710144927536,1.0,0.0,1.3086771448864076,1.37094294391651,1.308437144261515,1.3701684502263314,1.0001217877904074,74.1248048317457,13.945017599458248,55.89990263861517,1.0003151065388438,144.0,64.0,0.034381186923559806,2807.4468528230987,0.0,9.483333333333333,0.0,5.933333333333334,5.933333333333334,5.933333333333334,5.933333333333334,136.46666666666667,136.46666666666667,24.0,0.0,24.0,3.3666666666666667,1.0666666666666667,2487.2833333333333,,138.13333333333333,79.8,30.033333333333335,52.0,217.0,492.01666666666665,12.0,75377.16666666667,351.0,1849.4751418630283,558.0,,,,,0.29526155428933204,1.8618841172095393,8.0,0.0,0.0,,,,,,
telesat,void_b8,5,topological_scheme_req_1p,552.0,1.0,0.6589975845410628,1.0,0.0,1.198315326912281,1.2052157820510616,1.1982232698107365,1.205065113225121,1.0000726485230442,66.25390134619967,5.78718383270947,35.747621882277734,1.0000570465070509,144.0,64.0,0.042300449080110096,2558.7971369425454,0.0,1.5166666666666666,0.0,10.033333333333333,10.75,10.75,6.566666666666666,153.48333333333332,153.48333333333332,48.0,0.0,24.0,8.533333333333333,1.0666666666666667,2487.2833333333333,,138.13333333333333,79.8,3.2666666666666666,52.0,384.85,492.01666666666665,12.0,75377.16666666667,351.0,1661.307976146539,558.0,,,,,0.29526155428933204,1.8618841172095393,8.0,0.0,0.0,,,,,,
