time_index,time_since_epoch_ns,fstate_size_min,fstate_size_max,fstate_size_mean,fstate_size_median,fstate_size_p95,fstate_size_count,fstate_installed_min,fstate_installed_max,fstate_installed_mean,fstate_installed_median,fstate_installed_p95,fstate_installed_count,fstate_markers_min,fstate_markers_max,fstate_markers_mean,fstate_markers_median,fstate_markers_p95,fstate_markers_count,fstate_neighbors_min,fstate_neighbors_max,fstate_neighbors_mean,fstate_neighbors_median,fstate_neighbors_p95,fstate_neighbors_count,strict_header_bytes_min,strict_header_bytes_max,strict_header_bytes_mean,strict_header_bytes_median,strict_header_bytes_p95,strict_header_bytes_count,srv6_srh_bytes_min,srv6_srh_bytes_max,srv6_srh_bytes_mean,srv6_srh_bytes_median,srv6_srh_bytes_p95,srv6_srh_bytes_count,stretch_hop_min,stretch_hop_max,stretch_hop_mean,stretch_hop_median,stretch_hop_p95,stretch_hop_count,stretch_dist_min,stretch_dist_max,stretch_dist_mean,stretch_dist_median,stretch_dist_p95,stretch_dist_count,stretch_hop_shared_min,stretch_hop_shared_max,stretch_hop_shared_mean,stretch_hop_shared_median,stretch_hop_shared_p95,stretch_hop_shared_count,stretch_dist_shared_min,stretch_dist_shared_max,stretch_dist_shared_mean,stretch_dist_shared_median,stretch_dist_shared_p95,stretch_dist_shared_count,delivery_total_pairs,delivery_no_src_visibility,delivery_no_dst_visibility,delivery_disconnected,delivery_deliverable,delivery_delivered,delivery_forwarding_failure,delivery_failure_loop,delivery_failure_dead_end,delivery_failure_link_down,delivery_failure_hop_limit,delivery_failure_egress_lost,delivery_delivery_rate,delivery_non_optimal_egress,delivery_non_optimal_egress_rate,explicit_failover_count,explicit_failover_delivered_count,explicit_failover_delivered_rate,explicit_failover_protected_repair_count,explicit_failover_protected_repair_rate,explicit_failover_broken_adj_count,explicit_failover_broken_adj_rate,explicit_failover_egress_not_visible_count,explicit_failover_egress_not_visible_rate,explicit_failover_dynamic_egress_repair_count,explicit_failover_dynamic_egress_repair_rate,explicit_failover_dynamic_egress_unavailable_count,explicit_failover_dynamic_egress_unavailable_rate,failure_isls_removed,failure_satellites_down,failure_events,compute_time_ms
0,0,4.0,31.0,4.599747474747475,4.0,5.0,1584,24.0,24.0,24.0,24.0,24.0,1584,0.0,0.0,0.0,0.0,0.0,1584,4.0,8.0,4.236111111111111,4.0,5.0,1584,0.0,160.0,70.6159420289855,68.0,124.0,552,0.0,568.0,211.8985507246377,200.0,424.0,552,1.0,1.0,1.0,1.0,1.0,552,0.9999999999999996,1.0000000000000002,1.0,1.0,1.0000000000000002,552,1.0,1.3333333333333333,1.0087880559944622,1.0,1.0555555555555556,552,0.9999999999999996,1.0000000000000002,1.0,1.0,1.0000000000000002,552,552.0,0.0,0.0,0.0,552.0,552.0,0.0,0.0,0.0,0.0,0.0,0.0,1.0,0.0,0.0,552.0,552.0,1.0,0.0,0.0,0.0,0.0,0.0,0.0,0.0,0.0,0.0,0.0,0.0,0.0,0.0,2323.2616558670998
1,60000000000,4.0,31.0,4.593434343434343,4.0,5.0,1584,22.0,24.0,23.944444444444443,24.0,24.0,1584,0.0,2.0,0.05555555555555555,0.0,0.0,1584,4.0,8.0,4.22979797979798,4.0,5.0,1584,0.0,152.0,70.18840579710145,68.0,124.0,552,0.0,536.0,210.05797101449275,200.0,424.0,552,1.0,1.0,1.0,1.0,1.0,430,0.9999999999999996,1.000035361090665,1.0000001447777616,1.0,1.0,430,1.0,1.5,1.0287599970341466,1.0,1.1794117647058822,430,0.9999999999999996,2.261756208417483,1.0259764417054018,1.0,1.101525605377286,430,552.0,0.0,0.0,0.0,552.0,430.0,122.0,0.0,0.0,0.0,0.0,122.0,0.7789855072463768,126.0,0.2930232558139535,552.0,430.0,0.7789855072463768,0.0,0.0,0.0,0.0,122.0,0.2210144927536232,0.0,0.0,0.0,0.0,0.0,0.0,0.0,427.14270018041134
2,120000000000,4.0,31.0,4.594065656565657,4.0,5.0,1584,21.0,24.0,23.8895202020202,24.0,24.0,1584,0.0,3.0,0.11047979797979798,0.0,1.0,1584,4.0,8.0,4.230429292929293,4.0,5.0,1584,0.0,152.0,70.09420289855072,68.0,124.0,552,0.0,536.0,209.68115942028984,200.0,424.0,552,1.0,1.0,1.0,1.0,1.0,268,0.9999999999999997,1.0079412528195517,1.0002868500510733,1.0,1.00161454114367,268,1.0,1.5,1.0716399368756246,1.037037037037037,1.3333333333333333,268,0.9999999999999997,1.755551630613415,1.0594128212609089,1.0276955148900542,1.2326825789085245,268,552.0,0.0,0.0,0.0,552.0,268.0,284.0,0.0,0.0,0.0,0.0,284.0,0.4855072463768116,169.0,0.6305970149253731,552.0,268.0,0.4855072463768116,0.0,0.0,0.0,0.0,284.0,0.5144927536231884,0.0,0.0,0.0,0.0,0.0,0.0,0.0,548.4888199716806
3,180000000000,4.0,31.0,4.595328282828283,4.0,5.0,1584,24.0,24.0,24.0,24.0,24.0,1584,0.0,0.0,0.0,0.0,0.0,1584,4.0,8.0,4.23169191919192,4.0,5.0,1584,0.0,168.0,70.0,64.0,124.0,552,0.0,600.0,209.43478260869566,184.0,424.0,552,1.0,1.0,1.0,1.0,1.0,552,0.9999999999999996,1.0000000000000004,1.0,1.0,1.0000000000000002,552,1.0,1.3076923076923077,1.0056656009429434,1.0,1.0476190476190477,552,0.9999999999999996,1.0000000000000004,1.0,1.0,1.0000000000000002,552,552.0,0.0,0.0,0.0,552.0,552.0,0.0,0.0,0.0,0.0,0.0,0.0,1.0,0.0,0.0,552.0,552.0,1.0,0.0,0.0,0.0,0.0,0.0,0.0,0.0,0.0,0.0,0.0,0.0,0.0,0.0,1801.7389345914125
4,240000000000,4.0,32.0,4.594065656565657,4.0,5.0,1584,22.0,24.0,23.945075757575758,24.0,24.0,1584,0.0,2.0,0.054924242424242424,0.0,0.849999999999909,1584,4.0,8.0,4.230429292929293,4.0,5.0,1584,0.0,160.0,71.52173913043478,68.0,124.0,552,0.0,568.0,215.0,200.0,424.0,552,1.0,1.0,1.0,1.0,1.0,447,0.9999999999999997,1.0085998471313675,1.0005144083121646,1.0,1.0020307966114634,447,1.0,2.0,1.0222174107710265,1.0,1.1374999999999997,447,0.9999999999999998,2.168696376197811,1.0159043867948272,1.0000000000000002,1.0582007383175922,447,552.0,0.0,0.0,0.0,552.0,447.0,105.0,0.0,0.0,0.0,0.0,105.0,0.8097826086956522,108.0,0.24161073825503357,552.0,447.0,0.8097826086956522,0.0,0.0,0.0,0.0,105.0,0.19021739130434784,0.0,0.0,0.0,0.0,0.0,0.0,0.0,391.11404679715633
5,300000000000,4.0,32.0,4.588383838383838,4.0,5.0,1584,21.0,24.0,23.895833333333332,24.0,24.0,1584,0.0,3.0,0.10416666666666667,0.0,1.0,1584,4.0,8.0,4.224747474747475,4.0,5.0,1584,0.0,164.0,70.05072463768116,64.0,124.0,552,0.0,584.0,209.63768115942028,184.0,424.0,552,1.0,1.0,1.0,1.0,1.0,277,0.9999999999999997,1.015554068314321,1.0012265378363006,1.0,1.0046811600031214,277,1.0,2.0,1.0392300438045192,1.0,1.1564102564102563,277,0.9999999999999997,2.3604113783204634,1.0426952198986192,1.0036817759478336,1.1497244522087366,277,552.0,0.0,0.0,0.0,552.0,277.0,275.0,0.0,0.0,0.0,0.0,275.0,0.5018115942028986,120.0,0.4332129963898917,552.0,277.0,0.5018115942028986,0.0,0.0,0.0,0.0,275.0,0.49818840579710144,0.0,0.0,0.0,0.0,0.0,0.0,0.0,581.8279273808002
6,360000000000,4.0,31.0,4.59469696969697,4.0,5.0,1584,24.0,24.0,24.0,24.0,24.0,1584,0.0,0.0,0.0,0.0,0.0,1584,4.0,8.0,4.231060606060606,4.0,5.0,1584,0.0,152.0,71.55797101449275,68.0,124.0,552,0.0,536.0,215.53623188405797,200.0,424.0,552,1.0,1.0,1.0,1.0,1.0,552,0.9999999999999996,1.0000000000000004,1.0,1.0,1.0000000000000002,552,1.0,1.3333333333333333,1.00820949368789,1.0,1.0570261437908495,552,0.9999999999999996,1.0000000000000004,1.0,1.0,1.0000000000000002,552,552.0,0.0,0.0,0.0,552.0,552.0,0.0,0.0,0.0,0.0,0.0,0.0,1.0,0.0,0.0,552.0,552.0,1.0,0.0,0.0,0.0,0.0,0.0,0.0,0.0,0.0,0.0,0.0,0.0,0.0,0.0,1739.4795585423708
7,420000000000,4.0,30.0,4.597222222222222,4.0,6.0,1584,22.0,24.0,23.948863636363637,24.0,24.0,1584,0.0,2.0,0.05113636363636364,0.0,0.0,1584,4.0,8.0,4.233585858585859,4.0,5.0,1584,0.0,156.0,70.31884057971014,68.0,124.0,552,0.0,552.0,210.84057971014494,200.0,424.0,552,1.0,1.0,1.0,1.0,1.0,419,0.9999999999999997,1.0000000000000004,1.0,1.0,1.0000000000000002,419,1.0,2.0,1.0319513163322263,1.0,1.1538461538461537,419,0.9999999999999997,1.932375975422661,1.020641455052853,1.0,1.1213830664013131,419,552.0,0.0,0.0,0.0,552.0,419.0,133.0,0.0,0.0,0.0,0.0,133.0,0.7590579710144928,120.0,0.2863961813842482,552.0,419.0,0.7590579710144928,0.0,0.0,0.0,0.0,133.0,0.24094202898550723,0.0,0.0,0.0,0.0,0.0,0.0,0.0,514.4008100032806
8,480000000000,4.0,32.0,4.595959595959596,4.0,5.0,1584,21.0,24.0,23.89709595959596,24.0,24.0,1584,0.0,3.0,0.1029040404040404,0.0,1.0,1584,4.0,8.0,4.232323232323233,4.0,5.0,1584,0.0,156.0,71.71014492753623,68.0,124.0,552,0.0,552.0,215.8840579710145,200.0,424.0,552,1.0,1.0,1.0,1.0,1.0,264,0.9999999999999997,1.0050541911904374,1.0003558337429006,1.0,1.0011660398605509,264,1.0,2.0,1.0545812515614137,1.0,1.2,264,0.9999999999999997,2.3097237574954437,1.043769777481308,1.0010580104864928,1.1483806155797667,264,552.0,0.0,0.0,0.0,552.0,264.0,288.0,0.0,0.0,0.0,0.0,288.0,0.4782608695652174,122.0,0.4621212121212121,552.0,264.0,0.4782608695652174,0.0,0.0,0.0,0.0,288.0,0.5217391304347826,0.0,0.0,0.0,0.0,0.0,0.0,0.0,614.8933880031109
9,540000000000,4.0,31.0,4.595328282828283,4.0,5.0,1584,24.0,24.0,24.0,24.0,24.0,1584,0.0,0.0,0.0,0.0,0.0,1584,4.0,8.0,4.23169191919192,4.0,5.0,1584,0.0,160.0,71.71014492753623,68.0,128.0,552,0.0,568.0,216.2753623188406,200.0,440.0,552,1.0,1.0,1.0,1.0,1.0,552,0.9999999999999997,1.0000000000000004,1.0,1.0,1.0000000000000002,552,1.0,1.3333333333333333,1.008771188583649,1.0,1.0604779411764704,552,0.9999999999999997,1.0000000000000004,1.0,1.0,1.0000000000000002,552,552.0,0.0,0.0,0.0,552.0,552.0,0.0,0.0,0.0,0.0,0.0,0.0,1.0,0.0,0.0,552.0,552.0,1.0,0.0,0.0,0.0,0.0,0.0,0.0,0.0,0.0,0.0,0.0,0.0,0.0,0.0,1653.5375863313675
10,600000000000,4.0,31.0,4.5896464646464645,4.0,5.0,1584,22.0,24.0,23.944444444444443,24.0,24.0,1584,0.0,2.0,0.05555555555555555,0.0,0.849999999999909,1584,4.0,8.0,4.226010101010101,4.0,5.0,1584,0.0,156.0,71.47101449275362,68.0,124.0,552,0.0,552.0,215.31884057971016,200.0,424.0,552,1.0,1.0,1.0,1.0,1.0,426,0.9999999999999998,1.0030944211181922,1.0000794438295944,1.0,1.000685144798664,426,1.0,1.5,1.0288252829094913,1.0,1.1538461538461537,426,0.9999999999999998,2.2507892671459824,1.0207905903238321,1.0,1.0978461513958777,426,552.0,0.0,0.0,0.0,552.0,426.0,126.0,0.0,0.0,0.0,0.0,126.0,0.7717391304347826,137.0,0.3215962441314554,552.0,426.0,0.7717391304347826,0.0,0.0,0.0,0.0,126.0,0.22826086956521738,0.0,0.0,0.0,0.0,0.0,0.0,0.0,485.24385318160057
11,660000000000,4.0,31.0,4.594065656565657,4.0,5.0,1584,21.0,24.0,23.89709595959596,24.0,24.0,1584,0.0,3.0,0.1029040404040404,0.0,1.0,1584,4.0,8.0,4.230429292929293,4.0,5.0,1584,0.0,148.0,70.51449275362319,68.0,124.0,552,0.0,520.0,211.36231884057972,200.0,424.0,552,1.0,1.0,1.0,1.0,1.0,282,0.9999999999999997,1.0108422719270698,1.000465066450113,1.0,1.0037024829343735,282,1.0,1.5,1.0612891555971522,1.0339080459770116,1.2,282,0.9999999999999997,1.418069418893285,1.042207652470037,1.020905963382851,1.148001886630441,282,552.0,0.0,0.0,0.0,552.0,282.0,270.0,0.0,0.0,0.0,0.0,270.0,0.5108695652173914,163.0,0.5780141843971631,552.0,282.0,0.5108695652173914,0.0,0.0,0.0,0.0,270.0,0.4891304347826087,0.0,0.0,0.0,0.0,0.0,0.0,0.0,547.119403257966
12,720000000000,4.0,31.0,4.603535353535354,4.0,6.0,1584,24.0,24.0,24.0,24.0,24.0,1584,0.0,0.0,0.0,0.0,0.0,1584,4.0,8.0,4.23989898989899,4.0,5.0,1584,0.0,156.0,71.17391304347827,68.0,124.0,552,0.0,552.0,214.1304347826087,200.0,424.0,552,1.0,1.0,1.0,1.0,1.0,552,0.9999999999999998,1.0000000000000002,1.0,1.0,1.0000000000000002,552,1.0,1.3076923076923077,1.007772835120682,1.0,1.06235294117647,552,0.9999999999999998,1.0000000000000002,1.0,1.0,1.0000000000000002,552,552.0,0.0,0.0,0.0,552.0,552.0,0.0,0.0,0.0,0.0,0.0,0.0,1.0,0.0,0.0,552.0,552.0,1.0,0.0,0.0,0.0,0.0,0.0,0.0,0.0,0.0,0.0,0.0,0.0,0.0,0.0,1806.3983004540205
13,780000000000,4.0,32.0,4.599116161616162,4.0,5.0,1584,22.0,24.0,23.944444444444443,24.0,24.0,1584,0.0,2.0,0.05555555555555555,0.0,1.0,1584,4.0,8.0,4.235479797979798,4.0,5.0,1584,0.0,160.0,70.6231884057971,64.0,124.0,552,0.0,568.0,211.53623188405797,184.0,424.0,552,1.0,1.0,1.0,1.0,1.0,437,0.9999999999999996,1.00912296263864,1.0000976417858176,1.0,1.0000000000000002,437,1.0,1.5,1.029599863371141,1.0,1.1666666666666667,437,0.9999999999999996,2.138152711365033,1.0271730357535132,1.0,1.1327853029238457,437,552.0,0.0,0.0,0.0,552.0,437.0,115.0,0.0,0.0,0.0,0.0,115.0,0.7916666666666666,130.0,0.2974828375286041,552.0,437.0,0.7916666666666666,0.0,0.0,0.0,0.0,115.0,0.20833333333333334,0.0,0.0,0.0,0.0,0.0,0.0,0.0,551.9718676805496
14,840000000000,4.0,32.0,4.59280303030303,4.0,5.0,1584,21.0,24.0,23.89330808080808,24.0,24.0,1584,0.0,3.0,0.10669191919191919,0.0,1.0,1584,4.0,8.0,4.229166666666667,4.0,5.0,1584,0.0,160.0,71.97101449275362,68.0,128.0,552,0.0,568.0,217.05797101449275,200.0,440.0,552,1.0,1.0,1.0,1.0,1.0,254,0.9999999999999998,1.0134727339307568,1.0001460175738441,1.0,1.0000000000000002,254,1.0,2.0,1.054325900849692,1.0,1.25,254,0.9999999999999999,2.877536946122926,1.0615002962959104,1.0033536794621267,1.2745414384645446,254,552.0,0.0,0.0,0.0,552.0,254.0,298.0,0.0,0.0,0.0,0.0,298.0,0.4601449275362319,129.0,0.5078740157480315,552.0,254.0,0.4601449275362319,0.0,0.0,0.0,0.0,298.0,0.5398550724637681,0.0,0.0,0.0,0.0,0.0,0.0,0.0,404.4520929455757
15,900000000000,4.0,31.0,4.581439393939394,4.0,5.0,1584,24.0,24.0,24.0,24.0,24.0,1584,0.0,0.0,0.0,0.0,0.0,1584,4.0,8.0,4.232954545454546,4.0,5.0,1584,0.0,156.0,71.31159420289855,68.0,124.0,552,0.0,552.0,214.42028985507247,200.0,424.0,552,1.0,1.0,1.0,1.0,1.0,552,0.9999999999999997,1.0000000000000004,1.0,1.0,1.0000000000000002,552,1.0,1.3333333333333333,1.007992723064557,1.0,1.0526315789473684,552,0.9999999999999997,1.0000000000000004,1.0,1.0,1.0000000000000002,552,552.0,0.0,0.0,0.0,552.0,552.0,0.0,0.0,0.0,0.0,0.0,0.0,1.0,0.0,0.0,552.0,552.0,1.0,0.0,0.0,0.0,0.0,0.0,0.0,0.0,0.0,0.0,0.0,0.0,0.0,0.0,1919.2895833402872
16,960000000000,4.0,31.0,4.591540404040404,4.0,5.0,1584,22.0,24.0,23.94760101010101,24.0,24.0,1584,0.0,2.0,0.052398989898989896,0.0,0.0,1584,4.0,8.0,4.227904040404041,4.0,5.0,1584,0.0,148.0,69.44927536231884,68.0,124.0,552,0.0,520.0,207.231884057971,200.0,424.0,552,1.0,1.0,1.0,1.0,1.0,417,0.9999999999999997,1.0000000000000002,1.0,1.0,1.0000000000000002,417,1.0,2.0,1.0294788650261806,1.0,1.1696969696969697,417,0.9999999999999997,1.8510545370982954,1.0203220417132506,1.0,1.1106068502108084,417,552.0,0.0,0.0,0.0,552.0,417.0,135.0,0.0,0.0,0.0,0.0,135.0,0.7554347826086957,108.0,0.2589928057553957,552.0,417.0,0.7554347826086957,0.0,0.0,0.0,0.0,135.0,0.24456521739130435,0.0,0.0,0.0,0.0,0.0,0.0,0.0,388.53105902671814
17,1020000000000,4.0,31.0,4.59280303030303,4.0,5.0,1584,21.0,24.0,23.894570707070706,24.0,24.0,1584,0.0,3.0,0.10542929292929293,0.0,1.0,1584,4.0,8.0,4.229166666666667,4.0,5.0,1584,0.0,156.0,70.08695652173913,68.0,124.0,552,0.0,552.0,209.65217391304347,200.0,424.0,552,1.0,1.0,1.0,1.0,1.0,250,0.9999999999999997,1.0066363786850883,1.0005802117463256,1.0,1.002110969394944,250,1.0,2.0,1.0628608836465514,1.0,1.25,250,0.9999999999999998,2.7958324751933956,1.0555478007671173,1.0040263325385288,1.2176962986054654,250,552.0,0.0,0.0,0.0,552.0,250.0,302.0,0.0,0.0,0.0,0.0,302.0,0.4528985507246377,123.0,0.492,552.0,250.0,0.4528985507246377,0.0,0.0,0.0,0.0,302.0,0.5471014492753623,0.0,0.0,0.0,0.0,0.0,0.0,0.0,484.2216297984123
18,1080000000000,4.0,32.0,4.596590909090909,4.0,5.0,1584,24.0,24.0,24.0,24.0,24.0,1584,0.0,0.0,0.0,0.0,0.0,1584,4.0,8.0,4.232954545454546,4.0,5.0,1584,0.0,160.0,70.3623188405797,64.0,125.79999999999973,552,0.0,568.0,211.0144927536232,184.0,431.1999999999989,552,1.0,1.0,1.0,1.0,1.0,552,0.9999999999999998,1.0000000000000004,1.0,1.0,1.0000000000000002,552,1.0,1.2857142857142858,1.0063571400102855,1.0,1.0498746867167916,552,0.9999999999999998,1.0000000000000004,1.0,1.0,1.0000000000000002,552,552.0,0.0,0.0,0.0,552.0,552.0,0.0,0.0,0.0,0.0,0.0,0.0,1.0,0.0,0.0,552.0,552.0,1.0,0.0,0.0,0.0,0.0,0.0,0.0,0.0,0.0,0.0,0.0,0.0,0.0,0.0,1948.4769254922867
19,1140000000000,4.0,32.0,4.59280303030303,4.0,5.0,1584,22.0,24.0,23.940656565656564,24.0,24.0,1584,0.0,2.0,0.059343434343434344,0.0,1.0,1584,4.0,8.0,4.229166666666667,4.0,5.0,1584,0.0,156.0,70.93478260869566,68.0,124.0,552,0.0,552.0,213.04347826086956,200.0,424.0,552,1.0,1.0,1.0,1.0,1.0,409,0.9999999999999997,1.0062596006123778,1.000196800237575,1.0,1.0011775022835814,409,1.0,1.5,1.036836779849406,1.0,1.1818181818181819,409,0.9999999999999997,2.228218838368214,1.0297776397567975,1.0,1.1473619541611824,409,552.0,0.0,0.0,0.0,552.0,409.0,143.0,0.0,0.0,0.0,0.0,143.0,0.7409420289855072,140.0,0.3422982885085575,552.0,409.0,0.7409420289855072,0.0,0.0,0.0,0.0,143.0,0.25905797101449274,0.0,0.0,0.0,0.0,0.0,0.0,0.0,360.76585948467255
20,1200000000000,4.0,31.0,4.590277777777778,4.0,5.0,1584,21.0,24.0,23.89520202020202,24.0,24.0,1584,0.0,3.0,0.10479797979797979,0.0,1.0,1584,4.0,8.0,4.226641414141414,4.0,5.0,1584,0.0,156.0,70.93478260869566,68.0,128.0,552,0.0,552.0,213.04347826086956,200.0,440.0,552,1.0,1.0,1.0,1.0,1.0,300,0.9999999999999996,1.0160098557466943,1.0006386802857767,1.0,1.0047453286019228,300,1.0,1.5,1.0518590732674178,1.0,1.2,300,0.9999999999999996,1.5849600550033607,1.044712256233819,1.0137676048563407,1.1784696674214175,300,552.0,0.0,0.0,0.0,552.0,300.0,252.0,0.0,0.0,0.0,0.0,252.0,0.5434782608695652,173.0,0.5766666666666667,552.0,300.0,0.5434782608695652,0.0,0.0,0.0,0.0,252.0,0.45652173913043476,0.0,0.0,0.0,0.0,0.0,0.0,0.0,520.0821477919817
21,1260000000000,4.0,31.0,4.591540404040404,4.0,5.849999999999909,1584,24.0,24.0,24.0,24.0,24.0,1584,0.0,0.0,0.0,0.0,0.0,1584,4.0,8.0,4.227904040404041,4.0,5.0,1584,0.0,156.0,70.98550724637681,68.0,124.0,552,0.0,552.0,213.2463768115942,200.0,424.0,552,1.0,1.0,1.0,1.0,1.0,552,0.9999999999999997,1.0000000000000002,1.0,1.0,1.0000000000000002,552,1.0,1.3076923076923077,1.0065378057476773,1.0,1.0555555555555556,552,0.9999999999999997,1.0000000000000002,1.0,1.0,1.0000000000000002,552,552.0,0.0,0.0,0.0,552.0,552.0,0.0,0.0,0.0,0.0,0.0,0.0,1.0,0.0,0.0,552.0,552.0,1.0,0.0,0.0,0.0,0.0,0.0,0.0,0.0,0.0,0.0,0.0,0.0,0.0,0.0,1744.4391790777445
22,1320000000000,4.0,31.0,4.601010101010101,4.0,6.0,1584,22.0,24.0,23.952651515151516,24.0,24.0,1584,0.0,2.0,0.04734848484848485,0.0,0.0,1584,4.0,8.0,4.237373737373737,4.0,5.0,1584,0.0,156.0,69.6376811594203,68.0,124.0,552,0.0,552.0,207.9855072463768,200.0,424.0,552,1.0,1.0,1.0,1.0,1.0,432,0.9999999999999997,1.0000000000000004,1.0,1.0,1.0000000000000002,432,1.0,2.0,1.033947260862619,1.0,1.1734848484848484,432,0.9999999999999997,2.1272257903424716,1.0285507148142254,1.0,1.1432281620366302,432,552.0,0.0,0.0,0.0,552.0,432.0,120.0,0.0,0.0,0.0,0.0,120.0,0.782608695652174,127.0,0.29398148148148145,552.0,432.0,0.782608695652174,0.0,0.0,0.0,0.0,120.0,0.21739130434782608,0.0,0.0,0.0,0.0,0.0,0.0,0.0,589.4210413098335
23,1380000000000,4.0,32.0,4.593434343434343,4.0,5.0,1584,21.0,24.0,23.89709595959596,24.0,24.0,1584,0.0,3.0,0.1029040404040404,0.0,1.0,1584,4.0,8.0,4.22979797979798,4.0,5.0,1584,0.0,156.0,69.97826086956522,68.0,124.0,552,0.0,552.0,208.82608695652175,200.0,424.0,552,1.0,1.0,1.0,1.0,1.0,217,0.9999999999999998,1.0017987256907732,1.0000585591576752,1.0,1.0003725383892894,217,1.0,2.0,1.0678178088937116,1.0,1.2857142857142858,217,0.9999999999999998,2.9356104220582453,1.0743720255974472,1.0099160800147973,1.3034254219866657,217,552.0,0.0,0.0,0.0,552.0,217.0,335.0,0.0,0.0,0.0,0.0,335.0,0.39311594202898553,123.0,0.5668202764976958,552.0,217.0,0.39311594202898553,0.0,0.0,0.0,0.0,335.0,0.6068840579710145,0.0,0.0,0.0,0.0,0.0,0.0,0.0,503.25808487832546
24,1440000000000,4.0,31.0,4.586489898989899,4.0,5.849999999999909,1584,24.0,24.0,24.0,24.0,24.0,1584,0.0,0.0,0.0,0.0,0.0,1584,4.0,8.0,4.23800505050505,4.0,5.0,1584,0.0,156.0,71.65217391304348,68.0,128.0,552,0.0,552.0,216.17391304347825,200.0,440.0,552,1.0,1.0,1.0,1.0,1.0,552,0.9999999999999997,1.0000000000000002,1.0,1.0,1.0000000000000002,552,1.0,1.2857142857142858,1.0070762737897274,1.0,1.0554179566563462,552,0.9999999999999997,1.0000000000000002,1.0,1.0,1.0000000000000002,552,552.0,0.0,0.0,0.0,552.0,552.0,0.0,0.0,0.0,0.0,0.0,0.0,1.0,0.0,0.0,552.0,552.0,1.0,0.0,0.0,0.0,0.0,0.0,0.0,0.0,0.0,0.0,0.0,0.0,0.0,0.0,1913.7288983911276
25,1500000000000,4.0,31.0,4.588383838383838,4.0,5.0,1584,22.0,24.0,23.94128787878788,24.0,24.0,1584,0.0,2.0,0.058712121212121215,0.0,1.0,1584,4.0,8.0,4.224747474747475,4.0,5.0,1584,0.0,156.0,71.8768115942029,70.0,124.0,552,0.0,552.0,216.55072463768116,208.0,424.0,552,1.0,1.0,1.0,1.0,1.0,385,0.9999999999999997,1.0009096883814042,1.0000162308787088,1.0,1.0000162998180433,385,1.0,2.0,1.0269671224273145,1.0,1.1333333333333333,385,0.9999999999999997,2.0892030493413656,1.0220819734243642,1.0,1.1022146275173876,385,552.0,0.0,0.0,0.0,552.0,385.0,167.0,0.0,0.0,0.0,0.0,167.0,0.697463768115942,88.0,0.22857142857142856,552.0,385.0,0.697463768115942,0.0,0.0,0.0,0.0,167.0,0.302536231884058,0.0,0.0,0.0,0.0,0.0,0.0,0.0,571.000475436449
26,1560000000000,4.0,31.0,4.595959595959596,4.0,5.0,1584,21.0,24.0,23.894570707070706,24.0,24.0,1584,0.0,3.0,0.10542929292929293,0.0,1.0,1584,4.0,8.0,4.232323232323233,4.0,5.0,1584,0.0,156.0,70.20289855072464,68.0,124.0,552,0.0,552.0,210.1159420289855,200.0,424.0,552,1.0,1.0,1.0,1.0,1.0,246,0.9999999999999998,1.0092891771973083,1.0009325052584503,1.0,1.0033411525897977,246,1.0,2.0,1.0600984580259825,1.0,1.25,246,0.9999999999999998,2.909300699337909,1.0563797581922478,1.0069641959477402,1.2039338893384899,246,552.0,0.0,0.0,0.0,552.0,246.0,306.0,0.0,0.0,0.0,0.0,306.0,0.44565217391304346,131.0,0.532520325203252,552.0,246.0,0.44565217391304346,0.0,0.0,0.0,0.0,306.0,0.5543478260869565,0.0,0.0,0.0,0.0,0.0,0.0,0.0,517.0373450964689
27,1620000000000,4.0,31.0,4.6022727272727275,4.0,6.0,1584,24.0,24.0,24.0,24.0,24.0,1584,0.0,0.0,0.0,0.0,0.0,1584,4.0,8.0,4.238636363636363,4.0,5.0,1584,0.0,160.0,69.89855072463769,64.0,124.0,552,0.0,568.0,208.768115942029,184.0,424.0,552,1.0,1.0,1.0,1.0,1.0,552,0.9999999999999996,1.0000000000000004,1.0,1.0,1.0000000000000002,552,1.0,1.3571428571428572,1.0053644675490032,1.0,1.0384615384615385,552,0.9999999999999996,1.0000000000000004,1.0,1.0,1.0000000000000002,552,552.0,0.0,0.0,0.0,552.0,552.0,0.0,0.0,0.0,0.0,0.0,0.0,1.0,0.0,0.0,552.0,552.0,1.0,0.0,0.0,0.0,0.0,0.0,0.0,0.0,0.0,0.0,0.0,0.0,0.0,0.0,1665.9720428287983
28,1680000000000,4.0,32.0,4.599747474747475,4.0,5.849999999999909,1584,22.0,24.0,23.946969696969695,24.0,24.0,1584,0.0,2.0,0.05303030303030303,0.0,0.0,1584,4.0,8.0,4.236111111111111,4.0,5.0,1584,0.0,156.0,70.1304347826087,64.0,124.0,552,0.0,552.0,209.56521739130434,184.0,424.0,552,1.0,1.0,1.0,1.0,1.0,433,0.9999999999999998,1.0098586221999273,1.0003375450609062,1.0,1.0023833793868464,433,1.0,1.5,1.02237530088511,1.0,1.1283333333333332,433,0.9999999999999998,2.192990238223962,1.0174807469050955,1.0,1.0892207820303716,433,552.0,0.0,0.0,0.0,552.0,433.0,119.0,0.0,0.0,0.0,0.0,119.0,0.7844202898550725,112.0,0.2586605080831409,552.0,433.0,0.7844202898550725,0.0,0.0,0.0,0.0,119.0,0.21557971014492755,0.0,0.0,0.0,0.0,0.0,0.0,0.0,642.4792874604464
29,1740000000000,4.0,32.0,4.590909090909091,4.0,5.0,1584,21.0,24.0,23.892676767676768,24.0,24.0,1584,0.0,3.0,0.10732323232323232,0.0,1.0,1584,4.0,8.0,4.2272727272727275,4.0,5.0,1584,0.0,156.0,71.77536231884058,68.0,128.0,552,0.0,552.0,216.2753623188406,200.0,440.0,552,1.0,1.0,1.0,1.0,1.0,305,0.9999999999999997,1.0162693809545162,1.0005013841807746,1.0,1.0000000000000002,305,1.0,1.5,1.0504126413426056,1.0,1.25,305,0.9999999999999998,1.7124154039045325,1.0440259607990916,1.0084420330275898,1.1721685460180318,305,552.0,0.0,0.0,0.0,552.0,305.0,247.0,0.0,0.0,0.0,0.0,247.0,0.552536231884058,160.0,0.5245901639344263,552.0,305.0,0.552536231884058,0.0,0.0,0.0,0.0,247.0,0.447463768115942,0.0,0.0,0.0,0.0,0.0,0.0,0.0,398.67991767823696
30,1800000000000,4.0,31.0,4.577020202020202,4.0,5.0,1584,24.0,24.0,24.0,24.0,24.0,1584,0.0,0.0,0.0,0.0,0.0,1584,4.0,8.0,4.228535353535354,4.0,5.0,1584,0.0,156.0,70.71739130434783,68.0,124.0,552,0.0,552.0,212.17391304347825,200.0,424.0,552,1.0,1.0,1.0,1.0,1.0,552,0.9999999999999997,1.0000000000000004,1.0,1.0,1.0000000000000002,552,1.0,1.3333333333333333,1.0090522779186315,1.0,1.0740740740740742,552,0.9999999999999997,1.0000000000000004,1.0,1.0,1.0000000000000002,552,552.0,0.0,0.0,0.0,552.0,552.0,0.0,0.0,0.0,0.0,0.0,0.0,1.0,0.0,0.0,552.0,552.0,1.0,0.0,0.0,0.0,0.0,0.0,0.0,0.0,0.0,0.0,0.0,0.0,0.0,0.0,1744.2853953689337
31,1860000000000,4.0,31.0,4.59280303030303,4.0,5.0,1584,22.0,24.0,23.949494949494948,24.0,24.0,1584,0.0,2.0,0.050505050505050504,0.0,0.0,1584,4.0,8.0,4.229166666666667,4.0,5.0,1584,0.0,156.0,70.28260869565217,68.0,124.0,552,0.0,552.0,210.69565217391303,200.0,424.0,552,1.0,1.0,1.0,1.0,1.0,416,0.9999999999999997,1.0000000000000004,1.0,1.0,1.0000000000000002,416,1.0,1.5,1.0324534772120233,1.0,1.1818181818181819,416,0.9999999999999997,2.09898094001233,1.022742515963284,1.0,1.1138396817210077,416,552.0,0.0,0.0,0.0,552.0,416.0,136.0,0.0,0.0,0.0,0.0,136.0,0.7536231884057971,113.0,0.27163461538461536,552.0,416.0,0.7536231884057971,0.0,0.0,0.0,0.0,136.0,0.2463768115942029,0.0,0.0,0.0,0.0,0.0,0.0,0.0,417.88431629538536
32,1920000000000,4.0,32.0,4.576388888888889,4.0,5.0,1584,21.0,24.0,23.896464646464647,24.0,24.0,1584,0.0,3.0,0.10353535353535354,0.0,1.0,1584,4.0,8.0,4.227904040404041,4.0,5.0,1584,0.0,156.0,69.7536231884058,68.0,124.0,552,0.0,552.0,208.18840579710144,200.0,424.0,552,1.0,1.0,1.0,1.0,1.0,232,0.9999999999999997,1.0042012428993188,1.0001400428198586,1.0,1.000852296880283,232,1.0,1.5,1.0605439525625635,1.0,1.2857142857142858,232,0.9999999999999998,2.18331330645137,1.058381585761184,1.0097427535499124,1.2858010988089765,232,552.0,0.0,0.0,0.0,552.0,232.0,320.0,0.0,0.0,0.0,0.0,320.0,0.42028985507246375,123.0,0.5301724137931034,552.0,232.0,0.42028985507246375,0.0,0.0,0.0,0.0,320.0,0.5797101449275363,0.0,0.0,0.0,0.0,0.0,0.0,0.0,571.553785353899
33,1980000000000,4.0,32.0,4.600378787878788,4.0,5.0,1584,24.0,24.0,24.0,24.0,24.0,1584,0.0,0.0,0.0,0.0,0.0,1584,4.0,8.0,4.236742424242424,4.0,5.0,1584,0.0,160.0,70.4927536231884,64.0,128.0,552,0.0,568.0,211.53623188405797,184.0,440.0,552,1.0,1.0,1.0,1.0,1.0,552,0.9999999999999998,1.0000000000000002,1.0,1.0,1.0000000000000002,552,1.0,1.2857142857142858,1.007780134625292,1.0,1.067701149425287,552,0.9999999999999998,1.0000000000000002,1.0,1.0,1.0000000000000002,552,552.0,0.0,0.0,0.0,552.0,552.0,0.0,0.0,0.0,0.0,0.0,0.0,1.0,0.0,0.0,552.0,552.0,1.0,0.0,0.0,0.0,0.0,0.0,0.0,0.0,0.0,0.0,0.0,0.0,0.0,0.0,1800.0538907945156
34,2040000000000,4.0,32.0,4.591540404040404,4.0,5.0,1584,22.0,24.0,23.940025252525253,24.0,24.0,1584,0.0,2.0,0.05997474747474747,0.0,1.0,1584,4.0,8.0,4.227904040404041,4.0,5.0,1584,0.0,160.0,71.02173913043478,68.0,124.0,552,0.0,568.0,213.3913043478261,200.0,424.0,552,1.0,1.0,1.0,1.0,1.0,425,0.9999999999999997,1.004106529115815,1.000229044817287,1.0,1.0009515509569462,425,1.0,2.0,1.0307371053220022,1.0,1.1666666666666667,425,0.9999999999999997,2.1091687024578736,1.0227306529403795,1.0000000000000002,1.1102924279294133,425,552.0,0.0,0.0,0.0,552.0,425.0,127.0,0.0,0.0,0.0,0.0,127.0,0.769927536231884,98.0,0.23058823529411765,552.0,425.0,0.769927536231884,0.0,0.0,0.0,0.0,127.0,0.23007246376811594,0.0,0.0,0.0,0.0,0.0,0.0,0.0,408.17185305058956
35,2100000000000,4.0,30.0,4.5896464646464645,4.0,5.0,1584,21.0,24.0,23.892676767676768,24.0,24.0,1584,0.0,3.0,0.10732323232323232,0.0,1.0,1584,4.0,8.0,4.226010101010101,4.0,5.0,1584,0.0,156.0,71.32608695652173,68.0,124.0,552,0.0,552.0,214.47826086956522,200.0,424.0,552,1.0,1.0,1.0,1.0,1.0,267,0.9999999999999998,1.0140627492237613,1.0011189788239212,1.0,1.004036406869071,267,1.0,2.0,1.068531775108136,1.0,1.3333333333333333,267,0.9999999999999998,2.4651653578344237,1.066685086657861,1.015100987863979,1.2549122303360725,267,552.0,0.0,0.0,0.0,552.0,267.0,285.0,0.0,0.0,0.0,0.0,285.0,0.483695652173913,147.0,0.550561797752809,552.0,267.0,0.483695652173913,0.0,0.0,0.0,0.0,285.0,0.5163043478260869,0.0,0.0,0.0,0.0,0.0,0.0,0.0,602.6187464594841
36,2160000000000,4.0,31.0,4.599747474747475,4.0,6.0,1584,24.0,24.0,24.0,24.0,24.0,1584,0.0,0.0,0.0,0.0,0.0,1584,4.0,8.0,4.236111111111111,4.0,5.0,1584,0.0,164.0,70.95652173913044,72.0,124.0,552,0.0,584.0,213.1304347826087,216.0,424.0,552,1.0,1.0,1.0,1.0,1.0,552,0.9999999999999997,1.0000000000000004,1.0,1.0,1.0000000000000002,552,1.0,1.3333333333333333,1.0084105526064442,1.0,1.0555555555555556,552,0.9999999999999997,1.0000000000000004,1.0,1.0,1.0000000000000002,552,552.0,0.0,0.0,0.0,552.0,552.0,0.0,0.0,0.0,0.0,0.0,0.0,1.0,0.0,0.0,552.0,552.0,1.0,0.0,0.0,0.0,0.0,0.0,0.0,0.0,0.0,0.0,0.0,0.0,0.0,0.0,1607.9344004392624
37,2220000000000,4.0,31.0,4.601641414141414,4.0,6.0,1584,22.0,24.0,23.94570707070707,24.0,24.0,1584,0.0,2.0,0.054292929292929296,0.0,0.0,1584,4.0,8.0,4.23800505050505,4.0,5.0,1584,0.0,156.0,70.17391304347827,68.0,124.0,552,0.0,552.0,210.1304347826087,200.0,424.0,552,1.0,1.0,1.0,1.0,1.0,423,0.9999999999999997,1.000793264186552,1.0000063554926666,1.0,1.0000000000000002,423,1.0,1.6666666666666667,1.0320826995402375,1.0,1.1527472527472524,423,0.9999999999999997,1.447951033787875,1.018673081218486,1.0,1.1040161729448694,423,552.0,0.0,0.0,0.0,552.0,423.0,129.0,0.0,0.0,0.0,0.0,129.0,0.7663043478260869,119.0,0.28132387706855794,552.0,423.0,0.7663043478260869,0.0,0.0,0.0,0.0,129.0,0.23369565217391305,0.0,0.0,0.0,0.0,0.0,0.0,0.0,533.1484451889992
38,2280000000000,4.0,32.0,4.593434343434343,4.0,5.0,1584,21.0,24.0,23.89520202020202,24.0,24.0,1584,0.0,3.0,0.10479797979797979,0.0,1.0,1584,4.0,8.0,4.22979797979798,4.0,5.0,1584,0.0,156.0,71.0072463768116,64.0,128.0,552,0.0,552.0,213.20289855072463,184.0,440.0,552,1.0,1.0,1.0,1.0,1.0,311,0.9999999999999997,1.0015777823083454,1.0000132941045499,1.0,1.0000000000000002,311,1.0,1.5,1.045352764684887,1.0,1.2,311,0.9999999999999998,1.6706782799544746,1.0360815227926934,1.0,1.1433599116453859,311,552.0,0.0,0.0,0.0,552.0,311.0,241.0,0.0,0.0,0.0,0.0,241.0,0.5634057971014492,140.0,0.45016077170418006,552.0,311.0,0.5634057971014492,0.0,0.0,0.0,0.0,241.0,0.4365942028985507,0.0,0.0,0.0,0.0,0.0,0.0,0.0,580.9207540005445
39,2340000000000,4.0,31.0,4.5852272727272725,4.0,6.0,1584,24.0,24.0,24.0,24.0,24.0,1584,0.0,0.0,0.0,0.0,0.0,1584,4.0,8.0,4.236742424242424,4.0,5.0,1584,0.0,160.0,71.0072463768116,68.0,124.0,552,0.0,568.0,213.20289855072463,200.0,424.0,552,1.0,1.0,1.0,1.0,1.0,552,0.9999999999999997,1.0000000000000004,1.0,1.0,1.0000000000000002,552,1.0,1.3333333333333333,1.0077050064650517,1.0,1.0526315789473684,552,0.9999999999999997,1.0000000000000004,1.0,1.0,1.0000000000000002,552,552.0,0.0,0.0,0.0,552.0,552.0,0.0,0.0,0.0,0.0,0.0,0.0,1.0,0.0,0.0,552.0,552.0,1.0,0.0,0.0,0.0,0.0,0.0,0.0,0.0,0.0,0.0,0.0,0.0,0.0,0.0,1722.0622655004263
40,2400000000000,4.0,31.0,4.590909090909091,4.0,5.0,1584,22.0,24.0,23.943181818181817,24.0,24.0,1584,0.0,2.0,0.056818181818181816,0.0,1.0,1584,4.0,8.0,4.2272727272727275,4.0,5.0,1584,0.0,152.0,70.29710144927536,68.0,124.0,552,0.0,536.0,210.4927536231884,200.0,424.0,552,1.0,1.0,1.0,1.0,1.0,431,0.9999999999999998,1.0000000000000002,1.0,1.0,1.0000000000000002,431,1.0,1.5,1.027052553493547,1.0,1.179144385026738,431,0.9999999999999998,2.2081783128508423,1.0216046092658138,1.0,1.0871691545821385,431,552.0,0.0,0.0,0.0,552.0,431.0,121.0,0.0,0.0,0.0,0.0,121.0,0.7807971014492754,116.0,0.2691415313225058,552.0,431.0,0.7807971014492754,0.0,0.0,0.0,0.0,121.0,0.21920289855072464,0.0,0.0,0.0,0.0,0.0,0.0,0.0,580.1659282296896
41,2460000000000,4.0,31.0,4.594065656565657,4.0,5.0,1584,21.0,24.0,23.891414141414142,24.0,24.0,1584,0.0,3.0,0.10858585858585859,0.0,1.0,1584,4.0,8.0,4.230429292929293,4.0,5.0,1584,0.0,152.0,70.6086956521739,68.0,124.0,552,0.0,536.0,211.7391304347826,200.0,424.0,552,1.0,1.0,1.0,1.0,1.0,282,0.9999999999999998,1.0071615176458348,1.0002891267655585,1.0,1.0023962397360138,282,1.0,1.5,1.066982884100139,1.0400641025641026,1.283928571428571,282,0.9999999999999998,1.728879615981258,1.0532217456876032,1.0224005065325124,1.2104401837887009,282,552.0,0.0,0.0,0.0,552.0,282.0,270.0,0.0,0.0,0.0,0.0,270.0,0.5108695652173914,178.0,0.6312056737588653,552.0,282.0,0.5108695652173914,0.0,0.0,0.0,0.0,270.0,0.4891304347826087,0.0,0.0,0.0,0.0,0.0,0.0,0.0,577.164065092802
42,2520000000000,4.0,31.0,4.600378787878788,4.0,5.0,1584,24.0,24.0,24.0,24.0,24.0,1584,0.0,0.0,0.0,0.0,0.0,1584,4.0,8.0,4.236742424242424,4.0,5.0,1584,0.0,168.0,69.89855072463769,64.0,124.0,552,0.0,600.0,209.15942028985506,184.0,424.0,552,1.0,1.0,1.0,1.0,1.0,552,0.9999999999999998,1.0000000000000004,1.0,1.0,1.0000000000000002,552,1.0,1.3076923076923077,1.0061972030151407,1.0,1.048690476190476,552,0.9999999999999998,1.0000000000000004,1.0,1.0,1.0000000000000002,552,552.0,0.0,0.0,0.0,552.0,552.0,0.0,0.0,0.0,0.0,0.0,0.0,1.0,0.0,0.0,552.0,552.0,1.0,0.0,0.0,0.0,0.0,0.0,0.0,0.0,0.0,0.0,0.0,0.0,0.0,0.0,1782.5700603425503
43,2580000000000,4.0,32.0,4.597222222222222,4.0,5.0,1584,22.0,24.0,23.94381313131313,24.0,24.0,1584,0.0,2.0,0.05618686868686869,0.0,1.0,1584,4.0,8.0,4.233585858585859,4.0,5.0,1584,0.0,160.0,71.4927536231884,68.0,124.0,552,0.0,568.0,214.8840579710145,200.0,424.0,552,1.0,1.0,1.0,1.0,1.0,451,0.9999999999999998,1.0073310727823659,1.0004417925761262,1.0,1.0017519973890845,451,1.0,2.0,1.0205467169236329,1.0,1.125,451,0.9999999999999998,2.102125157388485,1.0128320408468905,1.0000000000000002,1.054230996533688,451,552.0,0.0,0.0,0.0,552.0,451.0,101.0,0.0,0.0,0.0,0.0,101.0,0.8170289855072463,101.0,0.22394678492239467,552.0,451.0,0.8170289855072463,0.0,0.0,0.0,0.0,101.0,0.18297101449275363,0.0,0.0,0.0,0.0,0.0,0.0,0.0,514.3907014280558
44,2640000000000,4.0,32.0,4.590909090909091,4.0,5.0,1584,21.0,24.0,23.89330808080808,24.0,24.0,1584,0.0,3.0,0.10669191919191919,0.0,1.0,1584,4.0,8.0,4.2272727272727275,4.0,5.0,1584,0.0,164.0,71.15217391304348,64.0,124.0,552,0.0,584.0,214.04347826086956,184.0,424.0,552,1.0,1.0,1.0,1.0,1.0,296,0.9999999999999997,1.0171555791065916,1.0011487246710142,1.0,1.0043758566769987,296,1.0,2.0,1.039117359061758,1.0,1.157051282051282,296,0.9999999999999997,2.31472004259145,1.0403738472033428,1.0025856581197097,1.1412037014630052,296,552.0,0.0,0.0,0.0,552.0,296.0,256.0,0.0,0.0,0.0,0.0,256.0,0.5362318840579711,123.0,0.4155405405405405,552.0,296.0,0.5362318840579711,0.0,0.0,0.0,0.0,256.0,0.463768115942029,0.0,0.0,0.0,0.0,0.0,0.0,0.0,419.94653455913067
45,2700000000000,4.0,31.0,4.592171717171717,4.0,5.0,1584,24.0,24.0,24.0,24.0,24.0,1584,0.0,0.0,0.0,0.0,0.0,1584,4.0,8.0,4.228535353535354,4.0,5.0,1584,0.0,152.0,71.51449275362319,68.0,124.0,552,0.0,536.0,215.231884057971,200.0,424.0,552,1.0,1.0,1.0,1.0,1.0,552,0.9999999999999997,1.0000000000000002,1.0,1.0,1.0000000000000002,552,1.0,1.3333333333333333,1.008587235841805,1.0,1.0588235294117647,552,0.9999999999999997,1.0000000000000002,1.0,1.0,1.0000000000000002,552,552.0,0.0,0.0,0.0,552.0,552.0,0.0,0.0,0.0,0.0,0.0,0.0,1.0,0.0,0.0,552.0,552.0,1.0,0.0,0.0,0.0,0.0,0.0,0.0,0.0,0.0,0.0,0.0,0.0,0.0,0.0,2008.092138916254
46,2760000000000,4.0,30.0,4.591540404040404,4.0,5.849999999999909,1584,22.0,24.0,23.94760101010101,24.0,24.0,1584,0.0,2.0,0.052398989898989896,0.0,0.0,1584,4.0,8.0,4.227904040404041,4.0,5.0,1584,0.0,156.0,70.42028985507247,68.0,124.0,552,0.0,552.0,211.2463768115942,200.0,424.0,552,1.0,1.0,1.0,1.0,1.0,421,0.9999999999999998,1.0000000000000002,1.0,1.0,1.0000000000000002,421,1.0,2.0,1.033301218842269,1.0,1.1538461538461537,421,0.9999999999999998,1.91269645379707,1.0208755322284917,1.0,1.0967073567215715,421,552.0,0.0,0.0,0.0,552.0,421.0,131.0,0.0,0.0,0.0,0.0,131.0,0.7626811594202898,134.0,0.3182897862232779,552.0,421.0,0.7626811594202898,0.0,0.0,0.0,0.0,131.0,0.23731884057971014,0.0,0.0,0.0,0.0,0.0,0.0,0.0,303.3773321658373
47,2820000000000,4.0,32.0,4.595328282828283,4.0,5.0,1584,21.0,24.0,23.8989898989899,24.0,24.0,1584,0.0,3.0,0.10101010101010101,0.0,1.0,1584,4.0,8.0,4.23169191919192,4.0,5.0,1584,0.0,156.0,70.34782608695652,68.0,121.79999999999973,552,0.0,552.0,210.43478260869566,200.0,415.1999999999989,552,1.0,1.0,1.0,1.0,1.0,275,0.9999999999999998,1.0037794329467324,1.000259868847969,1.0,1.0008771823530656,275,1.0,2.0,1.0614607197164514,1.0,1.2305555555555558,275,0.9999999999999998,2.2215347288977987,1.047021986503653,1.003147797970512,1.1729420916160258,275,552.0,0.0,0.0,0.0,552.0,275.0,277.0,0.0,0.0,0.0,0.0,277.0,0.49818840579710144,138.0,0.5018181818181818,552.0,275.0,0.49818840579710144,0.0,0.0,0.0,0.0,277.0,0.5018115942028986,0.0,0.0,0.0,0.0,0.0,0.0,0.0,495.8695098757744
48,2880000000000,4.0,32.0,4.599747474747475,4.0,5.0,1584,24.0,24.0,24.0,24.0,24.0,1584,0.0,0.0,0.0,0.0,0.0,1584,4.0,8.0,4.236111111111111,4.0,5.0,1584,0.0,160.0,70.8695652173913,64.0,128.0,552,0.0,568.0,213.30434782608697,184.0,440.0,552,1.0,1.0,1.0,1.0,1.0,552,0.9999999999999997,1.0000000000000002,1.0,1.0,1.0000000000000002,552,1.0,1.3333333333333333,1.0087538536640648,1.0,1.0625,552,0.9999999999999997,1.0000000000000002,1.0,1.0,1.0000000000000002,552,552.0,0.0,0.0,0.0,552.0,552.0,0.0,0.0,0.0,0.0,0.0,0.0,1.0,0.0,0.0,552.0,552.0,1.0,0.0,0.0,0.0,0.0,0.0,0.0,0.0,0.0,0.0,0.0,0.0,0.0,0.0,2060.9197188168764
49,2940000000000,4.0,32.0,4.591540404040404,4.0,5.0,1584,22.0,24.0,23.94128787878788,24.0,24.0,1584,0.0,2.0,0.058712121212121215,0.0,1.0,1584,4.0,8.0,4.227904040404041,4.0,5.0,1584,0.0,156.0,70.97101449275362,68.0,121.79999999999973,552,0.0,552.0,213.05797101449275,200.0,415.1999999999989,552,1.0,1.0,1.0,1.0,1.0,422,0.9999999999999997,1.0018089811146562,1.0000310163220094,1.0,1.0001713743103773,422,1.0,1.5,1.025605380878745,1.0,1.1329166666666666,422,0.9999999999999997,2.1930366735421285,1.0197470838943823,1.0,1.0938757208191368,422,552.0,0.0,0.0,0.0,552.0,422.0,130.0,0.0,0.0,0.0,0.0,130.0,0.7644927536231884,133.0,0.31516587677725116,552.0,422.0,0.7644927536231884,0.0,0.0,0.0,0.0,130.0,0.23550724637681159,0.0,0.0,0.0,0.0,0.0,0.0,0.0,392.5917148590088
50,3000000000000,4.0,31.0,4.588383838383838,4.0,5.0,1584,21.0,24.0,23.892045454545453,24.0,24.0,1584,0.0,3.0,0.10795454545454546,0.0,1.0,1584,4.0,8.0,4.224747474747475,4.0,5.0,1584,0.0,152.0,70.8623188405797,68.0,124.0,552,0.0,536.0,212.8840579710145,200.0,424.0,552,1.0,1.0,1.0,1.0,1.0,277,0.9999999999999997,1.009875023878944,1.0003990179010638,1.0,1.0026624283319618,277,1.0,1.5,1.0578870601397143,1.0,1.2,277,0.9999999999999998,1.603316291585093,1.0434431551337475,1.0198841042081825,1.161363019705287,277,552.0,0.0,0.0,0.0,552.0,277.0,275.0,0.0,0.0,0.0,0.0,275.0,0.5018115942028986,165.0,0.5956678700361011,552.0,277.0,0.5018115942028986,0.0,0.0,0.0,0.0,275.0,0.49818840579710144,0.0,0.0,0.0,0.0,0.0,0.0,0.0,559.9030274897814
51,3060000000000,4.0,31.0,4.601010101010101,4.0,6.0,1584,24.0,24.0,24.0,24.0,24.0,1584,0.0,0.0,0.0,0.0,0.0,1584,4.0,8.0,4.237373737373737,4.0,5.0,1584,0.0,164.0,69.94927536231884,64.0,124.0,552,0.0,584.0,209.1014492753623,184.0,424.0,552,1.0,1.0,1.0,1.0,1.0,552,0.9999999999999996,1.0000000000000002,1.0,1.0,1.0000000000000002,552,1.0,1.3076923076923077,1.0054794844166932,1.0,1.048690476190476,552,0.9999999999999996,1.0000000000000002,1.0,1.0,1.0000000000000002,552,552.0,0.0,0.0,0.0,552.0,552.0,0.0,0.0,0.0,0.0,0.0,0.0,1.0,0.0,0.0,552.0,552.0,1.0,0.0,0.0,0.0,0.0,0.0,0.0,0.0,0.0,0.0,0.0,0.0,0.0,0.0,1942.7291583269835
52,3120000000000,4.0,32.0,4.600378787878788,4.0,6.0,1584,22.0,24.0,23.945075757575758,24.0,24.0,1584,0.0,2.0,0.054924242424242424,0.0,0.0,1584,4.0,8.0,4.236742424242424,4.0,5.0,1584,0.0,160.0,71.42028985507247,68.0,124.0,552,0.0,568.0,214.7246376811594,200.0,424.0,552,1.0,1.0,1.0,1.0,1.0,453,0.9999999999999998,1.0084950777038666,1.000587092034429,1.0,1.0024641728685184,453,1.0,1.5,1.0294242097289523,1.0,1.1727272727272724,453,0.9999999999999999,2.070924588463788,1.0264801061788582,1.000202220146643,1.1341428738189236,453,552.0,0.0,0.0,0.0,552.0,453.0,99.0,0.0,0.0,0.0,0.0,99.0,0.8206521739130435,139.0,0.3068432671081678,552.0,453.0,0.8206521739130435,0.0,0.0,0.0,0.0,99.0,0.1793478260869565,0.0,0.0,0.0,0.0,0.0,0.0,0.0,549.7232098132372
53,3180000000000,4.0,32.0,4.594065656565657,4.0,5.0,1584,21.0,24.0,23.894570707070706,24.0,24.0,1584,0.0,3.0,0.10542929292929293,0.0,1.0,1584,4.0,8.0,4.230429292929293,4.0,5.0,1584,0.0,160.0,71.35507246376811,68.0,128.0,552,0.0,568.0,214.59420289855072,200.0,440.0,552,1.0,1.0,1.0,1.0,1.0,260,0.9999999999999998,1.018206323067172,1.00123782547516,1.0,1.004955326380001,260,1.0,2.0,1.055018997392239,1.0,1.2517857142857136,260,0.9999999999999998,2.8678018971490657,1.0614451718036673,1.0066745285760814,1.285597407099754,260,552.0,0.0,0.0,0.0,552.0,260.0,292.0,0.0,0.0,0.0,0.0,292.0,0.47101449275362317,131.0,0.5038461538461538,552.0,260.0,0.47101449275362317,0.0,0.0,0.0,0.0,292.0,0.5289855072463768,0.0,0.0,0.0,0.0,0.0,0.0,0.0,587.262749671936
54,3240000000000,4.0,31.0,4.583333333333333,4.0,5.0,1584,24.0,24.0,24.0,24.0,24.0,1584,0.0,0.0,0.0,0.0,0.0,1584,4.0,8.0,4.234848484848484,4.0,5.0,1584,0.0,156.0,71.3768115942029,68.0,124.0,552,0.0,552.0,214.68115942028984,200.0,424.0,552,1.0,1.0,1.0,1.0,1.0,552,0.9999999999999997,1.0000000000000004,1.0,1.0,1.0000000000000002,552,1.0,1.3571428571428572,1.0083497521069718,1.0,1.0526315789473684,552,0.9999999999999997,1.0000000000000004,1.0,1.0,1.0000000000000002,552,552.0,0.0,0.0,0.0,552.0,552.0,0.0,0.0,0.0,0.0,0.0,0.0,1.0,0.0,0.0,552.0,552.0,1.0,0.0,0.0,0.0,0.0,0.0,0.0,0.0,0.0,0.0,0.0,0.0,0.0,0.0,1819.6035400032997
55,3300000000000,4.0,31.0,4.589015151515151,4.0,5.0,1584,22.0,24.0,23.946338383838384,24.0,24.0,1584,0.0,2.0,0.05366161616161616,0.0,0.0,1584,4.0,8.0,4.225378787878788,4.0,5.0,1584,0.0,148.0,69.42028985507247,64.0,124.0,552,0.0,520.0,207.1159420289855,184.0,424.0,552,1.0,1.0,1.0,1.0,1.0,430,0.9999999999999997,1.0000000000000002,1.0,1.0,1.0000000000000002,430,1.0,2.0,1.0271128341551778,1.0,1.1666666666666667,430,0.9999999999999997,1.8340946342197002,1.0166556431201892,1.0,1.0898099992236565,430,552.0,0.0,0.0,0.0,552.0,430.0,122.0,0.0,0.0,0.0,0.0,122.0,0.7789855072463768,105.0,0.2441860465116279,552.0,430.0,0.7789855072463768,0.0,0.0,0.0,0.0,122.0,0.2210144927536232,0.0,0.0,0.0,0.0,0.0,0.0,0.0,671.2492872029543
56,3360000000000,4.0,31.0,4.590909090909091,4.0,5.0,1584,21.0,24.0,23.89330808080808,24.0,24.0,1584,0.0,3.0,0.10669191919191919,0.0,1.0,1584,4.0,8.0,4.2272727272727275,4.0,5.0,1584,0.0,156.0,70.30434782608695,68.0,121.79999999999973,552,0.0,552.0,210.65217391304347,200.0,415.1999999999989,552,1.0,1.0,1.0,1.0,1.0,237,0.9999999999999997,1.0055969158399567,1.0004679353143207,1.0,1.0017323964374052,237,1.0,2.0,1.0642209624446992,1.0,1.25,237,0.9999999999999998,2.7737900721262,1.0554225639257253,1.0017156039221342,1.2219480350904883,237,552.0,0.0,0.0,0.0,552.0,237.0,315.0,0.0,0.0,0.0,0.0,315.0,0.42934782608695654,112.0,0.47257383966244726,552.0,237.0,0.42934782608695654,0.0,0.0,0.0,0.0,315.0,0.5706521739130435,0.0,0.0,0.0,0.0,0.0,0.0,0.0,573.1530282646418
57,3420000000000,4.0,32.0,4.600378787878788,4.0,5.0,1584,24.0,24.0,24.0,24.0,24.0,1584,0.0,0.0,0.0,0.0,0.0,1584,4.0,8.0,4.236742424242424,4.0,5.0,1584,0.0,160.0,69.85507246376811,64.0,124.0,552,0.0,568.0,209.1159420289855,184.0,424.0,552,1.0,1.0,1.0,1.0,1.0,552,0.9999999999999996,1.0000000000000002,1.0,1.0,1.0000000000000002,552,1.0,1.3333333333333333,1.0069774379868408,1.0,1.0526315789473684,552,0.9999999999999996,1.0000000000000002,1.0,1.0,1.0000000000000002,552,552.0,0.0,0.0,0.0,552.0,552.0,0.0,0.0,0.0,0.0,0.0,0.0,1.0,0.0,0.0,552.0,552.0,1.0,0.0,0.0,0.0,0.0,0.0,0.0,0.0,0.0,0.0,0.0,0.0,0.0,0.0,1850.865762680769
58,3480000000000,4.0,32.0,4.59469696969697,4.0,5.0,1584,22.0,24.0,23.938762626262626,24.0,24.0,1584,0.0,2.0,0.061237373737373736,0.0,1.0,1584,4.0,8.0,4.231060606060606,4.0,5.0,1584,0.0,156.0,70.92028985507247,68.0,124.0,552,0.0,552.0,212.59420289855072,200.0,424.0,552,1.0,1.0,1.0,1.0,1.0,416,0.9999999999999998,1.0050746365380654,1.0001588841137177,1.0,1.0012565686410568,416,1.0,1.5,1.0312963257112493,1.0,1.1704545454545454,416,0.9999999999999998,2.1673398488870492,1.0253232732193267,1.0,1.1303848066182136,416,552.0,0.0,0.0,0.0,552.0,416.0,136.0,0.0,0.0,0.0,0.0,136.0,0.7536231884057971,126.0,0.30288461538461536,552.0,416.0,0.7536231884057971,0.0,0.0,0.0,0.0,136.0,0.2463768115942029,0.0,0.0,0.0,0.0,0.0,0.0,0.0,705.6472487747669
59,3540000000000,4.0,30.0,4.590909090909091,4.0,5.0,1584,21.0,24.0,23.890151515151516,24.0,24.0,1584,0.0,3.0,0.10984848484848485,0.0,1.0,1584,4.0,8.0,4.2272727272727275,4.0,5.0,1584,0.0,152.0,70.28260869565217,68.0,124.0,552,0.0,536.0,210.69565217391303,200.0,424.0,552,1.0,1.0,1.0,1.0,1.0,304,0.9999999999999997,1.0148149203470767,1.0005899682508483,1.0,1.0057596678697265,304,1.0,1.5,1.0502067274675366,1.0,1.2,304,0.9999999999999998,1.5565537378365564,1.047547170821034,1.0154466067216656,1.190912935045671,304,552.0,0.0,0.0,0.0,552.0,304.0,248.0,0.0,0.0,0.0,0.0,248.0,0.5507246376811594,178.0,0.5855263157894737,552.0,304.0,0.5507246376811594,0.0,0.0,0.0,0.0,248.0,0.4492753623188406,0.0,0.0,0.0,0.0,0.0,0.0,0.0,425.00398866832256
60,3600000000000,4.0,31.0,4.595959595959596,4.0,6.0,1584,24.0,24.0,24.0,24.0,24.0,1584,0.0,0.0,0.0,0.0,0.0,1584,4.0,8.0,4.232323232323233,4.0,5.0,1584,0.0,156.0,71.08695652173913,68.0,124.0,552,0.0,552.0,213.65217391304347,200.0,424.0,552,1.0,1.0,1.0,1.0,1.0,552,0.9999999999999997,1.0000000000000002,1.0,1.0,1.0000000000000002,552,1.0,1.3076923076923077,1.0080976935526422,1.0,1.0666666666666667,552,0.9999999999999997,1.0000000000000002,1.0,1.0,1.0000000000000002,552,552.0,0.0,0.0,0.0,552.0,552.0,0.0,0.0,0.0,0.0,0.0,0.0,1.0,0.0,0.0,552.0,552.0,1.0,0.0,0.0,0.0,0.0,0.0,0.0,0.0,0.0,0.0,0.0,0.0,0.0,0.0,2004.436369985342
61,3660000000000,4.0,31.0,4.596590909090909,4.0,6.0,1584,22.0,24.0,23.946338383838384,24.0,24.0,1584,0.0,2.0,0.05366161616161616,0.0,0.0,1584,4.0,8.0,4.232954545454546,4.0,5.0,1584,0.0,156.0,70.27536231884058,68.0,125.79999999999973,552,0.0,552.0,210.66666666666666,200.0,431.1999999999989,552,1.0,1.0,1.0,1.0,1.0,403,0.9999999999999998,1.0000000000000002,1.0,1.0,1.0000000000000002,403,1.0,1.5,1.033777571181411,1.0,1.1818181818181819,403,0.9999999999999998,2.054060643513152,1.0289389886383606,1.0,1.173685280473429,403,552.0,0.0,0.0,0.0,552.0,403.0,149.0,0.0,0.0,0.0,0.0,149.0,0.730072463768116,116.0,0.2878411910669975,552.0,403.0,0.730072463768116,0.0,0.0,0.0,0.0,149.0,0.26992753623188404,0.0,0.0,0.0,0.0,0.0,0.0,0.0,453.5418525338173
62,3720000000000,4.0,32.0,4.593434343434343,4.0,5.0,1584,21.0,24.0,23.893939393939394,24.0,24.0,1584,0.0,3.0,0.10606060606060606,0.0,1.0,1584,4.0,8.0,4.22979797979798,4.0,5.0,1584,0.0,156.0,70.10144927536231,68.0,124.0,552,0.0,552.0,209.44927536231884,200.0,424.0,552,1.0,1.0,1.0,1.0,1.0,230,0.9999999999999997,1.000063228421942,1.000001021992651,1.0,1.0000000000000002,230,1.0,2.0,1.0657982593453532,1.0,1.2857142857142858,230,0.9999999999999998,2.1272947918866056,1.061035376480166,1.00284176487721,1.265739741176842,230,552.0,0.0,0.0,0.0,552.0,230.0,322.0,0.0,0.0,0.0,0.0,322.0,0.4166666666666667,116.0,0.5043478260869565,552.0,230.0,0.4166666666666667,0.0,0.0,0.0,0.0,322.0,0.5833333333333334,0.0,0.0,0.0,0.0,0.0,0.0,0.0,632.9938899725676
63,3780000000000,4.0,31.0,4.5852272727272725,4.0,5.0,1584,24.0,24.0,24.0,24.0,24.0,1584,0.0,0.0,0.0,0.0,0.0,1584,4.0,8.0,4.236742424242424,4.0,5.0,1584,0.0,156.0,71.3913043478261,68.0,124.0,552,0.0,552.0,215.1304347826087,200.0,424.0,552,1.0,1.0,1.0,1.0,1.0,552,0.9999999999999998,1.0000000000000002,1.0,1.0,1.0000000000000002,552,1.0,1.3333333333333333,1.0081736947343722,1.0,1.0688095238095234,552,0.9999999999999998,1.0000000000000002,1.0,1.0,1.0000000000000002,552,552.0,0.0,0.0,0.0,552.0,552.0,0.0,0.0,0.0,0.0,0.0,0.0,1.0,0.0,0.0,552.0,552.0,1.0,0.0,0.0,0.0,0.0,0.0,0.0,0.0,0.0,0.0,0.0,0.0,0.0,0.0,1830.9255968779325
64,3840000000000,4.0,31.0,4.590277777777778,4.0,5.0,1584,22.0,24.0,23.944444444444443,24.0,24.0,1584,0.0,2.0,0.05555555555555555,0.0,0.849999999999909,1584,4.0,8.0,4.226641414141414,4.0,5.0,1584,0.0,156.0,70.58695652173913,68.0,124.0,552,0.0,552.0,211.3913043478261,200.0,424.0,552,1.0,1.0,1.0,1.0,1.0,405,0.9999999999999996,1.0000431218984276,1.0000003481279656,1.0,1.0000000000000002,405,1.0,2.0,1.027364233954816,1.0,1.162962962962962,405,0.9999999999999996,2.029610714648347,1.0194068766652045,1.0,1.0884966348867182,405,552.0,0.0,0.0,0.0,552.0,405.0,147.0,0.0,0.0,0.0,0.0,147.0,0.7336956521739131,94.0,0.23209876543209876,552.0,405.0,0.7336956521739131,0.0,0.0,0.0,0.0,147.0,0.266304347826087,0.0,0.0,0.0,0.0,0.0,0.0,0.0,580.8750409632921
65,3900000000000,4.0,31.0,4.595328282828283,4.0,5.0,1584,21.0,24.0,23.895833333333332,24.0,24.0,1584,0.0,3.0,0.10416666666666667,0.0,1.0,1584,4.0,8.0,4.23169191919192,4.0,5.0,1584,0.0,156.0,70.56521739130434,68.0,124.0,552,0.0,552.0,211.56521739130434,200.0,424.0,552,1.0,1.0,1.0,1.0,1.0,252,0.9999999999999998,1.008942028573259,1.0007701530825235,1.0,1.0028516196600075,252,1.0,2.0,1.0726727313061437,1.0,1.3071428571428567,252,0.9999999999999998,2.8842789714899872,1.0732833745377548,1.008129830328032,1.3081021722559194,252,552.0,0.0,0.0,0.0,552.0,252.0,300.0,0.0,0.0,0.0,0.0,300.0,0.45652173913043476,137.0,0.5436507936507936,552.0,252.0,0.45652173913043476,0.0,0.0,0.0,0.0,300.0,0.5434782608695652,0.0,0.0,0.0,0.0,0.0,0.0,0.0,824.185311794281
66,3960000000000,4.0,31.0,4.599747474747475,4.0,6.0,1584,24.0,24.0,24.0,24.0,24.0,1584,0.0,0.0,0.0,0.0,0.0,1584,4.0,8.0,4.236111111111111,4.0,5.0,1584,0.0,160.0,69.45652173913044,64.0,124.0,552,0.0,568.0,207.2608695652174,184.0,424.0,552,1.0,1.0,1.0,1.0,1.0,552,0.9999999999999997,1.0000000000000002,1.0,1.0,1.0,552,1.0,1.3571428571428572,1.0063359253328963,1.0,1.04,552,0.9999999999999997,1.0000000000000002,1.0,1.0,1.0,552,552.0,0.0,0.0,0.0,552.0,552.0,0.0,0.0,0.0,0.0,0.0,0.0,1.0,0.0,0.0,552.0,552.0,1.0,0.0,0.0,0.0,0.0,0.0,0.0,0.0,0.0,0.0,0.0,0.0,0.0,0.0,1716.4567280560732
67,4020000000000,4.0,32.0,4.599116161616162,4.0,5.0,1584,22.0,24.0,23.946338383838384,24.0,24.0,1584,0.0,2.0,0.05366161616161616,0.0,0.0,1584,4.0,8.0,4.235479797979798,4.0,5.0,1584,0.0,156.0,70.45652173913044,66.0,124.0,552,0.0,552.0,210.8695652173913,192.0,424.0,552,1.0,1.0,1.0,1.0,1.0,415,0.9999999999999998,1.0085594421132513,1.000308978068525,1.0,1.0025765821958437,415,1.0,1.5,1.0246654003997313,1.0,1.1461538461538456,415,0.9999999999999998,2.1304411091895625,1.0212568390503312,1.0,1.1235389685939667,415,552.0,0.0,0.0,0.0,552.0,415.0,137.0,0.0,0.0,0.0,0.0,137.0,0.7518115942028986,110.0,0.26506024096385544,552.0,415.0,0.7518115942028986,0.0,0.0,0.0,0.0,137.0,0.24818840579710144,0.0,0.0,0.0,0.0,0.0,0.0,0.0,749.5883740484715
68,4080000000000,4.0,31.0,4.59280303030303,4.0,5.0,1584,21.0,24.0,23.89709595959596,24.0,24.0,1584,0.0,3.0,0.1029040404040404,0.0,1.0,1584,4.0,8.0,4.229166666666667,4.0,5.0,1584,0.0,156.0,71.71739130434783,68.0,128.0,552,0.0,552.0,216.04347826086956,200.0,440.0,552,1.0,1.0,1.0,1.0,1.0,302,0.9999999999999998,1.0151819058450113,1.0004008475635053,1.0,1.0000000000000002,302,1.0,1.5,1.0482676723029012,1.0,1.2222222222222223,302,0.9999999999999998,1.6702738904139052,1.0473904877598101,1.009341770941672,1.1985681455359447,302,552.0,0.0,0.0,0.0,552.0,302.0,250.0,0.0,0.0,0.0,0.0,250.0,0.5471014492753623,158.0,0.5231788079470199,552.0,302.0,0.5471014492753623,0.0,0.0,0.0,0.0,250.0,0.4528985507246377,0.0,0.0,0.0,0.0,0.0,0.0,0.0,775.3041461110115
69,4140000000000,4.0,30.0,4.577651515151516,4.0,5.0,1584,24.0,24.0,24.0,24.0,24.0,1584,0.0,0.0,0.0,0.0,0.0,1584,4.0,8.0,4.229166666666667,4.0,5.0,1584,0.0,160.0,71.76086956521739,68.0,124.0,552,0.0,568.0,216.2173913043478,200.0,424.0,552,1.0,1.0,1.0,1.0,1.0,552,0.9999999999999997,1.0000000000000002,1.0,1.0,1.0,552,1.0,1.3333333333333333,1.0076664447826758,1.0,1.06235294117647,552,0.9999999999999997,1.0000000000000002,1.0,1.0,1.0,552,552.0,0.0,0.0,0.0,552.0,552.0,0.0,0.0,0.0,0.0,0.0,0.0,1.0,0.0,0.0,552.0,552.0,1.0,0.0,0.0,0.0,0.0,0.0,0.0,0.0,0.0,0.0,0.0,0.0,0.0,0.0,1647.4380251020193
70,4200000000000,4.0,31.0,4.594065656565657,4.0,6.0,1584,22.0,24.0,23.950126262626263,24.0,24.0,1584,0.0,2.0,0.049873737373737376,0.0,0.0,1584,4.0,8.0,4.230429292929293,4.0,5.0,1584,0.0,156.0,70.3913043478261,68.0,124.0,552,0.0,552.0,211.2608695652174,200.0,424.0,552,1.0,1.0,1.0,1.0,1.0,432,0.9999999999999996,1.0000000000000002,1.0,1.0,1.0000000000000002,432,1.0,1.5,1.0350391952896236,1.0,1.1818181818181819,432,0.9999999999999996,2.0279869510050705,1.0292951427052608,1.0,1.1634236446298172,432,552.0,0.0,0.0,0.0,552.0,432.0,120.0,0.0,0.0,0.0,0.0,120.0,0.782608695652174,120.0,0.2777777777777778,552.0,432.0,0.782608695652174,0.0,0.0,0.0,0.0,120.0,0.21739130434782608,0.0,0.0,0.0,0.0,0.0,0.0,0.0,844.2996721714735
71,4260000000000,4.0,31.0,4.576388888888889,4.0,5.0,1584,21.0,24.0,23.896464646464647,24.0,24.0,1584,0.0,3.0,0.10353535353535354,0.0,1.0,1584,4.0,8.0,4.227904040404041,4.0,5.0,1584,0.0,156.0,69.81884057971014,68.0,124.0,552,0.0,552.0,208.84057971014494,200.0,424.0,552,1.0,1.0,1.0,1.0,1.0,232,0.9999999999999997,1.0032298632636538,1.000120213471332,1.0,1.0007890005494233,232,1.0,1.5,1.067643098012699,1.0,1.3071428571428567,232,0.9999999999999997,2.120759725079264,1.0609231024050352,1.0107064064695497,1.245740837593834,232,552.0,0.0,0.0,0.0,552.0,232.0,320.0,0.0,0.0,0.0,0.0,320.0,0.42028985507246375,126.0,0.5431034482758621,552.0,232.0,0.42028985507246375,0.0,0.0,0.0,0.0,320.0,0.5797101449275363,0.0,0.0,0.0,0.0,0.0,0.0,0.0,582.1582637727261
72,4320000000000,4.0,32.0,4.6022727272727275,4.0,5.0,1584,24.0,24.0,24.0,24.0,24.0,1584,0.0,0.0,0.0,0.0,0.0,1584,4.0,8.0,4.238636363636363,4.0,5.0,1584,0.0,156.0,69.52898550724638,64.0,124.0,552,0.0,552.0,207.68115942028984,184.0,424.0,552,1.0,1.0,1.0,1.0,1.0,552,0.9999999999999998,1.0000000000000004,1.0,1.0,1.0000000000000002,552,1.0,1.2857142857142858,1.0077303580082553,1.0,1.0666666666666667,552,0.9999999999999998,1.0000000000000004,1.0,1.0,1.0000000000000002,552,552.0,0.0,0.0,0.0,552.0,552.0,0.0,0.0,0.0,0.0,0.0,0.0,1.0,0.0,0.0,552.0,552.0,1.0,0.0,0.0,0.0,0.0,0.0,0.0,0.0,0.0,0.0,0.0,0.0,0.0,0.0,2089.3420204520226
73,4380000000000,4.0,32.0,4.59469696969697,4.0,5.0,1584,22.0,24.0,23.939393939393938,24.0,24.0,1584,0.0,2.0,0.06060606060606061,0.0,1.0,1584,4.0,8.0,4.231060606060606,4.0,5.0,1584,0.0,156.0,71.16666666666667,68.0,124.0,552,0.0,552.0,213.71014492753622,200.0,424.0,552,1.0,1.0,1.0,1.0,1.0,416,0.9999999999999998,1.002850142341813,1.0001359186825973,1.0,1.0005807827883757,416,1.0,2.0,1.030870526184974,1.0,1.1818181818181819,416,0.9999999999999998,2.04532263617076,1.022450124485999,1.0,1.1070363907851608,416,552.0,0.0,0.0,0.0,552.0,416.0,136.0,0.0,0.0,0.0,0.0,136.0,0.7536231884057971,86.0,0.20673076923076922,552.0,416.0,0.7536231884057971,0.0,0.0,0.0,0.0,136.0,0.2463768115942029,0.0,0.0,0.0,0.0,0.0,0.0,0.0,941.8845046311617
74,4440000000000,4.0,30.0,4.586489898989899,4.0,5.0,1584,21.0,24.0,23.887626262626263,24.0,24.0,1584,0.0,3.0,0.11237373737373738,0.0,1.0,1584,4.0,8.0,4.2228535353535355,4.0,5.0,1584,0.0,156.0,71.89855072463769,68.0,125.79999999999973,552,0.0,552.0,216.768115942029,200.0,431.1999999999989,552,1.0,1.0,1.0,1.0,1.0,252,0.9999999999999998,1.010878035523647,1.000959225854742,1.0,1.0036663033056574,252,1.0,2.0,1.0717617217048607,1.0,1.3333333333333333,252,0.9999999999999998,2.4109776052883527,1.0689511903523257,1.0181108253470703,1.2430457015634273,252,552.0,0.0,0.0,0.0,552.0,252.0,300.0,0.0,0.0,0.0,0.0,300.0,0.45652173913043476,149.0,0.5912698412698413,552.0,252.0,0.45652173913043476,0.0,0.0,0.0,0.0,300.0,0.5434782608695652,0.0,0.0,0.0,0.0,0.0,0.0,0.0,361.4266999065876
75,4500000000000,4.0,31.0,4.5978535353535355,4.0,5.849999999999909,1584,24.0,24.0,24.0,24.0,24.0,1584,0.0,0.0,0.0,0.0,0.0,1584,4.0,8.0,4.234217171717172,4.0,5.0,1584,0.0,140.0,70.1086956521739,68.0,120.0,552,0.0,488.0,209.8695652173913,200.0,408.0,552,1.0,1.0,1.0,1.0,1.0,552,0.9999999999999998,1.0000000000000002,1.0,1.0,1.0000000000000002,552,1.0,1.3333333333333333,1.008362069858686,1.0,1.0539473684210525,552,0.9999999999999998,1.0000000000000002,1.0,1.0,1.0000000000000002,552,552.0,0.0,0.0,0.0,552.0,552.0,0.0,0.0,0.0,0.0,0.0,0.0,1.0,0.0,0.0,552.0,552.0,1.0,0.0,0.0,0.0,0.0,0.0,0.0,0.0,0.0,0.0,0.0,0.0,0.0,0.0,2490.3622027486563
76,4560000000000,4.0,31.0,4.598484848484849,4.0,6.0,1584,22.0,24.0,23.94381313131313,24.0,24.0,1584,0.0,2.0,0.05618686868686869,0.0,1.0,1584,4.0,8.0,4.234848484848484,4.0,5.0,1584,0.0,156.0,70.28985507246377,68.0,124.0,552,0.0,552.0,210.46376811594203,200.0,424.0,552,1.0,1.0,1.0,1.0,1.0,410,0.9999999999999996,1.0094796904560808,1.000167733968499,1.0,1.0000000000000002,410,1.0,2.0,1.036140626415473,1.0,1.1818181818181819,410,0.9999999999999998,1.9703255795767773,1.0206701238659575,1.0,1.1092000785490548,410,552.0,0.0,0.0,0.0,552.0,410.0,142.0,0.0,0.0,0.0,0.0,142.0,0.7427536231884058,123.0,0.3,552.0,410.0,0.7427536231884058,0.0,0.0,0.0,0.0,142.0,0.2572463768115942,0.0,0.0,0.0,0.0,0.0,0.0,0.0,581.1205096542835
77,4620000000000,4.0,31.0,4.595328282828283,4.0,5.0,1584,21.0,24.0,23.894570707070706,24.0,24.0,1584,0.0,3.0,0.10542929292929293,0.0,1.0,1584,4.0,8.0,4.23169191919192,4.0,5.0,1584,0.0,156.0,70.46376811594203,64.0,128.0,552,0.0,552.0,211.02898550724638,184.0,440.0,552,1.0,1.0,1.0,1.0,1.0,297,0.9999999999999997,1.0196277425988955,1.000634255417965,1.0,1.0021247221312182,297,1.0,1.5,1.0496710092586021,1.0,1.2277777777777776,297,0.9999999999999998,1.6646892701641596,1.0409893822961456,1.000637763482528,1.163781723184437,297,552.0,0.0,0.0,0.0,552.0,297.0,255.0,0.0,0.0,0.0,0.0,255.0,0.5380434782608695,143.0,0.48148148148148145,552.0,297.0,0.5380434782608695,0.0,0.0,0.0,0.0,255.0,0.46195652173913043,0.0,0.0,0.0,0.0,0.0,0.0,0.0,472.5417476147413
78,4680000000000,4.0,31.0,4.583964646464646,4.0,5.849999999999909,1584,24.0,24.0,24.0,24.0,24.0,1584,0.0,0.0,0.0,0.0,0.0,1584,4.0,8.0,4.235479797979798,4.0,5.0,1584,0.0,160.0,70.93478260869566,68.0,124.0,552,0.0,568.0,212.91304347826087,200.0,424.0,552,1.0,1.0,1.0,1.0,1.0,552,0.9999999999999997,1.0000000000000004,1.0,1.0,1.0000000000000002,552,1.0,1.3333333333333333,1.008714930252715,1.0,1.0688095238095234,552,0.9999999999999997,1.0000000000000004,1.0,1.0,1.0000000000000002,552,552.0,0.0,0.0,0.0,552.0,552.0,0.0,0.0,0.0,0.0,0.0,0.0,1.0,0.0,0.0,552.0,552.0,1.0,0.0,0.0,0.0,0.0,0.0,0.0,0.0,0.0,0.0,0.0,0.0,0.0,0.0,2756.1798226088285
79,4740000000000,4.0,31.0,4.587121212121212,4.0,5.0,1584,22.0,24.0,23.943181818181817,24.0,24.0,1584,0.0,2.0,0.056818181818181816,0.0,1.0,1584,4.0,8.0,4.223484848484849,4.0,5.0,1584,0.0,152.0,70.7536231884058,68.0,124.0,552,0.0,536.0,212.05797101449275,200.0,424.0,552,1.0,1.0,1.0,1.0,1.0,423,0.9999999999999997,1.0000000000000002,1.0,1.0,1.0000000000000002,423,1.0,1.5,1.0244912917127107,1.0,1.18030303030303,423,0.9999999999999997,2.1533610326072834,1.0171519725708542,1.0,1.0834570534565415,423,552.0,0.0,0.0,0.0,552.0,423.0,129.0,0.0,0.0,0.0,0.0,129.0,0.7663043478260869,88.0,0.20803782505910165,552.0,423.0,0.7663043478260869,0.0,0.0,0.0,0.0,129.0,0.23369565217391305,0.0,0.0,0.0,0.0,0.0,0.0,0.0,568.5972645878792
80,4800000000000,4.0,31.0,4.59280303030303,4.0,5.0,1584,21.0,24.0,23.892045454545453,24.0,24.0,1584,0.0,3.0,0.10795454545454546,0.0,1.0,1584,4.0,8.0,4.229166666666667,4.0,5.0,1584,0.0,152.0,70.43478260869566,68.0,124.0,552,0.0,536.0,211.04347826086956,200.0,424.0,552,1.0,1.0,1.0,1.0,1.0,261,0.9999999999999997,1.0056892932431678,1.0001737548234453,1.0,1.0000000000000004,261,1.0,1.5,1.063993984397128,1.0,1.25,261,0.9999999999999998,2.0956165886879656,1.0555551474549583,1.0248516089404036,1.2086018062694488,261,552.0,0.0,0.0,0.0,552.0,261.0,291.0,0.0,0.0,0.0,0.0,291.0,0.47282608695652173,158.0,0.6053639846743295,552.0,261.0,0.47282608695652173,0.0,0.0,0.0,0.0,291.0,0.5271739130434783,0.0,0.0,0.0,0.0,0.0,0.0,0.0,570.8260238170624
81,4860000000000,4.0,31.0,4.596590909090909,4.0,5.0,1584,24.0,24.0,24.0,24.0,24.0,1584,0.0,0.0,0.0,0.0,0.0,1584,4.0,8.0,4.232954545454546,4.0,5.0,1584,0.0,168.0,70.23913043478261,64.0,124.0,552,0.0,600.0,210.0,184.0,424.0,552,1.0,1.0,1.0,1.0,1.0,552,0.9999999999999997,1.0000000000000002,1.0,1.0,1.0000000000000002,552,1.0,1.3076923076923077,1.0080245188683747,1.0,1.0654838709677417,552,0.9999999999999997,1.0000000000000002,1.0,1.0,1.0000000000000002,552,552.0,0.0,0.0,0.0,552.0,552.0,0.0,0.0,0.0,0.0,0.0,0.0,1.0,0.0,0.0,552.0,552.0,1.0,0.0,0.0,0.0,0.0,0.0,0.0,0.0,0.0,0.0,0.0,0.0,0.0,0.0,2303.666876628995
82,4920000000000,4.0,32.0,4.596590909090909,4.0,5.0,1584,22.0,24.0,23.946969696969695,24.0,24.0,1584,0.0,2.0,0.05303030303030303,0.0,0.0,1584,4.0,8.0,4.232954545454546,4.0,5.0,1584,0.0,164.0,71.35507246376811,68.0,124.0,552,0.0,584.0,214.33333333333334,200.0,424.0,552,1.0,1.0,1.0,1.0,1.0,452,0.9999999999999997,1.0061835738173273,1.0004247157206463,1.0,1.0015109029846145,452,1.0,2.0,1.0253303600457024,1.0,1.151730769230769,452,0.9999999999999997,2.03596956001458,1.0190241425525322,1.0000000000000002,1.097641737247832,452,552.0,0.0,0.0,0.0,552.0,452.0,100.0,0.0,0.0,0.0,0.0,100.0,0.8188405797101449,101.0,0.2234513274336283,552.0,452.0,0.8188405797101449,0.0,0.0,0.0,0.0,100.0,0.18115942028985507,0.0,0.0,0.0,0.0,0.0,0.0,0.0,627.4495720863342
83,4980000000000,4.0,31.0,4.594065656565657,4.0,5.0,1584,21.0,24.0,23.897727272727273,24.0,24.0,1584,0.0,3.0,0.10227272727272728,0.0,1.0,1584,4.0,8.0,4.230429292929293,4.0,5.0,1584,0.0,160.0,71.65942028985508,66.0,128.0,552,0.0,568.0,215.94202898550725,192.0,440.0,552,1.0,1.0,1.0,1.0,1.0,293,0.9999999999999998,1.0159533872930384,1.001020942770027,1.0,1.0039689328309294,293,1.0,2.0,1.0471032905873339,1.0,1.2,293,0.9999999999999998,2.2651736983488253,1.0496499501892684,1.0071317002825626,1.1983481041871085,293,552.0,0.0,0.0,0.0,552.0,293.0,259.0,0.0,0.0,0.0,0.0,259.0,0.5307971014492754,147.0,0.5017064846416383,552.0,293.0,0.5307971014492754,0.0,0.0,0.0,0.0,259.0,0.4692028985507246,0.0,0.0,0.0,0.0,0.0,0.0,0.0,489.82008546590805
84,5040000000000,4.0,31.0,4.593434343434343,4.0,5.849999999999909,1584,24.0,24.0,24.0,24.0,24.0,1584,0.0,0.0,0.0,0.0,0.0,1584,4.0,8.0,4.22979797979798,4.0,5.0,1584,0.0,152.0,71.55797101449275,68.0,124.0,552,0.0,536.0,215.40579710144928,200.0,424.0,552,1.0,1.0,1.0,1.0,1.0,552,0.9999999999999997,1.0000000000000004,1.0,1.0,1.0000000000000002,552,1.0,1.3333333333333333,1.0082792660559452,1.0,1.0588235294117647,552,0.9999999999999997,1.0000000000000004,1.0,1.0,1.0000000000000002,552,552.0,0.0,0.0,0.0,552.0,552.0,0.0,0.0,0.0,0.0,0.0,0.0,1.0,0.0,0.0,552.0,552.0,1.0,0.0,0.0,0.0,0.0,0.0,0.0,0.0,0.0,0.0,0.0,0.0,0.0,0.0,1935.621963813901
85,5100000000000,4.0,31.0,4.59469696969697,4.0,6.0,1584,21.0,24.0,23.946969696969695,24.0,24.0,1584,0.0,3.0,0.05303030303030303,0.0,0.0,1584,4.0,8.0,4.231060606060606,4.0,5.0,1584,0.0,156.0,70.55072463768116,68.0,124.0,552,0.0,552.0,211.8985507246377,200.0,424.0,552,1.0,1.0,1.0,1.0,1.0,441,0.9999999999999998,1.0000000000000002,1.0,1.0,1.0000000000000002,441,1.0,2.0,1.0345659370057363,1.0,1.1666666666666667,441,0.9999999999999998,1.8916355496481196,1.0232938973128436,1.0,1.111189274921104,441,552.0,0.0,0.0,0.0,552.0,441.0,111.0,0.0,0.0,0.0,0.0,111.0,0.7989130434782609,146.0,0.3310657596371882,552.0,441.0,0.7989130434782609,0.0,0.0,0.0,0.0,111.0,0.20108695652173914,0.0,0.0,0.0,0.0,0.0,0.0,0.0,646.6186195611954
86,5160000000000,4.0,32.0,4.591540404040404,4.0,5.0,1584,21.0,24.0,23.89330808080808,24.0,24.0,1584,0.0,3.0,0.10669191919191919,0.0,1.0,1584,4.0,8.0,4.227904040404041,4.0,5.0,1584,0.0,156.0,70.2463768115942,68.0,120.0,552,0.0,552.0,210.15942028985506,200.0,408.0,552,1.0,1.0,1.0,1.0,1.0,248,0.9999999999999996,1.002490715627818,1.0001550221570386,1.0,1.0005252835435876,248,1.0,2.0,1.0714478734719968,1.0,1.2857142857142858,248,0.9999999999999996,1.9271636129310812,1.0535348163043916,1.00582335804369,1.2498640856140677,248,552.0,0.0,0.0,0.0,552.0,248.0,304.0,0.0,0.0,0.0,0.0,304.0,0.4492753623188406,133.0,0.5362903225806451,552.0,248.0,0.4492753623188406,0.0,0.0,0.0,0.0,304.0,0.5507246376811594,0.0,0.0,0.0,0.0,0.0,0.0,0.0,720.4270958900452
87,5220000000000,4.0,32.0,4.599747474747475,4.0,5.0,1584,24.0,24.0,24.0,24.0,24.0,1584,0.0,0.0,0.0,0.0,0.0,1584,4.0,8.0,4.236111111111111,4.0,5.0,1584,0.0,160.0,70.98550724637681,64.0,128.0,552,0.0,568.0,213.768115942029,184.0,440.0,552,1.0,1.0,1.0,1.0,1.0,552,0.9999999999999997,1.0000000000000004,1.0,1.0,1.0000000000000002,552,1.0,1.3333333333333333,1.008115634086055,1.0,1.0625,552,0.9999999999999997,1.0000000000000004,1.0,1.0,1.0000000000000002,552,552.0,0.0,0.0,0.0,552.0,552.0,0.0,0.0,0.0,0.0,0.0,0.0,1.0,0.0,0.0,552.0,552.0,1.0,0.0,0.0,0.0,0.0,0.0,0.0,0.0,0.0,0.0,0.0,0.0,0.0,0.0,2419.879948720336
88,5280000000000,4.0,32.0,4.592171717171717,4.0,5.0,1584,22.0,24.0,23.945075757575758,24.0,24.0,1584,0.0,2.0,0.054924242424242424,0.0,1.0,1584,4.0,8.0,4.228535353535354,4.0,5.0,1584,0.0,156.0,70.28260869565217,68.0,121.79999999999973,552,0.0,552.0,210.30434782608697,200.0,415.1999999999989,552,1.0,1.0,1.0,1.0,1.0,425,0.9999999999999996,1.0005121116417395,1.0000075397162875,1.0,1.0000000000000002,425,1.0,1.5,1.0262237431034507,1.0,1.1428571428571428,425,0.9999999999999998,2.1343082454915723,1.0168766568480454,1.0,1.082994850867248,425,552.0,0.0,0.0,0.0,552.0,425.0,127.0,0.0,0.0,0.0,0.0,127.0,0.769927536231884,117.0,0.2752941176470588,552.0,425.0,0.769927536231884,0.0,0.0,0.0,0.0,127.0,0.23007246376811594,0.0,0.0,0.0,0.0,0.0,0.0,0.0,404.6951122581959
89,5340000000000,4.0,31.0,4.592171717171717,4.0,5.0,1584,21.0,24.0,23.893939393939394,24.0,24.0,1584,0.0,3.0,0.10606060606060606,0.0,1.0,1584,4.0,8.0,4.228535353535354,4.0,5.0,1584,0.0,152.0,70.67391304347827,68.0,124.0,552,0.0,536.0,212.0,200.0,424.0,552,1.0,1.0,1.0,1.0,1.0,289,0.9999999999999997,1.0088661550877738,1.0003191988954365,1.0,1.0018193056803815,289,1.0,1.5,1.0513724606834352,1.0,1.2,289,0.9999999999999998,2.050098783861089,1.0464016656337738,1.0163700166268967,1.1584232598822852,289,552.0,0.0,0.0,0.0,552.0,289.0,263.0,0.0,0.0,0.0,0.0,263.0,0.5235507246376812,168.0,0.5813148788927336,552.0,289.0,0.5235507246376812,0.0,0.0,0.0,0.0,263.0,0.47644927536231885,0.0,0.0,0.0,0.0,0.0,0.0,0.0,346.4806526899338
90,5400000000000,4.0,31.0,4.597222222222222,4.0,6.0,1584,24.0,24.0,24.0,24.0,24.0,1584,0.0,0.0,0.0,0.0,0.0,1584,4.0,8.0,4.233585858585859,4.0,5.0,1584,0.0,164.0,69.9927536231884,64.0,124.0,552,0.0,584.0,209.2753623188406,184.0,424.0,552,1.0,1.0,1.0,1.0,1.0,552,0.9999999999999996,1.0000000000000004,1.0,1.0,1.0000000000000002,552,1.0,1.3076923076923077,1.0055506198365607,1.0,1.045341614906832,552,0.9999999999999996,1.0000000000000004,1.0,1.0,1.0000000000000002,552,552.0,0.0,0.0,0.0,552.0,552.0,0.0,0.0,0.0,0.0,0.0,0.0,1.0,0.0,0.0,552.0,552.0,1.0,0.0,0.0,0.0,0.0,0.0,0.0,0.0,0.0,0.0,0.0,0.0,0.0,0.0,2022.3311986774206
91,5460000000000,4.0,31.0,4.599116161616162,4.0,5.849999999999909,1584,22.0,24.0,23.94760101010101,24.0,24.0,1584,0.0,2.0,0.052398989898989896,0.0,0.0,1584,4.0,8.0,4.235479797979798,4.0,5.0,1584,0.0,160.0,71.34782608695652,68.0,124.0,552,0.0,568.0,214.43478260869566,200.0,424.0,552,1.0,1.0,1.0,1.0,1.0,451,0.9999999999999998,1.0092077860241326,1.0005860765832455,1.0,1.0023286160586582,451,1.0,2.0,1.0289929266419051,1.0,1.1742424242424243,451,0.9999999999999998,2.004543996613147,1.0266439778815564,1.0003740862715493,1.1221855937589564,451,552.0,0.0,0.0,0.0,552.0,451.0,101.0,0.0,0.0,0.0,0.0,101.0,0.8170289855072463,128.0,0.2838137472283814,552.0,451.0,0.8170289855072463,0.0,0.0,0.0,0.0,101.0,0.18297101449275363,0.0,0.0,0.0,0.0,0.0,0.0,0.0,390.42831398546696
92,5520000000000,4.0,31.0,4.59280303030303,4.0,5.0,1584,21.0,24.0,23.896464646464647,24.0,24.0,1584,0.0,3.0,0.10353535353535354,0.0,1.0,1584,4.0,8.0,4.229166666666667,4.0,5.0,1584,0.0,160.0,71.26086956521739,64.0,128.0,552,0.0,568.0,214.2173913043478,184.0,440.0,552,1.0,1.0,1.0,1.0,1.0,268,0.9999999999999998,1.0170621910189168,1.0010718485250667,1.0,1.0046556073999686,268,1.0,2.0,1.0572062380063514,1.0,1.25,268,0.9999999999999998,2.852451617726659,1.0586040486768098,1.0083819525299376,1.245031173841532,268,552.0,0.0,0.0,0.0,552.0,268.0,284.0,0.0,0.0,0.0,0.0,284.0,0.4855072463768116,139.0,0.5186567164179104,552.0,268.0,0.4855072463768116,0.0,0.0,0.0,0.0,284.0,0.5144927536231884,0.0,0.0,0.0,0.0,0.0,0.0,0.0,677.4154752492905
93,5580000000000,4.0,30.0,4.580176767676767,4.0,5.0,1584,24.0,24.0,24.0,24.0,24.0,1584,0.0,0.0,0.0,0.0,0.0,1584,4.0,8.0,4.23169191919192,4.0,5.0,1584,0.0,156.0,71.8840579710145,68.0,124.0,552,0.0,552.0,216.71014492753622,200.0,424.0,552,1.0,1.0,1.0,1.0,1.0,552,0.9999999999999996,1.0000000000000002,1.0,1.0,1.0000000000000002,552,1.0,1.3571428571428572,1.0082080092667414,1.0,1.0526315789473684,552,0.9999999999999996,1.0000000000000002,1.0,1.0,1.0000000000000002,552,552.0,0.0,0.0,0.0,552.0,552.0,0.0,0.0,0.0,0.0,0.0,0.0,1.0,0.0,0.0,552.0,552.0,1.0,0.0,0.0,0.0,0.0,0.0,0.0,0.0,0.0,0.0,0.0,0.0,0.0,0.0,2310.561204329133
94,5640000000000,4.0,31.0,4.592171717171717,4.0,5.0,1584,22.0,24.0,23.949494949494948,24.0,24.0,1584,0.0,2.0,0.050505050505050504,0.0,0.0,1584,4.0,8.0,4.228535353535354,4.0,5.0,1584,0.0,148.0,69.81159420289855,68.0,124.0,552,0.0,520.0,208.81159420289856,200.0,424.0,552,1.0,1.0,1.0,1.0,1.0,433,0.9999999999999998,1.0000000000000002,1.0,1.0,1.0000000000000002,433,1.0,2.0,1.0290596130885887,1.0,1.1727272727272724,433,0.9999999999999998,1.8159611269403086,1.0159817052519944,1.0,1.0836634917450227,433,552.0,0.0,0.0,0.0,552.0,433.0,119.0,0.0,0.0,0.0,0.0,119.0,0.7844202898550725,116.0,0.2678983833718245,552.0,433.0,0.7844202898550725,0.0,0.0,0.0,0.0,119.0,0.21557971014492755,0.0,0.0,0.0,0.0,0.0,0.0,0.0,406.3514359295368
95,5700000000000,4.0,31.0,4.591540404040404,4.0,5.0,1584,21.0,24.0,23.896464646464647,24.0,24.0,1584,0.0,3.0,0.10353535353535354,0.0,1.0,1584,4.0,8.0,4.227904040404041,4.0,5.0,1584,0.0,156.0,70.44927536231884,68.0,124.0,552,0.0,552.0,211.231884057971,200.0,424.0,552,1.0,1.0,1.0,1.0,1.0,233,0.9999999999999998,1.0053772522052742,1.0003612862660858,1.0,1.0013764510741348,233,1.0,2.0,1.0602567392515665,1.0,1.25,233,0.9999999999999998,1.8753155727330064,1.0461395299325444,1.0010977996635568,1.2051125335533928,233,552.0,0.0,0.0,0.0,552.0,233.0,319.0,0.0,0.0,0.0,0.0,319.0,0.4221014492753623,105.0,0.45064377682403434,552.0,233.0,0.4221014492753623,0.0,0.0,0.0,0.0,319.0,0.5778985507246377,0.0,0.0,0.0,0.0,0.0,0.0,0.0,738.5929226875305
96,5760000000000,4.0,32.0,4.601010101010101,4.0,5.0,1584,24.0,24.0,24.0,24.0,24.0,1584,0.0,0.0,0.0,0.0,0.0,1584,4.0,8.0,4.237373737373737,4.0,5.0,1584,0.0,160.0,69.91304347826087,64.0,124.0,552,0.0,568.0,208.95652173913044,184.0,424.0,552,1.0,1.0,1.0,1.0,1.0,552,0.9999999999999997,1.0000000000000004,1.0,1.0,1.0000000000000002,552,1.0,1.3333333333333333,1.0069627661756821,1.0,1.0625,552,0.9999999999999997,1.0000000000000004,1.0,1.0,1.0000000000000002,552,552.0,0.0,0.0,0.0,552.0,552.0,0.0,0.0,0.0,0.0,0.0,0.0,1.0,0.0,0.0,552.0,552.0,1.0,0.0,0.0,0.0,0.0,0.0,0.0,0.0,0.0,0.0,0.0,0.0,0.0,0.0,1320.1518021523952
97,5820000000000,4.0,32.0,4.591540404040404,4.0,5.0,1584,22.0,24.0,23.938762626262626,24.0,24.0,1584,0.0,2.0,0.061237373737373736,0.0,1.0,1584,4.0,8.0,4.227904040404041,4.0,5.0,1584,0.0,156.0,71.81884057971014,68.0,124.0,552,0.0,552.0,216.18840579710144,200.0,424.0,552,1.0,1.0,1.0,1.0,1.0,396,0.9999999999999996,1.0038658341635234,1.0000939042825834,1.0,1.0000594756504748,396,1.0,2.0,1.028791200342084,1.0,1.1666666666666667,396,0.9999999999999996,2.1057857577327312,1.0249671791406083,1.0,1.1309717790799811,396,552.0,0.0,0.0,0.0,552.0,396.0,156.0,0.0,0.0,0.0,0.0,156.0,0.717391304347826,105.0,0.26515151515151514,552.0,396.0,0.717391304347826,0.0,0.0,0.0,0.0,156.0,0.2826086956521739,0.0,0.0,0.0,0.0,0.0,0.0,0.0,487.69609816372395
98,5880000000000,4.0,30.0,4.596590909090909,4.0,5.0,1584,21.0,24.0,23.893939393939394,24.0,24.0,1584,0.0,3.0,0.10606060606060606,0.0,1.0,1584,4.0,8.0,4.232954545454546,4.0,5.0,1584,0.0,156.0,71.21739130434783,68.0,124.0,552,0.0,552.0,214.30434782608697,200.0,424.0,552,1.0,1.0,1.0,1.0,1.0,304,0.9999999999999998,1.0116518274876056,1.0004000238430844,1.0,1.0000000000000002,304,1.0,1.5,1.0479359792063827,1.0,1.2,304,0.9999999999999998,1.526705922072638,1.04359950701727,1.0119852316704034,1.1927897375877872,304,552.0,0.0,0.0,0.0,552.0,304.0,248.0,0.0,0.0,0.0,0.0,248.0,0.5507246376811594,179.0,0.5888157894736842,552.0,304.0,0.5507246376811594,0.0,0.0,0.0,0.0,248.0,0.4492753623188406,0.0,0.0,0.0,0.0,0.0,0.0,0.0,321.53768837451935
99,5940000000000,4.0,31.0,4.595959595959596,4.0,5.849999999999909,1584,24.0,24.0,24.0,24.0,24.0,1584,0.0,0.0,0.0,0.0,0.0,1584,4.0,8.0,4.232323232323233,4.0,5.0,1584,0.0,156.0,71.14492753623189,68.0,124.0,552,0.0,552.0,213.8840579710145,200.0,424.0,552,1.0,1.0,1.0,1.0,1.0,552,0.9999999999999998,1.0000000000000002,1.0,1.0,1.0000000000000002,552,1.0,1.3076923076923077,1.0085425112028517,1.0,1.0714285714285714,552,0.9999999999999998,1.0000000000000002,1.0,1.0,1.0000000000000002,552,552.0,0.0,0.0,0.0,552.0,552.0,0.0,0.0,0.0,0.0,0.0,0.0,1.0,0.0,0.0,552.0,552.0,1.0,0.0,0.0,0.0,0.0,0.0,0.0,0.0,0.0,0.0,0.0,0.0,0.0,0.0,1143.027275800705
100,6000000000000,4.0,31.0,4.59280303030303,4.0,6.0,1584,21.0,24.0,23.94128787878788,24.0,24.0,1584,0.0,3.0,0.058712121212121215,0.0,1.0,1584,4.0,8.0,4.229166666666667,4.0,5.0,1584,0.0,156.0,70.18840579710145,68.0,124.0,552,0.0,552.0,210.44927536231884,200.0,424.0,552,1.0,1.0,1.0,1.0,1.0,389,0.9999999999999997,1.0011906649242857,1.0000061869689867,1.0,1.0000000000000002,389,1.0,1.5,1.0332657808036334,1.0,1.1818181818181819,389,0.9999999999999998,1.9825679399574365,1.0257028469632823,1.0,1.1530034455270524,389,552.0,0.0,0.0,0.0,552.0,389.0,163.0,0.0,0.0,0.0,0.0,163.0,0.7047101449275363,109.0,0.2802056555269923,552.0,389.0,0.7047101449275363,0.0,0.0,0.0,0.0,163.0,0.29528985507246375,0.0,0.0,0.0,0.0,0.0,0.0,0.0,498.4585139900446
101,6060000000000,4.0,32.0,4.593434343434343,4.0,5.0,1584,21.0,24.0,23.890151515151516,24.0,24.0,1584,0.0,3.0,0.10984848484848485,0.0,1.0,1584,4.0,8.0,4.22979797979798,4.0,5.0,1584,0.0,168.0,70.26086956521739,64.0,128.0,552,0.0,600.0,210.2173913043478,184.0,440.0,552,1.0,1.0,1.0,1.0,1.0,236,0.9999999999999998,1.001100431662987,1.0000046628460295,1.0,1.0,236,1.0,2.0,1.0738035724540878,1.0,1.3333333333333333,236,0.9999999999999998,2.063356962758733,1.069724565464021,1.0128267475098442,1.2924374371953338,236,552.0,0.0,0.0,0.0,552.0,236.0,316.0,0.0,0.0,0.0,0.0,316.0,0.427536231884058,135.0,0.5720338983050848,552.0,236.0,0.427536231884058,0.0,0.0,0.0,0.0,316.0,0.572463768115942,0.0,0.0,0.0,0.0,0.0,0.0,0.0,469.2846108227968
102,6120000000000,4.0,31.0,4.58270202020202,4.0,5.0,1584,24.0,24.0,24.0,24.0,24.0,1584,0.0,0.0,0.0,0.0,0.0,1584,4.0,8.0,4.234217171717172,4.0,5.0,1584,0.0,156.0,71.69565217391305,68.0,128.0,552,0.0,552.0,216.08695652173913,200.0,440.0,552,1.0,1.0,1.0,1.0,1.0,552,0.9999999999999997,1.0000000000000004,1.0,1.0,1.0000000000000002,552,1.0,1.3333333333333333,1.007046385921572,1.0,1.0526315789473684,552,0.9999999999999997,1.0000000000000004,1.0,1.0,1.0000000000000002,552,552.0,0.0,0.0,0.0,552.0,552.0,0.0,0.0,0.0,0.0,0.0,0.0,1.0,0.0,0.0,552.0,552.0,1.0,0.0,0.0,0.0,0.0,0.0,0.0,0.0,0.0,0.0,0.0,0.0,0.0,0.0,1146.2801080197096
103,6180000000000,4.0,31.0,4.587752525252525,4.0,5.0,1584,22.0,24.0,23.946969696969695,24.0,24.0,1584,0.0,2.0,0.05303030303030303,0.0,0.0,1584,4.0,8.0,4.224116161616162,4.0,5.0,1584,0.0,156.0,70.31159420289855,68.0,124.0,552,0.0,552.0,210.15942028985506,200.0,424.0,552,1.0,1.0,1.0,1.0,1.0,438,0.9999999999999998,1.0000000000000004,1.0,1.0,1.0000000000000002,438,1.0,2.0,1.0266374319810427,1.0,1.1428571428571428,438,0.9999999999999998,1.9525821808229051,1.0162890472210835,1.0,1.0843473364950331,438,552.0,0.0,0.0,0.0,552.0,438.0,114.0,0.0,0.0,0.0,0.0,114.0,0.7934782608695652,107.0,0.24429223744292236,552.0,438.0,0.7934782608695652,0.0,0.0,0.0,0.0,114.0,0.20652173913043478,0.0,0.0,0.0,0.0,0.0,0.0,0.0,441.0799629986286
104,6240000000000,4.0,31.0,4.596590909090909,4.0,6.0,1584,21.0,24.0,23.89709595959596,24.0,24.0,1584,0.0,3.0,0.1029040404040404,0.0,1.0,1584,4.0,8.0,4.232954545454546,4.0,5.0,1584,0.0,156.0,70.8840579710145,68.0,124.0,552,0.0,552.0,212.71014492753622,200.0,424.0,552,1.0,1.0,1.0,1.0,1.0,259,0.9999999999999998,1.0078268521876668,1.0006227940467651,1.0,1.0022562682414116,259,1.0,2.0,1.0741178688888007,1.0,1.2857142857142858,259,0.9999999999999998,2.8537302863036693,1.0713690694137579,1.0089424480217861,1.3034262757335957,259,552.0,0.0,0.0,0.0,552.0,259.0,293.0,0.0,0.0,0.0,0.0,293.0,0.4692028985507246,142.0,0.5482625482625483,552.0,259.0,0.4692028985507246,0.0,0.0,0.0,0.0,293.0,0.5307971014492754,0.0,0.0,0.0,0.0,0.0,0.0,0.0,248.4619915485382
105,6300000000000,4.0,31.0,4.597222222222222,4.0,5.849999999999909,1584,24.0,24.0,24.0,24.0,24.0,1584,0.0,0.0,0.0,0.0,0.0,1584,4.0,8.0,4.233585858585859,4.0,5.0,1584,0.0,160.0,69.81884057971014,64.0,124.0,552,0.0,568.0,208.57971014492753,184.0,424.0,552,1.0,1.0,1.0,1.0,1.0,552,0.9999999999999997,1.0000000000000002,1.0,1.0,1.0000000000000002,552,1.0,1.3571428571428572,1.0082032780247212,1.0,1.0539473684210525,552,0.9999999999999997,1.0000000000000002,1.0,1.0,1.0000000000000002,552,552.0,0.0,0.0,0.0,552.0,552.0,0.0,0.0,0.0,0.0,0.0,0.0,1.0,0.0,0.0,552.0,552.0,1.0,0.0,0.0,0.0,0.0,0.0,0.0,0.0,0.0,0.0,0.0,0.0,0.0,0.0,1380.893211811781
106,6360000000000,4.0,32.0,4.595959595959596,4.0,5.0,1584,22.0,24.0,23.94570707070707,24.0,24.0,1584,0.0,2.0,0.054292929292929296,0.0,0.849999999999909,1584,4.0,8.0,4.232323232323233,4.0,5.0,1584,0.0,156.0,70.45652173913044,66.0,124.0,552,0.0,552.0,210.8695652173913,192.0,424.0,552,1.0,1.0,1.0,1.0,1.0,402,0.9999999999999997,1.007241949938627,1.0002634313230747,1.0,1.0032910161055681,402,1.0,1.5,1.0305200722395687,1.0,1.1818181818181819,402,0.9999999999999997,2.067513214956056,1.0237119778652184,1.0,1.1341269966859047,402,552.0,0.0,0.0,0.0,552.0,402.0,150.0,0.0,0.0,0.0,0.0,150.0,0.7282608695652174,100.0,0.24875621890547264,552.0,402.0,0.7282608695652174,0.0,0.0,0.0,0.0,150.0,0.2717391304347826,0.0,0.0,0.0,0.0,0.0,0.0,0.0,305.26063218712807
107,6420000000000,4.0,31.0,4.596590909090909,4.0,5.0,1584,21.0,24.0,23.900252525252526,24.0,24.0,1584,0.0,3.0,0.09974747474747475,0.0,1.0,1584,4.0,8.0,4.232954545454546,4.0,5.0,1584,0.0,156.0,71.78260869565217,68.0,128.0,552,0.0,552.0,216.17391304347825,200.0,440.0,552,1.0,1.0,1.0,1.0,1.0,311,0.9999999999999997,1.0171471999292934,1.0005962653479528,1.0,1.0019504700535458,311,1.0,1.5,1.0544926747133792,1.0,1.25,311,0.9999999999999998,1.6274054000680351,1.048666467774915,1.00881378523677,1.241940694815912,311,552.0,0.0,0.0,0.0,552.0,311.0,241.0,0.0,0.0,0.0,0.0,241.0,0.5634057971014492,165.0,0.5305466237942122,552.0,311.0,0.5634057971014492,0.0,0.0,0.0,0.0,241.0,0.4365942028985507,0.0,0.0,0.0,0.0,0.0,0.0,0.0,436.82788871228695
108,6480000000000,4.0,30.0,4.5732323232323235,4.0,5.0,1584,24.0,24.0,24.0,24.0,24.0,1584,0.0,0.0,0.0,0.0,0.0,1584,4.0,8.0,4.224747474747475,4.0,5.0,1584,0.0,160.0,72.32608695652173,72.0,124.0,552,0.0,568.0,218.47826086956522,216.0,424.0,552,1.0,1.0,1.0,1.0,1.0,552,0.9999999999999997,1.0000000000000002,1.0,1.0,1.0000000000000002,552,1.0,1.3333333333333333,1.0079764587008315,1.0,1.0570261437908495,552,0.9999999999999997,1.0000000000000002,1.0,1.0,1.0000000000000002,552,552.0,0.0,0.0,0.0,552.0,552.0,0.0,0.0,0.0,0.0,0.0,0.0,1.0,0.0,0.0,552.0,552.0,1.0,0.0,0.0,0.0,0.0,0.0,0.0,0.0,0.0,0.0,0.0,0.0,0.0,0.0,1277.7710668742657
109,6540000000000,4.0,31.0,4.595328282828283,4.0,6.0,1584,21.0,24.0,23.953282828282827,24.0,24.0,1584,0.0,3.0,0.04671717171717172,0.0,0.0,1584,4.0,8.0,4.23169191919192,4.0,5.0,1584,0.0,140.0,69.70289855072464,68.0,124.0,552,0.0,488.0,208.5072463768116,200.0,424.0,552,1.0,1.0,1.0,1.0,1.0,432,0.9999999999999998,1.0000000000000004,1.0,1.0,1.0000000000000002,432,1.0,2.0,1.0328320728584879,1.0,1.1818181818181819,432,0.9999999999999998,1.958492199218734,1.0269421843775874,1.0,1.1414607440683506,432,552.0,0.0,0.0,0.0,552.0,432.0,120.0,0.0,0.0,0.0,0.0,120.0,0.782608695652174,108.0,0.25,552.0,432.0,0.782608695652174,0.0,0.0,0.0,0.0,120.0,0.21739130434782608,0.0,0.0,0.0,0.0,0.0,0.0,0.0,295.47507874667645
110,6600000000000,4.0,31.0,4.594065656565657,4.0,5.0,1584,21.0,24.0,23.901515151515152,24.0,24.0,1584,0.0,3.0,0.09848484848484848,0.0,1.0,1584,4.0,8.0,4.230429292929293,4.0,5.0,1584,0.0,156.0,70.73913043478261,68.0,124.0,552,0.0,552.0,212.52173913043478,200.0,424.0,552,1.0,1.0,1.0,1.0,1.0,258,0.9999999999999998,1.0024420396143177,1.00008598278636,1.0,1.0005914631101078,258,1.0,1.5,1.0600061823513665,1.0,1.2857142857142858,258,0.9999999999999998,2.057781375174397,1.052911161535916,1.0064225532768605,1.2232929918893256,258,552.0,0.0,0.0,0.0,552.0,258.0,294.0,0.0,0.0,0.0,0.0,294.0,0.4673913043478261,137.0,0.5310077519379846,552.0,258.0,0.4673913043478261,0.0,0.0,0.0,0.0,294.0,0.532608695652174,0.0,0.0,0.0,0.0,0.0,0.0,0.0,431.54426664114
111,6660000000000,4.0,32.0,4.601641414141414,4.0,5.0,1584,24.0,24.0,24.0,24.0,24.0,1584,0.0,0.0,0.0,0.0,0.0,1584,4.0,8.0,4.23800505050505,4.0,5.0,1584,0.0,156.0,69.45652173913044,64.0,124.0,552,0.0,552.0,207.52173913043478,184.0,424.0,552,1.0,1.0,1.0,1.0,1.0,552,0.9999999999999997,1.0000000000000004,1.0,1.0,1.0000000000000002,552,1.0,1.2857142857142858,1.0070875617648967,1.0,1.0604779411764704,552,0.9999999999999997,1.0000000000000004,1.0,1.0,1.0000000000000002,552,552.0,0.0,0.0,0.0,552.0,552.0,0.0,0.0,0.0,0.0,0.0,0.0,1.0,0.0,0.0,552.0,552.0,1.0,0.0,0.0,0.0,0.0,0.0,0.0,0.0,0.0,0.0,0.0,0.0,0.0,0.0,975.0424828380346
112,6720000000000,4.0,32.0,4.593434343434343,4.0,5.0,1584,22.0,24.0,23.942550505050505,24.0,24.0,1584,0.0,2.0,0.05744949494949495,0.0,1.0,1584,4.0,8.0,4.22979797979798,4.0,5.0,1584,0.0,156.0,70.81884057971014,68.0,124.0,552,0.0,552.0,212.57971014492753,200.0,424.0,552,1.0,1.0,1.0,1.0,1.0,439,0.9999999999999996,1.001601355809167,1.0000522429512746,1.0,1.0001843498130245,439,1.0,2.0,1.0306401412234676,1.0,1.1836363636363632,439,0.9999999999999996,1.9820740737262939,1.022712514521723,1.0000000000000002,1.101080196511264,439,552.0,0.0,0.0,0.0,552.0,439.0,113.0,0.0,0.0,0.0,0.0,113.0,0.7952898550724637,109.0,0.24829157175398633,552.0,439.0,0.7952898550724637,0.0,0.0,0.0,0.0,113.0,0.20471014492753623,0.0,0.0,0.0,0.0,0.0,0.0,0.0,411.05344891548157
113,6780000000000,4.0,32.0,4.591540404040404,4.0,5.0,1584,21.0,24.0,23.89520202020202,24.0,24.0,1584,0.0,3.0,0.10479797979797979,0.0,1.0,1584,4.0,8.0,4.227904040404041,4.0,5.0,1584,0.0,156.0,70.85507246376811,68.0,124.0,552,0.0,552.0,212.85507246376812,200.0,424.0,552,1.0,1.0,1.0,1.0,1.0,262,0.9999999999999997,1.009841953520904,1.0009348529194717,1.0,1.0036239159336766,262,1.0,2.0,1.0654093844949724,1.0,1.283928571428571,262,0.9999999999999998,2.3530606189392866,1.062224272637302,1.0102229057416712,1.2509213906964924,262,552.0,0.0,0.0,0.0,552.0,262.0,290.0,0.0,0.0,0.0,0.0,290.0,0.4746376811594203,142.0,0.5419847328244275,552.0,262.0,0.4746376811594203,0.0,0.0,0.0,0.0,290.0,0.5253623188405797,0.0,0.0,0.0,0.0,0.0,0.0,0.0,455.14677092432976
114,6840000000000,4.0,31.0,4.597222222222222,4.0,6.0,1584,24.0,24.0,24.0,24.0,24.0,1584,0.0,0.0,0.0,0.0,0.0,1584,4.0,8.0,4.233585858585859,4.0,5.0,1584,0.0,148.0,69.57971014492753,68.0,124.0,552,0.0,520.0,207.7536231884058,200.0,424.0,552,1.0,1.0,1.0,1.0,1.0,552,0.9999999999999997,1.0000000000000004,1.0,1.0,1.0000000000000002,552,1.0,1.3571428571428572,1.007439785021789,1.0,1.0424818840579708,552,0.9999999999999997,1.0000000000000004,1.0,1.0,1.0000000000000002,552,552.0,0.0,0.0,0.0,552.0,552.0,0.0,0.0,0.0,0.0,0.0,0.0,1.0,0.0,0.0,552.0,552.0,1.0,0.0,0.0,0.0,0.0,0.0,0.0,0.0,0.0,0.0,0.0,0.0,0.0,0.0,1147.7893572300673
115,6900000000000,4.0,31.0,4.598484848484849,4.0,6.0,1584,21.0,24.0,23.94381313131313,24.0,24.0,1584,0.0,3.0,0.05618686868686869,0.0,0.849999999999909,1584,4.0,8.0,4.234848484848484,4.0,5.0,1584,0.0,156.0,70.2536231884058,68.0,124.0,552,0.0,552.0,210.57971014492753,200.0,424.0,552,1.0,1.0,1.0,1.0,1.0,402,0.9999999999999998,1.0097378898179206,1.0003632562934843,1.0,1.0026882005199982,402,1.0,2.0,1.0366070549990145,1.0,1.1818181818181819,402,0.9999999999999998,1.9446668275272767,1.020812407675437,1.0,1.1102058966542783,402,552.0,0.0,0.0,0.0,552.0,402.0,150.0,0.0,0.0,0.0,0.0,150.0,0.7282608695652174,123.0,0.30597014925373134,552.0,402.0,0.7282608695652174,0.0,0.0,0.0,0.0,150.0,0.2717391304347826,0.0,0.0,0.0,0.0,0.0,0.0,0.0,469.50289607048035
116,6960000000000,4.0,32.0,4.5978535353535355,4.0,5.0,1584,21.0,24.0,23.893939393939394,24.0,24.0,1584,0.0,3.0,0.10606060606060606,0.0,1.0,1584,4.0,8.0,4.234217171717172,4.0,5.0,1584,0.0,156.0,70.32608695652173,64.0,128.0,552,0.0,552.0,210.7391304347826,184.0,440.0,552,1.0,1.0,1.0,1.0,1.0,302,0.9999999999999997,1.0184334412077207,1.0007329921717296,1.0,1.0049952127705581,302,1.0,2.0,1.0490887623921394,1.0,1.221111111111111,302,0.9999999999999997,1.9502257275314037,1.0395901349508996,1.0,1.1395369243895535,302,552.0,0.0,0.0,0.0,552.0,302.0,250.0,0.0,0.0,0.0,0.0,250.0,0.5471014492753623,129.0,0.4271523178807947,552.0,302.0,0.5471014492753623,0.0,0.0,0.0,0.0,250.0,0.4528985507246377,0.0,0.0,0.0,0.0,0.0,0.0,0.0,389.57149907946587
117,7020000000000,4.0,30.0,4.582070707070707,4.0,5.849999999999909,1584,24.0,24.0,24.0,24.0,24.0,1584,0.0,0.0,0.0,0.0,0.0,1584,4.0,8.0,4.233585858585859,4.0,5.0,1584,0.0,160.0,70.90579710144928,68.0,124.0,552,0.0,568.0,212.66666666666666,200.0,424.0,552,1.0,1.0,1.0,1.0,1.0,552,0.9999999999999996,1.0000000000000002,1.0,1.0,1.0000000000000002,552,1.0,1.3333333333333333,1.008562021814147,1.0,1.0688095238095234,552,0.9999999999999996,1.0000000000000002,1.0,1.0,1.0000000000000002,552,552.0,0.0,0.0,0.0,552.0,552.0,0.0,0.0,0.0,0.0,0.0,0.0,1.0,0.0,0.0,552.0,552.0,1.0,0.0,0.0,0.0,0.0,0.0,0.0,0.0,0.0,0.0,0.0,0.0,0.0,0.0,1040.852254256606
118,7080000000000,4.0,31.0,4.592171717171717,4.0,5.0,1584,22.0,24.0,23.946969696969695,24.0,24.0,1584,0.0,2.0,0.05303030303030303,0.0,0.0,1584,4.0,8.0,4.228535353535354,4.0,5.0,1584,0.0,164.0,70.65942028985508,68.0,124.0,552,0.0,584.0,211.68115942028984,200.0,424.0,552,1.0,1.0,1.0,1.0,1.0,426,0.9999999999999996,1.0000000000000004,1.0,1.0,1.0000000000000002,426,1.0,1.5,1.0236918776004014,1.0,1.1644736842105263,426,0.9999999999999996,2.0976298205599746,1.0168847887821277,1.0,1.0819616885015995,426,552.0,0.0,0.0,0.0,552.0,426.0,126.0,0.0,0.0,0.0,0.0,126.0,0.7717391304347826,89.0,0.20892018779342722,552.0,426.0,0.7717391304347826,0.0,0.0,0.0,0.0,126.0,0.22826086956521738,0.0,0.0,0.0,0.0,0.0,0.0,0.0,608.2061659544706
119,7140000000000,4.0,31.0,4.595959595959596,4.0,5.0,1584,21.0,24.0,23.894570707070706,24.0,24.0,1584,0.0,3.0,0.10542929292929293,0.0,1.0,1584,4.0,8.0,4.232323232323233,4.0,5.0,1584,0.0,164.0,70.55797101449275,68.0,124.0,552,0.0,584.0,211.40579710144928,200.0,424.0,552,1.0,1.0,1.0,1.0,1.0,245,0.9999999999999996,1.0048107324058642,1.0001544240017393,1.0,1.0000000000000002,245,1.0,1.5,1.0610120743001448,1.0,1.278571428571428,245,0.9999999999999998,2.0360990880305683,1.0537556659044516,1.021745473213793,1.1998943587555853,245,552.0,0.0,0.0,0.0,552.0,245.0,307.0,0.0,0.0,0.0,0.0,307.0,0.4438405797101449,142.0,0.5795918367346938,552.0,245.0,0.4438405797101449,0.0,0.0,0.0,0.0,307.0,0.5561594202898551,0.0,0.0,0.0,0.0,0.0,0.0,0.0,311.1660238355398
120,7200000000000,4.0,31.0,4.59469696969697,4.0,5.0,1584,24.0,24.0,24.0,24.0,24.0,1584,0.0,0.0,0.0,0.0,0.0,1584,4.0,8.0,4.231060606060606,4.0,5.0,1584,0.0,168.0,70.69565217391305,64.0,128.0,552,0.0,600.0,211.95652173913044,184.0,440.0,552,1.0,1.0,1.0,1.0,1.0,552,0.9999999999999996,1.0000000000000002,1.0,1.0,1.0000000000000002,552,1.0,1.3333333333333333,1.010695184948908,1.0,1.0798076923076918,552,0.9999999999999996,1.0000000000000002,1.0,1.0,1.0000000000000002,552,552.0,0.0,0.0,0.0,552.0,552.0,0.0,0.0,0.0,0.0,0.0,0.0,1.0,0.0,0.0,552.0,552.0,1.0,0.0,0.0,0.0,0.0,0.0,0.0,0.0,0.0,0.0,0.0,0.0,0.0,0.0,1234.3423292040825
121,7260000000000,4.0,32.0,4.594065656565657,4.0,5.0,1584,22.0,24.0,23.946338383838384,24.0,24.0,1584,0.0,2.0,0.05366161616161616,0.0,0.0,1584,4.0,8.0,4.230429292929293,4.0,5.0,1584,0.0,164.0,70.7536231884058,68.0,124.0,552,0.0,584.0,211.92753623188406,200.0,424.0,552,1.0,1.0,1.0,1.0,1.0,440,0.9999999999999997,1.0049020286015409,1.0003318917143253,1.0,1.0012956809284117,440,1.0,2.0,1.0280073894642185,1.0,1.1544871794871787,440,0.9999999999999997,1.9707561924377042,1.017200096221632,1.0000000000000002,1.0961498290638543,440,552.0,0.0,0.0,0.0,552.0,440.0,112.0,0.0,0.0,0.0,0.0,112.0,0.7971014492753623,100.0,0.22727272727272727,552.0,440.0,0.7971014492753623,0.0,0.0,0.0,0.0,112.0,0.2028985507246377,0.0,0.0,0.0,0.0,0.0,0.0,0.0,252.93317064642906
122,7320000000000,4.0,31.0,4.601641414141414,4.0,5.0,1584,21.0,24.0,23.90340909090909,24.0,24.0,1584,0.0,3.0,0.09659090909090909,0.0,1.0,1584,4.0,8.0,4.23800505050505,4.0,5.0,1584,0.0,156.0,71.45652173913044,68.0,128.0,552,0.0,552.0,215.1304347826087,200.0,440.0,552,1.0,1.0,1.0,1.0,1.0,295,0.9999999999999997,1.0147312235924522,1.000977396573698,1.0,1.0036441641733533,295,1.0,2.0,1.0608725278143494,1.0,1.2607142857142861,295,0.9999999999999998,2.785821355466816,1.0657990313174288,1.0147312235924522,1.2616328101919163,295,552.0,0.0,0.0,0.0,552.0,295.0,257.0,0.0,0.0,0.0,0.0,257.0,0.5344202898550725,154.0,0.5220338983050847,552.0,295.0,0.5344202898550725,0.0,0.0,0.0,0.0,257.0,0.46557971014492755,0.0,0.0,0.0,0.0,0.0,0.0,0.0,547.3523791879416
123,7380000000000,4.0,31.0,4.593434343434343,4.0,5.0,1584,24.0,24.0,24.0,24.0,24.0,1584,0.0,0.0,0.0,0.0,0.0,1584,4.0,8.0,4.22979797979798,4.0,5.0,1584,0.0,152.0,72.1304347826087,70.0,124.0,552,0.0,536.0,217.82608695652175,208.0,424.0,552,1.0,1.0,1.0,1.0,1.0,552,0.9999999999999997,1.0000000000000004,1.0,1.0,1.0000000000000002,552,1.0,1.3333333333333333,1.0085344571541173,1.0,1.0688095238095234,552,0.9999999999999997,1.0000000000000004,1.0,1.0,1.0000000000000002,552,552.0,0.0,0.0,0.0,552.0,552.0,0.0,0.0,0.0,0.0,0.0,0.0,1.0,0.0,0.0,552.0,552.0,1.0,0.0,0.0,0.0,0.0,0.0,0.0,0.0,0.0,0.0,0.0,0.0,0.0,0.0,1180.8522082865238
124,7440000000000,4.0,31.0,4.59469696969697,4.0,6.0,1584,21.0,24.0,23.94823232323232,24.0,24.0,1584,0.0,3.0,0.05176767676767677,0.0,0.0,1584,4.0,8.0,4.231060606060606,4.0,5.0,1584,0.0,144.0,69.6086956521739,68.0,124.0,552,0.0,504.0,208.1304347826087,200.0,424.0,552,1.0,1.0,1.0,1.0,1.0,442,0.9999999999999998,1.0000000000000004,1.0,1.0,1.0000000000000002,442,1.0,2.0,1.0367190675095581,1.0,1.1666666666666667,442,0.9999999999999998,1.8694363347582361,1.0252933791289567,1.0,1.1078507258215111,442,552.0,0.0,0.0,0.0,552.0,442.0,110.0,0.0,0.0,0.0,0.0,110.0,0.8007246376811594,141.0,0.3190045248868778,552.0,442.0,0.8007246376811594,0.0,0.0,0.0,0.0,110.0,0.19927536231884058,0.0,0.0,0.0,0.0,0.0,0.0,0.0,286.74157336354256
125,7500000000000,4.0,31.0,4.59469696969697,4.0,5.0,1584,21.0,24.0,23.89520202020202,24.0,24.0,1584,0.0,3.0,0.10479797979797979,0.0,1.0,1584,4.0,8.0,4.231060606060606,4.0,5.0,1584,0.0,156.0,70.44202898550725,68.0,124.0,552,0.0,552.0,211.20289855072463,200.0,424.0,552,1.0,1.0,1.0,1.0,1.0,283,0.9999999999999998,1.001210338123899,1.0000515780602803,1.0,1.0001100082338041,283,1.0,1.6666666666666667,1.0649135890806314,1.0,1.25,283,0.9999999999999998,1.8023390885832347,1.0553466692490674,1.006067711389175,1.2167390090453234,283,552.0,0.0,0.0,0.0,552.0,283.0,269.0,0.0,0.0,0.0,0.0,269.0,0.5126811594202898,150.0,0.5300353356890459,552.0,283.0,0.5126811594202898,0.0,0.0,0.0,0.0,269.0,0.48731884057971014,0.0,0.0,0.0,0.0,0.0,0.0,0.0,551.8066138029099
126,7560000000000,4.0,32.0,4.598484848484849,4.0,5.0,1584,24.0,24.0,24.0,24.0,24.0,1584,0.0,0.0,0.0,0.0,0.0,1584,4.0,8.0,4.234848484848484,4.0,5.0,1584,0.0,160.0,71.33333333333333,64.0,128.0,552,0.0,568.0,214.8985507246377,184.0,440.0,552,1.0,1.0,1.0,1.0,1.0,552,0.9999999999999998,1.0000000000000004,1.0,1.0,1.0000000000000002,552,1.0,1.3333333333333333,1.0087881215922858,1.0,1.0643749999999996,552,0.9999999999999998,1.0000000000000004,1.0,1.0,1.0000000000000002,552,552.0,0.0,0.0,0.0,552.0,552.0,0.0,0.0,0.0,0.0,0.0,0.0,1.0,0.0,0.0,552.0,552.0,1.0,0.0,0.0,0.0,0.0,0.0,0.0,0.0,0.0,0.0,0.0,0.0,0.0,0.0,1119.1856786608696
127,7620000000000,4.0,32.0,4.5896464646464645,4.0,5.0,1584,22.0,24.0,23.945075757575758,24.0,24.0,1584,0.0,2.0,0.054924242424242424,0.0,1.0,1584,4.0,8.0,4.226010101010101,4.0,5.0,1584,0.0,156.0,70.84782608695652,68.0,124.0,552,0.0,552.0,212.69565217391303,200.0,424.0,552,1.0,1.0,1.0,1.0,1.0,424,0.9999999999999997,1.000013670744706,1.0000000322423224,1.0,1.0000000000000002,424,1.0,1.5,1.0233688578921607,1.0,1.135909090909091,424,0.9999999999999997,2.074987240118937,1.015892443827228,1.0,1.081088187099876,424,552.0,0.0,0.0,0.0,552.0,424.0,128.0,0.0,0.0,0.0,0.0,128.0,0.7681159420289855,107.0,0.25235849056603776,552.0,424.0,0.7681159420289855,0.0,0.0,0.0,0.0,128.0,0.2318840579710145,0.0,0.0,0.0,0.0,0.0,0.0,0.0,363.4009063243866
128,7680000000000,4.0,30.0,4.59469696969697,4.0,5.849999999999909,1584,21.0,24.0,23.896464646464647,24.0,24.0,1584,0.0,3.0,0.10353535353535354,0.0,1.0,1584,4.0,8.0,4.231060606060606,4.0,5.0,1584,0.0,152.0,70.94927536231884,68.0,124.0,552,0.0,536.0,212.97101449275362,200.0,424.0,552,1.0,1.0,1.0,1.0,1.0,288,0.9999999999999997,1.0077169371794448,1.000276820469935,1.0,1.0015837415860744,288,1.0,2.0,1.0504989097958584,1.0,1.2,288,0.9999999999999997,2.4979899209119,1.043747706770348,1.0106288865718556,1.153994563010507,288,552.0,0.0,0.0,0.0,552.0,288.0,264.0,0.0,0.0,0.0,0.0,264.0,0.5217391304347826,161.0,0.5590277777777778,552.0,288.0,0.5217391304347826,0.0,0.0,0.0,0.0,264.0,0.4782608695652174,0.0,0.0,0.0,0.0,0.0,0.0,0.0,461.77213080227375
129,7740000000000,4.0,31.0,4.59469696969697,4.0,5.0,1584,24.0,24.0,24.0,24.0,24.0,1584,0.0,0.0,0.0,0.0,0.0,1584,4.0,8.0,4.231060606060606,4.0,5.0,1584,0.0,164.0,69.89855072463769,64.0,124.0,552,0.0,584.0,208.8985507246377,184.0,424.0,552,1.0,1.0,1.0,1.0,1.0,552,0.9999999999999997,1.0000000000000004,1.0,1.0,1.0000000000000002,552,1.0,1.3076923076923077,1.0057003940516631,1.0,1.0526315789473684,552,0.9999999999999997,1.0000000000000004,1.0,1.0,1.0000000000000002,552,552.0,0.0,0.0,0.0,552.0,552.0,0.0,0.0,0.0,0.0,0.0,0.0,1.0,0.0,0.0,552.0,552.0,1.0,0.0,0.0,0.0,0.0,0.0,0.0,0.0,0.0,0.0,0.0,0.0,0.0,0.0,1240.0177475064993
130,7800000000000,4.0,31.0,4.5978535353535355,4.0,5.0,1584,21.0,24.0,23.94823232323232,24.0,24.0,1584,0.0,3.0,0.05176767676767677,0.0,0.0,1584,4.0,8.0,4.234217171717172,4.0,5.0,1584,0.0,160.0,71.4927536231884,68.0,124.0,552,0.0,568.0,214.7536231884058,200.0,424.0,552,1.0,1.0,1.0,1.0,1.0,450,0.9999999999999998,1.0079747676251702,1.0005208606473701,1.0,1.0019886442120587,450,1.0,2.0,1.0284306254808935,1.0,1.1467857142857139,450,0.9999999999999998,2.0530456276975344,1.0218675404182778,1.0000000000000004,1.0949068232828272,450,552.0,0.0,0.0,0.0,552.0,450.0,102.0,0.0,0.0,0.0,0.0,102.0,0.8152173913043478,115.0,0.25555555555555554,552.0,450.0,0.8152173913043478,0.0,0.0,0.0,0.0,102.0,0.18478260869565216,0.0,0.0,0.0,0.0,0.0,0.0,0.0,404.9700163304806
131,7860000000000,4.0,31.0,4.59469696969697,4.0,5.0,1584,21.0,24.0,23.897727272727273,24.0,24.0,1584,0.0,3.0,0.10227272727272728,0.0,1.0,1584,4.0,8.0,4.231060606060606,4.0,5.0,1584,0.0,160.0,71.31884057971014,64.0,128.0,552,0.0,568.0,214.44927536231884,184.0,440.0,552,1.0,1.0,1.0,1.0,1.0,286,0.9999999999999997,1.0159090673297884,1.001020217110415,1.0,1.0043660585726815,286,1.0,2.0,1.0583776792522503,1.0,1.2857142857142858,286,0.9999999999999997,2.8317811569590345,1.0588812110516137,1.007045516361317,1.2757934653130856,286,552.0,0.0,0.0,0.0,552.0,286.0,266.0,0.0,0.0,0.0,0.0,266.0,0.5181159420289855,151.0,0.527972027972028,552.0,286.0,0.5181159420289855,0.0,0.0,0.0,0.0,266.0,0.48188405797101447,0.0,0.0,0.0,0.0,0.0,0.0,0.0,585.7279524207115
132,7920000000000,4.0,32.0,4.590909090909091,4.0,5.0,1584,24.0,24.0,24.0,24.0,24.0,1584,0.0,0.0,0.0,0.0,0.0,1584,4.0,8.0,4.2272727272727275,4.0,5.0,1584,0.0,156.0,70.55072463768116,68.0,124.0,552,0.0,552.0,211.63768115942028,200.0,424.0,552,1.0,1.0,1.0,1.0,1.0,552,0.9999999999999998,1.0000000000000004,1.0,1.0,1.0000000000000002,552,1.0,1.3571428571428572,1.0074498644348104,1.0,1.0511842105263156,552,0.9999999999999998,1.0000000000000004,1.0,1.0,1.0000000000000002,552,552.0,0.0,0.0,0.0,552.0,552.0,0.0,0.0,0.0,0.0,0.0,0.0,1.0,0.0,0.0,552.0,552.0,1.0,0.0,0.0,0.0,0.0,0.0,0.0,0.0,0.0,0.0,0.0,0.0,0.0,0.0,1032.0304166525602
133,7980000000000,4.0,31.0,4.59469696969697,4.0,5.0,1584,21.0,24.0,23.950757575757574,24.0,24.0,1584,0.0,3.0,0.04924242424242424,0.0,0.0,1584,4.0,8.0,4.231060606060606,4.0,5.0,1584,0.0,148.0,69.95652173913044,68.0,124.0,552,0.0,520.0,209.3913043478261,200.0,424.0,552,1.0,1.0,1.0,1.0,1.0,440,0.9999999999999997,1.0000000000000004,1.0,1.0,1.0000000000000002,440,1.0,2.0,1.0321048743937395,1.0,1.1666666666666667,440,0.9999999999999997,2.005875253576756,1.0201215953933527,1.0,1.0902554864998333,440,552.0,0.0,0.0,0.0,552.0,440.0,112.0,0.0,0.0,0.0,0.0,112.0,0.7971014492753623,136.0,0.3090909090909091,552.0,440.0,0.7971014492753623,0.0,0.0,0.0,0.0,112.0,0.2028985507246377,0.0,0.0,0.0,0.0,0.0,0.0,0.0,399.8103067278862
134,8040000000000,4.0,31.0,4.593434343434343,4.0,5.0,1584,21.0,24.0,23.897727272727273,24.0,24.0,1584,0.0,3.0,0.10227272727272728,0.0,1.0,1584,4.0,8.0,4.22979797979798,4.0,5.0,1584,0.0,156.0,70.53623188405797,68.0,124.0,552,0.0,552.0,211.44927536231884,200.0,424.0,552,1.0,1.0,1.0,1.0,1.0,228,0.9999999999999998,1.0035078051204962,1.000247289986421,1.0,1.0009931127840295,228,1.0,1.6666666666666667,1.0565720416449667,1.0,1.25,228,0.9999999999999998,1.5681974715084224,1.0440884940007369,1.000673885614948,1.2042750179514219,228,552.0,0.0,0.0,0.0,552.0,228.0,324.0,0.0,0.0,0.0,0.0,324.0,0.41304347826086957,98.0,0.4298245614035088,552.0,228.0,0.41304347826086957,0.0,0.0,0.0,0.0,324.0,0.5869565217391305,0.0,0.0,0.0,0.0,0.0,0.0,0.0,268.56527104973793
135,8100000000000,4.0,31.0,4.600378787878788,4.0,5.0,1584,24.0,24.0,24.0,24.0,24.0,1584,0.0,0.0,0.0,0.0,0.0,1584,4.0,8.0,4.236742424242424,4.0,5.0,1584,0.0,160.0,70.04347826086956,64.0,124.0,552,0.0,568.0,209.34782608695653,184.0,424.0,552,1.0,1.0,1.0,1.0,1.0,552,0.9999999999999998,1.0000000000000004,1.0,1.0,1.0000000000000002,552,1.0,1.3333333333333333,1.0080178302742246,1.0,1.0643749999999996,552,0.9999999999999998,1.0000000000000004,1.0,1.0,1.0000000000000002,552,552.0,0.0,0.0,0.0,552.0,552.0,0.0,0.0,0.0,0.0,0.0,0.0,1.0,0.0,0.0,552.0,552.0,1.0,0.0,0.0,0.0,0.0,0.0,0.0,0.0,0.0,0.0,0.0,0.0,0.0,0.0,1628.458572551608
136,8160000000000,4.0,32.0,4.590277777777778,4.0,5.0,1584,22.0,24.0,23.940656565656564,24.0,24.0,1584,0.0,2.0,0.059343434343434344,0.0,1.0,1584,4.0,8.0,4.226641414141414,4.0,5.0,1584,0.0,156.0,71.97101449275362,68.0,124.0,552,0.0,552.0,217.05797101449275,200.0,424.0,552,1.0,1.0,1.0,1.0,1.0,387,0.9999999999999997,1.0025494511043596,1.0000543630732455,1.0,1.000090188839128,387,1.0,2.0,1.0304158422241088,1.0,1.1666666666666667,387,0.9999999999999997,2.0439417119542362,1.0231284665892895,1.0,1.108935286420641,387,552.0,0.0,0.0,0.0,552.0,387.0,165.0,0.0,0.0,0.0,0.0,165.0,0.7010869565217391,114.0,0.29457364341085274,552.0,387.0,0.7010869565217391,0.0,0.0,0.0,0.0,165.0,0.29891304347826086,0.0,0.0,0.0,0.0,0.0,0.0,0.0,259.4374995678663
137,8220000000000,4.0,31.0,4.5978535353535355,4.0,5.0,1584,22.0,24.0,23.894570707070706,24.0,24.0,1584,0.0,2.0,0.10542929292929293,0.0,1.0,1584,4.0,8.0,4.234217171717172,4.0,5.0,1584,0.0,156.0,70.91304347826087,68.0,124.0,552,0.0,552.0,213.08695652173913,200.0,424.0,552,1.0,1.0,1.0,1.0,1.0,290,0.9999999999999998,1.0101865859318369,1.0003683178310065,1.0,1.0005589419034004,290,1.0,1.5,1.0567846504546192,1.0,1.2,290,0.9999999999999998,1.4961030860756872,1.0486821345593278,1.017879519582288,1.1900289947075866,290,552.0,0.0,0.0,0.0,552.0,290.0,262.0,0.0,0.0,0.0,0.0,262.0,0.5253623188405797,183.0,0.6310344827586207,552.0,290.0,0.5253623188405797,0.0,0.0,0.0,0.0,262.0,0.4746376811594203,0.0,0.0,0.0,0.0,0.0,0.0,0.0,412.9750970751047
138,8280000000000,4.0,31.0,4.595328282828283,4.0,5.0,1584,24.0,24.0,24.0,24.0,24.0,1584,0.0,0.0,0.0,0.0,0.0,1584,4.0,8.0,4.23169191919192,4.0,5.0,1584,0.0,156.0,70.15942028985508,68.0,124.0,552,0.0,552.0,209.94202898550725,200.0,424.0,552,1.0,1.0,1.0,1.0,1.0,552,0.9999999999999997,1.0000000000000002,1.0,1.0,1.0000000000000002,552,1.0,1.1818181818181819,1.0081034277005105,1.0,1.0714285714285714,552,0.9999999999999997,1.0000000000000002,1.0,1.0,1.0000000000000002,552,552.0,0.0,0.0,0.0,552.0,552.0,0.0,0.0,0.0,0.0,0.0,0.0,1.0,0.0,0.0,552.0,552.0,1.0,0.0,0.0,0.0,0.0,0.0,0.0,0.0,0.0,0.0,0.0,0.0,0.0,0.0,1219.7870630770922
139,8340000000000,4.0,31.0,4.591540404040404,4.0,5.0,1584,21.0,24.0,23.943181818181817,24.0,24.0,1584,0.0,3.0,0.056818181818181816,0.0,1.0,1584,4.0,8.0,4.227904040404041,4.0,5.0,1584,0.0,140.0,69.41304347826087,68.0,124.0,552,0.0,488.0,207.34782608695653,200.0,424.0,552,1.0,1.0,1.0,1.0,1.0,397,0.9999999999999998,1.0091944771196435,1.0005860195119545,1.0,1.0025585978559879,397,1.0,2.0,1.0376636336249725,1.0,1.2,397,0.9999999999999998,1.913219050671107,1.0291939992608772,1.0002928492384433,1.1429191402464034,397,552.0,0.0,0.0,0.0,552.0,397.0,155.0,0.0,0.0,0.0,0.0,155.0,0.7192028985507246,122.0,0.30730478589420657,552.0,397.0,0.7192028985507246,0.0,0.0,0.0,0.0,155.0,0.2807971014492754,0.0,0.0,0.0,0.0,0.0,0.0,0.0,245.58445625007153
140,8400000000000,4.0,32.0,4.59469696969697,4.0,5.0,1584,21.0,24.0,23.89330808080808,24.0,24.0,1584,0.0,3.0,0.10669191919191919,0.0,1.0,1584,4.0,8.0,4.231060606060606,4.0,5.0,1584,0.0,168.0,69.52898550724638,64.0,125.79999999999973,552,0.0,600.0,207.81159420289856,184.0,431.1999999999989,552,1.0,1.0,1.0,1.0,1.0,228,0.9999999999999996,1.0189938876574847,1.001283842042115,1.0,1.0050780886709239,228,1.0,2.0,1.076255865071795,1.0,1.2857142857142858,228,0.9999999999999998,1.9998434463367964,1.0701794641783724,1.0177904522343488,1.2443283650804788,228,552.0,0.0,0.0,0.0,552.0,228.0,324.0,0.0,0.0,0.0,0.0,324.0,0.41304347826086957,140.0,0.6140350877192983,552.0,228.0,0.41304347826086957,0.0,0.0,0.0,0.0,324.0,0.5869565217391305,0.0,0.0,0.0,0.0,0.0,0.0,0.0,433.02144296467304
141,8460000000000,4.0,32.0,4.59469696969697,4.0,5.0,1584,24.0,24.0,24.0,24.0,24.0,1584,0.0,0.0,0.0,0.0,0.0,1584,4.0,8.0,4.231060606060606,4.0,5.0,1584,0.0,156.0,71.8623188405797,68.0,128.0,552,0.0,552.0,217.0144927536232,200.0,440.0,552,1.0,1.0,1.0,1.0,1.0,552,0.9999999999999998,1.0000000000000002,1.0,1.0,1.0000000000000002,552,1.0,1.3333333333333333,1.0070253327380847,1.0,1.0526315789473684,552,0.9999999999999998,1.0000000000000002,1.0,1.0,1.0000000000000002,552,552.0,0.0,0.0,0.0,552.0,552.0,0.0,0.0,0.0,0.0,0.0,0.0,1.0,0.0,0.0,552.0,552.0,1.0,0.0,0.0,0.0,0.0,0.0,0.0,0.0,0.0,0.0,0.0,0.0,0.0,0.0,1228.7807930260897
142,8520000000000,4.0,31.0,4.587752525252525,4.0,5.0,1584,22.0,24.0,23.949494949494948,24.0,24.0,1584,0.0,2.0,0.050505050505050504,0.0,0.0,1584,4.0,8.0,4.224116161616162,4.0,5.0,1584,0.0,156.0,70.43478260869566,68.0,124.0,552,0.0,552.0,210.65217391304347,200.0,424.0,552,1.0,1.0,1.0,1.0,1.0,439,0.9999999999999997,1.0000000000000004,1.0,1.0,1.0000000000000002,439,1.0,2.0,1.0275395854661462,1.0,1.1538461538461537,439,0.9999999999999997,1.9195733148645535,1.0148884588917628,1.0,1.0818919949301797,439,552.0,0.0,0.0,0.0,552.0,439.0,113.0,0.0,0.0,0.0,0.0,113.0,0.7952898550724637,111.0,0.2528473804100228,552.0,439.0,0.7952898550724637,0.0,0.0,0.0,0.0,113.0,0.20471014492753623,0.0,0.0,0.0,0.0,0.0,0.0,0.0,412.7883445471525
143,8580000000000,4.0,31.0,4.600378787878788,4.0,6.0,1584,21.0,24.0,23.900252525252526,24.0,24.0,1584,0.0,3.0,0.09974747474747475,0.0,1.0,1584,4.0,8.0,4.236742424242424,4.0,5.0,1584,0.0,156.0,70.96376811594203,68.0,124.0,552,0.0,552.0,213.15942028985506,200.0,424.0,552,1.0,1.0,1.0,1.0,1.0,261,0.9999999999999997,1.0061726141481289,1.0005254267901702,1.0,1.0020934922735227,261,1.0,2.0,1.0721443290378825,1.0,1.2857142857142858,261,0.9999999999999998,2.4253085345199663,1.0670019948339489,1.0075372966935219,1.3020806053596443,261,552.0,0.0,0.0,0.0,552.0,261.0,291.0,0.0,0.0,0.0,0.0,291.0,0.47282608695652173,141.0,0.5402298850574713,552.0,261.0,0.47282608695652173,0.0,0.0,0.0,0.0,291.0,0.5271739130434783,0.0,0.0,0.0,0.0,0.0,0.0,0.0,403.6156125366688
144,8640000000000,4.0,31.0,4.599116161616162,4.0,6.0,1584,24.0,24.0,24.0,24.0,24.0,1584,0.0,0.0,0.0,0.0,0.0,1584,4.0,8.0,4.235479797979798,4.0,5.0,1584,0.0,160.0,69.81884057971014,64.0,124.0,552,0.0,568.0,208.57971014492753,184.0,424.0,552,1.0,1.0,1.0,1.0,1.0,552,0.9999999999999997,1.0000000000000002,1.0,1.0,1.0,552,1.0,1.3571428571428572,1.0083201563366795,1.0,1.0570261437908495,552,0.9999999999999997,1.0000000000000002,1.0,1.0,1.0,552,552.0,0.0,0.0,0.0,552.0,552.0,0.0,0.0,0.0,0.0,0.0,0.0,1.0,0.0,0.0,552.0,552.0,1.0,0.0,0.0,0.0,0.0,0.0,0.0,0.0,0.0,0.0,0.0,0.0,0.0,0.0,1133.8094174861908
145,8700000000000,4.0,32.0,4.595959595959596,4.0,5.0,1584,21.0,24.0,23.946969696969695,24.0,24.0,1584,0.0,3.0,0.05303030303030303,0.0,0.0,1584,4.0,8.0,4.232323232323233,4.0,5.0,1584,0.0,160.0,70.2463768115942,68.0,124.0,552,0.0,568.0,209.8985507246377,200.0,424.0,552,1.0,1.0,1.0,1.0,1.0,404,0.9999999999999996,1.0059294181535252,1.000173586774108,1.0,1.0008670240176127,404,1.0,2.0,1.0303835978879543,1.0,1.179545454545454,404,0.9999999999999997,2.28620640330907,1.024996844080616,1.0,1.1346052071351918,404,552.0,0.0,0.0,0.0,552.0,404.0,148.0,0.0,0.0,0.0,0.0,148.0,0.7318840579710145,90.0,0.22277227722772278,552.0,404.0,0.7318840579710145,0.0,0.0,0.0,0.0,148.0,0.26811594202898553,0.0,0.0,0.0,0.0,0.0,0.0,0.0,367.62308701872826
146,8760000000000,4.0,31.0,4.596590909090909,4.0,5.0,1584,21.0,24.0,23.898358585858585,24.0,24.0,1584,0.0,3.0,0.10164141414141414,0.0,1.0,1584,4.0,8.0,4.232954545454546,4.0,5.0,1584,0.0,156.0,70.9927536231884,64.0,128.0,552,0.0,552.0,213.14492753623188,184.0,440.0,552,1.0,1.0,1.0,1.0,1.0,307,0.9999999999999998,1.0159313569946693,1.0005354223054839,1.0,1.0022788816876227,307,1.0,1.5,1.0575260438519114,1.0,1.2416666666666665,307,0.9999999999999998,1.5842617391645757,1.0495205593375398,1.0104926500997031,1.2262358016994699,307,552.0,0.0,0.0,0.0,552.0,307.0,245.0,0.0,0.0,0.0,0.0,245.0,0.5561594202898551,170.0,0.5537459283387622,552.0,307.0,0.5561594202898551,0.0,0.0,0.0,0.0,245.0,0.4438405797101449,0.0,0.0,0.0,0.0,0.0,0.0,0.0,425.1439794898033
147,8820000000000,4.0,31.0,4.5896464646464645,4.0,5.0,1584,24.0,24.0,24.0,24.0,24.0,1584,0.0,0.0,0.0,0.0,0.0,1584,4.0,8.0,4.226010101010101,4.0,5.0,1584,0.0,160.0,72.31884057971014,72.0,124.0,552,0.0,568.0,218.57971014492753,216.0,424.0,552,1.0,1.0,1.0,1.0,1.0,552,0.9999999999999997,1.0000000000000004,1.0,1.0,1.0000000000000002,552,1.0,1.3333333333333333,1.007152205494189,1.0,1.043428571428571,552,0.9999999999999997,1.0000000000000004,1.0,1.0,1.0000000000000002,552,552.0,0.0,0.0,0.0,552.0,552.0,0.0,0.0,0.0,0.0,0.0,0.0,1.0,0.0,0.0,552.0,552.0,1.0,0.0,0.0,0.0,0.0,0.0,0.0,0.0,0.0,0.0,0.0,0.0,0.0,0.0,1138.8214509934187
148,8880000000000,4.0,31.0,4.595328282828283,4.0,5.849999999999909,1584,21.0,24.0,23.9520202020202,24.0,24.0,1584,0.0,3.0,0.047979797979797977,0.0,0.0,1584,4.0,8.0,4.23169191919192,4.0,5.0,1584,0.0,148.0,69.70289855072464,68.0,124.0,552,0.0,520.0,208.5072463768116,200.0,424.0,552,1.0,1.0,1.0,1.0,1.0,419,0.9999999999999997,1.0000000000000002,1.0,1.0,1.0,419,1.0,2.0,1.027001560463124,1.0,1.1666666666666667,419,0.9999999999999997,1.8909954785096246,1.021036953919208,1.0,1.1199809467688493,419,552.0,0.0,0.0,0.0,552.0,419.0,133.0,0.0,0.0,0.0,0.0,133.0,0.7590579710144928,101.0,0.24105011933174225,552.0,419.0,0.7590579710144928,0.0,0.0,0.0,0.0,133.0,0.24094202898550723,0.0,0.0,0.0,0.0,0.0,0.0,0.0,415.1100777089596
149,8940000000000,4.0,31.0,4.599747474747475,4.0,5.849999999999909,1584,21.0,24.0,23.90340909090909,24.0,24.0,1584,0.0,3.0,0.09659090909090909,0.0,1.0,1584,4.0,8.0,4.236111111111111,4.0,5.0,1584,0.0,156.0,71.0,68.0,124.0,552,0.0,552.0,213.43478260869566,200.0,424.0,552,1.0,1.0,1.0,1.0,1.0,257,0.9999999999999996,1.0014944977929026,1.0000357175447026,1.0,1.0003186972693856,257,1.0,1.5,1.053765383085693,1.0,1.25,257,0.9999999999999996,1.994887662721569,1.04162522727313,1.0040632144504127,1.1860735824329338,257,552.0,0.0,0.0,0.0,552.0,257.0,295.0,0.0,0.0,0.0,0.0,295.0,0.46557971014492755,129.0,0.5019455252918288,552.0,257.0,0.46557971014492755,0.0,0.0,0.0,0.0,295.0,0.5344202898550725,0.0,0.0,0.0,0.0,0.0,0.0,0.0,265.2021236717701
150,9000000000000,4.0,32.0,4.5978535353535355,4.0,5.0,1584,24.0,24.0,24.0,24.0,24.0,1584,0.0,0.0,0.0,0.0,0.0,1584,4.0,8.0,4.234217171717172,4.0,5.0,1584,0.0,156.0,69.80434782608695,64.0,124.0,552,0.0,552.0,208.3913043478261,184.0,424.0,552,1.0,1.0,1.0,1.0,1.0,552,0.9999999999999997,1.0000000000000002,1.0,1.0,1.0000000000000002,552,1.0,1.3333333333333333,1.0072651175253737,1.0,1.0588235294117647,552,0.9999999999999997,1.0000000000000002,1.0,1.0,1.0000000000000002,552,552.0,0.0,0.0,0.0,552.0,552.0,0.0,0.0,0.0,0.0,0.0,0.0,1.0,0.0,0.0,552.0,552.0,1.0,0.0,0.0,0.0,0.0,0.0,0.0,0.0,0.0,0.0,0.0,0.0,0.0,0.0,1197.598246857524
151,9060000000000,4.0,32.0,4.592171717171717,4.0,5.0,1584,22.0,24.0,23.94381313131313,24.0,24.0,1584,0.0,2.0,0.05618686868686869,0.0,1.0,1584,4.0,8.0,4.228535353535354,4.0,5.0,1584,0.0,156.0,71.26086956521739,68.0,128.0,552,0.0,552.0,214.34782608695653,200.0,440.0,552,1.0,1.0,1.0,1.0,1.0,432,0.9999999999999997,1.0003468856872124,1.0000046307902142,1.0,1.0000000000000002,432,1.0,2.0,1.0303632318458522,1.0,1.1666666666666667,432,0.9999999999999998,1.8370942482081214,1.0214418287030211,1.0,1.1097834781327462,432,552.0,0.0,0.0,0.0,552.0,432.0,120.0,0.0,0.0,0.0,0.0,120.0,0.782608695652174,113.0,0.26157407407407407,552.0,432.0,0.782608695652174,0.0,0.0,0.0,0.0,120.0,0.21739130434782608,0.0,0.0,0.0,0.0,0.0,0.0,0.0,230.8418694883585
152,9120000000000,4.0,32.0,4.594065656565657,4.0,5.0,1584,22.0,24.0,23.896464646464647,24.0,24.0,1584,0.0,2.0,0.10353535353535354,0.0,1.0,1584,4.0,8.0,4.230429292929293,4.0,5.0,1584,0.0,156.0,71.1086956521739,68.0,124.0,552,0.0,552.0,213.7391304347826,200.0,424.0,552,1.0,1.0,1.0,1.0,1.0,258,0.9999999999999998,1.0089189681082953,1.0008410880324792,1.0,1.0032055519973613,258,1.0,1.6666666666666667,1.0629296198840676,1.0,1.2857142857142858,258,0.9999999999999998,1.9964245761976762,1.0552355865845746,1.007149362525145,1.2306811802635278,258,552.0,0.0,0.0,0.0,552.0,258.0,294.0,0.0,0.0,0.0,0.0,294.0,0.4673913043478261,131.0,0.5077519379844961,552.0,258.0,0.4673913043478261,0.0,0.0,0.0,0.0,294.0,0.532608695652174,0.0,0.0,0.0,0.0,0.0,0.0,0.0,425.225168466568
153,9180000000000,4.0,31.0,4.591540404040404,4.0,5.0,1584,24.0,24.0,24.0,24.0,24.0,1584,0.0,0.0,0.0,0.0,0.0,1584,4.0,8.0,4.227904040404041,4.0,5.0,1584,0.0,148.0,69.3913043478261,64.0,124.0,552,0.0,520.0,207.1304347826087,184.0,424.0,552,1.0,1.0,1.0,1.0,1.0,552,0.9999999999999998,1.0000000000000004,1.0,1.0,1.0000000000000002,552,1.0,1.3571428571428572,1.0072143351805904,1.0,1.0407499999999998,552,0.9999999999999998,1.0000000000000004,1.0,1.0,1.0000000000000002,552,552.0,0.0,0.0,0.0,552.0,552.0,0.0,0.0,0.0,0.0,0.0,0.0,1.0,0.0,0.0,552.0,552.0,1.0,0.0,0.0,0.0,0.0,0.0,0.0,0.0,0.0,0.0,0.0,0.0,0.0,0.0,1382.0737972855568
154,9240000000000,4.0,31.0,4.5978535353535355,4.0,5.849999999999909,1584,21.0,24.0,23.946969696969695,24.0,24.0,1584,0.0,3.0,0.05303030303030303,0.0,0.0,1584,4.0,8.0,4.234217171717172,4.0,5.0,1584,0.0,152.0,70.07971014492753,68.0,124.0,552,0.0,536.0,209.8840579710145,200.0,424.0,552,1.0,1.0,1.0,1.0,1.0,394,0.9999999999999996,1.00715665288801,1.0002764845624197,1.0,1.0017368284604349,394,1.0,2.0,1.0337345551082975,1.0,1.1818181818181819,394,0.9999999999999996,1.9181224272472144,1.0216734210527232,1.0,1.1270103905152118,394,552.0,0.0,0.0,0.0,552.0,394.0,158.0,0.0,0.0,0.0,0.0,158.0,0.7137681159420289,119.0,0.3020304568527919,552.0,394.0,0.7137681159420289,0.0,0.0,0.0,0.0,158.0,0.286231884057971,0.0,0.0,0.0,0.0,0.0,0.0,0.0,269.6327939629555
155,9300000000000,4.0,32.0,4.597222222222222,4.0,5.0,1584,21.0,24.0,23.89709595959596,24.0,24.0,1584,0.0,3.0,0.1029040404040404,0.0,1.0,1584,4.0,8.0,4.233585858585859,4.0,5.0,1584,0.0,156.0,70.42753623188406,64.0,128.0,552,0.0,552.0,211.0144927536232,184.0,440.0,552,1.0,1.0,1.0,1.0,1.0,296,0.9999999999999997,1.017219751300902,1.0007687748120708,1.0,1.0069457755298177,296,1.0,2.0,1.0531125397397922,1.0,1.2291666666666667,296,0.9999999999999998,1.9218893403538349,1.0478070411970017,1.0000000000000002,1.182198930464266,296,552.0,0.0,0.0,0.0,552.0,296.0,256.0,0.0,0.0,0.0,0.0,256.0,0.5362318840579711,134.0,0.4527027027027027,552.0,296.0,0.5362318840579711,0.0,0.0,0.0,0.0,256.0,0.463768115942029,0.0,0.0,0.0,0.0,0.0,0.0,0.0,413.62322494387627
156,9360000000000,4.0,32.0,4.593434343434343,4.0,5.0,1584,24.0,24.0,24.0,24.0,24.0,1584,0.0,0.0,0.0,0.0,0.0,1584,4.0,8.0,4.22979797979798,4.0,5.0,1584,0.0,160.0,70.92753623188406,68.0,124.0,552,0.0,568.0,213.0144927536232,200.0,424.0,552,1.0,1.0,1.0,1.0,1.0,552,0.9999999999999998,1.0000000000000004,1.0,1.0,1.0000000000000002,552,1.0,1.3333333333333333,1.0091339025265822,1.0,1.0726190476190474,552,0.9999999999999998,1.0000000000000004,1.0,1.0,1.0000000000000002,552,552.0,0.0,0.0,0.0,552.0,552.0,0.0,0.0,0.0,0.0,0.0,0.0,1.0,0.0,0.0,552.0,552.0,1.0,0.0,0.0,0.0,0.0,0.0,0.0,0.0,0.0,0.0,0.0,0.0,0.0,0.0,1052.0896706730127
157,9420000000000,4.0,31.0,4.5896464646464645,4.0,5.0,1584,22.0,24.0,23.950757575757574,24.0,24.0,1584,0.0,2.0,0.04924242424242424,0.0,0.0,1584,4.0,8.0,4.226010101010101,4.0,5.0,1584,0.0,164.0,70.76811594202898,68.0,124.0,552,0.0,584.0,212.1159420289855,200.0,424.0,552,1.0,1.0,1.0,1.0,1.0,421,0.9999999999999998,1.0000000000000002,1.0,1.0,1.0000000000000002,421,1.0,1.5,1.0214898219838549,1.0,1.1666666666666667,421,0.9999999999999998,2.0413418231463063,1.0149465680922867,1.0,1.0767423330554842,421,552.0,0.0,0.0,0.0,552.0,421.0,131.0,0.0,0.0,0.0,0.0,131.0,0.7626811594202898,83.0,0.19714964370546317,552.0,421.0,0.7626811594202898,0.0,0.0,0.0,0.0,131.0,0.23731884057971014,0.0,0.0,0.0,0.0,0.0,0.0,0.0,449.8645681887865
158,9480000000000,4.0,31.0,4.595959595959596,4.0,5.0,1584,21.0,24.0,23.898358585858585,24.0,24.0,1584,0.0,3.0,0.10164141414141414,0.0,1.0,1584,4.0,8.0,4.232323232323233,4.0,5.0,1584,0.0,164.0,71.22463768115942,68.0,124.0,552,0.0,584.0,213.94202898550725,200.0,424.0,552,1.0,1.0,1.0,1.0,1.0,254,0.9999999999999998,1.003630945470289,1.0001032004505763,1.0,1.0000000000000002,254,1.0,2.0,1.0580076458469103,1.0,1.2624999999999997,254,0.9999999999999998,2.510090075753619,1.053134757342612,1.012698762302041,1.1918239286466161,254,552.0,0.0,0.0,0.0,552.0,254.0,298.0,0.0,0.0,0.0,0.0,298.0,0.4601449275362319,134.0,0.5275590551181102,552.0,254.0,0.4601449275362319,0.0,0.0,0.0,0.0,298.0,0.5398550724637681,0.0,0.0,0.0,0.0,0.0,0.0,0.0,456.5838351845741
159,9540000000000,4.0,31.0,4.598484848484849,4.0,5.849999999999909,1584,24.0,24.0,24.0,24.0,24.0,1584,0.0,0.0,0.0,0.0,0.0,1584,4.0,8.0,4.234848484848484,4.0,5.0,1584,0.0,156.0,69.68840579710145,64.0,124.0,552,0.0,552.0,208.18840579710144,184.0,424.0,552,1.0,1.0,1.0,1.0,1.0,552,0.9999999999999996,1.0000000000000004,1.0,1.0,1.0000000000000002,552,1.0,1.3333333333333333,1.0091324705545122,1.0,1.0699999999999996,552,0.9999999999999996,1.0000000000000004,1.0,1.0,1.0000000000000002,552,552.0,0.0,0.0,0.0,552.0,552.0,0.0,0.0,0.0,0.0,0.0,0.0,1.0,0.0,0.0,552.0,552.0,1.0,0.0,0.0,0.0,0.0,0.0,0.0,0.0,0.0,0.0,0.0,0.0,0.0,0.0,1104.19393889606
160,9600000000000,4.0,32.0,4.594065656565657,4.0,5.0,1584,21.0,24.0,23.94570707070707,24.0,24.0,1584,0.0,3.0,0.054292929292929296,0.0,0.849999999999909,1584,4.0,8.0,4.230429292929293,4.0,5.0,1584,0.0,156.0,70.6304347826087,68.0,124.0,552,0.0,552.0,211.30434782608697,200.0,424.0,552,1.0,1.0,1.0,1.0,1.0,442,0.9999999999999996,1.0036264705054536,1.0002184040160391,1.0,1.0007839412006518,442,1.0,1.5,1.025973872210508,1.0,1.1428571428571428,442,0.9999999999999996,2.4099673991321158,1.0165660178868172,1.0000000000000002,1.0860386264760788,442,552.0,0.0,0.0,0.0,552.0,442.0,110.0,0.0,0.0,0.0,0.0,110.0,0.8007246376811594,106.0,0.2398190045248869,552.0,442.0,0.8007246376811594,0.0,0.0,0.0,0.0,110.0,0.19927536231884058,0.0,0.0,0.0,0.0,0.0,0.0,0.0,452.6400100439787
161,9660000000000,4.0,31.0,4.600378787878788,4.0,5.0,1584,21.0,24.0,23.900252525252526,24.0,24.0,1584,0.0,3.0,0.09974747474747475,0.0,1.0,1584,4.0,8.0,4.236742424242424,4.0,5.0,1584,0.0,156.0,71.53623188405797,68.0,125.79999999999973,552,0.0,552.0,215.57971014492753,200.0,431.1999999999989,552,1.0,1.0,1.0,1.0,1.0,280,0.9999999999999998,1.0135114031767336,1.0009004358238567,1.0,1.0034183599956747,280,1.0,2.0,1.0533311625219683,1.0,1.25,280,0.9999999999999998,2.7660950190506224,1.055294483726346,1.0035251610192815,1.2329677102480727,280,552.0,0.0,0.0,0.0,552.0,280.0,272.0,0.0,0.0,0.0,0.0,272.0,0.5072463768115942,136.0,0.4857142857142857,552.0,280.0,0.5072463768115942,0.0,0.0,0.0,0.0,272.0,0.4927536231884058,0.0,0.0,0.0,0.0,0.0,0.0,0.0,360.9519246965647
162,9720000000000,4.0,31.0,4.590909090909091,4.0,5.0,1584,24.0,24.0,24.0,24.0,24.0,1584,0.0,0.0,0.0,0.0,0.0,1584,4.0,8.0,4.2272727272727275,4.0,5.0,1584,0.0,152.0,71.09420289855072,68.0,124.0,552,0.0,536.0,213.68115942028984,200.0,424.0,552,1.0,1.0,1.0,1.0,1.0,552,0.9999999999999997,1.0000000000000002,1.0,1.0,1.0000000000000002,552,1.0,1.3333333333333333,1.0095409111587186,1.0,1.0714285714285714,552,0.9999999999999997,1.0000000000000002,1.0,1.0,1.0000000000000002,552,552.0,0.0,0.0,0.0,552.0,552.0,0.0,0.0,0.0,0.0,0.0,0.0,1.0,0.0,0.0,552.0,552.0,1.0,0.0,0.0,0.0,0.0,0.0,0.0,0.0,0.0,0.0,0.0,0.0,0.0,0.0,1055.7240806519985
163,9780000000000,4.0,31.0,4.59469696969697,4.0,5.0,1584,21.0,24.0,23.950757575757574,24.0,24.0,1584,0.0,3.0,0.04924242424242424,0.0,0.0,1584,4.0,8.0,4.231060606060606,4.0,5.0,1584,0.0,144.0,69.0,68.0,124.0,552,0.0,504.0,205.69565217391303,200.0,424.0,552,1.0,1.0,1.0,1.0,1.0,447,0.9999999999999998,1.0012828705905221,1.0000062038502706,1.0,1.0000000000000002,447,1.0,2.0,1.0337731266483172,1.0,1.1628205128205127,447,0.9999999999999998,1.8463817608199395,1.0227608155231238,1.0,1.0997091525134817,447,552.0,0.0,0.0,0.0,552.0,447.0,105.0,0.0,0.0,0.0,0.0,105.0,0.8097826086956522,137.0,0.30648769574944074,552.0,447.0,0.8097826086956522,0.0,0.0,0.0,0.0,105.0,0.19021739130434784,0.0,0.0,0.0,0.0,0.0,0.0,0.0,471.8763902783394
164,9840000000000,4.0,31.0,4.599116161616162,4.0,5.0,1584,21.0,24.0,23.89962121212121,24.0,24.0,1584,0.0,3.0,0.10037878787878787,0.0,1.0,1584,4.0,8.0,4.235479797979798,4.0,5.0,1584,0.0,156.0,70.84057971014492,68.0,124.0,552,0.0,552.0,212.79710144927537,200.0,424.0,552,1.0,1.0,1.0,1.0,1.0,299,0.9999999999999997,1.0040672541794697,1.0000334210891624,1.0,1.0000000000000002,299,1.0,1.6666666666666667,1.0601087042924338,1.0,1.2249999999999992,299,0.9999999999999998,1.6614726935536384,1.051725531775792,1.0089467301260087,1.1969677966379786,299,552.0,0.0,0.0,0.0,552.0,299.0,253.0,0.0,0.0,0.0,0.0,253.0,0.5416666666666666,165.0,0.5518394648829431,552.0,299.0,0.5416666666666666,0.0,0.0,0.0,0.0,253.0,0.4583333333333333,0.0,0.0,0.0,0.0,0.0,0.0,0.0,278.32859940826893
165,9900000000000,4.0,32.0,4.599747474747475,4.0,5.0,1584,24.0,24.0,24.0,24.0,24.0,1584,0.0,0.0,0.0,0.0,0.0,1584,4.0,8.0,4.236111111111111,4.0,5.0,1584,0.0,160.0,70.26811594202898,64.0,124.0,552,0.0,568.0,210.5072463768116,184.0,424.0,552,1.0,1.0,1.0,1.0,1.0,552,0.9999999999999997,1.0000000000000002,1.0,1.0,1.0,552,1.0,1.3333333333333333,1.0083765144110672,1.0,1.0643749999999996,552,0.9999999999999997,1.0000000000000002,1.0,1.0,1.0,552,552.0,0.0,0.0,0.0,552.0,552.0,0.0,0.0,0.0,0.0,0.0,0.0,1.0,0.0,0.0,552.0,552.0,1.0,0.0,0.0,0.0,0.0,0.0,0.0,0.0,0.0,0.0,0.0,0.0,0.0,0.0,1262.0557751506567
166,9960000000000,4.0,32.0,4.586489898989899,4.0,5.0,1584,22.0,24.0,23.94191919191919,24.0,24.0,1584,0.0,2.0,0.05808080808080808,0.0,1.0,1584,4.0,8.0,4.2228535353535355,4.0,5.0,1584,0.0,160.0,71.47826086956522,68.0,128.0,552,0.0,568.0,215.47826086956522,200.0,440.0,552,1.0,1.0,1.0,1.0,1.0,417,0.9999999999999997,1.0000000000000002,1.0,1.0,1.0000000000000002,417,1.0,1.5,1.0240030574916943,1.0,1.1352380952380952,417,0.9999999999999997,2.0154579563441195,1.01411105961185,1.0,1.0725861951806883,417,552.0,0.0,0.0,0.0,552.0,417.0,135.0,0.0,0.0,0.0,0.0,135.0,0.7554347826086957,94.0,0.22541966426858512,552.0,417.0,0.7554347826086957,0.0,0.0,0.0,0.0,135.0,0.24456521739130435,0.0,0.0,0.0,0.0,0.0,0.0,0.0,244.13888342678547
167,10020000000000,4.0,30.0,4.583964646464646,4.0,5.0,1584,22.0,24.0,23.89962121212121,24.0,24.0,1584,0.0,2.0,0.10037878787878787,0.0,1.0,1584,4.0,8.0,4.235479797979798,4.0,5.0,1584,0.0,152.0,71.1304347826087,68.0,124.0,552,0.0,536.0,213.69565217391303,200.0,424.0,552,1.0,1.0,1.0,1.0,1.0,306,0.9999999999999998,1.0067247940083113,1.0002139948042263,1.0,1.000635491971178,306,1.0,1.5,1.0420239534934497,1.0,1.1780303030303032,306,0.9999999999999998,1.544832228847323,1.0373202013682232,1.005640043481562,1.1421421912528347,306,552.0,0.0,0.0,0.0,552.0,306.0,246.0,0.0,0.0,0.0,0.0,246.0,0.5543478260869565,160.0,0.5228758169934641,552.0,306.0,0.5543478260869565,0.0,0.0,0.0,0.0,246.0,0.44565217391304346,0.0,0.0,0.0,0.0,0.0,0.0,0.0,273.36407639086246
168,10080000000000,4.0,30.0,4.59280303030303,4.0,5.0,1584,24.0,24.0,24.0,24.0,24.0,1584,0.0,0.0,0.0,0.0,0.0,1584,4.0,8.0,4.229166666666667,4.0,5.0,1584,0.0,164.0,70.58695652173913,68.0,124.0,552,0.0,584.0,211.52173913043478,200.0,424.0,552,1.0,1.0,1.0,1.0,1.0,552,0.9999999999999998,1.0000000000000002,1.0,1.0,1.0000000000000002,552,1.0,1.3333333333333333,1.0075572168399387,1.0,1.0666666666666667,552,0.9999999999999998,1.0000000000000002,1.0,1.0,1.0000000000000002,552,552.0,0.0,0.0,0.0,552.0,552.0,0.0,0.0,0.0,0.0,0.0,0.0,1.0,0.0,0.0,552.0,552.0,1.0,0.0,0.0,0.0,0.0,0.0,0.0,0.0,0.0,0.0,0.0,0.0,0.0,0.0,1411.8176884949207
169,10140000000000,4.0,31.0,4.595328282828283,4.0,5.0,1584,21.0,24.0,23.94570707070707,24.0,24.0,1584,0.0,3.0,0.054292929292929296,0.0,0.849999999999909,1584,4.0,8.0,4.23169191919192,4.0,5.0,1584,0.0,164.0,70.78985507246377,68.0,124.0,552,0.0,584.0,211.94202898550725,200.0,424.0,552,1.0,1.0,1.0,1.0,1.0,421,0.9999999999999998,1.0065609710040573,1.0004325135397638,1.0,1.0017002609494359,421,1.0,2.0,1.030906997139943,1.0,1.1428571428571428,421,0.9999999999999998,2.004518802703506,1.020968786077884,1.0000000000000002,1.0828091259012913,421,552.0,0.0,0.0,0.0,552.0,421.0,131.0,0.0,0.0,0.0,0.0,131.0,0.7626811594202898,104.0,0.24703087885985747,552.0,421.0,0.7626811594202898,0.0,0.0,0.0,0.0,131.0,0.23731884057971014,0.0,0.0,0.0,0.0,0.0,0.0,0.0,284.09759886562824
170,10200000000000,4.0,32.0,4.59469696969697,4.0,5.0,1584,21.0,24.0,23.898358585858585,24.0,24.0,1584,0.0,3.0,0.10164141414141414,0.0,1.0,1584,4.0,8.0,4.231060606060606,4.0,5.0,1584,0.0,160.0,71.16666666666667,64.0,125.79999999999973,552,0.0,568.0,214.1014492753623,184.0,431.1999999999989,552,1.0,1.0,1.0,1.0,1.0,281,0.9999999999999997,1.0147378202748927,1.0010476269483335,1.0,1.0044051389104036,281,1.0,2.0,1.0540824757630223,1.0,1.2857142857142858,281,0.9999999999999997,2.5020467079239643,1.0581571986921183,1.008961934892199,1.2813880553708215,281,552.0,0.0,0.0,0.0,552.0,281.0,271.0,0.0,0.0,0.0,0.0,271.0,0.5090579710144928,145.0,0.5160142348754448,552.0,281.0,0.5090579710144928,0.0,0.0,0.0,0.0,271.0,0.49094202898550726,0.0,0.0,0.0,0.0,0.0,0.0,0.0,443.24603863060474
171,10260000000000,4.0,32.0,4.590909090909091,4.0,5.0,1584,24.0,24.0,24.0,24.0,24.0,1584,0.0,0.0,0.0,0.0,0.0,1584,4.0,8.0,4.2272727272727275,4.0,5.0,1584,0.0,156.0,70.57246376811594,68.0,124.0,552,0.0,552.0,211.7246376811594,200.0,424.0,552,1.0,1.0,1.0,1.0,1.0,552,0.9999999999999997,1.0000000000000004,1.0,1.0,1.0000000000000002,552,1.0,1.3333333333333333,1.0074520373040745,1.0,1.0570261437908495,552,0.9999999999999997,1.0000000000000004,1.0,1.0,1.0000000000000002,552,552.0,0.0,0.0,0.0,552.0,552.0,0.0,0.0,0.0,0.0,0.0,0.0,1.0,0.0,0.0,552.0,552.0,1.0,0.0,0.0,0.0,0.0,0.0,0.0,0.0,0.0,0.0,0.0,0.0,0.0,0.0,952.6911154389381
172,10320000000000,4.0,31.0,4.592171717171717,4.0,5.849999999999909,1584,21.0,24.0,23.950126262626263,24.0,24.0,1584,0.0,3.0,0.049873737373737376,0.0,0.0,1584,4.0,8.0,4.228535353535354,4.0,5.0,1584,0.0,148.0,70.97826086956522,68.0,124.0,552,0.0,520.0,213.2173913043478,200.0,424.0,552,1.0,1.0,1.0,1.0,1.0,441,0.9999999999999998,1.0000000000000004,1.0,1.0,1.0000000000000002,441,1.0,2.0,1.0355976133503308,1.0,1.1818181818181819,441,0.9999999999999998,1.9683239515117077,1.0220846499448617,1.0,1.103997395718539,441,552.0,0.0,0.0,0.0,552.0,441.0,111.0,0.0,0.0,0.0,0.0,111.0,0.7989130434782609,141.0,0.3197278911564626,552.0,441.0,0.7989130434782609,0.0,0.0,0.0,0.0,111.0,0.20108695652173914,0.0,0.0,0.0,0.0,0.0,0.0,0.0,383.64075496792793
173,10380000000000,4.0,31.0,4.599747474747475,4.0,5.0,1584,21.0,24.0,23.900883838383837,24.0,24.0,1584,0.0,3.0,0.09911616161616162,0.0,1.0,1584,4.0,8.0,4.236111111111111,4.0,5.0,1584,0.0,144.0,70.20289855072464,68.0,124.0,552,0.0,504.0,210.1159420289855,200.0,424.0,552,1.0,1.0,1.0,1.0,1.0,233,0.9999999999999997,1.0024729482912818,1.000157830621864,1.0,1.0007251172717748,233,1.0,1.6666666666666667,1.0538940654743163,1.0,1.2333333333333327,233,0.9999999999999998,1.617939159823885,1.0467763393989067,1.0004294169493448,1.2372438423514844,233,552.0,0.0,0.0,0.0,552.0,233.0,319.0,0.0,0.0,0.0,0.0,319.0,0.4221014492753623,100.0,0.4291845493562232,552.0,233.0,0.4221014492753623,0.0,0.0,0.0,0.0,319.0,0.5778985507246377,0.0,0.0,0.0,0.0,0.0,0.0,0.0,396.39891870319843
174,10440000000000,4.0,32.0,4.600378787878788,4.0,5.849999999999909,1584,24.0,24.0,24.0,24.0,24.0,1584,0.0,0.0,0.0,0.0,0.0,1584,4.0,8.0,4.236742424242424,4.0,5.0,1584,0.0,160.0,70.1159420289855,64.0,125.79999999999973,552,0.0,568.0,209.768115942029,184.0,431.1999999999989,552,1.0,1.0,1.0,1.0,1.0,552,0.9999999999999998,1.0000000000000002,1.0,1.0,1.0000000000000002,552,1.0,1.3333333333333333,1.0084177247637929,1.0,1.0666666666666667,552,0.9999999999999998,1.0000000000000002,1.0,1.0,1.0000000000000002,552,552.0,0.0,0.0,0.0,552.0,552.0,0.0,0.0,0.0,0.0,0.0,0.0,1.0,0.0,0.0,552.0,552.0,1.0,0.0,0.0,0.0,0.0,0.0,0.0,0.0,0.0,0.0,0.0,0.0,0.0,0.0,1183.484148234129
175,10500000000000,4.0,32.0,4.59280303030303,4.0,5.0,1584,21.0,24.0,23.943181818181817,24.0,24.0,1584,0.0,3.0,0.056818181818181816,0.0,1.0,1584,4.0,8.0,4.229166666666667,4.0,5.0,1584,0.0,156.0,71.56521739130434,68.0,128.0,552,0.0,552.0,215.56521739130434,200.0,440.0,552,1.0,1.0,1.0,1.0,1.0,409,0.9999999999999996,1.0012539064903998,1.0000164916235015,1.0,1.0000000000000002,409,1.0,2.0,1.0272708934235513,1.0,1.1666666666666667,409,0.9999999999999996,1.982239272681977,1.0199606568242978,1.0,1.10212137689571,409,552.0,0.0,0.0,0.0,552.0,409.0,143.0,0.0,0.0,0.0,0.0,143.0,0.7409420289855072,117.0,0.2860635696821516,552.0,409.0,0.7409420289855072,0.0,0.0,0.0,0.0,143.0,0.25905797101449274,0.0,0.0,0.0,0.0,0.0,0.0,0.0,399.8067583888769
176,10560000000000,4.0,31.0,4.598484848484849,4.0,5.0,1584,21.0,24.0,23.89709595959596,24.0,24.0,1584,0.0,3.0,0.1029040404040404,0.0,1.0,1584,4.0,8.0,4.234848484848484,4.0,5.0,1584,0.0,156.0,70.03623188405797,68.0,121.79999999999973,552,0.0,552.0,209.57971014492753,200.0,415.1999999999989,552,1.0,1.0,1.0,1.0,1.0,300,0.9999999999999998,1.009084166964385,1.0003278950194685,1.0,1.000045625542371,300,1.0,1.5,1.0545942819503755,1.0,1.25,300,0.9999999999999998,1.5545728566292636,1.053603314898156,1.0169810681969431,1.2281348310210185,300,552.0,0.0,0.0,0.0,552.0,300.0,252.0,0.0,0.0,0.0,0.0,252.0,0.5434782608695652,175.0,0.5833333333333334,552.0,300.0,0.5434782608695652,0.0,0.0,0.0,0.0,252.0,0.45652173913043476,0.0,0.0,0.0,0.0,0.0,0.0,0.0,370.80705165863037
177,10620000000000,4.0,31.0,4.594065656565657,4.0,5.0,1584,24.0,24.0,24.0,24.0,24.0,1584,0.0,0.0,0.0,0.0,0.0,1584,4.0,8.0,4.230429292929293,4.0,5.0,1584,0.0,156.0,70.08695652173913,64.0,124.0,552,0.0,552.0,209.91304347826087,184.0,424.0,552,1.0,1.0,1.0,1.0,1.0,552,0.9999999999999997,1.0000000000000002,1.0,1.0,1.0000000000000002,552,1.0,1.2222222222222223,1.0065458739281539,1.0,1.0654838709677417,552,0.9999999999999997,1.0000000000000002,1.0,1.0,1.0000000000000002,552,552.0,0.0,0.0,0.0,552.0,552.0,0.0,0.0,0.0,0.0,0.0,0.0,1.0,0.0,0.0,552.0,552.0,1.0,0.0,0.0,0.0,0.0,0.0,0.0,0.0,0.0,0.0,0.0,0.0,0.0,0.0,1171.4147049933672
178,10680000000000,4.0,31.0,4.59280303030303,4.0,5.0,1584,21.0,24.0,23.94191919191919,24.0,24.0,1584,0.0,3.0,0.05808080808080808,0.0,1.0,1584,4.0,8.0,4.229166666666667,4.0,5.0,1584,0.0,156.0,70.1304347826087,68.0,124.0,552,0.0,552.0,209.95652173913044,200.0,424.0,552,1.0,1.0,1.0,1.0,1.0,386,0.9999999999999997,1.0086097523254793,1.0005809715168195,1.0,1.0022619732563776,386,1.0,2.0,1.0422203592036197,1.0,1.1954545454545453,386,0.9999999999999998,1.9898887352859305,1.031981674152521,1.0005216202615004,1.1353836139385256,386,552.0,0.0,0.0,0.0,552.0,386.0,166.0,0.0,0.0,0.0,0.0,166.0,0.6992753623188406,122.0,0.3160621761658031,552.0,386.0,0.6992753623188406,0.0,0.0,0.0,0.0,166.0,0.3007246376811594,0.0,0.0,0.0,0.0,0.0,0.0,0.0,450.6845213472843
179,10740000000000,4.0,32.0,4.597222222222222,4.0,5.0,1584,21.0,24.0,23.896464646464647,24.0,24.0,1584,0.0,3.0,0.10353535353535354,0.0,1.0,1584,4.0,8.0,4.233585858585859,4.0,5.0,1584,0.0,160.0,70.06521739130434,64.0,124.0,552,0.0,568.0,209.95652173913044,184.0,424.0,552,1.0,1.0,1.0,1.0,1.0,247,0.9999999999999998,1.0178407899309672,1.00116982106699,1.0,1.0049363064639103,247,1.0,2.0,1.0769221219796874,1.0357142857142858,1.3190476190476186,247,0.9999999999999998,2.313882708552916,1.0726361077953337,1.0131807792565455,1.2890180168885401,247,552.0,0.0,0.0,0.0,552.0,247.0,305.0,0.0,0.0,0.0,0.0,305.0,0.447463768115942,156.0,0.631578947368421,552.0,247.0,0.447463768115942,0.0,0.0,0.0,0.0,305.0,0.552536231884058,0.0,0.0,0.0,0.0,0.0,0.0,0.0,223.53313863277435
180,10800000000000,4.0,32.0,4.594065656565657,4.0,5.0,1584,24.0,24.0,24.0,24.0,24.0,1584,0.0,0.0,0.0,0.0,0.0,1584,4.0,8.0,4.230429292929293,4.0,5.0,1584,0.0,156.0,71.84782608695652,68.0,128.0,552,0.0,552.0,216.82608695652175,200.0,440.0,552,1.0,1.0,1.0,1.0,1.0,552,0.9999999999999997,1.0000000000000004,1.0,1.0,1.0000000000000002,552,1.0,1.3333333333333333,1.006144036996263,1.0,1.045341614906832,552,0.9999999999999997,1.0000000000000004,1.0,1.0,1.0000000000000002,552,552.0,0.0,0.0,0.0,552.0,552.0,0.0,0.0,0.0,0.0,0.0,0.0,1.0,0.0,0.0,552.0,552.0,1.0,0.0,0.0,0.0,0.0,0.0,0.0,0.0,0.0,0.0,0.0,0.0,0.0,0.0,1194.5153251290321
181,10860000000000,4.0,31.0,4.589015151515151,4.0,5.0,1584,22.0,24.0,23.950126262626263,24.0,24.0,1584,0.0,2.0,0.049873737373737376,0.0,0.0,1584,4.0,8.0,4.225378787878788,4.0,5.0,1584,0.0,156.0,70.80434782608695,68.0,124.0,552,0.0,552.0,212.3913043478261,200.0,424.0,552,1.0,1.0,1.0,1.0,1.0,445,0.9999999999999997,1.0000000000000004,1.0,1.0,1.0000000000000002,445,1.0,2.0,1.0264848552547952,1.0,1.1428571428571428,445,0.9999999999999997,1.8863604316902245,1.0145137601573653,1.0,1.0804882567411123,445,552.0,0.0,0.0,0.0,552.0,445.0,107.0,0.0,0.0,0.0,0.0,107.0,0.8061594202898551,121.0,0.27191011235955054,552.0,445.0,0.8061594202898551,0.0,0.0,0.0,0.0,107.0,0.19384057971014493,0.0,0.0,0.0,0.0,0.0,0.0,0.0,281.4761344343424
182,10920000000000,4.0,31.0,4.595328282828283,4.0,5.0,1584,22.0,24.0,23.902146464646464,24.0,24.0,1584,0.0,2.0,0.09785353535353536,0.0,1.0,1584,4.0,8.0,4.23169191919192,4.0,5.0,1584,0.0,156.0,71.3623188405797,68.0,124.0,552,0.0,552.0,214.7536231884058,200.0,424.0,552,1.0,1.0,1.0,1.0,1.0,267,0.9999999999999998,1.0060617912959866,1.0003866832856052,1.0,1.0017006061695537,267,1.0,1.6666666666666667,1.0528866739578968,1.0,1.2155555555555553,267,0.9999999999999998,1.7506707199664315,1.0482956821794278,1.0011542801058193,1.1952619438314929,267,552.0,0.0,0.0,0.0,552.0,267.0,285.0,0.0,0.0,0.0,0.0,285.0,0.483695652173913,122.0,0.45692883895131087,552.0,267.0,0.483695652173913,0.0,0.0,0.0,0.0,285.0,0.5163043478260869,0.0,0.0,0.0,0.0,0.0,0.0,0.0,426.8875475972891
183,10980000000000,4.0,30.0,4.597222222222222,4.0,6.0,1584,24.0,24.0,24.0,24.0,24.0,1584,0.0,0.0,0.0,0.0,0.0,1584,4.0,8.0,4.233585858585859,4.0,5.0,1584,0.0,160.0,69.82608695652173,64.0,124.0,552,0.0,568.0,208.47826086956522,184.0,424.0,552,1.0,1.0,1.0,1.0,1.0,552,0.9999999999999997,1.0000000000000004,1.0,1.0,1.0000000000000002,552,1.0,1.3571428571428572,1.0073242197263195,1.0,1.0555555555555556,552,0.9999999999999997,1.0000000000000004,1.0,1.0,1.0000000000000002,552,552.0,0.0,0.0,0.0,552.0,552.0,0.0,0.0,0.0,0.0,0.0,0.0,1.0,0.0,0.0,552.0,552.0,1.0,0.0,0.0,0.0,0.0,0.0,0.0,0.0,0.0,0.0,0.0,0.0,0.0,0.0,1265.50137065351
184,11040000000000,4.0,32.0,4.59469696969697,4.0,5.0,1584,21.0,24.0,23.946338383838384,24.0,24.0,1584,0.0,3.0,0.05366161616161616,0.0,0.0,1584,4.0,8.0,4.231060606060606,4.0,5.0,1584,0.0,160.0,70.2463768115942,64.0,124.0,552,0.0,568.0,209.8985507246377,184.0,424.0,552,1.0,1.0,1.0,1.0,1.0,392,0.9999999999999998,1.0046031457617022,1.0001248544344516,1.0,1.0000000000000002,392,1.0,2.0,1.0233945627736696,1.0,1.1478021978021975,392,0.9999999999999998,2.2236468226427277,1.0193345402156442,1.0,1.1027685262189766,392,552.0,0.0,0.0,0.0,552.0,392.0,160.0,0.0,0.0,0.0,0.0,160.0,0.7101449275362319,94.0,0.23979591836734693,552.0,392.0,0.7101449275362319,0.0,0.0,0.0,0.0,160.0,0.2898550724637681,0.0,0.0,0.0,0.0,0.0,0.0,0.0,227.1189298480749
185,11100000000000,4.0,31.0,4.5978535353535355,4.0,5.0,1584,21.0,24.0,23.8989898989899,24.0,24.0,1584,0.0,3.0,0.10101010101010101,0.0,1.0,1584,4.0,8.0,4.234217171717172,4.0,5.0,1584,0.0,156.0,71.27536231884058,68.0,128.0,552,0.0,552.0,214.40579710144928,200.0,440.0,552,1.0,1.0,1.0,1.0,1.0,288,0.9999999999999997,1.0146971950718282,1.0005356520262016,1.0,1.003765111774103,288,1.0,1.5,1.0589931700681463,1.0,1.25,288,0.9999999999999997,1.5553311637457004,1.049693951232362,1.010037597978769,1.2237827866028075,288,552.0,0.0,0.0,0.0,552.0,288.0,264.0,0.0,0.0,0.0,0.0,264.0,0.5217391304347826,158.0,0.5486111111111112,552.0,288.0,0.5217391304347826,0.0,0.0,0.0,0.0,264.0,0.4782608695652174,0.0,0.0,0.0,0.0,0.0,0.0,0.0,434.4112779945135
186,11160000000000,4.0,31.0,4.590277777777778,4.0,5.0,1584,24.0,24.0,24.0,24.0,24.0,1584,0.0,0.0,0.0,0.0,0.0,1584,4.0,8.0,4.226641414141414,4.0,5.0,1584,0.0,160.0,71.41304347826087,68.0,121.79999999999973,552,0.0,568.0,214.95652173913044,200.0,415.1999999999989,552,1.0,1.0,1.0,1.0,1.0,552,0.9999999999999996,1.0000000000000002,1.0,1.0,1.0,552,1.0,1.3333333333333333,1.0077691172517589,1.0,1.0588235294117647,552,0.9999999999999996,1.0000000000000002,1.0,1.0,1.0,552,552.0,0.0,0.0,0.0,552.0,552.0,0.0,0.0,0.0,0.0,0.0,0.0,1.0,0.0,0.0,552.0,552.0,1.0,0.0,0.0,0.0,0.0,0.0,0.0,0.0,0.0,0.0,0.0,0.0,0.0,0.0,1210.781367495656
187,11220000000000,4.0,31.0,4.59280303030303,4.0,5.0,1584,21.0,24.0,23.950126262626263,24.0,24.0,1584,0.0,3.0,0.049873737373737376,0.0,0.0,1584,4.0,8.0,4.229166666666667,4.0,5.0,1584,0.0,148.0,69.82608695652173,64.0,124.0,552,0.0,520.0,209.0,184.0,424.0,552,1.0,1.0,1.0,1.0,1.0,406,0.9999999999999996,1.000425905357451,1.0000047403234862,1.0,1.0000000000000002,406,1.0,2.0,1.0331620016922232,1.0,1.1780303030303032,406,0.9999999999999996,1.78512676029268,1.0235536809980836,1.0,1.1298934013410444,406,552.0,0.0,0.0,0.0,552.0,406.0,146.0,0.0,0.0,0.0,0.0,146.0,0.7355072463768116,109.0,0.2684729064039409,552.0,406.0,0.7355072463768116,0.0,0.0,0.0,0.0,146.0,0.2644927536231884,0.0,0.0,0.0,0.0,0.0,0.0,0.0,449.98814538121223
188,11280000000000,4.0,31.0,4.60669191919192,4.0,6.0,1584,21.0,24.0,23.906565656565657,24.0,24.0,1584,0.0,3.0,0.09343434343434344,0.0,1.0,1584,4.0,8.0,4.243055555555555,4.0,5.0,1584,0.0,156.0,70.77536231884058,68.0,124.0,552,0.0,552.0,212.53623188405797,200.0,424.0,552,1.0,1.0,1.0,1.0,1.0,264,0.9999999999999997,1.0005576409145227,1.0000057133659177,1.0,1.0000000000000002,264,1.0,1.6666666666666667,1.0661191253510052,1.0,1.2857142857142858,264,0.9999999999999999,1.9325830624765723,1.054686122439863,1.0112030487546306,1.2881276588918644,264,552.0,0.0,0.0,0.0,552.0,264.0,288.0,0.0,0.0,0.0,0.0,288.0,0.4782608695652174,157.0,0.5946969696969697,552.0,264.0,0.4782608695652174,0.0,0.0,0.0,0.0,288.0,0.5217391304347826,0.0,0.0,0.0,0.0,0.0,0.0,0.0,358.89096930623055
189,11340000000000,4.0,32.0,4.599116161616162,4.0,5.0,1584,24.0,24.0,24.0,24.0,24.0,1584,0.0,0.0,0.0,0.0,0.0,1584,4.0,8.0,4.235479797979798,4.0,5.0,1584,0.0,156.0,70.5072463768116,68.0,124.0,552,0.0,552.0,211.20289855072463,200.0,424.0,552,1.0,1.0,1.0,1.0,1.0,552,0.9999999999999997,1.0000000000000002,1.0,1.0,1.0000000000000002,552,1.0,1.3333333333333333,1.0073444599904966,1.0,1.0604779411764704,552,0.9999999999999997,1.0000000000000002,1.0,1.0,1.0000000000000002,552,552.0,0.0,0.0,0.0,552.0,552.0,0.0,0.0,0.0,0.0,0.0,0.0,1.0,0.0,0.0,552.0,552.0,1.0,0.0,0.0,0.0,0.0,0.0,0.0,0.0,0.0,0.0,0.0,0.0,0.0,0.0,1052.7988839894533
190,11400000000000,4.0,32.0,4.591540404040404,4.0,5.0,1584,21.0,24.0,23.94570707070707,24.0,24.0,1584,0.0,3.0,0.054292929292929296,0.0,0.0,1584,4.0,8.0,4.227904040404041,4.0,5.0,1584,0.0,156.0,71.73188405797102,68.0,128.0,552,0.0,552.0,216.231884057971,200.0,440.0,552,1.0,1.0,1.0,1.0,1.0,423,0.9999999999999996,1.0000132256099934,1.0000000918000507,1.0,1.0000000000000002,423,1.0,2.0,1.0275116417278947,1.0,1.1538461538461537,423,0.9999999999999996,1.808370539702489,1.018653208314409,1.0,1.1006090377263342,423,552.0,0.0,0.0,0.0,552.0,423.0,129.0,0.0,0.0,0.0,0.0,129.0,0.7663043478260869,108.0,0.2553191489361702,552.0,423.0,0.7663043478260869,0.0,0.0,0.0,0.0,129.0,0.23369565217391305,0.0,0.0,0.0,0.0,0.0,0.0,0.0,408.4693491458893
191,11460000000000,4.0,31.0,4.580176767676767,4.0,5.0,1584,21.0,24.0,23.89709595959596,24.0,24.0,1584,0.0,3.0,0.1029040404040404,0.0,1.0,1584,4.0,8.0,4.23169191919192,4.0,5.0,1584,0.0,156.0,71.42028985507247,70.0,120.0,552,0.0,552.0,214.85507246376812,208.0,408.0,552,1.0,1.0,1.0,1.0,1.0,273,0.9999999999999998,1.008432246473149,1.0007191111706844,1.0,1.003518508127739,273,1.0,1.6666666666666667,1.0550753542157034,1.0,1.25,273,0.9999999999999998,1.7884504490038693,1.0453480406563271,1.0066818844926964,1.2088707252699376,273,552.0,0.0,0.0,0.0,552.0,273.0,279.0,0.0,0.0,0.0,0.0,279.0,0.4945652173913043,145.0,0.5311355311355311,552.0,273.0,0.4945652173913043,0.0,0.0,0.0,0.0,279.0,0.5054347826086957,0.0,0.0,0.0,0.0,0.0,0.0,0.0,473.3367431908846
192,11520000000000,4.0,31.0,4.59280303030303,4.0,5.0,1584,24.0,24.0,24.0,24.0,24.0,1584,0.0,0.0,0.0,0.0,0.0,1584,4.0,8.0,4.229166666666667,4.0,5.0,1584,0.0,148.0,69.43478260869566,68.0,124.0,552,0.0,520.0,207.17391304347825,200.0,424.0,552,1.0,1.0,1.0,1.0,1.0,552,0.9999999999999996,1.0000000000000004,1.0,1.0,1.0000000000000002,552,1.0,1.3571428571428572,1.0070927355424741,1.0,1.0526315789473684,552,0.9999999999999996,1.0000000000000004,1.0,1.0,1.0000000000000002,552,552.0,0.0,0.0,0.0,552.0,552.0,0.0,0.0,0.0,0.0,0.0,0.0,1.0,0.0,0.0,552.0,552.0,1.0,0.0,0.0,0.0,0.0,0.0,0.0,0.0,0.0,0.0,0.0,0.0,0.0,0.0,1194.8771942406893
193,11580000000000,4.0,31.0,4.590277777777778,4.0,5.0,1584,21.0,24.0,23.944444444444443,24.0,24.0,1584,0.0,3.0,0.05555555555555555,0.0,1.0,1584,4.0,8.0,4.226641414141414,4.0,5.0,1584,0.0,152.0,70.05797101449275,68.0,124.0,552,0.0,536.0,209.79710144927537,200.0,424.0,552,1.0,1.0,1.0,1.0,1.0,383,0.9999999999999997,1.0060163189886282,1.0002781100549092,1.0,1.0026745643760406,383,1.0,2.0,1.0323401212290813,1.0,1.1666666666666667,383,0.9999999999999997,1.8910595571815931,1.023760859035746,1.0,1.1041676436125198,383,552.0,0.0,0.0,0.0,552.0,383.0,169.0,0.0,0.0,0.0,0.0,169.0,0.6938405797101449,117.0,0.30548302872062666,552.0,383.0,0.6938405797101449,0.0,0.0,0.0,0.0,169.0,0.3061594202898551,0.0,0.0,0.0,0.0,0.0,0.0,0.0,376.8481221050024
194,11640000000000,4.0,32.0,4.596590909090909,4.0,5.0,1584,21.0,24.0,23.897727272727273,24.0,24.0,1584,0.0,3.0,0.10227272727272728,0.0,1.0,1584,4.0,8.0,4.232954545454546,4.0,5.0,1584,0.0,156.0,69.7463768115942,64.0,125.79999999999973,552,0.0,552.0,208.68115942028984,184.0,431.1999999999989,552,1.0,1.0,1.0,1.0,1.0,250,0.9999999999999998,1.0158253786874423,1.0005260067879083,1.0,1.0020595115013098,250,1.0,2.0,1.069427879845855,1.0,1.2857142857142858,250,0.9999999999999998,1.8921407844650207,1.0585156068852253,1.013610748406118,1.209636884182919,250,552.0,0.0,0.0,0.0,552.0,250.0,302.0,0.0,0.0,0.0,0.0,302.0,0.4528985507246377,136.0,0.544,552.0,250.0,0.4528985507246377,0.0,0.0,0.0,0.0,302.0,0.5471014492753623,0.0,0.0,0.0,0.0,0.0,0.0,0.0,259.6993166953325
195,11700000000000,4.0,32.0,4.593434343434343,4.0,5.0,1584,24.0,24.0,24.0,24.0,24.0,1584,0.0,0.0,0.0,0.0,0.0,1584,4.0,8.0,4.22979797979798,4.0,5.0,1584,0.0,160.0,70.92753623188406,68.0,124.0,552,0.0,568.0,213.0144927536232,200.0,424.0,552,1.0,1.0,1.0,1.0,1.0,552,0.9999999999999997,1.0000000000000002,1.0,1.0,1.0000000000000002,552,1.0,1.3333333333333333,1.009569644018446,1.0,1.0740740740740742,552,0.9999999999999997,1.0000000000000002,1.0,1.0,1.0000000000000002,552,552.0,0.0,0.0,0.0,552.0,552.0,0.0,0.0,0.0,0.0,0.0,0.0,1.0,0.0,0.0,552.0,552.0,1.0,0.0,0.0,0.0,0.0,0.0,0.0,0.0,0.0,0.0,0.0,0.0,0.0,0.0,1347.283350303769
196,11760000000000,4.0,31.0,4.5896464646464645,4.0,5.0,1584,21.0,24.0,23.95138888888889,24.0,24.0,1584,0.0,3.0,0.04861111111111111,0.0,0.0,1584,4.0,8.0,4.226010101010101,4.0,5.0,1584,0.0,148.0,70.70289855072464,68.0,124.0,552,0.0,520.0,211.9855072463768,200.0,424.0,552,1.0,1.0,1.0,1.0,1.0,422,0.9999999999999997,1.0000000000000002,1.0,1.0,1.0000000000000002,422,1.0,1.5,1.0210704685569156,1.0,1.1329166666666666,422,0.9999999999999997,1.9848794078550864,1.0151651011065592,1.0,1.087858538973467,422,552.0,0.0,0.0,0.0,552.0,422.0,130.0,0.0,0.0,0.0,0.0,130.0,0.7644927536231884,84.0,0.1990521327014218,552.0,422.0,0.7644927536231884,0.0,0.0,0.0,0.0,130.0,0.23550724637681159,0.0,0.0,0.0,0.0,0.0,0.0,0.0,228.35011780261993
197,11820000000000,4.0,31.0,4.59469696969697,4.0,6.0,1584,21.0,24.0,23.900252525252526,24.0,24.0,1584,0.0,3.0,0.09974747474747475,0.0,1.0,1584,4.0,8.0,4.231060606060606,4.0,5.0,1584,0.0,164.0,70.8913043478261,68.0,121.79999999999973,552,0.0,584.0,213.0,200.0,415.1999999999989,552,1.0,1.0,1.0,1.0,1.0,266,0.9999999999999998,1.0032365827858984,1.000095210152652,1.0,1.000525467930499,266,1.0,1.5,1.0524223698517075,1.0,1.2767857142857144,266,0.9999999999999998,1.6008150111330832,1.0456569833066247,1.0129365659272822,1.1884074240731706,266,552.0,0.0,0.0,0.0,552.0,266.0,286.0,0.0,0.0,0.0,0.0,286.0,0.48188405797101447,142.0,0.5338345864661654,552.0,266.0,0.48188405797101447,0.0,0.0,0.0,0.0,286.0,0.5181159420289855,0.0,0.0,0.0,0.0,0.0,0.0,0.0,350.064055994153
198,11880000000000,4.0,31.0,4.599747474747475,4.0,5.849999999999909,1584,24.0,24.0,24.0,24.0,24.0,1584,0.0,0.0,0.0,0.0,0.0,1584,4.0,8.0,4.236111111111111,4.0,5.0,1584,0.0,156.0,69.6086956521739,64.0,124.0,552,0.0,552.0,207.8695652173913,184.0,424.0,552,1.0,1.0,1.0,1.0,1.0,552,0.9999999999999997,1.0000000000000002,1.0,1.0,1.0000000000000002,552,1.0,1.3333333333333333,1.0073767090199977,1.0,1.0654838709677417,552,0.9999999999999997,1.0000000000000002,1.0,1.0,1.0000000000000002,552,552.0,0.0,0.0,0.0,552.0,552.0,0.0,0.0,0.0,0.0,0.0,0.0,1.0,0.0,0.0,552.0,552.0,1.0,0.0,0.0,0.0,0.0,0.0,0.0,0.0,0.0,0.0,0.0,0.0,0.0,0.0,1437.2130781412125
199,11940000000000,4.0,32.0,4.59280303030303,4.0,5.0,1584,21.0,24.0,23.943181818181817,24.0,24.0,1584,0.0,3.0,0.056818181818181816,0.0,1.0,1584,4.0,8.0,4.229166666666667,4.0,5.0,1584,0.0,156.0,69.98550724637681,64.0,124.0,552,0.0,552.0,208.9855072463768,184.0,424.0,552,1.0,1.0,1.0,1.0,1.0,423,0.9999999999999996,1.0023249794040563,1.0001159184403472,1.0,1.0003856171058796,423,1.0,1.6666666666666667,1.0261949111187343,1.0,1.1428571428571428,423,0.9999999999999997,1.5723915655528637,1.0138127634376575,1.0000000000000002,1.0842133492425006,423,552.0,0.0,0.0,0.0,552.0,423.0,129.0,0.0,0.0,0.0,0.0,129.0,0.7663043478260869,102.0,0.24113475177304963,552.0,423.0,0.7663043478260869,0.0,0.0,0.0,0.0,129.0,0.23369565217391305,0.0,0.0,0.0,0.0,0.0,0.0,0.0,268.4558555483818
200,12000000000000,4.0,31.0,4.586489898989899,4.0,6.0,1584,21.0,24.0,23.898358585858585,24.0,24.0,1584,0.0,3.0,0.10164141414141414,0.0,1.0,1584,4.0,8.0,4.23800505050505,4.0,5.0,1584,0.0,156.0,71.26086956521739,68.0,124.0,552,0.0,552.0,214.08695652173913,200.0,424.0,552,1.0,1.0,1.0,1.0,1.0,265,0.9999999999999997,1.012287773485901,1.000840500058366,1.0,1.0031602906031027,265,1.0,2.0,1.0591070212590556,1.0,1.25,265,0.9999999999999997,2.749401356429599,1.057521122167615,1.0031641862296152,1.212156040301704,265,552.0,0.0,0.0,0.0,552.0,265.0,287.0,0.0,0.0,0.0,0.0,287.0,0.48007246376811596,130.0,0.49056603773584906,552.0,265.0,0.48007246376811596,0.0,0.0,0.0,0.0,287.0,0.519927536231884,0.0,0.0,0.0,0.0,0.0,0.0,0.0,376.2495033442974
201,12060000000000,4.0,31.0,4.590277777777778,4.0,5.0,1584,24.0,24.0,24.0,24.0,24.0,1584,0.0,0.0,0.0,0.0,0.0,1584,4.0,8.0,4.226641414141414,4.0,5.0,1584,0.0,152.0,71.43478260869566,68.0,124.0,552,0.0,536.0,214.91304347826087,200.0,424.0,552,1.0,1.0,1.0,1.0,1.0,552,0.9999999999999997,1.0000000000000002,1.0,1.0,1.0000000000000002,552,1.0,1.2857142857142858,1.0091864027151294,1.0,1.0769230769230769,552,0.9999999999999997,1.0000000000000002,1.0,1.0,1.0000000000000002,552,552.0,0.0,0.0,0.0,552.0,552.0,0.0,0.0,0.0,0.0,0.0,0.0,1.0,0.0,0.0,552.0,552.0,1.0,0.0,0.0,0.0,0.0,0.0,0.0,0.0,0.0,0.0,0.0,0.0,0.0,0.0,1053.6408573389053
202,12120000000000,4.0,31.0,4.596590909090909,4.0,5.0,1584,21.0,24.0,23.95138888888889,24.0,24.0,1584,0.0,3.0,0.04861111111111111,0.0,0.0,1584,4.0,8.0,4.232954545454546,4.0,5.0,1584,0.0,152.0,70.69565217391305,68.0,124.0,552,0.0,536.0,212.34782608695653,200.0,424.0,552,1.0,1.0,1.0,1.0,1.0,440,0.9999999999999997,1.0090658736521216,1.0002669166368379,1.0,1.000785288820098,440,1.0,2.0,1.040449858224937,1.0,1.2,440,0.9999999999999997,1.8227529592579967,1.0273566809334604,1.0,1.1322010512888574,440,552.0,0.0,0.0,0.0,552.0,440.0,112.0,0.0,0.0,0.0,0.0,112.0,0.7971014492753623,136.0,0.3090909090909091,552.0,440.0,0.7971014492753623,0.0,0.0,0.0,0.0,112.0,0.2028985507246377,0.0,0.0,0.0,0.0,0.0,0.0,0.0,341.86069667339325
203,12180000000000,4.0,31.0,4.601010101010101,4.0,6.0,1584,21.0,24.0,23.904671717171716,24.0,24.0,1584,0.0,3.0,0.09532828282828283,0.0,1.0,1584,4.0,8.0,4.237373737373737,4.0,5.0,1584,0.0,168.0,71.31159420289855,68.0,124.0,552,0.0,600.0,214.55072463768116,200.0,424.0,552,1.0,1.0,1.0,1.0,1.0,292,0.9999999999999997,1.018947834814388,1.0002905580823747,1.0,1.0000000000000002,292,1.0,1.6666666666666667,1.0596260817698604,1.0,1.234722222222222,292,0.9999999999999997,1.6606776125528186,1.0529575822010333,1.0048956886802491,1.2092275973109379,292,552.0,0.0,0.0,0.0,552.0,292.0,260.0,0.0,0.0,0.0,0.0,260.0,0.5289855072463768,151.0,0.5171232876712328,552.0,292.0,0.5289855072463768,0.0,0.0,0.0,0.0,260.0,0.47101449275362317,0.0,0.0,0.0,0.0,0.0,0.0,0.0,443.7248520553112
204,12240000000000,4.0,32.0,4.599747474747475,4.0,6.0,1584,24.0,24.0,24.0,24.0,24.0,1584,0.0,0.0,0.0,0.0,0.0,1584,4.0,8.0,4.236111111111111,4.0,5.0,1584,0.0,160.0,70.48550724637681,64.0,124.0,552,0.0,568.0,211.1159420289855,184.0,424.0,552,1.0,1.0,1.0,1.0,1.0,552,0.9999999999999997,1.0000000000000002,1.0,1.0,1.0000000000000002,552,1.0,1.3333333333333333,1.0102288597029154,1.0,1.0714285714285714,552,0.9999999999999997,1.0000000000000002,1.0,1.0,1.0000000000000002,552,552.0,0.0,0.0,0.0,552.0,552.0,0.0,0.0,0.0,0.0,0.0,0.0,1.0,0.0,0.0,552.0,552.0,1.0,0.0,0.0,0.0,0.0,0.0,0.0,0.0,0.0,0.0,0.0,0.0,0.0,0.0,1169.6464996784925
205,12300000000000,4.0,32.0,4.587752525252525,4.0,5.0,1584,21.0,24.0,23.94381313131313,24.0,24.0,1584,0.0,3.0,0.05618686868686869,0.0,1.0,1584,4.0,8.0,4.224116161616162,4.0,5.0,1584,0.0,160.0,71.65217391304348,68.0,128.0,552,0.0,568.0,215.91304347826087,200.0,440.0,552,1.0,1.0,1.0,1.0,1.0,416,0.9999999999999996,1.0000000000000002,1.0,1.0,1.0000000000000002,416,1.0,2.0,1.025631532122235,1.0,1.1428571428571428,416,0.9999999999999998,2.0108480651435605,1.0179968676791513,1.0,1.0815353112214061,416,552.0,0.0,0.0,0.0,552.0,416.0,136.0,0.0,0.0,0.0,0.0,136.0,0.7536231884057971,91.0,0.21875,552.0,416.0,0.7536231884057971,0.0,0.0,0.0,0.0,136.0,0.2463768115942029,0.0,0.0,0.0,0.0,0.0,0.0,0.0,372.5356739014387
206,12360000000000,4.0,30.0,4.576388888888889,4.0,5.0,1584,21.0,24.0,23.897727272727273,24.0,24.0,1584,0.0,3.0,0.10227272727272728,0.0,1.0,1584,4.0,8.0,4.227904040404041,4.0,5.0,1584,0.0,152.0,71.06521739130434,68.0,124.0,552,0.0,536.0,213.43478260869566,200.0,424.0,552,1.0,1.0,1.0,1.0,1.0,290,0.9999999999999998,1.0058590694304348,1.000173759121705,1.0,1.0005178366203484,290,1.0,1.5,1.0395714619106788,1.0,1.1818181818181819,290,0.9999999999999998,1.5380665698754616,1.0373180993310798,1.001872686927332,1.1466459166324967,290,552.0,0.0,0.0,0.0,552.0,290.0,262.0,0.0,0.0,0.0,0.0,262.0,0.5253623188405797,140.0,0.4827586206896552,552.0,290.0,0.5253623188405797,0.0,0.0,0.0,0.0,262.0,0.4746376811594203,0.0,0.0,0.0,0.0,0.0,0.0,0.0,376.56037881970406
207,12420000000000,4.0,31.0,4.593434343434343,4.0,5.0,1584,24.0,24.0,24.0,24.0,24.0,1584,0.0,0.0,0.0,0.0,0.0,1584,4.0,8.0,4.22979797979798,4.0,5.0,1584,0.0,164.0,70.42028985507247,68.0,124.0,552,0.0,584.0,210.9855072463768,200.0,424.0,552,1.0,1.0,1.0,1.0,1.0,552,0.9999999999999997,1.0000000000000002,1.0,1.0,1.0000000000000002,552,1.0,1.3333333333333333,1.0070600012989515,1.0,1.0588235294117647,552,0.9999999999999997,1.0000000000000002,1.0,1.0,1.0000000000000002,552,552.0,0.0,0.0,0.0,552.0,552.0,0.0,0.0,0.0,0.0,0.0,0.0,1.0,0.0,0.0,552.0,552.0,1.0,0.0,0.0,0.0,0.0,0.0,0.0,0.0,0.0,0.0,0.0,0.0,0.0,0.0,1636.0278017818928
208,12480000000000,4.0,32.0,4.593434343434343,4.0,5.0,1584,21.0,24.0,23.945075757575758,24.0,24.0,1584,0.0,3.0,0.054924242424242424,0.0,1.0,1584,4.0,8.0,4.22979797979798,4.0,5.0,1584,0.0,164.0,70.32608695652173,68.0,124.0,552,0.0,584.0,210.34782608695653,200.0,424.0,552,1.0,1.0,1.0,1.0,1.0,407,0.9999999999999998,1.0056111112686978,1.0003445200522019,1.0,1.0013010480908906,407,1.0,2.0,1.0266478537556254,1.0,1.14,407,0.9999999999999998,2.2381852626051906,1.0176962031237944,1.0,1.0720972162616014,407,552.0,0.0,0.0,0.0,552.0,407.0,145.0,0.0,0.0,0.0,0.0,145.0,0.7373188405797102,86.0,0.2113022113022113,552.0,407.0,0.7373188405797102,0.0,0.0,0.0,0.0,145.0,0.26268115942028986,0.0,0.0,0.0,0.0,0.0,0.0,0.0,455.004695802927
209,12540000000000,4.0,32.0,4.598484848484849,4.0,5.0,1584,21.0,24.0,23.900883838383837,24.0,24.0,1584,0.0,3.0,0.09911616161616162,0.0,1.0,1584,4.0,8.0,4.234848484848484,4.0,5.0,1584,0.0,160.0,70.55797101449275,64.0,125.79999999999973,552,0.0,568.0,211.66666666666666,184.0,431.1999999999989,552,1.0,1.0,1.0,1.0,1.0,301,0.9999999999999997,1.0135665866081998,1.0010724569081804,1.0,1.0041047378270958,301,1.0,1.5,1.0411411054010176,1.0,1.2,301,0.9999999999999997,2.1065083662039235,1.0435968173576617,1.0042956284975615,1.216202704133348,301,552.0,0.0,0.0,0.0,552.0,301.0,251.0,0.0,0.0,0.0,0.0,251.0,0.5452898550724637,151.0,0.5016611295681063,552.0,301.0,0.5452898550724637,0.0,0.0,0.0,0.0,251.0,0.45471014492753625,0.0,0.0,0.0,0.0,0.0,0.0,0.0,234.69998687505722
210,12600000000000,4.0,32.0,4.59280303030303,4.0,5.0,1584,24.0,24.0,24.0,24.0,24.0,1584,0.0,0.0,0.0,0.0,0.0,1584,4.0,8.0,4.229166666666667,4.0,5.0,1584,0.0,156.0,70.3768115942029,68.0,124.0,552,0.0,552.0,211.07246376811594,200.0,424.0,552,1.0,1.0,1.0,1.0,1.0,552,0.9999999999999996,1.0000000000000002,1.0,1.0,1.0000000000000002,552,1.0,1.3333333333333333,1.0084054319224982,1.0,1.0688095238095234,552,0.9999999999999996,1.0000000000000002,1.0,1.0,1.0000000000000002,552,552.0,0.0,0.0,0.0,552.0,552.0,0.0,0.0,0.0,0.0,0.0,0.0,1.0,0.0,0.0,552.0,552.0,1.0,0.0,0.0,0.0,0.0,0.0,0.0,0.0,0.0,0.0,0.0,0.0,0.0,0.0,1337.5391568988562
211,12660000000000,4.0,30.0,4.588383838383838,4.0,5.0,1584,21.0,24.0,23.94823232323232,24.0,24.0,1584,0.0,3.0,0.05176767676767677,0.0,0.0,1584,4.0,8.0,4.224747474747475,4.0,5.0,1584,0.0,152.0,71.91304347826087,68.0,124.0,552,0.0,536.0,216.95652173913044,200.0,424.0,552,1.0,1.0,1.0,1.0,1.0,421,0.9999999999999997,1.0000000000000002,1.0,1.0,1.0000000000000002,421,1.0,2.0,1.0310585934721226,1.0,1.1666666666666667,421,0.9999999999999997,1.9310844213867833,1.0180763422407533,1.0,1.0848048008999687,421,552.0,0.0,0.0,0.0,552.0,421.0,131.0,0.0,0.0,0.0,0.0,131.0,0.7626811594202898,129.0,0.30641330166270786,552.0,421.0,0.7626811594202898,0.0,0.0,0.0,0.0,131.0,0.23731884057971014,0.0,0.0,0.0,0.0,0.0,0.0,0.0,287.1400397270918
212,12720000000000,4.0,31.0,4.602904040404041,4.0,6.0,1584,21.0,24.0,23.90277777777778,24.0,24.0,1584,0.0,3.0,0.09722222222222222,0.0,1.0,1584,4.0,8.0,4.2392676767676765,4.0,5.0,1584,0.0,144.0,69.81884057971014,68.0,120.0,552,0.0,504.0,208.71014492753622,200.0,408.0,552,1.0,1.0,1.0,1.0,1.0,250,0.9999999999999997,1.0014319217589496,1.0000596463452303,1.0,1.0002626721815884,250,1.0,1.6666666666666667,1.0543399977273042,1.0,1.2222222222222223,250,0.9999999999999998,1.6995549100648921,1.0497257960152229,1.000333498016482,1.2036581577249816,250,552.0,0.0,0.0,0.0,552.0,250.0,302.0,0.0,0.0,0.0,0.0,302.0,0.4528985507246377,120.0,0.48,552.0,250.0,0.4528985507246377,0.0,0.0,0.0,0.0,302.0,0.5471014492753623,0.0,0.0,0.0,0.0,0.0,0.0,0.0,352.864908054471
213,12780000000000,4.0,31.0,4.599747474747475,4.0,6.0,1584,24.0,24.0,24.0,24.0,24.0,1584,0.0,0.0,0.0,0.0,0.0,1584,4.0,8.0,4.236111111111111,4.0,5.0,1584,0.0,160.0,71.03623188405797,68.0,128.0,552,0.0,568.0,213.31884057971016,200.0,440.0,552,1.0,1.0,1.0,1.0,1.0,552,0.9999999999999996,1.0000000000000002,1.0,1.0,1.0000000000000002,552,1.0,1.3333333333333333,1.008467728184896,1.0,1.0666666666666667,552,0.9999999999999996,1.0000000000000002,1.0,1.0,1.0000000000000002,552,552.0,0.0,0.0,0.0,552.0,552.0,0.0,0.0,0.0,0.0,0.0,0.0,1.0,0.0,0.0,552.0,552.0,1.0,0.0,0.0,0.0,0.0,0.0,0.0,0.0,0.0,0.0,0.0,0.0,0.0,0.0,1157.9314060509205
214,12840000000000,4.0,32.0,4.59280303030303,4.0,5.0,1584,21.0,24.0,23.94570707070707,24.0,24.0,1584,0.0,3.0,0.054292929292929296,0.0,0.849999999999909,1584,4.0,8.0,4.229166666666667,4.0,5.0,1584,0.0,160.0,71.18115942028986,66.0,128.0,552,0.0,568.0,214.02898550724638,192.0,440.0,552,1.0,1.0,1.0,1.0,1.0,413,0.9999999999999997,1.0001754766488893,1.000000651260826,1.0,1.0000000000000002,413,1.0,2.0,1.0254207222701854,1.0,1.1428571428571428,413,0.9999999999999997,1.921097498529947,1.01601418915844,1.0,1.079704022168187,413,552.0,0.0,0.0,0.0,552.0,413.0,139.0,0.0,0.0,0.0,0.0,139.0,0.7481884057971014,96.0,0.2324455205811138,552.0,413.0,0.7481884057971014,0.0,0.0,0.0,0.0,139.0,0.25181159420289856,0.0,0.0,0.0,0.0,0.0,0.0,0.0,260.7979588210583
215,12900000000000,4.0,31.0,4.584595959595959,4.0,5.0,1584,21.0,24.0,23.900883838383837,24.0,24.0,1584,0.0,3.0,0.09911616161616162,0.0,1.0,1584,4.0,8.0,4.236111111111111,4.0,5.0,1584,0.0,156.0,70.48550724637681,68.0,120.0,552,0.0,552.0,210.9855072463768,200.0,408.0,552,1.0,1.0,1.0,1.0,1.0,312,0.9999999999999997,1.0084762998255958,1.0003216236151922,1.0,1.001389099889682,312,1.0,1.5,1.0512627339018839,1.0,1.234722222222222,312,0.9999999999999997,1.881241666258556,1.0522444212977058,1.0125765265644748,1.2265257926268796,312,552.0,0.0,0.0,0.0,552.0,312.0,240.0,0.0,0.0,0.0,0.0,240.0,0.5652173913043478,178.0,0.5705128205128205,552.0,312.0,0.5652173913043478,0.0,0.0,0.0,0.0,240.0,0.43478260869565216,0.0,0.0,0.0,0.0,0.0,0.0,0.0,446.9976555556059
216,12960000000000,4.0,31.0,4.592171717171717,4.0,5.849999999999909,1584,24.0,24.0,24.0,24.0,24.0,1584,0.0,0.0,0.0,0.0,0.0,1584,4.0,8.0,4.228535353535354,4.0,5.0,1584,0.0,156.0,70.44202898550725,68.0,124.0,552,0.0,552.0,211.33333333333334,200.0,424.0,552,1.0,1.0,1.0,1.0,1.0,552,0.9999999999999997,1.0000000000000002,1.0,1.0,1.0000000000000002,552,1.0,1.3333333333333333,1.007084670061327,1.0,1.0654838709677417,552,0.9999999999999997,1.0000000000000002,1.0,1.0,1.0000000000000002,552,552.0,0.0,0.0,0.0,552.0,552.0,0.0,0.0,0.0,0.0,0.0,0.0,1.0,0.0,0.0,552.0,552.0,1.0,0.0,0.0,0.0,0.0,0.0,0.0,0.0,0.0,0.0,0.0,0.0,0.0,0.0,1113.8080190867186
217,13020000000000,4.0,31.0,4.592171717171717,4.0,5.0,1584,21.0,24.0,23.944444444444443,24.0,24.0,1584,0.0,3.0,0.05555555555555555,0.0,1.0,1584,4.0,8.0,4.228535353535354,4.0,5.0,1584,0.0,156.0,70.18840579710145,68.0,124.0,552,0.0,552.0,210.31884057971016,200.0,424.0,552,1.0,1.0,1.0,1.0,1.0,393,0.9999999999999998,1.0077721855315853,1.000520615601181,1.0,1.001977234294571,393,1.0,2.0,1.042811771085605,1.0,1.2,393,0.9999999999999998,2.0011200085811307,1.0313690521119125,1.0002226675530332,1.1732563307464436,393,552.0,0.0,0.0,0.0,552.0,393.0,159.0,0.0,0.0,0.0,0.0,159.0,0.7119565217391305,114.0,0.2900763358778626,552.0,393.0,0.7119565217391305,0.0,0.0,0.0,0.0,159.0,0.28804347826086957,0.0,0.0,0.0,0.0,0.0,0.0,0.0,377.98141315579414
218,13080000000000,4.0,31.0,4.599116161616162,4.0,5.0,1584,21.0,24.0,23.900252525252526,24.0,24.0,1584,0.0,3.0,0.09974747474747475,0.0,1.0,1584,4.0,8.0,4.235479797979798,4.0,5.0,1584,0.0,160.0,69.83333333333333,64.0,124.0,552,0.0,568.0,209.02898550724638,184.0,424.0,552,1.0,1.0,1.0,1.0,1.0,255,0.9999999999999997,1.0166682492528627,1.0010602216011535,1.0,1.0044344136306533,255,1.0,1.6666666666666667,1.068674432513231,1.0357142857142858,1.2607142857142852,255,0.9999999999999997,2.4332799551368156,1.0670781444401864,1.0133315701544239,1.248291380617199,255,552.0,0.0,0.0,0.0,552.0,255.0,297.0,0.0,0.0,0.0,0.0,297.0,0.46195652173913043,166.0,0.6509803921568628,552.0,255.0,0.46195652173913043,0.0,0.0,0.0,0.0,297.0,0.5380434782608695,0.0,0.0,0.0,0.0,0.0,0.0,0.0,388.4245976805687
219,13140000000000,4.0,32.0,4.595959595959596,4.0,5.0,1584,24.0,24.0,24.0,24.0,24.0,1584,0.0,0.0,0.0,0.0,0.0,1584,4.0,8.0,4.232323232323233,4.0,5.0,1584,0.0,156.0,71.51449275362319,68.0,125.79999999999973,552,0.0,552.0,215.231884057971,200.0,431.1999999999989,552,1.0,1.0,1.0,1.0,1.0,552,0.9999999999999998,1.0000000000000004,1.0,1.0,1.0000000000000002,552,1.0,1.3333333333333333,1.0070609092997855,1.0,1.06235294117647,552,0.9999999999999998,1.0000000000000004,1.0,1.0,1.0000000000000002,552,552.0,0.0,0.0,0.0,552.0,552.0,0.0,0.0,0.0,0.0,0.0,0.0,1.0,0.0,0.0,552.0,552.0,1.0,0.0,0.0,0.0,0.0,0.0,0.0,0.0,0.0,0.0,0.0,0.0,0.0,0.0,1116.7546436190605
220,13200000000000,4.0,31.0,4.5896464646464645,4.0,5.0,1584,21.0,24.0,23.948863636363637,24.0,24.0,1584,0.0,3.0,0.05113636363636364,0.0,0.0,1584,4.0,8.0,4.226010101010101,4.0,5.0,1584,0.0,156.0,70.65942028985508,68.0,124.0,552,0.0,552.0,211.94202898550725,200.0,424.0,552,1.0,1.0,1.0,1.0,1.0,449,0.9999999999999997,1.0000000000000004,1.0,1.0,1.0000000000000002,449,1.0,2.0,1.0244857800886498,1.0,1.1390476190476186,449,0.9999999999999997,1.8534289929469365,1.014698135736061,1.0,1.0746903889350434,449,552.0,0.0,0.0,0.0,552.0,449.0,103.0,0.0,0.0,0.0,0.0,103.0,0.8134057971014492,126.0,0.2806236080178174,552.0,449.0,0.8134057971014492,0.0,0.0,0.0,0.0,103.0,0.18659420289855072,0.0,0.0,0.0,0.0,0.0,0.0,0.0,443.00941191613674
221,13260000000000,4.0,31.0,4.592171717171717,4.0,5.0,1584,21.0,24.0,23.900883838383837,24.0,24.0,1584,0.0,3.0,0.09911616161616162,0.0,1.0,1584,4.0,8.0,4.228535353535354,4.0,5.0,1584,0.0,156.0,71.07971014492753,68.0,124.0,552,0.0,552.0,213.6231884057971,200.0,424.0,552,1.0,1.0,1.0,1.0,1.0,242,0.9999999999999998,1.004458407733894,1.0002858797876888,1.0,1.001376168496464,242,1.0,1.6666666666666667,1.0469904303170836,1.0,1.2,242,0.9999999999999998,1.6637848004660551,1.0460034317531979,1.0006335762518863,1.192372990327484,242,552.0,0.0,0.0,0.0,552.0,242.0,310.0,0.0,0.0,0.0,0.0,310.0,0.4384057971014493,107.0,0.44214876033057854,552.0,242.0,0.4384057971014493,0.0,0.0,0.0,0.0,310.0,0.5615942028985508,0.0,0.0,0.0,0.0,0.0,0.0,0.0,431.4086437225342
222,13320000000000,4.0,31.0,4.593434343434343,4.0,5.849999999999909,1584,24.0,24.0,24.0,24.0,24.0,1584,0.0,0.0,0.0,0.0,0.0,1584,4.0,8.0,4.22979797979798,4.0,5.0,1584,0.0,156.0,70.32608695652173,68.0,124.0,552,0.0,552.0,210.6086956521739,200.0,424.0,552,1.0,1.0,1.0,1.0,1.0,552,0.9999999999999998,1.0000000000000002,1.0,1.0,1.0000000000000002,552,1.0,1.3333333333333333,1.0077889069389372,1.0,1.0588235294117647,552,0.9999999999999998,1.0000000000000002,1.0,1.0,1.0000000000000002,552,552.0,0.0,0.0,0.0,552.0,552.0,0.0,0.0,0.0,0.0,0.0,0.0,1.0,0.0,0.0,552.0,552.0,1.0,0.0,0.0,0.0,0.0,0.0,0.0,0.0,0.0,0.0,0.0,0.0,0.0,0.0,1155.9703219681978
223,13380000000000,4.0,32.0,4.593434343434343,4.0,5.0,1584,21.0,24.0,23.946969696969695,24.0,24.0,1584,0.0,3.0,0.05303030303030303,0.0,0.0,1584,4.0,8.0,4.22979797979798,4.0,5.0,1584,0.0,156.0,70.71014492753623,68.0,124.0,552,0.0,552.0,211.8840579710145,200.0,424.0,552,1.0,1.0,1.0,1.0,1.0,384,0.9999999999999998,1.0032999399372473,1.000101514381436,1.0,1.000616196592922,384,1.0,2.0,1.0300506168231731,1.0,1.1818181818181819,384,0.9999999999999998,2.160186687043402,1.021992938240358,1.0,1.1202994647952134,384,552.0,0.0,0.0,0.0,552.0,384.0,168.0,0.0,0.0,0.0,0.0,168.0,0.6956521739130435,95.0,0.24739583333333334,552.0,384.0,0.6956521739130435,0.0,0.0,0.0,0.0,168.0,0.30434782608695654,0.0,0.0,0.0,0.0,0.0,0.0,0.0,457.86273293197155
224,13440000000000,4.0,31.0,4.583333333333333,4.0,5.0,1584,21.0,24.0,23.900883838383837,24.0,24.0,1584,0.0,3.0,0.09911616161616162,0.0,1.0,1584,4.0,8.0,4.234848484848484,4.0,5.0,1584,0.0,156.0,71.35507246376811,68.0,128.0,552,0.0,552.0,214.7246376811594,200.0,440.0,552,1.0,1.0,1.0,1.0,1.0,289,0.9999999999999998,1.0134832928436803,1.0004819525079007,1.0,1.0033541575187057,289,1.0,1.5,1.0611625134392397,1.0,1.238888888888888,289,0.9999999999999998,1.783273105786849,1.0551918897603374,1.01202696231651,1.2358982004673305,289,552.0,0.0,0.0,0.0,552.0,289.0,263.0,0.0,0.0,0.0,0.0,263.0,0.5235507246376812,156.0,0.5397923875432526,552.0,289.0,0.5235507246376812,0.0,0.0,0.0,0.0,263.0,0.47644927536231885,0.0,0.0,0.0,0.0,0.0,0.0,0.0,238.97257260978222
225,13500000000000,4.0,31.0,4.591540404040404,4.0,5.0,1584,24.0,24.0,24.0,24.0,24.0,1584,0.0,0.0,0.0,0.0,0.0,1584,4.0,8.0,4.227904040404041,4.0,5.0,1584,0.0,160.0,71.6159420289855,68.0,124.0,552,0.0,568.0,215.63768115942028,200.0,424.0,552,1.0,1.0,1.0,1.0,1.0,552,0.9999999999999997,1.0000000000000002,1.0,1.0,1.0000000000000002,552,1.0,1.3333333333333333,1.0082503399340685,1.0,1.0604779411764704,552,0.9999999999999997,1.0000000000000002,1.0,1.0,1.0000000000000002,552,552.0,0.0,0.0,0.0,552.0,552.0,0.0,0.0,0.0,0.0,0.0,0.0,1.0,0.0,0.0,552.0,552.0,1.0,0.0,0.0,0.0,0.0,0.0,0.0,0.0,0.0,0.0,0.0,0.0,0.0,0.0,1241.5705379098654
226,13560000000000,4.0,31.0,4.591540404040404,4.0,5.0,1584,21.0,24.0,23.95138888888889,24.0,24.0,1584,0.0,3.0,0.04861111111111111,0.0,0.0,1584,4.0,8.0,4.227904040404041,4.0,5.0,1584,0.0,156.0,70.42028985507247,68.0,124.0,552,0.0,552.0,211.3768115942029,200.0,424.0,552,1.0,1.0,1.0,1.0,1.0,411,0.9999999999999997,1.0091797680177286,1.000156430938847,1.0,1.0000000000000002,411,1.0,1.6666666666666667,1.0325524689122767,1.0,1.1818181818181819,411,0.9999999999999997,1.563378226807899,1.0208788308376562,1.0,1.1114120150940479,411,552.0,0.0,0.0,0.0,552.0,411.0,141.0,0.0,0.0,0.0,0.0,141.0,0.7445652173913043,114.0,0.2773722627737226,552.0,411.0,0.7445652173913043,0.0,0.0,0.0,0.0,141.0,0.2554347826086957,0.0,0.0,0.0,0.0,0.0,0.0,0.0,254.43576276302338
227,13620000000000,4.0,31.0,4.602904040404041,4.0,6.0,1584,21.0,24.0,23.90530303030303,24.0,24.0,1584,0.0,3.0,0.0946969696969697,0.0,1.0,1584,4.0,8.0,4.2392676767676765,4.0,5.0,1584,0.0,156.0,69.96376811594203,68.0,124.0,552,0.0,552.0,209.28985507246378,200.0,424.0,552,1.0,1.0,1.0,1.0,1.0,252,0.9999999999999998,1.0186258136445883,1.0002234821521612,1.0,1.0000000000000002,252,1.0,1.6666666666666667,1.0698821964508256,1.0,1.3333333333333333,252,0.9999999999999998,2.40275795047274,1.0586508016492104,1.0123067379381805,1.3178833917494046,252,552.0,0.0,0.0,0.0,552.0,252.0,300.0,0.0,0.0,0.0,0.0,300.0,0.45652173913043476,158.0,0.626984126984127,552.0,252.0,0.45652173913043476,0.0,0.0,0.0,0.0,300.0,0.5434782608695652,0.0,0.0,0.0,0.0,0.0,0.0,0.0,429.5682739466429
228,13680000000000,4.0,32.0,4.600378787878788,4.0,6.0,1584,24.0,24.0,24.0,24.0,24.0,1584,0.0,0.0,0.0,0.0,0.0,1584,4.0,8.0,4.236742424242424,4.0,5.0,1584,0.0,156.0,71.3623188405797,68.0,124.0,552,0.0,552.0,214.4927536231884,200.0,424.0,552,1.0,1.0,1.0,1.0,1.0,552,0.9999999999999998,1.0000000000000004,1.0,1.0,1.0000000000000002,552,1.0,1.3333333333333333,1.0084021992355565,1.0,1.0654838709677417,552,0.9999999999999998,1.0000000000000004,1.0,1.0,1.0000000000000002,552,552.0,0.0,0.0,0.0,552.0,552.0,0.0,0.0,0.0,0.0,0.0,0.0,1.0,0.0,0.0,552.0,552.0,1.0,0.0,0.0,0.0,0.0,0.0,0.0,0.0,0.0,0.0,0.0,0.0,0.0,0.0,1249.8851791024208
229,13740000000000,4.0,32.0,4.59280303030303,4.0,5.0,1584,21.0,24.0,23.945075757575758,24.0,24.0,1584,0.0,3.0,0.054924242424242424,0.0,1.0,1584,4.0,8.0,4.229166666666667,4.0,5.0,1584,0.0,156.0,71.84057971014492,68.0,128.0,552,0.0,552.0,216.66666666666666,200.0,440.0,552,1.0,1.0,1.0,1.0,1.0,426,0.9999999999999998,1.0000000000000002,1.0,1.0,1.0000000000000002,426,1.0,2.0,1.0278585102670903,1.0,1.1538461538461537,426,0.9999999999999998,1.779909713696162,1.0182605878546662,1.0,1.0922367208710142,426,552.0,0.0,0.0,0.0,552.0,426.0,126.0,0.0,0.0,0.0,0.0,126.0,0.7717391304347826,104.0,0.24413145539906103,552.0,426.0,0.7717391304347826,0.0,0.0,0.0,0.0,126.0,0.22826086956521738,0.0,0.0,0.0,0.0,0.0,0.0,0.0,260.5501003563404
230,13800000000000,4.0,31.0,4.58080808080808,4.0,5.0,1584,21.0,24.0,23.897727272727273,24.0,24.0,1584,0.0,3.0,0.10227272727272728,0.0,1.0,1584,4.0,8.0,4.232323232323233,4.0,5.0,1584,0.0,156.0,71.81884057971014,68.0,124.0,552,0.0,552.0,216.44927536231884,200.0,424.0,552,1.0,1.0,1.0,1.0,1.0,255,0.9999999999999997,1.0073049193637291,1.0005250323828017,1.0,1.0022451267093837,255,1.0,1.6666666666666667,1.052819986490863,1.0,1.25,255,0.9999999999999997,1.7749360129990344,1.0437537632577207,1.00430367013237,1.1904660850442832,255,552.0,0.0,0.0,0.0,552.0,255.0,297.0,0.0,0.0,0.0,0.0,297.0,0.46195652173913043,134.0,0.5254901960784314,552.0,255.0,0.46195652173913043,0.0,0.0,0.0,0.0,297.0,0.5380434782608695,0.0,0.0,0.0,0.0,0.0,0.0,0.0,342.64746867120266
231,13860000000000,4.0,31.0,4.592171717171717,4.0,5.0,1584,24.0,24.0,24.0,24.0,24.0,1584,0.0,0.0,0.0,0.0,0.0,1584,4.0,8.0,4.228535353535354,4.0,5.0,1584,0.0,148.0,69.39855072463769,68.0,124.0,552,0.0,520.0,207.02898550724638,200.0,424.0,552,1.0,1.0,1.0,1.0,1.0,552,0.9999999999999998,1.0000000000000004,1.0,1.0,1.0000000000000002,552,1.0,1.3571428571428572,1.0073152629375968,1.0,1.0555555555555556,552,0.9999999999999998,1.0000000000000004,1.0,1.0,1.0000000000000002,552,552.0,0.0,0.0,0.0,552.0,552.0,0.0,0.0,0.0,0.0,0.0,0.0,1.0,0.0,0.0,552.0,552.0,1.0,0.0,0.0,0.0,0.0,0.0,0.0,0.0,0.0,0.0,0.0,0.0,0.0,0.0,1178.1632024794817
232,13920000000000,4.0,31.0,4.590909090909091,4.0,5.0,1584,21.0,24.0,23.94381313131313,24.0,24.0,1584,0.0,3.0,0.05618686868686869,0.0,1.0,1584,4.0,8.0,4.2272727272727275,4.0,5.0,1584,0.0,152.0,69.83333333333333,68.0,124.0,552,0.0,536.0,208.768115942029,200.0,424.0,552,1.0,1.0,1.0,1.0,1.0,375,0.9999999999999996,1.0050218957497834,1.000214045470738,1.0,1.0018114704448626,375,1.0,1.6666666666666667,1.0316656159489013,1.0,1.1666666666666667,375,0.9999999999999997,2.146275369553579,1.0249560226676926,1.0,1.1050648373232055,375,552.0,0.0,0.0,0.0,552.0,375.0,177.0,0.0,0.0,0.0,0.0,177.0,0.6793478260869565,111.0,0.296,552.0,375.0,0.6793478260869565,0.0,0.0,0.0,0.0,177.0,0.32065217391304346,0.0,0.0,0.0,0.0,0.0,0.0,0.0,394.2629713565111
233,13980000000000,4.0,32.0,4.601010101010101,4.0,5.0,1584,21.0,24.0,23.89962121212121,24.0,24.0,1584,0.0,3.0,0.10037878787878787,0.0,1.0,1584,4.0,8.0,4.237373737373737,4.0,5.0,1584,0.0,156.0,69.44202898550725,64.0,124.0,552,0.0,552.0,207.46376811594203,184.0,424.0,552,1.0,1.0,1.0,1.0,1.0,266,0.9999999999999997,1.0166059803042988,1.0005208264850156,1.0,1.0025988296333772,266,1.0,2.0,1.0649730117071243,1.0,1.2767857142857144,266,0.9999999999999997,1.861502344818517,1.0534069396525065,1.0007446832295777,1.1995721253806702,266,552.0,0.0,0.0,0.0,552.0,266.0,286.0,0.0,0.0,0.0,0.0,286.0,0.48188405797101447,136.0,0.5112781954887218,552.0,266.0,0.48188405797101447,0.0,0.0,0.0,0.0,286.0,0.5181159420289855,0.0,0.0,0.0,0.0,0.0,0.0,0.0,810.918428003788
234,14040000000000,4.0,32.0,4.593434343434343,4.0,5.0,1584,24.0,24.0,24.0,24.0,24.0,1584,0.0,0.0,0.0,0.0,0.0,1584,4.0,8.0,4.22979797979798,4.0,5.0,1584,0.0,160.0,70.76811594202898,68.0,121.79999999999973,552,0.0,568.0,212.2463768115942,200.0,415.1999999999989,552,1.0,1.0,1.0,1.0,1.0,552,0.9999999999999997,1.0000000000000004,1.0,1.0,1.0000000000000002,552,1.0,1.3333333333333333,1.0092011358672532,1.0,1.0666666666666667,552,0.9999999999999997,1.0000000000000004,1.0,1.0,1.0000000000000002,552,552.0,0.0,0.0,0.0,552.0,552.0,0.0,0.0,0.0,0.0,0.0,0.0,1.0,0.0,0.0,552.0,552.0,1.0,0.0,0.0,0.0,0.0,0.0,0.0,0.0,0.0,0.0,0.0,0.0,0.0,0.0,2332.77852460742
235,14100000000000,4.0,30.0,4.5896464646464645,4.0,5.0,1584,21.0,24.0,23.949494949494948,24.0,24.0,1584,0.0,3.0,0.050505050505050504,0.0,0.0,1584,4.0,8.0,4.226010101010101,4.0,5.0,1584,0.0,156.0,70.96376811594203,68.0,124.0,552,0.0,552.0,213.02898550724638,200.0,424.0,552,1.0,1.0,1.0,1.0,1.0,407,0.9999999999999997,1.0000000000000002,1.0,1.0,1.0000000000000002,407,1.0,1.5,1.0201838717878777,1.0,1.125,407,0.9999999999999997,1.476792084477933,1.0136177371593365,1.0,1.0920673766721065,407,552.0,0.0,0.0,0.0,552.0,407.0,145.0,0.0,0.0,0.0,0.0,145.0,0.7373188405797102,81.0,0.19901719901719903,552.0,407.0,0.7373188405797102,0.0,0.0,0.0,0.0,145.0,0.26268115942028986,0.0,0.0,0.0,0.0,0.0,0.0,0.0,557.9750686883926
236,14160000000000,4.0,31.0,4.59469696969697,4.0,6.0,1584,21.0,24.0,23.902146464646464,24.0,24.0,1584,0.0,3.0,0.09785353535353536,0.0,1.0,1584,4.0,8.0,4.231060606060606,4.0,5.0,1584,0.0,164.0,70.94927536231884,68.0,121.79999999999973,552,0.0,584.0,213.231884057971,200.0,415.1999999999989,552,1.0,1.0,1.0,1.0,1.0,259,0.9999999999999997,1.0022248223099213,1.0000531529550916,1.0,1.0001594973169157,259,1.0,1.5,1.053908576346176,1.0,1.2857142857142858,259,0.9999999999999997,2.3398370205048535,1.047648280663015,1.0085548056619023,1.181403004943959,259,552.0,0.0,0.0,0.0,552.0,259.0,293.0,0.0,0.0,0.0,0.0,293.0,0.4692028985507246,139.0,0.5366795366795367,552.0,259.0,0.4692028985507246,0.0,0.0,0.0,0.0,293.0,0.5307971014492754,0.0,0.0,0.0,0.0,0.0,0.0,0.0,890.2952075004578
237,14220000000000,4.0,31.0,4.599116161616162,4.0,6.0,1584,24.0,24.0,24.0,24.0,24.0,1584,0.0,0.0,0.0,0.0,0.0,1584,4.0,8.0,4.235479797979798,4.0,5.0,1584,0.0,156.0,69.71014492753623,64.0,128.0,552,0.0,552.0,208.2753623188406,184.0,440.0,552,1.0,1.0,1.0,1.0,1.0,552,0.9999999999999997,1.0000000000000004,1.0,1.0,1.0000000000000002,552,1.0,1.3333333333333333,1.0074722741345332,1.0,1.0654838709677417,552,0.9999999999999997,1.0000000000000004,1.0,1.0,1.0000000000000002,552,552.0,0.0,0.0,0.0,552.0,552.0,0.0,0.0,0.0,0.0,0.0,0.0,1.0,0.0,0.0,552.0,552.0,1.0,0.0,0.0,0.0,0.0,0.0,0.0,0.0,0.0,0.0,0.0,0.0,0.0,0.0,2387.739546597004
238,14280000000000,4.0,32.0,4.59469696969697,4.0,5.0,1584,21.0,24.0,23.94570707070707,24.0,24.0,1584,0.0,3.0,0.054292929292929296,0.0,0.849999999999909,1584,4.0,8.0,4.231060606060606,4.0,5.0,1584,0.0,156.0,70.3913043478261,64.0,128.0,552,0.0,552.0,210.6086956521739,184.0,440.0,552,1.0,1.0,1.0,1.0,1.0,425,0.9999999999999997,1.0010491269385446,1.0000230683584586,1.0,1.0000432647775743,425,1.0,2.0,1.0273175136977328,1.0,1.1538461538461537,425,0.9999999999999997,1.9718171746788864,1.0167513465552687,1.0000000000000002,1.0932411707579501,425,552.0,0.0,0.0,0.0,552.0,425.0,127.0,0.0,0.0,0.0,0.0,127.0,0.769927536231884,109.0,0.2564705882352941,552.0,425.0,0.769927536231884,0.0,0.0,0.0,0.0,127.0,0.23007246376811594,0.0,0.0,0.0,0.0,0.0,0.0,0.0,524.4978554546833
239,14340000000000,4.0,31.0,4.583333333333333,4.0,5.0,1584,21.0,24.0,23.898358585858585,24.0,24.0,1584,0.0,3.0,0.10164141414141414,0.0,1.0,1584,4.0,8.0,4.234848484848484,4.0,5.0,1584,0.0,156.0,71.6086956521739,68.0,124.0,552,0.0,552.0,215.47826086956522,200.0,424.0,552,1.0,1.0,1.0,1.0,1.0,260,0.9999999999999998,1.0110598139005358,1.0007017951975608,1.0,1.0028082659125528,260,1.0,2.0,1.0446473003030645,1.0,1.1674242424242423,260,0.9999999999999998,2.090545385869326,1.0378359102564674,1.0024443123280504,1.1616807118123578,260,552.0,0.0,0.0,0.0,552.0,260.0,292.0,0.0,0.0,0.0,0.0,292.0,0.47101449275362317,125.0,0.4807692307692308,552.0,260.0,0.47101449275362317,0.0,0.0,0.0,0.0,292.0,0.5289855072463768,0.0,0.0,0.0,0.0,0.0,0.0,0.0,526.2676775455475
240,14400000000000,4.0,31.0,4.589015151515151,4.0,5.0,1584,24.0,24.0,24.0,24.0,24.0,1584,0.0,0.0,0.0,0.0,0.0,1584,4.0,8.0,4.225378787878788,4.0,5.0,1584,0.0,152.0,70.81884057971014,68.0,124.0,552,0.0,536.0,212.44927536231884,200.0,424.0,552,1.0,1.0,1.0,1.0,1.0,552,0.9999999999999996,1.0000000000000004,1.0,1.0,1.0000000000000002,552,1.0,1.2857142857142858,1.007969804895734,1.0,1.0714285714285714,552,0.9999999999999996,1.0000000000000004,1.0,1.0,1.0000000000000002,552,552.0,0.0,0.0,0.0,552.0,552.0,0.0,0.0,0.0,0.0,0.0,0.0,1.0,0.0,0.0,552.0,552.0,1.0,0.0,0.0,0.0,0.0,0.0,0.0,0.0,0.0,0.0,0.0,0.0,0.0,0.0,2348.778123036027
241,14460000000000,4.0,31.0,4.594065656565657,4.0,5.0,1584,21.0,24.0,23.95138888888889,24.0,24.0,1584,0.0,3.0,0.04861111111111111,0.0,0.0,1584,4.0,8.0,4.230429292929293,4.0,5.0,1584,0.0,152.0,70.78985507246377,68.0,124.0,552,0.0,536.0,212.85507246376812,200.0,424.0,552,1.0,1.0,1.0,1.0,1.0,442,0.9999999999999998,1.0078432769436334,1.0003335992797244,1.0,1.0026002807759786,442,1.0,1.6666666666666667,1.039105525728439,1.0,1.1990909090909088,442,0.9999999999999998,2.1115373390481316,1.0327199957024806,1.0,1.1395501572942541,442,552.0,0.0,0.0,0.0,552.0,442.0,110.0,0.0,0.0,0.0,0.0,110.0,0.8007246376811594,145.0,0.32805429864253394,552.0,442.0,0.8007246376811594,0.0,0.0,0.0,0.0,110.0,0.19927536231884058,0.0,0.0,0.0,0.0,0.0,0.0,0.0,246.0454124957323
242,14520000000000,4.0,31.0,4.597222222222222,4.0,5.0,1584,21.0,24.0,23.90340909090909,24.0,24.0,1584,0.0,3.0,0.09659090909090909,0.0,1.0,1584,4.0,8.0,4.233585858585859,4.0,5.0,1584,0.0,156.0,69.64492753623189,68.0,124.0,552,0.0,552.0,208.2753623188406,200.0,424.0,552,1.0,1.0,1.0,1.0,1.0,277,0.9999999999999997,1.0177637109419868,1.000479387002973,1.0,1.0000000000000002,277,1.0,1.6666666666666667,1.0598322977358041,1.0,1.25,277,0.9999999999999998,1.631215953906122,1.0530116538125436,1.0000000000000002,1.2103217187070923,277,552.0,0.0,0.0,0.0,552.0,277.0,275.0,0.0,0.0,0.0,0.0,275.0,0.5018115942028986,133.0,0.48014440433212996,552.0,277.0,0.5018115942028986,0.0,0.0,0.0,0.0,275.0,0.49818840579710144,0.0,0.0,0.0,0.0,0.0,0.0,0.0,347.73480519652367
243,14580000000000,4.0,32.0,4.598484848484849,4.0,5.0,1584,24.0,24.0,24.0,24.0,24.0,1584,0.0,0.0,0.0,0.0,0.0,1584,4.0,8.0,4.234848484848484,4.0,5.0,1584,0.0,160.0,70.6159420289855,64.0,124.0,552,0.0,568.0,211.5072463768116,184.0,424.0,552,1.0,1.0,1.0,1.0,1.0,552,0.9999999999999998,1.0000000000000004,1.0,1.0,1.0000000000000002,552,1.0,1.3333333333333333,1.0113824232884663,1.0,1.0769230769230769,552,0.9999999999999998,1.0000000000000004,1.0,1.0,1.0000000000000002,552,552.0,0.0,0.0,0.0,552.0,552.0,0.0,0.0,0.0,0.0,0.0,0.0,1.0,0.0,0.0,552.0,552.0,1.0,0.0,0.0,0.0,0.0,0.0,0.0,0.0,0.0,0.0,0.0,0.0,0.0,0.0,2432.817278429866
244,14640000000000,4.0,31.0,4.59280303030303,4.0,5.0,1584,21.0,24.0,23.9520202020202,24.0,24.0,1584,0.0,3.0,0.047979797979797977,0.0,0.0,1584,4.0,8.0,4.229166666666667,4.0,5.0,1584,0.0,160.0,72.05072463768116,68.0,128.0,552,0.0,568.0,217.5072463768116,200.0,440.0,552,1.0,1.0,1.0,1.0,1.0,424,0.9999999999999997,1.0000000000000004,1.0,1.0,1.0000000000000002,424,1.0,2.0,1.028412519037443,1.0,1.149722222222222,424,0.9999999999999997,2.826284046303044,1.0245720219866372,1.0,1.0943171946701031,424,552.0,0.0,0.0,0.0,552.0,424.0,128.0,0.0,0.0,0.0,0.0,128.0,0.7681159420289855,101.0,0.23820754716981132,552.0,424.0,0.7681159420289855,0.0,0.0,0.0,0.0,128.0,0.2318840579710145,0.0,0.0,0.0,0.0,0.0,0.0,0.0,423.3403727412224
245,14700000000000,4.0,30.0,4.58080808080808,4.0,5.0,1584,21.0,24.0,23.900883838383837,24.0,24.0,1584,0.0,3.0,0.09911616161616162,0.0,1.0,1584,4.0,8.0,4.232323232323233,4.0,5.0,1584,0.0,156.0,72.16666666666667,68.0,124.0,552,0.0,552.0,217.84057971014494,200.0,424.0,552,1.0,1.0,1.0,1.0,1.0,287,0.9999999999999998,1.004832240308092,1.0001273492239877,1.0,1.0002812774065912,287,1.0,1.5,1.0458397730973972,1.0,1.1857954545454545,287,0.9999999999999998,1.530957687657528,1.0425100937467902,1.0090829109927963,1.1585757122880647,287,552.0,0.0,0.0,0.0,552.0,287.0,265.0,0.0,0.0,0.0,0.0,265.0,0.519927536231884,154.0,0.5365853658536586,552.0,287.0,0.519927536231884,0.0,0.0,0.0,0.0,265.0,0.48007246376811596,0.0,0.0,0.0,0.0,0.0,0.0,0.0,620.9360603243113
246,14760000000000,4.0,31.0,4.594065656565657,4.0,6.0,1584,24.0,24.0,24.0,24.0,24.0,1584,0.0,0.0,0.0,0.0,0.0,1584,4.0,8.0,4.230429292929293,4.0,5.0,1584,0.0,164.0,70.35507246376811,68.0,124.0,552,0.0,584.0,210.85507246376812,200.0,424.0,552,1.0,1.0,1.0,1.0,1.0,552,0.9999999999999997,1.0000000000000002,1.0,1.0,1.0000000000000002,552,1.0,1.3333333333333333,1.0070600012989515,1.0,1.0588235294117647,552,0.9999999999999997,1.0000000000000002,1.0,1.0,1.0000000000000002,552,552.0,0.0,0.0,0.0,552.0,552.0,0.0,0.0,0.0,0.0,0.0,0.0,1.0,0.0,0.0,552.0,552.0,1.0,0.0,0.0,0.0,0.0,0.0,0.0,0.0,0.0,0.0,0.0,0.0,0.0,0.0,2085.9158858656883
247,14820000000000,4.0,31.0,4.576388888888889,4.0,5.0,1584,21.0,24.0,23.94570707070707,24.0,24.0,1584,0.0,3.0,0.054292929292929296,0.0,1.0,1584,4.0,8.0,4.227904040404041,4.0,5.0,1584,0.0,164.0,69.90579710144928,64.0,124.0,552,0.0,584.0,209.05797101449275,184.0,424.0,552,1.0,1.0,1.0,1.0,1.0,407,0.9999999999999998,1.0043101792026634,1.0002815593175398,1.0,1.0010987896836931,407,1.0,1.5,1.0258734193448276,1.0,1.14,407,0.9999999999999998,1.6190030372974324,1.0165094442849871,1.0000000000000002,1.0797566095773659,407,552.0,0.0,0.0,0.0,552.0,407.0,145.0,0.0,0.0,0.0,0.0,145.0,0.7373188405797102,107.0,0.2628992628992629,552.0,407.0,0.7373188405797102,0.0,0.0,0.0,0.0,145.0,0.26268115942028986,0.0,0.0,0.0,0.0,0.0,0.0,0.0,637.1207758784294
248,14880000000000,4.0,32.0,4.601010101010101,4.0,5.0,1584,21.0,24.0,23.902146464646464,24.0,24.0,1584,0.0,3.0,0.09785353535353536,0.0,1.0,1584,4.0,8.0,4.237373737373737,4.0,5.0,1584,0.0,160.0,70.23188405797102,64.0,124.0,552,0.0,568.0,210.36231884057972,184.0,424.0,552,1.0,1.0,1.0,1.0,1.0,301,0.9999999999999998,1.0123913789678576,1.00084258543016,1.0,1.0034023927816433,301,1.0,2.0,1.0450941355846561,1.0,1.2,301,0.9999999999999998,2.3531315422860573,1.0494656056350935,1.007993774963934,1.183867616780898,301,552.0,0.0,0.0,0.0,552.0,301.0,251.0,0.0,0.0,0.0,0.0,251.0,0.5452898550724637,152.0,0.5049833887043189,552.0,301.0,0.5452898550724637,0.0,0.0,0.0,0.0,251.0,0.45471014492753625,0.0,0.0,0.0,0.0,0.0,0.0,0.0,583.3050291985273
249,14940000000000,4.0,32.0,4.596590909090909,4.0,5.0,1584,24.0,24.0,24.0,24.0,24.0,1584,0.0,0.0,0.0,0.0,0.0,1584,4.0,8.0,4.232954545454546,4.0,5.0,1584,0.0,156.0,71.07246376811594,68.0,124.0,552,0.0,552.0,213.46376811594203,200.0,424.0,552,1.0,1.0,1.0,1.0,1.0,552,0.9999999999999997,1.0000000000000002,1.0,1.0,1.0,552,1.0,1.2857142857142858,1.00656912558895,1.0,1.0625,552,0.9999999999999997,1.0000000000000002,1.0,1.0,1.0,552,552.0,0.0,0.0,0.0,552.0,552.0,0.0,0.0,0.0,0.0,0.0,0.0,1.0,0.0,0.0,552.0,552.0,1.0,0.0,0.0,0.0,0.0,0.0,0.0,0.0,0.0,0.0,0.0,0.0,0.0,0.0,1921.9342581927776
250,15000000000000,4.0,30.0,4.583964646464646,4.0,5.0,1584,21.0,24.0,23.94381313131313,24.0,24.0,1584,0.0,3.0,0.05618686868686869,0.0,1.0,1584,4.0,8.0,4.220328282828283,4.0,5.0,1584,0.0,152.0,72.34057971014492,72.0,124.0,552,0.0,536.0,218.66666666666666,216.0,424.0,552,1.0,1.0,1.0,1.0,1.0,417,0.9999999999999998,1.0004110438384193,1.0000051911478143,1.0,1.0000000000000002,417,1.0,2.0,1.030468731384571,1.0,1.1666666666666667,417,0.9999999999999998,1.8946679779874231,1.0182492136452181,1.0,1.0935171871799418,417,552.0,0.0,0.0,0.0,552.0,417.0,135.0,0.0,0.0,0.0,0.0,135.0,0.7554347826086957,111.0,0.26618705035971224,552.0,417.0,0.7554347826086957,0.0,0.0,0.0,0.0,135.0,0.24456521739130435,0.0,0.0,0.0,0.0,0.0,0.0,0.0,515.6326685100794
251,15060000000000,4.0,31.0,4.596590909090909,4.0,6.0,1584,21.0,24.0,23.89962121212121,24.0,24.0,1584,0.0,3.0,0.10037878787878787,0.0,1.0,1584,4.0,8.0,4.232954545454546,4.0,5.0,1584,0.0,148.0,69.52898550724638,68.0,121.79999999999973,552,0.0,520.0,207.55072463768116,200.0,415.1999999999989,552,1.0,1.0,1.0,1.0,1.0,257,0.9999999999999998,1.0011453186939399,1.000016332301342,1.0,1.0000008519642283,257,1.0,1.6666666666666667,1.0559681834030978,1.0,1.2277777777777776,257,0.9999999999999998,1.6489599660196508,1.049017376578239,1.0035737552323107,1.191756980633469,257,552.0,0.0,0.0,0.0,552.0,257.0,295.0,0.0,0.0,0.0,0.0,295.0,0.46557971014492755,131.0,0.5097276264591439,552.0,257.0,0.46557971014492755,0.0,0.0,0.0,0.0,295.0,0.5344202898550725,0.0,0.0,0.0,0.0,0.0,0.0,0.0,383.0053135752678
252,15120000000000,4.0,31.0,4.5978535353535355,4.0,5.0,1584,24.0,24.0,24.0,24.0,24.0,1584,0.0,0.0,0.0,0.0,0.0,1584,4.0,8.0,4.234217171717172,4.0,5.0,1584,0.0,156.0,71.03623188405797,68.0,125.79999999999973,552,0.0,552.0,213.44927536231884,200.0,431.1999999999989,552,1.0,1.0,1.0,1.0,1.0,552,0.9999999999999997,1.0000000000000002,1.0,1.0,1.0000000000000002,552,1.0,1.3333333333333333,1.0091485050555973,1.0,1.0689655172413792,552,0.9999999999999997,1.0000000000000002,1.0,1.0,1.0000000000000002,552,552.0,0.0,0.0,0.0,552.0,552.0,0.0,0.0,0.0,0.0,0.0,0.0,1.0,0.0,0.0,552.0,552.0,1.0,0.0,0.0,0.0,0.0,0.0,0.0,0.0,0.0,0.0,0.0,0.0,0.0,0.0,1256.771421059966
253,15180000000000,4.0,31.0,4.591540404040404,4.0,5.0,1584,21.0,24.0,23.946969696969695,24.0,24.0,1584,0.0,3.0,0.05303030303030303,0.0,0.0,1584,4.0,8.0,4.227904040404041,4.0,5.0,1584,0.0,160.0,71.39855072463769,68.0,128.0,552,0.0,568.0,214.8985507246377,200.0,440.0,552,1.0,1.0,1.0,1.0,1.0,421,0.9999999999999997,1.0000000000000004,1.0,1.0,1.0000000000000002,421,1.0,2.0,1.022682319265047,1.0,1.125,421,0.9999999999999997,1.8925661831860043,1.0131520227008728,1.0,1.0611231155789373,421,552.0,0.0,0.0,0.0,552.0,421.0,131.0,0.0,0.0,0.0,0.0,131.0,0.7626811594202898,88.0,0.20902612826603326,552.0,421.0,0.7626811594202898,0.0,0.0,0.0,0.0,131.0,0.23731884057971014,0.0,0.0,0.0,0.0,0.0,0.0,0.0,409.2842321842909
254,15240000000000,4.0,31.0,4.5852272727272725,4.0,5.0,1584,21.0,24.0,23.900883838383837,24.0,24.0,1584,0.0,3.0,0.09911616161616162,0.0,1.0,1584,4.0,8.0,4.236742424242424,4.0,5.0,1584,0.0,156.0,70.68840579710145,68.0,120.0,552,0.0,552.0,211.92753623188406,200.0,408.0,552,1.0,1.0,1.0,1.0,1.0,319,0.9999999999999997,1.0074599242194986,1.0003115816226162,1.0,1.0040281787105119,319,1.0,1.5,1.0513046081993054,1.0,1.2249999999999992,319,0.9999999999999998,1.855718263256821,1.050554950910666,1.0106865151762925,1.2147780462212827,319,552.0,0.0,0.0,0.0,552.0,319.0,233.0,0.0,0.0,0.0,0.0,233.0,0.5778985507246377,185.0,0.5799373040752351,552.0,319.0,0.5778985507246377,0.0,0.0,0.0,0.0,233.0,0.4221014492753623,0.0,0.0,0.0,0.0,0.0,0.0,0.0,234.21296291053295
255,15300000000000,4.0,31.0,4.5896464646464645,4.0,5.0,1584,24.0,24.0,24.0,24.0,24.0,1584,0.0,0.0,0.0,0.0,0.0,1584,4.0,8.0,4.226010101010101,4.0,5.0,1584,0.0,156.0,71.03623188405797,68.0,124.0,552,0.0,552.0,213.57971014492753,200.0,424.0,552,1.0,1.0,1.0,1.0,1.0,552,0.9999999999999997,1.0000000000000002,1.0,1.0,1.0000000000000002,552,1.0,1.3333333333333333,1.0072374803452808,1.0,1.063407258064516,552,0.9999999999999997,1.0000000000000002,1.0,1.0,1.0000000000000002,552,552.0,0.0,0.0,0.0,552.0,552.0,0.0,0.0,0.0,0.0,0.0,0.0,1.0,0.0,0.0,552.0,552.0,1.0,0.0,0.0,0.0,0.0,0.0,0.0,0.0,0.0,0.0,0.0,0.0,0.0,0.0,1150.4459995776415
256,15360000000000,4.0,31.0,4.5896464646464645,4.0,5.0,1584,21.0,24.0,23.944444444444443,24.0,24.0,1584,0.0,3.0,0.05555555555555555,0.0,1.0,1584,4.0,8.0,4.226010101010101,4.0,5.0,1584,0.0,156.0,70.66666666666667,68.0,124.0,552,0.0,552.0,212.1014492753623,200.0,424.0,552,1.0,1.0,1.0,1.0,1.0,389,0.9999999999999997,1.0066277675452728,1.0004410335380045,1.0,1.0017699446307333,389,1.0,2.0,1.040962587628597,1.0,1.1818181818181819,389,0.9999999999999997,2.8020613186004897,1.0308586045299093,1.0000000000000002,1.1672094634891228,389,552.0,0.0,0.0,0.0,552.0,389.0,163.0,0.0,0.0,0.0,0.0,163.0,0.7047101449275363,107.0,0.2750642673521851,552.0,389.0,0.7047101449275363,0.0,0.0,0.0,0.0,163.0,0.29528985507246375,0.0,0.0,0.0,0.0,0.0,0.0,0.0,265.3889935463667
257,15420000000000,4.0,31.0,4.595328282828283,4.0,5.0,1584,21.0,24.0,23.900252525252526,24.0,24.0,1584,0.0,3.0,0.09974747474747475,0.0,1.0,1584,4.0,8.0,4.23169191919192,4.0,5.0,1584,0.0,160.0,70.02173913043478,68.0,124.0,552,0.0,568.0,209.52173913043478,200.0,424.0,552,1.0,1.0,1.0,1.0,1.0,276,0.9999999999999998,1.0154899233788863,1.0009903252428816,1.0,1.0039107445236246,276,1.0,1.6666666666666667,1.0631514194433525,1.0,1.25,276,0.9999999999999998,2.3592690299188326,1.0654471023032983,1.014745602522959,1.241855091244834,276,552.0,0.0,0.0,0.0,552.0,276.0,276.0,0.0,0.0,0.0,0.0,276.0,0.5,174.0,0.6304347826086957,552.0,276.0,0.5,0.0,0.0,0.0,0.0,276.0,0.5,0.0,0.0,0.0,0.0,0.0,0.0,0.0,440.78516587615013
258,15480000000000,4.0,32.0,4.596590909090909,4.0,5.0,1584,24.0,24.0,24.0,24.0,24.0,1584,0.0,0.0,0.0,0.0,0.0,1584,4.0,8.0,4.232954545454546,4.0,5.0,1584,0.0,160.0,71.68840579710145,68.0,124.0,552,0.0,568.0,216.05797101449275,200.0,424.0,552,1.0,1.0,1.0,1.0,1.0,552,0.9999999999999997,1.0000000000000002,1.0,1.0,1.0000000000000002,552,1.0,1.2857142857142858,1.0060948043763023,1.0,1.0526315789473684,552,0.9999999999999997,1.0000000000000002,1.0,1.0,1.0000000000000002,552,552.0,0.0,0.0,0.0,552.0,552.0,0.0,0.0,0.0,0.0,0.0,0.0,1.0,0.0,0.0,552.0,552.0,1.0,0.0,0.0,0.0,0.0,0.0,0.0,0.0,0.0,0.0,0.0,0.0,0.0,0.0,1383.854990825057
259,15540000000000,4.0,30.0,4.595328282828283,4.0,5.0,1584,21.0,24.0,23.9520202020202,24.0,24.0,1584,0.0,3.0,0.047979797979797977,0.0,0.0,1584,4.0,8.0,4.23169191919192,4.0,5.0,1584,0.0,156.0,70.52898550724638,68.0,124.0,552,0.0,552.0,211.55072463768116,200.0,424.0,552,1.0,1.0,1.0,1.0,1.0,461,0.9999999999999996,1.0000000000000002,1.0,1.0,1.0000000000000002,461,1.0,2.0,1.0250166988196143,1.0,1.125,461,0.9999999999999996,1.8212070593918357,1.0156484102715198,1.0,1.080546807517111,461,552.0,0.0,0.0,0.0,552.0,461.0,91.0,0.0,0.0,0.0,0.0,91.0,0.8351449275362319,137.0,0.29718004338394793,552.0,461.0,0.8351449275362319,0.0,0.0,0.0,0.0,91.0,0.16485507246376813,0.0,0.0,0.0,0.0,0.0,0.0,0.0,247.5471179932356
260,15600000000000,4.0,31.0,4.59469696969697,4.0,5.849999999999909,1584,21.0,24.0,23.90340909090909,24.0,24.0,1584,0.0,3.0,0.09659090909090909,0.0,1.0,1584,4.0,8.0,4.231060606060606,4.0,5.0,1584,0.0,156.0,71.06521739130434,68.0,124.0,552,0.0,552.0,213.56521739130434,200.0,424.0,552,1.0,1.0,1.0,1.0,1.0,243,0.9999999999999997,1.0033259802544698,1.0001978206630529,1.0,1.0009605320535135,243,1.0,1.6666666666666667,1.0464829992065168,1.0,1.1981818181818178,243,0.9999999999999998,1.6547896409848881,1.0441686815046431,1.0005772010163407,1.1826373752042663,243,552.0,0.0,0.0,0.0,552.0,243.0,309.0,0.0,0.0,0.0,0.0,309.0,0.44021739130434784,111.0,0.4567901234567901,552.0,243.0,0.44021739130434784,0.0,0.0,0.0,0.0,309.0,0.5597826086956522,0.0,0.0,0.0,0.0,0.0,0.0,0.0,409.82782281935215
261,15660000000000,4.0,31.0,4.595959595959596,4.0,6.0,1584,24.0,24.0,24.0,24.0,24.0,1584,0.0,0.0,0.0,0.0,0.0,1584,4.0,8.0,4.232323232323233,4.0,5.0,1584,0.0,156.0,70.3840579710145,68.0,128.0,552,0.0,552.0,210.84057971014494,200.0,440.0,552,1.0,1.0,1.0,1.0,1.0,552,0.9999999999999996,1.0000000000000004,1.0,1.0,1.0000000000000002,552,1.0,1.3333333333333333,1.00881441845347,1.0,1.0666666666666667,552,0.9999999999999996,1.0000000000000004,1.0,1.0,1.0000000000000002,552,552.0,0.0,0.0,0.0,552.0,552.0,0.0,0.0,0.0,0.0,0.0,0.0,1.0,0.0,0.0,552.0,552.0,1.0,0.0,0.0,0.0,0.0,0.0,0.0,0.0,0.0,0.0,0.0,0.0,0.0,0.0,1259.0976897627115
262,15720000000000,4.0,32.0,4.59280303030303,4.0,5.0,1584,21.0,24.0,23.94570707070707,24.0,24.0,1584,0.0,3.0,0.054292929292929296,0.0,0.849999999999909,1584,4.0,8.0,4.229166666666667,4.0,5.0,1584,0.0,156.0,69.83333333333333,68.0,124.0,552,0.0,552.0,208.5072463768116,200.0,424.0,552,1.0,1.0,1.0,1.0,1.0,395,0.9999999999999997,1.001474425802283,1.0000270899966117,1.0,1.0000000000000002,395,1.0,2.0,1.0305100682022827,1.0,1.1712121212121205,395,0.9999999999999997,2.0963095127519558,1.025152649396039,1.0,1.1478060762321125,395,552.0,0.0,0.0,0.0,552.0,395.0,157.0,0.0,0.0,0.0,0.0,157.0,0.7155797101449275,92.0,0.23291139240506328,552.0,395.0,0.7155797101449275,0.0,0.0,0.0,0.0,157.0,0.28442028985507245,0.0,0.0,0.0,0.0,0.0,0.0,0.0,439.6119639277458
263,15780000000000,4.0,32.0,4.600378787878788,4.0,5.0,1584,21.0,24.0,23.900252525252526,24.0,24.0,1584,0.0,3.0,0.09974747474747475,0.0,1.0,1584,4.0,8.0,4.236742424242424,4.0,5.0,1584,0.0,156.0,71.59420289855072,68.0,129.79999999999973,552,0.0,552.0,215.81159420289856,200.0,447.1999999999989,552,1.0,1.0,1.0,1.0,1.0,278,0.9999999999999997,1.0103071062994298,1.000298826370317,1.0,1.0000000000000002,278,1.0,2.0,1.0656467507822165,1.0,1.25,278,0.9999999999999997,1.8733794208415333,1.0602509972088028,1.0145815380459662,1.2521050940834937,278,552.0,0.0,0.0,0.0,552.0,278.0,274.0,0.0,0.0,0.0,0.0,274.0,0.5036231884057971,157.0,0.564748201438849,552.0,278.0,0.5036231884057971,0.0,0.0,0.0,0.0,274.0,0.4963768115942029,0.0,0.0,0.0,0.0,0.0,0.0,0.0,435.759823769331
264,15840000000000,4.0,32.0,4.589015151515151,4.0,5.0,1584,24.0,24.0,24.0,24.0,24.0,1584,0.0,0.0,0.0,0.0,0.0,1584,4.0,8.0,4.225378787878788,4.0,5.0,1584,0.0,160.0,70.92753623188406,68.0,124.0,552,0.0,568.0,213.0144927536232,200.0,424.0,552,1.0,1.0,1.0,1.0,1.0,552,0.9999999999999998,1.0000000000000004,1.0,1.0,1.0000000000000002,552,1.0,1.3333333333333333,1.0069010676272458,1.0,1.0643749999999996,552,0.9999999999999998,1.0000000000000004,1.0,1.0,1.0000000000000002,552,552.0,0.0,0.0,0.0,552.0,552.0,0.0,0.0,0.0,0.0,0.0,0.0,1.0,0.0,0.0,552.0,552.0,1.0,0.0,0.0,0.0,0.0,0.0,0.0,0.0,0.0,0.0,0.0,0.0,0.0,0.0,1109.5305867493153
265,15900000000000,4.0,31.0,4.592171717171717,4.0,5.0,1584,21.0,24.0,23.949494949494948,24.0,24.0,1584,0.0,3.0,0.050505050505050504,0.0,0.0,1584,4.0,8.0,4.228535353535354,4.0,5.0,1584,0.0,156.0,70.94927536231884,68.0,124.0,552,0.0,552.0,213.36231884057972,200.0,424.0,552,1.0,1.0,1.0,1.0,1.0,407,0.9999999999999998,1.0080595571936282,1.000621544035058,1.0,1.0024598481168046,407,1.0,1.6666666666666667,1.0378009239521488,1.0,1.2,407,0.9999999999999998,1.509176037607837,1.027017110849935,1.0006153486882536,1.1383839350080636,407,552.0,0.0,0.0,0.0,552.0,407.0,145.0,0.0,0.0,0.0,0.0,145.0,0.7373188405797102,120.0,0.29484029484029484,552.0,407.0,0.7373188405797102,0.0,0.0,0.0,0.0,145.0,0.26268115942028986,0.0,0.0,0.0,0.0,0.0,0.0,0.0,514.3264811486006
266,15960000000000,4.0,31.0,4.599747474747475,4.0,6.0,1584,21.0,24.0,23.900252525252526,24.0,24.0,1584,0.0,3.0,0.09974747474747475,0.0,1.0,1584,4.0,8.0,4.236111111111111,4.0,5.0,1584,0.0,156.0,69.57246376811594,66.0,124.0,552,0.0,552.0,207.9855072463768,192.0,424.0,552,1.0,1.0,1.0,1.0,1.0,227,0.9999999999999996,1.0185777077878722,1.0011302000938214,1.0,1.0046356215521064,227,1.0,1.6666666666666667,1.0818025186175233,1.05,1.3190476190476186,227,0.9999999999999996,2.331232629984715,1.0693926533264475,1.0177281175608253,1.296556076377833,227,552.0,0.0,0.0,0.0,552.0,227.0,325.0,0.0,0.0,0.0,0.0,325.0,0.411231884057971,148.0,0.6519823788546255,552.0,227.0,0.411231884057971,0.0,0.0,0.0,0.0,325.0,0.5887681159420289,0.0,0.0,0.0,0.0,0.0,0.0,0.0,481.48611932992935
267,16020000000000,4.0,32.0,4.597222222222222,4.0,5.0,1584,24.0,24.0,24.0,24.0,24.0,1584,0.0,0.0,0.0,0.0,0.0,1584,4.0,8.0,4.233585858585859,4.0,5.0,1584,0.0,156.0,71.26086956521739,68.0,124.0,552,0.0,552.0,214.2173913043478,200.0,424.0,552,1.0,1.0,1.0,1.0,1.0,552,0.9999999999999997,1.0000000000000004,1.0,1.0,1.0000000000000002,552,1.0,1.3333333333333333,1.007164458473271,1.0,1.0570261437908495,552,0.9999999999999997,1.0000000000000004,1.0,1.0,1.0000000000000002,552,552.0,0.0,0.0,0.0,552.0,552.0,0.0,0.0,0.0,0.0,0.0,0.0,1.0,0.0,0.0,552.0,552.0,1.0,0.0,0.0,0.0,0.0,0.0,0.0,0.0,0.0,0.0,0.0,0.0,0.0,0.0,1126.334747299552
268,16080000000000,4.0,31.0,4.595328282828283,4.0,5.0,1584,21.0,24.0,23.94823232323232,24.0,24.0,1584,0.0,3.0,0.05176767676767677,0.0,0.0,1584,4.0,8.0,4.23169191919192,4.0,5.0,1584,0.0,156.0,71.20289855072464,68.0,128.0,552,0.0,552.0,214.1159420289855,200.0,440.0,552,1.0,1.0,1.0,1.0,1.0,433,0.9999999999999998,1.0000000000000002,1.0,1.0,1.0000000000000002,433,1.0,2.0,1.026427360155435,1.0,1.156307692307692,433,0.9999999999999998,1.7520229458873544,1.017600674581277,1.0,1.0981429267902423,433,552.0,0.0,0.0,0.0,552.0,433.0,119.0,0.0,0.0,0.0,0.0,119.0,0.7844202898550725,110.0,0.2540415704387991,552.0,433.0,0.7844202898550725,0.0,0.0,0.0,0.0,119.0,0.21557971014492755,0.0,0.0,0.0,0.0,0.0,0.0,0.0,376.12578086555004
269,16140000000000,4.0,30.0,4.579545454545454,4.0,5.0,1584,21.0,24.0,23.897727272727273,24.0,24.0,1584,0.0,3.0,0.10227272727272728,0.0,1.0,1584,4.0,8.0,4.231060606060606,4.0,5.0,1584,0.0,156.0,71.6231884057971,68.0,121.79999999999973,552,0.0,552.0,215.66666666666666,200.0,415.1999999999989,552,1.0,1.0,1.0,1.0,1.0,241,0.9999999999999997,1.006191807428319,1.0004012677841334,1.0,1.0017390351297553,241,1.0,1.5,1.049184949733195,1.0,1.25,241,0.9999999999999998,1.7607990224326324,1.0396817585598181,1.0011711337877087,1.1740072818212504,241,552.0,0.0,0.0,0.0,552.0,241.0,311.0,0.0,0.0,0.0,0.0,311.0,0.4365942028985507,107.0,0.44398340248962653,552.0,241.0,0.4365942028985507,0.0,0.0,0.0,0.0,311.0,0.5634057971014492,0.0,0.0,0.0,0.0,0.0,0.0,0.0,260.93423180282116
270,16200000000000,4.0,31.0,4.59280303030303,4.0,5.849999999999909,1584,24.0,24.0,24.0,24.0,24.0,1584,0.0,0.0,0.0,0.0,0.0,1584,4.0,8.0,4.229166666666667,4.0,5.0,1584,0.0,148.0,69.83333333333333,68.0,124.0,552,0.0,520.0,208.8985507246377,200.0,424.0,552,1.0,1.0,1.0,1.0,1.0,552,0.9999999999999997,1.0000000000000002,1.0,1.0,1.0000000000000002,552,1.0,1.2666666666666666,1.0091229341405707,1.0,1.0753561253561252,552,0.9999999999999997,1.0000000000000002,1.0,1.0,1.0000000000000002,552,552.0,0.0,0.0,0.0,552.0,552.0,0.0,0.0,0.0,0.0,0.0,0.0,1.0,0.0,0.0,552.0,552.0,1.0,0.0,0.0,0.0,0.0,0.0,0.0,0.0,0.0,0.0,0.0,0.0,0.0,0.0,1390.7007984817028
271,16260000000000,4.0,31.0,4.592171717171717,4.0,5.0,1584,21.0,24.0,23.94381313131313,24.0,24.0,1584,0.0,3.0,0.05618686868686869,0.0,1.0,1584,4.0,8.0,4.228535353535354,4.0,5.0,1584,0.0,152.0,70.5,68.0,124.0,552,0.0,536.0,211.43478260869566,200.0,424.0,552,1.0,1.0,1.0,1.0,1.0,364,0.9999999999999998,1.0051983804127251,1.0001777409925685,1.0,1.0016035332751911,364,1.0,1.6666666666666667,1.032173625743187,1.0,1.1666666666666667,364,0.9999999999999998,2.084487714848472,1.024872654251308,1.0,1.1013104935277418,364,552.0,0.0,0.0,0.0,552.0,364.0,188.0,0.0,0.0,0.0,0.0,188.0,0.6594202898550725,113.0,0.31043956043956045,552.0,364.0,0.6594202898550725,0.0,0.0,0.0,0.0,188.0,0.34057971014492755,0.0,0.0,0.0,0.0,0.0,0.0,0.0,248.414758592844
272,16320000000000,4.0,32.0,4.601010101010101,4.0,5.0,1584,21.0,24.0,23.901515151515152,24.0,24.0,1584,0.0,3.0,0.09848484848484848,0.0,1.0,1584,4.0,8.0,4.237373737373737,4.0,5.0,1584,0.0,156.0,69.5072463768116,64.0,124.0,552,0.0,552.0,207.7246376811594,184.0,424.0,552,1.0,1.0,1.0,1.0,1.0,259,0.9999999999999997,1.0153946915849177,1.0004562162914348,1.0,1.0003188564361913,259,1.0,1.5,1.058809259635436,1.0,1.25,259,0.9999999999999997,1.6249198363762007,1.048088137580335,1.002137054905901,1.1905143381000802,259,552.0,0.0,0.0,0.0,552.0,259.0,293.0,0.0,0.0,0.0,0.0,293.0,0.4692028985507246,128.0,0.4942084942084942,552.0,259.0,0.4692028985507246,0.0,0.0,0.0,0.0,293.0,0.5307971014492754,0.0,0.0,0.0,0.0,0.0,0.0,0.0,356.16524145007133
273,16380000000000,4.0,32.0,4.591540404040404,4.0,5.0,1584,24.0,24.0,24.0,24.0,24.0,1584,0.0,0.0,0.0,0.0,0.0,1584,4.0,8.0,4.227904040404041,4.0,5.0,1584,0.0,164.0,72.09420289855072,68.0,124.0,552,0.0,584.0,217.68115942028984,200.0,424.0,552,1.0,1.0,1.0,1.0,1.0,552,0.9999999999999998,1.0000000000000004,1.0,1.0,1.0000000000000002,552,1.0,1.3333333333333333,1.0082819205813147,1.0,1.0666666666666667,552,0.9999999999999998,1.0000000000000004,1.0,1.0,1.0000000000000002,552,552.0,0.0,0.0,0.0,552.0,552.0,0.0,0.0,0.0,0.0,0.0,0.0,1.0,0.0,0.0,552.0,552.0,1.0,0.0,0.0,0.0,0.0,0.0,0.0,0.0,0.0,0.0,0.0,0.0,0.0,0.0,1403.7016853690147
274,16440000000000,4.0,30.0,4.59469696969697,4.0,5.0,1584,21.0,24.0,23.9520202020202,24.0,24.0,1584,0.0,3.0,0.047979797979797977,0.0,0.0,1584,4.0,8.0,4.231060606060606,4.0,5.0,1584,0.0,156.0,70.40579710144928,64.0,124.0,552,0.0,552.0,210.79710144927537,184.0,424.0,552,1.0,1.0,1.0,1.0,1.0,421,0.9999999999999998,1.0000000000000002,1.0,1.0,1.0000000000000002,421,1.0,1.6666666666666667,1.028995018142201,1.0,1.1538461538461537,421,0.9999999999999998,1.4704354778658095,1.0195910947458482,1.0,1.1104503951270637,421,552.0,0.0,0.0,0.0,552.0,421.0,131.0,0.0,0.0,0.0,0.0,131.0,0.7626811594202898,111.0,0.26365795724465557,552.0,421.0,0.7626811594202898,0.0,0.0,0.0,0.0,131.0,0.23731884057971014,0.0,0.0,0.0,0.0,0.0,0.0,0.0,271.4445684105158
275,16500000000000,4.0,31.0,4.599116161616162,4.0,6.0,1584,21.0,24.0,23.907828282828284,24.0,24.0,1584,0.0,3.0,0.09217171717171717,0.0,1.0,1584,4.0,8.0,4.235479797979798,4.0,5.0,1584,0.0,164.0,71.15217391304348,68.0,121.79999999999973,552,0.0,584.0,213.91304347826087,200.0,415.1999999999989,552,1.0,1.0,1.0,1.0,1.0,285,0.9999999999999998,1.0012041634920106,1.0000151606765253,1.0,1.0000412904658744,285,1.0,2.0,1.0589545445332427,1.0,1.2857142857142858,285,0.9999999999999998,2.2740922759994544,1.0546733780290707,1.0000732088604227,1.2497803903586813,285,552.0,0.0,0.0,0.0,552.0,285.0,267.0,0.0,0.0,0.0,0.0,267.0,0.5163043478260869,141.0,0.49473684210526314,552.0,285.0,0.5163043478260869,0.0,0.0,0.0,0.0,267.0,0.483695652173913,0.0,0.0,0.0,0.0,0.0,0.0,0.0,477.8394866734743
276,16560000000000,4.0,31.0,4.595959595959596,4.0,6.0,1584,24.0,24.0,24.0,24.0,24.0,1584,0.0,0.0,0.0,0.0,0.0,1584,4.0,8.0,4.232323232323233,4.0,5.0,1584,0.0,156.0,69.8913043478261,66.0,124.0,552,0.0,552.0,208.8695652173913,192.0,424.0,552,1.0,1.0,1.0,1.0,1.0,552,0.9999999999999997,1.0000000000000002,1.0,1.0,1.0000000000000002,552,1.0,1.3333333333333333,1.0083905304997944,1.0,1.0666666666666667,552,0.9999999999999997,1.0000000000000002,1.0,1.0,1.0000000000000002,552,552.0,0.0,0.0,0.0,552.0,552.0,0.0,0.0,0.0,0.0,0.0,0.0,1.0,0.0,0.0,552.0,552.0,1.0,0.0,0.0,0.0,0.0,0.0,0.0,0.0,0.0,0.0,0.0,0.0,0.0,0.0,1047.2509916871786
277,16620000000000,4.0,32.0,4.59469696969697,4.0,5.0,1584,21.0,24.0,23.946969696969695,24.0,24.0,1584,0.0,3.0,0.05303030303030303,0.0,0.0,1584,4.0,8.0,4.231060606060606,4.0,5.0,1584,0.0,156.0,70.1376811594203,64.0,128.0,552,0.0,552.0,209.85507246376812,184.0,440.0,552,1.0,1.0,1.0,1.0,1.0,416,0.9999999999999996,1.000024930280083,1.0000002310343443,1.0,1.0000000000000002,416,1.0,2.0,1.025743736922568,1.0,1.1538461538461537,416,0.9999999999999996,1.9466864080990836,1.0166321792755935,1.0,1.1007212355807814,416,552.0,0.0,0.0,0.0,552.0,416.0,136.0,0.0,0.0,0.0,0.0,136.0,0.7536231884057971,106.0,0.2548076923076923,552.0,416.0,0.7536231884057971,0.0,0.0,0.0,0.0,136.0,0.2463768115942029,0.0,0.0,0.0,0.0,0.0,0.0,0.0,431.7738525569439
278,16680000000000,4.0,31.0,4.581439393939394,4.0,5.0,1584,21.0,24.0,23.89962121212121,24.0,24.0,1584,0.0,3.0,0.10037878787878787,0.0,1.0,1584,4.0,8.0,4.232954545454546,4.0,5.0,1584,0.0,156.0,70.85507246376811,68.0,121.79999999999973,552,0.0,552.0,212.46376811594203,200.0,415.1999999999989,552,1.0,1.0,1.0,1.0,1.0,271,0.9999999999999996,1.0098208456013185,1.0005980337807974,1.0,1.002464969708662,271,1.0,2.0,1.0441801397729005,1.0,1.2,271,0.9999999999999996,2.3063663753076833,1.0371265158939214,1.0018160802203222,1.1752557776624277,271,552.0,0.0,0.0,0.0,552.0,271.0,281.0,0.0,0.0,0.0,0.0,281.0,0.49094202898550726,121.0,0.44649446494464945,552.0,271.0,0.49094202898550726,0.0,0.0,0.0,0.0,281.0,0.5090579710144928,0.0,0.0,0.0,0.0,0.0,0.0,0.0,446.08340226113796
279,16740000000000,4.0,31.0,4.585858585858586,4.0,5.0,1584,24.0,24.0,24.0,24.0,24.0,1584,0.0,0.0,0.0,0.0,0.0,1584,4.0,8.0,4.222222222222222,4.0,5.0,1584,0.0,152.0,70.8695652173913,68.0,124.0,552,0.0,536.0,212.52173913043478,200.0,424.0,552,1.0,1.0,1.0,1.0,1.0,552,0.9999999999999997,1.0000000000000002,1.0,1.0,1.0,552,1.0,1.3076923076923077,1.0067212904271108,1.0,1.0464130434782604,552,0.9999999999999997,1.0000000000000002,1.0,1.0,1.0,552,552.0,0.0,0.0,0.0,552.0,552.0,0.0,0.0,0.0,0.0,0.0,0.0,1.0,0.0,0.0,552.0,552.0,1.0,0.0,0.0,0.0,0.0,0.0,0.0,0.0,0.0,0.0,0.0,0.0,0.0,0.0,1178.3005204051733
280,16800000000000,4.0,31.0,4.598484848484849,4.0,6.0,1584,21.0,24.0,23.9520202020202,24.0,24.0,1584,0.0,3.0,0.047979797979797977,0.0,0.0,1584,4.0,8.0,4.234848484848484,4.0,5.0,1584,0.0,152.0,71.09420289855072,68.0,124.0,552,0.0,536.0,213.68115942028984,200.0,424.0,552,1.0,1.0,1.0,1.0,1.0,442,0.9999999999999997,1.0067382859852907,1.0002743396256946,1.0,1.0021454777691987,442,1.0,2.0,1.0434110729373427,1.0,1.2222222222222223,442,0.9999999999999997,2.054271601108415,1.0373999229432649,1.0,1.1404640846836847,442,552.0,0.0,0.0,0.0,552.0,442.0,110.0,0.0,0.0,0.0,0.0,110.0,0.8007246376811594,174.0,0.3936651583710407,552.0,442.0,0.8007246376811594,0.0,0.0,0.0,0.0,110.0,0.19927536231884058,0.0,0.0,0.0,0.0,0.0,0.0,0.0,382.35303573310375
281,16860000000000,4.0,31.0,4.5978535353535355,4.0,5.0,1584,21.0,24.0,23.901515151515152,24.0,24.0,1584,0.0,3.0,0.09848484848484848,0.0,1.0,1584,4.0,8.0,4.234217171717172,4.0,5.0,1584,0.0,156.0,70.02173913043478,68.0,124.0,552,0.0,552.0,209.65217391304347,200.0,424.0,552,1.0,1.0,1.0,1.0,1.0,268,0.9999999999999996,1.016564909565445,1.000440866578199,1.0,1.0000000000000002,268,1.0,2.0,1.0688195894752812,1.0,1.25,268,0.9999999999999996,1.9932446861914073,1.0624053559834647,1.0148988316552363,1.229928198583573,268,552.0,0.0,0.0,0.0,552.0,268.0,284.0,0.0,0.0,0.0,0.0,284.0,0.4855072463768116,145.0,0.5410447761194029,552.0,268.0,0.4855072463768116,0.0,0.0,0.0,0.0,284.0,0.5144927536231884,0.0,0.0,0.0,0.0,0.0,0.0,0.0,450.8730825036764
282,16920000000000,4.0,32.0,4.594065656565657,4.0,5.0,1584,24.0,24.0,24.0,24.0,24.0,1584,0.0,0.0,0.0,0.0,0.0,1584,4.0,8.0,4.230429292929293,4.0,5.0,1584,0.0,160.0,70.81159420289855,64.0,124.0,552,0.0,568.0,212.42028985507247,184.0,424.0,552,1.0,1.0,1.0,1.0,1.0,552,0.9999999999999997,1.0000000000000004,1.0,1.0,1.0000000000000002,552,1.0,1.3333333333333333,1.0094542734273448,1.0,1.0714285714285714,552,0.9999999999999997,1.0000000000000004,1.0,1.0,1.0000000000000002,552,552.0,0.0,0.0,0.0,552.0,552.0,0.0,0.0,0.0,0.0,0.0,0.0,1.0,0.0,0.0,552.0,552.0,1.0,0.0,0.0,0.0,0.0,0.0,0.0,0.0,0.0,0.0,0.0,0.0,0.0,0.0,1217.4181304872036
283,16980000000000,4.0,31.0,4.597222222222222,4.0,5.0,1584,21.0,24.0,23.955176767676768,24.0,24.0,1584,0.0,3.0,0.04482323232323232,0.0,0.0,1584,4.0,8.0,4.233585858585859,4.0,5.0,1584,0.0,160.0,71.93478260869566,68.0,128.0,552,0.0,568.0,217.04347826086956,200.0,440.0,552,1.0,1.0,1.0,1.0,1.0,427,0.9999999999999997,1.0000000000000004,1.0,1.0,1.0000000000000002,427,1.0,2.0,1.0291587132098439,1.0,1.1428571428571428,427,0.9999999999999997,2.811969873479882,1.0267980017861646,1.0,1.1046448877503994,427,552.0,0.0,0.0,0.0,552.0,427.0,125.0,0.0,0.0,0.0,0.0,125.0,0.7735507246376812,108.0,0.2529274004683841,552.0,427.0,0.7735507246376812,0.0,0.0,0.0,0.0,125.0,0.22644927536231885,0.0,0.0,0.0,0.0,0.0,0.0,0.0,498.3856212347746
284,17040000000000,4.0,30.0,4.575757575757576,4.0,5.0,1584,21.0,24.0,23.900252525252526,24.0,24.0,1584,0.0,3.0,0.09974747474747475,0.0,1.0,1584,4.0,8.0,4.2272727272727275,4.0,5.0,1584,0.0,156.0,71.8623188405797,68.0,124.0,552,0.0,552.0,216.6231884057971,200.0,424.0,552,1.0,1.0,1.0,1.0,1.0,288,0.9999999999999998,1.0038167162482803,1.0000952718903724,1.0,1.0001941275020734,288,1.0,1.5,1.0448532007024232,1.0,1.1818181818181819,288,0.9999999999999998,1.523569386551681,1.0415305654873053,1.008193493818024,1.1449113598105216,288,552.0,0.0,0.0,0.0,552.0,288.0,264.0,0.0,0.0,0.0,0.0,264.0,0.5217391304347826,153.0,0.53125,552.0,288.0,0.5217391304347826,0.0,0.0,0.0,0.0,264.0,0.4782608695652174,0.0,0.0,0.0,0.0,0.0,0.0,0.0,229.25102151930332
285,17100000000000,4.0,31.0,4.59469696969697,4.0,6.0,1584,24.0,24.0,24.0,24.0,24.0,1584,0.0,0.0,0.0,0.0,0.0,1584,4.0,8.0,4.231060606060606,4.0,5.0,1584,0.0,164.0,70.3768115942029,68.0,128.0,552,0.0,584.0,210.94202898550725,200.0,440.0,552,1.0,1.0,1.0,1.0,1.0,552,0.9999999999999996,1.0000000000000002,1.0,1.0,1.0000000000000002,552,1.0,1.3333333333333333,1.0071686705807588,1.0,1.0604779411764704,552,0.9999999999999996,1.0000000000000002,1.0,1.0,1.0000000000000002,552,552.0,0.0,0.0,0.0,552.0,552.0,0.0,0.0,0.0,0.0,0.0,0.0,1.0,0.0,0.0,552.0,552.0,1.0,0.0,0.0,0.0,0.0,0.0,0.0,0.0,0.0,0.0,0.0,0.0,0.0,0.0,1289.5502615720034
286,17160000000000,4.0,31.0,4.594065656565657,4.0,5.0,1584,21.0,24.0,23.946969696969695,24.0,24.0,1584,0.0,3.0,0.05303030303030303,0.0,0.0,1584,4.0,8.0,4.230429292929293,4.0,5.0,1584,0.0,164.0,70.51449275362319,68.0,124.0,552,0.0,584.0,211.4927536231884,200.0,424.0,552,1.0,1.0,1.0,1.0,1.0,415,0.9999999999999997,1.0030323637855192,1.0001731134983505,1.0,1.0007118217232556,415,1.0,1.6666666666666667,1.0257622921172975,1.0,1.1394088669950737,415,0.9999999999999997,1.473815582935456,1.0173153246898823,1.0000000000000002,1.091408888496438,415,552.0,0.0,0.0,0.0,552.0,415.0,137.0,0.0,0.0,0.0,0.0,137.0,0.7518115942028986,106.0,0.25542168674698795,552.0,415.0,0.7518115942028986,0.0,0.0,0.0,0.0,137.0,0.24818840579710144,0.0,0.0,0.0,0.0,0.0,0.0,0.0,250.9190272539854
287,17220000000000,4.0,32.0,4.601641414141414,4.0,5.0,1584,21.0,24.0,23.900252525252526,24.0,24.0,1584,0.0,3.0,0.09974747474747475,0.0,1.0,1584,4.0,8.0,4.23800505050505,4.0,5.0,1584,0.0,160.0,69.60144927536231,64.0,124.0,552,0.0,568.0,207.84057971014494,184.0,424.0,552,1.0,1.0,1.0,1.0,1.0,309,0.9999999999999998,1.0112113771621432,1.0008268588974822,1.0,1.0033024885369213,309,1.0,2.0,1.047233343119092,1.0,1.2,309,0.9999999999999998,2.286859590164602,1.0532334692416219,1.008834003688206,1.2156518041076192,309,552.0,0.0,0.0,0.0,552.0,309.0,243.0,0.0,0.0,0.0,0.0,243.0,0.5597826086956522,165.0,0.5339805825242718,552.0,309.0,0.5597826086956522,0.0,0.0,0.0,0.0,243.0,0.44021739130434784,0.0,0.0,0.0,0.0,0.0,0.0,0.0,448.70298355817795
288,17280000000000,4.0,32.0,4.593434343434343,4.0,5.0,1584,24.0,24.0,24.0,24.0,24.0,1584,0.0,0.0,0.0,0.0,0.0,1584,4.0,8.0,4.22979797979798,4.0,5.0,1584,0.0,156.0,70.83333333333333,68.0,124.0,552,0.0,552.0,212.5072463768116,200.0,424.0,552,1.0,1.0,1.0,1.0,1.0,552,0.9999999999999998,1.0000000000000002,1.0,1.0,1.0000000000000002,552,1.0,1.2857142857142858,1.006504683559125,1.0,1.0586805555555552,552,0.9999999999999998,1.0000000000000002,1.0,1.0,1.0000000000000002,552,552.0,0.0,0.0,0.0,552.0,552.0,0.0,0.0,0.0,0.0,0.0,0.0,1.0,0.0,0.0,552.0,552.0,1.0,0.0,0.0,0.0,0.0,0.0,0.0,0.0,0.0,0.0,0.0,0.0,0.0,0.0,1243.6431758105755
289,17340000000000,4.0,31.0,4.590277777777778,4.0,5.0,1584,21.0,24.0,23.94760101010101,24.0,24.0,1584,0.0,3.0,0.052398989898989896,0.0,0.0,1584,4.0,8.0,4.226641414141414,4.0,5.0,1584,0.0,152.0,70.3768115942029,68.0,124.0,552,0.0,536.0,211.07246376811594,200.0,424.0,552,1.0,1.0,1.0,1.0,1.0,438,0.9999999999999996,1.009200628750243,1.0002764439580794,1.0,1.0000000000000002,438,1.0,2.0,1.0273450818174035,1.0,1.1428571428571428,438,0.9999999999999996,1.8902486955932354,1.0201093125105631,1.0,1.09784337308667,438,552.0,0.0,0.0,0.0,552.0,438.0,114.0,0.0,0.0,0.0,0.0,114.0,0.7934782608695652,130.0,0.2968036529680365,552.0,438.0,0.7934782608695652,0.0,0.0,0.0,0.0,114.0,0.20652173913043478,0.0,0.0,0.0,0.0,0.0,0.0,0.0,245.42528204619884
290,17400000000000,4.0,31.0,4.595959595959596,4.0,6.0,1584,21.0,24.0,23.900252525252526,24.0,24.0,1584,0.0,3.0,0.09974747474747475,0.0,1.0,1584,4.0,8.0,4.232323232323233,4.0,5.0,1584,0.0,148.0,69.57971014492753,68.0,124.0,552,0.0,520.0,207.8840579710145,200.0,424.0,552,1.0,1.0,1.0,1.0,1.0,262,0.9999999999999997,1.0160396133161294,1.0001077114815176,1.0,1.0000000000000002,262,1.0,1.6666666666666667,1.0467308641479662,1.0,1.221111111111111,262,0.9999999999999997,1.59873594782083,1.044702242043376,1.0,1.1883239528599294,262,552.0,0.0,0.0,0.0,552.0,262.0,290.0,0.0,0.0,0.0,0.0,290.0,0.4746376811594203,117.0,0.44656488549618323,552.0,262.0,0.4746376811594203,0.0,0.0,0.0,0.0,290.0,0.5253623188405797,0.0,0.0,0.0,0.0,0.0,0.0,0.0,416.5496528148651
291,17460000000000,4.0,31.0,4.599116161616162,4.0,5.0,1584,24.0,24.0,24.0,24.0,24.0,1584,0.0,0.0,0.0,0.0,0.0,1584,4.0,8.0,4.235479797979798,4.0,5.0,1584,0.0,156.0,71.57971014492753,68.0,128.0,552,0.0,552.0,215.6231884057971,200.0,440.0,552,1.0,1.0,1.0,1.0,1.0,552,0.9999999999999997,1.0000000000000002,1.0,1.0,1.0000000000000002,552,1.0,1.3333333333333333,1.0094957912300027,1.0,1.0726190476190474,552,0.9999999999999997,1.0000000000000002,1.0,1.0,1.0000000000000002,552,552.0,0.0,0.0,0.0,552.0,552.0,0.0,0.0,0.0,0.0,0.0,0.0,1.0,0.0,0.0,552.0,552.0,1.0,0.0,0.0,0.0,0.0,0.0,0.0,0.0,0.0,0.0,0.0,0.0,0.0,0.0,1185.4712199419737
292,17520000000000,4.0,32.0,4.595328282828283,4.0,5.0,1584,21.0,24.0,23.946969696969695,24.0,24.0,1584,0.0,3.0,0.05303030303030303,0.0,0.0,1584,4.0,8.0,4.23169191919192,4.0,5.0,1584,0.0,160.0,70.65942028985508,64.0,128.0,552,0.0,568.0,212.07246376811594,184.0,440.0,552,1.0,1.0,1.0,1.0,1.0,409,0.9999999999999996,1.0000000000000002,1.0,1.0,1.0,409,1.0,2.0,1.0238932594649077,1.0,1.125,409,0.9999999999999996,1.8731102451727892,1.013770616772882,1.0,1.06434909488962,409,552.0,0.0,0.0,0.0,552.0,409.0,143.0,0.0,0.0,0.0,0.0,143.0,0.7409420289855072,86.0,0.21026894865525672,552.0,409.0,0.7409420289855072,0.0,0.0,0.0,0.0,143.0,0.25905797101449274,0.0,0.0,0.0,0.0,0.0,0.0,0.0,359.699847176671
293,17580000000000,4.0,30.0,4.580176767676767,4.0,5.0,1584,21.0,24.0,23.89709595959596,24.0,24.0,1584,0.0,3.0,0.1029040404040404,0.0,1.0,1584,4.0,8.0,4.23169191919192,4.0,5.0,1584,0.0,156.0,70.9927536231884,68.0,124.0,552,0.0,552.0,213.0144927536232,200.0,424.0,552,1.0,1.0,1.0,1.0,1.0,294,0.9999999999999996,1.0062433725358582,1.0002053735648408,1.0,1.0000000000000002,294,1.0,1.5,1.0516485434361442,1.0,1.25,294,0.9999999999999996,1.8272699995087491,1.0504970218193592,1.0090595266688451,1.2226305936212638,294,552.0,0.0,0.0,0.0,552.0,294.0,258.0,0.0,0.0,0.0,0.0,258.0,0.532608695652174,171.0,0.5816326530612245,552.0,294.0,0.532608695652174,0.0,0.0,0.0,0.0,258.0,0.4673913043478261,0.0,0.0,0.0,0.0,0.0,0.0,0.0,405.6526403874159
294,17640000000000,4.0,31.0,4.591540404040404,4.0,5.0,1584,24.0,24.0,24.0,24.0,24.0,1584,0.0,0.0,0.0,0.0,0.0,1584,4.0,8.0,4.227904040404041,4.0,5.0,1584,0.0,148.0,70.21014492753623,64.0,124.0,552,0.0,520.0,210.0144927536232,184.0,424.0,552,1.0,1.0,1.0,1.0,1.0,552,0.9999999999999997,1.0000000000000004,1.0,1.0,1.0000000000000002,552,1.0,1.3333333333333333,1.0074433003168974,1.0,1.0625,552,0.9999999999999997,1.0000000000000004,1.0,1.0,1.0000000000000002,552,552.0,0.0,0.0,0.0,552.0,552.0,0.0,0.0,0.0,0.0,0.0,0.0,1.0,0.0,0.0,552.0,552.0,1.0,0.0,0.0,0.0,0.0,0.0,0.0,0.0,0.0,0.0,0.0,0.0,0.0,0.0,1105.61497323215
295,17700000000000,4.0,31.0,4.593434343434343,4.0,5.0,1584,21.0,24.0,23.946338383838384,24.0,24.0,1584,0.0,3.0,0.05366161616161616,0.0,1.0,1584,4.0,8.0,4.22979797979798,4.0,5.0,1584,0.0,156.0,70.84057971014492,68.0,124.0,552,0.0,552.0,212.79710144927537,200.0,424.0,552,1.0,1.0,1.0,1.0,1.0,400,0.9999999999999998,1.0059091352904224,1.00037249884375,1.0,1.0014625611416996,400,1.0,2.0,1.0389819955257562,1.0,1.1818181818181819,400,0.9999999999999998,2.771571356091891,1.0305793574785052,1.0000000000000002,1.1493726635831136,400,552.0,0.0,0.0,0.0,552.0,400.0,152.0,0.0,0.0,0.0,0.0,152.0,0.7246376811594203,101.0,0.2525,552.0,400.0,0.7246376811594203,0.0,0.0,0.0,0.0,152.0,0.2753623188405797,0.0,0.0,0.0,0.0,0.0,0.0,0.0,443.26560012996197
296,17760000000000,4.0,31.0,4.597222222222222,4.0,5.0,1584,21.0,24.0,23.902146464646464,24.0,24.0,1584,0.0,3.0,0.09785353535353536,0.0,1.0,1584,4.0,8.0,4.233585858585859,4.0,5.0,1584,0.0,160.0,70.02173913043478,68.0,124.0,552,0.0,568.0,209.52173913043478,200.0,424.0,552,1.0,1.0,1.0,1.0,1.0,304,0.9999999999999997,1.014307114069595,1.0008885661364126,1.0,1.003657022758204,304,1.0,1.6666666666666667,1.0560673966748364,1.0,1.25,304,0.9999999999999997,2.2844383429666633,1.0603260961502752,1.0112884215077043,1.2309797573507086,304,552.0,0.0,0.0,0.0,552.0,304.0,248.0,0.0,0.0,0.0,0.0,248.0,0.5507246376811594,176.0,0.5789473684210527,552.0,304.0,0.5507246376811594,0.0,0.0,0.0,0.0,248.0,0.4492753623188406,0.0,0.0,0.0,0.0,0.0,0.0,0.0,402.3218546062708
297,17820000000000,4.0,32.0,4.593434343434343,4.0,5.0,1584,24.0,24.0,24.0,24.0,24.0,1584,0.0,0.0,0.0,0.0,0.0,1584,4.0,8.0,4.22979797979798,4.0,5.0,1584,0.0,160.0,70.95652173913044,68.0,124.0,552,0.0,568.0,213.1304347826087,200.0,424.0,552,1.0,1.0,1.0,1.0,1.0,552,0.9999999999999997,1.0000000000000002,1.0,1.0,1.0000000000000002,552,1.0,1.2857142857142858,1.0055918220289162,1.0,1.05,552,0.9999999999999997,1.0000000000000002,1.0,1.0,1.0000000000000002,552,552.0,0.0,0.0,0.0,552.0,552.0,0.0,0.0,0.0,0.0,0.0,0.0,1.0,0.0,0.0,552.0,552.0,1.0,0.0,0.0,0.0,0.0,0.0,0.0,0.0,0.0,0.0,0.0,0.0,0.0,0.0,1134.7620226442814
298,17880000000000,4.0,30.0,4.600378787878788,4.0,5.0,1584,21.0,24.0,23.954545454545453,24.0,24.0,1584,0.0,3.0,0.045454545454545456,0.0,0.0,1584,4.0,8.0,4.236742424242424,4.0,5.0,1584,0.0,156.0,70.46376811594203,64.0,124.0,552,0.0,552.0,211.28985507246378,184.0,424.0,552,1.0,1.0,1.0,1.0,1.0,460,0.9999999999999996,1.0000000000000002,1.0,1.0,1.0000000000000002,460,1.0,2.0,1.024962275305138,1.0,1.1305797101449273,460,0.9999999999999996,1.7900363128778811,1.0152026893519839,1.0,1.0780254882616997,460,552.0,0.0,0.0,0.0,552.0,460.0,92.0,0.0,0.0,0.0,0.0,92.0,0.8333333333333334,128.0,0.2782608695652174,552.0,460.0,0.8333333333333334,0.0,0.0,0.0,0.0,92.0,0.16666666666666666,0.0,0.0,0.0,0.0,0.0,0.0,0.0,431.4542654901743
299,17940000000000,4.0,31.0,4.590277777777778,4.0,5.0,1584,21.0,24.0,23.900883838383837,24.0,24.0,1584,0.0,3.0,0.09911616161616162,0.0,1.0,1584,4.0,8.0,4.226641414141414,4.0,5.0,1584,0.0,156.0,71.1086956521739,68.0,124.0,552,0.0,552.0,213.7391304347826,200.0,424.0,552,1.0,1.0,1.0,1.0,1.0,239,0.9999999999999998,1.0021798031794489,1.000106381663264,1.0,1.0005498397834576,239,1.0,1.6666666666666667,1.044551476766183,1.0,1.1836363636363636,239,0.9999999999999998,1.6454483456641893,1.0404684630013574,1.0003062109760705,1.16074984716986,239,552.0,0.0,0.0,0.0,552.0,239.0,313.0,0.0,0.0,0.0,0.0,313.0,0.4329710144927536,105.0,0.4393305439330544,552.0,239.0,0.4329710144927536,0.0,0.0,0.0,0.0,313.0,0.5670289855072463,0.0,0.0,0.0,0.0,0.0,0.0,0.0,275.2686236053705
300,18000000000000,4.0,31.0,4.59280303030303,4.0,6.0,1584,24.0,24.0,24.0,24.0,24.0,1584,0.0,0.0,0.0,0.0,0.0,1584,4.0,8.0,4.229166666666667,4.0,5.0,1584,0.0,156.0,70.3768115942029,68.0,125.79999999999973,552,0.0,552.0,210.94202898550725,200.0,431.1999999999989,552,1.0,1.0,1.0,1.0,1.0,552,0.9999999999999997,1.0000000000000002,1.0,1.0,1.0000000000000002,552,1.0,1.3333333333333333,1.0090906652876879,1.0,1.0700738916256156,552,0.9999999999999997,1.0000000000000002,1.0,1.0,1.0000000000000002,552,552.0,0.0,0.0,0.0,552.0,552.0,0.0,0.0,0.0,0.0,0.0,0.0,1.0,0.0,0.0,552.0,552.0,1.0,0.0,0.0,0.0,0.0,0.0,0.0,0.0,0.0,0.0,0.0,0.0,0.0,0.0,1284.418160095811
301,18060000000000,4.0,32.0,4.59469696969697,4.0,5.0,1584,21.0,24.0,23.945075757575758,24.0,24.0,1584,0.0,3.0,0.054924242424242424,0.0,1.0,1584,4.0,8.0,4.231060606060606,4.0,5.0,1584,0.0,160.0,70.1304347826087,64.0,125.79999999999973,552,0.0,568.0,209.95652173913044,184.0,431.1999999999989,552,1.0,1.0,1.0,1.0,1.0,404,0.9999999999999998,1.0004980814001398,1.0000075641572066,1.0,1.0000000000000002,404,1.0,2.0,1.0378369992230538,1.0,1.2,404,0.9999999999999998,2.0325206555982986,1.0279505451451705,1.0,1.139394473456739,404,552.0,0.0,0.0,0.0,552.0,404.0,148.0,0.0,0.0,0.0,0.0,148.0,0.7318840579710145,100.0,0.24752475247524752,552.0,404.0,0.7318840579710145,0.0,0.0,0.0,0.0,148.0,0.26811594202898553,0.0,0.0,0.0,0.0,0.0,0.0,0.0,231.33889958262444
302,18120000000000,4.0,32.0,4.598484848484849,4.0,5.0,1584,21.0,24.0,23.898358585858585,24.0,24.0,1584,0.0,3.0,0.10164141414141414,0.0,1.0,1584,4.0,8.0,4.234848484848484,4.0,5.0,1584,0.0,156.0,70.94202898550725,68.0,128.0,552,0.0,552.0,213.07246376811594,200.0,440.0,552,1.0,1.0,1.0,1.0,1.0,280,0.9999999999999996,1.00911018557577,1.0002730343811894,1.0,1.0000000000000002,280,1.0,1.5,1.061345711130364,1.0,1.25,280,0.9999999999999996,1.7328525349171848,1.0595905533192567,1.0110934742934543,1.2482575173307806,280,552.0,0.0,0.0,0.0,552.0,280.0,272.0,0.0,0.0,0.0,0.0,272.0,0.5072463768115942,159.0,0.5678571428571428,552.0,280.0,0.5072463768115942,0.0,0.0,0.0,0.0,272.0,0.4927536231884058,0.0,0.0,0.0,0.0,0.0,0.0,0.0,358.0180034041405
303,18180000000000,4.0,32.0,4.587121212121212,4.0,5.0,1584,24.0,24.0,24.0,24.0,24.0,1584,0.0,0.0,0.0,0.0,0.0,1584,4.0,8.0,4.223484848484849,4.0,5.0,1584,0.0,156.0,70.02173913043478,64.0,124.0,552,0.0,552.0,209.2608695652174,184.0,424.0,552,1.0,1.0,1.0,1.0,1.0,552,0.9999999999999998,1.0000000000000004,1.0,1.0,1.0000000000000002,552,1.0,1.3333333333333333,1.0063911679053896,1.0,1.0588235294117647,552,0.9999999999999998,1.0000000000000004,1.0,1.0,1.0000000000000002,552,552.0,0.0,0.0,0.0,552.0,552.0,0.0,0.0,0.0,0.0,0.0,0.0,1.0,0.0,0.0,552.0,552.0,1.0,0.0,0.0,0.0,0.0,0.0,0.0,0.0,0.0,0.0,0.0,0.0,0.0,0.0,1375.8416175842285
304,18240000000000,4.0,31.0,4.595959595959596,4.0,6.0,1584,21.0,24.0,23.950126262626263,24.0,24.0,1584,0.0,3.0,0.049873737373737376,0.0,0.0,1584,4.0,8.0,4.232323232323233,4.0,5.0,1584,0.0,156.0,71.05072463768116,68.0,124.0,552,0.0,552.0,213.5072463768116,200.0,424.0,552,1.0,1.0,1.0,1.0,1.0,415,0.9999999999999998,1.0083004822866095,1.0006568537273135,1.0,1.0025041689519092,415,1.0,1.6666666666666667,1.039691123959086,1.0,1.2,415,0.9999999999999998,1.7825091652486547,1.0289554264371266,1.0007410785103785,1.1402771709781307,415,552.0,0.0,0.0,0.0,552.0,415.0,137.0,0.0,0.0,0.0,0.0,137.0,0.7518115942028986,134.0,0.3228915662650602,552.0,415.0,0.7518115942028986,0.0,0.0,0.0,0.0,137.0,0.24818840579710144,0.0,0.0,0.0,0.0,0.0,0.0,0.0,246.84752896428108
305,18300000000000,4.0,31.0,4.59469696969697,4.0,5.0,1584,21.0,24.0,23.89962121212121,24.0,24.0,1584,0.0,3.0,0.10037878787878787,0.0,1.0,1584,4.0,8.0,4.231060606060606,4.0,5.0,1584,0.0,156.0,69.76086956521739,68.0,124.0,552,0.0,552.0,208.7391304347826,200.0,424.0,552,1.0,1.0,1.0,1.0,1.0,238,0.9999999999999998,1.0174005385444804,1.0012917332202393,1.0,1.0046486286093306,238,1.0,1.6666666666666667,1.0811679139389154,1.0526315789473684,1.3333333333333333,238,0.9999999999999998,2.258474698149213,1.072028252935971,1.018442254465033,1.2889577636750886,238,552.0,0.0,0.0,0.0,552.0,238.0,314.0,0.0,0.0,0.0,0.0,314.0,0.4311594202898551,151.0,0.634453781512605,552.0,238.0,0.4311594202898551,0.0,0.0,0.0,0.0,314.0,0.5688405797101449,0.0,0.0,0.0,0.0,0.0,0.0,0.0,367.3201873898506
306,18360000000000,4.0,31.0,4.595959595959596,4.0,5.0,1584,24.0,24.0,24.0,24.0,24.0,1584,0.0,0.0,0.0,0.0,0.0,1584,4.0,8.0,4.232323232323233,4.0,5.0,1584,0.0,156.0,71.16666666666667,68.0,124.0,552,0.0,552.0,213.71014492753622,200.0,424.0,552,1.0,1.0,1.0,1.0,1.0,552,0.9999999999999998,1.0000000000000002,1.0,1.0,1.0000000000000002,552,1.0,1.3333333333333333,1.0081190761487064,1.0,1.0625,552,0.9999999999999998,1.0000000000000002,1.0,1.0,1.0000000000000002,552,552.0,0.0,0.0,0.0,552.0,552.0,0.0,0.0,0.0,0.0,0.0,0.0,1.0,0.0,0.0,552.0,552.0,1.0,0.0,0.0,0.0,0.0,0.0,0.0,0.0,0.0,0.0,0.0,0.0,0.0,0.0,1041.6488777846098
307,18420000000000,4.0,31.0,4.59280303030303,4.0,5.0,1584,22.0,24.0,23.95138888888889,24.0,24.0,1584,0.0,2.0,0.04861111111111111,0.0,0.0,1584,4.0,8.0,4.229166666666667,4.0,5.0,1584,0.0,156.0,70.82608695652173,64.0,128.0,552,0.0,552.0,212.6086956521739,184.0,440.0,552,1.0,1.0,1.0,1.0,1.0,444,0.9999999999999997,1.0000000000000002,1.0,1.0,1.0000000000000002,444,1.0,1.5,1.017493984306042,1.0,1.1111111111111112,444,0.9999999999999997,1.6450711405837564,1.0105158040998372,1.0,1.0594454822168384,444,552.0,0.0,0.0,0.0,552.0,444.0,108.0,0.0,0.0,0.0,0.0,108.0,0.8043478260869565,91.0,0.20495495495495494,552.0,444.0,0.8043478260869565,0.0,0.0,0.0,0.0,108.0,0.1956521739130435,0.0,0.0,0.0,0.0,0.0,0.0,0.0,442.6447991281748
308,18480000000000,4.0,31.0,4.590909090909091,4.0,5.0,1584,21.0,24.0,23.89962121212121,24.0,24.0,1584,0.0,3.0,0.10037878787878787,0.0,1.0,1584,4.0,8.0,4.2272727272727275,4.0,5.0,1584,0.0,156.0,71.84782608695652,72.0,124.0,552,0.0,552.0,216.56521739130434,216.0,424.0,552,1.0,1.0,1.0,1.0,1.0,250,0.9999999999999997,1.0050697839512046,1.0002942659310263,1.0,1.001383198484201,250,1.0,2.0,1.0520376367076287,1.0,1.2696428571428566,250,0.9999999999999997,2.2336517727470757,1.0431009256179828,1.000711135787372,1.1757641061925581,250,552.0,0.0,0.0,0.0,552.0,250.0,302.0,0.0,0.0,0.0,0.0,302.0,0.4528985507246377,101.0,0.404,552.0,250.0,0.4528985507246377,0.0,0.0,0.0,0.0,302.0,0.5471014492753623,0.0,0.0,0.0,0.0,0.0,0.0,0.0,426.54609866440296
309,18540000000000,4.0,31.0,4.594065656565657,4.0,5.0,1584,24.0,24.0,24.0,24.0,24.0,1584,0.0,0.0,0.0,0.0,0.0,1584,4.0,8.0,4.230429292929293,4.0,5.0,1584,0.0,148.0,69.6304347826087,68.0,124.0,552,0.0,520.0,208.08695652173913,200.0,424.0,552,1.0,1.0,1.0,1.0,1.0,552,0.9999999999999998,1.0000000000000002,1.0,1.0,1.0000000000000002,552,1.0,1.3076923076923077,1.0100268764683988,1.0,1.0833333333333333,552,0.9999999999999998,1.0000000000000002,1.0,1.0,1.0000000000000002,552,552.0,0.0,0.0,0.0,552.0,552.0,0.0,0.0,0.0,0.0,0.0,0.0,1.0,0.0,0.0,552.0,552.0,1.0,0.0,0.0,0.0,0.0,0.0,0.0,0.0,0.0,0.0,0.0,0.0,0.0,0.0,1022.7782819420099
310,18600000000000,4.0,31.0,4.59469696969697,4.0,5.0,1584,21.0,24.0,23.946969696969695,24.0,24.0,1584,0.0,3.0,0.05303030303030303,0.0,0.849999999999909,1584,4.0,8.0,4.231060606060606,4.0,5.0,1584,0.0,144.0,69.73913043478261,68.0,121.79999999999973,552,0.0,504.0,208.3913043478261,200.0,415.1999999999989,552,1.0,1.0,1.0,1.0,1.0,385,0.9999999999999997,1.0029600833807077,1.0001204201172575,1.0,1.0012597020159961,385,1.0,1.6666666666666667,1.0326496919464492,1.0,1.1666666666666667,385,0.9999999999999997,2.022354318124751,1.021946174663296,1.0,1.103870089944285,385,552.0,0.0,0.0,0.0,552.0,385.0,167.0,0.0,0.0,0.0,0.0,167.0,0.697463768115942,116.0,0.3012987012987013,552.0,385.0,0.697463768115942,0.0,0.0,0.0,0.0,167.0,0.302536231884058,0.0,0.0,0.0,0.0,0.0,0.0,0.0,360.6817852705717
311,18660000000000,4.0,32.0,4.601010101010101,4.0,5.0,1584,21.0,24.0,23.901515151515152,24.0,24.0,1584,0.0,3.0,0.09848484848484848,0.0,1.0,1584,4.0,8.0,4.237373737373737,4.0,5.0,1584,0.0,156.0,69.8623188405797,64.0,124.0,552,0.0,552.0,208.7536231884058,184.0,424.0,552,1.0,1.0,1.0,1.0,1.0,252,0.9999999999999998,1.014153174759248,1.0004300019847505,1.0,1.0013067915049194,252,1.0,2.0,1.0639143857970697,1.0,1.25,252,0.9999999999999998,2.0653521894014495,1.05444665601982,1.0118026885016402,1.1910395671926706,252,552.0,0.0,0.0,0.0,552.0,252.0,300.0,0.0,0.0,0.0,0.0,300.0,0.45652173913043476,129.0,0.5119047619047619,552.0,252.0,0.45652173913043476,0.0,0.0,0.0,0.0,300.0,0.5434782608695652,0.0,0.0,0.0,0.0,0.0,0.0,0.0,433.5054699331522
312,18720000000000,4.0,32.0,4.59280303030303,4.0,5.0,1584,24.0,24.0,24.0,24.0,24.0,1584,0.0,0.0,0.0,0.0,0.0,1584,4.0,8.0,4.229166666666667,4.0,5.0,1584,0.0,164.0,72.17391304347827,68.0,124.0,552,0.0,584.0,218.0,200.0,424.0,552,1.0,1.0,1.0,1.0,1.0,552,0.9999999999999996,1.0000000000000002,1.0,1.0,1.0000000000000002,552,1.0,1.3333333333333333,1.0064020481601093,1.0,1.0555555555555556,552,0.9999999999999996,1.0000000000000002,1.0,1.0,1.0000000000000002,552,552.0,0.0,0.0,0.0,552.0,552.0,0.0,0.0,0.0,0.0,0.0,0.0,1.0,0.0,0.0,552.0,552.0,1.0,0.0,0.0,0.0,0.0,0.0,0.0,0.0,0.0,0.0,0.0,0.0,0.0,0.0,1174.0652788430452
313,18780000000000,4.0,31.0,4.595959595959596,4.0,5.0,1584,21.0,24.0,23.950126262626263,24.0,24.0,1584,0.0,3.0,0.049873737373737376,0.0,0.0,1584,4.0,8.0,4.232323232323233,4.0,5.0,1584,0.0,160.0,71.0,68.0,124.0,552,0.0,568.0,213.43478260869566,200.0,424.0,552,1.0,1.0,1.0,1.0,1.0,425,0.9999999999999998,1.0008909338250536,1.0000048901184682,1.0,1.0000000000000002,425,1.0,1.6666666666666667,1.0295170176621629,1.0,1.1428571428571428,425,0.9999999999999998,1.4500683924368518,1.0185603886180348,1.0,1.0960640868302893,425,552.0,0.0,0.0,0.0,552.0,425.0,127.0,0.0,0.0,0.0,0.0,127.0,0.769927536231884,130.0,0.3058823529411765,552.0,425.0,0.769927536231884,0.0,0.0,0.0,0.0,127.0,0.23007246376811594,0.0,0.0,0.0,0.0,0.0,0.0,0.0,345.71884013712406
314,18840000000000,4.0,31.0,4.596590909090909,4.0,5.0,1584,21.0,24.0,23.902146464646464,24.0,24.0,1584,0.0,3.0,0.09785353535353536,0.0,1.0,1584,4.0,8.0,4.232954545454546,4.0,5.0,1584,0.0,164.0,70.53623188405797,68.0,124.0,552,0.0,584.0,211.31884057971016,200.0,424.0,552,1.0,1.0,1.0,1.0,1.0,275,0.9999999999999997,1.0024081183771962,1.0000223459247888,1.0,1.0000000000000002,275,1.0,2.0,1.054071798228963,1.0,1.25,275,0.9999999999999997,2.206792019042816,1.0538392439642776,1.0000960128601442,1.2464896893910176,275,552.0,0.0,0.0,0.0,552.0,275.0,277.0,0.0,0.0,0.0,0.0,277.0,0.49818840579710144,135.0,0.4909090909090909,552.0,275.0,0.49818840579710144,0.0,0.0,0.0,0.0,277.0,0.5018115942028986,0.0,0.0,0.0,0.0,0.0,0.0,0.0,240.42745307087898
315,18900000000000,4.0,31.0,4.59469696969697,4.0,5.0,1584,24.0,24.0,24.0,24.0,24.0,1584,0.0,0.0,0.0,0.0,0.0,1584,4.0,8.0,4.231060606060606,4.0,5.0,1584,0.0,144.0,69.48550724637681,68.0,124.0,552,0.0,504.0,207.3768115942029,200.0,424.0,552,1.0,1.0,1.0,1.0,1.0,552,0.9999999999999996,1.0000000000000002,1.0,1.0,1.0,552,1.0,1.3333333333333333,1.009323703827979,1.0,1.0726190476190474,552,0.9999999999999996,1.0000000000000002,1.0,1.0,1.0,552,552.0,0.0,0.0,0.0,552.0,552.0,0.0,0.0,0.0,0.0,0.0,0.0,1.0,0.0,0.0,552.0,552.0,1.0,0.0,0.0,0.0,0.0,0.0,0.0,0.0,0.0,0.0,0.0,0.0,0.0,0.0,1276.5924762934446
316,18960000000000,4.0,32.0,4.595328282828283,4.0,5.0,1584,21.0,24.0,23.94823232323232,24.0,24.0,1584,0.0,3.0,0.05176767676767677,0.0,0.0,1584,4.0,8.0,4.23169191919192,4.0,5.0,1584,0.0,156.0,69.4927536231884,64.0,124.0,552,0.0,552.0,207.40579710144928,184.0,424.0,552,1.0,1.0,1.0,1.0,1.0,424,0.9999999999999998,1.0000000000000004,1.0,1.0,1.0000000000000002,424,1.0,2.0,1.023731564711267,1.0,1.1507692307692299,424,0.9999999999999998,1.9196632747495699,1.0148631115817754,1.0,1.0846689603984776,424,552.0,0.0,0.0,0.0,552.0,424.0,128.0,0.0,0.0,0.0,0.0,128.0,0.7681159420289855,88.0,0.20754716981132076,552.0,424.0,0.7681159420289855,0.0,0.0,0.0,0.0,128.0,0.2318840579710145,0.0,0.0,0.0,0.0,0.0,0.0,0.0,267.19434931874275
317,19020000000000,4.0,32.0,4.595328282828283,4.0,5.0,1584,21.0,24.0,23.898358585858585,24.0,24.0,1584,0.0,3.0,0.10164141414141414,0.0,1.0,1584,4.0,8.0,4.23169191919192,4.0,5.0,1584,0.0,156.0,70.7536231884058,68.0,124.0,552,0.0,552.0,212.18840579710144,200.0,424.0,552,1.0,1.0,1.0,1.0,1.0,285,0.9999999999999997,1.0085982599071932,1.0004954527702294,1.0,1.0020978477901632,285,1.0,2.0,1.0421077239036187,1.0,1.1963636363636365,285,0.9999999999999998,2.241451908624579,1.0334063725767122,1.0014408603800484,1.156964654548627,285,552.0,0.0,0.0,0.0,552.0,285.0,267.0,0.0,0.0,0.0,0.0,267.0,0.5163043478260869,124.0,0.43508771929824563,552.0,285.0,0.5163043478260869,0.0,0.0,0.0,0.0,267.0,0.483695652173913,0.0,0.0,0.0,0.0,0.0,0.0,0.0,322.5324675440788
318,19080000000000,4.0,31.0,4.587121212121212,4.0,5.0,1584,24.0,24.0,24.0,24.0,24.0,1584,0.0,0.0,0.0,0.0,0.0,1584,4.0,8.0,4.223484848484849,4.0,5.0,1584,0.0,152.0,70.83333333333333,68.0,124.0,552,0.0,536.0,212.3768115942029,200.0,424.0,552,1.0,1.0,1.0,1.0,1.0,552,0.9999999999999998,1.0000000000000004,1.0,1.0,1.0000000000000002,552,1.0,1.3076923076923077,1.0089406673158579,1.0,1.0833333333333333,552,0.9999999999999998,1.0000000000000004,1.0,1.0,1.0000000000000002,552,552.0,0.0,0.0,0.0,552.0,552.0,0.0,0.0,0.0,0.0,0.0,0.0,1.0,0.0,0.0,552.0,552.0,1.0,0.0,0.0,0.0,0.0,0.0,0.0,0.0,0.0,0.0,0.0,0.0,0.0,0.0,1264.5321320742369
319,19140000000000,4.0,31.0,4.599116161616162,4.0,6.0,1584,21.0,24.0,23.95138888888889,24.0,24.0,1584,0.0,3.0,0.04861111111111111,0.0,0.0,1584,4.0,8.0,4.235479797979798,4.0,5.0,1584,0.0,152.0,71.26811594202898,68.0,124.0,552,0.0,536.0,214.5072463768116,200.0,424.0,552,1.0,1.0,1.0,1.0,1.0,431,0.9999999999999997,1.0071849586366297,1.000232405507452,1.0,1.0016073758264306,431,1.0,2.0,1.040538559751965,1.0,1.2,431,0.9999999999999997,1.9962708881668292,1.0344263528276145,1.0,1.139466559232429,431,552.0,0.0,0.0,0.0,552.0,431.0,121.0,0.0,0.0,0.0,0.0,121.0,0.7807971014492754,165.0,0.382830626450116,552.0,431.0,0.7807971014492754,0.0,0.0,0.0,0.0,121.0,0.21920289855072464,0.0,0.0,0.0,0.0,0.0,0.0,0.0,242.1258520334959
320,19200000000000,4.0,31.0,4.5978535353535355,4.0,5.849999999999909,1584,21.0,24.0,23.89962121212121,24.0,24.0,1584,0.0,3.0,0.10037878787878787,0.0,1.0,1584,4.0,8.0,4.234217171717172,4.0,5.0,1584,0.0,156.0,70.02898550724638,68.0,124.0,552,0.0,552.0,209.68115942028984,200.0,424.0,552,1.0,1.0,1.0,1.0,1.0,250,0.9999999999999998,1.015383257816055,1.0004155231747447,1.0,1.0000000000000004,250,1.0,2.0,1.0750724326237422,1.0,1.2978021978021974,250,0.9999999999999998,1.976434421874663,1.063846882757389,1.0168478658075135,1.237495144570696,250,552.0,0.0,0.0,0.0,552.0,250.0,302.0,0.0,0.0,0.0,0.0,302.0,0.4528985507246377,141.0,0.564,552.0,250.0,0.4528985507246377,0.0,0.0,0.0,0.0,302.0,0.5471014492753623,0.0,0.0,0.0,0.0,0.0,0.0,0.0,437.23399192094803
321,19260000000000,4.0,32.0,4.592171717171717,4.0,5.0,1584,24.0,24.0,24.0,24.0,24.0,1584,0.0,0.0,0.0,0.0,0.0,1584,4.0,8.0,4.228535353535354,4.0,5.0,1584,0.0,160.0,70.59420289855072,64.0,124.0,552,0.0,568.0,211.68115942028984,184.0,424.0,552,1.0,1.0,1.0,1.0,1.0,552,0.9999999999999997,1.0000000000000002,1.0,1.0,1.0000000000000002,552,1.0,1.3333333333333333,1.0081833459599743,1.0,1.0700738916256156,552,0.9999999999999997,1.0000000000000002,1.0,1.0,1.0000000000000002,552,552.0,0.0,0.0,0.0,552.0,552.0,0.0,0.0,0.0,0.0,0.0,0.0,1.0,0.0,0.0,552.0,552.0,1.0,0.0,0.0,0.0,0.0,0.0,0.0,0.0,0.0,0.0,0.0,0.0,0.0,0.0,982.4323412030935
322,19320000000000,4.0,31.0,4.599747474747475,4.0,5.0,1584,22.0,24.0,23.953914141414142,24.0,24.0,1584,0.0,2.0,0.046085858585858584,0.0,0.0,1584,4.0,8.0,4.236111111111111,4.0,5.0,1584,0.0,160.0,71.81884057971014,64.0,128.0,552,0.0,568.0,216.57971014492753,184.0,440.0,552,1.0,1.0,1.0,1.0,1.0,437,0.9999999999999997,1.0000000000000004,1.0,1.0,1.0000000000000002,437,1.0,2.0,1.0331650794283722,1.0,1.1696969696969697,437,0.9999999999999997,2.7926657742826766,1.0329316107972266,1.0,1.1322982665212245,437,552.0,0.0,0.0,0.0,552.0,437.0,115.0,0.0,0.0,0.0,0.0,115.0,0.7916666666666666,132.0,0.30205949656750575,552.0,437.0,0.7916666666666666,0.0,0.0,0.0,0.0,115.0,0.20833333333333334,0.0,0.0,0.0,0.0,0.0,0.0,0.0,382.0902705192566
323,19380000000000,4.0,31.0,4.589015151515151,4.0,5.0,1584,21.0,24.0,23.89962121212121,24.0,24.0,1584,0.0,3.0,0.10037878787878787,0.0,1.0,1584,4.0,8.0,4.225378787878788,4.0,5.0,1584,0.0,156.0,72.3840579710145,68.0,124.0,552,0.0,552.0,218.71014492753622,200.0,424.0,552,1.0,1.0,1.0,1.0,1.0,273,0.9999999999999998,1.003479023793999,1.0000700396730537,1.0,1.0000000000000002,273,1.0,1.5,1.0509455238954486,1.0,1.2,273,0.9999999999999998,2.3126677744166653,1.0490017267529732,1.0107644992959741,1.1610295086220301,273,552.0,0.0,0.0,0.0,552.0,273.0,279.0,0.0,0.0,0.0,0.0,279.0,0.4945652173913043,151.0,0.5531135531135531,552.0,273.0,0.4945652173913043,0.0,0.0,0.0,0.0,279.0,0.5054347826086957,0.0,0.0,0.0,0.0,0.0,0.0,0.0,405.5432714521885
324,19440000000000,4.0,31.0,4.595328282828283,4.0,5.0,1584,24.0,24.0,24.0,24.0,24.0,1584,0.0,0.0,0.0,0.0,0.0,1584,4.0,8.0,4.23169191919192,4.0,5.0,1584,0.0,144.0,69.55797101449275,68.0,124.0,552,0.0,504.0,207.92753623188406,200.0,424.0,552,1.0,1.0,1.0,1.0,1.0,552,0.9999999999999997,1.0000000000000002,1.0,1.0,1.0000000000000002,552,1.0,1.3333333333333333,1.0066170100822813,1.0,1.0428703703703694,552,0.9999999999999997,1.0000000000000002,1.0,1.0,1.0000000000000002,552,552.0,0.0,0.0,0.0,552.0,552.0,0.0,0.0,0.0,0.0,0.0,0.0,1.0,0.0,0.0,552.0,552.0,1.0,0.0,0.0,0.0,0.0,0.0,0.0,0.0,0.0,0.0,0.0,0.0,0.0,0.0,1086.7822375148535
325,19500000000000,4.0,31.0,4.600378787878788,4.0,5.0,1584,21.0,24.0,23.949494949494948,24.0,24.0,1584,0.0,3.0,0.050505050505050504,0.0,0.0,1584,4.0,8.0,4.236742424242424,4.0,5.0,1584,0.0,156.0,70.76811594202898,68.0,124.0,552,0.0,552.0,212.63768115942028,200.0,424.0,552,1.0,1.0,1.0,1.0,1.0,408,0.9999999999999998,1.00174609544439,1.0000682704910715,1.0,1.0002157555696638,408,1.0,1.6666666666666667,1.0294562207603704,1.0,1.1621794871794868,408,0.9999999999999998,1.4607461685555032,1.0218190766538413,1.0000292805802005,1.1165198380591475,408,552.0,0.0,0.0,0.0,552.0,408.0,144.0,0.0,0.0,0.0,0.0,144.0,0.7391304347826086,124.0,0.30392156862745096,552.0,408.0,0.7391304347826086,0.0,0.0,0.0,0.0,144.0,0.2608695652173913,0.0,0.0,0.0,0.0,0.0,0.0,0.0,360.80589331686497
326,19560000000000,4.0,32.0,4.599116161616162,4.0,5.0,1584,21.0,24.0,23.8989898989899,24.0,24.0,1584,0.0,3.0,0.10101010101010101,0.0,1.0,1584,4.0,8.0,4.235479797979798,4.0,5.0,1584,0.0,160.0,70.78260869565217,68.0,128.0,552,0.0,568.0,212.30434782608697,200.0,440.0,552,1.0,1.0,1.0,1.0,1.0,297,0.9999999999999998,1.0100190481889435,1.0008593714876992,1.0,1.003166983662324,297,1.0,2.0,1.0477717130164592,1.0,1.2,297,0.9999999999999998,2.2197294716759908,1.0520164505001746,1.0071082272962926,1.2153989212950906,297,552.0,0.0,0.0,0.0,552.0,297.0,255.0,0.0,0.0,0.0,0.0,255.0,0.5380434782608695,155.0,0.5218855218855218,552.0,297.0,0.5380434782608695,0.0,0.0,0.0,0.0,255.0,0.46195652173913043,0.0,0.0,0.0,0.0,0.0,0.0,0.0,368.5634657740593
327,19620000000000,4.0,32.0,4.59280303030303,4.0,5.0,1584,24.0,24.0,24.0,24.0,24.0,1584,0.0,0.0,0.0,0.0,0.0,1584,4.0,8.0,4.229166666666667,4.0,5.0,1584,0.0,156.0,71.84057971014492,68.0,124.0,552,0.0,552.0,216.53623188405797,200.0,424.0,552,1.0,1.0,1.0,1.0,1.0,552,0.9999999999999997,1.0000000000000002,1.0,1.0,1.0000000000000002,552,1.0,1.2857142857142858,1.0056719573577573,1.0,1.0424818840579708,552,0.9999999999999997,1.0000000000000002,1.0,1.0,1.0000000000000002,552,552.0,0.0,0.0,0.0,552.0,552.0,0.0,0.0,0.0,0.0,0.0,0.0,1.0,0.0,0.0,552.0,552.0,1.0,0.0,0.0,0.0,0.0,0.0,0.0,0.0,0.0,0.0,0.0,0.0,0.0,0.0,1164.291637018323
328,19680000000000,4.0,32.0,4.595328282828283,4.0,5.0,1584,22.0,24.0,23.949494949494948,24.0,24.0,1584,0.0,2.0,0.050505050505050504,0.0,0.0,1584,4.0,8.0,4.23169191919192,4.0,5.0,1584,0.0,152.0,70.65217391304348,68.0,124.0,552,0.0,536.0,211.91304347826087,200.0,424.0,552,1.0,1.0,1.0,1.0,1.0,430,0.9999999999999997,1.0081370744730302,1.0003464268222824,1.0,1.0027184750957971,430,1.0,2.0,1.0366499349369078,1.0,1.1818181818181819,430,0.9999999999999998,1.8715585753515083,1.0275729628872912,1.0,1.1521911519446577,430,552.0,0.0,0.0,0.0,552.0,430.0,122.0,0.0,0.0,0.0,0.0,122.0,0.7789855072463768,151.0,0.3511627906976744,552.0,430.0,0.7789855072463768,0.0,0.0,0.0,0.0,122.0,0.2210144927536232,0.0,0.0,0.0,0.0,0.0,0.0,0.0,371.43171206116676
329,19740000000000,4.0,31.0,4.597222222222222,4.0,5.849999999999909,1584,21.0,24.0,23.8989898989899,24.0,24.0,1584,0.0,3.0,0.10101010101010101,0.0,1.0,1584,4.0,8.0,4.233585858585859,4.0,5.0,1584,0.0,148.0,69.43478260869566,68.0,124.0,552,0.0,520.0,207.43478260869566,200.0,424.0,552,1.0,1.0,1.0,1.0,1.0,276,0.9999999999999998,1.016441769673476,1.0004167398629342,1.0,1.0000000000000002,276,1.0,2.0,1.0516786775155673,1.0,1.2055555555555555,276,0.9999999999999998,1.8913121966205733,1.0487769070123505,1.001146645297882,1.1904163909350984,276,552.0,0.0,0.0,0.0,552.0,276.0,276.0,0.0,0.0,0.0,0.0,276.0,0.5,131.0,0.4746376811594203,552.0,276.0,0.5,0.0,0.0,0.0,0.0,276.0,0.5,0.0,0.0,0.0,0.0,0.0,0.0,0.0,230.26121966540813
330,19800000000000,4.0,31.0,4.599116161616162,4.0,6.0,1584,24.0,24.0,24.0,24.0,24.0,1584,0.0,0.0,0.0,0.0,0.0,1584,4.0,8.0,4.235479797979798,4.0,5.0,1584,0.0,164.0,70.44927536231884,68.0,124.0,552,0.0,584.0,210.97101449275362,200.0,424.0,552,1.0,1.0,1.0,1.0,1.0,552,0.9999999999999997,1.0000000000000004,1.0,1.0,1.0000000000000002,552,1.0,1.3333333333333333,1.0076265534819804,1.0,1.0689655172413792,552,0.9999999999999997,1.0000000000000004,1.0,1.0,1.0000000000000002,552,552.0,0.0,0.0,0.0,552.0,552.0,0.0,0.0,0.0,0.0,0.0,0.0,1.0,0.0,0.0,552.0,552.0,1.0,0.0,0.0,0.0,0.0,0.0,0.0,0.0,0.0,0.0,0.0,0.0,0.0,0.0,1161.310451105237
331,19860000000000,4.0,32.0,4.594065656565657,4.0,5.0,1584,22.0,24.0,23.94823232323232,24.0,24.0,1584,0.0,2.0,0.05176767676767677,0.0,0.0,1584,4.0,8.0,4.230429292929293,4.0,5.0,1584,0.0,160.0,70.52898550724638,64.0,128.0,552,0.0,568.0,211.55072463768116,184.0,440.0,552,1.0,1.0,1.0,1.0,1.0,411,0.9999999999999997,1.0000000000000004,1.0,1.0,1.0000000000000002,411,1.0,2.0,1.0225027798530455,1.0,1.125,411,0.9999999999999997,1.8532600689318475,1.0160058735275,1.0,1.0739383248014547,411,552.0,0.0,0.0,0.0,552.0,411.0,141.0,0.0,0.0,0.0,0.0,141.0,0.7445652173913043,99.0,0.24087591240875914,552.0,411.0,0.7445652173913043,0.0,0.0,0.0,0.0,141.0,0.2554347826086957,0.0,0.0,0.0,0.0,0.0,0.0,0.0,264.7646386176348
332,19920000000000,4.0,32.0,4.59469696969697,4.0,5.0,1584,21.0,24.0,23.89709595959596,24.0,24.0,1584,0.0,3.0,0.1029040404040404,0.0,1.0,1584,4.0,8.0,4.231060606060606,4.0,5.0,1584,0.0,156.0,70.97101449275362,68.0,124.0,552,0.0,552.0,212.92753623188406,200.0,424.0,552,1.0,1.0,1.0,1.0,1.0,277,0.9999999999999998,1.006745159497714,1.0001790850381296,1.0,1.0000974113036123,277,1.0,1.5,1.0464808219146156,1.0,1.2044444444444442,277,0.9999999999999998,2.2975782353926846,1.0474151489888455,1.0089751252715635,1.1918387169124391,277,552.0,0.0,0.0,0.0,552.0,277.0,275.0,0.0,0.0,0.0,0.0,275.0,0.5018115942028986,157.0,0.5667870036101083,552.0,277.0,0.5018115942028986,0.0,0.0,0.0,0.0,275.0,0.49818840579710144,0.0,0.0,0.0,0.0,0.0,0.0,0.0,350.29621608555317
333,19980000000000,4.0,31.0,4.591540404040404,4.0,5.0,1584,24.0,24.0,24.0,24.0,24.0,1584,0.0,0.0,0.0,0.0,0.0,1584,4.0,8.0,4.227904040404041,4.0,5.0,1584,0.0,148.0,70.16666666666667,68.0,124.0,552,0.0,520.0,209.84057971014494,200.0,424.0,552,1.0,1.0,1.0,1.0,1.0,552,0.9999999999999997,1.0000000000000002,1.0,1.0,1.0,552,1.0,1.3333333333333333,1.0087018351951575,1.0,1.0666666666666667,552,0.9999999999999997,1.0000000000000002,1.0,1.0,1.0,552,552.0,0.0,0.0,0.0,552.0,552.0,0.0,0.0,0.0,0.0,0.0,0.0,1.0,0.0,0.0,552.0,552.0,1.0,0.0,0.0,0.0,0.0,0.0,0.0,0.0,0.0,0.0,0.0,0.0,0.0,0.0,1252.6346482336521
334,20040000000000,4.0,31.0,4.594065656565657,4.0,5.0,1584,21.0,24.0,23.944444444444443,24.0,24.0,1584,0.0,3.0,0.05555555555555555,0.0,1.0,1584,4.0,8.0,4.230429292929293,4.0,5.0,1584,0.0,156.0,71.2536231884058,68.0,124.0,552,0.0,552.0,214.31884057971016,200.0,424.0,552,1.0,1.0,1.0,1.0,1.0,387,0.9999999999999997,1.0046694176848856,1.0002770148241822,1.0,1.0011063276900938,387,1.0,2.0,1.0399253339760688,1.0,1.1818181818181819,387,0.9999999999999997,2.736871394008046,1.0333532335654427,1.0000824429950443,1.171931670548893,387,552.0,0.0,0.0,0.0,552.0,387.0,165.0,0.0,0.0,0.0,0.0,165.0,0.7010869565217391,111.0,0.2868217054263566,552.0,387.0,0.7010869565217391,0.0,0.0,0.0,0.0,165.0,0.29891304347826086,0.0,0.0,0.0,0.0,0.0,0.0,0.0,223.38618151843548
335,20100000000000,4.0,31.0,4.600378787878788,4.0,5.849999999999909,1584,21.0,24.0,23.89962121212121,24.0,24.0,1584,0.0,3.0,0.10037878787878787,0.0,1.0,1584,4.0,8.0,4.236742424242424,4.0,5.0,1584,0.0,156.0,69.4927536231884,66.0,124.0,552,0.0,552.0,207.2753623188406,192.0,424.0,552,1.0,1.0,1.0,1.0,1.0,282,0.9999999999999998,1.0131218329741896,1.000881679114841,1.0,1.0033465592237898,282,1.0,1.6666666666666667,1.0636268401908684,1.0,1.25,282,0.9999999999999998,2.2095049348703557,1.0652233632021615,1.0160820129756005,1.241926432102902,282,552.0,0.0,0.0,0.0,552.0,282.0,270.0,0.0,0.0,0.0,0.0,270.0,0.5108695652173914,172.0,0.6099290780141844,552.0,282.0,0.5108695652173914,0.0,0.0,0.0,0.0,270.0,0.4891304347826087,0.0,0.0,0.0,0.0,0.0,0.0,0.0,443.20173747837543
336,20160000000000,4.0,32.0,4.595328282828283,4.0,5.0,1584,24.0,24.0,24.0,24.0,24.0,1584,0.0,0.0,0.0,0.0,0.0,1584,4.0,8.0,4.23169191919192,4.0,5.0,1584,0.0,160.0,70.6304347826087,68.0,124.0,552,0.0,568.0,211.56521739130434,200.0,424.0,552,1.0,1.0,1.0,1.0,1.0,552,0.9999999999999997,1.0000000000000002,1.0,1.0,1.0,552,1.0,1.2857142857142858,1.00672035417047,1.0,1.0625,552,0.9999999999999997,1.0000000000000002,1.0,1.0,1.0,552,552.0,0.0,0.0,0.0,552.0,552.0,0.0,0.0,0.0,0.0,0.0,0.0,1.0,0.0,0.0,552.0,552.0,1.0,0.0,0.0,0.0,0.0,0.0,0.0,0.0,0.0,0.0,0.0,0.0,0.0,0.0,961.9901161640882
337,20220000000000,4.0,31.0,4.601010101010101,4.0,5.0,1584,22.0,24.0,23.953914141414142,24.0,24.0,1584,0.0,2.0,0.046085858585858584,0.0,0.0,1584,4.0,8.0,4.237373737373737,4.0,5.0,1584,0.0,156.0,70.72463768115942,68.0,124.0,552,0.0,552.0,212.33333333333334,200.0,424.0,552,1.0,1.0,1.0,1.0,1.0,456,0.9999999999999998,1.0000000000000004,1.0,1.0,1.0000000000000002,456,1.0,2.0,1.0276840377847427,1.0,1.1357142857142857,456,0.9999999999999998,1.7601599063426938,1.0159892675289204,1.0,1.0859480152550032,456,552.0,0.0,0.0,0.0,552.0,456.0,96.0,0.0,0.0,0.0,0.0,96.0,0.8260869565217391,123.0,0.26973684210526316,552.0,456.0,0.8260869565217391,0.0,0.0,0.0,0.0,96.0,0.17391304347826086,0.0,0.0,0.0,0.0,0.0,0.0,0.0,388.1262596696615
338,20280000000000,4.0,31.0,4.591540404040404,4.0,5.0,1584,21.0,24.0,23.8989898989899,24.0,24.0,1584,0.0,3.0,0.10101010101010101,0.0,1.0,1584,4.0,8.0,4.227904040404041,4.0,5.0,1584,0.0,156.0,71.07971014492753,68.0,121.79999999999973,552,0.0,552.0,213.4927536231884,200.0,415.1999999999989,552,1.0,1.0,1.0,1.0,1.0,269,0.9999999999999998,1.0011877775693885,1.0000282412220727,1.0,1.0001025581585157,269,1.0,1.6666666666666667,1.0425424240826582,1.0,1.1757575757575758,269,0.9999999999999998,1.6358602066427441,1.0395571906324796,1.0000944622740215,1.1548755320528672,269,552.0,0.0,0.0,0.0,552.0,269.0,283.0,0.0,0.0,0.0,0.0,283.0,0.48731884057971014,125.0,0.4646840148698885,552.0,269.0,0.48731884057971014,0.0,0.0,0.0,0.0,283.0,0.5126811594202898,0.0,0.0,0.0,0.0,0.0,0.0,0.0,369.4452289491892
339,20340000000000,4.0,31.0,4.595959595959596,4.0,6.0,1584,24.0,24.0,24.0,24.0,24.0,1584,0.0,0.0,0.0,0.0,0.0,1584,4.0,8.0,4.232323232323233,4.0,5.0,1584,0.0,136.0,69.03623188405797,64.0,124.0,552,0.0,472.0,205.71014492753622,184.0,424.0,552,1.0,1.0,1.0,1.0,1.0,552,0.9999999999999997,1.0000000000000002,1.0,1.0,1.0000000000000002,552,1.0,1.3333333333333333,1.0090875801509198,1.0,1.0753561253561252,552,0.9999999999999997,1.0000000000000002,1.0,1.0,1.0000000000000002,552,552.0,0.0,0.0,0.0,552.0,552.0,0.0,0.0,0.0,0.0,0.0,0.0,1.0,0.0,0.0,552.0,552.0,1.0,0.0,0.0,0.0,0.0,0.0,0.0,0.0,0.0,0.0,0.0,0.0,0.0,0.0,1086.704570800066
340,20400000000000,4.0,31.0,4.599116161616162,4.0,5.0,1584,21.0,24.0,23.94760101010101,24.0,24.0,1584,0.0,3.0,0.052398989898989896,0.0,0.0,1584,4.0,8.0,4.235479797979798,4.0,5.0,1584,0.0,160.0,70.33333333333333,66.0,124.0,552,0.0,568.0,210.8985507246377,192.0,424.0,552,1.0,1.0,1.0,1.0,1.0,407,0.9999999999999997,1.0000016046943647,1.000000003942738,1.0,1.0000000000000002,407,1.0,2.0,1.0364415252449257,1.0,1.2,407,0.9999999999999997,1.9692708779077874,1.0232224956213127,1.0,1.09625012769396,407,552.0,0.0,0.0,0.0,552.0,407.0,145.0,0.0,0.0,0.0,0.0,145.0,0.7373188405797102,103.0,0.25307125307125306,552.0,407.0,0.7373188405797102,0.0,0.0,0.0,0.0,145.0,0.26268115942028986,0.0,0.0,0.0,0.0,0.0,0.0,0.0,352.1732520312071
341,20460000000000,4.0,32.0,4.598484848484849,4.0,5.0,1584,21.0,24.0,23.896464646464647,24.0,24.0,1584,0.0,3.0,0.10353535353535354,0.0,1.0,1584,4.0,8.0,4.234848484848484,4.0,5.0,1584,0.0,156.0,70.85507246376811,68.0,128.0,552,0.0,552.0,212.59420289855072,200.0,440.0,552,1.0,1.0,1.0,1.0,1.0,276,0.9999999999999998,1.007902952934369,1.0002164099658006,1.0,1.0000000000000002,276,1.0,1.5,1.0582447418347223,1.0,1.25,276,0.9999999999999998,2.2685597716078982,1.0571312658056418,1.0056405366834245,1.2249676054517362,276,552.0,0.0,0.0,0.0,552.0,276.0,276.0,0.0,0.0,0.0,0.0,276.0,0.5,149.0,0.5398550724637681,552.0,276.0,0.5,0.0,0.0,0.0,0.0,276.0,0.5,0.0,0.0,0.0,0.0,0.0,0.0,0.0,388.31714168190956
342,20520000000000,4.0,32.0,4.587752525252525,4.0,5.0,1584,24.0,24.0,24.0,24.0,24.0,1584,0.0,0.0,0.0,0.0,0.0,1584,4.0,8.0,4.224116161616162,4.0,5.0,1584,0.0,156.0,69.8913043478261,64.0,124.0,552,0.0,552.0,208.7391304347826,184.0,424.0,552,1.0,1.0,1.0,1.0,1.0,552,0.9999999999999996,1.0000000000000004,1.0,1.0,1.0000000000000002,552,1.0,1.3333333333333333,1.0071571616063417,1.0,1.0643749999999996,552,0.9999999999999996,1.0000000000000004,1.0,1.0,1.0000000000000002,552,552.0,0.0,0.0,0.0,552.0,552.0,0.0,0.0,0.0,0.0,0.0,0.0,1.0,0.0,0.0,552.0,552.0,1.0,0.0,0.0,0.0,0.0,0.0,0.0,0.0,0.0,0.0,0.0,0.0,0.0,0.0,1034.3981925398111
343,20580000000000,4.0,31.0,4.597222222222222,4.0,5.0,1584,22.0,24.0,23.953282828282827,24.0,24.0,1584,0.0,2.0,0.04671717171717172,0.0,0.0,1584,4.0,8.0,4.233585858585859,4.0,5.0,1584,0.0,156.0,71.51449275362319,68.0,124.0,552,0.0,552.0,215.36231884057972,200.0,424.0,552,1.0,1.0,1.0,1.0,1.0,419,0.9999999999999997,1.007179017747543,1.0005026358677036,1.0,1.0019845037915334,419,1.0,1.6666666666666667,1.0331821395013812,1.0,1.1681818181818178,419,0.9999999999999998,1.7712775931710154,1.0242181309002887,1.000329888804648,1.1250045512333808,419,552.0,0.0,0.0,0.0,552.0,419.0,133.0,0.0,0.0,0.0,0.0,133.0,0.7590579710144928,123.0,0.2935560859188544,552.0,419.0,0.7590579710144928,0.0,0.0,0.0,0.0,133.0,0.24094202898550723,0.0,0.0,0.0,0.0,0.0,0.0,0.0,400.11585876345634
344,20640000000000,4.0,30.0,4.592171717171717,4.0,5.849999999999909,1584,21.0,24.0,23.901515151515152,24.0,24.0,1584,0.0,3.0,0.09848484848484848,0.0,1.0,1584,4.0,8.0,4.228535353535354,4.0,5.0,1584,0.0,156.0,70.21739130434783,66.0,125.79999999999973,552,0.0,552.0,210.56521739130434,192.0,431.1999999999989,552,1.0,1.0,1.0,1.0,1.0,252,0.9999999999999998,1.016216946306668,1.001309767437664,1.0,1.0043929952772523,252,1.0,1.6666666666666667,1.0696448750809806,1.0333704115684093,1.2660714285714283,252,0.9999999999999998,2.185239830428924,1.0628321613198541,1.0138908986817694,1.266331243269032,252,552.0,0.0,0.0,0.0,552.0,252.0,300.0,0.0,0.0,0.0,0.0,300.0,0.45652173913043476,151.0,0.5992063492063492,552.0,252.0,0.45652173913043476,0.0,0.0,0.0,0.0,300.0,0.5434782608695652,0.0,0.0,0.0,0.0,0.0,0.0,0.0,217.0714158564806
345,20700000000000,4.0,31.0,4.5978535353535355,4.0,5.0,1584,24.0,24.0,24.0,24.0,24.0,1584,0.0,0.0,0.0,0.0,0.0,1584,4.0,8.0,4.234217171717172,4.0,5.0,1584,0.0,160.0,71.53623188405797,68.0,124.0,552,0.0,568.0,215.31884057971016,200.0,424.0,552,1.0,1.0,1.0,1.0,1.0,552,0.9999999999999996,1.0000000000000002,1.0,1.0,1.0,552,1.0,1.3333333333333333,1.0072318591339318,1.0,1.0625,552,0.9999999999999996,1.0000000000000002,1.0,1.0,1.0,552,552.0,0.0,0.0,0.0,552.0,552.0,0.0,0.0,0.0,0.0,0.0,0.0,1.0,0.0,0.0,552.0,552.0,1.0,0.0,0.0,0.0,0.0,0.0,0.0,0.0,0.0,0.0,0.0,0.0,0.0,0.0,1232.6760534197092
346,20760000000000,4.0,31.0,4.59469696969697,4.0,5.0,1584,22.0,24.0,23.950126262626263,24.0,24.0,1584,0.0,2.0,0.049873737373737376,0.0,0.0,1584,4.0,8.0,4.231060606060606,4.0,5.0,1584,0.0,156.0,70.93478260869566,64.0,128.0,552,0.0,552.0,213.17391304347825,184.0,440.0,552,1.0,1.0,1.0,1.0,1.0,452,0.9999999999999997,1.0000000000000004,1.0,1.0,1.0000000000000002,452,1.0,1.5,1.0194759112113916,1.0,1.1151111111111112,452,0.9999999999999997,1.637930202786423,1.0114396190908534,1.0,1.0747381315751856,452,552.0,0.0,0.0,0.0,552.0,452.0,100.0,0.0,0.0,0.0,0.0,100.0,0.8188405797101449,99.0,0.21902654867256638,552.0,452.0,0.8188405797101449,0.0,0.0,0.0,0.0,100.0,0.18115942028985507,0.0,0.0,0.0,0.0,0.0,0.0,0.0,247.74606339633465
347,20820000000000,4.0,32.0,4.591540404040404,4.0,5.0,1584,21.0,24.0,23.89520202020202,24.0,24.0,1584,0.0,3.0,0.10479797979797979,0.0,1.0,1584,4.0,8.0,4.227904040404041,4.0,5.0,1584,0.0,156.0,70.67391304347827,68.0,120.0,552,0.0,552.0,211.7391304347826,200.0,408.0,552,1.0,1.0,1.0,1.0,1.0,247,0.9999999999999996,1.0044791477577224,1.0001963575766832,1.0,1.000941923802101,247,1.0,2.0,1.0572157504995414,1.0,1.2857142857142858,247,0.9999999999999998,2.705899559634099,1.0501830640569205,1.0004414952324454,1.1962811381804421,247,552.0,0.0,0.0,0.0,552.0,247.0,305.0,0.0,0.0,0.0,0.0,305.0,0.447463768115942,103.0,0.41700404858299595,552.0,247.0,0.447463768115942,0.0,0.0,0.0,0.0,305.0,0.552536231884058,0.0,0.0,0.0,0.0,0.0,0.0,0.0,353.7223543971777
348,20880000000000,4.0,31.0,4.593434343434343,4.0,5.0,1584,24.0,24.0,24.0,24.0,24.0,1584,0.0,0.0,0.0,0.0,0.0,1584,4.0,8.0,4.22979797979798,4.0,5.0,1584,0.0,148.0,70.54347826086956,68.0,124.0,552,0.0,520.0,211.6086956521739,200.0,424.0,552,1.0,1.0,1.0,1.0,1.0,552,0.9999999999999998,1.0000000000000004,1.0,1.0,1.0000000000000002,552,1.0,1.3076923076923077,1.0089549114969774,1.0,1.0769230769230769,552,0.9999999999999998,1.0000000000000004,1.0,1.0,1.0000000000000002,552,552.0,0.0,0.0,0.0,552.0,552.0,0.0,0.0,0.0,0.0,0.0,0.0,1.0,0.0,0.0,552.0,552.0,1.0,0.0,0.0,0.0,0.0,0.0,0.0,0.0,0.0,0.0,0.0,0.0,0.0,0.0,1256.0420725494623
349,20940000000000,4.0,31.0,4.599747474747475,4.0,5.0,1584,22.0,24.0,23.948863636363637,24.0,24.0,1584,0.0,2.0,0.05113636363636364,0.0,0.0,1584,4.0,8.0,4.236111111111111,4.0,5.0,1584,0.0,140.0,70.41304347826087,68.0,120.0,552,0.0,488.0,210.95652173913044,200.0,408.0,552,1.0,1.0,1.0,1.0,1.0,397,0.9999999999999998,1.0019862671469177,1.0000653320070134,1.0,1.0006549860311258,397,1.0,2.0,1.0392363788939294,1.0,1.19,397,0.9999999999999998,2.073869410188451,1.0286586788749497,1.0,1.1237799678172584,397,552.0,0.0,0.0,0.0,552.0,397.0,155.0,0.0,0.0,0.0,0.0,155.0,0.7192028985507246,128.0,0.3224181360201511,552.0,397.0,0.7192028985507246,0.0,0.0,0.0,0.0,155.0,0.2807971014492754,0.0,0.0,0.0,0.0,0.0,0.0,0.0,246.10959738492966
350,21000000000000,4.0,32.0,4.599747474747475,4.0,5.0,1584,21.0,24.0,23.900883838383837,24.0,24.0,1584,0.0,3.0,0.09911616161616162,0.0,1.0,1584,4.0,8.0,4.236111111111111,4.0,5.0,1584,0.0,156.0,70.1231884057971,64.0,124.0,552,0.0,552.0,209.79710144927537,184.0,424.0,552,1.0,1.0,1.0,1.0,1.0,258,0.9999999999999998,1.0129162221672505,1.0003812444808728,1.0,1.0003929578606978,258,1.0,2.0,1.067646031186278,1.0,1.255357142857142,258,0.9999999999999998,2.2253089235028414,1.0581730831284186,1.0115600826600328,1.1863900282366708,258,552.0,0.0,0.0,0.0,552.0,258.0,294.0,0.0,0.0,0.0,0.0,294.0,0.4673913043478261,139.0,0.5387596899224806,552.0,258.0,0.4673913043478261,0.0,0.0,0.0,0.0,294.0,0.532608695652174,0.0,0.0,0.0,0.0,0.0,0.0,0.0,405.2676986902952
351,21060000000000,4.0,32.0,4.59280303030303,4.0,5.0,1584,24.0,24.0,24.0,24.0,24.0,1584,0.0,0.0,0.0,0.0,0.0,1584,4.0,8.0,4.229166666666667,4.0,5.0,1584,0.0,164.0,72.52898550724638,68.0,128.0,552,0.0,584.0,219.28985507246378,200.0,440.0,552,1.0,1.0,1.0,1.0,1.0,552,0.9999999999999996,1.0000000000000002,1.0,1.0,1.0000000000000002,552,1.0,1.3333333333333333,1.0076861441368365,1.0,1.0666666666666667,552,0.9999999999999996,1.0000000000000002,1.0,1.0,1.0000000000000002,552,552.0,0.0,0.0,0.0,552.0,552.0,0.0,0.0,0.0,0.0,0.0,0.0,1.0,0.0,0.0,552.0,552.0,1.0,0.0,0.0,0.0,0.0,0.0,0.0,0.0,0.0,0.0,0.0,0.0,0.0,0.0,1008.1282742321491
352,21120000000000,4.0,31.0,4.596590909090909,4.0,5.0,1584,21.0,24.0,23.950126262626263,24.0,24.0,1584,0.0,3.0,0.049873737373737376,0.0,0.0,1584,4.0,8.0,4.232954545454546,4.0,5.0,1584,0.0,160.0,71.1159420289855,68.0,124.0,552,0.0,568.0,213.768115942029,200.0,424.0,552,1.0,1.0,1.0,1.0,1.0,423,0.9999999999999997,1.009421923367712,1.000276545872815,1.0,1.001102953930772,423,1.0,1.6666666666666667,1.0296561467945808,1.0,1.1428571428571428,423,0.9999999999999998,1.5973537009682877,1.0203365869516459,1.0,1.1048749086070813,423,552.0,0.0,0.0,0.0,552.0,423.0,129.0,0.0,0.0,0.0,0.0,129.0,0.7663043478260869,133.0,0.3144208037825059,552.0,423.0,0.7663043478260869,0.0,0.0,0.0,0.0,129.0,0.23369565217391305,0.0,0.0,0.0,0.0,0.0,0.0,0.0,374.75919909775257
353,21180000000000,4.0,31.0,4.591540404040404,4.0,5.0,1584,21.0,24.0,23.89962121212121,24.0,24.0,1584,0.0,3.0,0.10037878787878787,0.0,1.0,1584,4.0,8.0,4.227904040404041,4.0,5.0,1584,0.0,164.0,70.47826086956522,68.0,124.0,552,0.0,584.0,211.08695652173913,200.0,424.0,552,1.0,1.0,1.0,1.0,1.0,261,0.9999999999999998,1.0177044076031672,1.0007627072678142,1.0,1.0030746913165067,261,1.0,2.0,1.057955684586355,1.0,1.25,261,0.9999999999999998,2.1386783300803334,1.057389430789525,1.002338743970093,1.2613383373023201,261,552.0,0.0,0.0,0.0,552.0,261.0,291.0,0.0,0.0,0.0,0.0,291.0,0.47282608695652173,123.0,0.47126436781609193,552.0,261.0,0.47282608695652173,0.0,0.0,0.0,0.0,291.0,0.5271739130434783,0.0,0.0,0.0,0.0,0.0,0.0,0.0,400.1344498246908
354,21240000000000,4.0,31.0,4.593434343434343,4.0,5.0,1584,24.0,24.0,24.0,24.0,24.0,1584,0.0,0.0,0.0,0.0,0.0,1584,4.0,8.0,4.22979797979798,4.0,5.0,1584,0.0,164.0,70.2536231884058,68.0,124.0,552,0.0,584.0,210.44927536231884,200.0,424.0,552,1.0,1.0,1.0,1.0,1.0,552,0.9999999999999998,1.0000000000000002,1.0,1.0,1.0000000000000002,552,1.0,1.3333333333333333,1.0097801493459013,1.0,1.0782407407407402,552,0.9999999999999998,1.0000000000000002,1.0,1.0,1.0000000000000002,552,552.0,0.0,0.0,0.0,552.0,552.0,0.0,0.0,0.0,0.0,0.0,0.0,1.0,0.0,0.0,552.0,552.0,1.0,0.0,0.0,0.0,0.0,0.0,0.0,0.0,0.0,0.0,0.0,0.0,0.0,0.0,1109.388504177332
355,21300000000000,4.0,32.0,4.596590909090909,4.0,5.0,1584,22.0,24.0,23.950757575757574,24.0,24.0,1584,0.0,2.0,0.04924242424242424,0.0,0.0,1584,4.0,8.0,4.232954545454546,4.0,5.0,1584,0.0,156.0,70.02173913043478,64.0,124.0,552,0.0,552.0,209.91304347826087,184.0,424.0,552,1.0,1.0,1.0,1.0,1.0,425,0.9999999999999998,1.0000000000000004,1.0,1.0,1.0000000000000002,425,1.0,2.0,1.0330031682250753,1.0,1.1666666666666667,425,0.9999999999999998,1.8911301843287533,1.0239072315845232,1.0,1.1373488268988043,425,552.0,0.0,0.0,0.0,552.0,425.0,127.0,0.0,0.0,0.0,0.0,127.0,0.769927536231884,114.0,0.26823529411764707,552.0,425.0,0.769927536231884,0.0,0.0,0.0,0.0,127.0,0.23007246376811594,0.0,0.0,0.0,0.0,0.0,0.0,0.0,369.133023545146
356,21360000000000,4.0,32.0,4.593434343434343,4.0,5.0,1584,21.0,24.0,23.89709595959596,24.0,24.0,1584,0.0,3.0,0.1029040404040404,0.0,1.0,1584,4.0,8.0,4.22979797979798,4.0,5.0,1584,0.0,156.0,70.8840579710145,68.0,124.0,552,0.0,552.0,212.71014492753622,200.0,424.0,552,1.0,1.0,1.0,1.0,1.0,300,0.9999999999999998,1.0067820146699809,1.0004070240696687,1.0,1.0016997011994346,300,1.0,2.0,1.0446253441951185,1.0,1.182727272727273,300,0.9999999999999998,2.298173241796456,1.0398286583963021,1.001479649845928,1.1658517354531717,300,552.0,0.0,0.0,0.0,552.0,300.0,252.0,0.0,0.0,0.0,0.0,252.0,0.5434782608695652,141.0,0.47,552.0,300.0,0.5434782608695652,0.0,0.0,0.0,0.0,252.0,0.45652173913043476,0.0,0.0,0.0,0.0,0.0,0.0,0.0,397.83358946442604
357,21420000000000,4.0,31.0,4.590277777777778,4.0,5.0,1584,24.0,24.0,24.0,24.0,24.0,1584,0.0,0.0,0.0,0.0,0.0,1584,4.0,8.0,4.226641414141414,4.0,5.0,1584,0.0,152.0,70.59420289855072,68.0,124.0,552,0.0,536.0,211.42028985507247,200.0,424.0,552,1.0,1.0,1.0,1.0,1.0,552,0.9999999999999996,1.0000000000000002,1.0,1.0,1.0000000000000002,552,1.0,1.3076923076923077,1.0073512522634658,1.0,1.0570261437908495,552,0.9999999999999996,1.0000000000000002,1.0,1.0,1.0000000000000002,552,552.0,0.0,0.0,0.0,552.0,552.0,0.0,0.0,0.0,0.0,0.0,0.0,1.0,0.0,0.0,552.0,552.0,1.0,0.0,0.0,0.0,0.0,0.0,0.0,0.0,0.0,0.0,0.0,0.0,0.0,0.0,1092.2216773033142
358,21480000000000,4.0,31.0,4.59469696969697,4.0,5.0,1584,22.0,24.0,23.94823232323232,24.0,24.0,1584,0.0,2.0,0.05176767676767677,0.0,0.0,1584,4.0,8.0,4.231060606060606,4.0,5.0,1584,0.0,152.0,71.33333333333333,68.0,124.0,552,0.0,536.0,214.768115942029,200.0,424.0,552,1.0,1.0,1.0,1.0,1.0,407,0.9999999999999997,1.0058994667069476,1.0001689437724557,1.0,1.000981909730976,407,1.0,2.0,1.0373595297024376,1.0,1.1802139037433155,407,0.9999999999999997,1.965478163846238,1.0283780375255878,1.0,1.1267150863481559,407,552.0,0.0,0.0,0.0,552.0,407.0,145.0,0.0,0.0,0.0,0.0,145.0,0.7373188405797102,141.0,0.3464373464373464,552.0,407.0,0.7373188405797102,0.0,0.0,0.0,0.0,145.0,0.26268115942028986,0.0,0.0,0.0,0.0,0.0,0.0,0.0,403.74015644192696
359,21540000000000,4.0,31.0,4.599116161616162,4.0,6.0,1584,21.0,24.0,23.900252525252526,24.0,24.0,1584,0.0,3.0,0.09974747474747475,0.0,1.0,1584,4.0,8.0,4.235479797979798,4.0,5.0,1584,0.0,156.0,69.78985507246377,68.0,124.0,552,0.0,552.0,208.7246376811594,200.0,424.0,552,1.0,1.0,1.0,1.0,1.0,248,0.9999999999999998,1.0117283860596555,1.0003002675048895,1.0,1.0000000000000002,248,1.0,2.0,1.074618573568769,1.0400641025641026,1.273214285714285,248,0.9999999999999998,1.9576984501376458,1.0611057093549983,1.0216380179060593,1.2167259070556877,248,552.0,0.0,0.0,0.0,552.0,248.0,304.0,0.0,0.0,0.0,0.0,304.0,0.4492753623188406,151.0,0.6088709677419355,552.0,248.0,0.4492753623188406,0.0,0.0,0.0,0.0,304.0,0.5507246376811594,0.0,0.0,0.0,0.0,0.0,0.0,0.0,198.26793484389782
