time_index,time_since_epoch_ns,fstate_size_min,fstate_size_max,fstate_size_mean,fstate_size_median,fstate_size_p95,fstate_size_count,fstate_installed_min,fstate_installed_max,fstate_installed_mean,fstate_installed_median,fstate_installed_p95,fstate_installed_count,fstate_markers_min,fstate_markers_max,fstate_markers_mean,fstate_markers_median,fstate_markers_p95,fstate_markers_count,fstate_neighbors_min,fstate_neighbors_max,fstate_neighbors_mean,fstate_neighbors_median,fstate_neighbors_p95,fstate_neighbors_count,strict_header_bytes_min,strict_header_bytes_max,strict_header_bytes_mean,strict_header_bytes_median,strict_header_bytes_p95,strict_header_bytes_count,srv6_srh_bytes_min,srv6_srh_bytes_max,srv6_srh_bytes_mean,srv6_srh_bytes_median,srv6_srh_bytes_p95,srv6_srh_bytes_count,stretch_hop_min,stretch_hop_max,stretch_hop_mean,stretch_hop_median,stretch_hop_p95,stretch_hop_count,stretch_dist_min,stretch_dist_max,stretch_dist_mean,stretch_dist_median,stretch_dist_p95,stretch_dist_count,stretch_hop_shared_min,stretch_hop_shared_max,stretch_hop_shared_mean,stretch_hop_shared_median,stretch_hop_shared_p95,stretch_hop_shared_count,stretch_dist_shared_min,stretch_dist_shared_max,stretch_dist_shared_mean,stretch_dist_shared_median,stretch_dist_shared_p95,stretch_dist_shared_count,delivery_total_pairs,delivery_no_src_visibility,delivery_no_dst_visibility,delivery_disconnected,delivery_deliverable,delivery_delivered,delivery_forwarding_failure,delivery_failure_loop,delivery_failure_dead_end,delivery_failure_link_down,delivery_failure_hop_limit,delivery_failure_egress_lost,delivery_delivery_rate,delivery_non_optimal_egress,delivery_non_optimal_egress_rate,aux_lsdb_node_entries,aux_lsdb_link_entries,aux_spf_tree_entries_per_sat,aux_spf_all_pairs_entries,aux_spf_all_pairs_build_ms,explicit_failover_count,explicit_failover_delivered_count,explicit_failover_delivered_rate,explicit_failover_protected_repair_count,explicit_failover_protected_repair_rate,explicit_failover_broken_adj_count,explicit_failover_broken_adj_rate,explicit_failover_egress_not_visible_count,explicit_failover_egress_not_visible_rate,explicit_failover_dynamic_egress_repair_count,explicit_failover_dynamic_egress_repair_rate,explicit_failover_dynamic_egress_unavailable_count,explicit_failover_dynamic_egress_unavailable_rate,failure_isls_removed,failure_satellites_down,failure_events,compute_time_ms
0,0,1156.0,1156.0,1156.0,1156.0,1156.0,1156,24.0,24.0,24.0,24.0,24.0,1156,0.0,0.0,0.0,0.0,0.0,1156,4.0,8.0,4.312283737024221,4.0,6.0,1156,0.0,0.0,0.0,0.0,0.0,0,0.0,0.0,0.0,0.0,0.0,0,1.0,1.0,1.0,1.0,1.0,552,0.9999999999999996,1.0000000000000002,1.0,1.0,1.0000000000000002,552,1.0,1.3333333333333333,1.0114191251762739,1.0,1.0849637681159416,552,0.9999999999999996,1.0000000000000002,1.0,1.0,1.0000000000000002,552,552.0,0.0,0.0,0.0,552.0,552.0,0.0,0.0,0.0,0.0,0.0,0.0,1.0,0.0,0.0,1156.0,2312.0,1156.0,1336336.0,6783.970491960645,0.0,0.0,0.0,0.0,0.0,0.0,0.0,0.0,0.0,0.0,0.0,0.0,0.0,0.0,0.0,0.0,10493.09659563005
1,60000000000,1156.0,1156.0,1156.0,1156.0,1156.0,1156,24.0,24.0,24.0,24.0,24.0,1156,0.0,0.0,0.0,0.0,0.0,1156,4.0,8.0,4.310553633217993,4.0,6.0,1156,0.0,0.0,0.0,0.0,0.0,0,0.0,0.0,0.0,0.0,0.0,0,1.0,1.0,1.0,1.0,1.0,552,0.9999999999999997,1.0000000000000004,1.0,1.0,1.0000000000000002,552,1.0,1.1666666666666667,1.0100963929064786,1.0,1.0833333333333333,552,0.9999999999999997,1.0000000000000004,1.0,1.0,1.0000000000000002,552,552.0,0.0,0.0,0.0,552.0,552.0,0.0,0.0,0.0,0.0,0.0,0.0,1.0,0.0,0.0,1156.0,2312.0,1156.0,1336336.0,5960.777947679162,0.0,0.0,0.0,0.0,0.0,0.0,0.0,0.0,0.0,0.0,0.0,0.0,0.0,0.0,0.0,0.0,9433.39310027659
2,120000000000,1156.0,1156.0,1156.0,1156.0,1156.0,1156,24.0,24.0,24.0,24.0,24.0,1156,0.0,0.0,0.0,0.0,0.0,1156,4.0,8.0,4.310553633217993,4.0,6.0,1156,0.0,0.0,0.0,0.0,0.0,0,0.0,0.0,0.0,0.0,0.0,0,1.0,1.0,1.0,1.0,1.0,552,0.9999999999999997,1.0000000000000002,1.0,1.0,1.0000000000000002,552,1.0,1.1666666666666667,1.0111228713458824,1.0,1.0833333333333333,552,0.9999999999999997,1.0000000000000002,1.0,1.0,1.0000000000000002,552,552.0,0.0,0.0,0.0,552.0,552.0,0.0,0.0,0.0,0.0,0.0,0.0,1.0,0.0,0.0,1156.0,2312.0,1156.0,1336336.0,7016.304584220052,0.0,0.0,0.0,0.0,0.0,0.0,0.0,0.0,0.0,0.0,0.0,0.0,0.0,0.0,0.0,0.0,10588.189594447613
3,180000000000,1156.0,1156.0,1156.0,1156.0,1156.0,1156,24.0,24.0,24.0,24.0,24.0,1156,0.0,0.0,0.0,0.0,0.0,1156,4.0,8.0,4.3088235294117645,4.0,6.0,1156,0.0,0.0,0.0,0.0,0.0,0,0.0,0.0,0.0,0.0,0.0,0,1.0,1.0,1.0,1.0,1.0,552,0.9999999999999997,1.0000000000000002,1.0,1.0,1.0000000000000002,552,1.0,1.3333333333333333,1.0125098144044287,1.0,1.0909090909090908,552,0.9999999999999997,1.0000000000000002,1.0,1.0,1.0000000000000002,552,552.0,0.0,0.0,0.0,552.0,552.0,0.0,0.0,0.0,0.0,0.0,0.0,1.0,0.0,0.0,1156.0,2312.0,1156.0,1336336.0,6234.44340005517,0.0,0.0,0.0,0.0,0.0,0.0,0.0,0.0,0.0,0.0,0.0,0.0,0.0,0.0,0.0,0.0,9664.027836173773
4,240000000000,1156.0,1156.0,1156.0,1156.0,1156.0,1156,24.0,24.0,24.0,24.0,24.0,1156,0.0,0.0,0.0,0.0,0.0,1156,4.0,8.0,4.304498269896194,4.0,6.0,1156,0.0,0.0,0.0,0.0,0.0,0,0.0,0.0,0.0,0.0,0.0,0,1.0,1.0,1.0,1.0,1.0,552,0.9999999999999997,1.0000000000000004,1.0,1.0,1.0000000000000002,552,1.0,1.1666666666666667,1.0105964565850214,1.0,1.0867424242424237,552,0.9999999999999997,1.0000000000000004,1.0,1.0,1.0000000000000002,552,552.0,0.0,0.0,0.0,552.0,552.0,0.0,0.0,0.0,0.0,0.0,0.0,1.0,0.0,0.0,1156.0,2312.0,1156.0,1336336.0,7198.68865609169,0.0,0.0,0.0,0.0,0.0,0.0,0.0,0.0,0.0,0.0,0.0,0.0,0.0,0.0,0.0,0.0,10740.81021361053
5,300000000000,1156.0,1156.0,1156.0,1156.0,1156.0,1156,24.0,24.0,24.0,24.0,24.0,1156,0.0,0.0,0.0,0.0,0.0,1156,4.0,8.0,4.314878892733564,4.0,6.0,1156,0.0,0.0,0.0,0.0,0.0,0,0.0,0.0,0.0,0.0,0.0,0,1.0,1.0,1.0,1.0,1.0,552,0.9999999999999997,1.0000000000000004,1.0,1.0,1.0,552,1.0,1.1666666666666667,1.0102393278745367,1.0,1.0798076923076918,552,0.9999999999999997,1.0000000000000004,1.0,1.0,1.0,552,552.0,0.0,0.0,0.0,552.0,552.0,0.0,0.0,0.0,0.0,0.0,0.0,1.0,0.0,0.0,1156.0,2312.0,1156.0,1336336.0,6344.116095453501,0.0,0.0,0.0,0.0,0.0,0.0,0.0,0.0,0.0,0.0,0.0,0.0,0.0,0.0,0.0,0.0,9840.758759528399
6,360000000000,1156.0,1156.0,1156.0,1156.0,1156.0,1156,24.0,24.0,24.0,24.0,24.0,1156,0.0,0.0,0.0,0.0,0.0,1156,4.0,8.0,4.307958477508651,4.0,6.0,1156,0.0,0.0,0.0,0.0,0.0,0,0.0,0.0,0.0,0.0,0.0,0,1.0,1.0,1.0,1.0,1.0,552,0.9999999999999997,1.0000000000000002,1.0,1.0,1.0000000000000002,552,1.0,1.3333333333333333,1.013671653270072,1.0,1.1,552,0.9999999999999997,1.0000000000000002,1.0,1.0,1.0000000000000002,552,552.0,0.0,0.0,0.0,552.0,552.0,0.0,0.0,0.0,0.0,0.0,0.0,1.0,0.0,0.0,1156.0,2312.0,1156.0,1336336.0,6789.306128397584,0.0,0.0,0.0,0.0,0.0,0.0,0.0,0.0,0.0,0.0,0.0,0.0,0.0,0.0,0.0,0.0,10302.654216066003
7,420000000000,1156.0,1156.0,1156.0,1156.0,1156.0,1156,24.0,24.0,24.0,24.0,24.0,1156,0.0,0.0,0.0,0.0,0.0,1156,4.0,8.0,4.307958477508651,4.0,6.0,1156,0.0,0.0,0.0,0.0,0.0,0,0.0,0.0,0.0,0.0,0.0,0,1.0,1.0,1.0,1.0,1.0,552,0.9999999999999997,1.0000000000000002,1.0,1.0,1.0000000000000002,552,1.0,1.1666666666666667,1.0089676005233683,1.0,1.0666666666666667,552,0.9999999999999997,1.0000000000000002,1.0,1.0,1.0000000000000002,552,552.0,0.0,0.0,0.0,552.0,552.0,0.0,0.0,0.0,0.0,0.0,0.0,1.0,0.0,0.0,1156.0,2312.0,1156.0,1336336.0,5849.027028307319,0.0,0.0,0.0,0.0,0.0,0.0,0.0,0.0,0.0,0.0,0.0,0.0,0.0,0.0,0.0,0.0,9306.122282519937
8,480000000000,1156.0,1156.0,1156.0,1156.0,1156.0,1156,24.0,24.0,24.0,24.0,24.0,1156,0.0,0.0,0.0,0.0,0.0,1156,4.0,8.0,4.314878892733564,4.0,6.0,1156,0.0,0.0,0.0,0.0,0.0,0,0.0,0.0,0.0,0.0,0.0,0,1.0,1.0,1.0,1.0,1.0,552,0.9999999999999998,1.0000000000000002,1.0,1.0,1.0000000000000002,552,1.0,1.1666666666666667,1.010133234053609,1.0,1.0769230769230769,552,0.9999999999999998,1.0000000000000002,1.0,1.0,1.0000000000000002,552,552.0,0.0,0.0,0.0,552.0,552.0,0.0,0.0,0.0,0.0,0.0,0.0,1.0,0.0,0.0,1156.0,2312.0,1156.0,1336336.0,7110.241282731295,0.0,0.0,0.0,0.0,0.0,0.0,0.0,0.0,0.0,0.0,0.0,0.0,0.0,0.0,0.0,0.0,10658.513069152832
9,540000000000,1156.0,1156.0,1156.0,1156.0,1156.0,1156,24.0,24.0,24.0,24.0,24.0,1156,0.0,0.0,0.0,0.0,0.0,1156,4.0,8.0,4.302768166089965,4.0,6.0,1156,0.0,0.0,0.0,0.0,0.0,0,0.0,0.0,0.0,0.0,0.0,0,1.0,1.0,1.0,1.0,1.0,552,0.9999999999999997,1.0000000000000002,1.0,1.0,1.0000000000000002,552,1.0,1.3333333333333333,1.0142471335170675,1.0,1.1,552,0.9999999999999997,1.0000000000000002,1.0,1.0,1.0000000000000002,552,552.0,0.0,0.0,0.0,552.0,552.0,0.0,0.0,0.0,0.0,0.0,0.0,1.0,0.0,0.0,1156.0,2312.0,1156.0,1336336.0,5747.7473821491,0.0,0.0,0.0,0.0,0.0,0.0,0.0,0.0,0.0,0.0,0.0,0.0,0.0,0.0,0.0,0.0,9155.158903449774
10,600000000000,1156.0,1156.0,1156.0,1156.0,1156.0,1156,24.0,24.0,24.0,24.0,24.0,1156,0.0,0.0,0.0,0.0,0.0,1156,4.0,8.0,4.311418685121107,4.0,6.0,1156,0.0,0.0,0.0,0.0,0.0,0,0.0,0.0,0.0,0.0,0.0,0,1.0,1.0,1.0,1.0,1.0,552,0.9999999999999998,1.0000000000000004,1.0,1.0,1.0000000000000002,552,1.0,1.1666666666666667,1.00828792593065,1.0,1.0666666666666667,552,0.9999999999999998,1.0000000000000004,1.0,1.0,1.0000000000000002,552,552.0,0.0,0.0,0.0,552.0,552.0,0.0,0.0,0.0,0.0,0.0,0.0,1.0,0.0,0.0,1156.0,2312.0,1156.0,1336336.0,7188.0910117179155,0.0,0.0,0.0,0.0,0.0,0.0,0.0,0.0,0.0,0.0,0.0,0.0,0.0,0.0,0.0,0.0,10670.90986482799
11,660000000000,1156.0,1156.0,1156.0,1156.0,1156.0,1156,24.0,24.0,24.0,24.0,24.0,1156,0.0,0.0,0.0,0.0,0.0,1156,4.0,8.0,4.312283737024221,4.0,6.0,1156,0.0,0.0,0.0,0.0,0.0,0,0.0,0.0,0.0,0.0,0.0,0,1.0,1.0,1.0,1.0,1.0,552,0.9999999999999997,1.0000000000000004,1.0,1.0,1.0000000000000002,552,1.0,1.1666666666666667,1.0110753711219072,1.0,1.0909090909090908,552,0.9999999999999997,1.0000000000000004,1.0,1.0,1.0000000000000002,552,552.0,0.0,0.0,0.0,552.0,552.0,0.0,0.0,0.0,0.0,0.0,0.0,1.0,0.0,0.0,1156.0,2312.0,1156.0,1336336.0,6446.357253938913,0.0,0.0,0.0,0.0,0.0,0.0,0.0,0.0,0.0,0.0,0.0,0.0,0.0,0.0,0.0,0.0,9935.047594830394
12,720000000000,1156.0,1156.0,1156.0,1156.0,1156.0,1156,24.0,24.0,24.0,24.0,24.0,1156,0.0,0.0,0.0,0.0,0.0,1156,4.0,8.0,4.301903114186851,4.0,6.0,1156,0.0,0.0,0.0,0.0,0.0,0,0.0,0.0,0.0,0.0,0.0,0,1.0,1.0,1.0,1.0,1.0,552,0.9999999999999998,1.0000000000000002,1.0,1.0,1.0000000000000002,552,1.0,1.3333333333333333,1.0154764490616932,1.0,1.1,552,0.9999999999999998,1.0000000000000002,1.0,1.0,1.0000000000000002,552,552.0,0.0,0.0,0.0,552.0,552.0,0.0,0.0,0.0,0.0,0.0,0.0,1.0,0.0,0.0,1156.0,2312.0,1156.0,1336336.0,7525.742890313268,0.0,0.0,0.0,0.0,0.0,0.0,0.0,0.0,0.0,0.0,0.0,0.0,0.0,0.0,0.0,0.0,10950.795600190759
13,780000000000,1156.0,1156.0,1156.0,1156.0,1156.0,1156,24.0,24.0,24.0,24.0,24.0,1156,0.0,0.0,0.0,0.0,0.0,1156,4.0,8.0,4.305363321799308,4.0,6.0,1156,0.0,0.0,0.0,0.0,0.0,0,0.0,0.0,0.0,0.0,0.0,0,1.0,1.0,1.0,1.0,1.0,552,0.9999999999999997,1.0000000000000004,1.0,1.0,1.0000000000000002,552,1.0,1.1666666666666667,1.0070351948526568,1.0,1.0604779411764704,552,0.9999999999999997,1.0000000000000004,1.0,1.0,1.0000000000000002,552,552.0,0.0,0.0,0.0,552.0,552.0,0.0,0.0,0.0,0.0,0.0,0.0,1.0,0.0,0.0,1156.0,2312.0,1156.0,1336336.0,6483.368588611484,0.0,0.0,0.0,0.0,0.0,0.0,0.0,0.0,0.0,0.0,0.0,0.0,0.0,0.0,0.0,0.0,10008.823549374938
14,840000000000,1156.0,1156.0,1156.0,1156.0,1156.0,1156,24.0,24.0,24.0,24.0,24.0,1156,0.0,0.0,0.0,0.0,0.0,1156,4.0,8.0,4.312283737024221,4.0,6.0,1156,0.0,0.0,0.0,0.0,0.0,0,0.0,0.0,0.0,0.0,0.0,0,1.0,1.0,1.0,1.0,1.0,552,0.9999999999999996,1.0000000000000004,1.0,1.0,1.0000000000000002,552,1.0,1.1666666666666667,1.0119087372906566,1.0,1.0909090909090908,552,0.9999999999999996,1.0000000000000004,1.0,1.0,1.0000000000000002,552,552.0,0.0,0.0,0.0,552.0,552.0,0.0,0.0,0.0,0.0,0.0,0.0,1.0,0.0,0.0,1156.0,2312.0,1156.0,1336336.0,7268.6764020472765,0.0,0.0,0.0,0.0,0.0,0.0,0.0,0.0,0.0,0.0,0.0,0.0,0.0,0.0,0.0,0.0,10718.24012696743
15,900000000000,1156.0,1156.0,1156.0,1156.0,1156.0,1156,24.0,24.0,24.0,24.0,24.0,1156,0.0,0.0,0.0,0.0,0.0,1156,4.0,8.0,4.305363321799308,4.0,6.0,1156,0.0,0.0,0.0,0.0,0.0,0,0.0,0.0,0.0,0.0,0.0,0,1.0,1.0,1.0,1.0,1.0,552,0.9999999999999997,1.0000000000000002,1.0,1.0,1.0,552,1.0,1.3333333333333333,1.0158487557480518,1.0,1.1,552,0.9999999999999997,1.0000000000000002,1.0,1.0,1.0,552,552.0,0.0,0.0,0.0,552.0,552.0,0.0,0.0,0.0,0.0,0.0,0.0,1.0,0.0,0.0,1156.0,2312.0,1156.0,1336336.0,8377.154439687729,0.0,0.0,0.0,0.0,0.0,0.0,0.0,0.0,0.0,0.0,0.0,0.0,0.0,0.0,0.0,0.0,12346.8665368855
16,960000000000,1156.0,1156.0,1156.0,1156.0,1156.0,1156,24.0,24.0,24.0,24.0,24.0,1156,0.0,0.0,0.0,0.0,0.0,1156,4.0,8.0,4.3157439446366785,4.0,6.0,1156,0.0,0.0,0.0,0.0,0.0,0,0.0,0.0,0.0,0.0,0.0,0,1.0,1.0,1.0,1.0,1.0,552,0.9999999999999998,1.0000000000000002,1.0,1.0,1.0000000000000002,552,1.0,1.3333333333333333,1.0089691239453555,1.0,1.0666666666666667,552,0.9999999999999998,1.0000000000000002,1.0,1.0,1.0000000000000002,552,552.0,0.0,0.0,0.0,552.0,552.0,0.0,0.0,0.0,0.0,0.0,0.0,1.0,0.0,0.0,1156.0,2312.0,1156.0,1336336.0,6758.429974317551,0.0,0.0,0.0,0.0,0.0,0.0,0.0,0.0,0.0,0.0,0.0,0.0,0.0,0.0,0.0,0.0,10229.572795331478
17,1020000000000,1156.0,1156.0,1156.0,1156.0,1156.0,1156,24.0,24.0,24.0,24.0,24.0,1156,0.0,0.0,0.0,0.0,0.0,1156,4.0,8.0,4.311418685121107,4.0,6.0,1156,0.0,0.0,0.0,0.0,0.0,0,0.0,0.0,0.0,0.0,0.0,0,1.0,1.0,1.0,1.0,1.0,552,0.9999999999999997,1.0000000000000004,1.0,1.0,1.0000000000000002,552,1.0,1.2,1.0140854091548837,1.0,1.1,552,0.9999999999999997,1.0000000000000004,1.0,1.0,1.0000000000000002,552,552.0,0.0,0.0,0.0,552.0,552.0,0.0,0.0,0.0,0.0,0.0,0.0,1.0,0.0,0.0,1156.0,2312.0,1156.0,1336336.0,7528.5981222987175,0.0,0.0,0.0,0.0,0.0,0.0,0.0,0.0,0.0,0.0,0.0,0.0,0.0,0.0,0.0,0.0,11178.898880258203
18,1080000000000,1156.0,1156.0,1156.0,1156.0,1156.0,1156,24.0,24.0,24.0,24.0,24.0,1156,0.0,0.0,0.0,0.0,0.0,1156,4.0,8.0,4.303633217993079,4.0,6.0,1156,0.0,0.0,0.0,0.0,0.0,0,0.0,0.0,0.0,0.0,0.0,0,1.0,1.0,1.0,1.0,1.0,552,0.9999999999999997,1.0000000000000004,1.0,1.0,1.0000000000000002,552,1.0,1.3333333333333333,1.0149720327347134,1.0,1.1,552,0.9999999999999997,1.0000000000000004,1.0,1.0,1.0000000000000002,552,552.0,0.0,0.0,0.0,552.0,552.0,0.0,0.0,0.0,0.0,0.0,0.0,1.0,0.0,0.0,1156.0,2312.0,1156.0,1336336.0,6427.853461354971,0.0,0.0,0.0,0.0,0.0,0.0,0.0,0.0,0.0,0.0,0.0,0.0,0.0,0.0,0.0,0.0,9651.55346505344
19,1140000000000,1156.0,1156.0,1156.0,1156.0,1156.0,1156,24.0,24.0,24.0,24.0,24.0,1156,0.0,0.0,0.0,0.0,0.0,1156,4.0,8.0,4.314878892733564,4.0,6.0,1156,0.0,0.0,0.0,0.0,0.0,0,0.0,0.0,0.0,0.0,0.0,0,1.0,1.0,1.0,1.0,1.0,552,0.9999999999999997,1.0000000000000002,1.0,1.0,1.0000000000000002,552,1.0,1.3333333333333333,1.009010975792127,1.0,1.0666666666666667,552,0.9999999999999997,1.0000000000000002,1.0,1.0,1.0000000000000002,552,552.0,0.0,0.0,0.0,552.0,552.0,0.0,0.0,0.0,0.0,0.0,0.0,1.0,0.0,0.0,1156.0,2312.0,1156.0,1336336.0,7438.744796440005,0.0,0.0,0.0,0.0,0.0,0.0,0.0,0.0,0.0,0.0,0.0,0.0,0.0,0.0,0.0,0.0,10945.689659565687
20,1200000000000,1156.0,1156.0,1156.0,1156.0,1156.0,1156,24.0,24.0,24.0,24.0,24.0,1156,0.0,0.0,0.0,0.0,0.0,1156,4.0,8.0,4.31401384083045,4.0,6.0,1156,0.0,0.0,0.0,0.0,0.0,0,0.0,0.0,0.0,0.0,0.0,0,1.0,1.0,1.0,1.0,1.0,552,0.9999999999999998,1.0000000000000002,1.0,1.0,1.0000000000000002,552,1.0,1.2,1.013796313088387,1.0,1.1,552,0.9999999999999998,1.0000000000000002,1.0,1.0,1.0000000000000002,552,552.0,0.0,0.0,0.0,552.0,552.0,0.0,0.0,0.0,0.0,0.0,0.0,1.0,0.0,0.0,1156.0,2312.0,1156.0,1336336.0,5885.666288435459,0.0,0.0,0.0,0.0,0.0,0.0,0.0,0.0,0.0,0.0,0.0,0.0,0.0,0.0,0.0,0.0,9356.795700266957
21,1260000000000,1156.0,1156.0,1156.0,1156.0,1156.0,1156,24.0,24.0,24.0,24.0,24.0,1156,0.0,0.0,0.0,0.0,0.0,1156,4.0,8.0,4.303633217993079,4.0,6.0,1156,0.0,0.0,0.0,0.0,0.0,0,0.0,0.0,0.0,0.0,0.0,0,1.0,1.0,1.0,1.0,1.0,552,0.9999999999999996,1.0000000000000004,1.0,1.0,1.0000000000000002,552,1.0,1.25,1.013905837718849,1.0,1.0909090909090908,552,0.9999999999999996,1.0000000000000004,1.0,1.0,1.0000000000000002,552,552.0,0.0,0.0,0.0,552.0,552.0,0.0,0.0,0.0,0.0,0.0,0.0,1.0,0.0,0.0,1156.0,2312.0,1156.0,1336336.0,7175.289651378989,0.0,0.0,0.0,0.0,0.0,0.0,0.0,0.0,0.0,0.0,0.0,0.0,0.0,0.0,0.0,0.0,10663.772575557232
22,1320000000000,1156.0,1156.0,1156.0,1156.0,1156.0,1156,24.0,24.0,24.0,24.0,24.0,1156,0.0,0.0,0.0,0.0,0.0,1156,4.0,8.0,4.321799307958478,4.0,6.0,1156,0.0,0.0,0.0,0.0,0.0,0,0.0,0.0,0.0,0.0,0.0,0,1.0,1.0,1.0,1.0,1.0,552,0.9999999999999997,1.0000000000000002,1.0,1.0,1.0000000000000002,552,1.0,1.3333333333333333,1.0093127449109622,1.0,1.0714285714285714,552,0.9999999999999997,1.0000000000000002,1.0,1.0,1.0000000000000002,552,552.0,0.0,0.0,0.0,552.0,552.0,0.0,0.0,0.0,0.0,0.0,0.0,1.0,0.0,0.0,1156.0,2312.0,1156.0,1336336.0,5898.594567552209,0.0,0.0,0.0,0.0,0.0,0.0,0.0,0.0,0.0,0.0,0.0,0.0,0.0,0.0,0.0,0.0,9503.793995827436
23,1380000000000,1156.0,1156.0,1156.0,1156.0,1156.0,1156,24.0,24.0,24.0,24.0,24.0,1156,0.0,0.0,0.0,0.0,0.0,1156,4.0,8.0,4.31401384083045,4.0,6.0,1156,0.0,0.0,0.0,0.0,0.0,0,0.0,0.0,0.0,0.0,0.0,0,1.0,1.0,1.0,1.0,1.0,552,0.9999999999999998,1.0000000000000004,1.0,1.0,1.0000000000000002,552,1.0,1.2,1.0136546143504352,1.0,1.1,552,0.9999999999999998,1.0000000000000004,1.0,1.0,1.0000000000000002,552,552.0,0.0,0.0,0.0,552.0,552.0,0.0,0.0,0.0,0.0,0.0,0.0,1.0,0.0,0.0,1156.0,2312.0,1156.0,1336336.0,6971.064854413271,0.0,0.0,0.0,0.0,0.0,0.0,0.0,0.0,0.0,0.0,0.0,0.0,0.0,0.0,0.0,0.0,10409.68032926321
24,1440000000000,1156.0,1156.0,1156.0,1156.0,1156.0,1156,24.0,24.0,24.0,24.0,24.0,1156,0.0,0.0,0.0,0.0,0.0,1156,4.0,8.0,4.303633217993079,4.0,6.0,1156,0.0,0.0,0.0,0.0,0.0,0,0.0,0.0,0.0,0.0,0.0,0,1.0,1.0,1.0,1.0,1.0,552,0.9999999999999997,1.0000000000000004,1.0,1.0,1.0000000000000002,552,1.0,1.25,1.0129716533021806,1.0,1.0909090909090908,552,0.9999999999999997,1.0000000000000004,1.0,1.0,1.0000000000000002,552,552.0,0.0,0.0,0.0,552.0,552.0,0.0,0.0,0.0,0.0,0.0,0.0,1.0,0.0,0.0,1156.0,2312.0,1156.0,1336336.0,5966.779295355082,0.0,0.0,0.0,0.0,0.0,0.0,0.0,0.0,0.0,0.0,0.0,0.0,0.0,0.0,0.0,0.0,9578.109990805387
25,1500000000000,1156.0,1156.0,1156.0,1156.0,1156.0,1156,24.0,24.0,24.0,24.0,24.0,1156,0.0,0.0,0.0,0.0,0.0,1156,4.0,8.0,4.310553633217993,4.0,6.0,1156,0.0,0.0,0.0,0.0,0.0,0,0.0,0.0,0.0,0.0,0.0,0,1.0,1.0,1.0,1.0,1.0,552,0.9999999999999998,1.0000000000000002,1.0,1.0,1.0000000000000002,552,1.0,1.3333333333333333,1.0088200081425807,1.0,1.0714285714285714,552,0.9999999999999998,1.0000000000000002,1.0,1.0,1.0000000000000002,552,552.0,0.0,0.0,0.0,552.0,552.0,0.0,0.0,0.0,0.0,0.0,0.0,1.0,0.0,0.0,1156.0,2312.0,1156.0,1336336.0,6660.528849810362,0.0,0.0,0.0,0.0,0.0,0.0,0.0,0.0,0.0,0.0,0.0,0.0,0.0,0.0,0.0,0.0,10119.01362799108
26,1560000000000,1156.0,1156.0,1156.0,1156.0,1156.0,1156,24.0,24.0,24.0,24.0,24.0,1156,0.0,0.0,0.0,0.0,0.0,1156,4.0,8.0,4.3157439446366785,4.0,6.0,1156,0.0,0.0,0.0,0.0,0.0,0,0.0,0.0,0.0,0.0,0.0,0,1.0,1.0,1.0,1.0,1.0,552,0.9999999999999997,1.0000000000000002,1.0,1.0,1.0,552,1.0,1.2,1.013109810206139,1.0,1.1,552,0.9999999999999997,1.0000000000000002,1.0,1.0,1.0,552,552.0,0.0,0.0,0.0,552.0,552.0,0.0,0.0,0.0,0.0,0.0,0.0,1.0,0.0,0.0,1156.0,2312.0,1156.0,1336336.0,6355.723936110735,0.0,0.0,0.0,0.0,0.0,0.0,0.0,0.0,0.0,0.0,0.0,0.0,0.0,0.0,0.0,0.0,9776.20004862547
27,1620000000000,1156.0,1156.0,1156.0,1156.0,1156.0,1156,24.0,24.0,24.0,24.0,24.0,1156,0.0,0.0,0.0,0.0,0.0,1156,4.0,8.0,4.311418685121107,4.0,6.0,1156,0.0,0.0,0.0,0.0,0.0,0,0.0,0.0,0.0,0.0,0.0,0,1.0,1.0,1.0,1.0,1.0,552,0.9999999999999997,1.0000000000000004,1.0,1.0,1.0000000000000002,552,1.0,1.25,1.0127388314160408,1.0,1.0909090909090908,552,0.9999999999999997,1.0000000000000004,1.0,1.0,1.0000000000000002,552,552.0,0.0,0.0,0.0,552.0,552.0,0.0,0.0,0.0,0.0,0.0,0.0,1.0,0.0,0.0,1156.0,2312.0,1156.0,1336336.0,6744.761107489467,0.0,0.0,0.0,0.0,0.0,0.0,0.0,0.0,0.0,0.0,0.0,0.0,0.0,0.0,0.0,0.0,10093.956239521503
28,1680000000000,1156.0,1156.0,1156.0,1156.0,1156.0,1156,24.0,24.0,24.0,24.0,24.0,1156,0.0,0.0,0.0,0.0,0.0,1156,4.0,8.0,4.3088235294117645,4.0,6.0,1156,0.0,0.0,0.0,0.0,0.0,0,0.0,0.0,0.0,0.0,0.0,0,1.0,1.0,1.0,1.0,1.0,552,0.9999999999999997,1.0000000000000002,1.0,1.0,1.0000000000000002,552,1.0,1.3333333333333333,1.0090865221505116,1.0,1.0714285714285714,552,0.9999999999999997,1.0000000000000002,1.0,1.0,1.0000000000000002,552,552.0,0.0,0.0,0.0,552.0,552.0,0.0,0.0,0.0,0.0,0.0,0.0,1.0,0.0,0.0,1156.0,2312.0,1156.0,1336336.0,5936.31948903203,0.0,0.0,0.0,0.0,0.0,0.0,0.0,0.0,0.0,0.0,0.0,0.0,0.0,0.0,0.0,0.0,9440.903592854738
29,1740000000000,1156.0,1156.0,1156.0,1156.0,1156.0,1156,24.0,24.0,24.0,24.0,24.0,1156,0.0,0.0,0.0,0.0,0.0,1156,4.0,8.0,4.314878892733564,4.0,6.0,1156,0.0,0.0,0.0,0.0,0.0,0,0.0,0.0,0.0,0.0,0.0,0,1.0,1.0,1.0,1.0,1.0,552,0.9999999999999998,1.0000000000000002,1.0,1.0,1.0000000000000002,552,1.0,1.2,1.0140558784762628,1.0,1.1,552,0.9999999999999998,1.0000000000000002,1.0,1.0,1.0000000000000002,552,552.0,0.0,0.0,0.0,552.0,552.0,0.0,0.0,0.0,0.0,0.0,0.0,1.0,0.0,0.0,1156.0,2312.0,1156.0,1336336.0,8084.019549190998,0.0,0.0,0.0,0.0,0.0,0.0,0.0,0.0,0.0,0.0,0.0,0.0,0.0,0.0,0.0,0.0,11817.822193726897
30,1800000000000,1156.0,1156.0,1156.0,1156.0,1156.0,1156,24.0,24.0,24.0,24.0,24.0,1156,0.0,0.0,0.0,0.0,0.0,1156,4.0,8.0,4.313148788927336,4.0,6.0,1156,0.0,0.0,0.0,0.0,0.0,0,0.0,0.0,0.0,0.0,0.0,0,1.0,1.0,1.0,1.0,1.0,552,0.9999999999999998,1.0000000000000002,1.0,1.0,1.0000000000000002,552,1.0,1.25,1.0118361065823949,1.0,1.0869565217391304,552,0.9999999999999998,1.0000000000000002,1.0,1.0,1.0000000000000002,552,552.0,0.0,0.0,0.0,552.0,552.0,0.0,0.0,0.0,0.0,0.0,0.0,1.0,0.0,0.0,1156.0,2312.0,1156.0,1336336.0,6314.696807414293,0.0,0.0,0.0,0.0,0.0,0.0,0.0,0.0,0.0,0.0,0.0,0.0,0.0,0.0,0.0,0.0,9768.325554206967
31,1860000000000,1156.0,1156.0,1156.0,1156.0,1156.0,1156,24.0,24.0,24.0,24.0,24.0,1156,0.0,0.0,0.0,0.0,0.0,1156,4.0,8.0,4.314878892733564,4.0,6.0,1156,0.0,0.0,0.0,0.0,0.0,0,0.0,0.0,0.0,0.0,0.0,0,1.0,1.0,1.0,1.0,1.0,552,0.9999999999999997,1.0000000000000002,1.0,1.0,1.0000000000000002,552,1.0,1.3333333333333333,1.0092114056904469,1.0,1.0714285714285714,552,0.9999999999999997,1.0000000000000002,1.0,1.0,1.0000000000000002,552,552.0,0.0,0.0,0.0,552.0,552.0,0.0,0.0,0.0,0.0,0.0,0.0,1.0,0.0,0.0,1156.0,2312.0,1156.0,1336336.0,6745.836922898889,0.0,0.0,0.0,0.0,0.0,0.0,0.0,0.0,0.0,0.0,0.0,0.0,0.0,0.0,0.0,0.0,10253.074686974287
32,1920000000000,1156.0,1156.0,1156.0,1156.0,1156.0,1156,24.0,24.0,24.0,24.0,24.0,1156,0.0,0.0,0.0,0.0,0.0,1156,4.0,8.0,4.314878892733564,4.0,6.0,1156,0.0,0.0,0.0,0.0,0.0,0,0.0,0.0,0.0,0.0,0.0,0,1.0,1.0,1.0,1.0,1.0,552,0.9999999999999996,1.0000000000000002,1.0,1.0,1.0000000000000002,552,1.0,1.2,1.0135878145920258,1.0,1.1,552,0.9999999999999996,1.0000000000000002,1.0,1.0,1.0000000000000002,552,552.0,0.0,0.0,0.0,552.0,552.0,0.0,0.0,0.0,0.0,0.0,0.0,1.0,0.0,0.0,1156.0,2312.0,1156.0,1336336.0,7001.123072579503,0.0,0.0,0.0,0.0,0.0,0.0,0.0,0.0,0.0,0.0,0.0,0.0,0.0,0.0,0.0,0.0,10664.632080122828
33,1980000000000,1156.0,1156.0,1156.0,1156.0,1156.0,1156,24.0,24.0,24.0,24.0,24.0,1156,0.0,0.0,0.0,0.0,0.0,1156,4.0,8.0,4.307958477508651,4.0,6.0,1156,0.0,0.0,0.0,0.0,0.0,0,0.0,0.0,0.0,0.0,0.0,0,1.0,1.0,1.0,1.0,1.0,552,0.9999999999999996,1.0000000000000002,1.0,1.0,1.0000000000000002,552,1.0,1.25,1.0114444549437576,1.0,1.0909090909090908,552,0.9999999999999996,1.0000000000000002,1.0,1.0,1.0000000000000002,552,552.0,0.0,0.0,0.0,552.0,552.0,0.0,0.0,0.0,0.0,0.0,0.0,1.0,0.0,0.0,1156.0,2312.0,1156.0,1336336.0,7164.697604253888,0.0,0.0,0.0,0.0,0.0,0.0,0.0,0.0,0.0,0.0,0.0,0.0,0.0,0.0,0.0,0.0,10690.622394904494
34,2040000000000,1156.0,1156.0,1156.0,1156.0,1156.0,1156,24.0,24.0,24.0,24.0,24.0,1156,0.0,0.0,0.0,0.0,0.0,1156,4.0,8.0,4.3088235294117645,4.0,6.0,1156,0.0,0.0,0.0,0.0,0.0,0,0.0,0.0,0.0,0.0,0.0,0,1.0,1.0,1.0,1.0,1.0,552,0.9999999999999997,1.0000000000000002,1.0,1.0,1.0000000000000002,552,1.0,1.3333333333333333,1.0086987573694342,1.0,1.0714285714285714,552,0.9999999999999997,1.0000000000000002,1.0,1.0,1.0000000000000002,552,552.0,0.0,0.0,0.0,552.0,552.0,0.0,0.0,0.0,0.0,0.0,0.0,1.0,0.0,0.0,1156.0,2312.0,1156.0,1336336.0,7402.659084647894,0.0,0.0,0.0,0.0,0.0,0.0,0.0,0.0,0.0,0.0,0.0,0.0,0.0,0.0,0.0,0.0,10779.017381370068
35,2100000000000,1156.0,1156.0,1156.0,1156.0,1156.0,1156,24.0,24.0,24.0,24.0,24.0,1156,0.0,0.0,0.0,0.0,0.0,1156,4.0,8.0,4.312283737024221,4.0,6.0,1156,0.0,0.0,0.0,0.0,0.0,0,0.0,0.0,0.0,0.0,0.0,0,1.0,1.0,1.0,1.0,1.0,552,0.9999999999999997,1.0000000000000002,1.0,1.0,1.0000000000000002,552,1.0,1.2,1.0138537098837488,1.0,1.0949999999999993,552,0.9999999999999997,1.0000000000000002,1.0,1.0,1.0000000000000002,552,552.0,0.0,0.0,0.0,552.0,552.0,0.0,0.0,0.0,0.0,0.0,0.0,1.0,0.0,0.0,1156.0,2312.0,1156.0,1336336.0,6574.767339974642,0.0,0.0,0.0,0.0,0.0,0.0,0.0,0.0,0.0,0.0,0.0,0.0,0.0,0.0,0.0,0.0,9962.491625919938
36,2160000000000,1156.0,1156.0,1156.0,1156.0,1156.0,1156,24.0,24.0,24.0,24.0,24.0,1156,0.0,0.0,0.0,0.0,0.0,1156,4.0,8.0,4.309688581314879,4.0,6.0,1156,0.0,0.0,0.0,0.0,0.0,0,0.0,0.0,0.0,0.0,0.0,0,1.0,1.0,1.0,1.0,1.0,552,0.9999999999999996,1.0000000000000004,1.0,1.0,1.0000000000000002,552,1.0,1.25,1.0073844614398908,1.0,1.0688095238095234,552,0.9999999999999996,1.0000000000000004,1.0,1.0,1.0000000000000002,552,552.0,0.0,0.0,0.0,552.0,552.0,0.0,0.0,0.0,0.0,0.0,0.0,1.0,0.0,0.0,1156.0,2312.0,1156.0,1336336.0,7514.822540804744,0.0,0.0,0.0,0.0,0.0,0.0,0.0,0.0,0.0,0.0,0.0,0.0,0.0,0.0,0.0,0.0,10964.589141309261
37,2220000000000,1156.0,1156.0,1156.0,1156.0,1156.0,1156,24.0,24.0,24.0,24.0,24.0,1156,0.0,0.0,0.0,0.0,0.0,1156,4.0,8.0,4.312283737024221,4.0,6.0,1156,0.0,0.0,0.0,0.0,0.0,0,0.0,0.0,0.0,0.0,0.0,0,1.0,1.0,1.0,1.0,1.0,552,0.9999999999999997,1.0000000000000004,1.0,1.0,1.0000000000000002,552,1.0,1.3333333333333333,1.0091354723961425,1.0,1.0714285714285714,552,0.9999999999999997,1.0000000000000004,1.0,1.0,1.0000000000000002,552,552.0,0.0,0.0,0.0,552.0,552.0,0.0,0.0,0.0,0.0,0.0,0.0,1.0,0.0,0.0,1156.0,2312.0,1156.0,1336336.0,6110.837411135435,0.0,0.0,0.0,0.0,0.0,0.0,0.0,0.0,0.0,0.0,0.0,0.0,0.0,0.0,0.0,0.0,9146.62641659379
38,2280000000000,1156.0,1156.0,1156.0,1156.0,1156.0,1156,24.0,24.0,24.0,24.0,24.0,1156,0.0,0.0,0.0,0.0,0.0,1156,4.0,8.0,4.3088235294117645,4.0,6.0,1156,0.0,0.0,0.0,0.0,0.0,0,0.0,0.0,0.0,0.0,0.0,0,1.0,1.0,1.0,1.0,1.0,552,0.9999999999999998,1.0000000000000004,1.0,1.0,1.0000000000000002,552,1.0,1.2,1.0117737279378993,1.0,1.0769230769230769,552,0.9999999999999998,1.0000000000000004,1.0,1.0,1.0000000000000002,552,552.0,0.0,0.0,0.0,552.0,552.0,0.0,0.0,0.0,0.0,0.0,0.0,1.0,0.0,0.0,1156.0,2312.0,1156.0,1336336.0,8119.368499144912,0.0,0.0,0.0,0.0,0.0,0.0,0.0,0.0,0.0,0.0,0.0,0.0,0.0,0.0,0.0,0.0,11374.423520639539
39,2340000000000,1156.0,1156.0,1156.0,1156.0,1156.0,1156,24.0,24.0,24.0,24.0,24.0,1156,0.0,0.0,0.0,0.0,0.0,1156,4.0,8.0,4.306228373702422,4.0,6.0,1156,0.0,0.0,0.0,0.0,0.0,0,0.0,0.0,0.0,0.0,0.0,0,1.0,1.0,1.0,1.0,1.0,552,0.9999999999999997,1.0000000000000002,1.0,1.0,1.0000000000000002,552,1.0,1.25,1.0078843917631908,1.0,1.0714285714285714,552,0.9999999999999997,1.0000000000000002,1.0,1.0,1.0000000000000002,552,552.0,0.0,0.0,0.0,552.0,552.0,0.0,0.0,0.0,0.0,0.0,0.0,1.0,0.0,0.0,1156.0,2312.0,1156.0,1336336.0,5689.5479541271925,0.0,0.0,0.0,0.0,0.0,0.0,0.0,0.0,0.0,0.0,0.0,0.0,0.0,0.0,0.0,0.0,8834.490342065692
40,2400000000000,1156.0,1156.0,1156.0,1156.0,1156.0,1156,24.0,24.0,24.0,24.0,24.0,1156,0.0,0.0,0.0,0.0,0.0,1156,4.0,8.0,4.311418685121107,4.0,6.0,1156,0.0,0.0,0.0,0.0,0.0,0,0.0,0.0,0.0,0.0,0.0,0,1.0,1.0,1.0,1.0,1.0,552,0.9999999999999997,1.0000000000000002,1.0,1.0,1.0000000000000002,552,1.0,1.3333333333333333,1.0079517602749306,1.0,1.0688095238095234,552,0.9999999999999997,1.0000000000000002,1.0,1.0,1.0000000000000002,552,552.0,0.0,0.0,0.0,552.0,552.0,0.0,0.0,0.0,0.0,0.0,0.0,1.0,0.0,0.0,1156.0,2312.0,1156.0,1336336.0,8209.529768675566,0.0,0.0,0.0,0.0,0.0,0.0,0.0,0.0,0.0,0.0,0.0,0.0,0.0,0.0,0.0,0.0,11796.517381444573
41,2460000000000,1156.0,1156.0,1156.0,1156.0,1156.0,1156,24.0,24.0,24.0,24.0,24.0,1156,0.0,0.0,0.0,0.0,0.0,1156,4.0,8.0,4.312283737024221,4.0,6.0,1156,0.0,0.0,0.0,0.0,0.0,0,0.0,0.0,0.0,0.0,0.0,0,1.0,1.0,1.0,1.0,1.0,552,0.9999999999999997,1.0000000000000002,1.0,1.0,1.0,552,1.0,1.2,1.01132084941807,1.0,1.0798076923076918,552,0.9999999999999997,1.0000000000000002,1.0,1.0,1.0,552,552.0,0.0,0.0,0.0,552.0,552.0,0.0,0.0,0.0,0.0,0.0,0.0,1.0,0.0,0.0,1156.0,2312.0,1156.0,1336336.0,6706.320596858859,0.0,0.0,0.0,0.0,0.0,0.0,0.0,0.0,0.0,0.0,0.0,0.0,0.0,0.0,0.0,0.0,10093.642653897405
42,2520000000000,1156.0,1156.0,1156.0,1156.0,1156.0,1156,24.0,24.0,24.0,24.0,24.0,1156,0.0,0.0,0.0,0.0,0.0,1156,4.0,8.0,4.304498269896194,4.0,6.0,1156,0.0,0.0,0.0,0.0,0.0,0,0.0,0.0,0.0,0.0,0.0,0,1.0,1.0,1.0,1.0,1.0,552,0.9999999999999996,1.0000000000000002,1.0,1.0,1.0000000000000002,552,1.0,1.25,1.0086300663360965,1.0,1.0769230769230769,552,0.9999999999999996,1.0000000000000002,1.0,1.0,1.0000000000000002,552,552.0,0.0,0.0,0.0,552.0,552.0,0.0,0.0,0.0,0.0,0.0,0.0,1.0,0.0,0.0,1156.0,2312.0,1156.0,1336336.0,7643.428038805723,0.0,0.0,0.0,0.0,0.0,0.0,0.0,0.0,0.0,0.0,0.0,0.0,0.0,0.0,0.0,0.0,11138.47760297358
43,2580000000000,1156.0,1156.0,1156.0,1156.0,1156.0,1156,24.0,24.0,24.0,24.0,24.0,1156,0.0,0.0,0.0,0.0,0.0,1156,4.0,8.0,4.310553633217993,4.0,6.0,1156,0.0,0.0,0.0,0.0,0.0,0,0.0,0.0,0.0,0.0,0.0,0,1.0,1.0,1.0,1.0,1.0,552,0.9999999999999998,1.0000000000000002,1.0,1.0,1.0000000000000002,552,1.0,1.3333333333333333,1.0087089452818445,1.0,1.0714285714285714,552,0.9999999999999998,1.0000000000000002,1.0,1.0,1.0000000000000002,552,552.0,0.0,0.0,0.0,552.0,552.0,0.0,0.0,0.0,0.0,0.0,0.0,1.0,0.0,0.0,1156.0,2312.0,1156.0,1336336.0,7111.577542498708,0.0,0.0,0.0,0.0,0.0,0.0,0.0,0.0,0.0,0.0,0.0,0.0,0.0,0.0,0.0,0.0,10273.225890472531
44,2640000000000,1156.0,1156.0,1156.0,1156.0,1156.0,1156,24.0,24.0,24.0,24.0,24.0,1156,0.0,0.0,0.0,0.0,0.0,1156,4.0,8.0,4.311418685121107,4.0,6.0,1156,0.0,0.0,0.0,0.0,0.0,0,0.0,0.0,0.0,0.0,0.0,0,1.0,1.0,1.0,1.0,1.0,552,0.9999999999999997,1.0000000000000002,1.0,1.0,1.0000000000000002,552,1.0,1.2,1.0103488402174294,1.0,1.0714285714285714,552,0.9999999999999997,1.0000000000000002,1.0,1.0,1.0000000000000002,552,552.0,0.0,0.0,0.0,552.0,552.0,0.0,0.0,0.0,0.0,0.0,0.0,1.0,0.0,0.0,1156.0,2312.0,1156.0,1336336.0,7574.972342699766,0.0,0.0,0.0,0.0,0.0,0.0,0.0,0.0,0.0,0.0,0.0,0.0,0.0,0.0,0.0,0.0,10947.582017630339
45,2700000000000,1156.0,1156.0,1156.0,1156.0,1156.0,1156,24.0,24.0,24.0,24.0,24.0,1156,0.0,0.0,0.0,0.0,0.0,1156,4.0,8.0,4.301038062283737,4.0,6.0,1156,0.0,0.0,0.0,0.0,0.0,0,0.0,0.0,0.0,0.0,0.0,0,1.0,1.0,1.0,1.0,1.0,552,0.9999999999999998,1.0000000000000004,1.0,1.0,1.0000000000000002,552,1.0,1.2222222222222223,1.0098518829433263,1.0,1.0833333333333333,552,0.9999999999999998,1.0000000000000004,1.0,1.0,1.0000000000000002,552,552.0,0.0,0.0,0.0,552.0,552.0,0.0,0.0,0.0,0.0,0.0,0.0,1.0,0.0,0.0,1156.0,2312.0,1156.0,1336336.0,7856.336172670126,0.0,0.0,0.0,0.0,0.0,0.0,0.0,0.0,0.0,0.0,0.0,0.0,0.0,0.0,0.0,0.0,11580.504586920142
46,2760000000000,1156.0,1156.0,1156.0,1156.0,1156.0,1156,24.0,24.0,24.0,24.0,24.0,1156,0.0,0.0,0.0,0.0,0.0,1156,4.0,8.0,4.306228373702422,4.0,6.0,1156,0.0,0.0,0.0,0.0,0.0,0,0.0,0.0,0.0,0.0,0.0,0,1.0,1.0,1.0,1.0,1.0,552,0.9999999999999996,1.0000000000000004,1.0,1.0,1.0000000000000002,552,1.0,1.3333333333333333,1.0097492229945941,1.0,1.0769230769230769,552,0.9999999999999996,1.0000000000000004,1.0,1.0,1.0000000000000002,552,552.0,0.0,0.0,0.0,552.0,552.0,0.0,0.0,0.0,0.0,0.0,0.0,1.0,0.0,0.0,1156.0,2312.0,1156.0,1336336.0,6652.837537229061,0.0,0.0,0.0,0.0,0.0,0.0,0.0,0.0,0.0,0.0,0.0,0.0,0.0,0.0,0.0,0.0,10118.36982704699
47,2820000000000,1156.0,1156.0,1156.0,1156.0,1156.0,1156,24.0,24.0,24.0,24.0,24.0,1156,0.0,0.0,0.0,0.0,0.0,1156,4.0,8.0,4.309688581314879,4.0,6.0,1156,0.0,0.0,0.0,0.0,0.0,0,0.0,0.0,0.0,0.0,0.0,0,1.0,1.0,1.0,1.0,1.0,552,0.9999999999999997,1.0000000000000004,1.0,1.0,1.0000000000000002,552,1.0,1.2,1.0097468021233837,1.0,1.0714285714285714,552,0.9999999999999997,1.0000000000000004,1.0,1.0,1.0000000000000002,552,552.0,0.0,0.0,0.0,552.0,552.0,0.0,0.0,0.0,0.0,0.0,0.0,1.0,0.0,0.0,1156.0,2312.0,1156.0,1336336.0,8042.945267632604,0.0,0.0,0.0,0.0,0.0,0.0,0.0,0.0,0.0,0.0,0.0,0.0,0.0,0.0,0.0,0.0,11575.150195509195
48,2880000000000,1156.0,1156.0,1156.0,1156.0,1156.0,1156,24.0,24.0,24.0,24.0,24.0,1156,0.0,0.0,0.0,0.0,0.0,1156,4.0,8.0,4.300173010380623,4.0,6.0,1156,0.0,0.0,0.0,0.0,0.0,0,0.0,0.0,0.0,0.0,0.0,0,1.0,1.0,1.0,1.0,1.0,552,0.9999999999999998,1.0000000000000004,1.0,1.0,1.0000000000000002,552,1.0,1.2222222222222223,1.0108372960562273,1.0,1.0869565217391304,552,0.9999999999999998,1.0000000000000004,1.0,1.0,1.0000000000000002,552,552.0,0.0,0.0,0.0,552.0,552.0,0.0,0.0,0.0,0.0,0.0,0.0,1.0,0.0,0.0,1156.0,2312.0,1156.0,1336336.0,8171.168617904186,0.0,0.0,0.0,0.0,0.0,0.0,0.0,0.0,0.0,0.0,0.0,0.0,0.0,0.0,0.0,0.0,11683.835003525019
49,2940000000000,1156.0,1156.0,1156.0,1156.0,1156.0,1156,24.0,24.0,24.0,24.0,24.0,1156,0.0,0.0,0.0,0.0,0.0,1156,4.0,8.0,4.306228373702422,4.0,6.0,1156,0.0,0.0,0.0,0.0,0.0,0,0.0,0.0,0.0,0.0,0.0,0,1.0,1.0,1.0,1.0,1.0,552,0.9999999999999996,1.0000000000000002,1.0,1.0,1.0,552,1.0,1.3333333333333333,1.0101582694634235,1.0,1.0769230769230769,552,0.9999999999999996,1.0000000000000002,1.0,1.0,1.0,552,552.0,0.0,0.0,0.0,552.0,552.0,0.0,0.0,0.0,0.0,0.0,0.0,1.0,0.0,0.0,1156.0,2312.0,1156.0,1336336.0,8456.790056079626,0.0,0.0,0.0,0.0,0.0,0.0,0.0,0.0,0.0,0.0,0.0,0.0,0.0,0.0,0.0,0.0,11881.954310461879
50,3000000000000,1156.0,1156.0,1156.0,1156.0,1156.0,1156,24.0,24.0,24.0,24.0,24.0,1156,0.0,0.0,0.0,0.0,0.0,1156,4.0,8.0,4.307093425605537,4.0,6.0,1156,0.0,0.0,0.0,0.0,0.0,0,0.0,0.0,0.0,0.0,0.0,0,1.0,1.0,1.0,1.0,1.0,552,0.9999999999999997,1.0000000000000002,1.0,1.0,1.0000000000000002,552,1.0,1.2,1.009954371693235,1.0,1.0714285714285714,552,0.9999999999999997,1.0000000000000002,1.0,1.0,1.0000000000000002,552,552.0,0.0,0.0,0.0,552.0,552.0,0.0,0.0,0.0,0.0,0.0,0.0,1.0,0.0,0.0,1156.0,2312.0,1156.0,1336336.0,7219.812041148543,0.0,0.0,0.0,0.0,0.0,0.0,0.0,0.0,0.0,0.0,0.0,0.0,0.0,0.0,0.0,0.0,10697.010572999716
51,3060000000000,1156.0,1156.0,1156.0,1156.0,1156.0,1156,24.0,24.0,24.0,24.0,24.0,1156,0.0,0.0,0.0,0.0,0.0,1156,4.0,8.0,4.301903114186851,4.0,6.0,1156,0.0,0.0,0.0,0.0,0.0,0,0.0,0.0,0.0,0.0,0.0,0,1.0,1.0,1.0,1.0,1.0,552,0.9999999999999996,1.0000000000000002,1.0,1.0,1.0000000000000002,552,1.0,1.2222222222222223,1.0116605473541809,1.0,1.0887351778656122,552,0.9999999999999996,1.0000000000000002,1.0,1.0,1.0000000000000002,552,552.0,0.0,0.0,0.0,552.0,552.0,0.0,0.0,0.0,0.0,0.0,0.0,1.0,0.0,0.0,1156.0,2312.0,1156.0,1336336.0,9080.491887405515,0.0,0.0,0.0,0.0,0.0,0.0,0.0,0.0,0.0,0.0,0.0,0.0,0.0,0.0,0.0,0.0,12418.032167479396
52,3120000000000,1156.0,1156.0,1156.0,1156.0,1156.0,1156,24.0,24.0,24.0,24.0,24.0,1156,0.0,0.0,0.0,0.0,0.0,1156,4.0,8.0,4.3088235294117645,4.0,6.0,1156,0.0,0.0,0.0,0.0,0.0,0,0.0,0.0,0.0,0.0,0.0,0,1.0,1.0,1.0,1.0,1.0,552,0.9999999999999997,1.0000000000000004,1.0,1.0,1.0000000000000002,552,1.0,1.1666666666666667,1.0093068847725248,1.0,1.0714285714285714,552,0.9999999999999997,1.0000000000000004,1.0,1.0,1.0000000000000002,552,552.0,0.0,0.0,0.0,552.0,552.0,0.0,0.0,0.0,0.0,0.0,0.0,1.0,0.0,0.0,1156.0,2312.0,1156.0,1336336.0,6245.112132281065,0.0,0.0,0.0,0.0,0.0,0.0,0.0,0.0,0.0,0.0,0.0,0.0,0.0,0.0,0.0,0.0,9660.40982492268
53,3180000000000,1156.0,1156.0,1156.0,1156.0,1156.0,1156,24.0,24.0,24.0,24.0,24.0,1156,0.0,0.0,0.0,0.0,0.0,1156,4.0,8.0,4.305363321799308,4.0,5.25,1156,0.0,0.0,0.0,0.0,0.0,0,0.0,0.0,0.0,0.0,0.0,0,1.0,1.0,1.0,1.0,1.0,552,0.9999999999999996,1.0000000000000004,1.0,1.0,1.0000000000000002,552,1.0,1.2,1.009936127951913,1.0,1.0769230769230769,552,0.9999999999999996,1.0000000000000004,1.0,1.0,1.0000000000000002,552,552.0,0.0,0.0,0.0,552.0,552.0,0.0,0.0,0.0,0.0,0.0,0.0,1.0,0.0,0.0,1156.0,2312.0,1156.0,1336336.0,8541.580509394407,0.0,0.0,0.0,0.0,0.0,0.0,0.0,0.0,0.0,0.0,0.0,0.0,0.0,0.0,0.0,0.0,11890.371963381767
54,3240000000000,1156.0,1156.0,1156.0,1156.0,1156.0,1156,24.0,24.0,24.0,24.0,24.0,1156,0.0,0.0,0.0,0.0,0.0,1156,4.0,8.0,4.306228373702422,4.0,6.0,1156,0.0,0.0,0.0,0.0,0.0,0,0.0,0.0,0.0,0.0,0.0,0,1.0,1.0,1.0,1.0,1.0,552,0.9999999999999997,1.0000000000000004,1.0,1.0,1.0000000000000002,552,1.0,1.2,1.0112534688909058,1.0,1.0869565217391304,552,0.9999999999999997,1.0000000000000004,1.0,1.0,1.0000000000000002,552,552.0,0.0,0.0,0.0,552.0,552.0,0.0,0.0,0.0,0.0,0.0,0.0,1.0,0.0,0.0,1156.0,2312.0,1156.0,1336336.0,8102.222291752696,0.0,0.0,0.0,0.0,0.0,0.0,0.0,0.0,0.0,0.0,0.0,0.0,0.0,0.0,0.0,0.0,11436.999216675758
55,3300000000000,1156.0,1156.0,1156.0,1156.0,1156.0,1156,24.0,24.0,24.0,24.0,24.0,1156,0.0,0.0,0.0,0.0,0.0,1156,4.0,8.0,4.3088235294117645,4.0,6.0,1156,0.0,0.0,0.0,0.0,0.0,0,0.0,0.0,0.0,0.0,0.0,0,1.0,1.0,1.0,1.0,1.0,552,0.9999999999999997,1.0000000000000004,1.0,1.0,1.0000000000000002,552,1.0,1.1666666666666667,1.008960012787478,1.0,1.0714285714285714,552,0.9999999999999997,1.0000000000000004,1.0,1.0,1.0000000000000002,552,552.0,0.0,0.0,0.0,552.0,552.0,0.0,0.0,0.0,0.0,0.0,0.0,1.0,0.0,0.0,1156.0,2312.0,1156.0,1336336.0,6806.111039593816,0.0,0.0,0.0,0.0,0.0,0.0,0.0,0.0,0.0,0.0,0.0,0.0,0.0,0.0,0.0,0.0,9980.271900072694
56,3360000000000,1156.0,1156.0,1156.0,1156.0,1156.0,1156,24.0,24.0,24.0,24.0,24.0,1156,0.0,0.0,0.0,0.0,0.0,1156,4.0,8.0,4.303633217993079,4.0,5.0,1156,0.0,0.0,0.0,0.0,0.0,0,0.0,0.0,0.0,0.0,0.0,0,1.0,1.0,1.0,1.0,1.0,552,0.9999999999999997,1.0000000000000002,1.0,1.0,1.0,552,1.0,1.25,1.0100671729350577,1.0,1.0798076923076918,552,0.9999999999999997,1.0000000000000002,1.0,1.0,1.0,552,552.0,0.0,0.0,0.0,552.0,552.0,0.0,0.0,0.0,0.0,0.0,0.0,1.0,0.0,0.0,1156.0,2312.0,1156.0,1336336.0,8233.586786314845,0.0,0.0,0.0,0.0,0.0,0.0,0.0,0.0,0.0,0.0,0.0,0.0,0.0,0.0,0.0,0.0,11531.860569491982
57,3420000000000,1156.0,1156.0,1156.0,1156.0,1156.0,1156,24.0,24.0,24.0,24.0,24.0,1156,0.0,0.0,0.0,0.0,0.0,1156,4.0,8.0,4.306228373702422,4.0,6.0,1156,0.0,0.0,0.0,0.0,0.0,0,0.0,0.0,0.0,0.0,0.0,0,1.0,1.0,1.0,1.0,1.0,552,0.9999999999999997,1.0000000000000002,1.0,1.0,1.0000000000000002,552,1.0,1.2,1.0114712759172375,1.0,1.0833333333333333,552,0.9999999999999997,1.0000000000000002,1.0,1.0,1.0000000000000002,552,552.0,0.0,0.0,0.0,552.0,552.0,0.0,0.0,0.0,0.0,0.0,0.0,1.0,0.0,0.0,1156.0,2312.0,1156.0,1336336.0,7359.190011397004,0.0,0.0,0.0,0.0,0.0,0.0,0.0,0.0,0.0,0.0,0.0,0.0,0.0,0.0,0.0,0.0,10587.928708642721
58,3480000000000,1156.0,1156.0,1156.0,1156.0,1156.0,1156,24.0,24.0,24.0,24.0,24.0,1156,0.0,0.0,0.0,0.0,0.0,1156,4.0,8.0,4.311418685121107,4.0,6.0,1156,0.0,0.0,0.0,0.0,0.0,0,0.0,0.0,0.0,0.0,0.0,0,1.0,1.0,1.0,1.0,1.0,552,0.9999999999999997,1.0000000000000004,1.0,1.0,1.0000000000000002,552,1.0,1.1666666666666667,1.0112591759113796,1.0,1.0833333333333333,552,0.9999999999999997,1.0000000000000004,1.0,1.0,1.0000000000000002,552,552.0,0.0,0.0,0.0,552.0,552.0,0.0,0.0,0.0,0.0,0.0,0.0,1.0,0.0,0.0,1156.0,2312.0,1156.0,1336336.0,7174.399329349399,0.0,0.0,0.0,0.0,0.0,0.0,0.0,0.0,0.0,0.0,0.0,0.0,0.0,0.0,0.0,0.0,9001.062447205186
59,3540000000000,1156.0,1156.0,1156.0,1156.0,1156.0,1156,24.0,24.0,24.0,24.0,24.0,1156,0.0,0.0,0.0,0.0,0.0,1156,4.0,8.0,4.305363321799308,4.0,6.0,1156,0.0,0.0,0.0,0.0,0.0,0,0.0,0.0,0.0,0.0,0.0,0,1.0,1.0,1.0,1.0,1.0,552,0.9999999999999997,1.0000000000000002,1.0,1.0,1.0000000000000002,552,1.0,1.25,1.0108897752522252,1.0,1.0833333333333333,552,0.9999999999999997,1.0000000000000002,1.0,1.0,1.0000000000000002,552,552.0,0.0,0.0,0.0,552.0,552.0,0.0,0.0,0.0,0.0,0.0,0.0,1.0,0.0,0.0,1156.0,2312.0,1156.0,1336336.0,8292.543588206172,0.0,0.0,0.0,0.0,0.0,0.0,0.0,0.0,0.0,0.0,0.0,0.0,0.0,0.0,0.0,0.0,11758.057655766606
60,3600000000000,1156.0,1156.0,1156.0,1156.0,1156.0,1156,24.0,24.0,24.0,24.0,24.0,1156,0.0,0.0,0.0,0.0,0.0,1156,4.0,8.0,4.31401384083045,4.0,6.0,1156,0.0,0.0,0.0,0.0,0.0,0,0.0,0.0,0.0,0.0,0.0,0,1.0,1.0,1.0,1.0,1.0,552,0.9999999999999996,1.0000000000000004,1.0,1.0,1.0000000000000002,552,1.0,1.1764705882352942,1.0113351524794836,1.0,1.0833333333333333,552,0.9999999999999996,1.0000000000000004,1.0,1.0,1.0000000000000002,552,552.0,0.0,0.0,0.0,552.0,552.0,0.0,0.0,0.0,0.0,0.0,0.0,1.0,0.0,0.0,1156.0,2312.0,1156.0,1336336.0,8081.531781703234,0.0,0.0,0.0,0.0,0.0,0.0,0.0,0.0,0.0,0.0,0.0,0.0,0.0,0.0,0.0,0.0,11686.86611019075
61,3660000000000,1156.0,1156.0,1156.0,1156.0,1156.0,1156,24.0,24.0,24.0,24.0,24.0,1156,0.0,0.0,0.0,0.0,0.0,1156,4.0,8.0,4.31401384083045,4.0,6.0,1156,0.0,0.0,0.0,0.0,0.0,0,0.0,0.0,0.0,0.0,0.0,0,1.0,1.0,1.0,1.0,1.0,552,0.9999999999999997,1.0000000000000002,1.0,1.0,1.0000000000000002,552,1.0,1.1666666666666667,1.0108262773360115,1.0,1.0849637681159416,552,0.9999999999999997,1.0000000000000002,1.0,1.0,1.0000000000000002,552,552.0,0.0,0.0,0.0,552.0,552.0,0.0,0.0,0.0,0.0,0.0,0.0,1.0,0.0,0.0,1156.0,2312.0,1156.0,1336336.0,7731.906272470951,0.0,0.0,0.0,0.0,0.0,0.0,0.0,0.0,0.0,0.0,0.0,0.0,0.0,0.0,0.0,0.0,11203.040082007647
62,3720000000000,1156.0,1156.0,1156.0,1156.0,1156.0,1156,24.0,24.0,24.0,24.0,24.0,1156,0.0,0.0,0.0,0.0,0.0,1156,4.0,8.0,4.303633217993079,4.0,6.0,1156,0.0,0.0,0.0,0.0,0.0,0,0.0,0.0,0.0,0.0,0.0,0,1.0,1.0,1.0,1.0,1.0,552,0.9999999999999997,1.0000000000000004,1.0,1.0,1.0000000000000002,552,1.0,1.25,1.0097287443098621,1.0,1.0833333333333333,552,0.9999999999999997,1.0000000000000004,1.0,1.0,1.0000000000000002,552,552.0,0.0,0.0,0.0,552.0,552.0,0.0,0.0,0.0,0.0,0.0,0.0,1.0,0.0,0.0,1156.0,2312.0,1156.0,1336336.0,9363.40274848044,0.0,0.0,0.0,0.0,0.0,0.0,0.0,0.0,0.0,0.0,0.0,0.0,0.0,0.0,0.0,0.0,12707.47054927051
63,3780000000000,1156.0,1156.0,1156.0,1156.0,1156.0,1156,24.0,24.0,24.0,24.0,24.0,1156,0.0,0.0,0.0,0.0,0.0,1156,4.0,8.0,4.312283737024221,4.0,6.0,1156,0.0,0.0,0.0,0.0,0.0,0,0.0,0.0,0.0,0.0,0.0,0,1.0,1.0,1.0,1.0,1.0,552,0.9999999999999997,1.0000000000000004,1.0,1.0,1.0000000000000002,552,1.0,1.1875,1.010604545422922,1.0,1.0833333333333333,552,0.9999999999999997,1.0000000000000004,1.0,1.0,1.0000000000000002,552,552.0,0.0,0.0,0.0,552.0,552.0,0.0,0.0,0.0,0.0,0.0,0.0,1.0,0.0,0.0,1156.0,2312.0,1156.0,1336336.0,8102.000437676907,0.0,0.0,0.0,0.0,0.0,0.0,0.0,0.0,0.0,0.0,0.0,0.0,0.0,0.0,0.0,0.0,11515.8597137779
64,3840000000000,1156.0,1156.0,1156.0,1156.0,1156.0,1156,24.0,24.0,24.0,24.0,24.0,1156,0.0,0.0,0.0,0.0,0.0,1156,4.0,8.0,4.307958477508651,4.0,6.0,1156,0.0,0.0,0.0,0.0,0.0,0,0.0,0.0,0.0,0.0,0.0,0,1.0,1.0,1.0,1.0,1.0,552,0.9999999999999997,1.0000000000000004,1.0,1.0,1.0000000000000002,552,1.0,1.1666666666666667,1.0085655299399854,1.0,1.0666666666666667,552,0.9999999999999997,1.0000000000000004,1.0,1.0,1.0000000000000002,552,552.0,0.0,0.0,0.0,552.0,552.0,0.0,0.0,0.0,0.0,0.0,0.0,1.0,0.0,0.0,1156.0,2312.0,1156.0,1336336.0,8631.573067978024,0.0,0.0,0.0,0.0,0.0,0.0,0.0,0.0,0.0,0.0,0.0,0.0,0.0,0.0,0.0,0.0,12104.311103001237
65,3900000000000,1156.0,1156.0,1156.0,1156.0,1156.0,1156,24.0,24.0,24.0,24.0,24.0,1156,0.0,0.0,0.0,0.0,0.0,1156,4.0,8.0,4.303633217993079,4.0,6.0,1156,0.0,0.0,0.0,0.0,0.0,0,0.0,0.0,0.0,0.0,0.0,0,1.0,1.0,1.0,1.0,1.0,552,0.9999999999999998,1.0000000000000004,1.0,1.0,1.0000000000000002,552,1.0,1.25,1.0092686278687215,1.0,1.0833333333333333,552,0.9999999999999998,1.0000000000000004,1.0,1.0,1.0000000000000002,552,552.0,0.0,0.0,0.0,552.0,552.0,0.0,0.0,0.0,0.0,0.0,0.0,1.0,0.0,0.0,1156.0,2312.0,1156.0,1336336.0,7849.341822788119,0.0,0.0,0.0,0.0,0.0,0.0,0.0,0.0,0.0,0.0,0.0,0.0,0.0,0.0,0.0,0.0,11362.867375835776
66,3960000000000,1156.0,1156.0,1156.0,1156.0,1156.0,1156,24.0,24.0,24.0,24.0,24.0,1156,0.0,0.0,0.0,0.0,0.0,1156,4.0,8.0,4.313148788927336,4.0,6.0,1156,0.0,0.0,0.0,0.0,0.0,0,0.0,0.0,0.0,0.0,0.0,0,1.0,1.0,1.0,1.0,1.0,552,0.9999999999999997,1.0000000000000004,1.0,1.0,1.0000000000000002,552,1.0,1.1875,1.010813453599043,1.0,1.0833333333333333,552,0.9999999999999997,1.0000000000000004,1.0,1.0,1.0000000000000002,552,552.0,0.0,0.0,0.0,552.0,552.0,0.0,0.0,0.0,0.0,0.0,0.0,1.0,0.0,0.0,1156.0,2312.0,1156.0,1336336.0,8657.486710697412,0.0,0.0,0.0,0.0,0.0,0.0,0.0,0.0,0.0,0.0,0.0,0.0,0.0,0.0,0.0,0.0,12134.254911914468
67,4020000000000,1156.0,1156.0,1156.0,1156.0,1156.0,1156,24.0,24.0,24.0,24.0,24.0,1156,0.0,0.0,0.0,0.0,0.0,1156,4.0,8.0,4.306228373702422,4.0,6.0,1156,0.0,0.0,0.0,0.0,0.0,0,0.0,0.0,0.0,0.0,0.0,0,1.0,1.0,1.0,1.0,1.0,552,0.9999999999999997,1.0000000000000002,1.0,1.0,1.0,552,1.0,1.1666666666666667,1.0088719002193645,1.0,1.0666666666666667,552,0.9999999999999997,1.0000000000000002,1.0,1.0,1.0,552,552.0,0.0,0.0,0.0,552.0,552.0,0.0,0.0,0.0,0.0,0.0,0.0,1.0,0.0,0.0,1156.0,2312.0,1156.0,1336336.0,8086.9252271950245,0.0,0.0,0.0,0.0,0.0,0.0,0.0,0.0,0.0,0.0,0.0,0.0,0.0,0.0,0.0,0.0,9831.49579912424
68,4080000000000,1156.0,1156.0,1156.0,1156.0,1156.0,1156,24.0,24.0,24.0,24.0,24.0,1156,0.0,0.0,0.0,0.0,0.0,1156,4.0,8.0,4.305363321799308,4.0,6.0,1156,0.0,0.0,0.0,0.0,0.0,0,0.0,0.0,0.0,0.0,0.0,0,1.0,1.0,1.0,1.0,1.0,552,0.9999999999999997,1.0000000000000002,1.0,1.0,1.0000000000000002,552,1.0,1.25,1.0108685591042301,1.0,1.0949999999999993,552,0.9999999999999997,1.0000000000000002,1.0,1.0,1.0000000000000002,552,552.0,0.0,0.0,0.0,552.0,552.0,0.0,0.0,0.0,0.0,0.0,0.0,1.0,0.0,0.0,1156.0,2312.0,1156.0,1336336.0,6648.118356242776,0.0,0.0,0.0,0.0,0.0,0.0,0.0,0.0,0.0,0.0,0.0,0.0,0.0,0.0,0.0,0.0,8356.813479214907
69,4140000000000,1156.0,1156.0,1156.0,1156.0,1156.0,1156,24.0,24.0,24.0,24.0,24.0,1156,0.0,0.0,0.0,0.0,0.0,1156,4.0,8.0,4.314878892733564,4.0,6.0,1156,0.0,0.0,0.0,0.0,0.0,0,0.0,0.0,0.0,0.0,0.0,0,1.0,1.0,1.0,1.0,1.0,552,0.9999999999999997,1.0000000000000002,1.0,1.0,1.0000000000000002,552,1.0,1.1875,1.0097994406526682,1.0,1.0769230769230769,552,0.9999999999999997,1.0000000000000002,1.0,1.0,1.0000000000000002,552,552.0,0.0,0.0,0.0,552.0,552.0,0.0,0.0,0.0,0.0,0.0,0.0,1.0,0.0,0.0,1156.0,2312.0,1156.0,1336336.0,6538.609381765127,0.0,0.0,0.0,0.0,0.0,0.0,0.0,0.0,0.0,0.0,0.0,0.0,0.0,0.0,0.0,0.0,9690.133530646563
70,4200000000000,1156.0,1156.0,1156.0,1156.0,1156.0,1156,24.0,24.0,24.0,24.0,24.0,1156,0.0,0.0,0.0,0.0,0.0,1156,4.0,8.0,4.306228373702422,4.0,6.0,1156,0.0,0.0,0.0,0.0,0.0,0,0.0,0.0,0.0,0.0,0.0,0,1.0,1.0,1.0,1.0,1.0,552,0.9999999999999997,1.0000000000000002,1.0,1.0,1.0000000000000002,552,1.0,1.1666666666666667,1.009436578833116,1.0,1.0739010989010984,552,0.9999999999999997,1.0000000000000002,1.0,1.0,1.0000000000000002,552,552.0,0.0,0.0,0.0,552.0,552.0,0.0,0.0,0.0,0.0,0.0,0.0,1.0,0.0,0.0,1156.0,2312.0,1156.0,1336336.0,7234.389308840036,0.0,0.0,0.0,0.0,0.0,0.0,0.0,0.0,0.0,0.0,0.0,0.0,0.0,0.0,0.0,0.0,8965.158496052027
71,4260000000000,1156.0,1156.0,1156.0,1156.0,1156.0,1156,24.0,24.0,24.0,24.0,24.0,1156,0.0,0.0,0.0,0.0,0.0,1156,4.0,8.0,4.3088235294117645,4.0,6.0,1156,0.0,0.0,0.0,0.0,0.0,0,0.0,0.0,0.0,0.0,0.0,0,1.0,1.0,1.0,1.0,1.0,552,0.9999999999999997,1.0000000000000004,1.0,1.0,1.0000000000000002,552,1.0,1.25,1.011861266923437,1.0,1.0909090909090908,552,0.9999999999999997,1.0000000000000004,1.0,1.0,1.0000000000000002,552,552.0,0.0,0.0,0.0,552.0,552.0,0.0,0.0,0.0,0.0,0.0,0.0,1.0,0.0,0.0,1156.0,2312.0,1156.0,1336336.0,5985.482934862375,0.0,0.0,0.0,0.0,0.0,0.0,0.0,0.0,0.0,0.0,0.0,0.0,0.0,0.0,0.0,0.0,7730.5862829089165
72,4320000000000,1156.0,1156.0,1156.0,1156.0,1156.0,1156,24.0,24.0,24.0,24.0,24.0,1156,0.0,0.0,0.0,0.0,0.0,1156,4.0,8.0,4.313148788927336,4.0,6.0,1156,0.0,0.0,0.0,0.0,0.0,0,0.0,0.0,0.0,0.0,0.0,0,1.0,1.0,1.0,1.0,1.0,552,0.9999999999999996,1.0000000000000004,1.0,1.0,1.0000000000000002,552,1.0,1.1875,1.0104747081580396,1.0,1.0798076923076918,552,0.9999999999999996,1.0000000000000004,1.0,1.0,1.0000000000000002,552,552.0,0.0,0.0,0.0,552.0,552.0,0.0,0.0,0.0,0.0,0.0,0.0,1.0,0.0,0.0,1156.0,2312.0,1156.0,1336336.0,7223.442887887359,0.0,0.0,0.0,0.0,0.0,0.0,0.0,0.0,0.0,0.0,0.0,0.0,0.0,0.0,0.0,0.0,10484.037917107344
73,4380000000000,1156.0,1156.0,1156.0,1156.0,1156.0,1156,24.0,24.0,24.0,24.0,24.0,1156,0.0,0.0,0.0,0.0,0.0,1156,4.0,8.0,4.306228373702422,4.0,6.0,1156,0.0,0.0,0.0,0.0,0.0,0,0.0,0.0,0.0,0.0,0.0,0,1.0,1.0,1.0,1.0,1.0,552,0.9999999999999997,1.0000000000000002,1.0,1.0,1.0000000000000002,552,1.0,1.1666666666666667,1.0110757105758097,1.0,1.0909090909090908,552,0.9999999999999997,1.0000000000000002,1.0,1.0,1.0000000000000002,552,552.0,0.0,0.0,0.0,552.0,552.0,0.0,0.0,0.0,0.0,0.0,0.0,1.0,0.0,0.0,1156.0,2312.0,1156.0,1336336.0,7139.801304787397,0.0,0.0,0.0,0.0,0.0,0.0,0.0,0.0,0.0,0.0,0.0,0.0,0.0,0.0,0.0,0.0,10506.450340151787
74,4440000000000,1156.0,1156.0,1156.0,1156.0,1156.0,1156,24.0,24.0,24.0,24.0,24.0,1156,0.0,0.0,0.0,0.0,0.0,1156,4.0,8.0,4.312283737024221,4.0,6.0,1156,0.0,0.0,0.0,0.0,0.0,0,0.0,0.0,0.0,0.0,0.0,0,1.0,1.0,1.0,1.0,1.0,552,0.9999999999999997,1.0000000000000002,1.0,1.0,1.0000000000000002,552,1.0,1.3333333333333333,1.0151375877252338,1.0,1.1,552,0.9999999999999997,1.0000000000000002,1.0,1.0,1.0000000000000002,552,552.0,0.0,0.0,0.0,552.0,552.0,0.0,0.0,0.0,0.0,0.0,0.0,1.0,0.0,0.0,1156.0,2312.0,1156.0,1336336.0,6852.424472570419,0.0,0.0,0.0,0.0,0.0,0.0,0.0,0.0,0.0,0.0,0.0,0.0,0.0,0.0,0.0,0.0,9983.752977102995
75,4500000000000,1156.0,1156.0,1156.0,1156.0,1156.0,1156,24.0,24.0,24.0,24.0,24.0,1156,0.0,0.0,0.0,0.0,0.0,1156,4.0,8.0,4.311418685121107,4.0,6.0,1156,0.0,0.0,0.0,0.0,0.0,0,0.0,0.0,0.0,0.0,0.0,0,1.0,1.0,1.0,1.0,1.0,552,0.9999999999999997,1.0000000000000004,1.0,1.0,1.0000000000000002,552,1.0,1.1666666666666667,1.01101413601698,1.0,1.0798076923076918,552,0.9999999999999997,1.0000000000000004,1.0,1.0,1.0000000000000002,552,552.0,0.0,0.0,0.0,552.0,552.0,0.0,0.0,0.0,0.0,0.0,0.0,1.0,0.0,0.0,1156.0,2312.0,1156.0,1336336.0,7121.989252045751,0.0,0.0,0.0,0.0,0.0,0.0,0.0,0.0,0.0,0.0,0.0,0.0,0.0,0.0,0.0,0.0,10263.88145238161
76,4560000000000,1156.0,1156.0,1156.0,1156.0,1156.0,1156,24.0,24.0,24.0,24.0,24.0,1156,0.0,0.0,0.0,0.0,0.0,1156,4.0,8.0,4.307093425605537,4.0,6.0,1156,0.0,0.0,0.0,0.0,0.0,0,0.0,0.0,0.0,0.0,0.0,0,1.0,1.0,1.0,1.0,1.0,552,0.9999999999999997,1.0000000000000004,1.0,1.0,1.0000000000000002,552,1.0,1.1666666666666667,1.0122378048182858,1.0,1.0949999999999993,552,0.9999999999999997,1.0000000000000004,1.0,1.0,1.0000000000000002,552,552.0,0.0,0.0,0.0,552.0,552.0,0.0,0.0,0.0,0.0,0.0,0.0,1.0,0.0,0.0,1156.0,2312.0,1156.0,1336336.0,7300.497006624937,0.0,0.0,0.0,0.0,0.0,0.0,0.0,0.0,0.0,0.0,0.0,0.0,0.0,0.0,0.0,0.0,10741.8317720294
77,4620000000000,1156.0,1156.0,1156.0,1156.0,1156.0,1156,24.0,24.0,24.0,24.0,24.0,1156,0.0,0.0,0.0,0.0,0.0,1156,4.0,8.0,4.318339100346021,4.0,6.0,1156,0.0,0.0,0.0,0.0,0.0,0,0.0,0.0,0.0,0.0,0.0,0,1.0,1.0,1.0,1.0,1.0,552,0.9999999999999997,1.0000000000000004,1.0,1.0,1.0000000000000002,552,1.0,1.3333333333333333,1.011938631469368,1.0,1.0909090909090908,552,0.9999999999999997,1.0000000000000004,1.0,1.0,1.0000000000000002,552,552.0,0.0,0.0,0.0,552.0,552.0,0.0,0.0,0.0,0.0,0.0,0.0,1.0,0.0,0.0,1156.0,2312.0,1156.0,1336336.0,6884.547129273415,0.0,0.0,0.0,0.0,0.0,0.0,0.0,0.0,0.0,0.0,0.0,0.0,0.0,0.0,0.0,0.0,10057.918839156628
78,4680000000000,1156.0,1156.0,1156.0,1156.0,1156.0,1156,24.0,24.0,24.0,24.0,24.0,1156,0.0,0.0,0.0,0.0,0.0,1156,4.0,8.0,4.309688581314879,4.0,6.0,1156,0.0,0.0,0.0,0.0,0.0,0,0.0,0.0,0.0,0.0,0.0,0,1.0,1.0,1.0,1.0,1.0,552,0.9999999999999997,1.0000000000000004,1.0,1.0,1.0000000000000002,552,1.0,1.1875,1.010723396189038,1.0,1.0833333333333333,552,0.9999999999999997,1.0000000000000004,1.0,1.0,1.0000000000000002,552,552.0,0.0,0.0,0.0,552.0,552.0,0.0,0.0,0.0,0.0,0.0,0.0,1.0,0.0,0.0,1156.0,2312.0,1156.0,1336336.0,7245.902480557561,0.0,0.0,0.0,0.0,0.0,0.0,0.0,0.0,0.0,0.0,0.0,0.0,0.0,0.0,0.0,0.0,10396.034799516201
79,4740000000000,1156.0,1156.0,1156.0,1156.0,1156.0,1156,24.0,24.0,24.0,24.0,24.0,1156,0.0,0.0,0.0,0.0,0.0,1156,4.0,8.0,4.307958477508651,4.0,6.0,1156,0.0,0.0,0.0,0.0,0.0,0,0.0,0.0,0.0,0.0,0.0,0,1.0,1.0,1.0,1.0,1.0,552,0.9999999999999997,1.0000000000000002,1.0,1.0,1.0000000000000002,552,1.0,1.1666666666666667,1.0124761004176237,1.0,1.0909090909090908,552,0.9999999999999997,1.0000000000000002,1.0,1.0,1.0000000000000002,552,552.0,0.0,0.0,0.0,552.0,552.0,0.0,0.0,0.0,0.0,0.0,0.0,1.0,0.0,0.0,1156.0,2312.0,1156.0,1336336.0,6723.039124161005,0.0,0.0,0.0,0.0,0.0,0.0,0.0,0.0,0.0,0.0,0.0,0.0,0.0,0.0,0.0,0.0,10052.526537328959
80,4800000000000,1156.0,1156.0,1156.0,1156.0,1156.0,1156,24.0,24.0,24.0,24.0,24.0,1156,0.0,0.0,0.0,0.0,0.0,1156,4.0,8.0,4.314878892733564,4.0,6.0,1156,0.0,0.0,0.0,0.0,0.0,0,0.0,0.0,0.0,0.0,0.0,0,1.0,1.0,1.0,1.0,1.0,552,0.9999999999999996,1.0000000000000004,1.0,1.0,1.0000000000000002,552,1.0,1.3333333333333333,1.0118919188708881,1.0,1.0909090909090908,552,0.9999999999999996,1.0000000000000004,1.0,1.0,1.0000000000000002,552,552.0,0.0,0.0,0.0,552.0,552.0,0.0,0.0,0.0,0.0,0.0,0.0,1.0,0.0,0.0,1156.0,2312.0,1156.0,1336336.0,7699.604524299502,0.0,0.0,0.0,0.0,0.0,0.0,0.0,0.0,0.0,0.0,0.0,0.0,0.0,0.0,0.0,0.0,10894.485643133521
81,4860000000000,1156.0,1156.0,1156.0,1156.0,1156.0,1156,24.0,24.0,24.0,24.0,24.0,1156,0.0,0.0,0.0,0.0,0.0,1156,4.0,8.0,4.309688581314879,4.0,6.0,1156,0.0,0.0,0.0,0.0,0.0,0,0.0,0.0,0.0,0.0,0.0,0,1.0,1.0,1.0,1.0,1.0,552,0.9999999999999998,1.0000000000000004,1.0,1.0,1.0000000000000002,552,1.0,1.1666666666666667,1.0091828584295313,1.0,1.0769230769230769,552,0.9999999999999998,1.0000000000000004,1.0,1.0,1.0000000000000002,552,552.0,0.0,0.0,0.0,552.0,552.0,0.0,0.0,0.0,0.0,0.0,0.0,1.0,0.0,0.0,1156.0,2312.0,1156.0,1336336.0,6541.177678853273,0.0,0.0,0.0,0.0,0.0,0.0,0.0,0.0,0.0,0.0,0.0,0.0,0.0,0.0,0.0,0.0,9637.094741687179
82,4920000000000,1156.0,1156.0,1156.0,1156.0,1156.0,1156,24.0,24.0,24.0,24.0,24.0,1156,0.0,0.0,0.0,0.0,0.0,1156,4.0,8.0,4.306228373702422,4.0,6.0,1156,0.0,0.0,0.0,0.0,0.0,0,0.0,0.0,0.0,0.0,0.0,0,1.0,1.0,1.0,1.0,1.0,552,0.9999999999999997,1.0000000000000004,1.0,1.0,1.0000000000000002,552,1.0,1.2,1.01236604978001,1.0,1.0909090909090908,552,0.9999999999999997,1.0000000000000004,1.0,1.0,1.0000000000000002,552,552.0,0.0,0.0,0.0,552.0,552.0,0.0,0.0,0.0,0.0,0.0,0.0,1.0,0.0,0.0,1156.0,2312.0,1156.0,1336336.0,7090.122243389487,0.0,0.0,0.0,0.0,0.0,0.0,0.0,0.0,0.0,0.0,0.0,0.0,0.0,0.0,0.0,0.0,10299.820275977254
83,4980000000000,1156.0,1156.0,1156.0,1156.0,1156.0,1156,24.0,24.0,24.0,24.0,24.0,1156,0.0,0.0,0.0,0.0,0.0,1156,4.0,8.0,4.311418685121107,4.0,6.0,1156,0.0,0.0,0.0,0.0,0.0,0,0.0,0.0,0.0,0.0,0.0,0,1.0,1.0,1.0,1.0,1.0,552,0.9999999999999997,1.0000000000000002,1.0,1.0,1.0000000000000002,552,1.0,1.3333333333333333,1.0136314080280122,1.0,1.0909090909090908,552,0.9999999999999997,1.0000000000000002,1.0,1.0,1.0000000000000002,552,552.0,0.0,0.0,0.0,552.0,552.0,0.0,0.0,0.0,0.0,0.0,0.0,1.0,0.0,0.0,1156.0,2312.0,1156.0,1336336.0,7260.377135127783,0.0,0.0,0.0,0.0,0.0,0.0,0.0,0.0,0.0,0.0,0.0,0.0,0.0,0.0,0.0,0.0,10578.86659540236
84,5040000000000,1156.0,1156.0,1156.0,1156.0,1156.0,1156,24.0,24.0,24.0,24.0,24.0,1156,0.0,0.0,0.0,0.0,0.0,1156,4.0,8.0,4.310553633217993,4.0,6.0,1156,0.0,0.0,0.0,0.0,0.0,0,0.0,0.0,0.0,0.0,0.0,0,1.0,1.0,1.0,1.0,1.0,552,0.9999999999999996,1.0000000000000002,1.0,1.0,1.0000000000000002,552,1.0,1.1666666666666667,1.0094244534767993,1.0,1.0739010989010984,552,0.9999999999999996,1.0000000000000002,1.0,1.0,1.0000000000000002,552,552.0,0.0,0.0,0.0,552.0,552.0,0.0,0.0,0.0,0.0,0.0,0.0,1.0,0.0,0.0,1156.0,2312.0,1156.0,1336336.0,7236.833564937115,0.0,0.0,0.0,0.0,0.0,0.0,0.0,0.0,0.0,0.0,0.0,0.0,0.0,0.0,0.0,0.0,10316.829670220613
85,5100000000000,1156.0,1156.0,1156.0,1156.0,1156.0,1156,24.0,24.0,24.0,24.0,24.0,1156,0.0,0.0,0.0,0.0,0.0,1156,4.0,8.0,4.311418685121107,4.0,6.0,1156,0.0,0.0,0.0,0.0,0.0,0,0.0,0.0,0.0,0.0,0.0,0,1.0,1.0,1.0,1.0,1.0,552,0.9999999999999997,1.0000000000000002,1.0,1.0,1.0000000000000002,552,1.0,1.2,1.0123661747201926,1.0,1.0909090909090908,552,0.9999999999999997,1.0000000000000002,1.0,1.0,1.0000000000000002,552,552.0,0.0,0.0,0.0,552.0,552.0,0.0,0.0,0.0,0.0,0.0,0.0,1.0,0.0,0.0,1156.0,2312.0,1156.0,1336336.0,6313.064577057958,0.0,0.0,0.0,0.0,0.0,0.0,0.0,0.0,0.0,0.0,0.0,0.0,0.0,0.0,0.0,0.0,9463.763812556863
86,5160000000000,1156.0,1156.0,1156.0,1156.0,1156.0,1156,24.0,24.0,24.0,24.0,24.0,1156,0.0,0.0,0.0,0.0,0.0,1156,4.0,8.0,4.306228373702422,4.0,6.0,1156,0.0,0.0,0.0,0.0,0.0,0,0.0,0.0,0.0,0.0,0.0,0,1.0,1.0,1.0,1.0,1.0,552,0.9999999999999997,1.0000000000000002,1.0,1.0,1.0000000000000002,552,1.0,1.3333333333333333,1.0119940459538777,1.0,1.0909090909090908,552,0.9999999999999997,1.0000000000000002,1.0,1.0,1.0000000000000002,552,552.0,0.0,0.0,0.0,552.0,552.0,0.0,0.0,0.0,0.0,0.0,0.0,1.0,0.0,0.0,1156.0,2312.0,1156.0,1336336.0,7870.09447067976,0.0,0.0,0.0,0.0,0.0,0.0,0.0,0.0,0.0,0.0,0.0,0.0,0.0,0.0,0.0,0.0,11229.302048683167
87,5220000000000,1156.0,1156.0,1156.0,1156.0,1156.0,1156,24.0,24.0,24.0,24.0,24.0,1156,0.0,0.0,0.0,0.0,0.0,1156,4.0,8.0,4.306228373702422,4.0,6.0,1156,0.0,0.0,0.0,0.0,0.0,0,0.0,0.0,0.0,0.0,0.0,0,1.0,1.0,1.0,1.0,1.0,552,0.9999999999999997,1.0000000000000002,1.0,1.0,1.0000000000000002,552,1.0,1.1666666666666667,1.0100413069889513,1.0,1.0833333333333333,552,0.9999999999999997,1.0000000000000002,1.0,1.0,1.0000000000000002,552,552.0,0.0,0.0,0.0,552.0,552.0,0.0,0.0,0.0,0.0,0.0,0.0,1.0,0.0,0.0,1156.0,2312.0,1156.0,1336336.0,6781.520023941994,0.0,0.0,0.0,0.0,0.0,0.0,0.0,0.0,0.0,0.0,0.0,0.0,0.0,0.0,0.0,0.0,9833.514431491494
88,5280000000000,1156.0,1156.0,1156.0,1156.0,1156.0,1156,24.0,24.0,24.0,24.0,24.0,1156,0.0,0.0,0.0,0.0,0.0,1156,4.0,8.0,4.3166089965397925,4.0,6.0,1156,0.0,0.0,0.0,0.0,0.0,0,0.0,0.0,0.0,0.0,0.0,0,1.0,1.0,1.0,1.0,1.0,552,0.9999999999999997,1.0000000000000004,1.0,1.0,1.0000000000000002,552,1.0,1.1428571428571428,1.0100597448686144,1.0,1.0739010989010984,552,0.9999999999999997,1.0000000000000004,1.0,1.0,1.0000000000000002,552,552.0,0.0,0.0,0.0,552.0,552.0,0.0,0.0,0.0,0.0,0.0,0.0,1.0,0.0,0.0,1156.0,2312.0,1156.0,1336336.0,6900.567328557372,0.0,0.0,0.0,0.0,0.0,0.0,0.0,0.0,0.0,0.0,0.0,0.0,0.0,0.0,0.0,0.0,10111.724151298404
89,5340000000000,1156.0,1156.0,1156.0,1156.0,1156.0,1156,24.0,24.0,24.0,24.0,24.0,1156,0.0,0.0,0.0,0.0,0.0,1156,4.0,8.0,4.309688581314879,4.0,6.0,1156,0.0,0.0,0.0,0.0,0.0,0,0.0,0.0,0.0,0.0,0.0,0,1.0,1.0,1.0,1.0,1.0,552,0.9999999999999996,1.0000000000000002,1.0,1.0,1.0000000000000002,552,1.0,1.3333333333333333,1.0130147904278544,1.0,1.0909090909090908,552,0.9999999999999996,1.0000000000000002,1.0,1.0,1.0000000000000002,552,552.0,0.0,0.0,0.0,552.0,552.0,0.0,0.0,0.0,0.0,0.0,0.0,1.0,0.0,0.0,1156.0,2312.0,1156.0,1336336.0,7086.6978764534,0.0,0.0,0.0,0.0,0.0,0.0,0.0,0.0,0.0,0.0,0.0,0.0,0.0,0.0,0.0,0.0,10496.755877509713
90,5400000000000,1156.0,1156.0,1156.0,1156.0,1156.0,1156,24.0,24.0,24.0,24.0,24.0,1156,0.0,0.0,0.0,0.0,0.0,1156,4.0,8.0,4.3088235294117645,4.0,6.0,1156,0.0,0.0,0.0,0.0,0.0,0,0.0,0.0,0.0,0.0,0.0,0,1.0,1.0,1.0,1.0,1.0,552,0.9999999999999996,1.0000000000000004,1.0,1.0,1.0000000000000002,552,1.0,1.1666666666666667,1.008261938777358,1.0,1.0666666666666667,552,0.9999999999999996,1.0000000000000004,1.0,1.0,1.0000000000000002,552,552.0,0.0,0.0,0.0,552.0,552.0,0.0,0.0,0.0,0.0,0.0,0.0,1.0,0.0,0.0,1156.0,2312.0,1156.0,1336336.0,7367.657292634249,0.0,0.0,0.0,0.0,0.0,0.0,0.0,0.0,0.0,0.0,0.0,0.0,0.0,0.0,0.0,0.0,10527.401275932789
91,5460000000000,1156.0,1156.0,1156.0,1156.0,1156.0,1156,24.0,24.0,24.0,24.0,24.0,1156,0.0,0.0,0.0,0.0,0.0,1156,4.0,8.0,4.3088235294117645,4.0,6.0,1156,0.0,0.0,0.0,0.0,0.0,0,0.0,0.0,0.0,0.0,0.0,0,1.0,1.0,1.0,1.0,1.0,552,0.9999999999999998,1.0000000000000004,1.0,1.0,1.0000000000000002,552,1.0,1.1428571428571428,1.0106197660967937,1.0,1.0833333333333333,552,0.9999999999999998,1.0000000000000004,1.0,1.0,1.0000000000000002,552,552.0,0.0,0.0,0.0,552.0,552.0,0.0,0.0,0.0,0.0,0.0,0.0,1.0,0.0,0.0,1156.0,2312.0,1156.0,1336336.0,6268.217425793409,0.0,0.0,0.0,0.0,0.0,0.0,0.0,0.0,0.0,0.0,0.0,0.0,0.0,0.0,0.0,0.0,9375.080639496446
92,5520000000000,1156.0,1156.0,1156.0,1156.0,1156.0,1156,24.0,24.0,24.0,24.0,24.0,1156,0.0,0.0,0.0,0.0,0.0,1156,4.0,8.0,4.304498269896194,4.0,6.0,1156,0.0,0.0,0.0,0.0,0.0,0,0.0,0.0,0.0,0.0,0.0,0,1.0,1.0,1.0,1.0,1.0,552,0.9999999999999997,1.0000000000000002,1.0,1.0,1.0000000000000002,552,1.0,1.3333333333333333,1.013707808632062,1.0,1.1,552,0.9999999999999997,1.0000000000000002,1.0,1.0,1.0000000000000002,552,552.0,0.0,0.0,0.0,552.0,552.0,0.0,0.0,0.0,0.0,0.0,0.0,1.0,0.0,0.0,1156.0,2312.0,1156.0,1336336.0,7433.542734012008,0.0,0.0,0.0,0.0,0.0,0.0,0.0,0.0,0.0,0.0,0.0,0.0,0.0,0.0,0.0,0.0,10830.05672879517
93,5580000000000,1156.0,1156.0,1156.0,1156.0,1156.0,1156,24.0,24.0,24.0,24.0,24.0,1156,0.0,0.0,0.0,0.0,0.0,1156,4.0,8.0,4.309688581314879,4.0,6.0,1156,0.0,0.0,0.0,0.0,0.0,0,0.0,0.0,0.0,0.0,0.0,0,1.0,1.0,1.0,1.0,1.0,552,0.9999999999999997,1.0000000000000004,1.0,1.0,1.0,552,1.0,1.1666666666666667,1.0079887894142823,1.0,1.0643749999999996,552,0.9999999999999997,1.0000000000000004,1.0,1.0,1.0,552,552.0,0.0,0.0,0.0,552.0,552.0,0.0,0.0,0.0,0.0,0.0,0.0,1.0,0.0,0.0,1156.0,2312.0,1156.0,1336336.0,6636.8393283337355,0.0,0.0,0.0,0.0,0.0,0.0,0.0,0.0,0.0,0.0,0.0,0.0,0.0,0.0,0.0,0.0,8302.453879266977
94,5640000000000,1156.0,1156.0,1156.0,1156.0,1156.0,1156,24.0,24.0,24.0,24.0,24.0,1156,0.0,0.0,0.0,0.0,0.0,1156,4.0,8.0,4.310553633217993,4.0,6.0,1156,0.0,0.0,0.0,0.0,0.0,0,0.0,0.0,0.0,0.0,0.0,0,1.0,1.0,1.0,1.0,1.0,552,0.9999999999999998,1.0000000000000002,1.0,1.0,1.0000000000000002,552,1.0,1.1666666666666667,1.0108061748697241,1.0,1.0867424242424237,552,0.9999999999999998,1.0000000000000002,1.0,1.0,1.0000000000000002,552,552.0,0.0,0.0,0.0,552.0,552.0,0.0,0.0,0.0,0.0,0.0,0.0,1.0,0.0,0.0,1156.0,2312.0,1156.0,1336336.0,6087.050838395953,0.0,0.0,0.0,0.0,0.0,0.0,0.0,0.0,0.0,0.0,0.0,0.0,0.0,0.0,0.0,0.0,7798.262380063534
95,5700000000000,1156.0,1156.0,1156.0,1156.0,1156.0,1156,24.0,24.0,24.0,24.0,24.0,1156,0.0,0.0,0.0,0.0,0.0,1156,4.0,8.0,4.300173010380623,4.0,6.0,1156,0.0,0.0,0.0,0.0,0.0,0,0.0,0.0,0.0,0.0,0.0,0,1.0,1.0,1.0,1.0,1.0,552,0.9999999999999998,1.0000000000000004,1.0,1.0,1.0000000000000002,552,1.0,1.3333333333333333,1.0147557711582411,1.0,1.1,552,0.9999999999999998,1.0000000000000004,1.0,1.0,1.0000000000000002,552,552.0,0.0,0.0,0.0,552.0,552.0,0.0,0.0,0.0,0.0,0.0,0.0,1.0,0.0,0.0,1156.0,2312.0,1156.0,1336336.0,6559.903284534812,0.0,0.0,0.0,0.0,0.0,0.0,0.0,0.0,0.0,0.0,0.0,0.0,0.0,0.0,0.0,0.0,8220.58747522533
96,5760000000000,1156.0,1156.0,1156.0,1156.0,1156.0,1156,24.0,24.0,24.0,24.0,24.0,1156,0.0,0.0,0.0,0.0,0.0,1156,4.0,8.0,4.309688581314879,4.0,6.0,1156,0.0,0.0,0.0,0.0,0.0,0,0.0,0.0,0.0,0.0,0.0,0,1.0,1.0,1.0,1.0,1.0,552,0.9999999999999997,1.0000000000000002,1.0,1.0,1.0000000000000002,552,1.0,1.1666666666666667,1.0076406676227463,1.0,1.0643749999999996,552,0.9999999999999997,1.0000000000000002,1.0,1.0,1.0000000000000002,552,552.0,0.0,0.0,0.0,552.0,552.0,0.0,0.0,0.0,0.0,0.0,0.0,1.0,0.0,0.0,1156.0,2312.0,1156.0,1336336.0,5627.342082560062,0.0,0.0,0.0,0.0,0.0,0.0,0.0,0.0,0.0,0.0,0.0,0.0,0.0,0.0,0.0,0.0,7298.306515440345
97,5820000000000,1156.0,1156.0,1156.0,1156.0,1156.0,1156,24.0,24.0,24.0,24.0,24.0,1156,0.0,0.0,0.0,0.0,0.0,1156,4.0,8.0,4.313148788927336,4.0,6.0,1156,0.0,0.0,0.0,0.0,0.0,0,0.0,0.0,0.0,0.0,0.0,0,1.0,1.0,1.0,1.0,1.0,552,0.9999999999999997,1.0000000000000004,1.0,1.0,1.0000000000000002,552,1.0,1.1666666666666667,1.0114011212121912,1.0,1.0909090909090908,552,0.9999999999999997,1.0000000000000004,1.0,1.0,1.0000000000000002,552,552.0,0.0,0.0,0.0,552.0,552.0,0.0,0.0,0.0,0.0,0.0,0.0,1.0,0.0,0.0,1156.0,2312.0,1156.0,1336336.0,6408.595755696297,0.0,0.0,0.0,0.0,0.0,0.0,0.0,0.0,0.0,0.0,0.0,0.0,0.0,0.0,0.0,0.0,8106.439623981714
98,5880000000000,1156.0,1156.0,1156.0,1156.0,1156.0,1156,24.0,24.0,24.0,24.0,24.0,1156,0.0,0.0,0.0,0.0,0.0,1156,4.0,8.0,4.304498269896194,4.0,6.0,1156,0.0,0.0,0.0,0.0,0.0,0,0.0,0.0,0.0,0.0,0.0,0,1.0,1.0,1.0,1.0,1.0,552,0.9999999999999997,1.0000000000000004,1.0,1.0,1.0000000000000002,552,1.0,1.25,1.0136702196536393,1.0,1.0949999999999993,552,0.9999999999999997,1.0000000000000004,1.0,1.0,1.0000000000000002,552,552.0,0.0,0.0,0.0,552.0,552.0,0.0,0.0,0.0,0.0,0.0,0.0,1.0,0.0,0.0,1156.0,2312.0,1156.0,1336336.0,6171.670470386744,0.0,0.0,0.0,0.0,0.0,0.0,0.0,0.0,0.0,0.0,0.0,0.0,0.0,0.0,0.0,0.0,7823.19126278162
99,5940000000000,1156.0,1156.0,1156.0,1156.0,1156.0,1156,24.0,24.0,24.0,24.0,24.0,1156,0.0,0.0,0.0,0.0,0.0,1156,4.0,8.0,4.3157439446366785,4.0,6.0,1156,0.0,0.0,0.0,0.0,0.0,0,0.0,0.0,0.0,0.0,0.0,0,1.0,1.0,1.0,1.0,1.0,552,0.9999999999999996,1.0000000000000002,1.0,1.0,1.0,552,1.0,1.1666666666666667,1.0078586513155414,1.0,1.0643749999999996,552,0.9999999999999996,1.0000000000000002,1.0,1.0,1.0,552,552.0,0.0,0.0,0.0,552.0,552.0,0.0,0.0,0.0,0.0,0.0,0.0,1.0,0.0,0.0,1156.0,2312.0,1156.0,1336336.0,5840.599467977881,0.0,0.0,0.0,0.0,0.0,0.0,0.0,0.0,0.0,0.0,0.0,0.0,0.0,0.0,0.0,0.0,7526.418883353472
100,6000000000000,1156.0,1156.0,1156.0,1156.0,1156.0,1156,24.0,24.0,24.0,24.0,24.0,1156,0.0,0.0,0.0,0.0,0.0,1156,4.0,8.0,4.310553633217993,4.0,6.0,1156,0.0,0.0,0.0,0.0,0.0,0,0.0,0.0,0.0,0.0,0.0,0,1.0,1.0,1.0,1.0,1.0,552,0.9999999999999996,1.0000000000000002,1.0,1.0,1.0000000000000002,552,1.0,1.2,1.0122164170274872,1.0,1.0909090909090908,552,0.9999999999999996,1.0000000000000002,1.0,1.0,1.0000000000000002,552,552.0,0.0,0.0,0.0,552.0,552.0,0.0,0.0,0.0,0.0,0.0,0.0,1.0,0.0,0.0,1156.0,2312.0,1156.0,1336336.0,6243.282666429877,0.0,0.0,0.0,0.0,0.0,0.0,0.0,0.0,0.0,0.0,0.0,0.0,0.0,0.0,0.0,0.0,7898.165876045823
101,6060000000000,1156.0,1156.0,1156.0,1156.0,1156.0,1156,24.0,24.0,24.0,24.0,24.0,1156,0.0,0.0,0.0,0.0,0.0,1156,4.0,8.0,4.306228373702422,4.0,6.0,1156,0.0,0.0,0.0,0.0,0.0,0,0.0,0.0,0.0,0.0,0.0,0,1.0,1.0,1.0,1.0,1.0,552,0.9999999999999998,1.0000000000000002,1.0,1.0,1.0,552,1.0,1.25,1.0137967651099318,1.0,1.1,552,0.9999999999999998,1.0000000000000002,1.0,1.0,1.0,552,552.0,0.0,0.0,0.0,552.0,552.0,0.0,0.0,0.0,0.0,0.0,0.0,1.0,0.0,0.0,1156.0,2312.0,1156.0,1336336.0,6737.960716709495,0.0,0.0,0.0,0.0,0.0,0.0,0.0,0.0,0.0,0.0,0.0,0.0,0.0,0.0,0.0,0.0,8385.902538895607
102,6120000000000,1156.0,1156.0,1156.0,1156.0,1156.0,1156,24.0,24.0,24.0,24.0,24.0,1156,0.0,0.0,0.0,0.0,0.0,1156,4.0,8.0,4.3157439446366785,4.0,6.0,1156,0.0,0.0,0.0,0.0,0.0,0,0.0,0.0,0.0,0.0,0.0,0,1.0,1.0,1.0,1.0,1.0,552,0.9999999999999998,1.0000000000000004,1.0,1.0,1.0000000000000002,552,1.0,1.1666666666666667,1.007925242649169,1.0,1.0643749999999996,552,0.9999999999999998,1.0000000000000004,1.0,1.0,1.0000000000000002,552,552.0,0.0,0.0,0.0,552.0,552.0,0.0,0.0,0.0,0.0,0.0,0.0,1.0,0.0,0.0,1156.0,2312.0,1156.0,1336336.0,5751.872673630714,0.0,0.0,0.0,0.0,0.0,0.0,0.0,0.0,0.0,0.0,0.0,0.0,0.0,0.0,0.0,0.0,7430.463748052716
103,6180000000000,1156.0,1156.0,1156.0,1156.0,1156.0,1156,24.0,24.0,24.0,24.0,24.0,1156,0.0,0.0,0.0,0.0,0.0,1156,4.0,8.0,4.311418685121107,4.0,6.0,1156,0.0,0.0,0.0,0.0,0.0,0,0.0,0.0,0.0,0.0,0.0,0,1.0,1.0,1.0,1.0,1.0,552,0.9999999999999997,1.0000000000000004,1.0,1.0,1.0000000000000002,552,1.0,1.2,1.0148850130062106,1.0,1.1,552,0.9999999999999997,1.0000000000000004,1.0,1.0,1.0000000000000002,552,552.0,0.0,0.0,0.0,552.0,552.0,0.0,0.0,0.0,0.0,0.0,0.0,1.0,0.0,0.0,1156.0,2312.0,1156.0,1336336.0,6739.850295707583,0.0,0.0,0.0,0.0,0.0,0.0,0.0,0.0,0.0,0.0,0.0,0.0,0.0,0.0,0.0,0.0,8446.986461058259
104,6240000000000,1156.0,1156.0,1156.0,1156.0,1156.0,1156,24.0,24.0,24.0,24.0,24.0,1156,0.0,0.0,0.0,0.0,0.0,1156,4.0,8.0,4.305363321799308,4.0,6.0,1156,0.0,0.0,0.0,0.0,0.0,0,0.0,0.0,0.0,0.0,0.0,0,1.0,1.0,1.0,1.0,1.0,552,0.9999999999999998,1.0000000000000004,1.0,1.0,1.0000000000000002,552,1.0,1.25,1.0134937847328314,1.0,1.0909090909090908,552,0.9999999999999998,1.0000000000000004,1.0,1.0,1.0000000000000002,552,552.0,0.0,0.0,0.0,552.0,552.0,0.0,0.0,0.0,0.0,0.0,0.0,1.0,0.0,0.0,1156.0,2312.0,1156.0,1336336.0,6091.000024229288,0.0,0.0,0.0,0.0,0.0,0.0,0.0,0.0,0.0,0.0,0.0,0.0,0.0,0.0,0.0,0.0,7728.320637717843
105,6300000000000,1156.0,1156.0,1156.0,1156.0,1156.0,1156,24.0,24.0,24.0,24.0,24.0,1156,0.0,0.0,0.0,0.0,0.0,1156,4.0,8.0,4.317474048442906,4.0,6.0,1156,0.0,0.0,0.0,0.0,0.0,0,0.0,0.0,0.0,0.0,0.0,0,1.0,1.0,1.0,1.0,1.0,552,0.9999999999999996,1.0000000000000002,1.0,1.0,1.0000000000000002,552,1.0,1.3333333333333333,1.0088192452755862,1.0,1.0688095238095234,552,0.9999999999999996,1.0000000000000002,1.0,1.0,1.0000000000000002,552,552.0,0.0,0.0,0.0,552.0,552.0,0.0,0.0,0.0,0.0,0.0,0.0,1.0,0.0,0.0,1156.0,2312.0,1156.0,1336336.0,6252.570206299424,0.0,0.0,0.0,0.0,0.0,0.0,0.0,0.0,0.0,0.0,0.0,0.0,0.0,0.0,0.0,0.0,7951.094517484307
106,6360000000000,1156.0,1156.0,1156.0,1156.0,1156.0,1156,24.0,24.0,24.0,24.0,24.0,1156,0.0,0.0,0.0,0.0,0.0,1156,4.0,8.0,4.31401384083045,4.0,6.0,1156,0.0,0.0,0.0,0.0,0.0,0,0.0,0.0,0.0,0.0,0.0,0,1.0,1.0,1.0,1.0,1.0,552,0.9999999999999998,1.0000000000000004,1.0,1.0,1.0000000000000002,552,1.0,1.2,1.0151579224570455,1.0,1.1,552,0.9999999999999998,1.0000000000000004,1.0,1.0,1.0000000000000002,552,552.0,0.0,0.0,0.0,552.0,552.0,0.0,0.0,0.0,0.0,0.0,0.0,1.0,0.0,0.0,1156.0,2312.0,1156.0,1336336.0,6512.171210721135,0.0,0.0,0.0,0.0,0.0,0.0,0.0,0.0,0.0,0.0,0.0,0.0,0.0,0.0,0.0,0.0,8194.101685658097
107,6420000000000,1156.0,1156.0,1156.0,1156.0,1156.0,1156,24.0,24.0,24.0,24.0,24.0,1156,0.0,0.0,0.0,0.0,0.0,1156,4.0,8.0,4.306228373702422,4.0,6.0,1156,0.0,0.0,0.0,0.0,0.0,0,0.0,0.0,0.0,0.0,0.0,0,1.0,1.0,1.0,1.0,1.0,552,0.9999999999999997,1.0000000000000004,1.0,1.0,1.0000000000000002,552,1.0,1.25,1.0111119641561812,1.0,1.0833333333333333,552,0.9999999999999997,1.0000000000000004,1.0,1.0,1.0000000000000002,552,552.0,0.0,0.0,0.0,552.0,552.0,0.0,0.0,0.0,0.0,0.0,0.0,1.0,0.0,0.0,1156.0,2312.0,1156.0,1336336.0,6653.603116050363,0.0,0.0,0.0,0.0,0.0,0.0,0.0,0.0,0.0,0.0,0.0,0.0,0.0,0.0,0.0,0.0,8307.687127962708
108,6480000000000,1156.0,1156.0,1156.0,1156.0,1156.0,1156,24.0,24.0,24.0,24.0,24.0,1156,0.0,0.0,0.0,0.0,0.0,1156,4.0,8.0,4.310553633217993,4.0,6.0,1156,0.0,0.0,0.0,0.0,0.0,0,0.0,0.0,0.0,0.0,0.0,0,1.0,1.0,1.0,1.0,1.0,552,0.9999999999999997,1.0000000000000004,1.0,1.0,1.0000000000000002,552,1.0,1.3333333333333333,1.0080313114987745,1.0,1.0666666666666667,552,0.9999999999999997,1.0000000000000004,1.0,1.0,1.0000000000000002,552,552.0,0.0,0.0,0.0,552.0,552.0,0.0,0.0,0.0,0.0,0.0,0.0,1.0,0.0,0.0,1156.0,2312.0,1156.0,1336336.0,5418.755376711488,0.0,0.0,0.0,0.0,0.0,0.0,0.0,0.0,0.0,0.0,0.0,0.0,0.0,0.0,0.0,0.0,7043.246410787106
109,6540000000000,1156.0,1156.0,1156.0,1156.0,1156.0,1156,24.0,24.0,24.0,24.0,24.0,1156,0.0,0.0,0.0,0.0,0.0,1156,4.0,8.0,4.3157439446366785,4.0,6.0,1156,0.0,0.0,0.0,0.0,0.0,0,0.0,0.0,0.0,0.0,0.0,0,1.0,1.0,1.0,1.0,1.0,552,0.9999999999999997,1.0000000000000004,1.0,1.0,1.0000000000000002,552,1.0,1.2,1.014630262509909,1.0,1.1,552,0.9999999999999997,1.0000000000000004,1.0,1.0,1.0000000000000002,552,552.0,0.0,0.0,0.0,552.0,552.0,0.0,0.0,0.0,0.0,0.0,0.0,1.0,0.0,0.0,1156.0,2312.0,1156.0,1336336.0,7208.225233480334,0.0,0.0,0.0,0.0,0.0,0.0,0.0,0.0,0.0,0.0,0.0,0.0,0.0,0.0,0.0,0.0,8989.519413560629
110,6600000000000,1156.0,1156.0,1156.0,1156.0,1156.0,1156,24.0,24.0,24.0,24.0,24.0,1156,0.0,0.0,0.0,0.0,0.0,1156,4.0,8.0,4.311418685121107,4.0,6.0,1156,0.0,0.0,0.0,0.0,0.0,0,0.0,0.0,0.0,0.0,0.0,0,1.0,1.0,1.0,1.0,1.0,552,0.9999999999999997,1.0000000000000002,1.0,1.0,1.0000000000000002,552,1.0,1.25,1.0115210014188918,1.0,1.0833333333333333,552,0.9999999999999997,1.0000000000000002,1.0,1.0,1.0000000000000002,552,552.0,0.0,0.0,0.0,552.0,552.0,0.0,0.0,0.0,0.0,0.0,0.0,1.0,0.0,0.0,1156.0,2312.0,1156.0,1336336.0,5856.751108542085,0.0,0.0,0.0,0.0,0.0,0.0,0.0,0.0,0.0,0.0,0.0,0.0,0.0,0.0,0.0,0.0,7482.141885906458
111,6660000000000,1156.0,1156.0,1156.0,1156.0,1156.0,1156,24.0,24.0,24.0,24.0,24.0,1156,0.0,0.0,0.0,0.0,0.0,1156,4.0,8.0,4.311418685121107,4.0,6.0,1156,0.0,0.0,0.0,0.0,0.0,0,0.0,0.0,0.0,0.0,0.0,0,1.0,1.0,1.0,1.0,1.0,552,0.9999999999999996,1.0000000000000002,1.0,1.0,1.0000000000000002,552,1.0,1.3333333333333333,1.0099032753449821,1.0,1.0714285714285714,552,0.9999999999999996,1.0000000000000002,1.0,1.0,1.0000000000000002,552,552.0,0.0,0.0,0.0,552.0,552.0,0.0,0.0,0.0,0.0,0.0,0.0,1.0,0.0,0.0,1156.0,2312.0,1156.0,1336336.0,6247.845333069563,0.0,0.0,0.0,0.0,0.0,0.0,0.0,0.0,0.0,0.0,0.0,0.0,0.0,0.0,0.0,0.0,7901.253940537572
112,6720000000000,1156.0,1156.0,1156.0,1156.0,1156.0,1156,24.0,24.0,24.0,24.0,24.0,1156,0.0,0.0,0.0,0.0,0.0,1156,4.0,8.0,4.313148788927336,4.0,6.0,1156,0.0,0.0,0.0,0.0,0.0,0,0.0,0.0,0.0,0.0,0.0,0,1.0,1.0,1.0,1.0,1.0,552,0.9999999999999997,1.0000000000000002,1.0,1.0,1.0000000000000002,552,1.0,1.2,1.0131982783163231,1.0,1.1,552,0.9999999999999997,1.0000000000000002,1.0,1.0,1.0000000000000002,552,552.0,0.0,0.0,0.0,552.0,552.0,0.0,0.0,0.0,0.0,0.0,0.0,1.0,0.0,0.0,1156.0,2312.0,1156.0,1336336.0,6602.677673101425,0.0,0.0,0.0,0.0,0.0,0.0,0.0,0.0,0.0,0.0,0.0,0.0,0.0,0.0,0.0,0.0,8280.4214078933
113,6780000000000,1156.0,1156.0,1156.0,1156.0,1156.0,1156,24.0,24.0,24.0,24.0,24.0,1156,0.0,0.0,0.0,0.0,0.0,1156,4.0,8.0,4.312283737024221,4.0,6.0,1156,0.0,0.0,0.0,0.0,0.0,0,0.0,0.0,0.0,0.0,0.0,0,1.0,1.0,1.0,1.0,1.0,552,0.9999999999999997,1.0000000000000002,1.0,1.0,1.0000000000000002,552,1.0,1.25,1.0116490151668134,1.0,1.0833333333333333,552,0.9999999999999997,1.0000000000000002,1.0,1.0,1.0000000000000002,552,552.0,0.0,0.0,0.0,552.0,552.0,0.0,0.0,0.0,0.0,0.0,0.0,1.0,0.0,0.0,1156.0,2312.0,1156.0,1336336.0,6034.339159727097,0.0,0.0,0.0,0.0,0.0,0.0,0.0,0.0,0.0,0.0,0.0,0.0,0.0,0.0,0.0,0.0,7677.383946254849
114,6840000000000,1156.0,1156.0,1156.0,1156.0,1156.0,1156,24.0,24.0,24.0,24.0,24.0,1156,0.0,0.0,0.0,0.0,0.0,1156,4.0,8.0,4.311418685121107,4.0,6.0,1156,0.0,0.0,0.0,0.0,0.0,0,0.0,0.0,0.0,0.0,0.0,0,1.0,1.0,1.0,1.0,1.0,552,0.9999999999999998,1.0000000000000002,1.0,1.0,1.0000000000000002,552,1.0,1.3333333333333333,1.0092036554198187,1.0,1.0714285714285714,552,0.9999999999999998,1.0000000000000002,1.0,1.0,1.0000000000000002,552,552.0,0.0,0.0,0.0,552.0,552.0,0.0,0.0,0.0,0.0,0.0,0.0,1.0,0.0,0.0,1156.0,2312.0,1156.0,1336336.0,6219.282696023583,0.0,0.0,0.0,0.0,0.0,0.0,0.0,0.0,0.0,0.0,0.0,0.0,0.0,0.0,0.0,0.0,7940.344659611583
115,6900000000000,1156.0,1156.0,1156.0,1156.0,1156.0,1156,24.0,24.0,24.0,24.0,24.0,1156,0.0,0.0,0.0,0.0,0.0,1156,4.0,8.0,4.3157439446366785,4.0,6.0,1156,0.0,0.0,0.0,0.0,0.0,0,0.0,0.0,0.0,0.0,0.0,0,1.0,1.0,1.0,1.0,1.0,552,0.9999999999999998,1.0000000000000004,1.0,1.0,1.0000000000000002,552,1.0,1.2,1.0128633332561314,1.0,1.1,552,0.9999999999999998,1.0000000000000004,1.0,1.0,1.0000000000000002,552,552.0,0.0,0.0,0.0,552.0,552.0,0.0,0.0,0.0,0.0,0.0,0.0,1.0,0.0,0.0,1156.0,2312.0,1156.0,1336336.0,7004.075327888131,0.0,0.0,0.0,0.0,0.0,0.0,0.0,0.0,0.0,0.0,0.0,0.0,0.0,0.0,0.0,0.0,8755.949642509222
116,6960000000000,1156.0,1156.0,1156.0,1156.0,1156.0,1156,24.0,24.0,24.0,24.0,24.0,1156,0.0,0.0,0.0,0.0,0.0,1156,4.0,8.0,4.314878892733564,4.0,6.0,1156,0.0,0.0,0.0,0.0,0.0,0,0.0,0.0,0.0,0.0,0.0,0,1.0,1.0,1.0,1.0,1.0,552,0.9999999999999997,1.0000000000000002,1.0,1.0,1.0000000000000002,552,1.0,1.25,1.0110888549021169,1.0,1.0887351778656122,552,0.9999999999999997,1.0000000000000002,1.0,1.0,1.0000000000000002,552,552.0,0.0,0.0,0.0,552.0,552.0,0.0,0.0,0.0,0.0,0.0,0.0,1.0,0.0,0.0,1156.0,2312.0,1156.0,1336336.0,5676.965055987239,0.0,0.0,0.0,0.0,0.0,0.0,0.0,0.0,0.0,0.0,0.0,0.0,0.0,0.0,0.0,0.0,7383.409537374973
117,7020000000000,1156.0,1156.0,1156.0,1156.0,1156.0,1156,24.0,24.0,24.0,24.0,24.0,1156,0.0,0.0,0.0,0.0,0.0,1156,4.0,8.0,4.3088235294117645,4.0,6.0,1156,0.0,0.0,0.0,0.0,0.0,0,0.0,0.0,0.0,0.0,0.0,0,1.0,1.0,1.0,1.0,1.0,552,0.9999999999999998,1.0000000000000004,1.0,1.0,1.0000000000000002,552,1.0,1.3333333333333333,1.008452179269595,1.0,1.0714285714285714,552,0.9999999999999998,1.0000000000000004,1.0,1.0,1.0000000000000002,552,552.0,0.0,0.0,0.0,552.0,552.0,0.0,0.0,0.0,0.0,0.0,0.0,1.0,0.0,0.0,1156.0,2312.0,1156.0,1336336.0,7504.704732447863,0.0,0.0,0.0,0.0,0.0,0.0,0.0,0.0,0.0,0.0,0.0,0.0,0.0,0.0,0.0,0.0,9249.072130769491
118,7080000000000,1156.0,1156.0,1156.0,1156.0,1156.0,1156,24.0,24.0,24.0,24.0,24.0,1156,0.0,0.0,0.0,0.0,0.0,1156,4.0,8.0,4.318339100346021,4.0,6.0,1156,0.0,0.0,0.0,0.0,0.0,0,0.0,0.0,0.0,0.0,0.0,0,1.0,1.0,1.0,1.0,1.0,552,0.9999999999999996,1.0000000000000004,1.0,1.0,1.0000000000000002,552,1.0,1.2,1.0135660361080845,1.0,1.0949999999999993,552,0.9999999999999996,1.0000000000000004,1.0,1.0,1.0000000000000002,552,552.0,0.0,0.0,0.0,552.0,552.0,0.0,0.0,0.0,0.0,0.0,0.0,1.0,0.0,0.0,1156.0,2312.0,1156.0,1336336.0,6173.763120546937,0.0,0.0,0.0,0.0,0.0,0.0,0.0,0.0,0.0,0.0,0.0,0.0,0.0,0.0,0.0,0.0,7905.3755439817905
119,7140000000000,1156.0,1156.0,1156.0,1156.0,1156.0,1156,24.0,24.0,24.0,24.0,24.0,1156,0.0,0.0,0.0,0.0,0.0,1156,4.0,8.0,4.312283737024221,4.0,6.0,1156,0.0,0.0,0.0,0.0,0.0,0,0.0,0.0,0.0,0.0,0.0,0,1.0,1.0,1.0,1.0,1.0,552,0.9999999999999996,1.0000000000000002,1.0,1.0,1.0000000000000002,552,1.0,1.25,1.0074694562499495,1.0,1.0714285714285714,552,0.9999999999999996,1.0000000000000002,1.0,1.0,1.0000000000000002,552,552.0,0.0,0.0,0.0,552.0,552.0,0.0,0.0,0.0,0.0,0.0,0.0,1.0,0.0,0.0,1156.0,2312.0,1156.0,1336336.0,7044.757084921002,0.0,0.0,0.0,0.0,0.0,0.0,0.0,0.0,0.0,0.0,0.0,0.0,0.0,0.0,0.0,0.0,8809.443809092045
120,7200000000000,1156.0,1156.0,1156.0,1156.0,1156.0,1156,24.0,24.0,24.0,24.0,24.0,1156,0.0,0.0,0.0,0.0,0.0,1156,4.0,8.0,4.310553633217993,4.0,6.0,1156,0.0,0.0,0.0,0.0,0.0,0,0.0,0.0,0.0,0.0,0.0,0,1.0,1.0,1.0,1.0,1.0,552,0.9999999999999997,1.0000000000000002,1.0,1.0,1.0000000000000002,552,1.0,1.3333333333333333,1.0094184196220246,1.0,1.0769230769230769,552,0.9999999999999997,1.0000000000000002,1.0,1.0,1.0000000000000002,552,552.0,0.0,0.0,0.0,552.0,552.0,0.0,0.0,0.0,0.0,0.0,0.0,1.0,0.0,0.0,1156.0,2312.0,1156.0,1336336.0,6239.285362884402,0.0,0.0,0.0,0.0,0.0,0.0,0.0,0.0,0.0,0.0,0.0,0.0,0.0,0.0,0.0,0.0,7974.003907293081
121,7260000000000,1156.0,1156.0,1156.0,1156.0,1156.0,1156,24.0,24.0,24.0,24.0,24.0,1156,0.0,0.0,0.0,0.0,0.0,1156,4.0,8.0,4.31401384083045,4.0,6.0,1156,0.0,0.0,0.0,0.0,0.0,0,0.0,0.0,0.0,0.0,0.0,0,1.0,1.0,1.0,1.0,1.0,552,0.9999999999999997,1.0000000000000004,1.0,1.0,1.0000000000000002,552,1.0,1.2,1.0114944289653456,1.0,1.0769230769230769,552,0.9999999999999997,1.0000000000000004,1.0,1.0,1.0000000000000002,552,552.0,0.0,0.0,0.0,552.0,552.0,0.0,0.0,0.0,0.0,0.0,0.0,1.0,0.0,0.0,1156.0,2312.0,1156.0,1336336.0,6872.369889169931,0.0,0.0,0.0,0.0,0.0,0.0,0.0,0.0,0.0,0.0,0.0,0.0,0.0,0.0,0.0,0.0,8630.003539845347
122,7320000000000,1156.0,1156.0,1156.0,1156.0,1156.0,1156,24.0,24.0,24.0,24.0,24.0,1156,0.0,0.0,0.0,0.0,0.0,1156,4.0,8.0,4.310553633217993,4.0,6.0,1156,0.0,0.0,0.0,0.0,0.0,0,0.0,0.0,0.0,0.0,0.0,0,1.0,1.0,1.0,1.0,1.0,552,0.9999999999999996,1.0000000000000002,1.0,1.0,1.0000000000000002,552,1.0,1.1428571428571428,1.0066189337202391,1.0,1.0643749999999996,552,0.9999999999999996,1.0000000000000002,1.0,1.0,1.0000000000000002,552,552.0,0.0,0.0,0.0,552.0,552.0,0.0,0.0,0.0,0.0,0.0,0.0,1.0,0.0,0.0,1156.0,2312.0,1156.0,1336336.0,6149.945439770818,0.0,0.0,0.0,0.0,0.0,0.0,0.0,0.0,0.0,0.0,0.0,0.0,0.0,0.0,0.0,0.0,7881.672281771898
123,7380000000000,1156.0,1156.0,1156.0,1156.0,1156.0,1156,24.0,24.0,24.0,24.0,24.0,1156,0.0,0.0,0.0,0.0,0.0,1156,4.0,8.0,4.311418685121107,4.0,6.0,1156,0.0,0.0,0.0,0.0,0.0,0,0.0,0.0,0.0,0.0,0.0,0,1.0,1.0,1.0,1.0,1.0,552,0.9999999999999996,1.0000000000000004,1.0,1.0,1.0000000000000002,552,1.0,1.3333333333333333,1.0084280845534572,1.0,1.0714285714285714,552,0.9999999999999996,1.0000000000000004,1.0,1.0,1.0000000000000002,552,552.0,0.0,0.0,0.0,552.0,552.0,0.0,0.0,0.0,0.0,0.0,0.0,1.0,0.0,0.0,1156.0,2312.0,1156.0,1336336.0,6554.3302316218615,0.0,0.0,0.0,0.0,0.0,0.0,0.0,0.0,0.0,0.0,0.0,0.0,0.0,0.0,0.0,0.0,8258.76540131867
124,7440000000000,1156.0,1156.0,1156.0,1156.0,1156.0,1156,24.0,24.0,24.0,24.0,24.0,1156,0.0,0.0,0.0,0.0,0.0,1156,4.0,8.0,4.31401384083045,4.0,6.0,1156,0.0,0.0,0.0,0.0,0.0,0,0.0,0.0,0.0,0.0,0.0,0,1.0,1.0,1.0,1.0,1.0,552,0.9999999999999998,1.0000000000000002,1.0,1.0,1.0,552,1.0,1.2,1.0113343064368019,1.0,1.0798076923076918,552,0.9999999999999998,1.0000000000000002,1.0,1.0,1.0,552,552.0,0.0,0.0,0.0,552.0,552.0,0.0,0.0,0.0,0.0,0.0,0.0,1.0,0.0,0.0,1156.0,2312.0,1156.0,1336336.0,6095.866560935974,0.0,0.0,0.0,0.0,0.0,0.0,0.0,0.0,0.0,0.0,0.0,0.0,0.0,0.0,0.0,0.0,7814.295582473278
125,7500000000000,1156.0,1156.0,1156.0,1156.0,1156.0,1156,24.0,24.0,24.0,24.0,24.0,1156,0.0,0.0,0.0,0.0,0.0,1156,4.0,8.0,4.309688581314879,4.0,6.0,1156,0.0,0.0,0.0,0.0,0.0,0,0.0,0.0,0.0,0.0,0.0,0,1.0,1.0,1.0,1.0,1.0,552,0.9999999999999997,1.0000000000000002,1.0,1.0,1.0,552,1.0,1.2,1.0067759777631529,1.0,1.0688095238095234,552,0.9999999999999997,1.0000000000000002,1.0,1.0,1.0,552,552.0,0.0,0.0,0.0,552.0,552.0,0.0,0.0,0.0,0.0,0.0,0.0,1.0,0.0,0.0,1156.0,2312.0,1156.0,1336336.0,6376.208195462823,0.0,0.0,0.0,0.0,0.0,0.0,0.0,0.0,0.0,0.0,0.0,0.0,0.0,0.0,0.0,0.0,8052.2978939116
126,7560000000000,1156.0,1156.0,1156.0,1156.0,1156.0,1156,24.0,24.0,24.0,24.0,24.0,1156,0.0,0.0,0.0,0.0,0.0,1156,4.0,8.0,4.3088235294117645,4.0,6.0,1156,0.0,0.0,0.0,0.0,0.0,0,0.0,0.0,0.0,0.0,0.0,0,1.0,1.0,1.0,1.0,1.0,552,0.9999999999999997,1.0000000000000002,1.0,1.0,1.0000000000000002,552,1.0,1.3333333333333333,1.0091765376983741,1.0,1.0714285714285714,552,0.9999999999999997,1.0000000000000002,1.0,1.0,1.0000000000000002,552,552.0,0.0,0.0,0.0,552.0,552.0,0.0,0.0,0.0,0.0,0.0,0.0,1.0,0.0,0.0,1156.0,2312.0,1156.0,1336336.0,6132.466476410627,0.0,0.0,0.0,0.0,0.0,0.0,0.0,0.0,0.0,0.0,0.0,0.0,0.0,0.0,0.0,0.0,7882.925366982818
127,7620000000000,1156.0,1156.0,1156.0,1156.0,1156.0,1156,24.0,24.0,24.0,24.0,24.0,1156,0.0,0.0,0.0,0.0,0.0,1156,4.0,8.0,4.313148788927336,4.0,6.0,1156,0.0,0.0,0.0,0.0,0.0,0,0.0,0.0,0.0,0.0,0.0,0,1.0,1.0,1.0,1.0,1.0,552,0.9999999999999996,1.0000000000000004,1.0,1.0,1.0000000000000002,552,1.0,1.2,1.010949424608184,1.0,1.0769230769230769,552,0.9999999999999996,1.0000000000000004,1.0,1.0,1.0000000000000002,552,552.0,0.0,0.0,0.0,552.0,552.0,0.0,0.0,0.0,0.0,0.0,0.0,1.0,0.0,0.0,1156.0,2312.0,1156.0,1336336.0,6321.695264428854,0.0,0.0,0.0,0.0,0.0,0.0,0.0,0.0,0.0,0.0,0.0,0.0,0.0,0.0,0.0,0.0,8009.965900331736
128,7680000000000,1156.0,1156.0,1156.0,1156.0,1156.0,1156,24.0,24.0,24.0,24.0,24.0,1156,0.0,0.0,0.0,0.0,0.0,1156,4.0,8.0,4.301038062283737,4.0,6.0,1156,0.0,0.0,0.0,0.0,0.0,0,0.0,0.0,0.0,0.0,0.0,0,1.0,1.0,1.0,1.0,1.0,552,0.9999999999999997,1.0000000000000002,1.0,1.0,1.0000000000000002,552,1.0,1.1428571428571428,1.0081508139126052,1.0,1.0833333333333333,552,0.9999999999999997,1.0000000000000002,1.0,1.0,1.0000000000000002,552,552.0,0.0,0.0,0.0,552.0,552.0,0.0,0.0,0.0,0.0,0.0,0.0,1.0,0.0,0.0,1156.0,2312.0,1156.0,1336336.0,6042.2151777893305,0.0,0.0,0.0,0.0,0.0,0.0,0.0,0.0,0.0,0.0,0.0,0.0,0.0,0.0,0.0,0.0,7661.24239563942
129,7740000000000,1156.0,1156.0,1156.0,1156.0,1156.0,1156,24.0,24.0,24.0,24.0,24.0,1156,0.0,0.0,0.0,0.0,0.0,1156,4.0,8.0,4.307093425605537,4.0,6.0,1156,0.0,0.0,0.0,0.0,0.0,0,0.0,0.0,0.0,0.0,0.0,0,1.0,1.0,1.0,1.0,1.0,552,0.9999999999999998,1.0000000000000002,1.0,1.0,1.0,552,1.0,1.3333333333333333,1.00995803113405,1.0,1.0739010989010984,552,0.9999999999999998,1.0000000000000002,1.0,1.0,1.0,552,552.0,0.0,0.0,0.0,552.0,552.0,0.0,0.0,0.0,0.0,0.0,0.0,1.0,0.0,0.0,1156.0,2312.0,1156.0,1336336.0,5855.767695233226,0.0,0.0,0.0,0.0,0.0,0.0,0.0,0.0,0.0,0.0,0.0,0.0,0.0,0.0,0.0,0.0,7508.75735655427
130,7800000000000,1156.0,1156.0,1156.0,1156.0,1156.0,1156,24.0,24.0,24.0,24.0,24.0,1156,0.0,0.0,0.0,0.0,0.0,1156,4.0,8.0,4.310553633217993,4.0,6.0,1156,0.0,0.0,0.0,0.0,0.0,0,0.0,0.0,0.0,0.0,0.0,0,1.0,1.0,1.0,1.0,1.0,552,0.9999999999999997,1.0000000000000002,1.0,1.0,1.0000000000000002,552,1.0,1.1666666666666667,1.0090700569752258,1.0,1.0688095238095234,552,0.9999999999999997,1.0000000000000002,1.0,1.0,1.0000000000000002,552,552.0,0.0,0.0,0.0,552.0,552.0,0.0,0.0,0.0,0.0,0.0,0.0,1.0,0.0,0.0,1156.0,2312.0,1156.0,1336336.0,6182.592608034611,0.0,0.0,0.0,0.0,0.0,0.0,0.0,0.0,0.0,0.0,0.0,0.0,0.0,0.0,0.0,0.0,7834.249956533313
131,7860000000000,1156.0,1156.0,1156.0,1156.0,1156.0,1156,24.0,24.0,24.0,24.0,24.0,1156,0.0,0.0,0.0,0.0,0.0,1156,4.0,8.0,4.298442906574395,4.0,6.0,1156,0.0,0.0,0.0,0.0,0.0,0,0.0,0.0,0.0,0.0,0.0,0,1.0,1.0,1.0,1.0,1.0,552,0.9999999999999996,1.0000000000000002,1.0,1.0,1.0000000000000002,552,1.0,1.2,1.0109700997815823,1.0,1.0869565217391304,552,0.9999999999999996,1.0000000000000002,1.0,1.0,1.0000000000000002,552,552.0,0.0,0.0,0.0,552.0,552.0,0.0,0.0,0.0,0.0,0.0,0.0,1.0,0.0,0.0,1156.0,2312.0,1156.0,1336336.0,5798.286512494087,0.0,0.0,0.0,0.0,0.0,0.0,0.0,0.0,0.0,0.0,0.0,0.0,0.0,0.0,0.0,0.0,7461.219443008304
132,7920000000000,1156.0,1156.0,1156.0,1156.0,1156.0,1156,24.0,24.0,24.0,24.0,24.0,1156,0.0,0.0,0.0,0.0,0.0,1156,4.0,8.0,4.3088235294117645,4.0,6.0,1156,0.0,0.0,0.0,0.0,0.0,0,0.0,0.0,0.0,0.0,0.0,0,1.0,1.0,1.0,1.0,1.0,552,0.9999999999999996,1.0000000000000002,1.0,1.0,1.0000000000000002,552,1.0,1.3333333333333333,1.010323510828174,1.0,1.0769230769230769,552,0.9999999999999996,1.0000000000000002,1.0,1.0,1.0000000000000002,552,552.0,0.0,0.0,0.0,552.0,552.0,0.0,0.0,0.0,0.0,0.0,0.0,1.0,0.0,0.0,1156.0,2312.0,1156.0,1336336.0,6350.215494632721,0.0,0.0,0.0,0.0,0.0,0.0,0.0,0.0,0.0,0.0,0.0,0.0,0.0,0.0,0.0,0.0,8036.308854818344
133,7980000000000,1156.0,1156.0,1156.0,1156.0,1156.0,1156,24.0,24.0,24.0,24.0,24.0,1156,0.0,0.0,0.0,0.0,0.0,1156,4.0,8.0,4.304498269896194,4.0,6.0,1156,0.0,0.0,0.0,0.0,0.0,0,0.0,0.0,0.0,0.0,0.0,0,1.0,1.0,1.0,1.0,1.0,552,0.9999999999999998,1.0000000000000002,1.0,1.0,1.0,552,1.0,1.1666666666666667,1.00920239065935,1.0,1.0666666666666667,552,0.9999999999999998,1.0000000000000002,1.0,1.0,1.0,552,552.0,0.0,0.0,0.0,552.0,552.0,0.0,0.0,0.0,0.0,0.0,0.0,1.0,0.0,0.0,1156.0,2312.0,1156.0,1336336.0,5972.785962745547,0.0,0.0,0.0,0.0,0.0,0.0,0.0,0.0,0.0,0.0,0.0,0.0,0.0,0.0,0.0,0.0,7692.88794323802
134,8040000000000,1156.0,1156.0,1156.0,1156.0,1156.0,1156,24.0,24.0,24.0,24.0,24.0,1156,0.0,0.0,0.0,0.0,0.0,1156,4.0,8.0,4.301038062283737,4.0,6.0,1156,0.0,0.0,0.0,0.0,0.0,0,0.0,0.0,0.0,0.0,0.0,0,1.0,1.0,1.0,1.0,1.0,552,0.9999999999999996,1.0000000000000004,1.0,1.0,1.0000000000000002,552,1.0,1.2,1.0115196455828441,1.0,1.0869565217391304,552,0.9999999999999996,1.0000000000000004,1.0,1.0,1.0000000000000002,552,552.0,0.0,0.0,0.0,552.0,552.0,0.0,0.0,0.0,0.0,0.0,0.0,1.0,0.0,0.0,1156.0,2312.0,1156.0,1336336.0,6260.851049795747,0.0,0.0,0.0,0.0,0.0,0.0,0.0,0.0,0.0,0.0,0.0,0.0,0.0,0.0,0.0,0.0,7954.495377838612
135,8100000000000,1156.0,1156.0,1156.0,1156.0,1156.0,1156,24.0,24.0,24.0,24.0,24.0,1156,0.0,0.0,0.0,0.0,0.0,1156,4.0,8.0,4.310553633217993,4.0,6.0,1156,0.0,0.0,0.0,0.0,0.0,0,0.0,0.0,0.0,0.0,0.0,0,1.0,1.0,1.0,1.0,1.0,552,0.9999999999999996,1.0000000000000002,1.0,1.0,1.0000000000000002,552,1.0,1.1666666666666667,1.009562313727463,1.0,1.0714285714285714,552,0.9999999999999996,1.0000000000000002,1.0,1.0,1.0000000000000002,552,552.0,0.0,0.0,0.0,552.0,552.0,0.0,0.0,0.0,0.0,0.0,0.0,1.0,0.0,0.0,1156.0,2312.0,1156.0,1336336.0,5722.221417352557,0.0,0.0,0.0,0.0,0.0,0.0,0.0,0.0,0.0,0.0,0.0,0.0,0.0,0.0,0.0,0.0,7430.903974920511
136,8160000000000,1156.0,1156.0,1156.0,1156.0,1156.0,1156,24.0,24.0,24.0,24.0,24.0,1156,0.0,0.0,0.0,0.0,0.0,1156,4.0,8.0,4.303633217993079,4.0,6.0,1156,0.0,0.0,0.0,0.0,0.0,0,0.0,0.0,0.0,0.0,0.0,0,1.0,1.0,1.0,1.0,1.0,552,0.9999999999999997,1.0000000000000002,1.0,1.0,1.0000000000000002,552,1.0,1.1666666666666667,1.0095487027493628,1.0,1.0769230769230769,552,0.9999999999999997,1.0000000000000002,1.0,1.0,1.0000000000000002,552,552.0,0.0,0.0,0.0,552.0,552.0,0.0,0.0,0.0,0.0,0.0,0.0,1.0,0.0,0.0,1156.0,2312.0,1156.0,1336336.0,6408.817619085312,0.0,0.0,0.0,0.0,0.0,0.0,0.0,0.0,0.0,0.0,0.0,0.0,0.0,0.0,0.0,0.0,8100.612381473184
137,8220000000000,1156.0,1156.0,1156.0,1156.0,1156.0,1156,24.0,24.0,24.0,24.0,24.0,1156,0.0,0.0,0.0,0.0,0.0,1156,4.0,8.0,4.301903114186851,4.0,6.0,1156,0.0,0.0,0.0,0.0,0.0,0,0.0,0.0,0.0,0.0,0.0,0,1.0,1.0,1.0,1.0,1.0,552,0.9999999999999997,1.0000000000000002,1.0,1.0,1.0000000000000002,552,1.0,1.1764705882352942,1.0100209915203906,1.0,1.0833333333333333,552,0.9999999999999997,1.0000000000000002,1.0,1.0,1.0000000000000002,552,552.0,0.0,0.0,0.0,552.0,552.0,0.0,0.0,0.0,0.0,0.0,0.0,1.0,0.0,0.0,1156.0,2312.0,1156.0,1336336.0,5877.93293222785,0.0,0.0,0.0,0.0,0.0,0.0,0.0,0.0,0.0,0.0,0.0,0.0,0.0,0.0,0.0,0.0,7580.397205427289
138,8280000000000,1156.0,1156.0,1156.0,1156.0,1156.0,1156,24.0,24.0,24.0,24.0,24.0,1156,0.0,0.0,0.0,0.0,0.0,1156,4.0,8.0,4.309688581314879,4.0,6.0,1156,0.0,0.0,0.0,0.0,0.0,0,0.0,0.0,0.0,0.0,0.0,0,1.0,1.0,1.0,1.0,1.0,552,0.9999999999999996,1.0000000000000004,1.0,1.0,1.0,552,1.0,1.1666666666666667,1.009734371891232,1.0,1.0769230769230769,552,0.9999999999999996,1.0000000000000004,1.0,1.0,1.0,552,552.0,0.0,0.0,0.0,552.0,552.0,0.0,0.0,0.0,0.0,0.0,0.0,1.0,0.0,0.0,1156.0,2312.0,1156.0,1336336.0,6332.264363765717,0.0,0.0,0.0,0.0,0.0,0.0,0.0,0.0,0.0,0.0,0.0,0.0,0.0,0.0,0.0,0.0,8052.303524687886
139,8340000000000,1156.0,1156.0,1156.0,1156.0,1156.0,1156,24.0,24.0,24.0,24.0,24.0,1156,0.0,0.0,0.0,0.0,0.0,1156,4.0,8.0,4.298442906574395,4.0,5.25,1156,0.0,0.0,0.0,0.0,0.0,0,0.0,0.0,0.0,0.0,0.0,0,1.0,1.0,1.0,1.0,1.0,552,0.9999999999999997,1.0000000000000002,1.0,1.0,1.0000000000000002,552,1.0,1.1666666666666667,1.009490832931515,1.0,1.0769230769230769,552,0.9999999999999997,1.0000000000000002,1.0,1.0,1.0000000000000002,552,552.0,0.0,0.0,0.0,552.0,552.0,0.0,0.0,0.0,0.0,0.0,0.0,1.0,0.0,0.0,1156.0,2312.0,1156.0,1336336.0,5544.327897951007,0.0,0.0,0.0,0.0,0.0,0.0,0.0,0.0,0.0,0.0,0.0,0.0,0.0,0.0,0.0,0.0,7213.151587173343
140,8400000000000,1156.0,1156.0,1156.0,1156.0,1156.0,1156,24.0,24.0,24.0,24.0,24.0,1156,0.0,0.0,0.0,0.0,0.0,1156,4.0,8.0,4.304498269896194,4.0,6.0,1156,0.0,0.0,0.0,0.0,0.0,0,0.0,0.0,0.0,0.0,0.0,0,1.0,1.0,1.0,1.0,1.0,552,0.9999999999999998,1.0000000000000002,1.0,1.0,1.0000000000000002,552,1.0,1.1764705882352942,1.0103730828019895,1.0,1.0833333333333333,552,0.9999999999999998,1.0000000000000002,1.0,1.0,1.0000000000000002,552,552.0,0.0,0.0,0.0,552.0,552.0,0.0,0.0,0.0,0.0,0.0,0.0,1.0,0.0,0.0,1156.0,2312.0,1156.0,1336336.0,6298.890119418502,0.0,0.0,0.0,0.0,0.0,0.0,0.0,0.0,0.0,0.0,0.0,0.0,0.0,0.0,0.0,0.0,8009.282199665904
141,8460000000000,1156.0,1156.0,1156.0,1156.0,1156.0,1156,24.0,24.0,24.0,24.0,24.0,1156,0.0,0.0,0.0,0.0,0.0,1156,4.0,8.0,4.311418685121107,4.0,6.0,1156,0.0,0.0,0.0,0.0,0.0,0,0.0,0.0,0.0,0.0,0.0,0,1.0,1.0,1.0,1.0,1.0,552,0.9999999999999998,1.0000000000000002,1.0,1.0,1.0000000000000002,552,1.0,1.1666666666666667,1.0101733924709178,1.0,1.0833333333333333,552,0.9999999999999998,1.0000000000000002,1.0,1.0,1.0000000000000002,552,552.0,0.0,0.0,0.0,552.0,552.0,0.0,0.0,0.0,0.0,0.0,0.0,1.0,0.0,0.0,1156.0,2312.0,1156.0,1336336.0,5715.369427576661,0.0,0.0,0.0,0.0,0.0,0.0,0.0,0.0,0.0,0.0,0.0,0.0,0.0,0.0,0.0,0.0,7441.7227525264025
142,8520000000000,1156.0,1156.0,1156.0,1156.0,1156.0,1156,24.0,24.0,24.0,24.0,24.0,1156,0.0,0.0,0.0,0.0,0.0,1156,4.0,8.0,4.301038062283737,4.0,6.0,1156,0.0,0.0,0.0,0.0,0.0,0,0.0,0.0,0.0,0.0,0.0,0,1.0,1.0,1.0,1.0,1.0,552,0.9999999999999997,1.0000000000000004,1.0,1.0,1.0000000000000002,552,1.0,1.3333333333333333,1.0115665416219266,1.0,1.0833333333333333,552,0.9999999999999997,1.0000000000000004,1.0,1.0,1.0000000000000002,552,552.0,0.0,0.0,0.0,552.0,552.0,0.0,0.0,0.0,0.0,0.0,0.0,1.0,0.0,0.0,1156.0,2312.0,1156.0,1336336.0,6130.212586373091,0.0,0.0,0.0,0.0,0.0,0.0,0.0,0.0,0.0,0.0,0.0,0.0,0.0,0.0,0.0,0.0,7809.852045029402
143,8580000000000,1156.0,1156.0,1156.0,1156.0,1156.0,1156,24.0,24.0,24.0,24.0,24.0,1156,0.0,0.0,0.0,0.0,0.0,1156,4.0,8.0,4.307958477508651,4.0,6.0,1156,0.0,0.0,0.0,0.0,0.0,0,0.0,0.0,0.0,0.0,0.0,0,1.0,1.0,1.0,1.0,1.0,552,0.9999999999999996,1.0000000000000002,1.0,1.0,1.0000000000000002,552,1.0,1.1764705882352942,1.0116395372356641,1.0,1.0833333333333333,552,0.9999999999999996,1.0000000000000002,1.0,1.0,1.0000000000000002,552,552.0,0.0,0.0,0.0,552.0,552.0,0.0,0.0,0.0,0.0,0.0,0.0,1.0,0.0,0.0,1156.0,2312.0,1156.0,1336336.0,5401.85234695673,0.0,0.0,0.0,0.0,0.0,0.0,0.0,0.0,0.0,0.0,0.0,0.0,0.0,0.0,0.0,0.0,7126.4652870595455
144,8640000000000,1156.0,1156.0,1156.0,1156.0,1156.0,1156,24.0,24.0,24.0,24.0,24.0,1156,0.0,0.0,0.0,0.0,0.0,1156,4.0,8.0,4.311418685121107,4.0,6.0,1156,0.0,0.0,0.0,0.0,0.0,0,0.0,0.0,0.0,0.0,0.0,0,1.0,1.0,1.0,1.0,1.0,552,0.9999999999999997,1.0000000000000002,1.0,1.0,1.0000000000000002,552,1.0,1.1666666666666667,1.0105621577695525,1.0,1.0833333333333333,552,0.9999999999999997,1.0000000000000002,1.0,1.0,1.0000000000000002,552,552.0,0.0,0.0,0.0,552.0,552.0,0.0,0.0,0.0,0.0,0.0,0.0,1.0,0.0,0.0,1156.0,2312.0,1156.0,1336336.0,5940.542753785849,0.0,0.0,0.0,0.0,0.0,0.0,0.0,0.0,0.0,0.0,0.0,0.0,0.0,0.0,0.0,0.0,7664.0664134174585
145,8700000000000,1156.0,1156.0,1156.0,1156.0,1156.0,1156,24.0,24.0,24.0,24.0,24.0,1156,0.0,0.0,0.0,0.0,0.0,1156,4.0,8.0,4.299307958477509,4.0,6.0,1156,0.0,0.0,0.0,0.0,0.0,0,0.0,0.0,0.0,0.0,0.0,0,1.0,1.0,1.0,1.0,1.0,552,0.9999999999999998,1.0000000000000004,1.0,1.0,1.0000000000000002,552,1.0,1.3333333333333333,1.01040978322914,1.0,1.0833333333333333,552,0.9999999999999998,1.0000000000000004,1.0,1.0,1.0000000000000002,552,552.0,0.0,0.0,0.0,552.0,552.0,0.0,0.0,0.0,0.0,0.0,0.0,1.0,0.0,0.0,1156.0,2312.0,1156.0,1336336.0,4672.09530249238,0.0,0.0,0.0,0.0,0.0,0.0,0.0,0.0,0.0,0.0,0.0,0.0,0.0,0.0,0.0,0.0,6335.980759933591
146,8760000000000,1156.0,1156.0,1156.0,1156.0,1156.0,1156,24.0,24.0,24.0,24.0,24.0,1156,0.0,0.0,0.0,0.0,0.0,1156,4.0,8.0,4.313148788927336,4.0,6.0,1156,0.0,0.0,0.0,0.0,0.0,0,0.0,0.0,0.0,0.0,0.0,0,1.0,1.0,1.0,1.0,1.0,552,0.9999999999999997,1.0000000000000004,1.0,1.0,1.0000000000000002,552,1.0,1.1666666666666667,1.0112868125871057,1.0,1.0833333333333333,552,0.9999999999999997,1.0000000000000004,1.0,1.0,1.0000000000000002,552,552.0,0.0,0.0,0.0,552.0,552.0,0.0,0.0,0.0,0.0,0.0,0.0,1.0,0.0,0.0,1156.0,2312.0,1156.0,1336336.0,5549.171973019838,0.0,0.0,0.0,0.0,0.0,0.0,0.0,0.0,0.0,0.0,0.0,0.0,0.0,0.0,0.0,0.0,7260.742278769612
147,8820000000000,1156.0,1156.0,1156.0,1156.0,1156.0,1156,24.0,24.0,24.0,24.0,24.0,1156,0.0,0.0,0.0,0.0,0.0,1156,4.0,8.0,4.309688581314879,4.0,6.0,1156,0.0,0.0,0.0,0.0,0.0,0,0.0,0.0,0.0,0.0,0.0,0,1.0,1.0,1.0,1.0,1.0,552,0.9999999999999998,1.0000000000000004,1.0,1.0,1.0000000000000002,552,1.0,1.1666666666666667,1.0092607913010074,1.0,1.0714285714285714,552,0.9999999999999998,1.0000000000000004,1.0,1.0,1.0000000000000002,552,552.0,0.0,0.0,0.0,552.0,552.0,0.0,0.0,0.0,0.0,0.0,0.0,1.0,0.0,0.0,1156.0,2312.0,1156.0,1336336.0,4707.336254417896,0.0,0.0,0.0,0.0,0.0,0.0,0.0,0.0,0.0,0.0,0.0,0.0,0.0,0.0,0.0,0.0,6400.494884699583
148,8880000000000,1156.0,1156.0,1156.0,1156.0,1156.0,1156,24.0,24.0,24.0,24.0,24.0,1156,0.0,0.0,0.0,0.0,0.0,1156,4.0,8.0,4.296712802768166,4.0,6.0,1156,0.0,0.0,0.0,0.0,0.0,0,0.0,0.0,0.0,0.0,0.0,0,1.0,1.0,1.0,1.0,1.0,552,0.9999999999999996,1.0000000000000004,1.0,1.0,1.0000000000000002,552,1.0,1.3333333333333333,1.010034298175449,1.0,1.0833333333333333,552,0.9999999999999996,1.0000000000000004,1.0,1.0,1.0000000000000002,552,552.0,0.0,0.0,0.0,552.0,552.0,0.0,0.0,0.0,0.0,0.0,0.0,1.0,0.0,0.0,1156.0,2312.0,1156.0,1336336.0,5493.4837855398655,0.0,0.0,0.0,0.0,0.0,0.0,0.0,0.0,0.0,0.0,0.0,0.0,0.0,0.0,0.0,0.0,7154.8391953110695
149,8940000000000,1156.0,1156.0,1156.0,1156.0,1156.0,1156,24.0,24.0,24.0,24.0,24.0,1156,0.0,0.0,0.0,0.0,0.0,1156,4.0,8.0,4.31401384083045,4.0,6.0,1156,0.0,0.0,0.0,0.0,0.0,0,0.0,0.0,0.0,0.0,0.0,0,1.0,1.0,1.0,1.0,1.0,552,0.9999999999999998,1.0000000000000004,1.0,1.0,1.0000000000000002,552,1.0,1.1666666666666667,1.010993766420542,1.0,1.0833333333333333,552,0.9999999999999998,1.0000000000000004,1.0,1.0,1.0000000000000002,552,552.0,0.0,0.0,0.0,552.0,552.0,0.0,0.0,0.0,0.0,0.0,0.0,1.0,0.0,0.0,1156.0,2312.0,1156.0,1336336.0,4729.433834552765,0.0,0.0,0.0,0.0,0.0,0.0,0.0,0.0,0.0,0.0,0.0,0.0,0.0,0.0,0.0,0.0,6442.5837732851505
150,9000000000000,1156.0,1156.0,1156.0,1156.0,1156.0,1156,24.0,24.0,24.0,24.0,24.0,1156,0.0,0.0,0.0,0.0,0.0,1156,4.0,8.0,4.310553633217993,4.0,6.0,1156,0.0,0.0,0.0,0.0,0.0,0,0.0,0.0,0.0,0.0,0.0,0,1.0,1.0,1.0,1.0,1.0,552,0.9999999999999996,1.0000000000000004,1.0,1.0,1.0000000000000002,552,1.0,1.1666666666666667,1.010032842472858,1.0,1.0833333333333333,552,0.9999999999999996,1.0000000000000004,1.0,1.0,1.0000000000000002,552,552.0,0.0,0.0,0.0,552.0,552.0,0.0,0.0,0.0,0.0,0.0,0.0,1.0,0.0,0.0,1156.0,2312.0,1156.0,1336336.0,5160.0392404943705,0.0,0.0,0.0,0.0,0.0,0.0,0.0,0.0,0.0,0.0,0.0,0.0,0.0,0.0,0.0,0.0,6874.105472117662
151,9060000000000,1156.0,1156.0,1156.0,1156.0,1156.0,1156,24.0,24.0,24.0,24.0,24.0,1156,0.0,0.0,0.0,0.0,0.0,1156,4.0,8.0,4.302768166089965,4.0,6.0,1156,0.0,0.0,0.0,0.0,0.0,0,0.0,0.0,0.0,0.0,0.0,0,1.0,1.0,1.0,1.0,1.0,552,0.9999999999999997,1.0000000000000004,1.0,1.0,1.0000000000000002,552,1.0,1.3333333333333333,1.0102683800313845,1.0,1.0849637681159416,552,0.9999999999999997,1.0000000000000004,1.0,1.0,1.0000000000000002,552,552.0,0.0,0.0,0.0,552.0,552.0,0.0,0.0,0.0,0.0,0.0,0.0,1.0,0.0,0.0,1156.0,2312.0,1156.0,1336336.0,5014.117261394858,0.0,0.0,0.0,0.0,0.0,0.0,0.0,0.0,0.0,0.0,0.0,0.0,0.0,0.0,0.0,0.0,6630.375923588872
152,9120000000000,1156.0,1156.0,1156.0,1156.0,1156.0,1156,24.0,24.0,24.0,24.0,24.0,1156,0.0,0.0,0.0,0.0,0.0,1156,4.0,8.0,4.314878892733564,4.0,6.0,1156,0.0,0.0,0.0,0.0,0.0,0,0.0,0.0,0.0,0.0,0.0,0,1.0,1.0,1.0,1.0,1.0,552,0.9999999999999996,1.0000000000000002,1.0,1.0,1.0000000000000002,552,1.0,1.1666666666666667,1.0094570203956268,1.0,1.0769230769230769,552,0.9999999999999996,1.0000000000000002,1.0,1.0,1.0000000000000002,552,552.0,0.0,0.0,0.0,552.0,552.0,0.0,0.0,0.0,0.0,0.0,0.0,1.0,0.0,0.0,1156.0,2312.0,1156.0,1336336.0,5325.525630265474,0.0,0.0,0.0,0.0,0.0,0.0,0.0,0.0,0.0,0.0,0.0,0.0,0.0,0.0,0.0,0.0,7018.579512834549
153,9180000000000,1156.0,1156.0,1156.0,1156.0,1156.0,1156,24.0,24.0,24.0,24.0,24.0,1156,0.0,0.0,0.0,0.0,0.0,1156,4.0,8.0,4.307958477508651,4.0,6.0,1156,0.0,0.0,0.0,0.0,0.0,0,0.0,0.0,0.0,0.0,0.0,0,1.0,1.0,1.0,1.0,1.0,552,0.9999999999999996,1.0000000000000004,1.0,1.0,1.0000000000000002,552,1.0,1.1666666666666667,1.0115206179823726,1.0,1.0949999999999993,552,0.9999999999999996,1.0000000000000004,1.0,1.0,1.0000000000000002,552,552.0,0.0,0.0,0.0,552.0,552.0,0.0,0.0,0.0,0.0,0.0,0.0,1.0,0.0,0.0,1156.0,2312.0,1156.0,1336336.0,5150.321315973997,0.0,0.0,0.0,0.0,0.0,0.0,0.0,0.0,0.0,0.0,0.0,0.0,0.0,0.0,0.0,0.0,6803.156320005655
154,9240000000000,1156.0,1156.0,1156.0,1156.0,1156.0,1156,24.0,24.0,24.0,24.0,24.0,1156,0.0,0.0,0.0,0.0,0.0,1156,4.0,8.0,4.3088235294117645,4.0,6.0,1156,0.0,0.0,0.0,0.0,0.0,0,0.0,0.0,0.0,0.0,0.0,0,1.0,1.0,1.0,1.0,1.0,552,0.9999999999999998,1.0000000000000004,1.0,1.0,1.0000000000000002,552,1.0,1.3333333333333333,1.0105154412228865,1.0,1.0798076923076918,552,0.9999999999999998,1.0000000000000004,1.0,1.0,1.0000000000000002,552,552.0,0.0,0.0,0.0,552.0,552.0,0.0,0.0,0.0,0.0,0.0,0.0,1.0,0.0,0.0,1156.0,2312.0,1156.0,1336336.0,4923.7492475658655,0.0,0.0,0.0,0.0,0.0,0.0,0.0,0.0,0.0,0.0,0.0,0.0,0.0,0.0,0.0,0.0,6626.461669802666
155,9300000000000,1156.0,1156.0,1156.0,1156.0,1156.0,1156,24.0,24.0,24.0,24.0,24.0,1156,0.0,0.0,0.0,0.0,0.0,1156,4.0,8.0,4.312283737024221,4.0,6.0,1156,0.0,0.0,0.0,0.0,0.0,0,0.0,0.0,0.0,0.0,0.0,0,1.0,1.0,1.0,1.0,1.0,552,0.9999999999999998,1.0000000000000004,1.0,1.0,1.0000000000000002,552,1.0,1.1666666666666667,1.0114235461912768,1.0,1.0833333333333333,552,0.9999999999999998,1.0000000000000004,1.0,1.0,1.0000000000000002,552,552.0,0.0,0.0,0.0,552.0,552.0,0.0,0.0,0.0,0.0,0.0,0.0,1.0,0.0,0.0,1156.0,2312.0,1156.0,1336336.0,5246.340412646532,0.0,0.0,0.0,0.0,0.0,0.0,0.0,0.0,0.0,0.0,0.0,0.0,0.0,0.0,0.0,0.0,6867.516057565808
156,9360000000000,1156.0,1156.0,1156.0,1156.0,1156.0,1156,24.0,24.0,24.0,24.0,24.0,1156,0.0,0.0,0.0,0.0,0.0,1156,4.0,8.0,4.307093425605537,4.0,6.0,1156,0.0,0.0,0.0,0.0,0.0,0,0.0,0.0,0.0,0.0,0.0,0,1.0,1.0,1.0,1.0,1.0,552,0.9999999999999996,1.0000000000000002,1.0,1.0,1.0000000000000002,552,1.0,1.2,1.0107742408383038,1.0,1.0887351778656122,552,0.9999999999999996,1.0000000000000002,1.0,1.0,1.0000000000000002,552,552.0,0.0,0.0,0.0,552.0,552.0,0.0,0.0,0.0,0.0,0.0,0.0,1.0,0.0,0.0,1156.0,2312.0,1156.0,1336336.0,4719.3363904953,0.0,0.0,0.0,0.0,0.0,0.0,0.0,0.0,0.0,0.0,0.0,0.0,0.0,0.0,0.0,0.0,6347.307147458196
157,9420000000000,1156.0,1156.0,1156.0,1156.0,1156.0,1156,24.0,24.0,24.0,24.0,24.0,1156,0.0,0.0,0.0,0.0,0.0,1156,4.0,8.0,4.311418685121107,4.0,6.0,1156,0.0,0.0,0.0,0.0,0.0,0,0.0,0.0,0.0,0.0,0.0,0,1.0,1.0,1.0,1.0,1.0,552,0.9999999999999997,1.0000000000000002,1.0,1.0,1.0,552,1.0,1.3333333333333333,1.0139677312849007,1.0,1.0909090909090908,552,0.9999999999999997,1.0000000000000002,1.0,1.0,1.0,552,552.0,0.0,0.0,0.0,552.0,552.0,0.0,0.0,0.0,0.0,0.0,0.0,1.0,0.0,0.0,1156.0,2312.0,1156.0,1336336.0,5328.383482992649,0.0,0.0,0.0,0.0,0.0,0.0,0.0,0.0,0.0,0.0,0.0,0.0,0.0,0.0,0.0,0.0,6954.386942088604
158,9480000000000,1156.0,1156.0,1156.0,1156.0,1156.0,1156,24.0,24.0,24.0,24.0,24.0,1156,0.0,0.0,0.0,0.0,0.0,1156,4.0,8.0,4.314878892733564,4.0,6.0,1156,0.0,0.0,0.0,0.0,0.0,0,0.0,0.0,0.0,0.0,0.0,0,1.0,1.0,1.0,1.0,1.0,552,0.9999999999999997,1.0000000000000004,1.0,1.0,1.0,552,1.0,1.1666666666666667,1.01162476632484,1.0,1.0833333333333333,552,0.9999999999999997,1.0000000000000004,1.0,1.0,1.0,552,552.0,0.0,0.0,0.0,552.0,552.0,0.0,0.0,0.0,0.0,0.0,0.0,1.0,0.0,0.0,1156.0,2312.0,1156.0,1336336.0,4824.336091056466,0.0,0.0,0.0,0.0,0.0,0.0,0.0,0.0,0.0,0.0,0.0,0.0,0.0,0.0,0.0,0.0,6485.528251156211
159,9540000000000,1156.0,1156.0,1156.0,1156.0,1156.0,1156,24.0,24.0,24.0,24.0,24.0,1156,0.0,0.0,0.0,0.0,0.0,1156,4.0,8.0,4.305363321799308,4.0,6.0,1156,0.0,0.0,0.0,0.0,0.0,0,0.0,0.0,0.0,0.0,0.0,0,1.0,1.0,1.0,1.0,1.0,552,0.9999999999999997,1.0000000000000002,1.0,1.0,1.0000000000000002,552,1.0,1.2,1.0119363085939281,1.0,1.0909090909090908,552,0.9999999999999997,1.0000000000000002,1.0,1.0,1.0000000000000002,552,552.0,0.0,0.0,0.0,552.0,552.0,0.0,0.0,0.0,0.0,0.0,0.0,1.0,0.0,0.0,1156.0,2312.0,1156.0,1336336.0,5215.14455974102,0.0,0.0,0.0,0.0,0.0,0.0,0.0,0.0,0.0,0.0,0.0,0.0,0.0,0.0,0.0,0.0,6846.58950380981
160,9600000000000,1156.0,1156.0,1156.0,1156.0,1156.0,1156,24.0,24.0,24.0,24.0,24.0,1156,0.0,0.0,0.0,0.0,0.0,1156,4.0,8.0,4.31401384083045,4.0,6.0,1156,0.0,0.0,0.0,0.0,0.0,0,0.0,0.0,0.0,0.0,0.0,0,1.0,1.0,1.0,1.0,1.0,552,0.9999999999999998,1.0000000000000002,1.0,1.0,1.0000000000000002,552,1.0,1.3333333333333333,1.0139452800801463,1.0,1.0909090909090908,552,0.9999999999999998,1.0000000000000002,1.0,1.0,1.0000000000000002,552,552.0,0.0,0.0,0.0,552.0,552.0,0.0,0.0,0.0,0.0,0.0,0.0,1.0,0.0,0.0,1156.0,2312.0,1156.0,1336336.0,4781.629169359803,0.0,0.0,0.0,0.0,0.0,0.0,0.0,0.0,0.0,0.0,0.0,0.0,0.0,0.0,0.0,0.0,6463.733168318868
161,9660000000000,1156.0,1156.0,1156.0,1156.0,1156.0,1156,24.0,24.0,24.0,24.0,24.0,1156,0.0,0.0,0.0,0.0,0.0,1156,4.0,8.0,4.31401384083045,4.0,6.0,1156,0.0,0.0,0.0,0.0,0.0,0,0.0,0.0,0.0,0.0,0.0,0,1.0,1.0,1.0,1.0,1.0,552,0.9999999999999997,1.0000000000000002,1.0,1.0,1.0000000000000002,552,1.0,1.1875,1.0107008476521935,1.0,1.0833333333333333,552,0.9999999999999997,1.0000000000000002,1.0,1.0,1.0000000000000002,552,552.0,0.0,0.0,0.0,552.0,552.0,0.0,0.0,0.0,0.0,0.0,0.0,1.0,0.0,0.0,1156.0,2312.0,1156.0,1336336.0,5359.576204791665,0.0,0.0,0.0,0.0,0.0,0.0,0.0,0.0,0.0,0.0,0.0,0.0,0.0,0.0,0.0,0.0,7030.619373545051
162,9720000000000,1156.0,1156.0,1156.0,1156.0,1156.0,1156,24.0,24.0,24.0,24.0,24.0,1156,0.0,0.0,0.0,0.0,0.0,1156,4.0,8.0,4.310553633217993,4.0,6.0,1156,0.0,0.0,0.0,0.0,0.0,0,0.0,0.0,0.0,0.0,0.0,0,1.0,1.0,1.0,1.0,1.0,552,0.9999999999999997,1.0000000000000004,1.0,1.0,1.0000000000000002,552,1.0,1.2,1.0126596098937286,1.0,1.0949999999999993,552,0.9999999999999997,1.0000000000000004,1.0,1.0,1.0000000000000002,552,552.0,0.0,0.0,0.0,552.0,552.0,0.0,0.0,0.0,0.0,0.0,0.0,1.0,0.0,0.0,1156.0,2312.0,1156.0,1336336.0,5043.194562196732,0.0,0.0,0.0,0.0,0.0,0.0,0.0,0.0,0.0,0.0,0.0,0.0,0.0,0.0,0.0,0.0,6697.657754644752
163,9780000000000,1156.0,1156.0,1156.0,1156.0,1156.0,1156,24.0,24.0,24.0,24.0,24.0,1156,0.0,0.0,0.0,0.0,0.0,1156,4.0,8.0,4.310553633217993,4.0,6.0,1156,0.0,0.0,0.0,0.0,0.0,0,0.0,0.0,0.0,0.0,0.0,0,1.0,1.0,1.0,1.0,1.0,552,0.9999999999999997,1.0000000000000004,1.0,1.0,1.0000000000000002,552,1.0,1.3333333333333333,1.013712480764544,1.0,1.0909090909090908,552,0.9999999999999997,1.0000000000000004,1.0,1.0,1.0000000000000002,552,552.0,0.0,0.0,0.0,552.0,552.0,0.0,0.0,0.0,0.0,0.0,0.0,1.0,0.0,0.0,1156.0,2312.0,1156.0,1336336.0,5288.619821891189,0.0,0.0,0.0,0.0,0.0,0.0,0.0,0.0,0.0,0.0,0.0,0.0,0.0,0.0,0.0,0.0,6953.143987804651
164,9840000000000,1156.0,1156.0,1156.0,1156.0,1156.0,1156,24.0,24.0,24.0,24.0,24.0,1156,0.0,0.0,0.0,0.0,0.0,1156,4.0,8.0,4.313148788927336,4.0,6.0,1156,0.0,0.0,0.0,0.0,0.0,0,0.0,0.0,0.0,0.0,0.0,0,1.0,1.0,1.0,1.0,1.0,552,0.9999999999999996,1.0000000000000002,1.0,1.0,1.0000000000000002,552,1.0,1.1666666666666667,1.0091862837126881,1.0,1.0714285714285714,552,0.9999999999999996,1.0000000000000002,1.0,1.0,1.0000000000000002,552,552.0,0.0,0.0,0.0,552.0,552.0,0.0,0.0,0.0,0.0,0.0,0.0,1.0,0.0,0.0,1156.0,2312.0,1156.0,1336336.0,4955.658983439207,0.0,0.0,0.0,0.0,0.0,0.0,0.0,0.0,0.0,0.0,0.0,0.0,0.0,0.0,0.0,0.0,6647.788070142269
165,9900000000000,1156.0,1156.0,1156.0,1156.0,1156.0,1156,24.0,24.0,24.0,24.0,24.0,1156,0.0,0.0,0.0,0.0,0.0,1156,4.0,8.0,4.310553633217993,4.0,6.0,1156,0.0,0.0,0.0,0.0,0.0,0,0.0,0.0,0.0,0.0,0.0,0,1.0,1.0,1.0,1.0,1.0,552,0.9999999999999996,1.0000000000000002,1.0,1.0,1.0000000000000002,552,1.0,1.2,1.0124039092384116,1.0,1.0909090909090908,552,0.9999999999999996,1.0000000000000002,1.0,1.0,1.0000000000000002,552,552.0,0.0,0.0,0.0,552.0,552.0,0.0,0.0,0.0,0.0,0.0,0.0,1.0,0.0,0.0,1156.0,2312.0,1156.0,1336336.0,5146.724972873926,0.0,0.0,0.0,0.0,0.0,0.0,0.0,0.0,0.0,0.0,0.0,0.0,0.0,0.0,0.0,0.0,6821.610728278756
166,9960000000000,1156.0,1156.0,1156.0,1156.0,1156.0,1156,24.0,24.0,24.0,24.0,24.0,1156,0.0,0.0,0.0,0.0,0.0,1156,4.0,8.0,4.311418685121107,4.0,6.0,1156,0.0,0.0,0.0,0.0,0.0,0,0.0,0.0,0.0,0.0,0.0,0,1.0,1.0,1.0,1.0,1.0,552,0.9999999999999996,1.0000000000000002,1.0,1.0,1.0000000000000002,552,1.0,1.3333333333333333,1.012093747666978,1.0,1.0833333333333333,552,0.9999999999999996,1.0000000000000002,1.0,1.0,1.0000000000000002,552,552.0,0.0,0.0,0.0,552.0,552.0,0.0,0.0,0.0,0.0,0.0,0.0,1.0,0.0,0.0,1156.0,2312.0,1156.0,1336336.0,5114.404201507568,0.0,0.0,0.0,0.0,0.0,0.0,0.0,0.0,0.0,0.0,0.0,0.0,0.0,0.0,0.0,0.0,6812.277678400278
167,10020000000000,1156.0,1156.0,1156.0,1156.0,1156.0,1156,24.0,24.0,24.0,24.0,24.0,1156,0.0,0.0,0.0,0.0,0.0,1156,4.0,8.0,4.311418685121107,4.0,6.0,1156,0.0,0.0,0.0,0.0,0.0,0,0.0,0.0,0.0,0.0,0.0,0,1.0,1.0,1.0,1.0,1.0,552,0.9999999999999997,1.0000000000000002,1.0,1.0,1.0000000000000002,552,1.0,1.1666666666666667,1.0085386195468706,1.0,1.0666666666666667,552,0.9999999999999997,1.0000000000000002,1.0,1.0,1.0000000000000002,552,552.0,0.0,0.0,0.0,552.0,552.0,0.0,0.0,0.0,0.0,0.0,0.0,1.0,0.0,0.0,1156.0,2312.0,1156.0,1336336.0,4807.493144646287,0.0,0.0,0.0,0.0,0.0,0.0,0.0,0.0,0.0,0.0,0.0,0.0,0.0,0.0,0.0,0.0,6535.0049659609795
168,10080000000000,1156.0,1156.0,1156.0,1156.0,1156.0,1156,24.0,24.0,24.0,24.0,24.0,1156,0.0,0.0,0.0,0.0,0.0,1156,4.0,8.0,4.311418685121107,4.0,6.0,1156,0.0,0.0,0.0,0.0,0.0,0,0.0,0.0,0.0,0.0,0.0,0,1.0,1.0,1.0,1.0,1.0,552,0.9999999999999997,1.0000000000000002,1.0,1.0,1.0000000000000002,552,1.0,1.1428571428571428,1.0115710164396312,1.0,1.0909090909090908,552,0.9999999999999997,1.0000000000000002,1.0,1.0,1.0000000000000002,552,552.0,0.0,0.0,0.0,552.0,552.0,0.0,0.0,0.0,0.0,0.0,0.0,1.0,0.0,0.0,1156.0,2312.0,1156.0,1336336.0,4941.153744235635,0.0,0.0,0.0,0.0,0.0,0.0,0.0,0.0,0.0,0.0,0.0,0.0,0.0,0.0,0.0,0.0,6633.938413113356
169,10140000000000,1156.0,1156.0,1156.0,1156.0,1156.0,1156,24.0,24.0,24.0,24.0,24.0,1156,0.0,0.0,0.0,0.0,0.0,1156,4.0,8.0,4.306228373702422,4.0,6.0,1156,0.0,0.0,0.0,0.0,0.0,0,0.0,0.0,0.0,0.0,0.0,0,1.0,1.0,1.0,1.0,1.0,552,0.9999999999999997,1.0000000000000002,1.0,1.0,1.0000000000000002,552,1.0,1.3333333333333333,1.011238703189811,1.0,1.0833333333333333,552,0.9999999999999997,1.0000000000000002,1.0,1.0,1.0000000000000002,552,552.0,0.0,0.0,0.0,552.0,552.0,0.0,0.0,0.0,0.0,0.0,0.0,1.0,0.0,0.0,1156.0,2312.0,1156.0,1336336.0,4941.824834793806,0.0,0.0,0.0,0.0,0.0,0.0,0.0,0.0,0.0,0.0,0.0,0.0,0.0,0.0,0.0,0.0,6610.284460708499
170,10200000000000,1156.0,1156.0,1156.0,1156.0,1156.0,1156,24.0,24.0,24.0,24.0,24.0,1156,0.0,0.0,0.0,0.0,0.0,1156,4.0,8.0,4.307093425605537,4.0,6.0,1156,0.0,0.0,0.0,0.0,0.0,0,0.0,0.0,0.0,0.0,0.0,0,1.0,1.0,1.0,1.0,1.0,552,0.9999999999999996,1.0000000000000002,1.0,1.0,1.0000000000000002,552,1.0,1.1666666666666667,1.0097609200757318,1.0,1.0739010989010984,552,0.9999999999999996,1.0000000000000002,1.0,1.0,1.0000000000000002,552,552.0,0.0,0.0,0.0,552.0,552.0,0.0,0.0,0.0,0.0,0.0,0.0,1.0,0.0,0.0,1156.0,2312.0,1156.0,1336336.0,4972.403982654214,0.0,0.0,0.0,0.0,0.0,0.0,0.0,0.0,0.0,0.0,0.0,0.0,0.0,0.0,0.0,0.0,6649.307476356626
171,10260000000000,1156.0,1156.0,1156.0,1156.0,1156.0,1156,24.0,24.0,24.0,24.0,24.0,1156,0.0,0.0,0.0,0.0,0.0,1156,4.0,8.0,4.310553633217993,4.0,6.0,1156,0.0,0.0,0.0,0.0,0.0,0,0.0,0.0,0.0,0.0,0.0,0,1.0,1.0,1.0,1.0,1.0,552,0.9999999999999996,1.0000000000000002,1.0,1.0,1.0000000000000002,552,1.0,1.1428571428571428,1.0120778629985205,1.0,1.0909090909090908,552,0.9999999999999996,1.0000000000000002,1.0,1.0,1.0000000000000002,552,552.0,0.0,0.0,0.0,552.0,552.0,0.0,0.0,0.0,0.0,0.0,0.0,1.0,0.0,0.0,1156.0,2312.0,1156.0,1336336.0,5048.515675589442,0.0,0.0,0.0,0.0,0.0,0.0,0.0,0.0,0.0,0.0,0.0,0.0,0.0,0.0,0.0,0.0,6710.785394534469
172,10320000000000,1156.0,1156.0,1156.0,1156.0,1156.0,1156,24.0,24.0,24.0,24.0,24.0,1156,0.0,0.0,0.0,0.0,0.0,1156,4.0,8.0,4.307958477508651,4.0,6.0,1156,0.0,0.0,0.0,0.0,0.0,0,0.0,0.0,0.0,0.0,0.0,0,1.0,1.0,1.0,1.0,1.0,552,0.9999999999999996,1.0000000000000002,1.0,1.0,1.0000000000000002,552,1.0,1.3333333333333333,1.011475756399141,1.0,1.0887351778656122,552,0.9999999999999996,1.0000000000000002,1.0,1.0,1.0000000000000002,552,552.0,0.0,0.0,0.0,552.0,552.0,0.0,0.0,0.0,0.0,0.0,0.0,1.0,0.0,0.0,1156.0,2312.0,1156.0,1336336.0,4944.548729807138,0.0,0.0,0.0,0.0,0.0,0.0,0.0,0.0,0.0,0.0,0.0,0.0,0.0,0.0,0.0,0.0,6600.343652069569
173,10380000000000,1156.0,1156.0,1156.0,1156.0,1156.0,1156,24.0,24.0,24.0,24.0,24.0,1156,0.0,0.0,0.0,0.0,0.0,1156,4.0,8.0,4.307093425605537,4.0,6.0,1156,0.0,0.0,0.0,0.0,0.0,0,0.0,0.0,0.0,0.0,0.0,0,1.0,1.0,1.0,1.0,1.0,552,0.9999999999999998,1.0000000000000002,1.0,1.0,1.0000000000000002,552,1.0,1.1666666666666667,1.0087294236877775,1.0,1.0666666666666667,552,0.9999999999999998,1.0000000000000002,1.0,1.0,1.0000000000000002,552,552.0,0.0,0.0,0.0,552.0,552.0,0.0,0.0,0.0,0.0,0.0,0.0,1.0,0.0,0.0,1156.0,2312.0,1156.0,1336336.0,5268.040157854557,0.0,0.0,0.0,0.0,0.0,0.0,0.0,0.0,0.0,0.0,0.0,0.0,0.0,0.0,0.0,0.0,6926.993595436215
174,10440000000000,1156.0,1156.0,1156.0,1156.0,1156.0,1156,24.0,24.0,24.0,24.0,24.0,1156,0.0,0.0,0.0,0.0,0.0,1156,4.0,8.0,4.307093425605537,4.0,6.0,1156,0.0,0.0,0.0,0.0,0.0,0,0.0,0.0,0.0,0.0,0.0,0,1.0,1.0,1.0,1.0,1.0,552,0.9999999999999997,1.0000000000000002,1.0,1.0,1.0,552,1.0,1.1428571428571428,1.0123399298366744,1.0,1.0909090909090908,552,0.9999999999999997,1.0000000000000002,1.0,1.0,1.0,552,552.0,0.0,0.0,0.0,552.0,552.0,0.0,0.0,0.0,0.0,0.0,0.0,1.0,0.0,0.0,1156.0,2312.0,1156.0,1336336.0,4805.766388773918,0.0,0.0,0.0,0.0,0.0,0.0,0.0,0.0,0.0,0.0,0.0,0.0,0.0,0.0,0.0,0.0,6442.90192425251
175,10500000000000,1156.0,1156.0,1156.0,1156.0,1156.0,1156,24.0,24.0,24.0,24.0,24.0,1156,0.0,0.0,0.0,0.0,0.0,1156,4.0,8.0,4.307958477508651,4.0,6.0,1156,0.0,0.0,0.0,0.0,0.0,0,0.0,0.0,0.0,0.0,0.0,0,1.0,1.0,1.0,1.0,1.0,552,0.9999999999999997,1.0000000000000002,1.0,1.0,1.0000000000000002,552,1.0,1.25,1.0122630754609165,1.0,1.0909090909090908,552,0.9999999999999997,1.0000000000000002,1.0,1.0,1.0000000000000002,552,552.0,0.0,0.0,0.0,552.0,552.0,0.0,0.0,0.0,0.0,0.0,0.0,1.0,0.0,0.0,1156.0,2312.0,1156.0,1336336.0,5491.396306082606,0.0,0.0,0.0,0.0,0.0,0.0,0.0,0.0,0.0,0.0,0.0,0.0,0.0,0.0,0.0,0.0,7137.591751292348
176,10560000000000,1156.0,1156.0,1156.0,1156.0,1156.0,1156,24.0,24.0,24.0,24.0,24.0,1156,0.0,0.0,0.0,0.0,0.0,1156,4.0,8.0,4.3088235294117645,4.0,6.0,1156,0.0,0.0,0.0,0.0,0.0,0,0.0,0.0,0.0,0.0,0.0,0,1.0,1.0,1.0,1.0,1.0,552,0.9999999999999998,1.0000000000000002,1.0,1.0,1.0000000000000002,552,1.0,1.1666666666666667,1.0092186586878822,1.0,1.0714285714285714,552,0.9999999999999998,1.0000000000000002,1.0,1.0,1.0000000000000002,552,552.0,0.0,0.0,0.0,552.0,552.0,0.0,0.0,0.0,0.0,0.0,0.0,1.0,0.0,0.0,1156.0,2312.0,1156.0,1336336.0,4913.5269317775965,0.0,0.0,0.0,0.0,0.0,0.0,0.0,0.0,0.0,0.0,0.0,0.0,0.0,0.0,0.0,0.0,6554.501362144947
177,10620000000000,1156.0,1156.0,1156.0,1156.0,1156.0,1156,24.0,24.0,24.0,24.0,24.0,1156,0.0,0.0,0.0,0.0,0.0,1156,4.0,8.0,4.3088235294117645,4.0,6.0,1156,0.0,0.0,0.0,0.0,0.0,0,0.0,0.0,0.0,0.0,0.0,0,1.0,1.0,1.0,1.0,1.0,552,0.9999999999999997,1.0000000000000002,1.0,1.0,1.0000000000000002,552,1.0,1.1666666666666667,1.0114997974068405,1.0,1.0909090909090908,552,0.9999999999999997,1.0000000000000002,1.0,1.0,1.0000000000000002,552,552.0,0.0,0.0,0.0,552.0,552.0,0.0,0.0,0.0,0.0,0.0,0.0,1.0,0.0,0.0,1156.0,2312.0,1156.0,1336336.0,5727.250773459673,0.0,0.0,0.0,0.0,0.0,0.0,0.0,0.0,0.0,0.0,0.0,0.0,0.0,0.0,0.0,0.0,7389.51363041997
178,10680000000000,1156.0,1156.0,1156.0,1156.0,1156.0,1156,24.0,24.0,24.0,24.0,24.0,1156,0.0,0.0,0.0,0.0,0.0,1156,4.0,8.0,4.301038062283737,4.0,5.25,1156,0.0,0.0,0.0,0.0,0.0,0,0.0,0.0,0.0,0.0,0.0,0,1.0,1.0,1.0,1.0,1.0,552,0.9999999999999998,1.0000000000000002,1.0,1.0,1.0000000000000002,552,1.0,1.25,1.012707710177703,1.0,1.1,552,0.9999999999999998,1.0000000000000002,1.0,1.0,1.0000000000000002,552,552.0,0.0,0.0,0.0,552.0,552.0,0.0,0.0,0.0,0.0,0.0,0.0,1.0,0.0,0.0,1156.0,2312.0,1156.0,1336336.0,4579.809872433543,0.0,0.0,0.0,0.0,0.0,0.0,0.0,0.0,0.0,0.0,0.0,0.0,0.0,0.0,0.0,0.0,6214.4273817539215
179,10740000000000,1156.0,1156.0,1156.0,1156.0,1156.0,1156,24.0,24.0,24.0,24.0,24.0,1156,0.0,0.0,0.0,0.0,0.0,1156,4.0,8.0,4.309688581314879,4.0,6.0,1156,0.0,0.0,0.0,0.0,0.0,0,0.0,0.0,0.0,0.0,0.0,0,1.0,1.0,1.0,1.0,1.0,552,0.9999999999999997,1.0000000000000002,1.0,1.0,1.0000000000000002,552,1.0,1.1666666666666667,1.008780568432017,1.0,1.0688095238095234,552,0.9999999999999997,1.0000000000000002,1.0,1.0,1.0000000000000002,552,552.0,0.0,0.0,0.0,552.0,552.0,0.0,0.0,0.0,0.0,0.0,0.0,1.0,0.0,0.0,1156.0,2312.0,1156.0,1336336.0,5678.740752860904,0.0,0.0,0.0,0.0,0.0,0.0,0.0,0.0,0.0,0.0,0.0,0.0,0.0,0.0,0.0,0.0,7361.13060824573
180,10800000000000,1156.0,1156.0,1156.0,1156.0,1156.0,1156,24.0,24.0,24.0,24.0,24.0,1156,0.0,0.0,0.0,0.0,0.0,1156,4.0,8.0,4.313148788927336,4.0,6.0,1156,0.0,0.0,0.0,0.0,0.0,0,0.0,0.0,0.0,0.0,0.0,0,1.0,1.0,1.0,1.0,1.0,552,0.9999999999999997,1.0000000000000004,1.0,1.0,1.0000000000000002,552,1.0,1.2,1.01217619168748,1.0,1.0909090909090908,552,0.9999999999999997,1.0000000000000004,1.0,1.0,1.0000000000000002,552,552.0,0.0,0.0,0.0,552.0,552.0,0.0,0.0,0.0,0.0,0.0,0.0,1.0,0.0,0.0,1156.0,2312.0,1156.0,1336336.0,4348.302217200398,0.0,0.0,0.0,0.0,0.0,0.0,0.0,0.0,0.0,0.0,0.0,0.0,0.0,0.0,0.0,0.0,6092.931356281042
181,10860000000000,1156.0,1156.0,1156.0,1156.0,1156.0,1156,24.0,24.0,24.0,24.0,24.0,1156,0.0,0.0,0.0,0.0,0.0,1156,4.0,8.0,4.303633217993079,4.0,6.0,1156,0.0,0.0,0.0,0.0,0.0,0,0.0,0.0,0.0,0.0,0.0,0,1.0,1.0,1.0,1.0,1.0,552,0.9999999999999998,1.0000000000000004,1.0,1.0,1.0000000000000002,552,1.0,1.25,1.0134004137100803,1.0,1.0909090909090908,552,0.9999999999999998,1.0000000000000004,1.0,1.0,1.0000000000000002,552,552.0,0.0,0.0,0.0,552.0,552.0,0.0,0.0,0.0,0.0,0.0,0.0,1.0,0.0,0.0,1156.0,2312.0,1156.0,1336336.0,5545.743316411972,0.0,0.0,0.0,0.0,0.0,0.0,0.0,0.0,0.0,0.0,0.0,0.0,0.0,0.0,0.0,0.0,7205.85466735065
182,10920000000000,1156.0,1156.0,1156.0,1156.0,1156.0,1156,24.0,24.0,24.0,24.0,24.0,1156,0.0,0.0,0.0,0.0,0.0,1156,4.0,8.0,4.314878892733564,4.0,6.0,1156,0.0,0.0,0.0,0.0,0.0,0,0.0,0.0,0.0,0.0,0.0,0,1.0,1.0,1.0,1.0,1.0,552,0.9999999999999997,1.0000000000000004,1.0,1.0,1.0000000000000002,552,1.0,1.1666666666666667,1.0085811404302267,1.0,1.0714285714285714,552,0.9999999999999997,1.0000000000000004,1.0,1.0,1.0000000000000002,552,552.0,0.0,0.0,0.0,552.0,552.0,0.0,0.0,0.0,0.0,0.0,0.0,1.0,0.0,0.0,1156.0,2312.0,1156.0,1336336.0,4261.1414808779955,0.0,0.0,0.0,0.0,0.0,0.0,0.0,0.0,0.0,0.0,0.0,0.0,0.0,0.0,0.0,0.0,5951.550144702196
183,10980000000000,1156.0,1156.0,1156.0,1156.0,1156.0,1156,24.0,24.0,24.0,24.0,24.0,1156,0.0,0.0,0.0,0.0,0.0,1156,4.0,8.0,4.310553633217993,4.0,6.0,1156,0.0,0.0,0.0,0.0,0.0,0,0.0,0.0,0.0,0.0,0.0,0,1.0,1.0,1.0,1.0,1.0,552,0.9999999999999997,1.0000000000000002,1.0,1.0,1.0000000000000002,552,1.0,1.2,1.0116380019099076,1.0,1.0909090909090908,552,0.9999999999999997,1.0000000000000002,1.0,1.0,1.0000000000000002,552,552.0,0.0,0.0,0.0,552.0,552.0,0.0,0.0,0.0,0.0,0.0,0.0,1.0,0.0,0.0,1156.0,2312.0,1156.0,1336336.0,5460.894174873829,0.0,0.0,0.0,0.0,0.0,0.0,0.0,0.0,0.0,0.0,0.0,0.0,0.0,0.0,0.0,0.0,7138.681435957551
184,11040000000000,1156.0,1156.0,1156.0,1156.0,1156.0,1156,24.0,24.0,24.0,24.0,24.0,1156,0.0,0.0,0.0,0.0,0.0,1156,4.0,8.0,4.305363321799308,4.0,6.0,1156,0.0,0.0,0.0,0.0,0.0,0,0.0,0.0,0.0,0.0,0.0,0,1.0,1.0,1.0,1.0,1.0,552,0.9999999999999996,1.0000000000000002,1.0,1.0,1.0000000000000002,552,1.0,1.25,1.0120896539439708,1.0,1.0867424242424237,552,0.9999999999999996,1.0000000000000002,1.0,1.0,1.0000000000000002,552,552.0,0.0,0.0,0.0,552.0,552.0,0.0,0.0,0.0,0.0,0.0,0.0,1.0,0.0,0.0,1156.0,2312.0,1156.0,1336336.0,4473.810259252787,0.0,0.0,0.0,0.0,0.0,0.0,0.0,0.0,0.0,0.0,0.0,0.0,0.0,0.0,0.0,0.0,6126.153152436018
185,11100000000000,1156.0,1156.0,1156.0,1156.0,1156.0,1156,24.0,24.0,24.0,24.0,24.0,1156,0.0,0.0,0.0,0.0,0.0,1156,4.0,8.0,4.31401384083045,4.0,6.0,1156,0.0,0.0,0.0,0.0,0.0,0,0.0,0.0,0.0,0.0,0.0,0,1.0,1.0,1.0,1.0,1.0,552,0.9999999999999996,1.0000000000000002,1.0,1.0,1.0000000000000002,552,1.0,1.1818181818181819,1.0085485452369856,1.0,1.0714285714285714,552,0.9999999999999996,1.0000000000000002,1.0,1.0,1.0000000000000002,552,552.0,0.0,0.0,0.0,552.0,552.0,0.0,0.0,0.0,0.0,0.0,0.0,1.0,0.0,0.0,1156.0,2312.0,1156.0,1336336.0,5702.269576489925,0.0,0.0,0.0,0.0,0.0,0.0,0.0,0.0,0.0,0.0,0.0,0.0,0.0,0.0,0.0,0.0,7394.58604156971
186,11160000000000,1156.0,1156.0,1156.0,1156.0,1156.0,1156,24.0,24.0,24.0,24.0,24.0,1156,0.0,0.0,0.0,0.0,0.0,1156,4.0,8.0,4.312283737024221,4.0,6.0,1156,0.0,0.0,0.0,0.0,0.0,0,0.0,0.0,0.0,0.0,0.0,0,1.0,1.0,1.0,1.0,1.0,552,0.9999999999999997,1.0000000000000002,1.0,1.0,1.0,552,1.0,1.2,1.0143513147660723,1.0,1.1,552,0.9999999999999997,1.0000000000000002,1.0,1.0,1.0,552,552.0,0.0,0.0,0.0,552.0,552.0,0.0,0.0,0.0,0.0,0.0,0.0,1.0,0.0,0.0,1156.0,2312.0,1156.0,1336336.0,4723.657585680485,0.0,0.0,0.0,0.0,0.0,0.0,0.0,0.0,0.0,0.0,0.0,0.0,0.0,0.0,0.0,0.0,6401.4788791537285
187,11220000000000,1156.0,1156.0,1156.0,1156.0,1156.0,1156,24.0,24.0,24.0,24.0,24.0,1156,0.0,0.0,0.0,0.0,0.0,1156,4.0,8.0,4.3088235294117645,4.0,6.0,1156,0.0,0.0,0.0,0.0,0.0,0,0.0,0.0,0.0,0.0,0.0,0,1.0,1.0,1.0,1.0,1.0,552,0.9999999999999997,1.0000000000000002,1.0,1.0,1.0000000000000002,552,1.0,1.25,1.0121480674823826,1.0,1.0833333333333333,552,0.9999999999999997,1.0000000000000002,1.0,1.0,1.0000000000000002,552,552.0,0.0,0.0,0.0,552.0,552.0,0.0,0.0,0.0,0.0,0.0,0.0,1.0,0.0,0.0,1156.0,2312.0,1156.0,1336336.0,5484.123293310404,0.0,0.0,0.0,0.0,0.0,0.0,0.0,0.0,0.0,0.0,0.0,0.0,0.0,0.0,0.0,0.0,7156.525697559118
188,11280000000000,1156.0,1156.0,1156.0,1156.0,1156.0,1156,24.0,24.0,24.0,24.0,24.0,1156,0.0,0.0,0.0,0.0,0.0,1156,4.0,8.0,4.312283737024221,4.0,6.0,1156,0.0,0.0,0.0,0.0,0.0,0,0.0,0.0,0.0,0.0,0.0,0,1.0,1.0,1.0,1.0,1.0,552,0.9999999999999997,1.0000000000000004,1.0,1.0,1.0000000000000002,552,1.0,1.1818181818181819,1.0089028532161568,1.0,1.0769230769230769,552,0.9999999999999997,1.0000000000000004,1.0,1.0,1.0000000000000002,552,552.0,0.0,0.0,0.0,552.0,552.0,0.0,0.0,0.0,0.0,0.0,0.0,1.0,0.0,0.0,1156.0,2312.0,1156.0,1336336.0,5298.272483050823,0.0,0.0,0.0,0.0,0.0,0.0,0.0,0.0,0.0,0.0,0.0,0.0,0.0,0.0,0.0,0.0,6964.540148153901
189,11340000000000,1156.0,1156.0,1156.0,1156.0,1156.0,1156,24.0,24.0,24.0,24.0,24.0,1156,0.0,0.0,0.0,0.0,0.0,1156,4.0,8.0,4.314878892733564,4.0,6.0,1156,0.0,0.0,0.0,0.0,0.0,0,0.0,0.0,0.0,0.0,0.0,0,1.0,1.0,1.0,1.0,1.0,552,0.9999999999999998,1.0000000000000004,1.0,1.0,1.0000000000000002,552,1.0,1.2,1.014083983815172,1.0,1.1,552,0.9999999999999998,1.0000000000000004,1.0,1.0,1.0000000000000002,552,552.0,0.0,0.0,0.0,552.0,552.0,0.0,0.0,0.0,0.0,0.0,0.0,1.0,0.0,0.0,1156.0,2312.0,1156.0,1336336.0,5339.402969926596,0.0,0.0,0.0,0.0,0.0,0.0,0.0,0.0,0.0,0.0,0.0,0.0,0.0,0.0,0.0,0.0,7032.3608089238405
190,11400000000000,1156.0,1156.0,1156.0,1156.0,1156.0,1156,24.0,24.0,24.0,24.0,24.0,1156,0.0,0.0,0.0,0.0,0.0,1156,4.0,8.0,4.310553633217993,4.0,6.0,1156,0.0,0.0,0.0,0.0,0.0,0,0.0,0.0,0.0,0.0,0.0,0,1.0,1.0,1.0,1.0,1.0,552,0.9999999999999996,1.0000000000000004,1.0,1.0,1.0000000000000002,552,1.0,1.25,1.0113763241272227,1.0,1.0833333333333333,552,0.9999999999999996,1.0000000000000004,1.0,1.0,1.0000000000000002,552,552.0,0.0,0.0,0.0,552.0,552.0,0.0,0.0,0.0,0.0,0.0,0.0,1.0,0.0,0.0,1156.0,2312.0,1156.0,1336336.0,5301.607647910714,0.0,0.0,0.0,0.0,0.0,0.0,0.0,0.0,0.0,0.0,0.0,0.0,0.0,0.0,0.0,0.0,6959.502886980772
191,11460000000000,1156.0,1156.0,1156.0,1156.0,1156.0,1156,24.0,24.0,24.0,24.0,24.0,1156,0.0,0.0,0.0,0.0,0.0,1156,4.0,8.0,4.314878892733564,4.0,6.0,1156,0.0,0.0,0.0,0.0,0.0,0,0.0,0.0,0.0,0.0,0.0,0,1.0,1.0,1.0,1.0,1.0,552,0.9999999999999996,1.0000000000000004,1.0,1.0,1.0000000000000002,552,1.0,1.3333333333333333,1.0090848846652245,1.0,1.0798076923076918,552,0.9999999999999996,1.0000000000000004,1.0,1.0,1.0000000000000002,552,552.0,0.0,0.0,0.0,552.0,552.0,0.0,0.0,0.0,0.0,0.0,0.0,1.0,0.0,0.0,1156.0,2312.0,1156.0,1336336.0,5100.610785186291,0.0,0.0,0.0,0.0,0.0,0.0,0.0,0.0,0.0,0.0,0.0,0.0,0.0,0.0,0.0,0.0,6789.82675075531
192,11520000000000,1156.0,1156.0,1156.0,1156.0,1156.0,1156,24.0,24.0,24.0,24.0,24.0,1156,0.0,0.0,0.0,0.0,0.0,1156,4.0,8.0,4.3157439446366785,4.0,6.0,1156,0.0,0.0,0.0,0.0,0.0,0,0.0,0.0,0.0,0.0,0.0,0,1.0,1.0,1.0,1.0,1.0,552,0.9999999999999996,1.0000000000000002,1.0,1.0,1.0000000000000002,552,1.0,1.2,1.0143758448202291,1.0,1.1,552,0.9999999999999996,1.0000000000000002,1.0,1.0,1.0000000000000002,552,552.0,0.0,0.0,0.0,552.0,552.0,0.0,0.0,0.0,0.0,0.0,0.0,1.0,0.0,0.0,1156.0,2312.0,1156.0,1336336.0,5366.512466222048,0.0,0.0,0.0,0.0,0.0,0.0,0.0,0.0,0.0,0.0,0.0,0.0,0.0,0.0,0.0,0.0,7053.734932094812
193,11580000000000,1156.0,1156.0,1156.0,1156.0,1156.0,1156,24.0,24.0,24.0,24.0,24.0,1156,0.0,0.0,0.0,0.0,0.0,1156,4.0,8.0,4.311418685121107,4.0,6.0,1156,0.0,0.0,0.0,0.0,0.0,0,0.0,0.0,0.0,0.0,0.0,0,1.0,1.0,1.0,1.0,1.0,552,0.9999999999999997,1.0000000000000002,1.0,1.0,1.0000000000000002,552,1.0,1.25,1.0115946773157076,1.0,1.0833333333333333,552,0.9999999999999997,1.0000000000000002,1.0,1.0,1.0000000000000002,552,552.0,0.0,0.0,0.0,552.0,552.0,0.0,0.0,0.0,0.0,0.0,0.0,1.0,0.0,0.0,1156.0,2312.0,1156.0,1336336.0,4815.7327100634575,0.0,0.0,0.0,0.0,0.0,0.0,0.0,0.0,0.0,0.0,0.0,0.0,0.0,0.0,0.0,0.0,6485.5394791811705
194,11640000000000,1156.0,1156.0,1156.0,1156.0,1156.0,1156,24.0,24.0,24.0,24.0,24.0,1156,0.0,0.0,0.0,0.0,0.0,1156,4.0,8.0,4.314878892733564,4.0,6.0,1156,0.0,0.0,0.0,0.0,0.0,0,0.0,0.0,0.0,0.0,0.0,0,1.0,1.0,1.0,1.0,1.0,552,0.9999999999999998,1.0000000000000004,1.0,1.0,1.0000000000000002,552,1.0,1.3333333333333333,1.0100178570252607,1.0,1.0767857142857133,552,0.9999999999999998,1.0000000000000004,1.0,1.0,1.0000000000000002,552,552.0,0.0,0.0,0.0,552.0,552.0,0.0,0.0,0.0,0.0,0.0,0.0,1.0,0.0,0.0,1156.0,2312.0,1156.0,1336336.0,5458.524040877819,0.0,0.0,0.0,0.0,0.0,0.0,0.0,0.0,0.0,0.0,0.0,0.0,0.0,0.0,0.0,0.0,7139.102788642049
195,11700000000000,1156.0,1156.0,1156.0,1156.0,1156.0,1156,24.0,24.0,24.0,24.0,24.0,1156,0.0,0.0,0.0,0.0,0.0,1156,4.0,8.0,4.31401384083045,4.0,6.0,1156,0.0,0.0,0.0,0.0,0.0,0,0.0,0.0,0.0,0.0,0.0,0,1.0,1.0,1.0,1.0,1.0,552,0.9999999999999996,1.0000000000000004,1.0,1.0,1.0,552,1.0,1.2,1.0143492936894603,1.0,1.1,552,0.9999999999999996,1.0000000000000004,1.0,1.0,1.0,552,552.0,0.0,0.0,0.0,552.0,552.0,0.0,0.0,0.0,0.0,0.0,0.0,1.0,0.0,0.0,1156.0,2312.0,1156.0,1336336.0,4602.945312857628,0.0,0.0,0.0,0.0,0.0,0.0,0.0,0.0,0.0,0.0,0.0,0.0,0.0,0.0,0.0,0.0,6278.775967657566
196,11760000000000,1156.0,1156.0,1156.0,1156.0,1156.0,1156,24.0,24.0,24.0,24.0,24.0,1156,0.0,0.0,0.0,0.0,0.0,1156,4.0,8.0,4.310553633217993,4.0,6.0,1156,0.0,0.0,0.0,0.0,0.0,0,0.0,0.0,0.0,0.0,0.0,0,1.0,1.0,1.0,1.0,1.0,552,0.9999999999999997,1.0000000000000002,1.0,1.0,1.0000000000000002,552,1.0,1.2,1.0109948283713224,1.0,1.0833333333333333,552,0.9999999999999997,1.0000000000000002,1.0,1.0,1.0000000000000002,552,552.0,0.0,0.0,0.0,552.0,552.0,0.0,0.0,0.0,0.0,0.0,0.0,1.0,0.0,0.0,1156.0,2312.0,1156.0,1336336.0,5426.222262904048,0.0,0.0,0.0,0.0,0.0,0.0,0.0,0.0,0.0,0.0,0.0,0.0,0.0,0.0,0.0,0.0,7098.7136252224445
197,11820000000000,1156.0,1156.0,1156.0,1156.0,1156.0,1156,24.0,24.0,24.0,24.0,24.0,1156,0.0,0.0,0.0,0.0,0.0,1156,4.0,8.0,4.312283737024221,4.0,6.0,1156,0.0,0.0,0.0,0.0,0.0,0,0.0,0.0,0.0,0.0,0.0,0,1.0,1.0,1.0,1.0,1.0,552,0.9999999999999997,1.0000000000000004,1.0,1.0,1.0000000000000002,552,1.0,1.3333333333333333,1.0103825698380235,1.0,1.0867424242424237,552,0.9999999999999997,1.0000000000000004,1.0,1.0,1.0000000000000002,552,552.0,0.0,0.0,0.0,552.0,552.0,0.0,0.0,0.0,0.0,0.0,0.0,1.0,0.0,0.0,1156.0,2312.0,1156.0,1336336.0,4588.562006130815,0.0,0.0,0.0,0.0,0.0,0.0,0.0,0.0,0.0,0.0,0.0,0.0,0.0,0.0,0.0,0.0,6272.6934514939785
198,11880000000000,1156.0,1156.0,1156.0,1156.0,1156.0,1156,24.0,24.0,24.0,24.0,24.0,1156,0.0,0.0,0.0,0.0,0.0,1156,4.0,8.0,4.317474048442906,4.0,6.0,1156,0.0,0.0,0.0,0.0,0.0,0,0.0,0.0,0.0,0.0,0.0,0,1.0,1.0,1.0,1.0,1.0,552,0.9999999999999997,1.0000000000000002,1.0,1.0,1.0000000000000002,552,1.0,1.2,1.0140039056502228,1.0,1.1,552,0.9999999999999997,1.0000000000000002,1.0,1.0,1.0000000000000002,552,552.0,0.0,0.0,0.0,552.0,552.0,0.0,0.0,0.0,0.0,0.0,0.0,1.0,0.0,0.0,1156.0,2312.0,1156.0,1336336.0,5717.240607365966,0.0,0.0,0.0,0.0,0.0,0.0,0.0,0.0,0.0,0.0,0.0,0.0,0.0,0.0,0.0,0.0,7432.656159624457
199,11940000000000,1156.0,1156.0,1156.0,1156.0,1156.0,1156,24.0,24.0,24.0,24.0,24.0,1156,0.0,0.0,0.0,0.0,0.0,1156,4.0,8.0,4.31401384083045,4.0,6.0,1156,0.0,0.0,0.0,0.0,0.0,0,0.0,0.0,0.0,0.0,0.0,0,1.0,1.0,1.0,1.0,1.0,552,0.9999999999999996,1.0000000000000004,1.0,1.0,1.0000000000000002,552,1.0,1.2,1.0104966029511693,1.0,1.0833333333333333,552,0.9999999999999996,1.0000000000000004,1.0,1.0,1.0000000000000002,552,552.0,0.0,0.0,0.0,552.0,552.0,0.0,0.0,0.0,0.0,0.0,0.0,1.0,0.0,0.0,1156.0,2312.0,1156.0,1336336.0,4759.405914694071,0.0,0.0,0.0,0.0,0.0,0.0,0.0,0.0,0.0,0.0,0.0,0.0,0.0,0.0,0.0,0.0,6443.830432370305
200,12000000000000,1156.0,1156.0,1156.0,1156.0,1156.0,1156,24.0,24.0,24.0,24.0,24.0,1156,0.0,0.0,0.0,0.0,0.0,1156,4.0,8.0,4.307958477508651,4.0,6.0,1156,0.0,0.0,0.0,0.0,0.0,0,0.0,0.0,0.0,0.0,0.0,0,1.0,1.0,1.0,1.0,1.0,552,0.9999999999999996,1.0000000000000002,1.0,1.0,1.0000000000000002,552,1.0,1.3333333333333333,1.0105589877542809,1.0,1.0833333333333333,552,0.9999999999999996,1.0000000000000002,1.0,1.0,1.0000000000000002,552,552.0,0.0,0.0,0.0,552.0,552.0,0.0,0.0,0.0,0.0,0.0,0.0,1.0,0.0,0.0,1156.0,2312.0,1156.0,1336336.0,5653.215859085321,0.0,0.0,0.0,0.0,0.0,0.0,0.0,0.0,0.0,0.0,0.0,0.0,0.0,0.0,0.0,0.0,7341.123109683394
201,12060000000000,1156.0,1156.0,1156.0,1156.0,1156.0,1156,24.0,24.0,24.0,24.0,24.0,1156,0.0,0.0,0.0,0.0,0.0,1156,4.0,8.0,4.319204152249135,4.0,6.0,1156,0.0,0.0,0.0,0.0,0.0,0,0.0,0.0,0.0,0.0,0.0,0,1.0,1.0,1.0,1.0,1.0,552,0.9999999999999996,1.0000000000000004,1.0,1.0,1.0000000000000002,552,1.0,1.2,1.0138081898725957,1.0,1.1,552,0.9999999999999996,1.0000000000000004,1.0,1.0,1.0000000000000002,552,552.0,0.0,0.0,0.0,552.0,552.0,0.0,0.0,0.0,0.0,0.0,0.0,1.0,0.0,0.0,1156.0,2312.0,1156.0,1336336.0,4585.926156491041,0.0,0.0,0.0,0.0,0.0,0.0,0.0,0.0,0.0,0.0,0.0,0.0,0.0,0.0,0.0,0.0,6284.123918041587
202,12120000000000,1156.0,1156.0,1156.0,1156.0,1156.0,1156,24.0,24.0,24.0,24.0,24.0,1156,0.0,0.0,0.0,0.0,0.0,1156,4.0,8.0,4.3166089965397925,4.0,6.0,1156,0.0,0.0,0.0,0.0,0.0,0,0.0,0.0,0.0,0.0,0.0,0,1.0,1.0,1.0,1.0,1.0,552,0.9999999999999997,1.0000000000000002,1.0,1.0,1.0000000000000002,552,1.0,1.1428571428571428,1.0077146619299377,1.0,1.0739010989010984,552,0.9999999999999997,1.0000000000000002,1.0,1.0,1.0000000000000002,552,552.0,0.0,0.0,0.0,552.0,552.0,0.0,0.0,0.0,0.0,0.0,0.0,1.0,0.0,0.0,1156.0,2312.0,1156.0,1336336.0,5709.76060628891,0.0,0.0,0.0,0.0,0.0,0.0,0.0,0.0,0.0,0.0,0.0,0.0,0.0,0.0,0.0,0.0,7419.211369007826
203,12180000000000,1156.0,1156.0,1156.0,1156.0,1156.0,1156,24.0,24.0,24.0,24.0,24.0,1156,0.0,0.0,0.0,0.0,0.0,1156,4.0,8.0,4.307958477508651,4.0,6.0,1156,0.0,0.0,0.0,0.0,0.0,0,0.0,0.0,0.0,0.0,0.0,0,1.0,1.0,1.0,1.0,1.0,552,0.9999999999999997,1.0000000000000004,1.0,1.0,1.0000000000000002,552,1.0,1.3333333333333333,1.0098445877623177,1.0,1.0769230769230769,552,0.9999999999999997,1.0000000000000004,1.0,1.0,1.0000000000000002,552,552.0,0.0,0.0,0.0,552.0,552.0,0.0,0.0,0.0,0.0,0.0,0.0,1.0,0.0,0.0,1156.0,2312.0,1156.0,1336336.0,4963.548179715872,0.0,0.0,0.0,0.0,0.0,0.0,0.0,0.0,0.0,0.0,0.0,0.0,0.0,0.0,0.0,0.0,6612.83491179347
204,12240000000000,1156.0,1156.0,1156.0,1156.0,1156.0,1156,24.0,24.0,24.0,24.0,24.0,1156,0.0,0.0,0.0,0.0,0.0,1156,4.0,8.0,4.314878892733564,4.0,6.0,1156,0.0,0.0,0.0,0.0,0.0,0,0.0,0.0,0.0,0.0,0.0,0,1.0,1.0,1.0,1.0,1.0,552,0.9999999999999997,1.0000000000000002,1.0,1.0,1.0000000000000002,552,1.0,1.2,1.0129057432512478,1.0,1.0909090909090908,552,0.9999999999999997,1.0000000000000002,1.0,1.0,1.0000000000000002,552,552.0,0.0,0.0,0.0,552.0,552.0,0.0,0.0,0.0,0.0,0.0,0.0,1.0,0.0,0.0,1156.0,2312.0,1156.0,1336336.0,5730.123454704881,0.0,0.0,0.0,0.0,0.0,0.0,0.0,0.0,0.0,0.0,0.0,0.0,0.0,0.0,0.0,0.0,7441.85627438128
205,12300000000000,1156.0,1156.0,1156.0,1156.0,1156.0,1156,24.0,24.0,24.0,24.0,24.0,1156,0.0,0.0,0.0,0.0,0.0,1156,4.0,8.0,4.311418685121107,4.0,6.0,1156,0.0,0.0,0.0,0.0,0.0,0,0.0,0.0,0.0,0.0,0.0,0,1.0,1.0,1.0,1.0,1.0,552,0.9999999999999997,1.0000000000000002,1.0,1.0,1.0000000000000002,552,1.0,1.2,1.0066054651685672,1.0,1.0625,552,0.9999999999999997,1.0000000000000002,1.0,1.0,1.0000000000000002,552,552.0,0.0,0.0,0.0,552.0,552.0,0.0,0.0,0.0,0.0,0.0,0.0,1.0,0.0,0.0,1156.0,2312.0,1156.0,1336336.0,5078.641435131431,0.0,0.0,0.0,0.0,0.0,0.0,0.0,0.0,0.0,0.0,0.0,0.0,0.0,0.0,0.0,0.0,6731.325387954712
206,12360000000000,1156.0,1156.0,1156.0,1156.0,1156.0,1156,24.0,24.0,24.0,24.0,24.0,1156,0.0,0.0,0.0,0.0,0.0,1156,4.0,8.0,4.3157439446366785,4.0,6.0,1156,0.0,0.0,0.0,0.0,0.0,0,0.0,0.0,0.0,0.0,0.0,0,1.0,1.0,1.0,1.0,1.0,552,0.9999999999999997,1.0000000000000004,1.0,1.0,1.0000000000000002,552,1.0,1.3333333333333333,1.0107542849196172,1.0,1.0769230769230769,552,0.9999999999999997,1.0000000000000004,1.0,1.0,1.0000000000000002,552,552.0,0.0,0.0,0.0,552.0,552.0,0.0,0.0,0.0,0.0,0.0,0.0,1.0,0.0,0.0,1156.0,2312.0,1156.0,1336336.0,5661.702997982502,0.0,0.0,0.0,0.0,0.0,0.0,0.0,0.0,0.0,0.0,0.0,0.0,0.0,0.0,0.0,0.0,7363.847522065043
207,12420000000000,1156.0,1156.0,1156.0,1156.0,1156.0,1156,24.0,24.0,24.0,24.0,24.0,1156,0.0,0.0,0.0,0.0,0.0,1156,4.0,8.0,4.311418685121107,4.0,6.0,1156,0.0,0.0,0.0,0.0,0.0,0,0.0,0.0,0.0,0.0,0.0,0,1.0,1.0,1.0,1.0,1.0,552,0.9999999999999997,1.0000000000000004,1.0,1.0,1.0000000000000002,552,1.0,1.2222222222222223,1.0125447481462595,1.0,1.0909090909090908,552,0.9999999999999997,1.0000000000000004,1.0,1.0,1.0000000000000002,552,552.0,0.0,0.0,0.0,552.0,552.0,0.0,0.0,0.0,0.0,0.0,0.0,1.0,0.0,0.0,1156.0,2312.0,1156.0,1336336.0,5253.629442304373,0.0,0.0,0.0,0.0,0.0,0.0,0.0,0.0,0.0,0.0,0.0,0.0,0.0,0.0,0.0,0.0,6914.205305278301
208,12480000000000,1156.0,1156.0,1156.0,1156.0,1156.0,1156,24.0,24.0,24.0,24.0,24.0,1156,0.0,0.0,0.0,0.0,0.0,1156,4.0,8.0,4.309688581314879,4.0,6.0,1156,0.0,0.0,0.0,0.0,0.0,0,0.0,0.0,0.0,0.0,0.0,0,1.0,1.0,1.0,1.0,1.0,552,0.9999999999999996,1.0000000000000004,1.0,1.0,1.0000000000000002,552,1.0,1.2,1.006630123481269,1.0,1.0643749999999996,552,0.9999999999999996,1.0000000000000004,1.0,1.0,1.0000000000000002,552,552.0,0.0,0.0,0.0,552.0,552.0,0.0,0.0,0.0,0.0,0.0,0.0,1.0,0.0,0.0,1156.0,2312.0,1156.0,1336336.0,5632.4068661779165,0.0,0.0,0.0,0.0,0.0,0.0,0.0,0.0,0.0,0.0,0.0,0.0,0.0,0.0,0.0,0.0,7309.289865195751
209,12540000000000,1156.0,1156.0,1156.0,1156.0,1156.0,1156,24.0,24.0,24.0,24.0,24.0,1156,0.0,0.0,0.0,0.0,0.0,1156,4.0,8.0,4.3088235294117645,4.0,6.0,1156,0.0,0.0,0.0,0.0,0.0,0,0.0,0.0,0.0,0.0,0.0,0,1.0,1.0,1.0,1.0,1.0,552,0.9999999999999997,1.0000000000000004,1.0,1.0,1.0000000000000002,552,1.0,1.3333333333333333,1.0097369683459212,1.0,1.0739010989010984,552,0.9999999999999997,1.0000000000000004,1.0,1.0,1.0000000000000002,552,552.0,0.0,0.0,0.0,552.0,552.0,0.0,0.0,0.0,0.0,0.0,0.0,1.0,0.0,0.0,1156.0,2312.0,1156.0,1336336.0,5390.708973631263,0.0,0.0,0.0,0.0,0.0,0.0,0.0,0.0,0.0,0.0,0.0,0.0,0.0,0.0,0.0,0.0,7005.133219063282
210,12600000000000,1156.0,1156.0,1156.0,1156.0,1156.0,1156,24.0,24.0,24.0,24.0,24.0,1156,0.0,0.0,0.0,0.0,0.0,1156,4.0,8.0,4.309688581314879,4.0,6.0,1156,0.0,0.0,0.0,0.0,0.0,0,0.0,0.0,0.0,0.0,0.0,0,1.0,1.0,1.0,1.0,1.0,552,0.9999999999999997,1.0000000000000002,1.0,1.0,1.0000000000000002,552,1.0,1.3333333333333333,1.0122907264597603,1.0,1.0769230769230769,552,0.9999999999999997,1.0000000000000002,1.0,1.0,1.0000000000000002,552,552.0,0.0,0.0,0.0,552.0,552.0,0.0,0.0,0.0,0.0,0.0,0.0,1.0,0.0,0.0,1156.0,2312.0,1156.0,1336336.0,5443.430814892054,0.0,0.0,0.0,0.0,0.0,0.0,0.0,0.0,0.0,0.0,0.0,0.0,0.0,0.0,0.0,0.0,7081.83983899653
211,12660000000000,1156.0,1156.0,1156.0,1156.0,1156.0,1156,24.0,24.0,24.0,24.0,24.0,1156,0.0,0.0,0.0,0.0,0.0,1156,4.0,8.0,4.304498269896194,4.0,6.0,1156,0.0,0.0,0.0,0.0,0.0,0,0.0,0.0,0.0,0.0,0.0,0,1.0,1.0,1.0,1.0,1.0,552,0.9999999999999997,1.0000000000000004,1.0,1.0,1.0000000000000002,552,1.0,1.3333333333333333,1.0079523787526028,1.0,1.0769230769230769,552,0.9999999999999997,1.0000000000000004,1.0,1.0,1.0000000000000002,552,552.0,0.0,0.0,0.0,552.0,552.0,0.0,0.0,0.0,0.0,0.0,0.0,1.0,0.0,0.0,1156.0,2312.0,1156.0,1336336.0,5360.022988170385,0.0,0.0,0.0,0.0,0.0,0.0,0.0,0.0,0.0,0.0,0.0,0.0,0.0,0.0,0.0,0.0,6965.650519356132
212,12720000000000,1156.0,1156.0,1156.0,1156.0,1156.0,1156,24.0,24.0,24.0,24.0,24.0,1156,0.0,0.0,0.0,0.0,0.0,1156,4.0,8.0,4.306228373702422,4.0,6.0,1156,0.0,0.0,0.0,0.0,0.0,0,0.0,0.0,0.0,0.0,0.0,0,1.0,1.0,1.0,1.0,1.0,552,0.9999999999999998,1.0000000000000002,1.0,1.0,1.0000000000000002,552,1.0,1.3333333333333333,1.0106167280483414,1.0,1.0798076923076918,552,0.9999999999999998,1.0000000000000002,1.0,1.0,1.0000000000000002,552,552.0,0.0,0.0,0.0,552.0,552.0,0.0,0.0,0.0,0.0,0.0,0.0,1.0,0.0,0.0,1156.0,2312.0,1156.0,1336336.0,5053.901184350252,0.0,0.0,0.0,0.0,0.0,0.0,0.0,0.0,0.0,0.0,0.0,0.0,0.0,0.0,0.0,0.0,6675.885735079646
213,12780000000000,1156.0,1156.0,1156.0,1156.0,1156.0,1156,24.0,24.0,24.0,24.0,24.0,1156,0.0,0.0,0.0,0.0,0.0,1156,4.0,8.0,4.307958477508651,4.0,6.0,1156,0.0,0.0,0.0,0.0,0.0,0,0.0,0.0,0.0,0.0,0.0,0,1.0,1.0,1.0,1.0,1.0,552,0.9999999999999997,1.0000000000000004,1.0,1.0,1.0000000000000002,552,1.0,1.3333333333333333,1.0107081973878043,1.0,1.0769230769230769,552,0.9999999999999997,1.0000000000000004,1.0,1.0,1.0000000000000002,552,552.0,0.0,0.0,0.0,552.0,552.0,0.0,0.0,0.0,0.0,0.0,0.0,1.0,0.0,0.0,1156.0,2312.0,1156.0,1336336.0,5583.100227639079,0.0,0.0,0.0,0.0,0.0,0.0,0.0,0.0,0.0,0.0,0.0,0.0,0.0,0.0,0.0,0.0,7208.836244419217
214,12840000000000,1156.0,1156.0,1156.0,1156.0,1156.0,1156,24.0,24.0,24.0,24.0,24.0,1156,0.0,0.0,0.0,0.0,0.0,1156,4.0,8.0,4.301038062283737,4.0,6.0,1156,0.0,0.0,0.0,0.0,0.0,0,0.0,0.0,0.0,0.0,0.0,0,1.0,1.0,1.0,1.0,1.0,552,0.9999999999999998,1.0000000000000004,1.0,1.0,1.0000000000000002,552,1.0,1.3333333333333333,1.0087752839148387,1.0,1.0833333333333333,552,0.9999999999999998,1.0000000000000004,1.0,1.0,1.0000000000000002,552,552.0,0.0,0.0,0.0,552.0,552.0,0.0,0.0,0.0,0.0,0.0,0.0,1.0,0.0,0.0,1156.0,2312.0,1156.0,1336336.0,4889.67789337039,0.0,0.0,0.0,0.0,0.0,0.0,0.0,0.0,0.0,0.0,0.0,0.0,0.0,0.0,0.0,0.0,6491.116719320416
215,12900000000000,1156.0,1156.0,1156.0,1156.0,1156.0,1156,24.0,24.0,24.0,24.0,24.0,1156,0.0,0.0,0.0,0.0,0.0,1156,4.0,8.0,4.312283737024221,4.0,6.0,1156,0.0,0.0,0.0,0.0,0.0,0,0.0,0.0,0.0,0.0,0.0,0,1.0,1.0,1.0,1.0,1.0,552,0.9999999999999997,1.0000000000000004,1.0,1.0,1.0000000000000002,552,1.0,1.3333333333333333,1.0115150786557714,1.0,1.0833333333333333,552,0.9999999999999997,1.0000000000000004,1.0,1.0,1.0000000000000002,552,552.0,0.0,0.0,0.0,552.0,552.0,0.0,0.0,0.0,0.0,0.0,0.0,1.0,0.0,0.0,1156.0,2312.0,1156.0,1336336.0,5835.15059389174,0.0,0.0,0.0,0.0,0.0,0.0,0.0,0.0,0.0,0.0,0.0,0.0,0.0,0.0,0.0,0.0,7450.324676930904
216,12960000000000,1156.0,1156.0,1156.0,1156.0,1156.0,1156,24.0,24.0,24.0,24.0,24.0,1156,0.0,0.0,0.0,0.0,0.0,1156,4.0,8.0,4.307093425605537,4.0,6.0,1156,0.0,0.0,0.0,0.0,0.0,0,0.0,0.0,0.0,0.0,0.0,0,1.0,1.0,1.0,1.0,1.0,552,0.9999999999999997,1.0000000000000002,1.0,1.0,1.0000000000000002,552,1.0,1.3333333333333333,1.0108747980204014,1.0,1.0769230769230769,552,0.9999999999999997,1.0000000000000002,1.0,1.0,1.0000000000000002,552,552.0,0.0,0.0,0.0,552.0,552.0,0.0,0.0,0.0,0.0,0.0,0.0,1.0,0.0,0.0,1156.0,2312.0,1156.0,1336336.0,4518.32246594131,0.0,0.0,0.0,0.0,0.0,0.0,0.0,0.0,0.0,0.0,0.0,0.0,0.0,0.0,0.0,0.0,6133.975189179182
217,13020000000000,1156.0,1156.0,1156.0,1156.0,1156.0,1156,24.0,24.0,24.0,24.0,24.0,1156,0.0,0.0,0.0,0.0,0.0,1156,4.0,8.0,4.302768166089965,4.0,6.0,1156,0.0,0.0,0.0,0.0,0.0,0,0.0,0.0,0.0,0.0,0.0,0,1.0,1.0,1.0,1.0,1.0,552,0.9999999999999997,1.0000000000000002,1.0,1.0,1.0000000000000002,552,1.0,1.15,1.00799072980148,1.0,1.0833333333333333,552,0.9999999999999997,1.0000000000000002,1.0,1.0,1.0000000000000002,552,552.0,0.0,0.0,0.0,552.0,552.0,0.0,0.0,0.0,0.0,0.0,0.0,1.0,0.0,0.0,1156.0,2312.0,1156.0,1336336.0,5700.655739754438,0.0,0.0,0.0,0.0,0.0,0.0,0.0,0.0,0.0,0.0,0.0,0.0,0.0,0.0,0.0,0.0,7301.192760467529
218,13080000000000,1156.0,1156.0,1156.0,1156.0,1156.0,1156,24.0,24.0,24.0,24.0,24.0,1156,0.0,0.0,0.0,0.0,0.0,1156,4.0,8.0,4.312283737024221,4.0,6.0,1156,0.0,0.0,0.0,0.0,0.0,0,0.0,0.0,0.0,0.0,0.0,0,1.0,1.0,1.0,1.0,1.0,552,0.9999999999999997,1.0000000000000002,1.0,1.0,1.0000000000000002,552,1.0,1.1666666666666667,1.010583973809478,1.0,1.0833333333333333,552,0.9999999999999997,1.0000000000000002,1.0,1.0,1.0000000000000002,552,552.0,0.0,0.0,0.0,552.0,552.0,0.0,0.0,0.0,0.0,0.0,0.0,1.0,0.0,0.0,1156.0,2312.0,1156.0,1336336.0,4142.128873616457,0.0,0.0,0.0,0.0,0.0,0.0,0.0,0.0,0.0,0.0,0.0,0.0,0.0,0.0,0.0,0.0,5767.387833446264
219,13140000000000,1156.0,1156.0,1156.0,1156.0,1156.0,1156,24.0,24.0,24.0,24.0,24.0,1156,0.0,0.0,0.0,0.0,0.0,1156,4.0,8.0,4.303633217993079,4.0,6.0,1156,0.0,0.0,0.0,0.0,0.0,0,0.0,0.0,0.0,0.0,0.0,0,1.0,1.0,1.0,1.0,1.0,552,0.9999999999999996,1.0000000000000002,1.0,1.0,1.0000000000000002,552,1.0,1.3333333333333333,1.0104423557222555,1.0,1.0769230769230769,552,0.9999999999999996,1.0000000000000002,1.0,1.0,1.0000000000000002,552,552.0,0.0,0.0,0.0,552.0,552.0,0.0,0.0,0.0,0.0,0.0,0.0,1.0,0.0,0.0,1156.0,2312.0,1156.0,1336336.0,5631.539369001985,0.0,0.0,0.0,0.0,0.0,0.0,0.0,0.0,0.0,0.0,0.0,0.0,0.0,0.0,0.0,0.0,7316.436264663935
220,13200000000000,1156.0,1156.0,1156.0,1156.0,1156.0,1156,24.0,24.0,24.0,24.0,24.0,1156,0.0,0.0,0.0,0.0,0.0,1156,4.0,8.0,4.304498269896194,4.0,6.0,1156,0.0,0.0,0.0,0.0,0.0,0,0.0,0.0,0.0,0.0,0.0,0,1.0,1.0,1.0,1.0,1.0,552,0.9999999999999997,1.0000000000000004,1.0,1.0,1.0000000000000002,552,1.0,1.1666666666666667,1.010823189096477,1.0,1.0833333333333333,552,0.9999999999999997,1.0000000000000004,1.0,1.0,1.0000000000000002,552,552.0,0.0,0.0,0.0,552.0,552.0,0.0,0.0,0.0,0.0,0.0,0.0,1.0,0.0,0.0,1156.0,2312.0,1156.0,1336336.0,4536.750357598066,0.0,0.0,0.0,0.0,0.0,0.0,0.0,0.0,0.0,0.0,0.0,0.0,0.0,0.0,0.0,0.0,6117.406951263547
221,13260000000000,1156.0,1156.0,1156.0,1156.0,1156.0,1156,24.0,24.0,24.0,24.0,24.0,1156,0.0,0.0,0.0,0.0,0.0,1156,4.0,8.0,4.3088235294117645,4.0,6.0,1156,0.0,0.0,0.0,0.0,0.0,0,0.0,0.0,0.0,0.0,0.0,0,1.0,1.0,1.0,1.0,1.0,552,0.9999999999999998,1.0000000000000002,1.0,1.0,1.0000000000000002,552,1.0,1.1666666666666667,1.011406502835262,1.0,1.0833333333333333,552,0.9999999999999998,1.0000000000000002,1.0,1.0,1.0000000000000002,552,552.0,0.0,0.0,0.0,552.0,552.0,0.0,0.0,0.0,0.0,0.0,0.0,1.0,0.0,0.0,1156.0,2312.0,1156.0,1336336.0,5824.449397623539,0.0,0.0,0.0,0.0,0.0,0.0,0.0,0.0,0.0,0.0,0.0,0.0,0.0,0.0,0.0,0.0,7441.8022111058235
222,13320000000000,1156.0,1156.0,1156.0,1156.0,1156.0,1156,24.0,24.0,24.0,24.0,24.0,1156,0.0,0.0,0.0,0.0,0.0,1156,4.0,8.0,4.299307958477509,4.0,6.0,1156,0.0,0.0,0.0,0.0,0.0,0,0.0,0.0,0.0,0.0,0.0,0,1.0,1.0,1.0,1.0,1.0,552,0.9999999999999996,1.0000000000000004,1.0,1.0,1.0000000000000002,552,1.0,1.3333333333333333,1.0092329981869708,1.0,1.0714285714285714,552,0.9999999999999996,1.0000000000000004,1.0,1.0,1.0000000000000002,552,552.0,0.0,0.0,0.0,552.0,552.0,0.0,0.0,0.0,0.0,0.0,0.0,1.0,0.0,0.0,1156.0,2312.0,1156.0,1336336.0,4635.618142783642,0.0,0.0,0.0,0.0,0.0,0.0,0.0,0.0,0.0,0.0,0.0,0.0,0.0,0.0,0.0,0.0,6191.296949982643
223,13380000000000,1156.0,1156.0,1156.0,1156.0,1156.0,1156,24.0,24.0,24.0,24.0,24.0,1156,0.0,0.0,0.0,0.0,0.0,1156,4.0,8.0,4.3088235294117645,4.0,6.0,1156,0.0,0.0,0.0,0.0,0.0,0,0.0,0.0,0.0,0.0,0.0,0,1.0,1.0,1.0,1.0,1.0,552,0.9999999999999997,1.0000000000000004,1.0,1.0,1.0000000000000002,552,1.0,1.1666666666666667,1.0103486639437207,1.0,1.0833333333333333,552,0.9999999999999997,1.0000000000000004,1.0,1.0,1.0000000000000002,552,552.0,0.0,0.0,0.0,552.0,552.0,0.0,0.0,0.0,0.0,0.0,0.0,1.0,0.0,0.0,1156.0,2312.0,1156.0,1336336.0,5747.7767411619425,0.0,0.0,0.0,0.0,0.0,0.0,0.0,0.0,0.0,0.0,0.0,0.0,0.0,0.0,0.0,0.0,7368.279624730349
224,13440000000000,1156.0,1156.0,1156.0,1156.0,1156.0,1156,24.0,24.0,24.0,24.0,24.0,1156,0.0,0.0,0.0,0.0,0.0,1156,4.0,8.0,4.313148788927336,4.0,6.0,1156,0.0,0.0,0.0,0.0,0.0,0,0.0,0.0,0.0,0.0,0.0,0,1.0,1.0,1.0,1.0,1.0,552,0.9999999999999996,1.0000000000000004,1.0,1.0,1.0000000000000002,552,1.0,1.1666666666666667,1.0111548959689527,1.0,1.0833333333333333,552,0.9999999999999996,1.0000000000000004,1.0,1.0,1.0000000000000002,552,552.0,0.0,0.0,0.0,552.0,552.0,0.0,0.0,0.0,0.0,0.0,0.0,1.0,0.0,0.0,1156.0,2312.0,1156.0,1336336.0,4869.062602519989,0.0,0.0,0.0,0.0,0.0,0.0,0.0,0.0,0.0,0.0,0.0,0.0,0.0,0.0,0.0,0.0,6498.464148491621
225,13500000000000,1156.0,1156.0,1156.0,1156.0,1156.0,1156,24.0,24.0,24.0,24.0,24.0,1156,0.0,0.0,0.0,0.0,0.0,1156,4.0,8.0,4.299307958477509,4.0,6.0,1156,0.0,0.0,0.0,0.0,0.0,0,0.0,0.0,0.0,0.0,0.0,0,1.0,1.0,1.0,1.0,1.0,552,0.9999999999999998,1.0000000000000002,1.0,1.0,1.0000000000000002,552,1.0,1.3333333333333333,1.010608939441498,1.0,1.0798076923076918,552,0.9999999999999998,1.0000000000000002,1.0,1.0,1.0000000000000002,552,552.0,0.0,0.0,0.0,552.0,552.0,0.0,0.0,0.0,0.0,0.0,0.0,1.0,0.0,0.0,1156.0,2312.0,1156.0,1336336.0,5492.390410974622,0.0,0.0,0.0,0.0,0.0,0.0,0.0,0.0,0.0,0.0,0.0,0.0,0.0,0.0,0.0,0.0,7083.962555974722
226,13560000000000,1156.0,1156.0,1156.0,1156.0,1156.0,1156,24.0,24.0,24.0,24.0,24.0,1156,0.0,0.0,0.0,0.0,0.0,1156,4.0,8.0,4.310553633217993,4.0,6.0,1156,0.0,0.0,0.0,0.0,0.0,0,0.0,0.0,0.0,0.0,0.0,0,1.0,1.0,1.0,1.0,1.0,552,0.9999999999999997,1.0000000000000004,1.0,1.0,1.0000000000000002,552,1.0,1.1764705882352942,1.0119588688298415,1.0,1.0887351778656122,552,0.9999999999999997,1.0000000000000004,1.0,1.0,1.0000000000000002,552,552.0,0.0,0.0,0.0,552.0,552.0,0.0,0.0,0.0,0.0,0.0,0.0,1.0,0.0,0.0,1156.0,2312.0,1156.0,1336336.0,4985.238866880536,0.0,0.0,0.0,0.0,0.0,0.0,0.0,0.0,0.0,0.0,0.0,0.0,0.0,0.0,0.0,0.0,6631.8334471434355
227,13620000000000,1156.0,1156.0,1156.0,1156.0,1156.0,1156,24.0,24.0,24.0,24.0,24.0,1156,0.0,0.0,0.0,0.0,0.0,1156,4.0,8.0,4.312283737024221,4.0,6.0,1156,0.0,0.0,0.0,0.0,0.0,0,0.0,0.0,0.0,0.0,0.0,0,1.0,1.0,1.0,1.0,1.0,552,0.9999999999999997,1.0000000000000002,1.0,1.0,1.0000000000000002,552,1.0,1.1666666666666667,1.0112814791000346,1.0,1.0833333333333333,552,0.9999999999999997,1.0000000000000002,1.0,1.0,1.0000000000000002,552,552.0,0.0,0.0,0.0,552.0,552.0,0.0,0.0,0.0,0.0,0.0,0.0,1.0,0.0,0.0,1156.0,2312.0,1156.0,1336336.0,5385.159946978092,0.0,0.0,0.0,0.0,0.0,0.0,0.0,0.0,0.0,0.0,0.0,0.0,0.0,0.0,0.0,0.0,7010.924929752946
228,13680000000000,1156.0,1156.0,1156.0,1156.0,1156.0,1156,24.0,24.0,24.0,24.0,24.0,1156,0.0,0.0,0.0,0.0,0.0,1156,4.0,8.0,4.301903114186851,4.0,6.0,1156,0.0,0.0,0.0,0.0,0.0,0,0.0,0.0,0.0,0.0,0.0,0,1.0,1.0,1.0,1.0,1.0,552,0.9999999999999996,1.0000000000000002,1.0,1.0,1.0,552,1.0,1.3333333333333333,1.010110150796355,1.0,1.0798076923076918,552,0.9999999999999996,1.0000000000000002,1.0,1.0,1.0,552,552.0,0.0,0.0,0.0,552.0,552.0,0.0,0.0,0.0,0.0,0.0,0.0,1.0,0.0,0.0,1156.0,2312.0,1156.0,1336336.0,5433.184027671814,0.0,0.0,0.0,0.0,0.0,0.0,0.0,0.0,0.0,0.0,0.0,0.0,0.0,0.0,0.0,0.0,7022.969111800194
229,13740000000000,1156.0,1156.0,1156.0,1156.0,1156.0,1156,24.0,24.0,24.0,24.0,24.0,1156,0.0,0.0,0.0,0.0,0.0,1156,4.0,8.0,4.3166089965397925,4.0,6.0,1156,0.0,0.0,0.0,0.0,0.0,0,0.0,0.0,0.0,0.0,0.0,0,1.0,1.0,1.0,1.0,1.0,552,0.9999999999999998,1.0000000000000004,1.0,1.0,1.0000000000000002,552,1.0,1.1666666666666667,1.0116848512826395,1.0,1.0833333333333333,552,0.9999999999999998,1.0000000000000004,1.0,1.0,1.0000000000000002,552,552.0,0.0,0.0,0.0,552.0,552.0,0.0,0.0,0.0,0.0,0.0,0.0,1.0,0.0,0.0,1156.0,2312.0,1156.0,1336336.0,5097.638953477144,0.0,0.0,0.0,0.0,0.0,0.0,0.0,0.0,0.0,0.0,0.0,0.0,0.0,0.0,0.0,0.0,6737.538719549775
230,13800000000000,1156.0,1156.0,1156.0,1156.0,1156.0,1156,24.0,24.0,24.0,24.0,24.0,1156,0.0,0.0,0.0,0.0,0.0,1156,4.0,8.0,4.31401384083045,4.0,6.0,1156,0.0,0.0,0.0,0.0,0.0,0,0.0,0.0,0.0,0.0,0.0,0,1.0,1.0,1.0,1.0,1.0,552,0.9999999999999997,1.0000000000000002,1.0,1.0,1.0000000000000002,552,1.0,1.1666666666666667,1.0109775878038623,1.0,1.0867424242424237,552,0.9999999999999997,1.0000000000000002,1.0,1.0,1.0000000000000002,552,552.0,0.0,0.0,0.0,552.0,552.0,0.0,0.0,0.0,0.0,0.0,0.0,1.0,0.0,0.0,1156.0,2312.0,1156.0,1336336.0,5753.23168374598,0.0,0.0,0.0,0.0,0.0,0.0,0.0,0.0,0.0,0.0,0.0,0.0,0.0,0.0,0.0,0.0,7409.195706248283
231,13860000000000,1156.0,1156.0,1156.0,1156.0,1156.0,1156,24.0,24.0,24.0,24.0,24.0,1156,0.0,0.0,0.0,0.0,0.0,1156,4.0,8.0,4.300173010380623,4.0,6.0,1156,0.0,0.0,0.0,0.0,0.0,0,0.0,0.0,0.0,0.0,0.0,0,1.0,1.0,1.0,1.0,1.0,552,0.9999999999999997,1.0000000000000002,1.0,1.0,1.0000000000000002,552,1.0,1.3333333333333333,1.00922891982157,1.0,1.0714285714285714,552,0.9999999999999997,1.0000000000000002,1.0,1.0,1.0000000000000002,552,552.0,0.0,0.0,0.0,552.0,552.0,0.0,0.0,0.0,0.0,0.0,0.0,1.0,0.0,0.0,1156.0,2312.0,1156.0,1336336.0,5020.988419651985,0.0,0.0,0.0,0.0,0.0,0.0,0.0,0.0,0.0,0.0,0.0,0.0,0.0,0.0,0.0,0.0,6629.907766357064
232,13920000000000,1156.0,1156.0,1156.0,1156.0,1156.0,1156,24.0,24.0,24.0,24.0,24.0,1156,0.0,0.0,0.0,0.0,0.0,1156,4.0,8.0,4.314878892733564,4.0,6.0,1156,0.0,0.0,0.0,0.0,0.0,0,0.0,0.0,0.0,0.0,0.0,0,1.0,1.0,1.0,1.0,1.0,552,0.9999999999999996,1.0000000000000002,1.0,1.0,1.0000000000000002,552,1.0,1.1666666666666667,1.0116443144384868,1.0,1.0833333333333333,552,0.9999999999999996,1.0000000000000002,1.0,1.0,1.0000000000000002,552,552.0,0.0,0.0,0.0,552.0,552.0,0.0,0.0,0.0,0.0,0.0,0.0,1.0,0.0,0.0,1156.0,2312.0,1156.0,1336336.0,5847.731878980994,0.0,0.0,0.0,0.0,0.0,0.0,0.0,0.0,0.0,0.0,0.0,0.0,0.0,0.0,0.0,0.0,7543.338542804122
233,13980000000000,1156.0,1156.0,1156.0,1156.0,1156.0,1156,24.0,24.0,24.0,24.0,24.0,1156,0.0,0.0,0.0,0.0,0.0,1156,4.0,8.0,4.314878892733564,4.0,6.0,1156,0.0,0.0,0.0,0.0,0.0,0,0.0,0.0,0.0,0.0,0.0,0,1.0,1.0,1.0,1.0,1.0,552,0.9999999999999998,1.0000000000000004,1.0,1.0,1.0000000000000002,552,1.0,1.1666666666666667,1.009601837286418,1.0,1.0833333333333333,552,0.9999999999999998,1.0000000000000004,1.0,1.0,1.0000000000000002,552,552.0,0.0,0.0,0.0,552.0,552.0,0.0,0.0,0.0,0.0,0.0,0.0,1.0,0.0,0.0,1156.0,2312.0,1156.0,1336336.0,4528.517408296466,0.0,0.0,0.0,0.0,0.0,0.0,0.0,0.0,0.0,0.0,0.0,0.0,0.0,0.0,0.0,0.0,6149.663766846061
234,14040000000000,1156.0,1156.0,1156.0,1156.0,1156.0,1156,24.0,24.0,24.0,24.0,24.0,1156,0.0,0.0,0.0,0.0,0.0,1156,4.0,8.0,4.300173010380623,4.0,6.0,1156,0.0,0.0,0.0,0.0,0.0,0,0.0,0.0,0.0,0.0,0.0,0,1.0,1.0,1.0,1.0,1.0,552,0.9999999999999997,1.0000000000000004,1.0,1.0,1.0,552,1.0,1.3333333333333333,1.0084566990746302,1.0,1.0643749999999996,552,0.9999999999999997,1.0000000000000004,1.0,1.0,1.0,552,552.0,0.0,0.0,0.0,552.0,552.0,0.0,0.0,0.0,0.0,0.0,0.0,1.0,0.0,0.0,1156.0,2312.0,1156.0,1336336.0,5548.45966771245,0.0,0.0,0.0,0.0,0.0,0.0,0.0,0.0,0.0,0.0,0.0,0.0,0.0,0.0,0.0,0.0,7147.089088335633
235,14100000000000,1156.0,1156.0,1156.0,1156.0,1156.0,1156,24.0,24.0,24.0,24.0,24.0,1156,0.0,0.0,0.0,0.0,0.0,1156,4.0,8.0,4.314878892733564,4.0,6.0,1156,0.0,0.0,0.0,0.0,0.0,0,0.0,0.0,0.0,0.0,0.0,0,1.0,1.0,1.0,1.0,1.0,552,0.9999999999999996,1.0000000000000004,1.0,1.0,1.0000000000000002,552,1.0,1.1666666666666667,1.0124378348932022,1.0,1.0909090909090908,552,0.9999999999999996,1.0000000000000004,1.0,1.0,1.0000000000000002,552,552.0,0.0,0.0,0.0,552.0,552.0,0.0,0.0,0.0,0.0,0.0,0.0,1.0,0.0,0.0,1156.0,2312.0,1156.0,1336336.0,4439.337873831391,0.0,0.0,0.0,0.0,0.0,0.0,0.0,0.0,0.0,0.0,0.0,0.0,0.0,0.0,0.0,0.0,6073.80080036819
236,14160000000000,1156.0,1156.0,1156.0,1156.0,1156.0,1156,24.0,24.0,24.0,24.0,24.0,1156,0.0,0.0,0.0,0.0,0.0,1156,4.0,8.0,4.312283737024221,4.0,6.0,1156,0.0,0.0,0.0,0.0,0.0,0,0.0,0.0,0.0,0.0,0.0,0,1.0,1.0,1.0,1.0,1.0,552,0.9999999999999996,1.0000000000000002,1.0,1.0,1.0,552,1.0,1.2,1.0112484982649204,1.0,1.0867424242424237,552,0.9999999999999996,1.0000000000000002,1.0,1.0,1.0,552,552.0,0.0,0.0,0.0,552.0,552.0,0.0,0.0,0.0,0.0,0.0,0.0,1.0,0.0,0.0,1156.0,2312.0,1156.0,1336336.0,5882.685590535402,0.0,0.0,0.0,0.0,0.0,0.0,0.0,0.0,0.0,0.0,0.0,0.0,0.0,0.0,0.0,0.0,7538.101652637124
237,14220000000000,1156.0,1156.0,1156.0,1156.0,1156.0,1156,24.0,24.0,24.0,24.0,24.0,1156,0.0,0.0,0.0,0.0,0.0,1156,4.0,8.0,4.305363321799308,4.0,6.0,1156,0.0,0.0,0.0,0.0,0.0,0,0.0,0.0,0.0,0.0,0.0,0,1.0,1.0,1.0,1.0,1.0,552,0.9999999999999997,1.0000000000000002,1.0,1.0,1.0000000000000002,552,1.0,1.3333333333333333,1.0110315531091358,1.0,1.0849637681159416,552,0.9999999999999997,1.0000000000000002,1.0,1.0,1.0000000000000002,552,552.0,0.0,0.0,0.0,552.0,552.0,0.0,0.0,0.0,0.0,0.0,0.0,1.0,0.0,0.0,1156.0,2312.0,1156.0,1336336.0,4705.0989884883165,0.0,0.0,0.0,0.0,0.0,0.0,0.0,0.0,0.0,0.0,0.0,0.0,0.0,0.0,0.0,0.0,6303.314549848437
238,14280000000000,1156.0,1156.0,1156.0,1156.0,1156.0,1156,24.0,24.0,24.0,24.0,24.0,1156,0.0,0.0,0.0,0.0,0.0,1156,4.0,8.0,4.311418685121107,4.0,6.0,1156,0.0,0.0,0.0,0.0,0.0,0,0.0,0.0,0.0,0.0,0.0,0,1.0,1.0,1.0,1.0,1.0,552,0.9999999999999997,1.0000000000000004,1.0,1.0,1.0000000000000002,552,1.0,1.1666666666666667,1.012354504323322,1.0,1.0909090909090908,552,0.9999999999999997,1.0000000000000004,1.0,1.0,1.0000000000000002,552,552.0,0.0,0.0,0.0,552.0,552.0,0.0,0.0,0.0,0.0,0.0,0.0,1.0,0.0,0.0,1156.0,2312.0,1156.0,1336336.0,5508.009895682335,0.0,0.0,0.0,0.0,0.0,0.0,0.0,0.0,0.0,0.0,0.0,0.0,0.0,0.0,0.0,0.0,7147.662378847599
239,14340000000000,1156.0,1156.0,1156.0,1156.0,1156.0,1156,24.0,24.0,24.0,24.0,24.0,1156,0.0,0.0,0.0,0.0,0.0,1156,4.0,8.0,4.311418685121107,4.0,6.0,1156,0.0,0.0,0.0,0.0,0.0,0,0.0,0.0,0.0,0.0,0.0,0,1.0,1.0,1.0,1.0,1.0,552,0.9999999999999997,1.0000000000000004,1.0,1.0,1.0000000000000002,552,1.0,1.2,1.011023141103344,1.0,1.1,552,0.9999999999999997,1.0000000000000004,1.0,1.0,1.0000000000000002,552,552.0,0.0,0.0,0.0,552.0,552.0,0.0,0.0,0.0,0.0,0.0,0.0,1.0,0.0,0.0,1156.0,2312.0,1156.0,1336336.0,5071.51378877461,0.0,0.0,0.0,0.0,0.0,0.0,0.0,0.0,0.0,0.0,0.0,0.0,0.0,0.0,0.0,0.0,6686.675425618887
240,14400000000000,1156.0,1156.0,1156.0,1156.0,1156.0,1156,24.0,24.0,24.0,24.0,24.0,1156,0.0,0.0,0.0,0.0,0.0,1156,4.0,8.0,4.307958477508651,4.0,6.0,1156,0.0,0.0,0.0,0.0,0.0,0,0.0,0.0,0.0,0.0,0.0,0,1.0,1.0,1.0,1.0,1.0,552,0.9999999999999996,1.0000000000000002,1.0,1.0,1.0000000000000002,552,1.0,1.3333333333333333,1.011994935697106,1.0,1.0849637681159416,552,0.9999999999999996,1.0000000000000002,1.0,1.0,1.0000000000000002,552,552.0,0.0,0.0,0.0,552.0,552.0,0.0,0.0,0.0,0.0,0.0,0.0,1.0,0.0,0.0,1156.0,2312.0,1156.0,1336336.0,5522.365158423781,0.0,0.0,0.0,0.0,0.0,0.0,0.0,0.0,0.0,0.0,0.0,0.0,0.0,0.0,0.0,0.0,7161.921765655279
241,14460000000000,1156.0,1156.0,1156.0,1156.0,1156.0,1156,24.0,24.0,24.0,24.0,24.0,1156,0.0,0.0,0.0,0.0,0.0,1156,4.0,8.0,4.311418685121107,4.0,6.0,1156,0.0,0.0,0.0,0.0,0.0,0,0.0,0.0,0.0,0.0,0.0,0,1.0,1.0,1.0,1.0,1.0,552,0.9999999999999997,1.0000000000000002,1.0,1.0,1.0000000000000002,552,1.0,1.1666666666666667,1.011414204317758,1.0,1.0833333333333333,552,0.9999999999999997,1.0000000000000002,1.0,1.0,1.0000000000000002,552,552.0,0.0,0.0,0.0,552.0,552.0,0.0,0.0,0.0,0.0,0.0,0.0,1.0,0.0,0.0,1156.0,2312.0,1156.0,1336336.0,4934.730712324381,0.0,0.0,0.0,0.0,0.0,0.0,0.0,0.0,0.0,0.0,0.0,0.0,0.0,0.0,0.0,0.0,6554.931607097387
242,14520000000000,1156.0,1156.0,1156.0,1156.0,1156.0,1156,24.0,24.0,24.0,24.0,24.0,1156,0.0,0.0,0.0,0.0,0.0,1156,4.0,8.0,4.312283737024221,4.0,6.0,1156,0.0,0.0,0.0,0.0,0.0,0,0.0,0.0,0.0,0.0,0.0,0,1.0,1.0,1.0,1.0,1.0,552,0.9999999999999997,1.0000000000000004,1.0,1.0,1.0000000000000002,552,1.0,1.2,1.0125724779022776,1.0,1.0909090909090908,552,0.9999999999999997,1.0000000000000004,1.0,1.0,1.0000000000000002,552,552.0,0.0,0.0,0.0,552.0,552.0,0.0,0.0,0.0,0.0,0.0,0.0,1.0,0.0,0.0,1156.0,2312.0,1156.0,1336336.0,5368.2805225253105,0.0,0.0,0.0,0.0,0.0,0.0,0.0,0.0,0.0,0.0,0.0,0.0,0.0,0.0,0.0,0.0,7005.05449436605
243,14580000000000,1156.0,1156.0,1156.0,1156.0,1156.0,1156,24.0,24.0,24.0,24.0,24.0,1156,0.0,0.0,0.0,0.0,0.0,1156,4.0,8.0,4.3088235294117645,4.0,6.0,1156,0.0,0.0,0.0,0.0,0.0,0,0.0,0.0,0.0,0.0,0.0,0,1.0,1.0,1.0,1.0,1.0,552,0.9999999999999997,1.0000000000000002,1.0,1.0,1.0000000000000002,552,1.0,1.3333333333333333,1.0125713794034983,1.0,1.0887351778656122,552,0.9999999999999997,1.0000000000000002,1.0,1.0,1.0000000000000002,552,552.0,0.0,0.0,0.0,552.0,552.0,0.0,0.0,0.0,0.0,0.0,0.0,1.0,0.0,0.0,1156.0,2312.0,1156.0,1336336.0,4831.724859774113,0.0,0.0,0.0,0.0,0.0,0.0,0.0,0.0,0.0,0.0,0.0,0.0,0.0,0.0,0.0,0.0,6435.194365680218
244,14640000000000,1156.0,1156.0,1156.0,1156.0,1156.0,1156,24.0,24.0,24.0,24.0,24.0,1156,0.0,0.0,0.0,0.0,0.0,1156,4.0,8.0,4.311418685121107,4.0,6.0,1156,0.0,0.0,0.0,0.0,0.0,0,0.0,0.0,0.0,0.0,0.0,0,1.0,1.0,1.0,1.0,1.0,552,0.9999999999999997,1.0000000000000004,1.0,1.0,1.0000000000000002,552,1.0,1.1875,1.0105546791716262,1.0,1.0833333333333333,552,0.9999999999999997,1.0000000000000004,1.0,1.0,1.0000000000000002,552,552.0,0.0,0.0,0.0,552.0,552.0,0.0,0.0,0.0,0.0,0.0,0.0,1.0,0.0,0.0,1156.0,2312.0,1156.0,1336336.0,5140.522841364145,0.0,0.0,0.0,0.0,0.0,0.0,0.0,0.0,0.0,0.0,0.0,0.0,0.0,0.0,0.0,0.0,6773.110872134566
245,14700000000000,1156.0,1156.0,1156.0,1156.0,1156.0,1156,24.0,24.0,24.0,24.0,24.0,1156,0.0,0.0,0.0,0.0,0.0,1156,4.0,8.0,4.309688581314879,4.0,6.0,1156,0.0,0.0,0.0,0.0,0.0,0,0.0,0.0,0.0,0.0,0.0,0,1.0,1.0,1.0,1.0,1.0,552,0.9999999999999998,1.0000000000000002,1.0,1.0,1.0000000000000002,552,1.0,1.1666666666666667,1.0122376377981772,1.0,1.0909090909090908,552,0.9999999999999998,1.0000000000000002,1.0,1.0,1.0000000000000002,552,552.0,0.0,0.0,0.0,552.0,552.0,0.0,0.0,0.0,0.0,0.0,0.0,1.0,0.0,0.0,1156.0,2312.0,1156.0,1336336.0,4942.162333056331,0.0,0.0,0.0,0.0,0.0,0.0,0.0,0.0,0.0,0.0,0.0,0.0,0.0,0.0,0.0,0.0,6551.848733797669
246,14760000000000,1156.0,1156.0,1156.0,1156.0,1156.0,1156,24.0,24.0,24.0,24.0,24.0,1156,0.0,0.0,0.0,0.0,0.0,1156,4.0,8.0,4.31401384083045,4.0,6.0,1156,0.0,0.0,0.0,0.0,0.0,0,0.0,0.0,0.0,0.0,0.0,0,1.0,1.0,1.0,1.0,1.0,552,0.9999999999999997,1.0000000000000002,1.0,1.0,1.0000000000000002,552,1.0,1.3333333333333333,1.0120233410480937,1.0,1.0833333333333333,552,0.9999999999999997,1.0000000000000002,1.0,1.0,1.0000000000000002,552,552.0,0.0,0.0,0.0,552.0,552.0,0.0,0.0,0.0,0.0,0.0,0.0,1.0,0.0,0.0,1156.0,2312.0,1156.0,1336336.0,5134.689947590232,0.0,0.0,0.0,0.0,0.0,0.0,0.0,0.0,0.0,0.0,0.0,0.0,0.0,0.0,0.0,0.0,6774.126328527927
247,14820000000000,1156.0,1156.0,1156.0,1156.0,1156.0,1156,24.0,24.0,24.0,24.0,24.0,1156,0.0,0.0,0.0,0.0,0.0,1156,4.0,8.0,4.310553633217993,4.0,6.0,1156,0.0,0.0,0.0,0.0,0.0,0,0.0,0.0,0.0,0.0,0.0,0,1.0,1.0,1.0,1.0,1.0,552,0.9999999999999997,1.0000000000000004,1.0,1.0,1.0000000000000002,552,1.0,1.1666666666666667,1.0100753561290943,1.0,1.0769230769230769,552,0.9999999999999997,1.0000000000000004,1.0,1.0,1.0000000000000002,552,552.0,0.0,0.0,0.0,552.0,552.0,0.0,0.0,0.0,0.0,0.0,0.0,1.0,0.0,0.0,1156.0,2312.0,1156.0,1336336.0,5060.925794765353,0.0,0.0,0.0,0.0,0.0,0.0,0.0,0.0,0.0,0.0,0.0,0.0,0.0,0.0,0.0,0.0,6667.019059881568
248,14880000000000,1156.0,1156.0,1156.0,1156.0,1156.0,1156,24.0,24.0,24.0,24.0,24.0,1156,0.0,0.0,0.0,0.0,0.0,1156,4.0,8.0,4.313148788927336,4.0,6.0,1156,0.0,0.0,0.0,0.0,0.0,0,0.0,0.0,0.0,0.0,0.0,0,1.0,1.0,1.0,1.0,1.0,552,0.9999999999999996,1.0000000000000002,1.0,1.0,1.0000000000000002,552,1.0,1.1428571428571428,1.0117405145032208,1.0,1.0909090909090908,552,0.9999999999999996,1.0000000000000002,1.0,1.0,1.0000000000000002,552,552.0,0.0,0.0,0.0,552.0,552.0,0.0,0.0,0.0,0.0,0.0,0.0,1.0,0.0,0.0,1156.0,2312.0,1156.0,1336336.0,5051.796471700072,0.0,0.0,0.0,0.0,0.0,0.0,0.0,0.0,0.0,0.0,0.0,0.0,0.0,0.0,0.0,0.0,6687.479596585035
249,14940000000000,1156.0,1156.0,1156.0,1156.0,1156.0,1156,24.0,24.0,24.0,24.0,24.0,1156,0.0,0.0,0.0,0.0,0.0,1156,4.0,8.0,4.31401384083045,4.0,6.0,1156,0.0,0.0,0.0,0.0,0.0,0,0.0,0.0,0.0,0.0,0.0,0,1.0,1.0,1.0,1.0,1.0,552,0.9999999999999996,1.0000000000000002,1.0,1.0,1.0000000000000002,552,1.0,1.3333333333333333,1.0122262723321342,1.0,1.0909090909090908,552,0.9999999999999996,1.0000000000000002,1.0,1.0,1.0000000000000002,552,552.0,0.0,0.0,0.0,552.0,552.0,0.0,0.0,0.0,0.0,0.0,0.0,1.0,0.0,0.0,1156.0,2312.0,1156.0,1336336.0,5025.331359356642,0.0,0.0,0.0,0.0,0.0,0.0,0.0,0.0,0.0,0.0,0.0,0.0,0.0,0.0,0.0,0.0,6644.2113518714905
250,15000000000000,1156.0,1156.0,1156.0,1156.0,1156.0,1156,24.0,24.0,24.0,24.0,24.0,1156,0.0,0.0,0.0,0.0,0.0,1156,4.0,8.0,4.310553633217993,4.0,6.0,1156,0.0,0.0,0.0,0.0,0.0,0,0.0,0.0,0.0,0.0,0.0,0,1.0,1.0,1.0,1.0,1.0,552,0.9999999999999997,1.0000000000000004,1.0,1.0,1.0000000000000002,552,1.0,1.1666666666666667,1.0089313334506143,1.0,1.0666666666666667,552,0.9999999999999997,1.0000000000000004,1.0,1.0,1.0000000000000002,552,552.0,0.0,0.0,0.0,552.0,552.0,0.0,0.0,0.0,0.0,0.0,0.0,1.0,0.0,0.0,1156.0,2312.0,1156.0,1336336.0,5113.742051646113,0.0,0.0,0.0,0.0,0.0,0.0,0.0,0.0,0.0,0.0,0.0,0.0,0.0,0.0,0.0,0.0,6745.660683140159
251,15060000000000,1156.0,1156.0,1156.0,1156.0,1156.0,1156,24.0,24.0,24.0,24.0,24.0,1156,0.0,0.0,0.0,0.0,0.0,1156,4.0,8.0,4.3166089965397925,4.0,6.0,1156,0.0,0.0,0.0,0.0,0.0,0,0.0,0.0,0.0,0.0,0.0,0,1.0,1.0,1.0,1.0,1.0,552,0.9999999999999997,1.0000000000000002,1.0,1.0,1.0000000000000002,552,1.0,1.1428571428571428,1.0124198436474063,1.0,1.0909090909090908,552,0.9999999999999997,1.0000000000000002,1.0,1.0,1.0000000000000002,552,552.0,0.0,0.0,0.0,552.0,552.0,0.0,0.0,0.0,0.0,0.0,0.0,1.0,0.0,0.0,1156.0,2312.0,1156.0,1336336.0,5226.571585983038,0.0,0.0,0.0,0.0,0.0,0.0,0.0,0.0,0.0,0.0,0.0,0.0,0.0,0.0,0.0,0.0,6884.5619056373835
252,15120000000000,1156.0,1156.0,1156.0,1156.0,1156.0,1156,24.0,24.0,24.0,24.0,24.0,1156,0.0,0.0,0.0,0.0,0.0,1156,4.0,8.0,4.3088235294117645,4.0,6.0,1156,0.0,0.0,0.0,0.0,0.0,0,0.0,0.0,0.0,0.0,0.0,0,1.0,1.0,1.0,1.0,1.0,552,0.9999999999999997,1.0000000000000004,1.0,1.0,1.0000000000000002,552,1.0,1.25,1.010223606912427,1.0,1.0833333333333333,552,0.9999999999999997,1.0000000000000004,1.0,1.0,1.0000000000000002,552,552.0,0.0,0.0,0.0,552.0,552.0,0.0,0.0,0.0,0.0,0.0,0.0,1.0,0.0,0.0,1156.0,2312.0,1156.0,1336336.0,5154.394192621112,0.0,0.0,0.0,0.0,0.0,0.0,0.0,0.0,0.0,0.0,0.0,0.0,0.0,0.0,0.0,0.0,6788.4371895343065
253,15180000000000,1156.0,1156.0,1156.0,1156.0,1156.0,1156,24.0,24.0,24.0,24.0,24.0,1156,0.0,0.0,0.0,0.0,0.0,1156,4.0,8.0,4.309688581314879,4.0,6.0,1156,0.0,0.0,0.0,0.0,0.0,0,0.0,0.0,0.0,0.0,0.0,0,1.0,1.0,1.0,1.0,1.0,552,0.9999999999999998,1.0000000000000002,1.0,1.0,1.0000000000000002,552,1.0,1.1666666666666667,1.0085261788093434,1.0,1.0666666666666667,552,0.9999999999999998,1.0000000000000002,1.0,1.0,1.0000000000000002,552,552.0,0.0,0.0,0.0,552.0,552.0,0.0,0.0,0.0,0.0,0.0,0.0,1.0,0.0,0.0,1156.0,2312.0,1156.0,1336336.0,5169.477557763457,0.0,0.0,0.0,0.0,0.0,0.0,0.0,0.0,0.0,0.0,0.0,0.0,0.0,0.0,0.0,0.0,6807.615380734205
254,15240000000000,1156.0,1156.0,1156.0,1156.0,1156.0,1156,24.0,24.0,24.0,24.0,24.0,1156,0.0,0.0,0.0,0.0,0.0,1156,4.0,8.0,4.312283737024221,4.0,6.0,1156,0.0,0.0,0.0,0.0,0.0,0,0.0,0.0,0.0,0.0,0.0,0,1.0,1.0,1.0,1.0,1.0,552,0.9999999999999998,1.0000000000000004,1.0,1.0,1.0000000000000002,552,1.0,1.1428571428571428,1.011863620587917,1.0,1.0867424242424237,552,0.9999999999999998,1.0000000000000004,1.0,1.0,1.0000000000000002,552,552.0,0.0,0.0,0.0,552.0,552.0,0.0,0.0,0.0,0.0,0.0,0.0,1.0,0.0,0.0,1156.0,2312.0,1156.0,1336336.0,4963.365461677313,0.0,0.0,0.0,0.0,0.0,0.0,0.0,0.0,0.0,0.0,0.0,0.0,0.0,0.0,0.0,0.0,6607.593860477209
255,15300000000000,1156.0,1156.0,1156.0,1156.0,1156.0,1156,24.0,24.0,24.0,24.0,24.0,1156,0.0,0.0,0.0,0.0,0.0,1156,4.0,8.0,4.309688581314879,4.0,6.0,1156,0.0,0.0,0.0,0.0,0.0,0,0.0,0.0,0.0,0.0,0.0,0,1.0,1.0,1.0,1.0,1.0,552,0.9999999999999997,1.0000000000000004,1.0,1.0,1.0,552,1.0,1.25,1.0108352284488304,1.0,1.0849637681159416,552,0.9999999999999997,1.0000000000000004,1.0,1.0,1.0,552,552.0,0.0,0.0,0.0,552.0,552.0,0.0,0.0,0.0,0.0,0.0,0.0,1.0,0.0,0.0,1156.0,2312.0,1156.0,1336336.0,5324.441133067012,0.0,0.0,0.0,0.0,0.0,0.0,0.0,0.0,0.0,0.0,0.0,0.0,0.0,0.0,0.0,0.0,6955.141952261329
256,15360000000000,1156.0,1156.0,1156.0,1156.0,1156.0,1156,24.0,24.0,24.0,24.0,24.0,1156,0.0,0.0,0.0,0.0,0.0,1156,4.0,8.0,4.309688581314879,4.0,6.0,1156,0.0,0.0,0.0,0.0,0.0,0,0.0,0.0,0.0,0.0,0.0,0,1.0,1.0,1.0,1.0,1.0,552,0.9999999999999997,1.0000000000000002,1.0,1.0,1.0000000000000002,552,1.0,1.1666666666666667,1.0084798743384167,1.0,1.0643749999999996,552,0.9999999999999997,1.0000000000000002,1.0,1.0,1.0000000000000002,552,552.0,0.0,0.0,0.0,552.0,552.0,0.0,0.0,0.0,0.0,0.0,0.0,1.0,0.0,0.0,1156.0,2312.0,1156.0,1336336.0,5022.717708721757,0.0,0.0,0.0,0.0,0.0,0.0,0.0,0.0,0.0,0.0,0.0,0.0,0.0,0.0,0.0,0.0,6645.482528954744
257,15420000000000,1156.0,1156.0,1156.0,1156.0,1156.0,1156,24.0,24.0,24.0,24.0,24.0,1156,0.0,0.0,0.0,0.0,0.0,1156,4.0,8.0,4.306228373702422,4.0,6.0,1156,0.0,0.0,0.0,0.0,0.0,0,0.0,0.0,0.0,0.0,0.0,0,1.0,1.0,1.0,1.0,1.0,552,0.9999999999999998,1.0000000000000004,1.0,1.0,1.0000000000000002,552,1.0,1.1428571428571428,1.0113099391148654,1.0,1.0867424242424237,552,0.9999999999999998,1.0000000000000004,1.0,1.0,1.0000000000000002,552,552.0,0.0,0.0,0.0,552.0,552.0,0.0,0.0,0.0,0.0,0.0,0.0,1.0,0.0,0.0,1156.0,2312.0,1156.0,1336336.0,5315.677087754011,0.0,0.0,0.0,0.0,0.0,0.0,0.0,0.0,0.0,0.0,0.0,0.0,0.0,0.0,0.0,0.0,6919.0484918653965
258,15480000000000,1156.0,1156.0,1156.0,1156.0,1156.0,1156,24.0,24.0,24.0,24.0,24.0,1156,0.0,0.0,0.0,0.0,0.0,1156,4.0,8.0,4.312283737024221,4.0,6.0,1156,0.0,0.0,0.0,0.0,0.0,0,0.0,0.0,0.0,0.0,0.0,0,1.0,1.0,1.0,1.0,1.0,552,0.9999999999999996,1.0000000000000004,1.0,1.0,1.0000000000000002,552,1.0,1.25,1.0114575429298405,1.0,1.0909090909090908,552,0.9999999999999996,1.0000000000000004,1.0,1.0,1.0000000000000002,552,552.0,0.0,0.0,0.0,552.0,552.0,0.0,0.0,0.0,0.0,0.0,0.0,1.0,0.0,0.0,1156.0,2312.0,1156.0,1336336.0,4949.5619386434555,0.0,0.0,0.0,0.0,0.0,0.0,0.0,0.0,0.0,0.0,0.0,0.0,0.0,0.0,0.0,0.0,6631.247326731682
259,15540000000000,1156.0,1156.0,1156.0,1156.0,1156.0,1156,24.0,24.0,24.0,24.0,24.0,1156,0.0,0.0,0.0,0.0,0.0,1156,4.0,8.0,4.307958477508651,4.0,6.0,1156,0.0,0.0,0.0,0.0,0.0,0,0.0,0.0,0.0,0.0,0.0,0,1.0,1.0,1.0,1.0,1.0,552,0.9999999999999997,1.0000000000000002,1.0,1.0,1.0000000000000002,552,1.0,1.1666666666666667,1.0094404610756054,1.0,1.0714285714285714,552,0.9999999999999997,1.0000000000000002,1.0,1.0,1.0000000000000002,552,552.0,0.0,0.0,0.0,552.0,552.0,0.0,0.0,0.0,0.0,0.0,0.0,1.0,0.0,0.0,1156.0,2312.0,1156.0,1336336.0,5275.804853066802,0.0,0.0,0.0,0.0,0.0,0.0,0.0,0.0,0.0,0.0,0.0,0.0,0.0,0.0,0.0,0.0,6892.708104103804
260,15600000000000,1156.0,1156.0,1156.0,1156.0,1156.0,1156,24.0,24.0,24.0,24.0,24.0,1156,0.0,0.0,0.0,0.0,0.0,1156,4.0,8.0,4.307093425605537,4.0,6.0,1156,0.0,0.0,0.0,0.0,0.0,0,0.0,0.0,0.0,0.0,0.0,0,1.0,1.0,1.0,1.0,1.0,552,0.9999999999999997,1.0000000000000004,1.0,1.0,1.0000000000000002,552,1.0,1.1666666666666667,1.011165191738408,1.0,1.0909090909090908,552,0.9999999999999997,1.0000000000000004,1.0,1.0,1.0000000000000002,552,552.0,0.0,0.0,0.0,552.0,552.0,0.0,0.0,0.0,0.0,0.0,0.0,1.0,0.0,0.0,1156.0,2312.0,1156.0,1336336.0,5006.2962882220745,0.0,0.0,0.0,0.0,0.0,0.0,0.0,0.0,0.0,0.0,0.0,0.0,0.0,0.0,0.0,0.0,6607.938043773174
261,15660000000000,1156.0,1156.0,1156.0,1156.0,1156.0,1156,24.0,24.0,24.0,24.0,24.0,1156,0.0,0.0,0.0,0.0,0.0,1156,4.0,8.0,4.307958477508651,4.0,6.0,1156,0.0,0.0,0.0,0.0,0.0,0,0.0,0.0,0.0,0.0,0.0,0,1.0,1.0,1.0,1.0,1.0,552,0.9999999999999996,1.0000000000000002,1.0,1.0,1.0,552,1.0,1.25,1.01249072146553,1.0,1.0867424242424237,552,0.9999999999999996,1.0000000000000002,1.0,1.0,1.0,552,552.0,0.0,0.0,0.0,552.0,552.0,0.0,0.0,0.0,0.0,0.0,0.0,1.0,0.0,0.0,1156.0,2312.0,1156.0,1336336.0,5159.617949277163,0.0,0.0,0.0,0.0,0.0,0.0,0.0,0.0,0.0,0.0,0.0,0.0,0.0,0.0,0.0,0.0,6803.430486470461
262,15720000000000,1156.0,1156.0,1156.0,1156.0,1156.0,1156,24.0,24.0,24.0,24.0,24.0,1156,0.0,0.0,0.0,0.0,0.0,1156,4.0,8.0,4.307093425605537,4.0,6.0,1156,0.0,0.0,0.0,0.0,0.0,0,0.0,0.0,0.0,0.0,0.0,0,1.0,1.0,1.0,1.0,1.0,552,0.9999999999999998,1.0000000000000004,1.0,1.0,1.0000000000000002,552,1.0,1.1666666666666667,1.0091283019479094,1.0,1.0833333333333333,552,0.9999999999999998,1.0000000000000004,1.0,1.0,1.0000000000000002,552,552.0,0.0,0.0,0.0,552.0,552.0,0.0,0.0,0.0,0.0,0.0,0.0,1.0,0.0,0.0,1156.0,2312.0,1156.0,1336336.0,5115.094255656004,0.0,0.0,0.0,0.0,0.0,0.0,0.0,0.0,0.0,0.0,0.0,0.0,0.0,0.0,0.0,0.0,6731.239091604948
263,15780000000000,1156.0,1156.0,1156.0,1156.0,1156.0,1156,24.0,24.0,24.0,24.0,24.0,1156,0.0,0.0,0.0,0.0,0.0,1156,4.0,8.0,4.31401384083045,4.0,6.0,1156,0.0,0.0,0.0,0.0,0.0,0,0.0,0.0,0.0,0.0,0.0,0,1.0,1.0,1.0,1.0,1.0,552,0.9999999999999997,1.0000000000000004,1.0,1.0,1.0,552,1.0,1.1666666666666667,1.0121509217242977,1.0,1.0909090909090908,552,0.9999999999999997,1.0000000000000004,1.0,1.0,1.0,552,552.0,0.0,0.0,0.0,552.0,552.0,0.0,0.0,0.0,0.0,0.0,0.0,1.0,0.0,0.0,1156.0,2312.0,1156.0,1336336.0,4838.989680632949,0.0,0.0,0.0,0.0,0.0,0.0,0.0,0.0,0.0,0.0,0.0,0.0,0.0,0.0,0.0,0.0,6497.94895760715
264,15840000000000,1156.0,1156.0,1156.0,1156.0,1156.0,1156,24.0,24.0,24.0,24.0,24.0,1156,0.0,0.0,0.0,0.0,0.0,1156,4.0,8.0,4.3088235294117645,4.0,6.0,1156,0.0,0.0,0.0,0.0,0.0,0,0.0,0.0,0.0,0.0,0.0,0,1.0,1.0,1.0,1.0,1.0,552,0.9999999999999997,1.0000000000000002,1.0,1.0,1.0000000000000002,552,1.0,1.25,1.0114138832278445,1.0,1.0833333333333333,552,0.9999999999999997,1.0000000000000002,1.0,1.0,1.0000000000000002,552,552.0,0.0,0.0,0.0,552.0,552.0,0.0,0.0,0.0,0.0,0.0,0.0,1.0,0.0,0.0,1156.0,2312.0,1156.0,1336336.0,5201.822934672236,0.0,0.0,0.0,0.0,0.0,0.0,0.0,0.0,0.0,0.0,0.0,0.0,0.0,0.0,0.0,0.0,6836.04839630425
265,15900000000000,1156.0,1156.0,1156.0,1156.0,1156.0,1156,24.0,24.0,24.0,24.0,24.0,1156,0.0,0.0,0.0,0.0,0.0,1156,4.0,8.0,4.312283737024221,4.0,6.0,1156,0.0,0.0,0.0,0.0,0.0,0,0.0,0.0,0.0,0.0,0.0,0,1.0,1.0,1.0,1.0,1.0,552,0.9999999999999997,1.0000000000000002,1.0,1.0,1.0000000000000002,552,1.0,1.1666666666666667,1.0088118192595559,1.0,1.0714285714285714,552,0.9999999999999997,1.0000000000000002,1.0,1.0,1.0000000000000002,552,552.0,0.0,0.0,0.0,552.0,552.0,0.0,0.0,0.0,0.0,0.0,0.0,1.0,0.0,0.0,1156.0,2312.0,1156.0,1336336.0,4769.159642979503,0.0,0.0,0.0,0.0,0.0,0.0,0.0,0.0,0.0,0.0,0.0,0.0,0.0,0.0,0.0,0.0,6405.340828001499
266,15960000000000,1156.0,1156.0,1156.0,1156.0,1156.0,1156,24.0,24.0,24.0,24.0,24.0,1156,0.0,0.0,0.0,0.0,0.0,1156,4.0,8.0,4.3157439446366785,4.0,6.0,1156,0.0,0.0,0.0,0.0,0.0,0,0.0,0.0,0.0,0.0,0.0,0,1.0,1.0,1.0,1.0,1.0,552,0.9999999999999997,1.0000000000000004,1.0,1.0,1.0000000000000002,552,1.0,1.1666666666666667,1.0124423764155288,1.0,1.0909090909090908,552,0.9999999999999997,1.0000000000000004,1.0,1.0,1.0000000000000002,552,552.0,0.0,0.0,0.0,552.0,552.0,0.0,0.0,0.0,0.0,0.0,0.0,1.0,0.0,0.0,1156.0,2312.0,1156.0,1336336.0,5261.660303920507,0.0,0.0,0.0,0.0,0.0,0.0,0.0,0.0,0.0,0.0,0.0,0.0,0.0,0.0,0.0,0.0,6928.781578317285
267,16020000000000,1156.0,1156.0,1156.0,1156.0,1156.0,1156,24.0,24.0,24.0,24.0,24.0,1156,0.0,0.0,0.0,0.0,0.0,1156,4.0,8.0,4.310553633217993,4.0,6.0,1156,0.0,0.0,0.0,0.0,0.0,0,0.0,0.0,0.0,0.0,0.0,0,1.0,1.0,1.0,1.0,1.0,552,0.9999999999999998,1.0000000000000004,1.0,1.0,1.0000000000000002,552,1.0,1.25,1.0109866824072824,1.0,1.0833333333333333,552,0.9999999999999998,1.0000000000000004,1.0,1.0,1.0000000000000002,552,552.0,0.0,0.0,0.0,552.0,552.0,0.0,0.0,0.0,0.0,0.0,0.0,1.0,0.0,0.0,1156.0,2312.0,1156.0,1336336.0,4697.482783347368,0.0,0.0,0.0,0.0,0.0,0.0,0.0,0.0,0.0,0.0,0.0,0.0,0.0,0.0,0.0,0.0,6342.213129624724
268,16080000000000,1156.0,1156.0,1156.0,1156.0,1156.0,1156,24.0,24.0,24.0,24.0,24.0,1156,0.0,0.0,0.0,0.0,0.0,1156,4.0,8.0,4.31401384083045,4.0,6.0,1156,0.0,0.0,0.0,0.0,0.0,0,0.0,0.0,0.0,0.0,0.0,0,1.0,1.0,1.0,1.0,1.0,552,0.9999999999999997,1.0000000000000004,1.0,1.0,1.0000000000000002,552,1.0,1.1818181818181819,1.0094524201817812,1.0,1.0769230769230769,552,0.9999999999999997,1.0000000000000004,1.0,1.0,1.0000000000000002,552,552.0,0.0,0.0,0.0,552.0,552.0,0.0,0.0,0.0,0.0,0.0,0.0,1.0,0.0,0.0,1156.0,2312.0,1156.0,1336336.0,4976.1151522397995,0.0,0.0,0.0,0.0,0.0,0.0,0.0,0.0,0.0,0.0,0.0,0.0,0.0,0.0,0.0,0.0,6635.350404307246
269,16140000000000,1156.0,1156.0,1156.0,1156.0,1156.0,1156,24.0,24.0,24.0,24.0,24.0,1156,0.0,0.0,0.0,0.0,0.0,1156,4.0,8.0,4.312283737024221,4.0,6.0,1156,0.0,0.0,0.0,0.0,0.0,0,0.0,0.0,0.0,0.0,0.0,0,1.0,1.0,1.0,1.0,1.0,552,0.9999999999999997,1.0000000000000002,1.0,1.0,1.0000000000000002,552,1.0,1.1666666666666667,1.0137038022642004,1.0,1.1,552,0.9999999999999997,1.0000000000000002,1.0,1.0,1.0000000000000002,552,552.0,0.0,0.0,0.0,552.0,552.0,0.0,0.0,0.0,0.0,0.0,0.0,1.0,0.0,0.0,1156.0,2312.0,1156.0,1336336.0,4685.438401997089,0.0,0.0,0.0,0.0,0.0,0.0,0.0,0.0,0.0,0.0,0.0,0.0,0.0,0.0,0.0,0.0,6348.310060799122
270,16200000000000,1156.0,1156.0,1156.0,1156.0,1156.0,1156,24.0,24.0,24.0,24.0,24.0,1156,0.0,0.0,0.0,0.0,0.0,1156,4.0,8.0,4.309688581314879,4.0,6.0,1156,0.0,0.0,0.0,0.0,0.0,0,0.0,0.0,0.0,0.0,0.0,0,1.0,1.0,1.0,1.0,1.0,552,0.9999999999999998,1.0000000000000002,1.0,1.0,1.0000000000000002,552,1.0,1.25,1.010737140180311,1.0,1.0769230769230769,552,0.9999999999999998,1.0000000000000002,1.0,1.0,1.0000000000000002,552,552.0,0.0,0.0,0.0,552.0,552.0,0.0,0.0,0.0,0.0,0.0,0.0,1.0,0.0,0.0,1156.0,2312.0,1156.0,1336336.0,4927.027670666575,0.0,0.0,0.0,0.0,0.0,0.0,0.0,0.0,0.0,0.0,0.0,0.0,0.0,0.0,0.0,0.0,6539.278222247958
271,16260000000000,1156.0,1156.0,1156.0,1156.0,1156.0,1156,24.0,24.0,24.0,24.0,24.0,1156,0.0,0.0,0.0,0.0,0.0,1156,4.0,8.0,4.31401384083045,4.0,6.0,1156,0.0,0.0,0.0,0.0,0.0,0,0.0,0.0,0.0,0.0,0.0,0,1.0,1.0,1.0,1.0,1.0,552,0.9999999999999997,1.0000000000000002,1.0,1.0,1.0000000000000002,552,1.0,1.1818181818181819,1.008953861461221,1.0,1.0769230769230769,552,0.9999999999999997,1.0000000000000002,1.0,1.0,1.0000000000000002,552,552.0,0.0,0.0,0.0,552.0,552.0,0.0,0.0,0.0,0.0,0.0,0.0,1.0,0.0,0.0,1156.0,2312.0,1156.0,1336336.0,4694.649577140808,0.0,0.0,0.0,0.0,0.0,0.0,0.0,0.0,0.0,0.0,0.0,0.0,0.0,0.0,0.0,0.0,6331.900907680392
272,16320000000000,1156.0,1156.0,1156.0,1156.0,1156.0,1156,24.0,24.0,24.0,24.0,24.0,1156,0.0,0.0,0.0,0.0,0.0,1156,4.0,8.0,4.311418685121107,4.0,6.0,1156,0.0,0.0,0.0,0.0,0.0,0,0.0,0.0,0.0,0.0,0.0,0,1.0,1.0,1.0,1.0,1.0,552,0.9999999999999997,1.0000000000000002,1.0,1.0,1.0,552,1.0,1.1666666666666667,1.015208726092408,1.0,1.1,552,0.9999999999999997,1.0000000000000002,1.0,1.0,1.0,552,552.0,0.0,0.0,0.0,552.0,552.0,0.0,0.0,0.0,0.0,0.0,0.0,1.0,0.0,0.0,1156.0,2312.0,1156.0,1336336.0,5122.7374617010355,0.0,0.0,0.0,0.0,0.0,0.0,0.0,0.0,0.0,0.0,0.0,0.0,0.0,0.0,0.0,0.0,6765.354495495558
273,16380000000000,1156.0,1156.0,1156.0,1156.0,1156.0,1156,24.0,24.0,24.0,24.0,24.0,1156,0.0,0.0,0.0,0.0,0.0,1156,4.0,8.0,4.312283737024221,4.0,6.0,1156,0.0,0.0,0.0,0.0,0.0,0,0.0,0.0,0.0,0.0,0.0,0,1.0,1.0,1.0,1.0,1.0,552,0.9999999999999996,1.0000000000000002,1.0,1.0,1.0,552,1.0,1.25,1.0118732888623796,1.0,1.0769230769230769,552,0.9999999999999996,1.0000000000000002,1.0,1.0,1.0,552,552.0,0.0,0.0,0.0,552.0,552.0,0.0,0.0,0.0,0.0,0.0,0.0,1.0,0.0,0.0,1156.0,2312.0,1156.0,1336336.0,4931.754542514682,0.0,0.0,0.0,0.0,0.0,0.0,0.0,0.0,0.0,0.0,0.0,0.0,0.0,0.0,0.0,0.0,6567.361179739237
274,16440000000000,1156.0,1156.0,1156.0,1156.0,1156.0,1156,24.0,24.0,24.0,24.0,24.0,1156,0.0,0.0,0.0,0.0,0.0,1156,4.0,8.0,4.311418685121107,4.0,6.0,1156,0.0,0.0,0.0,0.0,0.0,0,0.0,0.0,0.0,0.0,0.0,0,1.0,1.0,1.0,1.0,1.0,552,0.9999999999999998,1.0000000000000002,1.0,1.0,1.0,552,1.0,1.1875,1.0092812055046751,1.0,1.0769230769230769,552,0.9999999999999998,1.0000000000000002,1.0,1.0,1.0,552,552.0,0.0,0.0,0.0,552.0,552.0,0.0,0.0,0.0,0.0,0.0,0.0,1.0,0.0,0.0,1156.0,2312.0,1156.0,1336336.0,5086.3215159624815,0.0,0.0,0.0,0.0,0.0,0.0,0.0,0.0,0.0,0.0,0.0,0.0,0.0,0.0,0.0,0.0,6731.703130528331
275,16500000000000,1156.0,1156.0,1156.0,1156.0,1156.0,1156,24.0,24.0,24.0,24.0,24.0,1156,0.0,0.0,0.0,0.0,0.0,1156,4.0,8.0,4.310553633217993,4.0,6.0,1156,0.0,0.0,0.0,0.0,0.0,0,0.0,0.0,0.0,0.0,0.0,0,1.0,1.0,1.0,1.0,1.0,552,0.9999999999999997,1.0000000000000002,1.0,1.0,1.0000000000000002,552,1.0,1.1666666666666667,1.0154244156276842,1.0,1.1,552,0.9999999999999997,1.0000000000000002,1.0,1.0,1.0000000000000002,552,552.0,0.0,0.0,0.0,552.0,552.0,0.0,0.0,0.0,0.0,0.0,0.0,1.0,0.0,0.0,1156.0,2312.0,1156.0,1336336.0,5363.81746083498,0.0,0.0,0.0,0.0,0.0,0.0,0.0,0.0,0.0,0.0,0.0,0.0,0.0,0.0,0.0,0.0,7010.403113439679
276,16560000000000,1156.0,1156.0,1156.0,1156.0,1156.0,1156,24.0,24.0,24.0,24.0,24.0,1156,0.0,0.0,0.0,0.0,0.0,1156,4.0,8.0,4.312283737024221,4.0,6.0,1156,0.0,0.0,0.0,0.0,0.0,0,0.0,0.0,0.0,0.0,0.0,0,1.0,1.0,1.0,1.0,1.0,552,0.9999999999999997,1.0000000000000002,1.0,1.0,1.0000000000000002,552,1.0,1.2,1.0105257382032904,1.0,1.0769230769230769,552,0.9999999999999997,1.0000000000000002,1.0,1.0,1.0000000000000002,552,552.0,0.0,0.0,0.0,552.0,552.0,0.0,0.0,0.0,0.0,0.0,0.0,1.0,0.0,0.0,1156.0,2312.0,1156.0,1336336.0,5174.212343990803,0.0,0.0,0.0,0.0,0.0,0.0,0.0,0.0,0.0,0.0,0.0,0.0,0.0,0.0,0.0,0.0,6830.985188484192
277,16620000000000,1156.0,1156.0,1156.0,1156.0,1156.0,1156,24.0,24.0,24.0,24.0,24.0,1156,0.0,0.0,0.0,0.0,0.0,1156,4.0,8.0,4.309688581314879,4.0,6.0,1156,0.0,0.0,0.0,0.0,0.0,0,0.0,0.0,0.0,0.0,0.0,0,1.0,1.0,1.0,1.0,1.0,552,0.9999999999999997,1.0000000000000002,1.0,1.0,1.0000000000000002,552,1.0,1.3333333333333333,1.0111040293070852,1.0,1.0909090909090908,552,0.9999999999999997,1.0000000000000002,1.0,1.0,1.0000000000000002,552,552.0,0.0,0.0,0.0,552.0,552.0,0.0,0.0,0.0,0.0,0.0,0.0,1.0,0.0,0.0,1156.0,2312.0,1156.0,1336336.0,5682.770311832428,0.0,0.0,0.0,0.0,0.0,0.0,0.0,0.0,0.0,0.0,0.0,0.0,0.0,0.0,0.0,0.0,7378.596471622586
278,16680000000000,1156.0,1156.0,1156.0,1156.0,1156.0,1156,24.0,24.0,24.0,24.0,24.0,1156,0.0,0.0,0.0,0.0,0.0,1156,4.0,8.0,4.312283737024221,4.0,6.0,1156,0.0,0.0,0.0,0.0,0.0,0,0.0,0.0,0.0,0.0,0.0,0,1.0,1.0,1.0,1.0,1.0,552,0.9999999999999996,1.0000000000000002,1.0,1.0,1.0000000000000002,552,1.0,1.1764705882352942,1.0151914097409753,1.0,1.1,552,0.9999999999999996,1.0000000000000002,1.0,1.0,1.0000000000000002,552,552.0,0.0,0.0,0.0,552.0,552.0,0.0,0.0,0.0,0.0,0.0,0.0,1.0,0.0,0.0,1156.0,2312.0,1156.0,1336336.0,5769.60039883852,0.0,0.0,0.0,0.0,0.0,0.0,0.0,0.0,0.0,0.0,0.0,0.0,0.0,0.0,0.0,0.0,7400.771511718631
279,16740000000000,1156.0,1156.0,1156.0,1156.0,1156.0,1156,24.0,24.0,24.0,24.0,24.0,1156,0.0,0.0,0.0,0.0,0.0,1156,4.0,8.0,4.311418685121107,4.0,6.0,1156,0.0,0.0,0.0,0.0,0.0,0,0.0,0.0,0.0,0.0,0.0,0,1.0,1.0,1.0,1.0,1.0,552,0.9999999999999998,1.0000000000000004,1.0,1.0,1.0000000000000002,552,1.0,1.2,1.009571527357775,1.0,1.0714285714285714,552,0.9999999999999998,1.0000000000000004,1.0,1.0,1.0000000000000002,552,552.0,0.0,0.0,0.0,552.0,552.0,0.0,0.0,0.0,0.0,0.0,0.0,1.0,0.0,0.0,1156.0,2312.0,1156.0,1336336.0,5507.821410894394,0.0,0.0,0.0,0.0,0.0,0.0,0.0,0.0,0.0,0.0,0.0,0.0,0.0,0.0,0.0,0.0,7142.729856073856
280,16800000000000,1156.0,1156.0,1156.0,1156.0,1156.0,1156,24.0,24.0,24.0,24.0,24.0,1156,0.0,0.0,0.0,0.0,0.0,1156,4.0,8.0,4.312283737024221,4.0,6.0,1156,0.0,0.0,0.0,0.0,0.0,0,0.0,0.0,0.0,0.0,0.0,0,1.0,1.0,1.0,1.0,1.0,552,0.9999999999999996,1.0000000000000004,1.0,1.0,1.0000000000000002,552,1.0,1.3333333333333333,1.0105534930219848,1.0,1.0867424242424237,552,0.9999999999999996,1.0000000000000004,1.0,1.0,1.0000000000000002,552,552.0,0.0,0.0,0.0,552.0,552.0,0.0,0.0,0.0,0.0,0.0,0.0,1.0,0.0,0.0,1156.0,2312.0,1156.0,1336336.0,5901.9447080791,0.0,0.0,0.0,0.0,0.0,0.0,0.0,0.0,0.0,0.0,0.0,0.0,0.0,0.0,0.0,0.0,7535.271933302283
281,16860000000000,1156.0,1156.0,1156.0,1156.0,1156.0,1156,24.0,24.0,24.0,24.0,24.0,1156,0.0,0.0,0.0,0.0,0.0,1156,4.0,8.0,4.313148788927336,4.0,6.0,1156,0.0,0.0,0.0,0.0,0.0,0,0.0,0.0,0.0,0.0,0.0,0,1.0,1.0,1.0,1.0,1.0,552,0.9999999999999997,1.0000000000000004,1.0,1.0,1.0000000000000002,552,1.0,1.1666666666666667,1.0148117621904982,1.0,1.1,552,0.9999999999999997,1.0000000000000004,1.0,1.0,1.0000000000000002,552,552.0,0.0,0.0,0.0,552.0,552.0,0.0,0.0,0.0,0.0,0.0,0.0,1.0,0.0,0.0,1156.0,2312.0,1156.0,1336336.0,5375.67893601954,0.0,0.0,0.0,0.0,0.0,0.0,0.0,0.0,0.0,0.0,0.0,0.0,0.0,0.0,0.0,0.0,7024.39128421247
282,16920000000000,1156.0,1156.0,1156.0,1156.0,1156.0,1156,24.0,24.0,24.0,24.0,24.0,1156,0.0,0.0,0.0,0.0,0.0,1156,4.0,8.0,4.313148788927336,4.0,6.0,1156,0.0,0.0,0.0,0.0,0.0,0,0.0,0.0,0.0,0.0,0.0,0,1.0,1.0,1.0,1.0,1.0,552,0.9999999999999997,1.0000000000000004,1.0,1.0,1.0000000000000002,552,1.0,1.2,1.009597151923841,1.0,1.0769230769230769,552,0.9999999999999997,1.0000000000000004,1.0,1.0,1.0000000000000002,552,552.0,0.0,0.0,0.0,552.0,552.0,0.0,0.0,0.0,0.0,0.0,0.0,1.0,0.0,0.0,1156.0,2312.0,1156.0,1336336.0,5918.591579422355,0.0,0.0,0.0,0.0,0.0,0.0,0.0,0.0,0.0,0.0,0.0,0.0,0.0,0.0,0.0,0.0,7551.192166283727
283,16980000000000,1156.0,1156.0,1156.0,1156.0,1156.0,1156,24.0,24.0,24.0,24.0,24.0,1156,0.0,0.0,0.0,0.0,0.0,1156,4.0,8.0,4.307093425605537,4.0,6.0,1156,0.0,0.0,0.0,0.0,0.0,0,0.0,0.0,0.0,0.0,0.0,0,1.0,1.0,1.0,1.0,1.0,552,0.9999999999999997,1.0000000000000002,1.0,1.0,1.0000000000000002,552,1.0,1.3333333333333333,1.0097863589836604,1.0,1.0769230769230769,552,0.9999999999999997,1.0000000000000002,1.0,1.0,1.0000000000000002,552,552.0,0.0,0.0,0.0,552.0,552.0,0.0,0.0,0.0,0.0,0.0,0.0,1.0,0.0,0.0,1156.0,2312.0,1156.0,1336336.0,5375.289915129542,0.0,0.0,0.0,0.0,0.0,0.0,0.0,0.0,0.0,0.0,0.0,0.0,0.0,0.0,0.0,0.0,6985.60450784862
284,17040000000000,1156.0,1156.0,1156.0,1156.0,1156.0,1156,24.0,24.0,24.0,24.0,24.0,1156,0.0,0.0,0.0,0.0,0.0,1156,4.0,8.0,4.3157439446366785,4.0,6.0,1156,0.0,0.0,0.0,0.0,0.0,0,0.0,0.0,0.0,0.0,0.0,0,1.0,1.0,1.0,1.0,1.0,552,0.9999999999999998,1.0000000000000002,1.0,1.0,1.0000000000000002,552,1.0,1.3333333333333333,1.0157208995826899,1.0,1.1,552,0.9999999999999998,1.0000000000000002,1.0,1.0,1.0000000000000002,552,552.0,0.0,0.0,0.0,552.0,552.0,0.0,0.0,0.0,0.0,0.0,0.0,1.0,0.0,0.0,1156.0,2312.0,1156.0,1336336.0,5916.702192276716,0.0,0.0,0.0,0.0,0.0,0.0,0.0,0.0,0.0,0.0,0.0,0.0,0.0,0.0,0.0,0.0,7588.447833433747
285,17100000000000,1156.0,1156.0,1156.0,1156.0,1156.0,1156,24.0,24.0,24.0,24.0,24.0,1156,0.0,0.0,0.0,0.0,0.0,1156,4.0,8.0,4.311418685121107,4.0,6.0,1156,0.0,0.0,0.0,0.0,0.0,0,0.0,0.0,0.0,0.0,0.0,0,1.0,1.0,1.0,1.0,1.0,552,0.9999999999999997,1.0000000000000002,1.0,1.0,1.0000000000000002,552,1.0,1.2,1.0086272224368795,1.0,1.0769230769230769,552,0.9999999999999997,1.0000000000000002,1.0,1.0,1.0000000000000002,552,552.0,0.0,0.0,0.0,552.0,552.0,0.0,0.0,0.0,0.0,0.0,0.0,1.0,0.0,0.0,1156.0,2312.0,1156.0,1336336.0,5360.719192773104,0.0,0.0,0.0,0.0,0.0,0.0,0.0,0.0,0.0,0.0,0.0,0.0,0.0,0.0,0.0,0.0,6989.334475249052
286,17160000000000,1156.0,1156.0,1156.0,1156.0,1156.0,1156,24.0,24.0,24.0,24.0,24.0,1156,0.0,0.0,0.0,0.0,0.0,1156,4.0,8.0,4.309688581314879,4.0,6.0,1156,0.0,0.0,0.0,0.0,0.0,0,0.0,0.0,0.0,0.0,0.0,0,1.0,1.0,1.0,1.0,1.0,552,0.9999999999999998,1.0000000000000004,1.0,1.0,1.0000000000000002,552,1.0,1.3333333333333333,1.0114931844374282,1.0,1.0833333333333333,552,0.9999999999999998,1.0000000000000004,1.0,1.0,1.0000000000000002,552,552.0,0.0,0.0,0.0,552.0,552.0,0.0,0.0,0.0,0.0,0.0,0.0,1.0,0.0,0.0,1156.0,2312.0,1156.0,1336336.0,5508.4384847432375,0.0,0.0,0.0,0.0,0.0,0.0,0.0,0.0,0.0,0.0,0.0,0.0,0.0,0.0,0.0,0.0,7136.604061350226
287,17220000000000,1156.0,1156.0,1156.0,1156.0,1156.0,1156,24.0,24.0,24.0,24.0,24.0,1156,0.0,0.0,0.0,0.0,0.0,1156,4.0,8.0,4.3166089965397925,4.0,6.0,1156,0.0,0.0,0.0,0.0,0.0,0,0.0,0.0,0.0,0.0,0.0,0,1.0,1.0,1.0,1.0,1.0,552,0.9999999999999997,1.0000000000000002,1.0,1.0,1.0,552,1.0,1.3333333333333333,1.014629545944728,1.0,1.1,552,0.9999999999999997,1.0000000000000002,1.0,1.0,1.0,552,552.0,0.0,0.0,0.0,552.0,552.0,0.0,0.0,0.0,0.0,0.0,0.0,1.0,0.0,0.0,1156.0,2312.0,1156.0,1336336.0,5282.798966392875,0.0,0.0,0.0,0.0,0.0,0.0,0.0,0.0,0.0,0.0,0.0,0.0,0.0,0.0,0.0,0.0,6933.5182420909405
288,17280000000000,1156.0,1156.0,1156.0,1156.0,1156.0,1156,24.0,24.0,24.0,24.0,24.0,1156,0.0,0.0,0.0,0.0,0.0,1156,4.0,8.0,4.309688581314879,4.0,6.0,1156,0.0,0.0,0.0,0.0,0.0,0,0.0,0.0,0.0,0.0,0.0,0,1.0,1.0,1.0,1.0,1.0,552,0.9999999999999997,1.0000000000000002,1.0,1.0,1.0000000000000002,552,1.0,1.3333333333333333,1.0079410611957984,1.0,1.0666666666666667,552,0.9999999999999997,1.0000000000000002,1.0,1.0,1.0000000000000002,552,552.0,0.0,0.0,0.0,552.0,552.0,0.0,0.0,0.0,0.0,0.0,0.0,1.0,0.0,0.0,1156.0,2312.0,1156.0,1336336.0,5279.7202076762915,0.0,0.0,0.0,0.0,0.0,0.0,0.0,0.0,0.0,0.0,0.0,0.0,0.0,0.0,0.0,0.0,6919.688805937767
289,17340000000000,1156.0,1156.0,1156.0,1156.0,1156.0,1156,24.0,24.0,24.0,24.0,24.0,1156,0.0,0.0,0.0,0.0,0.0,1156,4.0,8.0,4.310553633217993,4.0,6.0,1156,0.0,0.0,0.0,0.0,0.0,0,0.0,0.0,0.0,0.0,0.0,0,1.0,1.0,1.0,1.0,1.0,552,0.9999999999999997,1.0000000000000002,1.0,1.0,1.0000000000000002,552,1.0,1.3333333333333333,1.0101457066525383,1.0,1.0769230769230769,552,0.9999999999999997,1.0000000000000002,1.0,1.0,1.0000000000000002,552,552.0,0.0,0.0,0.0,552.0,552.0,0.0,0.0,0.0,0.0,0.0,0.0,1.0,0.0,0.0,1156.0,2312.0,1156.0,1336336.0,5531.73647262156,0.0,0.0,0.0,0.0,0.0,0.0,0.0,0.0,0.0,0.0,0.0,0.0,0.0,0.0,0.0,0.0,7167.316395789385
290,17400000000000,1156.0,1156.0,1156.0,1156.0,1156.0,1156,24.0,24.0,24.0,24.0,24.0,1156,0.0,0.0,0.0,0.0,0.0,1156,4.0,8.0,4.313148788927336,4.0,6.0,1156,0.0,0.0,0.0,0.0,0.0,0,0.0,0.0,0.0,0.0,0.0,0,1.0,1.0,1.0,1.0,1.0,552,0.9999999999999997,1.0000000000000004,1.0,1.0,1.0000000000000002,552,1.0,1.3333333333333333,1.012806127765195,1.0,1.0887351778656122,552,0.9999999999999997,1.0000000000000004,1.0,1.0,1.0000000000000002,552,552.0,0.0,0.0,0.0,552.0,552.0,0.0,0.0,0.0,0.0,0.0,0.0,1.0,0.0,0.0,1156.0,2312.0,1156.0,1336336.0,5015.171956270933,0.0,0.0,0.0,0.0,0.0,0.0,0.0,0.0,0.0,0.0,0.0,0.0,0.0,0.0,0.0,0.0,6712.73666061461
291,17460000000000,1156.0,1156.0,1156.0,1156.0,1156.0,1156,24.0,24.0,24.0,24.0,24.0,1156,0.0,0.0,0.0,0.0,0.0,1156,4.0,8.0,4.306228373702422,4.0,6.0,1156,0.0,0.0,0.0,0.0,0.0,0,0.0,0.0,0.0,0.0,0.0,0,1.0,1.0,1.0,1.0,1.0,552,0.9999999999999997,1.0000000000000002,1.0,1.0,1.0,552,1.0,1.3333333333333333,1.0079626311552807,1.0,1.0714285714285714,552,0.9999999999999997,1.0000000000000002,1.0,1.0,1.0,552,552.0,0.0,0.0,0.0,552.0,552.0,0.0,0.0,0.0,0.0,0.0,0.0,1.0,0.0,0.0,1156.0,2312.0,1156.0,1336336.0,5656.350271776319,0.0,0.0,0.0,0.0,0.0,0.0,0.0,0.0,0.0,0.0,0.0,0.0,0.0,0.0,0.0,0.0,7289.898445829749
292,17520000000000,1156.0,1156.0,1156.0,1156.0,1156.0,1156,24.0,24.0,24.0,24.0,24.0,1156,0.0,0.0,0.0,0.0,0.0,1156,4.0,8.0,4.311418685121107,4.0,6.0,1156,0.0,0.0,0.0,0.0,0.0,0,0.0,0.0,0.0,0.0,0.0,0,1.0,1.0,1.0,1.0,1.0,552,0.9999999999999997,1.0000000000000004,1.0,1.0,1.0000000000000002,552,1.0,1.3333333333333333,1.0104549031839702,1.0,1.0769230769230769,552,0.9999999999999997,1.0000000000000004,1.0,1.0,1.0000000000000002,552,552.0,0.0,0.0,0.0,552.0,552.0,0.0,0.0,0.0,0.0,0.0,0.0,1.0,0.0,0.0,1156.0,2312.0,1156.0,1336336.0,4816.4026867598295,0.0,0.0,0.0,0.0,0.0,0.0,0.0,0.0,0.0,0.0,0.0,0.0,0.0,0.0,0.0,0.0,6464.235868304968
293,17580000000000,1156.0,1156.0,1156.0,1156.0,1156.0,1156,24.0,24.0,24.0,24.0,24.0,1156,0.0,0.0,0.0,0.0,0.0,1156,4.0,8.0,4.311418685121107,4.0,6.0,1156,0.0,0.0,0.0,0.0,0.0,0,0.0,0.0,0.0,0.0,0.0,0,1.0,1.0,1.0,1.0,1.0,552,0.9999999999999996,1.0000000000000004,1.0,1.0,1.0,552,1.0,1.3333333333333333,1.0122836313616919,1.0,1.0833333333333333,552,0.9999999999999996,1.0000000000000004,1.0,1.0,1.0,552,552.0,0.0,0.0,0.0,552.0,552.0,0.0,0.0,0.0,0.0,0.0,0.0,1.0,0.0,0.0,1156.0,2312.0,1156.0,1336336.0,5485.173676162958,0.0,0.0,0.0,0.0,0.0,0.0,0.0,0.0,0.0,0.0,0.0,0.0,0.0,0.0,0.0,0.0,7108.646973967552
294,17640000000000,1156.0,1156.0,1156.0,1156.0,1156.0,1156,24.0,24.0,24.0,24.0,24.0,1156,0.0,0.0,0.0,0.0,0.0,1156,4.0,8.0,4.3088235294117645,4.0,6.0,1156,0.0,0.0,0.0,0.0,0.0,0,0.0,0.0,0.0,0.0,0.0,0,1.0,1.0,1.0,1.0,1.0,552,0.9999999999999998,1.0000000000000002,1.0,1.0,1.0000000000000002,552,1.0,1.3333333333333333,1.0092851372532718,1.0,1.0833333333333333,552,0.9999999999999998,1.0000000000000002,1.0,1.0,1.0000000000000002,552,552.0,0.0,0.0,0.0,552.0,552.0,0.0,0.0,0.0,0.0,0.0,0.0,1.0,0.0,0.0,1156.0,2312.0,1156.0,1336336.0,5179.239563643932,0.0,0.0,0.0,0.0,0.0,0.0,0.0,0.0,0.0,0.0,0.0,0.0,0.0,0.0,0.0,0.0,6813.727447763085
295,17700000000000,1156.0,1156.0,1156.0,1156.0,1156.0,1156,24.0,24.0,24.0,24.0,24.0,1156,0.0,0.0,0.0,0.0,0.0,1156,4.0,8.0,4.3088235294117645,4.0,6.0,1156,0.0,0.0,0.0,0.0,0.0,0,0.0,0.0,0.0,0.0,0.0,0,1.0,1.0,1.0,1.0,1.0,552,0.9999999999999997,1.0000000000000004,1.0,1.0,1.0000000000000002,552,1.0,1.3333333333333333,1.0116997037836508,1.0,1.0833333333333333,552,0.9999999999999997,1.0000000000000004,1.0,1.0,1.0000000000000002,552,552.0,0.0,0.0,0.0,552.0,552.0,0.0,0.0,0.0,0.0,0.0,0.0,1.0,0.0,0.0,1156.0,2312.0,1156.0,1336336.0,5565.185958519578,0.0,0.0,0.0,0.0,0.0,0.0,0.0,0.0,0.0,0.0,0.0,0.0,0.0,0.0,0.0,0.0,7186.683656647801
296,17760000000000,1156.0,1156.0,1156.0,1156.0,1156.0,1156,24.0,24.0,24.0,24.0,24.0,1156,0.0,0.0,0.0,0.0,0.0,1156,4.0,8.0,4.304498269896194,4.0,6.0,1156,0.0,0.0,0.0,0.0,0.0,0,0.0,0.0,0.0,0.0,0.0,0,1.0,1.0,1.0,1.0,1.0,552,0.9999999999999997,1.0000000000000002,1.0,1.0,1.0000000000000002,552,1.0,1.3333333333333333,1.0105948569639536,1.0,1.0769230769230769,552,0.9999999999999997,1.0000000000000002,1.0,1.0,1.0000000000000002,552,552.0,0.0,0.0,0.0,552.0,552.0,0.0,0.0,0.0,0.0,0.0,0.0,1.0,0.0,0.0,1156.0,2312.0,1156.0,1336336.0,5171.429920941591,0.0,0.0,0.0,0.0,0.0,0.0,0.0,0.0,0.0,0.0,0.0,0.0,0.0,0.0,0.0,0.0,6768.184047192335
297,17820000000000,1156.0,1156.0,1156.0,1156.0,1156.0,1156,24.0,24.0,24.0,24.0,24.0,1156,0.0,0.0,0.0,0.0,0.0,1156,4.0,8.0,4.304498269896194,4.0,6.0,1156,0.0,0.0,0.0,0.0,0.0,0,0.0,0.0,0.0,0.0,0.0,0,1.0,1.0,1.0,1.0,1.0,552,0.9999999999999997,1.0000000000000004,1.0,1.0,1.0000000000000002,552,1.0,1.3333333333333333,1.0090909774707608,1.0,1.0798076923076918,552,0.9999999999999997,1.0000000000000004,1.0,1.0,1.0000000000000002,552,552.0,0.0,0.0,0.0,552.0,552.0,0.0,0.0,0.0,0.0,0.0,0.0,1.0,0.0,0.0,1156.0,2312.0,1156.0,1336336.0,5291.2628427147865,0.0,0.0,0.0,0.0,0.0,0.0,0.0,0.0,0.0,0.0,0.0,0.0,0.0,0.0,0.0,0.0,6910.138735547662
298,17880000000000,1156.0,1156.0,1156.0,1156.0,1156.0,1156,24.0,24.0,24.0,24.0,24.0,1156,0.0,0.0,0.0,0.0,0.0,1156,4.0,8.0,4.3088235294117645,4.0,6.0,1156,0.0,0.0,0.0,0.0,0.0,0,0.0,0.0,0.0,0.0,0.0,0,1.0,1.0,1.0,1.0,1.0,552,0.9999999999999996,1.0000000000000004,1.0,1.0,1.0000000000000002,552,1.0,1.3333333333333333,1.011911357332101,1.0,1.0833333333333333,552,0.9999999999999996,1.0000000000000004,1.0,1.0,1.0000000000000002,552,552.0,0.0,0.0,0.0,552.0,552.0,0.0,0.0,0.0,0.0,0.0,0.0,1.0,0.0,0.0,1156.0,2312.0,1156.0,1336336.0,5734.3004662543535,0.0,0.0,0.0,0.0,0.0,0.0,0.0,0.0,0.0,0.0,0.0,0.0,0.0,0.0,0.0,0.0,7365.168731659651
299,17940000000000,1156.0,1156.0,1156.0,1156.0,1156.0,1156,24.0,24.0,24.0,24.0,24.0,1156,0.0,0.0,0.0,0.0,0.0,1156,4.0,8.0,4.303633217993079,4.0,6.0,1156,0.0,0.0,0.0,0.0,0.0,0,0.0,0.0,0.0,0.0,0.0,0,1.0,1.0,1.0,1.0,1.0,552,0.9999999999999997,1.0000000000000002,1.0,1.0,1.0000000000000002,552,1.0,1.3333333333333333,1.0104287047078075,1.0,1.0769230769230769,552,0.9999999999999997,1.0000000000000002,1.0,1.0,1.0000000000000002,552,552.0,0.0,0.0,0.0,552.0,552.0,0.0,0.0,0.0,0.0,0.0,0.0,1.0,0.0,0.0,1156.0,2312.0,1156.0,1336336.0,5096.156300976872,0.0,0.0,0.0,0.0,0.0,0.0,0.0,0.0,0.0,0.0,0.0,0.0,0.0,0.0,0.0,0.0,6707.180384546518
300,18000000000000,1156.0,1156.0,1156.0,1156.0,1156.0,1156,24.0,24.0,24.0,24.0,24.0,1156,0.0,0.0,0.0,0.0,0.0,1156,4.0,8.0,4.302768166089965,4.0,6.0,1156,0.0,0.0,0.0,0.0,0.0,0,0.0,0.0,0.0,0.0,0.0,0,1.0,1.0,1.0,1.0,1.0,552,0.9999999999999997,1.0000000000000004,1.0,1.0,1.0000000000000002,552,1.0,1.3333333333333333,1.0096500313012826,1.0,1.0833333333333333,552,0.9999999999999997,1.0000000000000004,1.0,1.0,1.0000000000000002,552,552.0,0.0,0.0,0.0,552.0,552.0,0.0,0.0,0.0,0.0,0.0,0.0,1.0,0.0,0.0,1156.0,2312.0,1156.0,1336336.0,5620.3810553997755,0.0,0.0,0.0,0.0,0.0,0.0,0.0,0.0,0.0,0.0,0.0,0.0,0.0,0.0,0.0,0.0,7230.497470125556
301,18060000000000,1156.0,1156.0,1156.0,1156.0,1156.0,1156,24.0,24.0,24.0,24.0,24.0,1156,0.0,0.0,0.0,0.0,0.0,1156,4.0,8.0,4.309688581314879,4.0,6.0,1156,0.0,0.0,0.0,0.0,0.0,0,0.0,0.0,0.0,0.0,0.0,0,1.0,1.0,1.0,1.0,1.0,552,0.9999999999999997,1.0000000000000002,1.0,1.0,1.0,552,1.0,1.1666666666666667,1.0108845849028583,1.0,1.0833333333333333,552,0.9999999999999997,1.0000000000000002,1.0,1.0,1.0,552,552.0,0.0,0.0,0.0,552.0,552.0,0.0,0.0,0.0,0.0,0.0,0.0,1.0,0.0,0.0,1156.0,2312.0,1156.0,1336336.0,5149.888634681702,0.0,0.0,0.0,0.0,0.0,0.0,0.0,0.0,0.0,0.0,0.0,0.0,0.0,0.0,0.0,0.0,6789.4751988351345
302,18120000000000,1156.0,1156.0,1156.0,1156.0,1156.0,1156,24.0,24.0,24.0,24.0,24.0,1156,0.0,0.0,0.0,0.0,0.0,1156,4.0,8.0,4.302768166089965,4.0,6.0,1156,0.0,0.0,0.0,0.0,0.0,0,0.0,0.0,0.0,0.0,0.0,0,1.0,1.0,1.0,1.0,1.0,552,0.9999999999999997,1.0000000000000002,1.0,1.0,1.0000000000000002,552,1.0,1.3333333333333333,1.009444407203666,1.0,1.0739010989010984,552,0.9999999999999997,1.0000000000000002,1.0,1.0,1.0000000000000002,552,552.0,0.0,0.0,0.0,552.0,552.0,0.0,0.0,0.0,0.0,0.0,0.0,1.0,0.0,0.0,1156.0,2312.0,1156.0,1336336.0,6002.445550635457,0.0,0.0,0.0,0.0,0.0,0.0,0.0,0.0,0.0,0.0,0.0,0.0,0.0,0.0,0.0,0.0,7610.466429963708
303,18180000000000,1156.0,1156.0,1156.0,1156.0,1156.0,1156,24.0,24.0,24.0,24.0,24.0,1156,0.0,0.0,0.0,0.0,0.0,1156,4.0,8.0,4.304498269896194,4.0,6.0,1156,0.0,0.0,0.0,0.0,0.0,0,0.0,0.0,0.0,0.0,0.0,0,1.0,1.0,1.0,1.0,1.0,552,0.9999999999999997,1.0000000000000002,1.0,1.0,1.0,552,1.0,1.1578947368421053,1.009219132160303,1.0,1.0833333333333333,552,0.9999999999999997,1.0000000000000002,1.0,1.0,1.0,552,552.0,0.0,0.0,0.0,552.0,552.0,0.0,0.0,0.0,0.0,0.0,0.0,1.0,0.0,0.0,1156.0,2312.0,1156.0,1336336.0,4989.537199959159,0.0,0.0,0.0,0.0,0.0,0.0,0.0,0.0,0.0,0.0,0.0,0.0,0.0,0.0,0.0,0.0,6590.432992205024
304,18240000000000,1156.0,1156.0,1156.0,1156.0,1156.0,1156,24.0,24.0,24.0,24.0,24.0,1156,0.0,0.0,0.0,0.0,0.0,1156,4.0,8.0,4.313148788927336,4.0,6.0,1156,0.0,0.0,0.0,0.0,0.0,0,0.0,0.0,0.0,0.0,0.0,0,1.0,1.0,1.0,1.0,1.0,552,0.9999999999999997,1.0000000000000002,1.0,1.0,1.0000000000000002,552,1.0,1.1666666666666667,1.01123004885446,1.0,1.0833333333333333,552,0.9999999999999997,1.0000000000000002,1.0,1.0,1.0000000000000002,552,552.0,0.0,0.0,0.0,552.0,552.0,0.0,0.0,0.0,0.0,0.0,0.0,1.0,0.0,0.0,1156.0,2312.0,1156.0,1336336.0,6137.751145288348,0.0,0.0,0.0,0.0,0.0,0.0,0.0,0.0,0.0,0.0,0.0,0.0,0.0,0.0,0.0,0.0,7783.077944070101
305,18300000000000,1156.0,1156.0,1156.0,1156.0,1156.0,1156,24.0,24.0,24.0,24.0,24.0,1156,0.0,0.0,0.0,0.0,0.0,1156,4.0,8.0,4.298442906574395,4.0,6.0,1156,0.0,0.0,0.0,0.0,0.0,0,0.0,0.0,0.0,0.0,0.0,0,1.0,1.0,1.0,1.0,1.0,552,0.9999999999999996,1.0000000000000002,1.0,1.0,1.0000000000000002,552,1.0,1.3333333333333333,1.0085957415551028,1.0,1.0714285714285714,552,0.9999999999999996,1.0000000000000002,1.0,1.0,1.0000000000000002,552,552.0,0.0,0.0,0.0,552.0,552.0,0.0,0.0,0.0,0.0,0.0,0.0,1.0,0.0,0.0,1156.0,2312.0,1156.0,1336336.0,4864.229667931795,0.0,0.0,0.0,0.0,0.0,0.0,0.0,0.0,0.0,0.0,0.0,0.0,0.0,0.0,0.0,0.0,6447.945760563016
306,18360000000000,1156.0,1156.0,1156.0,1156.0,1156.0,1156,24.0,24.0,24.0,24.0,24.0,1156,0.0,0.0,0.0,0.0,0.0,1156,4.0,8.0,4.307093425605537,4.0,6.0,1156,0.0,0.0,0.0,0.0,0.0,0,0.0,0.0,0.0,0.0,0.0,0,1.0,1.0,1.0,1.0,1.0,552,0.9999999999999998,1.0000000000000004,1.0,1.0,1.0,552,1.0,1.1578947368421053,1.0099472714583626,1.0,1.0833333333333333,552,0.9999999999999998,1.0000000000000004,1.0,1.0,1.0,552,552.0,0.0,0.0,0.0,552.0,552.0,0.0,0.0,0.0,0.0,0.0,0.0,1.0,0.0,0.0,1156.0,2312.0,1156.0,1336336.0,6022.917337715626,0.0,0.0,0.0,0.0,0.0,0.0,0.0,0.0,0.0,0.0,0.0,0.0,0.0,0.0,0.0,0.0,7642.966331914067
307,18420000000000,1156.0,1156.0,1156.0,1156.0,1156.0,1156,24.0,24.0,24.0,24.0,24.0,1156,0.0,0.0,0.0,0.0,0.0,1156,4.0,8.0,4.314878892733564,4.0,6.0,1156,0.0,0.0,0.0,0.0,0.0,0,0.0,0.0,0.0,0.0,0.0,0,1.0,1.0,1.0,1.0,1.0,552,0.9999999999999997,1.0000000000000002,1.0,1.0,1.0,552,1.0,1.1666666666666667,1.0117432278565004,1.0,1.0833333333333333,552,0.9999999999999997,1.0000000000000002,1.0,1.0,1.0,552,552.0,0.0,0.0,0.0,552.0,552.0,0.0,0.0,0.0,0.0,0.0,0.0,1.0,0.0,0.0,1156.0,2312.0,1156.0,1336336.0,5000.5135126411915,0.0,0.0,0.0,0.0,0.0,0.0,0.0,0.0,0.0,0.0,0.0,0.0,0.0,0.0,0.0,0.0,6642.787924036384
308,18480000000000,1156.0,1156.0,1156.0,1156.0,1156.0,1156,24.0,24.0,24.0,24.0,24.0,1156,0.0,0.0,0.0,0.0,0.0,1156,4.0,8.0,4.298442906574395,4.0,6.0,1156,0.0,0.0,0.0,0.0,0.0,0,0.0,0.0,0.0,0.0,0.0,0,1.0,1.0,1.0,1.0,1.0,552,0.9999999999999997,1.0000000000000002,1.0,1.0,1.0000000000000002,552,1.0,1.3333333333333333,1.0090100000956654,1.0,1.0714285714285714,552,0.9999999999999997,1.0000000000000002,1.0,1.0,1.0000000000000002,552,552.0,0.0,0.0,0.0,552.0,552.0,0.0,0.0,0.0,0.0,0.0,0.0,1.0,0.0,0.0,1156.0,2312.0,1156.0,1336336.0,6305.76042085886,0.0,0.0,0.0,0.0,0.0,0.0,0.0,0.0,0.0,0.0,0.0,0.0,0.0,0.0,0.0,0.0,7900.332001969218
309,18540000000000,1156.0,1156.0,1156.0,1156.0,1156.0,1156,24.0,24.0,24.0,24.0,24.0,1156,0.0,0.0,0.0,0.0,0.0,1156,4.0,8.0,4.312283737024221,4.0,6.0,1156,0.0,0.0,0.0,0.0,0.0,0,0.0,0.0,0.0,0.0,0.0,0,1.0,1.0,1.0,1.0,1.0,552,0.9999999999999996,1.0000000000000002,1.0,1.0,1.0,552,1.0,1.1764705882352942,1.011102162317512,1.0,1.0833333333333333,552,0.9999999999999996,1.0000000000000002,1.0,1.0,1.0,552,552.0,0.0,0.0,0.0,552.0,552.0,0.0,0.0,0.0,0.0,0.0,0.0,1.0,0.0,0.0,1156.0,2312.0,1156.0,1336336.0,5352.037463337183,0.0,0.0,0.0,0.0,0.0,0.0,0.0,0.0,0.0,0.0,0.0,0.0,0.0,0.0,0.0,0.0,6968.157367780805
310,18600000000000,1156.0,1156.0,1156.0,1156.0,1156.0,1156,24.0,24.0,24.0,24.0,24.0,1156,0.0,0.0,0.0,0.0,0.0,1156,4.0,8.0,4.312283737024221,4.0,6.0,1156,0.0,0.0,0.0,0.0,0.0,0,0.0,0.0,0.0,0.0,0.0,0,1.0,1.0,1.0,1.0,1.0,552,0.9999999999999997,1.0000000000000002,1.0,1.0,1.0,552,1.0,1.1666666666666667,1.0117691187101165,1.0,1.0833333333333333,552,0.9999999999999997,1.0000000000000002,1.0,1.0,1.0,552,552.0,0.0,0.0,0.0,552.0,552.0,0.0,0.0,0.0,0.0,0.0,0.0,1.0,0.0,0.0,1156.0,2312.0,1156.0,1336336.0,5901.153337210417,0.0,0.0,0.0,0.0,0.0,0.0,0.0,0.0,0.0,0.0,0.0,0.0,0.0,0.0,0.0,0.0,7549.826979637146
311,18660000000000,1156.0,1156.0,1156.0,1156.0,1156.0,1156,24.0,24.0,24.0,24.0,24.0,1156,0.0,0.0,0.0,0.0,0.0,1156,4.0,8.0,4.301038062283737,4.0,6.0,1156,0.0,0.0,0.0,0.0,0.0,0,0.0,0.0,0.0,0.0,0.0,0,1.0,1.0,1.0,1.0,1.0,552,0.9999999999999998,1.0000000000000002,1.0,1.0,1.0000000000000002,552,1.0,1.3333333333333333,1.0091088172952742,1.0,1.0739010989010984,552,0.9999999999999998,1.0000000000000002,1.0,1.0,1.0000000000000002,552,552.0,0.0,0.0,0.0,552.0,552.0,0.0,0.0,0.0,0.0,0.0,0.0,1.0,0.0,0.0,1156.0,2312.0,1156.0,1336336.0,5667.272716760635,0.0,0.0,0.0,0.0,0.0,0.0,0.0,0.0,0.0,0.0,0.0,0.0,0.0,0.0,0.0,0.0,7247.864335775375
312,18720000000000,1156.0,1156.0,1156.0,1156.0,1156.0,1156,24.0,24.0,24.0,24.0,24.0,1156,0.0,0.0,0.0,0.0,0.0,1156,4.0,8.0,4.317474048442906,4.0,6.0,1156,0.0,0.0,0.0,0.0,0.0,0,0.0,0.0,0.0,0.0,0.0,0,1.0,1.0,1.0,1.0,1.0,552,0.9999999999999998,1.0000000000000004,1.0,1.0,1.0000000000000002,552,1.0,1.1666666666666667,1.0122096384922097,1.0,1.0833333333333333,552,0.9999999999999998,1.0000000000000004,1.0,1.0,1.0000000000000002,552,552.0,0.0,0.0,0.0,552.0,552.0,0.0,0.0,0.0,0.0,0.0,0.0,1.0,0.0,0.0,1156.0,2312.0,1156.0,1336336.0,5219.999646767974,0.0,0.0,0.0,0.0,0.0,0.0,0.0,0.0,0.0,0.0,0.0,0.0,0.0,0.0,0.0,0.0,6893.761791288853
313,18780000000000,1156.0,1156.0,1156.0,1156.0,1156.0,1156,24.0,24.0,24.0,24.0,24.0,1156,0.0,0.0,0.0,0.0,0.0,1156,4.0,8.0,4.320069204152249,4.0,6.0,1156,0.0,0.0,0.0,0.0,0.0,0,0.0,0.0,0.0,0.0,0.0,0,1.0,1.0,1.0,1.0,1.0,552,0.9999999999999998,1.0000000000000002,1.0,1.0,1.0000000000000002,552,1.0,1.1666666666666667,1.011139675033312,1.0,1.0833333333333333,552,0.9999999999999998,1.0000000000000002,1.0,1.0,1.0000000000000002,552,552.0,0.0,0.0,0.0,552.0,552.0,0.0,0.0,0.0,0.0,0.0,0.0,1.0,0.0,0.0,1156.0,2312.0,1156.0,1336336.0,4887.476021423936,0.0,0.0,0.0,0.0,0.0,0.0,0.0,0.0,0.0,0.0,0.0,0.0,0.0,0.0,0.0,0.0,6559.906467795372
314,18840000000000,1156.0,1156.0,1156.0,1156.0,1156.0,1156,24.0,24.0,24.0,24.0,24.0,1156,0.0,0.0,0.0,0.0,0.0,1156,4.0,8.0,4.303633217993079,4.0,6.0,1156,0.0,0.0,0.0,0.0,0.0,0,0.0,0.0,0.0,0.0,0.0,0,1.0,1.0,1.0,1.0,1.0,552,0.9999999999999996,1.0000000000000004,1.0,1.0,1.0000000000000002,552,1.0,1.3333333333333333,1.0094667503654646,1.0,1.0769230769230769,552,0.9999999999999996,1.0000000000000004,1.0,1.0,1.0000000000000002,552,552.0,0.0,0.0,0.0,552.0,552.0,0.0,0.0,0.0,0.0,0.0,0.0,1.0,0.0,0.0,1156.0,2312.0,1156.0,1336336.0,4527.481401339173,0.0,0.0,0.0,0.0,0.0,0.0,0.0,0.0,0.0,0.0,0.0,0.0,0.0,0.0,0.0,0.0,6148.91204982996
315,18900000000000,1156.0,1156.0,1156.0,1156.0,1156.0,1156,24.0,24.0,24.0,24.0,24.0,1156,0.0,0.0,0.0,0.0,0.0,1156,4.0,8.0,4.314878892733564,4.0,6.0,1156,0.0,0.0,0.0,0.0,0.0,0,0.0,0.0,0.0,0.0,0.0,0,1.0,1.0,1.0,1.0,1.0,552,0.9999999999999997,1.0000000000000002,1.0,1.0,1.0000000000000002,552,1.0,1.1666666666666667,1.0115400758831614,1.0,1.0833333333333333,552,0.9999999999999997,1.0000000000000002,1.0,1.0,1.0000000000000002,552,552.0,0.0,0.0,0.0,552.0,552.0,0.0,0.0,0.0,0.0,0.0,0.0,1.0,0.0,0.0,1156.0,2312.0,1156.0,1336336.0,5670.034484937787,0.0,0.0,0.0,0.0,0.0,0.0,0.0,0.0,0.0,0.0,0.0,0.0,0.0,0.0,0.0,0.0,7309.834484010935
316,18960000000000,1156.0,1156.0,1156.0,1156.0,1156.0,1156,24.0,24.0,24.0,24.0,24.0,1156,0.0,0.0,0.0,0.0,0.0,1156,4.0,8.0,4.31401384083045,4.0,6.0,1156,0.0,0.0,0.0,0.0,0.0,0,0.0,0.0,0.0,0.0,0.0,0,1.0,1.0,1.0,1.0,1.0,552,0.9999999999999996,1.0000000000000002,1.0,1.0,1.0,552,1.0,1.1666666666666667,1.0109371330859755,1.0,1.0833333333333333,552,0.9999999999999996,1.0000000000000002,1.0,1.0,1.0,552,552.0,0.0,0.0,0.0,552.0,552.0,0.0,0.0,0.0,0.0,0.0,0.0,1.0,0.0,0.0,1156.0,2312.0,1156.0,1336336.0,4643.244178965688,0.0,0.0,0.0,0.0,0.0,0.0,0.0,0.0,0.0,0.0,0.0,0.0,0.0,0.0,0.0,0.0,6333.078231662512
317,19020000000000,1156.0,1156.0,1156.0,1156.0,1156.0,1156,24.0,24.0,24.0,24.0,24.0,1156,0.0,0.0,0.0,0.0,0.0,1156,4.0,8.0,4.298442906574395,4.0,6.0,1156,0.0,0.0,0.0,0.0,0.0,0,0.0,0.0,0.0,0.0,0.0,0,1.0,1.0,1.0,1.0,1.0,552,0.9999999999999996,1.0000000000000004,1.0,1.0,1.0000000000000002,552,1.0,1.3333333333333333,1.0105146232713011,1.0,1.0833333333333333,552,0.9999999999999996,1.0000000000000004,1.0,1.0,1.0000000000000002,552,552.0,0.0,0.0,0.0,552.0,552.0,0.0,0.0,0.0,0.0,0.0,0.0,1.0,0.0,0.0,1156.0,2312.0,1156.0,1336336.0,5595.159541815519,0.0,0.0,0.0,0.0,0.0,0.0,0.0,0.0,0.0,0.0,0.0,0.0,0.0,0.0,0.0,0.0,7190.779153257608
318,19080000000000,1156.0,1156.0,1156.0,1156.0,1156.0,1156,24.0,24.0,24.0,24.0,24.0,1156,0.0,0.0,0.0,0.0,0.0,1156,4.0,8.0,4.3166089965397925,4.0,6.0,1156,0.0,0.0,0.0,0.0,0.0,0,0.0,0.0,0.0,0.0,0.0,0,1.0,1.0,1.0,1.0,1.0,552,0.9999999999999997,1.0000000000000002,1.0,1.0,1.0000000000000002,552,1.0,1.1666666666666667,1.0116281809754017,1.0,1.0909090909090908,552,0.9999999999999997,1.0000000000000002,1.0,1.0,1.0000000000000002,552,552.0,0.0,0.0,0.0,552.0,552.0,0.0,0.0,0.0,0.0,0.0,0.0,1.0,0.0,0.0,1156.0,2312.0,1156.0,1336336.0,4321.569772437215,0.0,0.0,0.0,0.0,0.0,0.0,0.0,0.0,0.0,0.0,0.0,0.0,0.0,0.0,0.0,0.0,5969.245856627822
319,19140000000000,1156.0,1156.0,1156.0,1156.0,1156.0,1156,24.0,24.0,24.0,24.0,24.0,1156,0.0,0.0,0.0,0.0,0.0,1156,4.0,8.0,4.313148788927336,4.0,6.0,1156,0.0,0.0,0.0,0.0,0.0,0,0.0,0.0,0.0,0.0,0.0,0,1.0,1.0,1.0,1.0,1.0,552,0.9999999999999996,1.0000000000000002,1.0,1.0,1.0,552,1.0,1.2,1.0109929985878128,1.0,1.0833333333333333,552,0.9999999999999996,1.0000000000000002,1.0,1.0,1.0,552,552.0,0.0,0.0,0.0,552.0,552.0,0.0,0.0,0.0,0.0,0.0,0.0,1.0,0.0,0.0,1156.0,2312.0,1156.0,1336336.0,5423.239029943943,0.0,0.0,0.0,0.0,0.0,0.0,0.0,0.0,0.0,0.0,0.0,0.0,0.0,0.0,0.0,0.0,7080.712780356407
320,19200000000000,1156.0,1156.0,1156.0,1156.0,1156.0,1156,24.0,24.0,24.0,24.0,24.0,1156,0.0,0.0,0.0,0.0,0.0,1156,4.0,8.0,4.302768166089965,4.0,6.0,1156,0.0,0.0,0.0,0.0,0.0,0,0.0,0.0,0.0,0.0,0.0,0,1.0,1.0,1.0,1.0,1.0,552,0.9999999999999997,1.0000000000000004,1.0,1.0,1.0000000000000002,552,1.0,1.3333333333333333,1.0107744204471119,1.0,1.0798076923076918,552,0.9999999999999997,1.0000000000000004,1.0,1.0,1.0000000000000002,552,552.0,0.0,0.0,0.0,552.0,552.0,0.0,0.0,0.0,0.0,0.0,0.0,1.0,0.0,0.0,1156.0,2312.0,1156.0,1336336.0,4292.576091364026,0.0,0.0,0.0,0.0,0.0,0.0,0.0,0.0,0.0,0.0,0.0,0.0,0.0,0.0,0.0,0.0,5901.216210797429
321,19260000000000,1156.0,1156.0,1156.0,1156.0,1156.0,1156,24.0,24.0,24.0,24.0,24.0,1156,0.0,0.0,0.0,0.0,0.0,1156,4.0,8.0,4.313148788927336,4.0,6.0,1156,0.0,0.0,0.0,0.0,0.0,0,0.0,0.0,0.0,0.0,0.0,0,1.0,1.0,1.0,1.0,1.0,552,0.9999999999999996,1.0000000000000004,1.0,1.0,1.0000000000000002,552,1.0,1.1666666666666667,1.01068311272208,1.0,1.0833333333333333,552,0.9999999999999996,1.0000000000000004,1.0,1.0,1.0000000000000002,552,552.0,0.0,0.0,0.0,552.0,552.0,0.0,0.0,0.0,0.0,0.0,0.0,1.0,0.0,0.0,1156.0,2312.0,1156.0,1336336.0,5242.742011323571,0.0,0.0,0.0,0.0,0.0,0.0,0.0,0.0,0.0,0.0,0.0,0.0,0.0,0.0,0.0,0.0,6886.2773310393095
322,19320000000000,1156.0,1156.0,1156.0,1156.0,1156.0,1156,24.0,24.0,24.0,24.0,24.0,1156,0.0,0.0,0.0,0.0,0.0,1156,4.0,8.0,4.3088235294117645,4.0,6.0,1156,0.0,0.0,0.0,0.0,0.0,0,0.0,0.0,0.0,0.0,0.0,0,1.0,1.0,1.0,1.0,1.0,552,0.9999999999999997,1.0000000000000004,1.0,1.0,1.0000000000000002,552,1.0,1.1666666666666667,1.0109590656066314,1.0,1.0909090909090908,552,0.9999999999999997,1.0000000000000004,1.0,1.0,1.0000000000000002,552,552.0,0.0,0.0,0.0,552.0,552.0,0.0,0.0,0.0,0.0,0.0,0.0,1.0,0.0,0.0,1156.0,2312.0,1156.0,1336336.0,4466.829968616366,0.0,0.0,0.0,0.0,0.0,0.0,0.0,0.0,0.0,0.0,0.0,0.0,0.0,0.0,0.0,0.0,6086.071044206619
323,19380000000000,1156.0,1156.0,1156.0,1156.0,1156.0,1156,24.0,24.0,24.0,24.0,24.0,1156,0.0,0.0,0.0,0.0,0.0,1156,4.0,8.0,4.306228373702422,4.0,6.0,1156,0.0,0.0,0.0,0.0,0.0,0,0.0,0.0,0.0,0.0,0.0,0,1.0,1.0,1.0,1.0,1.0,552,0.9999999999999996,1.0000000000000002,1.0,1.0,1.0000000000000002,552,1.0,1.3333333333333333,1.0118709421028442,1.0,1.0909090909090908,552,0.9999999999999996,1.0000000000000002,1.0,1.0,1.0000000000000002,552,552.0,0.0,0.0,0.0,552.0,552.0,0.0,0.0,0.0,0.0,0.0,0.0,1.0,0.0,0.0,1156.0,2312.0,1156.0,1336336.0,5075.209336355329,0.0,0.0,0.0,0.0,0.0,0.0,0.0,0.0,0.0,0.0,0.0,0.0,0.0,0.0,0.0,0.0,6703.098865225911
324,19440000000000,1156.0,1156.0,1156.0,1156.0,1156.0,1156,24.0,24.0,24.0,24.0,24.0,1156,0.0,0.0,0.0,0.0,0.0,1156,4.0,8.0,4.311418685121107,4.0,6.0,1156,0.0,0.0,0.0,0.0,0.0,0,0.0,0.0,0.0,0.0,0.0,0,1.0,1.0,1.0,1.0,1.0,552,0.9999999999999998,1.0000000000000002,1.0,1.0,1.0,552,1.0,1.1666666666666667,1.0104684293150779,1.0,1.0798076923076918,552,0.9999999999999998,1.0000000000000002,1.0,1.0,1.0,552,552.0,0.0,0.0,0.0,552.0,552.0,0.0,0.0,0.0,0.0,0.0,0.0,1.0,0.0,0.0,1156.0,2312.0,1156.0,1336336.0,4748.386453837156,0.0,0.0,0.0,0.0,0.0,0.0,0.0,0.0,0.0,0.0,0.0,0.0,0.0,0.0,0.0,0.0,6373.274024575949
325,19500000000000,1156.0,1156.0,1156.0,1156.0,1156.0,1156,24.0,24.0,24.0,24.0,24.0,1156,0.0,0.0,0.0,0.0,0.0,1156,4.0,8.0,4.31401384083045,4.0,6.0,1156,0.0,0.0,0.0,0.0,0.0,0,0.0,0.0,0.0,0.0,0.0,0,1.0,1.0,1.0,1.0,1.0,552,0.9999999999999998,1.0000000000000002,1.0,1.0,1.0,552,1.0,1.1666666666666667,1.0121519838100113,1.0,1.0909090909090908,552,0.9999999999999998,1.0000000000000002,1.0,1.0,1.0,552,552.0,0.0,0.0,0.0,552.0,552.0,0.0,0.0,0.0,0.0,0.0,0.0,1.0,0.0,0.0,1156.0,2312.0,1156.0,1336336.0,4853.179462254047,0.0,0.0,0.0,0.0,0.0,0.0,0.0,0.0,0.0,0.0,0.0,0.0,0.0,0.0,0.0,0.0,6505.427623167634
326,19560000000000,1156.0,1156.0,1156.0,1156.0,1156.0,1156,24.0,24.0,24.0,24.0,24.0,1156,0.0,0.0,0.0,0.0,0.0,1156,4.0,8.0,4.311418685121107,4.0,6.0,1156,0.0,0.0,0.0,0.0,0.0,0,0.0,0.0,0.0,0.0,0.0,0,1.0,1.0,1.0,1.0,1.0,552,0.9999999999999997,1.0000000000000002,1.0,1.0,1.0000000000000002,552,1.0,1.3333333333333333,1.0120038184419156,1.0,1.0849637681159416,552,0.9999999999999997,1.0000000000000002,1.0,1.0,1.0000000000000002,552,552.0,0.0,0.0,0.0,552.0,552.0,0.0,0.0,0.0,0.0,0.0,0.0,1.0,0.0,0.0,1156.0,2312.0,1156.0,1336336.0,5104.121522977948,0.0,0.0,0.0,0.0,0.0,0.0,0.0,0.0,0.0,0.0,0.0,0.0,0.0,0.0,0.0,0.0,6733.544232323766
327,19620000000000,1156.0,1156.0,1156.0,1156.0,1156.0,1156,24.0,24.0,24.0,24.0,24.0,1156,0.0,0.0,0.0,0.0,0.0,1156,4.0,8.0,4.311418685121107,4.0,6.0,1156,0.0,0.0,0.0,0.0,0.0,0,0.0,0.0,0.0,0.0,0.0,0,1.0,1.0,1.0,1.0,1.0,552,0.9999999999999996,1.0000000000000004,1.0,1.0,1.0000000000000002,552,1.0,1.1875,1.0096089041689458,1.0,1.0769230769230769,552,0.9999999999999996,1.0000000000000004,1.0,1.0,1.0000000000000002,552,552.0,0.0,0.0,0.0,552.0,552.0,0.0,0.0,0.0,0.0,0.0,0.0,1.0,0.0,0.0,1156.0,2312.0,1156.0,1336336.0,4540.274979546666,0.0,0.0,0.0,0.0,0.0,0.0,0.0,0.0,0.0,0.0,0.0,0.0,0.0,0.0,0.0,0.0,6186.7377404123545
328,19680000000000,1156.0,1156.0,1156.0,1156.0,1156.0,1156,24.0,24.0,24.0,24.0,24.0,1156,0.0,0.0,0.0,0.0,0.0,1156,4.0,8.0,4.310553633217993,4.0,6.0,1156,0.0,0.0,0.0,0.0,0.0,0,0.0,0.0,0.0,0.0,0.0,0,1.0,1.0,1.0,1.0,1.0,552,0.9999999999999997,1.0000000000000004,1.0,1.0,1.0000000000000002,552,1.0,1.1428571428571428,1.0106748808595285,1.0,1.0849637681159416,552,0.9999999999999997,1.0000000000000004,1.0,1.0,1.0000000000000002,552,552.0,0.0,0.0,0.0,552.0,552.0,0.0,0.0,0.0,0.0,0.0,0.0,1.0,0.0,0.0,1156.0,2312.0,1156.0,1336336.0,5181.109089404345,0.0,0.0,0.0,0.0,0.0,0.0,0.0,0.0,0.0,0.0,0.0,0.0,0.0,0.0,0.0,0.0,6813.390146940947
329,19740000000000,1156.0,1156.0,1156.0,1156.0,1156.0,1156,24.0,24.0,24.0,24.0,24.0,1156,0.0,0.0,0.0,0.0,0.0,1156,4.0,8.0,4.310553633217993,4.0,6.0,1156,0.0,0.0,0.0,0.0,0.0,0,0.0,0.0,0.0,0.0,0.0,0,1.0,1.0,1.0,1.0,1.0,552,0.9999999999999998,1.0000000000000004,1.0,1.0,1.0000000000000002,552,1.0,1.3333333333333333,1.0112011960692087,1.0,1.0769230769230769,552,0.9999999999999998,1.0000000000000004,1.0,1.0,1.0000000000000002,552,552.0,0.0,0.0,0.0,552.0,552.0,0.0,0.0,0.0,0.0,0.0,0.0,1.0,0.0,0.0,1156.0,2312.0,1156.0,1336336.0,4218.134434893727,0.0,0.0,0.0,0.0,0.0,0.0,0.0,0.0,0.0,0.0,0.0,0.0,0.0,0.0,0.0,0.0,5892.688825726509
330,19800000000000,1156.0,1156.0,1156.0,1156.0,1156.0,1156,24.0,24.0,24.0,24.0,24.0,1156,0.0,0.0,0.0,0.0,0.0,1156,4.0,8.0,4.311418685121107,4.0,6.0,1156,0.0,0.0,0.0,0.0,0.0,0,0.0,0.0,0.0,0.0,0.0,0,1.0,1.0,1.0,1.0,1.0,552,0.9999999999999996,1.0000000000000002,1.0,1.0,1.0000000000000002,552,1.0,1.1666666666666667,1.009135555189293,1.0,1.0688095238095234,552,0.9999999999999996,1.0000000000000002,1.0,1.0,1.0000000000000002,552,552.0,0.0,0.0,0.0,552.0,552.0,0.0,0.0,0.0,0.0,0.0,0.0,1.0,0.0,0.0,1156.0,2312.0,1156.0,1336336.0,5541.856814175844,0.0,0.0,0.0,0.0,0.0,0.0,0.0,0.0,0.0,0.0,0.0,0.0,0.0,0.0,0.0,0.0,7237.27610334754
331,19860000000000,1156.0,1156.0,1156.0,1156.0,1156.0,1156,24.0,24.0,24.0,24.0,24.0,1156,0.0,0.0,0.0,0.0,0.0,1156,4.0,8.0,4.311418685121107,4.0,6.0,1156,0.0,0.0,0.0,0.0,0.0,0,0.0,0.0,0.0,0.0,0.0,0,1.0,1.0,1.0,1.0,1.0,552,0.9999999999999998,1.0000000000000004,1.0,1.0,1.0000000000000002,552,1.0,1.1428571428571428,1.0119277706465561,1.0,1.0909090909090908,552,0.9999999999999998,1.0000000000000004,1.0,1.0,1.0000000000000002,552,552.0,0.0,0.0,0.0,552.0,552.0,0.0,0.0,0.0,0.0,0.0,0.0,1.0,0.0,0.0,1156.0,2312.0,1156.0,1336336.0,4400.595946237445,0.0,0.0,0.0,0.0,0.0,0.0,0.0,0.0,0.0,0.0,0.0,0.0,0.0,0.0,0.0,0.0,6064.4718538969755
332,19920000000000,1156.0,1156.0,1156.0,1156.0,1156.0,1156,24.0,24.0,24.0,24.0,24.0,1156,0.0,0.0,0.0,0.0,0.0,1156,4.0,8.0,4.312283737024221,4.0,6.0,1156,0.0,0.0,0.0,0.0,0.0,0,0.0,0.0,0.0,0.0,0.0,0,1.0,1.0,1.0,1.0,1.0,552,0.9999999999999996,1.0000000000000004,1.0,1.0,1.0000000000000002,552,1.0,1.3333333333333333,1.0129104051582802,1.0,1.0909090909090908,552,0.9999999999999996,1.0000000000000004,1.0,1.0,1.0000000000000002,552,552.0,0.0,0.0,0.0,552.0,552.0,0.0,0.0,0.0,0.0,0.0,0.0,1.0,0.0,0.0,1156.0,2312.0,1156.0,1336336.0,6303.509213030338,0.0,0.0,0.0,0.0,0.0,0.0,0.0,0.0,0.0,0.0,0.0,0.0,0.0,0.0,0.0,0.0,7997.890194877982
333,19980000000000,1156.0,1156.0,1156.0,1156.0,1156.0,1156,24.0,24.0,24.0,24.0,24.0,1156,0.0,0.0,0.0,0.0,0.0,1156,4.0,8.0,4.3166089965397925,4.0,6.0,1156,0.0,0.0,0.0,0.0,0.0,0,0.0,0.0,0.0,0.0,0.0,0,1.0,1.0,1.0,1.0,1.0,552,0.9999999999999996,1.0000000000000002,1.0,1.0,1.0000000000000002,552,1.0,1.1666666666666667,1.0089793932812827,1.0,1.0666666666666667,552,0.9999999999999996,1.0000000000000002,1.0,1.0,1.0000000000000002,552,552.0,0.0,0.0,0.0,552.0,552.0,0.0,0.0,0.0,0.0,0.0,0.0,1.0,0.0,0.0,1156.0,2312.0,1156.0,1336336.0,4716.149872168899,0.0,0.0,0.0,0.0,0.0,0.0,0.0,0.0,0.0,0.0,0.0,0.0,0.0,0.0,0.0,0.0,6397.730307653546
334,20040000000000,1156.0,1156.0,1156.0,1156.0,1156.0,1156,24.0,24.0,24.0,24.0,24.0,1156,0.0,0.0,0.0,0.0,0.0,1156,4.0,8.0,4.314878892733564,4.0,6.0,1156,0.0,0.0,0.0,0.0,0.0,0,0.0,0.0,0.0,0.0,0.0,0,1.0,1.0,1.0,1.0,1.0,552,0.9999999999999997,1.0000000000000002,1.0,1.0,1.0000000000000002,552,1.0,1.1428571428571428,1.012601951725934,1.0,1.0909090909090908,552,0.9999999999999997,1.0000000000000002,1.0,1.0,1.0000000000000002,552,552.0,0.0,0.0,0.0,552.0,552.0,0.0,0.0,0.0,0.0,0.0,0.0,1.0,0.0,0.0,1156.0,2312.0,1156.0,1336336.0,5636.925423517823,0.0,0.0,0.0,0.0,0.0,0.0,0.0,0.0,0.0,0.0,0.0,0.0,0.0,0.0,0.0,0.0,7331.898935139179
335,20100000000000,1156.0,1156.0,1156.0,1156.0,1156.0,1156,24.0,24.0,24.0,24.0,24.0,1156,0.0,0.0,0.0,0.0,0.0,1156,4.0,8.0,4.307093425605537,4.0,6.0,1156,0.0,0.0,0.0,0.0,0.0,0,0.0,0.0,0.0,0.0,0.0,0,1.0,1.0,1.0,1.0,1.0,552,0.9999999999999997,1.0000000000000004,1.0,1.0,1.0000000000000002,552,1.0,1.3333333333333333,1.0123221491013523,1.0,1.0867424242424237,552,0.9999999999999997,1.0000000000000004,1.0,1.0,1.0000000000000002,552,552.0,0.0,0.0,0.0,552.0,552.0,0.0,0.0,0.0,0.0,0.0,0.0,1.0,0.0,0.0,1156.0,2312.0,1156.0,1336336.0,4811.543924733996,0.0,0.0,0.0,0.0,0.0,0.0,0.0,0.0,0.0,0.0,0.0,0.0,0.0,0.0,0.0,0.0,6466.376286000013
336,20160000000000,1156.0,1156.0,1156.0,1156.0,1156.0,1156,24.0,24.0,24.0,24.0,24.0,1156,0.0,0.0,0.0,0.0,0.0,1156,4.0,8.0,4.314878892733564,4.0,6.0,1156,0.0,0.0,0.0,0.0,0.0,0,0.0,0.0,0.0,0.0,0.0,0,1.0,1.0,1.0,1.0,1.0,552,0.9999999999999998,1.0000000000000002,1.0,1.0,1.0000000000000002,552,1.0,1.1666666666666667,1.0093289916366124,1.0,1.0666666666666667,552,0.9999999999999998,1.0000000000000002,1.0,1.0,1.0000000000000002,552,552.0,0.0,0.0,0.0,552.0,552.0,0.0,0.0,0.0,0.0,0.0,0.0,1.0,0.0,0.0,1156.0,2312.0,1156.0,1336336.0,5329.502634704113,0.0,0.0,0.0,0.0,0.0,0.0,0.0,0.0,0.0,0.0,0.0,0.0,0.0,0.0,0.0,0.0,7021.802386268973
337,20220000000000,1156.0,1156.0,1156.0,1156.0,1156.0,1156,24.0,24.0,24.0,24.0,24.0,1156,0.0,0.0,0.0,0.0,0.0,1156,4.0,8.0,4.313148788927336,4.0,6.0,1156,0.0,0.0,0.0,0.0,0.0,0,0.0,0.0,0.0,0.0,0.0,0,1.0,1.0,1.0,1.0,1.0,552,0.9999999999999997,1.0000000000000002,1.0,1.0,1.0000000000000002,552,1.0,1.1428571428571428,1.012264744705221,1.0,1.0909090909090908,552,0.9999999999999997,1.0000000000000002,1.0,1.0,1.0000000000000002,552,552.0,0.0,0.0,0.0,552.0,552.0,0.0,0.0,0.0,0.0,0.0,0.0,1.0,0.0,0.0,1156.0,2312.0,1156.0,1336336.0,4767.873849719763,0.0,0.0,0.0,0.0,0.0,0.0,0.0,0.0,0.0,0.0,0.0,0.0,0.0,0.0,0.0,0.0,6460.5436734855175
338,20280000000000,1156.0,1156.0,1156.0,1156.0,1156.0,1156,24.0,24.0,24.0,24.0,24.0,1156,0.0,0.0,0.0,0.0,0.0,1156,4.0,8.0,4.3088235294117645,4.0,6.0,1156,0.0,0.0,0.0,0.0,0.0,0,0.0,0.0,0.0,0.0,0.0,0,1.0,1.0,1.0,1.0,1.0,552,0.9999999999999998,1.0000000000000002,1.0,1.0,1.0000000000000002,552,1.0,1.3333333333333333,1.010496137084254,1.0,1.0798076923076918,552,0.9999999999999998,1.0000000000000002,1.0,1.0,1.0000000000000002,552,552.0,0.0,0.0,0.0,552.0,552.0,0.0,0.0,0.0,0.0,0.0,0.0,1.0,0.0,0.0,1156.0,2312.0,1156.0,1336336.0,4938.104920089245,0.0,0.0,0.0,0.0,0.0,0.0,0.0,0.0,0.0,0.0,0.0,0.0,0.0,0.0,0.0,0.0,6578.299071639776
339,20340000000000,1156.0,1156.0,1156.0,1156.0,1156.0,1156,24.0,24.0,24.0,24.0,24.0,1156,0.0,0.0,0.0,0.0,0.0,1156,4.0,8.0,4.31401384083045,4.0,6.0,1156,0.0,0.0,0.0,0.0,0.0,0,0.0,0.0,0.0,0.0,0.0,0,1.0,1.0,1.0,1.0,1.0,552,0.9999999999999997,1.0000000000000004,1.0,1.0,1.0000000000000002,552,1.0,1.1666666666666667,1.0085939009979072,1.0,1.0643749999999996,552,0.9999999999999997,1.0000000000000004,1.0,1.0,1.0000000000000002,552,552.0,0.0,0.0,0.0,552.0,552.0,0.0,0.0,0.0,0.0,0.0,0.0,1.0,0.0,0.0,1156.0,2312.0,1156.0,1336336.0,4674.848854541779,0.0,0.0,0.0,0.0,0.0,0.0,0.0,0.0,0.0,0.0,0.0,0.0,0.0,0.0,0.0,0.0,6323.103880509734
340,20400000000000,1156.0,1156.0,1156.0,1156.0,1156.0,1156,24.0,24.0,24.0,24.0,24.0,1156,0.0,0.0,0.0,0.0,0.0,1156,4.0,8.0,4.311418685121107,4.0,6.0,1156,0.0,0.0,0.0,0.0,0.0,0,0.0,0.0,0.0,0.0,0.0,0,1.0,1.0,1.0,1.0,1.0,552,0.9999999999999998,1.0000000000000004,1.0,1.0,1.0000000000000002,552,1.0,1.1428571428571428,1.0116635928732507,1.0,1.0909090909090908,552,0.9999999999999998,1.0000000000000004,1.0,1.0,1.0000000000000002,552,552.0,0.0,0.0,0.0,552.0,552.0,0.0,0.0,0.0,0.0,0.0,0.0,1.0,0.0,0.0,1156.0,2312.0,1156.0,1336336.0,5520.691080018878,0.0,0.0,0.0,0.0,0.0,0.0,0.0,0.0,0.0,0.0,0.0,0.0,0.0,0.0,0.0,0.0,7144.422875717282
341,20460000000000,1156.0,1156.0,1156.0,1156.0,1156.0,1156,24.0,24.0,24.0,24.0,24.0,1156,0.0,0.0,0.0,0.0,0.0,1156,4.0,8.0,4.307958477508651,4.0,6.0,1156,0.0,0.0,0.0,0.0,0.0,0,0.0,0.0,0.0,0.0,0.0,0,1.0,1.0,1.0,1.0,1.0,552,0.9999999999999997,1.0000000000000004,1.0,1.0,1.0000000000000002,552,1.0,1.25,1.01052922996821,1.0,1.0833333333333333,552,0.9999999999999997,1.0000000000000004,1.0,1.0,1.0000000000000002,552,552.0,0.0,0.0,0.0,552.0,552.0,0.0,0.0,0.0,0.0,0.0,0.0,1.0,0.0,0.0,1156.0,2312.0,1156.0,1336336.0,4357.293494045734,0.0,0.0,0.0,0.0,0.0,0.0,0.0,0.0,0.0,0.0,0.0,0.0,0.0,0.0,0.0,0.0,5970.891565084457
342,20520000000000,1156.0,1156.0,1156.0,1156.0,1156.0,1156,24.0,24.0,24.0,24.0,24.0,1156,0.0,0.0,0.0,0.0,0.0,1156,4.0,8.0,4.307093425605537,4.0,6.0,1156,0.0,0.0,0.0,0.0,0.0,0,0.0,0.0,0.0,0.0,0.0,0,1.0,1.0,1.0,1.0,1.0,552,0.9999999999999997,1.0000000000000004,1.0,1.0,1.0000000000000002,552,1.0,1.1666666666666667,1.0087698648287624,1.0,1.0666666666666667,552,0.9999999999999997,1.0000000000000004,1.0,1.0,1.0000000000000002,552,552.0,0.0,0.0,0.0,552.0,552.0,0.0,0.0,0.0,0.0,0.0,0.0,1.0,0.0,0.0,1156.0,2312.0,1156.0,1336336.0,5177.150424569845,0.0,0.0,0.0,0.0,0.0,0.0,0.0,0.0,0.0,0.0,0.0,0.0,0.0,0.0,0.0,0.0,6795.191008597612
343,20580000000000,1156.0,1156.0,1156.0,1156.0,1156.0,1156,24.0,24.0,24.0,24.0,24.0,1156,0.0,0.0,0.0,0.0,0.0,1156,4.0,8.0,4.3088235294117645,4.0,6.0,1156,0.0,0.0,0.0,0.0,0.0,0,0.0,0.0,0.0,0.0,0.0,0,1.0,1.0,1.0,1.0,1.0,552,0.9999999999999997,1.0000000000000002,1.0,1.0,1.0000000000000002,552,1.0,1.1428571428571428,1.0109180941737879,1.0,1.0909090909090908,552,0.9999999999999997,1.0000000000000002,1.0,1.0,1.0000000000000002,552,552.0,0.0,0.0,0.0,552.0,552.0,0.0,0.0,0.0,0.0,0.0,0.0,1.0,0.0,0.0,1156.0,2312.0,1156.0,1336336.0,4116.013349965215,0.0,0.0,0.0,0.0,0.0,0.0,0.0,0.0,0.0,0.0,0.0,0.0,0.0,0.0,0.0,0.0,5743.393762037158
344,20640000000000,1156.0,1156.0,1156.0,1156.0,1156.0,1156,24.0,24.0,24.0,24.0,24.0,1156,0.0,0.0,0.0,0.0,0.0,1156,4.0,8.0,4.307958477508651,4.0,6.0,1156,0.0,0.0,0.0,0.0,0.0,0,0.0,0.0,0.0,0.0,0.0,0,1.0,1.0,1.0,1.0,1.0,552,0.9999999999999997,1.0000000000000002,1.0,1.0,1.0000000000000002,552,1.0,1.25,1.0112630607367297,1.0,1.0798076923076918,552,0.9999999999999997,1.0000000000000002,1.0,1.0,1.0000000000000002,552,552.0,0.0,0.0,0.0,552.0,552.0,0.0,0.0,0.0,0.0,0.0,0.0,1.0,0.0,0.0,1156.0,2312.0,1156.0,1336336.0,5266.724729910493,0.0,0.0,0.0,0.0,0.0,0.0,0.0,0.0,0.0,0.0,0.0,0.0,0.0,0.0,0.0,0.0,6925.545020028949
345,20700000000000,1156.0,1156.0,1156.0,1156.0,1156.0,1156,24.0,24.0,24.0,24.0,24.0,1156,0.0,0.0,0.0,0.0,0.0,1156,4.0,8.0,4.309688581314879,4.0,6.0,1156,0.0,0.0,0.0,0.0,0.0,0,0.0,0.0,0.0,0.0,0.0,0,1.0,1.0,1.0,1.0,1.0,552,0.9999999999999997,1.0000000000000002,1.0,1.0,1.0000000000000002,552,1.0,1.1666666666666667,1.009457225238789,1.0,1.0767857142857133,552,0.9999999999999997,1.0000000000000002,1.0,1.0,1.0000000000000002,552,552.0,0.0,0.0,0.0,552.0,552.0,0.0,0.0,0.0,0.0,0.0,0.0,1.0,0.0,0.0,1156.0,2312.0,1156.0,1336336.0,3942.1377554535866,0.0,0.0,0.0,0.0,0.0,0.0,0.0,0.0,0.0,0.0,0.0,0.0,0.0,0.0,0.0,0.0,5551.772527396679
346,20760000000000,1156.0,1156.0,1156.0,1156.0,1156.0,1156,24.0,24.0,24.0,24.0,24.0,1156,0.0,0.0,0.0,0.0,0.0,1156,4.0,8.0,4.3088235294117645,4.0,6.0,1156,0.0,0.0,0.0,0.0,0.0,0,0.0,0.0,0.0,0.0,0.0,0,1.0,1.0,1.0,1.0,1.0,552,0.9999999999999996,1.0000000000000002,1.0,1.0,1.0000000000000002,552,1.0,1.1666666666666667,1.0123617669319462,1.0,1.0909090909090908,552,0.9999999999999996,1.0000000000000002,1.0,1.0,1.0000000000000002,552,552.0,0.0,0.0,0.0,552.0,552.0,0.0,0.0,0.0,0.0,0.0,0.0,1.0,0.0,0.0,1156.0,2312.0,1156.0,1336336.0,5273.525567725301,0.0,0.0,0.0,0.0,0.0,0.0,0.0,0.0,0.0,0.0,0.0,0.0,0.0,0.0,0.0,0.0,6919.338531792164
347,20820000000000,1156.0,1156.0,1156.0,1156.0,1156.0,1156,24.0,24.0,24.0,24.0,24.0,1156,0.0,0.0,0.0,0.0,0.0,1156,4.0,8.0,4.306228373702422,4.0,6.0,1156,0.0,0.0,0.0,0.0,0.0,0,0.0,0.0,0.0,0.0,0.0,0,1.0,1.0,1.0,1.0,1.0,552,0.9999999999999997,1.0000000000000002,1.0,1.0,1.0000000000000002,552,1.0,1.25,1.0106727305245755,1.0,1.0798076923076918,552,0.9999999999999997,1.0000000000000002,1.0,1.0,1.0000000000000002,552,552.0,0.0,0.0,0.0,552.0,552.0,0.0,0.0,0.0,0.0,0.0,0.0,1.0,0.0,0.0,1156.0,2312.0,1156.0,1336336.0,4519.328311085701,0.0,0.0,0.0,0.0,0.0,0.0,0.0,0.0,0.0,0.0,0.0,0.0,0.0,0.0,0.0,0.0,6137.100467458367
348,20880000000000,1156.0,1156.0,1156.0,1156.0,1156.0,1156,24.0,24.0,24.0,24.0,24.0,1156,0.0,0.0,0.0,0.0,0.0,1156,4.0,8.0,4.307958477508651,4.0,6.0,1156,0.0,0.0,0.0,0.0,0.0,0,0.0,0.0,0.0,0.0,0.0,0,1.0,1.0,1.0,1.0,1.0,552,0.9999999999999997,1.0000000000000002,1.0,1.0,1.0000000000000002,552,1.0,1.1818181818181819,1.0105783203288317,1.0,1.0833333333333333,552,0.9999999999999997,1.0000000000000002,1.0,1.0,1.0000000000000002,552,552.0,0.0,0.0,0.0,552.0,552.0,0.0,0.0,0.0,0.0,0.0,0.0,1.0,0.0,0.0,1156.0,2312.0,1156.0,1336336.0,5244.291631504893,0.0,0.0,0.0,0.0,0.0,0.0,0.0,0.0,0.0,0.0,0.0,0.0,0.0,0.0,0.0,0.0,6961.499884724617
349,20940000000000,1156.0,1156.0,1156.0,1156.0,1156.0,1156,24.0,24.0,24.0,24.0,24.0,1156,0.0,0.0,0.0,0.0,0.0,1156,4.0,8.0,4.307958477508651,4.0,6.0,1156,0.0,0.0,0.0,0.0,0.0,0,0.0,0.0,0.0,0.0,0.0,0,1.0,1.0,1.0,1.0,1.0,552,0.9999999999999996,1.0000000000000002,1.0,1.0,1.0000000000000002,552,1.0,1.1666666666666667,1.0121663989296728,1.0,1.0909090909090908,552,0.9999999999999996,1.0000000000000002,1.0,1.0,1.0000000000000002,552,552.0,0.0,0.0,0.0,552.0,552.0,0.0,0.0,0.0,0.0,0.0,0.0,1.0,0.0,0.0,1156.0,2312.0,1156.0,1336336.0,4871.638914570212,0.0,0.0,0.0,0.0,0.0,0.0,0.0,0.0,0.0,0.0,0.0,0.0,0.0,0.0,0.0,0.0,6489.080375060439
350,21000000000000,1156.0,1156.0,1156.0,1156.0,1156.0,1156,24.0,24.0,24.0,24.0,24.0,1156,0.0,0.0,0.0,0.0,0.0,1156,4.0,8.0,4.311418685121107,4.0,6.0,1156,0.0,0.0,0.0,0.0,0.0,0,0.0,0.0,0.0,0.0,0.0,0,1.0,1.0,1.0,1.0,1.0,552,0.9999999999999997,1.0000000000000004,1.0,1.0,1.0000000000000002,552,1.0,1.25,1.0106103706506955,1.0,1.0798076923076918,552,0.9999999999999997,1.0000000000000004,1.0,1.0,1.0000000000000002,552,552.0,0.0,0.0,0.0,552.0,552.0,0.0,0.0,0.0,0.0,0.0,0.0,1.0,0.0,0.0,1156.0,2312.0,1156.0,1336336.0,4896.593555808067,0.0,0.0,0.0,0.0,0.0,0.0,0.0,0.0,0.0,0.0,0.0,0.0,0.0,0.0,0.0,0.0,6559.616835787892
351,21060000000000,1156.0,1156.0,1156.0,1156.0,1156.0,1156,24.0,24.0,24.0,24.0,24.0,1156,0.0,0.0,0.0,0.0,0.0,1156,4.0,8.0,4.314878892733564,4.0,6.0,1156,0.0,0.0,0.0,0.0,0.0,0,0.0,0.0,0.0,0.0,0.0,0,1.0,1.0,1.0,1.0,1.0,552,0.9999999999999998,1.0000000000000004,1.0,1.0,1.0,552,1.0,1.1818181818181819,1.00954355597885,1.0,1.0769230769230769,552,0.9999999999999998,1.0000000000000004,1.0,1.0,1.0,552,552.0,0.0,0.0,0.0,552.0,552.0,0.0,0.0,0.0,0.0,0.0,0.0,1.0,0.0,0.0,1156.0,2312.0,1156.0,1336336.0,5048.150582239032,0.0,0.0,0.0,0.0,0.0,0.0,0.0,0.0,0.0,0.0,0.0,0.0,0.0,0.0,0.0,0.0,6719.711795449257
352,21120000000000,1156.0,1156.0,1156.0,1156.0,1156.0,1156,24.0,24.0,24.0,24.0,24.0,1156,0.0,0.0,0.0,0.0,0.0,1156,4.0,8.0,4.307093425605537,4.0,6.0,1156,0.0,0.0,0.0,0.0,0.0,0,0.0,0.0,0.0,0.0,0.0,0,1.0,1.0,1.0,1.0,1.0,552,0.9999999999999997,1.0000000000000004,1.0,1.0,1.0000000000000002,552,1.0,1.1666666666666667,1.0136375669982565,1.0,1.1,552,0.9999999999999997,1.0000000000000004,1.0,1.0,1.0000000000000002,552,552.0,0.0,0.0,0.0,552.0,552.0,0.0,0.0,0.0,0.0,0.0,0.0,1.0,0.0,0.0,1156.0,2312.0,1156.0,1336336.0,4398.834558203816,0.0,0.0,0.0,0.0,0.0,0.0,0.0,0.0,0.0,0.0,0.0,0.0,0.0,0.0,0.0,0.0,6015.770534053445
353,21180000000000,1156.0,1156.0,1156.0,1156.0,1156.0,1156,24.0,24.0,24.0,24.0,24.0,1156,0.0,0.0,0.0,0.0,0.0,1156,4.0,8.0,4.3088235294117645,4.0,6.0,1156,0.0,0.0,0.0,0.0,0.0,0,0.0,0.0,0.0,0.0,0.0,0,1.0,1.0,1.0,1.0,1.0,552,0.9999999999999998,1.0000000000000002,1.0,1.0,1.0000000000000002,552,1.0,1.25,1.011195567990151,1.0,1.0798076923076918,552,0.9999999999999998,1.0000000000000002,1.0,1.0,1.0000000000000002,552,552.0,0.0,0.0,0.0,552.0,552.0,0.0,0.0,0.0,0.0,0.0,0.0,1.0,0.0,0.0,1156.0,2312.0,1156.0,1336336.0,5239.869493991137,0.0,0.0,0.0,0.0,0.0,0.0,0.0,0.0,0.0,0.0,0.0,0.0,0.0,0.0,0.0,0.0,6881.897430866957
354,21240000000000,1156.0,1156.0,1156.0,1156.0,1156.0,1156,24.0,24.0,24.0,24.0,24.0,1156,0.0,0.0,0.0,0.0,0.0,1156,4.0,8.0,4.3166089965397925,4.0,6.0,1156,0.0,0.0,0.0,0.0,0.0,0,0.0,0.0,0.0,0.0,0.0,0,1.0,1.0,1.0,1.0,1.0,552,0.9999999999999997,1.0000000000000002,1.0,1.0,1.0000000000000002,552,1.0,1.1818181818181819,1.0098603322046482,1.0,1.0769230769230769,552,0.9999999999999997,1.0000000000000002,1.0,1.0,1.0000000000000002,552,552.0,0.0,0.0,0.0,552.0,552.0,0.0,0.0,0.0,0.0,0.0,0.0,1.0,0.0,0.0,1156.0,2312.0,1156.0,1336336.0,4234.076775610447,0.0,0.0,0.0,0.0,0.0,0.0,0.0,0.0,0.0,0.0,0.0,0.0,0.0,0.0,0.0,0.0,5866.5802124887705
355,21300000000000,1156.0,1156.0,1156.0,1156.0,1156.0,1156,24.0,24.0,24.0,24.0,24.0,1156,0.0,0.0,0.0,0.0,0.0,1156,4.0,8.0,4.304498269896194,4.0,6.0,1156,0.0,0.0,0.0,0.0,0.0,0,0.0,0.0,0.0,0.0,0.0,0,1.0,1.0,1.0,1.0,1.0,552,0.9999999999999998,1.0000000000000004,1.0,1.0,1.0000000000000002,552,1.0,1.1666666666666667,1.01584304444172,1.0,1.1,552,0.9999999999999998,1.0000000000000004,1.0,1.0,1.0000000000000002,552,552.0,0.0,0.0,0.0,552.0,552.0,0.0,0.0,0.0,0.0,0.0,0.0,1.0,0.0,0.0,1156.0,2312.0,1156.0,1336336.0,5199.74104873836,0.0,0.0,0.0,0.0,0.0,0.0,0.0,0.0,0.0,0.0,0.0,0.0,0.0,0.0,0.0,0.0,6814.582329243422
356,21360000000000,1156.0,1156.0,1156.0,1156.0,1156.0,1156,24.0,24.0,24.0,24.0,24.0,1156,0.0,0.0,0.0,0.0,0.0,1156,4.0,8.0,4.31401384083045,4.0,6.0,1156,0.0,0.0,0.0,0.0,0.0,0,0.0,0.0,0.0,0.0,0.0,0,1.0,1.0,1.0,1.0,1.0,552,0.9999999999999998,1.0000000000000004,1.0,1.0,1.0000000000000002,552,1.0,1.2,1.0118564209027368,1.0,1.0798076923076918,552,0.9999999999999998,1.0000000000000004,1.0,1.0,1.0000000000000002,552,552.0,0.0,0.0,0.0,552.0,552.0,0.0,0.0,0.0,0.0,0.0,0.0,1.0,0.0,0.0,1156.0,2312.0,1156.0,1336336.0,4442.2828163951635,0.0,0.0,0.0,0.0,0.0,0.0,0.0,0.0,0.0,0.0,0.0,0.0,0.0,0.0,0.0,0.0,6067.708406597376
357,21420000000000,1156.0,1156.0,1156.0,1156.0,1156.0,1156,24.0,24.0,24.0,24.0,24.0,1156,0.0,0.0,0.0,0.0,0.0,1156,4.0,8.0,4.309688581314879,4.0,6.0,1156,0.0,0.0,0.0,0.0,0.0,0,0.0,0.0,0.0,0.0,0.0,0,1.0,1.0,1.0,1.0,1.0,552,0.9999999999999997,1.0000000000000004,1.0,1.0,1.0000000000000002,552,1.0,1.1818181818181819,1.0101093325047301,1.0,1.0867424242424237,552,0.9999999999999997,1.0000000000000004,1.0,1.0,1.0000000000000002,552,552.0,0.0,0.0,0.0,552.0,552.0,0.0,0.0,0.0,0.0,0.0,0.0,1.0,0.0,0.0,1156.0,2312.0,1156.0,1336336.0,5368.94697137177,0.0,0.0,0.0,0.0,0.0,0.0,0.0,0.0,0.0,0.0,0.0,0.0,0.0,0.0,0.0,0.0,7015.767272561789
358,21480000000000,1156.0,1156.0,1156.0,1156.0,1156.0,1156,24.0,24.0,24.0,24.0,24.0,1156,0.0,0.0,0.0,0.0,0.0,1156,4.0,8.0,4.307958477508651,4.0,6.0,1156,0.0,0.0,0.0,0.0,0.0,0,0.0,0.0,0.0,0.0,0.0,0,1.0,1.0,1.0,1.0,1.0,552,0.9999999999999997,1.0000000000000002,1.0,1.0,1.0,552,1.0,1.1666666666666667,1.0153180388820113,1.0,1.1,552,0.9999999999999997,1.0000000000000002,1.0,1.0,1.0,552,552.0,0.0,0.0,0.0,552.0,552.0,0.0,0.0,0.0,0.0,0.0,0.0,1.0,0.0,0.0,1156.0,2312.0,1156.0,1336336.0,4672.552270814776,0.0,0.0,0.0,0.0,0.0,0.0,0.0,0.0,0.0,0.0,0.0,0.0,0.0,0.0,0.0,0.0,6276.048621162772
359,21540000000000,1156.0,1156.0,1156.0,1156.0,1156.0,1156,24.0,24.0,24.0,24.0,24.0,1156,0.0,0.0,0.0,0.0,0.0,1156,4.0,8.0,4.313148788927336,4.0,6.0,1156,0.0,0.0,0.0,0.0,0.0,0,0.0,0.0,0.0,0.0,0.0,0,1.0,1.0,1.0,1.0,1.0,552,0.9999999999999997,1.0000000000000002,1.0,1.0,1.0000000000000002,552,1.0,1.2,1.0103874907824342,1.0,1.0769230769230769,552,0.9999999999999997,1.0000000000000002,1.0,1.0,1.0000000000000002,552,552.0,0.0,0.0,0.0,552.0,552.0,0.0,0.0,0.0,0.0,0.0,0.0,1.0,0.0,0.0,1156.0,2312.0,1156.0,1336336.0,5035.9942857176065,0.0,0.0,0.0,0.0,0.0,0.0,0.0,0.0,0.0,0.0,0.0,0.0,0.0,0.0,0.0,0.0,6723.8650266081095
