constellation,condition,seed,variant,deliverable_per_snapshot,delivery_rate,non_optimal_egress_rate,fixed_address_forwarding,switched_egress_rate,stretch_dist_shared,stretch_hop_shared,stretch_dist_egress,stretch_hop_egress,stretch_dist_forwarding,delay_ms,delay_extra_ms,delay_extra_p95_ms,stretch_hop_forwarding,isls_removed_per_snapshot,satellites_down_per_snapshot,fstate_updates_per_snapshot,compute_time_ms,loop_pairs_per_snapshot,live_minima_per_snapshot,detour_entries_per_snapshot,gs_renumberings_per_snapshot,gs_address_additions_per_snapshot,gs_address_removals_per_snapshot,gs_current_address_changes_per_snapshot,flow_updates_per_snapshot,flow_update_messages_per_snapshot,gs_attachments_assigned_per_snapshot,gs_attachment_shortfall_per_snapshot,gs_fully_attached_per_snapshot,gs_attachment_conflicts_unconstrained_per_snapshot,failure_events_per_snapshot,exception_entries_per_snapshot,exception_entries_one_pass_per_snapshot,exception_satellites_per_snapshot,exception_destinations_per_snapshot,exception_entries_on_flow_paths_per_snapshot,exception_entries_max_per_satellite,exception_entries_in_use_per_snapshot,exception_region_entries_per_snapshot,exception_region_max_per_satellite,exception_rule_steps_per_snapshot,exception_shortest_path_runs_per_snapshot,exception_compute_ms,live_isls_per_snapshot,exception_entries_added_per_snapshot,exception_entries_removed_per_snapshot,exception_entries_rewired_per_snapshot,exception_satellites_touched_per_snapshot,exception_share_of_link_state,exception_hops_to_failure_mean,exception_hops_to_failure_max,exception_unresolved_total,exception_unresolved_walks_total,failure_share_loop,failure_share_dead_end,failure_share_link_down,failure_share_hop_limit,failure_share_egress_lost,delivery_gap_vs_link_state
kuiper,cut,1,topological_scheme_asc,466.25,0.6457908847184987,0.9208457876674416,1.0,0.0,1.1781195560651703,1.2464436872265867,1.1781194407725193,1.2464436872265867,1.0000001013779476,46.75585718718643,5.339318935760105,14.2352808997458,1.0,68.0,0.0,0.018444666001994018,13216.997666656971,0.0,59.05,0.0,10.483333333333333,10.483333333333333,10.483333333333333,10.483333333333333,241.11666666666667,241.11666666666667,24.0,0.0,24.0,0.21666666666666667,1.1333333333333333,0.0,,0.0,0.0,0.0,0.0,0.0,0.0,0.0,496963.88333333336,1156.0,11578.473528226217,2244.0,0.0,0.0,0.0,0.0,0.0,,0.0,0.0,0.0,0.0,1.0,0.0,0.0,0.0,
kuiper,cut,1,topological_scheme_asc_event,466.25,0.6457908847184987,0.9208457876674416,1.0,0.0,1.1781195560651703,1.2464436872265867,1.1781194407725193,1.2464436872265867,1.0000001013779476,46.75585718718643,5.339318935760105,14.2352808997458,1.0,68.0,0.0,0.018444666001994018,1846.0185532768567,0.0,59.05,0.0,10.483333333333333,10.483333333333333,10.483333333333333,10.483333333333333,241.11666666666667,241.11666666666667,24.0,0.0,24.0,0.21666666666666667,1.1333333333333333,0.0,,0.0,0.0,0.0,0.0,0.0,0.0,0.0,8341.466666666667,19.266666666666666,244.07439852754274,2244.0,0.0,0.0,0.0,0.0,0.0,,0.0,0.0,0.0,0.0,1.0,0.0,0.0,0.0,
kuiper,isl_p0.01,1,topological_scheme_asc_event,552.0,1.0,0.9477053140096618,1.0,0.0,1.2161518534905256,1.2961959374377452,1.2094572991105996,1.2870839565647791,1.0052712059406452,55.495520903838994,7.885752852125802,22.60157431930972,1.0069884019687019,23.0,0.0,0.018444666001994018,20945.61810195446,0.0,18.316666666666666,0.0,10.483333333333333,10.483333333333333,10.483333333333333,10.483333333333333,241.11666666666667,241.11666666666667,24.0,0.0,24.0,0.21666666666666667,5.166666666666667,1002.6,,58.083333333333336,626.05,8.933333333333334,328.0,20.9,68.63333333333334,6.0,920605.9,1156.0,19090.126239756744,2289.0,179.9322033898305,176.89830508474577,44.42372881355932,31.338983050847457,0.036137543252595154,0.11267371500764678,1.0,0.0,0.0,,,,,,
kuiper,isl_p0.01,2,topological_scheme_asc_event,552.0,0.9998792270531401,0.9486652977412731,1.0,0.0,1.2165871485088247,1.2962032784672264,1.2100460406277167,1.2873723411199827,1.0052781021775512,55.52494683167367,7.900896426764833,22.645296083527622,1.0068303133571461,24.116666666666667,0.0,0.018444666001994018,21165.61256075899,0.06666666666666667,24.483333333333334,0.0,10.483333333333333,10.483333333333333,10.483333333333333,10.483333333333333,241.11666666666667,241.11666666666667,24.0,0.0,24.0,0.21666666666666667,5.116666666666666,1245.2666666666667,,63.93333333333333,716.1166666666667,10.183333333333334,336.0,26.6,78.45,8.0,915092.25,1136.7333333333333,19254.835812250774,2287.883333333333,209.8135593220339,205.6949152542373,45.74576271186441,33.33898305084746,0.04488417916186082,0.1271615182825633,1.0,4.0,0.0,1.0,0.0,0.0,0.0,0.0,
kuiper,isl_p0.01,3,topological_scheme_asc_event,552.0,1.0,0.9479770531400966,1.0,0.0,1.213634603083502,1.29353088841247,1.2092881371626616,1.28782599284105,1.003726211983756,55.36350236642322,7.777740109480704,22.315926967208576,1.004643229960909,19.933333333333334,0.0,0.018444666001994018,21011.028417944908,0.0,13.283333333333333,0.0,10.483333333333333,10.483333333333333,10.483333333333333,10.483333333333333,241.11666666666667,241.11666666666667,24.0,0.0,24.0,0.21666666666666667,4.366666666666666,966.6,,50.916666666666664,594.0666666666667,6.433333333333334,336.0,14.6,63.266666666666666,10.0,909680.5833333334,1156.0,19165.99213083585,2292.0666666666666,164.27118644067798,163.3050847457627,42.76271186440678,27.847457627118644,0.034839965397923875,0.15494172011862886,1.0,0.0,0.0,,,,,,
kuiper,isl_p0.01,4,topological_scheme_asc_event,552.0,1.0,0.9482789855072464,1.0,0.0,1.2156258603358934,1.295976105111441,1.2096227286080359,1.2872465768194234,1.004969394876923,55.47198433340579,7.857144421531753,22.4399160263852,1.006992255120591,23.633333333333333,0.0,0.018444666001994018,21028.719473381836,0.0,22.65,0.0,10.483333333333333,10.483333333333333,10.483333333333333,10.483333333333333,241.11666666666667,241.11666666666667,24.0,0.0,24.0,0.21666666666666667,5.416666666666667,1125.0833333333333,,60.68333333333333,637.5666666666667,10.316666666666666,340.0,25.3,72.53333333333333,8.0,926284.2,1156.0,19172.846141209204,2288.366666666667,212.42372881355934,200.91525423728814,44.23728813559322,32.42372881355932,0.04055231161091888,0.15315902525738834,1.0,0.0,0.0,,,,,,
kuiper,isl_p0.01,5,topological_scheme_asc_event,552.0,0.9998792270531401,0.9483633289044571,1.0,0.0,1.2125330573566715,1.292653011602883,1.2085781404333442,1.2872393559596211,1.0033803983902323,55.30292884604697,7.725202572345033,22.203619852792198,1.0044353855343193,22.35,0.0,0.018444666001994018,20814.89049717784,0.0,19.133333333333333,0.0,10.483333333333333,10.483333333333333,10.483333333333333,10.483333333333333,241.11666666666667,241.11666666666667,24.0,0.0,24.0,0.21666666666666667,4.5,1213.9333333333334,,58.81666666666667,664.4666666666667,7.183333333333334,340.0,22.1,73.41666666666667,9.0,908311.3833333333,1136.7333333333333,18953.055191785097,2289.65,194.96610169491527,190.0677966101695,48.983050847457626,31.661016949152543,0.04375480584390619,0.1593030918776429,1.0,4.0,0.0,0.0,1.0,0.0,0.0,0.0,
kuiper,polar_lat60,1,topological_scheme_asc,552.0,1.0,0.9478562801932368,1.0,0.0,1.2079353592130115,1.2873375822968647,1.2079352160630772,1.2873375822968647,1.0000001233843328,54.99467179361967,7.4884032521556145,21.8696896538467,1.0,0.0,0.0,0.018444666001994018,23118.176278223593,0.0,0.0,0.0,10.483333333333333,10.483333333333333,10.483333333333333,10.483333333333333,241.11666666666667,241.11666666666667,24.0,0.0,24.0,0.21666666666666667,0.0,0.0,,0.0,0.0,0.0,0.0,0.0,0.0,0.0,824518.2833333333,1156.0,21240.875415255625,2312.0,0.0,0.0,0.0,0.0,0.0,,0.0,0.0,0.0,,,,,,
kuiper,polar_lat60,1,topological_scheme_asc_event,552.0,1.0,0.9478562801932368,1.0,0.0,1.2079353592130115,1.2873375822968647,1.2079352160630772,1.2873375822968647,1.0000001233843328,54.99467179361967,7.4884032521556145,21.8696896538467,1.0,0.0,0.0,0.018444666001994018,2266.470914085706,0.0,0.0,0.0,10.483333333333333,10.483333333333333,10.483333333333333,10.483333333333333,241.11666666666667,241.11666666666667,24.0,0.0,24.0,0.21666666666666667,0.0,0.0,,0.0,0.0,0.0,0.0,0.0,0.0,0.0,13920.85,19.266666666666666,462.08718543251354,2312.0,0.0,0.0,0.0,0.0,0.0,,0.0,0.0,0.0,,,,,,
kuiper,polar_lat75,1,topological_scheme_asc,552.0,1.0,0.9478562801932368,1.0,0.0,1.2079353592130115,1.2873375822968647,1.2079352160630772,1.2873375822968647,1.0000001233843328,54.99467179361967,7.4884032521556145,21.8696896538467,1.0,0.0,0.0,0.018444666001994018,22945.637020220358,0.0,0.0,0.0,10.483333333333333,10.483333333333333,10.483333333333333,10.483333333333333,241.11666666666667,241.11666666666667,24.0,0.0,24.0,0.21666666666666667,0.0,0.0,,0.0,0.0,0.0,0.0,0.0,0.0,0.0,824518.2833333333,1156.0,21075.684575736523,2312.0,0.0,0.0,0.0,0.0,0.0,,0.0,0.0,0.0,,,,,,
kuiper,polar_lat75,1,topological_scheme_asc_event,552.0,1.0,0.9478562801932368,1.0,0.0,1.2079353592130115,1.2873375822968647,1.2079352160630772,1.2873375822968647,1.0000001233843328,54.99467179361967,7.4884032521556145,21.8696896538467,1.0,0.0,0.0,0.018444666001994018,2276.1653718849025,0.0,0.0,0.0,10.483333333333333,10.483333333333333,10.483333333333333,10.483333333333333,241.11666666666667,241.11666666666667,24.0,0.0,24.0,0.21666666666666667,0.0,0.0,,0.0,0.0,0.0,0.0,0.0,0.0,0.0,13920.85,19.266666666666666,462.52783834934235,2312.0,0.0,0.0,0.0,0.0,0.0,,0.0,0.0,0.0,,,,,,
kuiper,sat_p0.005,1,topological_scheme_asc_event,552.0,0.9989432367149759,0.9483451715278828,1.0,0.0,1.2113914183360206,1.2912528928682105,1.2086230701313738,1.2872111406146045,1.0023626394888423,55.236046784691595,7.665536485578929,22.174300113377445,1.0032958922891055,26.0,6.5,0.018415342208668112,6764.113596826792,0.4666666666666667,8.8,0.0,10.466666666666667,10.466666666666667,10.466666666666667,10.466666666666667,240.73333333333332,240.73333333333332,24.0,0.0,24.0,0.21666666666666667,0.35,529.5333333333333,,34.03333333333333,402.15,3.8,69.0,2.45,40.68333333333333,6.0,204745.96666666667,269.73333333333335,4785.919390122096,2286.0,35.69491525423729,35.644067796610166,6.033898305084746,5.338983050847458,0.019086409073433296,0.13650383985899534,1.0,35.0,0.0,0.8,0.2,0.0,0.0,0.0,
kuiper,sat_p0.005,2,topological_scheme_asc_event,552.0,0.9994263285024154,0.9476752968188272,1.0,0.0,1.2091732338820305,1.2885761761222725,1.208023022236789,1.286932815692256,1.0010030273919743,55.09674881171645,7.55294836313115,21.900937321724403,1.0013446707709288,24.333333333333332,6.083333333333333,0.018444666001994018,6044.333331286907,0.31666666666666665,7.9,0.0,10.483333333333333,10.483333333333333,10.483333333333333,10.483333333333333,241.11666666666667,241.11666666666667,24.0,0.0,24.0,0.21666666666666667,0.3,465.1666666666667,,31.7,344.65,2.3,74.0,2.183333333333333,38.3,5.0,171782.2,231.2,4092.2156567374864,2287.6666666666665,22.23728813559322,22.983050847457626,6.288135593220339,3.830508474576271,0.016766387927720106,0.1304908634897886,1.0,19.0,0.0,1.0,0.0,0.0,0.0,0.0,
kuiper,sat_p0.005,3,topological_scheme_asc_event,552.0,0.9973429951690821,0.9487466698958585,1.0,0.0,1.2106549310879793,1.2901394191741142,1.2081531850082337,1.286266433733952,1.0020948830153509,55.2471421228689,7.648283986192273,22.05590196127242,1.0030596316925484,22.666666666666668,5.666666666666667,0.018444666001994018,5374.4929393132525,1.4,9.35,0.0,10.483333333333333,10.483333333333333,10.483333333333333,10.483333333333333,241.11666666666667,241.11666666666667,24.0,0.0,24.0,0.25,0.25,463.76666666666665,,28.966666666666665,357.15,4.933333333333334,67.0,1.9,36.666666666666664,4.0,142536.26666666666,192.66666666666666,3401.1181131005287,2289.3333333333335,24.983050847457626,22.372881355932204,5.0,3.2203389830508473,0.016715926566705112,0.11582692445913893,1.0,88.0,0.0,0.9545454545454546,0.045454545454545456,0.0,0.0,0.0,
kuiper,sat_p0.005,4,topological_scheme_asc_event,552.0,0.9992451690821256,0.9470917056957244,1.0,0.0,1.2102356187937697,1.2897912345761984,1.2083278918374476,1.2871349535842047,1.0016766166995728,55.13816060984868,7.6073101452929395,22.02183676117019,1.0022806992538849,19.8,4.95,0.018415342208668112,5099.332235753536,0.06666666666666667,7.45,0.0,10.466666666666667,10.466666666666667,10.466666666666667,10.466666666666667,240.73333333333332,240.73333333333332,24.0,0.0,24.0,0.21666666666666667,0.25,411.0,,25.533333333333335,300.46666666666664,4.0,67.0,1.1166666666666667,33.31666666666667,5.0,130829.66666666667,173.4,3167.2795032461486,2292.2,22.491525423728813,16.76271186440678,5.406779661016949,2.864406779661017,0.01481401384083045,0.11504460665044607,1.0,25.0,0.0,0.16,0.84,0.0,0.0,0.0,
kuiper,sat_p0.005,5,topological_scheme_asc_event,552.0,0.9994263285024154,0.9478867707924232,1.0,0.0,1.211404954552361,1.2911215627966262,1.2087828135299963,1.2873231280261916,1.0022192088675073,55.21812854459292,7.651424442381148,22.11224364082745,1.003114911072321,26.266666666666666,6.566666666666666,0.018503313588645827,8481.320392340422,0.26666666666666666,8.25,0.0,10.516666666666667,10.516666666666667,10.516666666666667,10.516666666666667,241.88333333333333,241.88333333333333,24.0,0.0,24.0,0.21666666666666667,0.4,520.9333333333333,,33.916666666666664,392.05,4.15,71.0,3.0166666666666666,41.35,6.0,286313.65,385.3333333333333,6552.147765209277,2285.733333333333,46.59322033898305,43.69491525423729,12.542372881355933,7.101694915254237,0.018776432141484046,0.12340030714102893,1.0,19.0,0.0,0.8421052631578947,0.15789473684210525,0.0,0.0,0.0,
kuiper,void_b2,1,topological_scheme_asc,552.0,1.0,0.9467391304347826,1.0,0.0,1.2103194037342326,1.288650063245377,1.2079264430032057,1.2859266588443463,1.0020319473841683,55.24171086408088,7.635928357154497,22.414177031652613,1.0022327531379178,12.0,4.0,0.018444666001994018,23228.827746709187,0.0,3.683333333333333,0.0,10.483333333333333,10.483333333333333,10.483333333333333,10.483333333333333,241.11666666666667,241.11666666666667,24.0,0.0,24.0,0.21666666666666667,0.06666666666666667,184.18333333333334,,15.116666666666667,138.53333333333333,3.5,56.0,5.466666666666667,23.133333333333333,4.0,826386.45,1156.0,21260.84009955327,2300.0,17.220338983050848,15.796610169491526,2.2033898305084745,4.88135593220339,0.00663867262591311,0.24278345851054203,1.0,0.0,0.0,,,,,,
kuiper,void_b2,1,topological_scheme_asc_event,552.0,0.9954710144927537,0.9464968152866242,1.0,0.0,1.2094953840142069,1.2879740480913715,1.207765988589971,1.2858701300978104,1.0014736409580922,55.17382751924857,7.584202285851778,22.260348777050407,1.0017360079716906,12.0,4.0,0.018444666001994018,2476.6734088460603,2.35,3.683333333333333,0.0,10.483333333333333,10.483333333333333,10.483333333333333,10.483333333333333,241.11666666666667,241.11666666666667,24.0,0.0,24.0,0.21666666666666667,0.06666666666666667,166.0,,14.0,120.0,3.2333333333333334,23.0,0.016666666666666666,24.0,3.0,14210.616666666667,19.266666666666666,479.0809291104476,2300.0,0.0,0.0,0.0,0.0,0.005983275663206459,0.26506024096385544,1.0,150.0,0.0,0.94,0.06,0.0,0.0,0.0,
kuiper,void_b2,2,topological_scheme_asc,552.0,1.0,0.9453200483091787,1.0,0.0,1.2100602086993786,1.2892439838312997,1.208449855279988,1.2869209971086626,1.0013588701413125,55.192378722320996,7.612811085530331,22.186002438312475,1.001897474079416,12.0,4.0,0.018444666001994018,23220.873091121513,0.0,2.75,0.0,10.483333333333333,10.483333333333333,10.483333333333333,10.483333333333333,241.11666666666667,241.11666666666667,24.0,0.0,24.0,0.21666666666666667,0.06666666666666667,161.43333333333334,,11.633333333333333,127.0,3.25,70.0,3.9166666666666665,14.133333333333333,4.0,831223.3166666667,1156.0,21274.196067949135,2300.0,11.152542372881356,11.220338983050848,1.694915254237288,3.6610169491525424,0.005818675509419454,0.20689655172413793,1.0,0.0,0.0,,,,,,
kuiper,void_b2,2,topological_scheme_asc_event,552.0,0.9884661835748793,0.9449874763272038,1.0,0.0,1.2085027502780568,1.2877303912857287,1.2078755800426872,1.286796920920305,1.000541952053921,55.04861986603928,7.515250337519695,21.944749535768626,1.0007939444723162,12.0,4.0,0.018444666001994018,2447.082024564346,6.35,2.75,0.0,10.483333333333333,10.483333333333333,10.483333333333333,10.483333333333333,241.11666666666667,241.11666666666667,24.0,0.0,24.0,0.21666666666666667,0.06666666666666667,150.0,,12.0,112.0,3.2666666666666666,14.0,0.1,12.783333333333333,3.0,13915.716666666667,19.266666666666666,470.03092765808105,2300.0,0.0,0.0,0.0,0.0,0.005406574394463667,0.25333333333333335,1.0,382.0,0.0,0.9973821989528796,0.002617801047120419,0.0,0.0,0.0,
kuiper,void_b2,3,topological_scheme_asc,552.0,1.0,0.9477958937198068,1.0,0.0,1.2077404794185285,1.286961687447008,1.207672439089854,1.286859035845573,1.000056297980816,55.00400554455187,7.479390894588947,21.8242437520474,1.0000822714502633,12.0,4.0,0.018444666001994018,23216.213212162256,0.0,1.5666666666666667,0.0,10.483333333333333,10.483333333333333,10.483333333333333,10.483333333333333,241.11666666666667,241.11666666666667,24.0,0.0,24.0,0.21666666666666667,0.06666666666666667,173.7,,11.8,134.3,0.16666666666666666,66.0,1.7833333333333334,15.166666666666666,4.0,825538.7,1156.0,21273.615725090105,2300.0,13.796610169491526,15.220338983050848,2.2033898305084745,4.135593220338983,0.006260813148788927,0.21876799078871617,1.0,0.0,0.0,,,,,,
kuiper,void_b2,3,topological_scheme_asc_event,552.0,1.0,0.9477958937198068,1.0,0.0,1.2077403369596822,1.286909460336357,1.207672439089854,1.286859035845573,1.0000568262321412,55.00402012125336,7.479405471290433,21.822177657068764,1.0000429420478525,12.0,4.0,0.018444666001994018,2426.207233965397,0.0,1.5666666666666667,0.0,10.483333333333333,10.483333333333333,10.483333333333333,10.483333333333333,241.11666666666667,241.11666666666667,24.0,0.0,24.0,0.21666666666666667,0.06666666666666667,220.0,,12.0,168.0,0.38333333333333336,42.0,0.08333333333333333,19.683333333333334,5.0,13857.466666666667,19.266666666666666,466.50824521978694,2300.0,0.0,0.0,0.0,0.0,0.007929642445213379,0.23636363636363636,1.0,0.0,0.0,,,,,,
kuiper,void_b2,4,topological_scheme_asc,552.0,1.0,0.947524154589372,1.0,0.0,1.2079450935398164,1.28735316240153,1.2077274147932242,1.287106095820467,1.0001874624450502,55.02345865830541,7.491506477763975,21.870198128505375,1.0002124652654945,12.0,4.0,0.018444666001994018,23428.900592029095,0.0,1.5166666666666666,0.0,10.483333333333333,10.483333333333333,10.483333333333333,10.483333333333333,241.11666666666667,241.11666666666667,24.0,0.0,24.0,0.21666666666666667,0.06666666666666667,165.55,,14.516666666666667,126.2,0.8833333333333333,56.0,1.8333333333333333,21.416666666666668,4.0,833985.7166666667,1156.0,21457.093610117834,2300.0,12.067796610169491,11.627118644067796,1.6271186440677967,4.711864406779661,0.005967055940023068,0.23245746501560455,1.0,0.0,0.0,,,,,,
kuiper,void_b2,4,topological_scheme_asc_event,552.0,0.9984903381642513,0.9474448140308437,1.0,0.0,1.207848364660633,1.2873514846150806,1.2077582518695964,1.2872253468973391,1.0000788619154821,54.98722700796607,7.47824999351886,21.832032026830763,1.0001105212731178,12.0,4.0,0.018444666001994018,2471.38608644406,0.8333333333333334,1.5166666666666666,0.0,10.483333333333333,10.483333333333333,10.483333333333333,10.483333333333333,241.11666666666667,241.11666666666667,24.0,0.0,24.0,0.21666666666666667,0.06666666666666667,116.0,,12.0,112.0,0.7666666666666667,14.0,0.016666666666666666,16.9,2.0,13822.316666666668,19.266666666666666,470.731233805418,2300.0,0.0,0.0,0.0,0.0,0.004181084198385236,0.034482758620689655,1.0,50.0,0.0,1.0,0.0,0.0,0.0,0.0,
kuiper,void_b2,5,topological_scheme_asc,552.0,1.0,0.9470712560386474,1.0,0.0,1.2094194755774512,1.2886922381025692,1.2085846026726677,1.2874910040870562,1.0007198859562412,55.08984109226795,7.555137201953075,21.946384116711535,1.0009844776449328,12.0,4.0,0.018473989795319924,23883.539285759132,0.0,2.5,0.0,10.5,10.5,10.5,10.5,241.5,241.5,24.0,0.0,24.0,0.25,0.06666666666666667,160.46666666666667,,11.666666666666666,125.2,1.85,66.0,3.033333333333333,14.4,4.0,831685.05,1156.0,21893.699055413406,2300.0,11.322033898305085,10.847457627118644,1.7627118644067796,4.237288135593221,0.005783833141099577,0.21208973826339841,1.0,0.0,0.0,,,,,,
kuiper,void_b2,5,topological_scheme_asc_event,552.0,0.9943236714975845,0.9468601967690999,1.0,0.0,1.208758885830164,1.2878523812306413,1.2084964317086475,1.2873893071147706,1.000231281010789,55.0250271995512,7.511566070298139,21.916244722447377,1.000400346257382,12.0,4.0,0.018473989795319924,2453.4917518496513,3.1333333333333333,2.5,0.0,10.5,10.5,10.5,10.5,241.5,241.5,24.0,0.0,24.0,0.25,0.06666666666666667,114.0,,10.0,112.0,1.4333333333333333,14.0,0.06666666666666667,10.9,3.0,13982.833333333334,19.266666666666666,477.3826281229655,2300.0,0.0,0.0,0.0,0.0,0.004108996539792387,0.017543859649122806,1.0,188.0,0.0,1.0,0.0,0.0,0.0,0.0,
kuiper,void_b4,1,topological_scheme_asc,552.0,1.0,0.9467693236714976,1.0,0.0,1.2096631808450529,1.2884444087527185,1.2082885005533404,1.2863836827058657,1.0011254697723293,55.177598477959876,7.606165079308777,22.4440990282901,1.001589158232258,40.0,16.0,0.018473989795319924,23043.957870205242,0.0,4.2,0.0,10.5,10.5,10.5,10.5,241.5,241.5,24.0,0.0,24.0,0.21666666666666667,0.26666666666666666,378.4,,22.2,219.03333333333333,3.4166666666666665,79.0,6.783333333333333,46.03333333333333,7.0,815435.4166666666,1156.0,21074.788206567366,2272.0,26.983050847457626,26.338983050847457,5.220338983050848,8.576271186440678,0.013638985005767013,0.15415785764622975,2.0,0.0,0.0,,,,,,
kuiper,void_b4,1,topological_scheme_asc_event,552.0,0.9914553140096618,0.9463105643024636,1.0,0.0,1.2079686781775598,1.2864839365950231,1.2073895243685366,1.285713929064772,1.0004924870660952,54.93800456847993,7.473329598393808,21.934501135656657,1.000615185041615,40.0,16.0,0.018473989795319924,2500.4175593455634,4.45,4.2,0.0,10.5,10.5,10.5,10.5,241.5,241.5,24.0,0.0,24.0,0.21666666666666667,0.26666666666666666,286.0,,20.0,192.0,2.85,23.0,0.11666666666666667,36.81666666666667,4.0,13854.833333333334,19.266666666666666,464.97332106033963,2272.0,0.0,0.0,0.0,0.0,0.010308535178777393,0.02097902097902098,1.0,283.0,0.0,0.9434628975265018,0.05653710247349823,0.0,0.0,0.0,
kuiper,void_b4,2,topological_scheme_asc,552.0,1.0,0.9427536231884058,1.0,0.0,1.2065906958105843,1.2856109407226561,1.2055380095038635,1.2841807630232887,1.0007911340603775,55.19573046032895,7.4475673737779005,22.186063507434614,1.0010795363480733,40.0,16.0,0.018473989795319924,23040.8351863424,0.0,4.9,0.0,10.5,10.5,10.5,10.5,241.5,241.5,24.0,0.0,24.0,0.3,0.26666666666666666,402.51666666666665,,27.483333333333334,224.8,2.6333333333333333,78.0,7.816666666666666,51.88333333333333,7.0,812858.4666666667,1156.0,21063.033186644316,2272.0,33.57627118644068,30.389830508474578,4.9491525423728815,11.016949152542374,0.014508242022299115,0.20433936482961368,3.0,0.0,0.0,,,,,,
kuiper,void_b4,2,topological_scheme_asc_event,552.0,0.9994867149758454,0.9427242243905386,1.0,0.0,1.2064497592590162,1.2852968756897494,1.2054594362583575,1.2840971114445285,1.0007395336181772,55.18035483627102,7.43804917458344,22.0860993167106,1.0008969860445527,40.0,16.0,0.018473989795319924,2459.1909212370715,0.05,4.9,0.0,10.5,10.5,10.5,10.5,241.5,241.5,24.0,0.0,24.0,0.3,0.26666666666666666,336.0,,22.0,184.0,2.7333333333333334,23.0,0.25,42.71666666666667,5.0,13636.833333333334,19.266666666666666,457.66575535138446,2272.0,0.0,0.0,0.0,0.0,0.012110726643598616,0.17857142857142858,1.0,17.0,0.0,0.17647058823529413,0.8235294117647058,0.0,0.0,0.0,
kuiper,void_b4,3,topological_scheme_asc,552.0,1.0,0.9429045893719806,1.0,0.0,1.211802798118365,1.2903841068476156,1.2096891886355972,1.2873404473062513,1.001823235328604,55.54921967580102,7.720685537733113,22.84252104603789,1.0024480881812148,40.0,16.0,0.018473989795319924,23073.44915519158,0.0,6.316666666666666,0.0,10.5,10.5,10.5,10.5,241.5,241.5,24.0,0.0,24.0,0.35,0.26666666666666666,385.8666666666667,,22.566666666666666,219.4,5.45,80.0,11.083333333333334,46.46666666666667,8.0,815153.5166666667,1156.0,21103.41550235947,2272.0,27.508474576271187,28.491525423728813,5.016949152542373,9.11864406779661,0.013908112264513649,0.16897028334485142,2.0,0.0,0.0,,,,,,
kuiper,void_b4,3,topological_scheme_asc_event,552.0,0.9896739130434783,0.9425834401122705,1.0,0.0,1.209867981620901,1.2878164340679001,1.2089869584223132,1.286522362539652,1.0007582592574686,55.313395499454884,7.594314881237799,22.48142412945157,1.0010744615509861,40.0,16.0,0.018473989795319924,2531.499285250902,5.0,6.316666666666666,0.0,10.5,10.5,10.5,10.5,241.5,241.5,24.0,0.0,24.0,0.35,0.26666666666666666,372.0,,24.0,212.0,5.083333333333333,49.0,0.31666666666666665,43.516666666666666,4.0,14231.35,19.266666666666666,474.1919532418251,2272.0,0.0,0.0,0.0,0.0,0.013408304498269897,0.1827956989247312,1.0,342.0,0.0,0.8771929824561403,0.12280701754385964,0.0,0.0,0.0,
kuiper,void_b4,4,topological_scheme_asc,552.0,1.0,0.9468900966183574,1.0,0.0,1.2091178003766458,1.2873345520773682,1.2062962397235977,1.283381570700638,1.002352275172499,55.31428206493648,7.697323839618679,22.73654683589587,1.0031626403910343,40.0,16.0,0.018298047035364497,23179.970151434343,0.0,6.266666666666667,0.0,10.4,10.4,10.4,10.4,239.2,239.2,24.0,0.0,24.0,0.3333333333333333,0.26666666666666666,436.65,,30.25,244.16666666666666,6.85,78.0,10.666666666666666,56.083333333333336,7.0,829405.2,1156.0,21208.14168304205,2272.0,41.05084745762712,39.016949152542374,4.88135593220339,11.220338983050848,0.015738538062283737,0.22531394328027787,3.0,0.0,0.0,,,,,,
kuiper,void_b4,4,topological_scheme_asc_event,552.0,0.9933574879227053,0.9465653495440729,1.0,0.0,1.207792246053769,1.2859408699571944,1.2057101760247397,1.2830676474762877,1.0017435249388054,55.11592953648474,7.588886071097852,22.34570276498663,1.0023313784831556,40.0,16.0,0.018298047035364497,2561.829415957133,2.5833333333333335,6.266666666666667,0.0,10.4,10.4,10.4,10.4,239.2,239.2,24.0,0.0,24.0,0.3333333333333333,0.26666666666666666,456.0,,28.0,270.0,6.066666666666666,76.0,0.0,53.45,5.0,13684.033333333333,19.266666666666666,469.21292021870613,2272.0,0.0,0.0,0.0,0.0,0.01643598615916955,0.16228070175438597,1.0,220.0,0.0,0.7045454545454546,0.29545454545454547,0.0,0.0,0.0,
kuiper,void_b4,5,topological_scheme_asc,552.0,1.0,0.9409420289855073,1.0,0.0,1.2101848894907157,1.2864261847241438,1.206378575761334,1.2821532384258005,1.0028159327486301,55.54277068600417,7.618483010743498,23.13040063604315,1.0032114740739733,40.0,16.0,0.018239399448712685,23033.463360369205,0.0,7.383333333333334,0.0,10.366666666666667,10.366666666666667,10.366666666666667,10.366666666666667,238.43333333333334,238.43333333333334,24.0,0.0,24.0,0.36666666666666664,0.26666666666666666,393.1166666666667,,27.083333333333332,219.83333333333334,8.433333333333334,76.0,12.116666666666667,50.28333333333333,7.0,819381.4833333333,1156.0,21061.333306133747,2272.0,28.8135593220339,30.508474576271187,4.067796610169491,10.64406779661017,0.014169430026912726,0.19917751303684234,3.0,0.0,0.0,,,,,,
kuiper,void_b4,5,topological_scheme_asc_event,552.0,0.9822765700483091,0.9399379091998893,1.0,0.0,1.2062000429528243,1.2824155106274617,1.2043548360587577,1.2803513431659963,1.0013132205610147,55.169604174802544,7.410785883418869,22.43614074293581,1.0014643438914896,40.0,16.0,0.018239399448712685,2544.87611502409,8.933333333333334,7.383333333333334,0.0,10.366666666666667,10.366666666666667,10.366666666666667,10.366666666666667,238.43333333333334,238.43333333333334,24.0,0.0,24.0,0.36666666666666664,0.26666666666666666,419.0,,27.0,236.0,8.6,59.0,0.2833333333333333,52.35,5.0,13959.15,19.266666666666666,465.98498796423274,2272.0,0.0,0.0,0.0,0.0,0.015102364475201845,0.17422434367541767,1.0,587.0,0.0,0.9131175468483816,0.0868824531516184,0.0,0.0,0.0,
kuiper,void_b8,1,topological_scheme_asc,552.0,1.0,0.9245471014492753,1.0,0.0,1.252734165110863,1.331429980541993,1.247533985941904,1.3268938374020516,1.002974822787517,58.39292582066052,8.932841953880484,29.961066083364475,1.0030720658865082,144.0,64.0,0.01838601841534221,21904.501542448997,0.0,12.266666666666667,0.0,10.45,10.45,10.45,10.45,240.35,240.35,24.0,0.0,24.0,0.2833333333333333,1.0666666666666667,855.4833333333333,,84.21666666666667,337.56666666666666,13.966666666666667,77.0,28.933333333333334,160.45,8.0,764058.7333333333,1156.0,19885.876961052418,2168.0,96.79661016949153,97.37288135593221,6.576271186440678,31.25423728813559,0.030834895232602844,0.5007110989888757,7.0,0.0,0.0,,,,,,
kuiper,void_b8,1,topological_scheme_asc_event,552.0,0.9942330917874396,0.9246257098606092,1.0,0.0,1.250953167206949,1.328747133743649,1.2461222194616874,1.3255494288247782,1.0027740759956074,58.18965022997808,8.829301773974349,29.732889278544455,1.0021156358620877,144.0,64.0,0.01838601841534221,2713.7433156371117,2.316666666666667,12.266666666666667,0.0,10.45,10.45,10.45,10.45,240.35,240.35,24.0,0.0,24.0,0.2833333333333333,1.0666666666666667,1004.0,,106.0,400.0,17.3,49.0,0.18333333333333332,196.61666666666667,7.0,13372.266666666666,19.266666666666666,455.44372871518135,2168.0,0.0,0.0,0.0,0.0,0.03618800461361015,0.6613545816733067,5.0,191.0,0.0,0.7277486910994765,0.27225130890052357,0.0,0.0,0.0,
kuiper,void_b8,2,topological_scheme_asc,552.0,1.0,0.9368357487922705,1.0,0.0,1.2142850457376189,1.2928895029398504,1.2105842804004612,1.2887029116280089,1.0022775210054706,55.759453658930845,7.722602816399542,23.655800743904212,1.003043565399517,144.0,64.0,0.018239399448712685,21920.550423115492,0.0,6.133333333333334,0.0,10.366666666666667,10.366666666666667,10.366666666666667,10.366666666666667,238.43333333333334,238.43333333333334,24.0,0.0,24.0,0.55,1.0666666666666667,785.7666666666667,,73.75,311.1666666666667,9.15,77.0,13.766666666666667,143.0,7.0,760934.2833333333,1156.0,19911.55991901954,2168.0,83.47457627118644,78.47457627118644,7.220338983050848,28.084745762711865,0.028322039600153788,0.3822593645272133,7.0,0.0,0.0,,,,,,
kuiper,void_b8,2,topological_scheme_asc_event,552.0,0.9878623188405797,0.9360596613484932,1.0,0.0,1.2075656367517233,1.2864153166307584,1.2067359731922374,1.2856056067620891,1.000618175944799,55.27983031624984,7.421179506400493,21.887663256339888,1.000610533720386,144.0,64.0,0.018239399448712685,2445.171516140302,5.383333333333334,6.133333333333334,0.0,10.366666666666667,10.366666666666667,10.366666666666667,10.366666666666667,238.43333333333334,238.43333333333334,24.0,0.0,24.0,0.55,1.0666666666666667,585.0,,53.0,240.0,6.4,27.0,0.23333333333333334,101.65,4.0,13015.666666666666,19.266666666666666,438.977812230587,2168.0,0.0,0.0,0.0,0.0,0.021085640138408305,0.10598290598290598,2.0,402.0,0.0,0.8034825870646766,0.19651741293532338,0.0,0.0,0.0,
kuiper,void_b8,3,topological_scheme_asc,552.0,1.0,0.9217089371980677,1.0,0.0,1.2061041570052946,1.2796838380558826,1.2015736719675292,1.2732798425579803,1.0037969564071398,56.400568540921796,7.770092278486221,24.74328132748927,1.0050376208292742,144.0,64.0,0.017535628408890974,21524.72994203369,0.0,9.45,0.0,9.966666666666667,9.966666666666667,9.966666666666667,9.966666666666667,229.23333333333332,229.23333333333332,24.0,0.0,24.0,0.8666666666666667,1.0666666666666667,746.9,,59.266666666666666,306.06666666666666,11.283333333333333,77.0,19.416666666666668,132.8,11.0,755551.8166666667,1156.0,19539.799660940964,2168.0,68.10169491525424,68.0677966101695,6.88135593220339,24.23728813559322,0.026921136101499422,0.281943142767885,6.0,0.0,0.0,,,,,,
kuiper,void_b8,3,topological_scheme_asc_event,552.0,0.9672705314009662,0.9219003620926458,1.0,0.0,1.195014287718206,1.2678079714270787,1.1944418240218855,1.2668024649029714,1.0004694871441993,55.20945401899537,7.081434670789941,20.47279545149423,1.0008065260756251,144.0,64.0,0.017535628408890974,2509.3669260541596,13.733333333333333,9.45,0.0,9.966666666666667,9.966666666666667,9.966666666666667,9.966666666666667,229.23333333333332,229.23333333333332,24.0,0.0,24.0,0.8666666666666667,1.0666666666666667,575.0,,50.0,234.0,7.85,28.0,0.43333333333333335,98.53333333333333,4.0,13292.783333333333,19.266666666666666,441.3163711627324,2168.0,0.0,0.0,0.0,0.0,0.02072520184544406,0.12173913043478261,2.0,1084.0,0.0,0.7601476014760148,0.23985239852398524,0.0,0.0,0.0,
kuiper,void_b8,4,topological_scheme_asc,552.0,1.0,0.9395833333333333,1.0,0.0,1.1983936425886983,1.2720812260219991,1.197263112851611,1.2706607016028937,1.0009570472714029,55.20860639577322,7.014438186833192,20.450365476181716,1.0010525113548556,144.0,64.0,0.018151428068734973,21507.140621294577,0.0,5.85,0.0,10.316666666666666,10.316666666666666,10.316666666666666,10.316666666666666,237.28333333333333,237.28333333333333,24.0,0.0,24.0,0.3333333333333333,1.0666666666666667,843.2333333333333,,83.41666666666667,330.8,3.4833333333333334,77.0,11.466666666666667,159.51666666666668,8.0,766354.4166666666,1156.0,19530.347427974146,2168.0,93.37288135593221,96.55932203389831,6.711864406779661,31.23728813559322,0.030393358323721646,0.4689488872198284,7.0,0.0,0.0,,,,,,
kuiper,void_b8,4,topological_scheme_asc_event,552.0,0.9996980676328503,0.939565086076714,1.0,0.0,1.1981815161969191,1.271732354043762,1.1971535883365214,1.2705279468021162,1.000889511977651,55.19110071441978,7.0012004521052695,20.2751073682806,1.000899228970039,144.0,64.0,0.018151428068734973,2572.536105910937,0.016666666666666666,5.85,0.0,10.316666666666666,10.316666666666666,10.316666666666666,10.316666666666666,237.28333333333333,237.28333333333333,24.0,0.0,24.0,0.3333333333333333,1.0666666666666667,1058.0,,106.0,422.0,3.35,47.0,0.4666666666666667,198.03333333333333,7.0,12575.816666666668,19.266666666666666,431.30839839577675,2168.0,0.0,0.0,0.0,0.0,0.03813437139561707,0.7674858223062382,7.0,10.0,0.0,0.1,0.9,0.0,0.0,0.0,
kuiper,void_b8,5,topological_scheme_asc,552.0,1.0,0.9238828502415459,1.0,0.0,1.2560674590122742,1.334083468388003,1.2486693785751937,1.326761598161008,1.0050025001688234,58.94319333848673,9.244871739834453,31.170628283768647,1.0053597986765448,144.0,64.0,0.018122104275409067,21451.127468794584,0.0,10.8,0.0,10.3,10.3,10.3,10.3,236.9,236.9,24.0,0.0,24.0,0.21666666666666667,1.0666666666666667,808.4,,65.43333333333334,328.93333333333334,18.783333333333335,78.0,28.833333333333332,145.43333333333334,10.0,756469.7333333333,1156.0,19452.813406785328,2168.0,80.62711864406779,86.8135593220339,7.423728813559322,26.25423728813559,0.02913783160322953,0.3298078508988949,6.0,0.0,0.0,,,,,,
kuiper,void_b8,5,topological_scheme_asc_event,552.0,0.9905797101449275,0.9231894659839064,1.0,0.0,1.2547715423827293,1.3309118182303858,1.2455701023543762,1.323307345744179,1.0059760816631358,58.79358498533949,9.157684884270276,31.495684579808927,1.005162721482885,144.0,64.0,0.018122104275409067,2736.775261660417,3.0,10.8,0.0,10.3,10.3,10.3,10.3,236.9,236.9,24.0,0.0,24.0,0.21666666666666667,1.0666666666666667,1064.0,,104.0,428.0,23.266666666666666,64.0,0.31666666666666665,231.31666666666666,9.0,13292.1,19.266666666666666,460.2692164480686,2168.0,0.0,0.0,0.0,0.0,0.03835063437139562,0.5657894736842105,6.0,312.0,0.0,0.5769230769230769,0.4230769230769231,0.0,0.0,0.0,
oneweb,cut,1,topological_scheme_asc,370.5,0.7172289698605488,0.9834420471650778,1.0,0.0,1.19068075339525,1.4092233100505527,1.190680668064609,1.4092233100505527,1.000000078605243,46.408287453658666,5.252663717280921,9.699839417622156,1.0,49.0,0.0,0.03787616741611899,4205.725783109665,0.0,34.55,0.0,10.95,10.95,10.95,10.95,251.85,251.85,24.0,0.0,24.0,1.7666666666666666,0.8166666666666667,0.0,,0.0,0.0,0.0,0.0,0.0,0.0,0.0,133479.85,588.0,3366.291437049707,1078.0,0.0,0.0,0.0,0.0,0.0,,0.0,0.0,0.0,0.0,1.0,0.0,0.0,0.0,
oneweb,cut,1,topological_scheme_asc_event,370.5,0.7172289698605488,0.9834420471650778,1.0,0.0,1.19068075339525,1.4092233100505527,1.190680668064609,1.4092233100505527,1.000000078605243,46.408287453658666,5.252663717280921,9.699839417622156,1.0,49.0,0.0,0.03787616741611899,931.9486709932486,0.0,34.55,0.0,10.95,10.95,10.95,10.95,251.85,251.85,24.0,0.0,24.0,1.7666666666666666,0.8166666666666667,0.0,,0.0,0.0,0.0,0.0,0.0,0.0,0.0,2234.25,9.8,102.68521135052045,1078.0,0.0,0.0,0.0,0.0,0.0,,0.0,0.0,0.0,0.0,1.0,0.0,0.0,0.0,
oneweb,isl_p0.01,1,topological_scheme_asc_event,552.0,0.99993961352657,0.9904281659520503,1.0,0.0,1.1844870955777482,1.4126542859767421,1.1779555981666283,1.3979245446767494,1.0054426193148487,58.107635547246154,6.981609091468446,15.605133889685023,1.0115366237724943,9.683333333333334,0.0,0.03787616741611899,6244.8840501407785,0.0,15.433333333333334,0.0,10.95,10.95,10.95,10.95,251.85,251.85,24.0,0.0,24.0,1.7666666666666666,2.3,406.1333333333333,,25.333333333333332,256.95,10.066666666666666,95.0,14.85,32.5,5.0,215341.68333333332,490.0,5268.127352992694,1117.3166666666666,61.08474576271186,68.44067796610169,10.254237288135593,14.186440677966102,0.028779289493575208,0.18840282337491793,1.0,2.0,0.0,0.0,1.0,0.0,0.0,0.0,
oneweb,isl_p0.01,2,topological_scheme_asc_event,552.0,1.0,0.9903381642512077,1.0,0.0,1.189813365389691,1.4160185259785587,1.1791208704744736,1.397178591428288,1.0087974021786814,58.4886127946005,7.271490828555834,17.156401146179615,1.014290655848053,14.25,0.0,0.03787616741611899,6830.588140090306,0.0,21.233333333333334,0.0,10.95,10.95,10.95,10.95,251.85,251.85,24.0,0.0,24.0,1.7666666666666666,3.05,568.4666666666667,,36.65,352.0,15.466666666666667,273.0,23.1,45.3,8.0,239361.2,539.0,5817.2575806578,1112.75,80.76271186440678,80.88135593220339,10.64406779661017,20.728813559322035,0.040282501889644745,0.18508854227747157,2.0,0.0,0.0,,,,,,
oneweb,isl_p0.01,3,topological_scheme_asc_event,552.0,0.9989734299516908,0.9902980112434262,1.0,0.0,1.1863609232954164,1.414128351846296,1.1787235148772444,1.3982509765370392,1.0064456088267004,58.272266665272575,7.082790569032179,16.38553827053087,1.0125960988773302,10.85,0.0,0.03787616741611899,6027.437696854274,0.4666666666666667,18.05,0.0,10.95,10.95,10.95,10.95,251.85,251.85,24.0,0.0,24.0,1.7666666666666666,2.3,506.2,,29.183333333333334,306.8333333333333,12.316666666666666,289.0,16.05,37.8,8.0,204334.16666666666,470.4,5025.7294073700905,1116.15,81.23728813559322,74.42372881355932,11.847457627118644,15.23728813559322,0.03587018140589569,0.182273146318978,2.0,34.0,0.0,0.8235294117647058,0.17647058823529413,0.0,0.0,0.0,
oneweb,isl_p0.01,4,topological_scheme_asc_event,552.0,1.0,0.9902777777777778,1.0,0.0,1.1841221265289013,1.4118763092891784,1.1776800316015894,1.3980571449423331,1.0054696718253615,58.125633500537575,6.971593510109523,15.619175682861025,1.0109521971862594,12.633333333333333,0.0,0.03787616741611899,6802.782092491786,0.0,16.366666666666667,0.0,10.95,10.95,10.95,10.95,251.85,251.85,24.0,0.0,24.0,1.7666666666666666,2.6333333333333333,581.2333333333333,,33.516666666666666,328.3666666666667,9.366666666666667,329.0,16.3,44.38333333333333,6.0,237037.25,529.2,5795.68892767032,1114.3666666666666,110.79661016949153,105.27118644067797,25.89830508474576,20.728813559322035,0.041187169312169314,0.17689396111716466,2.0,0.0,0.0,,,,,,
oneweb,isl_p0.01,5,topological_scheme_asc_event,552.0,0.9996376811594203,0.9903346623172647,1.0,0.0,1.1863718022364431,1.4133335488700605,1.1781023051826918,1.3983423655204117,1.0071377688813832,58.29124448668914,7.09329678852487,16.71497282650473,1.0121544300766403,11.25,0.0,0.03787616741611899,6770.794393867254,0.2,15.65,0.0,10.95,10.95,10.95,10.95,251.85,251.85,24.0,0.0,24.0,1.7666666666666666,2.4166666666666665,459.2,,29.733333333333334,254.78333333333333,11.416666666666666,137.0,17.966666666666665,37.68333333333333,5.0,239336.88333333333,548.8,5783.421631902456,1115.75,64.0,61.94915254237288,12.745762711864407,17.915254237288135,0.03253968253968254,0.17327235772357724,1.0,12.0,0.0,1.0,0.0,0.0,0.0,0.0,
oneweb,polar_lat60,1,topological_scheme_asc,552.0,1.0,0.9901871980676329,1.0,0.0,1.2005725752494272,1.4007905009636226,1.1983111836909364,1.3978535554200076,1.0016394663223367,61.35062984892814,7.878542421526771,14.544002782474815,1.0023476054107305,190.3,0.0,0.03787616741611899,10157.347967724005,0.0,218.15,0.0,10.95,10.95,10.95,10.95,251.85,251.85,24.0,0.0,24.0,1.7666666666666666,22.55,21637.4,,255.6,588.0,170.53333333333333,172.0,656.5,303.4166666666667,11.0,314794.25,588.0,8415.8470099171,936.7,3715.322033898305,3716.3050847457625,1174.2203389830509,257.8305084745763,1.5332624716553287,0.12226361146286831,1.0,0.0,0.0,,,,,,
oneweb,polar_lat60,1,topological_scheme_asc_event,552.0,1.0,0.9901871980676329,1.0,0.0,1.2005725752494272,1.4007905009636226,1.1983111836909364,1.3978535554200076,1.0016394663223367,61.35062984892814,7.878542421526771,14.544002782474815,1.0023476054107305,190.3,0.0,0.03787616741611899,9801.104875653982,0.0,218.15,0.0,10.95,10.95,10.95,10.95,251.85,251.85,24.0,0.0,24.0,1.7666666666666666,22.55,21637.4,,255.6,588.0,170.53333333333333,172.0,656.5,303.4166666666667,11.0,314794.25,588.0,8073.8134153187275,936.7,3715.322033898305,3716.3050847457625,1174.2203389830509,257.8305084745763,1.5332624716553287,0.12226361146286831,1.0,0.0,0.0,,,,,,
oneweb,polar_lat75,1,topological_scheme_asc,552.0,1.0,0.9902475845410628,1.0,0.0,1.1873762846265856,1.4033268396840526,1.185533925996422,1.398350234163969,1.001462435299643,59.282528214231256,7.145939551747191,12.844507980624531,1.0042614159190246,99.91666666666667,0.0,0.03787616741611899,9016.387451936802,0.0,167.26666666666668,0.0,10.95,10.95,10.95,10.95,251.85,251.85,24.0,0.0,24.0,1.7666666666666666,21.083333333333332,8615.666666666666,,157.0,588.0,54.0,153.0,239.33333333333334,202.01666666666668,11.0,289844.1666666667,588.0,7482.641375809908,1027.0833333333333,2523.864406779661,2521.864406779661,524.1694915254237,153.22033898305085,0.61052059712774,0.1518164583897551,1.0,0.0,0.0,,,,,,
oneweb,polar_lat75,1,topological_scheme_asc_event,552.0,0.9996980676328503,0.9902446390818483,1.0,0.0,1.187401862169829,1.4034087681507865,1.185566333468262,1.3984306595785978,1.001456051340672,59.27214993849592,7.145480351034276,12.845673089037227,1.004262702967022,99.91666666666667,0.0,0.03787616741611899,8936.791898558537,0.0,167.26666666666668,0.0,10.95,10.95,10.95,10.95,251.85,251.85,24.0,0.0,24.0,1.7666666666666666,21.083333333333332,8615.666666666666,,157.0,588.0,53.96666666666667,153.0,235.5,203.05,11.0,284998.76666666666,578.2,7417.518434921901,1027.0833333333333,2509.186440677966,2507.186440677966,522.542372881356,150.98305084745763,0.61052059712774,0.1518164583897551,1.0,10.0,0.0,0.0,1.0,0.0,0.0,0.0,
oneweb,sat_p0.005,1,topological_scheme_asc_event,552.0,1.0,0.9902173913043478,1.0,0.0,1.1769073547710505,1.404634444403557,1.1763252492040142,1.3979140748374475,1.0004675364658155,57.57557029521398,6.580343761938158,12.308544203678679,1.005639793374461,7.85,2.0,0.03787616741611899,1675.0727993746598,0.0,4.933333333333334,0.0,10.95,10.95,10.95,10.95,251.85,251.85,24.0,0.0,24.0,1.7666666666666666,0.11666666666666667,152.85,,9.7,115.9,1.9333333333333333,67.0,0.6166666666666667,12.733333333333333,3.0,20131.583333333332,49.0,653.5779282450676,1119.15,3.864406779661017,5.220338983050848,0.3728813559322034,0.711864406779661,0.010831207482993196,0.2129538763493621,1.0,0.0,0.0,,,,,,
oneweb,sat_p0.005,2,topological_scheme_asc_event,552.0,0.9998792270531401,0.9901860128034787,1.0,0.0,1.1781002060136045,1.4056434388223324,1.176073410164516,1.3965362658365603,1.0016344122889158,57.67079354543692,6.6195448560023085,13.516673007717232,1.0072737596597003,17.566666666666666,4.65,0.037760867058687884,2043.8922978937626,0.06666666666666667,10.116666666666667,0.0,10.916666666666666,10.916666666666666,10.916666666666666,10.916666666666666,251.08333333333334,251.08333333333334,24.0,0.0,24.0,1.7833333333333334,0.2,343.93333333333334,,21.233333333333334,214.1,2.3666666666666667,263.0,1.75,32.333333333333336,8.0,33673.3,78.4,969.5115193724632,1109.4333333333334,14.576271186440678,13.288135593220339,2.2203389830508473,2.3728813559322033,0.02437169312169312,0.1670381856949021,1.0,4.0,0.0,1.0,0.0,0.0,0.0,0.0,
oneweb,sat_p0.005,3,topological_scheme_asc_event,552.0,1.0,0.9902475845410628,1.0,0.0,1.1763036228424388,1.4041277313837988,1.1762416781806442,1.3983460709581872,1.0000577130230142,57.5136732478309,6.538459897554757,12.080976593512553,1.0049573481912537,0.5833333333333334,0.18333333333333332,0.03787616741611899,1479.0621260801952,0.0,0.18333333333333332,0.0,10.95,10.95,10.95,10.95,251.85,251.85,24.0,0.0,24.0,1.7666666666666666,0.05,11.15,,0.6166666666666667,9.766666666666667,0.1,23.0,0.05,0.9833333333333333,2.0,15867.133333333333,39.2,540.1682359476885,1126.4166666666667,2.6440677966101696,0.864406779661017,0.0,0.1864406779661017,0.0007901077097505669,0.12406576980568013,1.0,0.0,0.0,,,,,,
oneweb,sat_p0.005,4,topological_scheme_asc_event,552.0,0.9985809178743962,0.9902337253953376,1.0,0.0,1.1763835707984869,1.4041782642067482,1.1763566408551775,1.3984684048035438,1.000024239754723,57.49704141214795,6.538711175705314,12.100845719834561,1.0048972902947444,3.2,0.8,0.03787616741611899,1542.1406835317612,0.7833333333333333,1.45,0.0,10.95,10.95,10.95,10.95,251.85,251.85,24.0,0.0,24.0,1.7666666666666666,0.06666666666666667,80.81666666666666,,4.0,66.78333333333333,0.55,46.0,0.2,5.966666666666667,3.0,16167.783333333333,39.2,556.0047569374243,1123.8,2.0847457627118646,3.9322033898305087,0.0,0.3389830508474576,0.005726804610733182,0.17075685708393484,1.0,47.0,0.0,1.0,0.0,0.0,0.0,0.0,
oneweb,sat_p0.005,5,topological_scheme_asc_event,552.0,0.993780193236715,0.9904296044236495,1.0,0.0,1.1829678072379213,1.4107521334929496,1.178380513384879,1.3989578949483268,1.0039190868030625,57.93055619407594,6.8858667718578905,15.590633702563213,1.0096128239988247,16.133333333333333,4.033333333333333,0.03764556670125677,1933.021382490794,3.4166666666666665,11.75,0.0,10.883333333333333,10.883333333333333,10.883333333333333,10.883333333333333,250.31666666666666,250.31666666666666,24.0,0.0,24.0,1.7666666666666666,0.21666666666666667,284.8833333333333,,20.366666666666667,193.26666666666668,8.633333333333333,76.0,2.1333333333333333,26.916666666666668,4.0,29086.05,68.6,878.97689640522,1110.8666666666666,8.338983050847459,11.186440677966102,0.6440677966101694,2.1016949152542375,0.02018731103552532,0.1757444567951793,1.0,206.0,0.0,0.9951456310679612,0.0048543689320388345,0.0,0.0,0.0,
oneweb,void_b2,1,topological_scheme_asc,552.0,1.0,0.9902475845410628,1.0,0.0,1.178213391328175,1.4048403395085036,1.1764723310096787,1.3978713969710426,1.0015127428230168,57.74411071416402,6.675927173343552,13.695286339284815,1.0059413393225312,12.0,4.0,0.037760867058687884,7355.774636814992,0.0,5.05,0.0,10.916666666666666,10.916666666666666,10.916666666666666,10.916666666666666,251.08333333333334,251.08333333333334,24.0,0.0,24.0,1.7666666666666666,0.06666666666666667,149.0,,11.866666666666667,121.38333333333334,2.9,135.0,6.116666666666666,16.433333333333334,4.0,238158.73333333334,588.0,6360.065192977588,1115.0,14.101694915254237,14.05084745762712,0.4406779661016949,5.254237288135593,0.010558390022675737,0.18008948545861297,1.0,0.0,0.0,,,,,,
oneweb,void_b2,1,topological_scheme_asc_event,552.0,0.9953804347826087,0.9902023235356568,1.0,0.0,1.1783237767808317,1.40574566629487,1.1768908201411896,1.3990699450790767,1.0012298095261627,57.60525329081777,6.659943170112074,13.642537086175906,1.0056805658853882,12.0,4.0,0.037760867058687884,1259.8136742909749,2.55,5.05,0.0,10.916666666666666,10.916666666666666,10.916666666666666,10.916666666666666,251.08333333333334,251.08333333333334,24.0,0.0,24.0,1.7666666666666666,0.06666666666666667,123.0,,12.0,101.0,2.566666666666667,22.0,0.13333333333333333,18.433333333333334,3.0,3911.35,9.8,231.12843160827956,1115.0,0.0,0.0,0.0,0.0,0.008715986394557822,0.17073170731707318,1.0,153.0,0.0,1.0,0.0,0.0,0.0,0.0,
oneweb,void_b2,2,topological_scheme_asc,552.0,1.0,0.9903079710144927,1.0,0.0,1.1796914071501734,1.4057000871632346,1.177827016417546,1.3979660618569623,1.0016111123284572,57.88953544387292,6.762068978436079,13.92968270344691,1.0066414507704216,12.0,4.0,0.03770321687997233,7239.493561536074,0.0,4.816666666666666,0.0,10.9,10.9,10.9,10.9,250.7,250.7,24.0,0.0,24.0,1.75,0.06666666666666667,155.41666666666666,,11.833333333333334,125.26666666666667,3.85,69.0,6.083333333333333,16.866666666666667,4.0,235882.68333333332,588.0,6249.333735803763,1115.0,14.813559322033898,13.711864406779661,0.5423728813559322,6.237288135593221,0.011013085789871504,0.1848793565683646,1.0,0.0,0.0,,,,,,
oneweb,void_b2,2,topological_scheme_asc_event,552.0,0.9822765700483091,0.9901330956259797,1.0,0.0,1.1792500094967129,1.4069878927629944,1.178143038295108,1.4007291654923548,1.0009760401531196,57.457859674189606,6.665226412318521,13.708591662069336,1.005372309392849,12.0,4.0,0.03770321687997233,1253.5946249961853,9.3,4.816666666666666,0.0,10.9,10.9,10.9,10.9,250.7,250.7,24.0,0.0,24.0,1.75,0.06666666666666667,170.0,,12.0,130.0,4.233333333333333,22.0,0.08333333333333333,20.0,3.0,3959.2833333333333,9.8,230.84887688358626,1115.0,0.0,0.0,0.0,0.0,0.012046485260770975,0.2235294117647059,1.0,587.0,0.0,0.9505962521294719,0.049403747870528106,0.0,0.0,0.0,
oneweb,void_b2,3,topological_scheme_asc,552.0,1.0,0.9895229468599034,1.0,0.0,1.1794139178683387,1.406947513241001,1.1769600656225225,1.3978540951141778,1.0013447755000011,57.7113886616303,6.644975923101959,12.603561251759304,1.0057762584093506,10.0,4.0,0.03770321687997233,7346.406956017017,0.0,3.0,0.0,10.9,10.9,10.9,10.9,250.7,250.7,24.0,0.0,24.0,1.8,0.06666666666666667,148.65,,6.916666666666667,85.6,1.7166666666666666,43.0,4.716666666666667,10.95,3.0,239203.91666666666,588.0,6359.502209971349,1117.0,2.4237288135593222,2.288135593220339,0.15254237288135594,2.593220338983051,0.01053358843537415,0.15820159210673843,2.0,0.0,0.0,,,,,,
oneweb,void_b2,3,topological_scheme_asc_event,552.0,0.9964673913043478,0.9894858043208193,1.0,0.0,1.173743709359494,1.3936596247161508,1.1720696475769667,1.3867946028680553,1.0010362617449169,57.59040751574607,6.473020725393332,12.301665348099979,1.0050743901358037,10.0,4.0,0.03770321687997233,1230.3853171567123,1.95,3.0,0.0,10.9,10.9,10.9,10.9,250.7,250.7,24.0,0.0,24.0,1.8,0.06666666666666667,133.0,,9.0,85.0,1.4166666666666667,40.0,0.05,13.0,2.0,3917.883333333333,9.8,232.23395869135857,1117.0,0.0,0.0,0.0,0.0,0.009424603174603174,0.09022556390977443,2.0,117.0,0.0,1.0,0.0,0.0,0.0,0.0,
oneweb,void_b2,4,topological_scheme_asc,552.0,1.0,0.9902475845410628,1.0,0.0,1.1765074812053742,1.4040639125278809,1.1763088778516937,1.3982411039121756,1.000162739116855,57.53249634079438,6.550815541849313,12.119172981631122,1.0049884643628075,12.0,4.0,0.03787616741611899,7490.660268813372,0.0,5.583333333333333,0.0,10.95,10.95,10.95,10.95,251.85,251.85,24.0,0.0,24.0,1.7666666666666666,0.06666666666666667,156.21666666666667,,11.833333333333334,125.96666666666667,0.4,91.0,5.283333333333333,17.716666666666665,3.0,246529.58333333334,588.0,6488.9235099156695,1115.0,14.474576271186441,14.610169491525424,0.4915254237288136,5.406779661016949,0.011069775132275132,0.1851061559799424,1.0,0.0,0.0,,,,,,
oneweb,void_b2,4,topological_scheme_asc_event,552.0,0.9996376811594203,0.990244049776489,1.0,0.0,1.1765106057053698,1.4041042353195694,1.1763346963993853,1.3983440394693427,1.0001426347755242,57.519518894132936,6.548689562901094,12.106813132912645,1.0049316259825276,12.0,4.0,0.03787616741611899,1281.221676369508,0.08333333333333333,5.583333333333333,0.0,10.95,10.95,10.95,10.95,251.85,251.85,24.0,0.0,24.0,1.7666666666666666,0.06666666666666667,199.0,,12.0,153.0,0.4666666666666667,25.0,0.15,22.133333333333333,4.0,3943.366666666667,9.8,233.08040574193,1115.0,0.0,0.0,0.0,0.0,0.014101473922902494,0.21105527638190955,1.0,12.0,0.0,0.4166666666666667,0.5833333333333334,0.0,0.0,0.0,
oneweb,void_b2,5,topological_scheme_asc,552.0,1.0,0.9901871980676329,1.0,0.0,1.1781492896926886,1.4047237634554952,1.1766167055553904,1.3977649320003354,1.001367993495509,57.75864293040135,6.674072054482438,13.792958763530049,1.0059607244720572,12.0,4.0,0.03758791652254122,7286.390461275975,0.0,6.433333333333334,0.0,10.866666666666667,10.866666666666667,10.866666666666667,10.866666666666667,249.93333333333334,249.93333333333334,24.0,0.0,24.0,1.7833333333333334,0.06666666666666667,148.65,,11.866666666666667,120.08333333333333,4.783333333333333,91.0,7.533333333333333,17.333333333333332,4.0,235911.86666666667,588.0,6297.47238283356,1115.0,11.745762711864407,11.796610169491526,0.4576271186440678,5.508474576271187,0.01053358843537415,0.18365287588294651,1.0,0.0,0.0,,,,,,
oneweb,void_b2,5,topological_scheme_asc_event,552.0,0.9947765700483092,0.9901356724436216,1.0,0.0,1.1782547237235752,1.405732185652197,1.1769213520106578,1.399035187620627,1.0011891477529677,57.59659290218035,6.647795713382979,13.58574165264207,1.005729318669854,12.0,4.0,0.03758791652254122,1267.49385719498,2.8333333333333335,6.433333333333334,0.0,10.866666666666667,10.866666666666667,10.866666666666667,10.866666666666667,249.93333333333334,249.93333333333334,24.0,0.0,24.0,1.7833333333333334,0.06666666666666667,129.0,,12.0,105.0,4.633333333333334,22.0,0.03333333333333333,18.483333333333334,3.0,3912.25,9.8,230.22836670279503,1115.0,0.0,0.0,0.0,0.0,0.009141156462585034,0.17829457364341086,1.0,173.0,0.0,0.9826589595375722,0.017341040462427744,0.0,0.0,0.0,
oneweb,void_b4,1,topological_scheme_asc,552.0,1.0,0.9822765700483091,1.0,0.0,1.181944860374165,1.401334841276953,1.1763036611481557,1.3896942744751473,1.0036085999027704,58.27850455594389,6.84596026538073,14.598000098552886,1.0068629430101539,36.0,16.0,0.03683846419923902,7060.597888628642,0.0,6.9,0.0,10.65,10.65,10.65,10.65,244.95,244.95,24.0,0.0,24.0,1.8666666666666667,0.26666666666666666,301.85,,16.2,155.16666666666666,6.433333333333334,57.0,12.816666666666666,27.083333333333332,4.0,232650.21666666667,588.0,6081.774998207887,1091.0,4.169491525423729,4.440677966101695,0.3559322033898305,4.864406779661017,0.021389597505668934,0.15912981061233505,3.0,0.0,0.0,,,,,,
oneweb,void_b4,1,topological_scheme_asc_event,552.0,0.9797101449275363,0.9826491617357002,1.0,0.0,1.1702729653713717,1.3793953459179629,1.1678694087713262,1.3732879968324256,1.0018779099767665,57.74128176840578,6.402740590440537,12.853834757724494,1.0049187407786553,36.0,16.0,0.03683846419923902,1278.3745696147282,11.2,6.9,0.0,10.65,10.65,10.65,10.65,244.95,244.95,24.0,0.0,24.0,1.8666666666666667,0.26666666666666666,289.0,,18.0,155.0,5.816666666666666,54.0,0.26666666666666666,30.0,4.0,3782.6666666666665,9.8,226.78164740403494,1091.0,0.0,0.0,0.0,0.0,0.020479024943310657,0.13494809688581316,3.0,672.0,0.0,1.0,0.0,0.0,0.0,0.0,
oneweb,void_b4,2,topological_scheme_asc,552.0,1.0,0.9898852657004831,1.0,0.0,1.1819551982198075,1.4095863562115307,1.177701352870655,1.3954603363812326,1.0036952709770015,58.37591294152918,6.915602737631314,15.098708243115121,1.0117248480944212,40.0,16.0,0.03753026634382567,6968.69200989604,0.0,12.0,0.0,10.85,10.85,10.85,10.85,249.55,249.55,24.0,0.0,24.0,1.85,0.26666666666666666,406.73333333333335,,22.666666666666668,237.28333333333333,12.633333333333333,84.0,18.416666666666668,36.31666666666667,5.0,228400.56666666668,588.0,5982.35016092658,1087.0,40.54237288135593,41.813559322033896,2.8135593220338984,10.661016949152541,0.02882180650037793,0.13657597115227013,2.0,0.0,0.0,,,,,,
oneweb,void_b4,2,topological_scheme_asc_event,552.0,0.9765398550724638,0.9896422718980923,1.0,0.0,1.1808861168552514,1.4061352667286362,1.1766776601457791,1.39584699540941,1.0037760070524706,57.92891452985387,6.826544974545578,15.642301614672977,1.008632888702259,40.0,16.0,0.03753026634382567,1312.9151629904907,10.483333333333333,12.0,0.0,10.85,10.85,10.85,10.85,249.55,249.55,24.0,0.0,24.0,1.85,0.26666666666666666,585.0,,24.0,339.0,16.35,78.0,0.5666666666666667,46.81666666666667,4.0,3948.116666666667,9.8,232.40218485395113,1087.0,0.0,0.0,0.0,0.0,0.04145408163265306,0.06153846153846154,1.0,777.0,0.0,0.8095238095238095,0.19047619047619047,0.0,0.0,0.0,
oneweb,void_b4,3,topological_scheme_asc,552.0,1.0,0.986231884057971,1.0,0.0,1.1828749611109806,1.4037361000444102,1.177206389147538,1.391256328960265,1.004926316021035,58.73881163671356,7.050867265549092,16.89514288417702,1.0105442587874804,40.0,16.0,0.03649256312694569,6809.214695294698,0.0,10.95,0.0,10.55,10.55,10.55,10.55,242.65,242.65,24.0,0.0,24.0,1.8833333333333333,0.26666666666666666,380.01666666666665,,22.916666666666668,220.98333333333332,11.45,126.0,18.733333333333334,34.65,6.0,230175.23333333334,588.0,5844.206847002109,1087.0,32.66101694915254,32.66101694915254,1.3389830508474576,9.457627118644067,0.0269286186696901,0.14595851059164072,2.0,0.0,0.0,,,,,,
oneweb,void_b4,3,topological_scheme_asc_event,552.0,0.9719504830917874,0.9863937125283464,1.0,0.0,1.178117559910461,1.3979142999535166,1.1747160922392625,1.389324550925545,1.0031048353267282,58.10608575837166,6.769126033794674,15.302415439790966,1.007361968094678,40.0,16.0,0.03649256312694569,1283.6241871118546,11.3,10.95,0.0,10.55,10.55,10.55,10.55,242.65,242.65,24.0,0.0,24.0,1.8833333333333333,0.26666666666666666,302.0,,24.0,164.0,9.966666666666667,38.0,0.35,34.25,3.0,3854.0833333333335,9.8,229.6114775041739,1087.0,0.0,0.0,0.0,0.0,0.021400226757369613,0.1986754966887417,1.0,929.0,0.0,0.7298170075349839,0.27018299246501615,0.0,0.0,0.0,
oneweb,void_b4,4,topological_scheme_asc,552.0,1.0,0.9859601449275363,1.0,0.0,1.183650604106954,1.4064046235353156,1.1772627748645605,1.3930310817988059,1.0058027907794287,59.06623067865895,7.181989839757929,17.80110879918096,1.0115142543362945,40.0,16.0,0.03701141473538568,6714.108206828435,0.0,11.183333333333334,0.0,10.7,10.7,10.7,10.7,246.1,246.1,24.0,0.0,24.0,1.85,0.26666666666666666,380.4166666666667,,23.333333333333332,219.53333333333333,15.766666666666667,144.0,19.75,34.46666666666667,7.0,226861.96666666667,588.0,5761.973299086094,1087.0,34.40677966101695,34.40677966101695,2.0677966101694913,10.694915254237289,0.026956963340891912,0.1496604600219058,2.0,0.0,0.0,,,,,,
oneweb,void_b4,4,topological_scheme_asc_event,552.0,0.9696859903381643,0.9858014696724374,1.0,0.0,1.1833205086975114,1.4100879435613836,1.1794137293879168,1.4010556614213443,1.0035625771384258,58.04216695141211,6.965217968065572,16.733832044652083,1.007753569916829,40.0,16.0,0.03701141473538568,1266.6849034527938,16.233333333333334,11.183333333333334,0.0,10.7,10.7,10.7,10.7,246.1,246.1,24.0,0.0,24.0,1.85,0.26666666666666666,300.0,,26.0,173.0,15.433333333333334,37.0,0.38333333333333336,36.03333333333333,3.0,3775.4333333333334,9.8,224.93541042009988,1087.0,0.0,0.0,0.0,0.0,0.021258503401360544,0.16333333333333333,2.0,1004.0,0.0,0.9701195219123506,0.029880478087649404,0.0,0.0,0.0,
oneweb,void_b4,5,topological_scheme_asc,552.0,1.0,0.9855676328502415,1.0,0.0,1.184528756852483,1.4046647467531128,1.17758406330791,1.3919929000113742,1.0046092439706675,58.57266379251717,7.013589209728282,16.034693390653583,1.007511821940298,36.0,16.0,0.0366078634843768,6742.315071821213,0.0,7.35,0.0,10.583333333333334,10.583333333333334,10.583333333333334,10.583333333333334,243.41666666666666,243.41666666666666,24.0,0.0,24.0,1.8166666666666667,0.26666666666666666,306.18333333333334,,15.666666666666666,154.4,10.483333333333333,57.0,15.366666666666667,25.983333333333334,4.0,232475.23333333334,588.0,5801.93967918555,1091.0,4.559322033898305,4.423728813559322,0.3389830508474576,5.237288135593221,0.02169666477702192,0.16814544662783734,3.0,0.0,0.0,,,,,,
oneweb,void_b4,5,topological_scheme_asc_event,552.0,0.9897342995169082,0.9854789505796218,1.0,0.0,1.1809483814488453,1.3999328034913725,1.1757581337587226,1.3892468071404802,1.0034565064127237,58.14038653837792,6.775321159835739,14.924568235571162,1.0064902431856126,36.0,16.0,0.0366078634843768,1301.342814664046,5.666666666666667,7.35,0.0,10.583333333333334,10.583333333333334,10.583333333333334,10.583333333333334,243.41666666666666,243.41666666666666,24.0,0.0,24.0,1.8166666666666667,0.26666666666666666,335.0,,14.0,155.0,9.0,56.0,0.15,23.0,4.0,4169.166666666667,9.8,240.0879037876924,1091.0,0.0,0.0,0.0,0.0,0.023738662131519275,0.2208955223880597,2.0,340.0,0.0,1.0,0.0,0.0,0.0,0.0,
oneweb,void_b8,1,topological_scheme_asc,545.1,1.0,0.9846205589188528,1.0,0.0,1.1770408317295111,1.396299334795309,1.17280706215595,1.3876336670166427,1.0030236759586741,58.16620148480496,6.726773748787039,14.942934077423919,1.0064952555271953,136.0,64.0,0.03709789000345901,6111.821002264817,0.0,10.033333333333333,0.0,10.75,10.716666666666667,10.733333333333333,10.716666666666667,246.48333333333332,246.48333333333332,23.85,0.15,23.85,1.7833333333333334,1.0666666666666667,799.5,,56.05,253.36666666666667,12.083333333333334,83.0,31.15,101.86666666666666,7.0,210313.48333333334,588.0,5173.961228132248,991.0,18.06779661016949,18.74576271186441,1.2372881355932204,15.423728813559322,0.05665391156462585,0.3127579737335835,7.0,0.0,0.0,,,,,,
oneweb,void_b8,1,topological_scheme_asc_event,545.1,0.9945269981043233,0.9846281550711716,1.0,0.0,1.1727061130738454,1.390473036724955,1.1701799214046866,1.3833841507997504,1.0020538904118272,57.809288725205946,6.479008778099826,13.510415439082303,1.0057487210816214,136.0,64.0,0.03709789000345901,1329.920746634404,1.0333333333333334,10.033333333333333,0.0,10.75,10.716666666666667,10.733333333333333,10.716666666666667,246.48333333333332,246.48333333333332,23.85,0.15,23.85,1.7833333333333334,1.0666666666666667,751.0,,57.0,251.0,9.416666666666666,77.0,0.3333333333333333,98.0,6.0,3497.9,9.8,218.61848905682564,991.0,0.0,0.0,0.0,0.0,0.0532171201814059,0.34753661784287615,7.0,179.0,0.0,0.3463687150837989,0.6536312849162011,0.0,0.0,0.0,
oneweb,void_b8,2,topological_scheme_asc,516.8333333333334,1.0,0.9739761367300871,1.0,0.0,1.1824429775091827,1.400465504588695,1.17372432508682,1.390397099132571,1.0077423131035363,58.9122427686437,7.163649506675627,19.33563567669656,1.0088767554854534,144.0,64.0,0.0351089588377724,5986.150595545769,0.0,18.8,0.0,10.25,10.15,10.15,10.116666666666667,232.68333333333334,232.68333333333334,23.216666666666665,0.7833333333333333,23.216666666666665,1.8,1.0666666666666667,1041.9,,56.36666666666667,319.7,24.266666666666666,185.0,48.95,101.31666666666666,9.0,207042.2,588.0,5077.217547098796,983.0,78.9322033898305,81.69491525423729,3.2542372881355934,23.406779661016948,0.07383078231292517,0.16205969862750744,4.0,0.0,0.0,,,,,,
oneweb,void_b8,2,topological_scheme_asc_event,516.8333333333334,0.9905191873589165,0.9747362937882537,1.0,0.0,1.1829309230617304,1.4029384910954619,1.1749385853832734,1.3933799412492054,1.0070389294873228,58.46879971778313,7.115917738429576,18.64655795006383,1.0083949890400175,144.0,64.0,0.0351089588377724,1316.7466320097446,3.4166666666666665,18.8,0.0,10.25,10.15,10.15,10.116666666666667,232.68333333333334,232.68333333333334,23.216666666666665,0.7833333333333333,23.216666666666665,1.8,1.0666666666666667,860.0,,50.0,254.0,23.933333333333334,59.0,0.6,82.66666666666667,5.0,3520.1833333333334,9.8,211.42053455114365,983.0,0.0,0.0,0.0,0.0,0.06094104308390023,0.21395348837209302,4.0,294.0,0.0,0.6972789115646258,0.30272108843537415,0.0,0.0,0.0,
oneweb,void_b8,3,topological_scheme_asc,521.8333333333334,1.0,0.9690194825934206,1.0,0.0,1.1719022027786918,1.37834161139674,1.1650547819450878,1.366436596406957,1.0049521597191666,59.86518832080107,6.748187639699732,15.699942746648974,1.0078213600197237,136.0,64.0,0.0344748068719013,5844.366419066985,0.0,13.183333333333334,0.0,10.066666666666666,9.966666666666667,9.966666666666667,9.966666666666667,229.23333333333332,229.23333333333332,23.333333333333332,0.6666666666666666,23.333333333333332,2.0833333333333335,1.0666666666666667,686.5,,47.15,246.85,17.666666666666668,72.0,33.95,85.23333333333333,6.0,200841.45,588.0,4940.874321013689,991.0,14.576271186440678,14.40677966101695,1.1016949152542372,13.966101694915254,0.04864654195011338,0.24709881039087156,6.0,0.0,0.0,,,,,,
oneweb,void_b8,3,topological_scheme_asc_event,521.8333333333334,0.9885659533695305,0.9692103902817265,1.0,0.0,1.163722120314343,1.3665209376442216,1.1596600628211038,1.3577284206411022,1.0032953580592108,59.24976628936168,6.336254024410749,13.79750448972359,1.0064036624495238,136.0,64.0,0.0344748068719013,1307.7395774424076,4.933333333333334,13.183333333333334,0.0,10.066666666666666,9.966666666666667,9.966666666666667,9.966666666666667,229.23333333333332,229.23333333333332,23.333333333333332,0.6666666666666666,23.333333333333332,2.0833333333333335,1.0666666666666667,749.0,,44.0,248.0,15.85,71.0,0.2,79.0,6.0,3633.9333333333334,9.8,224.0690285960833,991.0,0.0,0.0,0.0,0.0,0.053075396825396824,0.2590120160213618,5.0,358.0,0.0,0.8268156424581006,0.17318435754189945,0.0,0.0,0.0,
oneweb,void_b8,4,topological_scheme_asc,531.7333333333333,1.0,0.9742038615847542,1.0,0.0,1.1814058624934316,1.403569478192015,1.175119076133668,1.3946115420631808,1.0057397824229253,58.83706894968759,7.007025850121997,18.86513285265328,1.0078260652372262,144.0,64.0,0.03551251008878128,5970.630264282227,0.0,20.083333333333332,0.0,10.333333333333334,10.266666666666667,10.266666666666667,10.266666666666667,236.13333333333333,236.13333333333333,23.55,0.45,23.55,1.9,1.0666666666666667,1044.1666666666667,,57.0,322.3,21.433333333333334,143.0,48.416666666666664,103.05,9.0,204665.36666666667,588.0,5046.9602691630525,983.0,78.32203389830508,78.45762711864407,3.4237288135593222,21.593220338983052,0.07399140211640212,0.1559457302474062,4.0,0.0,0.0,,,,,,
oneweb,void_b8,4,topological_scheme_asc_event,531.7333333333333,0.9909415747241725,0.9744425114660762,1.0,0.0,1.181736689650096,1.4057223557905856,1.1760634119400935,1.3972738657548498,1.0051532652415314,58.44557343818622,6.954317726882848,18.166993006847996,1.0073641624057426,144.0,64.0,0.03551251008878128,1281.523422896862,3.216666666666667,20.083333333333332,0.0,10.333333333333334,10.266666666666667,10.266666666666667,10.266666666666667,236.13333333333333,236.13333333333333,23.55,0.45,23.55,1.9,1.0666666666666667,676.0,,58.0,266.0,20.033333333333335,55.0,0.5666666666666667,96.35,5.0,3472.0,9.8,212.99395561218262,983.0,0.0,0.0,0.0,0.0,0.04790249433106576,0.21597633136094674,4.0,289.0,0.0,0.6678200692041523,0.33217993079584773,0.0,0.0,0.0,
oneweb,void_b8,5,topological_scheme_asc,508.23333333333335,1.0,0.9646159900308258,1.0,0.0,1.1930610399506674,1.3926163280126667,1.171532117052636,1.369565760084849,1.0189167624928266,62.8477329094723,8.383153105812614,29.139327738036656,1.0201994632012736,144.0,64.0,0.033638879280525766,5752.897299577792,0.0,21.1,0.0,9.866666666666667,9.716666666666667,9.733333333333333,9.716666666666667,223.48333333333332,223.48333333333332,23.016666666666666,0.9833333333333333,23.016666666666666,2.216666666666667,1.0666666666666667,1032.1833333333334,,57.06666666666667,316.68333333333334,37.833333333333336,147.0,49.2,100.83333333333333,8.0,198336.51666666666,588.0,4846.74078921477,983.0,78.67796610169492,78.64406779661017,2.23728813559322,21.93220338983051,0.07314224300831444,0.1546721351181153,4.0,0.0,0.0,,,,,,
oneweb,void_b8,5,topological_scheme_asc_event,508.23333333333335,0.9490719485800485,0.9642721398707715,1.0,0.0,1.1941658267457163,1.3951842689640714,1.175535185472845,1.3823909554725098,1.016252408291828,61.25775471350756,8.139631282324785,28.353984114265057,1.0113791122189753,144.0,64.0,0.033638879280525766,1246.3324079910915,18.216666666666665,21.1,0.0,9.866666666666667,9.716666666666667,9.733333333333333,9.716666666666667,223.48333333333332,223.48333333333332,23.016666666666666,0.9833333333333333,23.016666666666666,2.216666666666667,1.0666666666666667,664.0,,58.0,268.0,30.783333333333335,54.0,0.5666666666666667,96.83333333333333,5.0,3096.116666666667,9.8,195.4182766377926,983.0,0.0,0.0,0.0,0.0,0.04705215419501134,0.1746987951807229,4.0,1553.0,0.0,0.7037990985189955,0.29620090148100453,0.0,0.0,0.0,
starlink,cut,1,topological_scheme_asc,519.1333333333333,0.5457172210093746,0.9316390163548652,1.0,0.0,1.3726383473148116,1.4768296874125362,1.3726369148101107,1.4768296874125362,1.0000012495695045,66.97053439256425,12.704127721669861,42.196507128623054,1.0,44.0,0.0,0.01975261085430577,21017.643738538027,0.0,46.2,0.0,15.383333333333333,15.383333333333333,15.383333333333333,15.383333333333333,353.81666666666666,353.81666666666666,24.0,0.0,24.0,0.2833333333333333,0.7333333333333333,0.0,,0.0,0.0,0.0,0.0,0.0,0.0,0.0,841729.2666666667,1584.0,17876.221334934235,3124.0,0.0,0.0,0.0,0.0,0.0,,0.0,0.0,0.0,0.0,1.0,0.0,0.0,0.0,
starlink,cut,1,topological_scheme_asc_event,519.1333333333333,0.5457172210093746,0.9316390163548652,1.0,0.0,1.3726383473148116,1.4768296874125362,1.3726369148101107,1.4768296874125362,1.0000012495695045,66.97053439256425,12.704127721669861,42.196507128623054,1.0,44.0,0.0,0.01975261085430577,3435.7228577136993,0.0,46.2,0.0,15.383333333333333,15.383333333333333,15.383333333333333,15.383333333333333,353.81666666666666,353.81666666666666,24.0,0.0,24.0,0.2833333333333333,0.7333333333333333,0.0,,0.0,0.0,0.0,0.0,0.0,0.0,0.0,14162.516666666666,26.4,366.9151057799657,3124.0,0.0,0.0,0.0,0.0,0.0,,0.0,0.0,0.0,0.0,1.0,0.0,0.0,0.0,
starlink,isl_p0.01,1,topological_scheme_asc_event,552.0,1.0,0.9555857487922705,1.0,0.0,1.466219397538835,1.7113037675517513,1.4512021049905204,1.6991904668248001,1.0104582313744104,86.23498760822024,23.32390820009807,68.49352707273437,1.0076502339978572,31.516666666666666,0.0,0.01975261085430577,33059.094904611506,0.0,24.583333333333332,0.0,15.383333333333333,15.383333333333333,15.383333333333333,15.383333333333333,353.81666666666666,353.81666666666666,24.0,0.0,24.0,0.2833333333333333,5.983333333333333,1763.5166666666667,,91.96666666666667,958.7,15.966666666666667,395.0,27.4,113.46666666666667,7.0,1602649.0833333333,1584.0,29706.453881412745,3136.483333333333,250.0,242.40677966101694,40.16949152542373,31.610169491525422,0.04638880120650954,0.14853843173205053,2.0,0.0,0.0,,,,,,
starlink,isl_p0.01,2,topological_scheme_asc_event,552.0,1.0,0.9553140096618358,1.0,0.0,1.4702962472563266,1.7142193289434169,1.4520705160239837,1.7006135059325471,1.0125661493157618,86.55120494300563,23.58006559445333,68.83766497435357,1.008395620587725,31.55,0.0,0.01975261085430577,32881.67020653685,0.0,28.333333333333332,0.0,15.383333333333333,15.383333333333333,15.383333333333333,15.383333333333333,353.81666666666666,353.81666666666666,24.0,0.0,24.0,0.2833333333333333,6.766666666666667,1892.5333333333333,,91.75,972.85,20.366666666666667,395.0,31.066666666666666,115.38333333333334,8.0,1620684.95,1584.0,29543.297059088945,3136.45,274.728813559322,276.77966101694915,49.389830508474574,35.220338983050844,0.04978254769921436,0.1326704945751726,3.0,0.0,0.0,,,,,,
starlink,isl_p0.01,3,topological_scheme_asc_event,552.0,1.0,0.9558574879227053,1.0,0.0,1.4603792434409637,1.7075506895781412,1.4488146483838853,1.6973607900043302,1.0081059635969867,85.852584029184,22.996442249365113,67.80831254597815,1.0065042348243272,32.75,0.0,0.01975261085430577,34795.01914307475,0.0,25.95,0.0,15.383333333333333,15.383333333333333,15.383333333333333,15.383333333333333,353.81666666666666,353.81666666666666,24.0,0.0,24.0,0.2833333333333333,6.6,1953.05,,96.28333333333333,1055.8833333333334,15.416666666666666,791.0,30.616666666666667,123.91666666666667,10.0,1629630.1,1584.0,31446.874673167866,3135.25,317.66101694915255,298.8813559322034,60.30508474576271,36.23728813559322,0.051374421296296297,0.14200011947125435,3.0,0.0,0.0,,,,,,
starlink,isl_p0.01,4,topological_scheme_asc_event,552.0,1.0,0.9557971014492753,1.0,0.0,1.464346562102862,1.710569998553207,1.4503442905440993,1.6990913492549051,1.0102034373089857,86.20895415608088,23.30541063987356,68.43736680385469,1.0073815683864882,33.63333333333333,0.0,0.01975261085430577,33537.152487784624,0.0,29.766666666666666,0.0,15.383333333333333,15.383333333333333,15.383333333333333,15.383333333333333,353.81666666666666,353.81666666666666,24.0,0.0,24.0,0.2833333333333333,6.75,2136.6,,101.46666666666667,1112.8166666666666,19.75,395.0,35.483333333333334,129.73333333333332,8.0,1627250.75,1584.0,30128.749967366457,3134.366666666667,302.20338983050846,262.0,71.01694915254237,38.30508474576271,0.05620265151515152,0.15865549627133452,3.0,0.0,0.0,,,,,,
starlink,isl_p0.01,5,topological_scheme_asc_event,552.0,1.0,0.9558876811594202,1.0,0.0,1.4586267302525537,1.7059443101373644,1.4484010455199476,1.6970018978113224,1.0073241162067204,85.76124373604763,22.939541288065584,67.79742941264435,1.00568181643219,26.466666666666665,0.0,0.01975261085430577,32410.0719332695,0.0,17.8,0.0,15.383333333333333,15.383333333333333,15.383333333333333,15.383333333333333,353.81666666666666,353.81666666666666,24.0,0.0,24.0,0.2833333333333333,5.866666666666666,1490.0333333333333,,78.7,843.6666666666666,11.35,395.0,20.883333333333333,98.63333333333334,8.0,1581804.1666666667,1584.0,29105.548579990864,3141.5333333333333,239.08474576271186,234.23728813559322,41.389830508474574,31.64406779661017,0.03919490039281706,0.14081340462182054,2.0,0.0,0.0,,,,,,
starlink,polar_lat60,1,topological_scheme_asc,552.0,1.0,0.9554347826086956,1.0,0.0,1.4460242773111718,1.69770683420374,1.44602225113162,1.69770683420374,1.00000148269943,84.80647064514474,22.08668736492951,66.89812759390074,1.0,0.0,0.0,0.01975261085430577,36605.78001861771,0.0,0.0,0.0,15.383333333333333,15.383333333333333,15.383333333333333,15.383333333333333,353.81666666666666,353.81666666666666,24.0,0.0,24.0,0.2833333333333333,0.0,0.0,,0.0,0.0,0.0,0.0,0.0,0.0,0.0,1422473.2333333334,1584.0,33127.07574044665,3168.0,0.0,0.0,0.0,0.0,0.0,,0.0,0.0,0.0,,,,,,
starlink,polar_lat60,1,topological_scheme_asc_event,552.0,1.0,0.9554347826086956,1.0,0.0,1.4460242773111718,1.69770683420374,1.44602225113162,1.69770683420374,1.00000148269943,84.80647064514474,22.08668736492951,66.89812759390074,1.0,0.0,0.0,0.01975261085430577,4070.882581671079,0.0,0.0,0.0,15.383333333333333,15.383333333333333,15.383333333333333,15.383333333333333,353.81666666666666,353.81666666666666,24.0,0.0,24.0,0.2833333333333333,0.0,0.0,,0.0,0.0,0.0,0.0,0.0,0.0,0.0,23956.616666666665,26.4,730.332363396883,3168.0,0.0,0.0,0.0,0.0,0.0,,0.0,0.0,0.0,,,,,,
starlink,polar_lat75,1,topological_scheme_asc,552.0,1.0,0.9554347826086956,1.0,0.0,1.4460242773111718,1.69770683420374,1.44602225113162,1.69770683420374,1.00000148269943,84.80647064514474,22.08668736492951,66.89812759390074,1.0,0.0,0.0,0.01975261085430577,36926.719737797976,0.0,0.0,0.0,15.383333333333333,15.383333333333333,15.383333333333333,15.383333333333333,353.81666666666666,353.81666666666666,24.0,0.0,24.0,0.2833333333333333,0.0,0.0,,0.0,0.0,0.0,0.0,0.0,0.0,0.0,1422473.2333333334,1584.0,33429.89525869489,3168.0,0.0,0.0,0.0,0.0,0.0,,0.0,0.0,0.0,,,,,,
starlink,polar_lat75,1,topological_scheme_asc_event,552.0,1.0,0.9554347826086956,1.0,0.0,1.4460242773111718,1.69770683420374,1.44602225113162,1.69770683420374,1.00000148269943,84.80647064514474,22.08668736492951,66.89812759390074,1.0,0.0,0.0,0.01975261085430577,4114.319871862729,0.0,0.0,0.0,15.383333333333333,15.383333333333333,15.383333333333333,15.383333333333333,353.81666666666666,353.81666666666666,24.0,0.0,24.0,0.2833333333333333,0.0,0.0,,0.0,0.0,0.0,0.0,0.0,0.0,0.0,23956.616666666665,26.4,746.9805672764778,3168.0,0.0,0.0,0.0,0.0,0.0,,0.0,0.0,0.0,,,,,,
starlink,sat_p0.005,1,topological_scheme_asc_event,552.0,0.9952898550724638,0.9554058973425555,1.0,0.0,1.4532960950738385,1.7025459896496844,1.4475441000452152,1.6981845432782423,1.0041252529701983,85.30913180828962,22.532390033251332,67.31595378704813,1.0027700659866152,26.866666666666667,6.716666666666667,0.01970980996404725,10451.398986577988,2.6,8.366666666666667,0.0,15.35,15.35,15.35,15.35,353.05,353.05,24.0,0.0,24.0,0.2833333333333333,0.35,651.3333333333334,,40.8,541.7166666666667,5.733333333333333,40.0,2.3333333333333335,53.45,3.0,349487.3333333333,369.6,7105.382032444079,3141.133333333333,21.305084745762713,21.271186440677965,18.25423728813559,4.745762711864407,0.01713313692480359,0.1133828045035824,2.0,156.0,0.0,1.0,0.0,0.0,0.0,0.0,
starlink,sat_p0.005,2,topological_scheme_asc_event,552.0,0.9973731884057971,0.9551055005600461,1.0,0.0,1.447918384958187,1.698339777680358,1.4461309467122816,1.6969495913502044,1.001298389824004,84.92905290696271,22.21585841762773,66.98808371129182,1.000854552601427,33.0,8.25,0.01975261085430577,10606.015679736933,1.45,4.816666666666666,0.0,15.383333333333333,15.383333333333333,15.383333333333333,15.383333333333333,353.81666666666666,353.81666666666666,24.0,0.0,24.0,0.2833333333333333,0.38333333333333336,822.8333333333334,,48.083333333333336,552.0833333333334,2.5166666666666666,66.0,1.2333333333333334,65.26666666666667,4.0,350923.3333333333,369.6,7144.852679719527,3135.0,26.406779661016948,25.45762711864407,21.966101694915253,5.728813559322034,0.02164439534231201,0.13593275268381608,2.0,87.0,0.0,1.0,0.0,0.0,0.0,0.0,
starlink,sat_p0.005,3,topological_scheme_asc_event,552.0,0.9980072463768116,0.9551642766382283,1.0,0.0,1.4536659557289349,1.7025615184448564,1.448009949564958,1.6979887852149336,1.0039746940044152,85.32920631876506,22.56932386639133,67.32403367108515,1.0027047622597818,26.066666666666666,6.516666666666667,0.019688409518917992,8525.459674497446,1.1,8.666666666666666,0.0,15.333333333333334,15.333333333333334,15.333333333333334,15.333333333333334,352.6666666666667,352.6666666666667,24.0,0.0,24.0,0.2833333333333333,0.25,636.6333333333333,,39.81666666666667,526.5,6.733333333333333,34.0,1.6333333333333333,51.083333333333336,3.0,245674.56666666668,264.0,5145.8575295905275,3141.9333333333334,12.88135593220339,16.47457627118644,16.084745762711865,3.4915254237288136,0.0167464576318743,0.12021571810042411,2.0,66.0,0.0,1.0,0.0,0.0,0.0,0.0,
starlink,sat_p0.005,4,topological_scheme_asc_event,552.0,0.9964070048309178,0.9543953213538984,1.0,0.0,1.4565913107363886,1.704269654805855,1.4485768226266449,1.6979313788492094,1.005401203839009,85.50444529556901,22.711575592813702,67.67628438618185,1.0038890066934996,41.833333333333336,10.483333333333333,0.019688409518917992,12538.74779343605,1.9833333333333334,12.4,0.0,15.333333333333334,15.333333333333334,15.333333333333334,15.333333333333334,352.6666666666667,352.6666666666667,24.0,0.0,24.0,0.2833333333333333,0.55,1031.5,,61.71666666666667,688.15,7.733333333333333,69.0,4.016666666666667,84.01666666666667,4.0,452440.2,475.2,9061.505498488745,3126.1666666666665,32.83050847457627,36.23728813559322,28.389830508474578,7.898305084745763,0.02713331228956229,0.13393116820164808,2.0,119.0,0.0,1.0,0.0,0.0,0.0,0.0,
starlink,sat_p0.005,5,topological_scheme_asc_event,552.0,0.998792270531401,0.9552599758162031,1.0,0.0,1.4526366818851768,1.7021901016895478,1.4470666181547818,1.6978961449197065,1.0039204522119212,85.3421135156332,22.55625462552419,67.25786901896518,1.0026049196347233,24.033333333333335,6.05,0.01970980996404725,11442.975991715988,0.6666666666666666,7.366666666666666,0.0,15.35,15.35,15.35,15.35,353.05,353.05,24.0,0.0,24.0,0.3,0.4,599.8166666666667,,35.71666666666667,435.01666666666665,5.716666666666667,34.0,2.716666666666667,45.85,3.0,395245.25,422.4,8162.496587634087,3143.9666666666667,28.11864406779661,30.25423728813559,17.508474576271187,5.016949152542373,0.015778005751964086,0.15640890272027563,2.0,40.0,0.0,1.0,0.0,0.0,0.0,0.0,
starlink,void_b2,1,topological_scheme_asc,552.0,1.0,0.9547101449275363,1.0,0.0,1.4522777072024655,1.7012764220657026,1.4488529933960759,1.6987793301798915,1.002176918231206,85.19963416587986,22.40436861111368,67.53961074474547,1.0015601483114802,12.0,4.0,0.019667009073788738,37038.48647798101,0.0,4.616666666666666,0.0,15.316666666666666,15.316666666666666,15.316666666666666,15.316666666666666,352.28333333333336,352.28333333333336,24.0,0.0,24.0,0.31666666666666665,0.06666666666666667,245.9,,14.2,164.0,4.533333333333333,33.0,6.3,17.8,2.0,1428261.15,1584.0,33441.03877519568,3156.0,3.2542372881355934,4.067796610169491,0.3389830508474576,1.5932203389830508,0.006468329124579125,0.3352311237630473,2.0,0.0,0.0,,,,,,
starlink,void_b2,1,topological_scheme_asc_event,552.0,0.9991243961352657,0.9546704542020489,1.0,0.0,1.4524117434057546,1.7014131663416425,1.4490092072531369,1.698968969681443,1.002156708988981,85.19924862760334,22.405776916087387,67.55132798590573,1.0015133685395892,12.0,4.0,0.019667009073788738,4324.08004924655,0.48333333333333334,4.616666666666666,0.0,15.316666666666666,15.316666666666666,15.316666666666666,15.316666666666666,352.28333333333336,352.28333333333336,24.0,0.0,24.0,0.31666666666666665,0.06666666666666667,296.0,,20.0,164.0,5.866666666666666,33.0,0.0,24.0,2.0,24469.266666666666,26.4,743.6825258036455,3156.0,0.0,0.0,0.0,0.0,0.007786195286195286,0.4594594594594595,2.0,29.0,0.0,1.0,0.0,0.0,0.0,0.0,
starlink,void_b2,2,topological_scheme_asc,552.0,1.0,0.9554951690821256,1.0,0.0,1.4465836095928835,1.6981520241965677,1.4462306658105397,1.697809472608485,1.0002645385959759,84.85529562808857,22.12558734044967,66.99378828546405,1.0002233980695994,12.0,4.0,0.01970980996404725,37307.34939202666,0.0,0.9333333333333333,0.0,15.35,15.35,15.35,15.35,353.05,353.05,24.0,0.0,24.0,0.2833333333333333,0.06666666666666667,229.53333333333333,,12.633333333333333,164.0,0.7833333333333333,33.0,1.2,16.0,2.0,1442758.6666666667,1584.0,33725.55217444897,3156.0,2.9491525423728815,4.169491525423729,0.3050847457627119,1.6271186440677967,0.006037808641975308,0.28797560267208827,2.0,0.0,0.0,,,,,,
starlink,void_b2,2,topological_scheme_asc_event,552.0,1.0,0.9554951690821256,1.0,0.0,1.4465836095928835,1.6981520241965677,1.4462306658105397,1.697809472608485,1.0002645385959759,84.85529562808857,22.12558734044967,66.99378828546405,1.0002233980695994,12.0,4.0,0.01970980996404725,4302.328569690387,0.0,0.9333333333333333,0.0,15.35,15.35,15.35,15.35,353.05,353.05,24.0,0.0,24.0,0.2833333333333333,0.06666666666666667,238.0,,12.0,164.0,0.8333333333333334,33.0,0.0,14.05,3.0,24171.833333333332,26.4,746.307846903801,3156.0,0.0,0.0,0.0,0.0,0.006260521885521886,0.31092436974789917,1.0,0.0,0.0,,,,,,
starlink,void_b2,3,topological_scheme_asc,552.0,1.0,0.9554649758454107,1.0,0.0,1.4482494688151049,1.6991547931168254,1.4469050424846075,1.6982614870644892,1.000990593142298,85.00461588407066,22.252008298099,67.30883698065313,1.00059976297337,12.0,4.0,0.01975261085430577,37594.66486399373,0.0,3.4166666666666665,0.0,15.383333333333333,15.383333333333333,15.383333333333333,15.383333333333333,353.81666666666666,353.81666666666666,24.0,0.0,24.0,0.2833333333333333,0.06666666666666667,239.66666666666666,,14.766666666666667,164.0,3.15,33.0,4.883333333333334,18.766666666666666,2.0,1435358.3833333333,1584.0,33983.88906866312,3156.0,2.9152542372881354,3.0847457627118646,0.13559322033898305,1.423728813559322,0.0063043630751964085,0.31780250347705147,2.0,0.0,0.0,,,,,,
starlink,void_b2,3,topological_scheme_asc_event,552.0,0.9948369565217391,0.9552338462472306,1.0,0.0,1.4470417031883673,1.6974007296328586,1.4462099469233454,1.6968289547330426,1.0006458778249685,84.79845204115158,22.129461183639897,67.07737604748206,1.0004116220934827,12.0,4.0,0.01975261085430577,4314.878301074107,2.85,3.4166666666666665,0.0,15.383333333333333,15.383333333333333,15.383333333333333,15.383333333333333,353.81666666666666,353.81666666666666,24.0,0.0,24.0,0.2833333333333333,0.06666666666666667,248.0,,16.0,164.0,3.283333333333333,33.0,0.0,20.0,2.0,24368.3,26.4,746.9102208813032,3156.0,0.0,0.0,0.0,0.0,0.006523569023569023,0.3387096774193548,1.0,171.0,0.0,1.0,0.0,0.0,0.0,0.0,
starlink,void_b2,4,topological_scheme_asc,552.0,1.0,0.9554649758454107,1.0,0.0,1.4462475667633987,1.6975377655834192,1.4459826628230477,1.6973576890488247,1.0001855055794027,84.84788562319774,22.119793141921576,66.99032581159204,1.0001072044807142,12.0,4.0,0.01975261085430577,37526.760284105934,0.0,1.0666666666666667,0.0,15.383333333333333,15.383333333333333,15.383333333333333,15.383333333333333,353.81666666666666,353.81666666666666,24.0,0.0,24.0,0.2833333333333333,0.06666666666666667,240.13333333333333,,15.033333333333333,164.0,0.9666666666666667,33.0,1.3666666666666667,19.05,2.0,1436616.9,1584.0,33933.99145901203,3156.0,2.8813559322033897,2.9491525423728815,0.13559322033898305,1.3220338983050848,0.006316638608305275,0.3170460855080511,1.0,0.0,0.0,,,,,,
starlink,void_b2,4,topological_scheme_asc_event,552.0,1.0,0.9554649758454107,1.0,0.0,1.4462475667633987,1.6975377655834192,1.4459826628230477,1.6973576890488247,1.0001855055794027,84.84788562319774,22.119793141921576,66.99032581159204,1.0001072044807142,12.0,4.0,0.01975261085430577,4242.091126988332,0.0,1.0666666666666667,0.0,15.383333333333333,15.383333333333333,15.383333333333333,15.383333333333333,353.81666666666666,353.81666666666666,24.0,0.0,24.0,0.2833333333333333,0.06666666666666667,244.0,,12.0,164.0,0.9666666666666667,33.0,0.016666666666666666,16.066666666666666,3.0,23805.95,26.4,730.2142925560474,3156.0,0.0,0.0,0.0,0.0,0.006418350168350169,0.32786885245901637,1.0,0.0,0.0,,,,,,
starlink,void_b2,5,topological_scheme_asc,552.0,1.0,0.9554347826086956,1.0,0.0,1.4482755178707347,1.6988073127172698,1.446367495918055,1.6973991497830696,1.0012867419017777,85.01069567650318,22.254570454073505,67.02886615666385,1.000801153201072,12.0,4.0,0.01970980996404725,37016.71504229307,0.0,1.3666666666666667,0.0,15.35,15.35,15.35,15.35,353.05,353.05,24.0,0.0,24.0,0.2833333333333333,0.06666666666666667,242.93333333333334,,14.8,164.0,1.8666666666666667,33.0,2.15,18.8,2.0,1425094.5166666666,1584.0,33433.87599388758,3156.0,4.203389830508475,3.2542372881355934,0.2033898305084746,1.6271186440677967,0.006390291806958473,0.32683863885839737,2.0,0.0,0.0,,,,,,
starlink,void_b2,5,topological_scheme_asc_event,552.0,0.9992451690821256,0.9554011179936547,1.0,0.0,1.4481665757695685,1.698746230021853,1.446382627881597,1.697433636567069,1.001200440837211,84.98962440608253,22.24525550156955,67.04441857465545,1.0007443745069324,12.0,4.0,0.01970980996404725,4308.359694977601,0.4166666666666667,1.3666666666666667,0.0,15.35,15.35,15.35,15.35,353.05,353.05,24.0,0.0,24.0,0.2833333333333333,0.06666666666666667,240.0,,12.0,164.0,1.8,33.0,0.18333333333333332,16.0,2.0,24276.516666666666,26.4,746.5142217775186,3156.0,0.0,0.0,0.0,0.0,0.006313131313131313,0.31666666666666665,1.0,25.0,0.0,1.0,0.0,0.0,0.0,0.0,
starlink,void_b4,1,topological_scheme_asc,552.0,1.0,0.9467089371980676,1.0,0.0,1.4550192942990345,1.7016107704739931,1.4479214951469024,1.6969286747821268,1.005075040701224,86.03605166764571,22.82527221816476,69.40917038402723,1.0030485534042748,40.0,16.0,0.0195814072932717,36539.07769670089,0.0,6.833333333333333,0.0,15.25,15.25,15.25,15.25,350.75,350.75,24.0,0.0,24.0,0.2833333333333333,0.26666666666666666,558.3833333333333,,31.15,296.0,11.183333333333334,60.0,12.9,52.416666666666664,3.0,1410845.8,1584.0,32914.743523548044,3128.0,5.779661016949152,8.101694915254237,0.6779661016949152,3.7457627118644066,0.014688113776655444,0.24884338715935886,3.0,0.0,0.0,,,,,,
starlink,void_b4,1,topological_scheme_asc_event,552.0,0.9742149758454106,0.9457323498419389,1.0,0.0,1.4456175772288047,1.6923433604927256,1.4424128076655574,1.6900042409810279,1.0023801861254042,84.98803780333134,22.125794968667552,67.97867631261141,1.0015352679414986,40.0,16.0,0.0195814072932717,4422.32018361489,14.233333333333333,6.833333333333333,0.0,15.25,15.25,15.25,15.25,350.75,350.75,24.0,0.0,24.0,0.2833333333333333,0.26666666666666666,582.0,,32.0,296.0,11.4,60.0,0.25,53.5,3.0,24018.533333333333,26.4,733.8816081484159,3128.0,0.0,0.0,0.0,0.0,0.015309343434343434,0.27147766323024053,2.0,854.0,0.0,1.0,0.0,0.0,0.0,0.0,
starlink,void_b4,2,topological_scheme_asc,552.0,1.0,0.955042270531401,1.0,0.0,1.45052407199607,1.7000436724887265,1.4482025732341852,1.698558840553371,1.0015717243964442,85.21437640332363,22.4179455093013,67.78730306319805,1.0008855804574353,40.0,16.0,0.01975261085430577,37001.19465390841,0.0,3.75,0.0,15.383333333333333,15.383333333333333,15.383333333333333,15.383333333333333,353.81666666666666,353.81666666666666,24.0,0.0,24.0,0.2833333333333333,0.26666666666666666,568.4666666666667,,31.5,296.0,5.916666666666667,60.0,7.416666666666667,53.13333333333333,3.0,1420093.7833333334,1584.0,33368.65419050058,3128.0,8.101694915254237,5.762711864406779,0.6440677966101694,3.76271186440678,0.014953352974186308,0.26287088073179316,3.0,0.0,0.0,,,,,,
starlink,void_b4,2,topological_scheme_asc_event,552.0,0.9879528985507247,0.9547079856972587,1.0,0.0,1.4463187740623324,1.6947202254245521,1.4455541380181318,1.694219886960624,1.0005570140442572,84.61681882831745,22.03592977589933,67.18824409451226,1.000326680181656,40.0,16.0,0.01975261085430577,4348.481457183759,6.65,3.75,0.0,15.383333333333333,15.383333333333333,15.383333333333333,15.383333333333333,353.81666666666666,353.81666666666666,24.0,0.0,24.0,0.2833333333333333,0.26666666666666666,448.0,,26.0,296.0,4.416666666666667,60.0,0.21666666666666667,44.0,3.0,23915.55,26.4,731.2235934038957,3128.0,0.0,0.0,0.0,0.0,0.011784511784511785,0.044642857142857144,2.0,399.0,0.0,1.0,0.0,0.0,0.0,0.0,
starlink,void_b4,3,topological_scheme_asc,552.0,1.0,0.9551932367149758,1.0,0.0,1.4479519516860835,1.6969962908225327,1.446619132340409,1.696155998043209,1.0009482862377295,85.04719792592431,22.260011628926993,67.49589080953633,1.0005484551669874,40.0,16.0,0.01970980996404725,36768.1171345214,0.0,2.816666666666667,0.0,15.35,15.35,15.35,15.35,353.05,353.05,24.0,0.0,24.0,0.2833333333333333,0.26666666666666666,593.6166666666667,,33.75,296.0,3.45,60.0,5.933333333333334,56.016666666666666,3.0,1415964.9833333334,1584.0,33140.719102323055,3128.0,7.932203389830509,6.135593220338983,0.711864406779661,3.864406779661017,0.01561491652637486,0.29999719235196676,4.0,0.0,0.0,,,,,,
starlink,void_b4,3,topological_scheme_asc_event,552.0,0.9997886473429952,0.955183764684565,1.0,0.0,1.4478996576472267,1.6969571019525513,1.446577937108456,1.6961277554870466,1.0009405418729898,85.03377198611129,22.252912671634537,67.49836804408342,1.0005414010935827,40.0,16.0,0.01970980996404725,4390.012829005718,0.11666666666666667,2.816666666666667,0.0,15.35,15.35,15.35,15.35,353.05,353.05,24.0,0.0,24.0,0.2833333333333333,0.26666666666666666,586.0,,32.0,296.0,3.433333333333333,60.0,0.45,54.483333333333334,3.0,23781.816666666666,26.4,727.405671030283,3128.0,0.0,0.0,0.0,0.0,0.015414562289562289,0.2764505119453925,3.0,7.0,0.0,1.0,0.0,0.0,0.0,0.0,
starlink,void_b4,4,topological_scheme_asc,552.0,1.0,0.9535326086956522,1.0,0.0,1.4457403775976339,1.6949103078818113,1.444933906145754,1.6943825250386397,1.000633586960743,84.96016976371006,22.133465511431492,67.26445270268583,1.0003837751438203,40.0,16.0,0.01970980996404725,36931.9136766096,0.0,3.3666666666666667,0.0,15.35,15.35,15.35,15.35,353.05,353.05,24.0,0.0,24.0,0.3,0.26666666666666666,574.2333333333333,,36.333333333333336,296.0,2.966666666666667,60.0,5.966666666666667,58.46666666666667,3.0,1430643.7166666666,1584.0,33337.35076114535,3128.0,5.593220338983051,7.762711864406779,0.4406779661016949,3.2203389830508473,0.015105043490460157,0.2764265397341383,3.0,0.0,0.0,,,,,,
starlink,void_b4,4,topological_scheme_asc_event,552.0,0.9997282608695652,0.9535199782549606,1.0,0.0,1.445654197425038,1.6947772214168142,1.444851307615303,1.6942492951154087,1.000631835962797,84.94628462022675,22.12358490921905,67.25931037280887,1.0003838794588906,40.0,16.0,0.01970980996404725,4343.765033284823,0.15,3.3666666666666667,0.0,15.35,15.35,15.35,15.35,353.05,353.05,24.0,0.0,24.0,0.3,0.26666666666666666,586.0,,32.0,296.0,3.066666666666667,59.0,0.05,55.03333333333333,3.0,23780.033333333333,26.4,722.7660323182741,3128.0,0.0,0.0,0.0,0.0,0.015414562289562289,0.2832764505119454,2.0,9.0,0.0,1.0,0.0,0.0,0.0,0.0,
starlink,void_b4,5,topological_scheme_asc,552.0,1.0,0.9534420289855072,1.0,0.0,1.4678623616568283,1.7113425274558614,1.4593387933718431,1.7058720906943845,1.0050660937191311,85.98341852071108,23.0702661399665,69.1471439854434,1.003092572110746,40.0,16.0,0.019645608628659477,37220.70570041736,0.0,7.433333333333334,0.0,15.3,15.3,15.3,15.3,351.9,351.9,24.0,0.0,24.0,0.31666666666666665,0.26666666666666666,600.4,,34.46666666666667,296.0,11.466666666666667,60.0,13.983333333333333,56.733333333333334,3.0,1427583.3833333333,1584.0,33578.37322379152,3128.0,5.796610169491525,5.864406779661017,0.6779661016949152,3.694915254237288,0.01579335016835017,0.31140350877192985,4.0,0.0,0.0,,,,,,
starlink,void_b4,5,topological_scheme_asc_event,552.0,0.9999698067632851,0.9534406232072224,1.0,0.0,1.4678069695366964,1.7113196858917847,1.4593098133981983,1.7058430803204006,1.0050517562486876,85.97970838160253,23.066433012548696,69.14477657981608,1.0030942954018696,40.0,16.0,0.019645608628659477,4445.592784881592,0.016666666666666666,7.433333333333334,0.0,15.3,15.3,15.3,15.3,351.9,351.9,24.0,0.0,24.0,0.31666666666666665,0.26666666666666666,690.0,,44.0,296.0,14.25,58.0,0.016666666666666666,67.3,3.0,24219.116666666665,26.4,740.701974183321,3128.0,0.0,0.0,0.0,0.0,0.018150252525252524,0.43478260869565216,4.0,1.0,0.0,1.0,0.0,0.0,0.0,0.0,
starlink,void_b8,1,topological_scheme_asc,552.0,1.0,0.9467693236714976,1.0,0.0,1.464886477335357,1.7105084713985026,1.4570707062855641,1.7058422493143375,1.0054787420810967,86.80430579121173,23.449915135599536,72.97170001887511,1.0029922222601457,144.0,64.0,0.019538606403013182,35864.47249030074,0.0,8.033333333333333,0.0,15.216666666666667,15.216666666666667,15.216666666666667,15.216666666666667,349.98333333333335,349.98333333333335,24.0,0.0,24.0,0.2833333333333333,1.0666666666666667,1391.4833333333333,,104.68333333333334,464.0,21.2,97.0,24.3,163.65,5.0,1383574.3333333333,1584.0,32221.701907614868,3024.0,15.491525423728813,11.898305084745763,1.3220338983050848,12.932203389830509,0.036602570847362514,0.4743978248631556,8.0,0.0,0.0,,,,,,
starlink,void_b8,1,topological_scheme_asc_event,552.0,0.990096618357488,0.9475176872407904,1.0,0.0,1.460231802488518,1.7058937488327788,1.4545329570472643,1.702516494160279,1.0039219064782554,86.09483395010396,23.013778680998847,71.25248092055307,1.0020991105436228,144.0,64.0,0.019538606403013182,4418.067952742179,5.466666666666667,8.033333333333333,0.0,15.216666666666667,15.216666666666667,15.216666666666667,15.216666666666667,349.98333333333335,349.98333333333335,24.0,0.0,24.0,0.2833333333333333,1.0666666666666667,1340.0,,96.0,464.0,23.016666666666666,95.0,0.0,154.53333333333333,5.0,23352.4,26.4,714.1380459070206,3024.0,0.0,0.0,0.0,0.0,0.0352483164983165,0.3716417910447761,5.0,328.0,0.0,1.0,0.0,0.0,0.0,0.0,
starlink,void_b8,2,topological_scheme_asc,552.0,1.0,0.9397946859903382,1.0,0.0,1.4694030423078694,1.710792549924512,1.4587256878141468,1.7036885329035139,1.0075939752958043,87.85789430971376,23.78839328718991,74.63890406657923,1.0044485028731636,144.0,64.0,0.019367402841979114,36150.53207675616,0.0,10.2,0.0,15.083333333333334,15.083333333333334,15.083333333333334,15.083333333333334,346.9166666666667,346.9166666666667,24.0,0.0,24.0,0.48333333333333334,1.0666666666666667,1405.3833333333334,,105.55,464.0,28.2,97.0,30.433333333333334,165.0,5.0,1373621.7833333334,1584.0,32468.218760937452,3024.0,14.203389830508474,11.728813559322035,1.2542372881355932,11.966101694915254,0.03696820636924804,0.49137246065723467,8.0,0.0,0.0,,,,,,
starlink,void_b8,2,topological_scheme_asc_event,552.0,0.9893115942028986,0.9411585179759506,1.0,0.0,1.4649637149700212,1.7057495552976285,1.4553977884653186,1.6992370454542014,1.00674287538031,87.31516942456607,23.49200073629612,73.69555487698916,1.0039845291393181,144.0,64.0,0.019367402841979114,4535.244709750016,5.9,10.2,0.0,15.083333333333334,15.083333333333334,15.083333333333334,15.083333333333334,346.9166666666667,346.9166666666667,24.0,0.0,24.0,0.48333333333333334,1.0666666666666667,1408.0,,114.0,464.0,29.783333333333335,93.0,0.0,173.81666666666666,5.0,22991.583333333332,26.4,715.7050299147764,3024.0,0.0,0.0,0.0,0.0,0.037037037037037035,0.4928977272727273,7.0,354.0,0.0,1.0,0.0,0.0,0.0,0.0,
starlink,void_b8,3,topological_scheme_asc,552.0,1.0,0.9428442028985508,1.0,0.0,1.464281335427538,1.7030026743449354,1.455227387452978,1.697214229151917,1.0057386167212514,87.4166364963037,23.270537712104375,74.74507312782698,1.003129534644225,144.0,64.0,0.019346002396849856,35660.711554437876,0.0,9.0,0.0,15.066666666666666,15.066666666666666,15.066666666666666,15.066666666666666,346.53333333333336,346.53333333333336,24.0,0.0,24.0,0.4,1.0666666666666667,1368.0666666666666,,103.66666666666667,464.0,24.4,97.0,25.75,161.98333333333332,5.0,1362685.1666666667,1584.0,32015.744393070538,3024.0,16.983050847457626,12.0,1.423728813559322,12.847457627118644,0.035986602132435465,0.4519516592758637,7.0,0.0,0.0,,,,,,
starlink,void_b8,3,topological_scheme_asc_event,552.0,0.9706219806763285,0.9422652191495319,1.0,0.0,1.450799602736952,1.6887818260424312,1.4473357907341562,1.6867387363788695,1.0021071337448784,85.66712982055436,22.196436877897433,70.22013619669234,1.0010361422629976,144.0,64.0,0.019346002396849856,4447.7854984502,16.216666666666665,9.0,0.0,15.066666666666666,15.066666666666666,15.066666666666666,15.066666666666666,346.53333333333336,346.53333333333336,24.0,0.0,24.0,0.4,1.0666666666666667,1144.0,,88.0,464.0,21.316666666666666,97.0,0.0,141.38333333333333,5.0,22708.566666666666,26.4,700.9144668777784,3024.0,0.0,0.0,0.0,0.0,0.03009259259259259,0.19230769230769232,5.0,973.0,0.0,1.0,0.0,0.0,0.0,0.0,
starlink,void_b8,4,topological_scheme_asc,552.0,1.0,0.9480374396135266,1.0,0.0,1.4595524954305512,1.6862404322157445,1.4466096194635958,1.678539433252708,1.0091873429524174,88.49514049228765,23.476018889080272,74.35170239978646,1.0053337165512057,144.0,64.0,0.01960280773840096,35657.51809775829,0.0,7.3,0.0,15.266666666666667,15.266666666666667,15.266666666666667,15.266666666666667,351.1333333333333,351.1333333333333,24.0,0.0,24.0,0.2833333333333333,1.0666666666666667,1385.9166666666667,,102.95,464.0,22.3,97.0,23.816666666666666,161.98333333333332,5.0,1351208.3666666667,1584.0,31961.019080132246,3024.0,16.16949152542373,12.169491525423728,1.3220338983050848,13.661016949152541,0.03645614127384961,0.474920329505141,8.0,0.0,0.0,,,,,,
starlink,void_b8,4,topological_scheme_asc_event,552.0,0.9510869565217391,0.9471428571428572,1.0,0.0,1.439734408746623,1.6695761678535233,1.4347434674275292,1.666608490409727,1.003318409600135,85.98011568431183,21.962989330941433,69.82583093533268,1.0018843514459939,144.0,64.0,0.01960280773840096,4492.361542334159,27.0,7.3,0.0,15.266666666666667,15.266666666666667,15.266666666666667,15.266666666666667,351.1333333333333,351.1333333333333,24.0,0.0,24.0,0.2833333333333333,1.0666666666666667,1334.0,,94.0,464.0,18.333333333333332,95.0,1.15,155.5,5.0,22311.683333333334,26.4,699.8788384099802,3024.0,0.0,0.0,0.0,0.0,0.035090488215488214,0.36881559220389803,6.0,1620.0,0.0,1.0,0.0,0.0,0.0,0.0,
starlink,void_b8,5,topological_scheme_asc,552.0,1.0,0.9513586956521739,1.0,0.0,1.4731703399365828,1.716789988929456,1.4654817095436379,1.7115125793803478,1.0052412905373074,87.91554944093666,23.626508878132935,72.83803258606218,1.0029643790653233,144.0,64.0,0.01956000684814244,35890.46704073747,0.0,6.383333333333334,0.0,15.233333333333333,15.233333333333333,15.233333333333333,15.233333333333333,350.3666666666667,350.3666666666667,24.0,0.0,24.0,0.2833333333333333,1.0666666666666667,1325.7833333333333,,100.53333333333333,464.0,15.0,97.0,16.283333333333335,157.66666666666666,5.0,1382364.5833333333,1584.0,32248.965858916443,3024.0,11.711864406779661,11.711864406779661,1.423728813559322,11.728813559322035,0.034874351150392814,0.40948118722264826,8.0,0.0,0.0,,,,,,
starlink,void_b8,5,topological_scheme_asc_event,552.0,0.9857487922705314,0.9513293310463122,1.0,0.0,1.4690607608203181,1.7118928022031454,1.4653607850591641,1.7096729325948008,1.002355801780426,87.29793436140118,23.176843690664562,71.49695026172115,1.0012007986851112,144.0,64.0,0.01956000684814244,4595.408442864816,7.866666666666666,6.383333333333334,0.0,15.233333333333333,15.233333333333333,15.233333333333333,15.233333333333333,350.3666666666667,350.3666666666667,24.0,0.0,24.0,0.2833333333333333,1.0666666666666667,1143.0,,89.0,464.0,13.65,96.0,0.0,141.83333333333334,5.0,23338.116666666665,26.4,754.4784339765707,3024.0,0.0,0.0,0.0,0.0,0.03006628787878788,0.21872265966754156,6.0,472.0,0.0,1.0,0.0,0.0,0.0,0.0,
telesat,cut,1,topological_scheme_asc,552.0,0.5163647342995169,0.6832534206525552,1.0,0.0,1.2131724367851913,1.234337044713755,1.2131676568306078,1.234337044713755,1.000003619259729,53.77675303259692,7.167270029442602,19.40328245524506,1.0,26.0,0.0,0.03476749239461104,1324.1126778225105,0.0,49.483333333333334,0.0,6.0,6.0,6.0,6.0,138.0,138.0,24.0,0.0,24.0,3.75,0.43333333333333335,0.0,,0.0,0.0,0.0,0.0,0.0,0.0,0.0,49281.816666666666,351.0,982.4991094569365,676.0,0.0,0.0,0.0,0.0,0.0,,0.0,0.0,0.0,0.0,1.0,0.0,0.0,0.0,
telesat,cut,1,topological_scheme_asc_event,552.0,0.5163647342995169,0.6832534206525552,1.0,0.0,1.2131724367851913,1.234337044713755,1.2131676568306078,1.234337044713755,1.000003619259729,53.77675303259692,7.167270029442602,19.40328245524506,1.0,26.0,0.0,0.03476749239461104,386.65951763590175,0.0,49.483333333333334,0.0,6.0,6.0,6.0,6.0,138.0,138.0,24.0,0.0,24.0,3.75,0.43333333333333335,0.0,,0.0,0.0,0.0,0.0,0.0,0.0,0.0,814.4833333333333,5.85,42.77526065707207,676.0,0.0,0.0,0.0,0.0,0.0,,0.0,0.0,0.0,0.0,1.0,0.0,0.0,0.0,
telesat,isl_p0.01,1,topological_scheme_asc_event,552.0,0.99993961352657,0.7830484932665016,1.0,0.0,1.266237622719025,1.3775204949347408,1.2590938350685708,1.3714385884361426,1.005473041655054,70.86515484260912,13.600650511759927,47.416504256354365,1.0043777262660143,9.2,0.0,0.03476749239461104,1992.1559363603592,0.0,9.6,0.0,6.0,6.0,6.0,6.0,138.0,138.0,24.0,0.0,24.0,3.75,1.8666666666666667,227.18333333333334,,25.883333333333333,147.98333333333332,4.95,30.0,8.2,35.93333333333333,6.0,77122.85,298.35,1540.314868092537,692.8,30.983050847457626,29.0,7.0,12.745762711864407,0.02696858182969294,0.16315750862005723,2.0,2.0,0.0,0.0,1.0,0.0,0.0,0.0,
telesat,isl_p0.01,2,topological_scheme_asc_event,552.0,1.0,0.7815821256038648,1.0,0.0,1.265120585625683,1.3760927358504351,1.2584695583758527,1.369495677011528,1.0049724954444796,70.73567103918595,13.516094308032338,47.261093182468535,1.004598364992653,6.533333333333333,0.0,0.03476749239461104,1754.0811650454998,0.0,8.0,0.0,6.0,6.0,6.0,6.0,138.0,138.0,24.0,0.0,24.0,3.75,1.7333333333333334,149.8,,19.05,105.36666666666666,3.933333333333333,25.0,6.6,26.35,5.0,64678.183333333334,257.4,1311.5113069613774,695.4666666666667,23.135593220338983,25.11864406779661,4.372881355932203,9.169491525423728,0.01778252611585945,0.18791722296395194,2.0,0.0,0.0,,,,,,
telesat,isl_p0.01,3,topological_scheme_asc_event,552.0,1.0,0.7824275362318841,1.0,0.0,1.2612369623821829,1.373015914322527,1.2578895412804212,1.3697900011622839,1.002362285193321,70.39052264610821,13.24299664589094,46.98015094565751,1.0021954880049777,7.416666666666667,0.0,0.03476749239461104,1679.6156202753384,0.0,9.066666666666666,0.0,6.0,6.0,6.0,6.0,138.0,138.0,24.0,0.0,24.0,3.75,1.5333333333333334,168.9,,20.416666666666668,122.48333333333333,3.6333333333333333,95.0,6.033333333333333,27.833333333333332,7.0,59942.03333333333,239.85,1231.4589555064838,694.5833333333334,21.23728813559322,23.372881355932204,5.813559322033898,8.322033898305085,0.02004985754985755,0.1464377343595816,2.0,0.0,0.0,,,,,,
telesat,isl_p0.01,4,topological_scheme_asc_event,552.0,1.0,0.782608695652174,1.0,0.0,1.2651711886284969,1.3763672246801775,1.2591417565095935,1.3707418451281679,1.0047852522527136,70.73411285736994,13.520208930731565,47.43060574941146,1.0041105831824078,6.016666666666667,0.0,0.03476749239461104,1843.4672216574352,0.0,9.583333333333334,0.0,6.0,6.0,6.0,6.0,138.0,138.0,24.0,0.0,24.0,3.75,1.4833333333333334,151.46666666666667,,16.433333333333334,114.38333333333334,3.8833333333333333,103.0,6.9,23.466666666666665,8.0,68973.21666666666,274.95,1399.9411376814048,695.9833333333333,25.084745762711865,24.83050847457627,2.8135593220338984,7.9491525423728815,0.01798037353592909,0.12577024647887325,2.0,0.0,0.0,,,,,,
telesat,isl_p0.01,5,topological_scheme_asc_event,552.0,0.9997584541062802,0.7820125634211162,1.0,0.0,1.2673330971167256,1.3774892925555828,1.2602599313725398,1.371287700900077,1.005068113603346,70.80138715563477,13.618040164217062,47.69721773490623,1.0041552711832193,6.466666666666667,0.0,0.03476749239461104,1856.2579090396564,0.1,7.733333333333333,0.0,6.0,6.0,6.0,6.0,138.0,138.0,24.0,0.0,24.0,3.75,1.5,140.78333333333333,,18.733333333333334,103.38333333333334,4.216666666666667,96.0,6.7,24.8,5.0,70085.88333333333,280.8,1412.8762649993103,695.5333333333333,23.694915254237287,22.88135593220339,2.5084745762711864,9.084745762711865,0.016712171573282683,0.17722268260921037,2.0,8.0,0.0,0.75,0.25,0.0,0.0,0.0,
telesat,polar_lat60,1,topological_scheme_asc,552.0,1.0,0.7698369565217391,1.0,0.0,1.2558018222472869,1.3692237341965603,1.2549467862055004,1.368654349877176,1.0005648449128948,70.91789109867258,12.930589905048341,46.6560413909537,1.0003164109924285,137.61666666666667,0.0,0.03476749239461104,3040.4389093319573,0.0,201.01666666666668,0.0,6.0,6.0,6.0,6.0,138.0,138.0,24.0,0.0,24.0,3.75,15.283333333333333,9479.866666666667,,246.6,350.6333333333333,27.516666666666666,74.0,198.76666666666668,423.15,25.0,110408.51666666666,351.0,2168.7697403132915,564.3833333333333,1513.8983050847457,1473.2203389830509,522.2542372881356,176.54237288135593,1.1253402975625197,0.37566632442087794,1.0,0.0,0.0,,,,,,
telesat,polar_lat60,1,topological_scheme_asc_event,552.0,0.9997886473429952,0.7697883006674116,1.0,0.0,1.255752038997929,1.3691432391082077,1.2548968222038004,1.3685737344224946,1.0005649643196048,70.91110870221446,12.926152099711272,46.65766147717301,1.0003164778808695,137.61666666666667,0.0,0.03476749239461104,1877.1998313566048,0.0,201.01666666666668,0.0,6.0,6.0,6.0,6.0,138.0,138.0,24.0,0.0,24.0,3.75,15.283333333333333,9494.0,,246.6,350.51666666666665,27.45,74.0,90.01666666666667,456.4166666666667,25.0,44432.666666666664,140.4,907.88600842158,564.3833333333333,1276.050847457627,1235.3728813559321,448.22033898305085,93.84745762711864,1.1270180436847104,0.37635524190716946,1.0,7.0,0.0,0.0,1.0,0.0,0.0,0.0,
telesat,polar_lat75,1,topological_scheme_asc,552.0,1.0,0.778804347826087,1.0,0.0,1.2523723939716036,1.3693558753545165,1.252366529756203,1.3693558753545165,1.000004063647476,70.04612588767208,12.739953182029748,46.158233975218735,1.0,72.81666666666666,0.0,0.03476749239461104,2774.6491119265556,0.0,53.983333333333334,0.0,6.0,6.0,6.0,6.0,138.0,138.0,24.0,0.0,24.0,3.75,14.383333333333333,4297.333333333333,,152.26666666666668,249.26666666666668,0.3333333333333333,46.0,45.43333333333333,252.3,25.0,102161.85,351.0,2033.1044693787892,629.1833333333333,1080.322033898305,1114.3559322033898,511.6779661016949,118.47457627118644,0.5101297879075657,0.4399821594787465,1.0,0.0,0.0,,,,,,
telesat,polar_lat75,1,topological_scheme_asc_event,552.0,1.0,0.778804347826087,1.0,0.0,1.2523723939716036,1.3693558753545165,1.252366529756203,1.3693558753545165,1.000004063647476,70.04612588767208,12.739953182029748,46.158233975218735,1.0,72.81666666666666,0.0,0.03476749239461104,1855.993836869796,0.0,53.983333333333334,0.0,6.0,6.0,6.0,6.0,138.0,138.0,24.0,0.0,24.0,3.75,14.383333333333333,4305.533333333334,,148.8,251.33333333333334,0.3333333333333333,46.0,17.116666666666667,274.53333333333336,25.0,52286.683333333334,181.35,1063.8562264541786,629.1833333333333,1005.8813559322034,1039.915254237288,511.6779661016949,80.49152542372882,0.5111031972143083,0.43914420203459115,1.0,0.0,0.0,,,,,,
telesat,sat_p0.005,1,topological_scheme_asc_event,552.0,0.9883756038647343,0.7765388727661524,1.0,0.0,1.257894037649511,1.3692454753467438,1.2558354265189497,1.3671403548507568,1.0016018283758252,70.15650660020144,13.084340807645296,46.43123734231713,1.0015033414933907,7.866666666666666,1.9666666666666666,0.03447776329132261,675.0928024450938,6.4,4.85,0.0,5.95,5.95,5.95,5.95,136.85,136.85,24.0,0.0,24.0,3.7333333333333334,0.13333333333333333,79.31666666666666,,10.733333333333333,65.6,3.216666666666667,23.0,0.38333333333333336,16.05,4.0,8406.633333333333,35.1,240.40553172429404,694.1333333333333,1.5423728813559323,2.8983050847457625,0.7796610169491526,0.8135593220338984,0.009415558721114277,0.14729985291027528,1.0,385.0,0.0,0.9974025974025974,0.0025974025974025974,0.0,0.0,0.0,
telesat,sat_p0.005,2,topological_scheme_asc_event,552.0,1.0,0.7819142512077295,1.0,0.0,1.2588097057894947,1.3709662444875308,1.2575676537016862,1.3699334266612342,1.000924292199117,70.22410472664998,13.12789770990856,46.53944736074043,1.00071105462563,4.066666666666666,1.0166666666666666,0.034670916026848235,653.9293659230074,0.0,1.7833333333333334,0.0,5.983333333333333,5.983333333333333,5.983333333333333,5.983333333333333,137.61666666666667,137.61666666666667,24.0,0.0,24.0,3.7666666666666666,0.08333333333333333,47.18333333333333,,6.683333333333334,32.9,0.9166666666666666,24.0,0.18333333333333332,8.883333333333333,4.0,8650.983333333334,35.1,237.15374618768692,697.9333333333333,4.576271186440678,2.2203389830508473,0.7288135593220338,1.11864406779661,0.005601060462171573,0.28859060402684567,2.0,0.0,0.0,,,,,,
telesat,sat_p0.005,3,topological_scheme_asc_event,552.0,0.9998490338164251,0.7825758719613468,1.0,0.0,1.262394406505606,1.3733765302759713,1.2580032471595235,1.3697442091855496,1.0035217857586893,70.61569444159427,13.407436726685312,47.04618251092515,1.0027072145967972,5.066666666666666,1.2666666666666666,0.03476749239461104,613.0479181806246,0.0,3.5,0.0,6.0,6.0,6.0,6.0,138.0,138.0,24.0,0.0,24.0,3.75,0.06666666666666667,63.766666666666666,,7.833333333333333,43.833333333333336,3.816666666666667,21.0,0.21666666666666667,11.383333333333333,4.0,5733.85,23.4,183.2136037449042,696.9333333333333,2.1864406779661016,1.6101694915254237,0.6949152542372882,0.5932203389830508,0.007569642291864514,0.31155253528489285,1.0,5.0,0.0,0.0,1.0,0.0,0.0,0.0,
telesat,sat_p0.005,4,topological_scheme_asc_event,552.0,1.0,0.7817934782608695,1.0,0.0,1.2564650475378214,1.36858865914346,1.2564591728150094,1.36858865914346,1.000004063647476,70.03857626588757,12.969826400391437,46.19599720379659,1.0,4.133333333333334,1.0333333333333334,0.03476749239461104,632.6618477702141,0.0,0.8833333333333333,0.0,6.0,6.0,6.0,6.0,138.0,138.0,24.0,0.0,24.0,3.75,0.1,47.45,,5.55,41.1,0.0,24.0,0.13333333333333333,9.25,3.0,7058.683333333333,29.25,207.20160380005836,697.8666666666667,1.271186440677966,2.9491525423728815,0.423728813559322,0.6610169491525424,0.005632716049382716,0.10818405338953284,1.0,0.0,0.0,,,,,,
telesat,sat_p0.005,5,topological_scheme_asc_event,552.0,0.99993961352657,0.7768585059484269,1.0,0.0,1.2733086076025535,1.3833854657296585,1.2629104462350378,1.3736456044173906,1.0079997417368471,71.48193837917006,14.035608235158634,47.9969694318745,1.0069863690944547,12.0,3.0,0.034381186923559806,697.9830687244734,0.0,11.4,0.0,5.933333333333334,5.933333333333334,5.933333333333334,5.933333333333334,136.46666666666667,136.46666666666667,24.0,0.0,24.0,3.75,0.15,120.46666666666667,,17.0,92.78333333333333,6.4,22.0,1.25,22.466666666666665,4.0,10185.416666666666,40.95,262.54079788923264,690.0,5.0,4.3559322033898304,1.847457627118644,1.7966101694915255,0.014300411522633744,0.1823464305478694,2.0,2.0,0.0,0.0,1.0,0.0,0.0,0.0,
telesat,void_b2,1,topological_scheme_asc,552.0,1.0,0.7810386473429952,1.0,0.0,1.257269354969285,1.3682164961648662,1.256037736343343,1.367201667930835,1.0009438236746522,70.1899258719792,13.040037179042384,46.579818643042024,1.000683614358353,12.0,4.0,0.03476749239461104,2147.7290915946164,0.0,2.0,0.0,6.0,6.0,6.0,6.0,138.0,138.0,24.0,0.0,24.0,3.75,0.06666666666666667,80.86666666666666,,12.733333333333333,57.25,1.3833333333333333,16.0,2.75,17.283333333333335,4.0,84632.41666666667,351.0,1719.606573631366,690.0,3.0,3.610169491525424,0.576271186440678,3.4915254237288136,0.009599556821779045,0.2920445177246496,1.0,0.0,0.0,,,,,,
telesat,void_b2,1,topological_scheme_asc_event,552.0,0.9996376811594203,0.7809592847650115,1.0,0.0,1.2570536178236815,1.3679722329708743,1.2559271274557142,1.36701633059462,1.0008808014453383,70.16469130593649,13.022322109789252,46.534400513453534,1.000653176760182,12.0,4.0,0.03476749239461104,531.7088559269905,0.0,2.0,0.0,6.0,6.0,6.0,6.0,138.0,138.0,24.0,0.0,24.0,3.75,0.06666666666666667,94.0,,14.0,63.0,1.35,16.0,0.016666666666666666,22.0,4.0,1414.0166666666667,5.85,96.4547057946523,690.0,0.0,0.0,0.0,0.0,0.011158594491927826,0.32978723404255317,1.0,12.0,0.0,0.0,1.0,0.0,0.0,0.0,
telesat,void_b2,2,topological_scheme_asc,552.0,1.0,0.7751207729468599,1.0,0.0,1.2656285316325004,1.375032286381524,1.2587959123866668,1.3701218509366686,1.0053225313554557,71.40546298719734,13.708986985691997,47.860993863304216,1.0033871577684847,12.0,4.0,0.03457433965908542,2120.5675753454366,0.0,6.833333333333333,0.0,5.966666666666667,5.966666666666667,5.966666666666667,5.966666666666667,137.23333333333332,137.23333333333332,24.0,0.0,24.0,3.7333333333333334,0.06666666666666667,82.8,,12.866666666666667,57.3,6.233333333333333,16.0,7.966666666666667,17.433333333333334,4.0,83955.13333333333,351.0,1693.2806072135766,690.0,3.0677966101694913,2.9491525423728815,0.559322033898305,3.3559322033898304,0.009829059829059829,0.3079710144927536,1.0,0.0,0.0,,,,,,
telesat,void_b2,2,topological_scheme_asc_event,552.0,0.9997584541062802,0.7750664411693646,1.0,0.0,1.2652880494339913,1.3745357351251517,1.2587672433820405,1.3701060754315393,1.0051439913406848,71.37609017592614,13.68320036270289,47.80150936166111,1.003165150972992,12.0,4.0,0.03457433965908542,532.7793943385283,0.13333333333333333,6.833333333333333,0.0,5.966666666666667,5.966666666666667,5.966666666666667,5.966666666666667,137.23333333333332,137.23333333333332,24.0,0.0,24.0,3.7333333333333334,0.06666666666666667,94.0,,16.0,54.0,8.933333333333334,10.0,0.0,20.05,3.0,1443.2,5.85,96.66182324290276,690.0,0.0,0.0,0.0,0.0,0.011158594491927826,0.425531914893617,1.0,8.0,0.0,1.0,0.0,0.0,0.0,0.0,
telesat,void_b2,3,topological_scheme_asc,552.0,1.0,0.7792270531400967,1.0,0.0,1.2554217250084247,1.3662200880758397,1.254694497508941,1.365474454549409,1.0005236493029221,70.14635395321238,12.947857430620553,46.44342224762917,1.0004228066363081,12.0,4.0,0.03457433965908542,2119.95250855883,0.0,3.1166666666666667,0.0,5.966666666666667,5.966666666666667,5.966666666666667,5.966666666666667,137.23333333333332,137.23333333333332,24.0,0.0,24.0,3.75,0.06666666666666667,85.61666666666666,,13.033333333333333,61.45,1.0166666666666666,23.0,3.25,20.016666666666666,6.0,83718.91666666667,351.0,1694.9816428124905,690.0,3.3389830508474576,3.9322033898305087,0.6101694915254238,3.457627118644068,0.010163421968977524,0.2832392446953475,2.0,0.0,0.0,,,,,,
telesat,void_b2,3,topological_scheme_asc_event,552.0,0.9998188405797102,0.779187050794226,1.0,0.0,1.2552765282626344,1.365954342418602,1.2545705952597896,1.3652638542009352,1.0005129680582974,70.136625686487,12.938954667009154,46.36817462958304,1.0004070708668062,12.0,4.0,0.03457433965908542,534.1758047540983,0.1,3.1166666666666667,0.0,5.966666666666667,5.966666666666667,5.966666666666667,5.966666666666667,137.23333333333332,137.23333333333332,24.0,0.0,24.0,3.75,0.06666666666666667,92.0,,13.0,65.0,1.2,20.0,0.016666666666666666,19.1,4.0,1415.4166666666667,5.85,98.03091908494632,690.0,0.0,0.0,0.0,0.0,0.010921177587844255,0.29347826086956524,1.0,6.0,0.0,1.0,0.0,0.0,0.0,0.0,
telesat,void_b2,4,topological_scheme_asc,552.0,1.0,0.7715579710144927,1.0,0.0,1.2614090240378828,1.372641517370798,1.258153218770773,1.3700510667753658,1.002286599443776,70.86780885498229,13.383795079342036,47.992665629372894,1.0015579495651958,12.0,4.0,0.034284610555797,2121.7819057404995,0.0,6.866666666666666,0.0,5.916666666666667,5.916666666666667,5.916666666666667,5.916666666666667,136.08333333333334,136.08333333333334,24.0,0.0,24.0,3.783333333333333,0.06666666666666667,86.71666666666667,,13.333333333333334,61.43333333333333,4.8,23.0,7.4,19.8,6.0,83356.38333333333,351.0,1696.0331787665684,690.0,3.694915254237288,3.406779661016949,0.6779661016949152,3.2542372881355934,0.010294001266223488,0.30040361330001925,2.0,0.0,0.0,,,,,,
telesat,void_b2,4,topological_scheme_asc_event,552.0,0.995048309178744,0.7713011287777642,1.0,0.0,1.2592196107045701,1.3692797820356921,1.2565902061031828,1.3673962353454332,1.0018768934432083,70.67105899279301,13.233332603767167,47.454380597878924,1.0011953746707931,12.0,4.0,0.034284610555797,534.8524873455366,1.7833333333333334,6.866666666666666,0.0,5.916666666666667,5.916666666666667,5.916666666666667,5.916666666666667,136.08333333333334,136.08333333333334,24.0,0.0,24.0,3.783333333333333,0.06666666666666667,78.0,,13.0,53.0,5.3,10.0,0.016666666666666666,17.316666666666666,3.0,1413.2333333333333,5.85,98.50380619366963,690.0,0.0,0.0,0.0,0.0,0.009259259259259259,0.32051282051282054,1.0,164.0,0.0,0.6524390243902439,0.3475609756097561,0.0,0.0,0.0,
telesat,void_b2,5,topological_scheme_asc,552.0,1.0,0.7817632850241546,1.0,0.0,1.2551542755467107,1.3668966375646623,1.2549771699921577,1.3667599053355388,1.0001243956981019,70.0560338130987,12.903622153781335,45.85358217519673,1.0000771775270925,12.0,4.0,0.03476749239461104,2122.7613603075347,0.0,0.9166666666666666,0.0,6.0,6.0,6.0,6.0,138.0,138.0,24.0,0.0,24.0,3.75,0.06666666666666667,85.55,,12.766666666666667,60.31666666666667,0.16666666666666666,20.0,0.9833333333333333,17.75,4.0,83671.21666666666,351.0,1695.7935653626919,690.0,3.3728813559322033,3.4745762711864407,0.5084745762711864,3.389830508474576,0.010155508072174739,0.29495421780635106,1.0,0.0,0.0,,,,,,
telesat,void_b2,5,topological_scheme_asc_event,552.0,1.0,0.7817632850241546,1.0,0.0,1.2551542755467107,1.3668966375646623,1.2549771699921577,1.3667599053355388,1.0001243956981019,70.0560338130987,12.903622153781335,45.85358217519673,1.0000771775270925,12.0,4.0,0.03476749239461104,532.2528796891371,0.0,0.9166666666666666,0.0,6.0,6.0,6.0,6.0,138.0,138.0,24.0,0.0,24.0,3.75,0.06666666666666667,109.0,,14.0,71.0,0.16666666666666666,20.0,0.13333333333333333,23.016666666666666,4.0,1413.8666666666666,5.85,97.79994860291481,690.0,0.0,0.0,0.0,0.0,0.012939221272554606,0.3486238532110092,1.0,0.0,0.0,,,,,,
telesat,void_b4,1,topological_scheme_asc,552.0,1.0,0.7731280193236715,1.0,0.0,1.2601017201981466,1.3680730855767662,1.2576230730715168,1.366043345573747,1.001668123569701,70.80302817557666,13.312603492346465,47.74064059368709,1.0012145933321641,40.0,16.0,0.03457433965908542,2064.2784054080644,0.0,3.8333333333333335,0.0,5.966666666666667,5.966666666666667,5.966666666666667,5.966666666666667,137.23333333333332,137.23333333333332,24.0,0.0,24.0,3.8333333333333335,0.26666666666666666,161.53333333333333,,31.033333333333335,81.53333333333333,2.0,20.0,4.75,51.63333333333333,5.0,82038.73333333334,351.0,1644.2780911922455,662.0,7.508474576271187,7.8474576271186445,1.4576271186440677,9.694915254237289,0.01917537195314973,0.42529921584812214,4.0,0.0,0.0,,,,,,
telesat,void_b4,1,topological_scheme_asc_event,552.0,0.9990338164251208,0.7729086073500967,1.0,0.0,1.259297759831668,1.3669198646999328,1.2569612181788041,1.3650040143745383,1.00159305895101,70.74907893153613,13.262555377121199,47.562785431384675,1.0011680441910649,40.0,16.0,0.03457433965908542,544.0894690652689,0.0,3.8333333333333335,0.0,5.966666666666667,5.966666666666667,5.966666666666667,5.966666666666667,137.23333333333332,137.23333333333332,24.0,0.0,24.0,3.8333333333333335,0.26666666666666666,206.0,,36.0,100.0,1.7666666666666666,18.0,0.38333333333333336,70.53333333333333,5.0,1336.5333333333333,5.85,95.79485431313515,662.0,0.0,0.0,0.0,0.0,0.024453941120607788,0.5339805825242718,4.0,32.0,0.0,0.0,1.0,0.0,0.0,0.0,
telesat,void_b4,2,topological_scheme_asc,552.0,1.0,0.7818538647342995,1.0,0.0,1.2740517911148679,1.385406707490041,1.2665296955817797,1.3793119998962395,1.0045059775896257,71.35008182457334,14.194694092262383,51.59166911404499,1.0029092813864624,40.0,16.0,0.03476749239461104,1976.5205847720306,0.0,8.083333333333334,0.0,6.0,6.0,6.0,6.0,138.0,138.0,24.0,0.0,24.0,3.75,0.26666666666666666,179.16666666666666,,26.8,98.75,9.2,29.0,11.816666666666666,53.6,7.0,82845.36666666667,351.0,1572.905072569847,662.0,10.35593220338983,9.389830508474576,1.1694915254237288,8.576271186440678,0.021268597657486548,0.33032558139534884,5.0,0.0,0.0,,,,,,
telesat,void_b4,2,topological_scheme_asc_event,552.0,0.9896739130434783,0.7796692903776924,1.0,0.0,1.266066834770808,1.375873196386193,1.2616579638118517,1.3721118470752374,1.0026108787693735,70.61715893453936,13.615243680913165,49.644611494135205,1.0017072593727836,40.0,16.0,0.03476749239461104,520.3616492450237,5.65,8.083333333333334,0.0,6.0,6.0,6.0,6.0,138.0,138.0,24.0,0.0,24.0,3.75,0.26666666666666666,139.0,,20.0,92.0,7.933333333333334,24.0,0.0,40.5,5.0,1344.3,5.85,95.34588307142258,662.0,0.0,0.0,0.0,0.0,0.016500474833808166,0.06474820143884892,1.0,342.0,0.0,0.9912280701754386,0.008771929824561403,0.0,0.0,0.0,
telesat,void_b4,3,topological_scheme_asc,552.0,1.0,0.7673309178743961,1.0,0.0,1.2761704957048454,1.3770506829898899,1.270606832625957,1.3712525098033916,1.0031443553324546,71.96994605325217,13.834933560355996,53.323009918375156,1.002562695347769,40.0,16.0,0.03399488145250857,1945.4790838062763,0.0,9.033333333333333,0.0,5.866666666666666,5.866666666666666,5.866666666666666,5.866666666666666,134.93333333333334,134.93333333333334,24.0,0.0,24.0,3.8833333333333333,0.26666666666666666,166.41666666666666,,26.016666666666666,90.61666666666666,6.45,28.0,11.55,44.666666666666664,7.0,78438.83333333333,351.0,1535.3608151276906,662.0,9.830508474576272,9.576271186440678,0.9491525423728814,8.88135593220339,0.019755064893953782,0.32388582874311467,5.0,0.0,0.0,,,,,,
telesat,void_b4,3,topological_scheme_asc_event,552.0,0.9878925120772947,0.7652128732540726,1.0,0.0,1.2660091158996054,1.362606239006237,1.2635392361023774,1.360786566128423,1.0014256630083855,71.18264311630884,13.160192918258034,49.55234138274544,1.0008326503476521,40.0,16.0,0.03399488145250857,524.0913135310014,4.266666666666667,9.033333333333333,0.0,5.866666666666666,5.866666666666666,5.866666666666666,5.866666666666666,134.93333333333334,134.93333333333334,24.0,0.0,24.0,3.8833333333333333,0.26666666666666666,107.0,,19.0,69.0,4.533333333333333,14.0,0.16666666666666666,26.166666666666668,3.0,1329.45,5.85,96.86030844847362,662.0,0.0,0.0,0.0,0.0,0.012701804368471036,0.04672897196261682,1.0,401.0,0.0,0.6384039900249376,0.36159600997506236,0.0,0.0,0.0,
telesat,void_b4,4,topological_scheme_asc,552.0,1.0,0.7808272946859903,1.0,0.0,1.2604613333016192,1.3589640697190783,1.255472694289089,1.355248143854149,1.0033708407440498,71.4513149551573,13.408120509543163,46.90688214808257,1.002341591962689,40.0,16.0,0.03457433965908542,1944.0549169977505,0.0,3.4166666666666665,0.0,5.966666666666667,5.966666666666667,5.966666666666667,5.966666666666667,137.23333333333332,137.23333333333332,24.0,0.0,24.0,3.716666666666667,0.26666666666666666,165.88333333333333,,29.8,84.31666666666666,5.683333333333334,29.0,6.133333333333334,46.8,7.0,79100.31666666667,351.0,1538.6565933624904,662.0,8.76271186440678,8.220338983050848,1.1355932203389831,8.711864406779661,0.019691753719531496,0.4053049331859741,5.0,0.0,0.0,,,,,,
telesat,void_b4,4,topological_scheme_asc_event,552.0,0.982457729468599,0.777743630720059,1.0,0.0,1.2554705415426215,1.3542577713382253,1.2520986818172681,1.3520347258171372,1.0021512243101238,70.80449583530113,13.01104553491774,46.10684422546701,1.0013433289065425,40.0,16.0,0.03457433965908542,534.4809005657831,9.533333333333333,3.4166666666666665,0.0,5.966666666666667,5.966666666666667,5.966666666666667,5.966666666666667,137.23333333333332,137.23333333333332,24.0,0.0,24.0,3.716666666666667,0.26666666666666666,176.0,,30.0,81.0,4.25,18.0,0.65,48.45,5.0,1352.1333333333334,5.85,95.34201522668202,662.0,0.0,0.0,0.0,0.0,0.020892687559354226,0.4318181818181818,3.0,581.0,0.0,0.9845094664371773,0.01549053356282272,0.0,0.0,0.0,
telesat,void_b4,5,topological_scheme_asc,552.0,1.0,0.7797101449275362,1.0,0.0,1.2553272141230993,1.3645364404784692,1.2540844423352442,1.3631719806629234,1.000754878866088,70.2168075163215,12.91461987992024,46.926402288904235,1.0006799620512457,40.0,16.0,0.034670916026848235,1947.1121629079182,0.0,5.066666666666666,0.0,5.983333333333333,5.983333333333333,5.983333333333333,5.983333333333333,137.61666666666667,137.61666666666667,24.0,0.0,24.0,3.75,0.26666666666666666,184.71666666666667,,27.733333333333334,99.75,1.5333333333333334,28.0,5.583333333333333,54.31666666666667,7.0,79471.05,351.0,1538.7041009962559,662.0,10.661016949152541,11.084745762711865,1.0,10.067796610169491,0.021927429566318456,0.36118379500135345,5.0,0.0,0.0,,,,,,
telesat,void_b4,5,topological_scheme_asc_event,552.0,1.0,0.7797101449275362,1.0,0.0,1.255211838991118,1.3643229583922523,1.2540844423352442,1.3631719806629234,1.0006884944913217,70.20873556034812,12.906547923946887,46.905250726084375,1.0005805019773613,40.0,16.0,0.034670916026848235,534.923276056846,0.0,5.066666666666666,0.0,5.983333333333333,5.983333333333333,5.983333333333333,5.983333333333333,137.61666666666667,137.61666666666667,24.0,0.0,24.0,3.75,0.26666666666666666,227.0,,35.0,120.0,1.6833333333333333,23.0,0.2,71.3,6.0,1321.7,5.85,94.91988544662793,662.0,0.0,0.0,0.0,0.0,0.02694681861348528,0.4669603524229075,4.0,0.0,0.0,,,,,,
telesat,void_b8,1,topological_scheme_asc,552.0,1.0,0.7587862318840579,1.0,0.0,1.2942294582233749,1.3820709528756325,1.283798872961233,1.3688870629933736,1.0056771740899724,73.55649958917486,14.746399446786102,63.16902236095749,1.00555014604526,144.0,64.0,0.03370515234922015,1573.8069660961628,0.0,8.633333333333333,0.0,5.816666666666666,5.816666666666666,5.816666666666666,5.816666666666666,133.78333333333333,133.78333333333333,24.0,0.0,24.0,4.233333333333333,1.0666666666666667,248.1,,56.1,93.18333333333334,11.066666666666666,22.0,14.233333333333333,88.33333333333333,6.0,62950.53333333333,351.0,1199.2223680019379,558.0,22.508474576271187,21.76271186440678,1.9491525423728813,20.23728813559322,0.029451566951566952,0.8555018137847642,5.0,0.0,0.0,,,,,,
telesat,void_b8,1,topological_scheme_asc_event,552.0,0.9933574879227053,0.7571732522796353,1.0,0.0,1.2848443681839647,1.36797217142129,1.2789124946934918,1.3614193582263796,1.0033850545953698,72.92534995998618,14.149763660853807,58.711577526240106,1.0029010134102165,144.0,64.0,0.03370515234922015,479.6761731306712,2.2333333333333334,8.633333333333333,0.0,5.816666666666666,5.816666666666666,5.816666666666666,5.816666666666666,133.78333333333333,133.78333333333333,24.0,0.0,24.0,4.233333333333333,1.0666666666666667,237.0,,53.0,92.0,13.3,19.0,0.35,80.93333333333334,5.0,1069.9,5.85,88.23175579309464,558.0,0.0,0.0,0.0,0.0,0.028133903133903133,0.8059071729957806,5.0,220.0,0.0,0.6090909090909091,0.39090909090909093,0.0,0.0,0.0,
telesat,void_b8,2,topological_scheme_asc,552.0,1.0,0.8099637681159421,1.0,0.0,1.3983140381033585,1.476978166666613,1.3887565561274482,1.4666602647247122,1.0053443016159802,82.96570922266491,19.429155611145248,72.02412750371892,1.00446208930803,144.0,64.0,0.03457433965908542,1599.8165947695572,0.0,8.3,0.0,5.966666666666667,5.966666666666667,5.966666666666667,5.966666666666667,137.23333333333332,137.23333333333332,24.0,0.0,24.0,3.6666666666666665,1.0666666666666667,187.08333333333334,,59.666666666666664,67.16666666666667,13.8,14.0,16.85,79.51666666666667,4.0,63348.816666666666,351.0,1226.619327813387,558.0,13.966101694915254,13.796610169491526,1.5932203389830508,17.016949152542374,0.022208372902817346,0.9793318485523386,4.0,0.0,0.0,,,,,,
telesat,void_b8,2,topological_scheme_asc_event,552.0,0.9956823671497584,0.8091397034296631,1.0,0.0,1.3944820615527864,1.4697205145883419,1.3865049454783278,1.4620381252911352,1.0044855324807658,82.66144294769451,19.15177994398951,69.45287803068045,1.0033751796867736,144.0,64.0,0.03457433965908542,492.43628432353336,1.5333333333333334,8.3,0.0,5.966666666666667,5.966666666666667,5.966666666666667,5.966666666666667,137.23333333333332,137.23333333333332,24.0,0.0,24.0,3.6666666666666665,1.0666666666666667,164.0,,58.0,60.0,14.283333333333333,6.0,0.13333333333333333,76.26666666666667,4.0,1064.3,5.85,101.36357719699542,558.0,0.0,0.0,0.0,0.0,0.0194681861348528,1.0,4.0,143.0,0.0,0.6433566433566433,0.35664335664335667,0.0,0.0,0.0,
telesat,void_b8,3,topological_scheme_asc,552.0,1.0,0.7581823671497585,1.0,0.0,1.3950487777230338,1.455026244009581,1.384052957245131,1.4415664396575951,1.0059635816628028,81.34148409798841,18.265070480117547,74.21598428094167,1.007136292988391,144.0,64.0,0.031966777729489596,1523.4191382924716,0.0,11.4,0.0,5.516666666666667,5.516666666666667,5.516666666666667,5.516666666666667,126.88333333333334,126.88333333333334,24.0,0.0,24.0,4.133333333333334,1.0666666666666667,225.0,,58.65,80.16666666666667,26.2,21.0,28.066666666666666,81.81666666666666,6.0,61936.316666666666,351.0,1160.9235480427742,558.0,15.813559322033898,15.152542372881356,1.694915254237288,15.711864406779661,0.026709401709401708,0.9565185185185185,4.0,0.0,0.0,,,,,,
telesat,void_b8,3,topological_scheme_asc_event,552.0,0.9806763285024155,0.753417487684729,1.0,0.0,1.3848522430944048,1.4423096365600405,1.3739945736180288,1.4288985074431213,1.006222944228702,80.23905808547705,17.42555232062293,73.27486035166937,1.0074817375790424,144.0,64.0,0.031966777729489596,472.42738381028175,9.5,11.4,0.0,5.516666666666667,5.516666666666667,5.516666666666667,5.516666666666667,126.88333333333334,126.88333333333334,24.0,0.0,24.0,4.133333333333334,1.0666666666666667,213.0,,56.0,78.0,27.916666666666668,18.0,0.4666666666666667,70.5,4.0,1017.9333333333333,5.85,91.06749494870503,558.0,0.0,0.0,0.0,0.0,0.025284900284900286,0.92018779342723,4.0,640.0,0.0,0.890625,0.109375,0.0,0.0,0.0,
telesat,void_b8,4,topological_scheme_asc,552.0,1.0,0.7639190821256039,1.0,0.0,1.2590668641676814,1.304194222889146,1.2583570127268857,1.3033558270807841,1.0003554409381907,73.19969438660547,12.067261916783268,47.343668968660275,1.00031485646795,144.0,64.0,0.03447776329132261,1524.2981913189094,0.0,5.816666666666666,0.0,5.95,5.95,5.95,5.95,136.85,136.85,24.0,0.0,24.0,3.7333333333333334,1.0666666666666667,203.03333333333333,,60.38333333333333,77.93333333333334,1.75,18.0,12.05,81.01666666666667,5.0,61926.683333333334,351.0,1164.0455742677052,558.0,15.40677966101695,15.389830508474576,1.694915254237288,17.983050847457626,0.024101772712883825,0.9349860449844032,5.0,0.0,0.0,,,,,,
telesat,void_b8,4,topological_scheme_asc_event,552.0,0.9997886473429952,0.7638691752483918,1.0,0.0,1.2589203421113757,1.3038350150262648,1.258215301085461,1.303089197957394,1.0003393503837297,73.18829237123575,12.055961207179616,47.246799994609326,1.0002621847216826,144.0,64.0,0.03447776329132261,461.6204135119915,0.03333333333333333,5.816666666666666,0.0,5.95,5.95,5.95,5.95,136.85,136.85,24.0,0.0,24.0,3.7333333333333334,1.0666666666666667,198.0,,59.0,75.0,2.283333333333333,18.0,0.016666666666666666,70.26666666666667,3.0,1034.2,5.85,85.48443714777629,558.0,0.0,0.0,0.0,0.0,0.023504273504273504,0.9141414141414141,5.0,7.0,0.0,0.2857142857142857,0.7142857142857143,0.0,0.0,0.0,
telesat,void_b8,5,topological_scheme_asc,552.0,1.0,0.7579710144927536,1.0,0.0,1.3183970868953716,1.380084059611068,1.308437144261515,1.3701684502263314,1.0037928752628242,74.60495509910092,14.425167866813442,58.66232679976237,1.0034990064753315,144.0,64.0,0.034381186923559806,1518.0868178606033,0.0,9.483333333333333,0.0,5.933333333333334,5.933333333333334,5.933333333333334,5.933333333333334,136.46666666666667,136.46666666666667,24.0,0.0,24.0,3.3666666666666667,1.0666666666666667,216.11666666666667,,59.38333333333333,79.8,15.05,21.0,20.6,82.96666666666667,6.0,62833.01666666667,351.0,1157.2509462634723,558.0,16.593220338983052,16.203389830508474,1.6271186440677967,17.983050847457626,0.025654874960430517,0.951646487236832,5.0,0.0,0.0,,,,,,
telesat,void_b8,5,topological_scheme_asc_event,552.0,0.9961050724637681,0.7570246430844776,1.0,0.0,1.3112590497042727,1.3716829282463705,1.3038210200132039,1.3647433184933426,1.002890595870967,74.28159601501703,14.126005026371367,56.4898782497717,1.002388486501509,144.0,64.0,0.034381186923559806,470.19129271308583,1.0333333333333334,9.483333333333333,0.0,5.933333333333334,5.933333333333334,5.933333333333334,5.933333333333334,136.46666666666667,136.46666666666667,24.0,0.0,24.0,3.3666666666666667,1.0666666666666667,193.0,,57.0,73.0,15.733333333333333,13.0,0.16666666666666666,81.61666666666666,4.0,1067.8833333333334,5.85,86.29466121395429,558.0,0.0,0.0,0.0,0.0,0.022910731244064578,0.9792746113989638,5.0,129.0,0.0,0.4806201550387597,0.5193798449612403,0.0,0.0,0.0,
