time_index,time_since_epoch_ns,fstate_size_min,fstate_size_max,fstate_size_mean,fstate_size_median,fstate_size_p95,fstate_size_count,fstate_installed_min,fstate_installed_max,fstate_installed_mean,fstate_installed_median,fstate_installed_p95,fstate_installed_count,fstate_markers_min,fstate_markers_max,fstate_markers_mean,fstate_markers_median,fstate_markers_p95,fstate_markers_count,fstate_neighbors_min,fstate_neighbors_max,fstate_neighbors_mean,fstate_neighbors_median,fstate_neighbors_p95,fstate_neighbors_count,strict_header_bytes_min,strict_header_bytes_max,strict_header_bytes_mean,strict_header_bytes_median,strict_header_bytes_p95,strict_header_bytes_count,srv6_srh_bytes_min,srv6_srh_bytes_max,srv6_srh_bytes_mean,srv6_srh_bytes_median,srv6_srh_bytes_p95,srv6_srh_bytes_count,stretch_hop_min,stretch_hop_max,stretch_hop_mean,stretch_hop_median,stretch_hop_p95,stretch_hop_count,stretch_dist_min,stretch_dist_max,stretch_dist_mean,stretch_dist_median,stretch_dist_p95,stretch_dist_count,stretch_hop_shared_min,stretch_hop_shared_max,stretch_hop_shared_mean,stretch_hop_shared_median,stretch_hop_shared_p95,stretch_hop_shared_count,stretch_dist_shared_min,stretch_dist_shared_max,stretch_dist_shared_mean,stretch_dist_shared_median,stretch_dist_shared_p95,stretch_dist_shared_count,delivery_total_pairs,delivery_no_src_visibility,delivery_no_dst_visibility,delivery_disconnected,delivery_deliverable,delivery_delivered,delivery_forwarding_failure,delivery_failure_loop,delivery_failure_dead_end,delivery_failure_link_down,delivery_failure_hop_limit,delivery_failure_egress_lost,delivery_delivery_rate,delivery_non_optimal_egress,delivery_non_optimal_egress_rate,explicit_failover_count,explicit_failover_delivered_count,explicit_failover_delivered_rate,explicit_failover_protected_repair_count,explicit_failover_protected_repair_rate,explicit_failover_broken_adj_count,explicit_failover_broken_adj_rate,explicit_failover_egress_not_visible_count,explicit_failover_egress_not_visible_rate,explicit_failover_dynamic_egress_repair_count,explicit_failover_dynamic_egress_repair_rate,explicit_failover_dynamic_egress_unavailable_count,explicit_failover_dynamic_egress_unavailable_rate,failure_isls_removed,failure_satellites_down,failure_events,compute_time_ms
0,0,2.0,16.0,2.95578231292517,2.0,6.0,588,5.0,11.0,7.083333333333333,6.5,11.0,588,13.0,19.0,16.916666666666668,17.5,19.0,588,2.0,8.0,2.671768707482993,2.0,5.0,588,0.0,112.0,51.18881118881119,52.0,108.0,143,0.0,376.0,147.35664335664336,136.0,360.0,143,1.0,1.0,1.0,1.0,1.0,143,0.9999999999999998,1.0000000000000002,1.0,1.0,1.0000000000000002,143,1.0,1.0,1.0,1.0,1.0,143,0.9999999999999998,1.0000000000000002,1.0,1.0,1.0000000000000002,143,552.0,0.0,0.0,409.0,143.0,143.0,0.0,0.0,0.0,0.0,0.0,0.0,1.0,0.0,0.0,143.0,143.0,1.0,0.0,0.0,0.0,0.0,0.0,0.0,0.0,0.0,0.0,0.0,0.0,0.0,0.0,324.63038340210915
1,60000000000,2.0,16.0,2.9183673469387754,2.0,6.0,588,5.0,11.0,7.083333333333333,6.5,11.0,588,13.0,19.0,16.916666666666668,17.5,19.0,588,2.0,8.0,2.6581632653061225,2.0,5.0,588,0.0,112.0,50.84931506849315,48.0,107.0,146,0.0,376.0,145.6986301369863,120.0,356.0,146,1.0,1.2857142857142858,1.0039138943248531,1.0,1.0,146,0.9999999999999998,1.216311357121535,1.002958064389542,1.0,1.0000000000000002,146,1.0,1.5,1.0232359210221902,1.0,1.1321428571428571,146,0.9999999999999998,1.216311357121535,1.0093592878386206,1.0,1.0511480135029612,146,552.0,0.0,0.0,404.0,148.0,146.0,2.0,0.0,2.0,0.0,0.0,0.0,0.9864864864864865,24.0,0.1643835616438356,146.0,146.0,1.0,0.0,0.0,0.0,0.0,0.0,0.0,36.0,0.2465753424657534,0.0,0.0,0.0,0.0,0.0,175.48742704093456
2,120000000000,2.0,16.0,2.942176870748299,2.0,6.0,588,5.0,11.0,7.083333333333333,6.5,11.0,588,13.0,19.0,16.916666666666668,17.5,19.0,588,2.0,8.0,2.671768707482993,2.0,5.0,588,0.0,112.0,51.31506849315068,50.0,108.0,146,0.0,376.0,148.05479452054794,128.0,360.0,146,1.0,1.2857142857142858,1.0071102413568167,1.0,1.0,146,0.9999999999999998,1.2183654310134024,1.0056991721973014,1.0,1.0000000000000002,146,1.0,1.5,1.0564360152849794,1.0,1.2857142857142858,146,0.9999999999999998,1.2183654310134024,1.0235275039013219,1.0,1.1385330069504365,146,552.0,0.0,0.0,402.0,150.0,146.0,4.0,0.0,4.0,0.0,0.0,0.0,0.9733333333333334,53.0,0.363013698630137,146.0,146.0,1.0,0.0,0.0,0.0,0.0,0.0,0.0,65.0,0.4452054794520548,0.0,0.0,0.0,0.0,0.0,182.8132551163435
3,180000000000,2.0,16.0,2.954081632653061,2.0,6.0,588,5.0,11.0,7.166666666666667,7.0,11.0,588,13.0,19.0,16.833333333333332,17.0,19.0,588,2.0,8.0,2.6700680272108843,2.0,5.0,588,0.0,112.0,51.785234899328856,52.0,108.0,149,0.0,376.0,148.6711409395973,136.0,360.0,149,1.0,1.0,1.0,1.0,1.0,149,0.9999999999999998,1.0000000000000002,1.0,1.0,1.0000000000000002,149,1.0,1.0,1.0,1.0,1.0,149,0.9999999999999998,1.0000000000000002,1.0,1.0,1.0000000000000002,149,552.0,0.0,0.0,403.0,149.0,149.0,0.0,0.0,0.0,0.0,0.0,0.0,1.0,0.0,0.0,149.0,149.0,1.0,0.0,0.0,0.0,0.0,0.0,0.0,0.0,0.0,0.0,0.0,0.0,0.0,0.0,281.7225381731987
4,240000000000,2.0,16.0,2.947278911564626,2.0,6.0,588,5.0,11.0,7.166666666666667,7.0,11.0,588,13.0,19.0,16.833333333333332,17.0,19.0,588,2.0,8.0,2.671768707482993,2.0,5.0,588,0.0,112.0,51.22147651006711,52.0,108.0,149,0.0,376.0,147.38255033557047,136.0,360.0,149,1.0,1.1818181818181819,1.0034573927191377,1.0,1.0,149,0.9999999999999998,1.1522082539434906,1.0029018881910652,1.0,1.0000000000000002,149,1.0,1.5,1.036918394304163,1.0,1.2299999999999998,149,0.9999999999999998,1.1672513438310597,1.01412893322162,1.0,1.11343596490719,149,552.0,0.0,0.0,403.0,149.0,149.0,0.0,0.0,0.0,0.0,0.0,0.0,1.0,31.0,0.2080536912751678,149.0,149.0,1.0,0.0,0.0,0.0,0.0,0.0,0.0,34.0,0.22818791946308725,0.0,0.0,0.0,0.0,0.0,241.89643934369087
5,300000000000,2.0,16.0,2.9591836734693877,2.0,6.0,588,5.0,11.0,7.164965986394558,7.0,11.0,588,13.0,19.0,16.83503401360544,17.0,19.0,588,2.0,8.0,2.675170068027211,2.0,5.0,588,0.0,112.0,51.57046979865772,52.0,108.0,149,0.0,376.0,148.7785234899329,136.0,360.0,149,1.0,1.1666666666666667,1.0011415525114156,1.0,1.0,146,0.9999999999999998,1.141092387201087,1.000966386213706,1.0,1.0000000000000002,146,1.0,1.5,1.059530767104497,1.0,1.3333333333333333,146,0.9999999999999998,1.220658811871327,1.0254667544216975,1.0,1.1313377920058456,146,552.0,0.0,0.0,406.0,146.0,146.0,0.0,0.0,0.0,0.0,0.0,0.0,1.0,57.0,0.3904109589041096,149.0,146.0,0.9798657718120806,0.0,0.0,0.0,0.0,3.0,0.020134228187919462,52.0,0.348993288590604,3.0,0.020134228187919462,0.0,0.0,0.0,166.71949438750744
6,360000000000,2.0,17.0,2.943877551020408,2.0,6.0,588,5.0,10.0,7.083333333333333,7.0,10.0,588,14.0,19.0,16.916666666666668,17.0,19.0,588,2.0,8.0,2.6666666666666665,2.0,5.0,588,0.0,112.0,49.986577181208055,48.0,108.0,149,0.0,376.0,144.3758389261745,120.0,360.0,149,1.0,1.0,1.0,1.0,1.0,149,0.9999999999999998,1.0000000000000002,1.0,1.0,1.0000000000000002,149,1.0,1.0,1.0,1.0,1.0,149,0.9999999999999998,1.0000000000000002,1.0,1.0,1.0000000000000002,149,552.0,0.0,0.0,403.0,149.0,149.0,0.0,0.0,0.0,0.0,0.0,0.0,1.0,0.0,0.0,149.0,149.0,1.0,0.0,0.0,0.0,0.0,0.0,0.0,0.0,0.0,0.0,0.0,0.0,0.0,0.0,268.0568713694811
7,420000000000,2.0,15.0,2.954081632653061,2.0,6.0,588,5.0,10.0,7.083333333333333,7.0,10.0,588,14.0,19.0,16.916666666666668,17.0,19.0,588,2.0,8.0,2.675170068027211,2.0,5.0,588,0.0,112.0,50.95890410958904,48.0,108.0,146,0.0,376.0,146.63013698630138,120.0,360.0,146,1.0,1.0,1.0,1.0,1.0,146,0.9999999999999997,1.0000000000000002,1.0,1.0,1.0000000000000002,146,1.0,1.5,1.0273286158496975,1.0,1.1857142857142857,146,0.9999999999999997,1.158668159428316,1.0109385939340907,1.0,1.0626240978380261,146,552.0,0.0,0.0,406.0,146.0,146.0,0.0,0.0,0.0,0.0,0.0,0.0,1.0,31.0,0.21232876712328766,146.0,146.0,1.0,0.0,0.0,0.0,0.0,0.0,0.0,24.0,0.1643835616438356,0.0,0.0,0.0,0.0,0.0,245.89086696505547
8,480000000000,2.0,17.0,2.933673469387755,2.0,6.0,588,5.0,10.0,7.083333333333333,7.0,10.0,588,14.0,19.0,16.916666666666668,17.0,19.0,588,2.0,8.0,2.6666666666666665,2.0,5.0,588,0.0,112.0,50.87248322147651,48.0,108.0,149,0.0,376.0,145.0201342281879,120.0,360.0,149,1.0,1.0,1.0,1.0,1.0,149,0.9999999999999998,1.0000000000000002,1.0,1.0,1.0000000000000002,149,1.0,1.5,1.059505940477008,1.0,1.2999999999999994,149,0.9999999999999998,1.1938684892246865,1.0225271490644503,1.0,1.1013997187238842,149,552.0,0.0,0.0,403.0,149.0,149.0,0.0,0.0,0.0,0.0,0.0,0.0,1.0,55.0,0.3691275167785235,149.0,149.0,1.0,0.0,0.0,0.0,0.0,0.0,0.0,58.0,0.38926174496644295,0.0,0.0,0.0,0.0,0.0,161.09840758144855
9,540000000000,2.0,17.0,2.9489795918367347,2.0,6.0,588,5.0,10.0,7.166666666666667,7.0,10.0,588,14.0,19.0,16.833333333333332,17.0,19.0,588,2.0,8.0,2.6802721088435373,2.0,5.0,588,0.0,112.0,50.74666666666667,48.0,108.0,150,0.0,376.0,145.86666666666667,120.0,360.0,150,1.0,1.0,1.0,1.0,1.0,150,0.9999999999999997,1.0000000000000002,1.0,1.0,1.0000000000000002,150,1.0,1.0,1.0,1.0,1.0,150,0.9999999999999997,1.0000000000000002,1.0,1.0,1.0000000000000002,150,552.0,0.0,0.0,402.0,150.0,150.0,0.0,0.0,0.0,0.0,0.0,0.0,1.0,0.0,0.0,150.0,150.0,1.0,0.0,0.0,0.0,0.0,0.0,0.0,0.0,0.0,0.0,0.0,0.0,0.0,0.0,275.6617162376642
10,600000000000,2.0,17.0,2.931972789115646,2.0,6.0,588,5.0,10.0,7.166666666666667,7.0,10.0,588,14.0,19.0,16.833333333333332,17.0,19.0,588,2.0,8.0,2.663265306122449,2.0,5.0,588,0.0,112.0,50.85333333333333,48.0,108.0,150,0.0,376.0,145.33333333333334,120.0,360.0,150,1.0,1.0,1.0,1.0,1.0,150,0.9999999999999998,1.0000000000000002,1.0,1.0,1.0000000000000002,150,1.0,1.5,1.0335871279650388,1.0,1.2274999999999991,150,0.9999999999999998,1.1834087884982638,1.011267037877996,1.0,1.072686845013817,150,552.0,0.0,0.0,398.0,154.0,150.0,4.0,0.0,4.0,0.0,0.0,0.0,0.974025974025974,31.0,0.20666666666666667,150.0,150.0,1.0,0.0,0.0,0.0,0.0,0.0,0.0,36.0,0.24,0.0,0.0,0.0,0.0,0.0,173.56018163263798
11,660000000000,2.0,17.0,2.9523809523809526,2.0,6.0,588,5.0,10.0,7.166666666666667,7.0,10.0,588,14.0,19.0,16.833333333333332,17.0,19.0,588,2.0,8.0,2.675170068027211,2.0,5.0,588,0.0,112.0,49.87919463087248,48.0,106.39999999999998,149,0.0,376.0,142.49664429530202,120.0,353.5999999999999,149,1.0,1.0,1.0,1.0,1.0,149,0.9999999999999998,1.0000000000000002,1.0,1.0,1.0000000000000002,149,1.0,1.5,1.0568040696662795,1.0,1.3333333333333333,149,0.9999999999999998,1.2196844932456978,1.0216702375170499,1.0,1.1173147071400693,149,552.0,0.0,0.0,395.0,157.0,149.0,8.0,0.0,8.0,0.0,0.0,0.0,0.9490445859872612,56.0,0.37583892617449666,149.0,149.0,1.0,0.0,0.0,0.0,0.0,0.0,0.0,60.0,0.40268456375838924,0.0,0.0,0.0,0.0,0.0,265.99632389843464
12,720000000000,2.0,17.0,2.9727891156462585,2.0,6.0,588,5.0,10.0,7.333333333333333,7.0,10.0,588,14.0,19.0,16.666666666666668,17.0,19.0,588,2.0,8.0,2.6700680272108843,2.0,5.0,588,0.0,112.0,50.575,48.0,108.0,160,0.0,376.0,144.25,120.0,360.0,160,1.0,1.0,1.0,1.0,1.0,160,0.9999999999999998,1.0000000000000002,1.0,1.0,1.0000000000000002,160,1.0,1.0,1.0,1.0,1.0,160,0.9999999999999998,1.0000000000000002,1.0,1.0,1.0000000000000002,160,552.0,0.0,0.0,392.0,160.0,160.0,0.0,0.0,0.0,0.0,0.0,0.0,1.0,0.0,0.0,160.0,160.0,1.0,0.0,0.0,0.0,0.0,0.0,0.0,0.0,0.0,0.0,0.0,0.0,0.0,0.0,294.3364232778549
13,780000000000,2.0,17.0,2.9676870748299318,2.0,6.0,588,5.0,10.0,7.333333333333333,7.0,10.0,588,14.0,19.0,16.666666666666668,17.0,19.0,588,2.0,8.0,2.6785714285714284,2.0,5.0,588,0.0,112.0,49.666666666666664,48.0,105.0,156,0.0,376.0,141.89743589743588,120.0,348.0,156,1.0,2.0,1.0113850536927462,1.0,1.0,156,0.9999999999999998,1.4785257672341072,1.006831410395602,1.0,1.0000000000000002,156,1.0,2.0,1.0375544265594432,1.0,1.2055555555555555,156,0.9999999999999998,1.4785257672341072,1.014995947770601,1.0,1.0584689331832944,156,552.0,0.0,0.0,396.0,156.0,156.0,0.0,0.0,0.0,0.0,0.0,0.0,1.0,33.0,0.21153846153846154,156.0,156.0,1.0,0.0,0.0,0.0,0.0,0.0,0.0,34.0,0.21794871794871795,0.0,0.0,0.0,0.0,0.0,179.05594408512115
14,840000000000,2.0,16.0,2.9863945578231292,2.0,6.0,588,5.0,10.0,7.333333333333333,7.0,10.0,588,14.0,19.0,16.666666666666668,17.0,19.0,588,2.0,8.0,2.687074829931973,2.0,5.0,588,0.0,112.0,50.25316455696203,48.0,104.0,158,0.0,376.0,143.59493670886076,120.0,344.0,158,1.0,2.0,1.0106783511846804,1.0,1.0,158,0.9999999999999998,1.4819804765939173,1.0064658492626173,1.0,1.0000000000000002,158,1.0,2.0,1.0650027635964359,1.0,1.3333333333333333,158,0.9999999999999998,1.4819804765939173,1.0279045572569199,1.0,1.1402579469039598,158,552.0,0.0,0.0,394.0,158.0,158.0,0.0,0.0,0.0,0.0,0.0,0.0,1.0,59.0,0.37341772151898733,158.0,158.0,1.0,0.0,0.0,0.0,0.0,0.0,0.0,58.0,0.3670886075949367,0.0,0.0,0.0,0.0,0.0,233.76311175525188
15,900000000000,2.0,17.0,2.979591836734694,2.0,6.0,588,5.0,10.0,7.416666666666667,7.5,10.0,588,14.0,19.0,16.583333333333332,16.5,19.0,588,2.0,8.0,2.683673469387755,2.0,5.0,588,0.0,116.0,49.675,48.0,108.0,160,0.0,392.0,142.45,120.0,360.0,160,1.0,1.0,1.0,1.0,1.0,160,0.9999999999999998,1.0000000000000002,1.0,1.0,1.0,160,1.0,1.0,1.0,1.0,1.0,160,0.9999999999999998,1.0000000000000002,1.0,1.0,1.0,160,552.0,0.0,0.0,392.0,160.0,160.0,0.0,0.0,0.0,0.0,0.0,0.0,1.0,0.0,0.0,160.0,160.0,1.0,0.0,0.0,0.0,0.0,0.0,0.0,0.0,0.0,0.0,0.0,0.0,0.0,0.0,280.2145853638649
16,960000000000,2.0,17.0,2.9812925170068025,2.0,6.0,588,5.0,10.0,7.416666666666667,7.5,10.0,588,14.0,19.0,16.583333333333332,16.5,19.0,588,2.0,8.0,2.681972789115646,2.0,5.0,588,0.0,116.0,49.949367088607595,48.0,108.0,158,0.0,392.0,143.29113924050634,120.0,360.0,158,1.0,1.0,1.0,1.0,1.0,158,0.9999999999999998,1.0000000000000002,1.0,1.0,1.0000000000000002,158,1.0,1.3333333333333333,1.0099409879149346,1.0,1.06,158,0.9999999999999998,1.1587775197131573,1.0043801701131447,1.0,1.0334473379333378,158,552.0,0.0,0.0,394.0,158.0,158.0,0.0,0.0,0.0,0.0,0.0,0.0,1.0,18.0,0.11392405063291139,158.0,158.0,1.0,0.0,0.0,0.0,0.0,0.0,0.0,20.0,0.12658227848101267,0.0,0.0,0.0,0.0,0.0,160.20926274359226
17,1020000000000,2.0,17.0,2.942176870748299,2.0,6.0,588,5.0,10.0,7.416666666666667,7.5,10.0,588,14.0,19.0,16.583333333333332,16.5,19.0,588,2.0,8.0,2.6700680272108843,2.0,5.0,588,0.0,116.0,50.65822784810127,48.0,108.0,158,0.0,392.0,144.7594936708861,120.0,360.0,158,1.0,1.0,1.0,1.0,1.0,158,0.9999999999999998,1.0000000000000002,1.0,1.0,1.0000000000000002,158,1.0,1.5,1.059971131717165,1.0,1.3333333333333333,158,0.9999999999999998,1.187924935004891,1.0226886874657937,1.0000000000000002,1.1193847954581408,158,552.0,0.0,0.0,394.0,158.0,158.0,0.0,0.0,0.0,0.0,0.0,0.0,1.0,63.0,0.3987341772151899,158.0,158.0,1.0,0.0,0.0,0.0,0.0,0.0,0.0,52.0,0.3291139240506329,0.0,0.0,0.0,0.0,0.0,166.27418994903564
18,1080000000000,2.0,16.0,2.9642857142857144,2.0,6.0,588,5.0,10.0,7.25,7.0,10.0,588,14.0,19.0,16.75,17.0,19.0,588,2.0,8.0,2.673469387755102,2.0,5.0,588,0.0,116.0,50.79738562091503,52.0,108.0,153,0.0,392.0,146.718954248366,136.0,360.0,153,1.0,1.0,1.0,1.0,1.0,153,0.9999999999999998,1.0000000000000004,1.0,1.0,1.0000000000000002,153,1.0,1.0,1.0,1.0,1.0,153,0.9999999999999998,1.0000000000000004,1.0,1.0,1.0000000000000002,153,552.0,0.0,0.0,399.0,153.0,153.0,0.0,0.0,0.0,0.0,0.0,0.0,1.0,0.0,0.0,153.0,153.0,1.0,0.0,0.0,0.0,0.0,0.0,0.0,0.0,0.0,0.0,0.0,0.0,0.0,0.0,342.8718391805887
19,1140000000000,2.0,16.0,2.931972789115646,2.0,6.0,588,5.0,10.0,7.2482993197278915,7.0,10.0,588,14.0,19.0,16.75170068027211,17.0,19.0,588,2.0,8.0,2.6683673469387754,2.0,5.0,588,0.0,116.0,51.39869281045752,52.0,108.0,153,0.0,392.0,147.71241830065358,136.0,360.0,153,1.0,1.0,1.0,1.0,1.0,151,0.9999999999999997,1.0000000000000002,1.0,1.0,1.0000000000000002,151,1.0,1.5,1.0461184748667511,1.0,1.25,151,0.9999999999999997,1.1787434887208859,1.016866086307722,1.0,1.1017369850273382,151,552.0,0.0,0.0,401.0,151.0,151.0,0.0,0.0,0.0,0.0,0.0,0.0,1.0,44.0,0.2913907284768212,153.0,151.0,0.9869281045751634,0.0,0.0,0.0,0.0,2.0,0.013071895424836602,24.0,0.1568627450980392,2.0,0.013071895424836602,0.0,0.0,0.0,177.22668126225471
20,1200000000000,2.0,16.0,2.954081632653061,2.0,6.0,588,5.0,10.0,7.246598639455782,7.0,10.0,588,14.0,19.0,16.753401360544217,17.0,19.0,588,2.0,8.0,2.6666666666666665,2.0,5.0,588,0.0,116.0,51.26797385620915,52.0,108.0,153,0.0,392.0,147.66013071895424,136.0,360.0,153,1.0,1.0,1.0,1.0,1.0,151,0.9999999999999997,1.0000000000000002,1.0,1.0,1.0000000000000002,151,1.0,1.5,1.0636148040007134,1.0,1.2916666666666665,151,0.9999999999999997,1.2778546979688998,1.0275602610451733,1.0,1.1424626480658961,151,552.0,0.0,0.0,401.0,151.0,151.0,0.0,0.0,0.0,0.0,0.0,0.0,1.0,65.0,0.4304635761589404,153.0,151.0,0.9869281045751634,0.0,0.0,0.0,0.0,2.0,0.013071895424836602,53.0,0.3464052287581699,2.0,0.013071895424836602,0.0,0.0,0.0,176.53168365359306
21,1260000000000,2.0,16.0,2.9506802721088436,2.0,6.0,588,5.0,10.0,7.083333333333333,7.0,10.0,588,14.0,19.0,16.916666666666668,17.0,19.0,588,2.0,8.0,2.67687074829932,2.0,5.0,588,0.0,116.0,50.3046357615894,52.0,108.0,151,0.0,392.0,144.95364238410596,136.0,360.0,151,1.0,1.0,1.0,1.0,1.0,151,0.9999999999999997,1.0000000000000002,1.0,1.0,1.0000000000000002,151,1.0,1.0,1.0,1.0,1.0,151,0.9999999999999997,1.0000000000000002,1.0,1.0,1.0000000000000002,151,552.0,0.0,0.0,401.0,151.0,151.0,0.0,0.0,0.0,0.0,0.0,0.0,1.0,0.0,0.0,151.0,151.0,1.0,0.0,0.0,0.0,0.0,0.0,0.0,0.0,0.0,0.0,0.0,0.0,0.0,0.0,390.4723450541496
22,1320000000000,2.0,16.0,2.942176870748299,2.0,6.0,588,5.0,10.0,7.083333333333333,7.0,10.0,588,14.0,19.0,16.916666666666668,17.0,19.0,588,2.0,8.0,2.6598639455782314,2.0,5.0,588,0.0,116.0,50.61333333333334,52.0,108.0,150,0.0,392.0,146.77333333333334,136.0,360.0,150,1.0,1.0,1.0,1.0,1.0,150,0.9999999999999998,1.0000000000000002,1.0,1.0,1.0,150,1.0,1.5,1.0332045094197269,1.0,1.25,150,0.9999999999999998,1.200955265991893,1.0135425499114596,1.0,1.0753482514014785,150,552.0,0.0,0.0,402.0,150.0,150.0,0.0,0.0,0.0,0.0,0.0,0.0,1.0,37.0,0.24666666666666667,150.0,150.0,1.0,0.0,0.0,0.0,0.0,0.0,0.0,34.0,0.22666666666666666,0.0,0.0,0.0,0.0,0.0,172.50620014965534
23,1380000000000,2.0,15.0,2.954081632653061,2.0,6.0,588,5.0,10.0,7.079931972789115,7.0,10.0,588,14.0,19.0,16.920068027210885,17.0,19.0,588,2.0,8.0,2.6802721088435373,2.0,5.0,588,0.0,112.0,50.86092715231788,52.0,106.0,151,0.0,376.0,146.2251655629139,136.0,352.0,151,1.0,1.5,1.0039735099337748,1.0,1.0,151,0.9999999999999997,1.3226761838307217,1.0027309731497103,1.0,1.0000000000000002,151,1.0,1.5,1.0631474551227171,1.0,1.2916666666666665,151,0.9999999999999998,1.3226761838307217,1.0262109300316564,1.0,1.1201787948473114,151,552.0,0.0,0.0,400.0,152.0,151.0,1.0,0.0,1.0,0.0,0.0,0.0,0.993421052631579,62.0,0.4105960264900662,151.0,151.0,1.0,0.0,0.0,0.0,0.0,0.0,0.0,58.0,0.3841059602649007,0.0,0.0,0.0,0.0,0.0,176.40493996441364
24,1440000000000,2.0,16.0,2.9302721088435373,2.0,5.649999999999977,588,4.0,10.0,7.0,7.0,10.0,588,14.0,20.0,17.0,17.0,20.0,588,2.0,8.0,2.663265306122449,2.0,5.0,588,0.0,116.0,50.711409395973156,52.0,108.0,149,0.0,392.0,147.2751677852349,136.0,360.0,149,1.0,1.0,1.0,1.0,1.0,149,0.9999999999999997,1.0000000000000002,1.0,1.0,1.0000000000000002,149,1.0,1.0,1.0,1.0,1.0,149,0.9999999999999997,1.0000000000000002,1.0,1.0,1.0000000000000002,149,552.0,0.0,0.0,403.0,149.0,149.0,0.0,0.0,0.0,0.0,0.0,0.0,1.0,0.0,0.0,149.0,149.0,1.0,0.0,0.0,0.0,0.0,0.0,0.0,0.0,0.0,0.0,0.0,0.0,0.0,0.0,382.6933931559324
25,1500000000000,2.0,15.0,2.9642857142857144,2.0,6.0,588,4.0,10.0,7.0,7.0,10.0,588,14.0,20.0,17.0,17.0,20.0,588,2.0,8.0,2.6802721088435373,2.0,5.0,588,0.0,116.0,51.19463087248322,52.0,104.0,149,0.0,392.0,147.2751677852349,136.0,344.0,149,1.0,1.1176470588235294,1.0010477087066112,1.0,1.0,149,0.9999999999999998,1.1043251801015386,1.0009429414910491,1.0,1.0,149,1.0,1.5,1.0205599921018997,1.0,1.1066666666666667,149,0.9999999999999998,1.1240222608201371,1.0076542553386092,1.0,1.0511546197467914,149,552.0,0.0,0.0,403.0,149.0,149.0,0.0,0.0,0.0,0.0,0.0,0.0,1.0,23.0,0.15436241610738255,149.0,149.0,1.0,0.0,0.0,0.0,0.0,0.0,0.0,25.0,0.16778523489932887,0.0,0.0,0.0,0.0,0.0,163.65865245461464
26,1560000000000,2.0,16.0,2.9149659863945576,2.0,5.649999999999977,588,4.0,10.0,7.0,7.0,10.0,588,14.0,20.0,17.0,17.0,20.0,588,2.0,8.0,2.6581632653061225,2.0,5.0,588,0.0,116.0,51.328859060402685,52.0,108.0,149,0.0,392.0,148.29530201342283,136.0,360.0,149,1.0,1.1176470588235294,1.0010477087066112,1.0,1.0,149,0.9999999999999997,1.1046438101584397,1.000933751377265,1.0,1.0000000000000002,149,1.0,1.5,1.0490581646177168,1.0,1.25,149,0.9999999999999997,1.162478122073173,1.018394956930961,1.0,1.0840847380628662,149,552.0,0.0,0.0,403.0,149.0,149.0,0.0,0.0,0.0,0.0,0.0,0.0,1.0,56.0,0.37583892617449666,149.0,149.0,1.0,0.0,0.0,0.0,0.0,0.0,0.0,53.0,0.35570469798657717,0.0,0.0,0.0,0.0,0.0,162.50155866146088
27,1620000000000,2.0,16.0,2.945578231292517,2.0,6.0,588,4.0,10.0,7.0,7.0,10.0,588,14.0,20.0,17.0,17.0,20.0,588,2.0,8.0,2.675170068027211,2.0,5.0,588,0.0,116.0,51.12582781456954,52.0,108.0,151,0.0,392.0,148.23841059602648,136.0,360.0,151,1.0,1.0,1.0,1.0,1.0,151,0.9999999999999996,1.0000000000000004,1.0,1.0,1.0000000000000002,151,1.0,1.0,1.0,1.0,1.0,151,0.9999999999999996,1.0000000000000004,1.0,1.0,1.0000000000000002,151,552.0,0.0,0.0,401.0,151.0,151.0,0.0,0.0,0.0,0.0,0.0,0.0,1.0,0.0,0.0,151.0,151.0,1.0,0.0,0.0,0.0,0.0,0.0,0.0,0.0,0.0,0.0,0.0,0.0,0.0,0.0,247.96722270548344
28,1680000000000,2.0,16.0,2.938775510204082,2.0,6.0,588,4.0,10.0,7.0,7.0,10.0,588,14.0,20.0,17.0,17.0,20.0,588,2.0,8.0,2.6683673469387754,2.0,5.0,588,0.0,116.0,51.67785234899329,52.0,108.0,149,0.0,392.0,149.20805369127515,136.0,360.0,149,1.0,1.0,1.0,1.0,1.0,149,0.9999999999999998,1.0000000000000002,1.0,1.0,1.0,149,1.0,1.5,1.0260379739431473,1.0,1.164444444444444,149,0.9999999999999998,1.1451265540364015,1.0077775526464088,1.0,1.051146002914204,149,552.0,0.0,0.0,401.0,151.0,149.0,2.0,0.0,2.0,0.0,0.0,0.0,0.9867549668874173,28.0,0.18791946308724833,149.0,149.0,1.0,0.0,0.0,0.0,0.0,0.0,0.0,22.0,0.1476510067114094,0.0,0.0,0.0,0.0,0.0,240.8074401319027
29,1740000000000,2.0,16.0,2.931972789115646,2.0,5.649999999999977,588,4.0,10.0,7.0,7.0,10.0,588,14.0,20.0,17.0,17.0,20.0,588,2.0,8.0,2.6649659863945576,2.0,5.0,588,0.0,112.0,51.52317880794702,52.0,108.0,151,0.0,376.0,148.87417218543047,136.0,360.0,151,1.0,1.0,1.0,1.0,1.0,151,0.9999999999999998,1.0000000000000002,1.0,1.0,1.0,151,1.0,1.5,1.0611444434248927,1.0,1.3333333333333333,151,0.9999999999999998,1.2015252490612405,1.0240342502835746,1.0,1.131426616435109,151,552.0,0.0,0.0,399.0,153.0,151.0,2.0,0.0,2.0,0.0,0.0,0.0,0.9869281045751634,62.0,0.4105960264900662,151.0,151.0,1.0,0.0,0.0,0.0,0.0,0.0,0.0,60.0,0.3973509933774834,0.0,0.0,0.0,0.0,0.0,170.01972906291485
30,1800000000000,2.0,15.0,2.931972789115646,2.0,6.0,588,5.0,10.0,7.166666666666667,7.0,10.0,588,14.0,19.0,16.833333333333332,17.0,19.0,588,2.0,7.0,2.6683673469387754,2.0,5.0,588,0.0,116.0,51.51282051282051,50.0,108.0,156,0.0,392.0,148.82051282051282,128.0,360.0,156,1.0,1.0,1.0,1.0,1.0,156,0.9999999999999998,1.0000000000000002,1.0,1.0,1.0000000000000002,156,1.0,1.0,1.0,1.0,1.0,156,0.9999999999999998,1.0000000000000002,1.0,1.0,1.0000000000000002,156,552.0,0.0,0.0,396.0,156.0,156.0,0.0,0.0,0.0,0.0,0.0,0.0,1.0,0.0,0.0,156.0,156.0,1.0,0.0,0.0,0.0,0.0,0.0,0.0,0.0,0.0,0.0,0.0,0.0,0.0,0.0,293.2124361395836
31,1860000000000,2.0,16.0,2.931972789115646,2.0,6.0,588,5.0,10.0,7.166666666666667,7.0,10.0,588,14.0,19.0,16.833333333333332,17.0,19.0,588,2.0,8.0,2.6581632653061225,2.0,5.0,588,0.0,116.0,51.30769230769231,52.0,108.0,156,0.0,392.0,148.46153846153845,136.0,360.0,156,1.0,1.0,1.0,1.0,1.0,156,0.9999999999999996,1.0000000000000002,1.0,1.0,1.0000000000000002,156,1.0,1.5,1.0239037930049635,1.0,1.157142857142857,156,0.9999999999999998,1.1399052424304357,1.007725423989437,1.0,1.0530574874777985,156,552.0,0.0,0.0,394.0,158.0,156.0,2.0,0.0,2.0,0.0,0.0,0.0,0.9873417721518988,27.0,0.17307692307692307,156.0,156.0,1.0,0.0,0.0,0.0,0.0,0.0,0.0,34.0,0.21794871794871795,0.0,0.0,0.0,0.0,0.0,266.5081135928631
32,1920000000000,2.0,15.0,2.9523809523809526,2.0,6.0,588,5.0,10.0,7.166666666666667,7.0,10.0,588,14.0,19.0,16.833333333333332,17.0,19.0,588,2.0,8.0,2.673469387755102,2.0,5.0,588,0.0,116.0,51.61538461538461,52.0,108.0,156,0.0,392.0,148.76923076923077,136.0,360.0,156,1.0,1.0384615384615385,1.000493096646943,1.0,1.0,156,0.9999999999999997,1.0345276972550252,1.0004425807554895,1.0,1.0000000000000002,156,1.0,1.5,1.0571706767992504,1.0,1.3333333333333333,156,0.9999999999999997,1.2391866335241277,1.022388912450396,1.0,1.1236256057270124,156,552.0,0.0,0.0,394.0,158.0,156.0,2.0,0.0,2.0,0.0,0.0,0.0,0.9873417721518988,57.0,0.36538461538461536,156.0,156.0,1.0,0.0,0.0,0.0,0.0,0.0,0.0,62.0,0.3974358974358974,0.0,0.0,0.0,0.0,0.0,177.31542140245438
33,1980000000000,2.0,16.0,2.9404761904761907,2.0,6.0,588,5.0,10.0,7.166666666666667,6.5,10.0,588,14.0,19.0,16.833333333333332,17.5,19.0,588,2.0,8.0,2.6649659863945576,2.0,5.0,588,0.0,116.0,52.68789808917197,52.0,108.0,157,0.0,392.0,152.5095541401274,136.0,360.0,157,1.0,1.0,1.0,1.0,1.0,157,0.9999999999999998,1.0000000000000004,1.0,1.0,1.0000000000000002,157,1.0,1.0,1.0,1.0,1.0,157,0.9999999999999998,1.0000000000000004,1.0,1.0,1.0000000000000002,157,552.0,0.0,0.0,395.0,157.0,157.0,0.0,0.0,0.0,0.0,0.0,0.0,1.0,0.0,0.0,157.0,157.0,1.0,0.0,0.0,0.0,0.0,0.0,0.0,0.0,0.0,0.0,0.0,0.0,0.0,0.0,283.15749764442444
34,2040000000000,2.0,15.0,2.9489795918367347,2.0,6.0,588,5.0,10.0,7.164965986394558,6.5,10.0,588,14.0,19.0,16.83503401360544,17.5,19.0,588,2.0,8.0,2.6666666666666665,2.0,5.0,588,0.0,116.0,51.848101265822784,52.0,104.60000000000002,158,0.0,392.0,149.0632911392405,136.0,346.4000000000001,158,1.0,1.0,1.0,1.0,1.0,155,0.9999999999999998,1.0000000000000002,1.0,1.0,1.0000000000000002,155,1.0,1.5,1.0321393304865292,1.0,1.2749999999999986,155,0.9999999999999998,1.2279998786721678,1.0121742880611122,1.0,1.0796945420605495,155,552.0,0.0,0.0,395.0,157.0,155.0,2.0,0.0,2.0,0.0,0.0,0.0,0.9872611464968153,27.0,0.17419354838709677,158.0,155.0,0.9810126582278481,0.0,0.0,0.0,0.0,3.0,0.0189873417721519,32.0,0.20253164556962025,3.0,0.0189873417721519,0.0,0.0,0.0,181.31243251264095
35,2100000000000,2.0,16.0,2.9285714285714284,2.0,5.649999999999977,588,5.0,10.0,7.163265306122449,6.5,10.0,588,14.0,19.0,16.836734693877553,17.5,19.0,588,2.0,8.0,2.663265306122449,2.0,5.0,588,0.0,112.0,53.146496815286625,52.0,108.0,157,0.0,376.0,152.5095541401274,136.0,360.0,157,1.0,1.0,1.0,1.0,1.0,154,0.9999999999999997,1.0000000000000002,1.0,1.0,1.0000000000000002,154,1.0,1.5,1.0574902001210666,1.0,1.2791666666666661,154,0.9999999999999998,1.2637443514104076,1.0225909370274846,1.0,1.1133898437024456,154,552.0,0.0,0.0,396.0,156.0,154.0,2.0,0.0,2.0,0.0,0.0,0.0,0.9871794871794872,57.0,0.37012987012987014,157.0,154.0,0.9808917197452229,0.0,0.0,0.0,0.0,3.0,0.01910828025477707,56.0,0.35668789808917195,3.0,0.01910828025477707,0.0,0.0,0.0,263.17938417196274
36,2160000000000,2.0,16.0,2.9404761904761907,2.0,6.0,588,5.0,10.0,7.0,7.0,10.0,588,14.0,19.0,17.0,17.0,19.0,588,2.0,8.0,2.6649659863945576,2.0,5.0,588,0.0,112.0,50.23376623376623,50.0,105.39999999999998,154,0.0,376.0,143.8961038961039,128.0,349.5999999999999,154,1.0,1.0,1.0,1.0,1.0,154,0.9999999999999998,1.0000000000000002,1.0,1.0,1.0000000000000002,154,1.0,1.0,1.0,1.0,1.0,154,0.9999999999999998,1.0000000000000002,1.0,1.0,1.0000000000000002,154,552.0,0.0,0.0,398.0,154.0,154.0,0.0,0.0,0.0,0.0,0.0,0.0,1.0,0.0,0.0,154.0,154.0,1.0,0.0,0.0,0.0,0.0,0.0,0.0,0.0,0.0,0.0,0.0,0.0,0.0,0.0,276.98913402855396
37,2220000000000,2.0,15.0,2.921768707482993,2.0,6.0,588,5.0,10.0,7.0,7.0,10.0,588,14.0,19.0,17.0,17.0,19.0,588,2.0,7.0,2.6615646258503403,2.0,5.0,588,0.0,116.0,51.76470588235294,52.0,108.0,153,0.0,392.0,147.76470588235293,136.0,360.0,153,1.0,1.0,1.0,1.0,1.0,153,0.9999999999999998,1.0000000000000002,1.0,1.0,1.0000000000000002,153,1.0,1.5,1.0331987783319212,1.0,1.25,153,0.9999999999999998,1.1923055879624607,1.0126348885823422,1.0,1.0707012497142605,153,552.0,0.0,0.0,399.0,153.0,153.0,0.0,0.0,0.0,0.0,0.0,0.0,1.0,35.0,0.22875816993464052,153.0,153.0,1.0,0.0,0.0,0.0,0.0,0.0,0.0,23.0,0.1503267973856209,0.0,0.0,0.0,0.0,0.0,153.18831242620945
38,2280000000000,2.0,16.0,2.92687074829932,2.0,6.0,588,5.0,10.0,7.0,7.0,10.0,588,14.0,19.0,17.0,17.0,19.0,588,2.0,8.0,2.6530612244897958,2.0,5.0,588,0.0,116.0,51.174193548387095,48.0,108.0,155,0.0,392.0,145.70322580645163,120.0,360.0,155,1.0,1.6666666666666667,1.0106038047973533,1.0,1.0,155,0.9999999999999998,1.3882199934856414,1.0068820305147832,1.0,1.0000000000000002,155,1.0,1.6666666666666667,1.0655318310045554,1.0,1.3333333333333333,155,0.9999999999999998,1.3882199934856414,1.0277532272411996,1.0,1.1303935020563651,155,552.0,0.0,0.0,397.0,155.0,155.0,0.0,0.0,0.0,0.0,0.0,0.0,1.0,59.0,0.38064516129032255,155.0,155.0,1.0,0.0,0.0,0.0,0.0,0.0,0.0,66.0,0.4258064516129032,0.0,0.0,0.0,0.0,0.0,224.82306323945522
39,2340000000000,2.0,15.0,2.938775510204082,2.0,6.0,588,5.0,10.0,7.083333333333333,7.0,10.0,588,14.0,19.0,16.916666666666668,17.0,19.0,588,2.0,7.0,2.6564625850340136,2.0,5.0,588,0.0,116.0,52.203821656050955,52.0,108.0,157,0.0,392.0,149.656050955414,136.0,360.0,157,1.0,1.0,1.0,1.0,1.0,157,0.9999999999999997,1.0000000000000002,1.0,1.0,1.0000000000000002,157,1.0,1.0,1.0,1.0,1.0,157,0.9999999999999997,1.0000000000000002,1.0,1.0,1.0000000000000002,157,552.0,0.0,0.0,395.0,157.0,157.0,0.0,0.0,0.0,0.0,0.0,0.0,1.0,0.0,0.0,157.0,157.0,1.0,0.0,0.0,0.0,0.0,0.0,0.0,0.0,0.0,0.0,0.0,0.0,0.0,0.0,288.5662764310837
40,2400000000000,2.0,16.0,2.957482993197279,2.0,6.0,588,5.0,10.0,7.081632653061225,7.0,10.0,588,14.0,19.0,16.918367346938776,17.0,19.0,588,2.0,8.0,2.663265306122449,2.0,5.0,588,0.0,116.0,52.07643312101911,52.0,108.0,157,0.0,392.0,149.60509554140128,136.0,360.0,157,1.0,1.0,1.0,1.0,1.0,156,0.9999999999999998,1.0000000000000002,1.0,1.0,1.0000000000000002,156,1.0,1.5,1.0300487047505618,1.0,1.2,156,0.9999999999999998,1.180076315625547,1.0108823740004687,1.0,1.0629567067122985,156,552.0,0.0,0.0,396.0,156.0,156.0,0.0,0.0,0.0,0.0,0.0,0.0,1.0,34.0,0.21794871794871795,157.0,156.0,0.9936305732484076,0.0,0.0,0.0,0.0,1.0,0.006369426751592357,22.0,0.14012738853503184,1.0,0.006369426751592357,0.0,0.0,0.0,178.52280847728252
41,2460000000000,2.0,15.0,2.945578231292517,2.0,6.0,588,5.0,10.0,7.079931972789115,7.0,10.0,588,14.0,19.0,16.920068027210885,17.0,19.0,588,2.0,7.0,2.6496598639455784,2.0,5.0,588,0.0,116.0,52.07643312101911,52.0,108.0,157,0.0,392.0,149.60509554140128,136.0,360.0,157,1.0,1.5,1.0032679738562091,1.0,1.0,153,0.9999999999999997,1.3249171514093563,1.0021236415124795,1.0,1.0000000000000002,153,1.0,1.5,1.0522478467261234,1.0,1.25,153,0.9999999999999997,1.3249171514093563,1.021558175301678,1.0,1.097541074663582,153,552.0,0.0,0.0,399.0,153.0,153.0,0.0,0.0,0.0,0.0,0.0,0.0,1.0,55.0,0.35947712418300654,157.0,153.0,0.9745222929936306,0.0,0.0,0.0,0.0,4.0,0.025477707006369428,61.0,0.3885350318471338,4.0,0.025477707006369428,0.0,0.0,0.0,176.63003876805305
42,2520000000000,2.0,15.0,2.9591836734693877,2.0,6.0,588,5.0,9.0,7.0,7.0,9.0,588,15.0,19.0,17.0,17.0,19.0,588,2.0,7.0,2.6683673469387754,2.0,5.0,588,0.0,116.0,50.76129032258064,48.0,108.0,155,0.0,392.0,144.9806451612903,120.0,360.0,155,1.0,1.0,1.0,1.0,1.0,155,0.9999999999999998,1.0000000000000002,1.0,1.0,1.0000000000000002,155,1.0,1.0,1.0,1.0,1.0,155,0.9999999999999998,1.0000000000000002,1.0,1.0,1.0000000000000002,155,552.0,0.0,0.0,397.0,155.0,155.0,0.0,0.0,0.0,0.0,0.0,0.0,1.0,0.0,0.0,155.0,155.0,1.0,0.0,0.0,0.0,0.0,0.0,0.0,0.0,0.0,0.0,0.0,0.0,0.0,0.0,369.4131560623646
43,2580000000000,2.0,15.0,2.9523809523809526,2.0,6.0,588,5.0,9.0,7.0,7.0,9.0,588,15.0,19.0,17.0,17.0,19.0,588,2.0,7.0,2.6598639455782314,2.0,5.0,588,0.0,116.0,51.380645161290325,48.0,108.0,155,0.0,392.0,146.99354838709678,120.0,360.0,155,1.0,1.0,1.0,1.0,1.0,155,0.9999999999999997,1.0000000000000002,1.0,1.0,1.0000000000000002,155,1.0,1.5,1.0254281524926685,1.0,1.2149999999999992,155,0.9999999999999997,1.2368772912048103,1.009372508053517,1.0,1.0544681132117943,155,552.0,0.0,0.0,393.0,159.0,155.0,4.0,0.0,4.0,0.0,0.0,0.0,0.9748427672955975,25.0,0.16129032258064516,155.0,155.0,1.0,0.0,0.0,0.0,0.0,0.0,0.0,37.0,0.23870967741935484,0.0,0.0,0.0,0.0,0.0,177.98484303057194
44,2640000000000,2.0,15.0,2.9506802721088436,2.0,6.0,588,5.0,9.0,6.996598639455782,7.0,9.0,588,15.0,19.0,17.003401360544217,17.0,19.0,588,2.0,7.0,2.6598639455782314,2.0,5.0,588,0.0,116.0,51.07096774193548,48.0,108.0,155,0.0,392.0,146.21935483870968,120.0,360.0,155,1.0,1.6666666666666667,1.0043859649122808,1.0,1.0,152,0.9999999999999998,1.3913891616378735,1.002574928694986,1.0,1.0000000000000002,152,1.0,1.6666666666666667,1.0482954700892428,1.0,1.25,152,0.9999999999999998,1.3913891616378735,1.0201058431886132,1.0,1.084604365030669,152,552.0,0.0,0.0,396.0,156.0,152.0,4.0,0.0,4.0,0.0,0.0,0.0,0.9743589743589743,55.0,0.3618421052631579,155.0,152.0,0.9806451612903225,0.0,0.0,0.0,0.0,3.0,0.01935483870967742,55.0,0.3548387096774194,3.0,0.01935483870967742,0.0,0.0,0.0,187.49544024467468
45,2700000000000,2.0,15.0,2.9710884353741496,2.0,6.0,588,5.0,9.0,7.166666666666667,7.0,9.0,588,15.0,19.0,16.833333333333332,17.0,19.0,588,2.0,7.0,2.671768707482993,2.0,5.0,588,0.0,112.0,50.0377358490566,48.0,108.0,159,0.0,376.0,142.18867924528303,120.0,360.0,159,1.0,1.0,1.0,1.0,1.0,159,0.9999999999999998,1.0000000000000002,1.0,1.0,1.0000000000000002,159,1.0,1.0,1.0,1.0,1.0,159,0.9999999999999998,1.0000000000000002,1.0,1.0,1.0000000000000002,159,552.0,0.0,0.0,393.0,159.0,159.0,0.0,0.0,0.0,0.0,0.0,0.0,1.0,0.0,0.0,159.0,159.0,1.0,0.0,0.0,0.0,0.0,0.0,0.0,0.0,0.0,0.0,0.0,0.0,0.0,0.0,400.23885667324066
46,2760000000000,2.0,15.0,2.945578231292517,2.0,6.0,588,5.0,9.0,7.164965986394558,7.0,9.0,588,15.0,19.0,16.83503401360544,17.0,19.0,588,2.0,7.0,2.6598639455782314,2.0,5.0,588,0.0,116.0,50.716981132075475,48.0,108.0,159,0.0,392.0,144.0,120.0,360.0,159,1.0,1.0,1.0,1.0,1.0,156,0.9999999999999998,1.0000000000000002,1.0,1.0,1.0000000000000002,156,1.0,1.3333333333333333,1.0220123475558256,1.0,1.1354166666666667,156,0.9999999999999998,1.1159035437583673,1.0078647875016404,1.0,1.0553503504007615,156,552.0,0.0,0.0,396.0,156.0,156.0,0.0,0.0,0.0,0.0,0.0,0.0,1.0,28.0,0.1794871794871795,159.0,156.0,0.9811320754716981,0.0,0.0,0.0,0.0,3.0,0.018867924528301886,30.0,0.18867924528301888,3.0,0.018867924528301886,0.0,0.0,0.0,174.4823455810547
47,2820000000000,2.0,15.0,2.9404761904761907,2.0,6.0,588,5.0,9.0,7.16156462585034,7.0,9.0,588,15.0,19.0,16.83843537414966,17.0,19.0,588,2.0,7.0,2.6547619047619047,2.0,5.0,588,0.0,116.0,50.64150943396226,48.0,108.0,159,0.0,392.0,143.69811320754718,120.0,360.0,159,1.0,1.25,1.001873126873127,1.0,1.0,154,0.9999999999999997,1.1984415428047823,1.001515067369388,1.0,1.0000000000000002,154,1.0,1.5,1.0566801181151162,1.0,1.25,154,0.9999999999999997,1.2288344657418935,1.0232964348495144,1.0,1.1186182743711715,154,552.0,0.0,0.0,395.0,157.0,154.0,3.0,0.0,3.0,0.0,0.0,0.0,0.9808917197452229,60.0,0.38961038961038963,159.0,154.0,0.9685534591194969,0.0,0.0,0.0,0.0,5.0,0.031446540880503145,55.0,0.34591194968553457,5.0,0.031446540880503145,0.0,0.0,0.0,157.04092383384705
48,2880000000000,2.0,15.0,2.945578231292517,2.0,6.0,588,5.0,10.0,7.166666666666667,7.0,10.0,588,14.0,19.0,16.833333333333332,17.0,19.0,588,2.0,7.0,2.6598639455782314,2.0,5.0,588,0.0,112.0,51.392405063291136,52.0,108.0,158,0.0,376.0,146.78481012658227,136.0,360.0,158,1.0,1.0,1.0,1.0,1.0,158,0.9999999999999997,1.0000000000000002,1.0,1.0,1.0000000000000002,158,1.0,1.0,1.0,1.0,1.0,158,0.9999999999999997,1.0000000000000002,1.0,1.0,1.0000000000000002,158,552.0,0.0,0.0,394.0,158.0,158.0,0.0,0.0,0.0,0.0,0.0,0.0,1.0,0.0,0.0,158.0,158.0,1.0,0.0,0.0,0.0,0.0,0.0,0.0,0.0,0.0,0.0,0.0,0.0,0.0,0.0,345.43758258223534
49,2940000000000,2.0,15.0,2.954081632653061,2.0,6.0,588,5.0,10.0,7.166666666666667,7.0,10.0,588,14.0,19.0,16.833333333333332,17.0,19.0,588,2.0,7.0,2.6581632653061225,2.0,5.0,588,0.0,116.0,51.36708860759494,52.0,108.0,158,0.0,392.0,146.68354430379748,136.0,360.0,158,1.0,1.0,1.0,1.0,1.0,158,0.9999999999999998,1.0000000000000002,1.0,1.0,1.0000000000000002,158,1.0,1.5,1.0251415430585114,1.0,1.1514285714285717,158,0.9999999999999998,1.2232161240145658,1.0095081370698613,1.0,1.055222656022482,158,552.0,0.0,0.0,394.0,158.0,158.0,0.0,0.0,0.0,0.0,0.0,0.0,1.0,32.0,0.20253164556962025,158.0,158.0,1.0,0.0,0.0,0.0,0.0,0.0,0.0,23.0,0.14556962025316456,0.0,0.0,0.0,0.0,0.0,186.3866187632084
50,3000000000000,2.0,15.0,2.9710884353741496,2.0,6.0,588,5.0,10.0,7.163265306122449,7.0,10.0,588,14.0,19.0,16.836734693877553,17.0,19.0,588,2.0,8.0,2.671768707482993,2.0,5.0,588,0.0,116.0,51.0126582278481,48.0,108.0,158,0.0,392.0,146.63291139240508,120.0,360.0,158,1.0,1.1666666666666667,1.0035304398361722,1.0,1.0,157,0.9999999999999996,1.1391409962410561,1.0030384917749888,1.0,1.0000000000000002,157,1.0,1.5,1.061007060642227,1.0,1.2666666666666657,157,0.9999999999999996,1.2569391719593181,1.0265420498928193,1.0,1.1193998759863557,157,552.0,0.0,0.0,393.0,159.0,157.0,2.0,0.0,2.0,0.0,0.0,0.0,0.9874213836477987,61.0,0.3885350318471338,158.0,157.0,0.9936708860759493,0.0,0.0,0.0,0.0,1.0,0.006329113924050633,56.0,0.35443037974683544,1.0,0.006329113924050633,0.0,0.0,0.0,186.91894598305225
51,3060000000000,2.0,15.0,2.9523809523809526,2.0,6.0,588,5.0,10.0,7.166666666666667,7.0,10.0,588,14.0,19.0,16.833333333333332,17.0,19.0,588,2.0,8.0,2.6598639455782314,2.0,5.0,588,0.0,112.0,50.17948717948718,50.0,108.0,156,0.0,376.0,142.56410256410257,128.0,360.0,156,1.0,1.0,1.0,1.0,1.0,156,0.9999999999999998,1.0000000000000002,1.0,1.0,1.0000000000000002,156,1.0,1.0,1.0,1.0,1.0,156,0.9999999999999998,1.0000000000000002,1.0,1.0,1.0000000000000002,156,552.0,0.0,0.0,396.0,156.0,156.0,0.0,0.0,0.0,0.0,0.0,0.0,1.0,0.0,0.0,156.0,156.0,1.0,0.0,0.0,0.0,0.0,0.0,0.0,0.0,0.0,0.0,0.0,0.0,0.0,0.0,293.0986899882555
52,3120000000000,2.0,15.0,2.9506802721088436,2.0,6.0,588,5.0,10.0,7.164965986394558,7.0,10.0,588,14.0,19.0,16.83503401360544,17.0,19.0,588,2.0,8.0,2.6649659863945576,2.0,5.0,588,0.0,112.0,50.96,50.0,108.0,150,0.0,376.0,146.72,128.0,360.0,150,1.0,1.1111111111111112,1.000755857898715,1.0,1.0,147,0.9999999999999998,1.0984579040231757,1.0006697816600216,1.0,1.0000000000000002,147,1.0,1.3333333333333333,1.029301951854016,1.0,1.2,147,0.9999999999999998,1.1786394052911628,1.011575286964376,1.0,1.0639332240203836,147,552.0,0.0,0.0,405.0,147.0,147.0,0.0,0.0,0.0,0.0,0.0,0.0,1.0,36.0,0.24489795918367346,150.0,147.0,0.98,0.0,0.0,0.0,0.0,3.0,0.02,28.0,0.18666666666666668,3.0,0.02,0.0,0.0,0.0,266.58075861632824
53,3180000000000,2.0,15.0,2.9625850340136055,2.0,6.0,588,5.0,10.0,7.164965986394558,7.0,10.0,588,14.0,19.0,16.83503401360544,17.0,19.0,588,2.0,8.0,2.671768707482993,2.0,5.0,588,0.0,112.0,50.50322580645161,48.0,108.0,155,0.0,376.0,144.8774193548387,120.0,360.0,155,1.0,1.105263157894737,1.0006925207756232,1.0,1.0,152,0.9999999999999998,1.0939051190567461,1.0006177968358996,1.0,1.0000000000000002,152,1.0,1.5,1.0582362446267746,1.0,1.25,152,0.9999999999999998,1.2090064736814456,1.0260135667649692,1.0,1.1224234908806472,152,552.0,0.0,0.0,400.0,152.0,152.0,0.0,0.0,0.0,0.0,0.0,0.0,1.0,64.0,0.42105263157894735,155.0,152.0,0.9806451612903225,0.0,0.0,0.0,0.0,3.0,0.01935483870967742,57.0,0.36774193548387096,3.0,0.01935483870967742,0.0,0.0,0.0,175.70983059704304
54,3240000000000,2.0,15.0,2.9404761904761907,2.0,6.0,588,5.0,10.0,7.166666666666667,7.0,10.0,588,14.0,19.0,16.833333333333332,17.0,19.0,588,2.0,8.0,2.6598639455782314,2.0,5.0,588,0.0,112.0,50.20134228187919,52.0,108.0,149,0.0,376.0,143.78523489932886,136.0,360.0,149,1.0,1.0,1.0,1.0,1.0,149,0.9999999999999997,1.0000000000000002,1.0,1.0,1.0000000000000002,149,1.0,1.0,1.0,1.0,1.0,149,0.9999999999999997,1.0000000000000002,1.0,1.0,1.0000000000000002,149,552.0,0.0,0.0,403.0,149.0,149.0,0.0,0.0,0.0,0.0,0.0,0.0,1.0,0.0,0.0,149.0,149.0,1.0,0.0,0.0,0.0,0.0,0.0,0.0,0.0,0.0,0.0,0.0,0.0,0.0,0.0,285.58778017759323
55,3300000000000,2.0,15.0,2.954081632653061,2.0,6.0,588,5.0,10.0,7.164965986394558,7.0,10.0,588,14.0,19.0,16.83503401360544,17.0,19.0,588,2.0,8.0,2.671768707482993,2.0,5.0,588,0.0,112.0,50.38926174496644,48.0,108.0,149,0.0,376.0,144.05369127516778,120.0,360.0,149,1.0,1.0,1.0,1.0,1.0,145,0.9999999999999997,1.0000000000000002,1.0,1.0,1.0000000000000002,145,1.0,1.5,1.0291547829981114,1.0,1.1619047619047616,145,0.9999999999999997,1.2006330103739642,1.0104139747018988,1.0,1.0599308531517493,145,552.0,0.0,0.0,405.0,147.0,145.0,2.0,0.0,2.0,0.0,0.0,0.0,0.9863945578231292,31.0,0.21379310344827587,149.0,145.0,0.9731543624161074,0.0,0.0,0.0,0.0,4.0,0.026845637583892617,23.0,0.15436241610738255,4.0,0.026845637583892617,0.0,0.0,0.0,245.9791675209999
56,3360000000000,2.0,15.0,2.931972789115646,2.0,6.0,588,5.0,10.0,7.163265306122449,7.0,10.0,588,14.0,19.0,16.836734693877553,17.0,19.0,588,2.0,8.0,2.6479591836734695,2.0,5.0,588,0.0,112.0,51.24183006535948,48.0,108.0,153,0.0,376.0,147.08496732026143,120.0,360.0,153,1.0,1.1333333333333333,1.0009070294784579,1.0,1.0,147,0.9999999999999998,1.1167623485248737,1.0007943016906453,1.0,1.0000000000000002,147,1.0,1.5,1.0493480399477924,1.0,1.25,147,0.9999999999999998,1.2427766487889154,1.0203610419749949,1.0000000000000002,1.1014707702089122,147,552.0,0.0,0.0,404.0,148.0,147.0,1.0,0.0,1.0,0.0,0.0,0.0,0.9932432432432432,53.0,0.36054421768707484,153.0,147.0,0.9607843137254902,0.0,0.0,0.0,0.0,6.0,0.0392156862745098,57.0,0.37254901960784315,6.0,0.0392156862745098,0.0,0.0,0.0,167.51447692513466
57,3420000000000,2.0,15.0,2.9608843537414966,2.0,6.0,588,5.0,10.0,7.166666666666667,7.0,10.0,588,14.0,19.0,16.833333333333332,17.0,19.0,588,2.0,8.0,2.6700680272108843,2.0,5.0,588,0.0,112.0,50.34013605442177,48.0,108.0,147,0.0,376.0,144.05442176870747,120.0,360.0,147,1.0,1.0,1.0,1.0,1.0,147,0.9999999999999998,1.0000000000000002,1.0,1.0,1.0000000000000002,147,1.0,1.0,1.0,1.0,1.0,147,0.9999999999999998,1.0000000000000002,1.0,1.0,1.0000000000000002,147,552.0,0.0,0.0,405.0,147.0,147.0,0.0,0.0,0.0,0.0,0.0,0.0,1.0,0.0,0.0,147.0,147.0,1.0,0.0,0.0,0.0,0.0,0.0,0.0,0.0,0.0,0.0,0.0,0.0,0.0,0.0,264.6900359541178
58,3480000000000,2.0,15.0,2.931972789115646,2.0,6.0,588,5.0,10.0,7.166666666666667,7.0,10.0,588,14.0,19.0,16.833333333333332,17.0,19.0,588,2.0,8.0,2.6547619047619047,2.0,5.0,588,0.0,112.0,50.79194630872483,48.0,106.39999999999998,149,0.0,376.0,145.18120805369128,120.0,353.5999999999999,149,1.0,1.0,1.0,1.0,1.0,149,0.9999999999999997,1.0000000000000002,1.0,1.0,1.0000000000000002,149,1.0,1.3333333333333333,1.0217294131844155,1.0,1.1771428571428568,149,0.9999999999999997,1.1136211439412402,1.006494698031855,1.0,1.0473151391715605,149,552.0,0.0,0.0,403.0,149.0,149.0,0.0,0.0,0.0,0.0,0.0,0.0,1.0,24.0,0.1610738255033557,149.0,149.0,1.0,0.0,0.0,0.0,0.0,0.0,0.0,31.0,0.2080536912751678,0.0,0.0,0.0,0.0,0.0,171.84225469827652
59,3540000000000,2.0,15.0,2.947278911564626,2.0,6.0,588,5.0,10.0,7.164965986394558,7.0,10.0,588,14.0,19.0,16.83503401360544,17.0,19.0,588,2.0,8.0,2.6700680272108843,2.0,5.0,588,0.0,112.0,50.41610738255034,48.0,108.0,149,0.0,376.0,145.1275167785235,120.0,360.0,149,1.0,1.3333333333333333,1.0031963470319634,1.0,1.0,146,0.9999999999999998,1.242461729822943,1.002461712971388,1.0,1.0000000000000002,146,1.0,1.5,1.0482650414159795,1.0,1.25,146,0.9999999999999998,1.242461729822943,1.018498194573657,1.0,1.0846311471319765,146,552.0,0.0,0.0,406.0,146.0,146.0,0.0,0.0,0.0,0.0,0.0,0.0,1.0,53.0,0.363013698630137,149.0,146.0,0.9798657718120806,0.0,0.0,0.0,0.0,3.0,0.020134228187919462,56.0,0.37583892617449666,3.0,0.020134228187919462,0.0,0.0,0.0,259.26349125802517
60,3600000000000,2.0,16.0,2.942176870748299,2.0,6.0,588,5.0,11.0,7.083333333333333,6.5,11.0,588,13.0,19.0,16.916666666666668,17.5,19.0,588,2.0,8.0,2.663265306122449,2.0,5.0,588,0.0,112.0,50.794520547945204,48.0,108.0,146,0.0,376.0,145.97260273972603,120.0,360.0,146,1.0,1.0,1.0,1.0,1.0,146,0.9999999999999997,1.0000000000000002,1.0,1.0,1.0000000000000002,146,1.0,1.0,1.0,1.0,1.0,146,0.9999999999999997,1.0000000000000002,1.0,1.0,1.0000000000000002,146,552.0,0.0,0.0,406.0,146.0,146.0,0.0,0.0,0.0,0.0,0.0,0.0,1.0,0.0,0.0,146.0,146.0,1.0,0.0,0.0,0.0,0.0,0.0,0.0,0.0,0.0,0.0,0.0,0.0,0.0,0.0,274.9990504235029
61,3660000000000,2.0,16.0,2.947278911564626,2.0,6.0,588,5.0,11.0,7.083333333333333,6.5,11.0,588,13.0,19.0,16.916666666666668,17.5,19.0,588,2.0,8.0,2.67687074829932,2.0,5.0,588,0.0,112.0,51.26027397260274,50.0,108.0,146,0.0,376.0,147.83561643835617,128.0,360.0,146,1.0,1.0,1.0,1.0,1.0,146,0.9999999999999998,1.0000000000000002,1.0,1.0,1.0000000000000002,146,1.0,1.5,1.0299048258874224,1.0,1.1857142857142857,146,0.9999999999999998,1.1352342588779119,1.009705546593215,1.0,1.0491732900024973,146,552.0,0.0,0.0,404.0,148.0,146.0,2.0,0.0,2.0,0.0,0.0,0.0,0.9864864864864865,35.0,0.23972602739726026,146.0,146.0,1.0,0.0,0.0,0.0,0.0,0.0,0.0,29.0,0.19863013698630136,0.0,0.0,0.0,0.0,0.0,175.26592500507832
62,3720000000000,2.0,16.0,2.954081632653061,2.0,6.0,588,5.0,11.0,7.079931972789115,6.0,11.0,588,13.0,19.0,16.920068027210885,18.0,19.0,588,2.0,8.0,2.675170068027211,2.0,5.0,588,0.0,112.0,50.821917808219176,48.0,108.0,146,0.0,376.0,146.57534246575344,120.0,360.0,146,1.0,1.0,1.0,1.0,1.0,145,0.9999999999999998,1.0000000000000002,1.0,1.0,1.0000000000000002,145,1.0,1.5,1.0572345270846275,1.0,1.316666666666665,145,0.9999999999999998,1.2181239898122074,1.0236173821328618,1.0,1.12389003161886,145,552.0,0.0,0.0,403.0,149.0,145.0,4.0,0.0,4.0,0.0,0.0,0.0,0.9731543624161074,58.0,0.4,146.0,145.0,0.9931506849315068,0.0,0.0,0.0,0.0,1.0,0.00684931506849315,52.0,0.3561643835616438,1.0,0.00684931506849315,0.0,0.0,0.0,266.20030775666237
63,3780000000000,2.0,16.0,2.9285714285714284,2.0,6.0,588,5.0,11.0,7.166666666666667,7.0,11.0,588,13.0,19.0,16.833333333333332,17.0,19.0,588,2.0,8.0,2.663265306122449,2.0,5.0,588,0.0,112.0,51.40939597315436,48.0,108.0,149,0.0,376.0,147.6510067114094,120.0,360.0,149,1.0,1.0,1.0,1.0,1.0,149,0.9999999999999998,1.0000000000000002,1.0,1.0,1.0000000000000002,149,1.0,1.0,1.0,1.0,1.0,149,0.9999999999999998,1.0000000000000002,1.0,1.0,1.0000000000000002,149,552.0,0.0,0.0,403.0,149.0,149.0,0.0,0.0,0.0,0.0,0.0,0.0,1.0,0.0,0.0,149.0,149.0,1.0,0.0,0.0,0.0,0.0,0.0,0.0,0.0,0.0,0.0,0.0,0.0,0.0,0.0,295.9513049572706
64,3840000000000,2.0,16.0,2.9591836734693877,2.0,6.0,588,5.0,11.0,7.166666666666667,7.0,11.0,588,13.0,19.0,16.833333333333332,17.0,19.0,588,2.0,8.0,2.675170068027211,2.0,5.0,588,0.0,112.0,51.59731543624161,48.0,108.0,149,0.0,376.0,148.40268456375838,120.0,360.0,149,1.0,1.0,1.0,1.0,1.0,149,0.9999999999999996,1.0000000000000002,1.0,1.0,1.0000000000000002,149,1.0,1.5,1.033966185978098,1.0,1.25,149,0.9999999999999996,1.1622064538493044,1.0132805780746346,1.0,1.0914618335324495,149,552.0,0.0,0.0,403.0,149.0,149.0,0.0,0.0,0.0,0.0,0.0,0.0,1.0,34.0,0.22818791946308725,149.0,149.0,1.0,0.0,0.0,0.0,0.0,0.0,0.0,22.0,0.1476510067114094,0.0,0.0,0.0,0.0,0.0,185.7695933431387
65,3900000000000,2.0,16.0,2.921768707482993,2.0,6.0,588,5.0,11.0,7.164965986394558,7.0,11.0,588,13.0,19.0,16.83503401360544,17.0,19.0,588,2.0,8.0,2.6564625850340136,2.0,5.0,588,0.0,112.0,51.355704697986575,48.0,108.0,149,0.0,376.0,147.91946308724832,120.0,360.0,149,1.0,1.0,1.0,1.0,1.0,146,0.9999999999999998,1.0000000000000002,1.0,1.0,1.0,146,1.0,1.5,1.052943176711298,1.0,1.3125,146,0.9999999999999998,1.1972370341609537,1.0218719440363837,1.0,1.1173592981173748,146,552.0,0.0,0.0,406.0,146.0,146.0,0.0,0.0,0.0,0.0,0.0,0.0,1.0,54.0,0.3698630136986301,149.0,146.0,0.9798657718120806,0.0,0.0,0.0,0.0,3.0,0.020134228187919462,54.0,0.3624161073825503,3.0,0.020134228187919462,0.0,0.0,0.0,164.6953597664833
66,3960000000000,2.0,15.0,2.95578231292517,2.0,6.0,588,5.0,10.0,7.083333333333333,7.0,10.0,588,14.0,19.0,16.916666666666668,17.0,19.0,588,2.0,8.0,2.67687074829932,2.0,5.0,588,0.0,112.0,50.63013698630137,50.0,108.0,146,0.0,376.0,146.3013698630137,128.0,360.0,146,1.0,1.0,1.0,1.0,1.0,146,0.9999999999999998,1.0000000000000002,1.0,1.0,1.0000000000000002,146,1.0,1.0,1.0,1.0,1.0,146,0.9999999999999998,1.0000000000000002,1.0,1.0,1.0000000000000002,146,552.0,0.0,0.0,406.0,146.0,146.0,0.0,0.0,0.0,0.0,0.0,0.0,1.0,0.0,0.0,146.0,146.0,1.0,0.0,0.0,0.0,0.0,0.0,0.0,0.0,0.0,0.0,0.0,0.0,0.0,0.0,333.34058709442616
67,4020000000000,2.0,15.0,2.92687074829932,2.0,6.0,588,5.0,10.0,7.083333333333333,7.0,10.0,588,14.0,19.0,16.916666666666668,17.0,19.0,588,2.0,8.0,2.6649659863945576,2.0,5.0,588,0.0,112.0,50.71232876712329,48.0,108.0,146,0.0,376.0,146.13698630136986,120.0,360.0,146,1.0,1.0,1.0,1.0,1.0,146,0.9999999999999998,1.0000000000000002,1.0,1.0,1.0000000000000002,146,1.0,1.3333333333333333,1.0203247817485546,1.0,1.1607142857142858,146,0.9999999999999998,1.0972657907992653,1.0067191158362778,1.0,1.046933677961607,146,552.0,0.0,0.0,406.0,146.0,146.0,0.0,0.0,0.0,0.0,0.0,0.0,1.0,25.0,0.17123287671232876,146.0,146.0,1.0,0.0,0.0,0.0,0.0,0.0,0.0,31.0,0.21232876712328766,0.0,0.0,0.0,0.0,0.0,170.53335346281528
68,4080000000000,2.0,17.0,2.9608843537414966,2.0,6.0,588,5.0,10.0,7.083333333333333,7.0,10.0,588,14.0,19.0,16.916666666666668,17.0,19.0,588,2.0,8.0,2.683673469387755,2.0,5.0,588,0.0,112.0,50.281879194630875,48.0,108.0,149,0.0,376.0,145.0738255033557,120.0,360.0,149,1.0,1.0,1.0,1.0,1.0,149,0.9999999999999998,1.0000000000000002,1.0,1.0,1.0000000000000002,149,1.0,1.5,1.0498546832409752,1.0,1.25,149,0.9999999999999998,1.1736282407364875,1.018268083765641,1.0,1.0991353339272698,149,552.0,0.0,0.0,403.0,149.0,149.0,0.0,0.0,0.0,0.0,0.0,0.0,1.0,55.0,0.3691275167785235,149.0,149.0,1.0,0.0,0.0,0.0,0.0,0.0,0.0,54.0,0.3624161073825503,0.0,0.0,0.0,0.0,0.0,173.89627173542976
69,4140000000000,2.0,17.0,2.9625850340136055,2.0,6.0,588,5.0,10.0,7.25,7.0,10.0,588,14.0,19.0,16.75,17.0,19.0,588,2.0,8.0,2.671768707482993,2.0,5.0,588,0.0,112.0,50.79738562091503,48.0,108.0,153,0.0,376.0,145.77777777777777,120.0,360.0,153,1.0,1.0,1.0,1.0,1.0,153,0.9999999999999998,1.0000000000000002,1.0,1.0,1.0000000000000002,153,1.0,1.0,1.0,1.0,1.0,153,0.9999999999999998,1.0000000000000002,1.0,1.0,1.0000000000000002,153,552.0,0.0,0.0,399.0,153.0,153.0,0.0,0.0,0.0,0.0,0.0,0.0,1.0,0.0,0.0,153.0,153.0,1.0,0.0,0.0,0.0,0.0,0.0,0.0,0.0,0.0,0.0,0.0,0.0,0.0,0.0,344.7391018271446
70,4200000000000,2.0,17.0,2.9659863945578233,2.0,6.0,588,5.0,10.0,7.25,7.0,10.0,588,14.0,19.0,16.75,17.0,19.0,588,2.0,8.0,2.681972789115646,2.0,5.0,588,0.0,112.0,50.35294117647059,52.0,105.60000000000002,153,0.0,376.0,145.41176470588235,136.0,350.4000000000001,153,1.0,1.1333333333333333,1.000871459694989,1.0,1.0,153,0.9999999999999997,1.1154367029582122,1.0007544882546289,1.0,1.0000000000000002,153,1.0,1.5,1.0266983949579183,1.0,1.1371428571428572,153,0.9999999999999998,1.167146061094795,1.0088907595544763,1.0,1.0506960528005118,153,552.0,0.0,0.0,399.0,153.0,153.0,0.0,0.0,0.0,0.0,0.0,0.0,1.0,31.0,0.20261437908496732,153.0,153.0,1.0,0.0,0.0,0.0,0.0,0.0,0.0,28.0,0.1830065359477124,0.0,0.0,0.0,0.0,0.0,147.70602621138096
71,4260000000000,2.0,17.0,2.9812925170068025,2.0,6.0,588,5.0,10.0,7.25,7.0,10.0,588,14.0,19.0,16.75,17.0,19.0,588,2.0,8.0,2.687074829931973,2.0,5.0,588,0.0,112.0,50.96774193548387,48.0,105.19999999999993,155,0.0,376.0,147.2,120.0,348.7999999999997,155,1.0,1.4,1.0058960573476703,1.0,1.0,155,0.9999999999999998,1.2786630959721819,1.0045571116693615,1.0,1.0000000000000002,155,1.0,1.5,1.0631417014929339,1.0,1.3333333333333333,155,0.9999999999999998,1.2786630959721819,1.0262448681490655,1.0,1.127342313465566,155,552.0,0.0,0.0,393.0,159.0,155.0,4.0,0.0,4.0,0.0,0.0,0.0,0.9748427672955975,60.0,0.3870967741935484,155.0,155.0,1.0,0.0,0.0,0.0,0.0,0.0,0.0,61.0,0.3935483870967742,0.0,0.0,0.0,0.0,0.0,177.12491936981678
72,4320000000000,2.0,17.0,2.9744897959183674,2.0,6.0,588,5.0,10.0,7.333333333333333,7.0,10.0,588,14.0,19.0,16.666666666666668,17.0,19.0,588,2.0,8.0,2.683673469387755,2.0,5.0,588,0.0,112.0,49.65605095541401,48.0,108.0,157,0.0,376.0,143.13375796178343,120.0,360.0,157,1.0,1.0,1.0,1.0,1.0,157,0.9999999999999998,1.0000000000000002,1.0,1.0,1.0000000000000002,157,1.0,1.0,1.0,1.0,1.0,157,0.9999999999999998,1.0000000000000002,1.0,1.0,1.0000000000000002,157,552.0,0.0,0.0,395.0,157.0,157.0,0.0,0.0,0.0,0.0,0.0,0.0,1.0,0.0,0.0,157.0,157.0,1.0,0.0,0.0,0.0,0.0,0.0,0.0,0.0,0.0,0.0,0.0,0.0,0.0,0.0,595.5593958497047
73,4380000000000,2.0,17.0,2.9812925170068025,2.0,6.0,588,5.0,10.0,7.333333333333333,7.0,10.0,588,14.0,19.0,16.666666666666668,17.0,19.0,588,2.0,8.0,2.681972789115646,2.0,5.0,588,0.0,112.0,49.79746835443038,48.0,104.60000000000002,158,0.0,376.0,142.68354430379748,120.0,346.4000000000001,158,1.0,1.0,1.0,1.0,1.0,158,0.9999999999999997,1.0000000000000002,1.0,1.0,1.0000000000000002,158,1.0,1.25,1.0117839668970245,1.0,1.084469696969697,158,0.9999999999999997,1.1423095076780434,1.0054576576219725,1.0,1.0362210589709764,158,552.0,0.0,0.0,394.0,158.0,158.0,0.0,0.0,0.0,0.0,0.0,0.0,1.0,20.0,0.12658227848101267,158.0,158.0,1.0,0.0,0.0,0.0,0.0,0.0,0.0,24.0,0.1518987341772152,0.0,0.0,0.0,0.0,0.0,159.79102440178394
74,4440000000000,2.0,17.0,2.9625850340136055,2.0,6.0,588,5.0,10.0,7.333333333333333,7.0,10.0,588,14.0,19.0,16.666666666666668,17.0,19.0,588,2.0,8.0,2.6802721088435373,2.0,5.0,588,0.0,112.0,50.25316455696203,48.0,108.0,158,0.0,376.0,142.68354430379748,120.0,360.0,158,1.0,2.0,1.0112409390890404,1.0,1.0,158,0.9999999999999997,1.480987379851252,1.0067974768859032,1.0,1.0000000000000002,158,1.0,2.0,1.0752182864782245,1.0,1.5,158,0.9999999999999997,1.480987379851252,1.031459028701088,1.0,1.1504674691813923,158,552.0,0.0,0.0,394.0,158.0,158.0,0.0,0.0,0.0,0.0,0.0,0.0,1.0,61.0,0.3860759493670886,158.0,158.0,1.0,0.0,0.0,0.0,0.0,0.0,0.0,58.0,0.3670886075949367,0.0,0.0,0.0,0.0,0.0,169.81391981244087
75,4500000000000,2.0,17.0,2.9829931972789114,2.0,6.0,588,5.0,10.0,7.416666666666667,7.5,10.0,588,14.0,19.0,16.583333333333332,16.5,19.0,588,2.0,8.0,2.6802721088435373,2.0,5.0,588,0.0,116.0,50.25,48.0,108.0,160,0.0,392.0,143.85,120.0,360.0,160,1.0,1.0,1.0,1.0,1.0,160,0.9999999999999997,1.0000000000000002,1.0,1.0,1.0,160,1.0,1.0,1.0,1.0,1.0,160,0.9999999999999997,1.0000000000000002,1.0,1.0,1.0,160,552.0,0.0,0.0,392.0,160.0,160.0,0.0,0.0,0.0,0.0,0.0,0.0,1.0,0.0,0.0,160.0,160.0,1.0,0.0,0.0,0.0,0.0,0.0,0.0,0.0,0.0,0.0,0.0,0.0,0.0,0.0,271.7986088246107
76,4560000000000,2.0,17.0,2.954081632653061,2.0,6.0,588,5.0,10.0,7.416666666666667,7.5,10.0,588,14.0,19.0,16.583333333333332,16.5,19.0,588,2.0,8.0,2.6683673469387754,2.0,5.0,588,0.0,116.0,50.63291139240506,48.0,108.0,158,0.0,392.0,144.65822784810126,120.0,360.0,158,1.0,1.0,1.0,1.0,1.0,158,0.9999999999999998,1.0000000000000002,1.0,1.0,1.0000000000000002,158,1.0,1.5,1.037719209676087,1.0,1.25,158,0.9999999999999998,1.1809222588284352,1.0129406974428332,1.0,1.0891158534362406,158,552.0,0.0,0.0,394.0,158.0,158.0,0.0,0.0,0.0,0.0,0.0,0.0,1.0,35.0,0.22151898734177214,158.0,158.0,1.0,0.0,0.0,0.0,0.0,0.0,0.0,25.0,0.15822784810126583,0.0,0.0,0.0,0.0,0.0,242.24182777106762
77,4620000000000,2.0,17.0,2.9761904761904763,2.0,6.0,588,5.0,10.0,7.416666666666667,7.5,10.0,588,14.0,19.0,16.583333333333332,16.5,19.0,588,2.0,8.0,2.6802721088435373,2.0,5.0,588,0.0,116.0,50.50632911392405,50.0,108.0,158,0.0,392.0,145.0632911392405,128.0,360.0,158,1.0,2.0,1.0173915395434383,1.0,1.005769230769231,158,0.9999999999999998,1.4876870510449591,1.011343597092394,1.0,1.0054503867316245,158,1.0,2.0,1.0708658454826099,1.0,1.3333333333333333,158,0.9999999999999998,1.4876870510449591,1.0324270970930156,1.0,1.1642780031003,158,552.0,0.0,0.0,394.0,158.0,158.0,0.0,0.0,0.0,0.0,0.0,0.0,1.0,60.0,0.379746835443038,158.0,158.0,1.0,0.0,0.0,0.0,0.0,0.0,0.0,67.0,0.4240506329113924,0.0,0.0,0.0,0.0,0.0,171.48954421281815
78,4680000000000,2.0,16.0,2.9608843537414966,2.0,6.0,588,5.0,10.0,7.25,7.0,10.0,588,14.0,19.0,16.75,17.0,19.0,588,2.0,8.0,2.683673469387755,2.0,5.0,588,0.0,116.0,50.06535947712418,48.0,108.0,153,0.0,392.0,144.73202614379085,120.0,360.0,153,1.0,1.0,1.0,1.0,1.0,153,0.9999999999999998,1.0000000000000002,1.0,1.0,1.0000000000000002,153,1.0,1.0,1.0,1.0,1.0,153,0.9999999999999998,1.0000000000000002,1.0,1.0,1.0000000000000002,153,552.0,0.0,0.0,399.0,153.0,153.0,0.0,0.0,0.0,0.0,0.0,0.0,1.0,0.0,0.0,153.0,153.0,1.0,0.0,0.0,0.0,0.0,0.0,0.0,0.0,0.0,0.0,0.0,0.0,0.0,0.0,292.1207398176193
79,4740000000000,2.0,16.0,2.95578231292517,2.0,6.0,588,5.0,10.0,7.246598639455782,7.0,10.0,588,14.0,19.0,16.753401360544217,17.0,19.0,588,2.0,8.0,2.6683673469387754,2.0,5.0,588,0.0,116.0,49.98692810457516,52.0,108.0,153,0.0,392.0,144.88888888888889,136.0,360.0,153,1.0,1.0,1.0,1.0,1.0,151,0.9999999999999998,1.0000000000000004,1.0,1.0,1.0000000000000002,151,1.0,1.3333333333333333,1.0233991643414333,1.0,1.1339285714285714,151,0.9999999999999998,1.1558933310557973,1.0086228473297367,1.0,1.0478453327784398,151,552.0,0.0,0.0,401.0,151.0,151.0,0.0,0.0,0.0,0.0,0.0,0.0,1.0,32.0,0.2119205298013245,153.0,151.0,0.9869281045751634,0.0,0.0,0.0,0.0,2.0,0.013071895424836602,33.0,0.21568627450980393,2.0,0.013071895424836602,0.0,0.0,0.0,253.37783060967922
80,4800000000000,2.0,15.0,2.9642857142857144,2.0,6.0,588,5.0,10.0,7.246598639455782,7.0,10.0,588,14.0,19.0,16.753401360544217,17.0,19.0,588,2.0,8.0,2.687074829931973,2.0,5.0,588,0.0,112.0,50.71895424836601,52.0,105.60000000000002,153,0.0,376.0,145.9346405228758,136.0,350.4000000000001,153,1.0,1.0,1.0,1.0,1.0,151,0.9999999999999997,1.0000000000000002,1.0,1.0,1.0000000000000002,151,1.0,1.5,1.0514669767905054,1.0,1.225,151,0.9999999999999997,1.1539548420209123,1.0198569979273535,1.0,1.0866122256260056,151,552.0,0.0,0.0,401.0,151.0,151.0,0.0,0.0,0.0,0.0,0.0,0.0,1.0,59.0,0.39072847682119205,153.0,151.0,0.9869281045751634,0.0,0.0,0.0,0.0,2.0,0.013071895424836602,56.0,0.3660130718954248,2.0,0.013071895424836602,0.0,0.0,0.0,168.07748563587666
81,4860000000000,2.0,16.0,2.935374149659864,2.0,5.649999999999977,588,5.0,10.0,7.083333333333333,7.0,10.0,588,14.0,19.0,16.916666666666668,17.0,19.0,588,2.0,8.0,2.6649659863945576,2.0,5.0,588,0.0,116.0,50.33112582781457,52.0,108.0,151,0.0,392.0,145.53642384105962,136.0,360.0,151,1.0,1.0,1.0,1.0,1.0,151,0.9999999999999998,1.0000000000000002,1.0,1.0,1.0000000000000002,151,1.0,1.0,1.0,1.0,1.0,151,0.9999999999999998,1.0000000000000002,1.0,1.0,1.0000000000000002,151,552.0,0.0,0.0,401.0,151.0,151.0,0.0,0.0,0.0,0.0,0.0,0.0,1.0,0.0,0.0,151.0,151.0,1.0,0.0,0.0,0.0,0.0,0.0,0.0,0.0,0.0,0.0,0.0,0.0,0.0,0.0,274.4769807904959
82,4920000000000,2.0,15.0,2.957482993197279,2.0,6.0,588,5.0,10.0,7.083333333333333,7.0,10.0,588,14.0,19.0,16.916666666666668,17.0,19.0,588,2.0,8.0,2.683673469387755,2.0,5.0,588,0.0,116.0,50.80794701986755,52.0,104.0,151,0.0,392.0,146.01324503311258,136.0,344.0,151,1.0,1.0,1.0,1.0,1.0,151,0.9999999999999997,1.0000000000000002,1.0,1.0,1.0000000000000002,151,1.0,1.5,1.0175782605702315,1.0,1.1,151,0.9999999999999997,1.1300806847687335,1.007171797349661,1.0,1.050972521029844,151,552.0,0.0,0.0,401.0,151.0,151.0,0.0,0.0,0.0,0.0,0.0,0.0,1.0,25.0,0.16556291390728478,151.0,151.0,1.0,0.0,0.0,0.0,0.0,0.0,0.0,18.0,0.11920529801324503,0.0,0.0,0.0,0.0,0.0,173.17167483270168
83,4980000000000,2.0,16.0,2.9285714285714284,2.0,5.649999999999977,588,5.0,10.0,7.083333333333333,7.0,10.0,588,14.0,19.0,16.916666666666668,17.0,19.0,588,2.0,8.0,2.6598639455782314,2.0,5.0,588,0.0,116.0,51.333333333333336,50.0,108.0,150,0.0,392.0,148.21333333333334,128.0,360.0,150,1.0,1.0384615384615385,1.0002564102564102,1.0,1.0,150,0.9999999999999998,1.034599901315274,1.0002306660087685,1.0,1.0000000000000002,150,1.0,1.5,1.0580931370489588,1.0,1.2958333333333318,150,0.9999999999999998,1.2568176398202926,1.02249565778832,1.0,1.1202534296381175,150,552.0,0.0,0.0,402.0,150.0,150.0,0.0,0.0,0.0,0.0,0.0,0.0,1.0,60.0,0.4,150.0,150.0,1.0,0.0,0.0,0.0,0.0,0.0,0.0,50.0,0.3333333333333333,0.0,0.0,0.0,0.0,0.0,199.63764399290085
84,5040000000000,2.0,16.0,2.9659863945578233,2.0,6.0,588,5.0,10.0,7.083333333333333,7.0,10.0,588,14.0,19.0,16.916666666666668,17.0,19.0,588,2.0,8.0,2.6785714285714284,2.0,5.0,588,0.0,116.0,51.04635761589404,52.0,108.0,151,0.0,392.0,147.4437086092715,136.0,360.0,151,1.0,1.0,1.0,1.0,1.0,151,0.9999999999999997,1.0000000000000002,1.0,1.0,1.0000000000000002,151,1.0,1.0,1.0,1.0,1.0,151,0.9999999999999997,1.0000000000000002,1.0,1.0,1.0000000000000002,151,552.0,0.0,0.0,401.0,151.0,151.0,0.0,0.0,0.0,0.0,0.0,0.0,1.0,0.0,0.0,151.0,151.0,1.0,0.0,0.0,0.0,0.0,0.0,0.0,0.0,0.0,0.0,0.0,0.0,0.0,0.0,282.7374245971441
85,5100000000000,2.0,16.0,2.925170068027211,2.0,6.0,588,5.0,10.0,7.083333333333333,7.0,10.0,588,14.0,19.0,16.916666666666668,17.0,19.0,588,2.0,8.0,2.6649659863945576,2.0,5.0,588,0.0,112.0,51.33774834437086,52.0,108.0,151,0.0,376.0,148.13245033112582,136.0,360.0,151,1.0,1.0,1.0,1.0,1.0,151,0.9999999999999998,1.0000000000000002,1.0,1.0,1.0,151,1.0,1.5,1.0264346979800647,1.0,1.1555555555555554,151,0.9999999999999998,1.1457148744400807,1.0076686666197245,1.0,1.0437033345635414,151,552.0,0.0,0.0,401.0,151.0,151.0,0.0,0.0,0.0,0.0,0.0,0.0,1.0,30.0,0.1986754966887417,151.0,151.0,1.0,0.0,0.0,0.0,0.0,0.0,0.0,27.0,0.17880794701986755,0.0,0.0,0.0,0.0,0.0,158.8820032775402
86,5160000000000,2.0,16.0,2.938775510204082,2.0,5.0,588,5.0,10.0,7.083333333333333,7.0,10.0,588,14.0,19.0,16.916666666666668,17.0,19.0,588,2.0,8.0,2.6683673469387754,2.0,5.0,588,0.0,116.0,51.55555555555556,52.0,108.0,153,0.0,392.0,149.281045751634,136.0,360.0,153,1.0,1.0,1.0,1.0,1.0,153,0.9999999999999998,1.0000000000000002,1.0,1.0,1.0000000000000002,153,1.0,1.5,1.059473135875523,1.0,1.3333333333333333,153,0.9999999999999999,1.2057947132271378,1.0227539372588756,1.0,1.1319921894951461,153,552.0,0.0,0.0,399.0,153.0,153.0,0.0,0.0,0.0,0.0,0.0,0.0,1.0,62.0,0.40522875816993464,153.0,153.0,1.0,0.0,0.0,0.0,0.0,0.0,0.0,58.0,0.3790849673202614,0.0,0.0,0.0,0.0,0.0,251.63918733596802
87,5220000000000,2.0,15.0,2.945578231292517,2.0,6.0,588,5.0,10.0,7.083333333333333,7.0,10.0,588,14.0,19.0,16.916666666666668,17.0,19.0,588,2.0,8.0,2.671768707482993,2.0,5.0,588,0.0,116.0,51.17880794701987,52.0,108.0,151,0.0,392.0,147.97350993377484,136.0,360.0,151,1.0,1.0,1.0,1.0,1.0,151,0.9999999999999998,1.0000000000000002,1.0,1.0,1.0000000000000002,151,1.0,1.0,1.0,1.0,1.0,151,0.9999999999999998,1.0000000000000002,1.0,1.0,1.0000000000000002,151,552.0,0.0,0.0,401.0,151.0,151.0,0.0,0.0,0.0,0.0,0.0,0.0,1.0,0.0,0.0,151.0,151.0,1.0,0.0,0.0,0.0,0.0,0.0,0.0,0.0,0.0,0.0,0.0,0.0,0.0,0.0,267.44346879422665
88,5280000000000,2.0,16.0,2.933673469387755,2.0,5.649999999999977,588,5.0,10.0,7.083333333333333,7.0,10.0,588,14.0,19.0,16.916666666666668,17.0,19.0,588,2.0,8.0,2.663265306122449,2.0,5.0,588,0.0,116.0,51.08496732026144,52.0,108.0,153,0.0,392.0,148.33986928104576,136.0,360.0,153,1.0,1.0,1.0,1.0,1.0,153,0.9999999999999997,1.0000000000000002,1.0,1.0,1.0000000000000002,153,1.0,1.5,1.0306267978966188,1.0,1.2200000000000002,153,0.9999999999999997,1.1962256522438208,1.0111282946253204,1.0,1.0674528516630664,153,552.0,0.0,0.0,397.0,155.0,153.0,2.0,0.0,2.0,0.0,0.0,0.0,0.9870967741935484,32.0,0.20915032679738563,153.0,153.0,1.0,0.0,0.0,0.0,0.0,0.0,0.0,30.0,0.19607843137254902,0.0,0.0,0.0,0.0,0.0,168.67247223854065
89,5340000000000,2.0,15.0,2.947278911564626,2.0,6.0,588,5.0,10.0,7.083333333333333,7.0,10.0,588,14.0,19.0,16.916666666666668,17.0,19.0,588,2.0,8.0,2.673469387755102,2.0,5.0,588,0.0,116.0,51.55555555555556,52.0,108.0,153,0.0,392.0,148.81045751633988,136.0,360.0,153,1.0,1.0384615384615385,1.0005027652086478,1.0,1.0,153,0.9999999999999998,1.0346228727447773,1.0004521482296547,1.0,1.0000000000000002,153,1.0,1.5,1.05889789334329,1.0,1.3333333333333333,153,0.9999999999999998,1.2424130804751055,1.0239395790943495,1.0,1.126111463568311,153,552.0,0.0,0.0,397.0,155.0,153.0,2.0,0.0,2.0,0.0,0.0,0.0,0.9870967741935484,60.0,0.39215686274509803,153.0,153.0,1.0,0.0,0.0,0.0,0.0,0.0,0.0,59.0,0.38562091503267976,0.0,0.0,0.0,0.0,0.0,168.02223399281502
90,5400000000000,2.0,16.0,2.9506802721088436,2.0,6.0,588,5.0,10.0,7.25,7.0,10.0,588,14.0,19.0,16.75,17.0,19.0,588,2.0,8.0,2.675170068027211,2.0,5.0,588,0.0,116.0,52.611464968152866,52.0,108.0,157,0.0,392.0,152.20382165605096,136.0,360.0,157,1.0,1.0,1.0,1.0,1.0,157,0.9999999999999998,1.0000000000000002,1.0,1.0,1.0000000000000002,157,1.0,1.0,1.0,1.0,1.0,157,0.9999999999999998,1.0000000000000002,1.0,1.0,1.0000000000000002,157,552.0,0.0,0.0,395.0,157.0,157.0,0.0,0.0,0.0,0.0,0.0,0.0,1.0,0.0,0.0,157.0,157.0,1.0,0.0,0.0,0.0,0.0,0.0,0.0,0.0,0.0,0.0,0.0,0.0,0.0,0.0,362.17630468308926
91,5460000000000,2.0,15.0,2.9506802721088436,2.0,6.0,588,5.0,10.0,7.25,7.0,10.0,588,14.0,19.0,16.75,17.0,19.0,588,2.0,8.0,2.6683673469387754,2.0,5.0,588,0.0,116.0,51.848101265822784,52.0,104.60000000000002,158,0.0,392.0,149.0632911392405,136.0,346.4000000000001,158,1.0,1.0,1.0,1.0,1.0,158,0.9999999999999998,1.0000000000000002,1.0,1.0,1.0000000000000002,158,1.0,1.5,1.0259923482949798,1.0,1.25,158,0.9999999999999998,1.1778118153462536,1.0105777044832422,1.0,1.0768323982527999,158,552.0,0.0,0.0,392.0,160.0,158.0,2.0,0.0,2.0,0.0,0.0,0.0,0.9875,24.0,0.1518987341772152,158.0,158.0,1.0,0.0,0.0,0.0,0.0,0.0,0.0,31.0,0.1962025316455696,0.0,0.0,0.0,0.0,0.0,186.0242336988449
92,5520000000000,2.0,16.0,2.937074829931973,2.0,5.649999999999977,588,5.0,10.0,7.25,7.0,10.0,588,14.0,19.0,16.75,17.0,19.0,588,2.0,8.0,2.6615646258503403,2.0,5.0,588,0.0,112.0,53.27388535031847,52.0,108.0,157,0.0,376.0,153.01910828025478,136.0,360.0,157,1.0,1.1818181818181819,1.0028565913916232,1.0,1.0,157,0.9999999999999997,1.152041018740213,1.002450667475474,1.0,1.0000000000000002,157,1.0,1.5,1.0570016316204436,1.0,1.25,157,0.9999999999999997,1.2050999145168415,1.0244051482462517,1.0,1.145889180712035,157,552.0,0.0,0.0,393.0,159.0,157.0,2.0,0.0,2.0,0.0,0.0,0.0,0.9874213836477987,61.0,0.3885350318471338,157.0,157.0,1.0,0.0,0.0,0.0,0.0,0.0,0.0,64.0,0.40764331210191085,0.0,0.0,0.0,0.0,0.0,172.73325100541115
93,5580000000000,2.0,16.0,2.9608843537414966,2.0,6.0,588,6.0,10.0,7.333333333333333,7.0,10.0,588,14.0,18.0,16.666666666666668,17.0,18.0,588,2.0,8.0,2.675170068027211,2.0,5.0,588,0.0,112.0,51.525,52.0,108.0,160,0.0,376.0,148.95,136.0,360.0,160,1.0,1.0,1.0,1.0,1.0,160,0.9999999999999997,1.0000000000000002,1.0,1.0,1.0000000000000002,160,1.0,1.0,1.0,1.0,1.0,160,0.9999999999999997,1.0000000000000002,1.0,1.0,1.0000000000000002,160,552.0,0.0,0.0,392.0,160.0,160.0,0.0,0.0,0.0,0.0,0.0,0.0,1.0,0.0,0.0,160.0,160.0,1.0,0.0,0.0,0.0,0.0,0.0,0.0,0.0,0.0,0.0,0.0,0.0,0.0,0.0,377.8907489031553
94,5640000000000,2.0,15.0,2.937074829931973,2.0,6.0,588,6.0,10.0,7.329931972789115,7.0,10.0,588,14.0,18.0,16.670068027210885,17.0,18.0,588,2.0,7.0,2.6683673469387754,2.0,5.0,588,0.0,116.0,52.9559748427673,52.0,108.0,159,0.0,392.0,152.50314465408806,136.0,360.0,159,1.0,1.0,1.0,1.0,1.0,156,0.9999999999999998,1.0000000000000002,1.0,1.0,1.0000000000000002,156,1.0,1.5,1.0257547108570126,1.0,1.1333333333333333,156,0.9999999999999998,1.14891005574413,1.0085370311457256,1.0,1.0533827792088637,156,552.0,0.0,0.0,396.0,156.0,156.0,0.0,0.0,0.0,0.0,0.0,0.0,1.0,32.0,0.20512820512820512,159.0,156.0,0.9811320754716981,0.0,0.0,0.0,0.0,3.0,0.018867924528301886,24.0,0.1509433962264151,3.0,0.018867924528301886,0.0,0.0,0.0,186.87203153967857
95,5700000000000,2.0,16.0,2.931972789115646,2.0,5.0,588,6.0,10.0,7.328231292517007,7.0,10.0,588,14.0,18.0,16.671768707482993,17.0,18.0,588,2.0,8.0,2.6615646258503403,2.0,5.0,588,0.0,116.0,51.95,52.0,108.0,160,0.0,392.0,150.2,136.0,360.0,160,1.0,1.1818181818181819,1.0016480334951674,1.0,1.0,157,0.9999999999999996,1.152489986634628,1.001411347920691,1.0,1.0000000000000002,157,1.0,1.5,1.0497989995369648,1.0,1.2599999999999993,157,0.9999999999999996,1.2384559148544256,1.0198964042218477,1.0,1.0773690599359942,157,552.0,0.0,0.0,393.0,159.0,157.0,2.0,0.0,2.0,0.0,0.0,0.0,0.9874213836477987,58.0,0.36942675159235666,160.0,157.0,0.98125,0.0,0.0,0.0,0.0,3.0,0.01875,60.0,0.375,3.0,0.01875,0.0,0.0,0.0,184.27710980176926
96,5760000000000,2.0,15.0,2.931972789115646,2.0,6.0,588,5.0,10.0,7.166666666666667,7.0,10.0,588,14.0,19.0,16.833333333333332,17.0,19.0,588,2.0,7.0,2.6649659863945576,2.0,5.0,588,0.0,116.0,51.54140127388535,52.0,108.0,157,0.0,392.0,147.9235668789809,136.0,360.0,157,1.0,1.0,1.0,1.0,1.0,157,0.9999999999999998,1.0000000000000002,1.0,1.0,1.0000000000000002,157,1.0,1.0,1.0,1.0,1.0,157,0.9999999999999998,1.0000000000000002,1.0,1.0,1.0000000000000002,157,552.0,0.0,0.0,395.0,157.0,157.0,0.0,0.0,0.0,0.0,0.0,0.0,1.0,0.0,0.0,157.0,157.0,1.0,0.0,0.0,0.0,0.0,0.0,0.0,0.0,0.0,0.0,0.0,0.0,0.0,0.0,432.13086389005184
97,5820000000000,2.0,16.0,2.9404761904761907,2.0,6.0,588,5.0,10.0,7.164965986394558,7.0,10.0,588,14.0,19.0,16.83503401360544,17.0,19.0,588,2.0,8.0,2.6598639455782314,2.0,5.0,588,0.0,116.0,51.34591194968554,52.0,108.0,159,0.0,392.0,147.42138364779873,136.0,360.0,159,1.0,1.0384615384615385,1.0004899559039688,1.0,1.0,157,0.9999999999999998,1.0345713879324387,1.0004395425237171,1.0,1.0000000000000002,157,1.0,1.5,1.0288476963092839,1.0,1.2099999999999993,157,0.9999999999999998,1.1601219048139069,1.0107386411573467,1.0,1.066649060188266,157,552.0,0.0,0.0,395.0,157.0,157.0,0.0,0.0,0.0,0.0,0.0,0.0,1.0,34.0,0.21656050955414013,159.0,157.0,0.9874213836477987,0.0,0.0,0.0,0.0,2.0,0.012578616352201259,33.0,0.20754716981132076,2.0,0.012578616352201259,0.0,0.0,0.0,101.26887261867523
98,5880000000000,2.0,15.0,2.9591836734693877,2.0,6.0,588,5.0,10.0,7.164965986394558,7.0,10.0,588,14.0,19.0,16.83503401360544,17.0,19.0,588,2.0,7.0,2.663265306122449,2.0,5.0,588,0.0,116.0,51.64102564102564,52.0,108.0,156,0.0,392.0,148.4102564102564,136.0,360.0,156,1.0,1.5,1.0034965034965035,1.0,1.0,154,0.9999999999999998,1.31973932365827,1.0022997526608934,1.0,1.0000000000000002,154,1.0,1.5,1.0632740774094027,1.0,1.3333333333333333,154,0.9999999999999998,1.31973932365827,1.0270560467370349,1.0,1.1304270087010595,154,552.0,0.0,0.0,398.0,154.0,154.0,0.0,0.0,0.0,0.0,0.0,0.0,1.0,62.0,0.4025974025974026,156.0,154.0,0.9871794871794872,0.0,0.0,0.0,0.0,2.0,0.01282051282051282,59.0,0.3782051282051282,2.0,0.01282051282051282,0.0,0.0,0.0,165.90596362948418
99,5940000000000,2.0,16.0,2.957482993197279,2.0,6.0,588,5.0,10.0,7.166666666666667,7.0,10.0,588,14.0,19.0,16.833333333333332,17.0,19.0,588,2.0,8.0,2.675170068027211,2.0,5.0,588,0.0,116.0,51.8,52.0,108.0,160,0.0,392.0,149.15,136.0,360.0,160,1.0,1.0,1.0,1.0,1.0,160,0.9999999999999998,1.0000000000000002,1.0,1.0,1.0000000000000002,160,1.0,1.0,1.0,1.0,1.0,160,0.9999999999999998,1.0000000000000002,1.0,1.0,1.0000000000000002,160,552.0,0.0,0.0,392.0,160.0,160.0,0.0,0.0,0.0,0.0,0.0,0.0,1.0,0.0,0.0,160.0,160.0,1.0,0.0,0.0,0.0,0.0,0.0,0.0,0.0,0.0,0.0,0.0,0.0,0.0,0.0,349.8653154820204
100,6000000000000,2.0,15.0,2.954081632653061,2.0,6.0,588,5.0,10.0,7.163265306122449,7.0,10.0,588,14.0,19.0,16.836734693877553,17.0,19.0,588,2.0,7.0,2.6547619047619047,2.0,5.0,588,0.0,116.0,51.44654088050314,48.0,108.0,159,0.0,392.0,147.37106918238993,120.0,360.0,159,1.0,1.0,1.0,1.0,1.0,155,0.9999999999999998,1.0000000000000002,1.0,1.0,1.0000000000000002,155,1.0,1.3333333333333333,1.0164227761485825,1.0,1.0936363636363635,155,0.9999999999999998,1.1093278376245115,1.0058073039547129,1.0,1.0439710418430441,155,552.0,0.0,0.0,397.0,155.0,155.0,0.0,0.0,0.0,0.0,0.0,0.0,1.0,20.0,0.12903225806451613,159.0,155.0,0.9748427672955975,0.0,0.0,0.0,0.0,4.0,0.025157232704402517,36.0,0.22641509433962265,4.0,0.025157232704402517,0.0,0.0,0.0,170.89385353028774
101,6060000000000,2.0,15.0,2.9642857142857144,2.0,6.0,588,5.0,10.0,7.163265306122449,7.0,10.0,588,14.0,19.0,16.836734693877553,17.0,19.0,588,2.0,7.0,2.6666666666666665,2.0,5.0,588,0.0,116.0,52.0,48.0,108.0,159,0.0,392.0,149.58490566037736,120.0,360.0,159,1.0,1.0833333333333333,1.0013019023986767,1.0,1.0,155,0.9999999999999997,1.0764979067254576,1.0011905189036028,1.0,1.0000000000000002,155,1.0,1.5,1.0491775496318438,1.0,1.25,155,0.9999999999999997,1.1949385118947995,1.0216103537950492,1.0,1.1081503242978328,155,552.0,0.0,0.0,397.0,155.0,155.0,0.0,0.0,0.0,0.0,0.0,0.0,1.0,56.0,0.36129032258064514,159.0,155.0,0.9748427672955975,0.0,0.0,0.0,0.0,4.0,0.025157232704402517,57.0,0.3584905660377358,4.0,0.025157232704402517,0.0,0.0,0.0,159.5844104886055
102,6120000000000,2.0,15.0,2.9625850340136055,2.0,6.0,588,5.0,9.0,7.166666666666667,7.0,9.0,588,15.0,19.0,16.833333333333332,17.0,19.0,588,2.0,7.0,2.663265306122449,2.0,5.0,588,0.0,112.0,51.19496855345912,48.0,108.0,159,0.0,376.0,145.91194968553458,120.0,360.0,159,1.0,1.0,1.0,1.0,1.0,159,0.9999999999999998,1.0000000000000002,1.0,1.0,1.0000000000000002,159,1.0,1.0,1.0,1.0,1.0,159,0.9999999999999998,1.0000000000000002,1.0,1.0,1.0000000000000002,159,552.0,0.0,0.0,393.0,159.0,159.0,0.0,0.0,0.0,0.0,0.0,0.0,1.0,0.0,0.0,159.0,159.0,1.0,0.0,0.0,0.0,0.0,0.0,0.0,0.0,0.0,0.0,0.0,0.0,0.0,0.0,291.4778031408787
103,6180000000000,2.0,15.0,2.947278911564626,2.0,6.0,588,5.0,9.0,7.166666666666667,7.0,9.0,588,15.0,19.0,16.833333333333332,17.0,19.0,588,2.0,7.0,2.6615646258503403,2.0,5.0,588,0.0,116.0,51.698113207547166,52.0,108.0,159,0.0,392.0,147.47169811320754,136.0,360.0,159,1.0,1.25,1.001572327044025,1.0,1.0,159,0.9999999999999998,1.1959204468563156,1.0012322040682788,1.0,1.0000000000000002,159,1.0,1.3333333333333333,1.0254939880555138,1.0,1.2049999999999996,159,0.9999999999999998,1.1959204468563156,1.0100083175508312,1.0,1.0604229765636122,159,552.0,0.0,0.0,393.0,159.0,159.0,0.0,0.0,0.0,0.0,0.0,0.0,1.0,29.0,0.18238993710691823,159.0,159.0,1.0,0.0,0.0,0.0,0.0,0.0,0.0,26.0,0.16352201257861634,0.0,0.0,0.0,0.0,0.0,252.05466523766518
104,6240000000000,2.0,15.0,2.945578231292517,2.0,6.0,588,5.0,9.0,7.166666666666667,7.0,9.0,588,15.0,19.0,16.833333333333332,17.0,19.0,588,2.0,7.0,2.6598639455782314,2.0,5.0,588,0.0,116.0,51.62264150943396,52.0,108.0,159,0.0,392.0,147.62264150943398,136.0,360.0,159,1.0,1.5,1.0106192549588775,1.0,1.0,159,0.9999999999999998,1.32038641813033,1.0072494914005934,1.0,1.0000000000000002,159,1.0,1.5,1.0612327062733935,1.0,1.2583333333333329,159,0.9999999999999998,1.32038641813033,1.0284904486941795,1.0,1.1290054120773352,159,552.0,0.0,0.0,393.0,159.0,159.0,0.0,0.0,0.0,0.0,0.0,0.0,1.0,63.0,0.39622641509433965,159.0,159.0,1.0,0.0,0.0,0.0,0.0,0.0,0.0,57.0,0.3584905660377358,0.0,0.0,0.0,0.0,0.0,184.53938141465187
105,6300000000000,2.0,15.0,2.947278911564626,2.0,6.0,588,5.0,9.0,7.166666666666667,7.0,9.0,588,15.0,19.0,16.833333333333332,17.0,19.0,588,2.0,7.0,2.6615646258503403,2.0,5.0,588,0.0,112.0,51.698113207547166,52.0,108.0,159,0.0,376.0,147.47169811320754,136.0,360.0,159,1.0,1.0,1.0,1.0,1.0,159,0.9999999999999998,1.0000000000000002,1.0,1.0,1.0000000000000002,159,1.0,1.0,1.0,1.0,1.0,159,0.9999999999999998,1.0000000000000002,1.0,1.0,1.0000000000000002,159,552.0,0.0,0.0,393.0,159.0,159.0,0.0,0.0,0.0,0.0,0.0,0.0,1.0,0.0,0.0,159.0,159.0,1.0,0.0,0.0,0.0,0.0,0.0,0.0,0.0,0.0,0.0,0.0,0.0,0.0,0.0,308.90910886228085
106,6360000000000,2.0,15.0,2.957482993197279,2.0,6.0,588,5.0,9.0,7.164965986394558,7.0,9.0,588,15.0,19.0,16.83503401360544,17.0,19.0,588,2.0,7.0,2.6598639455782314,2.0,5.0,588,0.0,116.0,51.698113207547166,52.0,108.0,159,0.0,392.0,147.9245283018868,136.0,360.0,159,1.0,1.0,1.0,1.0,1.0,156,0.9999999999999998,1.0000000000000002,1.0,1.0,1.0000000000000002,156,1.0,1.5,1.0263226449500873,1.0,1.1428571428571428,156,0.9999999999999998,1.1843633278053423,1.0095319537813892,1.0,1.0471464808092699,156,552.0,0.0,0.0,396.0,156.0,156.0,0.0,0.0,0.0,0.0,0.0,0.0,1.0,35.0,0.22435897435897437,159.0,156.0,0.9811320754716981,0.0,0.0,0.0,0.0,3.0,0.018867924528301886,18.0,0.11320754716981132,3.0,0.018867924528301886,0.0,0.0,0.0,299.27102103829384
107,6420000000000,2.0,15.0,2.9710884353741496,2.0,6.0,588,5.0,9.0,7.163265306122449,7.0,9.0,588,15.0,19.0,16.836734693877553,17.0,19.0,588,2.0,7.0,2.671768707482993,2.0,5.0,588,0.0,116.0,51.64779874213836,48.0,108.0,159,0.0,392.0,148.1761006289308,120.0,360.0,159,1.0,1.0,1.0,1.0,1.0,155,0.9999999999999997,1.0000000000000002,1.0,1.0,1.0000000000000002,155,1.0,1.5,1.0571484883424729,1.0,1.3333333333333333,155,0.9999999999999997,1.2746701881655371,1.0244410614936175,1.0,1.1073473614864764,155,552.0,0.0,0.0,394.0,158.0,155.0,3.0,0.0,3.0,0.0,0.0,0.0,0.9810126582278481,65.0,0.41935483870967744,159.0,155.0,0.9748427672955975,0.0,0.0,0.0,0.0,4.0,0.025157232704402517,51.0,0.32075471698113206,4.0,0.025157232704402517,0.0,0.0,0.0,185.50128303468227
108,6480000000000,2.0,15.0,2.943877551020408,2.0,6.0,588,5.0,10.0,7.083333333333333,7.0,10.0,588,14.0,19.0,16.916666666666668,17.0,19.0,588,2.0,7.0,2.6496598639455784,2.0,5.0,588,0.0,112.0,51.36305732484077,48.0,108.0,157,0.0,376.0,146.7515923566879,120.0,360.0,157,1.0,1.0,1.0,1.0,1.0,157,0.9999999999999998,1.0000000000000002,1.0,1.0,1.0000000000000002,157,1.0,1.0,1.0,1.0,1.0,157,0.9999999999999998,1.0000000000000002,1.0,1.0,1.0000000000000002,157,552.0,0.0,0.0,395.0,157.0,157.0,0.0,0.0,0.0,0.0,0.0,0.0,1.0,0.0,0.0,157.0,157.0,1.0,0.0,0.0,0.0,0.0,0.0,0.0,0.0,0.0,0.0,0.0,0.0,0.0,0.0,281.0215763747692
109,6540000000000,2.0,15.0,2.9676870748299318,2.0,6.0,588,5.0,10.0,7.081632653061225,7.0,10.0,588,14.0,19.0,16.918367346938776,17.0,19.0,588,2.0,8.0,2.6700680272108843,2.0,5.0,588,0.0,112.0,52.203821656050955,52.0,108.0,157,0.0,376.0,150.11464968152868,136.0,360.0,157,1.0,1.1428571428571428,1.0022803993392229,1.0,1.0,156,0.9999999999999998,1.1235010259080813,1.0020047507327252,1.0,1.0000000000000002,156,1.0,1.5,1.0418896887708367,1.0,1.25,156,0.9999999999999998,1.209468002238613,1.0183208854605559,1.0,1.1055052700772188,156,552.0,0.0,0.0,395.0,157.0,156.0,1.0,0.0,1.0,0.0,0.0,0.0,0.9936305732484076,41.0,0.26282051282051283,157.0,156.0,0.9936305732484076,0.0,0.0,0.0,0.0,1.0,0.006369426751592357,33.0,0.21019108280254778,1.0,0.006369426751592357,0.0,0.0,0.0,163.30897994339466
110,6600000000000,2.0,15.0,2.957482993197279,2.0,6.0,588,5.0,10.0,7.081632653061225,7.0,10.0,588,14.0,19.0,16.918367346938776,17.0,19.0,588,2.0,8.0,2.6598639455782314,2.0,5.0,588,0.0,112.0,50.666666666666664,48.0,108.0,159,0.0,376.0,144.70440251572327,120.0,360.0,159,1.0,1.1428571428571428,1.0020823058797743,1.0,1.0,158,0.9999999999999998,1.123606600881234,1.0018468343177171,1.0,1.0000000000000002,158,1.0,1.5,1.0554531350028853,1.0,1.25,158,0.9999999999999998,1.2339022787320137,1.0259617471734965,1.0,1.1218336418989998,158,552.0,0.0,0.0,392.0,160.0,158.0,2.0,0.0,2.0,0.0,0.0,0.0,0.9875,63.0,0.3987341772151899,159.0,158.0,0.9937106918238994,0.0,0.0,0.0,0.0,1.0,0.006289308176100629,63.0,0.39622641509433965,1.0,0.006289308176100629,0.0,0.0,0.0,142.9849099367857
111,6660000000000,2.0,15.0,2.9404761904761907,2.0,6.0,588,5.0,10.0,7.083333333333333,6.5,10.0,588,14.0,19.0,16.916666666666668,17.5,19.0,588,2.0,8.0,2.651360544217687,2.0,5.0,588,0.0,112.0,51.23684210526316,52.0,108.0,152,0.0,376.0,146.68421052631578,136.0,360.0,152,1.0,1.0,1.0,1.0,1.0,152,0.9999999999999996,1.0000000000000002,1.0,1.0,1.0000000000000002,152,1.0,1.0,1.0,1.0,1.0,152,0.9999999999999996,1.0000000000000002,1.0,1.0,1.0000000000000002,152,552.0,0.0,0.0,400.0,152.0,152.0,0.0,0.0,0.0,0.0,0.0,0.0,1.0,0.0,0.0,152.0,152.0,1.0,0.0,0.0,0.0,0.0,0.0,0.0,0.0,0.0,0.0,0.0,0.0,0.0,0.0,276.07171051204205
112,6720000000000,2.0,15.0,2.9506802721088436,2.0,6.0,588,5.0,10.0,7.081632653061225,6.5,10.0,588,14.0,19.0,16.918367346938776,17.5,19.0,588,2.0,8.0,2.6598639455782314,2.0,5.0,588,0.0,112.0,50.24516129032258,52.0,108.0,155,0.0,376.0,142.91612903225806,136.0,360.0,155,1.0,1.0,1.0,1.0,1.0,152,0.9999999999999998,1.0000000000000002,1.0,1.0,1.0000000000000002,152,1.0,1.5,1.0265349577005753,1.0,1.1361111111111106,152,0.9999999999999998,1.2230703018649183,1.0109927552818438,1.0,1.0688031044641086,152,552.0,0.0,0.0,400.0,152.0,152.0,0.0,0.0,0.0,0.0,0.0,0.0,1.0,32.0,0.21052631578947367,155.0,152.0,0.9806451612903225,0.0,0.0,0.0,0.0,3.0,0.01935483870967742,20.0,0.12903225806451613,3.0,0.01935483870967742,0.0,0.0,0.0,163.98565284907818
113,6780000000000,2.0,15.0,2.9591836734693877,2.0,6.0,588,5.0,10.0,7.081632653061225,6.5,10.0,588,14.0,19.0,16.918367346938776,17.5,19.0,588,2.0,8.0,2.6598639455782314,2.0,5.0,588,0.0,112.0,51.026315789473685,50.0,108.0,152,0.0,376.0,145.8421052631579,128.0,360.0,152,1.0,2.0,1.012838506522717,1.0,1.0,150,0.9999999999999998,1.467792307785202,1.007221198040835,1.0,1.0000000000000002,150,1.0,2.0,1.0592361676081357,1.0,1.25,150,0.9999999999999998,1.467792307785202,1.0261049135857954,1.0,1.1145471804776153,150,552.0,0.0,0.0,401.0,151.0,150.0,1.0,0.0,1.0,0.0,0.0,0.0,0.9933774834437086,54.0,0.36,152.0,150.0,0.9868421052631579,0.0,0.0,0.0,0.0,2.0,0.013157894736842105,55.0,0.3618421052631579,2.0,0.013157894736842105,0.0,0.0,0.0,221.85910120606422
114,6840000000000,2.0,15.0,2.9404761904761907,2.0,6.0,588,5.0,10.0,7.083333333333333,6.5,10.0,588,14.0,19.0,16.916666666666668,17.5,19.0,588,2.0,8.0,2.663265306122449,2.0,5.0,588,0.0,112.0,50.52054794520548,48.0,108.0,146,0.0,376.0,143.8904109589041,120.0,360.0,146,1.0,1.0,1.0,1.0,1.0,146,0.9999999999999998,1.0000000000000002,1.0,1.0,1.0000000000000002,146,1.0,1.0,1.0,1.0,1.0,146,0.9999999999999998,1.0000000000000002,1.0,1.0,1.0000000000000002,146,552.0,0.0,0.0,406.0,146.0,146.0,0.0,0.0,0.0,0.0,0.0,0.0,1.0,0.0,0.0,146.0,146.0,1.0,0.0,0.0,0.0,0.0,0.0,0.0,0.0,0.0,0.0,0.0,0.0,0.0,0.0,292.08553209900856
115,6900000000000,2.0,15.0,2.95578231292517,2.0,6.0,588,5.0,10.0,7.079931972789115,6.0,10.0,588,14.0,19.0,16.920068027210885,18.0,19.0,588,2.0,8.0,2.6547619047619047,2.0,5.0,588,0.0,112.0,51.032679738562095,48.0,108.0,153,0.0,376.0,145.30718954248366,120.0,360.0,153,1.0,1.6666666666666667,1.006614797864226,1.0,1.0,150,0.9999999999999998,1.387305174465104,1.0045108146700852,1.0,1.0000000000000002,150,1.0,1.6666666666666667,1.0342952866694286,1.0,1.25,150,0.9999999999999998,1.387305174465104,1.0146014278555144,1.0,1.0980021081940703,150,552.0,0.0,0.0,402.0,150.0,150.0,0.0,0.0,0.0,0.0,0.0,0.0,1.0,26.0,0.17333333333333334,153.0,150.0,0.9803921568627451,0.0,0.0,0.0,0.0,3.0,0.0196078431372549,30.0,0.19607843137254902,3.0,0.0196078431372549,0.0,0.0,0.0,182.44457058608532
116,6960000000000,2.0,15.0,2.9506802721088436,2.0,6.0,588,5.0,10.0,7.078231292517007,6.0,10.0,588,14.0,19.0,16.921768707482993,18.0,19.0,588,2.0,8.0,2.6530612244897958,2.0,5.0,588,0.0,112.0,51.33774834437086,52.0,108.0,151,0.0,376.0,147.65562913907286,136.0,360.0,151,1.0,1.3333333333333333,1.0032634032634031,1.0,1.0,143,0.9999999999999998,1.243954555221005,1.0025218070835153,1.0,1.0000000000000002,143,1.0,1.5,1.0545087985307966,1.0,1.3250000000000004,143,0.9999999999999998,1.243954555221005,1.0223624201454056,1.0,1.1079784565599298,143,552.0,0.0,0.0,408.0,144.0,143.0,1.0,0.0,1.0,0.0,0.0,0.0,0.9930555555555556,56.0,0.3916083916083916,151.0,143.0,0.9470198675496688,0.0,0.0,0.0,0.0,8.0,0.052980132450331126,57.0,0.37748344370860926,8.0,0.052980132450331126,0.0,0.0,0.0,125.96947699785233
117,7020000000000,2.0,15.0,2.954081632653061,2.0,6.0,588,5.0,10.0,7.083333333333333,6.5,10.0,588,14.0,19.0,16.916666666666668,17.5,19.0,588,2.0,8.0,2.663265306122449,2.0,5.0,588,0.0,112.0,50.5578231292517,48.0,108.0,147,0.0,376.0,144.43537414965985,120.0,360.0,147,1.0,1.0,1.0,1.0,1.0,147,0.9999999999999997,1.0000000000000002,1.0,1.0,1.0000000000000002,147,1.0,1.0,1.0,1.0,1.0,147,0.9999999999999997,1.0000000000000002,1.0,1.0,1.0000000000000002,147,552.0,0.0,0.0,405.0,147.0,147.0,0.0,0.0,0.0,0.0,0.0,0.0,1.0,0.0,0.0,147.0,147.0,1.0,0.0,0.0,0.0,0.0,0.0,0.0,0.0,0.0,0.0,0.0,0.0,0.0,0.0,384.27440263330936
118,7080000000000,2.0,15.0,2.9489795918367347,2.0,6.0,588,5.0,10.0,7.083333333333333,6.5,10.0,588,14.0,19.0,16.916666666666668,17.5,19.0,588,2.0,8.0,2.673469387755102,2.0,5.0,588,0.0,112.0,50.810810810810814,52.0,108.0,148,0.0,376.0,145.83783783783784,136.0,360.0,148,1.0,1.4,1.0042042042042043,1.0,1.0,148,0.9999999999999998,1.2769243351795725,1.003063041577557,1.0,1.0000000000000002,148,1.0,1.5,1.0315552300446802,1.0,1.2144444444444447,148,0.9999999999999998,1.2769243351795725,1.0115567040551787,1.0,1.0530404422265152,148,552.0,0.0,0.0,404.0,148.0,148.0,0.0,0.0,0.0,0.0,0.0,0.0,1.0,34.0,0.22972972972972974,148.0,148.0,1.0,0.0,0.0,0.0,0.0,0.0,0.0,31.0,0.20945945945945946,0.0,0.0,0.0,0.0,0.0,176.97751335799694
119,7140000000000,2.0,15.0,2.95578231292517,2.0,6.0,588,5.0,10.0,7.081632653061225,6.5,10.0,588,14.0,19.0,16.918367346938776,17.5,19.0,588,2.0,8.0,2.663265306122449,2.0,5.0,588,0.0,112.0,50.91891891891892,50.0,108.0,148,0.0,376.0,146.75675675675674,128.0,360.0,148,1.0,1.3333333333333333,1.0045977011494254,1.0,1.0,145,0.9999999999999998,1.2443324533240199,1.0035922684363006,1.0,1.0000000000000002,145,1.0,1.5,1.0497374321128874,1.0,1.25,145,0.9999999999999998,1.2443324533240199,1.0217173030391677,1.0,1.1132558119071185,145,552.0,0.0,0.0,407.0,145.0,145.0,0.0,0.0,0.0,0.0,0.0,0.0,1.0,53.0,0.36551724137931035,148.0,145.0,0.9797297297297297,0.0,0.0,0.0,0.0,3.0,0.02027027027027027,58.0,0.3918918918918919,3.0,0.02027027027027027,0.0,0.0,0.0,166.2336215376854
120,7200000000000,2.0,16.0,2.9200680272108843,2.0,6.0,588,5.0,11.0,7.083333333333333,6.5,11.0,588,13.0,19.0,16.916666666666668,17.5,19.0,588,2.0,8.0,2.6581632653061225,2.0,5.0,588,0.0,112.0,51.23809523809524,48.0,108.0,147,0.0,376.0,147.156462585034,120.0,360.0,147,1.0,1.0,1.0,1.0,1.0,147,0.9999999999999998,1.0000000000000002,1.0,1.0,1.0000000000000002,147,1.0,1.0,1.0,1.0,1.0,147,0.9999999999999998,1.0000000000000002,1.0,1.0,1.0000000000000002,147,552.0,0.0,0.0,405.0,147.0,147.0,0.0,0.0,0.0,0.0,0.0,0.0,1.0,0.0,0.0,147.0,147.0,1.0,0.0,0.0,0.0,0.0,0.0,0.0,0.0,0.0,0.0,0.0,0.0,0.0,0.0,317.3350263386965
121,7260000000000,2.0,16.0,2.9608843537414966,2.0,6.0,588,5.0,11.0,7.083333333333333,6.5,11.0,588,13.0,19.0,16.916666666666668,17.5,19.0,588,2.0,8.0,2.6700680272108843,2.0,5.0,588,0.0,112.0,52.16326530612245,48.0,108.0,147,0.0,376.0,150.85714285714286,120.0,360.0,147,1.0,1.0,1.0,1.0,1.0,147,0.9999999999999996,1.0000000000000002,1.0,1.0,1.0000000000000002,147,1.0,1.5,1.0265349949008105,1.0,1.1595238095238092,147,0.9999999999999996,1.1638057249334297,1.0111110884524288,1.0,1.076465281634515,147,552.0,0.0,0.0,403.0,149.0,147.0,2.0,0.0,2.0,0.0,0.0,0.0,0.9865771812080537,30.0,0.20408163265306123,147.0,147.0,1.0,0.0,0.0,0.0,0.0,0.0,0.0,18.0,0.12244897959183673,0.0,0.0,0.0,0.0,0.0,158.5736684501171
122,7320000000000,2.0,16.0,2.921768707482993,2.0,6.0,588,5.0,11.0,7.083333333333333,6.5,11.0,588,13.0,19.0,16.916666666666668,17.5,19.0,588,2.0,8.0,2.6598639455782314,2.0,5.0,588,0.0,112.0,51.02040816326531,48.0,108.0,147,0.0,376.0,147.26530612244898,120.0,360.0,147,1.0,1.2857142857142858,1.0045675413022352,1.0,1.0,147,0.9999999999999998,1.2179906330810182,1.0035743831178447,1.0,1.0000000000000002,147,1.0,1.5,1.05451449301083,1.0,1.2857142857142858,147,0.9999999999999998,1.2179906330810182,1.0242471068276462,1.0,1.1147601337804103,147,552.0,0.0,0.0,403.0,149.0,147.0,2.0,0.0,2.0,0.0,0.0,0.0,0.9865771812080537,53.0,0.36054421768707484,147.0,147.0,1.0,0.0,0.0,0.0,0.0,0.0,0.0,55.0,0.3741496598639456,0.0,0.0,0.0,0.0,0.0,160.6336273252964
123,7380000000000,2.0,16.0,2.977891156462585,2.0,6.0,588,5.0,11.0,7.166666666666667,7.0,11.0,588,13.0,19.0,16.833333333333332,17.0,19.0,588,2.0,8.0,2.683673469387755,2.0,5.0,588,0.0,112.0,51.651006711409394,52.0,108.0,149,0.0,376.0,149.58389261744966,136.0,360.0,149,1.0,1.0,1.0,1.0,1.0,149,0.9999999999999997,1.0000000000000002,1.0,1.0,1.0000000000000002,149,1.0,1.0,1.0,1.0,1.0,149,0.9999999999999997,1.0000000000000002,1.0,1.0,1.0000000000000002,149,552.0,0.0,0.0,403.0,149.0,149.0,0.0,0.0,0.0,0.0,0.0,0.0,1.0,0.0,0.0,149.0,149.0,1.0,0.0,0.0,0.0,0.0,0.0,0.0,0.0,0.0,0.0,0.0,0.0,0.0,0.0,264.7562362253666
124,7440000000000,2.0,16.0,2.9285714285714284,2.0,6.0,588,5.0,11.0,7.164965986394558,7.0,11.0,588,13.0,19.0,16.83503401360544,17.0,19.0,588,2.0,8.0,2.6649659863945576,2.0,5.0,588,0.0,112.0,51.432432432432435,52.0,106.60000000000002,148,0.0,376.0,148.8108108108108,136.0,354.4000000000001,148,1.0,1.0,1.0,1.0,1.0,145,0.9999999999999998,1.0000000000000004,1.0,1.0,1.0000000000000002,145,1.0,1.3333333333333333,1.016625395163185,1.0,1.0909090909090908,145,0.9999999999999998,1.07545795658237,1.0045555942415034,1.0,1.0372675143743832,145,552.0,0.0,0.0,407.0,145.0,145.0,0.0,0.0,0.0,0.0,0.0,0.0,1.0,20.0,0.13793103448275862,148.0,145.0,0.9797297297297297,0.0,0.0,0.0,0.0,3.0,0.02027027027027027,32.0,0.21621621621621623,3.0,0.02027027027027027,0.0,0.0,0.0,187.50595301389694
125,7500000000000,2.0,16.0,2.95578231292517,2.0,6.0,588,5.0,11.0,7.164965986394558,7.0,11.0,588,13.0,19.0,16.83503401360544,17.0,19.0,588,2.0,8.0,2.6802721088435373,2.0,5.0,588,0.0,112.0,51.060402684563755,52.0,106.39999999999998,149,0.0,376.0,147.70469798657717,136.0,353.5999999999999,149,1.0,1.1818181818181819,1.0012453300124533,1.0,1.0,146,0.9999999999999996,1.1523382812640106,1.00104341288537,1.0,1.0000000000000002,146,1.0,1.5,1.0545904677909805,1.0,1.25,146,0.9999999999999996,1.1806312561249146,1.0216914046130472,1.0,1.1136683408862345,146,552.0,0.0,0.0,406.0,146.0,146.0,0.0,0.0,0.0,0.0,0.0,0.0,1.0,57.0,0.3904109589041096,149.0,146.0,0.9798657718120806,0.0,0.0,0.0,0.0,3.0,0.020134228187919462,56.0,0.37583892617449666,3.0,0.020134228187919462,0.0,0.0,0.0,186.39973178505898
126,7560000000000,2.0,15.0,2.9489795918367347,2.0,6.0,588,5.0,10.0,7.083333333333333,7.0,10.0,588,14.0,19.0,16.916666666666668,17.0,19.0,588,2.0,8.0,2.671768707482993,2.0,5.0,588,0.0,112.0,51.61379310344827,52.0,108.0,145,0.0,376.0,148.8551724137931,136.0,360.0,145,1.0,1.0,1.0,1.0,1.0,145,0.9999999999999997,1.0000000000000002,1.0,1.0,1.0000000000000002,145,1.0,1.0,1.0,1.0,1.0,145,0.9999999999999997,1.0000000000000002,1.0,1.0,1.0000000000000002,145,552.0,0.0,0.0,407.0,145.0,145.0,0.0,0.0,0.0,0.0,0.0,0.0,1.0,0.0,0.0,145.0,145.0,1.0,0.0,0.0,0.0,0.0,0.0,0.0,0.0,0.0,0.0,0.0,0.0,0.0,0.0,291.9885441660881
127,7620000000000,2.0,17.0,2.9489795918367347,2.0,6.0,588,5.0,10.0,7.083333333333333,7.0,10.0,588,14.0,19.0,16.916666666666668,17.0,19.0,588,2.0,8.0,2.673469387755102,2.0,5.0,588,0.0,112.0,50.67567567567568,52.0,108.0,148,0.0,376.0,146.75675675675674,136.0,360.0,148,1.0,1.0,1.0,1.0,1.0,148,0.9999999999999998,1.0000000000000002,1.0,1.0,1.0000000000000002,148,1.0,1.5,1.0295985318910679,1.0,1.1666666666666667,148,0.9999999999999998,1.1657178832306696,1.0100150510863661,1.0,1.0526317811009636,148,552.0,0.0,0.0,404.0,148.0,148.0,0.0,0.0,0.0,0.0,0.0,0.0,1.0,32.0,0.21621621621621623,148.0,148.0,1.0,0.0,0.0,0.0,0.0,0.0,0.0,25.0,0.16891891891891891,0.0,0.0,0.0,0.0,0.0,254.44074161350727
128,7680000000000,2.0,15.0,2.9625850340136055,2.0,6.0,588,5.0,10.0,7.083333333333333,7.0,10.0,588,14.0,19.0,16.916666666666668,17.0,19.0,588,2.0,8.0,2.685374149659864,2.0,5.0,588,0.0,112.0,51.44827586206897,52.0,108.0,145,0.0,376.0,149.68275862068967,136.0,360.0,145,1.0,1.0,1.0,1.0,1.0,145,0.9999999999999998,1.0000000000000002,1.0,1.0,1.0000000000000002,145,1.0,1.5,1.0552055632115858,1.0,1.25,145,0.9999999999999998,1.1699277752963586,1.0224250362588343,1.0,1.1194313260043136,145,552.0,0.0,0.0,407.0,145.0,145.0,0.0,0.0,0.0,0.0,0.0,0.0,1.0,57.0,0.3931034482758621,145.0,145.0,1.0,0.0,0.0,0.0,0.0,0.0,0.0,48.0,0.3310344827586207,0.0,0.0,0.0,0.0,0.0,171.4598536491394
129,7740000000000,2.0,17.0,2.9659863945578233,2.0,6.0,588,5.0,10.0,7.25,7.0,10.0,588,14.0,19.0,16.75,17.0,19.0,588,2.0,8.0,2.681972789115646,2.0,5.0,588,0.0,112.0,50.06535947712418,48.0,108.0,153,0.0,376.0,144.73202614379085,120.0,360.0,153,1.0,1.0,1.0,1.0,1.0,153,0.9999999999999998,1.0000000000000002,1.0,1.0,1.0000000000000002,153,1.0,1.0,1.0,1.0,1.0,153,0.9999999999999998,1.0000000000000002,1.0,1.0,1.0000000000000002,153,552.0,0.0,0.0,399.0,153.0,153.0,0.0,0.0,0.0,0.0,0.0,0.0,1.0,0.0,0.0,153.0,153.0,1.0,0.0,0.0,0.0,0.0,0.0,0.0,0.0,0.0,0.0,0.0,0.0,0.0,0.0,288.10126706957817
130,7800000000000,2.0,15.0,2.9676870748299318,2.0,6.0,588,5.0,10.0,7.25,7.0,10.0,588,14.0,19.0,16.75,17.0,19.0,588,2.0,8.0,2.681972789115646,2.0,5.0,588,0.0,112.0,51.25333333333333,52.0,108.0,150,0.0,376.0,147.89333333333335,136.0,360.0,150,1.0,1.4,1.0052592592592593,1.0,1.0,150,0.9999999999999998,1.276751728552265,1.0039648943024877,1.0,1.0000000000000002,150,1.0,1.5,1.026840012117923,1.0,1.1849999999999994,150,0.9999999999999998,1.276751728552265,1.013005523481787,1.0,1.0999484393334402,150,552.0,0.0,0.0,402.0,150.0,150.0,0.0,0.0,0.0,0.0,0.0,0.0,1.0,24.0,0.16,150.0,150.0,1.0,0.0,0.0,0.0,0.0,0.0,0.0,26.0,0.17333333333333334,0.0,0.0,0.0,0.0,0.0,262.6953274011612
131,7860000000000,2.0,17.0,2.9506802721088436,2.0,6.0,588,5.0,10.0,7.25,7.0,10.0,588,14.0,19.0,16.75,17.0,19.0,588,2.0,8.0,2.67687074829932,2.0,5.0,588,0.0,112.0,50.928104575163395,48.0,108.0,153,0.0,376.0,145.83006535947712,120.0,360.0,153,1.0,2.0,1.0116082900396628,1.0,1.0,153,0.9999999999999997,1.4768953150861808,1.0069727353639462,1.0,1.0000000000000002,153,1.0,2.0,1.0711840641690937,1.0,1.4400000000000006,153,0.9999999999999997,1.4768953150861808,1.0292103031629047,1.0,1.1447802066121597,153,552.0,0.0,0.0,399.0,153.0,153.0,0.0,0.0,0.0,0.0,0.0,0.0,1.0,60.0,0.39215686274509803,153.0,153.0,1.0,0.0,0.0,0.0,0.0,0.0,0.0,58.0,0.3790849673202614,0.0,0.0,0.0,0.0,0.0,165.58183170855045
132,7920000000000,2.0,17.0,2.977891156462585,2.0,6.0,588,5.0,10.0,7.333333333333333,7.0,10.0,588,14.0,19.0,16.666666666666668,17.0,19.0,588,2.0,8.0,2.6785714285714284,2.0,5.0,588,0.0,112.0,49.56962025316456,48.0,108.0,158,0.0,376.0,142.22784810126583,120.0,360.0,158,1.0,1.0,1.0,1.0,1.0,158,0.9999999999999997,1.0000000000000002,1.0,1.0,1.0,158,1.0,1.0,1.0,1.0,1.0,158,0.9999999999999997,1.0000000000000002,1.0,1.0,1.0,158,552.0,0.0,0.0,394.0,158.0,158.0,0.0,0.0,0.0,0.0,0.0,0.0,1.0,0.0,0.0,158.0,158.0,1.0,0.0,0.0,0.0,0.0,0.0,0.0,0.0,0.0,0.0,0.0,0.0,0.0,0.0,260.1063698530197
133,7980000000000,2.0,17.0,2.957482993197279,2.0,6.0,588,5.0,10.0,7.333333333333333,7.0,10.0,588,14.0,19.0,16.666666666666668,17.0,19.0,588,2.0,8.0,2.673469387755102,2.0,5.0,588,0.0,112.0,50.867924528301884,52.0,108.0,159,0.0,376.0,145.96226415094338,136.0,360.0,159,1.0,1.0,1.0,1.0,1.0,159,0.9999999999999998,1.0000000000000002,1.0,1.0,1.0000000000000002,159,1.0,1.5,1.0425907969567507,1.0,1.25,159,0.9999999999999998,1.1842654774746524,1.0162202275654748,1.0,1.0974292775112395,159,552.0,0.0,0.0,393.0,159.0,159.0,0.0,0.0,0.0,0.0,0.0,0.0,1.0,41.0,0.2578616352201258,159.0,159.0,1.0,0.0,0.0,0.0,0.0,0.0,0.0,34.0,0.2138364779874214,0.0,0.0,0.0,0.0,0.0,157.08609111607075
134,8040000000000,2.0,17.0,2.9625850340136055,2.0,6.0,588,5.0,10.0,7.333333333333333,7.0,10.0,588,14.0,19.0,16.666666666666668,17.0,19.0,588,2.0,8.0,2.683673469387755,2.0,5.0,588,0.0,112.0,50.22784810126582,50.0,104.60000000000002,158,0.0,376.0,143.9493670886076,128.0,346.4000000000001,158,1.0,2.0,1.0136319376825704,1.0,1.0,158,0.9999999999999997,1.4837362919312511,1.0084556317375752,1.0,1.0000000000000002,158,1.0,2.0,1.069300284127156,1.0,1.3333333333333333,158,0.9999999999999998,1.4837362919312511,1.0312810897515698,1.0,1.1494665263237287,158,552.0,0.0,0.0,392.0,160.0,158.0,2.0,0.0,2.0,0.0,0.0,0.0,0.9875,63.0,0.3987341772151899,158.0,158.0,1.0,0.0,0.0,0.0,0.0,0.0,0.0,61.0,0.3860759493670886,0.0,0.0,0.0,0.0,0.0,266.87333174049854
135,8100000000000,2.0,17.0,2.9710884353741496,2.0,6.0,588,5.0,10.0,7.416666666666667,7.5,10.0,588,14.0,19.0,16.583333333333332,16.5,19.0,588,2.0,8.0,2.685374149659864,2.0,5.0,588,0.0,116.0,49.67088607594937,48.0,108.0,158,0.0,392.0,142.63291139240508,120.0,360.0,158,1.0,1.0,1.0,1.0,1.0,158,0.9999999999999998,1.0000000000000002,1.0,1.0,1.0000000000000002,158,1.0,1.0,1.0,1.0,1.0,158,0.9999999999999998,1.0000000000000002,1.0,1.0,1.0000000000000002,158,552.0,0.0,0.0,394.0,158.0,158.0,0.0,0.0,0.0,0.0,0.0,0.0,1.0,0.0,0.0,158.0,158.0,1.0,0.0,0.0,0.0,0.0,0.0,0.0,0.0,0.0,0.0,0.0,0.0,0.0,0.0,314.38531540334225
136,8160000000000,2.0,17.0,2.9625850340136055,2.0,6.0,588,5.0,10.0,7.416666666666667,7.5,10.0,588,14.0,19.0,16.583333333333332,16.5,19.0,588,2.0,8.0,2.6802721088435373,2.0,5.0,588,0.0,116.0,49.4,48.0,104.19999999999993,160,0.0,392.0,142.25,120.0,344.7999999999997,160,1.0,1.4,1.0066292735042734,1.0,1.0,160,0.9999999999999998,1.276662929552293,1.0047604896931297,1.0,1.0000000000000002,160,1.0,1.4,1.0274032070737236,1.0,1.1457142857142846,160,0.9999999999999998,1.276662929552293,1.0121191135566066,1.0,1.0536172807329336,160,552.0,0.0,0.0,392.0,160.0,160.0,0.0,0.0,0.0,0.0,0.0,0.0,1.0,31.0,0.19375,160.0,160.0,1.0,0.0,0.0,0.0,0.0,0.0,0.0,43.0,0.26875,0.0,0.0,0.0,0.0,0.0,197.44439609348774
137,8220000000000,2.0,16.0,2.9676870748299318,2.0,6.0,588,5.0,10.0,7.413265306122449,7.5,10.0,588,14.0,19.0,16.586734693877553,16.5,19.0,588,2.0,8.0,2.681972789115646,2.0,5.0,588,0.0,112.0,50.278481012658226,48.0,104.60000000000002,158,0.0,376.0,143.69620253164558,120.0,346.4000000000001,158,1.0,2.0,1.0120311394196744,1.0,1.0,157,0.9999999999999997,1.479665339282097,1.0072545351943052,1.0,1.0000000000000002,157,1.0,2.0,1.0564029556963965,1.0,1.25,157,0.9999999999999997,1.479665339282097,1.0245082000591905,1.0,1.102134260500809,157,552.0,0.0,0.0,395.0,157.0,157.0,0.0,0.0,0.0,0.0,0.0,0.0,1.0,57.0,0.3630573248407643,158.0,157.0,0.9936708860759493,0.0,0.0,0.0,0.0,1.0,0.006329113924050633,62.0,0.3924050632911392,1.0,0.006329113924050633,0.0,0.0,0.0,257.6069366186857
138,8280000000000,2.0,16.0,2.933673469387755,2.0,6.0,588,5.0,10.0,7.083333333333333,7.0,10.0,588,14.0,19.0,16.916666666666668,17.0,19.0,588,2.0,8.0,2.6649659863945576,2.0,5.0,588,0.0,116.0,51.12,52.0,108.0,150,0.0,392.0,147.84,136.0,360.0,150,1.0,1.0,1.0,1.0,1.0,150,0.9999999999999998,1.0000000000000002,1.0,1.0,1.0000000000000002,150,1.0,1.0,1.0,1.0,1.0,150,0.9999999999999998,1.0000000000000002,1.0,1.0,1.0000000000000002,150,552.0,0.0,0.0,402.0,150.0,150.0,0.0,0.0,0.0,0.0,0.0,0.0,1.0,0.0,0.0,150.0,150.0,1.0,0.0,0.0,0.0,0.0,0.0,0.0,0.0,0.0,0.0,0.0,0.0,0.0,0.0,275.69217793643475
139,8340000000000,2.0,15.0,2.95578231292517,2.0,6.0,588,5.0,10.0,7.083333333333333,7.0,10.0,588,14.0,19.0,16.916666666666668,17.0,19.0,588,2.0,8.0,2.681972789115646,2.0,5.0,588,0.0,112.0,50.62251655629139,52.0,108.0,151,0.0,376.0,145.74834437086093,136.0,360.0,151,1.0,1.0,1.0,1.0,1.0,151,0.9999999999999997,1.0000000000000002,1.0,1.0,1.0000000000000002,151,1.0,1.5,1.0161780713554727,1.0,1.1,151,0.9999999999999997,1.1289591351264558,1.0061419209381934,1.0,1.039551048658442,151,552.0,0.0,0.0,401.0,151.0,151.0,0.0,0.0,0.0,0.0,0.0,0.0,1.0,21.0,0.1390728476821192,151.0,151.0,1.0,0.0,0.0,0.0,0.0,0.0,0.0,20.0,0.13245033112582782,0.0,0.0,0.0,0.0,0.0,169.52537558972836
140,8400000000000,2.0,16.0,2.933673469387755,2.0,6.0,588,5.0,10.0,7.083333333333333,7.0,10.0,588,14.0,19.0,16.916666666666668,17.0,19.0,588,2.0,8.0,2.6649659863945576,2.0,5.0,588,0.0,112.0,51.946666666666665,52.0,108.0,150,0.0,376.0,149.70666666666668,136.0,360.0,150,1.0,1.0,1.0,1.0,1.0,150,0.9999999999999998,1.0000000000000002,1.0,1.0,1.0000000000000002,150,1.0,1.5,1.0635973698531915,1.0,1.2958333333333318,150,0.9999999999999999,1.1884020355651612,1.0235188806266458,1.0,1.1132337502352665,150,552.0,0.0,0.0,402.0,150.0,150.0,0.0,0.0,0.0,0.0,0.0,0.0,1.0,64.0,0.4266666666666667,150.0,150.0,1.0,0.0,0.0,0.0,0.0,0.0,0.0,48.0,0.32,0.0,0.0,0.0,0.0,0.0,176.21574737131596
141,8460000000000,2.0,16.0,2.9608843537414966,2.0,6.0,588,5.0,10.0,7.083333333333333,7.0,10.0,588,14.0,19.0,16.916666666666668,17.0,19.0,588,2.0,8.0,2.675170068027211,2.0,5.0,588,0.0,112.0,51.38666666666666,52.0,108.0,150,0.0,376.0,147.46666666666667,136.0,360.0,150,1.0,1.0,1.0,1.0,1.0,150,0.9999999999999998,1.0000000000000004,1.0,1.0,1.0000000000000002,150,1.0,1.0,1.0,1.0,1.0,150,0.9999999999999998,1.0000000000000004,1.0,1.0,1.0000000000000002,150,552.0,0.0,0.0,402.0,150.0,150.0,0.0,0.0,0.0,0.0,0.0,0.0,1.0,0.0,0.0,150.0,150.0,1.0,0.0,0.0,0.0,0.0,0.0,0.0,0.0,0.0,0.0,0.0,0.0,0.0,0.0,352.8204821050167
142,8520000000000,2.0,16.0,2.9302721088435373,2.0,6.0,588,5.0,10.0,7.083333333333333,7.0,10.0,588,14.0,19.0,16.916666666666668,17.0,19.0,588,2.0,8.0,2.671768707482993,2.0,5.0,588,0.0,112.0,51.86666666666667,52.0,108.0,150,0.0,376.0,148.90666666666667,136.0,360.0,150,1.0,1.0,1.0,1.0,1.0,150,0.9999999999999998,1.0000000000000002,1.0,1.0,1.0000000000000002,150,1.0,1.5,1.0418456631934891,1.0,1.25,150,0.9999999999999998,1.178240956641156,1.0138890479340141,1.0,1.0784823545240378,150,552.0,0.0,0.0,402.0,150.0,150.0,0.0,0.0,0.0,0.0,0.0,0.0,1.0,40.0,0.26666666666666666,150.0,150.0,1.0,0.0,0.0,0.0,0.0,0.0,0.0,24.0,0.16,0.0,0.0,0.0,0.0,0.0,160.11974774301052
143,8580000000000,2.0,16.0,2.938775510204082,2.0,6.0,588,5.0,10.0,7.081632653061225,7.0,10.0,588,14.0,19.0,16.918367346938776,17.0,19.0,588,2.0,8.0,2.6683673469387754,2.0,5.0,588,0.0,112.0,52.0,52.0,108.0,149,0.0,376.0,150.01342281879195,136.0,360.0,149,1.0,1.0,1.0,1.0,1.0,149,0.9999999999999998,1.0000000000000002,1.0,1.0,1.0000000000000002,149,1.0,1.5,1.0598892006252671,1.0,1.2999999999999994,149,0.9999999999999998,1.1909519579587664,1.0243149153999938,1.0000000000000002,1.1303467012329051,149,552.0,0.0,0.0,402.0,150.0,149.0,1.0,0.0,1.0,0.0,0.0,0.0,0.9933333333333333,63.0,0.4228187919463087,149.0,149.0,1.0,0.0,0.0,0.0,0.0,0.0,0.0,59.0,0.3959731543624161,0.0,0.0,0.0,0.0,0.0,154.26133386790752
144,8640000000000,2.0,15.0,2.9285714285714284,2.0,6.0,588,5.0,10.0,7.083333333333333,7.0,10.0,588,14.0,19.0,16.916666666666668,17.0,19.0,588,2.0,8.0,2.6700680272108843,2.0,5.0,588,0.0,116.0,51.92,52.0,108.0,150,0.0,392.0,149.6,136.0,360.0,150,1.0,1.0,1.0,1.0,1.0,150,0.9999999999999998,1.0000000000000002,1.0,1.0,1.0000000000000002,150,1.0,1.0,1.0,1.0,1.0,150,0.9999999999999998,1.0000000000000002,1.0,1.0,1.0000000000000002,150,552.0,0.0,0.0,402.0,150.0,150.0,0.0,0.0,0.0,0.0,0.0,0.0,1.0,0.0,0.0,150.0,150.0,1.0,0.0,0.0,0.0,0.0,0.0,0.0,0.0,0.0,0.0,0.0,0.0,0.0,0.0,358.13936591148376
145,8700000000000,2.0,16.0,2.9489795918367347,2.0,6.0,588,5.0,10.0,7.083333333333333,7.0,10.0,588,14.0,19.0,16.916666666666668,17.0,19.0,588,2.0,8.0,2.6666666666666665,2.0,5.0,588,0.0,116.0,52.10666666666667,52.0,106.19999999999993,150,0.0,392.0,150.34666666666666,136.0,352.7999999999997,150,1.0,1.0,1.0,1.0,1.0,150,0.9999999999999998,1.0000000000000004,1.0,1.0,1.0000000000000002,150,1.0,1.5,1.0358447210599384,1.0,1.25,150,0.9999999999999998,1.2003652710602226,1.01284522295557,1.0,1.077578504142991,150,552.0,0.0,0.0,400.0,152.0,150.0,2.0,0.0,2.0,0.0,0.0,0.0,0.9868421052631579,35.0,0.23333333333333334,150.0,150.0,1.0,0.0,0.0,0.0,0.0,0.0,0.0,36.0,0.24,0.0,0.0,0.0,0.0,0.0,184.97792072594166
146,8760000000000,2.0,15.0,2.9591836734693877,2.0,6.0,588,5.0,10.0,7.083333333333333,7.0,10.0,588,14.0,19.0,16.916666666666668,17.0,19.0,588,2.0,8.0,2.673469387755102,2.0,5.0,588,0.0,116.0,52.4,52.0,106.19999999999993,150,0.0,392.0,150.56,136.0,352.7999999999997,150,1.0,1.1176470588235294,1.0012971342383108,1.0,1.0,150,0.9999999999999997,1.1046562568902003,1.001169423700006,1.0,1.0000000000000002,150,1.0,1.5,1.0643963563313343,1.0,1.3333333333333333,150,0.9999999999999998,1.1910909910834004,1.0251924192688353,1.0,1.12740087804409,150,552.0,0.0,0.0,400.0,152.0,150.0,2.0,0.0,2.0,0.0,0.0,0.0,0.9868421052631579,60.0,0.4,150.0,150.0,1.0,0.0,0.0,0.0,0.0,0.0,0.0,60.0,0.4,0.0,0.0,0.0,0.0,0.0,167.77830757200718
147,8820000000000,2.0,16.0,2.947278911564626,2.0,6.0,588,5.0,10.0,7.166666666666667,7.0,10.0,588,14.0,19.0,16.833333333333332,17.0,19.0,588,2.0,8.0,2.675170068027211,2.0,5.0,588,0.0,116.0,51.81818181818182,52.0,108.0,154,0.0,392.0,149.76623376623377,136.0,360.0,154,1.0,1.0,1.0,1.0,1.0,154,0.9999999999999998,1.0000000000000002,1.0,1.0,1.0000000000000002,154,1.0,1.0,1.0,1.0,1.0,154,0.9999999999999998,1.0000000000000002,1.0,1.0,1.0000000000000002,154,552.0,0.0,0.0,398.0,154.0,154.0,0.0,0.0,0.0,0.0,0.0,0.0,1.0,0.0,0.0,154.0,154.0,1.0,0.0,0.0,0.0,0.0,0.0,0.0,0.0,0.0,0.0,0.0,0.0,0.0,0.0,385.65488159656525
148,8880000000000,2.0,15.0,2.9489795918367347,2.0,6.0,588,5.0,10.0,7.166666666666667,7.0,10.0,588,14.0,19.0,16.833333333333332,17.0,19.0,588,2.0,8.0,2.673469387755102,2.0,5.0,588,0.0,116.0,52.103896103896105,52.0,105.39999999999998,154,0.0,392.0,149.03896103896105,136.0,349.5999999999999,154,1.0,1.0,1.0,1.0,1.0,154,0.9999999999999998,1.0000000000000002,1.0,1.0,1.0000000000000002,154,1.0,1.5,1.020597570937018,1.0,1.103888888888889,154,0.9999999999999998,1.1280411513887894,1.007125268189358,1.0,1.0520585804126867,154,552.0,0.0,0.0,396.0,156.0,154.0,2.0,0.0,2.0,0.0,0.0,0.0,0.9871794871794872,23.0,0.14935064935064934,154.0,154.0,1.0,0.0,0.0,0.0,0.0,0.0,0.0,28.0,0.18181818181818182,0.0,0.0,0.0,0.0,0.0,183.86409804224968
149,8940000000000,2.0,16.0,2.947278911564626,2.0,6.0,588,5.0,10.0,7.166666666666667,7.0,10.0,588,14.0,19.0,16.833333333333332,17.0,19.0,588,2.0,8.0,2.675170068027211,2.0,5.0,588,0.0,112.0,52.493506493506494,52.0,108.0,154,0.0,376.0,150.5974025974026,136.0,360.0,154,1.0,1.0,1.0,1.0,1.0,154,0.9999999999999998,1.0000000000000002,1.0,1.0,1.0000000000000002,154,1.0,1.5,1.057125196381996,1.0,1.2791666666666661,154,0.9999999999999998,1.1958380016224945,1.0214790368154276,1.0,1.1155090491255477,154,552.0,0.0,0.0,393.0,159.0,154.0,5.0,0.0,5.0,0.0,0.0,0.0,0.9685534591194969,61.0,0.3961038961038961,154.0,154.0,1.0,0.0,0.0,0.0,0.0,0.0,0.0,59.0,0.38311688311688313,0.0,0.0,0.0,0.0,0.0,183.31481702625751
150,9000000000000,2.0,16.0,2.954081632653061,2.0,6.0,588,5.0,10.0,7.333333333333333,7.0,10.0,588,14.0,19.0,16.666666666666668,17.0,19.0,588,2.0,8.0,2.6700680272108843,2.0,5.0,588,0.0,116.0,52.37735849056604,52.0,108.0,159,0.0,392.0,150.64150943396226,136.0,360.0,159,1.0,1.0,1.0,1.0,1.0,159,0.9999999999999997,1.0000000000000002,1.0,1.0,1.0000000000000002,159,1.0,1.0,1.0,1.0,1.0,159,0.9999999999999997,1.0000000000000002,1.0,1.0,1.0000000000000002,159,552.0,0.0,0.0,393.0,159.0,159.0,0.0,0.0,0.0,0.0,0.0,0.0,1.0,0.0,0.0,159.0,159.0,1.0,0.0,0.0,0.0,0.0,0.0,0.0,0.0,0.0,0.0,0.0,0.0,0.0,0.0,292.26781241595745
151,9060000000000,2.0,15.0,2.9404761904761907,2.0,6.0,588,5.0,10.0,7.333333333333333,7.0,10.0,588,14.0,19.0,16.666666666666668,17.0,19.0,588,2.0,7.0,2.671768707482993,2.0,5.0,588,0.0,116.0,52.905660377358494,52.0,108.0,159,0.0,392.0,151.8490566037736,136.0,360.0,159,1.0,1.1818181818181819,1.0011435105774729,1.0,1.0,159,0.9999999999999998,1.1516827458083272,1.0009539795333857,1.0,1.0000000000000002,159,1.0,1.5,1.0291193405876367,1.0,1.2,159,0.9999999999999998,1.1890927513453087,1.0119120870526659,1.0,1.0583529081015701,159,552.0,0.0,0.0,391.0,161.0,159.0,2.0,0.0,2.0,0.0,0.0,0.0,0.9875776397515528,36.0,0.22641509433962265,159.0,159.0,1.0,0.0,0.0,0.0,0.0,0.0,0.0,30.0,0.18867924528301888,0.0,0.0,0.0,0.0,0.0,221.84553742408752
152,9120000000000,2.0,16.0,2.942176870748299,2.0,6.0,588,5.0,10.0,7.333333333333333,7.0,10.0,588,14.0,19.0,16.666666666666668,17.0,19.0,588,2.0,8.0,2.673469387755102,2.0,5.0,588,0.0,112.0,52.930817610062896,52.0,108.0,159,0.0,376.0,151.9496855345912,136.0,360.0,159,1.0,1.1818181818181819,1.0028206594244329,1.0,1.0,159,0.9999999999999997,1.1520434868777814,1.002419325063257,1.0,1.0000000000000002,159,1.0,1.5,1.0641948533670609,1.0,1.3333333333333333,159,0.9999999999999998,1.2171605674219577,1.0265753528109165,1.0,1.1415580709822308,159,552.0,0.0,0.0,391.0,161.0,159.0,2.0,0.0,2.0,0.0,0.0,0.0,0.9875776397515528,65.0,0.4088050314465409,159.0,159.0,1.0,0.0,0.0,0.0,0.0,0.0,0.0,65.0,0.4088050314465409,0.0,0.0,0.0,0.0,0.0,164.63309526443481
153,9180000000000,2.0,15.0,2.938775510204082,2.0,6.0,588,6.0,10.0,7.25,7.0,10.0,588,14.0,18.0,16.75,17.0,18.0,588,2.0,7.0,2.6700680272108843,2.0,5.0,588,0.0,116.0,52.075949367088604,52.0,108.0,158,0.0,392.0,149.51898734177215,136.0,360.0,158,1.0,1.0,1.0,1.0,1.0,158,0.9999999999999997,1.0000000000000004,1.0,1.0,1.0000000000000002,158,1.0,1.0,1.0,1.0,1.0,158,0.9999999999999997,1.0000000000000004,1.0,1.0,1.0000000000000002,158,552.0,0.0,0.0,394.0,158.0,158.0,0.0,0.0,0.0,0.0,0.0,0.0,1.0,0.0,0.0,158.0,158.0,1.0,0.0,0.0,0.0,0.0,0.0,0.0,0.0,0.0,0.0,0.0,0.0,0.0,0.0,273.50829914212227
154,9240000000000,2.0,16.0,2.947278911564626,2.0,6.0,588,5.0,10.0,7.2482993197278915,7.0,10.0,588,14.0,19.0,16.75170068027211,17.0,18.0,588,2.0,8.0,2.6683673469387754,2.0,5.0,588,0.0,116.0,52.20253164556962,52.0,108.0,158,0.0,392.0,150.0253164556962,136.0,360.0,158,1.0,1.0,1.0,1.0,1.0,158,0.9999999999999998,1.0000000000000002,1.0,1.0,1.0000000000000002,158,1.0,1.5,1.0278757707661923,1.0,1.2075000000000002,158,0.9999999999999998,1.135400138600311,1.0090058818223535,1.0,1.0539219714872663,158,552.0,0.0,0.0,392.0,160.0,158.0,2.0,0.0,2.0,0.0,0.0,0.0,0.9875,32.0,0.20253164556962025,158.0,158.0,1.0,0.0,0.0,0.0,0.0,0.0,0.0,31.0,0.1962025316455696,0.0,0.0,0.0,0.0,0.0,245.77898159623146
155,9300000000000,2.0,15.0,2.9710884353741496,2.0,6.0,588,6.0,10.0,7.246598639455782,7.0,10.0,588,14.0,18.0,16.753401360544217,17.0,18.0,588,2.0,7.0,2.671768707482993,2.0,5.0,588,0.0,116.0,52.32911392405063,52.0,108.0,158,0.0,392.0,149.62025316455697,136.0,360.0,158,1.0,1.0384615384615385,1.0002465483234715,1.0,1.0,156,0.9999999999999998,1.034459040867214,1.0002208912876103,1.0,1.0000000000000002,156,1.0,1.5,1.0598650657436393,1.0,1.3333333333333333,156,0.9999999999999998,1.2404123929575863,1.0244450857591378,1.0,1.1263837635155673,156,552.0,0.0,0.0,393.0,159.0,156.0,3.0,0.0,3.0,0.0,0.0,0.0,0.9811320754716981,59.0,0.3782051282051282,158.0,156.0,0.9873417721518988,0.0,0.0,0.0,0.0,2.0,0.012658227848101266,60.0,0.379746835443038,2.0,0.012658227848101266,0.0,0.0,0.0,165.78255593776703
156,9360000000000,2.0,16.0,2.9506802721088436,2.0,6.0,588,5.0,10.0,7.166666666666667,7.0,10.0,588,14.0,19.0,16.833333333333332,17.0,19.0,588,2.0,8.0,2.671768707482993,2.0,5.0,588,0.0,116.0,51.41772151898734,50.0,108.0,158,0.0,392.0,147.34177215189874,128.0,360.0,158,1.0,1.0,1.0,1.0,1.0,158,0.9999999999999998,1.0000000000000002,1.0,1.0,1.0000000000000002,158,1.0,1.0,1.0,1.0,1.0,158,0.9999999999999998,1.0000000000000002,1.0,1.0,1.0000000000000002,158,552.0,0.0,0.0,394.0,158.0,158.0,0.0,0.0,0.0,0.0,0.0,0.0,1.0,0.0,0.0,158.0,158.0,1.0,0.0,0.0,0.0,0.0,0.0,0.0,0.0,0.0,0.0,0.0,0.0,0.0,0.0,263.3756138384342
157,9420000000000,2.0,15.0,2.9591836734693877,2.0,6.0,588,5.0,10.0,7.164965986394558,7.0,10.0,588,14.0,19.0,16.83503401360544,17.0,19.0,588,2.0,7.0,2.6615646258503403,2.0,5.0,588,0.0,116.0,51.23566878980892,48.0,108.0,157,0.0,392.0,146.2420382165605,120.0,360.0,157,1.0,1.0,1.0,1.0,1.0,155,0.9999999999999998,1.0000000000000002,1.0,1.0,1.0000000000000002,155,1.0,1.5,1.0288770300629384,1.0,1.25,155,0.9999999999999998,1.2296158737085836,1.0124103980721733,1.0,1.0831203444126178,155,552.0,0.0,0.0,396.0,156.0,155.0,1.0,0.0,1.0,0.0,0.0,0.0,0.9935897435897436,25.0,0.16129032258064516,157.0,155.0,0.9872611464968153,0.0,0.0,0.0,0.0,2.0,0.012738853503184714,34.0,0.21656050955414013,2.0,0.012738853503184714,0.0,0.0,0.0,166.92138463258743
158,9480000000000,2.0,15.0,2.9625850340136055,2.0,6.0,588,5.0,10.0,7.164965986394558,7.0,10.0,588,14.0,19.0,16.83503401360544,17.0,19.0,588,2.0,7.0,2.6802721088435373,2.0,5.0,588,0.0,116.0,51.6,48.0,108.0,160,0.0,392.0,147.0,120.0,360.0,160,1.0,2.0,1.0068159688412854,1.0,1.0,158,0.9999999999999998,1.4827451376667211,1.0034916590538487,1.0,1.0000000000000002,158,1.0,2.0,1.060940033995774,1.0,1.3333333333333333,158,0.9999999999999998,1.4827451376667211,1.0258701672117905,1.0,1.135577449827502,158,552.0,0.0,0.0,390.0,162.0,158.0,4.0,0.0,4.0,0.0,0.0,0.0,0.9753086419753086,58.0,0.3670886075949367,160.0,158.0,0.9875,0.0,0.0,0.0,0.0,2.0,0.0125,60.0,0.375,2.0,0.0125,0.0,0.0,0.0,276.2829102575779
159,9540000000000,2.0,16.0,2.9744897959183674,2.0,6.0,588,5.0,10.0,7.166666666666667,7.0,10.0,588,14.0,19.0,16.833333333333332,17.0,19.0,588,2.0,8.0,2.673469387755102,2.0,5.0,588,0.0,116.0,51.575,52.0,108.0,160,0.0,392.0,147.8,136.0,360.0,160,1.0,1.0,1.0,1.0,1.0,160,0.9999999999999998,1.0000000000000002,1.0,1.0,1.0000000000000002,160,1.0,1.0,1.0,1.0,1.0,160,0.9999999999999998,1.0000000000000002,1.0,1.0,1.0000000000000002,160,552.0,0.0,0.0,392.0,160.0,160.0,0.0,0.0,0.0,0.0,0.0,0.0,1.0,0.0,0.0,160.0,160.0,1.0,0.0,0.0,0.0,0.0,0.0,0.0,0.0,0.0,0.0,0.0,0.0,0.0,0.0,294.67796348035336
160,9600000000000,2.0,15.0,2.9506802721088436,2.0,6.0,588,5.0,10.0,7.166666666666667,7.0,10.0,588,14.0,19.0,16.833333333333332,17.0,19.0,588,2.0,7.0,2.663265306122449,2.0,5.0,588,0.0,116.0,52.15,52.0,108.0,160,0.0,392.0,149.2,136.0,360.0,160,1.0,2.0,1.007772435897436,1.0,1.0,160,0.9999999999999997,1.4763949670467815,1.004363223958166,1.0,1.0000000000000002,160,1.0,2.0,1.0387018043098206,1.0,1.3333333333333333,160,0.9999999999999997,1.4763949670467815,1.016390592566344,1.0,1.0784458600392457,160,552.0,0.0,0.0,392.0,160.0,160.0,0.0,0.0,0.0,0.0,0.0,0.0,1.0,32.0,0.2,160.0,160.0,1.0,0.0,0.0,0.0,0.0,0.0,0.0,28.0,0.175,0.0,0.0,0.0,0.0,0.0,176.41060799360275
161,9660000000000,2.0,16.0,2.9591836734693877,2.0,6.0,588,5.0,10.0,7.164965986394558,7.0,10.0,588,14.0,19.0,16.83503401360544,17.0,19.0,588,2.0,8.0,2.671768707482993,2.0,5.0,588,0.0,116.0,52.05,52.0,108.0,160,0.0,392.0,149.25,136.0,360.0,160,1.0,1.5,1.0101812836844686,1.0,1.0,157,0.9999999999999997,1.323363656253537,1.00706761379423,1.0,1.0000000000000002,157,1.0,1.5,1.0683513066409194,1.0,1.3333333333333333,157,0.9999999999999998,1.323363656253537,1.0296032862399034,1.0,1.1302340536212694,157,552.0,0.0,0.0,395.0,157.0,157.0,0.0,0.0,0.0,0.0,0.0,0.0,1.0,64.0,0.40764331210191085,160.0,157.0,0.98125,0.0,0.0,0.0,0.0,3.0,0.01875,52.0,0.325,3.0,0.01875,0.0,0.0,0.0,249.89719688892365
162,9720000000000,2.0,15.0,2.9523809523809526,2.0,6.0,588,5.0,9.0,7.166666666666667,7.0,9.0,588,15.0,19.0,16.833333333333332,17.0,19.0,588,2.0,7.0,2.6666666666666665,2.0,5.0,588,0.0,116.0,51.54716981132076,52.0,108.0,159,0.0,392.0,146.8679245283019,136.0,360.0,159,1.0,1.0,1.0,1.0,1.0,159,0.9999999999999998,1.0000000000000002,1.0,1.0,1.0000000000000002,159,1.0,1.0,1.0,1.0,1.0,159,0.9999999999999998,1.0000000000000002,1.0,1.0,1.0000000000000002,159,552.0,0.0,0.0,393.0,159.0,159.0,0.0,0.0,0.0,0.0,0.0,0.0,1.0,0.0,0.0,159.0,159.0,1.0,0.0,0.0,0.0,0.0,0.0,0.0,0.0,0.0,0.0,0.0,0.0,0.0,0.0,261.3297998905182
163,9780000000000,2.0,16.0,2.9744897959183674,2.0,6.0,588,5.0,9.0,7.166666666666667,7.0,9.0,588,15.0,19.0,16.833333333333332,17.0,19.0,588,2.0,8.0,2.67687074829932,2.0,5.0,588,0.0,116.0,51.54716981132076,52.0,108.0,159,0.0,392.0,147.32075471698113,136.0,360.0,159,1.0,1.6666666666666667,1.009853249475891,1.0,1.0,159,0.9999999999999998,1.383156957235125,1.0061875051272255,1.0,1.0000000000000002,159,1.0,1.6666666666666667,1.0440157300111532,1.0,1.3333333333333333,159,0.9999999999999998,1.383156957235125,1.0181638383014808,1.0,1.1129861771341032,159,552.0,0.0,0.0,393.0,159.0,159.0,0.0,0.0,0.0,0.0,0.0,0.0,1.0,38.0,0.2389937106918239,159.0,159.0,1.0,0.0,0.0,0.0,0.0,0.0,0.0,20.0,0.12578616352201258,0.0,0.0,0.0,0.0,0.0,162.72253915667534
164,9840000000000,2.0,15.0,2.9727891156462585,2.0,6.0,588,5.0,9.0,7.166666666666667,7.0,9.0,588,15.0,19.0,16.833333333333332,17.0,19.0,588,2.0,7.0,2.673469387755102,2.0,5.0,588,0.0,116.0,51.77358490566038,48.0,108.0,159,0.0,392.0,147.32075471698113,120.0,360.0,159,1.0,1.5,1.010901467505241,1.0,1.0,159,0.9999999999999998,1.323784137363903,1.0073172823418415,1.0,1.0000000000000002,159,1.0,1.5,1.0714887526758712,1.0,1.3333333333333333,159,0.9999999999999998,1.323784137363903,1.0319173342958627,1.0,1.1320692843160387,159,552.0,0.0,0.0,393.0,159.0,159.0,0.0,0.0,0.0,0.0,0.0,0.0,1.0,64.0,0.4025157232704403,159.0,159.0,1.0,0.0,0.0,0.0,0.0,0.0,0.0,64.0,0.4025157232704403,0.0,0.0,0.0,0.0,0.0,180.2805606275797
165,9900000000000,2.0,15.0,2.9625850340136055,2.0,6.0,588,5.0,9.0,7.166666666666667,7.5,9.0,588,15.0,19.0,16.833333333333332,16.5,19.0,588,2.0,7.0,2.6666666666666665,2.0,5.0,588,0.0,112.0,51.29113924050633,48.0,108.0,158,0.0,376.0,147.29113924050634,120.0,360.0,158,1.0,1.0,1.0,1.0,1.0,158,0.9999999999999998,1.0000000000000002,1.0,1.0,1.0000000000000002,158,1.0,1.0,1.0,1.0,1.0,158,0.9999999999999998,1.0000000000000002,1.0,1.0,1.0000000000000002,158,552.0,0.0,0.0,394.0,158.0,158.0,0.0,0.0,0.0,0.0,0.0,0.0,1.0,0.0,0.0,158.0,158.0,1.0,0.0,0.0,0.0,0.0,0.0,0.0,0.0,0.0,0.0,0.0,0.0,0.0,0.0,361.61171086132526
166,9960000000000,2.0,15.0,2.9761904761904763,2.0,6.0,588,5.0,9.0,7.164965986394558,7.5,9.0,588,15.0,19.0,16.83503401360544,16.5,19.0,588,2.0,7.0,2.67687074829932,2.0,5.0,588,0.0,112.0,51.21518987341772,48.0,108.0,158,0.0,376.0,146.9873417721519,120.0,360.0,158,1.0,1.0,1.0,1.0,1.0,157,0.9999999999999998,1.0000000000000002,1.0,1.0,1.0000000000000002,157,1.0,1.5,1.0331518649816904,1.0,1.25,157,0.9999999999999998,1.211119775199935,1.0134106990277072,1.0,1.0806546048657444,157,552.0,0.0,0.0,389.0,163.0,157.0,6.0,0.0,6.0,0.0,0.0,0.0,0.9631901840490797,35.0,0.2229299363057325,158.0,157.0,0.9936708860759493,0.0,0.0,0.0,0.0,1.0,0.006329113924050633,31.0,0.1962025316455696,1.0,0.006329113924050633,0.0,0.0,0.0,166.00325144827366
167,10020000000000,2.0,15.0,2.9642857142857144,2.0,6.0,588,5.0,9.0,7.164965986394558,7.5,9.0,588,15.0,19.0,16.83503401360544,16.5,19.0,588,2.0,7.0,2.6649659863945576,2.0,5.0,588,0.0,112.0,50.225,48.0,108.0,160,0.0,376.0,142.85,120.0,360.0,160,1.0,2.0,1.006856540084388,1.0,1.0,158,0.9999999999999998,1.480349096985625,1.0035233235537793,1.0,1.0000000000000002,158,1.0,2.0,1.0574974102103414,1.0,1.2625000000000004,158,0.9999999999999998,1.480349096985625,1.0257957932674728,1.0,1.1242203237484865,158,552.0,0.0,0.0,391.0,161.0,158.0,3.0,0.0,3.0,0.0,0.0,0.0,0.9813664596273292,57.0,0.36075949367088606,160.0,158.0,0.9875,0.0,0.0,0.0,0.0,2.0,0.0125,62.0,0.3875,2.0,0.0125,0.0,0.0,0.0,164.1316320747137
168,10080000000000,2.0,15.0,2.9846938775510203,2.0,6.0,588,5.0,10.0,7.25,7.5,10.0,588,14.0,19.0,16.75,16.5,19.0,588,2.0,7.0,2.67687074829932,2.0,5.0,588,0.0,112.0,50.69938650306749,48.0,108.0,163,0.0,376.0,145.37423312883436,120.0,360.0,163,1.0,1.0,1.0,1.0,1.0,163,0.9999999999999997,1.0000000000000002,1.0,1.0,1.0000000000000002,163,1.0,1.0,1.0,1.0,1.0,163,0.9999999999999997,1.0000000000000002,1.0,1.0,1.0000000000000002,163,552.0,0.0,0.0,389.0,163.0,163.0,0.0,0.0,0.0,0.0,0.0,0.0,1.0,0.0,0.0,163.0,163.0,1.0,0.0,0.0,0.0,0.0,0.0,0.0,0.0,0.0,0.0,0.0,0.0,0.0,0.0,355.4452285170555
169,10140000000000,2.0,15.0,2.979591836734694,2.0,6.0,588,5.0,10.0,7.25,7.5,10.0,588,14.0,19.0,16.75,16.5,19.0,588,2.0,7.0,2.673469387755102,2.0,5.0,588,0.0,116.0,49.97560975609756,48.0,108.0,164,0.0,392.0,141.9512195121951,120.0,360.0,164,1.0,1.0869565217391304,1.0005302226935313,1.0,1.0,164,0.9999999999999996,1.0791255304702827,1.0004824727467698,1.0,1.0000000000000002,164,1.0,1.5,1.0262049693266555,1.0,1.1380952380952378,164,0.9999999999999998,1.2469788631058547,1.0095456638682674,1.0,1.0460418711004513,164,552.0,0.0,0.0,388.0,164.0,164.0,0.0,0.0,0.0,0.0,0.0,0.0,1.0,31.0,0.18902439024390244,164.0,164.0,1.0,0.0,0.0,0.0,0.0,0.0,0.0,34.0,0.2073170731707317,0.0,0.0,0.0,0.0,0.0,170.8663683384657
170,10200000000000,2.0,15.0,2.977891156462585,2.0,6.0,588,5.0,10.0,7.2482993197278915,7.5,10.0,588,14.0,19.0,16.75170068027211,16.5,19.0,588,2.0,8.0,2.671768707482993,2.0,5.0,588,0.0,116.0,51.58024691358025,50.0,108.0,162,0.0,392.0,148.54320987654322,128.0,360.0,162,1.0,2.0,1.0088607045128786,1.0,1.0,161,0.9999999999999998,1.4864586070031545,1.0052805988035904,1.0,1.0000000000000002,161,1.0,2.0,1.055630535683267,1.0,1.25,161,0.9999999999999998,1.4864586070031545,1.0225943091717071,1.0,1.1199844495806,161,552.0,0.0,0.0,389.0,163.0,161.0,2.0,0.0,2.0,0.0,0.0,0.0,0.9877300613496932,55.0,0.3416149068322981,162.0,161.0,0.9938271604938271,0.0,0.0,0.0,0.0,1.0,0.006172839506172839,67.0,0.41358024691358025,1.0,0.006172839506172839,0.0,0.0,0.0,189.35097567737103
171,10260000000000,2.0,15.0,2.9761904761904763,2.0,6.0,588,5.0,10.0,7.25,7.0,10.0,588,14.0,19.0,16.75,17.0,19.0,588,2.0,8.0,2.673469387755102,2.0,5.0,588,0.0,112.0,49.11801242236025,48.0,108.0,161,0.0,376.0,139.22981366459626,120.0,360.0,161,1.0,1.0,1.0,1.0,1.0,161,0.9999999999999997,1.0000000000000002,1.0,1.0,1.0000000000000002,161,1.0,1.0,1.0,1.0,1.0,161,0.9999999999999997,1.0000000000000002,1.0,1.0,1.0000000000000002,161,552.0,0.0,0.0,391.0,161.0,161.0,0.0,0.0,0.0,0.0,0.0,0.0,1.0,0.0,0.0,161.0,161.0,1.0,0.0,0.0,0.0,0.0,0.0,0.0,0.0,0.0,0.0,0.0,0.0,0.0,0.0,398.18722754716873
172,10320000000000,2.0,15.0,2.9863945578231292,2.0,6.0,588,5.0,10.0,7.25,7.0,10.0,588,14.0,19.0,16.75,17.0,19.0,588,2.0,8.0,2.6700680272108843,2.0,5.0,588,0.0,112.0,49.50617283950617,48.0,108.0,162,0.0,376.0,141.58024691358025,120.0,360.0,162,1.0,1.0,1.0,1.0,1.0,162,0.9999999999999998,1.0000000000000002,1.0,1.0,1.0000000000000002,162,1.0,1.5,1.0252226163405076,1.0,1.2,162,0.9999999999999998,1.1798684470871041,1.00833686723654,1.0,1.054659676192616,162,552.0,0.0,0.0,390.0,162.0,162.0,0.0,0.0,0.0,0.0,0.0,0.0,1.0,26.0,0.16049382716049382,162.0,162.0,1.0,0.0,0.0,0.0,0.0,0.0,0.0,25.0,0.15432098765432098,0.0,0.0,0.0,0.0,0.0,167.26531833410263
173,10380000000000,2.0,15.0,2.977891156462585,2.0,6.0,588,5.0,10.0,7.25,7.0,10.0,588,14.0,19.0,16.75,17.0,19.0,588,2.0,8.0,2.6700680272108843,2.0,5.0,588,0.0,112.0,49.32484076433121,48.0,108.0,157,0.0,376.0,140.89171974522293,120.0,360.0,157,1.0,1.1818181818181819,1.0028457034826463,1.0,1.0,157,0.9999999999999997,1.149462516397988,1.002407964790268,1.0,1.0000000000000002,157,1.0,1.5,1.0550826722653242,1.0,1.2666666666666657,157,0.9999999999999997,1.2179584650057411,1.0221050699138867,1.0,1.112232314294587,157,552.0,0.0,0.0,394.0,158.0,157.0,1.0,0.0,1.0,0.0,0.0,0.0,0.9936708860759493,57.0,0.3630573248407643,157.0,157.0,1.0,0.0,0.0,0.0,0.0,0.0,0.0,59.0,0.37579617834394907,0.0,0.0,0.0,0.0,0.0,165.4458213597536
174,10440000000000,2.0,15.0,2.9829931972789114,2.0,6.0,588,5.0,10.0,7.333333333333333,7.0,10.0,588,14.0,19.0,16.666666666666668,17.0,19.0,588,2.0,8.0,2.6666666666666665,2.0,5.0,588,0.0,112.0,50.41975308641975,48.0,108.0,162,0.0,376.0,143.90123456790124,120.0,360.0,162,1.0,1.0,1.0,1.0,1.0,162,0.9999999999999997,1.0000000000000002,1.0,1.0,1.0000000000000002,162,1.0,1.0,1.0,1.0,1.0,162,0.9999999999999997,1.0000000000000002,1.0,1.0,1.0000000000000002,162,552.0,0.0,0.0,390.0,162.0,162.0,0.0,0.0,0.0,0.0,0.0,0.0,1.0,0.0,0.0,162.0,162.0,1.0,0.0,0.0,0.0,0.0,0.0,0.0,0.0,0.0,0.0,0.0,0.0,0.0,0.0,356.13551177084446
175,10500000000000,2.0,15.0,2.993197278911565,2.0,6.0,588,5.0,10.0,7.333333333333333,7.0,10.0,588,14.0,19.0,16.666666666666668,17.0,19.0,588,2.0,8.0,2.6785714285714284,2.0,5.0,588,0.0,112.0,50.559006211180126,52.0,108.0,161,0.0,376.0,144.09937888198758,136.0,360.0,161,1.0,1.1538461538461537,1.0009555661729574,1.0,1.0,161,0.9999999999999998,1.1300178834871941,1.0008075644937093,1.0,1.0000000000000002,161,1.0,1.5,1.0246937349282825,1.0,1.1428571428571428,161,0.9999999999999998,1.1386595650947957,1.0095386146696599,1.0,1.061917703968012,161,552.0,0.0,0.0,389.0,163.0,161.0,2.0,0.0,2.0,0.0,0.0,0.0,0.9877300613496932,33.0,0.20496894409937888,161.0,161.0,1.0,0.0,0.0,0.0,0.0,0.0,0.0,31.0,0.19254658385093168,0.0,0.0,0.0,0.0,0.0,169.63806934654713
176,10560000000000,2.0,15.0,2.9863945578231292,2.0,6.0,588,5.0,10.0,7.328231292517007,7.0,10.0,588,14.0,19.0,16.671768707482993,17.0,19.0,588,2.0,8.0,2.6700680272108843,2.0,5.0,588,0.0,112.0,50.71604938271605,48.0,108.0,162,0.0,376.0,144.19753086419752,120.0,360.0,162,1.0,1.0,1.0,1.0,1.0,154,0.9999999999999997,1.0000000000000004,1.0,1.0,1.0000000000000002,154,1.0,1.5,1.054197323403014,1.0,1.2791666666666661,154,0.9999999999999999,1.2576645029144113,1.0214870297323233,1.0,1.0951468051752167,154,552.0,0.0,0.0,396.0,156.0,154.0,2.0,0.0,2.0,0.0,0.0,0.0,0.9871794871794872,61.0,0.3961038961038961,162.0,154.0,0.9506172839506173,0.0,0.0,0.0,0.0,8.0,0.04938271604938271,59.0,0.36419753086419754,8.0,0.04938271604938271,0.0,0.0,0.0,164.99526426196098
177,10620000000000,2.0,15.0,2.9523809523809526,2.0,6.0,588,5.0,10.0,7.25,7.5,10.0,588,14.0,19.0,16.75,16.5,19.0,588,2.0,8.0,2.671768707482993,2.0,5.0,588,0.0,112.0,50.314465408805034,48.0,108.0,159,0.0,376.0,144.2012578616352,120.0,360.0,159,1.0,1.0,1.0,1.0,1.0,159,0.9999999999999997,1.0000000000000002,1.0,1.0,1.0000000000000002,159,1.0,1.0,1.0,1.0,1.0,159,0.9999999999999997,1.0000000000000002,1.0,1.0,1.0000000000000002,159,552.0,0.0,0.0,393.0,159.0,159.0,0.0,0.0,0.0,0.0,0.0,0.0,1.0,0.0,0.0,159.0,159.0,1.0,0.0,0.0,0.0,0.0,0.0,0.0,0.0,0.0,0.0,0.0,0.0,0.0,0.0,277.4611134082079
178,10680000000000,2.0,15.0,2.989795918367347,2.0,6.0,588,5.0,10.0,7.2482993197278915,7.0,10.0,588,14.0,19.0,16.75170068027211,17.0,19.0,588,2.0,8.0,2.681972789115646,2.0,5.0,588,0.0,112.0,50.853503184713375,48.0,108.0,157,0.0,376.0,145.63057324840764,120.0,360.0,157,1.0,1.0,1.0,1.0,1.0,154,0.9999999999999998,1.0000000000000002,1.0,1.0,1.0000000000000002,154,1.0,1.5,1.0218339897469664,1.0,1.122222222222222,154,0.9999999999999999,1.1470699914433837,1.0073204760176238,1.0,1.0449215527371303,154,552.0,0.0,0.0,397.0,155.0,154.0,1.0,0.0,1.0,0.0,0.0,0.0,0.9935483870967742,25.0,0.16233766233766234,157.0,154.0,0.9808917197452229,0.0,0.0,0.0,0.0,3.0,0.01910828025477707,25.0,0.1592356687898089,3.0,0.01910828025477707,0.0,0.0,0.0,224.2580857127905
179,10740000000000,2.0,15.0,2.9489795918367347,2.0,6.0,588,5.0,10.0,7.246598639455782,7.0,10.0,588,14.0,19.0,16.753401360544217,17.0,19.0,588,2.0,8.0,2.6649659863945576,2.0,5.0,588,0.0,112.0,49.962732919254655,48.0,108.0,161,0.0,376.0,142.6086956521739,120.0,360.0,161,1.0,1.0,1.0,1.0,1.0,153,0.9999999999999998,1.0000000000000004,1.0,1.0,1.0000000000000002,153,1.0,1.5,1.040722033648733,1.0,1.25,153,0.9999999999999998,1.219554693199913,1.016037819084928,1.0,1.0766835480116876,153,552.0,0.0,0.0,395.0,157.0,153.0,4.0,0.0,4.0,0.0,0.0,0.0,0.9745222929936306,46.0,0.3006535947712418,161.0,153.0,0.9503105590062112,0.0,0.0,0.0,0.0,8.0,0.049689440993788817,64.0,0.39751552795031053,8.0,0.049689440993788817,0.0,0.0,0.0,173.7070195376873
180,10800000000000,2.0,16.0,2.9863945578231292,2.0,6.0,588,5.0,11.0,7.25,6.5,11.0,588,13.0,19.0,16.75,17.5,19.0,588,2.0,8.0,2.6785714285714284,2.0,5.0,588,0.0,112.0,51.6687898089172,52.0,108.0,157,0.0,376.0,149.35031847133757,136.0,360.0,157,1.0,1.0,1.0,1.0,1.0,157,0.9999999999999998,1.0000000000000002,1.0,1.0,1.0000000000000002,157,1.0,1.0,1.0,1.0,1.0,157,0.9999999999999998,1.0000000000000002,1.0,1.0,1.0000000000000002,157,552.0,0.0,0.0,395.0,157.0,157.0,0.0,0.0,0.0,0.0,0.0,0.0,1.0,0.0,0.0,157.0,157.0,1.0,0.0,0.0,0.0,0.0,0.0,0.0,0.0,0.0,0.0,0.0,0.0,0.0,0.0,274.1585783660412
181,10860000000000,2.0,16.0,2.9489795918367347,2.0,6.0,588,5.0,11.0,7.25,6.5,11.0,588,13.0,19.0,16.75,17.5,19.0,588,2.0,8.0,2.6700680272108843,2.0,5.0,588,0.0,112.0,50.77707006369427,48.0,108.0,157,0.0,376.0,146.2420382165605,120.0,360.0,157,1.0,1.2857142857142858,1.0036396724294812,1.0,1.0,157,0.9999999999999998,1.2170396168210214,1.0027595082918683,1.0,1.0000000000000002,157,1.0,1.5,1.02554941146849,1.0,1.2099999999999993,157,0.9999999999999998,1.2170396168210214,1.0111183488494764,1.0,1.0687999966292372,157,552.0,0.0,0.0,393.0,159.0,157.0,2.0,0.0,2.0,0.0,0.0,0.0,0.9874213836477987,25.0,0.1592356687898089,157.0,157.0,1.0,0.0,0.0,0.0,0.0,0.0,0.0,36.0,0.22929936305732485,0.0,0.0,0.0,0.0,0.0,242.09292232990265
182,10920000000000,2.0,16.0,2.9744897959183674,2.0,6.0,588,5.0,11.0,7.25,6.5,11.0,588,13.0,19.0,16.75,17.5,19.0,588,2.0,8.0,2.6904761904761907,2.0,5.0,588,0.0,112.0,52.701298701298704,52.0,108.0,154,0.0,376.0,151.8961038961039,136.0,360.0,154,1.0,1.2857142857142858,1.0058750773036487,1.0,1.0,154,0.9999999999999998,1.2185340199853925,1.0046417391146139,1.0,1.0000000000000002,154,1.0,1.5,1.0544401380411605,1.0,1.25,154,0.9999999999999998,1.3576878375840373,1.0245465609604467,1.0,1.1310033921337377,154,552.0,0.0,0.0,394.0,158.0,154.0,4.0,0.0,4.0,0.0,0.0,0.0,0.9746835443037974,56.0,0.36363636363636365,154.0,154.0,1.0,0.0,0.0,0.0,0.0,0.0,0.0,62.0,0.4025974025974026,0.0,0.0,0.0,0.0,0.0,181.88064359128475
183,10980000000000,2.0,16.0,2.9761904761904763,2.0,6.0,588,5.0,11.0,7.333333333333333,7.0,11.0,588,13.0,19.0,16.666666666666668,17.0,19.0,588,2.0,8.0,2.6785714285714284,2.0,5.0,588,0.0,112.0,50.36942675159236,48.0,108.0,157,0.0,376.0,144.61146496815286,120.0,360.0,157,1.0,1.0,1.0,1.0,1.0,157,0.9999999999999998,1.0000000000000004,1.0,1.0,1.0000000000000002,157,1.0,1.0,1.0,1.0,1.0,157,0.9999999999999998,1.0000000000000004,1.0,1.0,1.0000000000000002,157,552.0,0.0,0.0,395.0,157.0,157.0,0.0,0.0,0.0,0.0,0.0,0.0,1.0,0.0,0.0,157.0,157.0,1.0,0.0,0.0,0.0,0.0,0.0,0.0,0.0,0.0,0.0,0.0,0.0,0.0,0.0,265.8436093479395
184,11040000000000,2.0,16.0,2.9676870748299318,2.0,6.0,588,5.0,11.0,7.333333333333333,7.0,11.0,588,13.0,19.0,16.666666666666668,17.0,19.0,588,2.0,8.0,2.681972789115646,2.0,5.0,588,0.0,112.0,51.458064516129035,52.0,108.0,155,0.0,376.0,147.30322580645162,136.0,360.0,155,1.0,1.1666666666666667,1.0021505376344086,1.0,1.0,155,0.9999999999999998,1.140268248370086,1.0018060196710319,1.0,1.0,155,1.0,1.5,1.0272127592120082,1.0,1.1666666666666667,155,0.9999999999999998,1.23728640790037,1.0109420405126757,1.0,1.051079699794689,155,552.0,0.0,0.0,397.0,155.0,155.0,0.0,0.0,0.0,0.0,0.0,0.0,1.0,31.0,0.2,155.0,155.0,1.0,0.0,0.0,0.0,0.0,0.0,0.0,33.0,0.2129032258064516,0.0,0.0,0.0,0.0,0.0,169.47521083056927
185,11100000000000,2.0,16.0,2.988095238095238,2.0,6.0,588,5.0,11.0,7.331632653061225,7.0,11.0,588,13.0,19.0,16.668367346938776,17.0,19.0,588,2.0,8.0,2.692176870748299,2.0,5.0,588,0.0,112.0,50.94871794871795,48.0,108.0,156,0.0,376.0,146.56410256410257,120.0,360.0,156,1.0,2.0,1.0087145969498912,1.0,1.0,153,0.9999999999999998,1.4851609388050706,1.0047704857195203,1.0,1.0000000000000002,153,1.0,2.0,1.0572606175604429,1.0,1.3333333333333333,153,0.9999999999999998,1.4851609388050706,1.0241137302904184,1.0,1.128334615016095,153,552.0,0.0,0.0,399.0,153.0,153.0,0.0,0.0,0.0,0.0,0.0,0.0,1.0,54.0,0.35294117647058826,156.0,153.0,0.9807692307692307,0.0,0.0,0.0,0.0,3.0,0.019230769230769232,62.0,0.3974358974358974,3.0,0.019230769230769232,0.0,0.0,0.0,248.53331595659256
186,11160000000000,2.0,17.0,2.9659863945578233,2.0,6.0,588,5.0,10.0,7.25,7.0,10.0,588,14.0,19.0,16.75,17.0,19.0,588,2.0,8.0,2.6802721088435373,2.0,5.0,588,0.0,112.0,50.5974025974026,48.0,108.0,154,0.0,376.0,145.8181818181818,120.0,360.0,154,1.0,1.0,1.0,1.0,1.0,154,0.9999999999999998,1.0000000000000002,1.0,1.0,1.0000000000000002,154,1.0,1.0,1.0,1.0,1.0,154,0.9999999999999998,1.0000000000000002,1.0,1.0,1.0000000000000002,154,552.0,0.0,0.0,398.0,154.0,154.0,0.0,0.0,0.0,0.0,0.0,0.0,1.0,0.0,0.0,154.0,154.0,1.0,0.0,0.0,0.0,0.0,0.0,0.0,0.0,0.0,0.0,0.0,0.0,0.0,0.0,261.96083799004555
187,11220000000000,2.0,15.0,2.9829931972789114,2.0,6.0,588,5.0,10.0,7.25,7.0,10.0,588,14.0,19.0,16.75,17.0,19.0,588,2.0,8.0,2.692176870748299,2.0,5.0,588,0.0,112.0,50.37908496732026,48.0,108.0,153,0.0,376.0,144.5751633986928,120.0,360.0,153,1.0,1.0,1.0,1.0,1.0,153,0.9999999999999997,1.0000000000000002,1.0,1.0,1.0000000000000002,153,1.0,1.5,1.026386359011762,1.0,1.1550000000000005,153,0.9999999999999997,1.1629833946579038,1.009575079372844,1.0,1.0590351937465075,153,552.0,0.0,0.0,399.0,153.0,153.0,0.0,0.0,0.0,0.0,0.0,0.0,1.0,26.0,0.16993464052287582,153.0,153.0,1.0,0.0,0.0,0.0,0.0,0.0,0.0,28.0,0.1830065359477124,0.0,0.0,0.0,0.0,0.0,159.53380800783634
188,11280000000000,2.0,17.0,2.9642857142857144,2.0,6.0,588,5.0,10.0,7.25,7.0,10.0,588,14.0,19.0,16.75,17.0,19.0,588,2.0,8.0,2.6785714285714284,2.0,5.0,588,0.0,112.0,50.96103896103896,48.0,108.0,154,0.0,376.0,145.4025974025974,120.0,360.0,154,1.0,1.0,1.0,1.0,1.0,154,0.9999999999999997,1.0000000000000002,1.0,1.0,1.0000000000000002,154,1.0,1.5,1.0514359030703806,1.0,1.25,154,0.9999999999999997,1.1985305022205235,1.0195267214425976,1.0,1.1036916926771922,154,552.0,0.0,0.0,398.0,154.0,154.0,0.0,0.0,0.0,0.0,0.0,0.0,1.0,55.0,0.35714285714285715,154.0,154.0,1.0,0.0,0.0,0.0,0.0,0.0,0.0,64.0,0.4155844155844156,0.0,0.0,0.0,0.0,0.0,247.25859053432941
189,11340000000000,2.0,17.0,2.979591836734694,2.0,6.0,588,5.0,10.0,7.25,7.0,10.0,588,14.0,19.0,16.75,17.0,19.0,588,2.0,8.0,2.692176870748299,2.0,5.0,588,0.0,112.0,50.3046357615894,48.0,104.0,151,0.0,376.0,144.47682119205297,120.0,344.0,151,1.0,1.0,1.0,1.0,1.0,151,0.9999999999999998,1.0000000000000002,1.0,1.0,1.0000000000000002,151,1.0,1.0,1.0,1.0,1.0,151,0.9999999999999998,1.0000000000000002,1.0,1.0,1.0000000000000002,151,552.0,0.0,0.0,401.0,151.0,151.0,0.0,0.0,0.0,0.0,0.0,0.0,1.0,0.0,0.0,151.0,151.0,1.0,0.0,0.0,0.0,0.0,0.0,0.0,0.0,0.0,0.0,0.0,0.0,0.0,0.0,296.6099753975868
190,11400000000000,2.0,17.0,2.947278911564626,2.0,6.0,588,5.0,10.0,7.25,7.0,10.0,588,14.0,19.0,16.75,17.0,19.0,588,2.0,8.0,2.675170068027211,2.0,5.0,588,0.0,112.0,51.0,50.0,105.79999999999995,152,0.0,376.0,147.1578947368421,128.0,351.1999999999998,152,1.0,1.0,1.0,1.0,1.0,152,0.9999999999999998,1.0000000000000002,1.0,1.0,1.0000000000000002,152,1.0,1.5,1.0239473116235969,1.0,1.1816666666666662,152,0.9999999999999998,1.116885537069946,1.007473321203003,1.0,1.0474774961160267,152,552.0,0.0,0.0,400.0,152.0,152.0,0.0,0.0,0.0,0.0,0.0,0.0,1.0,24.0,0.15789473684210525,152.0,152.0,1.0,0.0,0.0,0.0,0.0,0.0,0.0,36.0,0.23684210526315788,0.0,0.0,0.0,0.0,0.0,172.64044098556042
191,11460000000000,2.0,17.0,2.9710884353741496,2.0,6.0,588,5.0,10.0,7.25,7.0,10.0,588,14.0,19.0,16.75,17.0,19.0,588,2.0,8.0,2.6904761904761907,2.0,5.0,588,0.0,112.0,50.4635761589404,48.0,104.0,151,0.0,376.0,144.63576158940398,120.0,344.0,151,1.0,1.0,1.0,1.0,1.0,151,0.9999999999999998,1.0000000000000002,1.0,1.0,1.0000000000000002,151,1.0,1.5,1.040226022360293,1.0,1.2,151,0.9999999999999998,1.1497553457345984,1.0150236256431606,1.0,1.066657305592112,151,552.0,0.0,0.0,401.0,151.0,151.0,0.0,0.0,0.0,0.0,0.0,0.0,1.0,50.0,0.33112582781456956,151.0,151.0,1.0,0.0,0.0,0.0,0.0,0.0,0.0,62.0,0.4105960264900662,0.0,0.0,0.0,0.0,0.0,166.1822721362114
192,11520000000000,2.0,17.0,2.95578231292517,2.0,6.0,588,5.0,10.0,7.25,7.0,10.0,588,14.0,19.0,16.75,17.0,19.0,588,2.0,8.0,2.6802721088435373,2.0,5.0,588,0.0,112.0,51.63636363636363,52.0,108.0,154,0.0,376.0,149.03896103896105,136.0,360.0,154,1.0,1.0,1.0,1.0,1.0,154,0.9999999999999998,1.0000000000000002,1.0,1.0,1.0000000000000002,154,1.0,1.0,1.0,1.0,1.0,154,0.9999999999999998,1.0000000000000002,1.0,1.0,1.0000000000000002,154,552.0,0.0,0.0,398.0,154.0,154.0,0.0,0.0,0.0,0.0,0.0,0.0,1.0,0.0,0.0,154.0,154.0,1.0,0.0,0.0,0.0,0.0,0.0,0.0,0.0,0.0,0.0,0.0,0.0,0.0,0.0,366.47975631058216
193,11580000000000,2.0,17.0,2.9710884353741496,2.0,6.0,588,5.0,10.0,7.25,7.0,10.0,588,14.0,19.0,16.75,17.0,19.0,588,2.0,8.0,2.6904761904761907,2.0,5.0,588,0.0,112.0,50.62251655629139,52.0,104.0,151,0.0,376.0,145.27152317880794,136.0,344.0,151,1.0,1.0,1.0,1.0,1.0,151,0.9999999999999999,1.0000000000000002,1.0,1.0,1.0,151,1.0,1.5,1.0222834344847016,1.0,1.1111111111111112,151,0.9999999999999999,1.140843735657274,1.0070461614686186,1.0,1.0468663215095977,151,552.0,0.0,0.0,401.0,151.0,151.0,0.0,0.0,0.0,0.0,0.0,0.0,1.0,29.0,0.19205298013245034,151.0,151.0,1.0,0.0,0.0,0.0,0.0,0.0,0.0,28.0,0.18543046357615894,0.0,0.0,0.0,0.0,0.0,185.02454459667206
194,11640000000000,2.0,17.0,2.9608843537414966,2.0,6.0,588,5.0,10.0,7.25,7.0,10.0,588,14.0,19.0,16.75,17.0,19.0,588,2.0,8.0,2.687074829931973,2.0,5.0,588,0.0,112.0,50.53333333333333,48.0,108.0,150,0.0,376.0,144.53333333333333,120.0,360.0,150,1.0,1.0,1.0,1.0,1.0,150,0.9999999999999998,1.0000000000000002,1.0,1.0,1.0000000000000002,150,1.0,1.5,1.048433333187654,1.0,1.2958333333333318,150,0.9999999999999999,1.1678287135513805,1.0175402838332486,1.0,1.0783188484881405,150,552.0,0.0,0.0,399.0,153.0,150.0,3.0,0.0,3.0,0.0,0.0,0.0,0.9803921568627451,51.0,0.34,150.0,150.0,1.0,0.0,0.0,0.0,0.0,0.0,0.0,56.0,0.37333333333333335,0.0,0.0,0.0,0.0,0.0,179.7151230275631
195,11700000000000,2.0,17.0,2.957482993197279,2.0,6.0,588,5.0,10.0,7.333333333333333,7.0,10.0,588,14.0,19.0,16.666666666666668,17.0,19.0,588,2.0,8.0,2.683673469387755,2.0,5.0,588,0.0,116.0,51.148387096774194,52.0,108.0,155,0.0,392.0,147.45806451612904,136.0,360.0,155,1.0,1.0,1.0,1.0,1.0,155,0.9999999999999998,1.0000000000000002,1.0,1.0,1.0,155,1.0,1.0,1.0,1.0,1.0,155,0.9999999999999998,1.0000000000000002,1.0,1.0,1.0,155,552.0,0.0,0.0,397.0,155.0,155.0,0.0,0.0,0.0,0.0,0.0,0.0,1.0,0.0,0.0,155.0,155.0,1.0,0.0,0.0,0.0,0.0,0.0,0.0,0.0,0.0,0.0,0.0,0.0,0.0,0.0,340.9137260168791
196,11760000000000,2.0,16.0,2.9659863945578233,2.0,6.0,588,5.0,10.0,7.333333333333333,7.0,10.0,588,14.0,19.0,16.666666666666668,17.0,19.0,588,2.0,8.0,2.688775510204082,2.0,5.0,588,0.0,116.0,51.24183006535948,48.0,108.0,153,0.0,392.0,147.08496732026143,120.0,360.0,153,1.0,1.0,1.0,1.0,1.0,153,0.9999999999999998,1.0000000000000002,1.0,1.0,1.0000000000000002,153,1.0,1.3333333333333333,1.0145585392263752,1.0,1.1,153,0.9999999999999998,1.0948909870393553,1.0045743476032436,1.0,1.035027118783248,153,552.0,0.0,0.0,399.0,153.0,153.0,0.0,0.0,0.0,0.0,0.0,0.0,1.0,22.0,0.1437908496732026,153.0,153.0,1.0,0.0,0.0,0.0,0.0,0.0,0.0,23.0,0.1503267973856209,0.0,0.0,0.0,0.0,0.0,165.66653549671173
197,11820000000000,2.0,17.0,2.9642857142857144,2.0,6.0,588,5.0,10.0,7.328231292517007,7.0,10.0,588,14.0,19.0,16.671768707482993,17.0,19.0,588,2.0,8.0,2.6904761904761907,2.0,5.0,588,0.0,116.0,51.3202614379085,48.0,108.0,153,0.0,392.0,147.3986928104575,120.0,360.0,153,1.0,1.0,1.0,1.0,1.0,150,0.9999999999999998,1.0000000000000002,1.0,1.0,1.0000000000000002,150,1.0,1.5,1.0547026223005493,1.0,1.25,150,0.9999999999999998,1.1920896737396869,1.0186247391087642,1.0,1.1028946422307744,150,552.0,0.0,0.0,402.0,150.0,150.0,0.0,0.0,0.0,0.0,0.0,0.0,1.0,61.0,0.4066666666666667,153.0,150.0,0.9803921568627451,0.0,0.0,0.0,0.0,3.0,0.0196078431372549,50.0,0.32679738562091504,3.0,0.0196078431372549,0.0,0.0,0.0,156.3018225133419
198,11880000000000,2.0,16.0,2.9829931972789114,2.0,6.0,588,5.0,10.0,7.25,7.0,10.0,588,14.0,19.0,16.75,17.0,19.0,588,2.0,8.0,2.693877551020408,2.0,5.0,588,0.0,116.0,51.078947368421055,52.0,108.0,152,0.0,392.0,146.52631578947367,136.0,360.0,152,1.0,1.0,1.0,1.0,1.0,152,0.9999999999999998,1.0000000000000002,1.0,1.0,1.0000000000000002,152,1.0,1.0,1.0,1.0,1.0,152,0.9999999999999998,1.0000000000000002,1.0,1.0,1.0000000000000002,152,552.0,0.0,0.0,400.0,152.0,152.0,0.0,0.0,0.0,0.0,0.0,0.0,1.0,0.0,0.0,152.0,152.0,1.0,0.0,0.0,0.0,0.0,0.0,0.0,0.0,0.0,0.0,0.0,0.0,0.0,0.0,386.7477346211672
199,11940000000000,2.0,16.0,2.945578231292517,2.0,6.0,588,5.0,10.0,7.246598639455782,7.0,10.0,588,14.0,19.0,16.753401360544217,17.0,19.0,588,2.0,8.0,2.683673469387755,2.0,5.0,588,0.0,116.0,51.39473684210526,50.0,108.0,152,0.0,392.0,147.31578947368422,128.0,360.0,152,1.0,1.0,1.0,1.0,1.0,150,0.9999999999999998,1.0000000000000002,1.0,1.0,1.0000000000000002,150,1.0,1.5,1.032292272140098,1.0,1.25,150,0.9999999999999998,1.1817416666959912,1.0101256117755024,1.0,1.0602956627865188,150,552.0,0.0,0.0,402.0,150.0,150.0,0.0,0.0,0.0,0.0,0.0,0.0,1.0,31.0,0.20666666666666667,152.0,150.0,0.9868421052631579,0.0,0.0,0.0,0.0,2.0,0.013157894736842105,27.0,0.17763157894736842,2.0,0.013157894736842105,0.0,0.0,0.0,170.5054398626089
200,12000000000000,2.0,16.0,2.9608843537414966,2.0,6.0,588,5.0,10.0,7.246598639455782,7.0,10.0,588,14.0,19.0,16.753401360544217,17.0,19.0,588,2.0,8.0,2.685374149659864,2.0,5.0,588,0.0,116.0,51.21052631578947,50.0,108.0,152,0.0,392.0,147.05263157894737,128.0,360.0,152,1.0,1.0,1.0,1.0,1.0,150,0.9999999999999997,1.0000000000000002,1.0,1.0,1.0000000000000002,150,1.0,1.5,1.048270122067948,1.0,1.25,150,0.9999999999999997,1.1754959570381245,1.0183759066223248,1.0,1.080263023985444,150,552.0,0.0,0.0,402.0,150.0,150.0,0.0,0.0,0.0,0.0,0.0,0.0,1.0,55.0,0.36666666666666664,152.0,150.0,0.9868421052631579,0.0,0.0,0.0,0.0,2.0,0.013157894736842105,64.0,0.42105263157894735,2.0,0.013157894736842105,0.0,0.0,0.0,166.9425591826439
201,12060000000000,2.0,16.0,2.933673469387755,2.0,6.0,588,5.0,10.0,7.083333333333333,7.0,10.0,588,14.0,19.0,16.916666666666668,17.0,19.0,588,2.0,8.0,2.675170068027211,2.0,5.0,588,0.0,116.0,51.36,52.0,108.0,150,0.0,392.0,147.84,136.0,360.0,150,1.0,1.0,1.0,1.0,1.0,150,0.9999999999999998,1.0000000000000002,1.0,1.0,1.0000000000000002,150,1.0,1.0,1.0,1.0,1.0,150,0.9999999999999998,1.0000000000000002,1.0,1.0,1.0000000000000002,150,552.0,0.0,0.0,402.0,150.0,150.0,0.0,0.0,0.0,0.0,0.0,0.0,1.0,0.0,0.0,150.0,150.0,1.0,0.0,0.0,0.0,0.0,0.0,0.0,0.0,0.0,0.0,0.0,0.0,0.0,0.0,338.1531797349453
202,12120000000000,2.0,16.0,2.95578231292517,2.0,6.0,588,5.0,10.0,7.083333333333333,7.0,10.0,588,14.0,19.0,16.916666666666668,17.0,19.0,588,2.0,8.0,2.673469387755102,2.0,5.0,588,0.0,116.0,51.04,52.0,108.0,150,0.0,392.0,147.04,136.0,360.0,150,1.0,1.0,1.0,1.0,1.0,150,0.9999999999999998,1.0000000000000004,1.0,1.0,1.0000000000000002,150,1.0,1.5,1.0311630952783128,1.0,1.2274999999999991,150,0.9999999999999998,1.2045042823254128,1.0113873611597688,1.0,1.064831538697097,150,552.0,0.0,0.0,402.0,150.0,150.0,0.0,0.0,0.0,0.0,0.0,0.0,1.0,34.0,0.22666666666666666,150.0,150.0,1.0,0.0,0.0,0.0,0.0,0.0,0.0,37.0,0.24666666666666667,0.0,0.0,0.0,0.0,0.0,165.3137281537056
203,12180000000000,2.0,15.0,2.9591836734693877,2.0,6.0,588,5.0,10.0,7.081632653061225,7.0,10.0,588,14.0,19.0,16.918367346938776,17.0,19.0,588,2.0,8.0,2.688775510204082,2.0,5.0,588,0.0,112.0,51.2751677852349,52.0,108.0,149,0.0,376.0,147.59731543624162,136.0,360.0,149,1.0,1.0,1.0,1.0,1.0,149,0.9999999999999998,1.0000000000000002,1.0,1.0,1.0000000000000002,149,1.0,1.5,1.0493983789719463,1.0,1.25,149,0.9999999999999998,1.1950047586253203,1.0195133092103004,1.0,1.0967482888650602,149,552.0,0.0,0.0,402.0,150.0,149.0,1.0,0.0,1.0,0.0,0.0,0.0,0.9933333333333333,53.0,0.35570469798657717,149.0,149.0,1.0,0.0,0.0,0.0,0.0,0.0,0.0,64.0,0.42953020134228187,0.0,0.0,0.0,0.0,0.0,159.55322980880737
204,12240000000000,2.0,16.0,2.9489795918367347,2.0,6.0,588,5.0,10.0,7.083333333333333,7.0,10.0,588,14.0,19.0,16.916666666666668,17.0,19.0,588,2.0,8.0,2.6802721088435373,2.0,5.0,588,0.0,112.0,51.733333333333334,52.0,108.0,150,0.0,376.0,149.81333333333333,136.0,360.0,150,1.0,1.0,1.0,1.0,1.0,150,0.9999999999999998,1.0000000000000002,1.0,1.0,1.0000000000000002,150,1.0,1.0,1.0,1.0,1.0,150,0.9999999999999998,1.0000000000000002,1.0,1.0,1.0000000000000002,150,552.0,0.0,0.0,402.0,150.0,150.0,0.0,0.0,0.0,0.0,0.0,0.0,1.0,0.0,0.0,150.0,150.0,1.0,0.0,0.0,0.0,0.0,0.0,0.0,0.0,0.0,0.0,0.0,0.0,0.0,0.0,288.61978463828564
205,12300000000000,2.0,15.0,2.9710884353741496,2.0,6.0,588,5.0,10.0,7.083333333333333,7.0,10.0,588,14.0,19.0,16.916666666666668,17.0,19.0,588,2.0,8.0,2.685374149659864,2.0,5.0,588,0.0,116.0,51.973333333333336,52.0,104.0,150,0.0,392.0,149.33333333333334,136.0,344.0,150,1.0,1.0,1.0,1.0,1.0,150,0.9999999999999998,1.0000000000000002,1.0,1.0,1.0000000000000002,150,1.0,1.5,1.0147724090509929,1.0,1.0821428571428569,150,0.9999999999999998,1.0917619808780217,1.0048833779783986,1.0,1.0375240056150425,150,552.0,0.0,0.0,400.0,152.0,150.0,2.0,0.0,2.0,0.0,0.0,0.0,0.9868421052631579,20.0,0.13333333333333333,150.0,150.0,1.0,0.0,0.0,0.0,0.0,0.0,0.0,25.0,0.16666666666666666,0.0,0.0,0.0,0.0,0.0,248.83907474577427
206,12360000000000,2.0,16.0,2.954081632653061,2.0,6.0,588,5.0,10.0,7.083333333333333,7.0,10.0,588,14.0,19.0,16.916666666666668,17.0,19.0,588,2.0,8.0,2.685374149659864,2.0,5.0,588,0.0,116.0,51.46666666666667,52.0,108.0,150,0.0,392.0,149.22666666666666,136.0,360.0,150,1.0,1.0,1.0,1.0,1.0,150,0.9999999999999997,1.0000000000000004,1.0,1.0,1.0000000000000002,150,1.0,1.5,1.0523285692496083,1.0,1.25,150,0.9999999999999997,1.1847188088382754,1.018784369529724,1.0,1.0746009754913695,150,552.0,0.0,0.0,400.0,152.0,150.0,2.0,0.0,2.0,0.0,0.0,0.0,0.9868421052631579,58.0,0.38666666666666666,150.0,150.0,1.0,0.0,0.0,0.0,0.0,0.0,0.0,57.0,0.38,0.0,0.0,0.0,0.0,0.0,161.9320698082447
207,12420000000000,2.0,16.0,2.954081632653061,2.0,6.0,588,5.0,10.0,7.166666666666667,7.0,10.0,588,14.0,19.0,16.833333333333332,17.0,19.0,588,2.0,8.0,2.6785714285714284,2.0,5.0,588,0.0,116.0,51.81818181818182,52.0,108.0,154,0.0,392.0,149.2987012987013,136.0,360.0,154,1.0,1.0,1.0,1.0,1.0,154,0.9999999999999998,1.0000000000000002,1.0,1.0,1.0000000000000002,154,1.0,1.0,1.0,1.0,1.0,154,0.9999999999999998,1.0000000000000002,1.0,1.0,1.0000000000000002,154,552.0,0.0,0.0,398.0,154.0,154.0,0.0,0.0,0.0,0.0,0.0,0.0,1.0,0.0,0.0,154.0,154.0,1.0,0.0,0.0,0.0,0.0,0.0,0.0,0.0,0.0,0.0,0.0,0.0,0.0,0.0,268.4270814061165
208,12480000000000,2.0,16.0,2.9404761904761907,2.0,6.0,588,5.0,10.0,7.166666666666667,7.0,10.0,588,14.0,19.0,16.833333333333332,17.0,19.0,588,2.0,8.0,2.6785714285714284,2.0,5.0,588,0.0,116.0,52.285714285714285,52.0,108.0,154,0.0,392.0,150.23376623376623,136.0,360.0,154,1.0,1.0,1.0,1.0,1.0,154,0.9999999999999997,1.0000000000000002,1.0,1.0,1.0000000000000002,154,1.0,1.5,1.0285599798162075,1.0,1.1422222222222218,154,0.9999999999999997,1.1895686218828094,1.0101425136149804,1.0,1.0535132776611071,154,552.0,0.0,0.0,398.0,154.0,154.0,0.0,0.0,0.0,0.0,0.0,0.0,1.0,35.0,0.22727272727272727,154.0,154.0,1.0,0.0,0.0,0.0,0.0,0.0,0.0,28.0,0.18181818181818182,0.0,0.0,0.0,0.0,0.0,248.32401797175407
209,12540000000000,2.0,16.0,2.931972789115646,2.0,6.0,588,4.0,10.0,7.163265306122449,7.0,10.0,588,14.0,20.0,16.836734693877553,17.0,19.0,588,2.0,8.0,2.6700680272108843,2.0,5.0,588,0.0,112.0,51.896103896103895,52.0,108.0,154,0.0,376.0,149.14285714285714,136.0,360.0,154,1.0,1.6666666666666667,1.0061403508771931,1.0,1.0,152,0.9999999999999998,1.3931717106459978,1.0041218745979885,1.0,1.0000000000000002,152,1.0,1.6666666666666667,1.0571797705243824,1.0,1.3333333333333333,152,0.9999999999999998,1.3931717106459978,1.0229241081767,1.0000000000000002,1.1166654040690749,152,552.0,0.0,0.0,395.0,157.0,152.0,5.0,0.0,5.0,0.0,0.0,0.0,0.9681528662420382,55.0,0.3618421052631579,154.0,152.0,0.987012987012987,0.0,0.0,0.0,0.0,2.0,0.012987012987012988,69.0,0.44805194805194803,2.0,0.012987012987012988,0.0,0.0,0.0,164.30235095322132
210,12600000000000,2.0,15.0,2.9404761904761907,2.0,6.0,588,6.0,10.0,7.333333333333333,7.0,10.0,588,14.0,18.0,16.666666666666668,17.0,18.0,588,2.0,7.0,2.671768707482993,2.0,5.0,588,0.0,116.0,52.15094339622642,52.0,108.0,159,0.0,392.0,149.73584905660377,136.0,360.0,159,1.0,1.0,1.0,1.0,1.0,159,0.9999999999999998,1.0000000000000002,1.0,1.0,1.0000000000000002,159,1.0,1.0,1.0,1.0,1.0,159,0.9999999999999998,1.0000000000000002,1.0,1.0,1.0000000000000002,159,552.0,0.0,0.0,393.0,159.0,159.0,0.0,0.0,0.0,0.0,0.0,0.0,1.0,0.0,0.0,159.0,159.0,1.0,0.0,0.0,0.0,0.0,0.0,0.0,0.0,0.0,0.0,0.0,0.0,0.0,0.0,270.7012463361025
211,12660000000000,2.0,16.0,2.9523809523809526,2.0,6.0,588,5.0,10.0,7.331632653061225,7.0,10.0,588,14.0,19.0,16.668367346938776,17.0,18.0,588,2.0,8.0,2.673469387755102,2.0,5.0,588,0.0,116.0,52.15094339622642,52.0,108.0,159,0.0,392.0,149.73584905660377,136.0,360.0,159,1.0,1.0,1.0,1.0,1.0,157,0.9999999999999998,1.0000000000000002,1.0,1.0,1.0000000000000002,157,1.0,1.5,1.032921939489445,1.0,1.25,157,0.9999999999999999,1.195244533315788,1.010507845013738,1.0,1.0651670033937273,157,552.0,0.0,0.0,393.0,159.0,157.0,2.0,0.0,2.0,0.0,0.0,0.0,0.9874213836477987,33.0,0.21019108280254778,159.0,157.0,0.9874213836477987,0.0,0.0,0.0,0.0,2.0,0.012578616352201259,35.0,0.22012578616352202,2.0,0.012578616352201259,0.0,0.0,0.0,175.56136287748814
212,12720000000000,2.0,15.0,2.9710884353741496,2.0,6.0,588,6.0,10.0,7.333333333333333,7.0,10.0,588,14.0,18.0,16.666666666666668,17.0,18.0,588,2.0,7.0,2.6700680272108843,2.0,5.0,588,0.0,116.0,51.84905660377358,52.0,108.0,159,0.0,392.0,148.52830188679246,136.0,360.0,159,1.0,1.1176470588235294,1.0009818150772647,1.0,1.0,159,0.9999999999999997,1.1042757873067153,1.0008727460930933,1.0,1.0000000000000002,159,1.0,1.5,1.050048526043708,1.0,1.3333333333333333,159,0.9999999999999997,1.2439638946155978,1.020642425970644,1.0,1.1065328010618325,159,552.0,0.0,0.0,391.0,161.0,159.0,2.0,0.0,2.0,0.0,0.0,0.0,0.9875776397515528,50.0,0.31446540880503143,159.0,159.0,1.0,0.0,0.0,0.0,0.0,0.0,0.0,66.0,0.41509433962264153,0.0,0.0,0.0,0.0,0.0,266.9799607247114
213,12780000000000,2.0,16.0,2.9625850340136055,2.0,6.0,588,6.0,10.0,7.416666666666667,7.5,10.0,588,14.0,18.0,16.583333333333332,16.5,18.0,588,2.0,8.0,2.67687074829932,2.0,5.0,588,0.0,116.0,51.97530864197531,52.0,108.0,162,0.0,392.0,149.23456790123456,136.0,360.0,162,1.0,1.0,1.0,1.0,1.0,162,0.9999999999999997,1.0000000000000002,1.0,1.0,1.0000000000000002,162,1.0,1.0,1.0,1.0,1.0,162,0.9999999999999997,1.0000000000000002,1.0,1.0,1.0000000000000002,162,552.0,0.0,0.0,390.0,162.0,162.0,0.0,0.0,0.0,0.0,0.0,0.0,1.0,0.0,0.0,162.0,162.0,1.0,0.0,0.0,0.0,0.0,0.0,0.0,0.0,0.0,0.0,0.0,0.0,0.0,0.0,287.3727213591337
214,12840000000000,2.0,15.0,2.9608843537414966,2.0,6.0,588,6.0,10.0,7.416666666666667,7.5,10.0,588,14.0,18.0,16.583333333333332,16.5,18.0,588,2.0,8.0,2.671768707482993,2.0,5.0,588,0.0,116.0,51.67901234567901,52.0,104.0,162,0.0,392.0,147.60493827160494,136.0,344.0,162,1.0,1.0,1.0,1.0,1.0,162,0.9999999999999998,1.0000000000000004,1.0,1.0,1.0000000000000002,162,1.0,1.5,1.0261629260308174,1.0,1.2,162,0.9999999999999998,1.2328881027593137,1.0116316275975734,1.0,1.079592909626851,162,552.0,0.0,0.0,390.0,162.0,162.0,0.0,0.0,0.0,0.0,0.0,0.0,1.0,26.0,0.16049382716049382,162.0,162.0,1.0,0.0,0.0,0.0,0.0,0.0,0.0,33.0,0.2037037037037037,0.0,0.0,0.0,0.0,0.0,165.79626128077507
215,12900000000000,2.0,16.0,2.9676870748299318,2.0,6.0,588,5.0,10.0,7.413265306122449,7.5,10.0,588,14.0,19.0,16.586734693877553,16.5,18.0,588,2.0,8.0,2.681972789115646,2.0,5.0,588,0.0,112.0,51.67901234567901,52.0,108.0,162,0.0,376.0,148.0493827160494,136.0,360.0,162,1.0,1.0,1.0,1.0,1.0,160,0.9999999999999998,1.0000000000000002,1.0,1.0,1.0000000000000002,160,1.0,1.5,1.054268811098854,1.0,1.2541666666666653,160,0.9999999999999998,1.2668931296595,1.0220096229345936,1.0,1.1096156493957403,160,552.0,0.0,0.0,392.0,160.0,160.0,0.0,0.0,0.0,0.0,0.0,0.0,1.0,60.0,0.375,162.0,160.0,0.9876543209876543,0.0,0.0,0.0,0.0,2.0,0.012345679012345678,63.0,0.3888888888888889,2.0,0.012345679012345678,0.0,0.0,0.0,163.86201977729797
216,12960000000000,2.0,16.0,2.979591836734694,2.0,6.0,588,5.0,10.0,7.25,7.0,10.0,588,14.0,19.0,16.75,17.0,19.0,588,2.0,8.0,2.6802721088435373,2.0,5.0,588,0.0,112.0,50.40506329113924,52.0,108.0,158,0.0,376.0,143.74683544303798,136.0,360.0,158,1.0,1.0,1.0,1.0,1.0,158,0.9999999999999997,1.0000000000000002,1.0,1.0,1.0000000000000002,158,1.0,1.0,1.0,1.0,1.0,158,0.9999999999999997,1.0000000000000002,1.0,1.0,1.0000000000000002,158,552.0,0.0,0.0,394.0,158.0,158.0,0.0,0.0,0.0,0.0,0.0,0.0,1.0,0.0,0.0,158.0,158.0,1.0,0.0,0.0,0.0,0.0,0.0,0.0,0.0,0.0,0.0,0.0,0.0,0.0,0.0,271.7361990362406
217,13020000000000,2.0,15.0,2.945578231292517,2.0,6.0,588,5.0,10.0,7.25,7.0,10.0,588,14.0,19.0,16.75,17.0,19.0,588,2.0,8.0,2.675170068027211,2.0,5.0,588,0.0,116.0,50.666666666666664,52.0,108.0,159,0.0,392.0,144.25157232704402,136.0,360.0,159,1.0,1.0,1.0,1.0,1.0,159,0.9999999999999998,1.0000000000000002,1.0,1.0,1.0,159,1.0,1.5,1.026799012418252,1.0,1.2,159,0.9999999999999998,1.1949776845914388,1.0100922329397497,1.0,1.055291922469878,159,552.0,0.0,0.0,393.0,159.0,159.0,0.0,0.0,0.0,0.0,0.0,0.0,1.0,30.0,0.18867924528301888,159.0,159.0,1.0,0.0,0.0,0.0,0.0,0.0,0.0,23.0,0.14465408805031446,0.0,0.0,0.0,0.0,0.0,171.43994383513927
218,13080000000000,2.0,16.0,2.9761904761904763,2.0,6.0,588,5.0,10.0,7.25,7.0,10.0,588,14.0,19.0,16.75,17.0,19.0,588,2.0,8.0,2.673469387755102,2.0,5.0,588,0.0,116.0,49.825,48.0,108.0,160,0.0,392.0,141.7,120.0,360.0,160,1.0,1.5,1.0089903846153847,1.0,1.0,160,0.9999999999999997,1.3262659146560716,1.0060567914185188,1.0,1.0000000000000002,160,1.0,1.5,1.0563680097142203,1.0,1.3333333333333333,160,0.9999999999999998,1.3262659146560716,1.0245032832756862,1.0,1.1195135678795702,160,552.0,0.0,0.0,389.0,163.0,160.0,3.0,0.0,3.0,0.0,0.0,0.0,0.9815950920245399,55.0,0.34375,160.0,160.0,1.0,0.0,0.0,0.0,0.0,0.0,0.0,72.0,0.45,0.0,0.0,0.0,0.0,0.0,167.40055568516254
219,13140000000000,2.0,15.0,2.957482993197279,2.0,6.0,588,5.0,10.0,7.25,7.0,10.0,588,14.0,19.0,16.75,17.0,19.0,588,2.0,8.0,2.6683673469387754,2.0,5.0,588,0.0,116.0,52.099378881987576,52.0,108.0,161,0.0,392.0,149.3664596273292,136.0,360.0,161,1.0,1.0,1.0,1.0,1.0,161,0.9999999999999998,1.0000000000000002,1.0,1.0,1.0000000000000002,161,1.0,1.0,1.0,1.0,1.0,161,0.9999999999999998,1.0000000000000002,1.0,1.0,1.0000000000000002,161,552.0,0.0,0.0,391.0,161.0,161.0,0.0,0.0,0.0,0.0,0.0,0.0,1.0,0.0,0.0,161.0,161.0,1.0,0.0,0.0,0.0,0.0,0.0,0.0,0.0,0.0,0.0,0.0,0.0,0.0,0.0,334.76484566926956
220,13200000000000,2.0,16.0,2.9846938775510203,2.0,6.0,588,5.0,10.0,7.25,7.0,10.0,588,14.0,19.0,16.75,17.0,19.0,588,2.0,8.0,2.681972789115646,2.0,5.0,588,0.0,116.0,51.60493827160494,52.0,108.0,162,0.0,392.0,147.7530864197531,136.0,360.0,162,1.0,1.0,1.0,1.0,1.0,162,0.9999999999999996,1.0000000000000002,1.0,1.0,1.0000000000000002,162,1.0,1.5,1.0345608231626113,1.0,1.25,162,0.9999999999999998,1.1854694956039342,1.012010731067307,1.0,1.0687420471293703,162,552.0,0.0,0.0,388.0,164.0,162.0,2.0,0.0,2.0,0.0,0.0,0.0,0.9878048780487805,37.0,0.22839506172839505,162.0,162.0,1.0,0.0,0.0,0.0,0.0,0.0,0.0,25.0,0.15432098765432098,0.0,0.0,0.0,0.0,0.0,171.19474709033966
221,13260000000000,2.0,15.0,2.977891156462585,2.0,6.0,588,5.0,10.0,7.2482993197278915,7.0,10.0,588,14.0,19.0,16.75170068027211,17.0,19.0,588,2.0,8.0,2.675170068027211,2.0,5.0,588,0.0,116.0,51.72670807453416,52.0,108.0,161,0.0,392.0,148.77018633540374,136.0,360.0,161,1.0,1.0,1.0,1.0,1.0,158,0.9999999999999998,1.0000000000000004,1.0,1.0,1.0000000000000002,158,1.0,1.5,1.0509075908845564,1.0,1.2625000000000004,158,0.9999999999999998,1.2207827774267486,1.0217954370906008,1.0,1.105484371916676,158,552.0,0.0,0.0,393.0,159.0,158.0,1.0,0.0,1.0,0.0,0.0,0.0,0.9937106918238994,57.0,0.36075949367088606,161.0,158.0,0.9813664596273292,0.0,0.0,0.0,0.0,3.0,0.018633540372670808,67.0,0.4161490683229814,3.0,0.018633540372670808,0.0,0.0,0.0,166.07655584812164
222,13320000000000,2.0,16.0,2.9829931972789114,2.0,6.0,588,5.0,9.0,7.25,7.0,9.0,588,15.0,19.0,16.75,17.0,19.0,588,2.0,8.0,2.685374149659864,2.0,5.0,588,0.0,116.0,51.295597484276726,48.0,108.0,159,0.0,392.0,147.67295597484278,120.0,360.0,159,1.0,1.0,1.0,1.0,1.0,159,0.9999999999999998,1.0000000000000002,1.0,1.0,1.0000000000000002,159,1.0,1.0,1.0,1.0,1.0,159,0.9999999999999998,1.0000000000000002,1.0,1.0,1.0000000000000002,159,552.0,0.0,0.0,393.0,159.0,159.0,0.0,0.0,0.0,0.0,0.0,0.0,1.0,0.0,0.0,159.0,159.0,1.0,0.0,0.0,0.0,0.0,0.0,0.0,0.0,0.0,0.0,0.0,0.0,0.0,0.0,372.0616288483143
223,13380000000000,2.0,15.0,2.977891156462585,2.0,6.0,588,5.0,9.0,7.25,7.0,9.0,588,15.0,19.0,16.75,17.0,19.0,588,2.0,8.0,2.6785714285714284,2.0,5.0,588,0.0,116.0,50.893081761006286,48.0,108.0,159,0.0,392.0,145.61006289308176,120.0,360.0,159,1.0,1.0,1.0,1.0,1.0,159,0.9999999999999998,1.0000000000000002,1.0,1.0,1.0000000000000002,159,1.0,1.3333333333333333,1.018092269821146,1.0,1.1099999999999994,159,0.9999999999999998,1.163355022514231,1.006654649103744,1.0,1.039634852580297,159,552.0,0.0,0.0,393.0,159.0,159.0,0.0,0.0,0.0,0.0,0.0,0.0,1.0,23.0,0.14465408805031446,159.0,159.0,1.0,0.0,0.0,0.0,0.0,0.0,0.0,41.0,0.2578616352201258,0.0,0.0,0.0,0.0,0.0,171.50885798037052
224,13440000000000,2.0,15.0,2.979591836734694,2.0,6.0,588,5.0,9.0,7.2482993197278915,7.0,9.0,588,15.0,19.0,16.75170068027211,17.0,19.0,588,2.0,8.0,2.681972789115646,2.0,5.0,588,0.0,116.0,51.59748427672956,48.0,108.0,159,0.0,392.0,147.52201257861634,120.0,360.0,159,1.0,1.0,1.0,1.0,1.0,156,0.9999999999999998,1.0000000000000002,1.0,1.0,1.0,156,1.0,1.5,1.0371557862315366,1.0,1.2125,156,0.9999999999999998,1.1659033152666336,1.0154204811441336,1.0,1.0763740051072948,156,552.0,0.0,0.0,396.0,156.0,156.0,0.0,0.0,0.0,0.0,0.0,0.0,1.0,49.0,0.3141025641025641,159.0,156.0,0.9811320754716981,0.0,0.0,0.0,0.0,3.0,0.018867924528301886,61.0,0.3836477987421384,3.0,0.018867924528301886,0.0,0.0,0.0,163.22716511785984
225,13500000000000,2.0,15.0,2.9829931972789114,2.0,6.0,588,5.0,9.0,7.333333333333333,7.5,9.0,588,15.0,19.0,16.666666666666668,16.5,19.0,588,2.0,8.0,2.6785714285714284,2.0,5.0,588,0.0,112.0,50.74074074074074,50.0,108.0,162,0.0,376.0,145.1851851851852,128.0,360.0,162,1.0,1.0,1.0,1.0,1.0,162,0.9999999999999998,1.0000000000000002,1.0,1.0,1.0000000000000002,162,1.0,1.0,1.0,1.0,1.0,162,0.9999999999999998,1.0000000000000002,1.0,1.0,1.0000000000000002,162,552.0,0.0,0.0,390.0,162.0,162.0,0.0,0.0,0.0,0.0,0.0,0.0,1.0,0.0,0.0,162.0,162.0,1.0,0.0,0.0,0.0,0.0,0.0,0.0,0.0,0.0,0.0,0.0,0.0,0.0,0.0,338.9647901058197
226,13560000000000,2.0,15.0,2.9642857142857144,2.0,6.0,588,5.0,9.0,7.331632653061225,7.5,9.0,588,15.0,19.0,16.668367346938776,16.5,19.0,588,2.0,8.0,2.673469387755102,2.0,5.0,588,0.0,116.0,50.54320987654321,48.0,108.0,162,0.0,392.0,143.50617283950618,120.0,360.0,162,1.0,2.0,1.0062893081761006,1.0,1.0,159,0.9999999999999998,1.4766434577127787,1.0029977575956779,1.0,1.0000000000000002,159,1.0,2.0,1.0239800678767046,1.0,1.1111111111111112,159,0.9999999999999998,1.4766434577127787,1.0092086359259427,1.0,1.0412105460350962,159,552.0,0.0,0.0,390.0,162.0,159.0,3.0,0.0,3.0,0.0,0.0,0.0,0.9814814814814815,26.0,0.16352201257861634,162.0,159.0,0.9814814814814815,0.0,0.0,0.0,0.0,3.0,0.018518518518518517,33.0,0.2037037037037037,3.0,0.018518518518518517,0.0,0.0,0.0,170.5414168536663
227,13620000000000,2.0,15.0,2.9812925170068025,2.0,6.0,588,5.0,9.0,7.329931972789115,7.5,9.0,588,15.0,19.0,16.670068027210885,16.5,19.0,588,2.0,8.0,2.67687074829932,2.0,5.0,588,0.0,116.0,50.69135802469136,48.0,108.0,162,0.0,392.0,144.98765432098764,120.0,360.0,162,1.0,2.0,1.006572541382668,1.0,1.0,158,0.9999999999999998,1.4819309489956596,1.0032710164412062,1.0,1.0000000000000002,158,1.0,2.0,1.0517835993779932,1.0,1.25,158,0.9999999999999998,1.4819309489956596,1.020706412696953,1.0,1.1003715235676286,158,552.0,0.0,0.0,388.0,164.0,158.0,6.0,0.0,6.0,0.0,0.0,0.0,0.9634146341463414,54.0,0.34177215189873417,162.0,158.0,0.9753086419753086,0.0,0.0,0.0,0.0,4.0,0.024691358024691357,70.0,0.43209876543209874,4.0,0.024691358024691357,0.0,0.0,0.0,167.88429021835327
228,13680000000000,2.0,15.0,2.979591836734694,2.0,6.0,588,5.0,10.0,7.333333333333333,7.5,10.0,588,14.0,19.0,16.666666666666668,16.5,19.0,588,2.0,8.0,2.671768707482993,2.0,5.0,588,0.0,112.0,50.06060606060606,48.0,108.0,165,0.0,376.0,142.20606060606062,120.0,360.0,165,1.0,1.0,1.0,1.0,1.0,165,0.9999999999999998,1.0000000000000002,1.0,1.0,1.0000000000000002,165,1.0,1.0,1.0,1.0,1.0,165,0.9999999999999998,1.0000000000000002,1.0,1.0,1.0000000000000002,165,552.0,0.0,0.0,387.0,165.0,165.0,0.0,0.0,0.0,0.0,0.0,0.0,1.0,0.0,0.0,165.0,165.0,1.0,0.0,0.0,0.0,0.0,0.0,0.0,0.0,0.0,0.0,0.0,0.0,0.0,0.0,293.3124918490648
229,13740000000000,2.0,15.0,2.9846938775510203,2.0,6.0,588,5.0,10.0,7.333333333333333,7.5,10.0,588,14.0,19.0,16.666666666666668,16.5,19.0,588,2.0,8.0,2.681972789115646,2.0,5.0,588,0.0,112.0,51.407407407407405,52.0,108.0,162,0.0,376.0,148.2962962962963,136.0,360.0,162,1.0,1.0,1.0,1.0,1.0,162,0.9999999999999998,1.0000000000000004,1.0,1.0,1.0000000000000002,162,1.0,1.5,1.0219283938635153,1.0,1.1412698412698408,162,0.9999999999999998,1.1827213614638656,1.007171678747409,1.0,1.0381396918120045,162,552.0,0.0,0.0,390.0,162.0,162.0,0.0,0.0,0.0,0.0,0.0,0.0,1.0,27.0,0.16666666666666666,162.0,162.0,1.0,0.0,0.0,0.0,0.0,0.0,0.0,25.0,0.15432098765432098,0.0,0.0,0.0,0.0,0.0,242.57913418114185
230,13800000000000,2.0,15.0,2.996598639455782,2.0,6.0,588,5.0,10.0,7.331632653061225,7.5,10.0,588,14.0,19.0,16.668367346938776,16.5,19.0,588,2.0,8.0,2.675170068027211,2.0,5.0,588,0.0,112.0,49.76969696969697,48.0,108.0,165,0.0,376.0,141.04242424242423,120.0,360.0,165,1.0,2.0,1.0080519074421512,1.0,1.0,164,0.9999999999999997,1.4779004807694678,1.0045673652001537,1.0,1.0000000000000002,164,1.0,2.0,1.0598454231427683,1.0,1.3333333333333333,164,0.9999999999999997,1.4779004807694678,1.0249642998535242,1.0,1.130469186964306,164,552.0,0.0,0.0,388.0,164.0,164.0,0.0,0.0,0.0,0.0,0.0,0.0,1.0,56.0,0.34146341463414637,165.0,164.0,0.9939393939393939,0.0,0.0,0.0,0.0,1.0,0.006060606060606061,65.0,0.3939393939393939,1.0,0.006060606060606061,0.0,0.0,0.0,169.4335788488388
231,13860000000000,2.0,15.0,2.977891156462585,2.0,6.0,588,5.0,10.0,7.25,7.0,10.0,588,14.0,19.0,16.75,17.0,19.0,588,2.0,8.0,2.67687074829932,2.0,5.0,588,0.0,112.0,49.5,48.0,108.0,160,0.0,376.0,141.3,120.0,360.0,160,1.0,1.0,1.0,1.0,1.0,160,0.9999999999999997,1.0000000000000002,1.0,1.0,1.0000000000000002,160,1.0,1.0,1.0,1.0,1.0,160,0.9999999999999997,1.0000000000000002,1.0,1.0,1.0000000000000002,160,552.0,0.0,0.0,392.0,160.0,160.0,0.0,0.0,0.0,0.0,0.0,0.0,1.0,0.0,0.0,160.0,160.0,1.0,0.0,0.0,0.0,0.0,0.0,0.0,0.0,0.0,0.0,0.0,0.0,0.0,0.0,286.1162442713976
232,13920000000000,2.0,15.0,2.988095238095238,2.0,6.0,588,5.0,10.0,7.25,7.0,10.0,588,14.0,19.0,16.75,17.0,19.0,588,2.0,8.0,2.6802721088435373,2.0,5.0,588,0.0,112.0,49.29936305732484,48.0,108.0,157,0.0,376.0,139.87261146496814,120.0,360.0,157,1.0,1.0,1.0,1.0,1.0,157,0.9999999999999997,1.0000000000000004,1.0,1.0,1.0000000000000002,157,1.0,1.5,1.0250026534915844,1.0,1.2,157,0.9999999999999998,1.1402909611264125,1.009004056531591,1.0,1.0621186674074983,157,552.0,0.0,0.0,395.0,157.0,157.0,0.0,0.0,0.0,0.0,0.0,0.0,1.0,31.0,0.19745222929936307,157.0,157.0,1.0,0.0,0.0,0.0,0.0,0.0,0.0,28.0,0.17834394904458598,0.0,0.0,0.0,0.0,0.0,247.59826809167862
233,13980000000000,2.0,15.0,2.9812925170068025,2.0,6.0,588,5.0,10.0,7.25,7.0,10.0,588,14.0,19.0,16.75,17.0,19.0,588,2.0,8.0,2.67687074829932,2.0,5.0,588,0.0,112.0,49.75308641975309,48.0,108.0,162,0.0,376.0,140.79012345679013,120.0,360.0,162,1.0,1.0,1.0,1.0,1.0,162,0.9999999999999998,1.0000000000000002,1.0,1.0,1.0000000000000002,162,1.0,1.5,1.0539979991124093,1.0,1.3333333333333333,162,0.9999999999999999,1.2585756229192855,1.0229369002692978,1.0,1.1226088658993998,162,552.0,0.0,0.0,390.0,162.0,162.0,0.0,0.0,0.0,0.0,0.0,0.0,1.0,59.0,0.36419753086419754,162.0,162.0,1.0,0.0,0.0,0.0,0.0,0.0,0.0,68.0,0.41975308641975306,0.0,0.0,0.0,0.0,0.0,172.3504401743412
234,14040000000000,2.0,15.0,2.977891156462585,2.0,6.0,588,5.0,10.0,7.333333333333333,7.0,10.0,588,14.0,19.0,16.666666666666668,17.0,19.0,588,2.0,8.0,2.6785714285714284,2.0,5.0,588,0.0,112.0,49.65,48.0,108.0,160,0.0,376.0,141.45,120.0,360.0,160,1.0,1.0,1.0,1.0,1.0,160,0.9999999999999998,1.0000000000000002,1.0,1.0,1.0000000000000002,160,1.0,1.0,1.0,1.0,1.0,160,0.9999999999999998,1.0000000000000002,1.0,1.0,1.0000000000000002,160,552.0,0.0,0.0,392.0,160.0,160.0,0.0,0.0,0.0,0.0,0.0,0.0,1.0,0.0,0.0,160.0,160.0,1.0,0.0,0.0,0.0,0.0,0.0,0.0,0.0,0.0,0.0,0.0,0.0,0.0,0.0,288.95650804042816
235,14100000000000,2.0,15.0,2.9948979591836733,2.0,6.649999999999977,588,5.0,10.0,7.329931972789115,7.0,10.0,588,14.0,19.0,16.670068027210885,17.0,19.0,588,2.0,8.0,2.6785714285714284,2.0,5.0,588,0.0,112.0,50.148148148148145,48.0,108.0,162,0.0,376.0,142.8148148148148,120.0,360.0,162,1.0,1.0,1.0,1.0,1.0,156,0.9999999999999998,1.0000000000000002,1.0,1.0,1.0000000000000002,156,1.0,1.5,1.0211801351775607,1.0,1.119047619047619,156,0.9999999999999998,1.1505772346662984,1.0068633152643622,1.0,1.0405663240175644,156,552.0,0.0,0.0,395.0,157.0,156.0,1.0,0.0,1.0,0.0,0.0,0.0,0.9936305732484076,23.0,0.14743589743589744,162.0,156.0,0.9629629629629629,0.0,0.0,0.0,0.0,6.0,0.037037037037037035,29.0,0.17901234567901234,6.0,0.037037037037037035,0.0,0.0,0.0,168.08537021279335
236,14160000000000,2.0,15.0,2.9693877551020407,2.0,6.0,588,5.0,10.0,7.328231292517007,7.0,10.0,588,14.0,19.0,16.671768707482993,17.0,19.0,588,2.0,8.0,2.6666666666666665,2.0,5.0,588,0.0,112.0,50.292682926829265,48.0,108.0,164,0.0,376.0,143.65853658536585,120.0,360.0,164,1.0,1.1333333333333333,1.0008492569002123,1.0,1.0,157,0.9999999999999998,1.1168540506401745,1.0007442933161794,1.0,1.0000000000000002,157,1.0,1.5,1.0418192106738369,1.0,1.25,157,0.9999999999999998,1.2214743029117672,1.017073296772525,1.0,1.0964940137384434,157,552.0,0.0,0.0,393.0,159.0,157.0,2.0,0.0,2.0,0.0,0.0,0.0,0.9874213836477987,46.0,0.2929936305732484,164.0,157.0,0.9573170731707317,0.0,0.0,0.0,0.0,7.0,0.042682926829268296,69.0,0.42073170731707316,7.0,0.042682926829268296,0.0,0.0,0.0,243.8089568167925
237,14220000000000,2.0,15.0,2.996598639455782,2.0,6.649999999999977,588,5.0,10.0,7.333333333333333,7.5,10.0,588,14.0,19.0,16.666666666666668,16.5,19.0,588,2.0,8.0,2.687074829931973,2.0,5.0,588,0.0,112.0,50.30379746835443,48.0,108.0,158,0.0,376.0,143.34177215189874,120.0,360.0,158,1.0,1.0,1.0,1.0,1.0,158,0.9999999999999997,1.0000000000000002,1.0,1.0,1.0000000000000002,158,1.0,1.0,1.0,1.0,1.0,158,0.9999999999999997,1.0000000000000002,1.0,1.0,1.0000000000000002,158,552.0,0.0,0.0,394.0,158.0,158.0,0.0,0.0,0.0,0.0,0.0,0.0,1.0,0.0,0.0,158.0,158.0,1.0,0.0,0.0,0.0,0.0,0.0,0.0,0.0,0.0,0.0,0.0,0.0,0.0,0.0,277.75621227920055
238,14280000000000,2.0,15.0,2.95578231292517,2.0,6.0,588,5.0,10.0,7.329931972789115,7.0,10.0,588,14.0,19.0,16.670068027210885,17.0,19.0,588,2.0,8.0,2.6700680272108843,2.0,5.0,588,0.0,112.0,49.50617283950617,48.0,104.0,162,0.0,376.0,141.1358024691358,120.0,344.0,162,1.0,1.0,1.0,1.0,1.0,154,0.9999999999999998,1.0000000000000002,1.0,1.0,1.0000000000000002,154,1.0,1.3333333333333333,1.0170515593521783,1.0,1.103888888888889,154,0.9999999999999998,1.1165027751284646,1.0055028774402517,1.0,1.0396748878265922,154,552.0,0.0,0.0,398.0,154.0,154.0,0.0,0.0,0.0,0.0,0.0,0.0,1.0,22.0,0.14285714285714285,162.0,154.0,0.9506172839506173,0.0,0.0,0.0,0.0,8.0,0.04938271604938271,33.0,0.2037037037037037,8.0,0.04938271604938271,0.0,0.0,0.0,178.58110554516315
239,14340000000000,2.0,17.0,2.9812925170068025,2.0,6.0,588,5.0,10.0,7.329931972789115,7.0,10.0,588,14.0,19.0,16.670068027210885,17.0,19.0,588,2.0,8.0,2.683673469387755,2.0,5.0,588,0.0,112.0,50.11180124223603,48.0,108.0,161,0.0,376.0,143.2049689440994,120.0,360.0,161,1.0,1.2222222222222223,1.0022646850672328,1.0,1.0,157,0.9999999999999998,1.1771239726395617,1.0018728307446472,1.0,1.0000000000000002,157,1.0,1.5,1.0488994887624312,1.0,1.25,157,0.9999999999999998,1.2293299809522984,1.0188774529882767,1.0,1.0973158248864812,157,552.0,0.0,0.0,392.0,160.0,157.0,3.0,0.0,3.0,0.0,0.0,0.0,0.98125,54.0,0.34394904458598724,161.0,157.0,0.9751552795031055,0.0,0.0,0.0,0.0,4.0,0.024844720496894408,62.0,0.38509316770186336,4.0,0.024844720496894408,0.0,0.0,0.0,271.36177755892277
240,14400000000000,2.0,16.0,2.9608843537414966,2.0,6.0,588,5.0,11.0,7.333333333333333,7.0,11.0,588,13.0,19.0,16.666666666666668,17.0,19.0,588,2.0,8.0,2.6785714285714284,2.0,5.0,588,0.0,112.0,50.59119496855346,52.0,108.0,159,0.0,376.0,145.30817610062894,136.0,360.0,159,1.0,1.0,1.0,1.0,1.0,159,0.9999999999999998,1.0000000000000002,1.0,1.0,1.0000000000000002,159,1.0,1.0,1.0,1.0,1.0,159,0.9999999999999998,1.0000000000000002,1.0,1.0,1.0000000000000002,159,552.0,0.0,0.0,393.0,159.0,159.0,0.0,0.0,0.0,0.0,0.0,0.0,1.0,0.0,0.0,159.0,159.0,1.0,0.0,0.0,0.0,0.0,0.0,0.0,0.0,0.0,0.0,0.0,0.0,0.0,0.0,295.3326366841793
241,14460000000000,2.0,17.0,2.9846938775510203,2.0,6.0,588,5.0,11.0,7.333333333333333,7.0,11.0,588,13.0,19.0,16.666666666666668,17.0,19.0,588,2.0,8.0,2.687074829931973,2.0,5.0,588,0.0,112.0,50.54320987654321,48.0,107.79999999999995,162,0.0,376.0,144.8395061728395,120.0,359.1999999999998,162,1.0,1.0,1.0,1.0,1.0,162,0.9999999999999998,1.0000000000000002,1.0,1.0,1.0000000000000002,162,1.0,1.5,1.0234018801207634,1.0,1.1111111111111112,162,0.9999999999999998,1.1414020691576854,1.0076798786484102,1.0,1.0368663534748026,162,552.0,0.0,0.0,388.0,164.0,162.0,2.0,0.0,2.0,0.0,0.0,0.0,0.9878048780487805,31.0,0.19135802469135801,162.0,162.0,1.0,0.0,0.0,0.0,0.0,0.0,0.0,29.0,0.17901234567901234,0.0,0.0,0.0,0.0,0.0,166.45379178225994
242,14520000000000,2.0,16.0,2.996598639455782,2.0,6.0,588,5.0,11.0,7.331632653061225,7.0,11.0,588,13.0,19.0,16.668367346938776,17.0,19.0,588,2.0,8.0,2.695578231292517,2.0,5.0,588,0.0,112.0,51.37106918238994,48.0,108.0,159,0.0,376.0,147.52201257861634,120.0,360.0,159,1.0,1.0,1.0,1.0,1.0,155,0.9999999999999997,1.0000000000000002,1.0,1.0,1.0000000000000002,155,1.0,1.5,1.051496088289941,1.0,1.3333333333333333,155,0.9999999999999997,1.1758201426015138,1.0197178259772086,1.0,1.0954641805759382,155,552.0,0.0,0.0,395.0,157.0,155.0,2.0,0.0,2.0,0.0,0.0,0.0,0.9872611464968153,58.0,0.3741935483870968,159.0,155.0,0.9748427672955975,0.0,0.0,0.0,0.0,4.0,0.025157232704402517,57.0,0.3584905660377358,4.0,0.025157232704402517,0.0,0.0,0.0,163.24595920741558
243,14580000000000,2.0,17.0,2.9727891156462585,2.0,6.0,588,5.0,11.0,7.333333333333333,7.0,11.0,588,13.0,19.0,16.666666666666668,17.0,19.0,588,2.0,8.0,2.6785714285714284,2.0,5.0,588,0.0,112.0,49.725,48.0,108.0,160,0.0,376.0,142.65,120.0,360.0,160,1.0,1.0,1.0,1.0,1.0,160,0.9999999999999998,1.0000000000000002,1.0,1.0,1.0000000000000002,160,1.0,1.0,1.0,1.0,1.0,160,0.9999999999999998,1.0000000000000002,1.0,1.0,1.0000000000000002,160,552.0,0.0,0.0,392.0,160.0,160.0,0.0,0.0,0.0,0.0,0.0,0.0,1.0,0.0,0.0,160.0,160.0,1.0,0.0,0.0,0.0,0.0,0.0,0.0,0.0,0.0,0.0,0.0,0.0,0.0,0.0,384.61919873952866
244,14640000000000,2.0,16.0,2.993197278911565,2.0,6.0,588,5.0,11.0,7.333333333333333,7.0,11.0,588,13.0,19.0,16.666666666666668,17.0,19.0,588,2.0,8.0,2.6904761904761907,2.0,5.0,588,0.0,112.0,50.175,48.0,108.0,160,0.0,376.0,143.55,120.0,360.0,160,1.0,1.0,1.0,1.0,1.0,160,0.9999999999999998,1.0000000000000002,1.0,1.0,1.0000000000000002,160,1.0,1.5,1.025172046045639,1.0,1.1270833333333325,160,0.9999999999999998,1.1657164933513358,1.0090170325655685,1.0,1.0555891001860822,160,552.0,0.0,0.0,392.0,160.0,160.0,0.0,0.0,0.0,0.0,0.0,0.0,1.0,27.0,0.16875,160.0,160.0,1.0,0.0,0.0,0.0,0.0,0.0,0.0,22.0,0.1375,0.0,0.0,0.0,0.0,0.0,179.10797707736492
245,14700000000000,2.0,17.0,2.9727891156462585,2.0,6.0,588,5.0,11.0,7.331632653061225,7.0,11.0,588,13.0,19.0,16.668367346938776,17.0,19.0,588,2.0,8.0,2.6802721088435373,2.0,5.0,588,0.0,112.0,50.38993710691824,48.0,108.0,159,0.0,376.0,144.50314465408806,120.0,360.0,159,1.0,1.0,1.0,1.0,1.0,156,0.9999999999999998,1.0000000000000002,1.0,1.0,1.0,156,1.0,1.5,1.0493710269612206,1.0,1.25,156,0.9999999999999998,1.2199030707406164,1.01974437191942,1.0,1.1029695742022092,156,552.0,0.0,0.0,396.0,156.0,156.0,0.0,0.0,0.0,0.0,0.0,0.0,1.0,56.0,0.358974358974359,159.0,156.0,0.9811320754716981,0.0,0.0,0.0,0.0,3.0,0.018867924528301886,55.0,0.34591194968553457,3.0,0.018867924528301886,0.0,0.0,0.0,166.55219346284866
246,14760000000000,2.0,17.0,2.9863945578231292,2.0,6.0,588,5.0,10.0,7.25,7.0,10.0,588,14.0,19.0,16.75,17.0,19.0,588,2.0,8.0,2.693877551020408,2.0,5.0,588,0.0,112.0,50.33766233766234,48.0,105.39999999999998,154,0.0,376.0,144.7792207792208,120.0,349.5999999999999,154,1.0,1.0,1.0,1.0,1.0,154,0.9999999999999997,1.0000000000000002,1.0,1.0,1.0,154,1.0,1.0,1.0,1.0,1.0,154,0.9999999999999997,1.0000000000000002,1.0,1.0,1.0,154,552.0,0.0,0.0,398.0,154.0,154.0,0.0,0.0,0.0,0.0,0.0,0.0,1.0,0.0,0.0,154.0,154.0,1.0,0.0,0.0,0.0,0.0,0.0,0.0,0.0,0.0,0.0,0.0,0.0,0.0,0.0,342.74797327816486
247,14820000000000,2.0,17.0,2.95578231292517,2.0,6.0,588,5.0,10.0,7.25,7.0,10.0,588,14.0,19.0,16.75,17.0,19.0,588,2.0,8.0,2.67687074829932,2.0,5.0,588,0.0,112.0,49.35897435897436,48.0,105.0,156,0.0,376.0,142.05128205128204,120.0,348.0,156,1.0,1.0,1.0,1.0,1.0,156,0.9999999999999998,1.0000000000000002,1.0,1.0,1.0000000000000002,156,1.0,1.25,1.017149080854078,1.0,1.1488095238095237,156,0.9999999999999998,1.099933732019859,1.0058600105750706,1.0,1.0398792334189855,156,552.0,0.0,0.0,396.0,156.0,156.0,0.0,0.0,0.0,0.0,0.0,0.0,1.0,21.0,0.1346153846153846,156.0,156.0,1.0,0.0,0.0,0.0,0.0,0.0,0.0,37.0,0.23717948717948717,0.0,0.0,0.0,0.0,0.0,177.65931971371174
248,14880000000000,2.0,17.0,2.9642857142857144,2.0,6.0,588,5.0,10.0,7.246598639455782,7.0,10.0,588,14.0,19.0,16.753401360544217,17.0,19.0,588,2.0,8.0,2.688775510204082,2.0,5.0,588,0.0,112.0,50.64935064935065,48.0,105.39999999999998,154,0.0,376.0,145.55844155844156,120.0,349.5999999999999,154,1.0,1.0,1.0,1.0,1.0,151,0.9999999999999997,1.0000000000000002,1.0,1.0,1.0000000000000002,151,1.0,1.5,1.0411791721678318,1.0,1.2,151,0.9999999999999997,1.15101597128106,1.0166086792337758,1.0,1.0795291199908315,151,552.0,0.0,0.0,400.0,152.0,151.0,1.0,0.0,1.0,0.0,0.0,0.0,0.993421052631579,53.0,0.3509933774834437,154.0,151.0,0.9805194805194806,0.0,0.0,0.0,0.0,3.0,0.01948051948051948,62.0,0.4025974025974026,3.0,0.01948051948051948,0.0,0.0,0.0,183.73394384980202
249,14940000000000,2.0,17.0,2.9523809523809526,2.0,6.0,588,5.0,10.0,7.25,7.0,10.0,588,14.0,19.0,16.75,17.0,19.0,588,2.0,8.0,2.6785714285714284,2.0,5.0,588,0.0,112.0,50.588235294117645,52.0,108.0,153,0.0,376.0,146.35294117647058,136.0,360.0,153,1.0,1.0,1.0,1.0,1.0,153,0.9999999999999997,1.0000000000000002,1.0,1.0,1.0000000000000002,153,1.0,1.0,1.0,1.0,1.0,153,0.9999999999999997,1.0000000000000002,1.0,1.0,1.0000000000000002,153,552.0,0.0,0.0,399.0,153.0,153.0,0.0,0.0,0.0,0.0,0.0,0.0,1.0,0.0,0.0,153.0,153.0,1.0,0.0,0.0,0.0,0.0,0.0,0.0,0.0,0.0,0.0,0.0,0.0,0.0,0.0,382.477767765522
250,15000000000000,2.0,17.0,2.9710884353741496,2.0,6.0,588,5.0,10.0,7.25,7.0,10.0,588,14.0,19.0,16.75,17.0,19.0,588,2.0,8.0,2.688775510204082,2.0,5.0,588,0.0,112.0,51.526315789473685,52.0,108.0,152,0.0,376.0,148.78947368421052,136.0,360.0,152,1.0,1.1333333333333333,1.000877192982456,1.0,1.0,152,0.9999999999999998,1.1154351257420532,1.000759441616724,1.0,1.0000000000000002,152,1.0,1.5,1.0208596189799828,1.0,1.1111111111111112,152,0.9999999999999998,1.1425378501485213,1.0073715792198519,1.0,1.046432541106756,152,552.0,0.0,0.0,400.0,152.0,152.0,0.0,0.0,0.0,0.0,0.0,0.0,1.0,27.0,0.17763157894736842,152.0,152.0,1.0,0.0,0.0,0.0,0.0,0.0,0.0,20.0,0.13157894736842105,0.0,0.0,0.0,0.0,0.0,162.1544472873211
251,15060000000000,2.0,17.0,2.979591836734694,2.0,6.0,588,5.0,10.0,7.25,7.0,10.0,588,14.0,19.0,16.75,17.0,19.0,588,2.0,8.0,2.685374149659864,2.0,5.0,588,0.0,112.0,51.225806451612904,48.0,108.0,155,0.0,376.0,147.76774193548388,120.0,360.0,155,1.0,1.125,1.0008064516129032,1.0,1.0,155,0.9999999999999997,1.1092966597858158,1.0007051397405535,1.0,1.0000000000000002,155,1.0,1.5,1.053306211859334,1.0,1.2749999999999986,155,0.9999999999999997,1.1709925425304375,1.0198978684908977,1.0,1.1044545967958763,155,552.0,0.0,0.0,397.0,155.0,155.0,0.0,0.0,0.0,0.0,0.0,0.0,1.0,54.0,0.34838709677419355,155.0,155.0,1.0,0.0,0.0,0.0,0.0,0.0,0.0,52.0,0.33548387096774196,0.0,0.0,0.0,0.0,0.0,161.92649863660336
252,15120000000000,2.0,17.0,2.9744897959183674,2.0,6.0,588,5.0,10.0,7.25,7.0,10.0,588,14.0,19.0,16.75,17.0,19.0,588,2.0,8.0,2.693877551020408,2.0,5.0,588,0.0,112.0,50.4635761589404,48.0,108.0,151,0.0,376.0,145.11258278145695,120.0,360.0,151,1.0,1.0,1.0,1.0,1.0,151,0.9999999999999996,1.0000000000000002,1.0,1.0,1.0000000000000002,151,1.0,1.0,1.0,1.0,1.0,151,0.9999999999999996,1.0000000000000002,1.0,1.0,1.0000000000000002,151,552.0,0.0,0.0,401.0,151.0,151.0,0.0,0.0,0.0,0.0,0.0,0.0,1.0,0.0,0.0,151.0,151.0,1.0,0.0,0.0,0.0,0.0,0.0,0.0,0.0,0.0,0.0,0.0,0.0,0.0,0.0,348.72820787131786
253,15180000000000,2.0,16.0,2.9829931972789114,2.0,6.0,588,5.0,10.0,7.25,7.0,10.0,588,14.0,19.0,16.75,17.0,19.0,588,2.0,8.0,2.692176870748299,2.0,5.0,588,0.0,112.0,50.8235294117647,48.0,108.0,153,0.0,376.0,145.88235294117646,120.0,360.0,153,1.0,1.0,1.0,1.0,1.0,153,0.9999999999999998,1.0000000000000002,1.0,1.0,1.0000000000000002,153,1.0,1.5,1.0256772078527836,1.0,1.1800000000000002,153,0.9999999999999998,1.1613986911052638,1.0086233479661415,1.0,1.0593927351415298,153,552.0,0.0,0.0,399.0,153.0,153.0,0.0,0.0,0.0,0.0,0.0,0.0,1.0,25.0,0.16339869281045752,153.0,153.0,1.0,0.0,0.0,0.0,0.0,0.0,0.0,22.0,0.1437908496732026,0.0,0.0,0.0,0.0,0.0,175.49102939665318
254,15240000000000,2.0,17.0,2.9863945578231292,2.0,6.0,588,5.0,10.0,7.25,7.0,10.0,588,14.0,19.0,16.75,17.0,19.0,588,2.0,8.0,2.7023809523809526,2.0,5.0,588,0.0,112.0,51.032679738562095,48.0,108.0,153,0.0,376.0,146.2483660130719,120.0,360.0,153,1.0,1.0,1.0,1.0,1.0,153,0.9999999999999998,1.0000000000000002,1.0,1.0,1.0000000000000002,153,1.0,1.5,1.0572380936405796,1.0,1.25,153,0.9999999999999998,1.1957685874317467,1.0208044949160004,1.0,1.10533833726549,153,552.0,0.0,0.0,397.0,155.0,153.0,2.0,0.0,2.0,0.0,0.0,0.0,0.9870967741935484,60.0,0.39215686274509803,153.0,153.0,1.0,0.0,0.0,0.0,0.0,0.0,0.0,57.0,0.37254901960784315,0.0,0.0,0.0,0.0,0.0,177.49262787401676
255,15300000000000,2.0,16.0,2.977891156462585,2.0,6.0,588,5.0,10.0,7.333333333333333,7.0,10.0,588,14.0,19.0,16.666666666666668,17.0,19.0,588,2.0,7.0,2.687074829931973,2.0,5.0,588,0.0,116.0,51.24183006535948,48.0,108.0,153,0.0,392.0,146.6143790849673,120.0,360.0,153,1.0,1.0,1.0,1.0,1.0,153,0.9999999999999998,1.0000000000000002,1.0,1.0,1.0000000000000002,153,1.0,1.0,1.0,1.0,1.0,153,0.9999999999999998,1.0000000000000002,1.0,1.0,1.0000000000000002,153,552.0,0.0,0.0,399.0,153.0,153.0,0.0,0.0,0.0,0.0,0.0,0.0,1.0,0.0,0.0,153.0,153.0,1.0,0.0,0.0,0.0,0.0,0.0,0.0,0.0,0.0,0.0,0.0,0.0,0.0,0.0,282.00875222682953
256,15360000000000,2.0,17.0,2.9591836734693877,2.0,6.0,588,5.0,10.0,7.333333333333333,7.0,10.0,588,14.0,19.0,16.666666666666668,17.0,19.0,588,2.0,8.0,2.681972789115646,2.0,5.0,588,0.0,116.0,51.529411764705884,52.0,108.0,153,0.0,392.0,147.76470588235293,136.0,360.0,153,1.0,1.0,1.0,1.0,1.0,153,0.9999999999999998,1.0000000000000002,1.0,1.0,1.0000000000000002,153,1.0,1.5,1.0340989705277182,1.0,1.25,153,0.9999999999999998,1.1852259597809995,1.0111511948652043,1.0,1.0656089156098212,153,552.0,0.0,0.0,399.0,153.0,153.0,0.0,0.0,0.0,0.0,0.0,0.0,1.0,32.0,0.20915032679738563,153.0,153.0,1.0,0.0,0.0,0.0,0.0,0.0,0.0,27.0,0.17647058823529413,0.0,0.0,0.0,0.0,0.0,233.51379483938217
257,15420000000000,2.0,16.0,2.9693877551020407,2.0,6.0,588,5.0,10.0,7.333333333333333,7.0,10.0,588,14.0,19.0,16.666666666666668,17.0,19.0,588,2.0,7.0,2.692176870748299,2.0,5.0,588,0.0,116.0,51.372549019607845,52.0,108.0,153,0.0,392.0,147.6078431372549,136.0,360.0,153,1.0,1.4,1.002865761689291,1.0,1.0,153,0.9999999999999998,1.2744330955408434,1.0020311634082524,1.0,1.0000000000000002,153,1.0,1.5,1.0523027061567334,1.0,1.25,153,0.9999999999999998,1.2744330955408434,1.0214508391019739,1.0,1.0913037065978548,153,552.0,0.0,0.0,399.0,153.0,153.0,0.0,0.0,0.0,0.0,0.0,0.0,1.0,57.0,0.37254901960784315,153.0,153.0,1.0,0.0,0.0,0.0,0.0,0.0,0.0,63.0,0.4117647058823529,0.0,0.0,0.0,0.0,0.0,165.41875340044498
258,15480000000000,2.0,16.0,2.9404761904761907,2.0,6.0,588,5.0,10.0,7.166666666666667,7.0,10.0,588,14.0,19.0,16.833333333333332,17.0,19.0,588,2.0,8.0,2.681972789115646,2.0,5.0,588,0.0,116.0,50.96,52.0,108.0,150,0.0,392.0,147.2,136.0,360.0,150,1.0,1.0,1.0,1.0,1.0,150,0.9999999999999998,1.0000000000000002,1.0,1.0,1.0000000000000002,150,1.0,1.0,1.0,1.0,1.0,150,0.9999999999999998,1.0000000000000002,1.0,1.0,1.0000000000000002,150,552.0,0.0,0.0,402.0,150.0,150.0,0.0,0.0,0.0,0.0,0.0,0.0,1.0,0.0,0.0,150.0,150.0,1.0,0.0,0.0,0.0,0.0,0.0,0.0,0.0,0.0,0.0,0.0,0.0,0.0,0.0,291.3463320583105
259,15540000000000,2.0,15.0,2.957482993197279,2.0,6.0,588,5.0,10.0,7.164965986394558,7.0,10.0,588,14.0,19.0,16.83503401360544,17.0,19.0,588,2.0,7.0,2.675170068027211,2.0,5.0,588,0.0,116.0,50.77333333333333,52.0,106.19999999999993,150,0.0,392.0,146.45333333333335,136.0,352.7999999999997,150,1.0,1.0,1.0,1.0,1.0,150,0.9999999999999998,1.0000000000000002,1.0,1.0,1.0000000000000002,150,1.0,1.3333333333333333,1.0227211441537527,1.0,1.1285714285714281,150,0.9999999999999998,1.1138258851750926,1.0073542530031903,1.0,1.0479229909927736,150,552.0,0.0,0.0,402.0,150.0,150.0,0.0,0.0,0.0,0.0,0.0,0.0,1.0,28.0,0.18666666666666668,150.0,150.0,1.0,0.0,0.0,0.0,0.0,0.0,0.0,36.0,0.24,0.0,0.0,0.0,0.0,0.0,248.05752374231815
260,15600000000000,2.0,16.0,2.95578231292517,2.0,6.0,588,5.0,10.0,7.164965986394558,7.0,10.0,588,14.0,19.0,16.83503401360544,17.0,19.0,588,2.0,8.0,2.683673469387755,2.0,5.0,588,0.0,112.0,50.986666666666665,52.0,108.0,150,0.0,376.0,146.34666666666666,136.0,360.0,150,1.0,1.0,1.0,1.0,1.0,150,0.9999999999999996,1.0000000000000002,1.0,1.0,1.0000000000000002,150,1.0,1.5,1.0437837491601591,1.0,1.2274999999999991,150,0.9999999999999996,1.1315398698644679,1.015198290191981,1.0,1.063819657602498,150,552.0,0.0,0.0,402.0,150.0,150.0,0.0,0.0,0.0,0.0,0.0,0.0,1.0,49.0,0.32666666666666666,150.0,150.0,1.0,0.0,0.0,0.0,0.0,0.0,0.0,64.0,0.4266666666666667,0.0,0.0,0.0,0.0,0.0,159.63680297136307
261,15660000000000,2.0,15.0,2.9404761904761907,2.0,6.0,588,5.0,10.0,7.083333333333333,7.0,10.0,588,14.0,19.0,16.916666666666668,17.0,19.0,588,2.0,7.0,2.671768707482993,2.0,5.0,588,0.0,116.0,51.306666666666665,52.0,108.0,150,0.0,392.0,147.62666666666667,136.0,360.0,150,1.0,1.0,1.0,1.0,1.0,150,0.9999999999999998,1.0000000000000002,1.0,1.0,1.0000000000000002,150,1.0,1.0,1.0,1.0,1.0,150,0.9999999999999998,1.0000000000000002,1.0,1.0,1.0000000000000002,150,552.0,0.0,0.0,402.0,150.0,150.0,0.0,0.0,0.0,0.0,0.0,0.0,1.0,0.0,0.0,150.0,150.0,1.0,0.0,0.0,0.0,0.0,0.0,0.0,0.0,0.0,0.0,0.0,0.0,0.0,0.0,260.10796427726746
262,15720000000000,2.0,15.0,2.957482993197279,2.0,6.0,588,5.0,10.0,7.081632653061225,7.0,10.0,588,14.0,19.0,16.918367346938776,17.0,19.0,588,2.0,7.0,2.685374149659864,2.0,5.0,588,0.0,116.0,51.38666666666666,52.0,108.0,150,0.0,392.0,147.46666666666667,136.0,360.0,150,1.0,1.0,1.0,1.0,1.0,150,0.9999999999999998,1.0000000000000002,1.0,1.0,1.0000000000000002,150,1.0,1.5,1.0177724090509932,1.0,1.1,150,0.9999999999999998,1.091556596680055,1.0057521440387445,1.0,1.0409770182716758,150,552.0,0.0,0.0,401.0,151.0,150.0,1.0,0.0,1.0,0.0,0.0,0.0,0.9933774834437086,24.0,0.16,150.0,150.0,1.0,0.0,0.0,0.0,0.0,0.0,0.0,22.0,0.14666666666666667,0.0,0.0,0.0,0.0,0.0,169.93187181651592
263,15780000000000,2.0,16.0,2.9523809523809526,2.0,6.0,588,5.0,10.0,7.081632653061225,7.0,10.0,588,14.0,19.0,16.918367346938776,17.0,19.0,588,2.0,8.0,2.685374149659864,2.0,5.0,588,0.0,116.0,51.46308724832215,52.0,108.0,149,0.0,392.0,149.31543624161074,136.0,360.0,149,1.0,1.0,1.0,1.0,1.0,149,0.9999999999999997,1.0000000000000002,1.0,1.0,1.0000000000000002,149,1.0,1.5,1.052859621698358,1.0,1.25,149,0.9999999999999998,1.1885312256844074,1.019230423058811,1.0,1.0761169052572352,149,552.0,0.0,0.0,402.0,150.0,149.0,1.0,0.0,1.0,0.0,0.0,0.0,0.9933333333333333,61.0,0.40939597315436244,149.0,149.0,1.0,0.0,0.0,0.0,0.0,0.0,0.0,54.0,0.3624161073825503,0.0,0.0,0.0,0.0,0.0,256.4393114298582
264,15840000000000,2.0,15.0,2.9761904761904763,2.0,6.0,588,5.0,10.0,7.166666666666667,7.0,10.0,588,14.0,19.0,16.833333333333332,17.0,19.0,588,2.0,7.0,2.687074829931973,2.0,5.0,588,0.0,116.0,51.6578947368421,52.0,108.0,152,0.0,392.0,147.89473684210526,136.0,360.0,152,1.0,1.0,1.0,1.0,1.0,152,0.9999999999999998,1.0000000000000002,1.0,1.0,1.0000000000000002,152,1.0,1.0,1.0,1.0,1.0,152,0.9999999999999998,1.0000000000000002,1.0,1.0,1.0000000000000002,152,552.0,0.0,0.0,400.0,152.0,152.0,0.0,0.0,0.0,0.0,0.0,0.0,1.0,0.0,0.0,152.0,152.0,1.0,0.0,0.0,0.0,0.0,0.0,0.0,0.0,0.0,0.0,0.0,0.0,0.0,0.0,279.98264506459236
265,15900000000000,2.0,16.0,2.9302721088435373,2.0,6.0,588,5.0,10.0,7.164965986394558,7.0,10.0,588,14.0,19.0,16.83503401360544,17.0,19.0,588,2.0,8.0,2.6683673469387754,2.0,5.0,588,0.0,112.0,51.44736842105263,52.0,108.0,152,0.0,376.0,148.0,136.0,360.0,152,1.0,1.0,1.0,1.0,1.0,150,0.9999999999999998,1.0000000000000002,1.0,1.0,1.0000000000000002,150,1.0,1.5,1.0216076613260756,1.0,1.106111111111111,150,0.9999999999999998,1.1536375768350096,1.0062486838819988,1.0,1.0332301398798862,150,552.0,0.0,0.0,402.0,150.0,150.0,0.0,0.0,0.0,0.0,0.0,0.0,1.0,27.0,0.18,152.0,150.0,0.9868421052631579,0.0,0.0,0.0,0.0,2.0,0.013157894736842105,34.0,0.2236842105263158,2.0,0.013157894736842105,0.0,0.0,0.0,165.06949625909328
266,15960000000000,2.0,15.0,2.9591836734693877,2.0,6.0,588,5.0,10.0,7.166666666666667,7.0,10.0,588,14.0,19.0,16.833333333333332,17.0,19.0,588,2.0,7.0,2.683673469387755,2.0,5.0,588,0.0,116.0,51.45454545454545,52.0,108.0,154,0.0,392.0,148.7792207792208,136.0,360.0,154,1.0,1.6666666666666667,1.0043290043290045,1.0,1.0,154,0.9999999999999998,1.3885951879834593,1.002523345376516,1.0,1.0000000000000002,154,1.0,1.6666666666666667,1.0512192910633802,1.0,1.25,154,0.9999999999999998,1.3885951879834593,1.0207777042252029,1.0,1.0915297309980145,154,552.0,0.0,0.0,398.0,154.0,154.0,0.0,0.0,0.0,0.0,0.0,0.0,1.0,55.0,0.35714285714285715,154.0,154.0,1.0,0.0,0.0,0.0,0.0,0.0,0.0,67.0,0.43506493506493504,0.0,0.0,0.0,0.0,0.0,167.86648519337177
267,16020000000000,2.0,15.0,2.943877551020408,2.0,6.0,588,5.0,10.0,7.166666666666667,7.0,10.0,588,14.0,19.0,16.833333333333332,17.0,19.0,588,2.0,7.0,2.6683673469387754,2.0,5.0,588,0.0,116.0,51.921052631578945,52.0,108.0,152,0.0,392.0,149.42105263157896,136.0,360.0,152,1.0,1.0,1.0,1.0,1.0,152,0.9999999999999997,1.0000000000000002,1.0,1.0,1.0000000000000002,152,1.0,1.0,1.0,1.0,1.0,152,0.9999999999999997,1.0000000000000002,1.0,1.0,1.0000000000000002,152,552.0,0.0,0.0,400.0,152.0,152.0,0.0,0.0,0.0,0.0,0.0,0.0,1.0,0.0,0.0,152.0,152.0,1.0,0.0,0.0,0.0,0.0,0.0,0.0,0.0,0.0,0.0,0.0,0.0,0.0,0.0,276.53117664158344
268,16080000000000,2.0,15.0,2.9523809523809526,2.0,6.0,588,5.0,10.0,7.166666666666667,7.0,10.0,588,14.0,19.0,16.833333333333332,17.0,19.0,588,2.0,7.0,2.6802721088435373,2.0,5.0,588,0.0,116.0,52.02597402597402,52.0,108.0,154,0.0,392.0,150.12987012987014,136.0,360.0,154,1.0,1.0,1.0,1.0,1.0,154,0.9999999999999998,1.0000000000000002,1.0,1.0,1.0000000000000002,154,1.0,1.5,1.034430026181861,1.0,1.25,154,0.9999999999999998,1.1994545126026226,1.0119208398264754,1.0,1.0727824172518807,154,552.0,0.0,0.0,396.0,156.0,154.0,2.0,0.0,2.0,0.0,0.0,0.0,0.9871794871794872,35.0,0.22727272727272727,154.0,154.0,1.0,0.0,0.0,0.0,0.0,0.0,0.0,36.0,0.23376623376623376,0.0,0.0,0.0,0.0,0.0,167.18033701181412
269,16140000000000,2.0,15.0,2.9676870748299318,2.0,6.0,588,5.0,10.0,7.166666666666667,7.0,10.0,588,14.0,19.0,16.833333333333332,17.0,19.0,588,2.0,7.0,2.675170068027211,2.0,5.0,588,0.0,116.0,51.94805194805195,52.0,108.0,154,0.0,392.0,148.88311688311688,136.0,360.0,154,1.0,1.0384615384615385,1.0002497502497503,1.0,1.0,154,0.9999999999999998,1.0345173540235864,1.0002241386624908,1.0,1.0000000000000002,154,1.0,1.5,1.0558114790584727,1.0,1.3333333333333333,154,0.9999999999999998,1.2474293188820735,1.0227431388524606,1.0,1.1005778537759012,154,552.0,0.0,0.0,393.0,159.0,154.0,5.0,0.0,5.0,0.0,0.0,0.0,0.9685534591194969,57.0,0.37012987012987014,154.0,154.0,1.0,0.0,0.0,0.0,0.0,0.0,0.0,62.0,0.4025974025974026,0.0,0.0,0.0,0.0,0.0,167.5860658288002
270,16200000000000,2.0,15.0,2.95578231292517,2.0,6.0,588,5.0,10.0,7.333333333333333,7.0,10.0,588,14.0,19.0,16.666666666666668,17.0,19.0,588,2.0,7.0,2.67687074829932,2.0,5.0,588,0.0,116.0,52.57861635220126,52.0,108.0,159,0.0,392.0,150.9937106918239,136.0,360.0,159,1.0,1.0,1.0,1.0,1.0,159,0.9999999999999998,1.0000000000000002,1.0,1.0,1.0000000000000002,159,1.0,1.0,1.0,1.0,1.0,159,0.9999999999999998,1.0000000000000002,1.0,1.0,1.0000000000000002,159,552.0,0.0,0.0,393.0,159.0,159.0,0.0,0.0,0.0,0.0,0.0,0.0,1.0,0.0,0.0,159.0,159.0,1.0,0.0,0.0,0.0,0.0,0.0,0.0,0.0,0.0,0.0,0.0,0.0,0.0,0.0,308.67190659046173
271,16260000000000,2.0,15.0,2.957482993197279,2.0,6.0,588,5.0,10.0,7.333333333333333,7.0,10.0,588,14.0,19.0,16.666666666666668,17.0,19.0,588,2.0,7.0,2.673469387755102,2.0,5.0,588,0.0,116.0,52.276729559748425,52.0,104.39999999999998,159,0.0,392.0,149.78616352201257,136.0,345.5999999999999,159,1.0,1.0,1.0,1.0,1.0,159,0.9999999999999998,1.0000000000000002,1.0,1.0,1.0000000000000002,159,1.0,1.5,1.0252799064660598,1.0,1.2049999999999996,159,0.9999999999999998,1.2115454630071112,1.0102934939455837,1.0,1.0627710098251806,159,552.0,0.0,0.0,391.0,161.0,159.0,2.0,0.0,2.0,0.0,0.0,0.0,0.9875776397515528,25.0,0.15723270440251572,159.0,159.0,1.0,0.0,0.0,0.0,0.0,0.0,0.0,30.0,0.18867924528301888,0.0,0.0,0.0,0.0,0.0,178.08213084936142
272,16320000000000,2.0,15.0,2.9608843537414966,2.0,6.0,588,5.0,10.0,7.333333333333333,7.0,10.0,588,14.0,19.0,16.666666666666668,17.0,19.0,588,2.0,7.0,2.681972789115646,2.0,5.0,588,0.0,112.0,52.40251572327044,52.0,108.0,159,0.0,376.0,150.74213836477986,136.0,360.0,159,1.0,1.1818181818181819,1.0028206594244329,1.0,1.0,159,0.9999999999999997,1.1522275252228342,1.0024206584041915,1.0,1.0000000000000002,159,1.0,1.5,1.0513051545895489,1.0,1.25,159,0.9999999999999997,1.2075895272952517,1.0219927614681408,1.0,1.1482162916825123,159,552.0,0.0,0.0,391.0,161.0,159.0,2.0,0.0,2.0,0.0,0.0,0.0,0.9875776397515528,57.0,0.3584905660377358,159.0,159.0,1.0,0.0,0.0,0.0,0.0,0.0,0.0,64.0,0.4025157232704403,0.0,0.0,0.0,0.0,0.0,173.62323962152004
273,16380000000000,2.0,15.0,2.9744897959183674,2.0,6.0,588,6.0,10.0,7.416666666666667,7.5,10.0,588,14.0,18.0,16.583333333333332,16.5,18.0,588,2.0,8.0,2.683673469387755,2.0,5.0,588,0.0,112.0,51.90184049079755,52.0,107.60000000000002,163,0.0,376.0,148.85889570552146,136.0,358.4000000000001,163,1.0,1.0,1.0,1.0,1.0,163,0.9999999999999998,1.0000000000000002,1.0,1.0,1.0000000000000002,163,1.0,1.0,1.0,1.0,1.0,163,0.9999999999999998,1.0000000000000002,1.0,1.0,1.0000000000000002,163,552.0,0.0,0.0,389.0,163.0,163.0,0.0,0.0,0.0,0.0,0.0,0.0,1.0,0.0,0.0,163.0,163.0,1.0,0.0,0.0,0.0,0.0,0.0,0.0,0.0,0.0,0.0,0.0,0.0,0.0,0.0,369.903476908803
274,16440000000000,2.0,15.0,2.9506802721088436,2.0,6.0,588,6.0,10.0,7.414965986394558,7.5,10.0,588,14.0,18.0,16.58503401360544,16.5,18.0,588,2.0,8.0,2.675170068027211,2.0,5.0,588,0.0,116.0,52.26993865030675,52.0,108.0,163,0.0,392.0,149.4478527607362,136.0,360.0,163,1.0,1.0,1.0,1.0,1.0,160,0.9999999999999999,1.0000000000000002,1.0,1.0,1.0000000000000002,160,1.0,1.5,1.0212945552067996,1.0,1.1005555555555555,160,0.9999999999999999,1.154257164323289,1.006442092173284,1.0,1.0359068601334582,160,552.0,0.0,0.0,390.0,162.0,160.0,2.0,0.0,2.0,0.0,0.0,0.0,0.9876543209876543,28.0,0.175,163.0,160.0,0.9815950920245399,0.0,0.0,0.0,0.0,3.0,0.018404907975460124,26.0,0.15950920245398773,3.0,0.018404907975460124,0.0,0.0,0.0,172.5901197642088
275,16500000000000,2.0,15.0,2.9744897959183674,2.0,6.0,588,5.0,10.0,7.409863945578231,7.0,10.0,588,14.0,19.0,16.59013605442177,17.0,18.0,588,2.0,8.0,2.683673469387755,2.0,5.0,588,0.0,116.0,52.24539877300614,52.0,108.0,163,0.0,392.0,149.34969325153375,136.0,360.0,163,1.0,1.0384615384615385,1.0004868549172348,1.0,1.0,158,0.9999999999999997,1.034568337018329,1.0004369010363527,1.0,1.0000000000000002,158,1.0,1.5,1.0547921445098263,1.0,1.3333333333333333,158,0.9999999999999997,1.1962375710120663,1.0209351715520012,1.0,1.087363830757423,158,552.0,0.0,0.0,391.0,161.0,158.0,3.0,0.0,3.0,0.0,0.0,0.0,0.9813664596273292,59.0,0.37341772151898733,163.0,158.0,0.9693251533742331,0.0,0.0,0.0,0.0,5.0,0.03067484662576687,65.0,0.3987730061349693,5.0,0.03067484662576687,0.0,0.0,0.0,169.96940039098263
276,16560000000000,2.0,15.0,2.945578231292517,2.0,6.0,588,5.0,10.0,7.333333333333333,7.5,10.0,588,14.0,19.0,16.666666666666668,16.5,19.0,588,2.0,8.0,2.6683673469387754,2.0,5.0,588,0.0,116.0,51.11656441717791,52.0,108.0,163,0.0,392.0,145.27607361963192,136.0,360.0,163,1.0,1.0,1.0,1.0,1.0,163,0.9999999999999998,1.0000000000000002,1.0,1.0,1.0000000000000002,163,1.0,1.0,1.0,1.0,1.0,163,0.9999999999999998,1.0000000000000002,1.0,1.0,1.0000000000000002,163,552.0,0.0,0.0,389.0,163.0,163.0,0.0,0.0,0.0,0.0,0.0,0.0,1.0,0.0,0.0,163.0,163.0,1.0,0.0,0.0,0.0,0.0,0.0,0.0,0.0,0.0,0.0,0.0,0.0,0.0,0.0,367.4558848142624
277,16620000000000,2.0,15.0,2.9625850340136055,2.0,6.0,588,5.0,10.0,7.331632653061225,7.0,10.0,588,14.0,19.0,16.668367346938776,17.0,19.0,588,2.0,8.0,2.675170068027211,2.0,5.0,588,0.0,116.0,50.99386503067485,52.0,108.0,163,0.0,392.0,145.22699386503066,136.0,360.0,163,1.0,1.0,1.0,1.0,1.0,161,0.9999999999999997,1.0000000000000004,1.0,1.0,1.0000000000000002,161,1.0,1.5,1.0291961837358172,1.0,1.25,161,0.9999999999999997,1.1875147597461215,1.0107623065348486,1.0,1.0678767895536971,161,552.0,0.0,0.0,391.0,161.0,161.0,0.0,0.0,0.0,0.0,0.0,0.0,1.0,32.0,0.19875776397515527,163.0,161.0,0.9877300613496932,0.0,0.0,0.0,0.0,2.0,0.012269938650306749,35.0,0.2147239263803681,2.0,0.012269938650306749,0.0,0.0,0.0,162.34680451452732
278,16680000000000,2.0,15.0,2.9761904761904763,2.0,6.0,588,5.0,10.0,7.331632653061225,7.0,10.0,588,14.0,19.0,16.668367346938776,17.0,19.0,588,2.0,8.0,2.671768707482993,2.0,5.0,588,0.0,116.0,50.683229813664596,52.0,108.0,161,0.0,392.0,144.59627329192546,136.0,360.0,161,1.0,1.5,1.0031446540880504,1.0,1.0,159,0.9999999999999998,1.3203255326212269,1.0020146259913283,1.0,1.0,159,1.0,1.5,1.053452546637204,1.0,1.3333333333333333,159,0.9999999999999998,1.3203255326212269,1.0243130165184633,1.0,1.1390163825455584,159,552.0,0.0,0.0,390.0,162.0,159.0,3.0,0.0,3.0,0.0,0.0,0.0,0.9814814814814815,54.0,0.33962264150943394,161.0,159.0,0.9875776397515528,0.0,0.0,0.0,0.0,2.0,0.012422360248447204,70.0,0.43478260869565216,2.0,0.012422360248447204,0.0,0.0,0.0,168.25585812330246
279,16740000000000,2.0,15.0,2.991496598639456,2.0,6.0,588,5.0,10.0,7.333333333333333,7.0,10.0,588,14.0,19.0,16.666666666666668,17.0,19.0,588,2.0,8.0,2.683673469387755,2.0,5.0,588,0.0,116.0,50.593939393939394,48.0,108.0,165,0.0,392.0,143.9030303030303,120.0,360.0,165,1.0,1.0,1.0,1.0,1.0,165,0.9999999999999998,1.0000000000000002,1.0,1.0,1.0000000000000002,165,1.0,1.0,1.0,1.0,1.0,165,0.9999999999999998,1.0000000000000002,1.0,1.0,1.0000000000000002,165,552.0,0.0,0.0,387.0,165.0,165.0,0.0,0.0,0.0,0.0,0.0,0.0,1.0,0.0,0.0,165.0,165.0,1.0,0.0,0.0,0.0,0.0,0.0,0.0,0.0,0.0,0.0,0.0,0.0,0.0,0.0,261.7457024753094
280,16800000000000,2.0,15.0,2.9744897959183674,2.0,6.0,588,5.0,10.0,7.331632653061225,7.0,10.0,588,14.0,19.0,16.668367346938776,17.0,19.0,588,2.0,8.0,2.6700680272108843,2.0,5.0,588,0.0,116.0,51.25925925925926,50.0,108.0,162,0.0,392.0,146.37037037037038,128.0,360.0,162,1.0,1.0,1.0,1.0,1.0,159,0.9999999999999997,1.0000000000000002,1.0,1.0,1.0000000000000002,159,1.0,1.5,1.0163951549164838,1.0,1.0699999999999998,159,0.9999999999999997,1.2060634163785933,1.0064228079191848,1.0,1.0388018407825543,159,552.0,0.0,0.0,393.0,159.0,159.0,0.0,0.0,0.0,0.0,0.0,0.0,1.0,20.0,0.12578616352201258,162.0,159.0,0.9814814814814815,0.0,0.0,0.0,0.0,3.0,0.018518518518518517,41.0,0.25308641975308643,3.0,0.018518518518518517,0.0,0.0,0.0,237.37979494035244
281,16860000000000,2.0,15.0,2.9829931972789114,2.0,6.0,588,5.0,10.0,7.331632653061225,7.0,10.0,588,14.0,19.0,16.668367346938776,17.0,19.0,588,2.0,8.0,2.6785714285714284,2.0,5.0,588,0.0,116.0,51.14110429447853,48.0,108.0,163,0.0,392.0,145.8159509202454,120.0,360.0,163,1.0,1.0833333333333333,1.000761217948718,1.0,1.0,160,0.9999999999999998,1.076510891677853,1.0006951266169382,1.0,1.0000000000000002,160,1.0,1.5,1.041375413556751,1.0,1.25,160,0.9999999999999998,1.197223567967132,1.0190106849909049,1.0,1.1058344541194296,160,552.0,0.0,0.0,392.0,160.0,160.0,0.0,0.0,0.0,0.0,0.0,0.0,1.0,50.0,0.3125,163.0,160.0,0.9815950920245399,0.0,0.0,0.0,0.0,3.0,0.018404907975460124,67.0,0.4110429447852761,3.0,0.018404907975460124,0.0,0.0,0.0,173.7085822969675
282,16920000000000,2.0,14.0,2.979591836734694,2.0,6.0,588,5.0,9.0,7.25,7.0,9.0,588,15.0,19.0,16.75,17.0,19.0,588,2.0,8.0,2.6802721088435373,2.0,5.0,588,0.0,112.0,51.39622641509434,52.0,108.0,159,0.0,376.0,146.71698113207546,136.0,360.0,159,1.0,1.0,1.0,1.0,1.0,159,0.9999999999999997,1.0000000000000004,1.0,1.0,1.0000000000000002,159,1.0,1.0,1.0,1.0,1.0,159,0.9999999999999997,1.0000000000000004,1.0,1.0,1.0000000000000002,159,552.0,0.0,0.0,393.0,159.0,159.0,0.0,0.0,0.0,0.0,0.0,0.0,1.0,0.0,0.0,159.0,159.0,1.0,0.0,0.0,0.0,0.0,0.0,0.0,0.0,0.0,0.0,0.0,0.0,0.0,0.0,281.75411373376846
283,16980000000000,2.0,15.0,2.9676870748299318,2.0,6.0,588,5.0,9.0,7.25,7.0,9.0,588,15.0,19.0,16.75,17.0,19.0,588,2.0,8.0,2.6683673469387754,2.0,5.0,588,0.0,116.0,51.05,52.0,108.0,160,0.0,392.0,145.7,136.0,360.0,160,1.0,1.0,1.0,1.0,1.0,160,0.9999999999999998,1.0000000000000002,1.0,1.0,1.0000000000000002,160,1.0,1.3333333333333333,1.0229491194946356,1.0,1.1457142857142846,160,0.9999999999999998,1.1881315268205124,1.0094418695050298,1.0,1.0619551072865838,160,552.0,0.0,0.0,392.0,160.0,160.0,0.0,0.0,0.0,0.0,0.0,0.0,1.0,28.0,0.175,160.0,160.0,1.0,0.0,0.0,0.0,0.0,0.0,0.0,32.0,0.2,0.0,0.0,0.0,0.0,0.0,236.4952191710472
284,17040000000000,2.0,15.0,2.9948979591836733,2.0,6.0,588,5.0,9.0,7.25,7.0,9.0,588,15.0,19.0,16.75,17.0,19.0,588,2.0,8.0,2.681972789115646,2.0,5.0,588,0.0,116.0,50.175,50.0,108.0,160,0.0,392.0,143.55,128.0,360.0,160,1.0,1.6666666666666667,1.0131570512820514,1.0,1.0,160,0.9999999999999997,1.3850018419556416,1.0084149301971317,1.0,1.0000000000000002,160,1.0,1.6666666666666667,1.059280292794702,1.0,1.3366666666666656,160,0.9999999999999997,1.3850018419556416,1.028106083151799,1.0,1.1290008915736498,160,552.0,0.0,0.0,392.0,160.0,160.0,0.0,0.0,0.0,0.0,0.0,0.0,1.0,56.0,0.35,160.0,160.0,1.0,0.0,0.0,0.0,0.0,0.0,0.0,73.0,0.45625,0.0,0.0,0.0,0.0,0.0,163.74769248068333
285,17100000000000,2.0,15.0,2.9727891156462585,2.0,6.0,588,5.0,9.0,7.25,7.5,9.0,588,15.0,19.0,16.75,16.5,19.0,588,2.0,8.0,2.671768707482993,2.0,5.0,588,0.0,116.0,51.18012422360248,52.0,108.0,161,0.0,392.0,145.68944099378882,136.0,360.0,161,1.0,1.0,1.0,1.0,1.0,161,0.9999999999999998,1.0000000000000002,1.0,1.0,1.0000000000000002,161,1.0,1.0,1.0,1.0,1.0,161,0.9999999999999998,1.0000000000000002,1.0,1.0,1.0000000000000002,161,552.0,0.0,0.0,391.0,161.0,161.0,0.0,0.0,0.0,0.0,0.0,0.0,1.0,0.0,0.0,161.0,161.0,1.0,0.0,0.0,0.0,0.0,0.0,0.0,0.0,0.0,0.0,0.0,0.0,0.0,0.0,278.93082424998283
286,17160000000000,2.0,15.0,2.977891156462585,2.0,6.0,588,5.0,9.0,7.2482993197278915,7.5,9.0,588,15.0,19.0,16.75170068027211,16.5,19.0,588,2.0,8.0,2.67687074829932,2.0,5.0,588,0.0,116.0,50.857142857142854,52.0,108.0,161,0.0,392.0,145.7391304347826,136.0,360.0,161,1.0,1.0,1.0,1.0,1.0,160,0.9999999999999998,1.0000000000000002,1.0,1.0,1.0000000000000002,160,1.0,1.5,1.0236978563127377,1.0,1.1457142857142846,160,0.9999999999999998,1.1890104827949324,1.0081223567650377,1.0,1.0392790074174931,160,552.0,0.0,0.0,389.0,163.0,160.0,3.0,0.0,3.0,0.0,0.0,0.0,0.9815950920245399,28.0,0.175,161.0,160.0,0.9937888198757764,0.0,0.0,0.0,0.0,1.0,0.006211180124223602,25.0,0.15527950310559005,1.0,0.006211180124223602,0.0,0.0,0.0,172.70246148109436
287,17220000000000,2.0,15.0,2.9727891156462585,2.0,6.0,588,5.0,9.0,7.2482993197278915,7.5,9.0,588,15.0,19.0,16.75170068027211,16.5,19.0,588,2.0,8.0,2.671768707482993,2.0,5.0,588,0.0,116.0,50.608695652173914,48.0,108.0,161,0.0,392.0,144.29813664596273,120.0,360.0,161,1.0,2.0,1.00625,1.0,1.0,160,0.9999999999999997,1.4747325874592887,1.0029670786716207,1.0,1.0000000000000002,160,1.0,2.0,1.0464135789071367,1.0,1.25,160,0.9999999999999997,1.4747325874592887,1.0203947288191084,1.0,1.0894805346663685,160,552.0,0.0,0.0,386.0,166.0,160.0,6.0,0.0,6.0,0.0,0.0,0.0,0.963855421686747,49.0,0.30625,161.0,160.0,0.9937888198757764,0.0,0.0,0.0,0.0,1.0,0.006211180124223602,67.0,0.4161490683229814,1.0,0.006211180124223602,0.0,0.0,0.0,216.48102812469006
288,17280000000000,2.0,15.0,2.977891156462585,2.0,6.0,588,5.0,10.0,7.25,7.0,10.0,588,14.0,19.0,16.75,17.0,19.0,588,2.0,8.0,2.675170068027211,2.0,5.0,588,0.0,112.0,50.148148148148145,50.0,108.0,162,0.0,376.0,143.7037037037037,128.0,360.0,162,1.0,1.0,1.0,1.0,1.0,162,0.9999999999999998,1.0000000000000002,1.0,1.0,1.0,162,1.0,1.0,1.0,1.0,1.0,162,0.9999999999999998,1.0000000000000002,1.0,1.0,1.0,162,552.0,0.0,0.0,390.0,162.0,162.0,0.0,0.0,0.0,0.0,0.0,0.0,1.0,0.0,0.0,162.0,162.0,1.0,0.0,0.0,0.0,0.0,0.0,0.0,0.0,0.0,0.0,0.0,0.0,0.0,0.0,252.68466770648956
289,17340000000000,2.0,17.0,2.9863945578231292,2.0,6.0,588,5.0,10.0,7.2482993197278915,7.0,10.0,588,14.0,19.0,16.75170068027211,17.0,19.0,588,2.0,8.0,2.67687074829932,2.0,5.0,588,0.0,112.0,48.775757575757574,48.0,108.0,165,0.0,376.0,138.8121212121212,120.0,360.0,165,1.0,1.0,1.0,1.0,1.0,164,0.9999999999999998,1.0000000000000002,1.0,1.0,1.0000000000000002,164,1.0,1.5,1.0209638481307435,1.0,1.1,164,0.9999999999999998,1.2131940122625147,1.0085520139217363,1.0,1.0545624534754294,164,552.0,0.0,0.0,388.0,164.0,164.0,0.0,0.0,0.0,0.0,0.0,0.0,1.0,26.0,0.15853658536585366,165.0,164.0,0.9939393939393939,0.0,0.0,0.0,0.0,1.0,0.006060606060606061,36.0,0.21818181818181817,1.0,0.006060606060606061,0.0,0.0,0.0,178.06326411664486
290,17400000000000,2.0,15.0,2.9829931972789114,2.0,6.0,588,5.0,10.0,7.2482993197278915,7.0,10.0,588,14.0,19.0,16.75170068027211,17.0,19.0,588,2.0,8.0,2.6802721088435373,2.0,5.0,588,0.0,112.0,50.27160493827161,48.0,108.0,162,0.0,376.0,142.8641975308642,120.0,360.0,162,1.0,2.0,1.0068027210884354,1.0,1.0,161,0.9999999999999998,1.4863071464375932,1.0035501911571314,1.0,1.0000000000000002,161,1.0,2.0,1.055257960560092,1.0,1.3333333333333333,161,0.9999999999999998,1.4863071464375932,1.0239246393081693,1.0,1.1064442110176471,161,552.0,0.0,0.0,391.0,161.0,161.0,0.0,0.0,0.0,0.0,0.0,0.0,1.0,56.0,0.34782608695652173,162.0,161.0,0.9938271604938271,0.0,0.0,0.0,0.0,1.0,0.006172839506172839,71.0,0.4382716049382716,1.0,0.006172839506172839,0.0,0.0,0.0,261.1232418566942
291,17460000000000,2.0,17.0,2.9710884353741496,2.0,6.0,588,5.0,10.0,7.166666666666667,7.0,10.0,588,14.0,19.0,16.833333333333332,17.0,19.0,588,2.0,8.0,2.663265306122449,2.0,5.0,588,0.0,112.0,49.044585987261144,48.0,108.0,157,0.0,376.0,139.31210191082803,120.0,360.0,157,1.0,1.0,1.0,1.0,1.0,157,0.9999999999999998,1.0000000000000002,1.0,1.0,1.0,157,1.0,1.0,1.0,1.0,1.0,157,0.9999999999999998,1.0000000000000002,1.0,1.0,1.0,157,552.0,0.0,0.0,395.0,157.0,157.0,0.0,0.0,0.0,0.0,0.0,0.0,1.0,0.0,0.0,157.0,157.0,1.0,0.0,0.0,0.0,0.0,0.0,0.0,0.0,0.0,0.0,0.0,0.0,0.0,0.0,271.1384631693363
292,17520000000000,2.0,15.0,2.9608843537414966,2.0,6.0,588,5.0,10.0,7.166666666666667,7.0,10.0,588,14.0,19.0,16.833333333333332,17.0,19.0,588,2.0,8.0,2.675170068027211,2.0,5.0,588,0.0,116.0,49.620253164556964,48.0,108.0,158,0.0,392.0,141.0632911392405,120.0,360.0,158,1.0,1.0,1.0,1.0,1.0,158,0.9999999999999998,1.0000000000000002,1.0,1.0,1.0000000000000002,158,1.0,1.5,1.0270349208083833,1.0,1.2075000000000002,158,0.9999999999999998,1.2263957939901629,1.0104680996904418,1.0,1.0729277147633467,158,552.0,0.0,0.0,394.0,158.0,158.0,0.0,0.0,0.0,0.0,0.0,0.0,1.0,26.0,0.16455696202531644,158.0,158.0,1.0,0.0,0.0,0.0,0.0,0.0,0.0,30.0,0.189873417721519,0.0,0.0,0.0,0.0,0.0,162.65987046062946
293,17580000000000,2.0,17.0,2.979591836734694,2.0,6.0,588,5.0,10.0,7.166666666666667,7.0,10.0,588,14.0,19.0,16.833333333333332,17.0,19.0,588,2.0,8.0,2.6683673469387754,2.0,5.0,588,0.0,116.0,49.0314465408805,48.0,108.0,159,0.0,392.0,139.52201257861634,120.0,360.0,159,1.0,1.6666666666666667,1.0100153625476367,1.0,1.0,159,0.9999999999999998,1.3897645952941091,1.0062433856522204,1.0,1.0000000000000002,159,1.0,1.6666666666666667,1.0548299381412094,1.0,1.2583333333333329,159,0.9999999999999998,1.3897645952941091,1.0240186922491061,1.0,1.1250556338335371,159,552.0,0.0,0.0,392.0,160.0,159.0,1.0,0.0,1.0,0.0,0.0,0.0,0.99375,51.0,0.32075471698113206,159.0,159.0,1.0,0.0,0.0,0.0,0.0,0.0,0.0,69.0,0.4339622641509434,0.0,0.0,0.0,0.0,0.0,162.98785991966724
294,17640000000000,2.0,17.0,2.9744897959183674,2.0,6.0,588,5.0,10.0,7.333333333333333,7.0,10.0,588,14.0,19.0,16.666666666666668,17.0,19.0,588,2.0,8.0,2.683673469387755,2.0,5.0,588,0.0,112.0,49.48148148148148,48.0,108.0,162,0.0,376.0,141.4814814814815,120.0,360.0,162,1.0,1.0,1.0,1.0,1.0,162,0.9999999999999998,1.0000000000000002,1.0,1.0,1.0000000000000002,162,1.0,1.0,1.0,1.0,1.0,162,0.9999999999999998,1.0000000000000002,1.0,1.0,1.0000000000000002,162,552.0,0.0,0.0,390.0,162.0,162.0,0.0,0.0,0.0,0.0,0.0,0.0,1.0,0.0,0.0,162.0,162.0,1.0,0.0,0.0,0.0,0.0,0.0,0.0,0.0,0.0,0.0,0.0,0.0,0.0,0.0,354.27638702094555
295,17700000000000,2.0,17.0,2.9625850340136055,2.0,6.0,588,5.0,10.0,7.328231292517007,7.0,10.0,588,14.0,19.0,16.671768707482993,17.0,19.0,588,2.0,8.0,2.6598639455782314,2.0,5.0,588,0.0,112.0,49.41463414634146,48.0,107.39999999999998,164,0.0,376.0,141.90243902439025,120.0,357.5999999999999,164,1.0,1.1333333333333333,1.0008492569002123,1.0,1.0,157,0.9999999999999998,1.1167119833635692,1.0007433884290675,1.0,1.0000000000000002,157,1.0,1.3333333333333333,1.0162274410281231,1.0,1.1155555555555554,157,0.9999999999999998,1.1181346054696604,1.0057091427995155,1.0,1.0368982256920094,157,552.0,0.0,0.0,395.0,157.0,157.0,0.0,0.0,0.0,0.0,0.0,0.0,1.0,20.0,0.12738853503184713,164.0,157.0,0.9573170731707317,0.0,0.0,0.0,0.0,7.0,0.042682926829268296,32.0,0.1951219512195122,7.0,0.042682926829268296,0.0,0.0,0.0,161.92843206226826
296,17760000000000,2.0,17.0,2.9846938775510203,2.0,6.0,588,5.0,10.0,7.328231292517007,7.0,10.0,588,14.0,19.0,16.671768707482993,17.0,19.0,588,2.0,8.0,2.67687074829932,2.0,5.0,588,0.0,112.0,50.21951219512195,48.0,107.39999999999998,164,0.0,376.0,143.3658536585366,120.0,357.5999999999999,164,1.0,1.1333333333333333,1.0015669515669516,1.0,1.0,156,0.9999999999999997,1.1166293146440454,1.0013818916347341,1.0,1.0000000000000002,156,1.0,1.5,1.049671003460046,1.0,1.25,156,0.9999999999999997,1.2645476771980604,1.0197859117346708,1.0,1.1001868615005315,156,552.0,0.0,0.0,395.0,157.0,156.0,1.0,0.0,1.0,0.0,0.0,0.0,0.9936305732484076,54.0,0.34615384615384615,164.0,156.0,0.9512195121951219,0.0,0.0,0.0,0.0,8.0,0.04878048780487805,68.0,0.4146341463414634,8.0,0.04878048780487805,0.0,0.0,0.0,156.04944713413715
297,17820000000000,2.0,17.0,2.9506802721088436,2.0,6.0,588,5.0,10.0,7.25,7.0,10.0,588,14.0,19.0,16.75,17.0,19.0,588,2.0,8.0,2.6666666666666665,2.0,5.0,588,0.0,112.0,50.175,52.0,108.0,160,0.0,376.0,143.55,136.0,360.0,160,1.0,1.0,1.0,1.0,1.0,160,0.9999999999999998,1.0000000000000004,1.0,1.0,1.0000000000000002,160,1.0,1.0,1.0,1.0,1.0,160,0.9999999999999998,1.0000000000000004,1.0,1.0,1.0000000000000002,160,552.0,0.0,0.0,392.0,160.0,160.0,0.0,0.0,0.0,0.0,0.0,0.0,1.0,0.0,0.0,160.0,160.0,1.0,0.0,0.0,0.0,0.0,0.0,0.0,0.0,0.0,0.0,0.0,0.0,0.0,0.0,370.7078732550144
298,17880000000000,2.0,17.0,2.9693877551020407,2.0,6.0,588,5.0,10.0,7.25,7.0,10.0,588,14.0,19.0,16.75,17.0,19.0,588,2.0,8.0,2.685374149659864,2.0,5.0,588,0.0,112.0,49.575,52.0,108.0,160,0.0,376.0,142.05,136.0,360.0,160,1.0,1.2222222222222223,1.0013888888888889,1.0,1.0,160,0.9999999999999998,1.176729093416479,1.001104556833853,1.0,1.0000000000000002,160,1.0,1.3333333333333333,1.0174716853683043,1.0,1.1111111111111112,160,0.9999999999999998,1.176729093416479,1.0073771828981442,1.0,1.0424966611788034,160,552.0,0.0,0.0,392.0,160.0,160.0,0.0,0.0,0.0,0.0,0.0,0.0,1.0,30.0,0.1875,160.0,160.0,1.0,0.0,0.0,0.0,0.0,0.0,0.0,30.0,0.1875,0.0,0.0,0.0,0.0,0.0,169.0702009946108
299,17940000000000,2.0,17.0,2.9846938775510203,2.0,6.0,588,5.0,10.0,7.25,7.0,10.0,588,14.0,19.0,16.75,17.0,19.0,588,2.0,8.0,2.683673469387755,2.0,5.0,588,0.0,112.0,50.35,48.0,108.0,160,0.0,376.0,143.35,120.0,360.0,160,1.0,1.2222222222222223,1.0013888888888889,1.0,1.0,160,0.9999999999999998,1.1770203081719406,1.0011063769260746,1.0,1.0000000000000002,160,1.0,1.5,1.0522281500134991,1.0,1.3333333333333333,160,0.9999999999999998,1.2614787680215684,1.0201399116728787,1.0,1.0987765212045097,160,552.0,0.0,0.0,389.0,163.0,160.0,3.0,0.0,3.0,0.0,0.0,0.0,0.9815950920245399,59.0,0.36875,160.0,160.0,1.0,0.0,0.0,0.0,0.0,0.0,0.0,67.0,0.41875,0.0,0.0,0.0,0.0,0.0,177.7307316660881
300,18000000000000,2.0,17.0,2.989795918367347,2.0,6.0,588,5.0,11.0,7.416666666666667,7.0,11.0,588,13.0,19.0,16.583333333333332,17.0,19.0,588,2.0,8.0,2.687074829931973,2.0,5.0,588,0.0,112.0,50.10909090909091,48.0,108.0,165,0.0,376.0,143.27272727272728,120.0,360.0,165,1.0,1.0,1.0,1.0,1.0,165,0.9999999999999997,1.0000000000000002,1.0,1.0,1.0000000000000002,165,1.0,1.0,1.0,1.0,1.0,165,0.9999999999999997,1.0000000000000002,1.0,1.0,1.0000000000000002,165,552.0,0.0,0.0,387.0,165.0,165.0,0.0,0.0,0.0,0.0,0.0,0.0,1.0,0.0,0.0,165.0,165.0,1.0,0.0,0.0,0.0,0.0,0.0,0.0,0.0,0.0,0.0,0.0,0.0,0.0,0.0,380.00168465077877
301,18060000000000,2.0,16.0,3.0,2.0,6.0,588,5.0,11.0,7.416666666666667,7.0,11.0,588,13.0,19.0,16.583333333333332,17.0,19.0,588,2.0,8.0,2.6904761904761907,2.0,5.0,588,0.0,112.0,50.32727272727273,48.0,108.0,165,0.0,376.0,144.14545454545456,120.0,360.0,165,1.0,1.0,1.0,1.0,1.0,165,0.9999999999999998,1.0000000000000004,1.0,1.0,1.0000000000000002,165,1.0,1.5,1.0259358674157864,1.0,1.1666666666666667,165,0.9999999999999998,1.1479363065901906,1.0100015139529541,1.0,1.0671794135417552,165,552.0,0.0,0.0,385.0,167.0,165.0,2.0,0.0,2.0,0.0,0.0,0.0,0.9880239520958084,31.0,0.18787878787878787,165.0,165.0,1.0,0.0,0.0,0.0,0.0,0.0,0.0,33.0,0.2,0.0,0.0,0.0,0.0,0.0,174.04117807745934
302,18120000000000,2.0,17.0,2.9727891156462585,2.0,6.0,588,5.0,11.0,7.416666666666667,7.0,11.0,588,13.0,19.0,16.583333333333332,17.0,19.0,588,2.0,8.0,2.6700680272108843,2.0,5.0,588,0.0,112.0,50.42424242424242,48.0,108.0,165,0.0,376.0,144.96969696969697,120.0,360.0,165,1.0,1.2857142857142858,1.0040692640692641,1.0,1.0,165,0.9999999999999998,1.2185307789909448,1.003190868356881,1.0,1.0000000000000002,165,1.0,1.5,1.0494578746340577,1.0,1.25,165,0.9999999999999998,1.2224267494814576,1.0223381511497798,1.0,1.1153985637708674,165,552.0,0.0,0.0,385.0,167.0,165.0,2.0,0.0,2.0,0.0,0.0,0.0,0.9880239520958084,56.0,0.3393939393939394,165.0,165.0,1.0,0.0,0.0,0.0,0.0,0.0,0.0,72.0,0.43636363636363634,0.0,0.0,0.0,0.0,0.0,171.19421623647213
303,18180000000000,2.0,17.0,3.003401360544218,2.0,6.0,588,5.0,11.0,7.416666666666667,7.0,11.0,588,13.0,19.0,16.583333333333332,17.0,19.0,588,2.0,8.0,2.695578231292517,2.0,5.0,588,0.0,112.0,49.26829268292683,48.0,104.0,164,0.0,376.0,140.0,120.0,344.0,164,1.0,1.0,1.0,1.0,1.0,164,0.9999999999999997,1.0000000000000002,1.0,1.0,1.0000000000000002,164,1.0,1.0,1.0,1.0,1.0,164,0.9999999999999997,1.0000000000000002,1.0,1.0,1.0000000000000002,164,552.0,0.0,0.0,388.0,164.0,164.0,0.0,0.0,0.0,0.0,0.0,0.0,1.0,0.0,0.0,164.0,164.0,1.0,0.0,0.0,0.0,0.0,0.0,0.0,0.0,0.0,0.0,0.0,0.0,0.0,0.0,346.75433300435543
304,18240000000000,2.0,17.0,2.9676870748299318,2.0,6.0,588,5.0,11.0,7.414965986394558,7.0,11.0,588,13.0,19.0,16.58503401360544,17.0,19.0,588,2.0,8.0,2.6700680272108843,2.0,5.0,588,0.0,112.0,50.02469135802469,48.0,104.0,162,0.0,376.0,143.65432098765433,120.0,344.0,162,1.0,1.0,1.0,1.0,1.0,159,0.9999999999999998,1.0000000000000002,1.0,1.0,1.0000000000000002,159,1.0,1.5,1.0165586941560498,1.0,1.114285714285714,159,0.9999999999999998,1.2121283796485713,1.0064303697205614,1.0,1.0370417336240025,159,552.0,0.0,0.0,393.0,159.0,159.0,0.0,0.0,0.0,0.0,0.0,0.0,1.0,21.0,0.1320754716981132,162.0,159.0,0.9814814814814815,0.0,0.0,0.0,0.0,3.0,0.018518518518518517,38.0,0.2345679012345679,3.0,0.018518518518518517,0.0,0.0,0.0,180.8465588837862
305,18300000000000,2.0,17.0,2.9693877551020407,2.0,6.0,588,5.0,11.0,7.414965986394558,7.0,11.0,588,13.0,19.0,16.58503401360544,17.0,19.0,588,2.0,8.0,2.683673469387755,2.0,5.0,588,0.0,112.0,49.876543209876544,48.0,104.0,162,0.0,376.0,142.6172839506173,120.0,344.0,162,1.0,1.1818181818181819,1.0011435105774729,1.0,1.0,159,0.9999999999999997,1.1523307136386147,1.0009580548027586,1.0,1.0000000000000002,159,1.0,1.5,1.0418054045682197,1.0,1.2049999999999996,159,0.9999999999999998,1.2475354407963968,1.017934355701336,1.0,1.0970435604477002,159,552.0,0.0,0.0,393.0,159.0,159.0,0.0,0.0,0.0,0.0,0.0,0.0,1.0,52.0,0.3270440251572327,162.0,159.0,0.9814814814814815,0.0,0.0,0.0,0.0,3.0,0.018518518518518517,71.0,0.4382716049382716,3.0,0.018518518518518517,0.0,0.0,0.0,173.14235493540764
306,18360000000000,2.0,17.0,2.957482993197279,2.0,6.0,588,5.0,10.0,7.25,7.0,10.0,588,14.0,19.0,16.75,17.0,19.0,588,2.0,8.0,2.6785714285714284,2.0,5.0,588,0.0,112.0,49.84615384615385,48.0,108.0,156,0.0,376.0,142.15384615384616,120.0,360.0,156,1.0,1.0,1.0,1.0,1.0,156,0.9999999999999998,1.0000000000000002,1.0,1.0,1.0000000000000002,156,1.0,1.0,1.0,1.0,1.0,156,0.9999999999999998,1.0000000000000002,1.0,1.0,1.0000000000000002,156,552.0,0.0,0.0,396.0,156.0,156.0,0.0,0.0,0.0,0.0,0.0,0.0,1.0,0.0,0.0,156.0,156.0,1.0,0.0,0.0,0.0,0.0,0.0,0.0,0.0,0.0,0.0,0.0,0.0,0.0,0.0,264.8819014430046
307,18420000000000,2.0,17.0,2.9523809523809526,2.0,6.0,588,5.0,10.0,7.25,7.0,10.0,588,14.0,19.0,16.75,17.0,19.0,588,2.0,8.0,2.67687074829932,2.0,5.0,588,0.0,112.0,50.311688311688314,50.0,108.0,154,0.0,376.0,144.2077922077922,128.0,360.0,154,1.0,1.0,1.0,1.0,1.0,154,0.9999999999999997,1.0000000000000002,1.0,1.0,1.0000000000000002,154,1.0,1.5,1.0190477954393236,1.0,1.1111111111111112,154,0.9999999999999997,1.1438982112365284,1.00730903575326,1.0,1.042696046282799,154,552.0,0.0,0.0,398.0,154.0,154.0,0.0,0.0,0.0,0.0,0.0,0.0,1.0,27.0,0.17532467532467533,154.0,154.0,1.0,0.0,0.0,0.0,0.0,0.0,0.0,29.0,0.18831168831168832,0.0,0.0,0.0,0.0,0.0,233.31026174128056
308,18480000000000,2.0,17.0,2.9812925170068025,2.0,6.0,588,5.0,10.0,7.25,7.0,10.0,588,14.0,19.0,16.75,17.0,19.0,588,2.0,8.0,2.685374149659864,2.0,5.0,588,0.0,112.0,49.46153846153846,46.0,108.0,156,0.0,376.0,141.53846153846155,112.0,360.0,156,1.0,2.0,1.0085470085470085,1.0,1.0,156,0.9999999999999998,1.474986727864468,1.0045940988724977,1.0,1.0000000000000002,156,1.0,2.0,1.0557467721259113,1.0,1.3333333333333333,156,0.9999999999999998,1.474986727864468,1.021657442730076,1.0,1.1207551846040311,156,552.0,0.0,0.0,396.0,156.0,156.0,0.0,0.0,0.0,0.0,0.0,0.0,1.0,50.0,0.32051282051282054,156.0,156.0,1.0,0.0,0.0,0.0,0.0,0.0,0.0,63.0,0.40384615384615385,0.0,0.0,0.0,0.0,0.0,172.81993106007576
309,18540000000000,2.0,17.0,2.9710884353741496,2.0,6.0,588,5.0,10.0,7.25,7.0,10.0,588,14.0,19.0,16.75,17.0,19.0,588,2.0,8.0,2.6904761904761907,2.0,5.0,588,0.0,112.0,50.64900662251656,48.0,108.0,151,0.0,376.0,145.3774834437086,120.0,360.0,151,1.0,1.0,1.0,1.0,1.0,151,0.9999999999999998,1.0000000000000002,1.0,1.0,1.0000000000000002,151,1.0,1.0,1.0,1.0,1.0,151,0.9999999999999998,1.0000000000000002,1.0,1.0,1.0000000000000002,151,552.0,0.0,0.0,401.0,151.0,151.0,0.0,0.0,0.0,0.0,0.0,0.0,1.0,0.0,0.0,151.0,151.0,1.0,0.0,0.0,0.0,0.0,0.0,0.0,0.0,0.0,0.0,0.0,0.0,0.0,0.0,275.11406876146793
310,18600000000000,2.0,16.0,2.979591836734694,2.0,6.0,588,5.0,10.0,7.25,7.0,10.0,588,14.0,19.0,16.75,17.0,19.0,588,2.0,8.0,2.688775510204082,2.0,5.0,588,0.0,112.0,50.77124183006536,48.0,108.0,153,0.0,376.0,145.67320261437908,120.0,360.0,153,1.0,1.0,1.0,1.0,1.0,153,0.9999999999999998,1.0000000000000002,1.0,1.0,1.0000000000000002,153,1.0,1.3333333333333333,1.0181672341663393,1.0,1.1523809523809525,153,0.9999999999999998,1.1241266395150942,1.006144589271779,1.0,1.0433442012510181,153,552.0,0.0,0.0,399.0,153.0,153.0,0.0,0.0,0.0,0.0,0.0,0.0,1.0,22.0,0.1437908496732026,153.0,153.0,1.0,0.0,0.0,0.0,0.0,0.0,0.0,27.0,0.17647058823529413,0.0,0.0,0.0,0.0,0.0,148.299939930439
311,18660000000000,2.0,17.0,2.9812925170068025,2.0,6.0,588,5.0,10.0,7.25,7.0,10.0,588,14.0,19.0,16.75,17.0,19.0,588,2.0,8.0,2.7006802721088436,2.0,5.0,588,0.0,112.0,50.19867549668874,48.0,106.0,151,0.0,376.0,144.05298013245033,120.0,352.0,151,1.0,1.0,1.0,1.0,1.0,151,0.9999999999999998,1.0000000000000002,1.0,1.0,1.0000000000000002,151,1.0,1.5,1.0467818219083174,1.0,1.25,151,0.9999999999999998,1.1564653462383094,1.0171260254778645,1.0,1.0975729146854079,151,552.0,0.0,0.0,401.0,151.0,151.0,0.0,0.0,0.0,0.0,0.0,0.0,1.0,53.0,0.3509933774834437,151.0,151.0,1.0,0.0,0.0,0.0,0.0,0.0,0.0,61.0,0.40397350993377484,0.0,0.0,0.0,0.0,0.0,95.86124122142792
312,18720000000000,2.0,16.0,2.9659863945578233,2.0,6.0,588,5.0,10.0,7.166666666666667,7.0,10.0,588,14.0,19.0,16.833333333333332,17.0,19.0,588,2.0,8.0,2.6802721088435373,2.0,5.0,588,0.0,112.0,51.57046979865772,48.0,104.0,149,0.0,376.0,148.29530201342283,120.0,344.0,149,1.0,1.0,1.0,1.0,1.0,149,0.9999999999999998,1.0000000000000004,1.0,1.0,1.0000000000000002,149,1.0,1.0,1.0,1.0,1.0,149,0.9999999999999998,1.0000000000000004,1.0,1.0,1.0000000000000002,149,552.0,0.0,0.0,403.0,149.0,149.0,0.0,0.0,0.0,0.0,0.0,0.0,1.0,0.0,0.0,149.0,149.0,1.0,0.0,0.0,0.0,0.0,0.0,0.0,0.0,0.0,0.0,0.0,0.0,0.0,0.0,145.90812101960182
313,18780000000000,2.0,17.0,2.9591836734693877,2.0,6.0,588,5.0,10.0,7.166666666666667,7.0,10.0,588,14.0,19.0,16.833333333333332,17.0,19.0,588,2.0,8.0,2.681972789115646,2.0,5.0,588,0.0,112.0,51.651006711409394,52.0,104.0,149,0.0,376.0,149.1006711409396,136.0,344.0,149,1.0,1.0,1.0,1.0,1.0,149,0.9999999999999997,1.0000000000000002,1.0,1.0,1.0000000000000002,149,1.0,1.5,1.0246481015057882,1.0,1.1866666666666665,149,0.9999999999999997,1.1369382253535638,1.0084249677550097,1.0,1.0473225395788448,149,552.0,0.0,0.0,399.0,153.0,149.0,4.0,0.0,4.0,0.0,0.0,0.0,0.9738562091503268,31.0,0.2080536912751678,149.0,149.0,1.0,0.0,0.0,0.0,0.0,0.0,0.0,33.0,0.2214765100671141,0.0,0.0,0.0,0.0,0.0,91.39041230082512
314,18840000000000,2.0,16.0,2.9506802721088436,2.0,6.0,588,5.0,10.0,7.166666666666667,7.0,10.0,588,14.0,19.0,16.833333333333332,17.0,19.0,588,2.0,7.0,2.681972789115646,2.0,5.0,588,0.0,112.0,51.060402684563755,48.0,104.0,149,0.0,376.0,147.70469798657717,120.0,344.0,149,1.0,1.4,1.0026845637583892,1.0,1.0,149,0.9999999999999998,1.2775808852589943,1.0018629589614698,1.0,1.0000000000000002,149,1.0,1.5,1.043224136021368,1.0,1.2,149,0.9999999999999998,1.2775808852589943,1.0174587831179271,1.0,1.080999249791384,149,552.0,0.0,0.0,401.0,151.0,149.0,2.0,0.0,2.0,0.0,0.0,0.0,0.9867549668874173,53.0,0.35570469798657717,149.0,149.0,1.0,0.0,0.0,0.0,0.0,0.0,0.0,67.0,0.44966442953020136,0.0,0.0,0.0,0.0,0.0,157.1262627840042
315,18900000000000,2.0,17.0,2.947278911564626,2.0,6.0,588,5.0,10.0,7.25,7.0,10.0,588,14.0,19.0,16.75,17.0,19.0,588,2.0,8.0,2.675170068027211,2.0,5.0,588,0.0,116.0,52.0,52.0,108.0,149,0.0,392.0,150.49664429530202,136.0,360.0,149,1.0,1.0,1.0,1.0,1.0,149,0.9999999999999998,1.0000000000000002,1.0,1.0,1.0000000000000002,149,1.0,1.0,1.0,1.0,1.0,149,0.9999999999999998,1.0000000000000002,1.0,1.0,1.0000000000000002,149,552.0,0.0,0.0,403.0,149.0,149.0,0.0,0.0,0.0,0.0,0.0,0.0,1.0,0.0,0.0,149.0,149.0,1.0,0.0,0.0,0.0,0.0,0.0,0.0,0.0,0.0,0.0,0.0,0.0,0.0,0.0,160.23471020162106
316,18960000000000,2.0,16.0,2.935374149659864,2.0,6.0,588,5.0,10.0,7.25,7.0,10.0,588,14.0,19.0,16.75,17.0,19.0,588,2.0,7.0,2.67687074829932,2.0,5.0,588,0.0,116.0,51.65562913907285,52.0,104.0,151,0.0,392.0,149.40397350993376,136.0,344.0,151,1.0,1.4,1.0026490066225167,1.0,1.0,151,0.9999999999999998,1.2758240565407357,1.0018266493810644,1.0,1.0,151,1.0,1.4,1.020326375723007,1.0,1.1111111111111112,151,0.9999999999999998,1.2758240565407357,1.0078967016754345,1.0,1.047620735747717,151,552.0,0.0,0.0,401.0,151.0,151.0,0.0,0.0,0.0,0.0,0.0,0.0,1.0,25.0,0.16556291390728478,151.0,151.0,1.0,0.0,0.0,0.0,0.0,0.0,0.0,34.0,0.2251655629139073,0.0,0.0,0.0,0.0,0.0,98.45168888568878
317,19020000000000,2.0,17.0,2.95578231292517,2.0,6.0,588,5.0,10.0,7.2482993197278915,7.0,10.0,588,14.0,19.0,16.75170068027211,17.0,19.0,588,2.0,8.0,2.683673469387755,2.0,5.0,588,0.0,116.0,51.57046979865772,52.0,108.0,149,0.0,392.0,149.26174496644296,136.0,360.0,149,1.0,1.3333333333333333,1.0031531531531532,1.0,1.0,148,0.9999999999999998,1.2413363593151787,1.002410163913447,1.0,1.0000000000000002,148,1.0,1.5,1.0436203434870819,1.0,1.2325000000000004,148,0.9999999999999998,1.2413363593151787,1.016234190493171,1.0,1.065370814031228,148,552.0,0.0,0.0,404.0,148.0,148.0,0.0,0.0,0.0,0.0,0.0,0.0,1.0,47.0,0.31756756756756754,149.0,148.0,0.9932885906040269,0.0,0.0,0.0,0.0,1.0,0.006711409395973154,60.0,0.40268456375838924,1.0,0.006711409395973154,0.0,0.0,0.0,93.84728781878948
318,19080000000000,2.0,16.0,2.925170068027211,2.0,6.0,588,5.0,10.0,7.0,7.0,10.0,588,14.0,19.0,17.0,17.0,19.0,588,2.0,8.0,2.663265306122449,2.0,5.0,588,0.0,116.0,51.78082191780822,52.0,108.0,146,0.0,392.0,150.41095890410958,136.0,360.0,146,1.0,1.0,1.0,1.0,1.0,146,0.9999999999999997,1.0000000000000002,1.0,1.0,1.0,146,1.0,1.0,1.0,1.0,1.0,146,0.9999999999999997,1.0000000000000002,1.0,1.0,1.0,146,552.0,0.0,0.0,406.0,146.0,146.0,0.0,0.0,0.0,0.0,0.0,0.0,1.0,0.0,0.0,146.0,146.0,1.0,0.0,0.0,0.0,0.0,0.0,0.0,0.0,0.0,0.0,0.0,0.0,0.0,0.0,151.98281221091747
319,19140000000000,2.0,15.0,2.9506802721088436,2.0,6.0,588,5.0,10.0,7.0,7.0,10.0,588,14.0,19.0,17.0,17.0,19.0,588,2.0,7.0,2.683673469387755,2.0,5.0,588,0.0,112.0,51.64383561643836,52.0,108.0,146,0.0,376.0,149.86301369863014,136.0,360.0,146,1.0,1.0,1.0,1.0,1.0,146,0.9999999999999998,1.0000000000000002,1.0,1.0,1.0000000000000002,146,1.0,1.25,1.0187330976658298,1.0,1.1,146,0.9999999999999998,1.0879431972105942,1.005872134552481,1.0,1.040267516907836,146,552.0,0.0,0.0,406.0,146.0,146.0,0.0,0.0,0.0,0.0,0.0,0.0,1.0,26.0,0.1780821917808219,146.0,146.0,1.0,0.0,0.0,0.0,0.0,0.0,0.0,24.0,0.1643835616438356,0.0,0.0,0.0,0.0,0.0,96.21362015604973
320,19200000000000,2.0,16.0,2.933673469387755,2.0,6.0,588,5.0,10.0,7.0,7.0,10.0,588,14.0,19.0,17.0,17.0,19.0,588,2.0,8.0,2.671768707482993,2.0,5.0,588,0.0,112.0,51.67123287671233,52.0,108.0,146,0.0,376.0,149.97260273972603,136.0,360.0,146,1.0,1.0,1.0,1.0,1.0,146,0.9999999999999997,1.0000000000000004,1.0,1.0,1.0000000000000002,146,1.0,1.5,1.045357498247715,1.0,1.25,146,0.9999999999999997,1.1619540624754692,1.0152974109766228,1.0,1.064158726498907,146,552.0,0.0,0.0,406.0,146.0,146.0,0.0,0.0,0.0,0.0,0.0,0.0,1.0,55.0,0.3767123287671233,146.0,146.0,1.0,0.0,0.0,0.0,0.0,0.0,0.0,54.0,0.3698630136986301,0.0,0.0,0.0,0.0,0.0,95.8270262926817
321,19260000000000,2.0,15.0,2.9489795918367347,2.0,6.0,588,5.0,10.0,7.0,7.0,10.0,588,14.0,19.0,17.0,17.0,19.0,588,2.0,7.0,2.681972789115646,2.0,5.0,588,0.0,112.0,51.61643835616438,52.0,108.0,146,0.0,376.0,148.76712328767124,136.0,360.0,146,1.0,1.0,1.0,1.0,1.0,146,0.9999999999999998,1.0000000000000002,1.0,1.0,1.0000000000000002,146,1.0,1.0,1.0,1.0,1.0,146,0.9999999999999998,1.0000000000000002,1.0,1.0,1.0000000000000002,146,552.0,0.0,0.0,406.0,146.0,146.0,0.0,0.0,0.0,0.0,0.0,0.0,1.0,0.0,0.0,146.0,146.0,1.0,0.0,0.0,0.0,0.0,0.0,0.0,0.0,0.0,0.0,0.0,0.0,0.0,0.0,222.29567915201187
322,19320000000000,2.0,16.0,2.9302721088435373,2.0,6.0,588,5.0,10.0,7.0,7.0,10.0,588,14.0,19.0,17.0,17.0,19.0,588,2.0,8.0,2.6700680272108843,2.0,5.0,588,0.0,112.0,52.0551724137931,52.0,108.0,145,0.0,376.0,151.11724137931034,136.0,360.0,145,1.0,1.0,1.0,1.0,1.0,145,0.9999999999999998,1.0000000000000004,1.0,1.0,1.0000000000000002,145,1.0,1.5,1.0229930505942502,1.0,1.1555555555555548,145,0.9999999999999998,1.1534671361385624,1.006268009303122,1.0,1.0409420674666552,145,552.0,0.0,0.0,407.0,145.0,145.0,0.0,0.0,0.0,0.0,0.0,0.0,1.0,27.0,0.18620689655172415,145.0,145.0,1.0,0.0,0.0,0.0,0.0,0.0,0.0,31.0,0.21379310344827587,0.0,0.0,0.0,0.0,0.0,90.37772193551064
323,19380000000000,2.0,15.0,2.957482993197279,2.0,6.0,588,5.0,10.0,6.9982993197278915,7.0,10.0,588,14.0,19.0,17.00170068027211,17.0,19.0,588,2.0,7.0,2.6785714285714284,2.0,5.0,588,0.0,112.0,50.813793103448276,52.0,108.0,145,0.0,376.0,146.64827586206897,136.0,360.0,145,1.0,1.0,1.0,1.0,1.0,145,0.9999999999999998,1.0000000000000002,1.0,1.0,1.0000000000000002,145,1.0,1.5,1.0423550255867386,1.0,1.239999999999999,145,0.9999999999999998,1.1936012871374828,1.014952790266891,1.0,1.0644264138652364,145,552.0,0.0,0.0,405.0,147.0,145.0,2.0,0.0,2.0,0.0,0.0,0.0,0.9863945578231292,49.0,0.33793103448275863,145.0,145.0,1.0,0.0,0.0,0.0,0.0,0.0,0.0,69.0,0.47586206896551725,0.0,0.0,0.0,0.0,0.0,88.60261552035809
324,19440000000000,2.0,16.0,2.921768707482993,2.0,6.0,588,5.0,10.0,7.0,7.0,10.0,588,14.0,19.0,17.0,17.0,19.0,588,2.0,8.0,2.6683673469387754,2.0,5.0,588,0.0,116.0,52.38356164383562,52.0,108.0,146,0.0,392.0,152.32876712328766,136.0,360.0,146,1.0,1.0,1.0,1.0,1.0,146,0.9999999999999997,1.0000000000000002,1.0,1.0,1.0000000000000002,146,1.0,1.0,1.0,1.0,1.0,146,0.9999999999999997,1.0000000000000002,1.0,1.0,1.0000000000000002,146,552.0,0.0,0.0,406.0,146.0,146.0,0.0,0.0,0.0,0.0,0.0,0.0,1.0,0.0,0.0,146.0,146.0,1.0,0.0,0.0,0.0,0.0,0.0,0.0,0.0,0.0,0.0,0.0,0.0,0.0,0.0,209.50322039425373
325,19500000000000,2.0,15.0,2.923469387755102,2.0,6.0,588,5.0,10.0,7.0,7.0,10.0,588,14.0,19.0,17.0,17.0,19.0,588,2.0,7.0,2.6700680272108843,2.0,5.0,588,0.0,116.0,52.567567567567565,56.0,108.0,148,0.0,392.0,152.86486486486487,152.0,360.0,148,1.0,1.0,1.0,1.0,1.0,148,0.9999999999999998,1.0000000000000002,1.0,1.0,1.0000000000000002,148,1.0,1.3333333333333333,1.0179318645351252,1.0,1.1111111111111112,148,0.9999999999999998,1.1116722892204551,1.0057859521091967,1.0,1.0364594490184122,148,552.0,0.0,0.0,402.0,150.0,148.0,2.0,0.0,2.0,0.0,0.0,0.0,0.9866666666666667,23.0,0.1554054054054054,148.0,148.0,1.0,0.0,0.0,0.0,0.0,0.0,0.0,36.0,0.24324324324324326,0.0,0.0,0.0,0.0,0.0,91.13194979727268
326,19560000000000,2.0,15.0,2.9523809523809526,2.0,6.0,588,5.0,10.0,7.0,7.0,10.0,588,14.0,19.0,17.0,17.0,19.0,588,2.0,7.0,2.671768707482993,2.0,5.0,588,0.0,116.0,52.3013698630137,52.0,107.0,146,0.0,392.0,151.5068493150685,136.0,356.0,146,1.0,1.1176470588235294,1.001332672162648,1.0,1.0,146,0.9999999999999996,1.1047583193978259,1.001202080222226,1.0,1.0000000000000002,146,1.0,1.5,1.0399115499996003,1.0,1.2,146,0.9999999999999996,1.1339672447709437,1.0148705251435899,1.0,1.0867859617696571,146,552.0,0.0,0.0,400.0,152.0,146.0,6.0,0.0,6.0,0.0,0.0,0.0,0.9605263157894737,44.0,0.3013698630136986,146.0,146.0,1.0,0.0,0.0,0.0,0.0,0.0,0.0,60.0,0.410958904109589,0.0,0.0,0.0,0.0,0.0,93.68541650474072
327,19620000000000,2.0,15.0,2.957482993197279,2.0,6.0,588,6.0,10.0,7.25,7.0,10.0,588,14.0,18.0,16.75,17.0,18.0,588,2.0,7.0,2.6785714285714284,2.0,5.0,588,0.0,116.0,53.31645569620253,52.0,108.0,158,0.0,392.0,154.9367088607595,136.0,360.0,158,1.0,1.0,1.0,1.0,1.0,158,0.9999999999999998,1.0000000000000002,1.0,1.0,1.0000000000000002,158,1.0,1.0,1.0,1.0,1.0,158,0.9999999999999998,1.0000000000000002,1.0,1.0,1.0000000000000002,158,552.0,0.0,0.0,394.0,158.0,158.0,0.0,0.0,0.0,0.0,0.0,0.0,1.0,0.0,0.0,158.0,158.0,1.0,0.0,0.0,0.0,0.0,0.0,0.0,0.0,0.0,0.0,0.0,0.0,0.0,0.0,221.9117432832718
328,19680000000000,2.0,15.0,2.943877551020408,2.0,6.0,588,6.0,10.0,7.25,7.0,10.0,588,14.0,18.0,16.75,17.0,18.0,588,2.0,7.0,2.6649659863945576,2.0,5.0,588,0.0,116.0,53.794871794871796,52.0,108.0,156,0.0,392.0,156.56410256410257,136.0,360.0,156,1.0,1.0,1.0,1.0,1.0,156,0.9999999999999998,1.0000000000000002,1.0,1.0,1.0000000000000002,156,1.0,1.3333333333333333,1.0108012289530661,1.0,1.0666666666666667,156,0.9999999999999998,1.0960289084612576,1.0042097127955862,1.0,1.0321109577247023,156,552.0,0.0,0.0,396.0,156.0,156.0,0.0,0.0,0.0,0.0,0.0,0.0,1.0,16.0,0.10256410256410256,156.0,156.0,1.0,0.0,0.0,0.0,0.0,0.0,0.0,35.0,0.22435897435897437,0.0,0.0,0.0,0.0,0.0,92.05853939056396
329,19740000000000,2.0,15.0,2.9659863945578233,2.0,6.0,588,6.0,10.0,7.25,7.0,10.0,588,14.0,18.0,16.75,17.0,18.0,588,2.0,7.0,2.687074829931973,2.0,5.0,588,0.0,112.0,52.936708860759495,52.0,108.0,158,0.0,376.0,154.32911392405063,136.0,360.0,158,1.0,1.0,1.0,1.0,1.0,158,0.9999999999999998,1.0000000000000002,1.0,1.0,1.0000000000000002,158,1.0,1.5,1.0521496657570006,1.0,1.25,158,0.9999999999999998,1.1997098151491987,1.0205462789751365,1.0,1.1192631333511545,158,552.0,0.0,0.0,389.0,163.0,158.0,5.0,0.0,5.0,0.0,0.0,0.0,0.9693251533742331,61.0,0.3860759493670886,158.0,158.0,1.0,0.0,0.0,0.0,0.0,0.0,0.0,66.0,0.4177215189873418,0.0,0.0,0.0,0.0,0.0,101.80327109992504
330,19800000000000,2.0,15.0,2.9591836734693877,2.0,6.0,588,6.0,10.0,7.416666666666667,7.0,10.0,588,14.0,18.0,16.583333333333332,17.0,18.0,588,2.0,7.0,2.671768707482993,2.0,5.0,588,0.0,116.0,54.43478260869565,52.0,108.0,161,0.0,392.0,158.2608695652174,136.0,360.0,161,1.0,1.0,1.0,1.0,1.0,161,0.9999999999999998,1.0000000000000002,1.0,1.0,1.0000000000000002,161,1.0,1.0,1.0,1.0,1.0,161,0.9999999999999998,1.0000000000000002,1.0,1.0,1.0000000000000002,161,552.0,0.0,0.0,391.0,161.0,161.0,0.0,0.0,0.0,0.0,0.0,0.0,1.0,0.0,0.0,161.0,161.0,1.0,0.0,0.0,0.0,0.0,0.0,0.0,0.0,0.0,0.0,0.0,0.0,0.0,0.0,165.55652394890785
331,19860000000000,2.0,15.0,2.9625850340136055,2.0,6.0,588,6.0,10.0,7.416666666666667,7.0,10.0,588,14.0,18.0,16.583333333333332,17.0,18.0,588,2.0,7.0,2.67687074829932,2.0,5.0,588,0.0,116.0,53.86503067484663,52.0,108.0,163,0.0,392.0,155.82822085889572,136.0,360.0,163,1.0,1.1818181818181819,1.0011154489682097,1.0,1.0,163,0.9999999999999998,1.1519357406149158,1.000932121108067,1.0,1.0000000000000002,163,1.0,1.5,1.0299052591289344,1.0,1.1981818181818182,163,0.9999999999999998,1.1931580698631936,1.0115589794012558,1.0,1.058578377022395,163,552.0,0.0,0.0,389.0,163.0,163.0,0.0,0.0,0.0,0.0,0.0,0.0,1.0,38.0,0.2331288343558282,163.0,163.0,1.0,0.0,0.0,0.0,0.0,0.0,0.0,29.0,0.17791411042944785,0.0,0.0,0.0,0.0,0.0,158.0209843814373
332,19920000000000,2.0,15.0,2.979591836734694,2.0,6.0,588,6.0,10.0,7.416666666666667,7.0,10.0,588,14.0,18.0,16.583333333333332,17.0,18.0,588,2.0,7.0,2.6785714285714284,2.0,5.0,588,0.0,116.0,53.59509202453988,52.0,108.0,163,0.0,392.0,154.74846625766872,136.0,360.0,163,1.0,1.1818181818181819,1.003172236761194,1.0,1.0,163,0.9999999999999998,1.1520045775010876,1.0027441486529216,1.0,1.0000000000000002,163,1.0,1.5,1.0608028450230518,1.0,1.3333333333333333,163,0.9999999999999998,1.2785285772756951,1.0261014608936958,1.0,1.1484445979938052,163,552.0,0.0,0.0,389.0,163.0,163.0,0.0,0.0,0.0,0.0,0.0,0.0,1.0,61.0,0.37423312883435583,163.0,163.0,1.0,0.0,0.0,0.0,0.0,0.0,0.0,74.0,0.4539877300613497,0.0,0.0,0.0,0.0,0.0,96.41941636800766
333,19980000000000,2.0,15.0,2.95578231292517,2.0,6.0,588,6.0,10.0,7.333333333333333,7.5,10.0,588,14.0,18.0,16.666666666666668,16.5,18.0,588,2.0,8.0,2.6700680272108843,2.0,5.0,588,0.0,116.0,53.30864197530864,52.0,108.0,162,0.0,392.0,154.12345679012347,136.0,360.0,162,1.0,1.0,1.0,1.0,1.0,162,0.9999999999999997,1.0000000000000002,1.0,1.0,1.0000000000000002,162,1.0,1.0,1.0,1.0,1.0,162,0.9999999999999997,1.0000000000000002,1.0,1.0,1.0000000000000002,162,552.0,0.0,0.0,390.0,162.0,162.0,0.0,0.0,0.0,0.0,0.0,0.0,1.0,0.0,0.0,162.0,162.0,1.0,0.0,0.0,0.0,0.0,0.0,0.0,0.0,0.0,0.0,0.0,0.0,0.0,0.0,158.4222111850977
334,20040000000000,2.0,15.0,2.9591836734693877,2.0,6.0,588,5.0,10.0,7.331632653061225,7.5,10.0,588,14.0,19.0,16.668367346938776,16.5,18.0,588,2.0,8.0,2.673469387755102,2.0,5.0,588,0.0,116.0,53.20987654320987,52.0,108.0,162,0.0,392.0,153.7283950617284,136.0,360.0,162,1.0,1.0,1.0,1.0,1.0,162,0.9999999999999997,1.0000000000000002,1.0,1.0,1.0000000000000002,162,1.0,1.5,1.0278069909346863,1.0,1.2474999999999994,162,0.9999999999999997,1.1854445431634322,1.0094052081171303,1.0,1.060211725942798,162,552.0,0.0,0.0,388.0,164.0,162.0,2.0,0.0,2.0,0.0,0.0,0.0,0.9878048780487805,32.0,0.19753086419753085,162.0,162.0,1.0,0.0,0.0,0.0,0.0,0.0,0.0,37.0,0.22839506172839505,0.0,0.0,0.0,0.0,0.0,150.04470013082027
335,20100000000000,2.0,15.0,2.9863945578231292,2.0,6.0,588,5.0,10.0,7.329931972789115,7.0,10.0,588,14.0,19.0,16.670068027210885,17.0,18.0,588,2.0,8.0,2.6802721088435373,2.0,5.0,588,0.0,116.0,51.68292682926829,52.0,108.0,164,0.0,392.0,149.21951219512195,136.0,360.0,164,1.0,1.0,1.0,1.0,1.0,162,0.9999999999999998,1.0000000000000002,1.0,1.0,1.0000000000000002,162,1.0,1.5,1.0425503660976883,1.0,1.2474999999999994,162,0.9999999999999998,1.2447273955484066,1.017705870102439,1.0,1.0796160405388788,162,552.0,0.0,0.0,387.0,165.0,162.0,3.0,0.0,3.0,0.0,0.0,0.0,0.9818181818181818,52.0,0.32098765432098764,164.0,162.0,0.9878048780487805,0.0,0.0,0.0,0.0,2.0,0.012195121951219513,64.0,0.3902439024390244,2.0,0.012195121951219513,0.0,0.0,0.0,89.4929338246584
336,20160000000000,2.0,15.0,2.9591836734693877,2.0,6.0,588,5.0,10.0,7.25,7.0,10.0,588,14.0,19.0,16.75,17.0,19.0,588,2.0,8.0,2.671768707482993,2.0,5.0,588,0.0,116.0,51.41104294478528,52.0,108.0,163,0.0,392.0,146.8957055214724,136.0,360.0,163,1.0,1.0,1.0,1.0,1.0,163,0.9999999999999997,1.0000000000000002,1.0,1.0,1.0000000000000002,163,1.0,1.0,1.0,1.0,1.0,163,0.9999999999999997,1.0000000000000002,1.0,1.0,1.0000000000000002,163,552.0,0.0,0.0,389.0,163.0,163.0,0.0,0.0,0.0,0.0,0.0,0.0,1.0,0.0,0.0,163.0,163.0,1.0,0.0,0.0,0.0,0.0,0.0,0.0,0.0,0.0,0.0,0.0,0.0,0.0,0.0,144.4357316941023
337,20220000000000,2.0,15.0,2.988095238095238,2.0,6.0,588,5.0,10.0,7.25,7.0,10.0,588,14.0,19.0,16.75,17.0,19.0,588,2.0,8.0,2.671768707482993,2.0,5.0,588,0.0,116.0,50.81481481481482,48.0,108.0,162,0.0,392.0,144.59259259259258,120.0,360.0,162,1.0,1.0,1.0,1.0,1.0,162,0.9999999999999997,1.0000000000000002,1.0,1.0,1.0000000000000002,162,1.0,1.5,1.0178813119694763,1.0,1.0896969696969694,162,0.9999999999999998,1.2340671233961436,1.0070481006459715,1.0,1.0417720478911718,162,552.0,0.0,0.0,390.0,162.0,162.0,0.0,0.0,0.0,0.0,0.0,0.0,1.0,20.0,0.12345679012345678,162.0,162.0,1.0,0.0,0.0,0.0,0.0,0.0,0.0,34.0,0.20987654320987653,0.0,0.0,0.0,0.0,0.0,94.70290131866932
338,20280000000000,2.0,15.0,2.9744897959183674,2.0,6.0,588,5.0,10.0,7.25,7.0,10.0,588,14.0,19.0,16.75,17.0,19.0,588,2.0,8.0,2.687074829931973,2.0,5.0,588,0.0,116.0,51.214723926380366,48.0,108.0,163,0.0,392.0,146.11042944785277,120.0,360.0,163,1.0,2.0,1.006606890042473,1.0,1.0,163,0.9999999999999998,1.4804867637327461,1.00337054939406,1.0,1.0000000000000002,163,1.0,2.0,1.053346200541335,1.0,1.25,163,0.9999999999999998,1.4804867637327461,1.0216245960048451,1.0,1.0937698560335432,163,552.0,0.0,0.0,389.0,163.0,163.0,0.0,0.0,0.0,0.0,0.0,0.0,1.0,56.0,0.34355828220858897,163.0,163.0,1.0,0.0,0.0,0.0,0.0,0.0,0.0,64.0,0.39263803680981596,0.0,0.0,0.0,0.0,0.0,155.8508574962616
339,20340000000000,2.0,15.0,2.993197278911565,2.0,6.0,588,5.0,10.0,7.25,7.0,10.0,588,14.0,19.0,16.75,17.0,19.0,588,2.0,8.0,2.675170068027211,2.0,5.0,588,0.0,116.0,50.576687116564415,52.0,108.0,163,0.0,392.0,144.0,136.0,360.0,163,1.0,1.0,1.0,1.0,1.0,163,0.9999999999999998,1.0000000000000002,1.0,1.0,1.0000000000000002,163,1.0,1.0,1.0,1.0,1.0,163,0.9999999999999998,1.0000000000000002,1.0,1.0,1.0000000000000002,163,552.0,0.0,0.0,389.0,163.0,163.0,0.0,0.0,0.0,0.0,0.0,0.0,1.0,0.0,0.0,163.0,163.0,1.0,0.0,0.0,0.0,0.0,0.0,0.0,0.0,0.0,0.0,0.0,0.0,0.0,0.0,163.43568451702595
340,20400000000000,2.0,15.0,2.9659863945578233,2.0,6.0,588,5.0,10.0,7.2482993197278915,7.0,10.0,588,14.0,19.0,16.75170068027211,17.0,19.0,588,2.0,8.0,2.675170068027211,2.0,5.0,588,0.0,116.0,50.84662576687116,52.0,108.0,163,0.0,392.0,145.079754601227,136.0,360.0,163,1.0,1.0,1.0,1.0,1.0,160,0.9999999999999998,1.0000000000000004,1.0,1.0,1.0000000000000002,160,1.0,1.5,1.0249960937932485,1.0,1.1457142857142846,160,0.9999999999999998,1.1607950737534112,1.0089258647914594,1.0,1.0563783394722226,160,552.0,0.0,0.0,392.0,160.0,160.0,0.0,0.0,0.0,0.0,0.0,0.0,1.0,32.0,0.2,163.0,160.0,0.9815950920245399,0.0,0.0,0.0,0.0,3.0,0.018404907975460124,25.0,0.15337423312883436,3.0,0.018404907975460124,0.0,0.0,0.0,91.65113046765327
341,20460000000000,2.0,15.0,3.0,2.0,6.0,588,5.0,10.0,7.2482993197278915,7.0,10.0,588,14.0,19.0,16.75170068027211,17.0,19.0,588,2.0,8.0,2.681972789115646,2.0,5.0,588,0.0,116.0,50.306748466257666,52.0,108.0,163,0.0,392.0,143.36196319018404,136.0,360.0,163,1.0,1.0,1.0,1.0,1.0,160,0.9999999999999997,1.0000000000000002,1.0,1.0,1.0000000000000002,160,1.0,1.5,1.0481370497020106,1.0,1.25,160,0.9999999999999998,1.1980465612979583,1.0185973736047527,1.0,1.078882279032916,160,552.0,0.0,0.0,392.0,160.0,160.0,0.0,0.0,0.0,0.0,0.0,0.0,1.0,56.0,0.35,163.0,160.0,0.9815950920245399,0.0,0.0,0.0,0.0,3.0,0.018404907975460124,60.0,0.36809815950920244,3.0,0.018404907975460124,0.0,0.0,0.0,133.0727469176054
342,20520000000000,2.0,15.0,2.9506802721088436,2.0,6.0,588,5.0,9.0,7.166666666666667,7.0,9.0,588,15.0,19.0,16.833333333333332,17.0,19.0,588,2.0,8.0,2.6649659863945576,2.0,5.0,588,0.0,112.0,50.775,52.0,108.0,160,0.0,376.0,144.15,136.0,360.0,160,1.0,1.0,1.0,1.0,1.0,160,0.9999999999999998,1.0000000000000002,1.0,1.0,1.0000000000000002,160,1.0,1.0,1.0,1.0,1.0,160,0.9999999999999998,1.0000000000000002,1.0,1.0,1.0000000000000002,160,552.0,0.0,0.0,392.0,160.0,160.0,0.0,0.0,0.0,0.0,0.0,0.0,1.0,0.0,0.0,160.0,160.0,1.0,0.0,0.0,0.0,0.0,0.0,0.0,0.0,0.0,0.0,0.0,0.0,0.0,0.0,139.88236151635647
343,20580000000000,2.0,15.0,2.9761904761904763,2.0,6.0,588,5.0,9.0,7.166666666666667,7.0,9.0,588,15.0,19.0,16.833333333333332,17.0,19.0,588,2.0,8.0,2.67687074829932,2.0,5.0,588,0.0,112.0,50.55,52.0,108.0,160,0.0,376.0,144.6,136.0,360.0,160,1.0,1.0,1.0,1.0,1.0,160,0.9999999999999998,1.0000000000000002,1.0,1.0,1.0000000000000002,160,1.0,1.5,1.0226604059159121,1.0,1.1440476190476185,160,0.9999999999999998,1.189724372912685,1.0074928387668092,1.0,1.039133993538195,160,552.0,0.0,0.0,392.0,160.0,160.0,0.0,0.0,0.0,0.0,0.0,0.0,1.0,28.0,0.175,160.0,160.0,1.0,0.0,0.0,0.0,0.0,0.0,0.0,26.0,0.1625,0.0,0.0,0.0,0.0,0.0,90.03387205302715
344,20640000000000,2.0,15.0,2.9523809523809526,2.0,6.0,588,5.0,9.0,7.166666666666667,7.0,9.0,588,15.0,19.0,16.833333333333332,17.0,19.0,588,2.0,8.0,2.6666666666666665,2.0,5.0,588,0.0,112.0,50.05,48.0,108.0,160,0.0,376.0,143.05,120.0,360.0,160,1.0,1.0,1.0,1.0,1.0,160,0.9999999999999997,1.0000000000000002,1.0,1.0,1.0000000000000002,160,1.0,1.5,1.048665431673935,1.0,1.25,160,0.9999999999999998,1.2229827632977548,1.0211919226557493,1.0,1.1082324931869958,160,552.0,0.0,0.0,389.0,163.0,160.0,3.0,0.0,3.0,0.0,0.0,0.0,0.9815950920245399,56.0,0.35,160.0,160.0,1.0,0.0,0.0,0.0,0.0,0.0,0.0,69.0,0.43125,0.0,0.0,0.0,0.0,0.0,93.63261796534061
345,20700000000000,2.0,15.0,2.9744897959183674,2.0,6.0,588,5.0,9.0,7.25,7.5,9.0,588,15.0,19.0,16.75,16.5,19.0,588,2.0,8.0,2.683673469387755,2.0,5.0,588,0.0,112.0,49.938650306748464,48.0,108.0,163,0.0,376.0,142.33128834355827,120.0,360.0,163,1.0,1.0,1.0,1.0,1.0,163,0.9999999999999998,1.0000000000000002,1.0,1.0,1.0000000000000002,163,1.0,1.0,1.0,1.0,1.0,163,0.9999999999999998,1.0000000000000002,1.0,1.0,1.0000000000000002,163,552.0,0.0,0.0,389.0,163.0,163.0,0.0,0.0,0.0,0.0,0.0,0.0,1.0,0.0,0.0,163.0,163.0,1.0,0.0,0.0,0.0,0.0,0.0,0.0,0.0,0.0,0.0,0.0,0.0,0.0,0.0,223.08459877967834
346,20760000000000,2.0,15.0,2.9863945578231292,2.0,6.0,588,5.0,9.0,7.2482993197278915,7.5,9.0,588,15.0,19.0,16.75170068027211,16.5,19.0,588,2.0,8.0,2.681972789115646,2.0,5.0,588,0.0,112.0,49.61963190184049,48.0,108.0,163,0.0,376.0,141.05521472392638,120.0,360.0,163,1.0,1.0,1.0,1.0,1.0,162,0.9999999999999998,1.0000000000000002,1.0,1.0,1.0000000000000002,162,1.0,1.5,1.021188105074981,1.0,1.1,162,0.9999999999999998,1.2150535919057086,1.0092073123290197,1.0,1.0505318082063497,162,552.0,0.0,0.0,384.0,168.0,162.0,6.0,0.0,6.0,0.0,0.0,0.0,0.9642857142857143,25.0,0.15432098765432098,163.0,162.0,0.9938650306748467,0.0,0.0,0.0,0.0,1.0,0.006134969325153374,37.0,0.22699386503067484,1.0,0.006134969325153374,0.0,0.0,0.0,107.35944472253323
347,20820000000000,2.0,15.0,2.9659863945578233,2.0,6.0,588,5.0,9.0,7.2482993197278915,7.5,9.0,588,15.0,19.0,16.75170068027211,16.5,19.0,588,2.0,8.0,2.675170068027211,2.0,5.0,588,0.0,112.0,49.22699386503067,48.0,108.0,163,0.0,376.0,138.60122699386503,120.0,360.0,163,1.0,2.0,1.0170807453416149,1.0,1.0,161,0.9999999999999998,1.4823631110925086,1.0098020338072704,1.0,1.0000000000000002,161,1.0,2.0,1.064453359633968,1.0,1.3333333333333333,161,0.9999999999999998,1.4823631110925086,1.027543286333167,1.0,1.1259766584073172,161,552.0,0.0,0.0,385.0,167.0,161.0,6.0,0.0,6.0,0.0,0.0,0.0,0.9640718562874252,50.0,0.3105590062111801,163.0,161.0,0.9877300613496932,0.0,0.0,0.0,0.0,2.0,0.012269938650306749,75.0,0.4601226993865031,2.0,0.012269938650306749,0.0,0.0,0.0,103.92265394330025
348,20880000000000,2.0,15.0,3.0051020408163267,2.0,6.0,588,5.0,10.0,7.333333333333333,7.5,10.0,588,14.0,19.0,16.666666666666668,16.5,19.0,588,2.0,8.0,2.6785714285714284,2.0,5.0,588,0.0,112.0,49.666666666666664,50.0,106.60000000000002,168,0.0,376.0,140.38095238095238,128.0,354.4000000000001,168,1.0,1.0,1.0,1.0,1.0,168,0.9999999999999998,1.0000000000000002,1.0,1.0,1.0000000000000002,168,1.0,1.0,1.0,1.0,1.0,168,0.9999999999999998,1.0000000000000002,1.0,1.0,1.0000000000000002,168,552.0,0.0,0.0,384.0,168.0,168.0,0.0,0.0,0.0,0.0,0.0,0.0,1.0,0.0,0.0,168.0,168.0,1.0,0.0,0.0,0.0,0.0,0.0,0.0,0.0,0.0,0.0,0.0,0.0,0.0,0.0,240.7334614545107
349,20940000000000,2.0,15.0,2.9727891156462585,2.0,6.0,588,5.0,10.0,7.329931972789115,7.0,10.0,588,14.0,19.0,16.670068027210885,17.0,19.0,588,2.0,8.0,2.675170068027211,2.0,5.0,588,0.0,112.0,49.41317365269461,52.0,108.0,167,0.0,376.0,139.44910179640718,136.0,360.0,167,1.0,1.0952380952380953,1.0005878894767783,1.0,1.0,162,0.9999999999999998,1.0854294407094012,1.0005273422266012,1.0,1.0000000000000002,162,1.0,1.5,1.0244442139115415,1.0,1.1111111111111112,162,0.9999999999999998,1.2517995560498185,1.0092425747867257,1.0,1.0609918663942808,162,552.0,0.0,0.0,390.0,162.0,162.0,0.0,0.0,0.0,0.0,0.0,0.0,1.0,26.0,0.16049382716049382,167.0,162.0,0.9700598802395209,0.0,0.0,0.0,0.0,5.0,0.029940119760479042,35.0,0.20958083832335328,5.0,0.029940119760479042,0.0,0.0,0.0,97.2730815410614
350,21000000000000,2.0,15.0,2.998299319727891,2.0,6.0,588,5.0,10.0,7.329931972789115,7.0,10.0,588,14.0,19.0,16.670068027210885,17.0,19.0,588,2.0,8.0,2.673469387755102,2.0,5.0,588,0.0,112.0,49.868263473053894,48.0,104.0,167,0.0,376.0,141.7005988023952,120.0,344.0,167,1.0,2.0,1.008806008806009,1.0,1.0,162,0.9999999999999998,1.4863876849917461,1.0052483910357235,1.0,1.0000000000000002,162,1.0,2.0,1.0469587475975728,1.0,1.2474999999999994,162,0.9999999999999998,1.4863876849917461,1.019467042965766,1.0,1.0894581903167964,162,552.0,0.0,0.0,389.0,163.0,162.0,1.0,0.0,1.0,0.0,0.0,0.0,0.9938650306748467,50.0,0.30864197530864196,167.0,162.0,0.9700598802395209,0.0,0.0,0.0,0.0,5.0,0.029940119760479042,69.0,0.41317365269461076,5.0,0.029940119760479042,0.0,0.0,0.0,95.30648775398731
351,21060000000000,2.0,15.0,2.9591836734693877,2.0,6.0,588,5.0,10.0,7.166666666666667,7.0,10.0,588,14.0,19.0,16.833333333333332,17.0,19.0,588,2.0,8.0,2.671768707482993,2.0,5.0,588,0.0,112.0,48.80503144654088,48.0,108.0,159,0.0,376.0,138.61635220125785,120.0,360.0,159,1.0,1.0,1.0,1.0,1.0,159,0.9999999999999998,1.0000000000000002,1.0,1.0,1.0000000000000002,159,1.0,1.0,1.0,1.0,1.0,159,0.9999999999999998,1.0000000000000002,1.0,1.0,1.0000000000000002,159,552.0,0.0,0.0,393.0,159.0,159.0,0.0,0.0,0.0,0.0,0.0,0.0,1.0,0.0,0.0,159.0,159.0,1.0,0.0,0.0,0.0,0.0,0.0,0.0,0.0,0.0,0.0,0.0,0.0,0.0,0.0,227.74636559188366
352,21120000000000,2.0,17.0,2.9846938775510203,2.0,6.0,588,5.0,10.0,7.166666666666667,7.0,10.0,588,14.0,19.0,16.833333333333332,17.0,19.0,588,2.0,8.0,2.673469387755102,2.0,5.0,588,0.0,112.0,48.9559748427673,48.0,108.0,159,0.0,376.0,140.57861635220127,120.0,360.0,159,1.0,1.1538461538461537,1.0009675858732463,1.0,1.0,159,0.9999999999999998,1.1297218130800815,1.0008158604596233,1.0,1.0000000000000002,159,1.0,1.3333333333333333,1.0214867935691736,1.0,1.17,159,0.9999999999999998,1.1547437337576594,1.0082184579646516,1.0,1.0543186491588248,159,552.0,0.0,0.0,393.0,159.0,159.0,0.0,0.0,0.0,0.0,0.0,0.0,1.0,25.0,0.15723270440251572,159.0,159.0,1.0,0.0,0.0,0.0,0.0,0.0,0.0,31.0,0.1949685534591195,0.0,0.0,0.0,0.0,0.0,87.30099909007549
353,21180000000000,2.0,17.0,2.9608843537414966,2.0,6.0,588,5.0,10.0,7.166666666666667,7.0,10.0,588,14.0,19.0,16.833333333333332,17.0,19.0,588,2.0,8.0,2.67687074829932,2.0,5.0,588,0.0,112.0,48.66242038216561,48.0,108.0,157,0.0,376.0,138.70063694267515,120.0,360.0,157,1.0,1.1538461538461537,1.0016876258914476,1.0,1.0,157,0.9999999999999996,1.12992086355229,1.0014559757627302,1.0,1.0000000000000002,157,1.0,1.5,1.0490714396879703,1.0,1.25,157,0.9999999999999996,1.2655019817183744,1.0215613620868256,1.0,1.1001455395427995,157,552.0,0.0,0.0,394.0,158.0,157.0,1.0,0.0,1.0,0.0,0.0,0.0,0.9936708860759493,52.0,0.33121019108280253,157.0,157.0,1.0,0.0,0.0,0.0,0.0,0.0,0.0,65.0,0.4140127388535032,0.0,0.0,0.0,0.0,0.0,93.81682984530926
354,21240000000000,2.0,17.0,2.9642857142857144,2.0,6.0,588,5.0,10.0,7.166666666666667,6.5,10.0,588,14.0,19.0,16.833333333333332,17.5,19.0,588,2.0,8.0,2.663265306122449,2.0,5.0,588,0.0,112.0,49.525,48.0,108.0,160,0.0,376.0,141.4,120.0,360.0,160,1.0,1.0,1.0,1.0,1.0,160,0.9999999999999998,1.0000000000000002,1.0,1.0,1.0000000000000002,160,1.0,1.0,1.0,1.0,1.0,160,0.9999999999999998,1.0000000000000002,1.0,1.0,1.0000000000000002,160,552.0,0.0,0.0,392.0,160.0,160.0,0.0,0.0,0.0,0.0,0.0,0.0,1.0,0.0,0.0,160.0,160.0,1.0,0.0,0.0,0.0,0.0,0.0,0.0,0.0,0.0,0.0,0.0,0.0,0.0,0.0,274.6340800076723
355,21300000000000,2.0,17.0,2.9829931972789114,2.0,6.0,588,5.0,10.0,7.163265306122449,6.5,10.0,588,14.0,19.0,16.836734693877553,17.5,19.0,588,2.0,8.0,2.6802721088435373,2.0,5.0,588,0.0,112.0,49.63975155279503,48.0,108.0,161,0.0,376.0,141.7639751552795,120.0,360.0,161,1.0,1.0,1.0,1.0,1.0,155,0.9999999999999998,1.0000000000000002,1.0,1.0,1.0000000000000002,155,1.0,1.3333333333333333,1.0187913305195295,1.0,1.1111111111111112,155,0.9999999999999998,1.0991363825340716,1.006372494781218,1.0,1.045897364555201,155,552.0,0.0,0.0,394.0,158.0,155.0,3.0,0.0,3.0,0.0,0.0,0.0,0.9810126582278481,27.0,0.17419354838709677,161.0,155.0,0.9627329192546584,0.0,0.0,0.0,0.0,6.0,0.037267080745341616,29.0,0.18012422360248448,6.0,0.037267080745341616,0.0,0.0,0.0,239.84555155038834
356,21360000000000,2.0,17.0,2.977891156462585,2.0,6.0,588,5.0,10.0,7.163265306122449,6.5,10.0,588,14.0,19.0,16.836734693877553,17.5,19.0,588,2.0,8.0,2.673469387755102,2.0,5.0,588,0.0,112.0,49.135802469135804,48.0,108.0,162,0.0,376.0,138.76543209876544,120.0,360.0,162,1.0,1.0,1.0,1.0,1.0,157,0.9999999999999997,1.0000000000000002,1.0,1.0,1.0000000000000002,157,1.0,1.5,1.051340498410993,1.0,1.2666666666666657,157,0.9999999999999998,1.262455835234214,1.0182815716475062,1.0,1.100328273398012,157,552.0,0.0,0.0,392.0,160.0,157.0,3.0,0.0,3.0,0.0,0.0,0.0,0.98125,55.0,0.3503184713375796,162.0,157.0,0.9691358024691358,0.0,0.0,0.0,0.0,5.0,0.030864197530864196,68.0,0.41975308641975306,5.0,0.030864197530864196,0.0,0.0,0.0,215.9480545669794
357,21420000000000,2.0,17.0,2.9812925170068025,2.0,6.0,588,5.0,10.0,7.25,7.0,10.0,588,14.0,19.0,16.75,17.0,19.0,588,2.0,8.0,2.685374149659864,2.0,5.0,588,0.0,112.0,49.65,48.0,108.0,160,0.0,376.0,141.9,120.0,360.0,160,1.0,1.0,1.0,1.0,1.0,160,0.9999999999999998,1.0000000000000004,1.0,1.0,1.0000000000000002,160,1.0,1.0,1.0,1.0,1.0,160,0.9999999999999998,1.0000000000000004,1.0,1.0,1.0000000000000002,160,552.0,0.0,0.0,392.0,160.0,160.0,0.0,0.0,0.0,0.0,0.0,0.0,1.0,0.0,0.0,160.0,160.0,1.0,0.0,0.0,0.0,0.0,0.0,0.0,0.0,0.0,0.0,0.0,0.0,0.0,0.0,340.09865671396255
358,21480000000000,2.0,17.0,2.9846938775510203,2.0,6.0,588,5.0,10.0,7.25,7.0,10.0,588,14.0,19.0,16.75,17.0,19.0,588,2.0,8.0,2.681972789115646,2.0,5.0,588,0.0,112.0,49.36645962732919,48.0,108.0,161,0.0,376.0,140.67080745341616,120.0,360.0,161,1.0,1.0,1.0,1.0,1.0,161,0.9999999999999998,1.0000000000000002,1.0,1.0,1.0000000000000002,161,1.0,1.5,1.0246357699412767,1.0,1.2,161,0.9999999999999998,1.1515925559352673,1.0079734013468074,1.0,1.056405182615422,161,552.0,0.0,0.0,391.0,161.0,161.0,0.0,0.0,0.0,0.0,0.0,0.0,1.0,25.0,0.15527950310559005,161.0,161.0,1.0,0.0,0.0,0.0,0.0,0.0,0.0,31.0,0.19254658385093168,0.0,0.0,0.0,0.0,0.0,281.5242949873209
359,21540000000000,2.0,17.0,2.9642857142857144,2.0,6.0,588,5.0,10.0,7.25,7.0,10.0,588,14.0,19.0,16.75,17.0,19.0,588,2.0,8.0,2.6666666666666665,2.0,5.0,588,0.0,112.0,49.01863354037267,48.0,104.0,161,0.0,376.0,138.83229813664596,120.0,344.0,161,1.0,1.1333333333333333,1.0008281573498965,1.0,1.0,161,0.9999999999999998,1.1171585499772765,1.0007276928570017,1.0,1.0000000000000002,161,1.0,1.5,1.0434862420363675,1.0,1.25,161,0.9999999999999998,1.2247618801586737,1.0175665254678075,1.0,1.0908486444284504,161,552.0,0.0,0.0,386.0,166.0,161.0,5.0,0.0,5.0,0.0,0.0,0.0,0.9698795180722891,47.0,0.2919254658385093,161.0,161.0,1.0,0.0,0.0,0.0,0.0,0.0,0.0,69.0,0.42857142857142855,0.0,0.0,0.0,0.0,0.0,215.2558248490095
