constellation,condition,variant,seeds,deliverable_per_snapshot_mean,deliverable_per_snapshot_ci95,delivery_rate_mean,delivery_rate_ci95,delivery_gap_vs_link_state_mean,delivery_gap_vs_link_state_ci95,stretch_dist_shared_mean,stretch_dist_shared_ci95,stretch_dist_egress_mean,stretch_dist_egress_ci95,stretch_dist_forwarding_mean,stretch_dist_forwarding_ci95,non_optimal_egress_rate_mean,non_optimal_egress_rate_ci95,fixed_address_forwarding_mean,fixed_address_forwarding_ci95,switched_egress_rate_mean,switched_egress_rate_ci95,gs_renumberings_per_snapshot_mean,gs_renumberings_per_snapshot_ci95,gs_address_additions_per_snapshot_mean,gs_address_additions_per_snapshot_ci95,gs_address_removals_per_snapshot_mean,gs_address_removals_per_snapshot_ci95,gs_current_address_changes_per_snapshot_mean,gs_current_address_changes_per_snapshot_ci95,flow_updates_per_snapshot_mean,flow_updates_per_snapshot_ci95,flow_update_messages_per_snapshot_mean,flow_update_messages_per_snapshot_ci95,gs_attachments_assigned_per_snapshot_mean,gs_attachments_assigned_per_snapshot_ci95,gs_attachment_shortfall_per_snapshot_mean,gs_attachment_shortfall_per_snapshot_ci95,gs_fully_attached_per_snapshot_mean,gs_fully_attached_per_snapshot_ci95,gs_attachment_conflicts_unconstrained_per_snapshot_mean,gs_attachment_conflicts_unconstrained_per_snapshot_ci95,isls_removed_per_snapshot_mean,isls_removed_per_snapshot_ci95,satellites_down_per_snapshot_mean,satellites_down_per_snapshot_ci95,fstate_updates_per_snapshot_mean,fstate_updates_per_snapshot_ci95,compute_time_ms_mean,compute_time_ms_ci95,loop_pairs_per_snapshot_mean,loop_pairs_per_snapshot_ci95,live_minima_per_snapshot_mean,live_minima_per_snapshot_ci95,detour_entries_per_snapshot_mean,detour_entries_per_snapshot_ci95,failure_events_per_snapshot_mean,failure_events_per_snapshot_ci95,exception_entries_per_snapshot_mean,exception_entries_per_snapshot_ci95,exception_entries_one_pass_per_snapshot_mean,exception_entries_one_pass_per_snapshot_ci95,exception_satellites_per_snapshot_mean,exception_satellites_per_snapshot_ci95,exception_share_of_link_state_mean,exception_share_of_link_state_ci95,exception_hops_to_failure_mean_mean,exception_hops_to_failure_mean_ci95,exception_hops_to_failure_max_mean,exception_hops_to_failure_max_ci95,exception_unresolved_total_mean,exception_unresolved_total_ci95,failure_share_loop_mean,failure_share_loop_ci95,failure_share_dead_end_mean,failure_share_dead_end_ci95,failure_share_link_down_mean,failure_share_link_down_ci95,failure_share_hop_limit_mean,failure_share_hop_limit_ci95,failure_share_egress_lost_mean,failure_share_egress_lost_ci95
oneweb,none,link_state_attach,1,552.0,,1.0,,,,1.2448593947543103,,1.2448593947543103,,1.0,,0.9939915458937199,,1.0,,0.0,,,,,,,,10.983333333333333,,252.61666666666667,,252.61666666666667,,24.0,,0.0,,24.0,,1.5,,0.0,,0.0,,19.963939813213422,,1495.8512308696907,,0.0,,,,,,0.0,,,,,,,,,,,,,,,,,,,,,,,,,
oneweb,none,topological_derived,1,552.0,,0.9946256038647343,,,,1.0320026024761642,,1.0084691643409025,,1.0232795598137503,,0.2828000728553215,,0.0,,0.01578531965272297,,0.0,,0.0,,0.0,,,,,,,,,,,,,,,,0.0,,0.0,,0.0379914677735501,,7369.078025470178,,2.966666666666667,,,,0.0,,0.0,,,,,,,,,,,,,,,,1.0,,0.0,,0.0,,0.0,,0.0,
oneweb,none,topological_derived_progress_exceptions_attach,1,552.0,,1.0,,,,1.2845233074259716,,1.2448593947543103,,1.0337261690783,,0.9939915458937199,,0.0,,0.0,,10.983333333333333,,10.983333333333333,,10.983333333333333,,,,,,,,24.0,,0.0,,24.0,,1.5,,0.0,,0.0,,0.0379914677735501,,1496.1091294884682,,0.0,,6.0,,0.0,,0.0,,8.433333333333334,,239.08333333333334,,6.15,,0.0005976001511715797,,0.0,,0.0,,0.0,,,,,,,,,,,
oneweb,none,topological_derived_progress_repair_exceptions,1,552.0,,1.0,,,,1.0316611986477264,,1.008178830408552,,1.023239638996566,,0.28131038647342993,,0.0,,0.021044685990338163,,0.0,,0.0,,0.0,,,,,,,,,,,,,,,,0.0,,0.0,,0.0379914677735501,,7766.303783655167,,0.0,,2.433333333333333,,0.0,,0.0,,2.55,,32.93333333333333,,2.216666666666667,,0.00018069727891156462,,0.0,,0.0,,0.0,,,,,,,,,,,
oneweb,isl_p0.01,link_state_attach,5,552.0,0.0,1.0,0.0,,,1.2468180642930269,0.0011227735681931703,1.2468180642930269,0.0011227735681931703,1.0,0.0,0.9938949275362319,0.00016846892949413998,1.0,0.0,0.0,0.0,,,,,,,10.983333333333333,0.0,252.6166666666667,0.0,252.6166666666667,0.0,24.0,0.0,0.0,0.0,24.0,0.0,1.5,0.0,8.92,1.793476473890862,0.0,0.0,20.047278911564625,0.005010036763222978,1420.0098124146461,45.634131807738,0.0,0.0,,,,,1.8933333333333333,0.18997523768463434,,,,,,,,,,,,,,,,,,,,,,,,
oneweb,isl_p0.01,topological_derived,5,552.0,0.0,0.9195229468599034,0.032946333679620396,,,1.0312602791402337,0.0010731960639986217,1.008361609275039,0.00024277251273010302,1.0226472595776834,0.0008203641274637269,0.27017699702558245,0.01249477977872153,0.0,0.0,0.02719122447625541,0.004296282872498781,0.0,0.0,0.0,0.0,0.0,0.0,,,,,,,,,,,,,,,8.92,1.793476473890862,0.0,0.0,0.0379914677735501,0.0,7449.873515615861,127.14843954720324,44.42333333333333,18.186376191150462,,,0.0,0.0,1.8933333333333333,0.18997523768463434,,,,,,,,,,,,,,,1.0,0.0,0.0,0.0,0.0,0.0,0.0,0.0,0.0,0.0
oneweb,isl_p0.01,topological_derived_progress_exceptions_attach,5,552.0,0.0,1.0,0.0,,,1.2918756166052128,0.002722409341630177,1.2468180642930269,0.0011227735681931703,1.0377476967748505,0.001332323673964681,0.9938949275362319,0.00016846892949413998,0.0,0.0,0.0,0.0,10.983333333333333,0.0,10.983333333333333,0.0,10.983333333333333,0.0,,,,,,,24.0,0.0,0.0,0.0,24.0,0.0,1.5,0.0,8.92,1.793476473890862,0.0,0.0,0.0379914677735501,0.0,1482.4786421159902,15.305788749316596,0.0,0.0,85.53,23.14937027860969,0.0,0.0,1.8933333333333333,0.18997523768463434,124.99666666666667,33.225659894367446,1890.686666666667,483.7599956096844,32.903333333333336,5.232132028337544,0.008857473544973545,0.002354426012922864,0.7344788468238046,0.11261082982172678,15.6,1.882774803315574,0.0,0.0,,,,,,,,,,
oneweb,isl_p0.01,topological_derived_progress_repair_exceptions,5,552.0,0.0,1.0,0.0,,,1.0331142383297238,0.0006786514106046305,1.0086188487693937,0.00013346310571602375,1.0242225503402715,0.0005939414933025482,0.2773067632850242,0.007951904158521938,0.0,0.0,0.06429951690821256,0.01335776137571603,0.0,0.0,0.0,0.0,0.0,0.0,,,,,,,,,,,,,,,8.92,1.793476473890862,0.0,0.0,0.0379914677735501,0.0,7873.480463176966,120.1437492253516,0.0,0.0,76.8,22.51022874785791,1.3733333333333335,1.196921438728912,1.8933333333333333,0.18997523768463434,109.35,31.70695883092192,1178.2966666666666,383.46752789714503,28.130000000000003,4.992651413623382,0.007748724489795918,0.002246808307179841,0.4541712777395913,0.046976053301611524,14.2,2.388005494131033,0.0,0.0,,,,,,,,,,
oneweb,isl_p0.02,link_state_attach,5,552.0,0.0,1.0,0.0,,,1.2495638537789246,0.0013930221526025556,1.2495638537789246,0.0013930221526025556,1.0,0.0,0.993888888888889,0.00011119505335781977,1.0,0.0,0.0,0.0,,,,,,,10.983333333333333,0.0,252.6166666666667,0.0,252.6166666666667,0.0,24.0,0.0,0.0,0.0,24.0,0.0,1.5,0.0,16.529999999999998,2.956921452712451,0.0,0.0,20.11158192090395,0.016173666337687,1422.9247926175594,32.67978616481507,0.0,0.0,,,,,3.5533333333333332,0.44459353841458377,,,,,,,,,,,,,,,,,,,,,,,,
oneweb,isl_p0.02,topological_derived,5,552.0,0.0,0.857542270531401,0.01786244634803733,,,1.0309051574831523,0.0004991085869382919,1.0084361966152569,0.00010826075217703704,1.0222090208173968,0.00041421897370170574,0.26070682502767034,0.004214430067967623,0.0,0.0,0.039333107477489526,0.005568240154248066,0.0,0.0,0.0,0.0,0.0,0.0,,,,,,,,,,,,,,,16.529999999999998,2.956921452712451,0.0,0.0,0.0379914677735501,0.0,7407.75540754199,79.83727459902474,78.63666666666666,9.860070384116602,,,0.0,0.0,3.5533333333333332,0.44459353841458377,,,,,,,,,,,,,,,1.0,0.0,0.0,0.0,0.0,0.0,0.0,0.0,0.0,0.0
oneweb,isl_p0.02,topological_derived_progress_exceptions_attach,5,552.0,0.0,1.0,0.0,,,1.3001095920378078,0.0032526696542861167,1.2495638537789246,0.0013930221526025556,1.0420326384545053,0.0019299159795138846,0.993888888888889,0.00011119505335781977,0.0,0.0,0.0,0.0,10.983333333333333,0.0,10.983333333333333,0.0,10.983333333333333,0.0,,,,,,,24.0,0.0,0.0,0.0,24.0,0.0,1.5,0.0,16.529999999999998,2.956921452712451,0.0,0.0,0.0379914677735501,0.0,1482.4286615848541,7.911390614802103,0.0,0.0,157.83666666666664,22.332740281025373,0.0,0.0,3.5533333333333332,0.44459353841458377,238.30666666666667,33.08860740312356,3281.1366666666668,394.25532333700374,56.21,7.730986947993406,0.016886810279667423,0.0023447142434186207,0.4695631060137885,0.057830979054506786,11.8,1.6186722460090552,0.0,0.0,,,,,,,,,,
oneweb,isl_p0.02,topological_derived_progress_repair_exceptions,5,552.0,0.0,1.0,0.0,,,1.0350067128400289,0.0015175841330382347,1.0091792673025386,0.00026821709101737393,1.0255204779488327,0.0012736353321233975,0.2768719806763285,0.004362240319401814,0.0,0.0,0.10079106280193237,0.012271577657713497,0.0,0.0,0.0,0.0,0.0,0.0,,,,,,,,,,,,,,,16.529999999999998,2.956921452712451,0.0,0.0,0.0379914677735501,0.0,7813.126481225093,53.948386829507484,0.0,0.0,142.68333333333334,15.363543158934533,6.459999999999999,7.056593456071184,3.5533333333333332,0.44459353841458377,207.27666666666664,21.749056988983323,2049.3900000000003,176.39332503823704,50.00333333333333,6.3102611229083765,0.014687972411186698,0.0015411746732556207,0.3597034680389135,0.028619095009508735,10.8,2.9639569227638916,0.0,0.0,,,,,,,,,,
oneweb,isl_p0.05,link_state_attach,5,551.78,0.6107200000000126,0.9995885520663157,0.0011421794639075709,,,1.259682291053204,0.004144190366458034,1.259682291053204,0.004144190366458034,1.0,0.0,0.9938115679877072,0.0002188704546160434,1.0,0.0,0.0,0.0,,,,,,,10.983333333333333,0.0,252.6166666666667,0.0,252.6166666666667,0.0,24.0,0.0,0.0,0.0,24.0,0.0,1.5,0.0,41.760000000000005,3.7864567637597824,0.0,0.0,20.3467369998847,0.04934542474990825,1388.0129803717136,17.107930661378408,0.0,0.0,,,,,9.116666666666667,0.4094011822161725,,,,,,,,,,,,,,,0.0,,1.0,,0.0,,0.0,,0.0,
oneweb,isl_p0.05,topological_derived,5,551.78,0.6107200000000126,0.7012057903930591,0.02870360623996006,,,1.027954949450848,0.0012608603813669282,1.0082472865564032,0.0003385073483119506,1.0194459225853085,0.0009655295808657015,0.23733573995420443,0.007725113377208703,0.0,0.0,0.07155064642151668,0.007320050497685975,0.0,0.0,0.0,0.0,0.0,0.0,,,,,,,,,,,,,,,41.760000000000005,3.7864567637597824,0.0,0.0,0.0379914677735501,0.0,7427.586068511009,99.68402896475773,164.86333333333332,15.729512679240885,,,0.0,0.0,9.116666666666667,0.4094011822161725,,,,,,,,,,,,,,,1.0,0.0,0.0,0.0,0.0,0.0,0.0,0.0,0.0,0.0
oneweb,isl_p0.05,topological_derived_progress_exceptions_attach,5,551.78,0.6107200000000126,0.9995885520663157,0.0011421794639075709,,,1.3228470692716316,0.006506418359330646,1.259682291053204,0.004144190366458034,1.051391905068463,0.0023846762911052806,0.9938115679877072,0.0002188704546160434,0.0,0.0,0.0,0.0,10.983333333333333,0.0,10.983333333333333,0.0,10.983333333333333,0.0,,,,,,,24.0,0.0,0.0,0.0,24.0,0.0,1.5,0.0,41.760000000000005,3.7864567637597824,0.0,0.0,0.0379914677735501,0.0,1512.2998940447965,17.854827046692762,0.0,0.0,390.82666666666665,45.978321677018386,0.0,0.0,9.116666666666667,0.4094011822161725,620.0666666666666,64.83538686650816,6607.710000000001,552.741137414578,132.36333333333334,10.198777006384411,0.04393896447467876,0.004594344307433967,0.39999229472058034,0.013523627299976823,7.2,1.038684090568446,0.0,0.0,0.0,,1.0,,0.0,,0.0,,0.0,
oneweb,isl_p0.05,topological_derived_progress_repair_exceptions,5,551.78,0.6107200000000126,1.0,0.0,,,1.037794221656183,0.0013222347050865489,1.0101340269603394,0.0005402102498315681,1.0272825561393855,0.0009872264619751327,0.2731847940085744,0.005575732700047917,0.0,0.0,0.19640050470771148,0.02228674156552588,0.0,0.0,0.0,0.0,0.0,0.0,,,,,,,,,,,,,,,41.760000000000005,3.7864567637597824,0.0,0.0,0.0379914677735501,0.0,7884.615618040165,93.62915047677625,0.0,0.0,368.40666666666664,45.15336921851812,5.576666666666666,3.322790700574175,9.116666666666667,0.4094011822161725,562.8266666666666,60.66473371454551,4524.753333333333,460.0927357865277,123.33666666666666,9.891683491508298,0.03988284202569917,0.00429880482671099,0.35266188064063314,0.01458689677038252,6.6,1.4154878169733571,0.0,0.0,,,,,,,,,,
oneweb,isl_p0.10,link_state_attach,5,550.2133333333334,1.197618721445006,0.9965805885939127,0.0022646135939064387,,,1.2821268805472843,0.008482043772935563,1.2821268805472843,0.008482043772935563,1.0,0.0,0.9938791276879156,0.00032239895501047424,1.0,0.0,0.0,0.0,,,,,,,10.983333333333333,0.0,252.6166666666667,0.0,252.6166666666667,0.0,24.0,0.0,0.0,0.0,24.0,0.0,1.5,0.0,85.07666666666667,5.069454522380973,0.0,0.0,20.67398247434567,0.08100554231772517,1354.808413386345,30.958145118575,0.0,0.0,,,,,18.0,1.183920516851627,,,,,,,,,,,,,,,0.0,0.0,1.0,0.0,0.0,0.0,0.0,0.0,0.0,0.0
oneweb,isl_p0.10,topological_derived,5,550.2133333333334,1.197618721445006,0.488185856508772,0.034354249141365194,,,1.0224191440005432,0.0013197976929382813,1.007687053390286,0.00046161425079632327,1.0145093095608702,0.0012939187942770658,0.19805340671481558,0.016736985607621185,0.0,0.0,0.11346941175053096,0.01414286011509859,0.0,0.0,0.0,0.0,0.0,0.0,,,,,,,,,,,,,,,85.07666666666667,5.069454522380973,0.0,0.0,0.0379914677735501,0.0,7422.705902854602,84.83152461038414,281.59333333333336,18.522243880931686,,,0.0,0.0,18.0,1.183920516851627,,,,,,,,,,,,,,,1.0,0.0,0.0,0.0,0.0,0.0,0.0,0.0,0.0,0.0
oneweb,isl_p0.10,topological_derived_progress_exceptions_attach,5,550.2133333333334,1.197618721445006,0.9965805885939127,0.0022646135939064387,,,1.3582546785707101,0.010663758323683064,1.2821268805472843,0.008482043772935563,1.0608223702896424,0.002834773548715625,0.9938791276879156,0.00032239895501047424,0.0,0.0,0.0,0.0,10.983333333333333,0.0,10.983333333333333,0.0,10.983333333333333,0.0,,,,,,,24.0,0.0,0.0,0.0,24.0,0.0,1.5,0.0,85.07666666666667,5.069454522380973,0.0,0.0,0.0379914677735501,0.0,1512.781712214152,4.166729215180895,0.0,0.0,822.2166666666666,61.994391532195124,0.0,0.0,18.0,1.183920516851627,1393.77,132.72308798168785,9903.543333333333,491.33049175913396,255.82,15.098454484297376,0.09876488095238095,0.009404980724325948,0.3921106707765104,0.014236743641769321,4.2,0.5551999999999999,0.0,0.0,0.0,0.0,1.0,0.0,0.0,0.0,0.0,0.0,0.0,0.0
oneweb,isl_p0.10,topological_derived_progress_repair_exceptions,5,550.2133333333334,1.197618721445006,1.0,0.0,,,1.0450806851206862,0.00257084150133174,1.0119125125851922,0.0004400791869198072,1.0326017798822913,0.002342951310364263,0.26073003161481234,0.011083043804021217,0.0,0.0,0.32292458121440804,0.021562259929018727,0.0,0.0,0.0,0.0,0.0,0.0,,,,,,,,,,,,,,,85.07666666666667,5.069454522380973,0.0,0.0,0.0379914677735501,0.0,7943.322184731563,150.2057445766166,0.0,0.0,782.49,54.84251607882983,13.313333333333333,5.51580170711183,18.0,1.183920516851627,1289.1200000000001,111.42009943464403,7770.373333333334,494.27549557092476,241.9733333333333,12.666311013912278,0.09134920634920635,0.007895415209371034,0.36378483408808393,0.013667164939240443,4.0,0.0,0.0,0.0,,,,,,,,,,
oneweb,isl_p0.20,link_state_attach,5,540.6566666666666,6.538833806509816,0.9772463053283014,0.013403386973740137,,,1.3620034468586382,0.030014756448293593,1.3620034468586382,0.030014756448293593,1.0,0.0,0.9934034294370025,0.0005951714928806375,1.0,0.0,0.0,0.0,,,,,,,10.983333333333333,0.0,252.6166666666667,0.0,252.6166666666667,0.0,24.0,0.0,0.0,0.0,24.0,0.0,1.5,0.0,166.57666666666665,9.47097539300643,0.0,0.0,21.05270379338176,0.3057655097129587,1252.9146159191926,20.228401914249165,0.0,0.0,,,,,37.016666666666666,2.0941992230391473,,,,,,,,,,,,,,,0.0,0.0,1.0,0.0,0.0,0.0,0.0,0.0,0.0,0.0
oneweb,isl_p0.20,topological_derived,5,540.6566666666666,6.538833806509816,0.2785087076096386,0.02108639592520618,,,1.0103532635973602,0.0019274569163553541,1.004587243916569,0.00039981284437062457,1.0056745207117241,0.0015965929390248236,0.10721563556394431,0.007570696645002241,0.0,0.0,0.1332777707814929,0.006543198962351525,0.0,0.0,0.0,0.0,0.0,0.0,,,,,,,,,,,,,,,166.57666666666665,9.47097539300643,0.0,0.0,0.0379914677735501,0.0,7375.227773040533,90.86104751496075,390.12333333333333,14.710439919724443,,,0.0,0.0,37.016666666666666,2.0941992230391473,,,,,,,,,,,,,,,1.0,0.0,0.0,0.0,0.0,0.0,0.0,0.0,0.0,0.0
oneweb,isl_p0.20,topological_derived_progress_exceptions_attach,5,540.6566666666666,6.538833806509816,0.9772463053283014,0.013403386973740137,,,1.44837874570824,0.03359235668374932,1.3620034468586382,0.030014756448293593,1.0645347141676094,0.001091390491334432,0.9934034294370025,0.0005951714928806375,0.0,0.0,0.0,0.0,10.983333333333333,0.0,10.983333333333333,0.0,10.983333333333333,0.0,,,,,,,24.0,0.0,0.0,0.0,24.0,0.0,1.5,0.0,166.57666666666665,9.47097539300643,0.0,0.0,0.0379914677735501,0.0,1475.4203801850476,10.49961179246074,0.0,0.0,1593.6100000000001,91.94227270144286,0.0,0.0,37.016666666666666,2.0941992230391473,2996.9,250.96814473767785,11987.74,249.96175559413876,432.3166666666667,17.27415429095026,0.21236536281179136,0.017784023861796897,0.3890986297718448,0.006435151410107064,4.0,0.0,0.0,0.0,0.0,0.0,1.0,0.0,0.0,0.0,0.0,0.0,0.0,0.0
oneweb,isl_p0.20,topological_derived_progress_repair_exceptions,5,540.6566666666666,6.538833806509816,1.0,0.0,,,1.0491237478960416,0.0019729457110273436,1.012359644117934,0.0013507331131557489,1.0360564940978436,0.002974009670217622,0.2146581072200619,0.014822657714282065,0.0,0.0,0.48088079494266056,0.024638095083216287,0.0,0.0,0.0,0.0,0.0,0.0,,,,,,,,,,,,,,,166.57666666666665,9.47097539300643,0.0,0.0,0.0379914677735501,0.0,7869.871291518211,123.56983936572087,0.0,0.0,1524.5133333333333,95.00462765269306,16.226666666666667,2.851941283297707,37.016666666666666,2.0941992230391473,2857.06,231.88335716915134,10648.393333333333,222.4056278152303,421.81000000000006,15.839868865360653,0.20245606575963718,0.016431643790331022,0.37277821356075813,0.005887744884558882,4.0,0.0,0.0,0.0,,,,,,,,,,
oneweb,sat_p0.005,link_state_attach,5,552.0,0.0,1.0,0.0,,,1.2458845696415797,0.0010921378758117324,1.2458845696415797,0.0010921378758117324,1.0,0.0,0.993943236714976,7.772815502264306e-05,1.0,0.0,0.0,0.0,,,,,,,10.943333333333333,0.03137958005525924,251.69666666666666,0.7217303412709709,251.69666666666666,0.7217303412709709,24.0,0.0,0.0,0.0,24.0,0.0,1.5,0.0,9.993333333333334,4.371321089790184,3.3733333333333335,1.4426448201673048,19.789242476651676,0.08193423179151146,1422.3463521401086,13.33792984507757,0.0,0.0,,,,,0.17666666666666667,0.09987600668384329,,,,,,,,,,,,,,,,,,,,,,,,
oneweb,sat_p0.005,topological_derived,5,552.0,0.0,0.9530736714975845,0.02843186571132857,,,1.0317042184963676,0.00033910415819994415,1.0084370107676344,0.0001808787015361637,1.023014781590236,0.00035660655733151436,0.27496168585823233,0.009624607662634354,0.0,0.0,0.02376111002773474,0.0046133219067865374,0.0,0.0,0.0,0.0,0.0,0.0,,,,,,,,,,,,,,,9.993333333333334,4.371321089790184,3.3733333333333335,1.4426448201673048,0.03785310734463277,0.00010854230389228424,7394.771463026603,108.12518152488141,25.903333333333336,15.694389872653362,,,0.0,0.0,0.17666666666666667,0.09987600668384329,,,,,,,,,,,,,,,1.0,0.0,0.0,0.0,0.0,0.0,0.0,0.0,0.0,0.0
oneweb,sat_p0.005,topological_derived_progress_exceptions_attach,5,552.0,0.0,1.0,0.0,,,1.2880219344734916,0.002566104244952489,1.2458845696415797,0.0010921378758117324,1.0356623000613554,0.001484269926756674,0.993943236714976,7.772815502264306e-05,0.0,0.0,0.0,0.0,10.943333333333333,0.03137958005525924,10.943333333333333,0.03137958005525924,10.943333333333333,0.03137958005525924,,,,,,,24.0,0.0,0.0,0.0,24.0,0.0,1.5,0.0,9.993333333333334,4.371321089790184,3.3733333333333335,1.4426448201673048,0.03785310734463277,0.00010854230389228424,1463.3647334575653,15.470855485609487,0.0,0.0,50.94666666666667,22.239619071421963,0.0,0.0,0.17666666666666667,0.09987600668384329,74.27666666666667,31.629385662081877,1202.0766666666666,479.0708240047247,20.833333333333336,6.240016739151336,0.005263369236583522,0.002241311342267707,1.9250880322931347,1.7645863347577742,18.8,8.752107714145204,0.0,0.0,,,,,,,,,,
oneweb,sat_p0.005,topological_derived_progress_repair_exceptions,5,552.0,0.0,1.0,0.0,,,1.0323976563006503,0.000521229670185268,1.0084468139238356,0.00015819638210713038,1.0236995086029541,0.00046790869379202026,0.2797463768115942,0.004495124187332777,0.0,0.0,0.04693840579710145,0.017144067377043777,0.0,0.0,0.0,0.0,0.0,0.0,,,,,,,,,,,,,,,9.993333333333334,4.371321089790184,3.3733333333333335,1.4426448201673048,0.03785310734463277,0.00010854230389228424,7834.995629588763,65.82484452885494,0.0,0.0,45.08333333333333,19.686670543401807,0.0,0.0,0.17666666666666667,0.09987600668384329,62.19,26.2371760208517,646.6666666666667,295.53548692450903,16.473333333333336,5.850265867219673,0.004406887755102041,0.0018592103189379037,0.8498713796912849,0.6633714960126168,18.4,8.21620969547394,0.0,0.0,,,,,,,,,,
oneweb,sat_p0.01,link_state_attach,5,552.0,0.0,1.0,0.0,,,1.247212775185019,0.0018134107327986246,1.247212775185019,0.0018134107327986246,1.0,0.0,0.9938768115942029,0.0002042783569861384,1.0,0.0,0.0,0.0,,,,,,,10.91,0.04763444878563311,250.93,1.0955923220695576,250.93,1.0955923220695576,24.0,0.0,0.0,0.0,24.0,0.0,1.5166666666666668,0.041382164703596194,16.02,6.650684876024255,5.576666666666666,2.1267373055770977,19.64210769053384,0.10141638302956953,1411.1898791790009,32.71652576750823,0.0,0.0,,,,,0.2966666666666667,0.12275933890702119,,,,,,,,,,,,,,,,,,,,,,,,
oneweb,sat_p0.01,topological_derived,5,552.0,0.0,0.9334178743961352,0.03832703797231635,,,1.0315628348734598,0.0005189337714957897,1.008589501069426,0.00011121857338373436,1.022714119056909,0.0005009830031248931,0.27610713787089924,0.0072523581960445395,0.0,0.0,0.027790795981887155,0.00834415731515017,0.0,0.0,0.0,0.0,0.0,0.0,,,,,,,,,,,,,,,16.02,6.650684876024255,5.576666666666666,2.1267373055770977,0.03773780698720166,0.00016476806913051713,7361.4759967724485,71.22415285898298,36.75333333333333,21.156524960718645,,,0.0,0.0,0.2966666666666667,0.12275933890702119,,,,,,,,,,,,,,,1.0,0.0,0.0,0.0,0.0,0.0,0.0,0.0,0.0,0.0
oneweb,sat_p0.01,topological_derived_progress_exceptions_attach,5,552.0,0.0,1.0,0.0,,,1.2912778820714768,0.003273821195424681,1.247212775185019,0.0018134107327986246,1.0369245699340401,0.0011972792262771041,0.9938768115942029,0.0002042783569861384,0.0,0.0,0.0,0.0,10.91,0.04763444878563311,10.91,0.04763444878563311,10.91,0.04763444878563311,,,,,,,24.0,0.0,0.0,0.0,24.0,0.0,1.5166666666666668,0.041382164703596194,16.02,6.650684876024255,5.576666666666666,2.1267373055770977,0.03773780698720166,0.00016476806913051713,1466.6399997472763,15.901012830268888,0.0,0.0,74.85666666666665,33.578482689150796,0.0,0.0,0.2966666666666667,0.12275933890702119,108.43666666666665,49.86734015303848,1697.9166666666667,741.2311114853455,29.226666666666667,10.734052130581647,0.0076840041572184435,0.0035336834008672393,0.9008155439609299,0.385982644507205,15.2,4.336250620063374,0.0,0.0,,,,,,,,,,
oneweb,sat_p0.01,topological_derived_progress_repair_exceptions,5,552.0,0.0,1.0,0.0,,,1.032492379666494,0.0010770429594359231,1.008589363922129,0.0006771307627011289,1.0236418300023846,0.00041689788040502493,0.28055555555555556,0.002607755153419375,0.0,0.0,0.06201690821256038,0.027241305259681683,0.0,0.0,0.0,0.0,0.0,0.0,,,,,,,,,,,,,,,16.02,6.650684876024255,5.576666666666666,2.1267373055770977,0.03773780698720166,0.00016476806913051713,7746.816880752643,62.1265610393928,0.0,0.0,69.13000000000001,29.977520456430906,0.0,0.0,0.2966666666666667,0.12275933890702119,94.82000000000001,42.80906783785364,1002.5033333333333,485.38668121527024,24.759999999999998,10.29656948596851,0.006719104308390023,0.003033522380800286,0.4761843683140559,0.1245058745709072,15.2,4.2464634509200705,0.0,0.0,,,,,,,,,,
oneweb,sat_p0.02,link_state_attach,5,552.0,0.0,1.0,0.0,,,1.251586748156664,0.0011411264472258346,1.251586748156664,0.0011411264472258346,1.0,0.0,0.9935990338164251,0.00019834586325949416,1.0,0.0,0.0,0.0,,,,,,,10.809999999999999,0.042905941572493674,248.63000000000002,0.9868366561673444,248.63000000000002,0.9868366561673444,24.0,0.0,0.0,0.0,24.0,0.0,1.5666666666666667,0.025341296993905593,36.14333333333333,5.712886149656173,12.503333333333334,2.083305338947915,19.23766286175487,0.025637653518400385,1390.494313488404,20.1979898352876,0.0,0.0,,,,,0.6166666666666667,0.1582563490037603,,,,,,,,,,,,,,,,,,,,,,,,
oneweb,sat_p0.02,topological_derived,5,552.0,0.0,0.8391002415458937,0.023487973584775078,,,1.0297094787943841,0.0009068209858120668,1.0082581027617088,0.0003025763991205142,1.0212091437073993,0.0009645628373226905,0.2528258502359816,0.008091843845870783,0.0,0.0,0.045811192547059676,0.007250617310156692,0.0,0.0,0.0,0.0,0.0,0.0,,,,,,,,,,,,,,,36.14333333333333,5.712886149656173,12.503333333333334,2.083305338947915,0.03739190591490833,0.0001484121119767992,7245.489330341418,78.59647447732475,88.81666666666666,12.96536141879585,,,0.0,0.0,0.6166666666666667,0.1582563490037603,,,,,,,,,,,,,,,1.0,0.0,0.0,0.0,0.0,0.0,0.0,0.0,0.0,0.0
oneweb,sat_p0.02,topological_derived_progress_exceptions_attach,5,552.0,0.0,1.0,0.0,,,1.3004499506101508,0.0020500646246698158,1.251586748156664,0.0011411264472258346,1.0405154695997234,0.0010923899000760207,0.9935990338164251,0.00019834586325949416,0.0,0.0,0.0,0.0,10.809999999999999,0.042905941572493674,10.809999999999999,0.042905941572493674,10.809999999999999,0.042905941572493674,,,,,,,24.0,0.0,0.0,0.0,24.0,0.0,1.5666666666666667,0.025341296993905593,36.14333333333333,5.712886149656173,12.503333333333334,2.083305338947915,0.03739190591490833,0.0001484121119767992,1484.6109560132027,19.826397940751267,0.0,0.0,164.89666666666668,20.65444428561885,0.0,0.0,0.6166666666666667,0.1582563490037603,252.36999999999998,33.03008214358137,3574.1133333333332,198.69839944269563,60.31,7.574371943148525,0.017883361678004535,0.0023405670453218097,0.48431319528281824,0.06613321869574365,11.0,2.1502803538143573,0.0,0.0,,,,,,,,,,
oneweb,sat_p0.02,topological_derived_progress_repair_exceptions,5,552.0,0.0,1.0,0.0,,,1.0335348459270417,0.0015978060923367548,1.0087390696529248,0.0006809356800317496,1.0245272527132157,0.0009563740183833475,0.26492753623188403,0.010840046665692554,0.0,0.0,0.11567028985507247,0.014167728129262603,0.0,0.0,0.0,0.0,0.0,0.0,,,,,,,,,,,,,,,36.14333333333333,5.712886149656173,12.503333333333334,2.083305338947915,0.03739190591490833,0.0001484121119767992,7723.889205604792,154.57491735784367,0.0,0.0,154.35333333333332,20.08343965487098,0.0,0.0,0.6166666666666667,0.1582563490037603,224.06666666666666,29.863343178984117,2185.5266666666666,169.52492781847303,54.416666666666664,8.526973025822885,0.01587773998488284,0.0021161666084881037,0.36349532804899953,0.04443065117791833,10.4,2.255233061126942,0.0,0.0,,,,,,,,,,
oneweb,sat_p0.05,link_state_attach,5,551.8533333333332,0.40714666666667504,0.9997097593421213,0.000805708066271591,,,1.2587975032476113,0.005769706822753247,1.2587975032476113,0.005769706822753247,1.0,0.0,0.9937826490654394,0.00027648328296624603,1.0,0.0,0.0,0.0,,,,,,,10.57,0.03068983472675534,243.10999999999999,0.7058661987153685,243.10999999999999,0.7058661987153685,24.0,0.0,0.0,0.0,24.0,0.0,1.5466666666666666,0.044857197613959024,90.41333333333333,18.196200622552436,31.763333333333332,6.457762710839652,18.170955839963103,0.29375789485896814,1356.4011699954667,39.95340777688929,0.0,0.0,,,,,1.5933333333333333,0.34948946994151336,,,,,,,,,,,,,,,0.0,,1.0,,0.0,,0.0,,0.0,
oneweb,sat_p0.05,topological_derived,5,551.8533333333332,0.40714666666667504,0.6946340641053279,0.047677365877216576,,,1.0269965236503504,0.0019556339635145217,1.0077187201819764,0.0008387734696415531,1.0190528027066876,0.0014089104825044253,0.22627524320452075,0.01769596286009747,0.0,0.0,0.06508074448941432,0.017602020303300082,0.0,0.0,0.0,0.0,0.0,0.0,,,,,,,,,,,,,,,90.41333333333333,18.196200622552436,31.763333333333332,6.457762710839652,0.03656174334140436,0.00010615646740489526,7033.612720717986,89.33481381875,168.51999999999998,26.350430100528612,,,0.0,0.0,1.5933333333333333,0.34948946994151336,,,,,,,,,,,,,,,1.0,0.0,0.0,0.0,0.0,0.0,0.0,0.0,0.0,0.0
oneweb,sat_p0.05,topological_derived_progress_exceptions_attach,5,551.8533333333332,0.40714666666667504,0.9997097593421213,0.000805708066271591,,,1.3154097211498104,0.0076895951133237675,1.2587975032476113,0.005769706822753247,1.0464618271022288,0.0033040888418361925,0.9937826490654394,0.00027648328296624603,0.0,0.0,0.0,0.0,10.57,0.03068983472675534,10.57,0.03068983472675534,10.57,0.03068983472675534,,,,,,,24.0,0.0,0.0,0.0,24.0,0.0,1.5466666666666666,0.044857197613959024,90.41333333333333,18.196200622552436,31.763333333333332,6.457762710839652,0.03656174334140436,0.00010615646740489526,1476.5928468604882,12.217357885695844,0.0,0.0,407.61,94.44763785085385,0.0,0.0,1.5933333333333333,0.34948946994151336,646.7333333333333,161.2665918537073,6408.42,718.1115634970002,135.95666666666665,24.950033456380147,0.045828609221466365,0.011427621304826198,0.3720986425067475,0.03764624996683853,5.6,1.4154878169733571,0.0,0.0,0.0,,1.0,,0.0,,0.0,,0.0,
oneweb,sat_p0.05,topological_derived_progress_repair_exceptions,5,551.8533333333332,0.40714666666667504,1.0,0.0,,,1.0365013912618086,0.0014731105389039552,1.0099788721238319,0.0007786507497489931,1.0261673724429643,0.001149027511347485,0.25866330827612355,0.013155188400804844,0.0,0.0,0.1959177874933618,0.030960524451329227,0.0,0.0,0.0,0.0,0.0,0.0,,,,,,,,,,,,,,,90.41333333333333,18.196200622552436,31.763333333333332,6.457762710839652,0.03656174334140436,0.00010615646740489526,7445.8865715066595,94.97178380332204,0.0,0.0,388.6533333333333,90.74688071273216,0.0,0.0,1.5933333333333333,0.34948946994151336,597.0233333333333,151.77105842813756,4578.323333333333,649.7670339478312,129.59333333333333,25.629677140148818,0.04230607520786092,0.010754751872742174,0.3347427919532477,0.034029000067230065,5.2,1.8413900836053179,0.0,0.0,,,,,,,,,,
oneweb,void_b2,link_state_attach,5,552.0,0.0,1.0,0.0,,,1.2457033005190128,0.0015047384314436705,1.2457033005190128,0.0015047384314436705,1.0,0.0,0.993907004830918,0.00012544493847446622,1.0,0.0,0.0,0.0,,,,,,,10.94,0.027759999999999407,251.61999999999998,0.6384800000000032,251.61999999999998,0.6384800000000032,24.0,0.0,0.0,0.0,24.0,0.0,1.5166666666666666,0.03583800589690595,8.8,0.5551999999999999,4.0,0.0,19.74699642568892,0.03505146351419388,1438.2118023435276,40.820863717928546,0.0,0.0,,,,,0.06666666666666667,0.0,,,,,,,,,,,,,,,,,,,,,,,,
oneweb,void_b2,topological_derived,5,552.0,0.0,0.9611594202898551,0.023500690756781666,,,1.0316519208835988,0.0005786963115881045,1.0083353291273809,0.0001330362773087168,1.023068728575318,0.0004994829460779062,0.27393272838405425,0.008884681387955777,0.0,0.0,0.02080246837693401,0.006072153372222509,0.0,0.0,0.0,0.0,0.0,0.0,,,,,,,,,,,,,,,8.8,0.5551999999999999,4.0,0.0,0.03784157730888966,9.602213766862556e-05,7349.204846918583,105.83689626623791,21.44,12.972381297743462,,,0.0,0.0,0.06666666666666667,0.0,,,,,,,,,,,,,,,1.0,0.0,0.0,0.0,0.0,0.0,0.0,0.0,0.0,0.0
oneweb,void_b2,topological_derived_progress_exceptions_attach,5,552.0,0.0,1.0,0.0,,,1.2872992408901431,0.001981124936053595,1.2457033005190128,0.0015047384314436705,1.035149412386026,0.0004905050837706808,0.993907004830918,0.00012544493847446622,0.0,0.0,0.0,0.0,10.94,0.027759999999999407,10.94,0.027759999999999407,10.94,0.027759999999999407,,,,,,,24.0,0.0,0.0,0.0,24.0,0.0,1.5166666666666666,0.03583800589690595,8.8,0.5551999999999999,4.0,0.0,0.03784157730888966,9.602213766862556e-05,1466.400507092476,22.114459810184243,0.0,0.0,31.90333333333333,3.6220447378303384,0.0,0.0,0.06666666666666667,0.0,48.57666666666667,4.512662920843474,805.8433333333334,295.2488697193137,16.12333333333333,1.6783771401896261,0.003442224111866969,0.0003197748668398154,2.76946100711847,1.1041619310141422,18.6,5.453974638738248,0.0,0.0,,,,,,,,,,
oneweb,void_b2,topological_derived_progress_repair_exceptions,5,552.0,0.0,1.0,0.0,,,1.032164486736932,0.0003650184437670677,1.0080992582350006,0.00013074319190759488,1.0238193177194324,0.0002687995709301066,0.2742149758454106,0.007510344570037364,0.0,0.0,0.043417874396135266,0.016767119187121617,0.0,0.0,0.0,0.0,0.0,0.0,,,,,,,,,,,,,,,8.8,0.5551999999999999,4.0,0.0,0.03784157730888966,9.602213766862556e-05,7768.309954156478,114.56277610614443,0.0,0.0,27.356666666666666,1.959031414823831,0.0,0.0,0.06666666666666667,0.0,40.989999999999995,4.139680105601291,468.21000000000004,201.31273740952477,11.27,0.9142087285127446,0.0029046201814058956,0.00029334467868489866,1.2143940763551286,0.40521556792089786,18.4,5.72959944149676,0.0,0.0,,,,,,,,,,
oneweb,void_b4,link_state_attach,5,552.0,0.0,1.0,0.0,,,1.2459466274000621,0.001996739251263951,1.2459466274000621,0.001996739251263951,1.0,0.0,0.9918599033816425,0.001745435546913852,1.0,0.0,0.0,0.0,,,,,,,10.783333333333333,0.12500564965010325,248.01666666666665,2.875129941952378,248.01666666666665,2.875129941952378,24.0,0.0,0.0,0.0,24.0,0.0,1.5966666666666667,0.11464428153592697,29.4,1.1103999999999998,16.0,0.0,18.95211576155886,0.2900645601749334,1394.9882240096726,45.55819978923292,0.0,0.0,,,,,0.26666666666666666,0.0,,,,,,,,,,,,,,,,,,,,,,,,
oneweb,void_b4,topological_derived,5,552.0,0.0,0.9220108695652174,0.05460657142909985,,,1.03044939065061,0.0010625307362210974,1.008183836293996,0.0003747226023374423,1.0220184521122515,0.0010092112385138871,0.2636237313595905,0.01960455243341243,0.0,0.0,0.021153367746999354,0.008774326260540878,0.0,0.0,0.0,0.0,0.0,0.0,,,,,,,,,,,,,,,29.4,1.1103999999999998,16.0,0.0,0.03729966562896345,0.0004323958825669433,6910.83713983496,181.30996603109207,43.05,30.142827428863107,,,0.0,0.0,0.26666666666666666,0.0,,,,,,,,,,,,,,,1.0,0.0,0.0,0.0,0.0,0.0,0.0,0.0,0.0,0.0
oneweb,void_b4,topological_derived_progress_exceptions_attach,5,552.0,0.0,1.0,0.0,,,1.2880818694154335,0.0026195831388609427,1.2459466274000621,0.001996739251263951,1.0356924616551613,0.0012320506277824453,0.9918599033816425,0.001745435546913852,0.0,0.0,0.0,0.0,10.783333333333333,0.12500564965010325,10.783333333333333,0.12500564965010325,10.783333333333333,0.12500564965010325,,,,,,,24.0,0.0,0.0,0.0,24.0,0.0,1.5966666666666667,0.11464428153592697,29.4,1.1103999999999998,16.0,0.0,0.03729966562896345,0.0004323958825669433,1460.5209035674732,16.889258639217548,0.0,0.0,58.486666666666665,9.66565259348563,0.0,0.0,0.26666666666666666,0.0,93.91333333333333,18.695737719579,1381.9133333333334,488.11978461822036,23.71,3.7576281631192128,0.006654856386999244,0.0013248113463420487,1.2762335272798182,1.268982116075701,15.0,9.535873153518768,0.0,0.0,,,,,,,,,,
oneweb,void_b4,topological_derived_progress_repair_exceptions,5,552.0,0.0,1.0,0.0,,,1.0328114579641692,0.0015895054442082892,1.008679326168624,0.0008033250855555391,1.0238398865891178,0.0007383299036022233,0.27012681159420293,0.012409009708735994,0.0,0.0,0.06566425120772948,0.03643953567673848,0.0,0.0,0.0,0.0,0.0,0.0,,,,,,,,,,,,,,,29.4,1.1103999999999998,16.0,0.0,0.03729966562896345,0.0004323958825669433,7200.360673169295,178.4456723652795,0.0,0.0,52.79333333333334,6.464872309045762,0.0,0.0,0.26666666666666666,0.0,82.68666666666667,11.028506054531793,982.6766666666666,394.1714391978967,19.923333333333332,2.876417680812175,0.005859315948601663,0.0007814984449072983,0.6539630669959318,0.4051896578236034,14.6,8.891870768291675,0.0,0.0,,,,,,,,,,
oneweb,void_b8,link_state_attach,5,526.8,16.24657145708667,1.0,0.0,,,1.2384154649525434,0.01293400385042864,1.2384154649525434,0.01293400385042864,1.0,0.0,0.9765065208507263,0.010222622248136073,1.0,0.0,0.0,0.0,,,,,,,10.233333333333334,0.34715418796584024,235.36666666666665,7.984546323214331,235.36666666666665,7.984546323214331,23.44,0.366238002518701,0.5599999999999999,0.3662380025187021,23.44,0.366238002518701,1.6800000000000002,0.11180845207566179,105.6,2.7199134103864404,64.0,0.0,16.388147123256083,0.45021059372514216,1292.4223373830318,91.9809291559574,0.0,0.0,,,,,1.0666666666666667,0.0,,,,,,,,,,,,,,,,,,,,,,,,
oneweb,void_b8,topological_derived,5,526.8,16.24657145708667,0.8923918419411633,0.05985409041581974,,,1.0306341216854917,0.001511763158857,1.007880825772886,0.0006602676359204357,1.0225046783133775,0.0011710100806702167,0.25937462205282164,0.020437153452640366,0.0,0.0,0.029480903756535132,0.009259444198988286,0.0,0.0,0.0,0.0,0.0,0.0,,,,,,,,,,,,,,,105.6,2.7199134103864404,64.0,0.0,0.03542603482070794,0.0012122200669704745,6069.155378490686,318.74502285848087,56.220000000000006,29.687018113455284,,,0.0,0.0,1.0666666666666667,0.0,,,,,,,,,,,,,,,1.0,0.0,0.0,0.0,0.0,0.0,0.0,0.0,0.0,0.0
oneweb,void_b8,topological_derived_progress_exceptions_attach,5,526.8,16.24657145708667,1.0,0.0,,,1.2863876787516122,0.01318226946578791,1.2384154649525434,0.01293400385042864,1.0406838475985791,0.0020193227967304217,0.9765065208507263,0.010222622248136073,0.0,0.0,0.0,0.0,10.326666666666666,0.292835472653919,10.233333333333334,0.34715418796584024,10.25,0.35417427976131255,,,,,,,23.44,0.366238002518701,0.5599999999999999,0.3662380025187021,23.44,0.366238002518701,1.6800000000000002,0.11180845207566179,105.6,2.7199134103864404,64.0,0.0,0.03542603482070794,0.0012122200669704745,1378.0033553640046,30.93574095479503,0.0,0.0,102.57333333333334,24.549969646377253,0.0,0.0,1.0666666666666667,0.0,201.25333333333333,42.06806786295224,1897.1833333333332,587.7112900218889,56.56666666666668,9.06465431452175,0.014261148904006047,0.0029810138791774546,1.289407228978722,0.5039177457175033,16.6,4.934725540493615,0.0,0.0,,,,,,,,,,
oneweb,void_b8,topological_derived_progress_repair_exceptions,5,526.8,16.24657145708667,1.0,0.0,,,1.0363192193584,0.0018782251635944757,1.008843662003165,0.0011453376768212867,1.0270563830569175,0.001597835934037614,0.26606291581387925,0.012414612233471496,0.0,0.0,0.09229549545999778,0.04916019127533031,0.0,0.0,0.0,0.0,0.0,0.0,,,,,,,,,,,,,,,105.6,2.7199134103864404,64.0,0.0,0.03542603482070794,0.0012122200669704745,6246.644225219885,276.6378180237291,0.0,0.0,94.54666666666667,16.165254204062354,0.0,0.0,1.0666666666666667,0.0,188.96333333333334,26.60976724286194,1489.0966666666668,476.9316049240018,51.84333333333334,5.626920729398392,0.013390258881330308,0.0018856127581393103,0.9014746742393903,0.2658383767498253,15.0,5.756436119683775,0.0,0.0,,,,,,,,,,
oneweb,cut,link_state_attach,1,348.28333333333336,,0.5746279370244533,,,,1.1752192740402505,,1.1752192740402505,,1.0,,0.9846768820786143,,1.0,,0.0,,,,,,,,10.983333333333333,,252.61666666666667,,252.61666666666667,,24.0,,0.0,,24.0,,1.5,,50.0,,0.0,,7.4248241669549175,,782.8148417174816,,0.0,,,,,,0.8333333333333334,,,,,,,,,,,,,,,,0.0,,1.0,,0.0,,0.0,,0.0,
oneweb,cut,topological_derived,1,348.28333333333336,,0.9330047375221323,,,,1.0237702732053546,,1.0047142309381427,,1.0189231849085563,,0.17802738882905061,,0.0,,0.024208852643996512,,0.0,,0.0,,0.0,,,,,,,,,,,,,,,,50.0,,0.0,,0.0379914677735501,,8723.250564436117,,23.333333333333332,,,,0.0,,0.8333333333333334,,,,,,,,,,,,,,,,1.0,,0.0,,0.0,,0.0,,0.0,
oneweb,cut,topological_derived_progress_exceptions_attach,1,348.28333333333336,,0.5746279370244533,,,,1.2059209189628532,,1.1752192740402505,,1.0273101771024353,,0.9846768820786143,,0.0,,0.0,,10.983333333333333,,10.983333333333333,,10.983333333333333,,,,,,,,24.0,,0.0,,24.0,,1.5,,50.0,,0.0,,0.0379914677735501,,1385.6474719941616,,0.0,,222.48333333333332,,0.0,,0.8333333333333334,,3.566666666666667,,37.38333333333333,,3.066666666666667,,0.00025273998488284204,,1.5093457943925233,,5.0,,0.0,,0.0,,1.0,,0.0,,0.0,,0.0,
oneweb,cut,topological_derived_progress_repair_exceptions,1,348.28333333333336,,1.0,,,,1.0260167257415256,,1.0047026427480203,,1.021139576559168,,0.18193999138632339,,0.0,,0.08977365172034263,,0.0,,0.0,,0.0,,,,,,,,,,,,,,,,50.0,,0.0,,0.0379914677735501,,7684.7781248390675,,0.0,,179.01666666666668,,0.0,,0.8333333333333334,,51.6,,240.43333333333334,,41.983333333333334,,0.0036564625850340135,,0.43992248062015504,,4.0,,0.0,,,,,,,,,,,
oneweb,polar_lat75,link_state_attach,1,552.0,,1.0,,,,1.269579539089354,,1.269579539089354,,1.0,,0.9939915458937199,,1.0,,0.0,,,,,,,,10.983333333333333,,252.61666666666667,,252.61666666666667,,24.0,,0.0,,24.0,,1.5,,50.1,,0.0,,20.54162342903263,,1493.9536047478516,,0.0,,,,,,10.566666666666666,,,,,,,,,,,,,,,,,,,,,,,,,
oneweb,polar_lat75,topological_derived,1,552.0,,0.9734903381642512,,,,1.0179403488112677,,1.0054033956259507,,1.012417814987764,,0.20101110352955773,,0.0,,0.018981452763476212,,0.0,,0.0,,0.0,,,,,,,,,,,,,,,,50.1,,0.0,,0.0379914677735501,,7488.0833859244985,,14.633333333333333,,,,0.0,,10.566666666666666,,,,,,,,,,,,,,,,1.0,,0.0,,0.0,,0.0,,0.0,
oneweb,polar_lat75,topological_derived_progress_exceptions_attach,1,552.0,,1.0,,,,1.299266757561767,,1.269579539089354,,1.0223587914164718,,0.9939915458937199,,0.0,,0.0,,10.983333333333333,,10.983333333333333,,10.983333333333333,,,,,,,,24.0,,0.0,,24.0,,1.5,,50.1,,0.0,,0.0379914677735501,,1492.8693391382694,,0.0,,109.0,,0.0,,10.566666666666666,,197.8,,1169.7,,77.38333333333334,,0.014016439909297053,,0.5303336703741153,,10.0,,0.0,,,,,,,,,,,
oneweb,polar_lat75,topological_derived_progress_repair_exceptions,1,552.0,,1.0,,,,1.0180251483567122,,1.005434689388706,,1.0124780501164714,,0.21047705314009663,,0.0,,0.044172705314009665,,0.0,,0.0,,0.0,,,,,,,,,,,,,,,,50.1,,0.0,,0.0379914677735501,,7738.9257575074835,,0.0,,56.65,,1.4,,10.566666666666666,,83.96666666666667,,417.96666666666664,,41.0,,0.005950018896447468,,0.4315204446208813,,10.0,,0.0,,,,,,,,,,,
oneweb,polar_lat60,link_state_attach,1,552.0,,1.0,,,,1.29633857628504,,1.29633857628504,,1.0,,0.9939915458937199,,1.0,,0.0,,,,,,,,10.983333333333333,,252.61666666666667,,252.61666666666667,,24.0,,0.0,,24.0,,1.5,,95.33333333333333,,0.0,,20.46131673008186,,1411.7026276886463,,0.0,,,,,,11.3,,,,,,,,,,,,,,,,,,,,,,,,,
oneweb,polar_lat60,topological_derived,1,552.0,,0.8217391304347826,,,,1.0165395021542456,,1.0041528845208516,,1.012306739347148,,0.14436360964138742,,0.0,,0.02123750734861846,,0.0,,0.0,,0.0,,,,,,,,,,,,,,,,95.33333333333333,,0.0,,0.0379914677735501,,7449.400758991639,,98.4,,,,0.0,,11.3,,,,,,,,,,,,,,,,1.0,,0.0,,0.0,,0.0,,0.0,
oneweb,polar_lat60,topological_derived_progress_exceptions_attach,1,552.0,,1.0,,,,1.3446972507995618,,1.29633857628504,,1.033137075005626,,0.9939915458937199,,0.0,,0.0,,10.983333333333333,,10.983333333333333,,10.983333333333333,,,,,,,,24.0,,0.0,,24.0,,1.5,,95.33333333333333,,0.0,,0.0379914677735501,,1451.4167775710423,,0.0,,246.71666666666667,,0.0,,11.3,,470.2,,3201.4333333333334,,160.0,,0.033319160997732425,,0.3236566000283567,,8.0,,0.0,,,,,,,,,,,
oneweb,polar_lat60,topological_derived_progress_repair_exceptions,1,552.0,,1.0,,,,1.0237760130562628,,1.0073074029759312,,1.0162779374368311,,0.22702294685990337,,0.0,,0.17246376811594202,,0.0,,0.0,,0.0,,,,,,,,,,,,,,,,95.33333333333333,,0.0,,0.0379914677735501,,7888.8037241995335,,0.0,,162.41666666666666,,1.8166666666666667,,11.3,,263.68333333333334,,1914.0,,116.0,,0.018685043461829177,,0.2803236205043929,,8.0,,0.0,,,,,,,,,,,
kuiper,none,link_state_attach,1,552.0,,1.0,,,,1.8440506453997767,,1.8440506453997767,,1.0,,0.9652475845410629,,1.0,,0.0,,,,,,,,16.8,,386.4,,386.4,,24.0,,0.0,,24.0,,0.4166666666666667,,0.0,,0.0,,32.60980294410885,,6857.369740307331,,0.0,,,,,,0.0,,,,,,,,,,,,,,,,,,,,,,,,,
kuiper,none,topological_derived,1,552.0,,1.0,,,,1.0213716477380552,,1.0041055070118248,,1.0172357415743738,,0.18671497584541064,,0.0,,0.0,,0.0,,0.0,,0.0,,,,,,,,,,,,,,,,0.0,,0.0,,0.029558383672511877,,16536.674085259438,,0.0,,,,0.0,,0.0,,,,,,,,,,,,,,,,,,,,,,,,,
kuiper,none,topological_derived_progress_exceptions_attach,1,552.0,,1.0,,,,1.8916472736424155,,1.8440506453997767,,1.0288008769127754,,0.9652475845410629,,0.0,,0.0,,16.8,,16.8,,16.8,,,,,,,,24.0,,0.0,,24.0,,0.4166666666666667,,0.0,,0.0,,0.029558383672511877,,2775.448281814655,,0.0,,0.0,,0.0,,0.0,,0.0,,0.0,,0.0,,0.0,,,,0.0,,0.0,,,,,,,,,,,
kuiper,none,topological_derived_progress_repair_exceptions,1,552.0,,1.0,,,,1.0213716477380552,,1.0041055070118248,,1.0172357415743738,,0.18671497584541064,,0.0,,0.0,,0.0,,0.0,,0.0,,,,,,,,,,,,,,,,0.0,,0.0,,0.029558383672511877,,17528.79698773225,,0.0,,0.0,,0.0,,0.0,,0.0,,0.0,,0.0,,0.0,,,,0.0,,0.0,,,,,,,,,,,
kuiper,isl_p0.01,link_state_attach,5,552.0,0.0,1.0,0.0,,,1.8470325772326106,0.0010963172054475224,1.8470325772326106,0.0010963172054475224,1.0,0.0,0.965012077294686,0.00047220718930321453,1.0,0.0,0.0,0.0,,,,,,,16.8,0.0,386.4,0.0,386.4,0.0,24.0,0.0,0.0,0.0,24.0,0.0,0.4166666666666667,0.0,16.793333333333333,3.117721138524099,0.0,0.0,32.64917893378687,0.006369800341449679,8304.014209657907,1053.5247382884804,0.0,0.0,,,,,3.706666666666667,0.5422484914583798,,,,,,,,,,,,,,,,,,,,,,,,
kuiper,isl_p0.01,topological_derived,5,552.0,0.0,0.9398792270531402,0.012373058916857341,,,1.0223226044689906,0.0005457898313122565,1.0044250198186582,0.00012398631525274142,1.0178524536336453,0.0005336797072282583,0.18849133959387993,0.003611810945450193,0.0,0.0,0.014431538254290855,0.0035400719475040484,0.0,0.0,0.0,0.0,0.0,0.0,,,,,,,,,,,,,,,16.793333333333333,3.117721138524099,0.0,0.0,0.02955838367251188,0.0,16531.2628091375,97.80569733790833,33.18666666666667,6.829928522105241,,,0.0,0.0,3.706666666666667,0.5422484914583798,,,,,,,,,,,,,,,1.0,0.0,0.0,0.0,0.0,0.0,0.0,0.0,0.0,0.0
kuiper,isl_p0.01,topological_derived_progress_exceptions_attach,5,552.0,0.0,1.0,0.0,,,1.9107081053528265,0.004688407965702755,1.8470325772326106,0.0010963172054475224,1.0369480009410397,0.0021030265187114757,0.965012077294686,0.00047220718930321453,0.0,0.0,0.0,0.0,16.8,0.0,16.8,0.0,16.8,0.0,,,,,,,24.0,0.0,0.0,0.0,24.0,0.0,0.4166666666666667,0.0,16.793333333333333,3.117721138524099,0.0,0.0,0.02955838367251188,0.0,2832.477902273337,27.438756647017467,0.0,0.0,141.25333333333333,32.80364222156096,0.0,0.0,3.706666666666667,0.5422484914583798,212.55666666666667,46.48551461031275,3926.023333333333,762.3646553226539,57.00333333333333,10.661113060555898,0.007661356209150326,0.001675515953370557,0.3350876506552073,0.018320315956591313,2.0,0.0,0.0,0.0,,,,,,,,,,
kuiper,isl_p0.01,topological_derived_progress_repair_exceptions,5,552.0,0.0,1.0,0.0,,,1.026173373574769,0.0011376517144936838,1.0051335022235968,0.0002491466946037115,1.0209459194298836,0.0009451750878927261,0.1983937198067633,0.003825868642974985,0.0,0.0,0.03798913043478261,0.007815961413769652,0.0,0.0,0.0,0.0,0.0,0.0,,,,,,,,,,,,,,,16.793333333333333,3.117721138524099,0.0,0.0,0.02955838367251188,0.0,17398.121586441994,91.44655537890458,0.0,0.0,136.87666666666667,31.01990959887679,0.0,0.0,3.706666666666667,0.5422484914583798,196.70666666666665,42.36358414887117,2153.1,422.0855992152827,55.89666666666667,11.362055300035584,0.007090061514801999,0.0015269457954466253,0.3030648158853259,0.021261665065173248,2.0,0.0,0.0,0.0,,,,,,,,,,
kuiper,isl_p0.02,link_state_attach,5,552.0,0.0,1.0,0.0,,,1.8503200036806486,0.0014621979010138934,1.8503200036806486,0.0014621979010138934,1.0,0.0,0.9660446859903381,0.001181662974175155,1.0,0.0,0.0,0.0,,,,,,,16.8,0.0,386.4,0.0,386.4,0.0,24.0,0.0,0.0,0.0,24.0,0.0,0.4166666666666667,0.0,36.61333333333333,3.8416771033495247,0.0,0.0,32.69081578793033,0.008558016416169307,6898.1508301695185,441.5629351482726,0.0,0.0,,,,,7.613333333333334,0.8630190672285291,,,,,,,,,,,,,,,,,,,,,,,,
kuiper,isl_p0.02,topological_derived,5,552.0,0.0,0.8772342995169083,0.01479050011335376,,,1.0230484767005303,0.0006282523385877799,1.0047714538661046,0.00016535326789202275,1.018213210334976,0.0005014906963338393,0.1874015234734768,0.005570620237325251,0.0,0.0,0.028050886572941393,0.004685527220552009,0.0,0.0,0.0,0.0,0.0,0.0,,,,,,,,,,,,,,,36.61333333333333,3.8416771033495247,0.0,0.0,0.02955838367251188,0.0,16568.004352649055,195.15363464469868,67.76666666666667,8.164356062571278,,,0.0,0.0,7.613333333333334,0.8630190672285291,,,,,,,,,,,,,,,1.0,0.0,0.0,0.0,0.0,0.0,0.0,0.0,0.0,0.0
kuiper,isl_p0.02,topological_derived_progress_exceptions_attach,5,552.0,0.0,1.0,0.0,,,1.9299061704101028,0.003369164383292479,1.8503200036806486,0.0014621979010138934,1.0445487872120562,0.001204487658036725,0.9660446859903381,0.001181662974175155,0.0,0.0,0.0,0.0,16.8,0.0,16.8,0.0,16.8,0.0,,,,,,,24.0,0.0,0.0,0.0,24.0,0.0,0.4166666666666667,0.0,36.61333333333333,3.8416771033495247,0.0,0.0,0.02955838367251188,0.0,2875.941671381394,18.694002025625466,0.0,0.0,309.24,27.668528922751847,0.0,0.0,7.613333333333334,0.8630190672285291,473.4166666666667,45.61510186073613,7471.860000000001,532.3618931465061,124.05333333333333,12.448832298196576,0.01706374951941561,0.0016441429448073868,0.3502578394346167,0.021253804727347843,2.0,0.0,0.0,0.0,,,,,,,,,,
kuiper,isl_p0.02,topological_derived_progress_repair_exceptions,5,552.0,0.0,1.0,0.0,,,1.030537067455794,0.0014391592602076865,1.0062019757502174,0.0002406103752605724,1.024179080889125,0.0012458644127307187,0.20655797101449275,0.0023515549137745825,0.0,0.0,0.07489734299516908,0.01020371947420697,0.0,0.0,0.0,0.0,0.0,0.0,,,,,,,,,,,,,,,36.61333333333333,3.8416771033495247,0.0,0.0,0.02955838367251188,0.0,17411.03237822652,190.8722245932258,0.0,0.0,304.7966666666667,31.104840854849442,0.0,0.0,7.613333333333334,0.8630190672285291,447.4833333333333,49.82109300810919,4382.126666666666,463.4508371469498,122.34666666666666,12.829492222503935,0.016129012879661668,0.0017957429717455741,0.319714497199955,0.02201677422194862,2.2,0.5551999999999999,0.0,0.0,,,,,,,,,,
kuiper,isl_p0.05,link_state_attach,5,552.0,0.0,1.0,0.0,,,1.8618876915761295,0.003036182773690305,1.8618876915761295,0.003036182773690305,1.0,0.0,0.9655495169082127,0.001226701416934704,1.0,0.0,0.0,0.0,,,,,,,16.8,0.0,386.4,0.0,386.4,0.0,24.0,0.0,0.0,0.0,24.0,0.0,0.4166666666666667,0.0,90.62,7.2586104039700485,0.0,0.0,32.82518913846695,0.01806184796655123,7100.546842316787,313.0285819139322,0.0,0.0,,,,,18.46,1.150971097156176,,,,,,,,,,,,,,,,,,,,,,,,
kuiper,isl_p0.05,topological_derived,5,552.0,0.0,0.7157729468599034,0.025962705583655935,,,1.024394078788479,0.0008654744346010016,1.0055148587414977,0.00026841946797028746,1.0187717284043984,0.0008814252957976542,0.186437533913336,0.004156708157402497,0.0,0.0,0.06879123273254412,0.008531404769162948,0.0,0.0,0.0,0.0,0.0,0.0,,,,,,,,,,,,,,,90.62,7.2586104039700485,0.0,0.0,0.02955838367251188,0.0,16613.48164344827,416.2449297528074,156.89333333333335,14.331413482178082,,,0.0,0.0,18.46,1.150971097156176,,,,,,,,,,,,,,,1.0,0.0,0.0,0.0,0.0,0.0,0.0,0.0,0.0,0.0
kuiper,isl_p0.05,topological_derived_progress_exceptions_attach,5,552.0,0.0,1.0,0.0,,,1.9775707633706847,0.0058369731076431414,1.8618876915761295,0.003036182773690305,1.062952204832225,0.002244936200723864,0.9655495169082127,0.001226701416934704,0.0,0.0,0.0,0.0,16.8,0.0,16.8,0.0,16.8,0.0,,,,,,,24.0,0.0,0.0,0.0,24.0,0.0,0.4166666666666667,0.0,90.62,7.2586104039700485,0.0,0.0,0.02955838367251188,0.0,2932.1729759375253,42.80796747338073,0.0,0.0,798.4799999999999,68.82834724908818,0.0,0.0,18.46,1.150971097156176,1272.47,113.26115852829972,15329.179999999998,791.2444104373146,305.0566666666667,22.69739870481099,0.04586469146482122,0.004082365863909298,0.3657598521658848,0.00895331905987874,2.8,0.5551999999999999,0.0,0.0,,,,,,,,,,
kuiper,isl_p0.05,topological_derived_progress_repair_exceptions,5,552.0,0.0,1.0,0.0,,,1.0415298951269765,0.0011238419115199485,1.008712011866891,0.00036391965655159205,1.032461849183856,0.000924522935916794,0.22695048309178745,0.0028099886226076822,0.0,0.0,0.16371980676328501,0.01251737627085462,0.0,0.0,0.0,0.0,0.0,0.0,,,,,,,,,,,,,,,90.62,7.2586104039700485,0.0,0.0,0.02955838367251188,0.0,17570.909904241562,288.8920025468902,0.0,0.0,782.2066666666667,77.70219461397643,0.0,0.0,18.46,1.150971097156176,1196.6,123.11713178052477,9900.653333333332,620.7065741586076,295.07000000000005,21.23293929390946,0.043130046136101496,0.00443761288136263,0.33727176568949374,0.0023829434627584407,3.0,0.877848278462742,0.0,0.0,,,,,,,,,,
kuiper,isl_p0.10,link_state_attach,5,550.88,0.9880289726746087,0.9978804295239451,0.001877427548109452,,,1.8886704794489777,0.004701312101802998,1.8886704794489777,0.004701312101802998,1.0,0.0,0.9648735015539949,0.0005534247131585135,1.0,0.0,0.0,0.0,,,,,,,16.8,0.0,386.4,0.0,386.4,0.0,24.0,0.0,0.0,0.0,24.0,0.0,0.4166666666666667,0.0,172.98666666666668,5.843214409377396,0.0,0.0,32.981531874963345,0.09541674480030093,6545.978905210892,466.90643364173894,0.0,0.0,,,,,37.35,1.1570367407976105,,,,,,,,,,,,,,,0.0,0.0,1.0,0.0,0.0,0.0,0.0,0.0,0.0,0.0
kuiper,isl_p0.10,topological_derived,5,550.88,0.9880289726746087,0.5112404286037485,0.017916717256860542,,,1.0224591625367432,0.001242801986794724,1.0059511977109763,0.0003210627426501771,1.0163926553183527,0.000964035748541119,0.17112960426857599,0.004564642278948073,0.0,0.0,0.10166576539180708,0.011063741362885548,0.0,0.0,0.0,0.0,0.0,0.0,,,,,,,,,,,,,,,172.98666666666668,5.843214409377396,0.0,0.0,0.02955838367251188,0.0,16552.407440443836,404.90163787972364,269.25333333333333,10.168855507903631,,,0.0,0.0,37.35,1.1570367407976105,,,,,,,,,,,,,,,1.0,0.0,0.0,0.0,0.0,0.0,0.0,0.0,0.0,0.0
kuiper,isl_p0.10,topological_derived_progress_exceptions_attach,5,550.88,0.9880289726746087,0.9978804295239451,0.001877427548109452,,,2.0421526388772664,0.0034128204719616577,1.8886704794489777,0.004701312101802998,1.0812363467500712,0.0009857897467827263,0.9648735015539949,0.0005534247131585135,0.0,0.0,0.0,0.0,16.8,0.0,16.8,0.0,16.8,0.0,,,,,,,24.0,0.0,0.0,0.0,24.0,0.0,0.4166666666666667,0.0,172.98666666666668,5.843214409377396,0.0,0.0,0.02955838367251188,0.0,2888.171994487445,49.791295259627056,0.0,0.0,1556.2766666666666,57.77644658323666,0.0,0.0,37.35,1.1570367407976105,2619.6166666666663,129.2584773925761,21263.536666666667,550.5222273674741,548.1800000000001,18.142731063485346,0.09442101595540177,0.004658970494253753,0.37270178414755517,0.005970942920833348,3.0,0.0,0.0,0.0,0.0,0.0,1.0,0.0,0.0,0.0,0.0,0.0,0.0,0.0
kuiper,isl_p0.10,topological_derived_progress_repair_exceptions,5,550.88,0.9880289726746087,1.0,0.0,,,1.0547923665638175,0.0012097104268412975,1.0123707496886538,0.0006601348690548765,1.041772451912998,0.0007094006872663116,0.2461585712529811,0.0052781374303705955,0.0,0.0,0.2596214339414746,0.012094329193168574,0.0,0.0,0.0,0.0,0.0,0.0,,,,,,,,,,,,,,,172.98666666666668,5.843214409377396,0.0,0.0,0.02955838367251188,0.0,17348.470887939133,324.16966114056555,0.0,0.0,1528.06,69.11865985508177,0.0,0.0,37.35,1.1570367407976105,2480.5633333333335,132.19895745102855,15671.196666666667,612.4798268978948,535.8900000000001,20.054252376254013,0.0894090013456363,0.004764956655530153,0.34786045617213307,0.006098239423770895,3.2,0.5551999999999999,0.0,0.0,,,,,,,,,,
kuiper,isl_p0.20,link_state_attach,5,543.0699999999999,2.6175405000708025,0.9827466156871812,0.0048035200969855805,,,2.0077758622708792,0.0162631845661932,2.0077758622708792,0.0162631845661932,1.0,0.0,0.9618033241604559,0.002678725652804268,1.0,0.0,0.0,0.0,,,,,,,16.8,0.0,386.4,0.0,386.4,0.0,24.0,0.0,0.0,0.0,24.0,0.0,0.4166666666666667,0.0,349.81666666666666,6.859694532492758,0.0,0.0,32.76532168201278,0.197582147852982,6424.629299392303,428.6696137614614,0.0,0.0,,,,,75.06,1.9812508185599476,,,,,,,,,,,,,,,0.0,0.0,1.0,0.0,0.0,0.0,0.0,0.0,0.0,0.0
kuiper,isl_p0.20,topological_derived,5,543.0699999999999,2.6175405000708025,0.25593272516500004,0.01166216703116362,,,1.0127817154587317,0.0005458499533633124,1.00484347341602,0.0006629644382278538,1.0078845433208012,0.00039243259600554436,0.12261238541209526,0.009734898593195233,0.0,0.0,0.14262149794245363,0.010828866309445115,0.0,0.0,0.0,0.0,0.0,0.0,,,,,,,,,,,,,,,349.81666666666666,6.859694532492758,0.0,0.0,0.02955838367251188,0.0,16429.597959071398,383.885644651171,404.07,5.241349713804629,,,0.0,0.0,75.06,1.9812508185599476,,,,,,,,,,,,,,,1.0,0.0,0.0,0.0,0.0,0.0,0.0,0.0,0.0,0.0
kuiper,isl_p0.20,topological_derived_progress_exceptions_attach,5,543.0699999999999,2.6175405000708025,0.9827466156871812,0.0048035200969855805,,,2.191745629153511,0.01476178762997403,2.0077758622708792,0.0162631845661932,1.0894423514314389,0.0013102158671287783,0.9618033241604559,0.002678725652804268,0.0,0.0,0.0,0.0,16.8,0.0,16.8,0.0,16.8,0.0,,,,,,,24.0,0.0,0.0,0.0,24.0,0.0,0.4166666666666667,0.0,349.81666666666666,6.859694532492758,0.0,0.0,0.02955838367251188,0.0,2825.351710716883,38.845128485732104,0.0,0.0,3233.88,55.9823768301036,0.0,0.0,75.06,1.9812508185599476,6141.2,155.19552213628404,24893.013333333332,66.56879834786308,937.04,10.102065770999538,0.22135236447520185,0.005593840907449675,0.3622797287810828,0.00550473816009906,3.4,0.6799783525966101,0.0,0.0,0.0,0.0,1.0,0.0,0.0,0.0,0.0,0.0,0.0,0.0
kuiper,isl_p0.20,topological_derived_progress_repair_exceptions,5,543.0699999999999,2.6175405000708025,1.0,0.0,,,1.0612026728383126,0.0019092801878641706,1.0146053835260642,0.00046473320189171894,1.0456566397447722,0.0017057966308507838,0.23057230380203966,0.004995861770105175,0.0,0.0,0.42247381463851097,0.018861750689845268,0.0,0.0,0.0,0.0,0.0,0.0,,,,,,,,,,,,,,,349.81666666666666,6.859694532492758,0.0,0.0,0.02955838367251188,0.0,17434.659220327936,399.514807737468,0.0,0.0,3159.35,80.78683331654702,0.0,0.0,75.06,1.9812508185599476,5904.75,204.78087185211845,21718.006666666664,212.17596704017646,921.9633333333334,9.675016030682102,0.21282980103806226,0.007381086788210725,0.3464903521923595,0.005581857330370141,3.2,0.5551999999999999,0.0,0.0,,,,,,,,,,
kuiper,sat_p0.005,link_state_attach,5,552.0,0.0,1.0,0.0,,,1.8449877949763338,0.001990307316211329,1.8449877949763338,0.001990307316211329,1.0,0.0,0.964993961352657,0.001044717188107499,1.0,0.0,0.0,0.0,,,,,,,16.75,0.03870947056097731,385.25,0.8903178229024432,385.25,0.8903178229024432,24.0,0.0,0.0,0.0,24.0,0.0,0.4166666666666667,0.014630804641045698,21.82,6.94743569660058,7.273333333333333,2.3158118988668597,32.30944519383028,0.10656383096783564,7220.242908050616,385.46826094906055,0.0,0.0,,,,,0.3466666666666667,0.06768229835866327,,,,,,,,,,,,,,,,,,,,,,,,
kuiper,sat_p0.005,topological_derived,5,552.0,0.0,0.9667210144927536,0.013166234515669908,,,1.022173310027412,0.0005421970959272707,1.0043456977252043,0.00012283392122361246,1.0177833058068524,0.0004247748898616805,0.18750341082203165,0.002375998321976453,0.0,0.0,0.007867605851398915,0.0021128747288654782,0.0,0.0,0.0,0.0,0.0,0.0,,,,,,,,,,,,,,,21.82,6.94743569660058,7.273333333333333,2.3158118988668597,0.029470412292534158,6.810651086911676e-05,16268.564444979032,219.7047458448469,18.369999999999997,7.267761452649792,,,0.0,0.0,0.3466666666666667,0.06768229835866327,,,,,,,,,,,,,,,1.0,0.0,0.0,0.0,0.0,0.0,0.0,0.0,0.0,0.0
kuiper,sat_p0.005,topological_derived_progress_exceptions_attach,5,552.0,0.0,1.0,0.0,,,1.9015278769594322,0.004217940698400638,1.8449877949763338,0.001990307316211329,1.03341471803689,0.001273536553080683,0.964993961352657,0.001044717188107499,0.0,0.0,0.0,0.0,16.75,0.03870947056097731,16.75,0.03870947056097731,16.75,0.03870947056097731,,,,,,,24.0,0.0,0.0,0.0,24.0,0.0,0.4166666666666667,0.014630804641045698,21.82,6.94743569660058,7.273333333333333,2.3158118988668597,0.029470412292534158,6.810651086911676e-05,2813.050343245268,97.03481260607204,0.0,0.0,93.44,31.414029567564583,0.0,0.0,0.3466666666666667,0.06768229835866327,142.73666666666668,51.423522450655454,2570.6966666666667,831.5875267053402,38.49333333333333,13.692343092880618,0.005144776047673971,0.0018535006650322759,0.3396361885379854,0.07323774189313077,1.6,0.6799783525966101,0.0,0.0,,,,,,,,,,
kuiper,sat_p0.005,topological_derived_progress_repair_exceptions,5,552.0,0.0,1.0,0.0,,,1.0240062473721516,0.0007803861777122895,1.0046664034547763,0.00010335705096746554,1.0192771417349866,0.0007091695879884797,0.19231280193236716,0.0013359717676934035,0.0,0.0,0.01886473429951691,0.003599756897015826,0.0,0.0,0.0,0.0,0.0,0.0,,,,,,,,,,,,,,,21.82,6.94743569660058,7.273333333333333,2.3158118988668597,0.029470412292534158,6.810651086911676e-05,17412.021211336054,511.41273495930426,0.0,0.0,90.75,24.052157311716456,0.0,0.0,0.3466666666666667,0.06768229835866327,134.61333333333332,37.97068548702859,1398.33,357.286930560022,37.47666666666667,12.920198412126304,0.00485198000768935,0.0013686089059626802,0.3218976875595669,0.06224398903416239,2.0,0.0,0.0,0.0,,,,,,,,,,
kuiper,sat_p0.01,link_state_attach,5,552.0,0.0,1.0,0.0,,,1.8443974478376888,0.0024389413658227927,1.8443974478376888,0.0024389413658227927,1.0,0.0,0.9644263285024154,0.0007493957152365605,1.0,0.0,0.0,0.0,,,,,,,16.706666666666667,0.05590422603783146,384.25333333333333,1.285797198870123,384.25333333333333,1.285797198870123,24.0,0.0,0.0,0.0,24.0,0.0,0.4166666666666667,0.014630804641045698,26.943333333333335,8.115648119900495,8.99,2.685045650396117,32.16227493988622,0.13894186450188528,6672.53903011481,426.44198450120666,0.0,0.0,,,,,0.44333333333333336,0.04763444878563317,,,,,,,,,,,,,,,,,,,,,,,,
kuiper,sat_p0.01,topological_derived,5,552.0,0.0,0.9591425120772946,0.014450019755043281,,,1.022091834527132,0.0002642990318720236,1.0043855507669908,0.00012930296064128717,1.0176622312012626,0.00014866493537665678,0.18661321367782602,0.0024731633166368613,0.0,0.0,0.010598231979471687,0.0032168709746016764,0.0,0.0,0.0,0.0,0.0,0.0,,,,,,,,,,,,,,,26.943333333333335,8.115648119900495,8.99,2.685045650396117,0.02939417042988681,9.835943822268112e-05,16430.781075308718,391.5744431159719,22.553333333333335,7.976410904783902,,,0.0,0.0,0.44333333333333336,0.04763444878563317,,,,,,,,,,,,,,,1.0,0.0,0.0,0.0,0.0,0.0,0.0,0.0,0.0,0.0
kuiper,sat_p0.01,topological_derived_progress_exceptions_attach,5,552.0,0.0,1.0,0.0,,,1.9027973054102252,0.004550841032965834,1.8443974478376888,0.0024389413658227927,1.0341154205820935,0.0017177436381880303,0.9644263285024154,0.0007493957152365605,0.0,0.0,0.0,0.0,16.706666666666667,0.05590422603783146,16.706666666666667,0.05590422603783146,16.706666666666667,0.05590422603783146,,,,,,,24.0,0.0,0.0,0.0,24.0,0.0,0.4166666666666667,0.014630804641045698,26.943333333333335,8.115648119900495,8.99,2.685045650396117,0.02939417042988681,9.835943822268112e-05,2828.033605267604,75.5425911537333,0.0,0.0,112.71333333333334,32.98020085832239,0.0,0.0,0.44333333333333336,0.04763444878563317,171.69333333333333,47.732319271600915,3118.55,974.3343910764462,45.93,15.055861488062826,0.006188485198000769,0.0017204555677480147,0.3510969685362181,0.01508862083722102,2.0,0.0,0.0,0.0,,,,,,,,,,
kuiper,sat_p0.01,topological_derived_progress_repair_exceptions,5,552.0,0.0,1.0,0.0,,,1.0241239021483879,0.00114334999637893,1.0047218894997496,0.0002579533416480775,1.0193404234825594,0.0009424278306248521,0.191237922705314,0.003865055194709172,0.0,0.0,0.02355072463768116,0.008647970621975438,0.0,0.0,0.0,0.0,0.0,0.0,,,,,,,,,,,,,,,26.943333333333335,8.115648119900495,8.99,2.685045650396117,0.02939417042988681,9.835943822268112e-05,17256.972396026053,244.68387768237238,0.0,0.0,110.82000000000001,37.80981070995786,0.0,0.0,0.44333333333333336,0.04763444878563317,162.23333333333332,55.47280143226148,1639.02,625.3796681533868,44.66666666666667,14.325216502812248,0.005847510572856594,0.001999452185418882,0.3241518455494168,0.010324952098048214,2.0,0.0,0.0,0.0,,,,,,,,,,
kuiper,sat_p0.02,link_state_attach,5,552.0,0.0,1.0,0.0,,,1.8467836886792708,0.0026828791701753686,1.8467836886792708,0.0026828791701753686,1.0,0.0,0.9635567632850242,0.000978536571753723,1.0,0.0,0.0,0.0,,,,,,,16.636666666666667,0.06102992490027623,382.6433333333333,1.403688272706321,382.6433333333333,1.403688272706321,24.0,0.0,0.0,0.0,24.0,0.0,0.43,0.02697787076681758,68.25666666666666,6.698250175268827,22.866666666666667,2.2452923032672407,31.644182159404142,0.07421896269058183,6752.480224569638,214.20202005630944,0.0,0.0,,,,,1.2033333333333334,0.08455541877635311,,,,,,,,,,,,,,,,,,,,,,,,
kuiper,sat_p0.02,topological_derived,5,552.0,0.0,0.9020471014492755,0.009192923454760159,,,1.0229265968176362,0.0013759349699417665,1.0046948771017263,0.00024819915795744996,1.0181684120024292,0.0011345608172309261,0.18660071668945738,0.0026324173632217046,0.0,0.0,0.02372823143054915,0.0037997225271559445,0.0,0.0,0.0,0.0,0.0,0.0,,,,,,,,,,,,,,,68.25666666666666,6.698250175268827,22.866666666666667,2.2452923032672407,0.02927101049791801,0.00010737773426827109,16278.788078924019,111.05715956281617,54.07000000000001,5.0744937470276,,,0.0,0.0,1.2033333333333334,0.08455541877635311,,,,,,,,,,,,,,,1.0,0.0,0.0,0.0,0.0,0.0,0.0,0.0,0.0,0.0
kuiper,sat_p0.02,topological_derived_progress_exceptions_attach,5,552.0,0.0,1.0,0.0,,,1.919867041373998,0.004559699955625002,1.8467836886792708,0.0026828791701753686,1.04148380094149,0.0010853356984811392,0.9635567632850242,0.000978536571753723,0.0,0.0,0.0,0.0,16.636666666666667,0.06102992490027623,16.636666666666667,0.06102992490027623,16.636666666666667,0.06102992490027623,,,,,,,24.0,0.0,0.0,0.0,24.0,0.0,0.43,0.02697787076681758,68.25666666666666,6.698250175268827,22.866666666666667,2.2452923032672407,0.02927101049791801,0.00010737773426827109,2833.3646631240845,22.548246458933427,0.0,0.0,284.53000000000003,19.601595059296116,0.0,0.0,1.2033333333333334,0.08455541877635311,428.37333333333333,26.49082675414348,6883.45,406.711863000768,111.5,7.758507534256257,0.015440215301806998,0.0009548308374475022,0.33547157039673325,0.02382539964329002,2.0,0.0,0.0,0.0,,,,,,,,,,
kuiper,sat_p0.02,topological_derived_progress_repair_exceptions,5,552.0,0.0,1.0,0.0,,,1.028393218678492,0.0009867802992842114,1.005530957479403,0.00028479916458143346,1.0227526916777983,0.0008828112107183233,0.19876811594202898,0.002473706574205506,0.0,0.0,0.054601449275362327,0.0054888304480560585,0.0,0.0,0.0,0.0,0.0,0.0,,,,,,,,,,,,,,,68.25666666666666,6.698250175268827,22.866666666666667,2.2452923032672407,0.02927101049791801,0.00010737773426827109,17019.11758710941,83.68655934460284,0.0,0.0,275.3066666666667,25.299604138120422,0.0,0.0,1.2033333333333334,0.08455541877635311,396.62333333333333,29.998696574096524,3753.0566666666664,218.5137865597374,108.97666666666666,6.569680945731775,0.01429582372164552,0.0010812678984319683,0.30599858815643916,0.021678986022446042,2.2,0.5551999999999999,0.0,0.0,,,,,,,,,,
kuiper,sat_p0.05,link_state_attach,5,551.6933333333334,0.8513066666666498,0.9994428969359331,0.0015465181058495585,,,1.8526135296759558,0.0059568602631781525,1.8526135296759558,0.0059568602631781525,1.0,0.0,0.9597414176989718,0.0023474998848573036,1.0,0.0,0.0,0.0,,,,,,,16.246666666666666,0.17397743199750001,373.67333333333335,4.001480935942488,373.67333333333335,4.001480935942488,24.0,0.0,0.0,0.0,24.0,0.0,0.44666666666666666,0.033998917629830504,180.56666666666666,22.827389131830206,62.0,8.210645403999747,29.824285965632516,0.5951662919214551,6956.4702122410135,417.6827173193847,0.0,0.0,,,,,3.046666666666667,0.3555014576622718,,,,,,,,,,,,,,,0.0,,1.0,,0.0,,0.0,,0.0,
kuiper,sat_p0.05,topological_derived,5,551.6933333333334,0.8513066666666498,0.7232693808620295,0.025406456956767173,,,1.0238606484488368,0.001083097526506374,1.0054471824518258,0.00022072781919265115,1.018312877218958,0.0009327888453560559,0.18194030749940363,0.007306487739327789,0.0,0.0,0.05782286498474666,0.007300082950091163,0.0,0.0,0.0,0.0,0.0,0.0,,,,,,,,,,,,,,,180.56666666666666,22.827389131830206,62.0,8.210645403999747,0.02858483373409184,0.00030610069555597795,15571.301090568304,124.81981029287125,152.66,13.778743106000467,,,0.0,0.0,3.046666666666667,0.3555014576622718,,,,,,,,,,,,,,,1.0,0.0,0.0,0.0,0.0,0.0,0.0,0.0,0.0,0.0
kuiper,sat_p0.05,topological_derived_progress_exceptions_attach,5,551.6933333333334,0.8513066666666498,0.9994428969359331,0.0015465181058495585,,,1.9578284743191954,0.00886776637488437,1.8526135296759558,0.0059568602631781525,1.0570909988782184,0.0021906116518273346,0.9597414176989718,0.0023474998848573036,0.0,0.0,0.0,0.0,16.246666666666666,0.17397743199750001,16.246666666666666,0.17397743199750001,16.246666666666666,0.17397743199750001,,,,,,,24.0,0.0,0.0,0.0,24.0,0.0,0.44666666666666666,0.033998917629830504,180.56666666666666,22.827389131830206,62.0,8.210645403999747,0.02858483373409184,0.00030610069555597795,2849.8970998823643,24.934726902215555,0.0,0.0,755.0699999999999,67.43638055282226,0.0,0.0,3.046666666666667,0.3555014576622718,1210.41,101.14138696078332,13922.573333333334,1109.9177585999907,288.24666666666667,29.851783975444796,0.043627811418685124,0.0036455228864180865,0.35705722443412163,0.006925959113135536,2.6,0.6799783525966101,0.0,0.0,0.0,,1.0,,0.0,,0.0,,0.0,
kuiper,sat_p0.05,topological_derived_progress_repair_exceptions,5,551.6933333333334,0.8513066666666498,1.0,0.0,,,1.0382240555770774,0.0014770489240824713,1.0078930690734789,0.0005966257227361619,1.0300587558238052,0.0008813490705950034,0.21382367486173348,0.0046766682662371705,0.0,0.0,0.14030395085651232,0.015893127842775367,0.0,0.0,0.0,0.0,0.0,0.0,,,,,,,,,,,,,,,180.56666666666666,22.827389131830206,62.0,8.210645403999747,0.02858483373409184,0.00030610069555597795,16505.920216987528,271.03351413492203,0.0,0.0,745.4566666666667,88.1493845077941,0.0,0.0,3.046666666666667,0.3555014576622718,1150.2133333333334,138.31550380229555,9074.923333333334,1056.3566104874017,279.8,29.485275139281136,0.041458093041138025,0.004985420408098888,0.3322755501222265,0.018728856317622496,3.4,1.882774803315574,0.0,0.0,,,,,,,,,,
kuiper,void_b2,link_state_attach,5,552.0,0.0,1.0,0.0,,,1.8433893264482144,0.0012820407043445806,1.8433893264482144,0.0012820407043445806,1.0,0.0,0.9648188405797102,0.00018248127407740887,1.0,0.0,0.0,0.0,,,,,,,16.756666666666668,0.03758721768544993,385.4033333333333,0.8645060067653108,385.4033333333333,0.8645060067653108,24.0,0.0,0.0,0.0,24.0,0.0,0.4166666666666667,0.0,9.0,0.0,4.0,0.0,32.40851269720251,0.07524935507304008,6948.33900993069,572.3264786563593,0.0,0.0,,,,,0.06666666666666667,0.0,,,,,,,,,,,,,,,,,,,,,,,,
kuiper,void_b2,topological_derived,5,552.0,0.0,0.9905253623188406,0.0038902380424448314,,,1.0214057036444735,0.00017988764812659717,1.0041614389892097,4.667355371199797e-05,1.017211265913255,0.00017885665498934116,0.1863478608000239,0.0020749519187105497,0.0,0.0,0.0017688610616037662,0.000505293676630307,0.0,0.0,0.0,0.0,0.0,0.0,,,,,,,,,,,,,,,9.0,0.0,4.0,0.0,0.029482141809864526,6.613198818623429e-05,16316.370287140211,142.6399949580909,5.2299999999999995,2.1474113994295547,,,0.0,0.0,0.06666666666666667,0.0,,,,,,,,,,,,,,,1.0,0.0,0.0,0.0,0.0,0.0,0.0,0.0,0.0,0.0
kuiper,void_b2,topological_derived_progress_exceptions_attach,5,552.0,0.0,1.0,0.0,,,1.8928562623624163,0.0011972965824486067,1.8433893264482144,0.0012820407043445806,1.0297033099028043,0.00020900640168804803,0.9648188405797102,0.00018248127407740887,0.0,0.0,0.0,0.0,16.756666666666668,0.03758721768544993,16.756666666666668,0.03758721768544993,16.756666666666668,0.03758721768544993,,,,,,,24.0,0.0,0.0,0.0,24.0,0.0,0.4166666666666667,0.0,9.0,0.0,4.0,0.0,0.029482141809864526,6.613198818623429e-05,2794.4103122750917,9.59413170016087,0.0,0.0,24.78,0.6982129017554581,0.0,0.0,0.06666666666666667,0.0,37.836666666666666,3.290448122024314,750.0933333333334,106.36999939758617,10.48,1.5083501011811984,0.0013637783544790465,0.00011860035041898477,0.34802143763175586,0.061993224294005604,1.6,0.6799783525966101,0.0,0.0,,,,,,,,,,
kuiper,void_b2,topological_derived_progress_repair_exceptions,5,552.0,0.0,1.0,0.0,,,1.0218434215600334,0.00026248386904141347,1.004221078523655,2.585314742762973e-05,1.0175862764980803,0.0002552889768528586,0.18687801932367148,0.001313700476465479,0.0,0.0,0.004710144927536232,0.0018433897884486184,0.0,0.0,0.0,0.0,0.0,0.0,,,,,,,,,,,,,,,9.0,0.0,4.0,0.0,0.029482141809864526,6.613198818623429e-05,17424.99183093508,157.53616099240307,0.0,0.0,25.163333333333334,2.350118965348114,0.0,0.0,0.06666666666666667,0.0,37.92666666666666,3.9077561799068294,431.6066666666667,21.13330773842404,10.426666666666666,1.40825579835483,0.0013670222991157247,0.0001408504966806094,0.33600055047625804,0.04813548055793598,2.0,0.0,0.0,0.0,,,,,,,,,,
kuiper,void_b4,link_state_attach,5,552.0,0.0,1.0,0.0,,,1.8401860928312292,0.007255379214959948,1.8401860928312292,0.007255379214959948,1.0,0.0,0.9645833333333332,0.0009534463748588017,1.0,0.0,0.0,0.0,,,,,,,16.673333333333336,0.06640515910345768,383.4866666666667,1.5273186593795351,383.4866666666667,1.5273186593795351,24.0,0.0,0.0,0.0,24.0,0.0,0.4166666666666667,0.0,30.0,0.0,16.0,0.0,31.904334056653568,0.13220832386449596,6935.89162727197,146.54870850972895,0.0,0.0,,,,,0.26666666666666666,0.0,,,,,,,,,,,,,,,,,,,,,,,,
kuiper,void_b4,topological_derived,5,552.0,0.0,0.9828381642512077,0.009105743286046651,,,1.02143228758165,0.00010834876669841678,1.0041051058439916,9.497687256219793e-05,1.0172944631149665,0.00017328378674368687,0.18435606340197525,0.0034806031545999657,0.0,0.0,0.0024380216792425375,0.0011096403067935236,0.0,0.0,0.0,0.0,0.0,0.0,,,,,,,,,,,,,,,30.0,0.0,16.0,0.0,0.029335522843235002,0.00011683506967941668,16202.169892191887,237.0774837117272,9.473333333333333,5.0263702938977515,,,0.0,0.0,0.26666666666666666,0.0,,,,,,,,,,,,,,,1.0,0.0,0.0,0.0,0.0,0.0,0.0,0.0,0.0,0.0
kuiper,void_b4,topological_derived_progress_exceptions_attach,5,552.0,0.0,1.0,0.0,,,1.8907624219524386,0.008035445194358103,1.8401860928312292,0.007255379214959948,1.0303374187086987,0.00040625027102678373,0.9645833333333332,0.0009534463748588017,0.0,0.0,0.0,0.0,16.673333333333336,0.06640515910345768,16.673333333333336,0.06640515910345768,16.673333333333336,0.06640515910345768,,,,,,,24.0,0.0,0.0,0.0,24.0,0.0,0.4166666666666667,0.0,30.0,0.0,16.0,0.0,0.029335522843235002,0.00011683506967941668,2796.419243514538,38.49145844486046,0.0,0.0,48.45333333333333,2.256912470552044,0.0,0.0,0.26666666666666666,0.0,75.71000000000001,3.3104955838195673,1209.9233333333334,114.31948699343255,20.363333333333333,1.717634032473481,0.0027288783160322955,0.00011932293770975959,0.3545097099852869,0.030945955264021274,2.2,0.5551999999999999,0.0,0.0,,,,,,,,,,
kuiper,void_b4,topological_derived_progress_repair_exceptions,5,552.0,0.0,1.0,0.0,,,1.0224079000319564,0.0007459974158603214,1.0042091453435775,0.00014711454770399368,1.018155610573942,0.0006610104825716403,0.1857487922705314,0.0036012788032697826,0.0,0.0,0.007107487922705313,0.003201919085742384,0.0,0.0,0.0,0.0,0.0,0.0,,,,,,,,,,,,,,,30.0,0.0,16.0,0.0,0.029335522843235002,0.00011683506967941668,17261.500263363123,301.9871563452516,0.0,0.0,46.589999999999996,5.986423957871489,0.0,0.0,0.26666666666666666,0.0,74.28,7.4892915312583295,753.3533333333332,166.69188130114443,20.240000000000002,1.5760982943966408,0.0026773356401384083,0.0002699427455038327,0.3550434324748147,0.0321653395823041,2.6,0.6799783525966101,0.0,0.0,,,,,,,,,,
kuiper,void_b8,link_state_attach,5,552.0,0.0,1.0,0.0,,,1.8023532542710001,0.023821569656817226,1.8023532542710001,0.023821569656817226,1.0,0.0,0.9611231884057971,0.002107545634634672,1.0,0.0,0.0,0.0,,,,,,,16.163333333333334,0.21916925818493133,371.75666666666666,5.040892938253448,371.75666666666666,5.040892938253448,24.0,0.0,0.0,0.0,24.0,0.0,0.45,0.09253333333333333,108.0,0.0,64.0,0.0,29.521400504369247,0.5276596882578831,6536.028656413158,266.89001923257916,0.0,0.0,,,,,1.0666666666666667,0.0,,,,,,,,,,,,,,,,,,,,,,,,
kuiper,void_b8,topological_derived,5,552.0,0.0,0.9701388888888889,0.011623800118731145,,,1.0215581560633855,0.0009352569634086434,1.0041093971267232,8.953769963468399e-05,1.0174063305826497,0.0009472903371543858,0.1804129132772419,0.0044234354901702124,0.0,0.0,0.003543247090858073,0.0022083793410756377,0.0,0.0,0.0,0.0,0.0,0.0,,,,,,,,,,,,,,,108.0,0.0,64.0,0.0,0.028438214767462316,0.0003856124418244062,15541.312670956055,333.28032768729673,16.483333333333334,6.416337665539603,,,0.0,0.0,1.0666666666666667,0.0,,,,,,,,,,,,,,,1.0,0.0,0.0,0.0,0.0,0.0,0.0,0.0,0.0,0.0
kuiper,void_b8,topological_derived_progress_exceptions_attach,5,552.0,0.0,1.0,0.0,,,1.8563297538378332,0.023496873721157278,1.8023532542710001,0.023821569656817226,1.0321666894953636,0.0004997943565092375,0.9611231884057971,0.002107545634634672,0.0,0.0,0.0,0.0,16.163333333333334,0.21916925818493133,16.163333333333334,0.21916925818493133,16.163333333333334,0.21916925818493133,,,,,,,24.0,0.0,0.0,0.0,24.0,0.0,0.45,0.09253333333333333,108.0,0.0,64.0,0.0,0.028438214767462316,0.0003856124418244062,2784.445593108733,50.60306060239369,0.0,0.0,93.66,10.629162262831438,0.0,0.0,1.0666666666666667,0.0,159.65,21.115388933171722,1910.73,224.3237328936577,45.70666666666666,2.564717873988395,0.005754397347174164,0.0007610794742348516,0.47898125170096845,0.03723398741013596,6.8,0.5551999999999999,0.0,0.0,,,,,,,,,,
kuiper,void_b8,topological_derived_progress_repair_exceptions,5,552.0,0.0,1.0,0.0,,,1.0236936589839323,0.00021868769779966954,1.0043779924463219,0.0001584071322450252,1.019238131716766,0.00032086155470175006,0.1816304347826087,0.0035671348853917066,0.0,0.0,0.012632850241545895,0.005153762864139369,0.0,0.0,0.0,0.0,0.0,0.0,,,,,,,,,,,,,,,108.0,0.0,64.0,0.0,0.028438214767462316,0.0003856124418244062,16414.383906374373,495.27218702123554,0.0,0.0,79.02666666666667,6.95566056157301,0.0,0.0,1.0666666666666667,0.0,141.64000000000001,12.909051696810787,1247.2333333333331,208.66155410937688,42.67666666666666,2.3621659512311055,0.0051052479815455595,0.00046529165573856637,0.4440663494252067,0.034615487480765886,5.4,0.6799783525966101,0.0,0.0,,,,,,,,,,
kuiper,cut,link_state_attach,1,502.45,,0.5391581251865857,,,,1.4986936242051743,,1.4986936242051743,,1.0,,0.9390919158361019,,1.0,,0.0,,,,,,,,16.8,,386.4,,386.4,,24.0,,0.0,,24.0,,0.4166666666666667,,34.0,,0.0,,16.305597912145917,,7144.4196201860905,,0.0,,,,,,0.5666666666666667,,,,,,,,,,,,,,,,0.0,,1.0,,0.0,,0.0,,0.0,
kuiper,cut,topological_derived,1,502.45,,0.8145089063588417,,,,1.0185975734270145,,1.003709459235356,,1.0148507920451375,,0.16957849725106902,,0.0,,0.0263490124210955,,0.0,,0.0,,0.0,,,,,,,,,,,,,,,,34.0,,0.0,,0.029558383672511877,,16446.372426797945,,93.2,,,,0.0,,0.5666666666666667,,,,,,,,,,,,,,,,1.0,,0.0,,0.0,,0.0,,0.0,
kuiper,cut,topological_derived_progress_exceptions_attach,1,502.45,,0.5391581251865857,,,,1.5354449772639456,,1.4986936242051743,,1.0259411792180144,,0.9390919158361019,,0.0,,0.0,,16.8,,16.8,,16.8,,,,,,,,24.0,,0.0,,24.0,,0.4166666666666667,,34.0,,0.0,,0.029558383672511877,,2612.509949505329,,0.0,,423.9,,0.0,,0.5666666666666667,,0.0,,0.0,,0.0,,0.0,,,,0.0,,0.0,,0.0,,1.0,,0.0,,0.0,,0.0,
kuiper,cut,topological_derived_progress_repair_exceptions,1,502.45,,1.0,,,,1.0696918292266373,,1.0044126164781897,,1.0647603770477878,,0.180515474176535,,0.0,,0.20695259893190035,,0.0,,0.0,,0.0,,,,,,,,,,,,,,,,34.0,,0.0,,0.029558383672511877,,17283.22645202279,,0.0,,210.05,,0.0,,0.5666666666666667,,628.5833333333334,,3625.9166666666665,,311.8,,0.022656550365244138,,2.9094259578417074,,15.0,,0.0,,,,,,,,,,,
kuiper,polar_lat75,link_state_attach,1,552.0,,1.0,,,,1.8440506453997767,,1.8440506453997767,,1.0,,0.9652475845410629,,1.0,,0.0,,,,,,,,16.8,,386.4,,386.4,,24.0,,0.0,,24.0,,0.4166666666666667,,0.0,,0.0,,32.60980294410885,,9103.082453459501,,0.0,,,,,,0.0,,,,,,,,,,,,,,,,,,,,,,,,,
kuiper,polar_lat75,topological_derived,1,552.0,,1.0,,,,1.0213716477380552,,1.0041055070118248,,1.0172357415743738,,0.18671497584541064,,0.0,,0.0,,0.0,,0.0,,0.0,,,,,,,,,,,,,,,,0.0,,0.0,,0.029558383672511877,,16616.945663591225,,0.0,,,,0.0,,0.0,,,,,,,,,,,,,,,,,,,,,,,,,
kuiper,polar_lat75,topological_derived_progress_exceptions_attach,1,552.0,,1.0,,,,1.8916472736424155,,1.8440506453997767,,1.0288008769127754,,0.9652475845410629,,0.0,,0.0,,16.8,,16.8,,16.8,,,,,,,,24.0,,0.0,,24.0,,0.4166666666666667,,0.0,,0.0,,0.029558383672511877,,2804.594026505947,,0.0,,0.0,,0.0,,0.0,,0.0,,0.0,,0.0,,0.0,,,,0.0,,0.0,,,,,,,,,,,
kuiper,polar_lat75,topological_derived_progress_repair_exceptions,1,552.0,,1.0,,,,1.0213716477380552,,1.0041055070118248,,1.0172357415743738,,0.18671497584541064,,0.0,,0.0,,0.0,,0.0,,0.0,,,,,,,,,,,,,,,,0.0,,0.0,,0.029558383672511877,,17255.797957628965,,0.0,,0.0,,0.0,,0.0,,0.0,,0.0,,0.0,,0.0,,,,0.0,,0.0,,,,,,,,,,,
kuiper,polar_lat60,link_state_attach,1,552.0,,1.0,,,,1.8440506453997767,,1.8440506453997767,,1.0,,0.9652475845410629,,1.0,,0.0,,,,,,,,16.8,,386.4,,386.4,,24.0,,0.0,,24.0,,0.4166666666666667,,0.0,,0.0,,32.60980294410885,,7024.987186243136,,0.0,,,,,,0.0,,,,,,,,,,,,,,,,,,,,,,,,,
kuiper,polar_lat60,topological_derived,1,552.0,,1.0,,,,1.0213716477380552,,1.0041055070118248,,1.0172357415743738,,0.18671497584541064,,0.0,,0.0,,0.0,,0.0,,0.0,,,,,,,,,,,,,,,,0.0,,0.0,,0.029558383672511877,,16464.551872015,,0.0,,,,0.0,,0.0,,,,,,,,,,,,,,,,,,,,,,,,,
kuiper,polar_lat60,topological_derived_progress_exceptions_attach,1,552.0,,1.0,,,,1.8916472736424155,,1.8440506453997767,,1.0288008769127754,,0.9652475845410629,,0.0,,0.0,,16.8,,16.8,,16.8,,,,,,,,24.0,,0.0,,24.0,,0.4166666666666667,,0.0,,0.0,,0.029558383672511877,,2799.7441820800304,,0.0,,0.0,,0.0,,0.0,,0.0,,0.0,,0.0,,0.0,,,,0.0,,0.0,,,,,,,,,,,
kuiper,polar_lat60,topological_derived_progress_repair_exceptions,1,552.0,,1.0,,,,1.0213716477380552,,1.0041055070118248,,1.0172357415743738,,0.18671497584541064,,0.0,,0.0,,0.0,,0.0,,0.0,,,,,,,,,,,,,,,,0.0,,0.0,,0.029558383672511877,,17259.7713239491,,0.0,,0.0,,0.0,,0.0,,0.0,,0.0,,0.0,,0.0,,,,0.0,,0.0,,,,,,,,,,,
starlink,none,link_state,1,552.0,,1.0,,0.0,,1.0,,1.0,,1.0,,0.0,,0.0,,,,,,,,,,,,,,,,,,,,,,,,0.0,,0.0,,37.50339197055299,,33365.8108048141,,0.0,,,,,,0.0,,,,,,,,,,,,,,,,,,,,,,,,,
starlink,none,link_state_attach,1,552.0,,1.0,,0.0,,3.0747650249317466,,3.0747650249317466,,1.0,,0.9854468599033817,,1.0,,0.0,,,,,,,,18.95,,435.85,,435.85,,24.0,,0.0,,24.0,,0.1,,0.0,,0.0,,37.60532229070365,,46018.995719899736,,0.0,,,,,,0.0,,,,,,,,,,,,,,,,,,,,,,,,,
starlink,none,topological_derived,1,552.0,,1.0,,0.0,,1.0040672375589494,,1.0007599708367034,,1.0033069348276775,,0.020984299516908212,,0.0,,0.0,,0.0,,0.0,,0.0,,,,,,,,,,,,,,,,0.0,,0.0,,0.024332306111967128,,39508.180013795696,,0.0,,,,0.0,,0.0,,,,,,,,,,,,,,,,,,,,,,,,,
starlink,none,topological_derived_progress_exceptions_attach,1,552.0,,1.0,,0.0,,3.0856494089510678,,3.0747650249317466,,1.003745337179895,,0.9854468599033817,,0.0,,0.0,,18.95,,18.95,,18.95,,,,,,,,24.0,,0.0,,24.0,,0.1,,0.0,,0.0,,0.024332306111967128,,7184.4504574934645,,0.0,,0.0,,0.0,,0.0,,0.0,,0.0,,0.0,,0.0,,,,0.0,,0.0,,,,,,,,,,,
starlink,none,topological_derived_progress_repair_exceptions,1,552.0,,1.0,,0.0,,1.0040672375589494,,1.0007599708367034,,1.0033069348276775,,0.020984299516908212,,0.0,,0.0,,0.0,,0.0,,0.0,,,,,,,,,,,,,,,,0.0,,0.0,,0.024332306111967128,,42635.17741113901,,0.0,,0.0,,0.0,,0.0,,0.0,,0.0,,0.0,,0.0,,,,0.0,,0.0,,,,,,,,,,,
starlink,isl_p0.01,link_state,5,552.0,0.0,1.0,0.0,0.0,0.0,1.0,0.0,1.0,0.0,1.0,0.0,0.0,0.0,0.0,0.0,,,,,,,,,,,,,,,,,,,,,,,23.97,5.277836412706335,0.0,0.0,37.52647235062489,0.003494979532287989,39602.18247190118,10792.837168072116,0.0,0.0,,,,,5.119999999999999,0.42489831588798316,,,,,,,,,,,,,,,,,,,,,,,,
starlink,isl_p0.01,link_state_attach,5,552.0,0.0,1.0,0.0,0.0,0.0,3.0695000547875124,0.0017655983410963768,3.0695000547875124,0.0017655983410963768,1.0,0.0,0.9854589371980677,0.0003891826867523469,1.0,0.0,0.0,0.0,,,,,,,18.95,0.0,435.85,0.0,435.85,0.0,24.0,0.0,0.0,0.0,24.0,0.0,0.1,0.0,23.97,5.277836412706335,0.0,0.0,37.62942989214176,0.0026390300080940832,44509.27176942428,11159.911563091695,0.0,0.0,,,,,5.119999999999999,0.42489831588798316,,,,,,,,,,,,,,,,,,,,,,,,
starlink,isl_p0.01,topological_derived,5,552.0,0.0,0.9057487922705313,0.027165246041509352,0.0942512077294686,0.027165246041509352,1.0060310016737644,0.0004030612803824523,1.00101070369293,5.4466883918908686e-05,1.0050169353195948,0.00035174482990054637,0.02595692758236016,0.0013490057186194755,0.0,0.0,0.007417216634200063,0.0025200295309910576,0.0,0.0,0.0,0.0,0.0,0.0,,,,,,,,,,,,,,,23.97,5.277836412706335,0.0,0.0,0.024332306111967128,0.0,39560.459938446686,455.2062817617364,52.026666666666664,14.995215814913179,,,0.0,0.0,5.119999999999999,0.42489831588798316,,,,,,,,,,,,,,,1.0,0.0,0.0,0.0,0.0,0.0,0.0,0.0,0.0,0.0
starlink,isl_p0.01,topological_derived_progress_exceptions_attach,5,552.0,0.0,1.0,0.0,0.0,0.0,3.1079288725516436,0.006255808301725803,3.0695000547875124,0.0017655983410963768,1.0138714461375173,0.0027554266400985515,0.9854589371980677,0.0003891826867523469,0.0,0.0,0.0,0.0,18.95,0.0,18.95,0.0,18.95,0.0,,,,,,,24.0,0.0,0.0,0.0,24.0,0.0,0.1,0.0,23.97,5.277836412706335,0.0,0.0,0.024332306111967128,0.0,7717.152160902818,240.52098431376052,0.0,0.0,201.96999999999997,54.492848574168775,0.0,0.0,5.119999999999999,0.42489831588798316,300.25333333333333,80.33883859260213,8252.606666666667,1037.9290896176808,61.71333333333333,12.723555411395218,0.007898078002244669,0.0021132901565814955,0.3309493750277652,0.009994493425612852,2.0,0.0,0.0,0.0,,,,,,,,,,
starlink,isl_p0.01,topological_derived_progress_repair_exceptions,5,552.0,0.0,1.0,0.0,0.0,0.0,1.0123632515402021,0.002689545662791685,1.0017135785536284,0.00034864403408738196,1.0106285736572829,0.00237864153814353,0.035289855072463766,0.00502125448430834,0.0,0.0,0.0223731884057971,0.007275632629496691,0.0,0.0,0.0,0.0,0.0,0.0,,,,,,,,,,,,,,,23.97,5.277836412706335,0.0,0.0,0.024332306111967128,0.0,43190.69530611237,884.073458759352,0.0,0.0,196.95,45.408554293108935,0.0,0.0,5.119999999999999,0.42489831588798316,281.2233333333333,65.0767444203179,4405.433333333333,1012.4752952573828,74.99,15.848110278958952,0.007397499298540965,0.0017118251373189682,0.30133430340281286,0.009618708218399595,2.0,0.0,0.0,0.0,,,,,,,,,,
starlink,isl_p0.02,link_state,5,552.0,0.0,1.0,0.0,0.0,0.0,1.0,0.0,1.0,0.0,1.0,0.0,0.0,0.0,0.0,0.0,,,,,,,,,,,,,,,,,,,,,,,46.86666666666666,7.41047005376702,0.0,0.0,37.546150059921246,0.0067993330210422125,49441.03132953247,1985.610779217182,0.0,0.0,,,,,9.993333333333334,1.1629971299477346,,,,,,,,,,,,,,,,,,,,,,,,
starlink,isl_p0.02,link_state_attach,5,552.0,0.0,1.0,0.0,0.0,0.0,3.0646857559764444,0.0034660924347131184,3.0646857559764444,0.0034660924347131184,1.0,0.0,0.9854891304347826,0.0004891605847450431,1.0,0.0,0.0,0.0,,,,,,,18.95,0.0,435.85,0.0,435.85,0.0,24.0,0.0,0.0,0.0,24.0,0.0,0.1,0.0,46.86666666666666,7.41047005376702,0.0,0.0,37.65395480225989,0.008692344088205616,48831.62227034569,12025.849440593971,0.0,0.0,,,,,9.993333333333334,1.1629971299477346,,,,,,,,,,,,,,,,,,,,,,,,
starlink,isl_p0.02,topological_derived,5,552.0,0.0,0.8173973429951691,0.03195753773736275,0.18260265700483094,0.03195753773736275,1.007206083702068,0.00040006869549817257,1.0012342959003946,4.433250316711705e-05,1.0059650994797642,0.0004146940143688374,0.03078817914757579,0.0015177365851255433,0.0,0.0,0.013881770492315116,0.0032353262415331626,0.0,0.0,0.0,0.0,0.0,0.0,,,,,,,,,,,,,,,46.86666666666666,7.41047005376702,0.0,0.0,0.024332306111967128,0.0,39691.97669272621,424.37787338723194,100.79666666666667,17.64056083102423,,,0.0,0.0,9.993333333333334,1.1629971299477346,,,,,,,,,,,,,,,1.0,0.0,0.0,0.0,0.0,0.0,0.0,0.0,0.0,0.0
starlink,isl_p0.02,topological_derived_progress_exceptions_attach,5,552.0,0.0,1.0,0.0,0.0,0.0,3.128011138333513,0.007637340082942608,3.0646857559764444,0.0034660924347131184,1.022896779124164,0.0026056341454715626,0.9854891304347826,0.0004891605847450431,0.0,0.0,0.0,0.0,18.95,0.0,18.95,0.0,18.95,0.0,,,,,,,24.0,0.0,0.0,0.0,24.0,0.0,0.1,0.0,46.86666666666666,7.41047005376702,0.0,0.0,0.024332306111967128,0.0,7871.444861044486,160.84428478897132,0.0,0.0,394.15999999999997,71.23324633881943,0.0,0.0,9.993333333333334,1.1629971299477346,590.1533333333333,113.64783598716089,14524.0,2088.5653556566704,120.26333333333335,19.424399764493224,0.015523814534231201,0.0029894738001673207,0.3335793861318172,0.008812765519727766,2.0,0.0,0.0,0.0,,,,,,,,,,
starlink,isl_p0.02,topological_derived_progress_repair_exceptions,5,552.0,0.0,1.0,0.0,0.0,0.0,1.0198288804807765,0.00250035050449766,1.002514013847354,0.00036327938025308704,1.017268437765201,0.0022889428981936067,0.04691425120772947,0.005208663148893557,0.0,0.0,0.041189613526570044,0.007372053647678305,0.0,0.0,0.0,0.0,0.0,0.0,,,,,,,,,,,,,,,46.86666666666666,7.41047005376702,0.0,0.0,0.024332306111967128,0.0,42660.59804777304,1100.254159938538,0.0,0.0,390.84000000000003,69.63059029592476,0.0,0.0,9.993333333333334,1.1629971299477346,565.5566666666666,105.49438846210963,8321.55,1315.5894462196084,148.06,24.25932389543909,0.014876806257014591,0.002774999696499095,0.3097566561347541,0.008090866159244032,2.0,0.0,0.0,0.0,,,,,,,,,,
starlink,isl_p0.05,link_state,5,552.0,0.0,1.0,0.0,0.0,0.0,1.0,0.0,1.0,0.0,1.0,0.0,0.0,0.0,0.0,0.0,,,,,,,,,,,,,,,,,,,,,,,120.75,8.08106638056582,0.0,0.0,37.60672829994864,0.012428286814041553,43396.30848233898,11759.254208113416,0.0,0.0,,,,,25.586666666666666,1.0240936195051273,,,,,,,,,,,,,,,,,,,,,,,,
starlink,isl_p0.05,link_state_attach,5,552.0,0.0,1.0,0.0,0.0,0.0,3.0468822449387134,0.004079493939303256,3.0468822449387134,0.004079493939303256,1.0,0.0,0.9841364734299518,0.0005265112729241306,1.0,0.0,0.0,0.0,,,,,,,18.95,0.0,435.85,0.0,435.85,0.0,24.0,0.0,0.0,0.0,24.0,0.0,0.1,0.0,120.75,8.08106638056582,0.0,0.0,37.72925012840267,0.01179010125088195,52653.10467322668,10571.16635863083,0.0,0.0,,,,,25.586666666666666,1.0240936195051273,,,,,,,,,,,,,,,,,,,,,,,,
starlink,isl_p0.05,topological_derived,5,552.0,0.0,0.6195954106280193,0.01815222673469838,0.3804045893719807,0.01815222673469838,1.0103499221744738,0.000762232255211198,1.002099216068864,0.00023060073177368396,1.0082324639864488,0.0007559843264294859,0.04473961025437023,0.002425100944884038,0.0,0.0,0.03651729329954847,0.0019253849996818714,0.0,0.0,0.0,0.0,0.0,0.0,,,,,,,,,,,,,,,120.75,8.08106638056582,0.0,0.0,0.024332306111967128,0.0,40042.386084795,354.50773384521483,209.98333333333335,10.02002915755349,,,0.0,0.0,25.586666666666666,1.0240936195051273,,,,,,,,,,,,,,,1.0,0.0,0.0,0.0,0.0,0.0,0.0,0.0,0.0,0.0
starlink,isl_p0.05,topological_derived_progress_exceptions_attach,5,552.0,0.0,1.0,0.0,0.0,0.0,3.190477949035576,0.014605353394489954,3.0468822449387134,0.004079493939303256,1.049238681861224,0.0030594937124838817,0.9841364734299518,0.0005265112729241306,0.0,0.0,0.0,0.0,18.95,0.0,18.95,0.0,18.95,0.0,,,,,,,24.0,0.0,0.0,0.0,24.0,0.0,0.1,0.0,120.75,8.08106638056582,0.0,0.0,0.024332306111967128,0.0,8079.435563435157,345.30614611650645,0.0,0.0,1034.84,99.00588919377275,0.0,0.0,25.586666666666666,1.0240936195051273,1605.7066666666665,157.65020365519152,25487.763333333332,835.3332685886453,304.49333333333334,16.44707832828404,0.04223765432098765,0.004146943488404661,0.34743493153086946,0.007889924825433495,2.0,0.0,0.0,0.0,,,,,,,,,,
starlink,isl_p0.05,topological_derived_progress_repair_exceptions,5,552.0,0.0,1.0,0.0,0.0,0.0,1.0394397125363715,0.0026403854145911187,1.0045833188033164,0.000625344558849995,1.0347123197166048,0.0026689698861887367,0.07682367149758454,0.004823749956665019,0.0,0.0,0.0914855072463768,0.006051232444677056,0.0,0.0,0.0,0.0,0.0,0.0,,,,,,,,,,,,,,,120.75,8.08106638056582,0.0,0.0,0.024332306111967128,0.0,43393.37498848637,1097.7352932987858,0.0,0.0,1025.31,69.25892155326063,0.0,0.0,25.586666666666666,1.0240936195051273,1551.4166666666667,110.62428790250362,16844.863333333335,710.5242159466932,374.68333333333334,20.625610464964286,0.04080957140852974,0.002909940233125618,0.3305225997444845,0.005859684429199339,2.8,0.5551999999999999,0.0,0.0,,,,,,,,,,
starlink,isl_p0.10,link_state,5,550.9333333333334,0.9145130706799177,1.0,0.0,0.0,0.0,1.0,0.0,1.0,0.0,1.0,0.0,0.0,0.0,0.0,0.0,,,,,,,,,,,,,,,,,,,,,,,239.17,6.661828068043924,0.0,0.0,37.68382126348228,0.012998552916146067,40846.32500946522,9389.870780125577,0.0,0.0,,,,,50.57333333333334,1.228081539384815,,,,,,,,,,,,,,,,,,,,,,,,
starlink,isl_p0.10,link_state_attach,5,550.9333333333334,0.9145130706799177,0.9980503665980669,0.001655054173856432,0.0019496334019331262,0.001655054173856432,3.016968984413348,0.006075979110367445,3.016968984413348,0.006075979110367445,1.0,0.0,0.9828506420532591,0.0006811869289228682,1.0,0.0,0.0,0.0,,,,,,,18.95,0.0,435.85,0.0,435.85,0.0,24.0,0.0,0.0,0.0,24.0,0.0,0.1,0.0,239.17,6.661828068043924,0.0,0.0,37.782303971922616,0.04561729239409344,43989.4057888786,10934.860835089072,0.0,0.0,,,,,50.57333333333334,1.228081539384815,,,,,,,,,,,,,,,0.0,0.0,1.0,0.0,0.0,0.0,0.0,0.0,0.0,0.0
starlink,isl_p0.10,topological_derived,5,550.9333333333334,0.9145130706799177,0.4206121418296654,0.016929302029674704,0.5793878581703347,0.01692930202967474,1.011366741961395,0.0007966578668477532,1.0034154221554576,0.00033897496349470153,1.0079204337565966,0.0008302306257427197,0.06477989018403493,0.00566073491673317,0.0,0.0,0.08124407798842179,0.006953394122732455,0.0,0.0,0.0,0.0,0.0,0.0,,,,,,,,,,,,,,,239.17,6.661828068043924,0.0,0.0,0.024332306111967128,0.0,39478.59099715948,535.5368904638274,319.2033333333333,9.30014551633828,,,0.0,0.0,50.57333333333334,1.228081539384815,,,,,,,,,,,,,,,1.0,0.0,0.0,0.0,0.0,0.0,0.0,0.0,0.0,0.0
starlink,isl_p0.10,topological_derived_progress_exceptions_attach,5,550.9333333333334,0.9145130706799177,0.9980503665980669,0.001655054173856432,0.0019496334019331262,0.001655054173856432,3.273307848399317,0.018218250792941818,3.016968984413348,0.006075979110367445,1.0856419471898116,0.0039045406435117926,0.9828506420532591,0.0006811869289228682,0.0,0.0,0.0,0.0,18.95,0.0,18.95,0.0,18.95,0.0,,,,,,,24.0,0.0,0.0,0.0,24.0,0.0,0.1,0.0,239.17,6.661828068043924,0.0,0.0,0.024332306111967128,0.0,8232.794601023197,612.0506900351065,0.0,0.0,2108.07,53.29031019497469,0.0,0.0,50.57333333333334,1.228081539384815,3454.1933333333336,115.20409253329618,32276.906666666666,243.1250133389807,580.5433333333333,10.950105114982009,0.09086156705948373,0.003030410683220127,0.35222155981998593,0.007182987543948947,3.2,0.5551999999999999,0.0,0.0,0.0,0.0,1.0,0.0,0.0,0.0,0.0,0.0,0.0,0.0
starlink,isl_p0.10,topological_derived_progress_repair_exceptions,5,550.9333333333334,0.9145130706799177,1.0,0.0,0.0,0.0,1.063304255704416,0.0014610671460474364,1.0067347596858756,0.0006399037045532529,1.0562130359700457,0.001022057274072438,0.10769918414029986,0.008705612768061397,0.0,0.0,0.1570296149839585,0.014342231842512447,0.0,0.0,0.0,0.0,0.0,0.0,,,,,,,,,,,,,,,239.17,6.661828068043924,0.0,0.0,0.024332306111967128,0.0,43232.111211419106,1389.4770262567156,0.0,0.0,2102.27,43.51812366469045,0.0,0.0,50.57333333333334,1.228081539384815,3398.1666666666665,83.87772416361548,24618.986666666668,503.03466161485386,702.86,9.621015110812833,0.08938780162738497,0.002206379528714631,0.34172241323421076,0.008452228681224281,3.4,0.6799783525966101,0.0,0.0,,,,,,,,,,
starlink,isl_p0.20,link_state,5,541.48,3.1416872309424417,1.0,0.0,0.0,0.0,1.0,0.0,1.0,0.0,1.0,0.0,0.0,0.0,0.0,0.0,,,,,,,,,,,,,,,,,,,,,,,469.3066666666667,6.712153310048868,0.0,0.0,37.5128145865434,0.024833471118501625,44372.70235399406,11799.944204258316,0.0,0.0,,,,,101.14333333333335,1.8453151291972953,,,,,,,,,,,,,,,,,,,,,,,,
starlink,isl_p0.20,link_state_attach,5,541.48,3.1416872309424417,0.9798019054121795,0.006260663018034359,0.020198094587820424,0.006260663018034359,3.085401816101011,0.01787964218653647,3.085401816101011,0.01787964218653647,1.0,0.0,0.9773020422142775,0.001195276393947658,1.0,0.0,0.0,0.0,,,,,,,18.95,0.0,435.85,0.0,435.85,0.0,24.0,0.0,0.0,0.0,24.0,0.0,0.1,0.0,469.3066666666667,6.712153310048868,0.0,0.0,37.17394709809964,0.27383305038355155,43007.93352892002,13222.091780829865,0.0,0.0,,,,,101.14333333333335,1.8453151291972953,,,,,,,,,,,,,,,0.0,0.0,1.0,0.0,0.0,0.0,0.0,0.0,0.0,0.0
starlink,isl_p0.20,topological_derived,5,541.48,3.1416872309424417,0.22081271147263343,0.004127256614649551,0.7791872885273665,0.004127256614649546,1.008634577122819,0.001410751886968434,1.004468675497592,0.00047561596916459757,1.004138681493766,0.0010107626624745738,0.06661810354348763,0.005078531034830557,0.0,0.0,0.14422973268888367,0.005188543066180571,0.0,0.0,0.0,0.0,0.0,0.0,,,,,,,,,,,,,,,469.3066666666667,6.712153310048868,0.0,0.0,0.024332306111967128,0.0,39567.14089920123,374.11607090517253,421.91,1.9786019923841804,,,0.0,0.0,101.14333333333335,1.8453151291972953,,,,,,,,,,,,,,,1.0,0.0,0.0,0.0,0.0,0.0,0.0,0.0,0.0,0.0
starlink,isl_p0.20,topological_derived_progress_exceptions_attach,5,541.48,3.1416872309424417,0.9798019054121795,0.006260663018034359,0.020198094587820424,0.006260663018034359,3.4704682745895767,0.01782552880987715,3.085401816101011,0.01787964218653647,1.116488502874638,0.0028440231285915716,0.9773020422142775,0.001195276393947658,0.0,0.0,0.0,0.0,18.95,0.0,18.95,0.0,18.95,0.0,,,,,,,24.0,0.0,0.0,0.0,24.0,0.0,0.1,0.0,469.3066666666667,6.712153310048868,0.0,0.0,0.024332306111967128,0.0,8107.992995629707,311.55533587088064,0.0,0.0,4228.053333333333,172.1542090533207,0.0,0.0,101.14333333333335,1.8453151291972953,7804.7699999999995,311.56115156077584,34902.07,230.25537275851622,1054.4966666666667,17.685776925809893,0.20530224116161616,0.008195526924473256,0.3537194351750936,0.0016790770782574719,3.0,0.0,0.0,0.0,0.0,0.0,1.0,0.0,0.0,0.0,0.0,0.0,0.0,0.0
starlink,isl_p0.20,topological_derived_progress_repair_exceptions,5,541.48,3.1416872309424417,1.0,0.0,0.0,0.0,1.0790102489977529,0.004477045196536312,1.0091923205140325,0.000576353772888877,1.0691511007639218,0.004061903109959055,0.13608199482953015,0.006001831936649094,0.0,0.0,0.277346453534591,0.007248380643034402,0.0,0.0,0.0,0.0,0.0,0.0,,,,,,,,,,,,,,,469.3066666666667,6.712153310048868,0.0,0.0,0.024332306111967128,0.0,42937.69548391303,852.224070627942,0.0,0.0,4220.993333333334,119.25454307348089,0.0,0.0,101.14333333333335,1.8453151291972953,7820.953333333333,212.43808400121196,30938.140000000003,157.04634796520983,1205.2033333333334,10.949203882300154,0.2057279391133558,0.005588123000873628,0.34654907087427267,0.00354331815169367,3.8,0.5551999999999999,0.0,0.0,,,,,,,,,,
starlink,sat_p0.005,link_state,5,552.0,0.0,1.0,0.0,0.0,0.0,1.0,0.0,1.0,0.0,1.0,0.0,0.0,0.0,0.0,0.0,,,,,,,,,,,,,,,,,,,,,,,23.35,9.188832563933245,7.783333333333333,3.062944187977748,37.23786166752269,0.08467816963330937,41658.121711711094,10365.179266570154,0.0,0.0,,,,,0.4133333333333334,0.15303010364703482,,,,,,,,,,,,,,,,,,,,,,,,
starlink,sat_p0.005,link_state_attach,5,552.0,0.0,1.0,0.0,0.0,0.0,3.0673791629398974,0.00409556620998337,3.0673791629398974,0.00409556620998337,1.0,0.0,0.984921497584541,0.00039986672206097847,1.0,0.0,0.0,0.0,,,,,,,18.913333333333334,0.033998917629830455,435.00666666666666,0.7819751054860863,435.00666666666666,0.7819751054860863,24.0,0.0,0.0,0.0,24.0,0.0,0.1,0.0,23.35,9.188832563933245,7.783333333333333,3.062944187977748,37.333042287279575,0.08619498849247095,49305.23703813553,9090.560372650925,0.0,0.0,,,,,0.4133333333333334,0.15303010364703482,,,,,,,,,,,,,,,,,,,,,,,,
starlink,sat_p0.005,topological_derived,5,552.0,0.0,0.9495893719806764,0.02402911221766813,0.05041062801932365,0.02402911221766813,1.005034713168487,0.00043200949355440396,1.0008570208636631,3.2952139873608077e-05,1.0041756982944219,0.00041210786568914276,0.023091358196768583,0.0007706791037569967,0.0,0.0,0.0029478660507364068,0.001704354487378818,0.0,0.0,0.0,0.0,0.0,0.0,,,,,,,,,,,,,,,23.35,9.188832563933245,7.783333333333333,3.062944187977748,0.024285225132682758,4.3655518271481864e-05,38900.875527113676,543.6047341098574,27.826666666666664,13.264069944152803,,,0.0,0.0,0.4133333333333334,0.15303010364703482,,,,,,,,,,,,,,,1.0,0.0,0.0,0.0,0.0,0.0,0.0,0.0,0.0,0.0
starlink,sat_p0.005,topological_derived_progress_exceptions_attach,5,552.0,0.0,1.0,0.0,0.0,0.0,3.0900509891557717,0.0035148147573923123,3.0673791629398974,0.00409556620998337,1.008095299609673,0.00211507437797013,0.984921497584541,0.00039986672206097847,0.0,0.0,0.0,0.0,18.913333333333334,0.033998917629830455,18.913333333333334,0.033998917629830455,18.913333333333334,0.033998917629830455,,,,,,,24.0,0.0,0.0,0.0,24.0,0.0,0.1,0.0,23.35,9.188832563933245,7.783333333333333,3.062944187977748,0.024285225132682758,4.3655518271481864e-05,7594.902015080055,610.5005886832915,0.0,0.0,94.23666666666666,35.398585243734736,0.0,0.0,0.4133333333333334,0.15303010364703482,140.99,51.92308818241586,4095.22,1645.4059336063506,30.743333333333332,9.96254236373204,0.003708701599326599,0.0013658219744953667,0.3325848690166314,0.021412170644272678,1.4,0.6799783525966101,0.0,0.0,,,,,,,,,,
starlink,sat_p0.005,topological_derived_progress_repair_exceptions,5,552.0,0.0,1.0,0.0,0.0,0.0,1.0078610499565837,0.001880962865224278,1.0011663584890933,0.00025263264205079743,1.0066887514997842,0.0016379897729994469,0.02777777777777778,0.0032226298250550944,0.0,0.0,0.009245169082125604,0.004712943251866231,0.0,0.0,0.0,0.0,0.0,0.0,,,,,,,,,,,,,,,23.35,9.188832563933245,7.783333333333333,3.062944187977748,0.024285225132682758,4.3655518271481864e-05,43361.9188387692,1334.5983519012336,0.0,0.0,98.5,39.5085747215237,0.0,0.0,0.4133333333333334,0.15303010364703482,142.21333333333334,56.092114939475124,2279.4433333333336,1017.7482935199682,38.79,13.851892300245478,0.0037408810325476995,0.0014754870301840045,0.3085985747406529,0.006715062318392911,1.4,0.6799783525966101,0.0,0.0,,,,,,,,,,
starlink,sat_p0.01,link_state,5,552.0,0.0,1.0,0.0,0.0,0.0,1.0,0.0,1.0,0.0,1.0,0.0,0.0,0.0,0.0,0.0,,,,,,,,,,,,,,,,,,,,,,,52.53666666666667,20.0743725071257,17.563333333333333,6.748234020390487,36.907873223763055,0.23359388250151902,40791.200689822435,5674.11032148319,0.0,0.0,,,,,0.7766666666666666,0.16656000000000004,,,,,,,,,,,,,,,,,,,,,,,,
starlink,sat_p0.01,link_state_attach,5,552.0,0.0,1.0,0.0,0.0,0.0,3.0639742785108353,0.004536138889253109,3.0639742785108353,0.004536138889253109,1.0,0.0,0.9846376811594203,0.0006939068643892939,1.0,0.0,0.0,0.0,,,,,,,18.866666666666667,0.06032435292280847,433.9333333333333,1.3874601172245922,433.9333333333333,1.3874601172245922,24.0,0.0,0.0,0.0,24.0,0.0,0.1,0.0,52.53666666666667,20.0743725071257,17.563333333333333,6.748234020390487,36.99824944358843,0.23671869136091356,47441.07734113932,4277.273637455899,0.0,0.0,,,,,0.7766666666666666,0.16656000000000004,,,,,,,,,,,,,,,,,,,,,,,,
starlink,sat_p0.01,topological_derived,5,552.0,0.0,0.8966666666666667,0.03839444263029346,0.10333333333333332,0.03839444263029346,1.005805119573055,0.00036986142372909795,1.000988573436441,5.874801561976819e-05,1.0048128599041324,0.00037240237564663796,0.025268241251414147,0.0009690463416491794,0.0,0.0,0.005934498870178873,0.002854749966542892,0.0,0.0,0.0,0.0,0.0,0.0,,,,,,,,,,,,,,,52.53666666666667,20.0743725071257,17.563333333333333,6.748234020390487,0.024225303886320836,7.745808028095516e-05,39333.76739899317,194.9793215298233,57.04,21.193732331921986,,,0.0,0.0,0.7766666666666666,0.16656000000000004,,,,,,,,,,,,,,,1.0,0.0,0.0,0.0,0.0,0.0,0.0,0.0,0.0,0.0
starlink,sat_p0.01,topological_derived_progress_exceptions_attach,5,552.0,0.0,1.0,0.0,0.0,0.0,3.0997557713186206,0.009032877223347125,3.0639742785108353,0.004536138889253109,1.012822331241825,0.002394864968866037,0.9846376811594203,0.0006939068643892939,0.0,0.0,0.0,0.0,18.866666666666667,0.06032435292280847,18.866666666666667,0.06032435292280847,18.866666666666667,0.06032435292280847,,,,,,,24.0,0.0,0.0,0.0,24.0,0.0,0.1,0.0,52.53666666666667,20.0743725071257,17.563333333333333,6.748234020390487,0.024225303886320836,7.745808028095516e-05,7856.445731371641,398.6409100437941,0.0,0.0,215.58333333333331,78.6721969849973,0.0,0.0,0.7766666666666666,0.16656000000000004,329.7966666666667,130.23989862129957,8333.553333333333,2553.9306056641863,66.05333333333333,27.673807877553344,0.008675206930415263,0.0034259232591882256,0.33906695379930885,0.016710715067544814,2.0,0.0,0.0,0.0,,,,,,,,,,
starlink,sat_p0.01,topological_derived_progress_repair_exceptions,5,552.0,0.0,1.0,0.0,0.0,0.0,1.0117040513464866,0.0023780568836923085,1.0015467713741233,0.00023294531597449424,1.010144324065991,0.0021411852428623083,0.033454106280193234,0.003576123817165115,0.0,0.0,0.018278985507246374,0.007738512305689899,0.0,0.0,0.0,0.0,0.0,0.0,,,,,,,,,,,,,,,52.53666666666667,20.0743725071257,17.563333333333333,6.748234020390487,0.024225303886320836,7.745808028095516e-05,42040.928713430956,859.992319141822,0.0,0.0,215.2,77.35905791347543,0.0,0.0,0.7766666666666666,0.16656000000000004,319.65999999999997,125.34195102313171,4642.376666666666,1490.5270178214112,81.91,33.179641217520384,0.008408564814814815,0.003297084149387935,0.3191324609722702,0.023861771450015418,2.0,0.0,0.0,0.0,,,,,,,,,,
starlink,sat_p0.02,link_state,5,552.0,0.0,1.0,0.0,0.0,0.0,1.0,0.0,1.0,0.0,1.0,0.0,0.0,0.0,0.0,0.0,,,,,,,,,,,,,,,,,,,,,,,95.85,19.08833371287871,32.38666666666667,6.56058070513748,36.489494521486044,0.19702228077739425,43096.857982724905,4846.723770082571,0.0,0.0,,,,,1.5533333333333332,0.1812094704417454,,,,,,,,,,,,,,,,,,,,,,,,
starlink,sat_p0.02,link_state_attach,5,552.0,0.0,1.0,0.0,0.0,0.0,3.0547485696354544,0.013250963460711836,3.0547485696354544,0.013250963460711836,1.0,0.0,0.9839492753623189,0.0014294571245374393,1.0,0.0,0.0,0.0,,,,,,,18.833333333333336,0.04389241392313669,433.1666666666667,1.0095255202321582,433.1666666666667,1.0095255202321582,24.0,0.0,0.0,0.0,24.0,0.0,0.11000000000000001,0.011332972543276833,95.85,19.08833371287871,32.38666666666667,6.56058070513748,36.572588169833935,0.20263547068862564,47142.15672582388,6502.528245026066,0.0,0.0,,,,,1.5533333333333332,0.1812094704417454,,,,,,,,,,,,,,,,,,,,,,,,
starlink,sat_p0.02,topological_derived,5,552.0,0.0,0.8304589371980675,0.03166871828905616,0.16954106280193237,0.03166871828905616,1.0072169406193985,0.0006754095910264984,1.0011711815546982,0.00014843959471483445,1.006039433862886,0.0005330282318804243,0.028811115353712186,0.002539473824783537,0.0,0.0,0.013443868917840001,0.007218756774476317,0.0,0.0,0.0,0.0,0.0,0.0,,,,,,,,,,,,,,,95.85,19.08833371287871,32.38666666666667,6.56058070513748,0.024182502996062318,5.6359031745169665e-05,39018.53028784196,578.5510841750752,93.58666666666667,17.481132495558995,,,0.0,0.0,1.5533333333333332,0.1812094704417454,,,,,,,,,,,,,,,1.0,0.0,0.0,0.0,0.0,0.0,0.0,0.0,0.0,0.0
starlink,sat_p0.02,topological_derived_progress_exceptions_attach,5,552.0,0.0,1.0,0.0,0.0,0.0,3.112952259594953,0.017688412313319413,3.0547485696354544,0.013250963460711836,1.0210118248364732,0.003945486760843574,0.9839492753623189,0.0014294571245374393,0.0,0.0,0.0,0.0,18.833333333333336,0.04389241392313669,18.833333333333336,0.04389241392313669,18.833333333333336,0.04389241392313669,,,,,,,24.0,0.0,0.0,0.0,24.0,0.0,0.11000000000000001,0.011332972543276833,95.85,19.08833371287871,32.38666666666667,6.56058070513748,0.024182502996062318,5.6359031745169665e-05,7854.130189071099,361.74538031861783,0.0,0.0,399.44,72.41993746400566,0.0,0.0,1.5533333333333332,0.1812094704417454,597.1366666666667,102.53375869218749,13392.496666666668,1809.3478998214398,118.7,24.18925581533163,0.015707509118967452,0.002697121177719578,0.32673068190934007,0.014993377219518027,2.0,0.0,0.0,0.0,,,,,,,,,,
starlink,sat_p0.02,topological_derived_progress_repair_exceptions,5,552.0,0.0,1.0,0.0,0.0,0.0,1.0174547007830217,0.0023092167633657562,1.0020299121307894,0.00029893825887470884,1.015396944554411,0.0020100031354714437,0.042228260869565215,0.005547267112364943,0.0,0.0,0.034045893719806763,0.010760037834825023,0.0,0.0,0.0,0.0,0.0,0.0,,,,,,,,,,,,,,,95.85,19.08833371287871,32.38666666666667,6.56058070513748,0.024182502996062318,5.6359031745169665e-05,41480.481458604336,1076.2572931212349,0.0,0.0,393.40666666666664,77.11570361959745,0.0,0.0,1.5533333333333332,0.1812094704417454,567.3966666666668,107.97026136130141,7615.009999999999,1129.0012194105916,145.58333333333331,29.97315574357236,0.014925206930415264,0.002840126824529183,0.3022206938725135,0.019115269591419782,2.0,0.0,0.0,0.0,,,,,,,,,,
starlink,sat_p0.05,link_state,5,552.0,0.0,1.0,0.0,0.0,0.0,1.0,0.0,1.0,0.0,1.0,0.0,0.0,0.0,0.0,0.0,,,,,,,,,,,,,,,,,,,,,,,217.58666666666667,11.600423535608993,73.84333333333333,4.039972906267788,35.13326485190892,0.3764476910479002,53590.86937223872,7000.366721715615,0.0,0.0,,,,,3.8200000000000003,0.4522315210400778,,,,,,,,,,,,,,,,,,,,,,,,
starlink,sat_p0.05,link_state_attach,5,552.0,0.0,1.0,0.0,0.0,0.0,3.0312174712588584,0.015039913215525667,3.0312174712588584,0.015039913215525667,1.0,0.0,0.9808635265700483,0.0007423315622650782,1.0,0.0,0.0,0.0,,,,,,,18.623333333333335,0.14747386600871293,428.3366666666667,3.391898918200359,428.3366666666667,3.391898918200359,24.0,0.0,0.0,0.0,24.0,0.0,0.11666666666666667,0.020691082351798045,217.58666666666667,11.600423535608993,73.84333333333333,4.039972906267788,35.2070193460024,0.38224099990626464,55706.651482631765,11788.366502654717,0.0,0.0,,,,,3.8200000000000003,0.4522315210400778,,,,,,,,,,,,,,,,,,,,,,,,
starlink,sat_p0.05,topological_derived,5,552.0,0.0,0.6470229468599034,0.0335415028097337,0.3529770531400966,0.0335415028097337,1.0100150341566985,0.0007970768774931945,1.001907725457578,0.00010827397766767346,1.008092730009534,0.0007403623091359123,0.040964267953912656,0.001923956146471236,0.0,0.0,0.028370801467384577,0.007118011212517538,0.0,0.0,0.0,0.0,0.0,0.0,,,,,,,,,,,,,,,217.58666666666667,11.600423535608993,73.84333333333333,4.039972906267788,0.023912857387433657,0.00018936038265114546,39077.61183922489,2612.7338529113927,194.84333333333333,18.51490955097299,,,0.0,0.0,3.8200000000000003,0.4522315210400778,,,,,,,,,,,,,,,1.0,0.0,0.0,0.0,0.0,0.0,0.0,0.0,0.0,0.0
starlink,sat_p0.05,topological_derived_progress_exceptions_attach,5,552.0,0.0,1.0,0.0,0.0,0.0,3.1507783412959904,0.007200270593435267,3.0312174712588584,0.015039913215525667,1.0415356756195941,0.0037424888780087707,0.9808635265700483,0.0007423315622650782,0.0,0.0,0.0,0.0,18.623333333333335,0.14747386600871293,18.623333333333335,0.14747386600871293,18.623333333333335,0.14747386600871293,,,,,,,24.0,0.0,0.0,0.0,24.0,0.0,0.11666666666666667,0.020691082351798045,217.58666666666667,11.600423535608993,73.84333333333333,4.039972906267788,0.023912857387433657,0.00018936038265114546,8053.732038289309,175.45038865940438,0.0,0.0,909.0433333333334,66.33228877921152,0.0,0.0,3.8200000000000003,0.4522315210400778,1399.9466666666667,118.49253687556946,22904.94,1099.6670908239971,262.01,19.429667799728897,0.03682519640852974,0.00311691227050635,0.33307154220028373,0.020528901396063556,2.0,0.0,0.0,0.0,,,,,,,,,,
starlink,sat_p0.05,topological_derived_progress_repair_exceptions,5,552.0,0.0,1.0,0.0,0.0,0.0,1.0344569524483396,0.0033590387331582485,1.0034503522268772,0.00019685983703521397,1.0309255953224972,0.003193925863553313,0.06532004830917874,0.0028248249250728617,0.0,0.0,0.06864130434782609,0.006980484294953212,0.0,0.0,0.0,0.0,0.0,0.0,,,,,,,,,,,,,,,217.58666666666667,11.600423535608993,73.84333333333333,4.039972906267788,0.023912857387433657,0.00018936038265114546,45308.076587965086,4354.208333013215,0.0,0.0,895.97,50.25259148902517,0.0,0.0,3.8200000000000003,0.4522315210400778,1353.7433333333333,91.65860432677,15081.706666666669,1044.6748756160189,322.2,20.6730577409557,0.03560983094837262,0.002411053354555188,0.32000713320409224,0.019294080774945314,2.0,0.0,0.0,0.0,,,,,,,,,,
starlink,void_b2,link_state,5,552.0,0.0,1.0,0.0,0.0,0.0,1.0,0.0,1.0,0.0,1.0,0.0,0.0,0.0,0.0,0.0,,,,,,,,,,,,,,,,,,,,,,,9.0,0.0,4.0,0.0,37.36934600239685,0.034366411736778894,56346.16687963406,10986.45785188364,0.0,0.0,,,,,0.06666666666666667,0.0,,,,,,,,,,,,,,,,,,,,,,,,
starlink,void_b2,link_state_attach,5,552.0,0.0,1.0,0.0,0.0,0.0,3.073077056687109,0.0009743077855439773,3.073077056687109,0.0009743077855439773,1.0,0.0,0.9850905797101449,0.00047517334403104265,1.0,0.0,0.0,0.0,,,,,,,18.926666666666666,0.023591463616222823,435.31333333333333,0.5426036631731311,435.31333333333333,0.5426036631731311,24.0,0.0,0.0,0.0,24.0,0.0,0.1,0.0,9.0,0.0,4.0,0.0,37.468753210066765,0.03453283821676251,61021.50827606519,9773.416983403424,0.0,0.0,,,,,0.06666666666666667,0.0,,,,,,,,,,,,,,,,,,,,,,,,
starlink,void_b2,topological_derived,5,552.0,0.0,0.9860024154589372,0.006233406742691176,0.01399758454106279,0.006233406742691176,1.004246260232124,9.987333992666636e-05,1.0007712385346381,5.037757474797602e-06,1.0034746726031405,9.849151263754911e-05,0.021264174349256558,0.00014989432656299068,0.0,0.0,0.0002949416997546403,0.00034817772899486537,0.0,0.0,0.0,0.0,0.0,0.0,,,,,,,,,,,,,,,9.0,0.0,4.0,0.0,0.024302345488786167,3.0292069358271023e-05,45392.50114465754,1540.9630214456279,7.726666666666667,3.440840521965527,,,0.0,0.0,0.06666666666666667,0.0,,,,,,,,,,,,,,,1.0,0.0,0.0,0.0,0.0,0.0,0.0,0.0,0.0,0.0
starlink,void_b2,topological_derived_progress_exceptions_attach,5,552.0,0.0,1.0,0.0,0.0,0.0,3.0870232249409373,0.0008297922252907373,3.073077056687109,0.0009743077855439773,1.004838641289235,0.000358177390395791,0.9850905797101449,0.00047517334403104265,0.0,0.0,0.0,0.0,18.926666666666666,0.023591463616222823,18.926666666666666,0.023591463616222823,18.926666666666666,0.023591463616222823,,,,,,,24.0,0.0,0.0,0.0,24.0,0.0,0.1,0.0,9.0,0.0,4.0,0.0,0.024302345488786167,3.0292069358271023e-05,7250.3897777199745,488.958525624128,0.0,0.0,24.32,1.227192263194501,0.0,0.0,0.06666666666666667,0.0,37.13333333333333,2.4805578960297523,1225.0566666666668,256.4958782699043,8.016666666666666,0.8105254493228449,0.0009767817059483726,6.525036553108565e-05,0.34789566792616444,0.018000568431116668,1.6,0.6799783525966101,0.0,0.0,,,,,,,,,,
starlink,void_b2,topological_derived_progress_repair_exceptions,5,552.0,0.0,1.0,0.0,0.0,0.0,1.0049442697990105,0.0003543402600202752,1.0008414589649814,5.5246233271807896e-05,1.0041011460557785,0.00031838654407940624,0.02257850241545894,0.0015043589038807256,0.0,0.0,0.002240338164251208,0.0015275299155451854,0.0,0.0,0.0,0.0,0.0,0.0,,,,,,,,,,,,,,,9.0,0.0,4.0,0.0,0.024302345488786167,3.0292069358271023e-05,49198.25821643074,1381.6938724057818,0.0,0.0,24.55,1.8138067622177023,0.0,0.0,0.06666666666666667,0.0,37.37,3.500873658223678,682.1533333333333,184.63524845933446,10.14,1.4701301586518711,0.0009830071548821548,9.208947964603531e-05,0.34191087139276843,0.026651423602393785,1.4,0.6799783525966101,0.0,0.0,,,,,,,,,,
starlink,void_b4,link_state,5,552.0,0.0,1.0,0.0,0.0,0.0,1.0,0.0,1.0,0.0,1.0,0.0,0.0,0.0,0.0,0.0,,,,,,,,,,,,,,,,,,,,,,,30.0,0.0,16.0,0.0,37.051102122924156,0.11606579394417355,54358.40171858668,6242.749489080561,0.0,0.0,,,,,0.26666666666666666,0.0,,,,,,,,,,,,,,,,,,,,,,,,
starlink,void_b4,link_state_attach,5,552.0,0.0,1.0,0.0,0.0,0.0,3.064117586728801,0.012559385513876904,3.064117586728801,0.012559385513876904,1.0,0.0,0.9844746376811594,0.0005593765293306288,1.0,0.0,0.0,0.0,,,,,,,18.91,0.06955405124393856,434.93,1.5997431786105825,434.93,1.5997431786105825,24.0,0.0,0.0,0.0,24.0,0.0,0.10333333333333335,0.00925333333333333,30.0,0.0,16.0,0.0,37.14272384865605,0.13847034678492387,56460.05662679672,2595.9818350448268,0.0,0.0,,,,,0.26666666666666666,0.0,,,,,,,,,,,,,,,,,,,,,,,,
starlink,void_b4,topological_derived,5,552.0,0.0,0.9722101449275362,0.014080326220460812,0.027789855072463787,0.014080326220460812,1.00430795137971,0.00017627754008468462,1.0007810944539632,1.40893707705216e-05,1.0035263512573867,0.00017273844961024506,0.02134775391583386,0.0003837913605450429,0.0,0.0,0.00039947461790264857,0.00030934659320071625,0.0,0.0,0.0,0.0,0.0,0.0,,,,,,,,,,,,,,,30.0,0.0,16.0,0.0,0.024280945043656906,8.93092594298144e-05,43721.27582296729,2383.4025079589715,15.34,7.772340073694378,,,0.0,0.0,0.26666666666666666,0.0,,,,,,,,,,,,,,,1.0,0.0,0.0,0.0,0.0,0.0,0.0,0.0,0.0,0.0
starlink,void_b4,topological_derived_progress_exceptions_attach,5,552.0,0.0,1.0,0.0,0.0,0.0,3.0825022844329952,0.010356369538846449,3.064117586728801,0.012559385513876904,1.0062482124781755,0.001165266777339602,0.9844746376811594,0.0005593765293306288,0.0,0.0,0.0,0.0,18.91,0.06955405124393856,18.91,0.06955405124393856,18.91,0.06955405124393856,,,,,,,24.0,0.0,0.0,0.0,24.0,0.0,0.10333333333333335,0.00925333333333333,30.0,0.0,16.0,0.0,0.024280945043656906,8.93092594298144e-05,10679.422579159338,1332.7337222107826,0.0,0.0,47.586666666666666,3.2254338040297434,0.0,0.0,0.26666666666666666,0.0,73.60999999999999,6.069643573265969,2040.6233333333334,554.9456091490213,14.569999999999999,2.2710477697798925,0.0019362899831649831,0.0001596602370913817,0.3541223766637336,0.045591416292239215,2.0,0.0,0.0,0.0,,,,,,,,,,
starlink,void_b4,topological_derived_progress_repair_exceptions,5,552.0,0.0,1.0,0.0,0.0,0.0,1.0059831194402595,0.0011403663529120163,1.0009260062603407,9.288904217080011e-05,1.005051019994907,0.001048479473228494,0.02426328502415459,0.0017942588997085062,0.0,0.0,0.004589371980676328,0.003259262879362682,0.0,0.0,0.0,0.0,0.0,0.0,,,,,,,,,,,,,,,30.0,0.0,16.0,0.0,0.024280945043656906,8.93092594298144e-05,46610.42203078668,1418.4260398297456,0.0,0.0,48.04333333333334,2.987429745792267,0.0,0.0,0.26666666666666666,0.0,75.3,3.17865805619639,1256.71,445.92891562131956,19.68,1.618830931588183,0.0019807449494949497,8.361369045129386e-05,0.34788615454440663,0.038751063596649225,2.2,0.5551999999999999,0.0,0.0,,,,,,,,,,
starlink,void_b8,link_state,2,552.0,0.0,1.0,0.0,0.0,0.0,1.0,0.0,1.0,0.0,1.0,0.0,0.0,0.0,0.0,0.0,,,,,,,,,,,,,,,,,,,,,,,108.0,0.0,64.0,0.0,35.77306967984934,1.3889369970895291,52292.587769031525,2575.3410533850697,0.0,0.0,,,,,1.0666666666666667,0.0,,,,,,,,,,,,,,,,,,,,,,,,
starlink,void_b8,link_state_attach,5,552.0,0.0,1.0,0.0,0.0,0.0,2.96401277198326,0.08049584404722704,2.96401277198326,0.08049584404722704,1.0,0.0,0.9830314009661836,0.002180355059232735,1.0,0.0,0.0,0.0,,,,,,,18.586666666666666,0.3156322715510001,427.49333333333334,7.25954224567299,427.49333333333334,7.25954224567299,24.0,0.0,0.0,0.0,24.0,0.0,0.10333333333333335,0.00925333333333333,108.0,0.0,64.0,0.0,35.34047038178394,0.6834188990193308,34674.49951976538,23944.77689507889,0.0,0.0,,,,,1.0666666666666667,0.0,,,,,,,,,,,,,,,,,,,,,,,,
starlink,void_b8,topological_derived,5,552.0,0.0,0.9564553140096619,0.02035168087551776,0.03742451690821258,0.1168169384057975,1.0042192216755894,0.00013667145951635272,1.000791724238446,5.755929793448127e-05,1.0034269189502034,0.00018966635636632367,0.021047827228980243,0.001827321821857395,0.0,0.0,0.0004360681859846144,0.0002928944694419472,0.0,0.0,0.0,0.0,0.0,0.0,,,,,,,,,,,,,,,108.0,0.0,64.0,0.0,0.02386577640814929,0.00040528026650102914,26554.956763138372,18153.787414634022,24.03666666666667,11.234127843285783,,,0.0,0.0,1.0666666666666667,0.0,,,,,,,,,,,,,,,1.0,0.0,0.0,0.0,0.0,0.0,0.0,0.0,0.0,0.0
starlink,void_b8,topological_derived_progress_exceptions_attach,5,552.0,0.0,1.0,0.0,0.0,0.0,2.9889426441966194,0.08230883597265047,2.96401277198326,0.08049584404722704,1.0084107228044545,0.0026381867692459736,0.9830314009661836,0.002180355059232735,0.0,0.0,0.0,0.0,18.586666666666666,0.3156322715510001,18.586666666666666,0.3156322715510001,18.586666666666666,0.3156322715510001,,,,,,,24.0,0.0,0.0,0.0,24.0,0.0,0.10333333333333335,0.00925333333333333,108.0,0.0,64.0,0.0,0.02386577640814929,0.00040528026650102914,6684.2281351486845,5972.0274136273265,0.0,0.0,88.33,6.379809295875021,0.0,0.0,1.0666666666666667,0.0,133.39333333333335,20.654927237372576,2978.2233333333334,1179.7743047194547,23.21,3.428375609501126,0.0035088734567901235,0.0005433219496362737,0.3376274168661103,0.0791841086356114,2.4,0.6799783525966101,0.0,0.0,,,,,,,,,,
starlink,void_b8,topological_derived_progress_repair_exceptions,5,552.0,0.0,1.0,0.0,0.0,0.0,1.0076824974076024,0.0020922113368544884,1.0010086371898226,0.00010942593785985781,1.0066498237073518,0.0020547760954038887,0.02580314009661836,0.0029068232276907783,0.0,0.0,0.006388888888888888,0.004736154624219806,0.0,0.0,0.0,0.0,0.0,0.0,,,,,,,,,,,,,,,108.0,0.0,64.0,0.0,0.02386577640814929,0.00040528026650102914,28338.697834064562,19070.400245794182,0.0,0.0,82.96333333333334,10.117234733186732,0.0,0.0,1.0666666666666667,0.0,127.46333333333334,10.6901173312426,2015.3266666666666,487.9726309436068,36.89333333333333,2.652238432184322,0.0033528865039281707,0.00028120047693714733,0.3777893586488402,0.059913072807561446,4.4,1.1103999999999998,0.0,0.0,,,,,,,,,,
starlink,cut,link_state,1,518.3166666666667,,1.0,,0.0,,1.0,,1.0,,1.0,,0.0,,0.0,,,,,,,,,,,,,,,,,,,,,,,,22.0,,0.0,,35.29968113336757,,47592.653734982014,,0.0,,,,,,0.36666666666666664,,,,,,,,,,,,,,,,,,,,,,,,,
starlink,cut,link_state_attach,1,518.3166666666667,,0.5295347117270652,,0.47046528827293477,,2.1724225116778677,,2.1724225116778677,,1.0,,0.9707918387175127,,1.0,,0.0,,,,,,,,18.95,,435.85,,435.85,,24.0,,0.0,,24.0,,0.1,,22.0,,0.0,,18.797123780174626,,30191.68185144663,,0.0,,,,,,0.36666666666666664,,,,,,,,,,,,,,,,0.0,,1.0,,0.0,,0.0,,0.0,
starlink,cut,topological_derived,1,518.3166666666667,,0.8442715199845654,,0.1557284800154346,,1.0038835507854578,,1.000832875681617,,1.0030503646001547,,0.020719073735527116,,0.0,,0.001980499695307739,,0.0,,0.0,,0.0,,,,,,,,,,,,,,,,22.0,,0.0,,0.024332306111967128,,39388.56835464636,,80.71666666666667,,,,0.0,,0.36666666666666664,,,,,,,,,,,,,,,,1.0,,0.0,,0.0,,0.0,,0.0,
starlink,cut,topological_derived_progress_exceptions_attach,1,518.3166666666667,,0.5295347117270652,,0.47046528827293477,,2.1815947821322683,,2.1724225116778677,,1.0040770000615844,,0.9707918387175127,,0.0,,0.0,,18.95,,18.95,,18.95,,,,,,,,24.0,,0.0,,24.0,,0.1,,22.0,,0.0,,0.024332306111967128,,6751.598550627629,,0.0,,442.21666666666664,,0.0,,0.36666666666666664,,0.0,,0.0,,0.0,,0.0,,,,0.0,,0.0,,0.0,,1.0,,0.0,,0.0,,0.0,
starlink,cut,topological_derived_progress_repair_exceptions,1,518.3166666666667,,1.0,,0.0,,1.0447490957951877,,1.0005966884853483,,1.0441502883531635,,0.01771761149876202,,0.0,,0.15740055950352103,,0.0,,0.0,,0.0,,,,,,,,,,,,,,,,22.0,,0.0,,0.024332306111967128,,44126.9758241872,,0.0,,296.76666666666665,,0.0,,0.36666666666666664,,1311.0833333333333,,5209.816666666667,,353.6666666666667,,0.03448767185746352,,6.60278395728723,,32.0,,0.0,,,,,,,,,,,
starlink,polar_lat75,link_state,1,552.0,,1.0,,0.0,,1.0,,1.0,,1.0,,0.0,,0.0,,,,,,,,,,,,,,,,,,,,,,,,0.0,,0.0,,37.50339197055299,,32028.718130042154,,0.0,,,,,,0.0,,,,,,,,,,,,,,,,,,,,,,,,,
starlink,polar_lat75,link_state_attach,1,552.0,,1.0,,0.0,,3.0747650249317466,,3.0747650249317466,,1.0,,0.9854468599033817,,1.0,,0.0,,,,,,,,18.95,,435.85,,435.85,,24.0,,0.0,,24.0,,0.1,,0.0,,0.0,,37.60532229070365,,57269.595604638256,,0.0,,,,,,0.0,,,,,,,,,,,,,,,,,,,,,,,,,
starlink,polar_lat75,topological_derived,1,552.0,,1.0,,0.0,,1.0040672375589494,,1.0007599708367034,,1.0033069348276775,,0.020984299516908212,,0.0,,0.0,,0.0,,0.0,,0.0,,,,,,,,,,,,,,,,0.0,,0.0,,0.024332306111967128,,39543.51225768527,,0.0,,,,0.0,,0.0,,,,,,,,,,,,,,,,,,,,,,,,,
starlink,polar_lat75,topological_derived_progress_exceptions_attach,1,552.0,,1.0,,0.0,,3.0856494089510678,,3.0747650249317466,,1.003745337179895,,0.9854468599033817,,0.0,,0.0,,18.95,,18.95,,18.95,,,,,,,,24.0,,0.0,,24.0,,0.1,,0.0,,0.0,,0.024332306111967128,,7212.284204363823,,0.0,,0.0,,0.0,,0.0,,0.0,,0.0,,0.0,,0.0,,,,0.0,,0.0,,,,,,,,,,,
starlink,polar_lat75,topological_derived_progress_repair_exceptions,1,552.0,,1.0,,0.0,,1.0040672375589494,,1.0007599708367034,,1.0033069348276775,,0.020984299516908212,,0.0,,0.0,,0.0,,0.0,,0.0,,,,,,,,,,,,,,,,0.0,,0.0,,0.024332306111967128,,42543.13774754604,,0.0,,0.0,,0.0,,0.0,,0.0,,0.0,,0.0,,0.0,,,,0.0,,0.0,,,,,,,,,,,
starlink,polar_lat60,link_state,1,552.0,,1.0,,0.0,,1.0,,1.0,,1.0,,0.0,,0.0,,,,,,,,,,,,,,,,,,,,,,,,0.0,,0.0,,37.50339197055299,,49392.93453792731,,0.0,,,,,,0.0,,,,,,,,,,,,,,,,,,,,,,,,,
starlink,polar_lat60,link_state_attach,1,552.0,,1.0,,0.0,,3.0747650249317466,,3.0747650249317466,,1.0,,0.9854468599033817,,1.0,,0.0,,,,,,,,18.95,,435.85,,435.85,,24.0,,0.0,,24.0,,0.1,,0.0,,0.0,,37.60532229070365,,53115.26614154378,,0.0,,,,,,0.0,,,,,,,,,,,,,,,,,,,,,,,,,
starlink,polar_lat60,topological_derived,1,552.0,,1.0,,0.0,,1.0040672375589494,,1.0007599708367034,,1.0033069348276775,,0.020984299516908212,,0.0,,0.0,,0.0,,0.0,,0.0,,,,,,,,,,,,,,,,0.0,,0.0,,0.024332306111967128,,39729.02425080538,,0.0,,,,0.0,,0.0,,,,,,,,,,,,,,,,,,,,,,,,,
starlink,polar_lat60,topological_derived_progress_exceptions_attach,1,552.0,,1.0,,0.0,,3.0856494089510678,,3.0747650249317466,,1.003745337179895,,0.9854468599033817,,0.0,,0.0,,18.95,,18.95,,18.95,,,,,,,,24.0,,0.0,,24.0,,0.1,,0.0,,0.0,,0.024332306111967128,,6975.25115609169,,0.0,,0.0,,0.0,,0.0,,0.0,,0.0,,0.0,,0.0,,,,0.0,,0.0,,,,,,,,,,,
starlink,polar_lat60,topological_derived_progress_repair_exceptions,1,552.0,,1.0,,0.0,,1.0040672375589494,,1.0007599708367034,,1.0033069348276775,,0.020984299516908212,,0.0,,0.0,,0.0,,0.0,,0.0,,,,,,,,,,,,,,,,0.0,,0.0,,0.024332306111967128,,42135.18974160155,,0.0,,0.0,,0.0,,0.0,,0.0,,0.0,,0.0,,0.0,,,,0.0,,0.0,,,,,,,,,,,
