time_index,time_since_epoch_ns,fstate_size_min,fstate_size_max,fstate_size_mean,fstate_size_median,fstate_size_p95,fstate_size_count,fstate_installed_min,fstate_installed_max,fstate_installed_mean,fstate_installed_median,fstate_installed_p95,fstate_installed_count,fstate_markers_min,fstate_markers_max,fstate_markers_mean,fstate_markers_median,fstate_markers_p95,fstate_markers_count,fstate_neighbors_min,fstate_neighbors_max,fstate_neighbors_mean,fstate_neighbors_median,fstate_neighbors_p95,fstate_neighbors_count,strict_header_bytes_min,strict_header_bytes_max,strict_header_bytes_mean,strict_header_bytes_median,strict_header_bytes_p95,strict_header_bytes_count,srv6_srh_bytes_min,srv6_srh_bytes_max,srv6_srh_bytes_mean,srv6_srh_bytes_median,srv6_srh_bytes_p95,srv6_srh_bytes_count,stretch_hop_min,stretch_hop_max,stretch_hop_mean,stretch_hop_median,stretch_hop_p95,stretch_hop_count,stretch_dist_min,stretch_dist_max,stretch_dist_mean,stretch_dist_median,stretch_dist_p95,stretch_dist_count,stretch_hop_shared_min,stretch_hop_shared_max,stretch_hop_shared_mean,stretch_hop_shared_median,stretch_hop_shared_p95,stretch_hop_shared_count,stretch_dist_shared_min,stretch_dist_shared_max,stretch_dist_shared_mean,stretch_dist_shared_median,stretch_dist_shared_p95,stretch_dist_shared_count,delivery_total_pairs,delivery_no_src_visibility,delivery_no_dst_visibility,delivery_disconnected,delivery_deliverable,delivery_delivered,delivery_forwarding_failure,delivery_failure_loop,delivery_failure_dead_end,delivery_failure_link_down,delivery_failure_hop_limit,delivery_failure_egress_lost,delivery_delivery_rate,delivery_non_optimal_egress,delivery_non_optimal_egress_rate,explicit_failover_count,explicit_failover_delivered_count,explicit_failover_delivered_rate,explicit_failover_protected_repair_count,explicit_failover_protected_repair_rate,explicit_failover_broken_adj_count,explicit_failover_broken_adj_rate,explicit_failover_egress_not_visible_count,explicit_failover_egress_not_visible_rate,explicit_failover_dynamic_egress_repair_count,explicit_failover_dynamic_egress_repair_rate,explicit_failover_dynamic_egress_unavailable_count,explicit_failover_dynamic_egress_unavailable_rate,failure_isls_removed,failure_satellites_down,failure_events,compute_time_ms
0,0,4.0,32.0,4.810553633217993,4.0,6.0,1156,24.0,24.0,24.0,24.0,24.0,1156,0.0,0.0,0.0,0.0,0.0,1156,4.0,8.0,4.312283737024221,4.0,6.0,1156,0.0,124.0,60.231884057971016,60.0,96.0,552,0.0,424.0,170.6231884057971,168.0,312.0,552,1.0,1.0,1.0,1.0,1.0,552,0.9999999999999996,1.0000000000000002,1.0,1.0,1.0000000000000002,552,1.0,1.3333333333333333,1.0114191251762739,1.0,1.0849637681159416,552,0.9999999999999996,1.0000000000000002,1.0,1.0,1.0000000000000002,552,552.0,0.0,0.0,0.0,552.0,552.0,0.0,0.0,0.0,0.0,0.0,0.0,1.0,0.0,0.0,552.0,552.0,1.0,0.0,0.0,0.0,0.0,0.0,0.0,0.0,0.0,0.0,0.0,0.0,0.0,0.0,1982.712658122182
1,60000000000,4.0,32.0,4.788062283737024,4.0,6.0,1156,24.0,24.0,24.0,24.0,24.0,1156,0.0,0.0,0.0,0.0,0.0,1156,4.0,8.0,4.310553633217993,4.0,6.0,1156,0.0,120.0,60.95652173913044,60.0,100.0,552,0.0,408.0,173.91304347826087,168.0,328.0,552,1.0,1.1818181818181819,1.0003293807641636,1.0,1.0,552,0.9999999999999997,1.1476684585355372,1.0020551989036135,1.0,1.0117512892934417,552,1.0,1.5,1.037899699772494,1.0,1.1899999999999988,552,0.9999999999999997,1.5691880277538026,1.0172383685747233,1.0,1.0795347277951846,552,552.0,0.0,0.0,0.0,552.0,552.0,0.0,0.0,0.0,0.0,0.0,0.0,1.0,170.0,0.3079710144927536,552.0,552.0,1.0,0.0,0.0,0.0,0.0,0.0,0.0,132.0,0.2391304347826087,0.0,0.0,0.0,0.0,0.0,1058.9204654097557
2,120000000000,4.0,32.0,4.8088235294117645,4.0,6.0,1156,24.0,24.0,24.0,24.0,24.0,1156,0.0,0.0,0.0,0.0,0.0,1156,4.0,8.0,4.310553633217993,4.0,6.0,1156,0.0,128.0,61.471014492753625,60.0,100.0,552,0.0,440.0,175.84057971014494,168.0,328.0,552,1.0,1.1818181818181819,1.000921808666374,1.0,1.0,552,0.9999999999999997,1.1448127435945001,1.003521450745894,1.0,1.0281516482025324,552,1.0,1.5,1.0511292008614408,1.0,1.2099999999999984,552,0.9999999999999997,1.7986786703661142,1.0315060411033534,1.0022780897968762,1.1141033050790043,552,552.0,0.0,0.0,0.0,552.0,552.0,0.0,0.0,0.0,0.0,0.0,0.0,1.0,247.0,0.447463768115942,552.0,552.0,1.0,0.0,0.0,0.0,0.0,0.0,0.0,239.0,0.4329710144927536,0.0,0.0,0.0,0.0,0.0,1121.630059555173
3,180000000000,4.0,32.0,4.786332179930795,4.0,6.0,1156,24.0,24.0,24.0,24.0,24.0,1156,0.0,0.0,0.0,0.0,0.0,1156,4.0,8.0,4.3088235294117645,4.0,6.0,1156,0.0,124.0,60.34782608695652,60.0,96.0,552,0.0,424.0,171.34782608695653,168.0,312.0,552,1.0,1.0,1.0,1.0,1.0,552,0.9999999999999997,1.0000000000000002,1.0,1.0,1.0000000000000002,552,1.0,1.3333333333333333,1.0125098144044287,1.0,1.0909090909090908,552,0.9999999999999997,1.0000000000000002,1.0,1.0,1.0000000000000002,552,552.0,0.0,0.0,0.0,552.0,552.0,0.0,0.0,0.0,0.0,0.0,0.0,1.0,0.0,0.0,552.0,552.0,1.0,0.0,0.0,0.0,0.0,0.0,0.0,0.0,0.0,0.0,0.0,0.0,0.0,0.0,2111.3472413271666
4,240000000000,4.0,32.0,4.782006920415225,4.0,6.0,1156,24.0,24.0,24.0,24.0,24.0,1156,0.0,0.0,0.0,0.0,0.0,1156,4.0,8.0,4.304498269896194,4.0,6.0,1156,0.0,120.0,61.22463768115942,60.0,100.0,552,0.0,408.0,174.85507246376812,168.0,328.0,552,1.0,1.0,1.0,1.0,1.0,552,0.9999999999999997,1.055878236410339,1.0016968303071285,1.0,1.0100560114201778,552,1.0,1.5,1.0380141226016326,1.0,1.1666666666666667,552,0.9999999999999997,1.6800864278252838,1.0187968919467218,1.0,1.086742376230067,552,552.0,0.0,0.0,0.0,552.0,552.0,0.0,0.0,0.0,0.0,0.0,0.0,1.0,165.0,0.29891304347826086,552.0,552.0,1.0,0.0,0.0,0.0,0.0,0.0,0.0,120.0,0.21739130434782608,0.0,0.0,0.0,0.0,0.0,1066.839536651969
5,300000000000,4.0,32.0,4.813148788927336,4.0,6.0,1156,24.0,24.0,24.0,24.0,24.0,1156,0.0,0.0,0.0,0.0,0.0,1156,4.0,8.0,4.314878892733564,4.0,6.0,1156,0.0,128.0,61.78260869565217,64.0,100.0,552,0.0,440.0,176.82608695652175,184.0,328.0,552,1.0,1.2857142857142858,1.0016906654134914,1.0,1.0,552,0.9999999999999997,1.3268585131792574,1.0044178826478851,1.0,1.0280796281509217,552,1.0,2.0,1.0579435252898306,1.0,1.2222222222222223,552,0.9999999999999998,2.2447217544313225,1.0377939436346697,1.0082851716731147,1.1557704220763276,552,552.0,0.0,0.0,0.0,552.0,552.0,0.0,0.0,0.0,0.0,0.0,0.0,1.0,274.0,0.4963768115942029,552.0,552.0,1.0,0.0,0.0,0.0,0.0,0.0,0.0,224.0,0.4057971014492754,0.0,0.0,0.0,0.0,0.0,1160.1436082273722
6,360000000000,4.0,31.0,4.7854671280276815,4.0,6.0,1156,24.0,24.0,24.0,24.0,24.0,1156,0.0,0.0,0.0,0.0,0.0,1156,4.0,8.0,4.307958477508651,4.0,6.0,1156,0.0,124.0,60.405797101449274,60.0,96.0,552,0.0,424.0,171.44927536231884,168.0,312.0,552,1.0,1.0,1.0,1.0,1.0,552,0.9999999999999997,1.0000000000000002,1.0,1.0,1.0000000000000002,552,1.0,1.3333333333333333,1.013671653270072,1.0,1.1,552,0.9999999999999997,1.0000000000000002,1.0,1.0,1.0000000000000002,552,552.0,0.0,0.0,0.0,552.0,552.0,0.0,0.0,0.0,0.0,0.0,0.0,1.0,0.0,0.0,552.0,552.0,1.0,0.0,0.0,0.0,0.0,0.0,0.0,0.0,0.0,0.0,0.0,0.0,0.0,0.0,1979.3978948146105
7,420000000000,4.0,32.0,4.7854671280276815,4.0,6.0,1156,24.0,24.0,24.0,24.0,24.0,1156,0.0,0.0,0.0,0.0,0.0,1156,4.0,8.0,4.307958477508651,4.0,6.0,1156,0.0,120.0,61.528985507246375,60.0,100.0,552,0.0,408.0,175.94202898550725,168.0,328.0,552,1.0,1.1666666666666667,1.0003019323671496,1.0,1.0,552,0.9999999999999997,1.144612170538067,1.0018062344973109,1.0,1.01180182594492,552,1.0,1.5,1.0352460109450012,1.0,1.1666666666666667,552,0.9999999999999997,1.6705948404817028,1.01684294208295,1.0,1.0773287514218417,552,552.0,0.0,0.0,0.0,552.0,552.0,0.0,0.0,0.0,0.0,0.0,0.0,1.0,162.0,0.29347826086956524,552.0,552.0,1.0,0.0,0.0,0.0,0.0,0.0,0.0,101.0,0.18297101449275363,0.0,0.0,0.0,0.0,0.0,970.1199047267437
8,480000000000,4.0,32.0,4.813148788927336,4.0,6.0,1156,24.0,24.0,24.0,24.0,24.0,1156,0.0,0.0,0.0,0.0,0.0,1156,4.0,8.0,4.314878892733564,4.0,6.0,1156,0.0,128.0,61.369565217391305,60.0,100.0,552,0.0,440.0,175.04347826086956,168.0,328.0,552,1.0,1.1111111111111112,1.000373821025995,1.0,1.0,552,0.9999999999999998,1.083622706976468,1.003627145323514,1.0,1.0279137416233701,552,1.0,2.0,1.0580698248308393,1.0,1.2222222222222223,552,0.9999999999999998,2.21674027387057,1.039485415976505,1.0110566588192564,1.1396642121631515,552,552.0,0.0,0.0,0.0,552.0,552.0,0.0,0.0,0.0,0.0,0.0,0.0,1.0,273.0,0.4945652173913043,552.0,552.0,1.0,0.0,0.0,0.0,0.0,0.0,0.0,207.0,0.375,0.0,0.0,0.0,0.0,0.0,1189.1298741102219
9,540000000000,4.0,31.0,4.780276816608996,4.0,6.0,1156,24.0,24.0,24.0,24.0,24.0,1156,0.0,0.0,0.0,0.0,0.0,1156,4.0,8.0,4.302768166089965,4.0,6.0,1156,0.0,124.0,60.427536231884055,60.0,96.0,552,0.0,424.0,171.53623188405797,168.0,312.0,552,1.0,1.0,1.0,1.0,1.0,552,0.9999999999999997,1.0000000000000002,1.0,1.0,1.0000000000000002,552,1.0,1.3333333333333333,1.0142471335170675,1.0,1.1,552,0.9999999999999997,1.0000000000000002,1.0,1.0,1.0000000000000002,552,552.0,0.0,0.0,0.0,552.0,552.0,0.0,0.0,0.0,0.0,0.0,0.0,1.0,0.0,0.0,552.0,552.0,1.0,0.0,0.0,0.0,0.0,0.0,0.0,0.0,0.0,0.0,0.0,0.0,0.0,0.0,2179.200740531087
10,600000000000,4.0,32.0,4.788927335640138,4.0,6.0,1156,24.0,24.0,24.0,24.0,24.0,1156,0.0,0.0,0.0,0.0,0.0,1156,4.0,8.0,4.311418685121107,4.0,6.0,1156,0.0,120.0,61.731884057971016,60.0,100.0,552,0.0,408.0,176.8840579710145,168.0,328.0,552,1.0,1.0,1.0,1.0,1.0,552,0.9999999999999998,1.0660482144702075,1.0018519934289656,1.0,1.0152446961513197,552,1.0,1.5,1.0394043684938703,1.0,1.2,552,0.9999999999999998,1.6125634197649348,1.0203712852231615,1.0,1.1077068236887813,552,552.0,0.0,0.0,0.0,552.0,552.0,0.0,0.0,0.0,0.0,0.0,0.0,1.0,177.0,0.32065217391304346,552.0,552.0,1.0,0.0,0.0,0.0,0.0,0.0,0.0,83.0,0.1503623188405797,0.0,0.0,0.0,0.0,0.0,1132.0200208574533
11,660000000000,4.0,32.0,4.810553633217993,4.0,6.0,1156,24.0,24.0,24.0,24.0,24.0,1156,0.0,0.0,0.0,0.0,0.0,1156,4.0,8.0,4.312283737024221,4.0,6.0,1156,0.0,128.0,61.31159420289855,60.0,100.0,552,0.0,440.0,174.68115942028984,168.0,328.0,552,1.0,1.1111111111111112,1.000373821025995,1.0,1.0,552,0.9999999999999998,1.0831122700583942,1.004046413004912,1.0,1.0282321643574108,552,1.0,2.0,1.0576072847034301,1.0,1.2222222222222223,552,0.9999999999999998,2.1880512336323825,1.0410360241195837,1.0091980923913262,1.137957777098316,552,552.0,0.0,0.0,0.0,552.0,552.0,0.0,0.0,0.0,0.0,0.0,0.0,1.0,258.0,0.4673913043478261,552.0,552.0,1.0,0.0,0.0,0.0,0.0,0.0,0.0,206.0,0.37318840579710144,0.0,0.0,0.0,0.0,0.0,1151.493052020669
12,720000000000,4.0,31.0,4.779411764705882,4.0,6.0,1156,24.0,24.0,24.0,24.0,24.0,1156,0.0,0.0,0.0,0.0,0.0,1156,4.0,8.0,4.301903114186851,4.0,6.0,1156,0.0,124.0,60.608695652173914,60.0,96.0,552,0.0,424.0,172.1304347826087,168.0,312.0,552,1.0,1.0,1.0,1.0,1.0,552,0.9999999999999998,1.0000000000000002,1.0,1.0,1.0000000000000002,552,1.0,1.3333333333333333,1.0154764490616932,1.0,1.1,552,0.9999999999999998,1.0000000000000002,1.0,1.0,1.0000000000000002,552,552.0,0.0,0.0,0.0,552.0,552.0,0.0,0.0,0.0,0.0,0.0,0.0,1.0,0.0,0.0,552.0,552.0,1.0,0.0,0.0,0.0,0.0,0.0,0.0,0.0,0.0,0.0,0.0,0.0,0.0,0.0,2030.5540319532156
13,780000000000,4.0,32.0,4.782871972318339,4.0,6.0,1156,24.0,24.0,24.0,24.0,24.0,1156,0.0,0.0,0.0,0.0,0.0,1156,4.0,8.0,4.305363321799308,4.0,6.0,1156,0.0,120.0,61.60144927536232,60.0,100.0,552,0.0,408.0,176.4927536231884,168.0,328.0,552,1.0,1.0,1.0,1.0,1.0,552,0.9999999999999997,1.0657699601755553,1.002150268681308,1.0,1.0197308192356949,552,1.0,1.5,1.0375446861229571,1.0,1.2,552,0.9999999999999997,1.5945042227706356,1.0212825535292303,1.0,1.1108563757007368,552,552.0,0.0,0.0,0.0,552.0,552.0,0.0,0.0,0.0,0.0,0.0,0.0,1.0,173.0,0.3134057971014493,552.0,552.0,1.0,0.0,0.0,0.0,0.0,0.0,0.0,93.0,0.16847826086956522,0.0,0.0,0.0,0.0,0.0,1213.5334089398384
14,840000000000,4.0,32.0,4.810553633217993,4.0,6.0,1156,24.0,24.0,24.0,24.0,24.0,1156,0.0,0.0,0.0,0.0,0.0,1156,4.0,8.0,4.312283737024221,4.0,6.0,1156,0.0,128.0,61.13768115942029,60.0,96.0,552,0.0,440.0,174.1159420289855,168.0,312.0,552,1.0,1.1176470588235294,1.0002131287297529,1.0,1.0,552,0.9999999999999998,1.082581131118435,1.0044332091788661,1.0,1.0285742296045106,552,1.0,2.0,1.062030353205627,1.0,1.25,552,0.9999999999999998,2.1588390168864375,1.0453446626129463,1.0152927169722208,1.170747510029497,552,552.0,0.0,0.0,0.0,552.0,552.0,0.0,0.0,0.0,0.0,0.0,0.0,1.0,282.0,0.5108695652173914,552.0,552.0,1.0,0.0,0.0,0.0,0.0,0.0,0.0,220.0,0.39855072463768115,0.0,0.0,0.0,0.0,0.0,1169.118084013462
15,900000000000,4.0,32.0,4.782871972318339,4.0,6.0,1156,24.0,24.0,24.0,24.0,24.0,1156,0.0,0.0,0.0,0.0,0.0,1156,4.0,8.0,4.305363321799308,4.0,6.0,1156,0.0,124.0,60.84782608695652,60.0,96.0,552,0.0,424.0,173.34782608695653,168.0,312.0,552,1.0,1.0,1.0,1.0,1.0,552,0.9999999999999997,1.0000000000000002,1.0,1.0,1.0,552,1.0,1.3333333333333333,1.0158487557480518,1.0,1.1,552,0.9999999999999997,1.0000000000000002,1.0,1.0,1.0,552,552.0,0.0,0.0,0.0,552.0,552.0,0.0,0.0,0.0,0.0,0.0,0.0,1.0,0.0,0.0,552.0,552.0,1.0,0.0,0.0,0.0,0.0,0.0,0.0,0.0,0.0,0.0,0.0,0.0,0.0,0.0,1929.4289704412222
16,960000000000,4.0,32.0,4.7932525951557095,4.0,6.0,1156,24.0,24.0,24.0,24.0,24.0,1156,0.0,0.0,0.0,0.0,0.0,1156,4.0,8.0,4.3157439446366785,4.0,6.0,1156,0.0,120.0,61.73913043478261,62.0,100.0,552,0.0,408.0,177.04347826086956,176.0,328.0,552,1.0,1.0,1.0,1.0,1.0,552,0.9999999999999997,1.0654470963721774,1.0019132098664434,1.0,1.0163574979504295,552,1.0,1.5,1.0416232096608773,1.0,1.2099999999999984,552,0.9999999999999998,1.57626680171327,1.0250114318773242,1.0,1.1498346063125713,552,552.0,0.0,0.0,0.0,552.0,552.0,0.0,0.0,0.0,0.0,0.0,0.0,1.0,170.0,0.3079710144927536,552.0,552.0,1.0,0.0,0.0,0.0,0.0,0.0,0.0,84.0,0.15217391304347827,0.0,0.0,0.0,0.0,0.0,1213.9753252267838
17,1020000000000,4.0,32.0,4.809688581314879,4.0,6.0,1156,24.0,24.0,24.0,24.0,24.0,1156,0.0,0.0,0.0,0.0,0.0,1156,4.0,8.0,4.311418685121107,4.0,6.0,1156,0.0,124.0,60.471014492753625,60.0,93.79999999999973,552,0.0,424.0,171.44927536231884,168.0,303.1999999999989,552,1.0,1.0,1.0,1.0,1.0,552,0.9999999999999998,1.082009952218536,1.0042333530330632,1.0,1.0244724676576977,552,1.0,2.0,1.0560647927215958,1.0,1.2099999999999984,552,0.9999999999999998,2.1539349470147044,1.0402653482441326,1.0097706742793657,1.149081619364115,552,552.0,0.0,0.0,0.0,552.0,552.0,0.0,0.0,0.0,0.0,0.0,0.0,1.0,264.0,0.4782608695652174,552.0,552.0,1.0,0.0,0.0,0.0,0.0,0.0,0.0,206.0,0.37318840579710144,0.0,0.0,0.0,0.0,0.0,1242.1978116035461
18,1080000000000,4.0,31.0,4.781141868512111,4.0,6.0,1156,24.0,24.0,24.0,24.0,24.0,1156,0.0,0.0,0.0,0.0,0.0,1156,4.0,8.0,4.303633217993079,4.0,6.0,1156,0.0,120.0,61.26086956521739,60.0,100.0,552,0.0,408.0,174.7391304347826,168.0,328.0,552,1.0,1.0,1.0,1.0,1.0,552,0.9999999999999997,1.0000000000000004,1.0,1.0,1.0000000000000002,552,1.0,1.3333333333333333,1.0149720327347134,1.0,1.1,552,0.9999999999999997,1.0000000000000004,1.0,1.0,1.0000000000000002,552,552.0,0.0,0.0,0.0,552.0,552.0,0.0,0.0,0.0,0.0,0.0,0.0,1.0,0.0,0.0,552.0,552.0,1.0,0.0,0.0,0.0,0.0,0.0,0.0,0.0,0.0,0.0,0.0,0.0,0.0,0.0,2030.415004119277
19,1140000000000,4.0,32.0,4.7923875432525955,4.0,6.0,1156,24.0,24.0,24.0,24.0,24.0,1156,0.0,0.0,0.0,0.0,0.0,1156,4.0,8.0,4.314878892733564,4.0,6.0,1156,0.0,120.0,61.6231884057971,62.0,100.0,552,0.0,408.0,176.57971014492753,176.0,328.0,552,1.0,1.0,1.0,1.0,1.0,552,0.9999999999999997,1.0650935479903727,1.0013108182914379,1.0,1.0052489660612938,552,1.0,1.5,1.0400238023029562,1.0,1.2,552,0.9999999999999997,1.5580280318340138,1.0202445432516132,1.0,1.1292731920987957,552,552.0,0.0,0.0,0.0,552.0,552.0,0.0,0.0,0.0,0.0,0.0,0.0,1.0,167.0,0.302536231884058,552.0,552.0,1.0,0.0,0.0,0.0,0.0,0.0,0.0,87.0,0.15760869565217392,0.0,0.0,0.0,0.0,0.0,1102.3350823670626
20,1200000000000,4.0,32.0,4.812283737024221,4.0,6.0,1156,24.0,24.0,24.0,24.0,24.0,1156,0.0,0.0,0.0,0.0,0.0,1156,4.0,8.0,4.31401384083045,4.0,6.0,1156,0.0,124.0,61.1231884057971,60.0,96.0,552,0.0,424.0,173.92753623188406,168.0,312.0,552,1.0,1.0,1.0,1.0,1.0,552,0.9999999999999998,1.081409422122464,1.0042576318429741,1.0,1.0226540358171907,552,1.0,1.6666666666666667,1.0571424049487317,1.0,1.2222222222222223,552,0.9999999999999998,1.8282982470630986,1.0395405960824993,1.0088015951704703,1.1484660016325068,552,552.0,0.0,0.0,0.0,552.0,552.0,0.0,0.0,0.0,0.0,0.0,0.0,1.0,255.0,0.46195652173913043,552.0,552.0,1.0,0.0,0.0,0.0,0.0,0.0,0.0,200.0,0.36231884057971014,0.0,0.0,0.0,0.0,0.0,1196.5773552656174
21,1260000000000,4.0,31.0,4.781141868512111,4.0,6.0,1156,24.0,24.0,24.0,24.0,24.0,1156,0.0,0.0,0.0,0.0,0.0,1156,4.0,8.0,4.303633217993079,4.0,6.0,1156,0.0,116.0,60.67391304347826,60.0,96.0,552,0.0,392.0,172.0,168.0,312.0,552,1.0,1.0,1.0,1.0,1.0,552,0.9999999999999996,1.0000000000000004,1.0,1.0,1.0000000000000002,552,1.0,1.25,1.013905837718849,1.0,1.0909090909090908,552,0.9999999999999996,1.0000000000000004,1.0,1.0,1.0000000000000002,552,552.0,0.0,0.0,0.0,552.0,552.0,0.0,0.0,0.0,0.0,0.0,0.0,1.0,0.0,0.0,552.0,552.0,1.0,0.0,0.0,0.0,0.0,0.0,0.0,0.0,0.0,0.0,0.0,0.0,0.0,0.0,2149.1610649973154
22,1320000000000,4.0,32.0,4.799307958477509,4.0,6.0,1156,24.0,24.0,24.0,24.0,24.0,1156,0.0,0.0,0.0,0.0,0.0,1156,4.0,8.0,4.321799307958478,4.0,6.0,1156,0.0,120.0,61.55072463768116,60.0,100.0,552,0.0,408.0,176.15942028985506,168.0,328.0,552,1.0,1.0,1.0,1.0,1.0,552,0.9999999999999996,1.0647240555426416,1.0011553455438524,1.0,1.0032301463314894,552,1.0,1.5,1.0433532695826833,1.0,1.2222222222222223,552,0.9999999999999997,1.53996972252681,1.0215614566960696,1.0,1.1430786018702885,552,552.0,0.0,0.0,0.0,552.0,552.0,0.0,0.0,0.0,0.0,0.0,0.0,1.0,173.0,0.3134057971014493,552.0,552.0,1.0,0.0,0.0,0.0,0.0,0.0,0.0,84.0,0.15217391304347827,0.0,0.0,0.0,0.0,0.0,1169.2630648612976
23,1380000000000,4.0,32.0,4.812283737024221,4.0,6.0,1156,24.0,24.0,24.0,24.0,24.0,1156,0.0,0.0,0.0,0.0,0.0,1156,4.0,8.0,4.31401384083045,4.0,6.0,1156,0.0,124.0,61.06521739130435,60.0,96.0,552,0.0,424.0,173.69565217391303,168.0,312.0,552,1.0,1.0,1.0,1.0,1.0,552,0.9999999999999997,1.0807875439685917,1.004771779140124,1.0,1.022248138086589,552,1.0,1.6666666666666667,1.0569261737643498,1.0,1.2222222222222223,552,0.9999999999999998,1.8315022638050924,1.040095493719719,1.0103466477075065,1.1502464956729759,552,552.0,0.0,0.0,0.0,552.0,552.0,0.0,0.0,0.0,0.0,0.0,0.0,1.0,250.0,0.4528985507246377,552.0,552.0,1.0,0.0,0.0,0.0,0.0,0.0,0.0,197.0,0.35688405797101447,0.0,0.0,0.0,0.0,0.0,1169.2556738853455
24,1440000000000,4.0,32.0,4.760380622837371,4.0,6.0,1156,24.0,24.0,24.0,24.0,24.0,1156,0.0,0.0,0.0,0.0,0.0,1156,4.0,8.0,4.303633217993079,4.0,6.0,1156,0.0,116.0,60.6231884057971,60.0,96.0,552,0.0,392.0,172.44927536231884,168.0,312.0,552,1.0,1.0,1.0,1.0,1.0,552,0.9999999999999997,1.0000000000000004,1.0,1.0,1.0000000000000002,552,1.0,1.25,1.0129716533021806,1.0,1.0909090909090908,552,0.9999999999999997,1.0000000000000004,1.0,1.0,1.0000000000000002,552,552.0,0.0,0.0,0.0,552.0,552.0,0.0,0.0,0.0,0.0,0.0,0.0,1.0,0.0,0.0,552.0,552.0,1.0,0.0,0.0,0.0,0.0,0.0,0.0,0.0,0.0,0.0,0.0,0.0,0.0,0.0,2060.5426989495754
25,1500000000000,4.0,32.0,4.8088235294117645,4.0,6.0,1156,24.0,24.0,24.0,24.0,24.0,1156,0.0,0.0,0.0,0.0,0.0,1156,4.0,8.0,4.310553633217993,4.0,6.0,1156,0.0,120.0,61.15942028985507,60.0,100.0,552,0.0,408.0,174.59420289855072,168.0,328.0,552,1.0,1.0,1.0,1.0,1.0,552,0.9999999999999998,1.051326380092229,1.0005799370137856,1.0,1.0000000000000002,552,1.0,1.5,1.034608640081336,1.0,1.1666666666666667,552,0.9999999999999998,1.522222044495391,1.01489373733281,1.0,1.0711505103402552,552,552.0,0.0,0.0,0.0,552.0,552.0,0.0,0.0,0.0,0.0,0.0,0.0,1.0,155.0,0.2807971014492754,552.0,552.0,1.0,0.0,0.0,0.0,0.0,0.0,0.0,74.0,0.13405797101449277,0.0,0.0,0.0,0.0,0.0,1179.6253360807896
26,1560000000000,4.0,32.0,4.81401384083045,4.0,6.0,1156,24.0,24.0,24.0,24.0,24.0,1156,0.0,0.0,0.0,0.0,0.0,1156,4.0,8.0,4.3157439446366785,4.0,6.0,1156,0.0,124.0,61.51449275362319,60.0,96.0,552,0.0,424.0,175.36231884057972,168.0,312.0,552,1.0,1.0,1.0,1.0,1.0,552,0.9999999999999998,1.0801255447919615,1.0047975523533343,1.0,1.0218023676844765,552,1.0,1.5,1.0587357266522208,1.0,1.2281045751633979,552,0.9999999999999998,1.8323270335107669,1.041639460215649,1.0113272123632067,1.1720213634783814,552,552.0,0.0,0.0,0.0,552.0,552.0,0.0,0.0,0.0,0.0,0.0,0.0,1.0,261.0,0.47282608695652173,552.0,552.0,1.0,0.0,0.0,0.0,0.0,0.0,0.0,197.0,0.35688405797101447,0.0,0.0,0.0,0.0,0.0,1151.2235403060913
27,1620000000000,4.0,32.0,4.768166089965398,4.0,6.0,1156,24.0,24.0,24.0,24.0,24.0,1156,0.0,0.0,0.0,0.0,0.0,1156,4.0,8.0,4.311418685121107,4.0,6.0,1156,0.0,116.0,60.333333333333336,60.0,96.0,552,0.0,392.0,171.28985507246378,168.0,312.0,552,1.0,1.0,1.0,1.0,1.0,552,0.9999999999999997,1.0000000000000004,1.0,1.0,1.0000000000000002,552,1.0,1.25,1.0127388314160408,1.0,1.0909090909090908,552,0.9999999999999997,1.0000000000000004,1.0,1.0,1.0000000000000002,552,552.0,0.0,0.0,0.0,552.0,552.0,0.0,0.0,0.0,0.0,0.0,0.0,1.0,0.0,0.0,552.0,552.0,1.0,0.0,0.0,0.0,0.0,0.0,0.0,0.0,0.0,0.0,0.0,0.0,0.0,0.0,1841.3929045200348
28,1680000000000,4.0,32.0,4.807093425605537,4.0,6.0,1156,24.0,24.0,24.0,24.0,24.0,1156,0.0,0.0,0.0,0.0,0.0,1156,4.0,8.0,4.3088235294117645,4.0,6.0,1156,0.0,124.0,62.26086956521739,64.0,100.0,552,0.0,424.0,179.0,184.0,328.0,552,1.0,1.3333333333333333,1.000933245498463,1.0,1.0,552,0.9999999999999997,1.3228729038846625,1.0015427187198247,1.0,1.0021806397796127,552,1.0,1.5,1.032226583317028,1.0,1.1666666666666667,552,0.9999999999999997,1.4652122627131114,1.013806578586626,1.0,1.063098812068491,552,552.0,0.0,0.0,0.0,552.0,552.0,0.0,0.0,0.0,0.0,0.0,0.0,1.0,137.0,0.24818840579710144,552.0,552.0,1.0,0.0,0.0,0.0,0.0,0.0,0.0,69.0,0.125,0.0,0.0,0.0,0.0,0.0,1177.193969488144
29,1740000000000,4.0,32.0,4.813148788927336,4.0,6.0,1156,24.0,24.0,24.0,24.0,24.0,1156,0.0,0.0,0.0,0.0,0.0,1156,4.0,8.0,4.314878892733564,4.0,6.0,1156,0.0,124.0,61.166666666666664,60.0,96.0,552,0.0,424.0,173.97101449275362,168.0,312.0,552,1.0,1.4,1.0010540184453227,1.0,1.0,552,0.9999999999999997,1.4118585661090401,1.006597128549058,1.0,1.0259210824757632,552,1.0,1.5,1.0554527727674008,1.0,1.25,552,0.9999999999999998,1.8307511011519835,1.0403168768986897,1.0107878961134928,1.1830084666109417,552,552.0,0.0,0.0,0.0,552.0,552.0,0.0,0.0,0.0,0.0,0.0,0.0,1.0,246.0,0.44565217391304346,552.0,552.0,1.0,0.0,0.0,0.0,0.0,0.0,0.0,218.0,0.39492753623188404,0.0,0.0,0.0,0.0,0.0,1210.0409995764494
30,1800000000000,4.0,32.0,4.769896193771626,4.0,6.0,1156,24.0,24.0,24.0,24.0,24.0,1156,0.0,0.0,0.0,0.0,0.0,1156,4.0,8.0,4.313148788927336,4.0,6.0,1156,0.0,116.0,60.26086956521739,60.0,96.0,552,0.0,392.0,171.2608695652174,168.0,312.0,552,1.0,1.0,1.0,1.0,1.0,552,0.9999999999999998,1.0000000000000002,1.0,1.0,1.0000000000000002,552,1.0,1.25,1.0118361065823949,1.0,1.0869565217391304,552,0.9999999999999998,1.0000000000000002,1.0,1.0,1.0000000000000002,552,552.0,0.0,0.0,0.0,552.0,552.0,0.0,0.0,0.0,0.0,0.0,0.0,1.0,0.0,0.0,552.0,552.0,1.0,0.0,0.0,0.0,0.0,0.0,0.0,0.0,0.0,0.0,0.0,0.0,0.0,0.0,2023.0637844651937
31,1860000000000,4.0,32.0,4.813148788927336,4.0,6.0,1156,24.0,24.0,24.0,24.0,24.0,1156,0.0,0.0,0.0,0.0,0.0,1156,4.0,8.0,4.314878892733564,4.0,6.0,1156,0.0,124.0,62.11594202898551,64.0,100.0,552,0.0,424.0,178.42028985507247,184.0,328.0,552,1.0,1.3333333333333333,1.0012955643390427,1.0,1.0,552,0.9999999999999997,1.3230359365714002,1.002440305997739,1.0,1.0058626811392226,552,1.0,1.5,1.033157102805887,1.0,1.1666666666666667,552,0.9999999999999997,1.4731991462423892,1.0145553992703842,1.0000000000000002,1.0650048915180876,552,552.0,0.0,0.0,0.0,552.0,552.0,0.0,0.0,0.0,0.0,0.0,0.0,1.0,139.0,0.25181159420289856,552.0,552.0,1.0,0.0,0.0,0.0,0.0,0.0,0.0,86.0,0.15579710144927536,0.0,0.0,0.0,0.0,0.0,1091.884957626462
32,1920000000000,4.0,32.0,4.813148788927336,4.0,6.0,1156,24.0,24.0,24.0,24.0,24.0,1156,0.0,0.0,0.0,0.0,0.0,1156,4.0,8.0,4.314878892733564,4.0,6.0,1156,0.0,124.0,61.13768115942029,60.0,96.0,552,0.0,424.0,173.85507246376812,168.0,312.0,552,1.0,1.3333333333333333,1.000933245498463,1.0,1.0,552,0.9999999999999996,1.3097100835682638,1.0066773025401143,1.0,1.0261594704535186,552,1.0,1.5,1.0599907658925332,1.0,1.25,552,0.9999999999999996,1.8267821780968143,1.0429789085665093,1.0117416832121087,1.2050005843493994,552,552.0,0.0,0.0,0.0,552.0,552.0,0.0,0.0,0.0,0.0,0.0,0.0,1.0,255.0,0.46195652173913043,552.0,552.0,1.0,0.0,0.0,0.0,0.0,0.0,0.0,223.0,0.40398550724637683,0.0,0.0,0.0,0.0,0.0,1094.749828800559
33,1980000000000,4.0,32.0,4.764705882352941,4.0,6.0,1156,24.0,24.0,24.0,24.0,24.0,1156,0.0,0.0,0.0,0.0,0.0,1156,4.0,8.0,4.307958477508651,4.0,6.0,1156,0.0,116.0,60.608695652173914,60.0,96.0,552,0.0,392.0,172.52173913043478,168.0,312.0,552,1.0,1.0,1.0,1.0,1.0,552,0.9999999999999996,1.0000000000000002,1.0,1.0,1.0000000000000002,552,1.0,1.25,1.0114444549437576,1.0,1.0909090909090908,552,0.9999999999999996,1.0000000000000002,1.0,1.0,1.0000000000000002,552,552.0,0.0,0.0,0.0,552.0,552.0,0.0,0.0,0.0,0.0,0.0,0.0,1.0,0.0,0.0,552.0,552.0,1.0,0.0,0.0,0.0,0.0,0.0,0.0,0.0,0.0,0.0,0.0,0.0,0.0,0.0,1954.0985152125359
34,2040000000000,4.0,32.0,4.807093425605537,4.0,6.0,1156,24.0,24.0,24.0,24.0,24.0,1156,0.0,0.0,0.0,0.0,0.0,1156,4.0,8.0,4.3088235294117645,4.0,6.0,1156,0.0,124.0,62.13768115942029,64.0,100.0,552,0.0,424.0,178.5072463768116,184.0,328.0,552,1.0,1.2,1.000691699604743,1.0,1.0,552,0.9999999999999997,1.1567852934439566,1.0025077383010241,1.0,1.010395568989086,552,1.0,1.5,1.0322671872521962,1.0,1.1666666666666667,552,0.9999999999999997,1.480279318933908,1.0148155292411598,1.0000000000000002,1.0592479450302894,552,552.0,0.0,0.0,0.0,552.0,552.0,0.0,0.0,0.0,0.0,0.0,0.0,1.0,147.0,0.266304347826087,552.0,552.0,1.0,0.0,0.0,0.0,0.0,0.0,0.0,92.0,0.16666666666666666,0.0,0.0,0.0,0.0,0.0,1242.1554271131754
35,2100000000000,4.0,32.0,4.810553633217993,4.0,6.0,1156,24.0,24.0,24.0,24.0,24.0,1156,0.0,0.0,0.0,0.0,0.0,1156,4.0,8.0,4.312283737024221,4.0,6.0,1156,0.0,124.0,61.15942028985507,60.0,96.0,552,0.0,424.0,173.94202898550725,168.0,312.0,552,1.0,1.1818181818181819,1.0004869106948502,1.0,1.0,552,0.9999999999999998,1.1714302750962844,1.0064398344963608,1.0,1.028382730084933,552,1.0,1.5,1.0585863556902386,1.0,1.25,552,0.9999999999999998,1.8204853659802724,1.0415747415861234,1.01250925388157,1.164875202495652,552,552.0,0.0,0.0,0.0,552.0,552.0,0.0,0.0,0.0,0.0,0.0,0.0,1.0,265.0,0.48007246376811596,552.0,552.0,1.0,0.0,0.0,0.0,0.0,0.0,0.0,219.0,0.3967391304347826,0.0,0.0,0.0,0.0,0.0,1325.3732025623322
36,2160000000000,4.0,32.0,4.76643598615917,4.0,6.0,1156,24.0,24.0,24.0,24.0,24.0,1156,0.0,0.0,0.0,0.0,0.0,1156,4.0,8.0,4.309688581314879,4.0,6.0,1156,0.0,120.0,60.44202898550725,60.0,96.0,552,0.0,408.0,171.9855072463768,168.0,312.0,552,1.0,1.0,1.0,1.0,1.0,552,0.9999999999999996,1.0000000000000004,1.0,1.0,1.0000000000000002,552,1.0,1.25,1.0073844614398908,1.0,1.0688095238095234,552,0.9999999999999996,1.0000000000000004,1.0,1.0,1.0000000000000002,552,552.0,0.0,0.0,0.0,552.0,552.0,0.0,0.0,0.0,0.0,0.0,0.0,1.0,0.0,0.0,552.0,552.0,1.0,0.0,0.0,0.0,0.0,0.0,0.0,0.0,0.0,0.0,0.0,0.0,0.0,0.0,1871.1397089064121
37,2220000000000,4.0,32.0,4.810553633217993,4.0,6.0,1156,24.0,24.0,24.0,24.0,24.0,1156,0.0,0.0,0.0,0.0,0.0,1156,4.0,8.0,4.312283737024221,4.0,6.0,1156,0.0,124.0,61.666666666666664,64.0,100.0,552,0.0,424.0,176.6231884057971,184.0,328.0,552,1.0,1.2222222222222223,1.0007319572536963,1.0,1.0,552,0.9999999999999996,1.2228299997506349,1.0027231965940804,1.0,1.0122418977050085,552,1.0,1.5,1.0323510778571867,1.0,1.1666666666666667,552,0.9999999999999998,1.486323238694604,1.0156845523621534,1.0,1.0672404896356729,552,552.0,0.0,0.0,0.0,552.0,552.0,0.0,0.0,0.0,0.0,0.0,0.0,1.0,146.0,0.2644927536231884,552.0,552.0,1.0,0.0,0.0,0.0,0.0,0.0,0.0,104.0,0.18840579710144928,0.0,0.0,0.0,0.0,0.0,1285.0013356655836
38,2280000000000,4.0,32.0,4.807093425605537,4.0,6.0,1156,24.0,24.0,24.0,24.0,24.0,1156,0.0,0.0,0.0,0.0,0.0,1156,4.0,8.0,4.3088235294117645,4.0,6.0,1156,0.0,124.0,61.20289855072464,60.0,96.0,552,0.0,424.0,174.1159420289855,168.0,312.0,552,1.0,1.1666666666666667,1.0006501564244574,1.0,1.0,552,0.9999999999999998,1.1547148159792289,1.006593607747332,1.0,1.031080476677393,552,1.0,1.5555555555555556,1.0577777188263622,1.0,1.25,552,0.9999999999999998,1.8120279479416639,1.042650136114471,1.0137002326054199,1.1758202515049254,552,552.0,0.0,0.0,0.0,552.0,552.0,0.0,0.0,0.0,0.0,0.0,0.0,1.0,261.0,0.47282608695652173,552.0,552.0,1.0,0.0,0.0,0.0,0.0,0.0,0.0,241.0,0.4365942028985507,0.0,0.0,0.0,0.0,0.0,966.706046834588
39,2340000000000,4.0,32.0,4.804498269896194,4.0,6.0,1156,24.0,24.0,24.0,24.0,24.0,1156,0.0,0.0,0.0,0.0,0.0,1156,4.0,8.0,4.306228373702422,4.0,6.0,1156,0.0,116.0,60.60144927536232,60.0,96.0,552,0.0,392.0,172.4927536231884,168.0,312.0,552,1.0,1.0,1.0,1.0,1.0,552,0.9999999999999997,1.0000000000000002,1.0,1.0,1.0000000000000002,552,1.0,1.25,1.0078843917631908,1.0,1.0714285714285714,552,0.9999999999999997,1.0000000000000002,1.0,1.0,1.0000000000000002,552,552.0,0.0,0.0,0.0,552.0,552.0,0.0,0.0,0.0,0.0,0.0,0.0,1.0,0.0,0.0,552.0,552.0,1.0,0.0,0.0,0.0,0.0,0.0,0.0,0.0,0.0,0.0,0.0,0.0,0.0,0.0,1938.0517974495888
40,2400000000000,4.0,32.0,4.809688581314879,4.0,6.0,1156,24.0,24.0,24.0,24.0,24.0,1156,0.0,0.0,0.0,0.0,0.0,1156,4.0,8.0,4.311418685121107,4.0,6.0,1156,0.0,124.0,61.73913043478261,64.0,100.0,552,0.0,424.0,176.91304347826087,184.0,328.0,552,1.0,1.0,1.0,1.0,1.0,552,0.9999999999999996,1.0536037482761027,1.0023735903855662,1.0,1.0129882411852502,552,1.0,1.5,1.0320213855429299,1.0,1.1596153846153838,552,0.9999999999999998,1.4912123520229572,1.0176684406597445,1.0000000000000002,1.078363054502247,552,552.0,0.0,0.0,0.0,552.0,552.0,0.0,0.0,0.0,0.0,0.0,0.0,1.0,158.0,0.286231884057971,552.0,552.0,1.0,0.0,0.0,0.0,0.0,0.0,0.0,102.0,0.18478260869565216,0.0,0.0,0.0,0.0,0.0,1152.7836844325066
41,2460000000000,4.0,32.0,4.810553633217993,4.0,6.0,1156,24.0,24.0,24.0,24.0,24.0,1156,0.0,0.0,0.0,0.0,0.0,1156,4.0,8.0,4.312283737024221,4.0,6.0,1156,0.0,124.0,61.2536231884058,60.0,96.0,552,0.0,424.0,174.57971014492753,168.0,312.0,552,1.0,1.125,1.0006104284814115,1.0,1.0,552,0.9999999999999997,1.109301606991405,1.0071089643774662,1.0,1.0335130875396112,552,1.0,2.0,1.0574378337457504,1.0,1.25,552,0.9999999999999997,2.1140694488408553,1.0454147202342388,1.0169917763927694,1.1798643733769896,552,552.0,0.0,0.0,0.0,552.0,552.0,0.0,0.0,0.0,0.0,0.0,0.0,1.0,274.0,0.4963768115942029,552.0,552.0,1.0,0.0,0.0,0.0,0.0,0.0,0.0,231.0,0.41847826086956524,0.0,0.0,0.0,0.0,0.0,1250.9099002927542
42,2520000000000,4.0,32.0,4.802768166089965,4.0,6.0,1156,24.0,24.0,24.0,24.0,24.0,1156,0.0,0.0,0.0,0.0,0.0,1156,4.0,8.0,4.304498269896194,4.0,6.0,1156,0.0,116.0,60.55072463768116,60.0,96.0,552,0.0,392.0,172.28985507246378,168.0,312.0,552,1.0,1.0,1.0,1.0,1.0,552,0.9999999999999996,1.0000000000000002,1.0,1.0,1.0000000000000002,552,1.0,1.25,1.0086300663360965,1.0,1.0769230769230769,552,0.9999999999999996,1.0000000000000002,1.0,1.0,1.0000000000000002,552,552.0,0.0,0.0,0.0,552.0,552.0,0.0,0.0,0.0,0.0,0.0,0.0,1.0,0.0,0.0,552.0,552.0,1.0,0.0,0.0,0.0,0.0,0.0,0.0,0.0,0.0,0.0,0.0,0.0,0.0,0.0,2155.071411281824
43,2580000000000,4.0,32.0,4.8088235294117645,4.0,6.0,1156,24.0,24.0,24.0,24.0,24.0,1156,0.0,0.0,0.0,0.0,0.0,1156,4.0,8.0,4.310553633217993,4.0,6.0,1156,0.0,124.0,61.789855072463766,64.0,100.0,552,0.0,424.0,177.1159420289855,184.0,328.0,552,1.0,1.125,1.0002264492753623,1.0,1.0,552,0.9999999999999998,1.1096788136529625,1.0029652533039124,1.0,1.015305223742134,552,1.0,1.5,1.0335783362766708,1.0,1.1666666666666667,552,0.9999999999999998,1.4948697866488752,1.0193068634655769,1.0000000000000002,1.0818790959384879,552,552.0,0.0,0.0,0.0,552.0,552.0,0.0,0.0,0.0,0.0,0.0,0.0,1.0,167.0,0.302536231884058,552.0,552.0,1.0,0.0,0.0,0.0,0.0,0.0,0.0,111.0,0.20108695652173914,0.0,0.0,0.0,0.0,0.0,1219.2497290670872
44,2640000000000,4.0,32.0,4.809688581314879,4.0,6.0,1156,24.0,24.0,24.0,24.0,24.0,1156,0.0,0.0,0.0,0.0,0.0,1156,4.0,8.0,4.311418685121107,4.0,6.0,1156,0.0,124.0,61.11594202898551,60.0,96.0,552,0.0,424.0,174.02898550724638,168.0,312.0,552,1.0,1.125,1.0003839792060492,1.0,1.0,552,0.9999999999999997,1.1093089188928809,1.007279683501556,1.0,1.0352804778302436,552,1.0,2.0,1.055972755584073,1.0,1.2347222222222203,552,0.9999999999999997,2.125148232064195,1.0449280410572395,1.016813940964917,1.1743493018940314,552,552.0,0.0,0.0,0.0,552.0,552.0,0.0,0.0,0.0,0.0,0.0,0.0,1.0,258.0,0.4673913043478261,552.0,552.0,1.0,0.0,0.0,0.0,0.0,0.0,0.0,242.0,0.4384057971014493,0.0,0.0,0.0,0.0,0.0,1239.1907926648855
45,2700000000000,4.0,32.0,4.799307958477509,4.0,6.0,1156,24.0,24.0,24.0,24.0,24.0,1156,0.0,0.0,0.0,0.0,0.0,1156,4.0,8.0,4.301038062283737,4.0,6.0,1156,0.0,116.0,60.369565217391305,60.0,96.0,552,0.0,392.0,171.69565217391303,168.0,312.0,552,1.0,1.0,1.0,1.0,1.0,552,0.9999999999999998,1.0000000000000004,1.0,1.0,1.0000000000000002,552,1.0,1.2222222222222223,1.0098518829433263,1.0,1.0833333333333333,552,0.9999999999999998,1.0000000000000004,1.0,1.0,1.0000000000000002,552,552.0,0.0,0.0,0.0,552.0,552.0,0.0,0.0,0.0,0.0,0.0,0.0,1.0,0.0,0.0,552.0,552.0,1.0,0.0,0.0,0.0,0.0,0.0,0.0,0.0,0.0,0.0,0.0,0.0,0.0,0.0,2094.1997189074755
46,2760000000000,4.0,32.0,4.804498269896194,4.0,6.0,1156,24.0,24.0,24.0,24.0,24.0,1156,0.0,0.0,0.0,0.0,0.0,1156,4.0,8.0,4.306228373702422,4.0,6.0,1156,0.0,124.0,61.85507246376812,64.0,100.0,552,0.0,424.0,177.3768115942029,184.0,328.0,552,1.0,1.1538461538461537,1.0005051560758083,1.0,1.0,552,0.9999999999999996,1.13171175913168,1.004032407064634,1.0,1.0211825660235339,552,1.0,1.5,1.030881226830041,1.0,1.1428571428571428,552,0.9999999999999996,1.5400840232092599,1.0162479670064979,1.0,1.0667859727339888,552,552.0,0.0,0.0,0.0,552.0,552.0,0.0,0.0,0.0,0.0,0.0,0.0,1.0,145.0,0.26268115942028986,552.0,552.0,1.0,0.0,0.0,0.0,0.0,0.0,0.0,121.0,0.21920289855072464,0.0,0.0,0.0,0.0,0.0,1284.5555897802114
47,2820000000000,4.0,32.0,4.807958477508651,4.0,6.0,1156,24.0,24.0,24.0,24.0,24.0,1156,0.0,0.0,0.0,0.0,0.0,1156,4.0,8.0,4.309688581314879,4.0,6.0,1156,0.0,124.0,61.10144927536232,60.0,96.0,552,0.0,424.0,174.1014492753623,168.0,312.0,552,1.0,1.0,1.0,1.0,1.0,552,0.9999999999999997,1.0888622083390904,1.0071725719894387,1.0,1.0362238023075403,552,1.0,1.5,1.0516873708860475,1.0,1.2099999999999984,552,0.9999999999999998,1.8745211528231303,1.0403393463471629,1.0162382311558975,1.145640409965977,552,552.0,0.0,0.0,0.0,552.0,552.0,0.0,0.0,0.0,0.0,0.0,0.0,1.0,266.0,0.48188405797101447,552.0,552.0,1.0,0.0,0.0,0.0,0.0,0.0,0.0,226.0,0.40942028985507245,0.0,0.0,0.0,0.0,0.0,976.3620402663946
48,2880000000000,4.0,32.0,4.798442906574395,4.0,6.0,1156,24.0,24.0,24.0,24.0,24.0,1156,0.0,0.0,0.0,0.0,0.0,1156,4.0,8.0,4.300173010380623,4.0,6.0,1156,0.0,116.0,61.47826086956522,60.0,100.0,552,0.0,392.0,176.0,168.0,328.0,552,1.0,1.0,1.0,1.0,1.0,552,0.9999999999999998,1.0000000000000004,1.0,1.0,1.0000000000000002,552,1.0,1.2222222222222223,1.0108372960562273,1.0,1.0869565217391304,552,0.9999999999999998,1.0000000000000004,1.0,1.0,1.0000000000000002,552,552.0,0.0,0.0,0.0,552.0,552.0,0.0,0.0,0.0,0.0,0.0,0.0,1.0,0.0,0.0,552.0,552.0,1.0,0.0,0.0,0.0,0.0,0.0,0.0,0.0,0.0,0.0,0.0,0.0,0.0,0.0,2174.0985959768295
49,2940000000000,4.0,32.0,4.804498269896194,4.0,6.0,1156,24.0,24.0,24.0,24.0,24.0,1156,0.0,0.0,0.0,0.0,0.0,1156,4.0,8.0,4.306228373702422,4.0,6.0,1156,0.0,124.0,61.96376811594203,64.0,100.0,552,0.0,424.0,177.94202898550725,184.0,328.0,552,1.0,1.0,1.0,1.0,1.0,552,0.9999999999999996,1.0775013336051529,1.0016659487672777,1.0,1.0106972971812378,552,1.0,1.5,1.0324440325772357,1.0,1.146071428571428,552,0.9999999999999996,1.4877678005698531,1.0132739015617558,1.0,1.0633854311918907,552,552.0,0.0,0.0,0.0,552.0,552.0,0.0,0.0,0.0,0.0,0.0,0.0,1.0,150.0,0.2717391304347826,552.0,552.0,1.0,0.0,0.0,0.0,0.0,0.0,0.0,113.0,0.20471014492753623,0.0,0.0,0.0,0.0,0.0,1223.951492458582
50,3000000000000,4.0,32.0,4.805363321799308,4.0,6.0,1156,24.0,24.0,24.0,24.0,24.0,1156,0.0,0.0,0.0,0.0,0.0,1156,4.0,8.0,4.307093425605537,4.0,6.0,1156,0.0,124.0,61.21739130434783,62.0,96.0,552,0.0,424.0,174.56521739130434,176.0,312.0,552,1.0,1.0,1.0,1.0,1.0,552,0.9999999999999997,1.0890815460901346,1.0023775637602008,1.0,1.0184944073820603,552,1.0,1.5,1.0520718788201775,1.0,1.2099999999999984,552,0.9999999999999997,1.843150482228659,1.0359118109102146,1.007452158858535,1.1400927394554947,552,552.0,0.0,0.0,0.0,552.0,552.0,0.0,0.0,0.0,0.0,0.0,0.0,1.0,271.0,0.49094202898550726,552.0,552.0,1.0,0.0,0.0,0.0,0.0,0.0,0.0,217.0,0.39311594202898553,0.0,0.0,0.0,0.0,0.0,1080.1775567233562
51,3060000000000,4.0,32.0,4.800173010380623,4.0,6.0,1156,24.0,24.0,24.0,24.0,24.0,1156,0.0,0.0,0.0,0.0,0.0,1156,4.0,8.0,4.301903114186851,4.0,6.0,1156,0.0,116.0,61.60144927536232,60.0,100.0,552,0.0,392.0,176.4927536231884,168.0,328.0,552,1.0,1.0,1.0,1.0,1.0,552,0.9999999999999996,1.0000000000000002,1.0,1.0,1.0000000000000002,552,1.0,1.2222222222222223,1.0116605473541809,1.0,1.0887351778656122,552,0.9999999999999996,1.0000000000000002,1.0,1.0,1.0000000000000002,552,552.0,0.0,0.0,0.0,552.0,552.0,0.0,0.0,0.0,0.0,0.0,0.0,1.0,0.0,0.0,552.0,552.0,1.0,0.0,0.0,0.0,0.0,0.0,0.0,0.0,0.0,0.0,0.0,0.0,0.0,0.0,2123.7824633717537
52,3120000000000,4.0,32.0,4.807093425605537,4.0,6.0,1156,24.0,24.0,24.0,24.0,24.0,1156,0.0,0.0,0.0,0.0,0.0,1156,4.0,8.0,4.3088235294117645,4.0,6.0,1156,0.0,124.0,61.95652173913044,64.0,100.0,552,0.0,424.0,177.91304347826087,184.0,328.0,552,1.0,1.0,1.0,1.0,1.0,552,0.9999999999999997,1.0770451480815775,1.0015051352634345,1.0,1.0100302638851695,552,1.0,1.5,1.0322474880777885,1.0,1.1428571428571428,552,0.9999999999999997,1.4890688920439705,1.012444699143023,1.0,1.0568609592007334,552,552.0,0.0,0.0,0.0,552.0,552.0,0.0,0.0,0.0,0.0,0.0,0.0,1.0,153.0,0.27717391304347827,552.0,552.0,1.0,0.0,0.0,0.0,0.0,0.0,0.0,109.0,0.19746376811594202,0.0,0.0,0.0,0.0,0.0,1168.946746736765
53,3180000000000,4.0,32.0,4.803633217993079,4.0,6.0,1156,24.0,24.0,24.0,24.0,24.0,1156,0.0,0.0,0.0,0.0,0.0,1156,4.0,8.0,4.305363321799308,4.0,5.25,1156,0.0,124.0,60.47826086956522,60.0,96.0,552,0.0,424.0,171.47826086956522,168.0,312.0,552,1.0,1.0,1.0,1.0,1.0,552,0.9999999999999996,1.0892286649008511,1.0023045175998888,1.0,1.0168094239597292,552,1.0,1.6666666666666667,1.0536623684296471,1.0,1.2,552,0.9999999999999996,1.811793412521714,1.0350316970551665,1.006120071845623,1.1372477831408379,552,552.0,0.0,0.0,0.0,552.0,552.0,0.0,0.0,0.0,0.0,0.0,0.0,1.0,271.0,0.49094202898550726,552.0,552.0,1.0,0.0,0.0,0.0,0.0,0.0,0.0,218.0,0.39492753623188404,0.0,0.0,0.0,0.0,0.0,945.4400986433029
54,3240000000000,4.0,32.0,4.804498269896194,4.0,6.0,1156,24.0,24.0,24.0,24.0,24.0,1156,0.0,0.0,0.0,0.0,0.0,1156,4.0,8.0,4.306228373702422,4.0,6.0,1156,0.0,116.0,61.594202898550726,60.0,100.0,552,0.0,392.0,176.46376811594203,168.0,328.0,552,1.0,1.0,1.0,1.0,1.0,552,0.9999999999999997,1.0000000000000004,1.0,1.0,1.0000000000000002,552,1.0,1.2,1.0112534688909058,1.0,1.0869565217391304,552,0.9999999999999997,1.0000000000000004,1.0,1.0,1.0000000000000002,552,552.0,0.0,0.0,0.0,552.0,552.0,0.0,0.0,0.0,0.0,0.0,0.0,1.0,0.0,0.0,552.0,552.0,1.0,0.0,0.0,0.0,0.0,0.0,0.0,0.0,0.0,0.0,0.0,0.0,0.0,0.0,2076.289590448141
55,3300000000000,4.0,32.0,4.807093425605537,4.0,6.0,1156,24.0,24.0,24.0,24.0,24.0,1156,0.0,0.0,0.0,0.0,0.0,1156,4.0,8.0,4.3088235294117645,4.0,6.0,1156,0.0,124.0,61.82608695652174,64.0,100.0,552,0.0,424.0,177.1304347826087,184.0,328.0,552,1.0,1.0,1.0,1.0,1.0,552,0.9999999999999997,1.0659723473808784,1.001234230249459,1.0,1.0083821846053633,552,1.0,1.5,1.0289695280134736,1.0,1.1376190476190469,552,0.9999999999999997,1.4903925196548007,1.0129313162119995,1.0,1.0567667982650513,552,552.0,0.0,0.0,0.0,552.0,552.0,0.0,0.0,0.0,0.0,0.0,0.0,1.0,158.0,0.286231884057971,552.0,552.0,1.0,0.0,0.0,0.0,0.0,0.0,0.0,111.0,0.20108695652173914,0.0,0.0,0.0,0.0,0.0,1109.596349298954
56,3360000000000,4.0,32.0,4.801903114186851,4.0,6.0,1156,24.0,24.0,24.0,24.0,24.0,1156,0.0,0.0,0.0,0.0,0.0,1156,4.0,8.0,4.303633217993079,4.0,5.0,1156,0.0,116.0,59.86231884057971,60.0,92.0,552,0.0,392.0,168.8840579710145,168.0,296.0,552,1.0,1.0,1.0,1.0,1.0,552,0.9999999999999997,1.0893154237465275,1.0026767215898489,1.0,1.0205482990263262,552,1.0,1.5,1.0502233983529377,1.0,1.2,552,0.9999999999999997,1.8220171729314971,1.035957279729289,1.0088633713419881,1.1364720512746984,552,552.0,0.0,0.0,0.0,552.0,552.0,0.0,0.0,0.0,0.0,0.0,0.0,1.0,265.0,0.48007246376811596,552.0,552.0,1.0,0.0,0.0,0.0,0.0,0.0,0.0,234.0,0.42391304347826086,0.0,0.0,0.0,0.0,0.0,968.5399252921343
57,3420000000000,4.0,32.0,4.804498269896194,4.0,6.0,1156,24.0,24.0,24.0,24.0,24.0,1156,0.0,0.0,0.0,0.0,0.0,1156,4.0,8.0,4.306228373702422,4.0,6.0,1156,0.0,116.0,61.630434782608695,60.0,100.0,552,0.0,392.0,176.7391304347826,168.0,328.0,552,1.0,1.0,1.0,1.0,1.0,552,0.9999999999999997,1.0000000000000002,1.0,1.0,1.0000000000000002,552,1.0,1.2,1.0114712759172375,1.0,1.0833333333333333,552,0.9999999999999997,1.0000000000000002,1.0,1.0,1.0000000000000002,552,552.0,0.0,0.0,0.0,552.0,552.0,0.0,0.0,0.0,0.0,0.0,0.0,1.0,0.0,0.0,552.0,552.0,1.0,0.0,0.0,0.0,0.0,0.0,0.0,0.0,0.0,0.0,0.0,0.0,0.0,0.0,2206.499496474862
58,3480000000000,4.0,32.0,4.809688581314879,4.0,6.0,1156,24.0,24.0,24.0,24.0,24.0,1156,0.0,0.0,0.0,0.0,0.0,1156,4.0,8.0,4.311418685121107,4.0,6.0,1156,0.0,124.0,61.594202898550726,60.0,100.0,552,0.0,424.0,176.07246376811594,168.0,328.0,552,1.0,1.0,1.0,1.0,1.0,552,0.9999999999999997,1.043597535238304,1.001195931719348,1.0,1.0088262875777214,552,1.0,1.5,1.0308879791167769,1.0,1.1346969696969695,552,0.9999999999999997,1.4917477884590924,1.0124960632182818,1.0,1.0587419910459732,552,552.0,0.0,0.0,0.0,552.0,552.0,0.0,0.0,0.0,0.0,0.0,0.0,1.0,144.0,0.2608695652173913,552.0,552.0,1.0,0.0,0.0,0.0,0.0,0.0,0.0,111.0,0.20108695652173914,0.0,0.0,0.0,0.0,0.0,1234.5989551395178
59,3540000000000,4.0,32.0,4.803633217993079,4.0,6.0,1156,24.0,24.0,24.0,24.0,24.0,1156,0.0,0.0,0.0,0.0,0.0,1156,4.0,8.0,4.305363321799308,4.0,6.0,1156,0.0,116.0,60.427536231884055,60.0,93.79999999999973,552,0.0,392.0,171.14492753623188,168.0,303.1999999999989,552,1.0,1.0,1.0,1.0,1.0,552,0.9999999999999997,1.0893517527631322,1.0031847063910102,1.0,1.023468283556138,552,1.0,1.6666666666666667,1.0516847554067108,1.0,1.2,552,0.9999999999999998,1.832489791557496,1.038648660900465,1.0108028314295043,1.1470887388583153,552,552.0,0.0,0.0,0.0,552.0,552.0,0.0,0.0,0.0,0.0,0.0,0.0,1.0,275.0,0.49818840579710144,552.0,552.0,1.0,0.0,0.0,0.0,0.0,0.0,0.0,242.0,0.4384057971014493,0.0,0.0,0.0,0.0,0.0,903.0192755162716
60,3600000000000,4.0,32.0,4.791522491349481,4.0,6.0,1156,24.0,24.0,24.0,24.0,24.0,1156,0.0,0.0,0.0,0.0,0.0,1156,4.0,8.0,4.31401384083045,4.0,6.0,1156,0.0,116.0,60.84782608695652,60.0,96.0,552,0.0,392.0,174.0,168.0,312.0,552,1.0,1.0,1.0,1.0,1.0,552,0.9999999999999996,1.0000000000000004,1.0,1.0,1.0000000000000002,552,1.0,1.1764705882352942,1.0113351524794836,1.0,1.0833333333333333,552,0.9999999999999996,1.0000000000000004,1.0,1.0,1.0000000000000002,552,552.0,0.0,0.0,0.0,552.0,552.0,0.0,0.0,0.0,0.0,0.0,0.0,1.0,0.0,0.0,552.0,552.0,1.0,0.0,0.0,0.0,0.0,0.0,0.0,0.0,0.0,0.0,0.0,0.0,0.0,0.0,2061.217036098242
61,3660000000000,4.0,32.0,4.812283737024221,4.0,6.0,1156,24.0,24.0,24.0,24.0,24.0,1156,0.0,0.0,0.0,0.0,0.0,1156,4.0,8.0,4.31401384083045,4.0,6.0,1156,0.0,128.0,61.471014492753625,60.0,96.0,552,0.0,440.0,175.71014492753622,168.0,312.0,552,1.0,1.0,1.0,1.0,1.0,552,0.9999999999999997,1.0370516553028428,1.0009293805007775,1.0,1.0042823066602664,552,1.0,1.5,1.0286235250245213,1.0,1.1333333333333333,552,0.9999999999999997,1.4931250079068892,1.012916563070695,1.0,1.056698850585847,552,552.0,0.0,0.0,0.0,552.0,552.0,0.0,0.0,0.0,0.0,0.0,0.0,1.0,134.0,0.2427536231884058,552.0,552.0,1.0,0.0,0.0,0.0,0.0,0.0,0.0,101.0,0.18297101449275363,0.0,0.0,0.0,0.0,0.0,1083.548216149211
62,3720000000000,4.0,32.0,4.801903114186851,4.0,6.0,1156,24.0,24.0,24.0,24.0,24.0,1156,0.0,0.0,0.0,0.0,0.0,1156,4.0,8.0,4.303633217993079,4.0,6.0,1156,0.0,116.0,59.81159420289855,60.0,96.0,552,0.0,392.0,168.94202898550725,168.0,312.0,552,1.0,1.0,1.0,1.0,1.0,552,0.9999999999999997,1.0893181689334024,1.0031496750742162,1.0,1.023832194992856,552,1.0,1.6666666666666667,1.0514788394051944,1.0,1.193124999999999,552,0.9999999999999998,1.841820996659321,1.039753311738901,1.0079049514296172,1.1641396515988152,552,552.0,0.0,0.0,0.0,552.0,552.0,0.0,0.0,0.0,0.0,0.0,0.0,1.0,271.0,0.49094202898550726,552.0,552.0,1.0,0.0,0.0,0.0,0.0,0.0,0.0,263.0,0.47644927536231885,0.0,0.0,0.0,0.0,0.0,1071.7593915760517
63,3780000000000,4.0,32.0,4.789792387543253,4.0,6.0,1156,24.0,24.0,24.0,24.0,24.0,1156,0.0,0.0,0.0,0.0,0.0,1156,4.0,8.0,4.312283737024221,4.0,6.0,1156,0.0,116.0,61.231884057971016,60.0,97.79999999999973,552,0.0,392.0,175.40579710144928,168.0,319.1999999999989,552,1.0,1.0,1.0,1.0,1.0,552,0.9999999999999997,1.0000000000000004,1.0,1.0,1.0000000000000002,552,1.0,1.1875,1.010604545422922,1.0,1.0833333333333333,552,0.9999999999999997,1.0000000000000004,1.0,1.0,1.0000000000000002,552,552.0,0.0,0.0,0.0,552.0,552.0,0.0,0.0,0.0,0.0,0.0,0.0,1.0,0.0,0.0,552.0,552.0,1.0,0.0,0.0,0.0,0.0,0.0,0.0,0.0,0.0,0.0,0.0,0.0,0.0,0.0,2250.3172513097525
64,3840000000000,4.0,32.0,4.806228373702422,4.0,6.0,1156,24.0,24.0,24.0,24.0,24.0,1156,0.0,0.0,0.0,0.0,0.0,1156,4.0,8.0,4.307958477508651,4.0,6.0,1156,0.0,128.0,61.7536231884058,60.0,96.0,552,0.0,440.0,176.71014492753622,168.0,312.0,552,1.0,1.0,1.0,1.0,1.0,552,0.9999999999999997,1.0535898229101728,1.0007170404763612,1.0,1.001438946463239,552,1.0,1.5,1.0274113877553377,1.0,1.125,552,0.9999999999999997,1.4918318286939314,1.0116764332986776,1.0,1.059162935699668,552,552.0,0.0,0.0,0.0,552.0,552.0,0.0,0.0,0.0,0.0,0.0,0.0,1.0,134.0,0.2427536231884058,552.0,552.0,1.0,0.0,0.0,0.0,0.0,0.0,0.0,99.0,0.1793478260869565,0.0,0.0,0.0,0.0,0.0,979.4031027704477
65,3900000000000,4.0,32.0,4.801903114186851,4.0,6.0,1156,24.0,24.0,24.0,24.0,24.0,1156,0.0,0.0,0.0,0.0,0.0,1156,4.0,8.0,4.303633217993079,4.0,6.0,1156,0.0,116.0,60.289855072463766,60.0,96.0,552,0.0,392.0,170.85507246376812,168.0,312.0,552,1.0,1.0,1.0,1.0,1.0,552,0.9999999999999998,1.0892343214117746,1.0030799179919165,1.0,1.0259997838827755,552,1.0,1.6666666666666667,1.049581803295148,1.0,1.1818181818181819,552,0.9999999999999998,1.8497904196282284,1.0374703581670182,1.0068028174321926,1.1388121312553234,552,552.0,0.0,0.0,0.0,552.0,552.0,0.0,0.0,0.0,0.0,0.0,0.0,1.0,264.0,0.4782608695652174,552.0,552.0,1.0,0.0,0.0,0.0,0.0,0.0,0.0,246.0,0.44565217391304346,0.0,0.0,0.0,0.0,0.0,1057.6434452086687
66,3960000000000,4.0,32.0,4.790657439446367,4.0,6.0,1156,24.0,24.0,24.0,24.0,24.0,1156,0.0,0.0,0.0,0.0,0.0,1156,4.0,8.0,4.313148788927336,4.0,6.0,1156,0.0,116.0,61.46376811594203,60.0,100.0,552,0.0,392.0,176.07246376811594,168.0,328.0,552,1.0,1.0,1.0,1.0,1.0,552,0.9999999999999997,1.0000000000000004,1.0,1.0,1.0000000000000002,552,1.0,1.1875,1.010813453599043,1.0,1.0833333333333333,552,0.9999999999999997,1.0000000000000004,1.0,1.0,1.0000000000000002,552,552.0,0.0,0.0,0.0,552.0,552.0,0.0,0.0,0.0,0.0,0.0,0.0,1.0,0.0,0.0,552.0,552.0,1.0,0.0,0.0,0.0,0.0,0.0,0.0,0.0,0.0,0.0,0.0,0.0,0.0,0.0,2158.919956535101
67,4020000000000,4.0,32.0,4.804498269896194,4.0,6.0,1156,24.0,24.0,24.0,24.0,24.0,1156,0.0,0.0,0.0,0.0,0.0,1156,4.0,8.0,4.306228373702422,4.0,6.0,1156,0.0,128.0,61.81884057971015,60.0,96.0,552,0.0,440.0,176.84057971014494,168.0,312.0,552,1.0,1.0,1.0,1.0,1.0,552,0.9999999999999997,1.053938436591123,1.0016081977808935,1.0,1.0102414000237852,552,1.0,1.5,1.0278102680726267,1.0,1.125,552,0.9999999999999997,1.4962832691207986,1.0127458726405236,1.0,1.053875750343145,552,552.0,0.0,0.0,0.0,552.0,552.0,0.0,0.0,0.0,0.0,0.0,0.0,1.0,136.0,0.2463768115942029,552.0,552.0,1.0,0.0,0.0,0.0,0.0,0.0,0.0,120.0,0.21739130434782608,0.0,0.0,0.0,0.0,0.0,1169.25005055964
68,4080000000000,4.0,32.0,4.803633217993079,4.0,6.0,1156,24.0,24.0,24.0,24.0,24.0,1156,0.0,0.0,0.0,0.0,0.0,1156,4.0,8.0,4.305363321799308,4.0,6.0,1156,0.0,116.0,60.38405797101449,60.0,96.0,552,0.0,392.0,171.1014492753623,168.0,312.0,552,1.0,1.0,1.0,1.0,1.0,552,0.9999999999999998,1.0891035107344202,1.0034610900471224,1.0,1.0269560251307617,552,1.0,1.6666666666666667,1.0516658179719436,1.0,1.2,552,0.9999999999999998,1.8562341542244007,1.0369710533941143,1.007512268461442,1.1474438352619485,552,552.0,0.0,0.0,0.0,552.0,552.0,0.0,0.0,0.0,0.0,0.0,0.0,1.0,255.0,0.46195652173913043,552.0,552.0,1.0,0.0,0.0,0.0,0.0,0.0,0.0,245.0,0.4438405797101449,0.0,0.0,0.0,0.0,0.0,1230.0585303455591
69,4140000000000,4.0,32.0,4.7923875432525955,4.0,6.0,1156,24.0,24.0,24.0,24.0,24.0,1156,0.0,0.0,0.0,0.0,0.0,1156,4.0,8.0,4.314878892733564,4.0,6.0,1156,0.0,112.0,60.73913043478261,60.0,96.0,552,0.0,376.0,173.17391304347825,168.0,312.0,552,1.0,1.0,1.0,1.0,1.0,552,0.9999999999999997,1.0000000000000002,1.0,1.0,1.0000000000000002,552,1.0,1.1875,1.0097994406526682,1.0,1.0769230769230769,552,0.9999999999999997,1.0000000000000002,1.0,1.0,1.0000000000000002,552,552.0,0.0,0.0,0.0,552.0,552.0,0.0,0.0,0.0,0.0,0.0,0.0,1.0,0.0,0.0,552.0,552.0,1.0,0.0,0.0,0.0,0.0,0.0,0.0,0.0,0.0,0.0,0.0,0.0,0.0,0.0,2242.981007322669
70,4200000000000,4.0,32.0,4.804498269896194,4.0,6.0,1156,24.0,24.0,24.0,24.0,24.0,1156,0.0,0.0,0.0,0.0,0.0,1156,4.0,8.0,4.306228373702422,4.0,6.0,1156,0.0,128.0,61.710144927536234,62.0,96.0,552,0.0,440.0,176.40579710144928,176.0,312.0,552,1.0,1.0,1.0,1.0,1.0,552,0.9999999999999998,1.0542363639577752,1.0013179041710527,1.0,1.0116147934551045,552,1.0,1.5,1.0299546516977636,1.0,1.1392857142857138,552,0.9999999999999998,1.4994927184209472,1.0130048823006046,1.0,1.0622178697098774,552,552.0,0.0,0.0,0.0,552.0,552.0,0.0,0.0,0.0,0.0,0.0,0.0,1.0,155.0,0.2807971014492754,552.0,552.0,1.0,0.0,0.0,0.0,0.0,0.0,0.0,119.0,0.21557971014492755,0.0,0.0,0.0,0.0,0.0,798.3340974897146
71,4260000000000,4.0,32.0,4.807093425605537,4.0,6.0,1156,24.0,24.0,24.0,24.0,24.0,1156,0.0,0.0,0.0,0.0,0.0,1156,4.0,8.0,4.3088235294117645,4.0,6.0,1156,0.0,120.0,60.47826086956522,60.0,96.0,552,0.0,408.0,171.34782608695653,168.0,312.0,552,1.0,1.0,1.0,1.0,1.0,552,0.9999999999999998,1.0889158813254731,1.0040854643116366,1.0,1.028855299582669,552,1.0,1.6666666666666667,1.0568857932960714,1.0,1.2,552,0.9999999999999998,1.8392852143902423,1.0394369164565254,1.0110058005269786,1.1617365582270889,552,552.0,0.0,0.0,0.0,552.0,552.0,0.0,0.0,0.0,0.0,0.0,0.0,1.0,269.0,0.48731884057971014,552.0,552.0,1.0,0.0,0.0,0.0,0.0,0.0,0.0,251.0,0.45471014492753625,0.0,0.0,0.0,0.0,0.0,1387.2255869209766
72,4320000000000,4.0,32.0,4.790657439446367,4.0,6.0,1156,24.0,24.0,24.0,24.0,24.0,1156,0.0,0.0,0.0,0.0,0.0,1156,4.0,8.0,4.313148788927336,4.0,6.0,1156,0.0,112.0,60.70289855072464,60.0,96.0,552,0.0,376.0,173.02898550724638,168.0,312.0,552,1.0,1.0,1.0,1.0,1.0,552,0.9999999999999996,1.0000000000000004,1.0,1.0,1.0000000000000002,552,1.0,1.1875,1.0104747081580396,1.0,1.0798076923076918,552,0.9999999999999996,1.0000000000000004,1.0,1.0,1.0000000000000002,552,552.0,0.0,0.0,0.0,552.0,552.0,0.0,0.0,0.0,0.0,0.0,0.0,1.0,0.0,0.0,552.0,552.0,1.0,0.0,0.0,0.0,0.0,0.0,0.0,0.0,0.0,0.0,0.0,0.0,0.0,0.0,2235.8380276709795
73,4380000000000,4.0,32.0,4.804498269896194,4.0,6.0,1156,24.0,24.0,24.0,24.0,24.0,1156,0.0,0.0,0.0,0.0,0.0,1156,4.0,8.0,4.306228373702422,4.0,6.0,1156,0.0,128.0,61.666666666666664,60.0,100.0,552,0.0,440.0,176.4927536231884,168.0,328.0,552,1.0,1.0,1.0,1.0,1.0,552,0.9999999999999997,1.0544849094926803,1.0017658095976034,1.0,1.0153066418528847,552,1.0,1.5,1.0329262699469937,1.0,1.1428571428571428,552,0.9999999999999998,1.501444284504999,1.0153729462070435,1.0,1.069877655318411,552,552.0,0.0,0.0,0.0,552.0,552.0,0.0,0.0,0.0,0.0,0.0,0.0,1.0,155.0,0.2807971014492754,552.0,552.0,1.0,0.0,0.0,0.0,0.0,0.0,0.0,138.0,0.25,0.0,0.0,0.0,0.0,0.0,605.7781782001257
74,4440000000000,4.0,32.0,4.810553633217993,4.0,6.0,1156,24.0,24.0,24.0,24.0,24.0,1156,0.0,0.0,0.0,0.0,0.0,1156,4.0,8.0,4.312283737024221,4.0,6.0,1156,0.0,128.0,60.82608695652174,60.0,96.0,552,0.0,440.0,172.7391304347826,168.0,312.0,552,1.0,1.6666666666666667,1.0012077294685993,1.0,1.0,552,0.9999999999999998,2.1603501408490473,1.0067056219321775,1.0,1.029228423939101,552,1.0,1.6666666666666667,1.0627521858362243,1.0476190476190477,1.2,552,0.9999999999999998,2.1603501408490473,1.0439762146073475,1.0156148886406924,1.1629923980683117,552,552.0,0.0,0.0,0.0,552.0,552.0,0.0,0.0,0.0,0.0,0.0,0.0,1.0,285.0,0.5163043478260869,552.0,552.0,1.0,0.0,0.0,0.0,0.0,0.0,0.0,247.0,0.447463768115942,0.0,0.0,0.0,0.0,0.0,979.8202887177467
75,4500000000000,4.0,32.0,4.788927335640138,4.0,6.0,1156,24.0,24.0,24.0,24.0,24.0,1156,0.0,0.0,0.0,0.0,0.0,1156,4.0,8.0,4.311418685121107,4.0,6.0,1156,0.0,112.0,60.84057971014493,60.0,96.0,552,0.0,376.0,173.44927536231884,168.0,312.0,552,1.0,1.0,1.0,1.0,1.0,552,0.9999999999999997,1.0000000000000004,1.0,1.0,1.0000000000000002,552,1.0,1.1666666666666667,1.01101413601698,1.0,1.0798076923076918,552,0.9999999999999997,1.0000000000000004,1.0,1.0,1.0000000000000002,552,552.0,0.0,0.0,0.0,552.0,552.0,0.0,0.0,0.0,0.0,0.0,0.0,1.0,0.0,0.0,552.0,552.0,1.0,0.0,0.0,0.0,0.0,0.0,0.0,0.0,0.0,0.0,0.0,0.0,0.0,0.0,1946.5889744460583
76,4560000000000,4.0,32.0,4.805363321799308,4.0,6.0,1156,24.0,24.0,24.0,24.0,24.0,1156,0.0,0.0,0.0,0.0,0.0,1156,4.0,8.0,4.307093425605537,4.0,6.0,1156,0.0,128.0,61.731884057971016,64.0,100.0,552,0.0,440.0,177.0144927536232,184.0,328.0,552,1.0,1.0,1.0,1.0,1.0,552,0.9999999999999998,1.054687074372813,1.0018033128164747,1.0,1.0146349917639352,552,1.0,1.5,1.0336345450607092,1.0,1.1428571428571428,552,0.9999999999999998,1.5482749376290952,1.0157158978338183,1.0,1.0738501135126035,552,552.0,0.0,0.0,0.0,552.0,552.0,0.0,0.0,0.0,0.0,0.0,0.0,1.0,157.0,0.28442028985507245,552.0,552.0,1.0,0.0,0.0,0.0,0.0,0.0,0.0,128.0,0.2318840579710145,0.0,0.0,0.0,0.0,0.0,1173.695171251893
77,4620000000000,4.0,32.0,4.8166089965397925,4.0,6.0,1156,24.0,24.0,24.0,24.0,24.0,1156,0.0,0.0,0.0,0.0,0.0,1156,4.0,8.0,4.318339100346021,4.0,6.0,1156,0.0,120.0,60.289855072463766,60.0,96.0,552,0.0,408.0,170.46376811594203,168.0,312.0,552,1.0,1.6666666666666667,1.0019323671497586,1.0,1.0,552,0.9999999999999998,2.1635917194384757,1.0084065179281574,1.0,1.0319180842508484,552,1.0,2.5,1.0661733038046406,1.05,1.25,552,0.9999999999999998,2.261993727766103,1.0474716391430732,1.0180705594657427,1.1700925638013722,552,552.0,0.0,0.0,0.0,552.0,552.0,0.0,0.0,0.0,0.0,0.0,0.0,1.0,287.0,0.519927536231884,552.0,552.0,1.0,0.0,0.0,0.0,0.0,0.0,0.0,239.0,0.4329710144927536,0.0,0.0,0.0,0.0,0.0,1123.9109225571156
78,4680000000000,4.0,32.0,4.78719723183391,4.0,6.0,1156,24.0,24.0,24.0,24.0,24.0,1156,0.0,0.0,0.0,0.0,0.0,1156,4.0,8.0,4.309688581314879,4.0,6.0,1156,0.0,128.0,61.47826086956522,60.0,100.0,552,0.0,440.0,176.0,168.0,328.0,552,1.0,1.0,1.0,1.0,1.0,552,0.9999999999999997,1.0000000000000004,1.0,1.0,1.0000000000000002,552,1.0,1.1875,1.010723396189038,1.0,1.0833333333333333,552,0.9999999999999997,1.0000000000000004,1.0,1.0,1.0000000000000002,552,552.0,0.0,0.0,0.0,552.0,552.0,0.0,0.0,0.0,0.0,0.0,0.0,1.0,0.0,0.0,552.0,552.0,1.0,0.0,0.0,0.0,0.0,0.0,0.0,0.0,0.0,0.0,0.0,0.0,0.0,0.0,2104.1831467300653
79,4740000000000,4.0,32.0,4.806228373702422,4.0,6.0,1156,24.0,24.0,24.0,24.0,24.0,1156,0.0,0.0,0.0,0.0,0.0,1156,4.0,8.0,4.307958477508651,4.0,6.0,1156,0.0,128.0,61.731884057971016,62.0,100.0,552,0.0,440.0,176.8840579710145,176.0,328.0,552,1.0,1.0,1.0,1.0,1.0,552,0.9999999999999997,1.0548457177164772,1.0008873263019804,1.0,1.0003457130323576,552,1.0,1.5,1.0347527001667551,1.0,1.146071428571428,552,0.9999999999999997,1.5380678768557634,1.0128613278781506,1.0,1.0682732191365978,552,552.0,0.0,0.0,0.0,552.0,552.0,0.0,0.0,0.0,0.0,0.0,0.0,1.0,162.0,0.29347826086956524,552.0,552.0,1.0,0.0,0.0,0.0,0.0,0.0,0.0,113.0,0.20471014492753623,0.0,0.0,0.0,0.0,0.0,1422.6588979363441
80,4800000000000,4.0,32.0,4.813148788927336,4.0,6.0,1156,24.0,24.0,24.0,24.0,24.0,1156,0.0,0.0,0.0,0.0,0.0,1156,4.0,8.0,4.314878892733564,4.0,6.0,1156,0.0,120.0,60.29710144927536,60.0,93.79999999999973,552,0.0,408.0,170.6231884057971,168.0,303.1999999999989,552,1.0,1.6666666666666667,1.0019323671497586,1.0,1.0,552,0.9999999999999996,2.166990660673389,1.0082667742675526,1.0,1.0299837592305716,552,1.0,2.5,1.06500038281874,1.0526315789473684,1.2099999999999984,552,0.9999999999999998,2.2650286332540985,1.046178373721797,1.0182448034720963,1.1595978485125364,552,552.0,0.0,0.0,0.0,552.0,552.0,0.0,0.0,0.0,0.0,0.0,0.0,1.0,296.0,0.5362318840579711,552.0,552.0,1.0,0.0,0.0,0.0,0.0,0.0,0.0,227.0,0.411231884057971,0.0,0.0,0.0,0.0,0.0,1204.4585291296244
81,4860000000000,4.0,32.0,4.78719723183391,4.0,6.0,1156,24.0,24.0,24.0,24.0,24.0,1156,0.0,0.0,0.0,0.0,0.0,1156,4.0,8.0,4.309688581314879,4.0,6.0,1156,0.0,128.0,61.710144927536234,60.0,100.0,552,0.0,440.0,176.79710144927537,168.0,328.0,552,1.0,1.0,1.0,1.0,1.0,552,0.9999999999999998,1.0000000000000004,1.0,1.0,1.0000000000000002,552,1.0,1.1666666666666667,1.0091828584295313,1.0,1.0769230769230769,552,0.9999999999999998,1.0000000000000004,1.0,1.0,1.0000000000000002,552,552.0,0.0,0.0,0.0,552.0,552.0,0.0,0.0,0.0,0.0,0.0,0.0,1.0,0.0,0.0,552.0,552.0,1.0,0.0,0.0,0.0,0.0,0.0,0.0,0.0,0.0,0.0,0.0,0.0,0.0,0.0,2152.254717424512
82,4920000000000,4.0,32.0,4.804498269896194,4.0,6.0,1156,24.0,24.0,24.0,24.0,24.0,1156,0.0,0.0,0.0,0.0,0.0,1156,4.0,8.0,4.306228373702422,4.0,6.0,1156,0.0,128.0,61.65942028985507,60.0,100.0,552,0.0,440.0,176.59420289855072,168.0,328.0,552,1.0,1.0,1.0,1.0,1.0,552,0.9999999999999997,1.0507875755570595,1.0010995137040195,1.0,1.0029289871694804,552,1.0,1.5,1.0334511142766352,1.0,1.1428571428571428,552,0.9999999999999997,1.5275906615708827,1.014136717891973,1.0,1.0720652973727056,552,552.0,0.0,0.0,0.0,552.0,552.0,0.0,0.0,0.0,0.0,0.0,0.0,1.0,153.0,0.27717391304347827,552.0,552.0,1.0,0.0,0.0,0.0,0.0,0.0,0.0,121.0,0.21920289855072464,0.0,0.0,0.0,0.0,0.0,1126.6427021473646
83,4980000000000,4.0,32.0,4.809688581314879,4.0,6.0,1156,24.0,24.0,24.0,24.0,24.0,1156,0.0,0.0,0.0,0.0,0.0,1156,4.0,8.0,4.311418685121107,4.0,6.0,1156,0.0,120.0,60.0,60.0,93.79999999999973,552,0.0,408.0,169.56521739130434,168.0,303.1999999999989,552,1.0,1.6666666666666667,1.0019323671497586,1.0,1.0,552,0.9999999999999998,2.1705098333001573,1.0084554718970158,1.0,1.0288934383369583,552,1.0,2.5,1.0621920679770804,1.0476190476190477,1.2,552,0.9999999999999998,2.2684959396675257,1.0437985698450591,1.0155142271285067,1.1597107079572284,552,552.0,0.0,0.0,0.0,552.0,552.0,0.0,0.0,0.0,0.0,0.0,0.0,1.0,268.0,0.4855072463768116,552.0,552.0,1.0,0.0,0.0,0.0,0.0,0.0,0.0,238.0,0.4311594202898551,0.0,0.0,0.0,0.0,0.0,1589.277409017086
84,5040000000000,4.0,32.0,4.788062283737024,4.0,6.0,1156,24.0,24.0,24.0,24.0,24.0,1156,0.0,0.0,0.0,0.0,0.0,1156,4.0,8.0,4.310553633217993,4.0,6.0,1156,0.0,120.0,61.32608695652174,60.0,100.0,552,0.0,408.0,175.2608695652174,168.0,328.0,552,1.0,1.0,1.0,1.0,1.0,552,0.9999999999999996,1.0000000000000002,1.0,1.0,1.0000000000000002,552,1.0,1.1666666666666667,1.0094244534767993,1.0,1.0739010989010984,552,0.9999999999999996,1.0000000000000002,1.0,1.0,1.0000000000000002,552,552.0,0.0,0.0,0.0,552.0,552.0,0.0,0.0,0.0,0.0,0.0,0.0,1.0,0.0,0.0,552.0,552.0,1.0,0.0,0.0,0.0,0.0,0.0,0.0,0.0,0.0,0.0,0.0,0.0,0.0,0.0,2129.4707339257
85,5100000000000,4.0,32.0,4.809688581314879,4.0,6.0,1156,24.0,24.0,24.0,24.0,24.0,1156,0.0,0.0,0.0,0.0,0.0,1156,4.0,8.0,4.311418685121107,4.0,6.0,1156,0.0,128.0,61.80434782608695,60.0,100.0,552,0.0,440.0,177.17391304347825,168.0,328.0,552,1.0,1.0,1.0,1.0,1.0,552,0.9999999999999997,1.0500185300303686,1.0008479796941485,1.0,1.0000000000000002,552,1.0,1.5,1.035834876715614,1.0,1.146071428571428,552,0.9999999999999997,1.516882402533324,1.015105541083868,1.0,1.0764611986540573,552,552.0,0.0,0.0,0.0,552.0,552.0,0.0,0.0,0.0,0.0,0.0,0.0,1.0,176.0,0.3188405797101449,552.0,552.0,1.0,0.0,0.0,0.0,0.0,0.0,0.0,105.0,0.19021739130434784,0.0,0.0,0.0,0.0,0.0,1286.8410274386406
86,5160000000000,4.0,32.0,4.783737024221454,4.0,6.0,1156,24.0,24.0,24.0,24.0,24.0,1156,0.0,0.0,0.0,0.0,0.0,1156,4.0,8.0,4.306228373702422,4.0,6.0,1156,0.0,120.0,60.34057971014493,60.0,93.79999999999973,552,0.0,408.0,171.05797101449275,168.0,303.1999999999989,552,1.0,1.6666666666666667,1.0012077294685993,1.0,1.0,552,0.9999999999999997,2.1741792935827426,1.007945938971918,1.0,1.0289151778340369,552,1.0,2.5,1.0620718273197554,1.0476190476190477,1.2099999999999984,552,0.9999999999999997,2.2724114326668166,1.0435349679330623,1.0166346948461937,1.1560495095415682,552,552.0,0.0,0.0,0.0,552.0,552.0,0.0,0.0,0.0,0.0,0.0,0.0,1.0,275.0,0.49818840579710144,552.0,552.0,1.0,0.0,0.0,0.0,0.0,0.0,0.0,232.0,0.42028985507246375,0.0,0.0,0.0,0.0,0.0,1171.435782685876
87,5220000000000,4.0,32.0,4.783737024221454,4.0,6.0,1156,24.0,24.0,24.0,24.0,24.0,1156,0.0,0.0,0.0,0.0,0.0,1156,4.0,8.0,4.306228373702422,4.0,6.0,1156,0.0,120.0,61.36231884057971,60.0,100.0,552,0.0,408.0,175.53623188405797,168.0,328.0,552,1.0,1.0,1.0,1.0,1.0,552,0.9999999999999997,1.0000000000000002,1.0,1.0,1.0000000000000002,552,1.0,1.1666666666666667,1.0100413069889513,1.0,1.0833333333333333,552,0.9999999999999997,1.0000000000000002,1.0,1.0,1.0000000000000002,552,552.0,0.0,0.0,0.0,552.0,552.0,0.0,0.0,0.0,0.0,0.0,0.0,1.0,0.0,0.0,552.0,552.0,1.0,0.0,0.0,0.0,0.0,0.0,0.0,0.0,0.0,0.0,0.0,0.0,0.0,0.0,2191.970784217119
88,5280000000000,4.0,32.0,4.814878892733564,4.0,6.0,1156,24.0,24.0,24.0,24.0,24.0,1156,0.0,0.0,0.0,0.0,0.0,1156,4.0,8.0,4.3166089965397925,4.0,6.0,1156,0.0,128.0,61.1231884057971,60.0,96.0,552,0.0,440.0,174.71014492753622,168.0,312.0,552,1.0,1.0,1.0,1.0,1.0,552,0.9999999999999998,1.0487426172106975,1.000829432121462,1.0,1.001042365461484,552,1.0,1.5,1.0348801717151235,1.0,1.1428571428571428,552,0.9999999999999998,1.506016990690705,1.0130522924666887,1.0000000000000004,1.0627802038181842,552,552.0,0.0,0.0,0.0,552.0,552.0,0.0,0.0,0.0,0.0,0.0,0.0,1.0,181.0,0.3278985507246377,552.0,552.0,1.0,0.0,0.0,0.0,0.0,0.0,0.0,98.0,0.17753623188405798,0.0,0.0,0.0,0.0,0.0,863.025639206171
89,5340000000000,4.0,31.0,4.78719723183391,4.0,6.0,1156,24.0,24.0,24.0,24.0,24.0,1156,0.0,0.0,0.0,0.0,0.0,1156,4.0,8.0,4.309688581314879,4.0,6.0,1156,0.0,120.0,60.47826086956522,60.0,93.79999999999973,552,0.0,408.0,171.8695652173913,168.0,303.1999999999989,552,1.0,1.6666666666666667,1.0014864362690452,1.0,1.0,552,0.9999999999999998,2.177987920764778,1.0078270125539615,1.0,1.0281272361176015,552,1.0,2.5,1.0596426167991544,1.0526315789473684,1.1818181818181819,552,0.9999999999999998,2.2767560382892964,1.0397869646540472,1.0166677958993975,1.135915755091404,552,552.0,0.0,0.0,0.0,552.0,552.0,0.0,0.0,0.0,0.0,0.0,0.0,1.0,287.0,0.519927536231884,552.0,552.0,1.0,0.0,0.0,0.0,0.0,0.0,0.0,211.0,0.3822463768115942,0.0,0.0,0.0,0.0,0.0,1109.7396910190582
90,5400000000000,4.0,32.0,4.786332179930795,4.0,6.0,1156,24.0,24.0,24.0,24.0,24.0,1156,0.0,0.0,0.0,0.0,0.0,1156,4.0,8.0,4.3088235294117645,4.0,6.0,1156,0.0,120.0,61.268115942028984,60.0,100.0,552,0.0,408.0,175.15942028985506,168.0,328.0,552,1.0,1.0,1.0,1.0,1.0,552,0.9999999999999996,1.0000000000000004,1.0,1.0,1.0000000000000002,552,1.0,1.1666666666666667,1.008261938777358,1.0,1.0666666666666667,552,0.9999999999999996,1.0000000000000004,1.0,1.0,1.0000000000000002,552,552.0,0.0,0.0,0.0,552.0,552.0,0.0,0.0,0.0,0.0,0.0,0.0,1.0,0.0,0.0,552.0,552.0,1.0,0.0,0.0,0.0,0.0,0.0,0.0,0.0,0.0,0.0,0.0,0.0,0.0,0.0,1385.7433330267668
91,5460000000000,4.0,32.0,4.807093425605537,4.0,6.0,1156,24.0,24.0,24.0,24.0,24.0,1156,0.0,0.0,0.0,0.0,0.0,1156,4.0,8.0,4.3088235294117645,4.0,6.0,1156,0.0,128.0,61.19565217391305,60.0,96.0,552,0.0,440.0,174.47826086956522,168.0,312.0,552,1.0,1.0,1.0,1.0,1.0,552,0.9999999999999998,1.0785750335310211,1.0017977581499597,1.0,1.0042997757567973,552,1.0,1.5,1.0356435526815095,1.0,1.1428571428571428,552,0.9999999999999998,1.6869332383907556,1.0171796727714841,1.0006678947262806,1.0766034106132265,552,552.0,0.0,0.0,0.0,552.0,552.0,0.0,0.0,0.0,0.0,0.0,0.0,1.0,175.0,0.3170289855072464,552.0,552.0,1.0,0.0,0.0,0.0,0.0,0.0,0.0,121.0,0.21920289855072464,0.0,0.0,0.0,0.0,0.0,1157.7386017888784
92,5520000000000,4.0,32.0,4.782006920415225,4.0,6.0,1156,24.0,24.0,24.0,24.0,24.0,1156,0.0,0.0,0.0,0.0,0.0,1156,4.0,8.0,4.304498269896194,4.0,6.0,1156,0.0,120.0,60.23913043478261,60.0,96.0,552,0.0,408.0,170.91304347826087,168.0,312.0,552,1.0,1.6666666666666667,1.0014864362690452,1.0,1.0,552,0.9999999999999997,2.18190934291825,1.008210722078317,1.0,1.0289814780459203,552,1.0,2.5,1.054611251202115,1.0,1.1666666666666667,552,0.9999999999999997,2.2814919412126238,1.0380676121121888,1.016705640352614,1.1190373030764473,552,552.0,0.0,0.0,0.0,552.0,552.0,0.0,0.0,0.0,0.0,0.0,0.0,1.0,271.0,0.49094202898550726,552.0,552.0,1.0,0.0,0.0,0.0,0.0,0.0,0.0,220.0,0.39855072463768115,0.0,0.0,0.0,0.0,0.0,1436.964213848114
93,5580000000000,4.0,32.0,4.78719723183391,4.0,6.0,1156,24.0,24.0,24.0,24.0,24.0,1156,0.0,0.0,0.0,0.0,0.0,1156,4.0,8.0,4.309688581314879,4.0,6.0,1156,0.0,120.0,61.2536231884058,60.0,100.0,552,0.0,408.0,174.97101449275362,168.0,328.0,552,1.0,1.0,1.0,1.0,1.0,552,0.9999999999999997,1.0000000000000004,1.0,1.0,1.0,552,1.0,1.1666666666666667,1.0079887894142823,1.0,1.0643749999999996,552,0.9999999999999997,1.0000000000000004,1.0,1.0,1.0,552,552.0,0.0,0.0,0.0,552.0,552.0,0.0,0.0,0.0,0.0,0.0,0.0,1.0,0.0,0.0,552.0,552.0,1.0,0.0,0.0,0.0,0.0,0.0,0.0,0.0,0.0,0.0,0.0,0.0,0.0,0.0,2171.5490836650133
94,5640000000000,4.0,32.0,4.8088235294117645,4.0,6.0,1156,24.0,24.0,24.0,24.0,24.0,1156,0.0,0.0,0.0,0.0,0.0,1156,4.0,8.0,4.310553633217993,4.0,6.0,1156,0.0,120.0,60.88405797101449,60.0,96.0,552,0.0,408.0,173.36231884057972,168.0,312.0,552,1.0,1.0,1.0,1.0,1.0,552,0.9999999999999998,1.078060724988593,1.0018644170668622,1.0,1.0067396129374055,552,1.0,1.5,1.0324261065650362,1.0,1.125,552,0.9999999999999998,1.7202327840051859,1.0169335297798878,1.0000000000000002,1.0742976797120465,552,552.0,0.0,0.0,0.0,552.0,552.0,0.0,0.0,0.0,0.0,0.0,0.0,1.0,164.0,0.2971014492753623,552.0,552.0,1.0,0.0,0.0,0.0,0.0,0.0,0.0,120.0,0.21739130434782608,0.0,0.0,0.0,0.0,0.0,1266.2433441728354
95,5700000000000,4.0,32.0,4.777681660899654,4.0,6.0,1156,24.0,24.0,24.0,24.0,24.0,1156,0.0,0.0,0.0,0.0,0.0,1156,4.0,8.0,4.300173010380623,4.0,6.0,1156,0.0,120.0,60.28260869565217,60.0,92.0,552,0.0,408.0,171.08695652173913,168.0,296.0,552,1.0,1.6666666666666667,1.0014864362690452,1.0,1.0,552,0.9999999999999998,2.1859623309041725,1.0082516232444927,1.0,1.0287981420933612,552,1.0,2.5,1.0529048977635023,1.0,1.1666666666666667,552,0.9999999999999998,2.2866341500439806,1.0378604265135138,1.0158486448551245,1.1198290623666998,552,552.0,0.0,0.0,0.0,552.0,552.0,0.0,0.0,0.0,0.0,0.0,0.0,1.0,259.0,0.4692028985507246,552.0,552.0,1.0,0.0,0.0,0.0,0.0,0.0,0.0,223.0,0.40398550724637683,0.0,0.0,0.0,0.0,0.0,1362.2375391423702
96,5760000000000,4.0,32.0,4.78719723183391,4.0,6.0,1156,24.0,24.0,24.0,24.0,24.0,1156,0.0,0.0,0.0,0.0,0.0,1156,4.0,8.0,4.309688581314879,4.0,6.0,1156,0.0,120.0,61.42028985507246,60.0,100.0,552,0.0,408.0,175.63768115942028,168.0,328.0,552,1.0,1.0,1.0,1.0,1.0,552,0.9999999999999997,1.0000000000000002,1.0,1.0,1.0000000000000002,552,1.0,1.1666666666666667,1.0076406676227463,1.0,1.0643749999999996,552,0.9999999999999997,1.0000000000000002,1.0,1.0,1.0000000000000002,552,552.0,0.0,0.0,0.0,552.0,552.0,0.0,0.0,0.0,0.0,0.0,0.0,1.0,0.0,0.0,552.0,552.0,1.0,0.0,0.0,0.0,0.0,0.0,0.0,0.0,0.0,0.0,0.0,0.0,0.0,0.0,1701.6350477933884
97,5820000000000,4.0,32.0,4.811418685121107,4.0,6.0,1156,24.0,24.0,24.0,24.0,24.0,1156,0.0,0.0,0.0,0.0,0.0,1156,4.0,8.0,4.313148788927336,4.0,6.0,1156,0.0,116.0,60.289855072463766,60.0,96.0,552,0.0,392.0,170.85507246376812,168.0,312.0,552,1.0,1.0,1.0,1.0,1.0,552,0.9999999999999998,1.0465835531259366,1.0017990615332824,1.0,1.0089412694670028,552,1.0,1.5,1.0334228859842567,1.0,1.1287499999999995,552,0.9999999999999998,1.7124834459260334,1.0166394160024794,1.0000000000000002,1.067348289365637,552,552.0,0.0,0.0,0.0,552.0,552.0,0.0,0.0,0.0,0.0,0.0,0.0,1.0,178.0,0.322463768115942,552.0,552.0,1.0,0.0,0.0,0.0,0.0,0.0,0.0,114.0,0.20652173913043478,0.0,0.0,0.0,0.0,0.0,1575.8158471435308
98,5880000000000,4.0,32.0,4.7612456747404845,4.0,6.0,1156,24.0,24.0,24.0,24.0,24.0,1156,0.0,0.0,0.0,0.0,0.0,1156,4.0,8.0,4.304498269896194,4.0,6.0,1156,0.0,120.0,61.27536231884058,60.0,96.0,552,0.0,408.0,174.79710144927537,168.0,312.0,552,1.0,1.6666666666666667,1.002694165737644,1.0,1.0,552,0.9999999999999997,2.1901316386932286,1.0102176268790213,1.0,1.0306124615273045,552,1.0,2.5,1.0594873709726664,1.0476190476190477,1.1666666666666667,552,0.9999999999999997,2.2921611367197094,1.0416651094262992,1.017924382957144,1.1253276528132947,552,552.0,0.0,0.0,0.0,552.0,552.0,0.0,0.0,0.0,0.0,0.0,0.0,1.0,276.0,0.5,552.0,552.0,1.0,0.0,0.0,0.0,0.0,0.0,0.0,216.0,0.391304347826087,0.0,0.0,0.0,0.0,0.0,979.5452374964952
99,5940000000000,4.0,32.0,4.7932525951557095,4.0,6.0,1156,24.0,24.0,24.0,24.0,24.0,1156,0.0,0.0,0.0,0.0,0.0,1156,4.0,8.0,4.3157439446366785,4.0,6.0,1156,0.0,120.0,61.210144927536234,60.0,100.0,552,0.0,408.0,174.92753623188406,168.0,328.0,552,1.0,1.0,1.0,1.0,1.0,552,0.9999999999999996,1.0000000000000002,1.0,1.0,1.0,552,1.0,1.1666666666666667,1.0078586513155414,1.0,1.0643749999999996,552,0.9999999999999996,1.0000000000000002,1.0,1.0,1.0,552,552.0,0.0,0.0,0.0,552.0,552.0,0.0,0.0,0.0,0.0,0.0,0.0,1.0,0.0,0.0,552.0,552.0,1.0,0.0,0.0,0.0,0.0,0.0,0.0,0.0,0.0,0.0,0.0,0.0,0.0,0.0,1911.7639139294624
100,6000000000000,4.0,32.0,4.8088235294117645,4.0,6.0,1156,24.0,24.0,24.0,24.0,24.0,1156,0.0,0.0,0.0,0.0,0.0,1156,4.0,8.0,4.310553633217993,4.0,6.0,1156,0.0,116.0,60.13768115942029,60.0,96.0,552,0.0,392.0,170.1159420289855,168.0,312.0,552,1.0,1.0,1.0,1.0,1.0,552,0.9999999999999997,1.0777545835218256,1.002391743049985,1.0,1.0124393291763982,552,1.0,1.5,1.034925815895115,1.0,1.1287499999999995,552,0.9999999999999997,1.7047016209729033,1.0192119173015914,1.0019278693387954,1.0695127076637347,552,552.0,0.0,0.0,0.0,552.0,552.0,0.0,0.0,0.0,0.0,0.0,0.0,1.0,184.0,0.3333333333333333,552.0,552.0,1.0,0.0,0.0,0.0,0.0,0.0,0.0,135.0,0.24456521739130435,0.0,0.0,0.0,0.0,0.0,974.9524351209402
101,6060000000000,4.0,31.0,4.762975778546712,4.0,6.0,1156,24.0,24.0,24.0,24.0,24.0,1156,0.0,0.0,0.0,0.0,0.0,1156,4.0,8.0,4.306228373702422,4.0,6.0,1156,0.0,116.0,60.95652173913044,60.0,96.0,552,0.0,392.0,173.52173913043478,168.0,312.0,552,1.0,1.6666666666666667,1.0026742581090407,1.0,1.0,552,0.9999999999999997,2.194377663107425,1.0107511183285411,1.0,1.031646690975221,552,1.0,2.5,1.058462757272685,1.0454545454545454,1.1666666666666667,552,0.9999999999999998,2.29803189063604,1.0413602710184802,1.0180406291532529,1.1273763003972044,552,552.0,0.0,0.0,0.0,552.0,552.0,0.0,0.0,0.0,0.0,0.0,0.0,1.0,263.0,0.47644927536231885,552.0,552.0,1.0,0.0,0.0,0.0,0.0,0.0,0.0,239.0,0.4329710144927536,0.0,0.0,0.0,0.0,0.0,1117.154123261571
102,6120000000000,4.0,32.0,4.7932525951557095,4.0,6.0,1156,24.0,24.0,24.0,24.0,24.0,1156,0.0,0.0,0.0,0.0,0.0,1156,4.0,8.0,4.3157439446366785,4.0,6.0,1156,0.0,120.0,61.130434782608695,60.0,100.0,552,0.0,408.0,174.6086956521739,168.0,328.0,552,1.0,1.0,1.0,1.0,1.0,552,0.9999999999999998,1.0000000000000004,1.0,1.0,1.0000000000000002,552,1.0,1.1666666666666667,1.007925242649169,1.0,1.0643749999999996,552,0.9999999999999998,1.0000000000000004,1.0,1.0,1.0000000000000002,552,552.0,0.0,0.0,0.0,552.0,552.0,0.0,0.0,0.0,0.0,0.0,0.0,1.0,0.0,0.0,552.0,552.0,1.0,0.0,0.0,0.0,0.0,0.0,0.0,0.0,0.0,0.0,0.0,0.0,0.0,0.0,1985.0277043879032
103,6180000000000,4.0,32.0,4.809688581314879,4.0,6.0,1156,24.0,24.0,24.0,24.0,24.0,1156,0.0,0.0,0.0,0.0,0.0,1156,4.0,8.0,4.311418685121107,4.0,6.0,1156,0.0,120.0,60.7463768115942,60.0,96.0,552,0.0,408.0,172.55072463768116,168.0,312.0,552,1.0,1.0,1.0,1.0,1.0,552,0.9999999999999997,1.0492380844564309,1.0026106672611432,1.0,1.013493341081356,552,1.0,1.5,1.03487624945749,1.0,1.1333333333333333,552,0.9999999999999997,1.6969411744021368,1.0181239479678006,1.0001558367523256,1.0631972117889594,552,552.0,0.0,0.0,0.0,552.0,552.0,0.0,0.0,0.0,0.0,0.0,0.0,1.0,168.0,0.30434782608695654,552.0,552.0,1.0,0.0,0.0,0.0,0.0,0.0,0.0,139.0,0.25181159420289856,0.0,0.0,0.0,0.0,0.0,726.7856113612652
104,6240000000000,4.0,32.0,4.7621107266435985,4.0,6.0,1156,24.0,24.0,24.0,24.0,24.0,1156,0.0,0.0,0.0,0.0,0.0,1156,4.0,8.0,4.305363321799308,4.0,6.0,1156,0.0,116.0,60.85507246376812,60.0,96.0,552,0.0,392.0,172.9855072463768,168.0,312.0,552,1.0,1.6666666666666667,1.0026742581090407,1.0,1.0,552,0.9999999999999998,2.1987226126171815,1.0102443141913433,1.0,1.031682828108584,552,1.0,2.5,1.060401800600934,1.0192307692307692,1.1899999999999988,552,0.9999999999999998,2.304254673391898,1.0448990147407984,1.0177143014918548,1.1470124217779252,552,552.0,0.0,0.0,0.0,552.0,552.0,0.0,0.0,0.0,0.0,0.0,0.0,1.0,262.0,0.4746376811594203,552.0,552.0,1.0,0.0,0.0,0.0,0.0,0.0,0.0,255.0,0.46195652173913043,0.0,0.0,0.0,0.0,0.0,1005.3541120141745
105,6300000000000,4.0,32.0,4.794982698961937,4.0,6.0,1156,24.0,24.0,24.0,24.0,24.0,1156,0.0,0.0,0.0,0.0,0.0,1156,4.0,8.0,4.317474048442906,4.0,6.0,1156,0.0,120.0,60.992753623188406,60.0,100.0,552,0.0,408.0,173.79710144927537,168.0,328.0,552,1.0,1.0,1.0,1.0,1.0,552,0.9999999999999996,1.0000000000000002,1.0,1.0,1.0000000000000002,552,1.0,1.3333333333333333,1.0088192452755862,1.0,1.0688095238095234,552,0.9999999999999996,1.0000000000000002,1.0,1.0,1.0000000000000002,552,552.0,0.0,0.0,0.0,552.0,552.0,0.0,0.0,0.0,0.0,0.0,0.0,1.0,0.0,0.0,552.0,552.0,1.0,0.0,0.0,0.0,0.0,0.0,0.0,0.0,0.0,0.0,0.0,0.0,0.0,0.0,1698.1725133955479
106,6360000000000,4.0,32.0,4.812283737024221,4.0,6.0,1156,24.0,24.0,24.0,24.0,24.0,1156,0.0,0.0,0.0,0.0,0.0,1156,4.0,8.0,4.31401384083045,4.0,6.0,1156,0.0,120.0,60.71739130434783,60.0,96.0,552,0.0,408.0,172.43478260869566,168.0,312.0,552,1.0,1.1428571428571428,1.0002587991718426,1.0,1.0,552,0.9999999999999998,1.115897026505398,1.0035462616536581,1.0,1.0170341623904766,552,1.0,1.5,1.0364129341874315,1.0,1.1287499999999995,552,0.9999999999999998,1.6892243778256313,1.020035846666631,1.001568468876408,1.0665334460343148,552,552.0,0.0,0.0,0.0,552.0,552.0,0.0,0.0,0.0,0.0,0.0,0.0,1.0,163.0,0.29528985507246375,552.0,552.0,1.0,0.0,0.0,0.0,0.0,0.0,0.0,148.0,0.26811594202898553,0.0,0.0,0.0,0.0,0.0,1398.1800433248281
107,6420000000000,4.0,32.0,4.762975778546712,4.0,6.0,1156,24.0,24.0,24.0,24.0,24.0,1156,0.0,0.0,0.0,0.0,0.0,1156,4.0,8.0,4.306228373702422,4.0,6.0,1156,0.0,116.0,60.44202898550725,60.0,92.0,552,0.0,392.0,171.20289855072463,168.0,296.0,552,1.0,1.6666666666666667,1.0026742581090407,1.0,1.0,552,0.9999999999999998,2.203133022006733,1.0105535075517396,1.0,1.0309170528839862,552,1.0,2.5,1.0671746552462564,1.05,1.2099999999999984,552,0.9999999999999998,2.310830743076819,1.052739228287889,1.021144041757947,1.175687969090396,552,552.0,0.0,0.0,0.0,552.0,552.0,0.0,0.0,0.0,0.0,0.0,0.0,1.0,282.0,0.5108695652173914,552.0,552.0,1.0,0.0,0.0,0.0,0.0,0.0,0.0,264.0,0.4782608695652174,0.0,0.0,0.0,0.0,0.0,1301.2316469103098
108,6480000000000,4.0,32.0,4.8088235294117645,4.0,6.0,1156,24.0,24.0,24.0,24.0,24.0,1156,0.0,0.0,0.0,0.0,0.0,1156,4.0,8.0,4.310553633217993,4.0,6.0,1156,0.0,120.0,61.3768115942029,64.0,100.0,552,0.0,408.0,175.46376811594203,184.0,328.0,552,1.0,1.0,1.0,1.0,1.0,552,0.9999999999999997,1.0000000000000004,1.0,1.0,1.0000000000000002,552,1.0,1.3333333333333333,1.0080313114987745,1.0,1.0666666666666667,552,0.9999999999999997,1.0000000000000004,1.0,1.0,1.0000000000000002,552,552.0,0.0,0.0,0.0,552.0,552.0,0.0,0.0,0.0,0.0,0.0,0.0,1.0,0.0,0.0,552.0,552.0,1.0,0.0,0.0,0.0,0.0,0.0,0.0,0.0,0.0,0.0,0.0,0.0,0.0,0.0,2227.7137972414494
109,6540000000000,4.0,32.0,4.81401384083045,4.0,6.0,1156,24.0,24.0,24.0,24.0,24.0,1156,0.0,0.0,0.0,0.0,0.0,1156,4.0,8.0,4.3157439446366785,4.0,6.0,1156,0.0,120.0,60.84782608695652,60.0,96.0,552,0.0,408.0,173.08695652173913,168.0,312.0,552,1.0,1.0,1.0,1.0,1.0,552,0.9999999999999998,1.0585371470881086,1.001184023025276,1.0,1.0015070939754487,552,1.0,1.5,1.0412645830038214,1.0,1.1428571428571428,552,0.9999999999999998,1.6815639304028294,1.0224293506985862,1.0,1.1208892437126474,552,552.0,0.0,0.0,0.0,552.0,552.0,0.0,0.0,0.0,0.0,0.0,0.0,1.0,182.0,0.32971014492753625,552.0,552.0,1.0,0.0,0.0,0.0,0.0,0.0,0.0,150.0,0.2717391304347826,0.0,0.0,0.0,0.0,0.0,1176.4200944453478
110,6600000000000,4.0,32.0,4.768166089965398,4.0,6.0,1156,24.0,24.0,24.0,24.0,24.0,1156,0.0,0.0,0.0,0.0,0.0,1156,4.0,8.0,4.311418685121107,4.0,6.0,1156,0.0,116.0,60.79710144927536,60.0,92.0,552,0.0,392.0,172.6231884057971,168.0,296.0,552,1.0,1.6666666666666667,1.002415458937198,1.0,1.0,552,0.9999999999999997,2.2075723981077697,1.0062174300619744,1.0,1.0144237486170358,552,1.0,2.5,1.073118039268159,1.0588235294117647,1.2222222222222223,552,0.9999999999999997,2.3176940858390847,1.0532542044945066,1.0211023850991803,1.1743634220935255,552,552.0,0.0,0.0,0.0,552.0,552.0,0.0,0.0,0.0,0.0,0.0,0.0,1.0,305.0,0.552536231884058,552.0,552.0,1.0,0.0,0.0,0.0,0.0,0.0,0.0,244.0,0.4420289855072464,0.0,0.0,0.0,0.0,0.0,788.4488925337791
111,6660000000000,4.0,32.0,4.809688581314879,4.0,6.0,1156,24.0,24.0,24.0,24.0,24.0,1156,0.0,0.0,0.0,0.0,0.0,1156,4.0,8.0,4.311418685121107,4.0,6.0,1156,0.0,120.0,62.072463768115945,64.0,100.0,552,0.0,408.0,178.3768115942029,184.0,328.0,552,1.0,1.0,1.0,1.0,1.0,552,0.9999999999999996,1.0000000000000002,1.0,1.0,1.0000000000000002,552,1.0,1.3333333333333333,1.0099032753449821,1.0,1.0714285714285714,552,0.9999999999999996,1.0000000000000002,1.0,1.0,1.0000000000000002,552,552.0,0.0,0.0,0.0,552.0,552.0,0.0,0.0,0.0,0.0,0.0,0.0,1.0,0.0,0.0,552.0,552.0,1.0,0.0,0.0,0.0,0.0,0.0,0.0,0.0,0.0,0.0,0.0,0.0,0.0,0.0,1533.2021415233612
112,6720000000000,4.0,32.0,4.811418685121107,4.0,6.0,1156,24.0,24.0,24.0,24.0,24.0,1156,0.0,0.0,0.0,0.0,0.0,1156,4.0,8.0,4.313148788927336,4.0,6.0,1156,0.0,120.0,61.01449275362319,60.0,96.0,552,0.0,408.0,173.7536231884058,168.0,312.0,552,1.0,1.0,1.0,1.0,1.0,552,0.9999999999999997,1.0491851900897524,1.0011296146720825,1.0,1.0049369894100573,552,1.0,1.5,1.0409740206555291,1.0,1.147802197802197,552,0.9999999999999997,1.6740041368837173,1.0225834975124868,1.0,1.091809903955502,552,552.0,0.0,0.0,0.0,552.0,552.0,0.0,0.0,0.0,0.0,0.0,0.0,1.0,185.0,0.3351449275362319,552.0,552.0,1.0,0.0,0.0,0.0,0.0,0.0,0.0,153.0,0.27717391304347827,0.0,0.0,0.0,0.0,0.0,772.6014740765095
113,6780000000000,4.0,32.0,4.7690311418685125,4.0,6.0,1156,24.0,24.0,24.0,24.0,24.0,1156,0.0,0.0,0.0,0.0,0.0,1156,4.0,8.0,4.312283737024221,4.0,6.0,1156,0.0,116.0,61.23913043478261,60.0,96.0,552,0.0,392.0,174.3913043478261,168.0,312.0,552,1.0,1.6666666666666667,1.0027777777777778,1.0,1.0,552,0.9999999999999997,2.2120488277124304,1.0065795197384035,1.0,1.0169580176109347,552,1.0,2.5,1.0694883403994895,1.0555555555555556,1.2,552,0.9999999999999997,2.3248577097741805,1.0500983019987236,1.02008286013584,1.1727901021775087,552,552.0,0.0,0.0,0.0,552.0,552.0,0.0,0.0,0.0,0.0,0.0,0.0,1.0,300.0,0.5434782608695652,552.0,552.0,1.0,0.0,0.0,0.0,0.0,0.0,0.0,237.0,0.42934782608695654,0.0,0.0,0.0,0.0,0.0,782.4782188981771
114,6840000000000,4.0,32.0,4.809688581314879,4.0,6.0,1156,24.0,24.0,24.0,24.0,24.0,1156,0.0,0.0,0.0,0.0,0.0,1156,4.0,8.0,4.311418685121107,4.0,6.0,1156,0.0,120.0,61.94927536231884,64.0,100.0,552,0.0,408.0,177.8840579710145,184.0,328.0,552,1.0,1.0,1.0,1.0,1.0,552,0.9999999999999998,1.0000000000000002,1.0,1.0,1.0000000000000002,552,1.0,1.3333333333333333,1.0092036554198187,1.0,1.0714285714285714,552,0.9999999999999998,1.0000000000000002,1.0,1.0,1.0000000000000002,552,552.0,0.0,0.0,0.0,552.0,552.0,0.0,0.0,0.0,0.0,0.0,0.0,1.0,0.0,0.0,552.0,552.0,1.0,0.0,0.0,0.0,0.0,0.0,0.0,0.0,0.0,0.0,0.0,0.0,0.0,0.0,1552.7246054261923
115,6900000000000,4.0,32.0,4.81401384083045,4.0,6.0,1156,24.0,24.0,24.0,24.0,24.0,1156,0.0,0.0,0.0,0.0,0.0,1156,4.0,8.0,4.3157439446366785,4.0,6.0,1156,0.0,120.0,60.93478260869565,60.0,93.79999999999973,552,0.0,408.0,173.43478260869566,168.0,303.1999999999989,552,1.0,1.0,1.0,1.0,1.0,552,0.9999999999999998,1.049093477195237,1.001205955458909,1.0,1.008614272456906,552,1.0,1.5,1.0416714325363103,1.0,1.1428571428571428,552,0.9999999999999998,1.6665598677928286,1.0215393878540937,1.0,1.0962084291799599,552,552.0,0.0,0.0,0.0,552.0,552.0,0.0,0.0,0.0,0.0,0.0,0.0,1.0,185.0,0.3351449275362319,552.0,552.0,1.0,0.0,0.0,0.0,0.0,0.0,0.0,155.0,0.2807971014492754,0.0,0.0,0.0,0.0,0.0,806.6990785300732
116,6960000000000,4.0,32.0,4.771626297577854,4.0,6.0,1156,24.0,24.0,24.0,24.0,24.0,1156,0.0,0.0,0.0,0.0,0.0,1156,4.0,8.0,4.314878892733564,4.0,6.0,1156,0.0,116.0,61.391304347826086,60.0,96.0,552,0.0,392.0,174.8695652173913,168.0,312.0,552,1.0,1.4,1.0014895330112723,1.0,1.0,552,0.9999999999999997,1.4590553702806723,1.0033619276428485,1.0,1.0181176950637838,552,1.0,2.0,1.0641715968986027,1.0555555555555556,1.2,552,0.9999999999999997,1.8356678370908215,1.044949956893258,1.0166068400949757,1.1488797197891414,552,552.0,0.0,0.0,0.0,552.0,552.0,0.0,0.0,0.0,0.0,0.0,0.0,1.0,296.0,0.5362318840579711,552.0,552.0,1.0,0.0,0.0,0.0,0.0,0.0,0.0,237.0,0.42934782608695654,0.0,0.0,0.0,0.0,0.0,721.0573516786098
117,7020000000000,4.0,32.0,4.807093425605537,4.0,6.0,1156,24.0,24.0,24.0,24.0,24.0,1156,0.0,0.0,0.0,0.0,0.0,1156,4.0,8.0,4.3088235294117645,4.0,6.0,1156,0.0,120.0,62.06521739130435,64.0,100.0,552,0.0,408.0,178.2173913043478,184.0,328.0,552,1.0,1.0,1.0,1.0,1.0,552,0.9999999999999998,1.0000000000000004,1.0,1.0,1.0000000000000002,552,1.0,1.3333333333333333,1.008452179269595,1.0,1.0714285714285714,552,0.9999999999999998,1.0000000000000004,1.0,1.0,1.0000000000000002,552,552.0,0.0,0.0,0.0,552.0,552.0,0.0,0.0,0.0,0.0,0.0,0.0,1.0,0.0,0.0,552.0,552.0,1.0,0.0,0.0,0.0,0.0,0.0,0.0,0.0,0.0,0.0,0.0,0.0,0.0,0.0,3006.289580836892
118,7080000000000,4.0,32.0,4.8166089965397925,4.0,6.0,1156,24.0,24.0,24.0,24.0,24.0,1156,0.0,0.0,0.0,0.0,0.0,1156,4.0,8.0,4.318339100346021,4.0,6.0,1156,0.0,120.0,61.07971014492754,60.0,96.0,552,0.0,408.0,174.0144927536232,168.0,312.0,552,1.0,1.5,1.0011845039018952,1.0,1.0,552,0.9999999999999998,1.5634294240038902,1.0024787089775755,1.0,1.0078928742751407,552,1.0,1.5,1.0437360759751566,1.0,1.1428571428571428,552,0.9999999999999998,1.6592362940748775,1.022696062256888,1.0,1.1013714296143797,552,552.0,0.0,0.0,0.0,552.0,552.0,0.0,0.0,0.0,0.0,0.0,0.0,1.0,200.0,0.36231884057971014,552.0,552.0,1.0,0.0,0.0,0.0,0.0,0.0,0.0,152.0,0.2753623188405797,0.0,0.0,0.0,0.0,0.0,1233.1158202141523
119,7140000000000,4.0,32.0,4.7690311418685125,4.0,6.0,1156,24.0,24.0,24.0,24.0,24.0,1156,0.0,0.0,0.0,0.0,0.0,1156,4.0,8.0,4.312283737024221,4.0,6.0,1156,0.0,116.0,60.971014492753625,60.0,96.0,552,0.0,392.0,173.18840579710144,168.0,312.0,552,1.0,1.0,1.0,1.0,1.0,552,0.9999999999999996,1.0530448763346447,1.001556777699719,1.0,1.013488290732221,552,1.0,2.0,1.062100740291484,1.0513157894736842,1.2,552,0.9999999999999998,1.8411422992317161,1.0449792560399866,1.0130619170819735,1.152101694094456,552,552.0,0.0,0.0,0.0,552.0,552.0,0.0,0.0,0.0,0.0,0.0,0.0,1.0,307.0,0.5561594202898551,552.0,552.0,1.0,0.0,0.0,0.0,0.0,0.0,0.0,238.0,0.4311594202898551,0.0,0.0,0.0,0.0,0.0,1206.0141377151012
120,7200000000000,4.0,32.0,4.8088235294117645,4.0,6.0,1156,24.0,24.0,24.0,24.0,24.0,1156,0.0,0.0,0.0,0.0,0.0,1156,4.0,8.0,4.310553633217993,4.0,6.0,1156,0.0,120.0,61.6231884057971,64.0,100.0,552,0.0,408.0,176.44927536231884,184.0,328.0,552,1.0,1.0,1.0,1.0,1.0,552,0.9999999999999997,1.0000000000000002,1.0,1.0,1.0000000000000002,552,1.0,1.3333333333333333,1.0094184196220246,1.0,1.0769230769230769,552,0.9999999999999997,1.0000000000000002,1.0,1.0,1.0000000000000002,552,552.0,0.0,0.0,0.0,552.0,552.0,0.0,0.0,0.0,0.0,0.0,0.0,1.0,0.0,0.0,552.0,552.0,1.0,0.0,0.0,0.0,0.0,0.0,0.0,0.0,0.0,0.0,0.0,0.0,0.0,0.0,2145.342154428363
121,7260000000000,4.0,32.0,4.812283737024221,4.0,6.0,1156,24.0,24.0,24.0,24.0,24.0,1156,0.0,0.0,0.0,0.0,0.0,1156,4.0,8.0,4.31401384083045,4.0,6.0,1156,0.0,120.0,61.007246376811594,60.0,96.0,552,0.0,408.0,173.9855072463768,168.0,312.0,552,1.0,1.0,1.0,1.0,1.0,552,0.9999999999999997,1.0543741732152643,1.0012359925090106,1.0,1.0061523395961434,552,1.0,1.5,1.0416199040553016,1.0,1.1428571428571428,552,0.9999999999999998,1.6520697767217287,1.022727670387584,1.0,1.1057234301174195,552,552.0,0.0,0.0,0.0,552.0,552.0,0.0,0.0,0.0,0.0,0.0,0.0,1.0,215.0,0.3894927536231884,552.0,552.0,1.0,0.0,0.0,0.0,0.0,0.0,0.0,173.0,0.3134057971014493,0.0,0.0,0.0,0.0,0.0,1950.6883788853884
122,7320000000000,4.0,32.0,4.788062283737024,4.0,6.0,1156,24.0,24.0,24.0,24.0,24.0,1156,0.0,0.0,0.0,0.0,0.0,1156,4.0,8.0,4.310553633217993,4.0,6.0,1156,0.0,116.0,60.94927536231884,60.0,96.0,552,0.0,392.0,173.1014492753623,168.0,312.0,552,1.0,1.0,1.0,1.0,1.0,552,0.9999999999999996,1.0545595563595733,1.002011027217263,1.0,1.018123190653729,552,1.0,2.0,1.0612677729663493,1.042572463768116,1.2222222222222223,552,0.9999999999999996,1.846980875249561,1.0452420604441828,1.0100337554812824,1.1702838638750275,552,552.0,0.0,0.0,0.0,552.0,552.0,0.0,0.0,0.0,0.0,0.0,0.0,1.0,306.0,0.5543478260869565,552.0,552.0,1.0,0.0,0.0,0.0,0.0,0.0,0.0,243.0,0.44021739130434784,0.0,0.0,0.0,0.0,0.0,1040.0460325181484
123,7380000000000,4.0,32.0,4.809688581314879,4.0,6.0,1156,24.0,24.0,24.0,24.0,24.0,1156,0.0,0.0,0.0,0.0,0.0,1156,4.0,8.0,4.311418685121107,4.0,6.0,1156,0.0,120.0,61.666666666666664,64.0,100.0,552,0.0,408.0,176.4927536231884,184.0,328.0,552,1.0,1.0,1.0,1.0,1.0,552,0.9999999999999996,1.0000000000000004,1.0,1.0,1.0000000000000002,552,1.0,1.3333333333333333,1.0084280845534572,1.0,1.0714285714285714,552,0.9999999999999996,1.0000000000000004,1.0,1.0,1.0000000000000002,552,552.0,0.0,0.0,0.0,552.0,552.0,0.0,0.0,0.0,0.0,0.0,0.0,1.0,0.0,0.0,552.0,552.0,1.0,0.0,0.0,0.0,0.0,0.0,0.0,0.0,0.0,0.0,0.0,0.0,0.0,0.0,2753.682352602482
124,7440000000000,4.0,32.0,4.812283737024221,4.0,6.0,1156,24.0,24.0,24.0,24.0,24.0,1156,0.0,0.0,0.0,0.0,0.0,1156,4.0,8.0,4.31401384083045,4.0,6.0,1156,0.0,120.0,61.007246376811594,62.0,96.0,552,0.0,408.0,174.1159420289855,176.0,312.0,552,1.0,1.0,1.0,1.0,1.0,552,0.9999999999999998,1.0784022585964097,1.001467874972053,1.0,1.0074029079758002,552,1.0,1.5,1.0402935668442557,1.0,1.1428571428571428,552,0.9999999999999998,1.6450683542591689,1.020375724808282,1.0,1.0943342543932988,552,552.0,0.0,0.0,0.0,552.0,552.0,0.0,0.0,0.0,0.0,0.0,0.0,1.0,218.0,0.39492753623188404,552.0,552.0,1.0,0.0,0.0,0.0,0.0,0.0,0.0,162.0,0.29347826086956524,0.0,0.0,0.0,0.0,0.0,1308.9050333946943
125,7500000000000,4.0,32.0,4.78719723183391,4.0,6.0,1156,24.0,24.0,24.0,24.0,24.0,1156,0.0,0.0,0.0,0.0,0.0,1156,4.0,8.0,4.309688581314879,4.0,6.0,1156,0.0,116.0,60.84782608695652,60.0,96.0,552,0.0,392.0,172.69565217391303,168.0,312.0,552,1.0,1.2,1.0008825715347454,1.0,1.0,552,0.9999999999999997,1.1849165005950728,1.0027278307931147,1.0,1.0211245236827948,552,1.0,2.0,1.059778429851703,1.0,1.2178571428571423,552,0.9999999999999998,1.8558181304600425,1.0454109415418642,1.0093750107011212,1.1793614883527,552,552.0,0.0,0.0,0.0,552.0,552.0,0.0,0.0,0.0,0.0,0.0,0.0,1.0,302.0,0.5471014492753623,552.0,552.0,1.0,0.0,0.0,0.0,0.0,0.0,0.0,237.0,0.42934782608695654,0.0,0.0,0.0,0.0,0.0,1123.8791085779667
126,7560000000000,4.0,32.0,4.807093425605537,4.0,6.0,1156,24.0,24.0,24.0,24.0,24.0,1156,0.0,0.0,0.0,0.0,0.0,1156,4.0,8.0,4.3088235294117645,4.0,6.0,1156,0.0,120.0,61.88405797101449,64.0,100.0,552,0.0,408.0,177.36231884057972,184.0,328.0,552,1.0,1.0,1.0,1.0,1.0,552,0.9999999999999997,1.0000000000000002,1.0,1.0,1.0000000000000002,552,1.0,1.3333333333333333,1.0091765376983741,1.0,1.0714285714285714,552,0.9999999999999997,1.0000000000000002,1.0,1.0,1.0000000000000002,552,552.0,0.0,0.0,0.0,552.0,552.0,0.0,0.0,0.0,0.0,0.0,0.0,1.0,0.0,0.0,552.0,552.0,1.0,0.0,0.0,0.0,0.0,0.0,0.0,0.0,0.0,0.0,0.0,0.0,0.0,0.0,2052.0213060081005
127,7620000000000,4.0,32.0,4.811418685121107,4.0,6.0,1156,24.0,24.0,24.0,24.0,24.0,1156,0.0,0.0,0.0,0.0,0.0,1156,4.0,8.0,4.313148788927336,4.0,6.0,1156,0.0,120.0,61.15217391304348,64.0,96.0,552,0.0,408.0,174.69565217391303,184.0,312.0,552,1.0,1.0,1.0,1.0,1.0,552,0.9999999999999996,1.077822374794505,1.001462408483437,1.0,1.0089632985115398,552,1.0,1.6666666666666667,1.042434471057614,1.0,1.1666666666666667,552,0.9999999999999996,1.6382278906392187,1.0207235176288343,1.0,1.0944352016878118,552,552.0,0.0,0.0,0.0,552.0,552.0,0.0,0.0,0.0,0.0,0.0,0.0,1.0,207.0,0.375,552.0,552.0,1.0,0.0,0.0,0.0,0.0,0.0,0.0,139.0,0.25181159420289856,0.0,0.0,0.0,0.0,0.0,1561.3356437534094
128,7680000000000,4.0,32.0,4.778546712802768,4.0,6.0,1156,24.0,24.0,24.0,24.0,24.0,1156,0.0,0.0,0.0,0.0,0.0,1156,4.0,8.0,4.301038062283737,4.0,6.0,1156,0.0,116.0,61.41304347826087,60.0,97.79999999999973,552,0.0,392.0,174.95652173913044,168.0,319.1999999999989,552,1.0,1.2,1.0008825715347454,1.0,1.0,552,0.9999999999999997,1.1855736414068792,1.0032370676338245,1.0,1.025453205277785,552,1.0,2.0,1.0609280714302805,1.0192307692307692,1.2222222222222223,552,0.9999999999999998,1.8703968490670297,1.044705332074959,1.011259089306846,1.1622802772274483,552,552.0,0.0,0.0,0.0,552.0,552.0,0.0,0.0,0.0,0.0,0.0,0.0,1.0,301.0,0.5452898550724637,552.0,552.0,1.0,0.0,0.0,0.0,0.0,0.0,0.0,237.0,0.42934782608695654,0.0,0.0,0.0,0.0,0.0,1064.8940242826939
129,7740000000000,4.0,32.0,4.805363321799308,4.0,6.0,1156,24.0,24.0,24.0,24.0,24.0,1156,0.0,0.0,0.0,0.0,0.0,1156,4.0,8.0,4.307093425605537,4.0,6.0,1156,0.0,120.0,61.971014492753625,64.0,100.0,552,0.0,408.0,177.71014492753622,184.0,328.0,552,1.0,1.0,1.0,1.0,1.0,552,0.9999999999999998,1.0000000000000002,1.0,1.0,1.0,552,1.0,1.3333333333333333,1.00995803113405,1.0,1.0739010989010984,552,0.9999999999999998,1.0000000000000002,1.0,1.0,1.0,552,552.0,0.0,0.0,0.0,552.0,552.0,0.0,0.0,0.0,0.0,0.0,0.0,1.0,0.0,0.0,552.0,552.0,1.0,0.0,0.0,0.0,0.0,0.0,0.0,0.0,0.0,0.0,0.0,0.0,0.0,0.0,2401.6485176980495
130,7800000000000,4.0,32.0,4.8088235294117645,4.0,6.0,1156,24.0,24.0,24.0,24.0,24.0,1156,0.0,0.0,0.0,0.0,0.0,1156,4.0,8.0,4.310553633217993,4.0,6.0,1156,0.0,120.0,61.19565217391305,64.0,96.0,552,0.0,408.0,174.8695652173913,184.0,312.0,552,1.0,1.0,1.0,1.0,1.0,552,0.9999999999999997,1.0771981305351468,1.0012881447349808,1.0,1.0078425108938596,552,1.0,1.6666666666666667,1.0408547983252652,1.0,1.1666666666666667,552,0.9999999999999997,1.631583228953501,1.019638713987371,1.0,1.0946007523811887,552,552.0,0.0,0.0,0.0,552.0,552.0,0.0,0.0,0.0,0.0,0.0,0.0,1.0,198.0,0.358695652173913,552.0,552.0,1.0,0.0,0.0,0.0,0.0,0.0,0.0,137.0,0.24818840579710144,0.0,0.0,0.0,0.0,0.0,1190.2280636131763
131,7860000000000,4.0,32.0,4.796712802768166,4.0,6.0,1156,24.0,24.0,24.0,24.0,24.0,1156,0.0,0.0,0.0,0.0,0.0,1156,4.0,8.0,4.298442906574395,4.0,6.0,1156,0.0,116.0,61.891304347826086,62.0,96.0,552,0.0,392.0,176.7391304347826,176.0,312.0,552,1.0,1.2,1.0006038647342994,1.0,1.0,552,0.9999999999999997,1.1861719312102745,1.0039656477924803,1.0,1.0301720041548519,552,1.0,3.5,1.0647050156992994,1.0465367965367967,1.2222222222222223,552,0.9999999999999997,2.9015323296745774,1.0472240433370268,1.0134748899804102,1.1579694962856362,552,552.0,0.0,0.0,0.0,552.0,552.0,0.0,0.0,0.0,0.0,0.0,0.0,1.0,306.0,0.5543478260869565,552.0,552.0,1.0,0.0,0.0,0.0,0.0,0.0,0.0,239.0,0.4329710144927536,0.0,0.0,0.0,0.0,0.0,1077.9207311570644
132,7920000000000,4.0,32.0,4.807093425605537,4.0,6.0,1156,24.0,24.0,24.0,24.0,24.0,1156,0.0,0.0,0.0,0.0,0.0,1156,4.0,8.0,4.3088235294117645,4.0,6.0,1156,0.0,120.0,61.92028985507246,64.0,100.0,552,0.0,408.0,177.5072463768116,184.0,328.0,552,1.0,1.0,1.0,1.0,1.0,552,0.9999999999999996,1.0000000000000002,1.0,1.0,1.0000000000000002,552,1.0,1.3333333333333333,1.010323510828174,1.0,1.0769230769230769,552,0.9999999999999996,1.0000000000000002,1.0,1.0,1.0000000000000002,552,552.0,0.0,0.0,0.0,552.0,552.0,0.0,0.0,0.0,0.0,0.0,0.0,1.0,0.0,0.0,552.0,552.0,1.0,0.0,0.0,0.0,0.0,0.0,0.0,0.0,0.0,0.0,0.0,0.0,0.0,0.0,1576.2664955109358
133,7980000000000,4.0,32.0,4.802768166089965,4.0,6.0,1156,24.0,24.0,24.0,24.0,24.0,1156,0.0,0.0,0.0,0.0,0.0,1156,4.0,8.0,4.304498269896194,4.0,6.0,1156,0.0,116.0,61.22463768115942,64.0,96.0,552,0.0,392.0,174.9855072463768,184.0,312.0,552,1.0,1.0,1.0,1.0,1.0,552,0.9999999999999996,1.0547813500006746,1.0009653700296062,1.0,1.0041165154987457,552,1.0,1.6666666666666667,1.0404377335060262,1.0,1.153571428571427,552,0.9999999999999998,1.6251343201515314,1.0196120170639646,1.0,1.0903000227273405,552,552.0,0.0,0.0,0.0,552.0,552.0,0.0,0.0,0.0,0.0,0.0,0.0,1.0,199.0,0.3605072463768116,552.0,552.0,1.0,0.0,0.0,0.0,0.0,0.0,0.0,148.0,0.26811594202898553,0.0,0.0,0.0,0.0,0.0,1006.784962490201
134,8040000000000,4.0,32.0,4.799307958477509,4.0,6.0,1156,24.0,24.0,24.0,24.0,24.0,1156,0.0,0.0,0.0,0.0,0.0,1156,4.0,8.0,4.301038062283737,4.0,6.0,1156,0.0,116.0,61.97826086956522,64.0,96.0,552,0.0,392.0,177.34782608695653,184.0,312.0,552,1.0,1.0,1.0,1.0,1.0,552,0.9999999999999998,1.0578081646271547,1.003538784760653,1.0,1.0265490858344861,552,1.0,3.5,1.0662953708725034,1.05,1.2222222222222223,552,0.9999999999999998,2.9206431772880044,1.045972469692349,1.013158747680389,1.1502398505713758,552,552.0,0.0,0.0,0.0,552.0,552.0,0.0,0.0,0.0,0.0,0.0,0.0,1.0,300.0,0.5434782608695652,552.0,552.0,1.0,0.0,0.0,0.0,0.0,0.0,0.0,239.0,0.4329710144927536,0.0,0.0,0.0,0.0,0.0,1047.4343318492174
135,8100000000000,4.0,32.0,4.8088235294117645,4.0,6.0,1156,24.0,24.0,24.0,24.0,24.0,1156,0.0,0.0,0.0,0.0,0.0,1156,4.0,8.0,4.310553633217993,4.0,6.0,1156,0.0,120.0,61.93478260869565,64.0,100.0,552,0.0,408.0,177.43478260869566,184.0,328.0,552,1.0,1.0,1.0,1.0,1.0,552,0.9999999999999996,1.0000000000000002,1.0,1.0,1.0000000000000002,552,1.0,1.1666666666666667,1.009562313727463,1.0,1.0714285714285714,552,0.9999999999999996,1.0000000000000002,1.0,1.0,1.0000000000000002,552,552.0,0.0,0.0,0.0,552.0,552.0,0.0,0.0,0.0,0.0,0.0,0.0,1.0,0.0,0.0,552.0,552.0,1.0,0.0,0.0,0.0,0.0,0.0,0.0,0.0,0.0,0.0,0.0,0.0,0.0,0.0,2130.6829936802387
136,8160000000000,4.0,32.0,4.801903114186851,4.0,6.0,1156,24.0,24.0,24.0,24.0,24.0,1156,0.0,0.0,0.0,0.0,0.0,1156,4.0,8.0,4.303633217993079,4.0,6.0,1156,0.0,116.0,60.35507246376812,60.0,96.0,552,0.0,392.0,171.3768115942029,168.0,312.0,552,1.0,1.0,1.0,1.0,1.0,552,0.9999999999999997,1.054064324474611,1.00114343022488,1.0,1.0090314832713165,552,1.0,1.6666666666666667,1.0373802733644468,1.0,1.1496240601503749,552,0.9999999999999998,1.6188732122292482,1.0188055782935777,1.0,1.0842372954481216,552,552.0,0.0,0.0,0.0,552.0,552.0,0.0,0.0,0.0,0.0,0.0,0.0,1.0,186.0,0.33695652173913043,552.0,552.0,1.0,0.0,0.0,0.0,0.0,0.0,0.0,161.0,0.2916666666666667,0.0,0.0,0.0,0.0,0.0,1013.8059109449387
137,8220000000000,4.0,32.0,4.800173010380623,4.0,6.0,1156,24.0,24.0,24.0,24.0,24.0,1156,0.0,0.0,0.0,0.0,0.0,1156,4.0,8.0,4.301903114186851,4.0,6.0,1156,0.0,116.0,61.5,62.0,96.0,552,0.0,392.0,175.69565217391303,176.0,312.0,552,1.0,1.0,1.0,1.0,1.0,552,0.9999999999999998,1.065090864925,1.003847180610137,1.0,1.025285845365322,552,1.0,3.5,1.064552174641824,1.0476190476190477,1.1875,552,0.9999999999999998,2.9406224423517306,1.0448918579245188,1.0120760623911282,1.143977307072333,552,552.0,0.0,0.0,0.0,552.0,552.0,0.0,0.0,0.0,0.0,0.0,0.0,1.0,285.0,0.5163043478260869,552.0,552.0,1.0,0.0,0.0,0.0,0.0,0.0,0.0,220.0,0.39855072463768115,0.0,0.0,0.0,0.0,0.0,1242.0100755989552
138,8280000000000,4.0,32.0,4.807958477508651,4.0,6.0,1156,24.0,24.0,24.0,24.0,24.0,1156,0.0,0.0,0.0,0.0,0.0,1156,4.0,8.0,4.309688581314879,4.0,6.0,1156,0.0,120.0,61.44927536231884,64.0,96.0,552,0.0,408.0,175.4927536231884,184.0,312.0,552,1.0,1.0,1.0,1.0,1.0,552,0.9999999999999996,1.0000000000000004,1.0,1.0,1.0,552,1.0,1.1666666666666667,1.009734371891232,1.0,1.0769230769230769,552,0.9999999999999996,1.0000000000000004,1.0,1.0,1.0,552,552.0,0.0,0.0,0.0,552.0,552.0,0.0,0.0,0.0,0.0,0.0,0.0,1.0,0.0,0.0,552.0,552.0,1.0,0.0,0.0,0.0,0.0,0.0,0.0,0.0,0.0,0.0,0.0,0.0,0.0,0.0,2228.5442128777504
139,8340000000000,4.0,31.0,4.796712802768166,4.0,6.0,1156,24.0,24.0,24.0,24.0,24.0,1156,0.0,0.0,0.0,0.0,0.0,1156,4.0,8.0,4.298442906574395,4.0,5.25,1156,0.0,116.0,60.23913043478261,60.0,96.0,552,0.0,392.0,170.65217391304347,168.0,312.0,552,1.0,1.0,1.0,1.0,1.0,552,0.9999999999999998,1.0533243121060756,1.000884893501688,1.0,1.0020368173280296,552,1.0,1.6666666666666667,1.0374320771438303,1.0,1.1496240601503749,552,0.9999999999999998,1.6128274757478063,1.0190627001995836,1.0,1.085358089442864,552,552.0,0.0,0.0,0.0,552.0,552.0,0.0,0.0,0.0,0.0,0.0,0.0,1.0,189.0,0.3423913043478261,552.0,552.0,1.0,0.0,0.0,0.0,0.0,0.0,0.0,171.0,0.30978260869565216,0.0,0.0,0.0,0.0,0.0,1011.9043439626694
140,8400000000000,4.0,32.0,4.802768166089965,4.0,6.0,1156,24.0,24.0,24.0,24.0,24.0,1156,0.0,0.0,0.0,0.0,0.0,1156,4.0,8.0,4.304498269896194,4.0,6.0,1156,0.0,116.0,61.31884057971015,60.0,96.0,552,0.0,392.0,174.97101449275362,168.0,312.0,552,1.0,1.6666666666666667,1.002475845410628,1.0,1.0,552,0.9999999999999998,1.8868126901020914,1.0063979298050725,1.0,1.0213025102927034,552,1.0,3.5,1.0656817184924334,1.0,1.2222222222222223,552,0.9999999999999998,2.9614397701930613,1.0469997065083863,1.0113172308060325,1.1536317450746318,552,552.0,0.0,0.0,0.0,552.0,552.0,0.0,0.0,0.0,0.0,0.0,0.0,1.0,274.0,0.4963768115942029,552.0,552.0,1.0,0.0,0.0,0.0,0.0,0.0,0.0,238.0,0.4311594202898551,0.0,0.0,0.0,0.0,0.0,1093.9141679555178
141,8460000000000,4.0,32.0,4.809688581314879,4.0,6.0,1156,24.0,24.0,24.0,24.0,24.0,1156,0.0,0.0,0.0,0.0,0.0,1156,4.0,8.0,4.311418685121107,4.0,6.0,1156,0.0,128.0,61.52173913043478,64.0,96.0,552,0.0,440.0,175.65217391304347,184.0,312.0,552,1.0,1.0,1.0,1.0,1.0,552,0.9999999999999998,1.0000000000000002,1.0,1.0,1.0000000000000002,552,1.0,1.1666666666666667,1.0101733924709178,1.0,1.0833333333333333,552,0.9999999999999998,1.0000000000000002,1.0,1.0,1.0000000000000002,552,552.0,0.0,0.0,0.0,552.0,552.0,0.0,0.0,0.0,0.0,0.0,0.0,1.0,0.0,0.0,552.0,552.0,1.0,0.0,0.0,0.0,0.0,0.0,0.0,0.0,0.0,0.0,0.0,0.0,0.0,0.0,2552.125418558717
142,8520000000000,4.0,31.0,4.799307958477509,4.0,6.0,1156,24.0,24.0,24.0,24.0,24.0,1156,0.0,0.0,0.0,0.0,0.0,1156,4.0,8.0,4.301038062283737,4.0,6.0,1156,0.0,112.0,60.17391304347826,60.0,93.79999999999973,552,0.0,376.0,170.1304347826087,168.0,303.1999999999989,552,1.0,1.0,1.0,1.0,1.0,552,0.9999999999999997,1.0525598487100778,1.0007180179012456,1.0,1.0000000000000002,552,1.0,2.0,1.0394753554592513,1.0,1.1618421052631573,552,0.9999999999999997,2.7399959242894907,1.0224623330774312,1.0,1.0873018471397964,552,552.0,0.0,0.0,0.0,552.0,552.0,0.0,0.0,0.0,0.0,0.0,0.0,1.0,204.0,0.3695652173913043,552.0,552.0,1.0,0.0,0.0,0.0,0.0,0.0,0.0,172.0,0.3115942028985507,0.0,0.0,0.0,0.0,0.0,996.6480322182178
143,8580000000000,4.0,32.0,4.806228373702422,4.0,6.0,1156,24.0,24.0,24.0,24.0,24.0,1156,0.0,0.0,0.0,0.0,0.0,1156,4.0,8.0,4.307958477508651,4.0,6.0,1156,0.0,116.0,61.27536231884058,60.0,96.0,552,0.0,392.0,174.79710144927537,168.0,312.0,552,1.0,1.6666666666666667,1.0021135265700485,1.0,1.0,552,0.9999999999999997,1.870238639889863,1.0062803211433315,1.0,1.020271530035516,552,1.0,3.5,1.068473382321684,1.0,1.2347222222222203,552,0.9999999999999998,2.983096231104155,1.046604414087528,1.011617649154374,1.1584822772019319,552,552.0,0.0,0.0,0.0,552.0,552.0,0.0,0.0,0.0,0.0,0.0,0.0,1.0,277.0,0.5018115942028986,552.0,552.0,1.0,0.0,0.0,0.0,0.0,0.0,0.0,252.0,0.45652173913043476,0.0,0.0,0.0,0.0,0.0,1120.9354549646378
144,8640000000000,4.0,32.0,4.809688581314879,4.0,6.0,1156,24.0,24.0,24.0,24.0,24.0,1156,0.0,0.0,0.0,0.0,0.0,1156,4.0,8.0,4.311418685121107,4.0,6.0,1156,0.0,128.0,61.5,64.0,96.0,552,0.0,440.0,175.56521739130434,184.0,312.0,552,1.0,1.0,1.0,1.0,1.0,552,0.9999999999999997,1.0000000000000002,1.0,1.0,1.0000000000000002,552,1.0,1.1666666666666667,1.0105621577695525,1.0,1.0833333333333333,552,0.9999999999999997,1.0000000000000002,1.0,1.0,1.0000000000000002,552,552.0,0.0,0.0,0.0,552.0,552.0,0.0,0.0,0.0,0.0,0.0,0.0,1.0,0.0,0.0,552.0,552.0,1.0,0.0,0.0,0.0,0.0,0.0,0.0,0.0,0.0,0.0,0.0,0.0,0.0,0.0,2506.591986864805
145,8700000000000,4.0,31.0,4.79757785467128,4.0,6.0,1156,24.0,24.0,24.0,24.0,24.0,1156,0.0,0.0,0.0,0.0,0.0,1156,4.0,8.0,4.299307958477509,4.0,6.0,1156,0.0,112.0,60.094202898550726,60.0,93.79999999999973,552,0.0,376.0,169.94202898550725,168.0,303.1999999999989,552,1.0,1.1428571428571428,1.0002587991718426,1.0,1.0,552,0.9999999999999998,1.1204454379580333,1.0011506217701733,1.0,1.0003254184475823,552,1.0,2.0,1.0385507140035972,1.0,1.1556680161943316,552,0.9999999999999998,2.7511215078710913,1.0228386460556367,1.0,1.092205295896244,552,552.0,0.0,0.0,0.0,552.0,552.0,0.0,0.0,0.0,0.0,0.0,0.0,1.0,199.0,0.3605072463768116,552.0,552.0,1.0,0.0,0.0,0.0,0.0,0.0,0.0,174.0,0.31521739130434784,0.0,0.0,0.0,0.0,0.0,985.6447372585535
146,8760000000000,4.0,32.0,4.811418685121107,4.0,6.0,1156,24.0,24.0,24.0,24.0,24.0,1156,0.0,0.0,0.0,0.0,0.0,1156,4.0,8.0,4.313148788927336,4.0,6.0,1156,0.0,116.0,61.32608695652174,62.0,96.0,552,0.0,392.0,175.0,176.0,312.0,552,1.0,1.0,1.0,1.0,1.0,552,0.9999999999999997,1.0502306793150058,1.0038464950025974,1.0,1.019170986317801,552,1.0,3.5,1.0724604117110916,1.0526315789473684,1.2347222222222203,552,0.9999999999999997,3.005557376734162,1.0488981954881271,1.0167644718055278,1.1586878615686387,552,552.0,0.0,0.0,0.0,552.0,552.0,0.0,0.0,0.0,0.0,0.0,0.0,1.0,299.0,0.5416666666666666,552.0,552.0,1.0,0.0,0.0,0.0,0.0,0.0,0.0,243.0,0.44021739130434784,0.0,0.0,0.0,0.0,0.0,1371.8620594590902
147,8820000000000,4.0,32.0,4.807958477508651,4.0,6.0,1156,24.0,24.0,24.0,24.0,24.0,1156,0.0,0.0,0.0,0.0,0.0,1156,4.0,8.0,4.309688581314879,4.0,6.0,1156,0.0,128.0,61.68840579710145,64.0,96.0,552,0.0,440.0,176.44927536231884,184.0,312.0,552,1.0,1.0,1.0,1.0,1.0,552,0.9999999999999998,1.0000000000000004,1.0,1.0,1.0000000000000002,552,1.0,1.1666666666666667,1.0092607913010074,1.0,1.0714285714285714,552,0.9999999999999998,1.0000000000000004,1.0,1.0,1.0000000000000002,552,552.0,0.0,0.0,0.0,552.0,552.0,0.0,0.0,0.0,0.0,0.0,0.0,1.0,0.0,0.0,552.0,552.0,1.0,0.0,0.0,0.0,0.0,0.0,0.0,0.0,0.0,0.0,0.0,0.0,0.0,0.0,1970.2425450086594
148,8880000000000,4.0,32.0,4.794982698961937,4.0,6.0,1156,24.0,24.0,24.0,24.0,24.0,1156,0.0,0.0,0.0,0.0,0.0,1156,4.0,8.0,4.296712802768166,4.0,6.0,1156,0.0,116.0,60.55072463768116,60.0,96.0,552,0.0,392.0,171.63768115942028,168.0,312.0,552,1.0,1.0,1.0,1.0,1.0,552,0.9999999999999996,1.0509582993883229,1.0008732554718787,1.0,1.0000704829665803,552,1.0,2.0,1.0403746805950291,1.0,1.1666666666666667,552,0.9999999999999996,2.7625274704003995,1.021522609004687,1.0,1.087286487698039,552,552.0,0.0,0.0,0.0,552.0,552.0,0.0,0.0,0.0,0.0,0.0,0.0,1.0,200.0,0.36231884057971014,552.0,552.0,1.0,0.0,0.0,0.0,0.0,0.0,0.0,158.0,0.286231884057971,0.0,0.0,0.0,0.0,0.0,989.6832890808582
149,8940000000000,4.0,32.0,4.791522491349481,4.0,6.0,1156,24.0,24.0,24.0,24.0,24.0,1156,0.0,0.0,0.0,0.0,0.0,1156,4.0,8.0,4.31401384083045,4.0,6.0,1156,0.0,116.0,61.53623188405797,64.0,96.0,552,0.0,392.0,175.84057971014494,184.0,312.0,552,1.0,1.0,1.0,1.0,1.0,552,0.9999999999999997,1.049874905347334,1.0040234780113675,1.0,1.02042794003645,552,1.0,3.5,1.0751483819649814,1.054093567251462,1.25,552,0.9999999999999998,3.0346061778159115,1.0509133300328677,1.0168953211030392,1.1557801659840135,552,552.0,0.0,0.0,0.0,552.0,552.0,0.0,0.0,0.0,0.0,0.0,0.0,1.0,292.0,0.5289855072463768,552.0,552.0,1.0,0.0,0.0,0.0,0.0,0.0,0.0,229.0,0.4148550724637681,0.0,0.0,0.0,0.0,0.0,1270.1662052422762
150,9000000000000,4.0,32.0,4.8088235294117645,4.0,6.0,1156,24.0,24.0,24.0,24.0,24.0,1156,0.0,0.0,0.0,0.0,0.0,1156,4.0,8.0,4.310553633217993,4.0,6.0,1156,0.0,128.0,62.01449275362319,64.0,96.0,552,0.0,440.0,177.7536231884058,184.0,312.0,552,1.0,1.0,1.0,1.0,1.0,552,0.9999999999999996,1.0000000000000004,1.0,1.0,1.0000000000000002,552,1.0,1.1666666666666667,1.010032842472858,1.0,1.0833333333333333,552,0.9999999999999996,1.0000000000000004,1.0,1.0,1.0000000000000002,552,552.0,0.0,0.0,0.0,552.0,552.0,0.0,0.0,0.0,0.0,0.0,0.0,1.0,0.0,0.0,552.0,552.0,1.0,0.0,0.0,0.0,0.0,0.0,0.0,0.0,0.0,0.0,0.0,0.0,0.0,0.0,1957.6414953917265
151,9060000000000,4.0,32.0,4.780276816608996,4.0,6.0,1156,24.0,24.0,24.0,24.0,24.0,1156,0.0,0.0,0.0,0.0,0.0,1156,4.0,8.0,4.302768166089965,4.0,6.0,1156,0.0,116.0,60.46376811594203,60.0,96.0,552,0.0,392.0,171.42028985507247,168.0,312.0,552,1.0,1.0,1.0,1.0,1.0,552,0.9999999999999997,1.0398739313944678,1.0012235067331148,1.0,1.003573373786774,552,1.0,2.0,1.0407194002132736,1.0,1.1818181818181819,552,0.9999999999999997,2.7742876636317533,1.020841066888714,1.0005676048188081,1.0820041636972477,552,552.0,0.0,0.0,0.0,552.0,552.0,0.0,0.0,0.0,0.0,0.0,0.0,1.0,193.0,0.3496376811594203,552.0,552.0,1.0,0.0,0.0,0.0,0.0,0.0,0.0,147.0,0.266304347826087,0.0,0.0,0.0,0.0,0.0,1330.5709511041641
152,9120000000000,4.0,32.0,4.7923875432525955,4.0,6.0,1156,24.0,24.0,24.0,24.0,24.0,1156,0.0,0.0,0.0,0.0,0.0,1156,4.0,8.0,4.314878892733564,4.0,6.0,1156,0.0,116.0,61.32608695652174,60.0,96.0,552,0.0,392.0,175.1304347826087,168.0,312.0,552,1.0,1.0,1.0,1.0,1.0,552,0.9999999999999997,1.0838050441783111,1.0048906762379866,1.0,1.0234428933421784,552,1.0,3.5,1.0716956781436062,1.0476190476190477,1.2222222222222223,552,0.9999999999999997,3.066365530255033,1.0490288468371882,1.0182392227940888,1.1437180355805203,552,552.0,0.0,0.0,0.0,552.0,552.0,0.0,0.0,0.0,0.0,0.0,0.0,1.0,294.0,0.532608695652174,552.0,552.0,1.0,0.0,0.0,0.0,0.0,0.0,0.0,234.0,0.42391304347826086,0.0,0.0,0.0,0.0,0.0,1112.972816452384
153,9180000000000,4.0,32.0,4.806228373702422,4.0,6.0,1156,24.0,24.0,24.0,24.0,24.0,1156,0.0,0.0,0.0,0.0,0.0,1156,4.0,8.0,4.307958477508651,4.0,6.0,1156,0.0,128.0,62.30434782608695,64.0,100.0,552,0.0,440.0,178.91304347826087,184.0,328.0,552,1.0,1.0,1.0,1.0,1.0,552,0.9999999999999996,1.0000000000000004,1.0,1.0,1.0000000000000002,552,1.0,1.1666666666666667,1.0115206179823726,1.0,1.0949999999999993,552,0.9999999999999996,1.0000000000000004,1.0,1.0,1.0000000000000002,552,552.0,0.0,0.0,0.0,552.0,552.0,0.0,0.0,0.0,0.0,0.0,0.0,1.0,0.0,0.0,552.0,552.0,1.0,0.0,0.0,0.0,0.0,0.0,0.0,0.0,0.0,0.0,0.0,0.0,0.0,0.0,2016.503045335412
154,9240000000000,4.0,32.0,4.786332179930795,4.0,6.0,1156,24.0,24.0,24.0,24.0,24.0,1156,0.0,0.0,0.0,0.0,0.0,1156,4.0,8.0,4.3088235294117645,4.0,6.0,1156,0.0,116.0,60.52173913043478,60.0,96.0,552,0.0,392.0,171.52173913043478,168.0,312.0,552,1.0,1.2,1.0003623188405797,1.0,1.0,552,0.9999999999999998,1.1794842850591787,1.002350760446947,1.0,1.0072799160979145,552,1.0,2.0,1.0430689670678632,1.0,1.1818181818181819,552,0.9999999999999998,2.78632688510357,1.0221715480478064,1.001760791438206,1.084568915933979,552,552.0,0.0,0.0,0.0,552.0,552.0,0.0,0.0,0.0,0.0,0.0,0.0,1.0,205.0,0.3713768115942029,552.0,552.0,1.0,0.0,0.0,0.0,0.0,0.0,0.0,146.0,0.2644927536231884,0.0,0.0,0.0,0.0,0.0,1304.1714932769537
155,9300000000000,4.0,32.0,4.789792387543253,4.0,6.0,1156,24.0,24.0,24.0,24.0,24.0,1156,0.0,0.0,0.0,0.0,0.0,1156,4.0,8.0,4.312283737024221,4.0,6.0,1156,0.0,116.0,61.1231884057971,60.0,96.0,552,0.0,392.0,174.18840579710144,168.0,312.0,552,1.0,1.0,1.0,1.0,1.0,552,0.9999999999999998,1.0833870431375017,1.0051446331469958,1.0,1.0256255337340063,552,1.0,2.0,1.070906908553938,1.0555555555555556,1.25,552,0.9999999999999998,2.21837187867722,1.0480156137326915,1.020702385715187,1.1524427837066624,552,552.0,0.0,0.0,0.0,552.0,552.0,0.0,0.0,0.0,0.0,0.0,0.0,1.0,306.0,0.5543478260869565,552.0,552.0,1.0,0.0,0.0,0.0,0.0,0.0,0.0,225.0,0.4076086956521739,0.0,0.0,0.0,0.0,0.0,1167.6577404141426
156,9360000000000,4.0,32.0,4.805363321799308,4.0,6.0,1156,24.0,24.0,24.0,24.0,24.0,1156,0.0,0.0,0.0,0.0,0.0,1156,4.0,8.0,4.307093425605537,4.0,6.0,1156,0.0,128.0,61.81159420289855,64.0,97.79999999999973,552,0.0,440.0,176.94202898550725,184.0,319.1999999999989,552,1.0,1.0,1.0,1.0,1.0,552,0.9999999999999996,1.0000000000000002,1.0,1.0,1.0000000000000002,552,1.0,1.2,1.0107742408383038,1.0,1.0887351778656122,552,0.9999999999999996,1.0000000000000002,1.0,1.0,1.0000000000000002,552,552.0,0.0,0.0,0.0,552.0,552.0,0.0,0.0,0.0,0.0,0.0,0.0,1.0,0.0,0.0,552.0,552.0,1.0,0.0,0.0,0.0,0.0,0.0,0.0,0.0,0.0,0.0,0.0,0.0,0.0,0.0,1921.4112274348736
157,9420000000000,4.0,32.0,4.809688581314879,4.0,6.0,1156,24.0,24.0,24.0,24.0,24.0,1156,0.0,0.0,0.0,0.0,0.0,1156,4.0,8.0,4.311418685121107,4.0,6.0,1156,0.0,116.0,60.268115942028984,60.0,96.0,552,0.0,392.0,170.5072463768116,168.0,312.0,552,1.0,1.0,1.0,1.0,1.0,552,0.9999999999999997,1.0645393422033005,1.0023117631718894,1.0,1.0089448370389227,552,1.0,2.0,1.044877412053692,1.0,1.1818181818181819,552,0.9999999999999997,2.7987672763901914,1.0229060955554272,1.001822181884479,1.0896292355525126,552,552.0,0.0,0.0,0.0,552.0,552.0,0.0,0.0,0.0,0.0,0.0,0.0,1.0,189.0,0.3423913043478261,552.0,552.0,1.0,0.0,0.0,0.0,0.0,0.0,0.0,134.0,0.2427536231884058,0.0,0.0,0.0,0.0,0.0,1209.5607724040747
158,9480000000000,4.0,32.0,4.7923875432525955,4.0,6.0,1156,24.0,24.0,24.0,24.0,24.0,1156,0.0,0.0,0.0,0.0,0.0,1156,4.0,8.0,4.314878892733564,4.0,6.0,1156,0.0,120.0,61.666666666666664,62.0,100.0,552,0.0,408.0,176.1014492753623,176.0,328.0,552,1.0,1.0,1.0,1.0,1.0,552,0.9999999999999998,1.0829388704089633,1.0060426030918155,1.0,1.0300658412968224,552,1.0,2.0,1.0707072383628906,1.05,1.25,552,0.9999999999999998,2.2260565002691552,1.05066926267193,1.0218640382947353,1.159565383596526,552,552.0,0.0,0.0,0.0,552.0,552.0,0.0,0.0,0.0,0.0,0.0,0.0,1.0,298.0,0.5398550724637681,552.0,552.0,1.0,0.0,0.0,0.0,0.0,0.0,0.0,218.0,0.39492753623188404,0.0,0.0,0.0,0.0,0.0,1268.004508689046
159,9540000000000,4.0,32.0,4.803633217993079,4.0,6.0,1156,24.0,24.0,24.0,24.0,24.0,1156,0.0,0.0,0.0,0.0,0.0,1156,4.0,8.0,4.305363321799308,4.0,6.0,1156,0.0,128.0,61.369565217391305,64.0,96.0,552,0.0,440.0,175.43478260869566,184.0,312.0,552,1.0,1.0,1.0,1.0,1.0,552,0.9999999999999997,1.0000000000000002,1.0,1.0,1.0000000000000002,552,1.0,1.2,1.0119363085939281,1.0,1.0909090909090908,552,0.9999999999999997,1.0000000000000002,1.0,1.0,1.0000000000000002,552,552.0,0.0,0.0,0.0,552.0,552.0,0.0,0.0,0.0,0.0,0.0,0.0,1.0,0.0,0.0,552.0,552.0,1.0,0.0,0.0,0.0,0.0,0.0,0.0,0.0,0.0,0.0,0.0,0.0,0.0,0.0,2001.999605447054
160,9600000000000,4.0,32.0,4.812283737024221,4.0,6.0,1156,24.0,24.0,24.0,24.0,24.0,1156,0.0,0.0,0.0,0.0,0.0,1156,4.0,8.0,4.31401384083045,4.0,6.0,1156,0.0,124.0,60.46376811594203,60.0,96.0,552,0.0,424.0,171.28985507246378,168.0,312.0,552,1.0,1.0,1.0,1.0,1.0,552,0.9999999999999998,1.0640263710787525,1.0032264065981364,1.0,1.0140254326326723,552,1.0,3.0,1.0509295038006665,1.0,1.1734848484848475,552,0.9999999999999998,2.933398455732478,1.025203043005482,1.0037943348121932,1.093646496586872,552,552.0,0.0,0.0,0.0,552.0,552.0,0.0,0.0,0.0,0.0,0.0,0.0,1.0,212.0,0.38405797101449274,552.0,552.0,1.0,0.0,0.0,0.0,0.0,0.0,0.0,134.0,0.2427536231884058,0.0,0.0,0.0,0.0,0.0,1142.4211859703064
161,9660000000000,4.0,32.0,4.791522491349481,4.0,6.0,1156,24.0,24.0,24.0,24.0,24.0,1156,0.0,0.0,0.0,0.0,0.0,1156,4.0,8.0,4.31401384083045,4.0,6.0,1156,0.0,132.0,62.68840579710145,64.0,100.0,552,0.0,456.0,180.18840579710144,184.0,328.0,552,1.0,1.0,1.0,1.0,1.0,552,0.9999999999999998,1.0798924351749153,1.0069556953046277,1.0,1.0316928830951413,552,1.0,2.0,1.0753983441661623,1.0555555555555556,1.25,552,0.9999999999999998,2.2341317049691067,1.0550775772344168,1.0264374565869157,1.190785775769932,552,552.0,0.0,0.0,0.0,552.0,552.0,0.0,0.0,0.0,0.0,0.0,0.0,1.0,318.0,0.5760869565217391,552.0,552.0,1.0,0.0,0.0,0.0,0.0,0.0,0.0,214.0,0.38768115942028986,0.0,0.0,0.0,0.0,0.0,1188.8623926788568
162,9720000000000,4.0,32.0,4.8088235294117645,4.0,6.0,1156,24.0,24.0,24.0,24.0,24.0,1156,0.0,0.0,0.0,0.0,0.0,1156,4.0,8.0,4.310553633217993,4.0,6.0,1156,0.0,128.0,61.210144927536234,64.0,96.0,552,0.0,440.0,175.18840579710144,184.0,312.0,552,1.0,1.0,1.0,1.0,1.0,552,0.9999999999999997,1.0000000000000004,1.0,1.0,1.0000000000000002,552,1.0,1.2,1.0126596098937286,1.0,1.0949999999999993,552,0.9999999999999997,1.0000000000000004,1.0,1.0,1.0000000000000002,552,552.0,0.0,0.0,0.0,552.0,552.0,0.0,0.0,0.0,0.0,0.0,0.0,1.0,0.0,0.0,552.0,552.0,1.0,0.0,0.0,0.0,0.0,0.0,0.0,0.0,0.0,0.0,0.0,0.0,0.0,0.0,2000.2862978726625
163,9780000000000,4.0,32.0,4.8088235294117645,4.0,6.0,1156,24.0,24.0,24.0,24.0,24.0,1156,0.0,0.0,0.0,0.0,0.0,1156,4.0,8.0,4.310553633217993,4.0,6.0,1156,0.0,124.0,60.30434782608695,60.0,96.0,552,0.0,424.0,170.91304347826087,168.0,312.0,552,1.0,1.0,1.0,1.0,1.0,552,0.9999999999999997,1.06347939541288,1.0036136787088363,1.0,1.0167925553936408,552,1.0,1.5,1.0454949315941955,1.0,1.1666666666666667,552,0.9999999999999997,1.6249829278760117,1.0220140037893857,1.0042916302646012,1.0880164282540317,552,552.0,0.0,0.0,0.0,552.0,552.0,0.0,0.0,0.0,0.0,0.0,0.0,1.0,199.0,0.3605072463768116,552.0,552.0,1.0,0.0,0.0,0.0,0.0,0.0,0.0,144.0,0.2608695652173913,0.0,0.0,0.0,0.0,0.0,1190.0319438427687
164,9840000000000,4.0,32.0,4.790657439446367,4.0,6.0,1156,24.0,24.0,24.0,24.0,24.0,1156,0.0,0.0,0.0,0.0,0.0,1156,4.0,8.0,4.313148788927336,4.0,6.0,1156,0.0,132.0,62.84057971014493,64.0,100.0,552,0.0,456.0,181.05797101449275,184.0,328.0,552,1.0,1.1818181818181819,1.0003293807641636,1.0,1.0,552,0.9999999999999997,1.1484695949227606,1.0070911153745514,1.0,1.0331128026053638,552,1.0,2.0,1.0731702809479635,1.0526315789473684,1.25,552,0.9999999999999998,2.151701828808002,1.0524173687839826,1.0264667550921538,1.1739065803303637,552,552.0,0.0,0.0,0.0,552.0,552.0,0.0,0.0,0.0,0.0,0.0,0.0,1.0,316.0,0.572463768115942,552.0,552.0,1.0,0.0,0.0,0.0,0.0,0.0,0.0,219.0,0.3967391304347826,0.0,0.0,0.0,0.0,0.0,1195.15086337924
165,9900000000000,4.0,32.0,4.8088235294117645,4.0,6.0,1156,24.0,24.0,24.0,24.0,24.0,1156,0.0,0.0,0.0,0.0,0.0,1156,4.0,8.0,4.310553633217993,4.0,6.0,1156,0.0,128.0,61.35507246376812,62.0,96.0,552,0.0,440.0,175.768115942029,176.0,312.0,552,1.0,1.0,1.0,1.0,1.0,552,0.9999999999999996,1.0000000000000002,1.0,1.0,1.0000000000000002,552,1.0,1.2,1.0124039092384116,1.0,1.0909090909090908,552,0.9999999999999996,1.0000000000000002,1.0,1.0,1.0000000000000002,552,552.0,0.0,0.0,0.0,552.0,552.0,0.0,0.0,0.0,0.0,0.0,0.0,1.0,0.0,0.0,552.0,552.0,1.0,0.0,0.0,0.0,0.0,0.0,0.0,0.0,0.0,0.0,0.0,0.0,0.0,0.0,1916.571520268917
166,9960000000000,4.0,32.0,4.809688581314879,4.0,6.0,1156,24.0,24.0,24.0,24.0,24.0,1156,0.0,0.0,0.0,0.0,0.0,1156,4.0,8.0,4.311418685121107,4.0,6.0,1156,0.0,124.0,60.38405797101449,60.0,93.79999999999973,552,0.0,424.0,171.231884057971,168.0,303.1999999999989,552,1.0,1.0,1.0,1.0,1.0,552,0.9999999999999997,1.070212074970871,1.0038791940352252,1.0,1.0178366489964266,552,1.0,1.5,1.0488669058061633,1.0,1.1666666666666667,552,0.9999999999999997,1.6386770342265957,1.024707694155327,1.0059797018446575,1.107774259399675,552,552.0,0.0,0.0,0.0,552.0,552.0,0.0,0.0,0.0,0.0,0.0,0.0,1.0,212.0,0.38405797101449274,552.0,552.0,1.0,0.0,0.0,0.0,0.0,0.0,0.0,141.0,0.2554347826086957,0.0,0.0,0.0,0.0,0.0,1135.6169525533915
167,10020000000000,4.0,32.0,4.788927335640138,4.0,6.0,1156,24.0,24.0,24.0,24.0,24.0,1156,0.0,0.0,0.0,0.0,0.0,1156,4.0,8.0,4.311418685121107,4.0,6.0,1156,0.0,132.0,62.81159420289855,64.0,100.0,552,0.0,456.0,180.94202898550725,184.0,328.0,552,1.0,1.1818181818181819,1.0003293807641636,1.0,1.0,552,0.9999999999999997,1.147683898805083,1.0071484133007673,1.0,1.033973832592639,552,1.0,2.0,1.0742396173810898,1.0555555555555556,1.25,552,0.9999999999999997,2.1346615633618784,1.0537752473787274,1.027384635502943,1.1725575941069892,552,552.0,0.0,0.0,0.0,552.0,552.0,0.0,0.0,0.0,0.0,0.0,0.0,1.0,323.0,0.5851449275362319,552.0,552.0,1.0,0.0,0.0,0.0,0.0,0.0,0.0,222.0,0.40217391304347827,0.0,0.0,0.0,0.0,0.0,1200.656034052372
168,10080000000000,4.0,32.0,4.809688581314879,4.0,6.0,1156,24.0,24.0,24.0,24.0,24.0,1156,0.0,0.0,0.0,0.0,0.0,1156,4.0,8.0,4.311418685121107,4.0,6.0,1156,0.0,128.0,61.094202898550726,64.0,96.0,552,0.0,440.0,174.7246376811594,184.0,312.0,552,1.0,1.0,1.0,1.0,1.0,552,0.9999999999999997,1.0000000000000002,1.0,1.0,1.0000000000000002,552,1.0,1.1428571428571428,1.0115710164396312,1.0,1.0909090909090908,552,0.9999999999999997,1.0000000000000002,1.0,1.0,1.0000000000000002,552,552.0,0.0,0.0,0.0,552.0,552.0,0.0,0.0,0.0,0.0,0.0,0.0,1.0,0.0,0.0,552.0,552.0,1.0,0.0,0.0,0.0,0.0,0.0,0.0,0.0,0.0,0.0,0.0,0.0,0.0,0.0,1982.7682878822088
169,10140000000000,4.0,32.0,4.804498269896194,4.0,6.0,1156,24.0,24.0,24.0,24.0,24.0,1156,0.0,0.0,0.0,0.0,0.0,1156,4.0,8.0,4.306228373702422,4.0,6.0,1156,0.0,124.0,60.528985507246375,60.0,96.0,552,0.0,424.0,171.94202898550725,168.0,312.0,552,1.0,1.0,1.0,1.0,1.0,552,0.9999999999999997,1.0697639009129496,1.0042822876342399,1.0,1.020137364118996,552,1.0,1.5,1.0458741264305282,1.0,1.1666666666666667,552,0.9999999999999997,1.3964620720892853,1.0227014735070818,1.006204769725486,1.0863197475745798,552,552.0,0.0,0.0,0.0,552.0,552.0,0.0,0.0,0.0,0.0,0.0,0.0,1.0,214.0,0.38768115942028986,552.0,552.0,1.0,0.0,0.0,0.0,0.0,0.0,0.0,142.0,0.2572463768115942,0.0,0.0,0.0,0.0,0.0,1203.4192811697721
170,10200000000000,4.0,32.0,4.784602076124568,4.0,6.0,1156,24.0,24.0,24.0,24.0,24.0,1156,0.0,0.0,0.0,0.0,0.0,1156,4.0,8.0,4.307093425605537,4.0,6.0,1156,0.0,120.0,62.0,64.0,100.0,552,0.0,408.0,177.82608695652175,184.0,328.0,552,1.0,1.4,1.0010540184453227,1.0,1.0,552,0.9999999999999996,1.4316345751879016,1.0082554239664554,1.0,1.03683290940677,552,1.0,2.0,1.0696796225909855,1.05,1.25,552,0.9999999999999996,2.11681695811585,1.04999908707608,1.0251457429271689,1.1585020233116312,552,552.0,0.0,0.0,0.0,552.0,552.0,0.0,0.0,0.0,0.0,0.0,0.0,1.0,303.0,0.5489130434782609,552.0,552.0,1.0,0.0,0.0,0.0,0.0,0.0,0.0,229.0,0.4148550724637681,0.0,0.0,0.0,0.0,0.0,1155.0585329532623
171,10260000000000,4.0,32.0,4.8088235294117645,4.0,6.0,1156,24.0,24.0,24.0,24.0,24.0,1156,0.0,0.0,0.0,0.0,0.0,1156,4.0,8.0,4.310553633217993,4.0,6.0,1156,0.0,128.0,60.73913043478261,64.0,96.0,552,0.0,440.0,173.17391304347825,184.0,312.0,552,1.0,1.0,1.0,1.0,1.0,552,0.9999999999999996,1.0000000000000002,1.0,1.0,1.0000000000000002,552,1.0,1.1428571428571428,1.0120778629985205,1.0,1.0909090909090908,552,0.9999999999999996,1.0000000000000002,1.0,1.0,1.0000000000000002,552,552.0,0.0,0.0,0.0,552.0,552.0,0.0,0.0,0.0,0.0,0.0,0.0,1.0,0.0,0.0,552.0,552.0,1.0,0.0,0.0,0.0,0.0,0.0,0.0,0.0,0.0,0.0,0.0,0.0,0.0,0.0,2106.151284649968
172,10320000000000,4.0,32.0,4.7854671280276815,4.0,6.0,1156,24.0,24.0,24.0,24.0,24.0,1156,0.0,0.0,0.0,0.0,0.0,1156,4.0,8.0,4.307958477508651,4.0,6.0,1156,0.0,124.0,60.55072463768116,60.0,93.79999999999973,552,0.0,424.0,172.02898550724638,168.0,303.1999999999989,552,1.0,1.0,1.0,1.0,1.0,552,0.9999999999999996,1.061220416660372,1.001415584564926,1.0,1.0129397967676994,552,1.0,1.5,1.0445841908668867,1.0,1.1666666666666667,552,0.9999999999999996,1.3699231675290002,1.019593406611404,1.0,1.0853010874873528,552,552.0,0.0,0.0,0.0,552.0,552.0,0.0,0.0,0.0,0.0,0.0,0.0,1.0,207.0,0.375,552.0,552.0,1.0,0.0,0.0,0.0,0.0,0.0,0.0,131.0,0.23731884057971014,0.0,0.0,0.0,0.0,0.0,1287.4993197619915
173,10380000000000,4.0,32.0,4.784602076124568,4.0,6.0,1156,24.0,24.0,24.0,24.0,24.0,1156,0.0,0.0,0.0,0.0,0.0,1156,4.0,8.0,4.307093425605537,4.0,6.0,1156,0.0,120.0,61.97826086956522,64.0,100.0,552,0.0,408.0,177.7391304347826,184.0,328.0,552,1.0,1.4,1.0014291465378424,1.0,1.0,552,0.9999999999999996,1.4242383568174197,1.004507916117116,1.0,1.0262888918386697,552,1.0,2.0,1.0648196502451908,1.0,1.2347222222222203,552,0.9999999999999998,2.0982388031539365,1.0440330398894515,1.016804830135149,1.15752819957358,552,552.0,0.0,0.0,0.0,552.0,552.0,0.0,0.0,0.0,0.0,0.0,0.0,1.0,291.0,0.5271739130434783,552.0,552.0,1.0,0.0,0.0,0.0,0.0,0.0,0.0,218.0,0.39492753623188404,0.0,0.0,0.0,0.0,0.0,1323.5245328396559
174,10440000000000,4.0,32.0,4.805363321799308,4.0,6.0,1156,24.0,24.0,24.0,24.0,24.0,1156,0.0,0.0,0.0,0.0,0.0,1156,4.0,8.0,4.307093425605537,4.0,6.0,1156,0.0,128.0,60.95652173913044,64.0,96.0,552,0.0,440.0,173.65217391304347,184.0,312.0,552,1.0,1.0,1.0,1.0,1.0,552,0.9999999999999997,1.0000000000000002,1.0,1.0,1.0,552,1.0,1.1428571428571428,1.0123399298366744,1.0,1.0909090909090908,552,0.9999999999999997,1.0000000000000002,1.0,1.0,1.0,552,552.0,0.0,0.0,0.0,552.0,552.0,0.0,0.0,0.0,0.0,0.0,0.0,1.0,0.0,0.0,552.0,552.0,1.0,0.0,0.0,0.0,0.0,0.0,0.0,0.0,0.0,0.0,0.0,0.0,0.0,0.0,2008.898252621293
175,10500000000000,4.0,32.0,4.764705882352941,4.0,6.0,1156,24.0,24.0,24.0,24.0,24.0,1156,0.0,0.0,0.0,0.0,0.0,1156,4.0,8.0,4.307958477508651,4.0,6.0,1156,0.0,124.0,60.7536231884058,60.0,96.0,552,0.0,424.0,172.57971014492753,168.0,312.0,552,1.0,1.0,1.0,1.0,1.0,552,0.9999999999999997,1.0628663805525507,1.001754020777197,1.0,1.0137448079225044,552,1.0,1.5,1.049017413751449,1.0,1.2,552,0.9999999999999997,1.5403237737146172,1.0212234213798304,1.0,1.0830237080638445,552,552.0,0.0,0.0,0.0,552.0,552.0,0.0,0.0,0.0,0.0,0.0,0.0,1.0,216.0,0.391304347826087,552.0,552.0,1.0,0.0,0.0,0.0,0.0,0.0,0.0,129.0,0.23369565217391305,0.0,0.0,0.0,0.0,0.0,735.5285082012415
176,10560000000000,4.0,32.0,4.786332179930795,4.0,6.0,1156,24.0,24.0,24.0,24.0,24.0,1156,0.0,0.0,0.0,0.0,0.0,1156,4.0,8.0,4.3088235294117645,4.0,6.0,1156,0.0,120.0,62.15942028985507,64.0,100.0,552,0.0,408.0,178.46376811594203,184.0,328.0,552,1.0,1.0,1.0,1.0,1.0,552,0.9999999999999997,1.0845284024832798,1.0031608541686674,1.0,1.026260324220942,552,1.0,2.0,1.0688197198515414,1.0434782608695652,1.25,552,0.9999999999999998,2.0789968997015684,1.0465887405733085,1.017356006685811,1.174098683931544,552,552.0,0.0,0.0,0.0,552.0,552.0,0.0,0.0,0.0,0.0,0.0,0.0,1.0,295.0,0.5344202898550725,552.0,552.0,1.0,0.0,0.0,0.0,0.0,0.0,0.0,212.0,0.38405797101449274,0.0,0.0,0.0,0.0,0.0,784.4508197158575
177,10620000000000,4.0,32.0,4.807093425605537,4.0,6.0,1156,24.0,24.0,24.0,24.0,24.0,1156,0.0,0.0,0.0,0.0,0.0,1156,4.0,8.0,4.3088235294117645,4.0,6.0,1156,0.0,116.0,60.69565217391305,60.0,96.0,552,0.0,392.0,172.6086956521739,168.0,312.0,552,1.0,1.0,1.0,1.0,1.0,552,0.9999999999999997,1.0000000000000002,1.0,1.0,1.0000000000000002,552,1.0,1.1666666666666667,1.0114997974068405,1.0,1.0909090909090908,552,0.9999999999999997,1.0000000000000002,1.0,1.0,1.0000000000000002,552,552.0,0.0,0.0,0.0,552.0,552.0,0.0,0.0,0.0,0.0,0.0,0.0,1.0,0.0,0.0,552.0,552.0,1.0,0.0,0.0,0.0,0.0,0.0,0.0,0.0,0.0,0.0,0.0,0.0,0.0,0.0,1400.4436768591404
178,10680000000000,4.0,32.0,4.757785467128028,4.0,6.0,1156,24.0,24.0,24.0,24.0,24.0,1156,0.0,0.0,0.0,0.0,0.0,1156,4.0,8.0,4.301038062283737,4.0,5.25,1156,0.0,124.0,60.405797101449274,60.0,96.0,552,0.0,424.0,171.44927536231884,168.0,312.0,552,1.0,1.0,1.0,1.0,1.0,552,0.9999999999999997,1.0638485757252027,1.0015977685972495,1.0,1.0096815591728618,552,1.0,1.5,1.0369426341259542,1.0,1.1517307692307688,552,0.9999999999999998,1.2735251838822519,1.0142784656081,1.0,1.0644873199481135,552,552.0,0.0,0.0,0.0,552.0,552.0,0.0,0.0,0.0,0.0,0.0,0.0,1.0,178.0,0.322463768115942,552.0,552.0,1.0,0.0,0.0,0.0,0.0,0.0,0.0,124.0,0.2246376811594203,0.0,0.0,0.0,0.0,0.0,821.861132979393
179,10740000000000,4.0,32.0,4.78719723183391,4.0,6.0,1156,24.0,24.0,24.0,24.0,24.0,1156,0.0,0.0,0.0,0.0,0.0,1156,4.0,8.0,4.309688581314879,4.0,6.0,1156,0.0,120.0,61.992753623188406,64.0,100.0,552,0.0,408.0,178.05797101449275,184.0,328.0,552,1.0,1.0,1.0,1.0,1.0,552,0.9999999999999997,1.0840909830831824,1.0028689578494558,1.0,1.0249463108117527,552,1.0,1.5,1.0577764154329918,1.0,1.2,552,0.9999999999999997,1.6528225257058335,1.0378794700824587,1.010214360381549,1.14888215558926,552,552.0,0.0,0.0,0.0,552.0,552.0,0.0,0.0,0.0,0.0,0.0,0.0,1.0,267.0,0.483695652173913,552.0,552.0,1.0,0.0,0.0,0.0,0.0,0.0,0.0,192.0,0.34782608695652173,0.0,0.0,0.0,0.0,0.0,772.2601424902678
180,10800000000000,4.0,32.0,4.811418685121107,4.0,6.0,1156,24.0,24.0,24.0,24.0,24.0,1156,0.0,0.0,0.0,0.0,0.0,1156,4.0,8.0,4.313148788927336,4.0,6.0,1156,0.0,116.0,60.42028985507246,60.0,96.0,552,0.0,392.0,171.63768115942028,168.0,312.0,552,1.0,1.0,1.0,1.0,1.0,552,0.9999999999999997,1.0000000000000004,1.0,1.0,1.0000000000000002,552,1.0,1.2,1.01217619168748,1.0,1.0909090909090908,552,0.9999999999999997,1.0000000000000004,1.0,1.0,1.0000000000000002,552,552.0,0.0,0.0,0.0,552.0,552.0,0.0,0.0,0.0,0.0,0.0,0.0,1.0,0.0,0.0,552.0,552.0,1.0,0.0,0.0,0.0,0.0,0.0,0.0,0.0,0.0,0.0,0.0,0.0,0.0,0.0,1197.287617251277
181,10860000000000,4.0,32.0,4.760380622837371,4.0,6.0,1156,24.0,24.0,24.0,24.0,24.0,1156,0.0,0.0,0.0,0.0,0.0,1156,4.0,8.0,4.303633217993079,4.0,6.0,1156,0.0,124.0,61.23913043478261,60.0,96.0,552,0.0,424.0,174.7826086956522,168.0,312.0,552,1.0,1.0,1.0,1.0,1.0,552,0.9999999999999998,1.0633180101146655,1.0012087424820844,1.0,1.0032270973856874,552,1.0,1.5,1.03831438272996,1.0,1.1428571428571428,552,0.9999999999999998,1.260118865201672,1.014378806374919,1.0,1.0658352536258018,552,552.0,0.0,0.0,0.0,552.0,552.0,0.0,0.0,0.0,0.0,0.0,0.0,1.0,186.0,0.33695652173913043,552.0,552.0,1.0,0.0,0.0,0.0,0.0,0.0,0.0,128.0,0.2318840579710145,0.0,0.0,0.0,0.0,0.0,611.7985248565674
182,10920000000000,4.0,32.0,4.7923875432525955,4.0,6.0,1156,24.0,24.0,24.0,24.0,24.0,1156,0.0,0.0,0.0,0.0,0.0,1156,4.0,8.0,4.314878892733564,4.0,6.0,1156,0.0,120.0,62.0,64.0,100.0,552,0.0,408.0,178.08695652173913,184.0,328.0,552,1.0,1.0,1.0,1.0,1.0,552,0.9999999999999997,1.083629063823319,1.0025954148871525,1.0,1.0244707196510274,552,1.0,1.5,1.0639381810574629,1.0,1.2347222222222203,552,0.9999999999999997,1.6320480096516432,1.0433057363700975,1.0123691092861051,1.1741009420721709,552,552.0,0.0,0.0,0.0,552.0,552.0,0.0,0.0,0.0,0.0,0.0,0.0,1.0,272.0,0.4927536231884058,552.0,552.0,1.0,0.0,0.0,0.0,0.0,0.0,0.0,201.0,0.3641304347826087,0.0,0.0,0.0,0.0,0.0,733.0049369484186
183,10980000000000,4.0,32.0,4.8088235294117645,4.0,6.0,1156,24.0,24.0,24.0,24.0,24.0,1156,0.0,0.0,0.0,0.0,0.0,1156,4.0,8.0,4.310553633217993,4.0,6.0,1156,0.0,116.0,60.6231884057971,60.0,96.0,552,0.0,392.0,172.31884057971016,168.0,312.0,552,1.0,1.0,1.0,1.0,1.0,552,0.9999999999999997,1.0000000000000002,1.0,1.0,1.0000000000000002,552,1.0,1.2,1.0116380019099076,1.0,1.0909090909090908,552,0.9999999999999997,1.0000000000000002,1.0,1.0,1.0000000000000002,552,552.0,0.0,0.0,0.0,552.0,552.0,0.0,0.0,0.0,0.0,0.0,0.0,1.0,0.0,0.0,552.0,552.0,1.0,0.0,0.0,0.0,0.0,0.0,0.0,0.0,0.0,0.0,0.0,0.0,0.0,0.0,1377.311758697033
184,11040000000000,4.0,32.0,4.7621107266435985,4.0,6.0,1156,24.0,24.0,24.0,24.0,24.0,1156,0.0,0.0,0.0,0.0,0.0,1156,4.0,8.0,4.305363321799308,4.0,6.0,1156,0.0,120.0,61.10144927536232,60.0,96.0,552,0.0,408.0,174.231884057971,168.0,312.0,552,1.0,1.0,1.0,1.0,1.0,552,0.9999999999999996,1.0627600963228514,1.0012604741642703,1.0,1.0060470757199917,552,1.0,1.5,1.0395284725163536,1.0,1.1666666666666667,552,0.9999999999999996,1.2624444438029188,1.0166955315840642,1.0,1.0747726296281275,552,552.0,0.0,0.0,0.0,552.0,552.0,0.0,0.0,0.0,0.0,0.0,0.0,1.0,208.0,0.37681159420289856,552.0,552.0,1.0,0.0,0.0,0.0,0.0,0.0,0.0,138.0,0.25,0.0,0.0,0.0,0.0,0.0,868.5307931154966
185,11100000000000,4.0,32.0,4.812283737024221,4.0,6.0,1156,24.0,24.0,24.0,24.0,24.0,1156,0.0,0.0,0.0,0.0,0.0,1156,4.0,8.0,4.31401384083045,4.0,6.0,1156,0.0,120.0,62.007246376811594,64.0,100.0,552,0.0,408.0,177.85507246376812,184.0,328.0,552,1.0,1.0,1.0,1.0,1.0,552,0.9999999999999997,1.0831363504554903,1.0024380331795808,1.0,1.0217149842064006,552,1.0,1.6666666666666667,1.0635217831616202,1.0,1.2347222222222203,552,0.9999999999999997,1.7483706622137598,1.0416504991422006,1.0107410882869594,1.1637390875621356,552,552.0,0.0,0.0,0.0,552.0,552.0,0.0,0.0,0.0,0.0,0.0,0.0,1.0,273.0,0.4945652173913043,552.0,552.0,1.0,0.0,0.0,0.0,0.0,0.0,0.0,218.0,0.39492753623188404,0.0,0.0,0.0,0.0,0.0,602.4372447282076
186,11160000000000,4.0,32.0,4.810553633217993,4.0,6.0,1156,24.0,24.0,24.0,24.0,24.0,1156,0.0,0.0,0.0,0.0,0.0,1156,4.0,8.0,4.312283737024221,4.0,6.0,1156,0.0,124.0,61.1231884057971,60.0,96.0,552,0.0,424.0,174.44927536231884,168.0,312.0,552,1.0,1.0,1.0,1.0,1.0,552,0.9999999999999997,1.0000000000000002,1.0,1.0,1.0,552,1.0,1.2,1.0143513147660723,1.0,1.1,552,0.9999999999999997,1.0000000000000002,1.0,1.0,1.0,552,552.0,0.0,0.0,0.0,552.0,552.0,0.0,0.0,0.0,0.0,0.0,0.0,1.0,0.0,0.0,552.0,552.0,1.0,0.0,0.0,0.0,0.0,0.0,0.0,0.0,0.0,0.0,0.0,0.0,0.0,0.0,1139.5549923181534
187,11220000000000,4.0,32.0,4.765570934256055,4.0,6.0,1156,24.0,24.0,24.0,24.0,24.0,1156,0.0,0.0,0.0,0.0,0.0,1156,4.0,8.0,4.3088235294117645,4.0,6.0,1156,0.0,120.0,61.03623188405797,60.0,96.0,552,0.0,408.0,174.1014492753623,168.0,312.0,552,1.0,1.0,1.0,1.0,1.0,552,0.9999999999999998,1.045486463717482,1.000993425383659,1.0,1.0063119847920274,552,1.0,1.5,1.0425548785328282,1.0,1.1734848484848475,552,0.9999999999999998,1.4633486765335322,1.019984478327079,1.0,1.0993415426809747,552,552.0,0.0,0.0,0.0,552.0,552.0,0.0,0.0,0.0,0.0,0.0,0.0,1.0,210.0,0.3804347826086957,552.0,552.0,1.0,0.0,0.0,0.0,0.0,0.0,0.0,132.0,0.2391304347826087,0.0,0.0,0.0,0.0,0.0,742.4752674996853
188,11280000000000,4.0,32.0,4.810553633217993,4.0,6.0,1156,24.0,24.0,24.0,24.0,24.0,1156,0.0,0.0,0.0,0.0,0.0,1156,4.0,8.0,4.312283737024221,4.0,6.0,1156,0.0,120.0,61.95652173913044,64.0,100.0,552,0.0,408.0,177.65217391304347,184.0,328.0,552,1.0,1.2,1.0006410256410256,1.0,1.0,552,0.9999999999999997,1.2015974748526586,1.0029438791369798,1.0,1.0218572258886451,552,1.0,1.6666666666666667,1.0669246203951102,1.0,1.25,552,0.9999999999999997,1.7602366495518569,1.0442684444618207,1.014171041384835,1.1671176781425134,552,552.0,0.0,0.0,0.0,552.0,552.0,0.0,0.0,0.0,0.0,0.0,0.0,1.0,285.0,0.5163043478260869,552.0,552.0,1.0,0.0,0.0,0.0,0.0,0.0,0.0,219.0,0.3967391304347826,0.0,0.0,0.0,0.0,0.0,615.822171792388
189,11340000000000,4.0,32.0,4.813148788927336,4.0,6.0,1156,24.0,24.0,24.0,24.0,24.0,1156,0.0,0.0,0.0,0.0,0.0,1156,4.0,8.0,4.314878892733564,4.0,6.0,1156,0.0,124.0,61.007246376811594,60.0,96.0,552,0.0,424.0,173.9855072463768,168.0,312.0,552,1.0,1.0,1.0,1.0,1.0,552,0.9999999999999998,1.0000000000000004,1.0,1.0,1.0000000000000002,552,1.0,1.2,1.014083983815172,1.0,1.1,552,0.9999999999999998,1.0000000000000004,1.0,1.0,1.0000000000000002,552,552.0,0.0,0.0,0.0,552.0,552.0,0.0,0.0,0.0,0.0,0.0,0.0,1.0,0.0,0.0,552.0,552.0,1.0,0.0,0.0,0.0,0.0,0.0,0.0,0.0,0.0,0.0,0.0,0.0,0.0,0.0,1452.487239614129
190,11400000000000,4.0,32.0,4.767301038062284,4.0,6.0,1156,24.0,24.0,24.0,24.0,24.0,1156,0.0,0.0,0.0,0.0,0.0,1156,4.0,8.0,4.310553633217993,4.0,6.0,1156,0.0,116.0,60.507246376811594,60.0,96.0,552,0.0,392.0,171.9855072463768,168.0,312.0,552,1.0,1.0,1.0,1.0,1.0,552,0.9999999999999996,1.0378647403673549,1.001139240689352,1.0,1.0109460309520482,552,1.0,1.5,1.0461550934386934,1.0,1.1666666666666667,552,0.9999999999999996,1.5284178054886048,1.0250719354074402,1.0,1.1237156060147495,552,552.0,0.0,0.0,0.0,552.0,552.0,0.0,0.0,0.0,0.0,0.0,0.0,1.0,222.0,0.40217391304347827,552.0,552.0,1.0,0.0,0.0,0.0,0.0,0.0,0.0,142.0,0.2572463768115942,0.0,0.0,0.0,0.0,0.0,894.6139682084322
191,11460000000000,4.0,32.0,4.813148788927336,4.0,6.0,1156,24.0,24.0,24.0,24.0,24.0,1156,0.0,0.0,0.0,0.0,0.0,1156,4.0,8.0,4.314878892733564,4.0,6.0,1156,0.0,128.0,62.06521739130435,64.0,100.0,552,0.0,440.0,178.08695652173913,184.0,328.0,552,1.0,1.2,1.0006410256410256,1.0,1.0,552,0.9999999999999998,1.2021987511233696,1.0032288987351978,1.0,1.0218619069835702,552,1.0,1.6666666666666667,1.0633291077874627,1.0,1.25,552,0.9999999999999998,1.771586664991167,1.0423790298583508,1.0126522499160595,1.177027928052943,552,552.0,0.0,0.0,0.0,552.0,552.0,0.0,0.0,0.0,0.0,0.0,0.0,1.0,289.0,0.5235507246376812,552.0,552.0,1.0,0.0,0.0,0.0,0.0,0.0,0.0,211.0,0.3822463768115942,0.0,0.0,0.0,0.0,0.0,600.2958100289106
192,11520000000000,4.0,32.0,4.81401384083045,4.0,6.0,1156,24.0,24.0,24.0,24.0,24.0,1156,0.0,0.0,0.0,0.0,0.0,1156,4.0,8.0,4.3157439446366785,4.0,6.0,1156,0.0,120.0,60.98550724637681,60.0,96.0,552,0.0,408.0,174.02898550724638,168.0,312.0,552,1.0,1.0,1.0,1.0,1.0,552,0.9999999999999996,1.0000000000000002,1.0,1.0,1.0000000000000002,552,1.0,1.2,1.0143758448202291,1.0,1.1,552,0.9999999999999996,1.0000000000000002,1.0,1.0,1.0000000000000002,552,552.0,0.0,0.0,0.0,552.0,552.0,0.0,0.0,0.0,0.0,0.0,0.0,1.0,0.0,0.0,552.0,552.0,1.0,0.0,0.0,0.0,0.0,0.0,0.0,0.0,0.0,0.0,0.0,0.0,0.0,0.0,1316.2992000579834
193,11580000000000,4.0,32.0,4.768166089965398,4.0,6.0,1156,24.0,24.0,24.0,24.0,24.0,1156,0.0,0.0,0.0,0.0,0.0,1156,4.0,8.0,4.311418685121107,4.0,6.0,1156,0.0,116.0,61.18115942028985,60.0,96.0,552,0.0,392.0,174.55072463768116,168.0,312.0,552,1.0,1.0,1.0,1.0,1.0,552,0.9999999999999996,1.045830763890104,1.0012884258952133,1.0,1.0113505332979884,552,1.0,1.5,1.0488046376177458,1.0,1.1788770053475932,552,0.9999999999999998,1.4857291754705113,1.0269394761309925,1.0000000000000002,1.1315405870660538,552,552.0,0.0,0.0,0.0,552.0,552.0,0.0,0.0,0.0,0.0,0.0,0.0,1.0,230.0,0.4166666666666667,552.0,552.0,1.0,0.0,0.0,0.0,0.0,0.0,0.0,151.0,0.27355072463768115,0.0,0.0,0.0,0.0,0.0,809.5287494361401
194,11640000000000,4.0,32.0,4.813148788927336,4.0,6.0,1156,24.0,24.0,24.0,24.0,24.0,1156,0.0,0.0,0.0,0.0,0.0,1156,4.0,8.0,4.314878892733564,4.0,6.0,1156,0.0,124.0,62.23913043478261,64.0,97.79999999999973,552,0.0,424.0,178.52173913043478,184.0,319.1999999999989,552,1.0,1.3333333333333333,1.0015468227424749,1.0,1.0,552,0.9999999999999998,1.3212406798078586,1.0043758799738827,1.0,1.0204215481842691,552,1.0,2.0,1.0620410782382836,1.0,1.2222222222222223,552,0.9999999999999998,2.2398577691749844,1.0408005382122336,1.0111109419422764,1.1681089423878157,552,552.0,0.0,0.0,0.0,552.0,552.0,0.0,0.0,0.0,0.0,0.0,0.0,1.0,283.0,0.5126811594202898,552.0,552.0,1.0,0.0,0.0,0.0,0.0,0.0,0.0,212.0,0.38405797101449274,0.0,0.0,0.0,0.0,0.0,610.0009214133024
195,11700000000000,4.0,32.0,4.812283737024221,4.0,6.0,1156,24.0,24.0,24.0,24.0,24.0,1156,0.0,0.0,0.0,0.0,0.0,1156,4.0,8.0,4.31401384083045,4.0,6.0,1156,0.0,120.0,61.35507246376812,60.0,96.0,552,0.0,408.0,175.63768115942028,168.0,312.0,552,1.0,1.0,1.0,1.0,1.0,552,0.9999999999999996,1.0000000000000004,1.0,1.0,1.0,552,1.0,1.2,1.0143492936894603,1.0,1.1,552,0.9999999999999996,1.0000000000000004,1.0,1.0,1.0,552,552.0,0.0,0.0,0.0,552.0,552.0,0.0,0.0,0.0,0.0,0.0,0.0,1.0,0.0,0.0,552.0,552.0,1.0,0.0,0.0,0.0,0.0,0.0,0.0,0.0,0.0,0.0,0.0,0.0,0.0,0.0,1466.5848892182112
196,11760000000000,4.0,32.0,4.767301038062284,4.0,6.0,1156,24.0,24.0,24.0,24.0,24.0,1156,0.0,0.0,0.0,0.0,0.0,1156,4.0,8.0,4.310553633217993,4.0,6.0,1156,0.0,116.0,61.22463768115942,60.0,96.0,552,0.0,392.0,174.85507246376812,168.0,312.0,552,1.0,1.0,1.0,1.0,1.0,552,0.9999999999999997,1.0402142844668187,1.0008525323620263,1.0,1.0042674703414798,552,1.0,1.5,1.0436748675322556,1.0,1.1666666666666667,552,0.9999999999999997,1.4971710789834511,1.0239228400286438,1.0,1.122622456561791,552,552.0,0.0,0.0,0.0,552.0,552.0,0.0,0.0,0.0,0.0,0.0,0.0,1.0,210.0,0.3804347826086957,552.0,552.0,1.0,0.0,0.0,0.0,0.0,0.0,0.0,126.0,0.22826086956521738,0.0,0.0,0.0,0.0,0.0,758.6402278393507
197,11820000000000,4.0,32.0,4.810553633217993,4.0,6.0,1156,24.0,24.0,24.0,24.0,24.0,1156,0.0,0.0,0.0,0.0,0.0,1156,4.0,8.0,4.312283737024221,4.0,6.0,1156,0.0,124.0,62.77536231884058,64.0,100.0,552,0.0,424.0,180.92753623188406,184.0,328.0,552,1.0,1.25,1.0023134172590695,1.0,1.0,552,0.9999999999999998,1.2845490651833087,1.0052527970274334,1.0,1.0221012682293495,552,1.0,2.0,1.063696968353939,1.0,1.2347222222222203,552,0.9999999999999998,2.2644423100307023,1.044390345208206,1.0103874200461573,1.1890283275517428,552,552.0,0.0,0.0,0.0,552.0,552.0,0.0,0.0,0.0,0.0,0.0,0.0,1.0,280.0,0.5072463768115942,552.0,552.0,1.0,0.0,0.0,0.0,0.0,0.0,0.0,201.0,0.3641304347826087,0.0,0.0,0.0,0.0,0.0,555.0104416906834
198,11880000000000,4.0,32.0,4.8157439446366785,4.0,6.0,1156,24.0,24.0,24.0,24.0,24.0,1156,0.0,0.0,0.0,0.0,0.0,1156,4.0,8.0,4.317474048442906,4.0,6.0,1156,0.0,120.0,61.007246376811594,60.0,96.0,552,0.0,408.0,174.1159420289855,168.0,312.0,552,1.0,1.0,1.0,1.0,1.0,552,0.9999999999999997,1.0000000000000002,1.0,1.0,1.0000000000000002,552,1.0,1.2,1.0140039056502228,1.0,1.1,552,0.9999999999999997,1.0000000000000002,1.0,1.0,1.0000000000000002,552,552.0,0.0,0.0,0.0,552.0,552.0,0.0,0.0,0.0,0.0,0.0,0.0,1.0,0.0,0.0,552.0,552.0,1.0,0.0,0.0,0.0,0.0,0.0,0.0,0.0,0.0,0.0,0.0,0.0,0.0,0.0,1622.001076117158
199,11940000000000,4.0,32.0,4.77076124567474,4.0,6.0,1156,24.0,24.0,24.0,24.0,24.0,1156,0.0,0.0,0.0,0.0,0.0,1156,4.0,8.0,4.31401384083045,4.0,6.0,1156,0.0,116.0,61.2536231884058,60.0,96.0,552,0.0,392.0,174.97101449275362,168.0,312.0,552,1.0,1.0,1.0,1.0,1.0,552,0.9999999999999997,1.0383883832307401,1.0008018825596832,1.0,1.0000000000000002,552,1.0,1.5,1.0395339638347154,1.0,1.1428571428571428,552,0.9999999999999997,1.2726684980757423,1.018575452567279,1.0,1.0869632488855303,552,552.0,0.0,0.0,0.0,552.0,552.0,0.0,0.0,0.0,0.0,0.0,0.0,1.0,218.0,0.39492753623188404,552.0,552.0,1.0,0.0,0.0,0.0,0.0,0.0,0.0,110.0,0.19927536231884058,0.0,0.0,0.0,0.0,0.0,652.4074040353298
200,12000000000000,4.0,32.0,4.806228373702422,4.0,6.0,1156,24.0,24.0,24.0,24.0,24.0,1156,0.0,0.0,0.0,0.0,0.0,1156,4.0,8.0,4.307958477508651,4.0,6.0,1156,0.0,124.0,62.427536231884055,64.0,100.0,552,0.0,424.0,179.53623188405797,184.0,328.0,552,1.0,1.25,1.0023738037324994,1.0,1.0,552,0.9999999999999996,1.2862440448573595,1.0058934517286313,1.0,1.023228740745491,552,1.0,1.5,1.0577033229735737,1.0,1.2222222222222223,552,0.9999999999999996,1.5374549223818963,1.039394815279197,1.010363663282543,1.1719191174918673,552,552.0,0.0,0.0,0.0,552.0,552.0,0.0,0.0,0.0,0.0,0.0,0.0,1.0,259.0,0.4692028985507246,552.0,552.0,1.0,0.0,0.0,0.0,0.0,0.0,0.0,217.0,0.39311594202898553,0.0,0.0,0.0,0.0,0.0,635.5007141828537
201,12060000000000,4.0,32.0,4.817474048442906,4.0,6.0,1156,24.0,24.0,24.0,24.0,24.0,1156,0.0,0.0,0.0,0.0,0.0,1156,4.0,8.0,4.319204152249135,4.0,6.0,1156,0.0,120.0,61.007246376811594,60.0,96.0,552,0.0,408.0,174.1159420289855,168.0,312.0,552,1.0,1.0,1.0,1.0,1.0,552,0.9999999999999996,1.0000000000000004,1.0,1.0,1.0000000000000002,552,1.0,1.2,1.0138081898725957,1.0,1.1,552,0.9999999999999996,1.0000000000000004,1.0,1.0,1.0000000000000002,552,552.0,0.0,0.0,0.0,552.0,552.0,0.0,0.0,0.0,0.0,0.0,0.0,1.0,0.0,0.0,552.0,552.0,1.0,0.0,0.0,0.0,0.0,0.0,0.0,0.0,0.0,0.0,0.0,0.0,0.0,0.0,1430.5594339966774
202,12120000000000,4.0,32.0,4.773356401384083,4.0,6.0,1156,24.0,24.0,24.0,24.0,24.0,1156,0.0,0.0,0.0,0.0,0.0,1156,4.0,8.0,4.3166089965397925,4.0,6.0,1156,0.0,116.0,60.891304347826086,60.0,96.0,552,0.0,392.0,173.52173913043478,168.0,312.0,552,1.0,1.1818181818181819,1.0005558300395259,1.0,1.0,552,0.9999999999999997,1.1339280757789292,1.0006151495059512,1.0,1.0000000000000002,552,1.0,1.5,1.0361436517420357,1.0,1.153571428571427,552,0.9999999999999997,1.2743846049756937,1.0150259561704906,1.0,1.079425871775139,552,552.0,0.0,0.0,0.0,552.0,552.0,0.0,0.0,0.0,0.0,0.0,0.0,1.0,197.0,0.35688405797101447,552.0,552.0,1.0,0.0,0.0,0.0,0.0,0.0,0.0,98.0,0.17753623188405798,0.0,0.0,0.0,0.0,0.0,569.5739593356848
203,12180000000000,4.0,32.0,4.806228373702422,4.0,6.0,1156,24.0,24.0,24.0,24.0,24.0,1156,0.0,0.0,0.0,0.0,0.0,1156,4.0,8.0,4.307958477508651,4.0,6.0,1156,0.0,124.0,62.471014492753625,64.0,104.0,552,0.0,424.0,179.71014492753622,184.0,344.0,552,1.0,1.2,1.0014524123219775,1.0,1.0,552,0.9999999999999998,1.197652929179531,1.0042151113150581,1.0,1.015498597689185,552,1.0,1.6666666666666667,1.0596958289731804,1.0,1.25,552,0.9999999999999998,1.7025546995922434,1.0404785659888365,1.0100118208881106,1.167342775196927,552,552.0,0.0,0.0,0.0,552.0,552.0,0.0,0.0,0.0,0.0,0.0,0.0,1.0,257.0,0.46557971014492755,552.0,552.0,1.0,0.0,0.0,0.0,0.0,0.0,0.0,192.0,0.34782608695652173,0.0,0.0,0.0,0.0,0.0,681.5479956567287
204,12240000000000,4.0,32.0,4.813148788927336,4.0,6.0,1156,24.0,24.0,24.0,24.0,24.0,1156,0.0,0.0,0.0,0.0,0.0,1156,4.0,8.0,4.314878892733564,4.0,6.0,1156,0.0,120.0,61.14492753623188,60.0,96.0,552,0.0,408.0,174.66666666666666,168.0,312.0,552,1.0,1.0,1.0,1.0,1.0,552,0.9999999999999997,1.0000000000000002,1.0,1.0,1.0000000000000002,552,1.0,1.2,1.0129057432512478,1.0,1.0909090909090908,552,0.9999999999999997,1.0000000000000002,1.0,1.0,1.0000000000000002,552,552.0,0.0,0.0,0.0,552.0,552.0,0.0,0.0,0.0,0.0,0.0,0.0,1.0,0.0,0.0,552.0,552.0,1.0,0.0,0.0,0.0,0.0,0.0,0.0,0.0,0.0,0.0,0.0,0.0,0.0,0.0,1540.4337793588638
205,12300000000000,4.0,32.0,4.788927335640138,4.0,6.0,1156,24.0,24.0,24.0,24.0,24.0,1156,0.0,0.0,0.0,0.0,0.0,1156,4.0,8.0,4.311418685121107,4.0,6.0,1156,0.0,116.0,60.82608695652174,60.0,96.0,552,0.0,392.0,173.2608695652174,168.0,312.0,552,1.0,1.0,1.0,1.0,1.0,552,0.9999999999999997,1.054225957963732,1.000792392498788,1.0,1.0000000000000002,552,1.0,1.5,1.0321571250133414,1.0,1.1428571428571428,552,0.9999999999999997,1.538217633531114,1.014708502450493,1.0,1.0669062968641767,552,552.0,0.0,0.0,0.0,552.0,552.0,0.0,0.0,0.0,0.0,0.0,0.0,1.0,172.0,0.3115942028985507,552.0,552.0,1.0,0.0,0.0,0.0,0.0,0.0,0.0,96.0,0.17391304347826086,0.0,0.0,0.0,0.0,0.0,675.3010060638189
206,12360000000000,4.0,32.0,4.81401384083045,4.0,6.0,1156,24.0,24.0,24.0,24.0,24.0,1156,0.0,0.0,0.0,0.0,0.0,1156,4.0,8.0,4.3157439446366785,4.0,6.0,1156,0.0,124.0,61.96376811594203,64.0,100.0,552,0.0,424.0,177.81159420289856,184.0,328.0,552,1.0,1.0952380952380953,1.0001725327812283,1.0,1.0,552,0.9999999999999997,1.048077170349314,1.0031079667563894,1.0,1.0169175279915417,552,1.0,1.6666666666666667,1.0559654197323138,1.0,1.2222222222222223,552,0.9999999999999997,1.7276320032150836,1.0367850005632777,1.0087890255761447,1.1460659353489606,552,552.0,0.0,0.0,0.0,552.0,552.0,0.0,0.0,0.0,0.0,0.0,0.0,1.0,259.0,0.4692028985507246,552.0,552.0,1.0,0.0,0.0,0.0,0.0,0.0,0.0,188.0,0.34057971014492755,0.0,0.0,0.0,0.0,0.0,779.1850864887238
207,12420000000000,4.0,32.0,4.809688581314879,4.0,6.0,1156,24.0,24.0,24.0,24.0,24.0,1156,0.0,0.0,0.0,0.0,0.0,1156,4.0,8.0,4.311418685121107,4.0,6.0,1156,0.0,120.0,61.108695652173914,60.0,96.0,552,0.0,408.0,174.3913043478261,168.0,312.0,552,1.0,1.0,1.0,1.0,1.0,552,0.9999999999999997,1.0000000000000004,1.0,1.0,1.0000000000000002,552,1.0,1.2222222222222223,1.0125447481462595,1.0,1.0909090909090908,552,0.9999999999999997,1.0000000000000004,1.0,1.0,1.0000000000000002,552,552.0,0.0,0.0,0.0,552.0,552.0,0.0,0.0,0.0,0.0,0.0,0.0,1.0,0.0,0.0,552.0,552.0,1.0,0.0,0.0,0.0,0.0,0.0,0.0,0.0,0.0,0.0,0.0,0.0,0.0,0.0,1328.1319756060839
208,12480000000000,4.0,32.0,4.78719723183391,4.0,6.0,1156,24.0,24.0,24.0,24.0,24.0,1156,0.0,0.0,0.0,0.0,0.0,1156,4.0,8.0,4.309688581314879,4.0,6.0,1156,0.0,116.0,60.81159420289855,60.0,96.0,552,0.0,392.0,173.20289855072463,168.0,312.0,552,1.0,1.0,1.0,1.0,1.0,552,0.9999999999999996,1.0763643335686865,1.0006996388554765,1.0,1.0000000000000002,552,1.0,1.5,1.0332282291247268,1.0,1.1428571428571428,552,0.9999999999999996,1.5342559911496103,1.0156221313705878,1.0,1.0783536533020461,552,552.0,0.0,0.0,0.0,552.0,552.0,0.0,0.0,0.0,0.0,0.0,0.0,1.0,155.0,0.2807971014492754,552.0,552.0,1.0,0.0,0.0,0.0,0.0,0.0,0.0,85.0,0.1539855072463768,0.0,0.0,0.0,0.0,0.0,589.3671289086342
209,12540000000000,4.0,32.0,4.807093425605537,4.0,6.0,1156,24.0,24.0,24.0,24.0,24.0,1156,0.0,0.0,0.0,0.0,0.0,1156,4.0,8.0,4.3088235294117645,4.0,6.0,1156,0.0,124.0,62.21739130434783,64.0,100.0,552,0.0,424.0,178.82608695652175,184.0,328.0,552,1.0,1.0952380952380953,1.0001725327812283,1.0,1.0,552,0.9999999999999997,1.0788190494662944,1.0042156562963918,1.0,1.0214140783835044,552,1.0,1.5,1.0543202800337834,1.0,1.2,552,0.9999999999999997,1.6422738012147422,1.0369954465120517,1.0114719861108887,1.141563325949189,552,552.0,0.0,0.0,0.0,552.0,552.0,0.0,0.0,0.0,0.0,0.0,0.0,1.0,259.0,0.4692028985507246,552.0,552.0,1.0,0.0,0.0,0.0,0.0,0.0,0.0,196.0,0.35507246376811596,0.0,0.0,0.0,0.0,0.0,809.7232431173325
210,12600000000000,4.0,32.0,4.807958477508651,4.0,6.0,1156,24.0,24.0,24.0,24.0,24.0,1156,0.0,0.0,0.0,0.0,0.0,1156,4.0,8.0,4.309688581314879,4.0,6.0,1156,0.0,120.0,61.01449275362319,60.0,96.0,552,0.0,408.0,174.0144927536232,168.0,312.0,552,1.0,1.0,1.0,1.0,1.0,552,0.9999999999999997,1.0000000000000002,1.0,1.0,1.0000000000000002,552,1.0,1.3333333333333333,1.0122907264597603,1.0,1.0769230769230769,552,0.9999999999999997,1.0000000000000002,1.0,1.0,1.0000000000000002,552,552.0,0.0,0.0,0.0,552.0,552.0,0.0,0.0,0.0,0.0,0.0,0.0,1.0,0.0,0.0,552.0,552.0,1.0,0.0,0.0,0.0,0.0,0.0,0.0,0.0,0.0,0.0,0.0,0.0,0.0,0.0,1471.6148059815168
211,12660000000000,4.0,32.0,4.782006920415225,4.0,6.0,1156,24.0,24.0,24.0,24.0,24.0,1156,0.0,0.0,0.0,0.0,0.0,1156,4.0,8.0,4.304498269896194,4.0,6.0,1156,0.0,116.0,61.57971014492754,60.0,100.0,552,0.0,392.0,176.2753623188406,168.0,328.0,552,1.0,1.0,1.0,1.0,1.0,552,0.9999999999999998,1.0534826367328045,1.0012806042391045,1.0,1.0024543728036666,552,1.0,1.5,1.0324019631769774,1.0,1.1428571428571428,552,0.9999999999999998,1.5297059491092986,1.016831801784583,1.000292875175071,1.0821940542668134,552,552.0,0.0,0.0,0.0,552.0,552.0,0.0,0.0,0.0,0.0,0.0,0.0,1.0,175.0,0.3170289855072464,552.0,552.0,1.0,0.0,0.0,0.0,0.0,0.0,0.0,114.0,0.20652173913043478,0.0,0.0,0.0,0.0,0.0,618.1756649166346
212,12720000000000,4.0,32.0,4.804498269896194,4.0,6.0,1156,24.0,24.0,24.0,24.0,24.0,1156,0.0,0.0,0.0,0.0,0.0,1156,4.0,8.0,4.306228373702422,4.0,6.0,1156,0.0,124.0,61.68115942028985,64.0,100.0,552,0.0,424.0,176.68115942028984,184.0,328.0,552,1.0,1.0952380952380953,1.0001725327812283,1.0,1.0,552,0.9999999999999998,1.0783170147257972,1.0049356423707745,1.0,1.0256927985938966,552,1.0,1.5,1.050640957325415,1.0,1.1818181818181819,552,0.9999999999999998,1.6371065818412431,1.035080474787988,1.012534324842286,1.1332082685756777,552,552.0,0.0,0.0,0.0,552.0,552.0,0.0,0.0,0.0,0.0,0.0,0.0,1.0,253.0,0.4583333333333333,552.0,552.0,1.0,0.0,0.0,0.0,0.0,0.0,0.0,214.0,0.38768115942028986,0.0,0.0,0.0,0.0,0.0,1060.0901879370213
213,12780000000000,4.0,32.0,4.806228373702422,4.0,6.0,1156,24.0,24.0,24.0,24.0,24.0,1156,0.0,0.0,0.0,0.0,0.0,1156,4.0,8.0,4.307958477508651,4.0,6.0,1156,0.0,120.0,60.98550724637681,62.0,96.0,552,0.0,408.0,173.8985507246377,176.0,312.0,552,1.0,1.0,1.0,1.0,1.0,552,0.9999999999999997,1.0000000000000004,1.0,1.0,1.0000000000000002,552,1.0,1.3333333333333333,1.0107081973878043,1.0,1.0769230769230769,552,0.9999999999999997,1.0000000000000004,1.0,1.0,1.0000000000000002,552,552.0,0.0,0.0,0.0,552.0,552.0,0.0,0.0,0.0,0.0,0.0,0.0,1.0,0.0,0.0,552.0,552.0,1.0,0.0,0.0,0.0,0.0,0.0,0.0,0.0,0.0,0.0,0.0,0.0,0.0,0.0,1149.3021752685308
214,12840000000000,4.0,32.0,4.778546712802768,4.0,6.0,1156,24.0,24.0,24.0,24.0,24.0,1156,0.0,0.0,0.0,0.0,0.0,1156,4.0,8.0,4.301038062283737,4.0,6.0,1156,0.0,116.0,61.41304347826087,60.0,97.79999999999973,552,0.0,392.0,175.47826086956522,168.0,319.1999999999989,552,1.0,1.0,1.0,1.0,1.0,552,0.9999999999999998,1.0530552582410084,1.001508308508757,1.0,1.004771611846776,552,1.0,1.5,1.0366602253894561,1.0,1.1788770053475932,552,0.9999999999999998,1.5801074972044586,1.018854466874247,1.0008069783817581,1.087538260582766,552,552.0,0.0,0.0,0.0,552.0,552.0,0.0,0.0,0.0,0.0,0.0,0.0,1.0,186.0,0.33695652173913043,552.0,552.0,1.0,0.0,0.0,0.0,0.0,0.0,0.0,98.0,0.17753623188405798,0.0,0.0,0.0,0.0,0.0,598.4124280512333
215,12900000000000,4.0,32.0,4.810553633217993,4.0,6.0,1156,24.0,24.0,24.0,24.0,24.0,1156,0.0,0.0,0.0,0.0,0.0,1156,4.0,8.0,4.312283737024221,4.0,6.0,1156,0.0,124.0,61.70289855072464,64.0,100.0,552,0.0,424.0,176.63768115942028,184.0,328.0,552,1.0,1.0952380952380953,1.0001725327812283,1.0,1.0,552,0.9999999999999997,1.0778747316835355,1.005201963218993,1.0,1.026361862288779,552,1.0,1.5,1.0553425043179154,1.0,1.193124999999999,552,0.9999999999999997,1.63172539368724,1.0370126957322428,1.0147811280081251,1.1351361459886906,552,552.0,0.0,0.0,0.0,552.0,552.0,0.0,0.0,0.0,0.0,0.0,0.0,1.0,267.0,0.483695652173913,552.0,552.0,1.0,0.0,0.0,0.0,0.0,0.0,0.0,217.0,0.39311594202898553,0.0,0.0,0.0,0.0,0.0,763.4606771171093
216,12960000000000,4.0,31.0,4.805363321799308,4.0,6.0,1156,24.0,24.0,24.0,24.0,24.0,1156,0.0,0.0,0.0,0.0,0.0,1156,4.0,8.0,4.307093425605537,4.0,6.0,1156,0.0,116.0,60.58695652173913,60.0,92.0,552,0.0,392.0,172.17391304347825,168.0,296.0,552,1.0,1.0,1.0,1.0,1.0,552,0.9999999999999997,1.0000000000000002,1.0,1.0,1.0000000000000002,552,1.0,1.3333333333333333,1.0108747980204014,1.0,1.0769230769230769,552,0.9999999999999997,1.0000000000000002,1.0,1.0,1.0000000000000002,552,552.0,0.0,0.0,0.0,552.0,552.0,0.0,0.0,0.0,0.0,0.0,0.0,1.0,0.0,0.0,552.0,552.0,1.0,0.0,0.0,0.0,0.0,0.0,0.0,0.0,0.0,0.0,0.0,0.0,0.0,0.0,1278.4607242792845
217,13020000000000,4.0,32.0,4.780276816608996,4.0,6.0,1156,24.0,24.0,24.0,24.0,24.0,1156,0.0,0.0,0.0,0.0,0.0,1156,4.0,8.0,4.302768166089965,4.0,6.0,1156,0.0,116.0,61.41304347826087,60.0,97.79999999999973,552,0.0,392.0,175.6086956521739,168.0,319.1999999999989,552,1.0,1.0,1.0,1.0,1.0,552,0.9999999999999996,1.0424069935207474,1.0016756114577647,1.0,1.007230827768073,552,1.0,1.5,1.0344520491643363,1.0,1.1596153846153838,552,0.9999999999999998,1.5797159159132534,1.0171936065901583,1.0011433645974561,1.084127986501987,552,552.0,0.0,0.0,0.0,552.0,552.0,0.0,0.0,0.0,0.0,0.0,0.0,1.0,176.0,0.3188405797101449,552.0,552.0,1.0,0.0,0.0,0.0,0.0,0.0,0.0,91.0,0.16485507246376813,0.0,0.0,0.0,0.0,0.0,687.5010393559933
218,13080000000000,4.0,32.0,4.810553633217993,4.0,6.0,1156,24.0,24.0,24.0,24.0,24.0,1156,0.0,0.0,0.0,0.0,0.0,1156,4.0,8.0,4.312283737024221,4.0,6.0,1156,0.0,124.0,61.6231884057971,62.0,97.79999999999973,552,0.0,424.0,176.05797101449275,176.0,319.1999999999989,552,1.0,1.0952380952380953,1.0001725327812283,1.0,1.0,552,0.9999999999999998,1.0773842333947765,1.005147346113706,1.0,1.0255408193640172,552,1.0,1.6666666666666667,1.0524271873725306,1.0,1.1899999999999988,552,0.9999999999999998,1.9149169097273178,1.0351813346814098,1.0114079880228593,1.1233210346920606,552,552.0,0.0,0.0,0.0,552.0,552.0,0.0,0.0,0.0,0.0,0.0,0.0,1.0,243.0,0.44021739130434784,552.0,552.0,1.0,0.0,0.0,0.0,0.0,0.0,0.0,214.0,0.38768115942028986,0.0,0.0,0.0,0.0,0.0,710.7339836657047
219,13140000000000,4.0,31.0,4.801903114186851,4.0,6.0,1156,24.0,24.0,24.0,24.0,24.0,1156,0.0,0.0,0.0,0.0,0.0,1156,4.0,8.0,4.303633217993079,4.0,6.0,1156,0.0,116.0,60.55072463768116,60.0,96.0,552,0.0,392.0,172.02898550724638,168.0,312.0,552,1.0,1.0,1.0,1.0,1.0,552,0.9999999999999996,1.0000000000000002,1.0,1.0,1.0000000000000002,552,1.0,1.3333333333333333,1.0104423557222555,1.0,1.0769230769230769,552,0.9999999999999996,1.0000000000000002,1.0,1.0,1.0000000000000002,552,552.0,0.0,0.0,0.0,552.0,552.0,0.0,0.0,0.0,0.0,0.0,0.0,1.0,0.0,0.0,552.0,552.0,1.0,0.0,0.0,0.0,0.0,0.0,0.0,0.0,0.0,0.0,0.0,0.0,0.0,0.0,1312.401756644249
220,13200000000000,4.0,32.0,4.802768166089965,4.0,6.0,1156,24.0,24.0,24.0,24.0,24.0,1156,0.0,0.0,0.0,0.0,0.0,1156,4.0,8.0,4.304498269896194,4.0,6.0,1156,0.0,116.0,61.28260869565217,60.0,96.0,552,0.0,392.0,175.08695652173913,168.0,312.0,552,1.0,1.0,1.0,1.0,1.0,552,0.9999999999999997,1.045927497725918,1.001984701911052,1.0,1.0099987884419324,552,1.0,1.5,1.0388535535123635,1.0,1.1666666666666667,552,0.9999999999999997,1.578027733361617,1.0172721140049195,1.0003898457269114,1.0837971666818607,552,552.0,0.0,0.0,0.0,552.0,552.0,0.0,0.0,0.0,0.0,0.0,0.0,1.0,176.0,0.3188405797101449,552.0,552.0,1.0,0.0,0.0,0.0,0.0,0.0,0.0,103.0,0.18659420289855072,0.0,0.0,0.0,0.0,0.0,836.5785703063011
221,13260000000000,4.0,32.0,4.807093425605537,4.0,6.0,1156,24.0,24.0,24.0,24.0,24.0,1156,0.0,0.0,0.0,0.0,0.0,1156,4.0,8.0,4.3088235294117645,4.0,6.0,1156,0.0,124.0,61.26086956521739,60.0,96.0,552,0.0,424.0,174.6086956521739,168.0,312.0,552,1.0,1.0952380952380953,1.0001725327812283,1.0,1.0,552,0.9999999999999998,1.0768484280483472,1.0058206968848566,1.0,1.029584898098302,552,1.0,1.6666666666666667,1.0527985788127483,1.0,1.2,552,0.9999999999999998,1.9043425358475445,1.0371972367185738,1.0122208412470624,1.1376088702413185,552,552.0,0.0,0.0,0.0,552.0,552.0,0.0,0.0,0.0,0.0,0.0,0.0,1.0,246.0,0.44565217391304346,552.0,552.0,1.0,0.0,0.0,0.0,0.0,0.0,0.0,207.0,0.375,0.0,0.0,0.0,0.0,0.0,813.6261943727732
222,13320000000000,4.0,31.0,4.77681660899654,4.0,6.0,1156,24.0,24.0,24.0,24.0,24.0,1156,0.0,0.0,0.0,0.0,0.0,1156,4.0,8.0,4.299307958477509,4.0,6.0,1156,0.0,116.0,60.52173913043478,60.0,92.0,552,0.0,392.0,171.52173913043478,168.0,296.0,552,1.0,1.0,1.0,1.0,1.0,552,0.9999999999999996,1.0000000000000004,1.0,1.0,1.0000000000000002,552,1.0,1.3333333333333333,1.0092329981869708,1.0,1.0714285714285714,552,0.9999999999999996,1.0000000000000004,1.0,1.0,1.0000000000000002,552,552.0,0.0,0.0,0.0,552.0,552.0,0.0,0.0,0.0,0.0,0.0,0.0,1.0,0.0,0.0,552.0,552.0,1.0,0.0,0.0,0.0,0.0,0.0,0.0,0.0,0.0,0.0,0.0,0.0,0.0,0.0,1174.7286953032017
223,13380000000000,4.0,32.0,4.807093425605537,4.0,6.0,1156,24.0,24.0,24.0,24.0,24.0,1156,0.0,0.0,0.0,0.0,0.0,1156,4.0,8.0,4.3088235294117645,4.0,6.0,1156,0.0,116.0,61.32608695652174,60.0,96.0,552,0.0,392.0,175.2608695652174,168.0,312.0,552,1.0,1.0,1.0,1.0,1.0,552,0.9999999999999997,1.0451706708909778,1.0025621672823288,1.0,1.0129122965006647,552,1.0,1.5,1.042328921631985,1.0,1.1666666666666667,552,0.9999999999999997,1.5750935639368704,1.0194797875554409,1.002265163645732,1.0896082650721386,552,552.0,0.0,0.0,0.0,552.0,552.0,0.0,0.0,0.0,0.0,0.0,0.0,1.0,180.0,0.32608695652173914,552.0,552.0,1.0,0.0,0.0,0.0,0.0,0.0,0.0,108.0,0.1956521739130435,0.0,0.0,0.0,0.0,0.0,729.9273200333118
224,13440000000000,4.0,32.0,4.811418685121107,4.0,6.0,1156,24.0,24.0,24.0,24.0,24.0,1156,0.0,0.0,0.0,0.0,0.0,1156,4.0,8.0,4.313148788927336,4.0,6.0,1156,0.0,124.0,61.2536231884058,60.0,96.0,552,0.0,424.0,174.57971014492753,168.0,312.0,552,1.0,1.125,1.0003989820565906,1.0,1.0,552,0.9999999999999998,1.129328856617899,1.0065510382877392,1.0,1.030766853021858,552,1.0,1.6666666666666667,1.0573223792534625,1.0,1.2,552,0.9999999999999998,1.9230372593191114,1.0405046390867148,1.0144568455238334,1.1420318858684706,552,552.0,0.0,0.0,0.0,552.0,552.0,0.0,0.0,0.0,0.0,0.0,0.0,1.0,261.0,0.47282608695652173,552.0,552.0,1.0,0.0,0.0,0.0,0.0,0.0,0.0,220.0,0.39855072463768115,0.0,0.0,0.0,0.0,0.0,715.1146996766329
225,13500000000000,4.0,31.0,4.77681660899654,4.0,6.0,1156,24.0,24.0,24.0,24.0,24.0,1156,0.0,0.0,0.0,0.0,0.0,1156,4.0,8.0,4.299307958477509,4.0,6.0,1156,0.0,112.0,60.34782608695652,60.0,92.0,552,0.0,376.0,170.69565217391303,168.0,296.0,552,1.0,1.0,1.0,1.0,1.0,552,0.9999999999999998,1.0000000000000002,1.0,1.0,1.0000000000000002,552,1.0,1.3333333333333333,1.010608939441498,1.0,1.0798076923076918,552,0.9999999999999998,1.0000000000000002,1.0,1.0,1.0000000000000002,552,552.0,0.0,0.0,0.0,552.0,552.0,0.0,0.0,0.0,0.0,0.0,0.0,1.0,0.0,0.0,552.0,552.0,1.0,0.0,0.0,0.0,0.0,0.0,0.0,0.0,0.0,0.0,0.0,0.0,0.0,0.0,1306.0489408671856
226,13560000000000,4.0,32.0,4.8088235294117645,4.0,6.0,1156,24.0,24.0,24.0,24.0,24.0,1156,0.0,0.0,0.0,0.0,0.0,1156,4.0,8.0,4.310553633217993,4.0,6.0,1156,0.0,116.0,61.2536231884058,60.0,97.79999999999973,552,0.0,392.0,174.97101449275362,168.0,319.1999999999989,552,1.0,1.0,1.0,1.0,1.0,552,0.9999999999999998,1.0443944409823158,1.002744230076491,1.0,1.015053595389237,552,1.0,1.5,1.0406525437811869,1.0,1.1618421052631573,552,0.9999999999999998,1.5709906183859872,1.0169527475903277,1.0027238624000614,1.0667972648170527,552,552.0,0.0,0.0,0.0,552.0,552.0,0.0,0.0,0.0,0.0,0.0,0.0,1.0,184.0,0.3333333333333333,552.0,552.0,1.0,0.0,0.0,0.0,0.0,0.0,0.0,112.0,0.2028985507246377,0.0,0.0,0.0,0.0,0.0,848.7078920006752
227,13620000000000,4.0,32.0,4.810553633217993,4.0,6.0,1156,24.0,24.0,24.0,24.0,24.0,1156,0.0,0.0,0.0,0.0,0.0,1156,4.0,8.0,4.312283737024221,4.0,6.0,1156,0.0,128.0,61.31159420289855,60.0,96.0,552,0.0,440.0,174.81159420289856,168.0,312.0,552,1.0,1.0,1.0,1.0,1.0,552,0.9999999999999997,1.077018986013565,1.0065611203263107,1.0,1.0290949475757143,552,1.0,1.5,1.0537169430440987,1.0,1.2,552,0.9999999999999998,1.867238485554354,1.0374588412081436,1.0147291076742075,1.1361547845598268,552,552.0,0.0,0.0,0.0,552.0,552.0,0.0,0.0,0.0,0.0,0.0,0.0,1.0,255.0,0.46195652173913043,552.0,552.0,1.0,0.0,0.0,0.0,0.0,0.0,0.0,222.0,0.40217391304347827,0.0,0.0,0.0,0.0,0.0,793.7734164297581
228,13680000000000,4.0,31.0,4.779411764705882,4.0,6.0,1156,24.0,24.0,24.0,24.0,24.0,1156,0.0,0.0,0.0,0.0,0.0,1156,4.0,8.0,4.301903114186851,4.0,6.0,1156,0.0,112.0,60.405797101449274,60.0,92.0,552,0.0,376.0,170.92753623188406,168.0,296.0,552,1.0,1.0,1.0,1.0,1.0,552,0.9999999999999996,1.0000000000000002,1.0,1.0,1.0,552,1.0,1.3333333333333333,1.010110150796355,1.0,1.0798076923076918,552,0.9999999999999996,1.0000000000000002,1.0,1.0,1.0,552,552.0,0.0,0.0,0.0,552.0,552.0,0.0,0.0,0.0,0.0,0.0,0.0,1.0,0.0,0.0,552.0,552.0,1.0,0.0,0.0,0.0,0.0,0.0,0.0,0.0,0.0,0.0,0.0,0.0,0.0,0.0,1219.1701550036669
229,13740000000000,4.0,32.0,4.814878892733564,4.0,6.0,1156,24.0,24.0,24.0,24.0,24.0,1156,0.0,0.0,0.0,0.0,0.0,1156,4.0,8.0,4.3166089965397925,4.0,6.0,1156,0.0,116.0,61.02173913043478,60.0,96.0,552,0.0,392.0,174.04347826086956,168.0,312.0,552,1.0,1.0,1.0,1.0,1.0,552,0.9999999999999998,1.0436062235720553,1.0029746369747456,1.0,1.015960405734901,552,1.0,1.5,1.0417437371540508,1.0,1.147802197802197,552,0.9999999999999998,1.6122549107600233,1.0181619841205762,1.0030242203795763,1.0833595533030715,552,552.0,0.0,0.0,0.0,552.0,552.0,0.0,0.0,0.0,0.0,0.0,0.0,1.0,187.0,0.338768115942029,552.0,552.0,1.0,0.0,0.0,0.0,0.0,0.0,0.0,105.0,0.19021739130434784,0.0,0.0,0.0,0.0,0.0,746.227391064167
230,13800000000000,4.0,32.0,4.812283737024221,4.0,6.0,1156,24.0,24.0,24.0,24.0,24.0,1156,0.0,0.0,0.0,0.0,0.0,1156,4.0,8.0,4.31401384083045,4.0,6.0,1156,0.0,128.0,61.507246376811594,60.0,96.0,552,0.0,440.0,175.59420289855072,168.0,312.0,552,1.0,1.4,1.001086956521739,1.0,1.0,552,0.9999999999999998,1.4665908012201394,1.0081685964340943,1.0,1.0315022585684115,552,1.0,1.5,1.0569532083558746,1.0,1.2,552,0.9999999999999998,1.7206176928625303,1.0407046957699115,1.0159079969924942,1.1625804623180909,552,552.0,0.0,0.0,0.0,552.0,552.0,0.0,0.0,0.0,0.0,0.0,0.0,1.0,272.0,0.4927536231884058,552.0,552.0,1.0,0.0,0.0,0.0,0.0,0.0,0.0,207.0,0.375,0.0,0.0,0.0,0.0,0.0,770.2132891863585
231,13860000000000,4.0,32.0,4.777681660899654,4.0,6.0,1156,24.0,24.0,24.0,24.0,24.0,1156,0.0,0.0,0.0,0.0,0.0,1156,4.0,8.0,4.300173010380623,4.0,6.0,1156,0.0,112.0,60.41304347826087,60.0,96.0,552,0.0,376.0,171.47826086956522,168.0,312.0,552,1.0,1.0,1.0,1.0,1.0,552,0.9999999999999997,1.0000000000000002,1.0,1.0,1.0000000000000002,552,1.0,1.3333333333333333,1.00922891982157,1.0,1.0714285714285714,552,0.9999999999999997,1.0000000000000002,1.0,1.0,1.0000000000000002,552,552.0,0.0,0.0,0.0,552.0,552.0,0.0,0.0,0.0,0.0,0.0,0.0,1.0,0.0,0.0,552.0,552.0,1.0,0.0,0.0,0.0,0.0,0.0,0.0,0.0,0.0,0.0,0.0,0.0,0.0,0.0,1281.8191088736057
232,13920000000000,4.0,32.0,4.813148788927336,4.0,6.0,1156,24.0,24.0,24.0,24.0,24.0,1156,0.0,0.0,0.0,0.0,0.0,1156,4.0,8.0,4.314878892733564,4.0,6.0,1156,0.0,116.0,61.34782608695652,60.0,100.0,552,0.0,392.0,175.34782608695653,168.0,328.0,552,1.0,1.0,1.0,1.0,1.0,552,0.9999999999999996,1.0386191309661235,1.0006064584313226,1.0,1.0000000000000002,552,1.0,1.5,1.0406021391376357,1.0,1.1428571428571428,552,0.9999999999999996,1.5993997741899917,1.0169423626698617,1.0,1.0847961671980633,552,552.0,0.0,0.0,0.0,552.0,552.0,0.0,0.0,0.0,0.0,0.0,0.0,1.0,183.0,0.33152173913043476,552.0,552.0,1.0,0.0,0.0,0.0,0.0,0.0,0.0,96.0,0.17391304347826086,0.0,0.0,0.0,0.0,0.0,817.6360689103603
233,13980000000000,4.0,32.0,4.813148788927336,4.0,6.0,1156,24.0,24.0,24.0,24.0,24.0,1156,0.0,0.0,0.0,0.0,0.0,1156,4.0,8.0,4.314878892733564,4.0,6.0,1156,0.0,128.0,61.971014492753625,62.0,100.0,552,0.0,440.0,177.31884057971016,176.0,328.0,552,1.0,1.4,1.0015901771336553,1.0,1.0,552,0.9999999999999998,1.4653591558035324,1.0045298985945503,1.0,1.0273217673114399,552,1.0,1.5,1.0585244927856925,1.0,1.2222222222222223,552,0.9999999999999998,1.7259137090709014,1.0410293203554382,1.0116162859076878,1.1697600491936935,552,552.0,0.0,0.0,0.0,552.0,552.0,0.0,0.0,0.0,0.0,0.0,0.0,1.0,279.0,0.5054347826086957,552.0,552.0,1.0,0.0,0.0,0.0,0.0,0.0,0.0,220.0,0.39855072463768115,0.0,0.0,0.0,0.0,0.0,771.6453522443771
234,14040000000000,4.0,32.0,4.777681660899654,4.0,6.0,1156,24.0,24.0,24.0,24.0,24.0,1156,0.0,0.0,0.0,0.0,0.0,1156,4.0,8.0,4.300173010380623,4.0,6.0,1156,0.0,112.0,60.427536231884055,60.0,96.0,552,0.0,376.0,171.53623188405797,168.0,312.0,552,1.0,1.0,1.0,1.0,1.0,552,0.9999999999999997,1.0000000000000004,1.0,1.0,1.0,552,1.0,1.3333333333333333,1.0084566990746302,1.0,1.0643749999999996,552,0.9999999999999997,1.0000000000000004,1.0,1.0,1.0,552,552.0,0.0,0.0,0.0,552.0,552.0,0.0,0.0,0.0,0.0,0.0,0.0,1.0,0.0,0.0,552.0,552.0,1.0,0.0,0.0,0.0,0.0,0.0,0.0,0.0,0.0,0.0,0.0,0.0,0.0,0.0,1250.4721488803625
235,14100000000000,4.0,32.0,4.813148788927336,4.0,6.0,1156,24.0,24.0,24.0,24.0,24.0,1156,0.0,0.0,0.0,0.0,0.0,1156,4.0,8.0,4.314878892733564,4.0,6.0,1156,0.0,116.0,61.22463768115942,60.0,100.0,552,0.0,392.0,174.85507246376812,168.0,328.0,552,1.0,1.0,1.0,1.0,1.0,552,0.9999999999999997,1.0836656042893473,1.0010067311727426,1.0,1.0000000000000002,552,1.0,1.5,1.0402958332357186,1.0,1.153571428571427,552,0.9999999999999997,1.4014652248029211,1.015756295539079,1.0,1.0610109224119866,552,552.0,0.0,0.0,0.0,552.0,552.0,0.0,0.0,0.0,0.0,0.0,0.0,1.0,184.0,0.3333333333333333,552.0,552.0,1.0,0.0,0.0,0.0,0.0,0.0,0.0,95.0,0.1721014492753623,0.0,0.0,0.0,0.0,0.0,825.1805491745472
236,14160000000000,4.0,32.0,4.810553633217993,4.0,6.0,1156,24.0,24.0,24.0,24.0,24.0,1156,0.0,0.0,0.0,0.0,0.0,1156,4.0,8.0,4.312283737024221,4.0,6.0,1156,0.0,128.0,62.55072463768116,64.0,100.0,552,0.0,440.0,179.63768115942028,184.0,328.0,552,1.0,1.4,1.0029259991216513,1.0,1.0,552,0.9999999999999997,1.463883341834987,1.0057259300024277,1.0,1.0303222955828715,552,1.0,1.5,1.0584110820832473,1.0,1.2222222222222223,552,0.9999999999999998,1.729331974374833,1.0382870034186922,1.0055586165935853,1.171363525080116,552,552.0,0.0,0.0,0.0,552.0,552.0,0.0,0.0,0.0,0.0,0.0,0.0,1.0,268.0,0.4855072463768116,552.0,552.0,1.0,0.0,0.0,0.0,0.0,0.0,0.0,212.0,0.38405797101449274,0.0,0.0,0.0,0.0,0.0,823.8274268805981
237,14220000000000,4.0,32.0,4.782871972318339,4.0,6.0,1156,24.0,24.0,24.0,24.0,24.0,1156,0.0,0.0,0.0,0.0,0.0,1156,4.0,8.0,4.305363321799308,4.0,6.0,1156,0.0,112.0,60.68115942028985,60.0,96.0,552,0.0,376.0,172.55072463768116,168.0,312.0,552,1.0,1.0,1.0,1.0,1.0,552,0.9999999999999997,1.0000000000000002,1.0,1.0,1.0000000000000002,552,1.0,1.3333333333333333,1.0110315531091358,1.0,1.0849637681159416,552,0.9999999999999997,1.0000000000000002,1.0,1.0,1.0000000000000002,552,552.0,0.0,0.0,0.0,552.0,552.0,0.0,0.0,0.0,0.0,0.0,0.0,1.0,0.0,0.0,552.0,552.0,1.0,0.0,0.0,0.0,0.0,0.0,0.0,0.0,0.0,0.0,0.0,0.0,0.0,0.0,1236.0927760601044
238,14280000000000,4.0,32.0,4.788927335640138,4.0,6.0,1156,24.0,24.0,24.0,24.0,24.0,1156,0.0,0.0,0.0,0.0,0.0,1156,4.0,8.0,4.311418685121107,4.0,6.0,1156,0.0,112.0,60.73913043478261,60.0,96.0,552,0.0,376.0,173.04347826086956,168.0,312.0,552,1.0,1.0,1.0,1.0,1.0,552,0.9999999999999997,1.083239485451823,1.000959353224179,1.0,1.0000000000000002,552,1.0,1.5,1.033136965562944,1.0,1.1428571428571428,552,0.9999999999999997,1.4062545619563103,1.0140284703120377,1.0,1.061738650277287,552,552.0,0.0,0.0,0.0,552.0,552.0,0.0,0.0,0.0,0.0,0.0,0.0,1.0,152.0,0.2753623188405797,552.0,552.0,1.0,0.0,0.0,0.0,0.0,0.0,0.0,85.0,0.1539855072463768,0.0,0.0,0.0,0.0,0.0,739.752821624279
239,14340000000000,4.0,32.0,4.809688581314879,4.0,6.0,1156,24.0,24.0,24.0,24.0,24.0,1156,0.0,0.0,0.0,0.0,0.0,1156,4.0,8.0,4.311418685121107,4.0,6.0,1156,0.0,128.0,61.65942028985507,60.0,96.0,552,0.0,440.0,176.07246376811594,168.0,312.0,552,1.0,1.4,1.0007246376811594,1.0,1.0,552,0.9999999999999997,1.462171648770275,1.0034809566912664,1.0,1.0245072423460853,552,1.0,1.5,1.05459864168897,1.0,1.2222222222222223,552,0.9999999999999997,1.730788088406816,1.0373057090534852,1.004714630995454,1.1480078244663996,552,552.0,0.0,0.0,0.0,552.0,552.0,0.0,0.0,0.0,0.0,0.0,0.0,1.0,262.0,0.4746376811594203,552.0,552.0,1.0,0.0,0.0,0.0,0.0,0.0,0.0,198.0,0.358695652173913,0.0,0.0,0.0,0.0,0.0,1240.8186197280884
240,14400000000000,4.0,32.0,4.7854671280276815,4.0,6.0,1156,24.0,24.0,24.0,24.0,24.0,1156,0.0,0.0,0.0,0.0,0.0,1156,4.0,8.0,4.307958477508651,4.0,6.0,1156,0.0,112.0,60.427536231884055,60.0,96.0,552,0.0,376.0,171.66666666666666,168.0,312.0,552,1.0,1.0,1.0,1.0,1.0,552,0.9999999999999996,1.0000000000000002,1.0,1.0,1.0000000000000002,552,1.0,1.3333333333333333,1.011994935697106,1.0,1.0849637681159416,552,0.9999999999999996,1.0000000000000002,1.0,1.0,1.0000000000000002,552,552.0,0.0,0.0,0.0,552.0,552.0,0.0,0.0,0.0,0.0,0.0,0.0,1.0,0.0,0.0,552.0,552.0,1.0,0.0,0.0,0.0,0.0,0.0,0.0,0.0,0.0,0.0,0.0,0.0,0.0,0.0,1338.4104333817959
241,14460000000000,4.0,32.0,4.788927335640138,4.0,6.0,1156,24.0,24.0,24.0,24.0,24.0,1156,0.0,0.0,0.0,0.0,0.0,1156,4.0,8.0,4.311418685121107,4.0,6.0,1156,0.0,128.0,62.18115942028985,64.0,100.0,552,0.0,440.0,178.81159420289856,184.0,328.0,552,1.0,1.0,1.0,1.0,1.0,552,0.9999999999999997,1.0827792204078317,1.0011295523482844,1.0,1.0010607398884874,552,1.0,1.5,1.0333413344649276,1.0,1.1428571428571428,552,0.9999999999999997,1.4060290131795392,1.0143432062480642,1.0,1.0650008219811518,552,552.0,0.0,0.0,0.0,552.0,552.0,0.0,0.0,0.0,0.0,0.0,0.0,1.0,163.0,0.29528985507246375,552.0,552.0,1.0,0.0,0.0,0.0,0.0,0.0,0.0,94.0,0.17028985507246377,0.0,0.0,0.0,0.0,0.0,866.980230435729
242,14520000000000,4.0,32.0,4.810553633217993,4.0,6.0,1156,24.0,24.0,24.0,24.0,24.0,1156,0.0,0.0,0.0,0.0,0.0,1156,4.0,8.0,4.312283737024221,4.0,6.0,1156,0.0,128.0,61.69565217391305,60.0,100.0,552,0.0,440.0,176.2173913043478,168.0,328.0,552,1.0,1.4,1.0007246376811594,1.0,1.0,552,0.9999999999999998,1.46022628320266,1.0036924470332838,1.0,1.025871039472145,552,1.0,1.5,1.0529482536079113,1.0,1.2099999999999984,552,0.9999999999999998,1.7302222384508892,1.0359874495048322,1.0034718646729157,1.142718692885973,552,552.0,0.0,0.0,0.0,552.0,552.0,0.0,0.0,0.0,0.0,0.0,0.0,1.0,246.0,0.44565217391304346,552.0,552.0,1.0,0.0,0.0,0.0,0.0,0.0,0.0,224.0,0.4057971014492754,0.0,0.0,0.0,0.0,0.0,813.5361205786467
243,14580000000000,4.0,32.0,4.807093425605537,4.0,6.0,1156,24.0,24.0,24.0,24.0,24.0,1156,0.0,0.0,0.0,0.0,0.0,1156,4.0,8.0,4.3088235294117645,4.0,6.0,1156,0.0,124.0,60.06521739130435,60.0,96.0,552,0.0,424.0,170.08695652173913,168.0,312.0,552,1.0,1.0,1.0,1.0,1.0,552,0.9999999999999997,1.0000000000000002,1.0,1.0,1.0000000000000002,552,1.0,1.3333333333333333,1.0125713794034983,1.0,1.0887351778656122,552,0.9999999999999997,1.0000000000000002,1.0,1.0,1.0000000000000002,552,552.0,0.0,0.0,0.0,552.0,552.0,0.0,0.0,0.0,0.0,0.0,0.0,1.0,0.0,0.0,552.0,552.0,1.0,0.0,0.0,0.0,0.0,0.0,0.0,0.0,0.0,0.0,0.0,0.0,0.0,0.0,1218.593094497919
244,14640000000000,4.0,32.0,4.788927335640138,4.0,6.0,1156,24.0,24.0,24.0,24.0,24.0,1156,0.0,0.0,0.0,0.0,0.0,1156,4.0,8.0,4.311418685121107,4.0,6.0,1156,0.0,128.0,62.14492753623188,64.0,100.0,552,0.0,440.0,178.66666666666666,184.0,328.0,552,1.0,1.0,1.0,1.0,1.0,552,0.9999999999999997,1.0553528028881654,1.001233119389382,1.0,1.0054927877252176,552,1.0,1.5,1.0341777093948592,1.0,1.1666666666666667,552,0.9999999999999997,1.4058229946228136,1.0151710707396295,1.0,1.063678721821776,552,552.0,0.0,0.0,0.0,552.0,552.0,0.0,0.0,0.0,0.0,0.0,0.0,1.0,163.0,0.29528985507246375,552.0,552.0,1.0,0.0,0.0,0.0,0.0,0.0,0.0,102.0,0.18478260869565216,0.0,0.0,0.0,0.0,0.0,774.9808691442013
245,14700000000000,4.0,32.0,4.807958477508651,4.0,6.0,1156,24.0,24.0,24.0,24.0,24.0,1156,0.0,0.0,0.0,0.0,0.0,1156,4.0,8.0,4.309688581314879,4.0,6.0,1156,0.0,128.0,61.391304347826086,60.0,100.0,552,0.0,440.0,175.2608695652174,168.0,328.0,552,1.0,1.0,1.0,1.0,1.0,552,0.9999999999999996,1.0725669217545162,1.00269424272933,1.0,1.0234203960366515,552,1.0,1.5,1.0488046356980705,1.0,1.2,552,0.9999999999999998,1.897517497401091,1.0326165840042976,1.0022121489556184,1.1287324304095478,552,552.0,0.0,0.0,0.0,552.0,552.0,0.0,0.0,0.0,0.0,0.0,0.0,1.0,239.0,0.4329710144927536,552.0,552.0,1.0,0.0,0.0,0.0,0.0,0.0,0.0,228.0,0.41304347826086957,0.0,0.0,0.0,0.0,0.0,755.0596632063389
246,14760000000000,4.0,32.0,4.812283737024221,4.0,6.0,1156,24.0,24.0,24.0,24.0,24.0,1156,0.0,0.0,0.0,0.0,0.0,1156,4.0,8.0,4.31401384083045,4.0,6.0,1156,0.0,124.0,60.14492753623188,60.0,96.0,552,0.0,424.0,170.66666666666666,168.0,312.0,552,1.0,1.0,1.0,1.0,1.0,552,0.9999999999999997,1.0000000000000002,1.0,1.0,1.0000000000000002,552,1.0,1.3333333333333333,1.0120233410480937,1.0,1.0833333333333333,552,0.9999999999999997,1.0000000000000002,1.0,1.0,1.0000000000000002,552,552.0,0.0,0.0,0.0,552.0,552.0,0.0,0.0,0.0,0.0,0.0,0.0,1.0,0.0,0.0,552.0,552.0,1.0,0.0,0.0,0.0,0.0,0.0,0.0,0.0,0.0,0.0,0.0,0.0,0.0,0.0,1289.5267829298973
247,14820000000000,4.0,32.0,4.788062283737024,4.0,6.0,1156,24.0,24.0,24.0,24.0,24.0,1156,0.0,0.0,0.0,0.0,0.0,1156,4.0,8.0,4.310553633217993,4.0,6.0,1156,0.0,128.0,62.11594202898551,64.0,100.0,552,0.0,440.0,178.55072463768116,184.0,328.0,552,1.0,1.0,1.0,1.0,1.0,552,0.9999999999999998,1.0555186914618593,1.0012859277829322,1.0,1.0065693152304709,552,1.0,1.5,1.03306944309231,1.0,1.153571428571427,552,0.9999999999999998,1.4056235561568888,1.0144266469733318,1.0,1.0620549112798696,552,552.0,0.0,0.0,0.0,552.0,552.0,0.0,0.0,0.0,0.0,0.0,0.0,1.0,166.0,0.3007246376811594,552.0,552.0,1.0,0.0,0.0,0.0,0.0,0.0,0.0,105.0,0.19021739130434784,0.0,0.0,0.0,0.0,0.0,832.2492372244596
248,14880000000000,4.0,32.0,4.811418685121107,4.0,6.0,1156,24.0,24.0,24.0,24.0,24.0,1156,0.0,0.0,0.0,0.0,0.0,1156,4.0,8.0,4.313148788927336,4.0,6.0,1156,0.0,128.0,61.05072463768116,60.0,100.0,552,0.0,440.0,173.8985507246377,168.0,328.0,552,1.0,1.0,1.0,1.0,1.0,552,0.9999999999999996,1.0717403635508842,1.003083265295803,1.0,1.0257707530413565,552,1.0,1.5,1.0486823643225607,1.0,1.1818181818181819,552,0.9999999999999997,1.8886162142210101,1.0324028441568878,1.0053231240687839,1.1209780017769726,552,552.0,0.0,0.0,0.0,552.0,552.0,0.0,0.0,0.0,0.0,0.0,0.0,1.0,258.0,0.4673913043478261,552.0,552.0,1.0,0.0,0.0,0.0,0.0,0.0,0.0,218.0,0.39492753623188404,0.0,0.0,0.0,0.0,0.0,729.9804426729679
249,14940000000000,4.0,32.0,4.812283737024221,4.0,6.0,1156,24.0,24.0,24.0,24.0,24.0,1156,0.0,0.0,0.0,0.0,0.0,1156,4.0,8.0,4.31401384083045,4.0,6.0,1156,0.0,124.0,60.028985507246375,60.0,96.0,552,0.0,424.0,170.33333333333334,168.0,312.0,552,1.0,1.0,1.0,1.0,1.0,552,0.9999999999999996,1.0000000000000002,1.0,1.0,1.0000000000000002,552,1.0,1.3333333333333333,1.0122262723321342,1.0,1.0909090909090908,552,0.9999999999999996,1.0000000000000002,1.0,1.0,1.0000000000000002,552,552.0,0.0,0.0,0.0,552.0,552.0,0.0,0.0,0.0,0.0,0.0,0.0,1.0,0.0,0.0,552.0,552.0,1.0,0.0,0.0,0.0,0.0,0.0,0.0,0.0,0.0,0.0,0.0,0.0,0.0,0.0,1321.8638524413109
250,15000000000000,4.0,32.0,4.788062283737024,4.0,6.0,1156,24.0,24.0,24.0,24.0,24.0,1156,0.0,0.0,0.0,0.0,0.0,1156,4.0,8.0,4.310553633217993,4.0,6.0,1156,0.0,128.0,62.15217391304348,64.0,100.0,552,0.0,440.0,178.69565217391303,184.0,328.0,552,1.0,1.0,1.0,1.0,1.0,552,0.9999999999999997,1.0556262154247322,1.0014254143843588,1.0,1.008947240590964,552,1.0,1.5,1.0355654641778937,1.0,1.153571428571427,552,0.9999999999999997,1.4054503036883563,1.0170858659171942,1.0,1.0838225872157219,552,552.0,0.0,0.0,0.0,552.0,552.0,0.0,0.0,0.0,0.0,0.0,0.0,1.0,175.0,0.3170289855072464,552.0,552.0,1.0,0.0,0.0,0.0,0.0,0.0,0.0,100.0,0.18115942028985507,0.0,0.0,0.0,0.0,0.0,798.6950520426035
251,15060000000000,4.0,32.0,4.814878892733564,4.0,6.0,1156,24.0,24.0,24.0,24.0,24.0,1156,0.0,0.0,0.0,0.0,0.0,1156,4.0,8.0,4.3166089965397925,4.0,6.0,1156,0.0,128.0,60.67391304347826,60.0,96.0,552,0.0,440.0,172.3913043478261,168.0,312.0,552,1.0,1.0,1.0,1.0,1.0,552,0.9999999999999998,1.0708997641619733,1.0031367956855206,1.0,1.0259068666529043,552,1.0,1.5,1.0531316154613477,1.0,1.1818181818181819,552,0.9999999999999998,1.8797082948218362,1.0357475155938387,1.0064549938038452,1.1285340062659825,552,552.0,0.0,0.0,0.0,552.0,552.0,0.0,0.0,0.0,0.0,0.0,0.0,1.0,273.0,0.4945652173913043,552.0,552.0,1.0,0.0,0.0,0.0,0.0,0.0,0.0,217.0,0.39311594202898553,0.0,0.0,0.0,0.0,0.0,735.3574428707361
252,15120000000000,4.0,32.0,4.786332179930795,4.0,6.0,1156,24.0,24.0,24.0,24.0,24.0,1156,0.0,0.0,0.0,0.0,0.0,1156,4.0,8.0,4.3088235294117645,4.0,6.0,1156,0.0,124.0,60.18115942028985,60.0,92.0,552,0.0,424.0,170.94202898550725,168.0,296.0,552,1.0,1.0,1.0,1.0,1.0,552,0.9999999999999997,1.0000000000000004,1.0,1.0,1.0000000000000002,552,1.0,1.25,1.010223606912427,1.0,1.0833333333333333,552,0.9999999999999997,1.0000000000000004,1.0,1.0,1.0000000000000002,552,552.0,0.0,0.0,0.0,552.0,552.0,0.0,0.0,0.0,0.0,0.0,0.0,1.0,0.0,0.0,552.0,552.0,1.0,0.0,0.0,0.0,0.0,0.0,0.0,0.0,0.0,0.0,0.0,0.0,0.0,0.0,1263.408089056611
253,15180000000000,4.0,32.0,4.78719723183391,4.0,6.0,1156,24.0,24.0,24.0,24.0,24.0,1156,0.0,0.0,0.0,0.0,0.0,1156,4.0,8.0,4.309688581314879,4.0,6.0,1156,0.0,128.0,62.15942028985507,64.0,100.0,552,0.0,440.0,178.85507246376812,184.0,328.0,552,1.0,1.0,1.0,1.0,1.0,552,0.9999999999999997,1.0549517649199378,1.0016536754754628,1.0,1.0122489916889312,552,1.0,1.5,1.0334836722277667,1.0,1.1428571428571428,552,0.9999999999999998,1.405294439302191,1.0166929138372627,1.0,1.0848836821305434,552,552.0,0.0,0.0,0.0,552.0,552.0,0.0,0.0,0.0,0.0,0.0,0.0,1.0,169.0,0.3061594202898551,552.0,552.0,1.0,0.0,0.0,0.0,0.0,0.0,0.0,91.0,0.16485507246376813,0.0,0.0,0.0,0.0,0.0,696.916127577424
254,15240000000000,4.0,32.0,4.810553633217993,4.0,6.0,1156,24.0,24.0,24.0,24.0,24.0,1156,0.0,0.0,0.0,0.0,0.0,1156,4.0,8.0,4.312283737024221,4.0,6.0,1156,0.0,128.0,60.731884057971016,60.0,96.0,552,0.0,440.0,172.7536231884058,168.0,312.0,552,1.0,1.0,1.0,1.0,1.0,552,0.9999999999999998,1.070033319365662,1.0035930938983622,1.0,1.0262307287559729,552,1.0,1.5,1.0529352370221603,1.0,1.1818181818181819,552,0.9999999999999998,1.8708202859563665,1.0353232303845883,1.0064279184965896,1.1239333410297985,552,552.0,0.0,0.0,0.0,552.0,552.0,0.0,0.0,0.0,0.0,0.0,0.0,1.0,263.0,0.47644927536231885,552.0,552.0,1.0,0.0,0.0,0.0,0.0,0.0,0.0,220.0,0.39855072463768115,0.0,0.0,0.0,0.0,0.0,591.813001781702
255,15300000000000,4.0,32.0,4.76643598615917,4.0,6.0,1156,24.0,24.0,24.0,24.0,24.0,1156,0.0,0.0,0.0,0.0,0.0,1156,4.0,8.0,4.309688581314879,4.0,6.0,1156,0.0,124.0,60.15217391304348,60.0,93.79999999999973,552,0.0,424.0,170.82608695652175,168.0,303.1999999999989,552,1.0,1.0,1.0,1.0,1.0,552,0.9999999999999997,1.0000000000000004,1.0,1.0,1.0,552,1.0,1.25,1.0108352284488304,1.0,1.0849637681159416,552,0.9999999999999997,1.0000000000000004,1.0,1.0,1.0,552,552.0,0.0,0.0,0.0,552.0,552.0,0.0,0.0,0.0,0.0,0.0,0.0,1.0,0.0,0.0,552.0,552.0,1.0,0.0,0.0,0.0,0.0,0.0,0.0,0.0,0.0,0.0,0.0,0.0,0.0,0.0,1306.4039312303066
256,15360000000000,4.0,32.0,4.78719723183391,4.0,6.0,1156,24.0,24.0,24.0,24.0,24.0,1156,0.0,0.0,0.0,0.0,0.0,1156,4.0,8.0,4.309688581314879,4.0,6.0,1156,0.0,120.0,61.528985507246375,64.0,100.0,552,0.0,408.0,176.33333333333334,184.0,328.0,552,1.0,1.1666666666666667,1.0003019323671496,1.0,1.0,552,0.9999999999999997,1.1433042982828552,1.001809134712903,1.0,1.0140162902554415,552,1.0,1.5,1.0326614099031295,1.0,1.1666666666666667,552,0.9999999999999997,1.4051501347313688,1.0163244406187744,1.0,1.0856756054713184,552,552.0,0.0,0.0,0.0,552.0,552.0,0.0,0.0,0.0,0.0,0.0,0.0,1.0,158.0,0.286231884057971,552.0,552.0,1.0,0.0,0.0,0.0,0.0,0.0,0.0,92.0,0.16666666666666666,0.0,0.0,0.0,0.0,0.0,750.2655163407326
257,15420000000000,4.0,32.0,4.804498269896194,4.0,6.0,1156,24.0,24.0,24.0,24.0,24.0,1156,0.0,0.0,0.0,0.0,0.0,1156,4.0,8.0,4.306228373702422,4.0,6.0,1156,0.0,128.0,60.82608695652174,60.0,96.0,552,0.0,440.0,173.0,168.0,312.0,552,1.0,1.2857142857142858,1.0010378510378513,1.0,1.0,552,0.9999999999999996,1.3282676537977969,1.0054569140376648,1.0,1.0307663348067413,552,1.0,1.5,1.0509425135359927,1.0,1.1788770053475932,552,0.9999999999999998,1.8620035621388873,1.0361016982848423,1.0082285288782935,1.1214836673780957,552,552.0,0.0,0.0,0.0,552.0,552.0,0.0,0.0,0.0,0.0,0.0,0.0,1.0,249.0,0.45108695652173914,552.0,552.0,1.0,0.0,0.0,0.0,0.0,0.0,0.0,213.0,0.3858695652173913,0.0,0.0,0.0,0.0,0.0,619.6389216929674
258,15480000000000,4.0,32.0,4.7690311418685125,4.0,6.0,1156,24.0,24.0,24.0,24.0,24.0,1156,0.0,0.0,0.0,0.0,0.0,1156,4.0,8.0,4.312283737024221,4.0,6.0,1156,0.0,124.0,60.094202898550726,60.0,92.0,552,0.0,424.0,170.59420289855072,168.0,296.0,552,1.0,1.0,1.0,1.0,1.0,552,0.9999999999999996,1.0000000000000004,1.0,1.0,1.0000000000000002,552,1.0,1.25,1.0114575429298405,1.0,1.0909090909090908,552,0.9999999999999996,1.0000000000000004,1.0,1.0,1.0000000000000002,552,552.0,0.0,0.0,0.0,552.0,552.0,0.0,0.0,0.0,0.0,0.0,0.0,1.0,0.0,0.0,552.0,552.0,1.0,0.0,0.0,0.0,0.0,0.0,0.0,0.0,0.0,0.0,0.0,0.0,0.0,0.0,1198.6336521804333
259,15540000000000,4.0,32.0,4.7854671280276815,4.0,6.0,1156,24.0,24.0,24.0,24.0,24.0,1156,0.0,0.0,0.0,0.0,0.0,1156,4.0,8.0,4.307958477508651,4.0,6.0,1156,0.0,120.0,61.710144927536234,62.0,100.0,552,0.0,408.0,176.92753623188406,176.0,328.0,552,1.0,1.1666666666666667,1.0003019323671496,1.0,1.0,552,0.9999999999999997,1.142032764068327,1.0019387863519313,1.0,1.0157335191258896,552,1.0,1.5,1.0338861967894983,1.0,1.1666666666666667,552,0.9999999999999997,1.4369683506348458,1.017210686128582,1.0,1.0905126702894241,552,552.0,0.0,0.0,0.0,552.0,552.0,0.0,0.0,0.0,0.0,0.0,0.0,1.0,149.0,0.26992753623188404,552.0,552.0,1.0,0.0,0.0,0.0,0.0,0.0,0.0,99.0,0.1793478260869565,0.0,0.0,0.0,0.0,0.0,727.8188969939947
260,15600000000000,4.0,32.0,4.805363321799308,4.0,6.0,1156,24.0,24.0,24.0,24.0,24.0,1156,0.0,0.0,0.0,0.0,0.0,1156,4.0,8.0,4.307093425605537,4.0,6.0,1156,0.0,128.0,60.710144927536234,60.0,96.0,552,0.0,440.0,172.53623188405797,168.0,312.0,552,1.0,1.2857142857142858,1.001227139406487,1.0,1.0,552,0.9999999999999998,1.3305374875433789,1.0058240688062892,1.0,1.029978061773777,552,1.0,1.5,1.0493911830851783,1.0,1.1734848484848475,552,0.9999999999999998,1.8532894387574577,1.037078499663381,1.008359837723697,1.1383523387304177,552,552.0,0.0,0.0,0.0,552.0,552.0,0.0,0.0,0.0,0.0,0.0,0.0,1.0,246.0,0.44565217391304346,552.0,552.0,1.0,0.0,0.0,0.0,0.0,0.0,0.0,199.0,0.3605072463768116,0.0,0.0,0.0,0.0,0.0,612.1401973068714
261,15660000000000,4.0,32.0,4.764705882352941,4.0,6.0,1156,24.0,24.0,24.0,24.0,24.0,1156,0.0,0.0,0.0,0.0,0.0,1156,4.0,8.0,4.307958477508651,4.0,6.0,1156,0.0,124.0,61.108695652173914,60.0,100.0,552,0.0,424.0,174.65217391304347,168.0,328.0,552,1.0,1.0,1.0,1.0,1.0,552,0.9999999999999996,1.0000000000000002,1.0,1.0,1.0,552,1.0,1.25,1.01249072146553,1.0,1.0867424242424237,552,0.9999999999999996,1.0000000000000002,1.0,1.0,1.0,552,552.0,0.0,0.0,0.0,552.0,552.0,0.0,0.0,0.0,0.0,0.0,0.0,1.0,0.0,0.0,552.0,552.0,1.0,0.0,0.0,0.0,0.0,0.0,0.0,0.0,0.0,0.0,0.0,0.0,0.0,0.0,1391.5125355124474
262,15720000000000,4.0,32.0,4.805363321799308,4.0,6.0,1156,24.0,24.0,24.0,24.0,24.0,1156,0.0,0.0,0.0,0.0,0.0,1156,4.0,8.0,4.307093425605537,4.0,6.0,1156,0.0,120.0,62.01449275362319,64.0,100.0,552,0.0,408.0,178.14492753623188,184.0,328.0,552,1.0,1.0,1.0,1.0,1.0,552,0.9999999999999998,1.0441088438996846,1.000847695284551,1.0,1.0000000000000002,552,1.0,1.5,1.0339536094323443,1.0,1.1666666666666667,552,0.9999999999999998,1.4404797492899777,1.0178627393853845,1.0,1.1039807920933475,552,552.0,0.0,0.0,0.0,552.0,552.0,0.0,0.0,0.0,0.0,0.0,0.0,1.0,159.0,0.28804347826086957,552.0,552.0,1.0,0.0,0.0,0.0,0.0,0.0,0.0,98.0,0.17753623188405798,0.0,0.0,0.0,0.0,0.0,801.7950523644686
263,15780000000000,4.0,32.0,4.812283737024221,4.0,6.0,1156,24.0,24.0,24.0,24.0,24.0,1156,0.0,0.0,0.0,0.0,0.0,1156,4.0,8.0,4.31401384083045,4.0,6.0,1156,0.0,128.0,60.731884057971016,60.0,96.0,552,0.0,440.0,172.36231884057972,168.0,312.0,552,1.0,1.0,1.0,1.0,1.0,552,0.9999999999999998,1.078040927288142,1.0036340109226551,1.0,1.0212456470262372,552,1.0,2.0,1.0576152720330083,1.0,1.2,552,0.9999999999999998,2.1780498158855,1.0426383709994826,1.0082858527265326,1.1559702889712034,552,552.0,0.0,0.0,0.0,552.0,552.0,0.0,0.0,0.0,0.0,0.0,0.0,1.0,260.0,0.47101449275362317,552.0,552.0,1.0,0.0,0.0,0.0,0.0,0.0,0.0,193.0,0.3496376811594203,0.0,0.0,0.0,0.0,0.0,622.2303286194801
264,15840000000000,4.0,32.0,4.765570934256055,4.0,6.0,1156,24.0,24.0,24.0,24.0,24.0,1156,0.0,0.0,0.0,0.0,0.0,1156,4.0,8.0,4.3088235294117645,4.0,6.0,1156,0.0,124.0,60.98550724637681,60.0,96.0,552,0.0,424.0,174.28985507246378,168.0,312.0,552,1.0,1.0,1.0,1.0,1.0,552,0.9999999999999997,1.0000000000000002,1.0,1.0,1.0000000000000002,552,1.0,1.25,1.0114138832278445,1.0,1.0833333333333333,552,0.9999999999999997,1.0000000000000002,1.0,1.0,1.0000000000000002,552,552.0,0.0,0.0,0.0,552.0,552.0,0.0,0.0,0.0,0.0,0.0,0.0,1.0,0.0,0.0,552.0,552.0,1.0,0.0,0.0,0.0,0.0,0.0,0.0,0.0,0.0,0.0,0.0,0.0,0.0,0.0,1392.8580656647682
265,15900000000000,4.0,32.0,4.810553633217993,4.0,6.0,1156,24.0,24.0,24.0,24.0,24.0,1156,0.0,0.0,0.0,0.0,0.0,1156,4.0,8.0,4.312283737024221,4.0,6.0,1156,0.0,120.0,61.927536231884055,64.0,100.0,552,0.0,408.0,177.53623188405797,184.0,328.0,552,1.0,1.0,1.0,1.0,1.0,552,0.9999999999999997,1.0434876690589763,1.0007851534572156,1.0,1.0010911338478976,552,1.0,1.5,1.0360895623697886,1.0,1.1818181818181819,552,0.9999999999999997,1.6597480376894926,1.0202902193203234,1.0,1.1192156904985784,552,552.0,0.0,0.0,0.0,552.0,552.0,0.0,0.0,0.0,0.0,0.0,0.0,1.0,142.0,0.2572463768115942,552.0,552.0,1.0,0.0,0.0,0.0,0.0,0.0,0.0,99.0,0.1793478260869565,0.0,0.0,0.0,0.0,0.0,860.5193067342043
266,15960000000000,4.0,32.0,4.81401384083045,4.0,6.0,1156,24.0,24.0,24.0,24.0,24.0,1156,0.0,0.0,0.0,0.0,0.0,1156,4.0,8.0,4.3157439446366785,4.0,6.0,1156,0.0,128.0,60.7536231884058,60.0,96.0,552,0.0,440.0,172.57971014492753,168.0,312.0,552,1.0,1.0,1.0,1.0,1.0,552,0.9999999999999997,1.0778982523120515,1.0041148770032229,1.0,1.0222186558122348,552,1.0,2.0,1.0560404130793382,1.0,1.1870588235294102,552,0.9999999999999997,2.147220310943471,1.0413020355265532,1.009876547371809,1.1430783838532572,552,552.0,0.0,0.0,0.0,552.0,552.0,0.0,0.0,0.0,0.0,0.0,0.0,1.0,253.0,0.4583333333333333,552.0,552.0,1.0,0.0,0.0,0.0,0.0,0.0,0.0,202.0,0.36594202898550726,0.0,0.0,0.0,0.0,0.0,624.4443729519844
267,16020000000000,4.0,32.0,4.767301038062284,4.0,6.0,1156,24.0,24.0,24.0,24.0,24.0,1156,0.0,0.0,0.0,0.0,0.0,1156,4.0,8.0,4.310553633217993,4.0,6.0,1156,0.0,124.0,61.028985507246375,60.0,96.0,552,0.0,424.0,174.46376811594203,168.0,312.0,552,1.0,1.0,1.0,1.0,1.0,552,0.9999999999999998,1.0000000000000004,1.0,1.0,1.0000000000000002,552,1.0,1.25,1.0109866824072824,1.0,1.0833333333333333,552,0.9999999999999998,1.0000000000000004,1.0,1.0,1.0000000000000002,552,552.0,0.0,0.0,0.0,552.0,552.0,0.0,0.0,0.0,0.0,0.0,0.0,1.0,0.0,0.0,552.0,552.0,1.0,0.0,0.0,0.0,0.0,0.0,0.0,0.0,0.0,0.0,0.0,0.0,0.0,0.0,1340.5628465116024
268,16080000000000,4.0,32.0,4.812283737024221,4.0,6.0,1156,24.0,24.0,24.0,24.0,24.0,1156,0.0,0.0,0.0,0.0,0.0,1156,4.0,8.0,4.31401384083045,4.0,6.0,1156,0.0,120.0,61.731884057971016,60.0,100.0,552,0.0,408.0,176.7536231884058,168.0,328.0,552,1.0,1.0,1.0,1.0,1.0,552,0.9999999999999997,1.0428596128593202,1.0006555518809814,1.0,1.0000000000000002,552,1.0,1.6666666666666667,1.0337408350490072,1.0,1.1666666666666667,552,0.9999999999999997,1.7493967055155082,1.019258114382331,1.0,1.114443463801879,552,552.0,0.0,0.0,0.0,552.0,552.0,0.0,0.0,0.0,0.0,0.0,0.0,1.0,143.0,0.25905797101449274,552.0,552.0,1.0,0.0,0.0,0.0,0.0,0.0,0.0,96.0,0.17391304347826086,0.0,0.0,0.0,0.0,0.0,745.7467578351498
269,16140000000000,4.0,32.0,4.810553633217993,4.0,6.0,1156,24.0,24.0,24.0,24.0,24.0,1156,0.0,0.0,0.0,0.0,0.0,1156,4.0,8.0,4.312283737024221,4.0,6.0,1156,0.0,124.0,61.130434782608695,60.0,96.0,552,0.0,424.0,173.95652173913044,168.0,312.0,552,1.0,1.1538461538461537,1.0005375059722885,1.0,1.0,552,0.9999999999999998,1.146275495464213,1.0049556815258642,1.0,1.022636546435988,552,1.0,2.5,1.0558636569617434,1.0,1.193124999999999,552,0.9999999999999998,2.31184408405592,1.040850160581563,1.0094203982208354,1.1470698654359817,552,552.0,0.0,0.0,0.0,552.0,552.0,0.0,0.0,0.0,0.0,0.0,0.0,1.0,246.0,0.44565217391304346,552.0,552.0,1.0,0.0,0.0,0.0,0.0,0.0,0.0,214.0,0.38768115942028986,0.0,0.0,0.0,0.0,0.0,563.5012593120337
270,16200000000000,4.0,32.0,4.76643598615917,4.0,6.0,1156,24.0,24.0,24.0,24.0,24.0,1156,0.0,0.0,0.0,0.0,0.0,1156,4.0,8.0,4.309688581314879,4.0,6.0,1156,0.0,120.0,60.7536231884058,60.0,96.0,552,0.0,408.0,173.231884057971,168.0,312.0,552,1.0,1.0,1.0,1.0,1.0,552,0.9999999999999998,1.0000000000000002,1.0,1.0,1.0000000000000002,552,1.0,1.25,1.010737140180311,1.0,1.0769230769230769,552,0.9999999999999998,1.0000000000000002,1.0,1.0,1.0000000000000002,552,552.0,0.0,0.0,0.0,552.0,552.0,0.0,0.0,0.0,0.0,0.0,0.0,1.0,0.0,0.0,552.0,552.0,1.0,0.0,0.0,0.0,0.0,0.0,0.0,0.0,0.0,0.0,0.0,0.0,0.0,0.0,1608.5067316889763
271,16260000000000,4.0,32.0,4.812283737024221,4.0,6.0,1156,24.0,24.0,24.0,24.0,24.0,1156,0.0,0.0,0.0,0.0,0.0,1156,4.0,8.0,4.31401384083045,4.0,6.0,1156,0.0,124.0,61.68115942028985,62.0,100.0,552,0.0,424.0,176.55072463768116,176.0,328.0,552,1.0,1.0,1.0,1.0,1.0,552,0.9999999999999997,1.0422266789706858,1.0003951109939033,1.0,1.0003157304529253,552,1.0,1.6666666666666667,1.0321514023822667,1.0,1.1666666666666667,552,0.9999999999999998,1.7612384551482922,1.0170607740507973,1.0,1.0891115759114014,552,552.0,0.0,0.0,0.0,552.0,552.0,0.0,0.0,0.0,0.0,0.0,0.0,1.0,146.0,0.2644927536231884,552.0,552.0,1.0,0.0,0.0,0.0,0.0,0.0,0.0,81.0,0.14673913043478262,0.0,0.0,0.0,0.0,0.0,664.8644749075174
272,16320000000000,4.0,32.0,4.809688581314879,4.0,6.0,1156,24.0,24.0,24.0,24.0,24.0,1156,0.0,0.0,0.0,0.0,0.0,1156,4.0,8.0,4.311418685121107,4.0,6.0,1156,0.0,124.0,61.06521739130435,60.0,96.0,552,0.0,424.0,173.69565217391303,168.0,312.0,552,1.0,1.0,1.0,1.0,1.0,552,0.9999999999999997,1.0775148713875207,1.0049653793535438,1.0,1.0234990022086012,552,1.0,2.5,1.056353152511756,1.0,1.2,552,0.9999999999999998,2.3109957537506323,1.040366812762038,1.009083463961734,1.145543342171271,552,552.0,0.0,0.0,0.0,552.0,552.0,0.0,0.0,0.0,0.0,0.0,0.0,1.0,248.0,0.4492753623188406,552.0,552.0,1.0,0.0,0.0,0.0,0.0,0.0,0.0,218.0,0.39492753623188404,0.0,0.0,0.0,0.0,0.0,622.1933159977198
273,16380000000000,4.0,32.0,4.7690311418685125,4.0,6.0,1156,24.0,24.0,24.0,24.0,24.0,1156,0.0,0.0,0.0,0.0,0.0,1156,4.0,8.0,4.312283737024221,4.0,6.0,1156,0.0,120.0,61.2463768115942,60.0,97.79999999999973,552,0.0,408.0,174.94202898550725,168.0,319.1999999999989,552,1.0,1.0,1.0,1.0,1.0,552,0.9999999999999996,1.0000000000000002,1.0,1.0,1.0,552,1.0,1.25,1.0118732888623796,1.0,1.0769230769230769,552,0.9999999999999996,1.0000000000000002,1.0,1.0,1.0,552,552.0,0.0,0.0,0.0,552.0,552.0,0.0,0.0,0.0,0.0,0.0,0.0,1.0,0.0,0.0,552.0,552.0,1.0,0.0,0.0,0.0,0.0,0.0,0.0,0.0,0.0,0.0,0.0,0.0,0.0,0.0,1410.7942152768373
274,16440000000000,4.0,32.0,4.809688581314879,4.0,6.0,1156,24.0,24.0,24.0,24.0,24.0,1156,0.0,0.0,0.0,0.0,0.0,1156,4.0,8.0,4.311418685121107,4.0,6.0,1156,0.0,124.0,61.78260869565217,64.0,100.0,552,0.0,424.0,176.69565217391303,184.0,328.0,552,1.0,1.6666666666666667,1.0012077294685993,1.0,1.0,552,0.9999999999999998,1.829005333261279,1.002362510064937,1.0,1.0030060983180895,552,1.0,1.6666666666666667,1.0279675937307196,1.0,1.125,552,0.9999999999999998,1.829005333261279,1.013790682525432,1.0,1.0662600108744076,552,552.0,0.0,0.0,0.0,552.0,552.0,0.0,0.0,0.0,0.0,0.0,0.0,1.0,133.0,0.24094202898550723,552.0,552.0,1.0,0.0,0.0,0.0,0.0,0.0,0.0,78.0,0.14130434782608695,0.0,0.0,0.0,0.0,0.0,532.6693151146173
275,16500000000000,4.0,32.0,4.8088235294117645,4.0,6.0,1156,24.0,24.0,24.0,24.0,24.0,1156,0.0,0.0,0.0,0.0,0.0,1156,4.0,8.0,4.310553633217993,4.0,6.0,1156,0.0,124.0,61.007246376811594,60.0,96.0,552,0.0,424.0,173.46376811594203,168.0,312.0,552,1.0,1.0,1.0,1.0,1.0,552,0.9999999999999997,1.0772642199566305,1.0055300198217385,1.0,1.0270359802607825,552,1.0,1.5,1.0543269229297192,1.0,1.2222222222222223,552,0.9999999999999997,1.720379292604915,1.0381703371621507,1.0116649175132497,1.1371272359311462,552,552.0,0.0,0.0,0.0,552.0,552.0,0.0,0.0,0.0,0.0,0.0,0.0,1.0,245.0,0.4438405797101449,552.0,552.0,1.0,0.0,0.0,0.0,0.0,0.0,0.0,224.0,0.4057971014492754,0.0,0.0,0.0,0.0,0.0,748.710747808218
276,16560000000000,4.0,32.0,4.7690311418685125,4.0,6.0,1156,24.0,24.0,24.0,24.0,24.0,1156,0.0,0.0,0.0,0.0,0.0,1156,4.0,8.0,4.312283737024221,4.0,6.0,1156,0.0,116.0,60.81884057971015,60.0,96.0,552,0.0,392.0,173.231884057971,168.0,312.0,552,1.0,1.0,1.0,1.0,1.0,552,0.9999999999999997,1.0000000000000002,1.0,1.0,1.0000000000000002,552,1.0,1.2,1.0105257382032904,1.0,1.0769230769230769,552,0.9999999999999997,1.0000000000000002,1.0,1.0,1.0000000000000002,552,552.0,0.0,0.0,0.0,552.0,552.0,0.0,0.0,0.0,0.0,0.0,0.0,1.0,0.0,0.0,552.0,552.0,1.0,0.0,0.0,0.0,0.0,0.0,0.0,0.0,0.0,0.0,0.0,0.0,0.0,0.0,1519.7218395769596
277,16620000000000,4.0,32.0,4.807958477508651,4.0,6.0,1156,24.0,24.0,24.0,24.0,24.0,1156,0.0,0.0,0.0,0.0,0.0,1156,4.0,8.0,4.309688581314879,4.0,6.0,1156,0.0,124.0,61.833333333333336,64.0,100.0,552,0.0,424.0,176.8985507246377,184.0,328.0,552,1.0,1.3333333333333333,1.0006038647342994,1.0,1.0,552,0.9999999999999996,1.3202625908158658,1.0018671524015157,1.0,1.0056979077351782,552,1.0,1.5,1.0253400347000992,1.0,1.125,552,0.9999999999999997,1.4056350321697177,1.0094432191463285,1.0,1.0508267609012547,552,552.0,0.0,0.0,0.0,552.0,552.0,0.0,0.0,0.0,0.0,0.0,0.0,1.0,109.0,0.19746376811594202,552.0,552.0,1.0,0.0,0.0,0.0,0.0,0.0,0.0,81.0,0.14673913043478262,0.0,0.0,0.0,0.0,0.0,626.3607405126095
278,16680000000000,4.0,32.0,4.810553633217993,4.0,6.0,1156,24.0,24.0,24.0,24.0,24.0,1156,0.0,0.0,0.0,0.0,0.0,1156,4.0,8.0,4.312283737024221,4.0,6.0,1156,0.0,124.0,61.427536231884055,60.0,96.0,552,0.0,424.0,175.0144927536232,168.0,312.0,552,1.0,1.0,1.0,1.0,1.0,552,0.9999999999999996,1.0769855321910464,1.0056526661460092,1.0,1.0266027016921957,552,1.0,1.5,1.0544904184716155,1.0,1.2222222222222223,552,0.9999999999999996,1.712124605406279,1.0382194762525316,1.0107119163021148,1.1454628620755514,552,552.0,0.0,0.0,0.0,552.0,552.0,0.0,0.0,0.0,0.0,0.0,0.0,1.0,244.0,0.4420289855072464,552.0,552.0,1.0,0.0,0.0,0.0,0.0,0.0,0.0,210.0,0.3804347826086957,0.0,0.0,0.0,0.0,0.0,824.1375498473644
279,16740000000000,4.0,32.0,4.768166089965398,4.0,6.0,1156,24.0,24.0,24.0,24.0,24.0,1156,0.0,0.0,0.0,0.0,0.0,1156,4.0,8.0,4.311418685121107,4.0,6.0,1156,0.0,116.0,60.77536231884058,60.0,96.0,552,0.0,392.0,173.05797101449275,168.0,312.0,552,1.0,1.0,1.0,1.0,1.0,552,0.9999999999999998,1.0000000000000004,1.0,1.0,1.0000000000000002,552,1.0,1.2,1.009571527357775,1.0,1.0714285714285714,552,0.9999999999999998,1.0000000000000004,1.0,1.0,1.0000000000000002,552,552.0,0.0,0.0,0.0,552.0,552.0,0.0,0.0,0.0,0.0,0.0,0.0,1.0,0.0,0.0,552.0,552.0,1.0,0.0,0.0,0.0,0.0,0.0,0.0,0.0,0.0,0.0,0.0,0.0,0.0,0.0,1364.2306979745626
280,16800000000000,4.0,32.0,4.810553633217993,4.0,6.0,1156,24.0,24.0,24.0,24.0,24.0,1156,0.0,0.0,0.0,0.0,0.0,1156,4.0,8.0,4.312283737024221,4.0,6.0,1156,0.0,120.0,62.20289855072464,64.0,100.0,552,0.0,408.0,178.63768115942028,184.0,328.0,552,1.0,1.3333333333333333,1.000966183574879,1.0,1.0,552,0.9999999999999996,1.320601034502996,1.0028815890865157,1.0,1.0101443001452066,552,1.0,1.5,1.0296001395599088,1.0,1.153571428571427,552,0.9999999999999996,1.4437660453802934,1.0140542885300396,1.0,1.062987200072125,552,552.0,0.0,0.0,0.0,552.0,552.0,0.0,0.0,0.0,0.0,0.0,0.0,1.0,121.0,0.21920289855072464,552.0,552.0,1.0,0.0,0.0,0.0,0.0,0.0,0.0,92.0,0.16666666666666666,0.0,0.0,0.0,0.0,0.0,604.3920703232288
281,16860000000000,4.0,32.0,4.811418685121107,4.0,6.0,1156,24.0,24.0,24.0,24.0,24.0,1156,0.0,0.0,0.0,0.0,0.0,1156,4.0,8.0,4.313148788927336,4.0,6.0,1156,0.0,120.0,60.572463768115945,60.0,96.0,552,0.0,408.0,171.7246376811594,168.0,312.0,552,1.0,1.0,1.0,1.0,1.0,552,0.9999999999999997,1.0766747195158928,1.00697941360923,1.0,1.0312218513488132,552,1.0,1.6666666666666667,1.0589009990059983,1.0,1.25,552,0.9999999999999997,2.176383046235321,1.0427128501932719,1.0128965408677992,1.1781912182612941,552,552.0,0.0,0.0,0.0,552.0,552.0,0.0,0.0,0.0,0.0,0.0,0.0,1.0,245.0,0.4438405797101449,552.0,552.0,1.0,0.0,0.0,0.0,0.0,0.0,0.0,238.0,0.4311594202898551,0.0,0.0,0.0,0.0,0.0,764.2824035137892
282,16920000000000,4.0,32.0,4.769896193771626,4.0,6.0,1156,24.0,24.0,24.0,24.0,24.0,1156,0.0,0.0,0.0,0.0,0.0,1156,4.0,8.0,4.313148788927336,4.0,6.0,1156,0.0,120.0,60.94202898550725,60.0,96.0,552,0.0,408.0,173.7246376811594,168.0,312.0,552,1.0,1.0,1.0,1.0,1.0,552,0.9999999999999997,1.0000000000000004,1.0,1.0,1.0000000000000002,552,1.0,1.2,1.009597151923841,1.0,1.0769230769230769,552,0.9999999999999997,1.0000000000000004,1.0,1.0,1.0000000000000002,552,552.0,0.0,0.0,0.0,552.0,552.0,0.0,0.0,0.0,0.0,0.0,0.0,1.0,0.0,0.0,552.0,552.0,1.0,0.0,0.0,0.0,0.0,0.0,0.0,0.0,0.0,0.0,0.0,0.0,0.0,0.0,1350.7203366607428
283,16980000000000,4.0,32.0,4.805363321799308,4.0,6.0,1156,24.0,24.0,24.0,24.0,24.0,1156,0.0,0.0,0.0,0.0,0.0,1156,4.0,8.0,4.307093425605537,4.0,6.0,1156,0.0,120.0,62.108695652173914,64.0,100.0,552,0.0,408.0,178.1304347826087,184.0,328.0,552,1.0,1.2222222222222223,1.0010942760942763,1.0,1.0,552,0.9999999999999997,1.2233462841192977,1.0032305861797157,1.0,1.0132504441234398,552,1.0,1.5,1.0297607425369386,1.0,1.1666666666666667,552,0.9999999999999997,1.4514496722745396,1.014637967997268,1.0,1.0668178874485157,552,552.0,0.0,0.0,0.0,552.0,552.0,0.0,0.0,0.0,0.0,0.0,0.0,1.0,125.0,0.22644927536231885,552.0,552.0,1.0,0.0,0.0,0.0,0.0,0.0,0.0,96.0,0.17391304347826086,0.0,0.0,0.0,0.0,0.0,584.3606553971767
284,17040000000000,4.0,32.0,4.81401384083045,4.0,6.0,1156,24.0,24.0,24.0,24.0,24.0,1156,0.0,0.0,0.0,0.0,0.0,1156,4.0,8.0,4.3157439446366785,4.0,6.0,1156,0.0,120.0,60.86231884057971,60.0,96.0,552,0.0,408.0,172.8840579710145,168.0,312.0,552,1.0,1.0,1.0,1.0,1.0,552,0.9999999999999997,1.0867857365721547,1.0072267469636182,1.0,1.03175808418729,552,1.0,1.6666666666666667,1.0622999337198538,1.0454545454545454,1.25,552,0.9999999999999998,2.1852507851968714,1.044542167030236,1.014899248831117,1.167445183541534,552,552.0,0.0,0.0,0.0,552.0,552.0,0.0,0.0,0.0,0.0,0.0,0.0,1.0,258.0,0.4673913043478261,552.0,552.0,1.0,0.0,0.0,0.0,0.0,0.0,0.0,236.0,0.427536231884058,0.0,0.0,0.0,0.0,0.0,731.6627763211727
285,17100000000000,4.0,32.0,4.768166089965398,4.0,6.0,1156,24.0,24.0,24.0,24.0,24.0,1156,0.0,0.0,0.0,0.0,0.0,1156,4.0,8.0,4.311418685121107,4.0,6.0,1156,0.0,120.0,60.58695652173913,60.0,96.0,552,0.0,408.0,172.30434782608697,168.0,312.0,552,1.0,1.0,1.0,1.0,1.0,552,0.9999999999999997,1.0000000000000002,1.0,1.0,1.0000000000000002,552,1.0,1.2,1.0086272224368795,1.0,1.0769230769230769,552,0.9999999999999997,1.0000000000000002,1.0,1.0,1.0000000000000002,552,552.0,0.0,0.0,0.0,552.0,552.0,0.0,0.0,0.0,0.0,0.0,0.0,1.0,0.0,0.0,552.0,552.0,1.0,0.0,0.0,0.0,0.0,0.0,0.0,0.0,0.0,0.0,0.0,0.0,0.0,0.0,1247.993091121316
286,17160000000000,4.0,32.0,4.807958477508651,4.0,6.0,1156,24.0,24.0,24.0,24.0,24.0,1156,0.0,0.0,0.0,0.0,0.0,1156,4.0,8.0,4.309688581314879,4.0,6.0,1156,0.0,124.0,62.05797101449275,64.0,100.0,552,0.0,424.0,177.92753623188406,184.0,328.0,552,1.0,1.0,1.0,1.0,1.0,552,0.9999999999999998,1.0582971822521399,1.0028940910253976,1.0,1.0154319805881782,552,1.0,1.5,1.029311604686778,1.0,1.153571428571427,552,0.9999999999999998,1.4578638023087656,1.013549603782384,1.0000000000000002,1.0622821278569368,552,552.0,0.0,0.0,0.0,552.0,552.0,0.0,0.0,0.0,0.0,0.0,0.0,1.0,133.0,0.24094202898550723,552.0,552.0,1.0,0.0,0.0,0.0,0.0,0.0,0.0,90.0,0.16304347826086957,0.0,0.0,0.0,0.0,0.0,657.0387799292803
287,17220000000000,4.0,32.0,4.814878892733564,4.0,6.0,1156,24.0,24.0,24.0,24.0,24.0,1156,0.0,0.0,0.0,0.0,0.0,1156,4.0,8.0,4.3166089965397925,4.0,6.0,1156,0.0,124.0,60.927536231884055,60.0,96.0,552,0.0,424.0,173.14492753623188,168.0,312.0,552,1.0,1.5,1.0011845039018952,1.0,1.0,552,0.9999999999999997,1.5715487499598144,1.0085514792141188,1.0,1.0341910220694814,552,1.0,1.6666666666666667,1.0604996301739424,1.0,1.25,552,0.9999999999999997,2.1943452546563584,1.0449606218917802,1.0148825027525368,1.170615453940213,552,552.0,0.0,0.0,0.0,552.0,552.0,0.0,0.0,0.0,0.0,0.0,0.0,1.0,262.0,0.4746376811594203,552.0,552.0,1.0,0.0,0.0,0.0,0.0,0.0,0.0,226.0,0.40942028985507245,0.0,0.0,0.0,0.0,0.0,738.9732953161001
288,17280000000000,4.0,32.0,4.76643598615917,4.0,6.0,1156,24.0,24.0,24.0,24.0,24.0,1156,0.0,0.0,0.0,0.0,0.0,1156,4.0,8.0,4.309688581314879,4.0,6.0,1156,0.0,120.0,60.507246376811594,60.0,96.0,552,0.0,408.0,172.1159420289855,168.0,312.0,552,1.0,1.0,1.0,1.0,1.0,552,0.9999999999999997,1.0000000000000002,1.0,1.0,1.0000000000000002,552,1.0,1.3333333333333333,1.0079410611957984,1.0,1.0666666666666667,552,0.9999999999999997,1.0000000000000002,1.0,1.0,1.0000000000000002,552,552.0,0.0,0.0,0.0,552.0,552.0,0.0,0.0,0.0,0.0,0.0,0.0,1.0,0.0,0.0,552.0,552.0,1.0,0.0,0.0,0.0,0.0,0.0,0.0,0.0,0.0,0.0,0.0,0.0,0.0,0.0,1222.7462772279978
289,17340000000000,4.0,32.0,4.8088235294117645,4.0,6.0,1156,24.0,24.0,24.0,24.0,24.0,1156,0.0,0.0,0.0,0.0,0.0,1156,4.0,8.0,4.310553633217993,4.0,6.0,1156,0.0,124.0,61.333333333333336,60.0,96.0,552,0.0,424.0,175.15942028985506,168.0,312.0,552,1.0,1.0,1.0,1.0,1.0,552,0.9999999999999998,1.0475744163424436,1.0032309142814602,1.0,1.016742646598634,552,1.0,2.0,1.031187129350687,1.0,1.1428571428571428,552,0.9999999999999998,2.118368238359756,1.0179087695184053,1.0000000000000002,1.0722671177700323,552,552.0,0.0,0.0,0.0,552.0,552.0,0.0,0.0,0.0,0.0,0.0,0.0,1.0,138.0,0.25,552.0,552.0,1.0,0.0,0.0,0.0,0.0,0.0,0.0,114.0,0.20652173913043478,0.0,0.0,0.0,0.0,0.0,692.895719781518
290,17400000000000,4.0,32.0,4.811418685121107,4.0,6.0,1156,24.0,24.0,24.0,24.0,24.0,1156,0.0,0.0,0.0,0.0,0.0,1156,4.0,8.0,4.313148788927336,4.0,6.0,1156,0.0,124.0,60.89855072463768,60.0,96.0,552,0.0,424.0,173.02898550724638,168.0,312.0,552,1.0,1.0,1.0,1.0,1.0,552,0.9999999999999997,1.0858144074686966,1.007751788735321,1.0,1.0358542545628844,552,1.0,1.6666666666666667,1.058651786721914,1.0,1.25,552,0.9999999999999997,2.2036599824074923,1.0459248202463756,1.016662127306069,1.1807577417651283,552,552.0,0.0,0.0,0.0,552.0,552.0,0.0,0.0,0.0,0.0,0.0,0.0,1.0,256.0,0.463768115942029,552.0,552.0,1.0,0.0,0.0,0.0,0.0,0.0,0.0,228.0,0.41304347826086957,0.0,0.0,0.0,0.0,0.0,663.8832613825798
291,17460000000000,4.0,32.0,4.783737024221454,4.0,6.0,1156,24.0,24.0,24.0,24.0,24.0,1156,0.0,0.0,0.0,0.0,0.0,1156,4.0,8.0,4.306228373702422,4.0,6.0,1156,0.0,120.0,60.891304347826086,60.0,96.0,552,0.0,408.0,173.7826086956522,168.0,312.0,552,1.0,1.0,1.0,1.0,1.0,552,0.9999999999999997,1.0000000000000002,1.0,1.0,1.0,552,1.0,1.3333333333333333,1.0079626311552807,1.0,1.0714285714285714,552,0.9999999999999997,1.0000000000000002,1.0,1.0,1.0,552,552.0,0.0,0.0,0.0,552.0,552.0,0.0,0.0,0.0,0.0,0.0,0.0,1.0,0.0,0.0,552.0,552.0,1.0,0.0,0.0,0.0,0.0,0.0,0.0,0.0,0.0,0.0,0.0,0.0,0.0,0.0,1401.3535752892494
292,17520000000000,4.0,32.0,4.809688581314879,4.0,6.0,1156,24.0,24.0,24.0,24.0,24.0,1156,0.0,0.0,0.0,0.0,0.0,1156,4.0,8.0,4.311418685121107,4.0,6.0,1156,0.0,124.0,61.51449275362319,64.0,100.0,552,0.0,424.0,175.8840579710145,184.0,328.0,552,1.0,1.0,1.0,1.0,1.0,552,0.9999999999999997,1.048199912550207,1.0010710404573162,1.0,1.0071632956546226,552,1.0,1.5,1.0317789058285602,1.0,1.147802197802197,552,0.9999999999999997,1.5750978234749409,1.0144233930849833,1.0,1.0694618504567242,552,552.0,0.0,0.0,0.0,552.0,552.0,0.0,0.0,0.0,0.0,0.0,0.0,1.0,151.0,0.27355072463768115,552.0,552.0,1.0,0.0,0.0,0.0,0.0,0.0,0.0,112.0,0.2028985507246377,0.0,0.0,0.0,0.0,0.0,833.774683997035
293,17580000000000,4.0,32.0,4.809688581314879,4.0,6.0,1156,24.0,24.0,24.0,24.0,24.0,1156,0.0,0.0,0.0,0.0,0.0,1156,4.0,8.0,4.311418685121107,4.0,6.0,1156,0.0,124.0,61.028985507246375,60.0,96.0,552,0.0,424.0,173.81159420289856,168.0,312.0,552,1.0,1.0,1.0,1.0,1.0,552,0.9999999999999996,1.0774126507409327,1.0032610164089235,1.0,1.0265557678014468,552,1.0,2.0,1.0603570766425172,1.0,1.2347222222222203,552,0.9999999999999996,2.2132118497331956,1.0440133356362102,1.0092712436186497,1.1594209745860178,552,552.0,0.0,0.0,0.0,552.0,552.0,0.0,0.0,0.0,0.0,0.0,0.0,1.0,264.0,0.4782608695652174,552.0,552.0,1.0,0.0,0.0,0.0,0.0,0.0,0.0,214.0,0.38768115942028986,0.0,0.0,0.0,0.0,0.0,769.5170044898987
294,17640000000000,4.0,32.0,4.786332179930795,4.0,6.0,1156,24.0,24.0,24.0,24.0,24.0,1156,0.0,0.0,0.0,0.0,0.0,1156,4.0,8.0,4.3088235294117645,4.0,6.0,1156,0.0,116.0,60.69565217391305,60.0,97.79999999999973,552,0.0,392.0,173.2608695652174,168.0,319.1999999999989,552,1.0,1.0,1.0,1.0,1.0,552,0.9999999999999998,1.0000000000000002,1.0,1.0,1.0000000000000002,552,1.0,1.3333333333333333,1.0092851372532718,1.0,1.0833333333333333,552,0.9999999999999998,1.0000000000000002,1.0,1.0,1.0000000000000002,552,552.0,0.0,0.0,0.0,552.0,552.0,0.0,0.0,0.0,0.0,0.0,0.0,1.0,0.0,0.0,552.0,552.0,1.0,0.0,0.0,0.0,0.0,0.0,0.0,0.0,0.0,0.0,0.0,0.0,0.0,0.0,1240.7520450651646
295,17700000000000,4.0,32.0,4.807093425605537,4.0,6.0,1156,24.0,24.0,24.0,24.0,24.0,1156,0.0,0.0,0.0,0.0,0.0,1156,4.0,8.0,4.3088235294117645,4.0,6.0,1156,0.0,124.0,61.47826086956522,64.0,100.0,552,0.0,424.0,175.7391304347826,184.0,328.0,552,1.0,1.0,1.0,1.0,1.0,552,0.9999999999999997,1.078479870444094,1.0013881409921854,1.0,1.0071467091240622,552,1.0,1.5,1.0293341011775348,1.0,1.1428571428571428,552,0.9999999999999997,1.5747499624797465,1.0130804804284437,1.0,1.0641887279295144,552,552.0,0.0,0.0,0.0,552.0,552.0,0.0,0.0,0.0,0.0,0.0,0.0,1.0,156.0,0.2826086956521739,552.0,552.0,1.0,0.0,0.0,0.0,0.0,0.0,0.0,115.0,0.20833333333333334,0.0,0.0,0.0,0.0,0.0,678.5976644605398
296,17760000000000,4.0,31.0,4.802768166089965,4.0,6.0,1156,24.0,24.0,24.0,24.0,24.0,1156,0.0,0.0,0.0,0.0,0.0,1156,4.0,8.0,4.304498269896194,4.0,6.0,1156,0.0,120.0,60.391304347826086,60.0,93.79999999999973,552,0.0,408.0,171.3913043478261,168.0,303.1999999999989,552,1.0,1.25,1.0004528985507246,1.0,1.0,552,0.9999999999999997,1.2819157995029828,1.0028455744766243,1.0,1.0166637786331358,552,1.0,2.0,1.0535173523668175,1.0,1.2222222222222223,552,0.9999999999999997,2.6670352480778163,1.0395392185123875,1.0043183841128485,1.153238040799125,552,552.0,0.0,0.0,0.0,552.0,552.0,0.0,0.0,0.0,0.0,0.0,0.0,1.0,249.0,0.45108695652173914,552.0,552.0,1.0,0.0,0.0,0.0,0.0,0.0,0.0,218.0,0.39492753623188404,0.0,0.0,0.0,0.0,0.0,809.844309464097
297,17820000000000,4.0,32.0,4.782006920415225,4.0,6.0,1156,24.0,24.0,24.0,24.0,24.0,1156,0.0,0.0,0.0,0.0,0.0,1156,4.0,8.0,4.304498269896194,4.0,6.0,1156,0.0,116.0,60.80434782608695,60.0,100.0,552,0.0,392.0,173.69565217391303,168.0,328.0,552,1.0,1.0,1.0,1.0,1.0,552,0.9999999999999997,1.0000000000000004,1.0,1.0,1.0000000000000002,552,1.0,1.3333333333333333,1.0090909774707608,1.0,1.0798076923076918,552,0.9999999999999997,1.0000000000000004,1.0,1.0,1.0000000000000002,552,552.0,0.0,0.0,0.0,552.0,552.0,0.0,0.0,0.0,0.0,0.0,0.0,1.0,0.0,0.0,552.0,552.0,1.0,0.0,0.0,0.0,0.0,0.0,0.0,0.0,0.0,0.0,0.0,0.0,0.0,0.0,1418.2266797870398
298,17880000000000,4.0,32.0,4.807093425605537,4.0,6.0,1156,24.0,24.0,24.0,24.0,24.0,1156,0.0,0.0,0.0,0.0,0.0,1156,4.0,8.0,4.3088235294117645,4.0,6.0,1156,0.0,124.0,61.471014492753625,64.0,100.0,552,0.0,424.0,175.71014492753622,184.0,328.0,552,1.0,1.0,1.0,1.0,1.0,552,0.9999999999999997,1.078021161535954,1.0016135204549474,1.0,1.0101647907174742,552,1.0,1.5,1.0287287244066683,1.0,1.1428571428571428,552,0.9999999999999997,1.623895736640343,1.0129343298189444,1.0,1.0664359135703765,552,552.0,0.0,0.0,0.0,552.0,552.0,0.0,0.0,0.0,0.0,0.0,0.0,1.0,143.0,0.25905797101449274,552.0,552.0,1.0,0.0,0.0,0.0,0.0,0.0,0.0,114.0,0.20652173913043478,0.0,0.0,0.0,0.0,0.0,766.6977532207966
299,17940000000000,4.0,31.0,4.801903114186851,4.0,6.0,1156,24.0,24.0,24.0,24.0,24.0,1156,0.0,0.0,0.0,0.0,0.0,1156,4.0,8.0,4.303633217993079,4.0,6.0,1156,0.0,120.0,60.43478260869565,60.0,92.0,552,0.0,408.0,171.56521739130434,168.0,296.0,552,1.0,1.25,1.0004528985507246,1.0,1.0,552,0.9999999999999996,1.28269353657649,1.0029813976717852,1.0,1.0194645652383216,552,1.0,2.0,1.0553421009744715,1.0,1.2222222222222223,552,0.9999999999999997,2.6809010187187594,1.0376717684493042,1.0098036084362878,1.1435553918470385,552,552.0,0.0,0.0,0.0,552.0,552.0,0.0,0.0,0.0,0.0,0.0,0.0,1.0,275.0,0.49818840579710144,552.0,552.0,1.0,0.0,0.0,0.0,0.0,0.0,0.0,222.0,0.40217391304347827,0.0,0.0,0.0,0.0,0.0,813.6190362274647
300,18000000000000,4.0,32.0,4.780276816608996,4.0,6.0,1156,24.0,24.0,24.0,24.0,24.0,1156,0.0,0.0,0.0,0.0,0.0,1156,4.0,8.0,4.302768166089965,4.0,6.0,1156,0.0,116.0,60.94927536231884,60.0,100.0,552,0.0,392.0,174.14492753623188,168.0,328.0,552,1.0,1.0,1.0,1.0,1.0,552,0.9999999999999997,1.0000000000000004,1.0,1.0,1.0000000000000002,552,1.0,1.3333333333333333,1.0096500313012826,1.0,1.0833333333333333,552,0.9999999999999997,1.0000000000000004,1.0,1.0,1.0000000000000002,552,552.0,0.0,0.0,0.0,552.0,552.0,0.0,0.0,0.0,0.0,0.0,0.0,1.0,0.0,0.0,552.0,552.0,1.0,0.0,0.0,0.0,0.0,0.0,0.0,0.0,0.0,0.0,0.0,0.0,0.0,0.0,1181.398330256343
301,18060000000000,4.0,32.0,4.807958477508651,4.0,6.0,1156,24.0,24.0,24.0,24.0,24.0,1156,0.0,0.0,0.0,0.0,0.0,1156,4.0,8.0,4.309688581314879,4.0,6.0,1156,0.0,124.0,61.43478260869565,64.0,97.79999999999973,552,0.0,424.0,175.43478260869566,184.0,319.1999999999989,552,1.0,1.0,1.0,1.0,1.0,552,0.9999999999999997,1.0775156639938006,1.0013366970979845,1.0,1.007999197076815,552,1.0,1.5,1.0319179693879734,1.0,1.1428571428571428,552,0.9999999999999997,1.468004808985642,1.0112772513839112,1.0,1.062037541223213,552,552.0,0.0,0.0,0.0,552.0,552.0,0.0,0.0,0.0,0.0,0.0,0.0,1.0,148.0,0.26811594202898553,552.0,552.0,1.0,0.0,0.0,0.0,0.0,0.0,0.0,120.0,0.21739130434782608,0.0,0.0,0.0,0.0,0.0,733.969334512949
302,18120000000000,4.0,31.0,4.780276816608996,4.0,6.0,1156,24.0,24.0,24.0,24.0,24.0,1156,0.0,0.0,0.0,0.0,0.0,1156,4.0,8.0,4.302768166089965,4.0,6.0,1156,0.0,116.0,60.23913043478261,60.0,96.0,552,0.0,392.0,170.7826086956522,168.0,312.0,552,1.0,1.0,1.0,1.0,1.0,552,0.9999999999999996,1.0753803766088121,1.0026726066367877,1.0,1.0206632066751318,552,1.0,2.0,1.0535667356626695,1.0,1.2047368421052624,552,0.9999999999999997,2.695046881801118,1.0356877584503579,1.006684921737628,1.1286402489097096,552,552.0,0.0,0.0,0.0,552.0,552.0,0.0,0.0,0.0,0.0,0.0,0.0,1.0,259.0,0.4692028985507246,552.0,552.0,1.0,0.0,0.0,0.0,0.0,0.0,0.0,240.0,0.43478260869565216,0.0,0.0,0.0,0.0,0.0,868.8696268945932
303,18180000000000,4.0,32.0,4.782006920415225,4.0,6.0,1156,24.0,24.0,24.0,24.0,24.0,1156,0.0,0.0,0.0,0.0,0.0,1156,4.0,8.0,4.304498269896194,4.0,6.0,1156,0.0,116.0,61.094202898550726,60.0,100.0,552,0.0,392.0,174.46376811594203,168.0,328.0,552,1.0,1.0,1.0,1.0,1.0,552,0.9999999999999997,1.0000000000000002,1.0,1.0,1.0,552,1.0,1.1578947368421053,1.009219132160303,1.0,1.0833333333333333,552,0.9999999999999997,1.0000000000000002,1.0,1.0,1.0,552,552.0,0.0,0.0,0.0,552.0,552.0,0.0,0.0,0.0,0.0,0.0,0.0,1.0,0.0,0.0,552.0,552.0,1.0,0.0,0.0,0.0,0.0,0.0,0.0,0.0,0.0,0.0,0.0,0.0,0.0,0.0,1284.5947369933128
304,18240000000000,4.0,32.0,4.811418685121107,4.0,6.0,1156,24.0,24.0,24.0,24.0,24.0,1156,0.0,0.0,0.0,0.0,0.0,1156,4.0,8.0,4.313148788927336,4.0,6.0,1156,0.0,124.0,60.905797101449274,60.0,96.0,552,0.0,424.0,173.44927536231884,168.0,312.0,552,1.0,1.0,1.0,1.0,1.0,552,0.9999999999999997,1.0769632401546028,1.0017468418247544,1.0,1.010711125051986,552,1.0,1.5,1.0320230157852404,1.0,1.1428571428571428,552,0.9999999999999997,1.3032494702317245,1.013041468253563,1.0,1.070177115483385,552,552.0,0.0,0.0,0.0,552.0,552.0,0.0,0.0,0.0,0.0,0.0,0.0,1.0,154.0,0.27898550724637683,552.0,552.0,1.0,0.0,0.0,0.0,0.0,0.0,0.0,123.0,0.22282608695652173,0.0,0.0,0.0,0.0,0.0,811.1800532788038
305,18300000000000,4.0,31.0,4.775951557093426,4.0,6.0,1156,24.0,24.0,24.0,24.0,24.0,1156,0.0,0.0,0.0,0.0,0.0,1156,4.0,8.0,4.298442906574395,4.0,6.0,1156,0.0,116.0,60.072463768115945,60.0,92.0,552,0.0,392.0,170.1159420289855,168.0,296.0,552,1.0,1.0,1.0,1.0,1.0,552,0.9999999999999998,1.0746274468269028,1.002625245588491,1.0,1.0218528553027724,552,1.0,2.0,1.052493824129484,1.0,1.2,552,0.9999999999999998,2.7094946829076036,1.0375395595553527,1.009782810289289,1.140805807712981,552,552.0,0.0,0.0,0.0,552.0,552.0,0.0,0.0,0.0,0.0,0.0,0.0,1.0,271.0,0.49094202898550726,552.0,552.0,1.0,0.0,0.0,0.0,0.0,0.0,0.0,249.0,0.45108695652173914,0.0,0.0,0.0,0.0,0.0,801.2742102146149
306,18360000000000,4.0,32.0,4.784602076124568,4.0,6.0,1156,24.0,24.0,24.0,24.0,24.0,1156,0.0,0.0,0.0,0.0,0.0,1156,4.0,8.0,4.307093425605537,4.0,6.0,1156,0.0,116.0,61.10144927536232,60.0,100.0,552,0.0,392.0,174.4927536231884,168.0,328.0,552,1.0,1.0,1.0,1.0,1.0,552,0.9999999999999998,1.0000000000000004,1.0,1.0,1.0,552,1.0,1.1578947368421053,1.0099472714583626,1.0,1.0833333333333333,552,0.9999999999999998,1.0000000000000004,1.0,1.0,1.0,552,552.0,0.0,0.0,0.0,552.0,552.0,0.0,0.0,0.0,0.0,0.0,0.0,1.0,0.0,0.0,552.0,552.0,1.0,0.0,0.0,0.0,0.0,0.0,0.0,0.0,0.0,0.0,0.0,0.0,0.0,0.0,1194.0404567867517
307,18420000000000,4.0,32.0,4.813148788927336,4.0,6.0,1156,24.0,24.0,24.0,24.0,24.0,1156,0.0,0.0,0.0,0.0,0.0,1156,4.0,8.0,4.314878892733564,4.0,6.0,1156,0.0,116.0,60.710144927536234,60.0,96.0,552,0.0,392.0,172.40579710144928,168.0,312.0,552,1.0,1.0,1.0,1.0,1.0,552,0.9999999999999997,1.0535823484612223,1.001565330442713,1.0,1.0097138814234485,552,1.0,1.5,1.0333975682699121,1.0,1.1428571428571428,552,0.9999999999999997,1.3739429279756747,1.0133578002484607,1.0,1.0730205060952311,552,552.0,0.0,0.0,0.0,552.0,552.0,0.0,0.0,0.0,0.0,0.0,0.0,1.0,153.0,0.27717391304347827,552.0,552.0,1.0,0.0,0.0,0.0,0.0,0.0,0.0,117.0,0.21195652173913043,0.0,0.0,0.0,0.0,0.0,821.9488952308893
308,18480000000000,4.0,31.0,4.775951557093426,4.0,6.0,1156,24.0,24.0,24.0,24.0,24.0,1156,0.0,0.0,0.0,0.0,0.0,1156,4.0,8.0,4.298442906574395,4.0,6.0,1156,0.0,116.0,60.30434782608695,60.0,96.0,552,0.0,392.0,170.7826086956522,168.0,312.0,552,1.0,1.6666666666666667,1.0017959094046052,1.0,1.0,552,0.9999999999999997,2.1504306803644684,1.0051186769790288,1.0,1.0242370001769443,552,1.0,2.0,1.0575788028447206,1.0,1.2222222222222223,552,0.9999999999999997,2.1504306803644684,1.0418278656237647,1.0129989954492937,1.162325593928867,552,552.0,0.0,0.0,0.0,552.0,552.0,0.0,0.0,0.0,0.0,0.0,0.0,1.0,288.0,0.5217391304347826,552.0,552.0,1.0,0.0,0.0,0.0,0.0,0.0,0.0,248.0,0.4492753623188406,0.0,0.0,0.0,0.0,0.0,809.419909492135
309,18540000000000,4.0,32.0,4.810553633217993,4.0,6.0,1156,24.0,24.0,24.0,24.0,24.0,1156,0.0,0.0,0.0,0.0,0.0,1156,4.0,8.0,4.312283737024221,4.0,6.0,1156,0.0,116.0,61.028985507246375,60.0,100.0,552,0.0,392.0,174.20289855072463,168.0,328.0,552,1.0,1.0,1.0,1.0,1.0,552,0.9999999999999996,1.0000000000000002,1.0,1.0,1.0,552,1.0,1.1764705882352942,1.011102162317512,1.0,1.0833333333333333,552,0.9999999999999996,1.0000000000000002,1.0,1.0,1.0,552,552.0,0.0,0.0,0.0,552.0,552.0,0.0,0.0,0.0,0.0,0.0,0.0,1.0,0.0,0.0,552.0,552.0,1.0,0.0,0.0,0.0,0.0,0.0,0.0,0.0,0.0,0.0,0.0,0.0,0.0,0.0,1318.9742621034384
310,18600000000000,4.0,32.0,4.810553633217993,4.0,6.0,1156,24.0,24.0,24.0,24.0,24.0,1156,0.0,0.0,0.0,0.0,0.0,1156,4.0,8.0,4.312283737024221,4.0,6.0,1156,0.0,128.0,60.98550724637681,60.0,96.0,552,0.0,440.0,173.5072463768116,168.0,312.0,552,1.0,1.0,1.0,1.0,1.0,552,0.9999999999999998,1.062878119092391,1.0016887535495127,1.0,1.0105308530550132,552,1.0,1.5,1.032724228333143,1.0,1.153571428571427,552,0.9999999999999998,1.3826383576050651,1.0142799493697359,1.0,1.076541337057178,552,552.0,0.0,0.0,0.0,552.0,552.0,0.0,0.0,0.0,0.0,0.0,0.0,1.0,153.0,0.27717391304347827,552.0,552.0,1.0,0.0,0.0,0.0,0.0,0.0,0.0,138.0,0.25,0.0,0.0,0.0,0.0,0.0,832.7196426689625
311,18660000000000,4.0,31.0,4.778546712802768,4.0,6.0,1156,24.0,24.0,24.0,24.0,24.0,1156,0.0,0.0,0.0,0.0,0.0,1156,4.0,8.0,4.301038062283737,4.0,6.0,1156,0.0,116.0,60.768115942028984,60.0,96.0,552,0.0,392.0,172.63768115942028,168.0,312.0,552,1.0,1.6666666666666667,1.0012077294685993,1.0,1.0,552,0.9999999999999998,2.1525653805316134,1.005362568115857,1.0,1.0272538575354293,552,1.0,2.0,1.0569060330102764,1.0,1.2,552,0.9999999999999998,2.1525653805316134,1.0422227448082444,1.0154556285751506,1.1556698124843856,552,552.0,0.0,0.0,0.0,552.0,552.0,0.0,0.0,0.0,0.0,0.0,0.0,1.0,289.0,0.5235507246376812,552.0,552.0,1.0,0.0,0.0,0.0,0.0,0.0,0.0,250.0,0.4528985507246377,0.0,0.0,0.0,0.0,0.0,687.447477132082
312,18720000000000,4.0,32.0,4.8157439446366785,4.0,6.0,1156,24.0,24.0,24.0,24.0,24.0,1156,0.0,0.0,0.0,0.0,0.0,1156,4.0,8.0,4.317474048442906,4.0,6.0,1156,0.0,116.0,60.65942028985507,60.0,97.79999999999973,552,0.0,392.0,172.7246376811594,168.0,319.1999999999989,552,1.0,1.0,1.0,1.0,1.0,552,0.9999999999999998,1.0000000000000004,1.0,1.0,1.0000000000000002,552,1.0,1.1666666666666667,1.0122096384922097,1.0,1.0833333333333333,552,0.9999999999999998,1.0000000000000004,1.0,1.0,1.0000000000000002,552,552.0,0.0,0.0,0.0,552.0,552.0,0.0,0.0,0.0,0.0,0.0,0.0,1.0,0.0,0.0,552.0,552.0,1.0,0.0,0.0,0.0,0.0,0.0,0.0,0.0,0.0,0.0,0.0,0.0,0.0,0.0,1336.8797805160284
313,18780000000000,4.0,32.0,4.818339100346021,4.0,6.0,1156,24.0,24.0,24.0,24.0,24.0,1156,0.0,0.0,0.0,0.0,0.0,1156,4.0,8.0,4.320069204152249,4.0,6.0,1156,0.0,128.0,60.79710144927536,60.0,96.0,552,0.0,440.0,172.7536231884058,168.0,312.0,552,1.0,1.0,1.0,1.0,1.0,552,0.9999999999999998,1.0618969212109801,1.001540805698601,1.0,1.0106143571726276,552,1.0,1.5,1.0298086703485019,1.0,1.1428571428571428,552,0.9999999999999998,1.3911520669123971,1.0123136933096353,1.0,1.0600209032789276,552,552.0,0.0,0.0,0.0,552.0,552.0,0.0,0.0,0.0,0.0,0.0,0.0,1.0,149.0,0.26992753623188404,552.0,552.0,1.0,0.0,0.0,0.0,0.0,0.0,0.0,121.0,0.21920289855072464,0.0,0.0,0.0,0.0,0.0,860.1254783570766
314,18840000000000,4.0,32.0,4.781141868512111,4.0,6.0,1156,24.0,24.0,24.0,24.0,24.0,1156,0.0,0.0,0.0,0.0,0.0,1156,4.0,8.0,4.303633217993079,4.0,6.0,1156,0.0,116.0,60.391304347826086,60.0,96.0,552,0.0,392.0,171.1304347826087,168.0,312.0,552,1.0,1.6666666666666667,1.0012077294685993,1.0,1.0,552,0.9999999999999998,2.1548421154327975,1.0052716092726648,1.0,1.0243068176598735,552,1.0,2.0,1.0589848489225762,1.0,1.2,552,0.9999999999999998,2.1548421154327975,1.0409903422874374,1.0123017173464501,1.1504095296595438,552,552.0,0.0,0.0,0.0,552.0,552.0,0.0,0.0,0.0,0.0,0.0,0.0,1.0,278.0,0.5036231884057971,552.0,552.0,1.0,0.0,0.0,0.0,0.0,0.0,0.0,251.0,0.45471014492753625,0.0,0.0,0.0,0.0,0.0,807.1298711001873
315,18900000000000,4.0,32.0,4.813148788927336,4.0,6.0,1156,24.0,24.0,24.0,24.0,24.0,1156,0.0,0.0,0.0,0.0,0.0,1156,4.0,8.0,4.314878892733564,4.0,6.0,1156,0.0,116.0,61.05072463768116,60.0,100.0,552,0.0,392.0,174.42028985507247,168.0,328.0,552,1.0,1.0,1.0,1.0,1.0,552,0.9999999999999997,1.0000000000000002,1.0,1.0,1.0000000000000002,552,1.0,1.1666666666666667,1.0115400758831614,1.0,1.0833333333333333,552,0.9999999999999997,1.0000000000000002,1.0,1.0,1.0000000000000002,552,552.0,0.0,0.0,0.0,552.0,552.0,0.0,0.0,0.0,0.0,0.0,0.0,1.0,0.0,0.0,552.0,552.0,1.0,0.0,0.0,0.0,0.0,0.0,0.0,0.0,0.0,0.0,0.0,0.0,0.0,0.0,1284.8593443632126
316,18960000000000,4.0,32.0,4.812283737024221,4.0,6.0,1156,24.0,24.0,24.0,24.0,24.0,1156,0.0,0.0,0.0,0.0,0.0,1156,4.0,8.0,4.31401384083045,4.0,6.0,1156,0.0,128.0,61.21739130434783,60.0,96.0,552,0.0,440.0,174.56521739130434,168.0,312.0,552,1.0,1.0,1.0,1.0,1.0,552,0.9999999999999996,1.06088028152032,1.0014761922780189,1.0,1.0122874922524137,552,1.0,1.5,1.030534373305593,1.0,1.1428571428571428,552,0.9999999999999996,1.4128919940162867,1.0140663707694726,1.0,1.060728190747083,552,552.0,0.0,0.0,0.0,552.0,552.0,0.0,0.0,0.0,0.0,0.0,0.0,1.0,152.0,0.2753623188405797,552.0,552.0,1.0,0.0,0.0,0.0,0.0,0.0,0.0,139.0,0.25181159420289856,0.0,0.0,0.0,0.0,0.0,732.1974448859692
317,19020000000000,4.0,32.0,4.775951557093426,4.0,6.0,1156,24.0,24.0,24.0,24.0,24.0,1156,0.0,0.0,0.0,0.0,0.0,1156,4.0,8.0,4.298442906574395,4.0,6.0,1156,0.0,120.0,60.45652173913044,60.0,96.0,552,0.0,408.0,171.3913043478261,168.0,312.0,552,1.0,1.6666666666666667,1.0012077294685993,1.0,1.0,552,0.9999999999999997,2.1572525452132347,1.0065587514672358,1.0,1.030633877770712,552,1.0,2.0,1.060721525826335,1.0,1.25,552,0.9999999999999997,2.1572525452132347,1.0442441543148324,1.0146927727680248,1.175533703129518,552,552.0,0.0,0.0,0.0,552.0,552.0,0.0,0.0,0.0,0.0,0.0,0.0,1.0,274.0,0.4963768115942029,552.0,552.0,1.0,0.0,0.0,0.0,0.0,0.0,0.0,262.0,0.4746376811594203,0.0,0.0,0.0,0.0,0.0,813.6868290603161
318,19080000000000,4.0,32.0,4.814878892733564,4.0,6.0,1156,24.0,24.0,24.0,24.0,24.0,1156,0.0,0.0,0.0,0.0,0.0,1156,4.0,8.0,4.3166089965397925,4.0,6.0,1156,0.0,116.0,60.927536231884055,60.0,100.0,552,0.0,392.0,174.05797101449275,168.0,328.0,552,1.0,1.0,1.0,1.0,1.0,552,0.9999999999999997,1.0000000000000002,1.0,1.0,1.0000000000000002,552,1.0,1.1666666666666667,1.0116281809754017,1.0,1.0909090909090908,552,0.9999999999999997,1.0000000000000002,1.0,1.0,1.0000000000000002,552,552.0,0.0,0.0,0.0,552.0,552.0,0.0,0.0,0.0,0.0,0.0,0.0,1.0,0.0,0.0,552.0,552.0,1.0,0.0,0.0,0.0,0.0,0.0,0.0,0.0,0.0,0.0,0.0,0.0,0.0,0.0,1370.4043757170439
319,19140000000000,4.0,32.0,4.811418685121107,4.0,6.0,1156,24.0,24.0,24.0,24.0,24.0,1156,0.0,0.0,0.0,0.0,0.0,1156,4.0,8.0,4.313148788927336,4.0,6.0,1156,0.0,128.0,61.6231884057971,64.0,96.0,552,0.0,440.0,176.05797101449275,184.0,312.0,552,1.0,1.0,1.0,1.0,1.0,552,0.9999999999999996,1.0598357456674607,1.0014184079965986,1.0,1.01098938222465,552,1.0,1.5,1.0339850740378087,1.0,1.1428571428571428,552,0.9999999999999996,1.5801262212868485,1.0157697722750896,1.0,1.0577683832649478,552,552.0,0.0,0.0,0.0,552.0,552.0,0.0,0.0,0.0,0.0,0.0,0.0,1.0,173.0,0.3134057971014493,552.0,552.0,1.0,0.0,0.0,0.0,0.0,0.0,0.0,137.0,0.24818840579710144,0.0,0.0,0.0,0.0,0.0,851.5173923224211
320,19200000000000,4.0,32.0,4.780276816608996,4.0,6.0,1156,24.0,24.0,24.0,24.0,24.0,1156,0.0,0.0,0.0,0.0,0.0,1156,4.0,8.0,4.302768166089965,4.0,6.0,1156,0.0,120.0,60.81159420289855,60.0,96.0,552,0.0,408.0,172.81159420289856,168.0,312.0,552,1.0,1.6666666666666667,1.0012077294685993,1.0,1.0,552,0.9999999999999998,2.159788704036783,1.0070953017832651,1.0,1.0318314692287018,552,1.0,2.0,1.0622769123681346,1.0444664031620552,1.2224999999999966,552,0.9999999999999998,2.159788704036783,1.0464805295698432,1.0206893046617167,1.1661367068734352,552,552.0,0.0,0.0,0.0,552.0,552.0,0.0,0.0,0.0,0.0,0.0,0.0,1.0,286.0,0.5181159420289855,552.0,552.0,1.0,0.0,0.0,0.0,0.0,0.0,0.0,250.0,0.4528985507246377,0.0,0.0,0.0,0.0,0.0,764.8489587008953
321,19260000000000,4.0,32.0,4.811418685121107,4.0,6.0,1156,24.0,24.0,24.0,24.0,24.0,1156,0.0,0.0,0.0,0.0,0.0,1156,4.0,8.0,4.313148788927336,4.0,6.0,1156,0.0,116.0,61.369565217391305,60.0,100.0,552,0.0,392.0,175.56521739130434,168.0,328.0,552,1.0,1.0,1.0,1.0,1.0,552,0.9999999999999996,1.0000000000000004,1.0,1.0,1.0000000000000002,552,1.0,1.1666666666666667,1.01068311272208,1.0,1.0833333333333333,552,0.9999999999999996,1.0000000000000004,1.0,1.0,1.0000000000000002,552,552.0,0.0,0.0,0.0,552.0,552.0,0.0,0.0,0.0,0.0,0.0,0.0,1.0,0.0,0.0,552.0,552.0,1.0,0.0,0.0,0.0,0.0,0.0,0.0,0.0,0.0,0.0,0.0,0.0,0.0,0.0,1198.8135818392038
322,19320000000000,4.0,32.0,4.807093425605537,4.0,6.0,1156,24.0,24.0,24.0,24.0,24.0,1156,0.0,0.0,0.0,0.0,0.0,1156,4.0,8.0,4.3088235294117645,4.0,6.0,1156,0.0,128.0,61.20289855072464,64.0,96.0,552,0.0,440.0,174.3768115942029,184.0,312.0,552,1.0,1.0,1.0,1.0,1.0,552,0.9999999999999997,1.0587625467387476,1.001365248212419,1.0,1.011791461884129,552,1.0,1.5,1.0341940099984146,1.0,1.1428571428571428,552,0.9999999999999997,1.580629729795944,1.0158214547637086,1.0,1.057919833086141,552,552.0,0.0,0.0,0.0,552.0,552.0,0.0,0.0,0.0,0.0,0.0,0.0,1.0,172.0,0.3115942028985507,552.0,552.0,1.0,0.0,0.0,0.0,0.0,0.0,0.0,127.0,0.23007246376811594,0.0,0.0,0.0,0.0,0.0,765.9174185246229
323,19380000000000,4.0,32.0,4.783737024221454,4.0,6.0,1156,24.0,24.0,24.0,24.0,24.0,1156,0.0,0.0,0.0,0.0,0.0,1156,4.0,8.0,4.306228373702422,4.0,6.0,1156,0.0,120.0,61.06521739130435,60.0,96.0,552,0.0,408.0,173.82608695652175,168.0,312.0,552,1.0,1.6666666666666667,1.0012077294685993,1.0,1.0,552,0.9999999999999997,2.162493737934404,1.0075616339756945,1.0,1.0316409782418223,552,1.0,2.0,1.067454276800614,1.0555555555555556,1.2222222222222223,552,0.9999999999999997,2.162493737934404,1.0508051293436484,1.024777934782246,1.1760736319036373,552,552.0,0.0,0.0,0.0,552.0,552.0,0.0,0.0,0.0,0.0,0.0,0.0,1.0,304.0,0.5507246376811594,552.0,552.0,1.0,0.0,0.0,0.0,0.0,0.0,0.0,233.0,0.4221014492753623,0.0,0.0,0.0,0.0,0.0,799.0974690765142
324,19440000000000,4.0,32.0,4.788927335640138,4.0,6.0,1156,24.0,24.0,24.0,24.0,24.0,1156,0.0,0.0,0.0,0.0,0.0,1156,4.0,8.0,4.311418685121107,4.0,6.0,1156,0.0,128.0,62.13768115942029,64.0,100.0,552,0.0,440.0,178.5072463768116,184.0,328.0,552,1.0,1.0,1.0,1.0,1.0,552,0.9999999999999998,1.0000000000000002,1.0,1.0,1.0,552,1.0,1.1666666666666667,1.0104684293150779,1.0,1.0798076923076918,552,0.9999999999999998,1.0000000000000002,1.0,1.0,1.0,552,552.0,0.0,0.0,0.0,552.0,552.0,0.0,0.0,0.0,0.0,0.0,0.0,1.0,0.0,0.0,552.0,552.0,1.0,0.0,0.0,0.0,0.0,0.0,0.0,0.0,0.0,0.0,0.0,0.0,0.0,0.0,1354.4014226645231
325,19500000000000,4.0,32.0,4.812283737024221,4.0,6.0,1156,24.0,24.0,24.0,24.0,24.0,1156,0.0,0.0,0.0,0.0,0.0,1156,4.0,8.0,4.31401384083045,4.0,6.0,1156,0.0,128.0,61.31159420289855,64.0,96.0,552,0.0,440.0,174.81159420289856,184.0,312.0,552,1.0,1.0,1.0,1.0,1.0,552,0.9999999999999998,1.0576698128012934,1.000730081120783,1.0,1.0000000000000002,552,1.0,1.5,1.0378684210436722,1.0,1.153571428571427,552,0.9999999999999998,1.5796785776122308,1.0167218864055658,1.0,1.0644179787099572,552,552.0,0.0,0.0,0.0,552.0,552.0,0.0,0.0,0.0,0.0,0.0,0.0,1.0,186.0,0.33695652173913043,552.0,552.0,1.0,0.0,0.0,0.0,0.0,0.0,0.0,114.0,0.20652173913043478,0.0,0.0,0.0,0.0,0.0,806.7598566412926
326,19560000000000,4.0,32.0,4.809688581314879,4.0,6.0,1156,24.0,24.0,24.0,24.0,24.0,1156,0.0,0.0,0.0,0.0,0.0,1156,4.0,8.0,4.311418685121107,4.0,6.0,1156,0.0,120.0,60.405797101449274,60.0,96.0,552,0.0,408.0,171.18840579710144,168.0,312.0,552,1.0,1.6666666666666667,1.0012077294685993,1.0,1.0,552,0.9999999999999997,2.1653267632838995,1.0071549543867784,1.0,1.0275013545756153,552,1.0,2.0,1.065081772659014,1.0555555555555556,1.2099999999999984,552,0.9999999999999997,2.1653267632838995,1.0481431457273132,1.019303429045257,1.1723734057265291,552,552.0,0.0,0.0,0.0,552.0,552.0,0.0,0.0,0.0,0.0,0.0,0.0,1.0,287.0,0.519927536231884,552.0,552.0,1.0,0.0,0.0,0.0,0.0,0.0,0.0,229.0,0.4148550724637681,0.0,0.0,0.0,0.0,0.0,587.410032749176
327,19620000000000,4.0,32.0,4.788927335640138,4.0,6.0,1156,24.0,24.0,24.0,24.0,24.0,1156,0.0,0.0,0.0,0.0,0.0,1156,4.0,8.0,4.311418685121107,4.0,6.0,1156,0.0,128.0,62.05797101449275,64.0,100.0,552,0.0,440.0,178.18840579710144,184.0,328.0,552,1.0,1.0,1.0,1.0,1.0,552,0.9999999999999996,1.0000000000000004,1.0,1.0,1.0000000000000002,552,1.0,1.1875,1.0096089041689458,1.0,1.0769230769230769,552,0.9999999999999996,1.0000000000000004,1.0,1.0,1.0000000000000002,552,552.0,0.0,0.0,0.0,552.0,552.0,0.0,0.0,0.0,0.0,0.0,0.0,1.0,0.0,0.0,552.0,552.0,1.0,0.0,0.0,0.0,0.0,0.0,0.0,0.0,0.0,0.0,0.0,0.0,0.0,0.0,1261.2971775233746
328,19680000000000,4.0,32.0,4.8088235294117645,4.0,6.0,1156,24.0,24.0,24.0,24.0,24.0,1156,0.0,0.0,0.0,0.0,0.0,1156,4.0,8.0,4.310553633217993,4.0,6.0,1156,0.0,128.0,61.44927536231884,64.0,96.0,552,0.0,440.0,175.4927536231884,184.0,312.0,552,1.0,1.0,1.0,1.0,1.0,552,0.9999999999999998,1.049989934287569,1.0007635361584464,1.0,1.0003379027128694,552,1.0,1.5,1.033092277657478,1.0,1.1428571428571428,552,0.9999999999999998,1.5772949427840388,1.0147342456774948,1.0,1.066644972160519,552,552.0,0.0,0.0,0.0,552.0,552.0,0.0,0.0,0.0,0.0,0.0,0.0,1.0,168.0,0.30434782608695654,552.0,552.0,1.0,0.0,0.0,0.0,0.0,0.0,0.0,124.0,0.2246376811594203,0.0,0.0,0.0,0.0,0.0,790.8117361366749
329,19740000000000,4.0,32.0,4.788062283737024,4.0,6.0,1156,24.0,24.0,24.0,24.0,24.0,1156,0.0,0.0,0.0,0.0,0.0,1156,4.0,8.0,4.310553633217993,4.0,6.0,1156,0.0,120.0,60.92028985507246,60.0,96.0,552,0.0,408.0,173.1159420289855,168.0,312.0,552,1.0,1.6666666666666667,1.002415458937198,1.0,1.0,552,0.9999999999999997,2.1683204948454806,1.0093406451774358,1.0,1.028686211824113,552,1.0,1.6666666666666667,1.0612151489833797,1.0476190476190477,1.2,552,0.9999999999999998,2.1683204948454806,1.0449735144389114,1.0172348110696467,1.1607742131462575,552,552.0,0.0,0.0,0.0,552.0,552.0,0.0,0.0,0.0,0.0,0.0,0.0,1.0,287.0,0.519927536231884,552.0,552.0,1.0,0.0,0.0,0.0,0.0,0.0,0.0,222.0,0.40217391304347827,0.0,0.0,0.0,0.0,0.0,610.3870514780283
330,19800000000000,4.0,32.0,4.788927335640138,4.0,6.0,1156,24.0,24.0,24.0,24.0,24.0,1156,0.0,0.0,0.0,0.0,0.0,1156,4.0,8.0,4.311418685121107,4.0,6.0,1156,0.0,128.0,62.13768115942029,64.0,100.0,552,0.0,440.0,178.5072463768116,184.0,328.0,552,1.0,1.0,1.0,1.0,1.0,552,0.9999999999999996,1.0000000000000002,1.0,1.0,1.0000000000000002,552,1.0,1.1666666666666667,1.009135555189293,1.0,1.0688095238095234,552,0.9999999999999996,1.0000000000000002,1.0,1.0,1.0000000000000002,552,552.0,0.0,0.0,0.0,552.0,552.0,0.0,0.0,0.0,0.0,0.0,0.0,1.0,0.0,0.0,552.0,552.0,1.0,0.0,0.0,0.0,0.0,0.0,0.0,0.0,0.0,0.0,0.0,0.0,0.0,0.0,1502.6853810995817
331,19860000000000,4.0,32.0,4.809688581314879,4.0,6.0,1156,24.0,24.0,24.0,24.0,24.0,1156,0.0,0.0,0.0,0.0,0.0,1156,4.0,8.0,4.311418685121107,4.0,6.0,1156,0.0,128.0,61.47826086956522,64.0,97.79999999999973,552,0.0,440.0,176.0,184.0,319.1999999999989,552,1.0,1.0,1.0,1.0,1.0,552,0.9999999999999998,1.0499072727855474,1.0010373998246385,1.0,1.000260543214322,552,1.0,1.5,1.0327910871209909,1.0,1.1376190476190469,552,0.9999999999999998,1.6209002649416449,1.0148803790367447,1.0,1.0690344339039153,552,552.0,0.0,0.0,0.0,552.0,552.0,0.0,0.0,0.0,0.0,0.0,0.0,1.0,173.0,0.3134057971014493,552.0,552.0,1.0,0.0,0.0,0.0,0.0,0.0,0.0,125.0,0.22644927536231885,0.0,0.0,0.0,0.0,0.0,720.8943162113428
332,19920000000000,4.0,32.0,4.789792387543253,4.0,6.0,1156,24.0,24.0,24.0,24.0,24.0,1156,0.0,0.0,0.0,0.0,0.0,1156,4.0,8.0,4.312283737024221,4.0,6.0,1156,0.0,120.0,60.869565217391305,60.0,96.0,552,0.0,408.0,172.91304347826087,168.0,312.0,552,1.0,1.6666666666666667,1.0034188034188034,1.0,1.0,552,0.9999999999999997,2.1714743929538605,1.0107455756070247,1.0,1.0293722989354976,552,1.0,2.5,1.0648512546425684,1.05,1.2,552,0.9999999999999997,2.255652586492816,1.0479337757585145,1.0189718664266705,1.1677009561340632,552,552.0,0.0,0.0,0.0,552.0,552.0,0.0,0.0,0.0,0.0,0.0,0.0,1.0,269.0,0.48731884057971014,552.0,552.0,1.0,0.0,0.0,0.0,0.0,0.0,0.0,227.0,0.411231884057971,0.0,0.0,0.0,0.0,0.0,587.5485595315695
333,19980000000000,4.0,32.0,4.794117647058823,4.0,6.0,1156,24.0,24.0,24.0,24.0,24.0,1156,0.0,0.0,0.0,0.0,0.0,1156,4.0,8.0,4.3166089965397925,4.0,6.0,1156,0.0,128.0,62.028985507246375,64.0,100.0,552,0.0,440.0,178.20289855072463,184.0,328.0,552,1.0,1.0,1.0,1.0,1.0,552,0.9999999999999996,1.0000000000000002,1.0,1.0,1.0000000000000002,552,1.0,1.1666666666666667,1.0089793932812827,1.0,1.0666666666666667,552,0.9999999999999996,1.0000000000000002,1.0,1.0,1.0000000000000002,552,552.0,0.0,0.0,0.0,552.0,552.0,0.0,0.0,0.0,0.0,0.0,0.0,1.0,0.0,0.0,552.0,552.0,1.0,0.0,0.0,0.0,0.0,0.0,0.0,0.0,0.0,0.0,0.0,0.0,0.0,0.0,1439.4859615713358
334,20040000000000,4.0,32.0,4.813148788927336,4.0,6.0,1156,24.0,24.0,24.0,24.0,24.0,1156,0.0,0.0,0.0,0.0,0.0,1156,4.0,8.0,4.314878892733564,4.0,6.0,1156,0.0,128.0,60.492753623188406,60.0,96.0,552,0.0,440.0,172.18840579710144,168.0,312.0,552,1.0,1.0,1.0,1.0,1.0,552,0.9999999999999997,1.0491405716948647,1.0012062226431253,1.0,1.002274022812832,552,1.0,1.5,1.0333961393872428,1.0,1.125,552,0.9999999999999997,1.6074331040578682,1.016768460267469,1.0003235281972545,1.0726695245831441,552,552.0,0.0,0.0,0.0,552.0,552.0,0.0,0.0,0.0,0.0,0.0,0.0,1.0,166.0,0.3007246376811594,552.0,552.0,1.0,0.0,0.0,0.0,0.0,0.0,0.0,121.0,0.21920289855072464,0.0,0.0,0.0,0.0,0.0,812.2379407286644
335,20100000000000,4.0,32.0,4.784602076124568,4.0,6.0,1156,24.0,24.0,24.0,24.0,24.0,1156,0.0,0.0,0.0,0.0,0.0,1156,4.0,8.0,4.307093425605537,4.0,6.0,1156,0.0,120.0,60.7536231884058,60.0,96.0,552,0.0,408.0,172.44927536231884,168.0,312.0,552,1.0,1.6666666666666667,1.002694165737644,1.0,1.0,552,0.9999999999999996,2.1747606245836963,1.0102198268060065,1.0,1.0294425896350148,552,1.0,2.5,1.0609413765147038,1.0416666666666667,1.2,552,0.9999999999999998,2.2591906239907105,1.0458593949571668,1.0163784457853133,1.1521440447261866,552,552.0,0.0,0.0,0.0,552.0,552.0,0.0,0.0,0.0,0.0,0.0,0.0,1.0,261.0,0.47282608695652173,552.0,552.0,1.0,0.0,0.0,0.0,0.0,0.0,0.0,236.0,0.427536231884058,0.0,0.0,0.0,0.0,0.0,620.7607332617044
336,20160000000000,4.0,32.0,4.7923875432525955,4.0,6.0,1156,24.0,24.0,24.0,24.0,24.0,1156,0.0,0.0,0.0,0.0,0.0,1156,4.0,8.0,4.314878892733564,4.0,6.0,1156,0.0,128.0,62.03623188405797,64.0,104.0,552,0.0,440.0,178.231884057971,184.0,344.0,552,1.0,1.0,1.0,1.0,1.0,552,0.9999999999999998,1.0000000000000002,1.0,1.0,1.0000000000000002,552,1.0,1.1666666666666667,1.0093289916366124,1.0,1.0666666666666667,552,0.9999999999999998,1.0000000000000002,1.0,1.0,1.0000000000000002,552,552.0,0.0,0.0,0.0,552.0,552.0,0.0,0.0,0.0,0.0,0.0,0.0,1.0,0.0,0.0,552.0,552.0,1.0,0.0,0.0,0.0,0.0,0.0,0.0,0.0,0.0,0.0,0.0,0.0,0.0,0.0,1296.2456364184618
337,20220000000000,4.0,32.0,4.811418685121107,4.0,6.0,1156,24.0,24.0,24.0,24.0,24.0,1156,0.0,0.0,0.0,0.0,0.0,1156,4.0,8.0,4.313148788927336,4.0,6.0,1156,0.0,128.0,60.54347826086956,60.0,96.0,552,0.0,440.0,172.3913043478261,168.0,312.0,552,1.0,1.0,1.0,1.0,1.0,552,0.9999999999999997,1.0783341090788687,1.0020170698360522,1.0,1.0054311863174592,552,1.0,1.5,1.0330331401032078,1.0,1.125,552,0.9999999999999997,1.5936601282725387,1.017616071349238,1.0008327691289423,1.081210076877398,552,552.0,0.0,0.0,0.0,552.0,552.0,0.0,0.0,0.0,0.0,0.0,0.0,1.0,165.0,0.29891304347826086,552.0,552.0,1.0,0.0,0.0,0.0,0.0,0.0,0.0,120.0,0.21739130434782608,0.0,0.0,0.0,0.0,0.0,749.5740428566933
338,20280000000000,4.0,32.0,4.786332179930795,4.0,6.0,1156,24.0,24.0,24.0,24.0,24.0,1156,0.0,0.0,0.0,0.0,0.0,1156,4.0,8.0,4.3088235294117645,4.0,6.0,1156,0.0,120.0,60.84782608695652,60.0,96.0,552,0.0,408.0,172.82608695652175,168.0,312.0,552,1.0,1.6666666666666667,1.002694165737644,1.0,1.0,552,0.9999999999999998,2.178199204198043,1.010231968870815,1.0,1.029286161715895,552,1.0,2.5,1.0582428603972254,1.0,1.2,552,0.9999999999999998,2.263125467081417,1.0453652479632032,1.015598287982118,1.1440961583141185,552,552.0,0.0,0.0,0.0,552.0,552.0,0.0,0.0,0.0,0.0,0.0,0.0,1.0,260.0,0.47101449275362317,552.0,552.0,1.0,0.0,0.0,0.0,0.0,0.0,0.0,228.0,0.41304347826086957,0.0,0.0,0.0,0.0,0.0,619.8432445526123
339,20340000000000,4.0,32.0,4.812283737024221,4.0,6.0,1156,24.0,24.0,24.0,24.0,24.0,1156,0.0,0.0,0.0,0.0,0.0,1156,4.0,8.0,4.31401384083045,4.0,6.0,1156,0.0,128.0,62.01449275362319,64.0,101.79999999999973,552,0.0,440.0,178.0144927536232,184.0,335.1999999999989,552,1.0,1.0,1.0,1.0,1.0,552,0.9999999999999997,1.0000000000000004,1.0,1.0,1.0000000000000002,552,1.0,1.1666666666666667,1.0085939009979072,1.0,1.0643749999999996,552,0.9999999999999997,1.0000000000000004,1.0,1.0,1.0000000000000002,552,552.0,0.0,0.0,0.0,552.0,552.0,0.0,0.0,0.0,0.0,0.0,0.0,1.0,0.0,0.0,552.0,552.0,1.0,0.0,0.0,0.0,0.0,0.0,0.0,0.0,0.0,0.0,0.0,0.0,0.0,0.0,1501.2323204427958
340,20400000000000,4.0,32.0,4.809688581314879,4.0,6.0,1156,24.0,24.0,24.0,24.0,24.0,1156,0.0,0.0,0.0,0.0,0.0,1156,4.0,8.0,4.311418685121107,4.0,6.0,1156,0.0,128.0,60.52173913043478,60.0,96.0,552,0.0,440.0,172.30434782608697,168.0,312.0,552,1.0,1.0,1.0,1.0,1.0,552,0.9999999999999998,1.0782887331868383,1.0024083842674254,1.0,1.0107202927604035,552,1.0,1.5,1.0301006043571204,1.0,1.125,552,0.9999999999999998,1.5797129443275806,1.0159340334149625,1.00103421181832,1.07208710016434,552,552.0,0.0,0.0,0.0,552.0,552.0,0.0,0.0,0.0,0.0,0.0,0.0,1.0,156.0,0.2826086956521739,552.0,552.0,1.0,0.0,0.0,0.0,0.0,0.0,0.0,119.0,0.21557971014492755,0.0,0.0,0.0,0.0,0.0,634.5708947628736
341,20460000000000,4.0,32.0,4.764705882352941,4.0,6.0,1156,24.0,24.0,24.0,24.0,24.0,1156,0.0,0.0,0.0,0.0,0.0,1156,4.0,8.0,4.307958477508651,4.0,6.0,1156,0.0,120.0,60.80434782608695,60.0,96.0,552,0.0,408.0,172.65217391304347,168.0,312.0,552,1.0,1.6666666666666667,1.002694165737644,1.0,1.0,552,0.9999999999999998,2.1817880496717676,1.010471988283397,1.0,1.029124415102363,552,1.0,2.5,1.057541573140057,1.0,1.1899999999999988,552,0.9999999999999998,2.267460631214228,1.0448000051164297,1.0159938650397993,1.143986077344305,552,552.0,0.0,0.0,0.0,552.0,552.0,0.0,0.0,0.0,0.0,0.0,0.0,1.0,251.0,0.45471014492753625,552.0,552.0,1.0,0.0,0.0,0.0,0.0,0.0,0.0,229.0,0.4148550724637681,0.0,0.0,0.0,0.0,0.0,571.6698672622442
342,20520000000000,4.0,32.0,4.805363321799308,4.0,6.0,1156,24.0,24.0,24.0,24.0,24.0,1156,0.0,0.0,0.0,0.0,0.0,1156,4.0,8.0,4.307093425605537,4.0,6.0,1156,0.0,120.0,61.51449275362319,64.0,97.79999999999973,552,0.0,408.0,175.8840579710145,184.0,319.1999999999989,552,1.0,1.0,1.0,1.0,1.0,552,0.9999999999999997,1.0000000000000004,1.0,1.0,1.0000000000000002,552,1.0,1.1666666666666667,1.0087698648287624,1.0,1.0666666666666667,552,0.9999999999999997,1.0000000000000004,1.0,1.0,1.0000000000000002,552,552.0,0.0,0.0,0.0,552.0,552.0,0.0,0.0,0.0,0.0,0.0,0.0,1.0,0.0,0.0,552.0,552.0,1.0,0.0,0.0,0.0,0.0,0.0,0.0,0.0,0.0,0.0,0.0,0.0,0.0,0.0,1329.5750059187412
343,20580000000000,4.0,32.0,4.807093425605537,4.0,6.0,1156,24.0,24.0,24.0,24.0,24.0,1156,0.0,0.0,0.0,0.0,0.0,1156,4.0,8.0,4.3088235294117645,4.0,6.0,1156,0.0,116.0,60.68840579710145,60.0,96.0,552,0.0,392.0,172.57971014492753,168.0,312.0,552,1.0,1.0,1.0,1.0,1.0,552,0.9999999999999996,1.0782141333944828,1.002618869035309,1.0,1.011289495721567,552,1.0,1.5,1.0317983078211284,1.0,1.125,552,0.9999999999999998,1.5656825327348385,1.01807400262834,1.0016467588291573,1.0809835009941826,552,552.0,0.0,0.0,0.0,552.0,552.0,0.0,0.0,0.0,0.0,0.0,0.0,1.0,162.0,0.29347826086956524,552.0,552.0,1.0,0.0,0.0,0.0,0.0,0.0,0.0,110.0,0.19927536231884058,0.0,0.0,0.0,0.0,0.0,592.4283545464277
344,20640000000000,4.0,32.0,4.764705882352941,4.0,6.0,1156,24.0,24.0,24.0,24.0,24.0,1156,0.0,0.0,0.0,0.0,0.0,1156,4.0,8.0,4.307958477508651,4.0,6.0,1156,0.0,120.0,61.68840579710145,60.0,100.0,552,0.0,408.0,176.18840579710144,168.0,328.0,552,1.0,1.6666666666666667,1.002694165737644,1.0,1.0,552,0.9999999999999997,2.1854790692641948,1.0109472135385482,1.0,1.0386038978990473,552,1.0,2.5,1.0602914225450752,1.0392307692307692,1.2,552,0.9999999999999997,2.27212426680514,1.0465699531082622,1.0189790156463108,1.1415926066405266,552,552.0,0.0,0.0,0.0,552.0,552.0,0.0,0.0,0.0,0.0,0.0,0.0,1.0,270.0,0.4891304347826087,552.0,552.0,1.0,0.0,0.0,0.0,0.0,0.0,0.0,231.0,0.41847826086956524,0.0,0.0,0.0,0.0,0.0,710.0731898099184
345,20700000000000,4.0,32.0,4.807958477508651,4.0,6.0,1156,24.0,24.0,24.0,24.0,24.0,1156,0.0,0.0,0.0,0.0,0.0,1156,4.0,8.0,4.309688581314879,4.0,6.0,1156,0.0,120.0,61.68840579710145,64.0,100.0,552,0.0,408.0,176.31884057971016,184.0,328.0,552,1.0,1.0,1.0,1.0,1.0,552,0.9999999999999997,1.0000000000000002,1.0,1.0,1.0000000000000002,552,1.0,1.1666666666666667,1.009457225238789,1.0,1.0767857142857133,552,0.9999999999999997,1.0000000000000002,1.0,1.0,1.0000000000000002,552,552.0,0.0,0.0,0.0,552.0,552.0,0.0,0.0,0.0,0.0,0.0,0.0,1.0,0.0,0.0,552.0,552.0,1.0,0.0,0.0,0.0,0.0,0.0,0.0,0.0,0.0,0.0,0.0,0.0,0.0,0.0,1470.2400043606758
346,20760000000000,4.0,32.0,4.807093425605537,4.0,6.0,1156,24.0,24.0,24.0,24.0,24.0,1156,0.0,0.0,0.0,0.0,0.0,1156,4.0,8.0,4.3088235294117645,4.0,6.0,1156,0.0,116.0,60.391304347826086,60.0,96.0,552,0.0,392.0,171.3913043478261,168.0,312.0,552,1.0,1.0,1.0,1.0,1.0,552,0.9999999999999996,1.0780924979315771,1.0025421180314489,1.0,1.0123048378659438,552,1.0,1.5,1.0320157263426866,1.0,1.125,552,0.9999999999999996,1.5516681007032256,1.0165857576447879,1.0003978030402918,1.074643847572211,552,552.0,0.0,0.0,0.0,552.0,552.0,0.0,0.0,0.0,0.0,0.0,0.0,1.0,160.0,0.2898550724637681,552.0,552.0,1.0,0.0,0.0,0.0,0.0,0.0,0.0,109.0,0.19746376811594202,0.0,0.0,0.0,0.0,0.0,569.7260610759258
347,20820000000000,4.0,32.0,4.762975778546712,4.0,6.0,1156,24.0,24.0,24.0,24.0,24.0,1156,0.0,0.0,0.0,0.0,0.0,1156,4.0,8.0,4.306228373702422,4.0,6.0,1156,0.0,120.0,61.65942028985507,60.0,100.0,552,0.0,408.0,176.07246376811594,168.0,328.0,552,1.0,1.6666666666666667,1.002694165737644,1.0,1.0,552,0.9999999999999997,2.1893072935351556,1.0110469892207612,1.0,1.0334479173518785,552,1.0,2.5,1.058525022706564,1.0,1.2,552,0.9999999999999998,2.277150476881916,1.0457801892274294,1.0193783981123377,1.1361982456012536,552,552.0,0.0,0.0,0.0,552.0,552.0,0.0,0.0,0.0,0.0,0.0,0.0,1.0,274.0,0.4963768115942029,552.0,552.0,1.0,0.0,0.0,0.0,0.0,0.0,0.0,244.0,0.4420289855072464,0.0,0.0,0.0,0.0,0.0,674.634013324976
348,20880000000000,4.0,32.0,4.806228373702422,4.0,6.0,1156,24.0,24.0,24.0,24.0,24.0,1156,0.0,0.0,0.0,0.0,0.0,1156,4.0,8.0,4.307958477508651,4.0,6.0,1156,0.0,120.0,61.81159420289855,64.0,97.79999999999973,552,0.0,408.0,176.55072463768116,184.0,319.1999999999989,552,1.0,1.0,1.0,1.0,1.0,552,0.9999999999999997,1.0000000000000002,1.0,1.0,1.0000000000000002,552,1.0,1.1818181818181819,1.0105783203288317,1.0,1.0833333333333333,552,0.9999999999999997,1.0000000000000002,1.0,1.0,1.0000000000000002,552,552.0,0.0,0.0,0.0,552.0,552.0,0.0,0.0,0.0,0.0,0.0,0.0,1.0,0.0,0.0,552.0,552.0,1.0,0.0,0.0,0.0,0.0,0.0,0.0,0.0,0.0,0.0,0.0,0.0,0.0,0.0,1320.4063568264246
349,20940000000000,4.0,32.0,4.806228373702422,4.0,6.0,1156,24.0,24.0,24.0,24.0,24.0,1156,0.0,0.0,0.0,0.0,0.0,1156,4.0,8.0,4.307958477508651,4.0,6.0,1156,0.0,116.0,60.492753623188406,60.0,96.0,552,0.0,392.0,171.66666666666666,168.0,312.0,552,1.0,1.0,1.0,1.0,1.0,552,0.9999999999999998,1.0634610374101152,1.003295039159726,1.0,1.016567451508325,552,1.0,1.5,1.0338960425564003,1.0,1.125,552,0.9999999999999998,1.71280697404564,1.0191420040986976,1.0025232475746453,1.073130401538602,552,552.0,0.0,0.0,0.0,552.0,552.0,0.0,0.0,0.0,0.0,0.0,0.0,1.0,184.0,0.3333333333333333,552.0,552.0,1.0,0.0,0.0,0.0,0.0,0.0,0.0,121.0,0.21920289855072464,0.0,0.0,0.0,0.0,0.0,575.7621936500072
350,21000000000000,4.0,32.0,4.768166089965398,4.0,6.0,1156,24.0,24.0,24.0,24.0,24.0,1156,0.0,0.0,0.0,0.0,0.0,1156,4.0,8.0,4.311418685121107,4.0,6.0,1156,0.0,120.0,61.70289855072464,60.0,100.0,552,0.0,408.0,176.3768115942029,168.0,328.0,552,1.0,1.6666666666666667,1.002694165737644,1.0,1.0,552,0.9999999999999997,2.193245422336262,1.011534285272826,1.0,1.0351906232103525,552,1.0,2.5,1.0630533183315203,1.0476190476190477,1.2,552,0.9999999999999998,2.2825373158517843,1.0482129567437932,1.0229734138408393,1.148025845751306,552,552.0,0.0,0.0,0.0,552.0,552.0,0.0,0.0,0.0,0.0,0.0,0.0,1.0,290.0,0.5253623188405797,552.0,552.0,1.0,0.0,0.0,0.0,0.0,0.0,0.0,250.0,0.4528985507246377,0.0,0.0,0.0,0.0,0.0,826.2270502746105
351,21060000000000,4.0,32.0,4.813148788927336,4.0,6.0,1156,24.0,24.0,24.0,24.0,24.0,1156,0.0,0.0,0.0,0.0,0.0,1156,4.0,8.0,4.314878892733564,4.0,6.0,1156,0.0,120.0,61.70289855072464,64.0,97.79999999999973,552,0.0,408.0,176.1159420289855,184.0,319.1999999999989,552,1.0,1.0,1.0,1.0,1.0,552,0.9999999999999998,1.0000000000000004,1.0,1.0,1.0,552,1.0,1.1818181818181819,1.00954355597885,1.0,1.0769230769230769,552,0.9999999999999998,1.0000000000000004,1.0,1.0,1.0,552,552.0,0.0,0.0,0.0,552.0,552.0,0.0,0.0,0.0,0.0,0.0,0.0,1.0,0.0,0.0,552.0,552.0,1.0,0.0,0.0,0.0,0.0,0.0,0.0,0.0,0.0,0.0,0.0,0.0,0.0,0.0,1465.7747000455856
352,21120000000000,4.0,32.0,4.805363321799308,4.0,6.0,1156,24.0,24.0,24.0,24.0,24.0,1156,0.0,0.0,0.0,0.0,0.0,1156,4.0,8.0,4.307093425605537,4.0,6.0,1156,0.0,120.0,60.94202898550725,60.0,96.0,552,0.0,408.0,173.46376811594203,168.0,312.0,552,1.0,1.1428571428571428,1.0002587991718426,1.0,1.0,552,0.9999999999999997,1.1164195711822744,1.0042585024613986,1.0,1.0193951448686498,552,1.0,1.5,1.0350540559326085,1.0,1.1287499999999995,552,0.9999999999999998,1.6887412968455877,1.0193212669124012,1.0031134896211493,1.0713440680220245,552,552.0,0.0,0.0,0.0,552.0,552.0,0.0,0.0,0.0,0.0,0.0,0.0,1.0,177.0,0.32065217391304346,552.0,552.0,1.0,0.0,0.0,0.0,0.0,0.0,0.0,149.0,0.26992753623188404,0.0,0.0,0.0,0.0,0.0,579.609701409936
353,21180000000000,4.0,32.0,4.765570934256055,4.0,6.0,1156,24.0,24.0,24.0,24.0,24.0,1156,0.0,0.0,0.0,0.0,0.0,1156,4.0,8.0,4.3088235294117645,4.0,6.0,1156,0.0,120.0,61.39855072463768,60.0,100.0,552,0.0,408.0,175.15942028985506,168.0,328.0,552,1.0,1.6666666666666667,1.002657004830918,1.0,1.0,552,0.9999999999999998,2.19725094518825,1.0112155116739625,1.0,1.0358126623449844,552,1.0,2.5,1.0662870835777651,1.0444664031620552,1.2347222222222203,552,0.9999999999999998,2.2882045871400103,1.0520449861727519,1.0229622309792856,1.1927116167443579,552,552.0,0.0,0.0,0.0,552.0,552.0,0.0,0.0,0.0,0.0,0.0,0.0,1.0,295.0,0.5344202898550725,552.0,552.0,1.0,0.0,0.0,0.0,0.0,0.0,0.0,262.0,0.4746376811594203,0.0,0.0,0.0,0.0,0.0,727.5216802954674
354,21240000000000,4.0,32.0,4.814878892733564,4.0,6.0,1156,24.0,24.0,24.0,24.0,24.0,1156,0.0,0.0,0.0,0.0,0.0,1156,4.0,8.0,4.3166089965397925,4.0,6.0,1156,0.0,120.0,61.46376811594203,60.0,96.0,552,0.0,408.0,175.55072463768116,168.0,312.0,552,1.0,1.0,1.0,1.0,1.0,552,0.9999999999999997,1.0000000000000002,1.0,1.0,1.0000000000000002,552,1.0,1.1818181818181819,1.0098603322046482,1.0,1.0769230769230769,552,0.9999999999999997,1.0000000000000002,1.0,1.0,1.0000000000000002,552,552.0,0.0,0.0,0.0,552.0,552.0,0.0,0.0,0.0,0.0,0.0,0.0,1.0,0.0,0.0,552.0,552.0,1.0,0.0,0.0,0.0,0.0,0.0,0.0,0.0,0.0,0.0,0.0,0.0,0.0,0.0,1176.126815378666
355,21300000000000,4.0,32.0,4.802768166089965,4.0,6.0,1156,24.0,24.0,24.0,24.0,24.0,1156,0.0,0.0,0.0,0.0,0.0,1156,4.0,8.0,4.304498269896194,4.0,6.0,1156,0.0,120.0,60.79710144927536,60.0,96.0,552,0.0,408.0,172.8840579710145,168.0,312.0,552,1.0,1.1428571428571428,1.0002587991718426,1.0,1.0,552,0.9999999999999997,1.1163471256092403,1.0014427645062673,1.0,1.0080871956874613,552,1.0,1.6666666666666667,1.0379271415928966,1.0,1.1287499999999995,552,0.9999999999999998,1.6645088308635114,1.0177376315595341,1.0,1.0690188632045095,552,552.0,0.0,0.0,0.0,552.0,552.0,0.0,0.0,0.0,0.0,0.0,0.0,1.0,177.0,0.32065217391304346,552.0,552.0,1.0,0.0,0.0,0.0,0.0,0.0,0.0,160.0,0.2898550724637681,0.0,0.0,0.0,0.0,0.0,629.7272834926844
356,21360000000000,4.0,32.0,4.77076124567474,4.0,6.0,1156,24.0,24.0,24.0,24.0,24.0,1156,0.0,0.0,0.0,0.0,0.0,1156,4.0,8.0,4.31401384083045,4.0,6.0,1156,0.0,120.0,61.289855072463766,60.0,100.0,552,0.0,408.0,174.7246376811594,168.0,328.0,552,1.0,1.6666666666666667,1.0030193236714977,1.0,1.0,552,0.9999999999999996,2.2013512383409575,1.0073621822930474,1.0,1.023631109861595,552,1.0,2.5,1.0700483136639563,1.0488095238095239,1.25,552,0.9999999999999998,2.294193314259387,1.0492285172031242,1.0149449221002684,1.180459910292624,552,552.0,0.0,0.0,0.0,552.0,552.0,0.0,0.0,0.0,0.0,0.0,0.0,1.0,295.0,0.5344202898550725,552.0,552.0,1.0,0.0,0.0,0.0,0.0,0.0,0.0,280.0,0.5072463768115942,0.0,0.0,0.0,0.0,0.0,760.449955239892
357,21420000000000,4.0,32.0,4.807958477508651,4.0,6.0,1156,24.0,24.0,24.0,24.0,24.0,1156,0.0,0.0,0.0,0.0,0.0,1156,4.0,8.0,4.309688581314879,4.0,6.0,1156,0.0,120.0,61.58695652173913,64.0,96.0,552,0.0,408.0,176.04347826086956,184.0,312.0,552,1.0,1.0,1.0,1.0,1.0,552,0.9999999999999997,1.0000000000000004,1.0,1.0,1.0000000000000002,552,1.0,1.1818181818181819,1.0101093325047301,1.0,1.0867424242424237,552,0.9999999999999997,1.0000000000000004,1.0,1.0,1.0000000000000002,552,552.0,0.0,0.0,0.0,552.0,552.0,0.0,0.0,0.0,0.0,0.0,0.0,1.0,0.0,0.0,552.0,552.0,1.0,0.0,0.0,0.0,0.0,0.0,0.0,0.0,0.0,0.0,0.0,0.0,0.0,0.0,1163.5444220155478
358,21480000000000,4.0,32.0,4.806228373702422,4.0,6.0,1156,24.0,24.0,24.0,24.0,24.0,1156,0.0,0.0,0.0,0.0,0.0,1156,4.0,8.0,4.307958477508651,4.0,6.0,1156,0.0,120.0,60.833333333333336,60.0,96.0,552,0.0,408.0,172.8985507246377,168.0,312.0,552,1.0,1.1428571428571428,1.0002587991718426,1.0,1.0,552,0.9999999999999997,1.116237425302477,1.0014704568702038,1.0,1.008059538685738,552,1.0,1.6666666666666667,1.0404948724623273,1.0,1.1376190476190469,552,0.9999999999999997,1.7384884311308089,1.0196354915569625,1.0,1.077123564628206,552,552.0,0.0,0.0,0.0,552.0,552.0,0.0,0.0,0.0,0.0,0.0,0.0,1.0,175.0,0.3170289855072464,552.0,552.0,1.0,0.0,0.0,0.0,0.0,0.0,0.0,156.0,0.2826086956521739,0.0,0.0,0.0,0.0,0.0,718.4964213520288
359,21540000000000,4.0,32.0,4.769896193771626,4.0,6.0,1156,24.0,24.0,24.0,24.0,24.0,1156,0.0,0.0,0.0,0.0,0.0,1156,4.0,8.0,4.313148788927336,4.0,6.0,1156,0.0,120.0,61.19565217391305,60.0,96.0,552,0.0,408.0,174.2173913043478,168.0,312.0,552,1.0,1.6666666666666667,1.0027777777777778,1.0,1.0,552,0.9999999999999997,2.2055059980175056,1.0069513453367602,1.0,1.0183400550545476,552,1.0,2.5,1.0729460621178284,1.0555555555555556,1.2222222222222223,552,0.9999999999999998,2.3004813262306296,1.0535640555163786,1.0187773720426403,1.1873370919239963,552,552.0,0.0,0.0,0.0,552.0,552.0,0.0,0.0,0.0,0.0,0.0,0.0,1.0,304.0,0.5507246376811594,552.0,552.0,1.0,0.0,0.0,0.0,0.0,0.0,0.0,262.0,0.4746376811594203,0.0,0.0,0.0,0.0,0.0,733.1439889967442
