time_index,time_since_epoch_ns,fstate_size_min,fstate_size_max,fstate_size_mean,fstate_size_median,fstate_size_p95,fstate_size_count,fstate_installed_min,fstate_installed_max,fstate_installed_mean,fstate_installed_median,fstate_installed_p95,fstate_installed_count,fstate_markers_min,fstate_markers_max,fstate_markers_mean,fstate_markers_median,fstate_markers_p95,fstate_markers_count,fstate_neighbors_min,fstate_neighbors_max,fstate_neighbors_mean,fstate_neighbors_median,fstate_neighbors_p95,fstate_neighbors_count,strict_header_bytes_min,strict_header_bytes_max,strict_header_bytes_mean,strict_header_bytes_median,strict_header_bytes_p95,strict_header_bytes_count,srv6_srh_bytes_min,srv6_srh_bytes_max,srv6_srh_bytes_mean,srv6_srh_bytes_median,srv6_srh_bytes_p95,srv6_srh_bytes_count,stretch_hop_min,stretch_hop_max,stretch_hop_mean,stretch_hop_median,stretch_hop_p95,stretch_hop_count,stretch_dist_min,stretch_dist_max,stretch_dist_mean,stretch_dist_median,stretch_dist_p95,stretch_dist_count,stretch_hop_shared_min,stretch_hop_shared_max,stretch_hop_shared_mean,stretch_hop_shared_median,stretch_hop_shared_p95,stretch_hop_shared_count,stretch_dist_shared_min,stretch_dist_shared_max,stretch_dist_shared_mean,stretch_dist_shared_median,stretch_dist_shared_p95,stretch_dist_shared_count,delivery_total_pairs,delivery_no_src_visibility,delivery_no_dst_visibility,delivery_disconnected,delivery_deliverable,delivery_delivered,delivery_forwarding_failure,delivery_failure_loop,delivery_failure_dead_end,delivery_failure_link_down,delivery_failure_hop_limit,delivery_failure_egress_lost,delivery_delivery_rate,delivery_non_optimal_egress,delivery_non_optimal_egress_rate,aux_geometry_build_ms,aux_geometry_row_edge_entries,aux_geometry_plane_edge_entries,aux_path_cost_row_entries,aux_path_cost_plane_entries,aux_decisions_per_sat_mean,aux_decisions_per_sat_max,aux_distance_evals_per_sat_mean,aux_distance_evals_per_sat_max,aux_cache_pairs_per_sat_mean,aux_cache_pairs_per_sat_max,aux_forwarding_exceptions_isolated,aux_forwarding_exceptions,aux_local_detour_entries,aux_pivot_cache_entries,explicit_failover_count,explicit_failover_delivered_count,explicit_failover_delivered_rate,explicit_failover_protected_repair_count,explicit_failover_protected_repair_rate,explicit_failover_broken_adj_count,explicit_failover_broken_adj_rate,explicit_failover_egress_not_visible_count,explicit_failover_egress_not_visible_rate,explicit_failover_dynamic_egress_repair_count,explicit_failover_dynamic_egress_repair_rate,explicit_failover_dynamic_egress_unavailable_count,explicit_failover_dynamic_egress_unavailable_rate,failure_isls_removed,failure_satellites_down,failure_events,compute_time_ms
0,0,3.0,10.0,4.505102040816326,4.0,7.0,588,24.0,24.0,24.0,24.0,24.0,588,0.0,0.0,0.0,0.0,0.0,588,3.0,10.0,4.505102040816326,4.0,7.0,588,0.0,0.0,0.0,0.0,0.0,0,0.0,0.0,0.0,0.0,0.0,0,1.0,1.0,1.0,1.0,1.0,552,0.9999999999999996,1.0000000331231664,1.0000000000600056,1.0,1.0000000000000002,552,1.0,1.5833333333333333,1.0200843642963904,1.0,1.1376190476190469,552,0.9999999999999996,1.0000000331231664,1.0000000000600056,1.0,1.0000000000000002,552,552.0,0.0,0.0,0.0,552.0,552.0,0.0,0.0,0.0,0.0,0.0,0.0,1.0,0.0,0.0,697.6408548653126,588.0,588.0,28812.0,7056.0,24.0,24.0,511.0,515.0,83.25510204081633,96.0,0.0,0.0,0.0,135010.0,0.0,0.0,0.0,0.0,0.0,0.0,0.0,0.0,0.0,0.0,0.0,0.0,0.0,0.0,0.0,0.0,5159.100588411093
1,60000000000,3.0,10.0,4.491496598639456,4.0,7.0,588,24.0,24.0,24.0,24.0,24.0,588,0.0,0.0,0.0,0.0,0.0,588,3.0,10.0,4.491496598639456,4.0,7.0,588,0.0,0.0,0.0,0.0,0.0,0,0.0,0.0,0.0,0.0,0.0,0,1.0,1.0,1.0,1.0,1.0,552,0.9999999999999996,1.0000000000000002,1.0,1.0,1.0000000000000002,552,1.0,1.7692307692307692,1.023115429047544,1.0,1.1666666666666667,552,0.9999999999999996,1.0000000000000002,1.0,1.0,1.0000000000000002,552,552.0,0.0,0.0,0.0,552.0,552.0,0.0,0.0,0.0,0.0,0.0,0.0,1.0,0.0,0.0,753.8660503923893,588.0,588.0,28812.0,7056.0,24.0,24.0,503.0,507.0,82.34353741496598,96.0,0.0,0.0,0.0,133249.0,0.0,0.0,0.0,0.0,0.0,0.0,0.0,0.0,0.0,0.0,0.0,0.0,0.0,0.0,0.0,0.0,5342.758076265454
2,120000000000,3.0,10.0,4.505102040816326,4.0,7.0,588,24.0,24.0,24.0,24.0,24.0,588,0.0,0.0,0.0,0.0,0.0,588,3.0,10.0,4.505102040816326,4.0,7.0,588,0.0,0.0,0.0,0.0,0.0,0,0.0,0.0,0.0,0.0,0.0,0,1.0,1.0,1.0,1.0,1.0,552,0.9999999999999997,1.0000000000000002,1.0,1.0,1.0000000000000002,552,1.0,1.5833333333333333,1.0204476787254015,1.0,1.133035714285713,552,0.9999999999999997,1.0000000000000002,1.0,1.0,1.0000000000000002,552,552.0,0.0,0.0,0.0,552.0,552.0,0.0,0.0,0.0,0.0,0.0,0.0,1.0,0.0,0.0,751.9540227949619,588.0,588.0,28812.0,7056.0,24.0,24.0,511.0,515.0,81.75340136054422,96.0,0.0,0.0,0.0,136184.0,0.0,0.0,0.0,0.0,0.0,0.0,0.0,0.0,0.0,0.0,0.0,0.0,0.0,0.0,0.0,0.0,4784.484606236219
3,180000000000,3.0,10.0,4.503401360544218,4.0,7.0,588,24.0,24.0,24.0,24.0,24.0,588,0.0,0.0,0.0,0.0,0.0,588,3.0,10.0,4.503401360544218,4.0,7.0,588,0.0,0.0,0.0,0.0,0.0,0,0.0,0.0,0.0,0.0,0.0,0,1.0,1.0,1.0,1.0,1.0,552,0.9999999999999998,1.0000000000000002,1.0,1.0,1.0000000000000002,552,1.0,1.7692307692307692,1.0234964833806752,1.0,1.1666666666666667,552,0.9999999999999998,1.0000000000000002,1.0,1.0,1.0000000000000002,552,552.0,0.0,0.0,0.0,552.0,552.0,0.0,0.0,0.0,0.0,0.0,0.0,1.0,0.0,0.0,723.7649913877249,588.0,588.0,28812.0,7056.0,24.0,24.0,510.0,514.0,82.07993197278911,96.0,0.0,0.0,0.0,133836.0,0.0,0.0,0.0,0.0,0.0,0.0,0.0,0.0,0.0,0.0,0.0,0.0,0.0,0.0,0.0,0.0,4836.357310414314
4,240000000000,3.0,10.0,4.505102040816326,4.0,7.0,588,24.0,24.0,24.0,24.0,24.0,588,0.0,0.0,0.0,0.0,0.0,588,3.0,10.0,4.505102040816326,4.0,7.0,588,0.0,0.0,0.0,0.0,0.0,0,0.0,0.0,0.0,0.0,0.0,0,1.0,1.0,1.0,1.0,1.0,552,0.9999999999999996,1.0000000000000002,1.0,1.0,1.0000000000000002,552,1.0,1.5454545454545454,1.0209711896522697,1.0,1.1596153846153838,552,0.9999999999999996,1.0000000000000002,1.0,1.0,1.0000000000000002,552,552.0,0.0,0.0,0.0,552.0,552.0,0.0,0.0,0.0,0.0,0.0,0.0,1.0,0.0,0.0,719.5993978530169,588.0,588.0,28812.0,7056.0,24.0,24.0,511.0,515.0,82.8656462585034,96.0,0.0,0.0,0.0,135597.0,0.0,0.0,0.0,0.0,0.0,0.0,0.0,0.0,0.0,0.0,0.0,0.0,0.0,0.0,0.0,0.0,5243.62139031291
5,300000000000,3.0,10.0,4.508503401360544,4.0,7.0,588,24.0,24.0,24.0,24.0,24.0,588,0.0,0.0,0.0,0.0,0.0,588,3.0,10.0,4.508503401360544,4.0,7.0,588,0.0,0.0,0.0,0.0,0.0,0,0.0,0.0,0.0,0.0,0.0,0,1.0,1.0,1.0,1.0,1.0,552,0.9999999999999997,1.0000000000000004,1.0,1.0,1.0000000000000002,552,1.0,1.7692307692307692,1.0207487202658116,1.0,1.1596153846153838,552,0.9999999999999997,1.0000000000000004,1.0,1.0,1.0000000000000002,552,552.0,0.0,0.0,0.0,552.0,552.0,0.0,0.0,0.0,0.0,0.0,0.0,1.0,0.0,0.0,722.8704672306776,588.0,588.0,28812.0,7056.0,24.0,24.0,513.0,517.0,82.64625850340136,96.0,0.0,0.0,0.0,135597.0,0.0,0.0,0.0,0.0,0.0,0.0,0.0,0.0,0.0,0.0,0.0,0.0,0.0,0.0,0.0,0.0,5395.547477528453
6,360000000000,3.0,10.0,4.5,4.0,7.0,588,24.0,24.0,24.0,24.0,24.0,588,0.0,0.0,0.0,0.0,0.0,588,3.0,10.0,4.5,4.0,7.0,588,0.0,0.0,0.0,0.0,0.0,0,0.0,0.0,0.0,0.0,0.0,0,1.0,1.0,1.0,1.0,1.0,552,0.9999999999999996,1.0000000000000002,1.0,1.0,1.0000000000000002,552,1.0,1.8461538461538463,1.0218096100054612,1.0,1.1666666666666667,552,0.9999999999999996,1.0000000000000002,1.0,1.0,1.0000000000000002,552,552.0,0.0,0.0,0.0,552.0,552.0,0.0,0.0,0.0,0.0,0.0,0.0,1.0,0.0,0.0,716.6106719523668,588.0,588.0,28812.0,7056.0,24.0,24.0,508.0,512.0,81.77210884353741,96.0,0.0,0.0,0.0,134423.0,0.0,0.0,0.0,0.0,0.0,0.0,0.0,0.0,0.0,0.0,0.0,0.0,0.0,0.0,0.0,0.0,4870.325511321425
7,420000000000,3.0,10.0,4.508503401360544,4.0,7.0,588,24.0,24.0,24.0,24.0,24.0,588,0.0,0.0,0.0,0.0,0.0,588,3.0,10.0,4.508503401360544,4.0,7.0,588,0.0,0.0,0.0,0.0,0.0,0,0.0,0.0,0.0,0.0,0.0,0,1.0,1.0,1.0,1.0,1.0,552,0.9999999999999997,1.0000000000000002,1.0,1.0,1.0000000000000002,552,1.0,1.7692307692307692,1.0234270472628315,1.0,1.1666666666666667,552,0.9999999999999997,1.0000000000000002,1.0,1.0,1.0000000000000002,552,552.0,0.0,0.0,0.0,552.0,552.0,0.0,0.0,0.0,0.0,0.0,0.0,1.0,0.0,0.0,704.0009833872318,588.0,588.0,28812.0,7056.0,24.0,24.0,513.0,517.0,82.60544217687075,96.0,0.0,0.0,0.0,135597.0,0.0,0.0,0.0,0.0,0.0,0.0,0.0,0.0,0.0,0.0,0.0,0.0,0.0,0.0,0.0,0.0,4985.997062176466
8,480000000000,3.0,10.0,4.5,4.0,7.0,588,24.0,24.0,24.0,24.0,24.0,588,0.0,0.0,0.0,0.0,0.0,588,3.0,10.0,4.5,4.0,7.0,588,0.0,0.0,0.0,0.0,0.0,0,0.0,0.0,0.0,0.0,0.0,0,1.0,1.0,1.0,1.0,1.0,552,0.9999999999999997,1.0000000000000004,1.0,1.0,1.0000000000000002,552,1.0,1.8461538461538463,1.0203726512050872,1.0,1.1428571428571428,552,0.9999999999999997,1.0000000000000004,1.0,1.0,1.0000000000000002,552,552.0,0.0,0.0,0.0,552.0,552.0,0.0,0.0,0.0,0.0,0.0,0.0,1.0,0.0,0.0,742.0612145215273,588.0,588.0,28812.0,7056.0,24.0,24.0,508.0,512.0,83.92857142857143,96.0,0.0,0.0,0.0,135597.0,0.0,0.0,0.0,0.0,0.0,0.0,0.0,0.0,0.0,0.0,0.0,0.0,0.0,0.0,0.0,0.0,5044.341702014208
9,540000000000,3.0,10.0,4.51360544217687,4.0,7.0,588,24.0,24.0,24.0,24.0,24.0,588,0.0,0.0,0.0,0.0,0.0,588,3.0,10.0,4.51360544217687,4.0,7.0,588,0.0,0.0,0.0,0.0,0.0,0,0.0,0.0,0.0,0.0,0.0,0,1.0,1.0,1.0,1.0,1.0,552,0.9999999999999998,1.0000000000000002,1.0,1.0,1.0000000000000002,552,1.0,1.7692307692307692,1.0225078505647018,1.0,1.1666666666666667,552,0.9999999999999998,1.0000000000000002,1.0,1.0,1.0000000000000002,552,552.0,0.0,0.0,0.0,552.0,552.0,0.0,0.0,0.0,0.0,0.0,0.0,1.0,0.0,0.0,675.4434891045094,588.0,588.0,28812.0,7056.0,24.0,24.0,516.0,520.0,82.73809523809524,96.0,0.0,0.0,0.0,136771.0,0.0,0.0,0.0,0.0,0.0,0.0,0.0,0.0,0.0,0.0,0.0,0.0,0.0,0.0,0.0,0.0,5292.194815352559
10,600000000000,3.0,10.0,4.496598639455782,4.0,7.0,588,24.0,24.0,24.0,24.0,24.0,588,0.0,0.0,0.0,0.0,0.0,588,3.0,10.0,4.496598639455782,4.0,7.0,588,0.0,0.0,0.0,0.0,0.0,0,0.0,0.0,0.0,0.0,0.0,0,1.0,1.0,1.0,1.0,1.0,552,0.9999999999999997,1.0000000000000002,1.0,1.0,1.0000000000000002,552,1.0,1.7692307692307692,1.0209460578322294,1.0,1.1428571428571428,552,0.9999999999999997,1.0000000000000002,1.0,1.0,1.0000000000000002,552,552.0,0.0,0.0,0.0,552.0,552.0,0.0,0.0,0.0,0.0,0.0,0.0,1.0,0.0,0.0,714.2282798886299,588.0,588.0,28812.0,7056.0,24.0,24.0,506.0,510.0,82.41156462585035,96.0,0.0,0.0,0.0,132662.0,0.0,0.0,0.0,0.0,0.0,0.0,0.0,0.0,0.0,0.0,0.0,0.0,0.0,0.0,0.0,0.0,5062.440440058708
11,660000000000,3.0,10.0,4.508503401360544,4.0,7.0,588,24.0,24.0,24.0,24.0,24.0,588,0.0,0.0,0.0,0.0,0.0,588,3.0,10.0,4.508503401360544,4.0,7.0,588,0.0,0.0,0.0,0.0,0.0,0,0.0,0.0,0.0,0.0,0.0,0,1.0,1.0,1.0,1.0,1.0,552,0.9999999999999997,1.0000000000000002,1.0,1.0,1.0000000000000002,552,1.0,1.7692307692307692,1.0212347058633149,1.0,1.147802197802197,552,0.9999999999999997,1.0000000000000002,1.0,1.0,1.0000000000000002,552,552.0,0.0,0.0,0.0,552.0,552.0,0.0,0.0,0.0,0.0,0.0,0.0,1.0,0.0,0.0,690.2899332344532,588.0,588.0,28812.0,7056.0,24.0,24.0,513.0,517.0,82.00850340136054,96.0,0.0,0.0,0.0,135597.0,0.0,0.0,0.0,0.0,0.0,0.0,0.0,0.0,0.0,0.0,0.0,0.0,0.0,0.0,0.0,0.0,5118.921250104904
12,720000000000,3.0,10.0,4.503401360544218,4.0,7.0,588,24.0,24.0,24.0,24.0,24.0,588,0.0,0.0,0.0,0.0,0.0,588,3.0,10.0,4.503401360544218,4.0,7.0,588,0.0,0.0,0.0,0.0,0.0,0,0.0,0.0,0.0,0.0,0.0,0,1.0,1.0,1.0,1.0,1.0,552,0.9999999999999997,1.0000000000000002,1.0,1.0,1.0000000000000002,552,1.0,1.7692307692307692,1.022926168198579,1.0,1.1596153846153838,552,0.9999999999999997,1.0000000000000002,1.0,1.0,1.0000000000000002,552,552.0,0.0,0.0,0.0,552.0,552.0,0.0,0.0,0.0,0.0,0.0,0.0,1.0,0.0,0.0,722.4023155868053,588.0,588.0,28812.0,7056.0,24.0,24.0,510.0,514.0,80.38775510204081,96.0,0.0,0.0,0.0,133249.0,0.0,0.0,0.0,0.0,0.0,0.0,0.0,0.0,0.0,0.0,0.0,0.0,0.0,0.0,0.0,0.0,5474.577698856592
13,780000000000,3.0,10.0,4.511904761904762,4.0,7.0,588,24.0,24.0,24.0,24.0,24.0,588,0.0,0.0,0.0,0.0,0.0,588,3.0,10.0,4.511904761904762,4.0,7.0,588,0.0,0.0,0.0,0.0,0.0,0,0.0,0.0,0.0,0.0,0.0,0,1.0,1.0,1.0,1.0,1.0,552,0.9999999999999997,1.0000000000000004,1.0,1.0,1.0000000000000002,552,1.0,1.7692307692307692,1.0240087005334506,1.0,1.1734848484848475,552,0.9999999999999997,1.0000000000000004,1.0,1.0,1.0000000000000002,552,552.0,0.0,0.0,0.0,552.0,552.0,0.0,0.0,0.0,0.0,0.0,0.0,1.0,0.0,0.0,727.3842059075832,588.0,588.0,28812.0,7056.0,24.0,24.0,515.0,519.0,81.328231292517,92.0,0.0,0.0,0.0,136184.0,0.0,0.0,0.0,0.0,0.0,0.0,0.0,0.0,0.0,0.0,0.0,0.0,0.0,0.0,0.0,0.0,5580.692550167441
14,840000000000,3.0,10.0,4.520408163265306,4.0,7.0,588,24.0,24.0,24.0,24.0,24.0,588,0.0,0.0,0.0,0.0,0.0,588,3.0,10.0,4.520408163265306,4.0,7.0,588,0.0,0.0,0.0,0.0,0.0,0,0.0,0.0,0.0,0.0,0.0,0,1.0,1.0,1.0,1.0,1.0,552,0.9999999999999996,1.0000000000000002,1.0,1.0,1.0000000000000002,552,1.0,1.7692307692307692,1.0256629154652792,1.0,1.1666666666666667,552,0.9999999999999996,1.0000000000000002,1.0,1.0,1.0000000000000002,552,552.0,0.0,0.0,0.0,552.0,552.0,0.0,0.0,0.0,0.0,0.0,0.0,1.0,0.0,0.0,721.4100230485201,588.0,588.0,28812.0,7056.0,24.0,24.0,520.0,524.0,81.95408163265306,96.0,0.0,0.0,0.0,136771.0,0.0,0.0,0.0,0.0,0.0,0.0,0.0,0.0,0.0,0.0,0.0,0.0,0.0,0.0,0.0,0.0,4606.647245585918
15,900000000000,3.0,10.0,4.517006802721088,4.0,7.0,588,24.0,24.0,24.0,24.0,24.0,588,0.0,0.0,0.0,0.0,0.0,588,3.0,10.0,4.517006802721088,4.0,7.0,588,0.0,0.0,0.0,0.0,0.0,0,0.0,0.0,0.0,0.0,0.0,0,1.0,1.0,1.0,1.0,1.0,552,0.9999999999999997,1.0000000000000002,1.0,1.0,1.0000000000000002,552,1.0,1.7272727272727273,1.0237449504775011,1.0,1.1596153846153838,552,0.9999999999999997,1.0000000000000002,1.0,1.0,1.0000000000000002,552,552.0,0.0,0.0,0.0,552.0,552.0,0.0,0.0,0.0,0.0,0.0,0.0,1.0,0.0,0.0,703.355522826314,588.0,588.0,28812.0,7056.0,24.0,24.0,518.0,522.0,83.4438775510204,96.0,0.0,0.0,0.0,137358.0,0.0,0.0,0.0,0.0,0.0,0.0,0.0,0.0,0.0,0.0,0.0,0.0,0.0,0.0,0.0,0.0,5621.442595496774
16,960000000000,3.0,10.0,4.51530612244898,4.0,7.0,588,24.0,24.0,24.0,24.0,24.0,588,0.0,0.0,0.0,0.0,0.0,588,3.0,10.0,4.51530612244898,4.0,7.0,588,0.0,0.0,0.0,0.0,0.0,0,0.0,0.0,0.0,0.0,0.0,0,1.0,1.0,1.0,1.0,1.0,552,0.9999999999999996,1.0000000000000002,1.0,1.0,1.0000000000000002,552,1.0,1.7692307692307692,1.0227252027262583,1.0,1.1666666666666667,552,0.9999999999999996,1.0000000000000002,1.0,1.0,1.0000000000000002,552,552.0,0.0,0.0,0.0,552.0,552.0,0.0,0.0,0.0,0.0,0.0,0.0,1.0,0.0,0.0,723.0686452239752,588.0,588.0,28812.0,7056.0,24.0,24.0,517.0,521.0,82.91496598639456,96.0,0.0,0.0,0.0,137358.0,0.0,0.0,0.0,0.0,0.0,0.0,0.0,0.0,0.0,0.0,0.0,0.0,0.0,0.0,0.0,0.0,5500.868588685989
17,1020000000000,3.0,10.0,4.503401360544218,4.0,7.0,588,24.0,24.0,24.0,24.0,24.0,588,0.0,0.0,0.0,0.0,0.0,588,3.0,10.0,4.503401360544218,4.0,7.0,588,0.0,0.0,0.0,0.0,0.0,0,0.0,0.0,0.0,0.0,0.0,0,1.0,1.0,1.0,1.0,1.0,552,0.9999999999999998,1.0000000000000004,1.0,1.0,1.0000000000000002,552,1.0,1.7142857142857142,1.024240722418195,1.0,1.1428571428571428,552,0.9999999999999998,1.0000000000000004,1.0,1.0,1.0000000000000002,552,552.0,0.0,0.0,0.0,552.0,552.0,0.0,0.0,0.0,0.0,0.0,0.0,1.0,0.0,0.0,719.5672281086445,588.0,588.0,28812.0,7056.0,24.0,24.0,510.0,514.0,83.1547619047619,96.0,0.0,0.0,0.0,133836.0,0.0,0.0,0.0,0.0,0.0,0.0,0.0,0.0,0.0,0.0,0.0,0.0,0.0,0.0,0.0,0.0,5423.079216852784
18,1080000000000,3.0,10.0,4.506802721088436,4.0,7.0,588,24.0,24.0,24.0,24.0,24.0,588,0.0,0.0,0.0,0.0,0.0,588,3.0,10.0,4.506802721088436,4.0,7.0,588,0.0,0.0,0.0,0.0,0.0,0,0.0,0.0,0.0,0.0,0.0,0,1.0,1.0,1.0,1.0,1.0,552,0.9999999999999997,1.0000000000000004,1.0,1.0,1.0000000000000002,552,1.0,1.7692307692307692,1.022611021609508,1.0,1.147802197802197,552,0.9999999999999997,1.0000000000000004,1.0,1.0,1.0000000000000002,552,552.0,0.0,0.0,0.0,552.0,552.0,0.0,0.0,0.0,0.0,0.0,0.0,1.0,0.0,0.0,696.8767829239368,588.0,588.0,28812.0,7056.0,24.0,24.0,512.0,516.0,82.90816326530613,96.0,0.0,0.0,0.0,137358.0,0.0,0.0,0.0,0.0,0.0,0.0,0.0,0.0,0.0,0.0,0.0,0.0,0.0,0.0,0.0,0.0,4719.417406246066
19,1140000000000,3.0,10.0,4.5017006802721085,4.0,7.0,588,24.0,24.0,24.0,24.0,24.0,588,0.0,0.0,0.0,0.0,0.0,588,3.0,10.0,4.5017006802721085,4.0,7.0,588,0.0,0.0,0.0,0.0,0.0,0,0.0,0.0,0.0,0.0,0.0,0,1.0,1.0,1.0,1.0,1.0,552,0.9999999999999997,1.0000000000000002,1.0,1.0,1.0000000000000002,552,1.0,1.6666666666666667,1.025145617488381,1.0,1.1428571428571428,552,0.9999999999999997,1.0000000000000002,1.0,1.0,1.0000000000000002,552,552.0,0.0,0.0,0.0,552.0,552.0,0.0,0.0,0.0,0.0,0.0,0.0,1.0,0.0,0.0,710.7814978808165,588.0,588.0,28812.0,7056.0,24.0,24.0,509.0,513.0,83.60034013605443,96.0,0.0,0.0,0.0,133249.0,0.0,0.0,0.0,0.0,0.0,0.0,0.0,0.0,0.0,0.0,0.0,0.0,0.0,0.0,0.0,0.0,5383.261838927865
20,1200000000000,3.0,10.0,4.5,4.0,7.0,588,24.0,24.0,24.0,24.0,24.0,588,0.0,0.0,0.0,0.0,0.0,588,3.0,10.0,4.5,4.0,7.0,588,0.0,0.0,0.0,0.0,0.0,0,0.0,0.0,0.0,0.0,0.0,0,1.0,1.0,1.0,1.0,1.0,552,0.9999999999999996,1.0000000000000004,1.0,1.0,1.0000000000000002,552,1.0,1.7692307692307692,1.023157709783011,1.0,1.147802197802197,552,0.9999999999999996,1.0000000000000004,1.0,1.0,1.0000000000000002,552,552.0,0.0,0.0,0.0,552.0,552.0,0.0,0.0,0.0,0.0,0.0,0.0,1.0,0.0,0.0,709.2758677899837,588.0,588.0,28812.0,7056.0,24.0,24.0,508.0,512.0,81.41496598639456,96.0,0.0,0.0,0.0,133836.0,0.0,0.0,0.0,0.0,0.0,0.0,0.0,0.0,0.0,0.0,0.0,0.0,0.0,0.0,0.0,0.0,5461.92897669971
21,1260000000000,3.0,10.0,4.510204081632653,4.0,7.0,588,24.0,24.0,24.0,24.0,24.0,588,0.0,0.0,0.0,0.0,0.0,588,3.0,10.0,4.510204081632653,4.0,7.0,588,0.0,0.0,0.0,0.0,0.0,0,0.0,0.0,0.0,0.0,0.0,0,1.0,1.0,1.0,1.0,1.0,552,0.9999999999999997,1.0000000000000002,1.0,1.0,1.0000000000000002,552,1.0,1.6666666666666667,1.0261393796514786,1.0,1.1596153846153838,552,0.9999999999999997,1.0000000000000002,1.0,1.0,1.0000000000000002,552,552.0,0.0,0.0,0.0,552.0,552.0,0.0,0.0,0.0,0.0,0.0,0.0,1.0,0.0,0.0,723.2240252196789,588.0,588.0,28812.0,7056.0,24.0,24.0,514.0,518.0,82.59183673469387,96.0,0.0,0.0,0.0,134423.0,0.0,0.0,0.0,0.0,0.0,0.0,0.0,0.0,0.0,0.0,0.0,0.0,0.0,0.0,0.0,0.0,5239.271715283394
22,1320000000000,3.0,10.0,4.493197278911564,4.0,7.0,588,24.0,24.0,24.0,24.0,24.0,588,0.0,0.0,0.0,0.0,0.0,588,3.0,10.0,4.493197278911564,4.0,7.0,588,0.0,0.0,0.0,0.0,0.0,0,0.0,0.0,0.0,0.0,0.0,0,1.0,1.0,1.0,1.0,1.0,552,0.9999999999999997,1.0000000000000002,1.0,1.0,1.0000000000000002,552,1.0,1.7692307692307692,1.0242301030200176,1.0,1.1596153846153838,552,0.9999999999999997,1.0000000000000002,1.0,1.0,1.0000000000000002,552,552.0,0.0,0.0,0.0,552.0,552.0,0.0,0.0,0.0,0.0,0.0,0.0,1.0,0.0,0.0,707.5237240642309,588.0,588.0,28812.0,7056.0,24.0,24.0,504.0,508.0,82.00340136054422,96.0,0.0,0.0,0.0,132662.0,0.0,0.0,0.0,0.0,0.0,0.0,0.0,0.0,0.0,0.0,0.0,0.0,0.0,0.0,0.0,0.0,5142.266342416406
23,1380000000000,3.0,10.0,4.51360544217687,4.0,7.0,588,24.0,24.0,24.0,24.0,24.0,588,0.0,0.0,0.0,0.0,0.0,588,3.0,10.0,4.51360544217687,4.0,7.0,588,0.0,0.0,0.0,0.0,0.0,0,0.0,0.0,0.0,0.0,0.0,0,1.0,1.0,1.0,1.0,1.0,552,0.9999999999999996,1.0000000000000004,1.0,1.0,1.0000000000000002,552,1.0,1.6666666666666667,1.0257438645012005,1.0,1.1596153846153838,552,0.9999999999999996,1.0000000000000004,1.0,1.0,1.0000000000000002,552,552.0,0.0,0.0,0.0,552.0,552.0,0.0,0.0,0.0,0.0,0.0,0.0,1.0,0.0,0.0,716.7367897927761,588.0,588.0,28812.0,7056.0,24.0,24.0,516.0,520.0,81.49489795918367,96.0,0.0,0.0,0.0,134423.0,0.0,0.0,0.0,0.0,0.0,0.0,0.0,0.0,0.0,0.0,0.0,0.0,0.0,0.0,0.0,0.0,5428.719785064459
24,1440000000000,3.0,10.0,4.496598639455782,4.0,7.0,588,24.0,24.0,24.0,24.0,24.0,588,0.0,0.0,0.0,0.0,0.0,588,3.0,10.0,4.496598639455782,4.0,7.0,588,0.0,0.0,0.0,0.0,0.0,0,0.0,0.0,0.0,0.0,0.0,0,1.0,1.0,1.0,1.0,1.0,552,0.9999999999999996,1.0000000000000004,1.0,1.0,1.0000000000000002,552,1.0,1.5833333333333333,1.0212817916285564,1.0,1.1428571428571428,552,0.9999999999999996,1.0000000000000004,1.0,1.0,1.0000000000000002,552,552.0,0.0,0.0,0.0,552.0,552.0,0.0,0.0,0.0,0.0,0.0,0.0,1.0,0.0,0.0,703.9342354983091,588.0,588.0,28812.0,7056.0,24.0,24.0,506.0,510.0,83.55952380952381,96.0,0.0,0.0,0.0,133249.0,0.0,0.0,0.0,0.0,0.0,0.0,0.0,0.0,0.0,0.0,0.0,0.0,0.0,0.0,0.0,0.0,5525.870859622955
25,1500000000000,3.0,10.0,4.51360544217687,4.0,7.0,588,24.0,24.0,24.0,24.0,24.0,588,0.0,0.0,0.0,0.0,0.0,588,3.0,10.0,4.51360544217687,4.0,7.0,588,0.0,0.0,0.0,0.0,0.0,0,0.0,0.0,0.0,0.0,0.0,0,1.0,1.0,1.0,1.0,1.0,552,0.9999999999999997,1.0000000000000004,1.0,1.0,1.0000000000000002,552,1.0,1.6363636363636365,1.0198723555738054,1.0,1.1428571428571428,552,0.9999999999999997,1.0000000000000004,1.0,1.0,1.0000000000000002,552,552.0,0.0,0.0,0.0,552.0,552.0,0.0,0.0,0.0,0.0,0.0,0.0,1.0,0.0,0.0,698.4743904322386,588.0,588.0,28812.0,7056.0,24.0,24.0,516.0,520.0,80.79761904761905,92.0,0.0,0.0,0.0,133836.0,0.0,0.0,0.0,0.0,0.0,0.0,0.0,0.0,0.0,0.0,0.0,0.0,0.0,0.0,0.0,0.0,5143.9792457968
26,1560000000000,3.0,10.0,4.491496598639456,4.0,7.0,588,24.0,24.0,24.0,24.0,24.0,588,0.0,0.0,0.0,0.0,0.0,588,3.0,10.0,4.491496598639456,4.0,7.0,588,0.0,0.0,0.0,0.0,0.0,0,0.0,0.0,0.0,0.0,0.0,0,1.0,1.0,1.0,1.0,1.0,552,0.9999999999999997,1.0000000000000004,1.0,1.0,1.0000000000000002,552,1.0,1.5833333333333333,1.0232312418382157,1.0,1.125,552,0.9999999999999997,1.0000000000000004,1.0,1.0,1.0000000000000002,552,552.0,0.0,0.0,0.0,552.0,552.0,0.0,0.0,0.0,0.0,0.0,0.0,1.0,0.0,0.0,555.5053483694792,588.0,588.0,28812.0,7056.0,24.0,24.0,503.0,507.0,82.70068027210884,96.0,0.0,0.0,0.0,132075.0,0.0,0.0,0.0,0.0,0.0,0.0,0.0,0.0,0.0,0.0,0.0,0.0,0.0,0.0,0.0,0.0,4286.528425291181
27,1620000000000,3.0,10.0,4.508503401360544,4.0,7.0,588,24.0,24.0,24.0,24.0,24.0,588,0.0,0.0,0.0,0.0,0.0,588,3.0,10.0,4.508503401360544,4.0,7.0,588,0.0,0.0,0.0,0.0,0.0,0,0.0,0.0,0.0,0.0,0.0,0,1.0,1.0,1.0,1.0,1.0,552,0.9999999999999996,1.0000000000000004,1.0,1.0,1.0000000000000002,552,1.0,1.6153846153846154,1.0178696095971431,1.0,1.125,552,0.9999999999999996,1.0000000000000004,1.0,1.0,1.0000000000000002,552,552.0,0.0,0.0,0.0,552.0,552.0,0.0,0.0,0.0,0.0,0.0,0.0,1.0,0.0,0.0,728.8717497140169,588.0,588.0,28812.0,7056.0,24.0,24.0,513.0,517.0,82.11224489795919,96.0,0.0,0.0,0.0,134423.0,0.0,0.0,0.0,0.0,0.0,0.0,0.0,0.0,0.0,0.0,0.0,0.0,0.0,0.0,0.0,0.0,5423.983961343765
28,1680000000000,3.0,10.0,4.5017006802721085,4.0,7.0,588,24.0,24.0,24.0,24.0,24.0,588,0.0,0.0,0.0,0.0,0.0,588,3.0,10.0,4.5017006802721085,4.0,7.0,588,0.0,0.0,0.0,0.0,0.0,0,0.0,0.0,0.0,0.0,0.0,0,1.0,1.0,1.0,1.0,1.0,552,0.9999999999999997,1.0000000000000004,1.0,1.0,1.0000000000000002,552,1.0,1.6363636363636365,1.0229723040118064,1.0,1.1666666666666667,552,0.9999999999999997,1.0000000000000004,1.0,1.0,1.0000000000000002,552,552.0,0.0,0.0,0.0,552.0,552.0,0.0,0.0,0.0,0.0,0.0,0.0,1.0,0.0,0.0,725.660914555192,588.0,588.0,28812.0,7056.0,24.0,24.0,509.0,513.0,82.99149659863946,96.0,0.0,0.0,0.0,132662.0,0.0,0.0,0.0,0.0,0.0,0.0,0.0,0.0,0.0,0.0,0.0,0.0,0.0,0.0,0.0,0.0,5354.117300361395
29,1740000000000,3.0,10.0,4.4982993197278915,4.0,7.0,588,24.0,24.0,24.0,24.0,24.0,588,0.0,0.0,0.0,0.0,0.0,588,3.0,10.0,4.4982993197278915,4.0,7.0,588,0.0,0.0,0.0,0.0,0.0,0,0.0,0.0,0.0,0.0,0.0,0,1.0,1.0,1.0,1.0,1.0,552,0.9999999999999997,1.0000000000000004,1.0,1.0,1.0000000000000002,552,1.0,1.6153846153846154,1.017730049525948,1.0,1.125,552,0.9999999999999997,1.0000000000000004,1.0,1.0,1.0000000000000002,552,552.0,0.0,0.0,0.0,552.0,552.0,0.0,0.0,0.0,0.0,0.0,0.0,1.0,0.0,0.0,660.674449056387,588.0,588.0,28812.0,7056.0,24.0,24.0,507.0,511.0,82.21768707482993,96.0,0.0,0.0,0.0,133836.0,0.0,0.0,0.0,0.0,0.0,0.0,0.0,0.0,0.0,0.0,0.0,0.0,0.0,0.0,0.0,0.0,5229.631809517741
30,1800000000000,3.0,9.0,4.5017006802721085,4.0,7.0,588,24.0,24.0,24.0,24.0,24.0,588,0.0,0.0,0.0,0.0,0.0,588,3.0,9.0,4.5017006802721085,4.0,7.0,588,0.0,0.0,0.0,0.0,0.0,0,0.0,0.0,0.0,0.0,0.0,0,1.0,1.0,1.0,1.0,1.0,552,0.9999999999999997,1.0000000000000004,1.0,1.0,1.0000000000000002,552,1.0,1.6363636363636365,1.019676716280313,1.0,1.125,552,0.9999999999999997,1.0000000000000004,1.0,1.0,1.0000000000000002,552,552.0,0.0,0.0,0.0,552.0,552.0,0.0,0.0,0.0,0.0,0.0,0.0,1.0,0.0,0.0,724.0315191447735,588.0,588.0,28812.0,7056.0,24.0,24.0,509.0,513.0,81.92687074829932,96.0,0.0,0.0,0.0,132662.0,0.0,0.0,0.0,0.0,0.0,0.0,0.0,0.0,0.0,0.0,0.0,0.0,0.0,0.0,0.0,0.0,5152.993666008115
31,1860000000000,3.0,10.0,4.491496598639456,4.0,7.0,588,24.0,24.0,24.0,24.0,24.0,588,0.0,0.0,0.0,0.0,0.0,588,3.0,10.0,4.491496598639456,4.0,7.0,588,0.0,0.0,0.0,0.0,0.0,0,0.0,0.0,0.0,0.0,0.0,0,1.0,1.0,1.0,1.0,1.0,552,0.9999999999999996,1.0000000000000002,1.0,1.0,1.0000000000000002,552,1.0,1.6666666666666667,1.0194788074763974,1.0,1.1428571428571428,552,0.9999999999999996,1.0000000000000002,1.0,1.0,1.0000000000000002,552,552.0,0.0,0.0,0.0,552.0,552.0,0.0,0.0,0.0,0.0,0.0,0.0,1.0,0.0,0.0,743.8118495047092,588.0,588.0,28812.0,7056.0,24.0,24.0,503.0,507.0,82.6547619047619,96.0,0.0,0.0,0.0,133249.0,0.0,0.0,0.0,0.0,0.0,0.0,0.0,0.0,0.0,0.0,0.0,0.0,0.0,0.0,0.0,0.0,5608.358457684517
32,1920000000000,3.0,10.0,4.506802721088436,4.0,7.0,588,24.0,24.0,24.0,24.0,24.0,588,0.0,0.0,0.0,0.0,0.0,588,3.0,10.0,4.506802721088436,4.0,7.0,588,0.0,0.0,0.0,0.0,0.0,0,0.0,0.0,0.0,0.0,0.0,0,1.0,1.0,1.0,1.0,1.0,552,0.9999999999999997,1.0000000000000002,1.0,1.0,1.0000000000000002,552,1.0,1.6363636363636365,1.018424719491695,1.0,1.125,552,0.9999999999999997,1.0000000000000002,1.0,1.0,1.0000000000000002,552,552.0,0.0,0.0,0.0,552.0,552.0,0.0,0.0,0.0,0.0,0.0,0.0,1.0,0.0,0.0,607.1907859295607,588.0,588.0,28812.0,7056.0,24.0,24.0,512.0,516.0,80.97278911564626,96.0,0.0,0.0,0.0,133836.0,0.0,0.0,0.0,0.0,0.0,0.0,0.0,0.0,0.0,0.0,0.0,0.0,0.0,0.0,0.0,0.0,5457.221882417798
33,1980000000000,3.0,10.0,4.4982993197278915,4.0,7.0,588,24.0,24.0,24.0,24.0,24.0,588,0.0,0.0,0.0,0.0,0.0,588,3.0,10.0,4.4982993197278915,4.0,7.0,588,0.0,0.0,0.0,0.0,0.0,0,0.0,0.0,0.0,0.0,0.0,0,1.0,1.0,1.0,1.0,1.0,552,0.9999999999999998,1.0000000000000004,1.0,1.0,1.0000000000000002,552,1.0,1.6666666666666667,1.0199726302422052,1.0,1.1376190476190469,552,0.9999999999999998,1.0000000000000004,1.0,1.0,1.0000000000000002,552,552.0,0.0,0.0,0.0,552.0,552.0,0.0,0.0,0.0,0.0,0.0,0.0,1.0,0.0,0.0,678.542347624898,588.0,588.0,28812.0,7056.0,24.0,24.0,507.0,511.0,84.35374149659864,96.0,0.0,0.0,0.0,134423.0,0.0,0.0,0.0,0.0,0.0,0.0,0.0,0.0,0.0,0.0,0.0,0.0,0.0,0.0,0.0,0.0,4664.7669672966
34,2040000000000,3.0,10.0,4.5,4.0,7.0,588,24.0,24.0,24.0,24.0,24.0,588,0.0,0.0,0.0,0.0,0.0,588,3.0,10.0,4.5,4.0,7.0,588,0.0,0.0,0.0,0.0,0.0,0,0.0,0.0,0.0,0.0,0.0,0,1.0,1.0,1.0,1.0,1.0,552,0.9999999999999997,1.0000000000000004,1.0,1.0,1.0000000000000002,552,1.0,1.6363636363636365,1.0188749798084837,1.0,1.125,552,0.9999999999999997,1.0000000000000004,1.0,1.0,1.0000000000000002,552,552.0,0.0,0.0,0.0,552.0,552.0,0.0,0.0,0.0,0.0,0.0,0.0,1.0,0.0,0.0,684.3875199556351,588.0,588.0,28812.0,7056.0,24.0,24.0,508.0,512.0,80.94047619047619,92.0,0.0,0.0,0.0,133249.0,0.0,0.0,0.0,0.0,0.0,0.0,0.0,0.0,0.0,0.0,0.0,0.0,0.0,0.0,0.0,0.0,4945.886285975575
35,2100000000000,3.0,10.0,4.496598639455782,4.0,7.0,588,24.0,24.0,24.0,24.0,24.0,588,0.0,0.0,0.0,0.0,0.0,588,3.0,10.0,4.496598639455782,4.0,7.0,588,0.0,0.0,0.0,0.0,0.0,0,0.0,0.0,0.0,0.0,0.0,0,1.0,1.0,1.0,1.0,1.0,552,0.9999999999999997,1.0000000000000004,1.0,1.0,1.0000000000000002,552,1.0,1.8181818181818181,1.022464921292159,1.0,1.125,552,0.9999999999999997,1.0000000000000004,1.0,1.0,1.0000000000000002,552,552.0,0.0,0.0,0.0,552.0,552.0,0.0,0.0,0.0,0.0,0.0,0.0,1.0,0.0,0.0,731.9012023508549,588.0,588.0,28812.0,7056.0,24.0,24.0,506.0,510.0,83.5578231292517,96.0,0.0,0.0,0.0,133249.0,0.0,0.0,0.0,0.0,0.0,0.0,0.0,0.0,0.0,0.0,0.0,0.0,0.0,0.0,0.0,0.0,5108.620639890432
36,2160000000000,3.0,10.0,4.4982993197278915,4.0,7.0,588,24.0,24.0,24.0,24.0,24.0,588,0.0,0.0,0.0,0.0,0.0,588,3.0,10.0,4.4982993197278915,4.0,7.0,588,0.0,0.0,0.0,0.0,0.0,0,0.0,0.0,0.0,0.0,0.0,0,1.0,1.0,1.0,1.0,1.0,552,0.9999999999999997,1.0000000000000004,1.0,1.0,1.0000000000000002,552,1.0,1.7,1.019697613767307,1.0,1.1428571428571428,552,0.9999999999999997,1.0000000000000004,1.0,1.0,1.0000000000000002,552,552.0,0.0,0.0,0.0,552.0,552.0,0.0,0.0,0.0,0.0,0.0,0.0,1.0,0.0,0.0,700.4508078098297,588.0,588.0,28812.0,7056.0,24.0,24.0,507.0,511.0,83.19727891156462,96.0,0.0,0.0,0.0,135010.0,0.0,0.0,0.0,0.0,0.0,0.0,0.0,0.0,0.0,0.0,0.0,0.0,0.0,0.0,0.0,0.0,5546.326112002134
37,2220000000000,3.0,9.0,4.494897959183674,4.0,7.0,588,24.0,24.0,24.0,24.0,24.0,588,0.0,0.0,0.0,0.0,0.0,588,3.0,9.0,4.494897959183674,4.0,7.0,588,0.0,0.0,0.0,0.0,0.0,0,0.0,0.0,0.0,0.0,0.0,0,1.0,1.0,1.0,1.0,1.0,552,0.9999999999999997,1.0000000000000004,1.0,1.0,1.0000000000000002,552,1.0,1.6363636363636365,1.0219096138018726,1.0,1.1287499999999995,552,0.9999999999999997,1.0000000000000004,1.0,1.0,1.0000000000000002,552,552.0,0.0,0.0,0.0,552.0,552.0,0.0,0.0,0.0,0.0,0.0,0.0,1.0,0.0,0.0,739.3074594438076,588.0,588.0,28812.0,7056.0,24.0,24.0,505.0,509.0,84.49149659863946,96.0,0.0,0.0,0.0,132075.0,0.0,0.0,0.0,0.0,0.0,0.0,0.0,0.0,0.0,0.0,0.0,0.0,0.0,0.0,0.0,0.0,4953.647335991263
38,2280000000000,3.0,10.0,4.48639455782313,4.0,7.0,588,24.0,24.0,24.0,24.0,24.0,588,0.0,0.0,0.0,0.0,0.0,588,3.0,10.0,4.48639455782313,4.0,7.0,588,0.0,0.0,0.0,0.0,0.0,0,0.0,0.0,0.0,0.0,0.0,0,1.0,1.0,1.0,1.0,1.0,552,0.9999999999999997,1.0000000000000002,1.0,1.0,1.0000000000000002,552,1.0,1.8181818181818181,1.0192229392119758,1.0,1.125,552,0.9999999999999997,1.0000000000000002,1.0,1.0,1.0000000000000002,552,552.0,0.0,0.0,0.0,552.0,552.0,0.0,0.0,0.0,0.0,0.0,0.0,1.0,0.0,0.0,660.6001425534487,588.0,588.0,28812.0,7056.0,24.0,24.0,500.0,504.0,82.82993197278911,96.0,0.0,0.0,0.0,132075.0,0.0,0.0,0.0,0.0,0.0,0.0,0.0,0.0,0.0,0.0,0.0,0.0,0.0,0.0,0.0,0.0,6725.981207564473
39,2340000000000,3.0,9.0,4.489795918367347,4.0,7.0,588,24.0,24.0,24.0,24.0,24.0,588,0.0,0.0,0.0,0.0,0.0,588,3.0,9.0,4.489795918367347,4.0,7.0,588,0.0,0.0,0.0,0.0,0.0,0,0.0,0.0,0.0,0.0,0.0,0,1.0,1.0,1.0,1.0,1.0,552,0.9999999999999996,1.0000000000000004,1.0,1.0,1.0000000000000002,552,1.0,1.6363636363636365,1.0220099662052449,1.0,1.1428571428571428,552,0.9999999999999996,1.0000000000000004,1.0,1.0,1.0000000000000002,552,552.0,0.0,0.0,0.0,552.0,552.0,0.0,0.0,0.0,0.0,0.0,0.0,1.0,0.0,0.0,718.9141921699047,588.0,588.0,28812.0,7056.0,24.0,24.0,502.0,506.0,83.21598639455782,96.0,0.0,0.0,0.0,131488.0,0.0,0.0,0.0,0.0,0.0,0.0,0.0,0.0,0.0,0.0,0.0,0.0,0.0,0.0,0.0,0.0,5690.203135833144
40,2400000000000,3.0,10.0,4.496598639455782,4.0,7.0,588,24.0,24.0,24.0,24.0,24.0,588,0.0,0.0,0.0,0.0,0.0,588,3.0,10.0,4.496598639455782,4.0,7.0,588,0.0,0.0,0.0,0.0,0.0,0,0.0,0.0,0.0,0.0,0.0,0,1.0,1.0,1.0,1.0,1.0,552,0.9999999999999996,1.0000000000000004,1.0,1.0,1.0000000000000002,552,1.0,1.8181818181818181,1.0198066585672125,1.0,1.1173611111111101,552,0.9999999999999996,1.0000000000000004,1.0,1.0,1.0000000000000002,552,552.0,0.0,0.0,0.0,552.0,552.0,0.0,0.0,0.0,0.0,0.0,0.0,1.0,0.0,0.0,658.4377996623516,588.0,588.0,28812.0,7056.0,24.0,24.0,506.0,510.0,82.42517006802721,96.0,0.0,0.0,0.0,134423.0,0.0,0.0,0.0,0.0,0.0,0.0,0.0,0.0,0.0,0.0,0.0,0.0,0.0,0.0,0.0,0.0,5370.284676551819
41,2460000000000,3.0,9.0,4.482993197278912,4.0,7.0,588,24.0,24.0,24.0,24.0,24.0,588,0.0,0.0,0.0,0.0,0.0,588,3.0,9.0,4.482993197278912,4.0,7.0,588,0.0,0.0,0.0,0.0,0.0,0,0.0,0.0,0.0,0.0,0.0,0,1.0,1.0,1.0,1.0,1.0,552,0.9999999999999997,1.0000000000000004,1.0,1.0,1.0000000000000002,552,1.0,1.8181818181818181,1.0197283049759647,1.0,1.1173611111111101,552,0.9999999999999997,1.0000000000000004,1.0,1.0,1.0000000000000002,552,552.0,0.0,0.0,0.0,552.0,552.0,0.0,0.0,0.0,0.0,0.0,0.0,1.0,0.0,0.0,590.0388918817043,588.0,588.0,28812.0,7056.0,24.0,24.0,498.0,502.0,82.25680272108843,96.0,0.0,0.0,0.0,132075.0,0.0,0.0,0.0,0.0,0.0,0.0,0.0,0.0,0.0,0.0,0.0,0.0,0.0,0.0,0.0,0.0,4603.714780882001
42,2520000000000,3.0,9.0,4.5017006802721085,4.0,7.0,588,24.0,24.0,24.0,24.0,24.0,588,0.0,0.0,0.0,0.0,0.0,588,3.0,9.0,4.5017006802721085,4.0,7.0,588,0.0,0.0,0.0,0.0,0.0,0,0.0,0.0,0.0,0.0,0.0,0,1.0,1.0,1.0,1.0,1.0,552,0.9999999999999996,1.0000000000000002,1.0,1.0,1.0000000000000002,552,1.0,1.8181818181818181,1.0198770007551605,1.0,1.125,552,0.9999999999999996,1.0000000000000002,1.0,1.0,1.0000000000000002,552,552.0,0.0,0.0,0.0,552.0,552.0,0.0,0.0,0.0,0.0,0.0,0.0,1.0,0.0,0.0,540.2555633336306,588.0,588.0,28812.0,7056.0,24.0,24.0,509.0,513.0,83.27380952380952,96.0,0.0,0.0,0.0,135010.0,0.0,0.0,0.0,0.0,0.0,0.0,0.0,0.0,0.0,0.0,0.0,0.0,0.0,0.0,0.0,0.0,5164.368264377117
43,2580000000000,3.0,9.0,4.493197278911564,4.0,7.0,588,24.0,24.0,24.0,24.0,24.0,588,0.0,0.0,0.0,0.0,0.0,588,3.0,9.0,4.493197278911564,4.0,7.0,588,0.0,0.0,0.0,0.0,0.0,0,0.0,0.0,0.0,0.0,0.0,0,1.0,1.0,1.0,1.0,1.0,552,0.9999999999999997,1.0000000000000004,1.0,1.0,1.0000000000000002,552,1.0,1.8181818181818181,1.023816723850669,1.0,1.125,552,0.9999999999999997,1.0000000000000004,1.0,1.0,1.0000000000000002,552,552.0,0.0,0.0,0.0,552.0,552.0,0.0,0.0,0.0,0.0,0.0,0.0,1.0,0.0,0.0,685.8280096203089,588.0,588.0,28812.0,7056.0,24.0,24.0,504.0,508.0,82.58163265306122,92.0,0.0,0.0,0.0,130901.0,0.0,0.0,0.0,0.0,0.0,0.0,0.0,0.0,0.0,0.0,0.0,0.0,0.0,0.0,0.0,0.0,5207.137782126665
44,2640000000000,3.0,9.0,4.493197278911564,4.0,7.0,588,24.0,24.0,24.0,24.0,24.0,588,0.0,0.0,0.0,0.0,0.0,588,3.0,9.0,4.493197278911564,4.0,7.0,588,0.0,0.0,0.0,0.0,0.0,0,0.0,0.0,0.0,0.0,0.0,0,1.0,1.0,1.0,1.0,1.0,552,0.9999999999999997,1.0000000000000002,1.0,1.0,1.0000000000000002,552,1.0,1.8181818181818181,1.0244497848830174,1.0,1.1666666666666667,552,0.9999999999999997,1.0000000000000002,1.0,1.0,1.0000000000000002,552,552.0,0.0,0.0,0.0,552.0,552.0,0.0,0.0,0.0,0.0,0.0,0.0,1.0,0.0,0.0,722.1934124827385,588.0,588.0,28812.0,7056.0,24.0,24.0,504.0,508.0,84.04591836734694,96.0,0.0,0.0,0.0,133249.0,0.0,0.0,0.0,0.0,0.0,0.0,0.0,0.0,0.0,0.0,0.0,0.0,0.0,0.0,0.0,0.0,5518.085552379489
45,2700000000000,3.0,9.0,4.505102040816326,4.0,7.0,588,24.0,24.0,24.0,24.0,24.0,588,0.0,0.0,0.0,0.0,0.0,588,3.0,9.0,4.505102040816326,4.0,7.0,588,0.0,0.0,0.0,0.0,0.0,0,0.0,0.0,0.0,0.0,0.0,0,1.0,1.0,1.0,1.0,1.0,552,0.9999999999999997,1.0000000000000004,1.0,1.0,1.0000000000000002,552,1.0,1.8181818181818181,1.0248711332914526,1.0,1.1428571428571428,552,0.9999999999999997,1.0000000000000004,1.0,1.0,1.0000000000000002,552,552.0,0.0,0.0,0.0,552.0,552.0,0.0,0.0,0.0,0.0,0.0,0.0,1.0,0.0,0.0,616.104569286108,588.0,588.0,28812.0,7056.0,24.0,24.0,511.0,515.0,81.421768707483,92.0,0.0,0.0,0.0,130901.0,0.0,0.0,0.0,0.0,0.0,0.0,0.0,0.0,0.0,0.0,0.0,0.0,0.0,0.0,0.0,0.0,4469.382714480162
46,2760000000000,3.0,9.0,4.493197278911564,4.0,7.0,588,24.0,24.0,24.0,24.0,24.0,588,0.0,0.0,0.0,0.0,0.0,588,3.0,9.0,4.493197278911564,4.0,7.0,588,0.0,0.0,0.0,0.0,0.0,0,0.0,0.0,0.0,0.0,0.0,0,1.0,1.0,1.0,1.0,1.0,552,0.9999999999999997,1.0000000000000002,1.0,1.0,1.0000000000000002,552,1.0,1.8,1.023563835432161,1.0,1.1666666666666667,552,0.9999999999999997,1.0000000000000002,1.0,1.0,1.0000000000000002,552,552.0,0.0,0.0,0.0,552.0,552.0,0.0,0.0,0.0,0.0,0.0,0.0,1.0,0.0,0.0,720.052158460021,588.0,588.0,28812.0,7056.0,24.0,24.0,504.0,508.0,84.45578231292517,96.0,0.0,0.0,0.0,132662.0,0.0,0.0,0.0,0.0,0.0,0.0,0.0,0.0,0.0,0.0,0.0,0.0,0.0,0.0,0.0,0.0,5298.6761927604675
47,2820000000000,3.0,9.0,4.488095238095238,4.0,7.0,588,24.0,24.0,24.0,24.0,24.0,588,0.0,0.0,0.0,0.0,0.0,588,3.0,9.0,4.488095238095238,4.0,7.0,588,0.0,0.0,0.0,0.0,0.0,0,0.0,0.0,0.0,0.0,0.0,0,1.0,1.0,1.0,1.0,1.0,552,0.9999999999999997,1.0000000000000002,1.0,1.0,1.0000000000000002,552,1.0,1.8181818181818181,1.0222562145415288,1.0,1.1287499999999995,552,0.9999999999999997,1.0000000000000002,1.0,1.0,1.0000000000000002,552,552.0,0.0,0.0,0.0,552.0,552.0,0.0,0.0,0.0,0.0,0.0,0.0,1.0,0.0,0.0,496.2677303701639,588.0,588.0,28812.0,7056.0,24.0,24.0,501.0,505.0,80.68367346938776,96.0,0.0,0.0,0.0,130314.0,0.0,0.0,0.0,0.0,0.0,0.0,0.0,0.0,0.0,0.0,0.0,0.0,0.0,0.0,0.0,0.0,5044.374633580446
48,2880000000000,3.0,9.0,4.493197278911564,4.0,7.0,588,24.0,24.0,24.0,24.0,24.0,588,0.0,0.0,0.0,0.0,0.0,588,3.0,9.0,4.493197278911564,4.0,7.0,588,0.0,0.0,0.0,0.0,0.0,0,0.0,0.0,0.0,0.0,0.0,0,1.0,1.0,1.0,1.0,1.0,552,0.9999999999999996,1.0000000000000004,1.0,1.0,1.0000000000000002,552,1.0,1.8,1.0237530708804174,1.0,1.1666666666666667,552,0.9999999999999996,1.0000000000000004,1.0,1.0,1.0000000000000002,552,552.0,0.0,0.0,0.0,552.0,552.0,0.0,0.0,0.0,0.0,0.0,0.0,1.0,0.0,0.0,736.1144050955772,588.0,588.0,28812.0,7056.0,24.0,24.0,504.0,508.0,84.67517006802721,96.0,0.0,0.0,0.0,132662.0,0.0,0.0,0.0,0.0,0.0,0.0,0.0,0.0,0.0,0.0,0.0,0.0,0.0,0.0,0.0,0.0,5512.7595495432615
49,2940000000000,3.0,9.0,4.491496598639456,4.0,7.0,588,24.0,24.0,24.0,24.0,24.0,588,0.0,0.0,0.0,0.0,0.0,588,3.0,9.0,4.491496598639456,4.0,7.0,588,0.0,0.0,0.0,0.0,0.0,0,0.0,0.0,0.0,0.0,0.0,0,1.0,1.0,1.0,1.0,1.0,552,0.9999999999999996,1.0000000000000002,1.0,1.0,1.0000000000000002,552,1.0,1.8181818181818181,1.0225560083038099,1.0,1.1333333333333333,552,0.9999999999999996,1.0000000000000002,1.0,1.0,1.0000000000000002,552,552.0,0.0,0.0,0.0,552.0,552.0,0.0,0.0,0.0,0.0,0.0,0.0,1.0,0.0,0.0,733.3964146673679,588.0,588.0,28812.0,7056.0,24.0,24.0,503.0,507.0,80.75170068027211,96.0,0.0,0.0,0.0,132075.0,0.0,0.0,0.0,0.0,0.0,0.0,0.0,0.0,0.0,0.0,0.0,0.0,0.0,0.0,0.0,0.0,4460.350455716252
50,3000000000000,3.0,10.0,4.505102040816326,4.0,7.0,588,24.0,24.0,24.0,24.0,24.0,588,0.0,0.0,0.0,0.0,0.0,588,3.0,10.0,4.505102040816326,4.0,7.0,588,0.0,0.0,0.0,0.0,0.0,0,0.0,0.0,0.0,0.0,0.0,0,1.0,1.0,1.0,1.0,1.0,552,0.9999999999999996,1.0000000000000002,1.0,1.0,1.0000000000000002,552,1.0,1.8181818181818181,1.0242152735756904,1.0,1.1816666666666644,552,0.9999999999999996,1.0000000000000002,1.0,1.0,1.0000000000000002,552,552.0,0.0,0.0,0.0,552.0,552.0,0.0,0.0,0.0,0.0,0.0,0.0,1.0,0.0,0.0,744.5753440260887,588.0,588.0,28812.0,7056.0,24.0,24.0,511.0,515.0,82.88095238095238,96.0,0.0,0.0,0.0,134423.0,0.0,0.0,0.0,0.0,0.0,0.0,0.0,0.0,0.0,0.0,0.0,0.0,0.0,0.0,0.0,0.0,5760.1294834166765
51,3060000000000,3.0,10.0,4.493197278911564,4.0,7.0,588,24.0,24.0,24.0,24.0,24.0,588,0.0,0.0,0.0,0.0,0.0,588,3.0,10.0,4.493197278911564,4.0,7.0,588,0.0,0.0,0.0,0.0,0.0,0,0.0,0.0,0.0,0.0,0.0,0,1.0,1.0,1.0,1.0,1.0,552,0.9999999999999997,1.0000000000000004,1.0,1.0,1.0000000000000002,552,1.0,1.8181818181818181,1.0201446017801352,1.0,1.1287499999999995,552,0.9999999999999997,1.0000000000000004,1.0,1.0,1.0000000000000002,552,552.0,0.0,0.0,0.0,552.0,552.0,0.0,0.0,0.0,0.0,0.0,0.0,1.0,0.0,0.0,708.0242801457644,588.0,588.0,28812.0,7056.0,24.0,24.0,504.0,508.0,82.6921768707483,96.0,0.0,0.0,0.0,133249.0,0.0,0.0,0.0,0.0,0.0,0.0,0.0,0.0,0.0,0.0,0.0,0.0,0.0,0.0,0.0,0.0,5367.783065885305
52,3120000000000,3.0,10.0,4.4982993197278915,4.0,7.0,588,24.0,24.0,24.0,24.0,24.0,588,0.0,0.0,0.0,0.0,0.0,588,3.0,10.0,4.4982993197278915,4.0,7.0,588,0.0,0.0,0.0,0.0,0.0,0,0.0,0.0,0.0,0.0,0.0,0,1.0,1.0,1.0,1.0,1.0,552,0.9999999999999998,1.0000000000000004,1.0,1.0,1.0000000000000002,552,1.0,1.8181818181818181,1.0256274776409113,1.0,1.1816666666666644,552,0.9999999999999998,1.0000000000000004,1.0,1.0,1.0000000000000002,552,552.0,0.0,0.0,0.0,552.0,552.0,0.0,0.0,0.0,0.0,0.0,0.0,1.0,0.0,0.0,723.9045947790146,588.0,588.0,28812.0,7056.0,24.0,24.0,507.0,511.0,83.92857142857143,96.0,0.0,0.0,0.0,133836.0,0.0,0.0,0.0,0.0,0.0,0.0,0.0,0.0,0.0,0.0,0.0,0.0,0.0,0.0,0.0,0.0,5610.986195504665
53,3180000000000,3.0,10.0,4.505102040816326,4.0,7.0,588,24.0,24.0,24.0,24.0,24.0,588,0.0,0.0,0.0,0.0,0.0,588,3.0,10.0,4.505102040816326,4.0,7.0,588,0.0,0.0,0.0,0.0,0.0,0,0.0,0.0,0.0,0.0,0.0,0,1.0,1.0,1.0,1.0,1.0,552,0.9999999999999997,1.0000000000000004,1.0,1.0,1.0000000000000002,552,1.0,1.8181818181818181,1.0244960502737452,1.0,1.1666666666666667,552,0.9999999999999997,1.0000000000000004,1.0,1.0,1.0000000000000002,552,552.0,0.0,0.0,0.0,552.0,552.0,0.0,0.0,0.0,0.0,0.0,0.0,1.0,0.0,0.0,714.9339728057384,588.0,588.0,28812.0,7056.0,24.0,24.0,511.0,515.0,81.72619047619048,96.0,0.0,0.0,0.0,133836.0,0.0,0.0,0.0,0.0,0.0,0.0,0.0,0.0,0.0,0.0,0.0,0.0,0.0,0.0,0.0,0.0,4675.572227686644
54,3240000000000,3.0,10.0,4.493197278911564,4.0,7.0,588,24.0,24.0,24.0,24.0,24.0,588,0.0,0.0,0.0,0.0,0.0,588,3.0,10.0,4.493197278911564,4.0,7.0,588,0.0,0.0,0.0,0.0,0.0,0,0.0,0.0,0.0,0.0,0.0,0,1.0,1.0,1.0,1.0,1.0,552,0.9999999999999996,1.0000000000000004,1.0,1.0,1.0000000000000002,552,1.0,1.8181818181818181,1.027071973348781,1.0,1.2,552,0.9999999999999996,1.0000000000000004,1.0,1.0,1.0000000000000002,552,552.0,0.0,0.0,0.0,552.0,552.0,0.0,0.0,0.0,0.0,0.0,0.0,1.0,0.0,0.0,740.6844943761826,588.0,588.0,28812.0,7056.0,24.0,24.0,504.0,508.0,83.93877551020408,96.0,0.0,0.0,0.0,132662.0,0.0,0.0,0.0,0.0,0.0,0.0,0.0,0.0,0.0,0.0,0.0,0.0,0.0,0.0,0.0,0.0,5573.56683909893
55,3300000000000,3.0,10.0,4.505102040816326,4.0,7.0,588,24.0,24.0,24.0,24.0,24.0,588,0.0,0.0,0.0,0.0,0.0,588,3.0,10.0,4.505102040816326,4.0,7.0,588,0.0,0.0,0.0,0.0,0.0,0,0.0,0.0,0.0,0.0,0.0,0,1.0,1.0,1.0,1.0,1.0,552,0.9999999999999997,1.0000000000000002,1.0,1.0,1.0000000000000002,552,1.0,1.7272727272727273,1.025586765500854,1.0,1.1899999999999988,552,0.9999999999999997,1.0000000000000002,1.0,1.0,1.0000000000000002,552,552.0,0.0,0.0,0.0,552.0,552.0,0.0,0.0,0.0,0.0,0.0,0.0,1.0,0.0,0.0,683.1150259822607,588.0,588.0,28812.0,7056.0,24.0,24.0,511.0,515.0,83.92006802721089,96.0,0.0,0.0,0.0,135597.0,0.0,0.0,0.0,0.0,0.0,0.0,0.0,0.0,0.0,0.0,0.0,0.0,0.0,0.0,0.0,0.0,5582.454143092036
56,3360000000000,3.0,10.0,4.4812925170068025,4.0,7.0,588,24.0,24.0,24.0,24.0,24.0,588,0.0,0.0,0.0,0.0,0.0,588,3.0,10.0,4.4812925170068025,4.0,7.0,588,0.0,0.0,0.0,0.0,0.0,0,0.0,0.0,0.0,0.0,0.0,0,1.0,1.0,1.0,1.0,1.0,552,0.9999999999999996,1.0000000000000002,1.0,1.0,1.0000000000000002,552,1.0,1.8181818181818181,1.0258611247226508,1.0,1.2,552,0.9999999999999996,1.0000000000000002,1.0,1.0,1.0000000000000002,552,552.0,0.0,0.0,0.0,552.0,552.0,0.0,0.0,0.0,0.0,0.0,0.0,1.0,0.0,0.0,701.2420129030943,588.0,588.0,28812.0,7056.0,24.0,24.0,497.0,501.0,80.62074829931973,96.0,0.0,0.0,0.0,130901.0,0.0,0.0,0.0,0.0,0.0,0.0,0.0,0.0,0.0,0.0,0.0,0.0,0.0,0.0,0.0,0.0,4907.458851113915
57,3420000000000,3.0,10.0,4.503401360544218,4.0,7.0,588,24.0,24.0,24.0,24.0,24.0,588,0.0,0.0,0.0,0.0,0.0,588,3.0,10.0,4.503401360544218,4.0,7.0,588,0.0,0.0,0.0,0.0,0.0,0,0.0,0.0,0.0,0.0,0.0,0,1.0,1.0,1.0,1.0,1.0,552,0.9999999999999997,1.0000000000000002,1.0,1.0,1.0000000000000002,552,1.0,1.7272727272727273,1.0247468988319877,1.0,1.2,552,0.9999999999999997,1.0000000000000002,1.0,1.0,1.0000000000000002,552,552.0,0.0,0.0,0.0,552.0,552.0,0.0,0.0,0.0,0.0,0.0,0.0,1.0,0.0,0.0,709.5836866647005,588.0,588.0,28812.0,7056.0,24.0,24.0,510.0,514.0,83.41326530612245,96.0,0.0,0.0,0.0,133836.0,0.0,0.0,0.0,0.0,0.0,0.0,0.0,0.0,0.0,0.0,0.0,0.0,0.0,0.0,0.0,0.0,5423.58928360045
58,3480000000000,3.0,10.0,4.488095238095238,4.0,7.0,588,24.0,24.0,24.0,24.0,24.0,588,0.0,0.0,0.0,0.0,0.0,588,3.0,10.0,4.488095238095238,4.0,7.0,588,0.0,0.0,0.0,0.0,0.0,0,0.0,0.0,0.0,0.0,0.0,0,1.0,1.0,1.0,1.0,1.0,552,0.9999999999999996,1.0000000000000002,1.0,1.0,1.0000000000000002,552,1.0,1.8181818181818181,1.0238778787771334,1.0,1.1760416666666653,552,0.9999999999999996,1.0000000000000002,1.0,1.0,1.0000000000000002,552,552.0,0.0,0.0,0.0,552.0,552.0,0.0,0.0,0.0,0.0,0.0,0.0,1.0,0.0,0.0,723.3873810619116,588.0,588.0,28812.0,7056.0,24.0,24.0,501.0,505.0,81.46598639455782,96.0,0.0,0.0,0.0,131488.0,0.0,0.0,0.0,0.0,0.0,0.0,0.0,0.0,0.0,0.0,0.0,0.0,0.0,0.0,0.0,0.0,5215.21545574069
59,3540000000000,3.0,10.0,4.503401360544218,4.0,7.0,588,24.0,24.0,24.0,24.0,24.0,588,0.0,0.0,0.0,0.0,0.0,588,3.0,10.0,4.503401360544218,4.0,7.0,588,0.0,0.0,0.0,0.0,0.0,0,0.0,0.0,0.0,0.0,0.0,0,1.0,1.0,1.0,1.0,1.0,552,0.9999999999999998,1.0000000000000004,1.0,1.0,1.0000000000000002,552,1.0,1.7272727272727273,1.0233881792947475,1.0,1.1899999999999988,552,0.9999999999999998,1.0000000000000004,1.0,1.0,1.0000000000000002,552,552.0,0.0,0.0,0.0,552.0,552.0,0.0,0.0,0.0,0.0,0.0,0.0,1.0,0.0,0.0,641.5845435112715,588.0,588.0,28812.0,7056.0,24.0,24.0,510.0,514.0,82.68707482993197,96.0,0.0,0.0,0.0,135597.0,0.0,0.0,0.0,0.0,0.0,0.0,0.0,0.0,0.0,0.0,0.0,0.0,0.0,0.0,0.0,0.0,5158.434949815273
60,3600000000000,3.0,10.0,4.496598639455782,4.0,7.0,588,24.0,24.0,24.0,24.0,24.0,588,0.0,0.0,0.0,0.0,0.0,588,3.0,10.0,4.496598639455782,4.0,7.0,588,0.0,0.0,0.0,0.0,0.0,0,0.0,0.0,0.0,0.0,0.0,0,1.0,1.0,1.0,1.0,1.0,552,0.9999999999999997,1.0000000000000002,1.0,1.0,1.0000000000000002,552,1.0,1.6666666666666667,1.0241973258973354,1.0,1.2,552,0.9999999999999997,1.0000000000000002,1.0,1.0,1.0000000000000002,552,552.0,0.0,0.0,0.0,552.0,552.0,0.0,0.0,0.0,0.0,0.0,0.0,1.0,0.0,0.0,647.3357081413269,588.0,588.0,28812.0,7056.0,24.0,24.0,506.0,510.0,80.52380952380952,96.0,0.0,0.0,0.0,134423.0,0.0,0.0,0.0,0.0,0.0,0.0,0.0,0.0,0.0,0.0,0.0,0.0,0.0,0.0,0.0,0.0,5218.257380649447
61,3660000000000,3.0,10.0,4.510204081632653,4.0,7.0,588,24.0,24.0,24.0,24.0,24.0,588,0.0,0.0,0.0,0.0,0.0,588,3.0,10.0,4.510204081632653,4.0,7.0,588,0.0,0.0,0.0,0.0,0.0,0,0.0,0.0,0.0,0.0,0.0,0,1.0,1.0,1.0,1.0,1.0,552,0.9999999999999997,1.0000000000000002,1.0,1.0,1.0000000000000002,552,1.0,1.7272727272727273,1.0225937882643024,1.0,1.1428571428571428,552,0.9999999999999997,1.0000000000000002,1.0,1.0,1.0000000000000002,552,552.0,0.0,0.0,0.0,552.0,552.0,0.0,0.0,0.0,0.0,0.0,0.0,1.0,0.0,0.0,699.4050852954388,588.0,588.0,28812.0,7056.0,24.0,24.0,514.0,518.0,82.2687074829932,96.0,0.0,0.0,0.0,135597.0,0.0,0.0,0.0,0.0,0.0,0.0,0.0,0.0,0.0,0.0,0.0,0.0,0.0,0.0,0.0,0.0,4880.056370049715
62,3720000000000,3.0,10.0,4.508503401360544,4.0,7.0,588,24.0,24.0,24.0,24.0,24.0,588,0.0,0.0,0.0,0.0,0.0,588,3.0,10.0,4.508503401360544,4.0,7.0,588,0.0,0.0,0.0,0.0,0.0,0,0.0,0.0,0.0,0.0,0.0,0,1.0,1.0,1.0,1.0,1.0,552,0.9999999999999997,1.0000000000000002,1.0,1.0,1.0000000000000002,552,1.0,1.6666666666666667,1.023557366453925,1.0,1.2,552,0.9999999999999997,1.0000000000000002,1.0,1.0,1.0000000000000002,552,552.0,0.0,0.0,0.0,552.0,552.0,0.0,0.0,0.0,0.0,0.0,0.0,1.0,0.0,0.0,703.3903766423464,588.0,588.0,28812.0,7056.0,24.0,24.0,513.0,517.0,80.74659863945578,96.0,0.0,0.0,0.0,135010.0,0.0,0.0,0.0,0.0,0.0,0.0,0.0,0.0,0.0,0.0,0.0,0.0,0.0,0.0,0.0,0.0,5536.339858546853
63,3780000000000,3.0,10.0,4.496598639455782,4.0,7.0,588,24.0,24.0,24.0,24.0,24.0,588,0.0,0.0,0.0,0.0,0.0,588,3.0,10.0,4.496598639455782,4.0,7.0,588,0.0,0.0,0.0,0.0,0.0,0,0.0,0.0,0.0,0.0,0.0,0,1.0,1.0,1.0,1.0,1.0,552,0.9999999999999997,1.0000000000000004,1.0,1.0,1.0000000000000002,552,1.0,1.8181818181818181,1.0231127227421952,1.0,1.147802197802197,552,0.9999999999999997,1.0000000000000004,1.0,1.0,1.0000000000000002,552,552.0,0.0,0.0,0.0,552.0,552.0,0.0,0.0,0.0,0.0,0.0,0.0,1.0,0.0,0.0,698.9064272493124,588.0,588.0,28812.0,7056.0,24.0,24.0,506.0,510.0,85.43877551020408,96.0,0.0,0.0,0.0,133836.0,0.0,0.0,0.0,0.0,0.0,0.0,0.0,0.0,0.0,0.0,0.0,0.0,0.0,0.0,0.0,0.0,5270.91477625072
64,3840000000000,3.0,10.0,4.508503401360544,4.0,7.0,588,24.0,24.0,24.0,24.0,24.0,588,0.0,0.0,0.0,0.0,0.0,588,3.0,10.0,4.508503401360544,4.0,7.0,588,0.0,0.0,0.0,0.0,0.0,0,0.0,0.0,0.0,0.0,0.0,0,1.0,1.0,1.0,1.0,1.0,552,0.9999999999999997,1.0000000000000004,1.0,1.0,1.0000000000000002,552,1.0,1.7272727272727273,1.022704408762593,1.0,1.2,552,0.9999999999999997,1.0000000000000004,1.0,1.0,1.0000000000000002,552,552.0,0.0,0.0,0.0,552.0,552.0,0.0,0.0,0.0,0.0,0.0,0.0,1.0,0.0,0.0,701.3790719211102,588.0,588.0,28812.0,7056.0,24.0,24.0,513.0,517.0,82.01190476190476,96.0,0.0,0.0,0.0,135010.0,0.0,0.0,0.0,0.0,0.0,0.0,0.0,0.0,0.0,0.0,0.0,0.0,0.0,0.0,0.0,0.0,5504.8746559768915
65,3900000000000,3.0,10.0,4.489795918367347,4.0,7.0,588,24.0,24.0,24.0,24.0,24.0,588,0.0,0.0,0.0,0.0,0.0,588,3.0,10.0,4.489795918367347,4.0,7.0,588,0.0,0.0,0.0,0.0,0.0,0,0.0,0.0,0.0,0.0,0.0,0,1.0,1.0,1.0,1.0,1.0,552,0.9999999999999997,1.0000000000000002,1.0,1.0,1.0000000000000002,552,1.0,1.6666666666666667,1.0216352673359415,1.0,1.1710784313725484,552,0.9999999999999997,1.0000000000000002,1.0,1.0,1.0000000000000002,552,552.0,0.0,0.0,0.0,552.0,552.0,0.0,0.0,0.0,0.0,0.0,0.0,1.0,0.0,0.0,707.1876190602779,588.0,588.0,28812.0,7056.0,24.0,24.0,502.0,506.0,83.8656462585034,96.0,0.0,0.0,0.0,134423.0,0.0,0.0,0.0,0.0,0.0,0.0,0.0,0.0,0.0,0.0,0.0,0.0,0.0,0.0,0.0,0.0,5095.4711474478245
66,3960000000000,3.0,10.0,4.510204081632653,4.0,7.0,588,24.0,24.0,24.0,24.0,24.0,588,0.0,0.0,0.0,0.0,0.0,588,3.0,10.0,4.510204081632653,4.0,7.0,588,0.0,0.0,0.0,0.0,0.0,0,0.0,0.0,0.0,0.0,0.0,0,1.0,1.0,1.0,1.0,1.0,552,0.9999999999999996,1.0000000000000002,1.0,1.0,1.0000000000000002,552,1.0,1.7272727272727273,1.0198728494380107,1.0,1.1596153846153838,552,0.9999999999999996,1.0000000000000002,1.0,1.0,1.0000000000000002,552,552.0,0.0,0.0,0.0,552.0,552.0,0.0,0.0,0.0,0.0,0.0,0.0,1.0,0.0,0.0,711.9165770709515,588.0,588.0,28812.0,7056.0,24.0,24.0,514.0,518.0,82.27380952380952,96.0,0.0,0.0,0.0,136184.0,0.0,0.0,0.0,0.0,0.0,0.0,0.0,0.0,0.0,0.0,0.0,0.0,0.0,0.0,0.0,0.0,5469.746796414256
67,4020000000000,3.0,10.0,4.4982993197278915,4.0,7.0,588,24.0,24.0,24.0,24.0,24.0,588,0.0,0.0,0.0,0.0,0.0,588,3.0,10.0,4.4982993197278915,4.0,7.0,588,0.0,0.0,0.0,0.0,0.0,0,0.0,0.0,0.0,0.0,0.0,0,1.0,1.0,1.0,1.0,1.0,552,0.9999999999999996,1.0000000000000004,1.0,1.0,1.0000000000000002,552,1.0,1.6666666666666667,1.0213687137405834,1.0,1.1710784313725484,552,0.9999999999999996,1.0000000000000004,1.0,1.0,1.0000000000000002,552,552.0,0.0,0.0,0.0,552.0,552.0,0.0,0.0,0.0,0.0,0.0,0.0,1.0,0.0,0.0,713.9591611921787,588.0,588.0,28812.0,7056.0,24.0,24.0,507.0,511.0,83.3265306122449,96.0,0.0,0.0,0.0,134423.0,0.0,0.0,0.0,0.0,0.0,0.0,0.0,0.0,0.0,0.0,0.0,0.0,0.0,0.0,0.0,0.0,5247.997602447867
68,4080000000000,3.0,10.0,4.517006802721088,4.0,7.0,588,24.0,24.0,24.0,24.0,24.0,588,0.0,0.0,0.0,0.0,0.0,588,3.0,10.0,4.517006802721088,4.0,7.0,588,0.0,0.0,0.0,0.0,0.0,0,0.0,0.0,0.0,0.0,0.0,0,1.0,1.0,1.0,1.0,1.0,552,0.9999999999999997,1.0000000000000002,1.0,1.0,1.0000000000000002,552,1.0,1.5833333333333333,1.0192327077840067,1.0,1.1287499999999995,552,0.9999999999999997,1.0000000000000002,1.0,1.0,1.0000000000000002,552,552.0,0.0,0.0,0.0,552.0,552.0,0.0,0.0,0.0,0.0,0.0,0.0,1.0,0.0,0.0,706.7247163504362,588.0,588.0,28812.0,7056.0,24.0,24.0,518.0,522.0,82.1547619047619,96.0,0.0,0.0,0.0,137358.0,0.0,0.0,0.0,0.0,0.0,0.0,0.0,0.0,0.0,0.0,0.0,0.0,0.0,0.0,0.0,0.0,5055.84467202425
69,4140000000000,3.0,10.0,4.505102040816326,4.0,7.0,588,24.0,24.0,24.0,24.0,24.0,588,0.0,0.0,0.0,0.0,0.0,588,3.0,10.0,4.505102040816326,4.0,7.0,588,0.0,0.0,0.0,0.0,0.0,0,0.0,0.0,0.0,0.0,0.0,0,1.0,1.0,1.0,1.0,1.0,552,0.9999999999999996,1.0000000000000002,1.0,1.0,1.0000000000000002,552,1.0,1.6666666666666667,1.0214510516549253,1.0,1.1710784313725484,552,0.9999999999999996,1.0000000000000002,1.0,1.0,1.0000000000000002,552,552.0,0.0,0.0,0.0,552.0,552.0,0.0,0.0,0.0,0.0,0.0,0.0,1.0,0.0,0.0,726.5089116990566,588.0,588.0,28812.0,7056.0,24.0,24.0,511.0,515.0,79.98979591836735,96.0,0.0,0.0,0.0,134423.0,0.0,0.0,0.0,0.0,0.0,0.0,0.0,0.0,0.0,0.0,0.0,0.0,0.0,0.0,0.0,0.0,5489.869492128491
70,4200000000000,3.0,10.0,4.51530612244898,4.0,7.0,588,24.0,24.0,24.0,24.0,24.0,588,0.0,0.0,0.0,0.0,0.0,588,3.0,10.0,4.51530612244898,4.0,7.0,588,0.0,0.0,0.0,0.0,0.0,0,0.0,0.0,0.0,0.0,0.0,0,1.0,1.0,1.0,1.0,1.0,552,0.9999999999999997,1.0000000000000004,1.0,1.0,1.0000000000000002,552,1.0,1.5833333333333333,1.0190123608786334,1.0,1.125,552,0.9999999999999997,1.0000000000000004,1.0,1.0,1.0000000000000002,552,552.0,0.0,0.0,0.0,552.0,552.0,0.0,0.0,0.0,0.0,0.0,0.0,1.0,0.0,0.0,705.4409217089415,588.0,588.0,28812.0,7056.0,24.0,24.0,517.0,521.0,82.38775510204081,96.0,0.0,0.0,0.0,137358.0,0.0,0.0,0.0,0.0,0.0,0.0,0.0,0.0,0.0,0.0,0.0,0.0,0.0,0.0,0.0,0.0,4724.90200959146
71,4260000000000,3.0,10.0,4.520408163265306,4.0,7.0,588,24.0,24.0,24.0,24.0,24.0,588,0.0,0.0,0.0,0.0,0.0,588,3.0,10.0,4.520408163265306,4.0,7.0,588,0.0,0.0,0.0,0.0,0.0,0,0.0,0.0,0.0,0.0,0.0,0,1.0,1.0,1.0,1.0,1.0,552,0.9999999999999998,1.0000000000000002,1.0,1.0,1.0000000000000002,552,1.0,1.6666666666666667,1.0216114962758187,1.0,1.1899999999999988,552,0.9999999999999998,1.0000000000000002,1.0,1.0,1.0000000000000002,552,552.0,0.0,0.0,0.0,552.0,552.0,0.0,0.0,0.0,0.0,0.0,0.0,1.0,0.0,0.0,398.0043139308691,588.0,588.0,28812.0,7056.0,24.0,24.0,520.0,524.0,81.671768707483,96.0,0.0,0.0,0.0,136184.0,0.0,0.0,0.0,0.0,0.0,0.0,0.0,0.0,0.0,0.0,0.0,0.0,0.0,0.0,0.0,0.0,4489.063277840614
72,4320000000000,3.0,10.0,4.517006802721088,4.0,7.0,588,24.0,24.0,24.0,24.0,24.0,588,0.0,0.0,0.0,0.0,0.0,588,3.0,10.0,4.517006802721088,4.0,7.0,588,0.0,0.0,0.0,0.0,0.0,0,0.0,0.0,0.0,0.0,0.0,0,1.0,1.0,1.0,1.0,1.0,552,0.9999999999999997,1.0000000000000004,1.0,1.0,1.0000000000000002,552,1.0,1.5833333333333333,1.022592734490499,1.0,1.1287499999999995,552,0.9999999999999997,1.0000000000000004,1.0,1.0,1.0000000000000002,552,552.0,0.0,0.0,0.0,552.0,552.0,0.0,0.0,0.0,0.0,0.0,0.0,1.0,0.0,0.0,593.0010825395584,588.0,588.0,28812.0,7056.0,24.0,24.0,518.0,522.0,84.16666666666667,96.0,0.0,0.0,0.0,138532.0,0.0,0.0,0.0,0.0,0.0,0.0,0.0,0.0,0.0,0.0,0.0,0.0,0.0,0.0,0.0,0.0,4287.6772079616785
73,4380000000000,3.0,10.0,4.51530612244898,4.0,7.0,588,24.0,24.0,24.0,24.0,24.0,588,0.0,0.0,0.0,0.0,0.0,588,3.0,10.0,4.51530612244898,4.0,7.0,588,0.0,0.0,0.0,0.0,0.0,0,0.0,0.0,0.0,0.0,0.0,0,1.0,1.0,1.0,1.0,1.0,552,0.9999999999999997,1.0000000000000004,1.0,1.0,1.0000000000000002,552,1.0,1.6666666666666667,1.0195694660318368,1.0,1.1666666666666667,552,0.9999999999999997,1.0000000000000004,1.0,1.0,1.0000000000000002,552,552.0,0.0,0.0,0.0,552.0,552.0,0.0,0.0,0.0,0.0,0.0,0.0,1.0,0.0,0.0,681.2751721590757,588.0,588.0,28812.0,7056.0,24.0,24.0,517.0,521.0,81.71428571428571,92.0,0.0,0.0,0.0,136771.0,0.0,0.0,0.0,0.0,0.0,0.0,0.0,0.0,0.0,0.0,0.0,0.0,0.0,0.0,0.0,0.0,4899.213045835495
74,4440000000000,3.0,10.0,4.51360544217687,4.0,7.0,588,24.0,24.0,24.0,24.0,24.0,588,0.0,0.0,0.0,0.0,0.0,588,3.0,10.0,4.51360544217687,4.0,7.0,588,0.0,0.0,0.0,0.0,0.0,0,0.0,0.0,0.0,0.0,0.0,0,1.0,1.0,1.0,1.0,1.0,552,0.9999999999999996,1.0000000000000002,1.0,1.0,1.0000000000000002,552,1.0,1.5833333333333333,1.0221078627321325,1.0,1.1596153846153838,552,0.9999999999999996,1.0000000000000002,1.0,1.0,1.0000000000000002,552,552.0,0.0,0.0,0.0,552.0,552.0,0.0,0.0,0.0,0.0,0.0,0.0,1.0,0.0,0.0,639.2916403710842,588.0,588.0,28812.0,7056.0,24.0,24.0,516.0,520.0,83.02551020408163,96.0,0.0,0.0,0.0,136184.0,0.0,0.0,0.0,0.0,0.0,0.0,0.0,0.0,0.0,0.0,0.0,0.0,0.0,0.0,0.0,0.0,3926.4299105852842
75,4500000000000,3.0,10.0,4.51360544217687,4.0,7.0,588,24.0,24.0,24.0,24.0,24.0,588,0.0,0.0,0.0,0.0,0.0,588,3.0,10.0,4.51360544217687,4.0,7.0,588,0.0,0.0,0.0,0.0,0.0,0,0.0,0.0,0.0,0.0,0.0,0,1.0,1.0,1.0,1.0,1.0,552,0.9999999999999996,1.0000000000000004,1.0,1.0,1.0000000000000002,552,1.0,1.5833333333333333,1.0169528727885337,1.0,1.1376190476190469,552,0.9999999999999996,1.0000000000000004,1.0,1.0,1.0000000000000002,552,552.0,0.0,0.0,0.0,552.0,552.0,0.0,0.0,0.0,0.0,0.0,0.0,1.0,0.0,0.0,592.4216713756323,588.0,588.0,28812.0,7056.0,24.0,24.0,516.0,520.0,81.45068027210884,96.0,0.0,0.0,0.0,137358.0,0.0,0.0,0.0,0.0,0.0,0.0,0.0,0.0,0.0,0.0,0.0,0.0,0.0,0.0,0.0,0.0,4555.476851761341
76,4560000000000,3.0,10.0,4.5017006802721085,4.0,7.0,588,24.0,24.0,24.0,24.0,24.0,588,0.0,0.0,0.0,0.0,0.0,588,3.0,10.0,4.5017006802721085,4.0,7.0,588,0.0,0.0,0.0,0.0,0.0,0,0.0,0.0,0.0,0.0,0.0,0,1.0,1.0,1.0,1.0,1.0,552,0.9999999999999997,1.0000000000000004,1.0,1.0,1.0000000000000002,552,1.0,1.6153846153846154,1.0230302332649828,1.0,1.1666666666666667,552,0.9999999999999997,1.0000000000000004,1.0,1.0,1.0000000000000002,552,552.0,0.0,0.0,0.0,552.0,552.0,0.0,0.0,0.0,0.0,0.0,0.0,1.0,0.0,0.0,523.7301494926214,588.0,588.0,28812.0,7056.0,24.0,24.0,509.0,513.0,82.05952380952381,96.0,0.0,0.0,0.0,132662.0,0.0,0.0,0.0,0.0,0.0,0.0,0.0,0.0,0.0,0.0,0.0,0.0,0.0,0.0,0.0,0.0,4476.842215284705
77,4620000000000,3.0,10.0,4.51360544217687,4.0,7.0,588,24.0,24.0,24.0,24.0,24.0,588,0.0,0.0,0.0,0.0,0.0,588,3.0,10.0,4.51360544217687,4.0,7.0,588,0.0,0.0,0.0,0.0,0.0,0,0.0,0.0,0.0,0.0,0.0,0,1.0,1.0,1.0,1.0,1.0,552,0.9999999999999997,1.0000000000000002,1.0,1.0,1.0000000000000002,552,1.0,1.5833333333333333,1.0180906801557221,1.0,1.1428571428571428,552,0.9999999999999997,1.0000000000000002,1.0,1.0,1.0000000000000002,552,552.0,0.0,0.0,0.0,552.0,552.0,0.0,0.0,0.0,0.0,0.0,0.0,1.0,0.0,0.0,703.8496285676956,588.0,588.0,28812.0,7056.0,24.0,24.0,516.0,520.0,81.8860544217687,96.0,0.0,0.0,0.0,136184.0,0.0,0.0,0.0,0.0,0.0,0.0,0.0,0.0,0.0,0.0,0.0,0.0,0.0,0.0,0.0,0.0,5387.623853981495
78,4680000000000,3.0,10.0,4.517006802721088,4.0,7.0,588,24.0,24.0,24.0,24.0,24.0,588,0.0,0.0,0.0,0.0,0.0,588,3.0,10.0,4.517006802721088,4.0,7.0,588,0.0,0.0,0.0,0.0,0.0,0,0.0,0.0,0.0,0.0,0.0,0,1.0,1.0,1.0,1.0,1.0,552,0.9999999999999997,1.0000000000000002,1.0,1.0,1.0000000000000002,552,1.0,1.6153846153846154,1.0227452515288886,1.0,1.1899999999999988,552,0.9999999999999997,1.0000000000000002,1.0,1.0,1.0000000000000002,552,552.0,0.0,0.0,0.0,552.0,552.0,0.0,0.0,0.0,0.0,0.0,0.0,1.0,0.0,0.0,721.207482740283,588.0,588.0,28812.0,7056.0,24.0,24.0,518.0,522.0,81.00170068027211,96.0,0.0,0.0,0.0,135597.0,0.0,0.0,0.0,0.0,0.0,0.0,0.0,0.0,0.0,0.0,0.0,0.0,0.0,0.0,0.0,0.0,5432.657465338707
79,4740000000000,3.0,10.0,4.5017006802721085,4.0,7.0,588,24.0,24.0,24.0,24.0,24.0,588,0.0,0.0,0.0,0.0,0.0,588,3.0,10.0,4.5017006802721085,4.0,7.0,588,0.0,0.0,0.0,0.0,0.0,0,0.0,0.0,0.0,0.0,0.0,0,1.0,1.0,1.0,1.0,1.0,552,0.9999999999999997,1.0000000000000004,1.0,1.0,1.0000000000000002,552,1.0,1.5833333333333333,1.0201852365310387,1.0,1.1428571428571428,552,0.9999999999999997,1.0000000000000004,1.0,1.0,1.0000000000000002,552,552.0,0.0,0.0,0.0,552.0,552.0,0.0,0.0,0.0,0.0,0.0,0.0,1.0,0.0,0.0,716.3373418152332,588.0,588.0,28812.0,7056.0,24.0,24.0,509.0,513.0,81.70748299319727,96.0,0.0,0.0,0.0,133836.0,0.0,0.0,0.0,0.0,0.0,0.0,0.0,0.0,0.0,0.0,0.0,0.0,0.0,0.0,0.0,0.0,4946.485187858343
80,4800000000000,3.0,10.0,4.520408163265306,4.0,7.0,588,24.0,24.0,24.0,24.0,24.0,588,0.0,0.0,0.0,0.0,0.0,588,3.0,10.0,4.520408163265306,4.0,7.0,588,0.0,0.0,0.0,0.0,0.0,0,0.0,0.0,0.0,0.0,0.0,0,1.0,1.0,1.0,1.0,1.0,552,0.9999999999999997,1.0000000000000004,1.0,1.0,1.0000000000000002,552,1.0,1.6153846153846154,1.0211978813243268,1.0,1.1666666666666667,552,0.9999999999999997,1.0000000000000004,1.0,1.0,1.0000000000000002,552,552.0,0.0,0.0,0.0,552.0,552.0,0.0,0.0,0.0,0.0,0.0,0.0,1.0,0.0,0.0,678.0533753335476,588.0,588.0,28812.0,7056.0,24.0,24.0,520.0,524.0,81.51360544217687,92.0,0.0,0.0,0.0,136184.0,0.0,0.0,0.0,0.0,0.0,0.0,0.0,0.0,0.0,0.0,0.0,0.0,0.0,0.0,0.0,0.0,5640.053112059832
81,4860000000000,3.0,10.0,4.4982993197278915,4.0,7.0,588,24.0,24.0,24.0,24.0,24.0,588,0.0,0.0,0.0,0.0,0.0,588,3.0,10.0,4.4982993197278915,4.0,7.0,588,0.0,0.0,0.0,0.0,0.0,0,0.0,0.0,0.0,0.0,0.0,0,1.0,1.0,1.0,1.0,1.0,552,0.9999999999999996,1.0000000000000004,1.0,1.0,1.0000000000000002,552,1.0,1.5833333333333333,1.0182866348371877,1.0,1.125,552,0.9999999999999996,1.0000000000000004,1.0,1.0,1.0000000000000002,552,552.0,0.0,0.0,0.0,552.0,552.0,0.0,0.0,0.0,0.0,0.0,0.0,1.0,0.0,0.0,494.50372345745564,588.0,588.0,28812.0,7056.0,24.0,24.0,507.0,511.0,84.48979591836735,96.0,0.0,0.0,0.0,134423.0,0.0,0.0,0.0,0.0,0.0,0.0,0.0,0.0,0.0,0.0,0.0,0.0,0.0,0.0,0.0,0.0,3864.814290776849
82,4920000000000,3.0,10.0,4.517006802721088,4.0,7.0,588,24.0,24.0,24.0,24.0,24.0,588,0.0,0.0,0.0,0.0,0.0,588,3.0,10.0,4.517006802721088,4.0,7.0,588,0.0,0.0,0.0,0.0,0.0,0,0.0,0.0,0.0,0.0,0.0,0,1.0,1.0,1.0,1.0,1.0,552,0.9999999999999996,1.0000000000000004,1.0,1.0,1.0000000000000002,552,1.0,1.5833333333333333,1.0201927106164703,1.0,1.153571428571427,552,0.9999999999999996,1.0000000000000004,1.0,1.0,1.0000000000000002,552,552.0,0.0,0.0,0.0,552.0,552.0,0.0,0.0,0.0,0.0,0.0,0.0,1.0,0.0,0.0,627.2696238011122,588.0,588.0,28812.0,7056.0,24.0,24.0,518.0,522.0,80.8265306122449,96.0,0.0,0.0,0.0,136184.0,0.0,0.0,0.0,0.0,0.0,0.0,0.0,0.0,0.0,0.0,0.0,0.0,0.0,0.0,0.0,0.0,3907.32803940773
83,4980000000000,3.0,10.0,4.493197278911564,4.0,7.0,588,24.0,24.0,24.0,24.0,24.0,588,0.0,0.0,0.0,0.0,0.0,588,3.0,10.0,4.493197278911564,4.0,7.0,588,0.0,0.0,0.0,0.0,0.0,0,0.0,0.0,0.0,0.0,0.0,0,1.0,1.0,1.0,1.0,1.0,552,0.9999999999999997,1.0000000000000002,1.0,1.0,1.0000000000000002,552,1.0,1.5833333333333333,1.0222260463805277,1.0,1.1666666666666667,552,0.9999999999999997,1.0000000000000002,1.0,1.0,1.0000000000000002,552,552.0,0.0,0.0,0.0,552.0,552.0,0.0,0.0,0.0,0.0,0.0,0.0,1.0,0.0,0.0,467.98767894506454,588.0,588.0,28812.0,7056.0,24.0,24.0,504.0,508.0,82.83673469387755,96.0,0.0,0.0,0.0,133249.0,0.0,0.0,0.0,0.0,0.0,0.0,0.0,0.0,0.0,0.0,0.0,0.0,0.0,0.0,0.0,0.0,3134.324925020337
84,5040000000000,3.0,10.0,4.511904761904762,4.0,7.0,588,24.0,24.0,24.0,24.0,24.0,588,0.0,0.0,0.0,0.0,0.0,588,3.0,10.0,4.511904761904762,4.0,7.0,588,0.0,0.0,0.0,0.0,0.0,0,0.0,0.0,0.0,0.0,0.0,0,1.0,1.0,1.0,1.0,1.0,552,0.9999999999999996,1.0000000000000002,1.0,1.0,1.0000000000000002,552,1.0,1.5454545454545454,1.0197516720033903,1.0,1.1428571428571428,552,0.9999999999999996,1.0000000000000002,1.0,1.0,1.0000000000000002,552,552.0,0.0,0.0,0.0,552.0,552.0,0.0,0.0,0.0,0.0,0.0,0.0,1.0,0.0,0.0,529.2654279619455,588.0,588.0,28812.0,7056.0,24.0,24.0,515.0,519.0,81.23299319727892,96.0,0.0,0.0,0.0,134423.0,0.0,0.0,0.0,0.0,0.0,0.0,0.0,0.0,0.0,0.0,0.0,0.0,0.0,0.0,0.0,0.0,4617.034146562219
85,5100000000000,3.0,10.0,4.4982993197278915,4.0,7.0,588,24.0,24.0,24.0,24.0,24.0,588,0.0,0.0,0.0,0.0,0.0,588,3.0,10.0,4.4982993197278915,4.0,7.0,588,0.0,0.0,0.0,0.0,0.0,0,0.0,0.0,0.0,0.0,0.0,0,1.0,1.0,1.0,1.0,1.0,552,0.9999999999999997,1.0000000000000002,1.0,1.0,1.0000000000000002,552,1.0,1.5833333333333333,1.0217579328495434,1.0,1.1666666666666667,552,0.9999999999999997,1.0000000000000002,1.0,1.0,1.0000000000000002,552,552.0,0.0,0.0,0.0,552.0,552.0,0.0,0.0,0.0,0.0,0.0,0.0,1.0,0.0,0.0,714.0525169670582,588.0,588.0,28812.0,7056.0,24.0,24.0,507.0,511.0,80.31972789115646,96.0,0.0,0.0,0.0,132075.0,0.0,0.0,0.0,0.0,0.0,0.0,0.0,0.0,0.0,0.0,0.0,0.0,0.0,0.0,0.0,0.0,5032.295823097229
86,5160000000000,3.0,10.0,4.5017006802721085,4.0,7.0,588,24.0,24.0,24.0,24.0,24.0,588,0.0,0.0,0.0,0.0,0.0,588,3.0,10.0,4.5017006802721085,4.0,7.0,588,0.0,0.0,0.0,0.0,0.0,0,0.0,0.0,0.0,0.0,0.0,0,1.0,1.0,1.0,1.0,1.0,552,0.9999999999999996,1.0000000000000002,1.0,1.0,1.0000000000000002,552,1.0,1.5,1.0167230833189262,1.0,1.125,552,0.9999999999999996,1.0000000000000002,1.0,1.0,1.0000000000000002,552,552.0,0.0,0.0,0.0,552.0,552.0,0.0,0.0,0.0,0.0,0.0,0.0,1.0,0.0,0.0,720.9695931524038,588.0,588.0,28812.0,7056.0,24.0,24.0,509.0,513.0,81.6938775510204,96.0,0.0,0.0,0.0,134423.0,0.0,0.0,0.0,0.0,0.0,0.0,0.0,0.0,0.0,0.0,0.0,0.0,0.0,0.0,0.0,0.0,4944.19028237462
87,5220000000000,3.0,10.0,4.505102040816326,4.0,7.0,588,24.0,24.0,24.0,24.0,24.0,588,0.0,0.0,0.0,0.0,0.0,588,3.0,10.0,4.505102040816326,4.0,7.0,588,0.0,0.0,0.0,0.0,0.0,0,0.0,0.0,0.0,0.0,0.0,0,1.0,1.0,1.0,1.0,1.0,552,0.9999999999999997,1.0000000000000002,1.0,1.0,1.0000000000000002,552,1.0,1.5833333333333333,1.0221985736569486,1.0,1.1666666666666667,552,0.9999999999999997,1.0000000000000002,1.0,1.0,1.0000000000000002,552,552.0,0.0,0.0,0.0,552.0,552.0,0.0,0.0,0.0,0.0,0.0,0.0,1.0,0.0,0.0,707.7106554061174,588.0,588.0,28812.0,7056.0,24.0,24.0,511.0,515.0,81.1547619047619,96.0,0.0,0.0,0.0,132075.0,0.0,0.0,0.0,0.0,0.0,0.0,0.0,0.0,0.0,0.0,0.0,0.0,0.0,0.0,0.0,0.0,4933.255968615413
88,5280000000000,3.0,10.0,4.496598639455782,4.0,7.0,588,24.0,24.0,24.0,24.0,24.0,588,0.0,0.0,0.0,0.0,0.0,588,3.0,10.0,4.496598639455782,4.0,7.0,588,0.0,0.0,0.0,0.0,0.0,0,0.0,0.0,0.0,0.0,0.0,0,1.0,1.0,1.0,1.0,1.0,552,0.9999999999999996,1.0000000000000004,1.0,1.0,1.0000000000000002,552,1.0,1.5454545454545454,1.0195540773009542,1.0,1.1428571428571428,552,0.9999999999999996,1.0000000000000004,1.0,1.0,1.0000000000000002,552,552.0,0.0,0.0,0.0,552.0,552.0,0.0,0.0,0.0,0.0,0.0,0.0,1.0,0.0,0.0,655.2945598959923,588.0,588.0,28812.0,7056.0,24.0,24.0,506.0,510.0,83.01700680272108,96.0,0.0,0.0,0.0,132662.0,0.0,0.0,0.0,0.0,0.0,0.0,0.0,0.0,0.0,0.0,0.0,0.0,0.0,0.0,0.0,0.0,4971.776496618986
89,5340000000000,3.0,10.0,4.506802721088436,4.0,7.0,588,24.0,24.0,24.0,24.0,24.0,588,0.0,0.0,0.0,0.0,0.0,588,3.0,10.0,4.506802721088436,4.0,7.0,588,0.0,0.0,0.0,0.0,0.0,0,0.0,0.0,0.0,0.0,0.0,0,1.0,1.0,1.0,1.0,1.0,552,0.9999999999999997,1.0000000000000004,1.0,1.0,1.0000000000000002,552,1.0,1.7272727272727273,1.0200943048184092,1.0,1.1428571428571428,552,0.9999999999999997,1.0000000000000004,1.0,1.0,1.0000000000000002,552,552.0,0.0,0.0,0.0,552.0,552.0,0.0,0.0,0.0,0.0,0.0,0.0,1.0,0.0,0.0,714.7220391780138,588.0,588.0,28812.0,7056.0,24.0,24.0,512.0,516.0,81.39285714285714,96.0,0.0,0.0,0.0,133836.0,0.0,0.0,0.0,0.0,0.0,0.0,0.0,0.0,0.0,0.0,0.0,0.0,0.0,0.0,0.0,0.0,5159.723650664091
90,5400000000000,3.0,10.0,4.508503401360544,4.0,7.0,588,24.0,24.0,24.0,24.0,24.0,588,0.0,0.0,0.0,0.0,0.0,588,3.0,10.0,4.508503401360544,4.0,7.0,588,0.0,0.0,0.0,0.0,0.0,0,0.0,0.0,0.0,0.0,0.0,0,1.0,1.0,1.0,1.0,1.0,552,0.9999999999999998,1.0000000000000002,1.0,1.0,1.0000000000000002,552,1.0,1.5454545454545454,1.0195839979855326,1.0,1.1666666666666667,552,0.9999999999999998,1.0000000000000002,1.0,1.0,1.0000000000000002,552,552.0,0.0,0.0,0.0,552.0,552.0,0.0,0.0,0.0,0.0,0.0,0.0,1.0,0.0,0.0,664.7734344005585,588.0,588.0,28812.0,7056.0,24.0,24.0,513.0,517.0,84.52551020408163,96.0,0.0,0.0,0.0,136771.0,0.0,0.0,0.0,0.0,0.0,0.0,0.0,0.0,0.0,0.0,0.0,0.0,0.0,0.0,0.0,0.0,5000.980166718364
91,5460000000000,3.0,10.0,4.5017006802721085,4.0,7.0,588,24.0,24.0,24.0,24.0,24.0,588,0.0,0.0,0.0,0.0,0.0,588,3.0,10.0,4.5017006802721085,4.0,7.0,588,0.0,0.0,0.0,0.0,0.0,0,0.0,0.0,0.0,0.0,0.0,0,1.0,1.0,1.0,1.0,1.0,552,0.9999999999999996,1.0000000000000002,1.0,1.0,1.0000000000000002,552,1.0,1.7272727272727273,1.020407111609227,1.0,1.1428571428571428,552,0.9999999999999996,1.0000000000000002,1.0,1.0,1.0000000000000002,552,552.0,0.0,0.0,0.0,552.0,552.0,0.0,0.0,0.0,0.0,0.0,0.0,1.0,0.0,0.0,712.923027575016,588.0,588.0,28812.0,7056.0,24.0,24.0,509.0,513.0,81.33163265306122,96.0,0.0,0.0,0.0,133249.0,0.0,0.0,0.0,0.0,0.0,0.0,0.0,0.0,0.0,0.0,0.0,0.0,0.0,0.0,0.0,0.0,4831.7223731428385
92,5520000000000,3.0,10.0,4.494897959183674,4.0,7.0,588,24.0,24.0,24.0,24.0,24.0,588,0.0,0.0,0.0,0.0,0.0,588,3.0,10.0,4.494897959183674,4.0,7.0,588,0.0,0.0,0.0,0.0,0.0,0,0.0,0.0,0.0,0.0,0.0,0,1.0,1.0,1.0,1.0,1.0,552,0.9999999999999996,1.0000000000000004,1.0,1.0,1.0000000000000002,552,1.0,1.8181818181818181,1.0197600088352965,1.0,1.153571428571427,552,0.9999999999999996,1.0000000000000004,1.0,1.0,1.0000000000000002,552,552.0,0.0,0.0,0.0,552.0,552.0,0.0,0.0,0.0,0.0,0.0,0.0,1.0,0.0,0.0,666.9184397906065,588.0,588.0,28812.0,7056.0,24.0,24.0,505.0,509.0,84.25,96.0,0.0,0.0,0.0,133249.0,0.0,0.0,0.0,0.0,0.0,0.0,0.0,0.0,0.0,0.0,0.0,0.0,0.0,0.0,0.0,0.0,5318.061500787735
93,5580000000000,3.0,10.0,4.508503401360544,4.0,7.0,588,24.0,24.0,24.0,24.0,24.0,588,0.0,0.0,0.0,0.0,0.0,588,3.0,10.0,4.508503401360544,4.0,7.0,588,0.0,0.0,0.0,0.0,0.0,0,0.0,0.0,0.0,0.0,0.0,0,1.0,1.0,1.0,1.0,1.0,552,0.9999999999999997,1.0000000000000002,1.0,1.0,1.0000000000000002,552,1.0,1.7272727272727273,1.0221479683772579,1.0,1.153571428571427,552,0.9999999999999997,1.0000000000000002,1.0,1.0,1.0000000000000002,552,552.0,0.0,0.0,0.0,552.0,552.0,0.0,0.0,0.0,0.0,0.0,0.0,1.0,0.0,0.0,734.6894294023514,588.0,588.0,28812.0,7056.0,24.0,24.0,513.0,517.0,81.37755102040816,92.0,0.0,0.0,0.0,135597.0,0.0,0.0,0.0,0.0,0.0,0.0,0.0,0.0,0.0,0.0,0.0,0.0,0.0,0.0,0.0,0.0,4724.83429685235
94,5640000000000,3.0,9.0,4.5017006802721085,4.0,7.0,588,24.0,24.0,24.0,24.0,24.0,588,0.0,0.0,0.0,0.0,0.0,588,3.0,9.0,4.5017006802721085,4.0,7.0,588,0.0,0.0,0.0,0.0,0.0,0,0.0,0.0,0.0,0.0,0.0,0,1.0,1.0,1.0,1.0,1.0,552,0.9999999999999997,1.0000000000000004,1.0,1.0,1.0000000000000002,552,1.0,1.7272727272727273,1.018204699848814,1.0,1.1428571428571428,552,0.9999999999999997,1.0000000000000004,1.0,1.0,1.0000000000000002,552,552.0,0.0,0.0,0.0,552.0,552.0,0.0,0.0,0.0,0.0,0.0,0.0,1.0,0.0,0.0,682.5506836175919,588.0,588.0,28812.0,7056.0,24.0,24.0,509.0,513.0,82.171768707483,96.0,0.0,0.0,0.0,133836.0,0.0,0.0,0.0,0.0,0.0,0.0,0.0,0.0,0.0,0.0,0.0,0.0,0.0,0.0,0.0,0.0,5308.568654581904
95,5700000000000,3.0,10.0,4.494897959183674,4.0,7.0,588,24.0,24.0,24.0,24.0,24.0,588,0.0,0.0,0.0,0.0,0.0,588,3.0,10.0,4.494897959183674,4.0,7.0,588,0.0,0.0,0.0,0.0,0.0,0,0.0,0.0,0.0,0.0,0.0,0,1.0,1.0,1.0,1.0,1.0,552,0.9999999999999997,1.0000000000000004,1.0,1.0,1.0000000000000002,552,1.0,1.7272727272727273,1.0212180402308353,1.0,1.1428571428571428,552,0.9999999999999997,1.0000000000000004,1.0,1.0,1.0000000000000002,552,552.0,0.0,0.0,0.0,552.0,552.0,0.0,0.0,0.0,0.0,0.0,0.0,1.0,0.0,0.0,650.4124980419874,588.0,588.0,28812.0,7056.0,24.0,24.0,505.0,509.0,80.34183673469387,96.0,0.0,0.0,0.0,133249.0,0.0,0.0,0.0,0.0,0.0,0.0,0.0,0.0,0.0,0.0,0.0,0.0,0.0,0.0,0.0,0.0,4822.87054695189
96,5760000000000,3.0,9.0,4.4982993197278915,4.0,7.0,588,24.0,24.0,24.0,24.0,24.0,588,0.0,0.0,0.0,0.0,0.0,588,3.0,9.0,4.4982993197278915,4.0,7.0,588,0.0,0.0,0.0,0.0,0.0,0,0.0,0.0,0.0,0.0,0.0,0,1.0,1.0,1.0,1.0,1.0,552,0.9999999999999997,1.0000000000000002,1.0,1.0,1.0000000000000002,552,1.0,1.7272727272727273,1.019370289617808,1.0,1.1428571428571428,552,0.9999999999999997,1.0000000000000002,1.0,1.0,1.0000000000000002,552,552.0,0.0,0.0,0.0,552.0,552.0,0.0,0.0,0.0,0.0,0.0,0.0,1.0,0.0,0.0,683.9584149420261,588.0,588.0,28812.0,7056.0,24.0,24.0,507.0,511.0,81.34183673469387,92.0,0.0,0.0,0.0,132075.0,0.0,0.0,0.0,0.0,0.0,0.0,0.0,0.0,0.0,0.0,0.0,0.0,0.0,0.0,0.0,0.0,5323.933381587267
97,5820000000000,3.0,10.0,4.493197278911564,4.0,7.0,588,24.0,24.0,24.0,24.0,24.0,588,0.0,0.0,0.0,0.0,0.0,588,3.0,10.0,4.493197278911564,4.0,7.0,588,0.0,0.0,0.0,0.0,0.0,0,0.0,0.0,0.0,0.0,0.0,0,1.0,1.0,1.0,1.0,1.0,552,0.9999999999999998,1.0000000000000004,1.0,1.0,1.0000000000000002,552,1.0,1.7272727272727273,1.019598174858375,1.0,1.125,552,0.9999999999999998,1.0000000000000004,1.0,1.0,1.0000000000000002,552,552.0,0.0,0.0,0.0,552.0,552.0,0.0,0.0,0.0,0.0,0.0,0.0,1.0,0.0,0.0,331.2639333307743,588.0,588.0,28812.0,7056.0,24.0,24.0,504.0,508.0,82.6360544217687,96.0,0.0,0.0,0.0,133249.0,0.0,0.0,0.0,0.0,0.0,0.0,0.0,0.0,0.0,0.0,0.0,0.0,0.0,0.0,0.0,0.0,2511.493869125843
98,5880000000000,3.0,9.0,4.496598639455782,4.0,7.0,588,24.0,24.0,24.0,24.0,24.0,588,0.0,0.0,0.0,0.0,0.0,588,3.0,9.0,4.496598639455782,4.0,7.0,588,0.0,0.0,0.0,0.0,0.0,0,0.0,0.0,0.0,0.0,0.0,0,1.0,1.0,1.0,1.0,1.0,552,0.9999999999999997,1.0000000000000004,1.0,1.0,1.0000000000000002,552,1.0,1.7272727272727273,1.0203161091543185,1.0,1.1428571428571428,552,0.9999999999999997,1.0000000000000004,1.0,1.0,1.0000000000000002,552,552.0,0.0,0.0,0.0,552.0,552.0,0.0,0.0,0.0,0.0,0.0,0.0,1.0,0.0,0.0,695.8662830293179,588.0,588.0,28812.0,7056.0,24.0,24.0,506.0,510.0,80.72108843537416,92.0,0.0,0.0,0.0,132075.0,0.0,0.0,0.0,0.0,0.0,0.0,0.0,0.0,0.0,0.0,0.0,0.0,0.0,0.0,0.0,0.0,5871.521459892392
99,5940000000000,3.0,10.0,4.508503401360544,4.0,7.0,588,24.0,24.0,24.0,24.0,24.0,588,0.0,0.0,0.0,0.0,0.0,588,3.0,10.0,4.508503401360544,4.0,7.0,588,0.0,0.0,0.0,0.0,0.0,0,0.0,0.0,0.0,0.0,0.0,0,1.0,1.0,1.0,1.0,1.0,552,0.9999999999999997,1.0000000000000002,1.0,1.0,1.0000000000000002,552,1.0,1.7272727272727273,1.0217527377272135,1.0,1.1428571428571428,552,0.9999999999999997,1.0000000000000002,1.0,1.0,1.0000000000000002,552,552.0,0.0,0.0,0.0,552.0,552.0,0.0,0.0,0.0,0.0,0.0,0.0,1.0,0.0,0.0,713.9568421989679,588.0,588.0,28812.0,7056.0,24.0,24.0,513.0,517.0,83.5952380952381,96.0,0.0,0.0,0.0,134423.0,0.0,0.0,0.0,0.0,0.0,0.0,0.0,0.0,0.0,0.0,0.0,0.0,0.0,0.0,0.0,0.0,3529.4665079563856
100,6000000000000,3.0,9.0,4.488095238095238,4.0,7.0,588,24.0,24.0,24.0,24.0,24.0,588,0.0,0.0,0.0,0.0,0.0,588,3.0,9.0,4.488095238095238,4.0,7.0,588,0.0,0.0,0.0,0.0,0.0,0,0.0,0.0,0.0,0.0,0.0,0,1.0,1.0,1.0,1.0,1.0,552,0.9999999999999997,1.0000000000000004,1.0,1.0,1.0000000000000002,552,1.0,1.7272727272727273,1.0196094606629853,1.0,1.1428571428571428,552,0.9999999999999997,1.0000000000000004,1.0,1.0,1.0000000000000002,552,552.0,0.0,0.0,0.0,552.0,552.0,0.0,0.0,0.0,0.0,0.0,0.0,1.0,0.0,0.0,400.2489950507879,588.0,588.0,28812.0,7056.0,24.0,24.0,501.0,505.0,79.41326530612245,96.0,0.0,0.0,0.0,131488.0,0.0,0.0,0.0,0.0,0.0,0.0,0.0,0.0,0.0,0.0,0.0,0.0,0.0,0.0,0.0,0.0,2844.3891797214746
101,6060000000000,3.0,9.0,4.5,4.0,7.0,588,24.0,24.0,24.0,24.0,24.0,588,0.0,0.0,0.0,0.0,0.0,588,3.0,9.0,4.5,4.0,7.0,588,0.0,0.0,0.0,0.0,0.0,0,0.0,0.0,0.0,0.0,0.0,0,1.0,1.0,1.0,1.0,1.0,552,0.9999999999999997,1.0000000000000002,1.0,1.0,1.0000000000000002,552,1.0,1.7272727272727273,1.0177511635194847,1.0,1.133035714285713,552,0.9999999999999997,1.0000000000000002,1.0,1.0,1.0000000000000002,552,552.0,0.0,0.0,0.0,552.0,552.0,0.0,0.0,0.0,0.0,0.0,0.0,1.0,0.0,0.0,337.53582648932934,588.0,588.0,28812.0,7056.0,24.0,24.0,508.0,512.0,82.75680272108843,96.0,0.0,0.0,0.0,132662.0,0.0,0.0,0.0,0.0,0.0,0.0,0.0,0.0,0.0,0.0,0.0,0.0,0.0,0.0,0.0,0.0,2718.6417169868946
102,6120000000000,3.0,9.0,4.496598639455782,4.0,7.0,588,24.0,24.0,24.0,24.0,24.0,588,0.0,0.0,0.0,0.0,0.0,588,3.0,9.0,4.496598639455782,4.0,7.0,588,0.0,0.0,0.0,0.0,0.0,0,0.0,0.0,0.0,0.0,0.0,0,1.0,1.0,1.0,1.0,1.0,552,0.9999999999999996,1.0000000000000004,1.0,1.0,1.0000000000000002,552,1.0,1.7272727272727273,1.020527929427161,1.0,1.153571428571427,552,0.9999999999999996,1.0000000000000004,1.0,1.0,1.0000000000000002,552,552.0,0.0,0.0,0.0,552.0,552.0,0.0,0.0,0.0,0.0,0.0,0.0,1.0,0.0,0.0,325.78505761921406,588.0,588.0,28812.0,7056.0,24.0,24.0,506.0,510.0,80.93537414965986,96.0,0.0,0.0,0.0,130901.0,0.0,0.0,0.0,0.0,0.0,0.0,0.0,0.0,0.0,0.0,0.0,0.0,0.0,0.0,0.0,0.0,2531.5932389348745
103,6180000000000,3.0,9.0,4.494897959183674,4.0,7.0,588,24.0,24.0,24.0,24.0,24.0,588,0.0,0.0,0.0,0.0,0.0,588,3.0,9.0,4.494897959183674,4.0,7.0,588,0.0,0.0,0.0,0.0,0.0,0,0.0,0.0,0.0,0.0,0.0,0,1.0,1.0,1.0,1.0,1.0,552,0.9999999999999997,1.0000000000000004,1.0,1.0,1.0000000000000002,552,1.0,1.6363636363636365,1.0162246326904951,1.0,1.1428571428571428,552,0.9999999999999997,1.0000000000000004,1.0,1.0,1.0000000000000002,552,552.0,0.0,0.0,0.0,552.0,552.0,0.0,0.0,0.0,0.0,0.0,0.0,1.0,0.0,0.0,694.3801399320364,588.0,588.0,28812.0,7056.0,24.0,24.0,505.0,509.0,82.32993197278911,96.0,0.0,0.0,0.0,133836.0,0.0,0.0,0.0,0.0,0.0,0.0,0.0,0.0,0.0,0.0,0.0,0.0,0.0,0.0,0.0,0.0,5203.9622236043215
104,6240000000000,3.0,9.0,4.493197278911564,4.0,7.0,588,24.0,24.0,24.0,24.0,24.0,588,0.0,0.0,0.0,0.0,0.0,588,3.0,9.0,4.493197278911564,4.0,7.0,588,0.0,0.0,0.0,0.0,0.0,0,0.0,0.0,0.0,0.0,0.0,0,1.0,1.0,1.0,1.0,1.0,552,0.9999999999999997,1.0000000000000004,1.0,1.0,1.0000000000000002,552,1.0,1.7272727272727273,1.0235057906004823,1.0,1.1666666666666667,552,0.9999999999999997,1.0000000000000004,1.0,1.0,1.0000000000000002,552,552.0,0.0,0.0,0.0,552.0,552.0,0.0,0.0,0.0,0.0,0.0,0.0,1.0,0.0,0.0,367.53098852932453,588.0,588.0,28812.0,7056.0,24.0,24.0,504.0,508.0,81.18707482993197,96.0,0.0,0.0,0.0,130314.0,0.0,0.0,0.0,0.0,0.0,0.0,0.0,0.0,0.0,0.0,0.0,0.0,0.0,0.0,0.0,0.0,4933.3634451031685
105,6300000000000,3.0,9.0,4.494897959183674,4.0,7.0,588,24.0,24.0,24.0,24.0,24.0,588,0.0,0.0,0.0,0.0,0.0,588,3.0,9.0,4.494897959183674,4.0,7.0,588,0.0,0.0,0.0,0.0,0.0,0,0.0,0.0,0.0,0.0,0.0,0,1.0,1.0,1.0,1.0,1.0,552,0.9999999999999998,1.0000000000000004,1.0,1.0,1.0000000000000002,552,1.0,1.6363636363636365,1.0204670565836769,1.0,1.1666666666666667,552,0.9999999999999998,1.0000000000000004,1.0,1.0,1.0000000000000002,552,552.0,0.0,0.0,0.0,552.0,552.0,0.0,0.0,0.0,0.0,0.0,0.0,1.0,0.0,0.0,332.69036933779716,588.0,588.0,28812.0,7056.0,24.0,24.0,505.0,509.0,81.77721088435374,96.0,0.0,0.0,0.0,132662.0,0.0,0.0,0.0,0.0,0.0,0.0,0.0,0.0,0.0,0.0,0.0,0.0,0.0,0.0,0.0,0.0,2508.6358189582825
106,6360000000000,3.0,9.0,4.493197278911564,4.0,7.0,588,24.0,24.0,24.0,24.0,24.0,588,0.0,0.0,0.0,0.0,0.0,588,3.0,9.0,4.493197278911564,4.0,7.0,588,0.0,0.0,0.0,0.0,0.0,0,0.0,0.0,0.0,0.0,0.0,0,1.0,1.0,1.0,1.0,1.0,552,0.9999999999999997,1.0000000000000002,1.0,1.0,1.0000000000000002,552,1.0,1.7272727272727273,1.0239201817278312,1.0,1.153571428571427,552,0.9999999999999997,1.0000000000000002,1.0,1.0,1.0000000000000002,552,552.0,0.0,0.0,0.0,552.0,552.0,0.0,0.0,0.0,0.0,0.0,0.0,1.0,0.0,0.0,727.3446433246136,588.0,588.0,28812.0,7056.0,24.0,24.0,504.0,508.0,83.73979591836735,96.0,0.0,0.0,0.0,132662.0,0.0,0.0,0.0,0.0,0.0,0.0,0.0,0.0,0.0,0.0,0.0,0.0,0.0,0.0,0.0,0.0,4957.665851339698
107,6420000000000,3.0,9.0,4.505102040816326,4.0,7.0,588,24.0,24.0,24.0,24.0,24.0,588,0.0,0.0,0.0,0.0,0.0,588,3.0,9.0,4.505102040816326,4.0,7.0,588,0.0,0.0,0.0,0.0,0.0,0,0.0,0.0,0.0,0.0,0.0,0,1.0,1.0,1.0,1.0,1.0,552,0.9999999999999997,1.0000000000000002,1.0,1.0,1.0000000000000002,552,1.0,1.7272727272727273,1.0182032849936586,1.0,1.1428571428571428,552,0.9999999999999997,1.0000000000000002,1.0,1.0,1.0000000000000002,552,552.0,0.0,0.0,0.0,552.0,552.0,0.0,0.0,0.0,0.0,0.0,0.0,1.0,0.0,0.0,689.6815318614244,588.0,588.0,28812.0,7056.0,24.0,24.0,511.0,515.0,81.74489795918367,96.0,0.0,0.0,0.0,132662.0,0.0,0.0,0.0,0.0,0.0,0.0,0.0,0.0,0.0,0.0,0.0,0.0,0.0,0.0,0.0,0.0,5289.378959685564
108,6480000000000,3.0,9.0,4.482993197278912,4.0,7.0,588,24.0,24.0,24.0,24.0,24.0,588,0.0,0.0,0.0,0.0,0.0,588,3.0,9.0,4.482993197278912,4.0,7.0,588,0.0,0.0,0.0,0.0,0.0,0,0.0,0.0,0.0,0.0,0.0,0,1.0,1.0,1.0,1.0,1.0,552,0.9999999999999996,1.0000000000000004,1.0,1.0,1.0000000000000002,552,1.0,1.7272727272727273,1.0171613357470384,1.0,1.114052287581699,552,0.9999999999999996,1.0000000000000004,1.0,1.0,1.0000000000000002,552,552.0,0.0,0.0,0.0,552.0,552.0,0.0,0.0,0.0,0.0,0.0,0.0,1.0,0.0,0.0,682.5023964047432,588.0,588.0,28812.0,7056.0,24.0,24.0,498.0,502.0,84.92517006802721,96.0,0.0,0.0,0.0,131488.0,0.0,0.0,0.0,0.0,0.0,0.0,0.0,0.0,0.0,0.0,0.0,0.0,0.0,0.0,0.0,0.0,5034.667806699872
109,6540000000000,3.0,10.0,4.503401360544218,4.0,7.0,588,24.0,24.0,24.0,24.0,24.0,588,0.0,0.0,0.0,0.0,0.0,588,3.0,10.0,4.503401360544218,4.0,7.0,588,0.0,0.0,0.0,0.0,0.0,0,0.0,0.0,0.0,0.0,0.0,0,1.0,1.0,1.0,1.0,1.0,552,0.9999999999999997,1.0000000000000004,1.0,1.0,1.0000000000000002,552,1.0,1.7272727272727273,1.0202417388122473,1.0,1.153571428571427,552,0.9999999999999997,1.0000000000000004,1.0,1.0,1.0000000000000002,552,552.0,0.0,0.0,0.0,552.0,552.0,0.0,0.0,0.0,0.0,0.0,0.0,1.0,0.0,0.0,733.9364774525166,588.0,588.0,28812.0,7056.0,24.0,24.0,510.0,514.0,81.75170068027211,96.0,0.0,0.0,0.0,131488.0,0.0,0.0,0.0,0.0,0.0,0.0,0.0,0.0,0.0,0.0,0.0,0.0,0.0,0.0,0.0,0.0,5162.99076937139
110,6600000000000,3.0,10.0,4.493197278911564,4.0,7.0,588,24.0,24.0,24.0,24.0,24.0,588,0.0,0.0,0.0,0.0,0.0,588,3.0,10.0,4.493197278911564,4.0,7.0,588,0.0,0.0,0.0,0.0,0.0,0,0.0,0.0,0.0,0.0,0.0,0,1.0,1.0,1.0,1.0,1.0,552,0.9999999999999998,1.0000000000000002,1.0,1.0,1.0000000000000002,552,1.0,1.7272727272727273,1.0144615924603833,1.0,1.1049999999999993,552,0.9999999999999998,1.0000000000000002,1.0,1.0,1.0000000000000002,552,552.0,0.0,0.0,0.0,552.0,552.0,0.0,0.0,0.0,0.0,0.0,0.0,1.0,0.0,0.0,683.4926903247833,588.0,588.0,28812.0,7056.0,24.0,24.0,504.0,508.0,81.59183673469387,96.0,0.0,0.0,0.0,133249.0,0.0,0.0,0.0,0.0,0.0,0.0,0.0,0.0,0.0,0.0,0.0,0.0,0.0,0.0,0.0,0.0,4758.279457688332
111,6660000000000,3.0,10.0,4.48469387755102,4.0,7.0,588,24.0,24.0,24.0,24.0,24.0,588,0.0,0.0,0.0,0.0,0.0,588,3.0,10.0,4.48469387755102,4.0,7.0,588,0.0,0.0,0.0,0.0,0.0,0,0.0,0.0,0.0,0.0,0.0,0,1.0,1.0,1.0,1.0,1.0,552,0.9999999999999996,1.0000000000000004,1.0,1.0,1.0000000000000002,552,1.0,1.7272727272727273,1.0186369245390887,1.0,1.133035714285713,552,0.9999999999999996,1.0000000000000004,1.0,1.0,1.0000000000000002,552,552.0,0.0,0.0,0.0,552.0,552.0,0.0,0.0,0.0,0.0,0.0,0.0,1.0,0.0,0.0,705.4912243038416,588.0,588.0,28812.0,7056.0,24.0,24.0,499.0,503.0,80.24319727891157,96.0,0.0,0.0,0.0,129727.0,0.0,0.0,0.0,0.0,0.0,0.0,0.0,0.0,0.0,0.0,0.0,0.0,0.0,0.0,0.0,0.0,4972.782107070088
112,6720000000000,3.0,10.0,4.493197278911564,4.0,7.0,588,24.0,24.0,24.0,24.0,24.0,588,0.0,0.0,0.0,0.0,0.0,588,3.0,10.0,4.493197278911564,4.0,7.0,588,0.0,0.0,0.0,0.0,0.0,0,0.0,0.0,0.0,0.0,0.0,0,1.0,1.0,1.0,1.0,1.0,552,0.9999999999999997,1.0000000000000002,1.0,1.0,1.0000000000000002,552,1.0,1.6363636363636365,1.0146016611985977,1.0,1.1111111111111112,552,0.9999999999999997,1.0000000000000002,1.0,1.0,1.0000000000000002,552,552.0,0.0,0.0,0.0,552.0,552.0,0.0,0.0,0.0,0.0,0.0,0.0,1.0,0.0,0.0,721.382386982441,588.0,588.0,28812.0,7056.0,24.0,24.0,504.0,508.0,81.92687074829932,96.0,0.0,0.0,0.0,132075.0,0.0,0.0,0.0,0.0,0.0,0.0,0.0,0.0,0.0,0.0,0.0,0.0,0.0,0.0,0.0,0.0,5425.667917355895
113,6780000000000,3.0,10.0,4.493197278911564,4.0,7.0,588,24.0,24.0,24.0,24.0,24.0,588,0.0,0.0,0.0,0.0,0.0,588,3.0,10.0,4.493197278911564,4.0,7.0,588,0.0,0.0,0.0,0.0,0.0,0,0.0,0.0,0.0,0.0,0.0,0,1.0,1.0,1.0,1.0,1.0,552,0.9999999999999997,1.0000000000000002,1.0,1.0,1.0000000000000002,552,1.0,1.7272727272727273,1.0187262885585606,1.0,1.133035714285713,552,0.9999999999999997,1.0000000000000002,1.0,1.0,1.0000000000000002,552,552.0,0.0,0.0,0.0,552.0,552.0,0.0,0.0,0.0,0.0,0.0,0.0,1.0,0.0,0.0,713.3096680045128,588.0,588.0,28812.0,7056.0,24.0,24.0,504.0,508.0,82.55442176870748,96.0,0.0,0.0,0.0,132075.0,0.0,0.0,0.0,0.0,0.0,0.0,0.0,0.0,0.0,0.0,0.0,0.0,0.0,0.0,0.0,0.0,4846.861008554697
114,6840000000000,3.0,10.0,4.496598639455782,4.0,7.0,588,24.0,24.0,24.0,24.0,24.0,588,0.0,0.0,0.0,0.0,0.0,588,3.0,10.0,4.496598639455782,4.0,7.0,588,0.0,0.0,0.0,0.0,0.0,0,0.0,0.0,0.0,0.0,0.0,0,1.0,1.0,1.0,1.0,1.0,552,0.9999999999999997,1.0000000000000002,1.0,1.0,1.0000000000000002,552,1.0,1.6363636363636365,1.014783118205685,1.0,1.125,552,0.9999999999999997,1.0000000000000002,1.0,1.0,1.0000000000000002,552,552.0,0.0,0.0,0.0,552.0,552.0,0.0,0.0,0.0,0.0,0.0,0.0,1.0,0.0,0.0,698.9346295595169,588.0,588.0,28812.0,7056.0,24.0,24.0,506.0,510.0,82.07312925170068,96.0,0.0,0.0,0.0,132662.0,0.0,0.0,0.0,0.0,0.0,0.0,0.0,0.0,0.0,0.0,0.0,0.0,0.0,0.0,0.0,0.0,5159.745588898659
115,6900000000000,3.0,10.0,4.488095238095238,4.0,7.0,588,24.0,24.0,24.0,24.0,24.0,588,0.0,0.0,0.0,0.0,0.0,588,3.0,10.0,4.488095238095238,4.0,7.0,588,0.0,0.0,0.0,0.0,0.0,0,0.0,0.0,0.0,0.0,0.0,0,1.0,1.0,1.0,1.0,1.0,552,0.9999999999999997,1.0000000000000002,1.0,1.0,1.0000000000000002,552,1.0,1.7272727272727273,1.0179163555233808,1.0,1.133035714285713,552,0.9999999999999997,1.0000000000000002,1.0,1.0,1.0000000000000002,552,552.0,0.0,0.0,0.0,552.0,552.0,0.0,0.0,0.0,0.0,0.0,0.0,1.0,0.0,0.0,696.2274592369795,588.0,588.0,28812.0,7056.0,24.0,24.0,501.0,505.0,82.22108843537416,96.0,0.0,0.0,0.0,130901.0,0.0,0.0,0.0,0.0,0.0,0.0,0.0,0.0,0.0,0.0,0.0,0.0,0.0,0.0,0.0,0.0,4770.196624100208
116,6960000000000,3.0,10.0,4.48639455782313,4.0,7.0,588,24.0,24.0,24.0,24.0,24.0,588,0.0,0.0,0.0,0.0,0.0,588,3.0,10.0,4.48639455782313,4.0,7.0,588,0.0,0.0,0.0,0.0,0.0,0,0.0,0.0,0.0,0.0,0.0,0,1.0,1.0,1.0,1.0,1.0,552,0.9999999999999996,1.0000000000000004,1.0,1.0,1.0000000000000002,552,1.0,1.6363636363636365,1.0163245569805162,1.0,1.1111111111111112,552,0.9999999999999996,1.0000000000000004,1.0,1.0,1.0000000000000002,552,552.0,0.0,0.0,0.0,552.0,552.0,0.0,0.0,0.0,0.0,0.0,0.0,1.0,0.0,0.0,729.5010294765234,588.0,588.0,28812.0,7056.0,24.0,24.0,500.0,504.0,81.41326530612245,96.0,0.0,0.0,0.0,132075.0,0.0,0.0,0.0,0.0,0.0,0.0,0.0,0.0,0.0,0.0,0.0,0.0,0.0,0.0,0.0,0.0,5314.026448875666
117,7020000000000,3.0,10.0,4.496598639455782,4.0,7.0,588,24.0,24.0,24.0,24.0,24.0,588,0.0,0.0,0.0,0.0,0.0,588,3.0,10.0,4.496598639455782,4.0,7.0,588,0.0,0.0,0.0,0.0,0.0,0,0.0,0.0,0.0,0.0,0.0,0,1.0,1.0,1.0,1.0,1.0,552,0.9999999999999997,1.0000000000000004,1.0,1.0,1.0000000000000002,552,1.0,1.7272727272727273,1.0158987579863537,1.0,1.125,552,0.9999999999999997,1.0000000000000004,1.0,1.0,1.0000000000000002,552,552.0,0.0,0.0,0.0,552.0,552.0,0.0,0.0,0.0,0.0,0.0,0.0,1.0,0.0,0.0,679.2422886937857,588.0,588.0,28812.0,7056.0,24.0,24.0,506.0,510.0,84.03571428571429,96.0,0.0,0.0,0.0,133249.0,0.0,0.0,0.0,0.0,0.0,0.0,0.0,0.0,0.0,0.0,0.0,0.0,0.0,0.0,0.0,0.0,4907.519023865461
118,7080000000000,3.0,10.0,4.506802721088436,4.0,7.0,588,24.0,24.0,24.0,24.0,24.0,588,0.0,0.0,0.0,0.0,0.0,588,3.0,10.0,4.506802721088436,4.0,7.0,588,0.0,0.0,0.0,0.0,0.0,0,0.0,0.0,0.0,0.0,0.0,0,1.0,1.0,1.0,1.0,1.0,552,0.9999999999999997,1.0000000000000002,1.0,1.0,1.0000000000000002,552,1.0,1.6363636363636365,1.01760600275365,1.0,1.125,552,0.9999999999999997,1.0000000000000002,1.0,1.0,1.0000000000000002,552,552.0,0.0,0.0,0.0,552.0,552.0,0.0,0.0,0.0,0.0,0.0,0.0,1.0,0.0,0.0,687.9161819815636,588.0,588.0,28812.0,7056.0,24.0,24.0,512.0,516.0,82.21598639455782,96.0,0.0,0.0,0.0,135010.0,0.0,0.0,0.0,0.0,0.0,0.0,0.0,0.0,0.0,0.0,0.0,0.0,0.0,0.0,0.0,0.0,5050.327695906162
119,7140000000000,3.0,10.0,4.496598639455782,4.0,7.0,588,24.0,24.0,24.0,24.0,24.0,588,0.0,0.0,0.0,0.0,0.0,588,3.0,10.0,4.496598639455782,4.0,7.0,588,0.0,0.0,0.0,0.0,0.0,0,0.0,0.0,0.0,0.0,0.0,0,1.0,1.0,1.0,1.0,1.0,552,0.9999999999999998,1.0000000000000002,1.0,1.0,1.0000000000000002,552,1.0,1.7272727272727273,1.0150862394508493,1.0,1.125,552,0.9999999999999998,1.0000000000000002,1.0,1.0,1.0000000000000002,552,552.0,0.0,0.0,0.0,552.0,552.0,0.0,0.0,0.0,0.0,0.0,0.0,1.0,0.0,0.0,711.3190926611423,588.0,588.0,28812.0,7056.0,24.0,24.0,506.0,510.0,82.82482993197279,96.0,0.0,0.0,0.0,133836.0,0.0,0.0,0.0,0.0,0.0,0.0,0.0,0.0,0.0,0.0,0.0,0.0,0.0,0.0,0.0,0.0,5330.303577706218
120,7200000000000,3.0,10.0,4.491496598639456,4.0,7.0,588,24.0,24.0,24.0,24.0,24.0,588,0.0,0.0,0.0,0.0,0.0,588,3.0,10.0,4.491496598639456,4.0,7.0,588,0.0,0.0,0.0,0.0,0.0,0,0.0,0.0,0.0,0.0,0.0,0,1.0,1.0,1.0,1.0,1.0,552,0.9999999999999997,1.0000000000000004,1.0,1.0,1.0000000000000002,552,1.0,1.7272727272727273,1.015604390395547,1.0,1.1173611111111101,552,0.9999999999999997,1.0000000000000004,1.0,1.0,1.0000000000000002,552,552.0,0.0,0.0,0.0,552.0,552.0,0.0,0.0,0.0,0.0,0.0,0.0,1.0,0.0,0.0,731.9164723157883,588.0,588.0,28812.0,7056.0,24.0,24.0,503.0,507.0,83.3452380952381,96.0,0.0,0.0,0.0,133249.0,0.0,0.0,0.0,0.0,0.0,0.0,0.0,0.0,0.0,0.0,0.0,0.0,0.0,0.0,0.0,0.0,5215.003279969096
121,7260000000000,3.0,10.0,4.503401360544218,4.0,7.0,588,24.0,24.0,24.0,24.0,24.0,588,0.0,0.0,0.0,0.0,0.0,588,3.0,10.0,4.503401360544218,4.0,7.0,588,0.0,0.0,0.0,0.0,0.0,0,0.0,0.0,0.0,0.0,0.0,0,1.0,1.0,1.0,1.0,1.0,552,0.9999999999999997,1.0000000000000004,1.0,1.0,1.0000000000000002,552,1.0,1.7272727272727273,1.0156914240561938,1.0,1.1173611111111101,552,0.9999999999999997,1.0000000000000004,1.0,1.0,1.0000000000000002,552,552.0,0.0,0.0,0.0,552.0,552.0,0.0,0.0,0.0,0.0,0.0,0.0,1.0,0.0,0.0,683.6753264069557,588.0,588.0,28812.0,7056.0,24.0,24.0,510.0,514.0,83.44897959183673,96.0,0.0,0.0,0.0,135010.0,0.0,0.0,0.0,0.0,0.0,0.0,0.0,0.0,0.0,0.0,0.0,0.0,0.0,0.0,0.0,0.0,4797.476990148425
122,7320000000000,3.0,10.0,4.493197278911564,4.0,7.0,588,24.0,24.0,24.0,24.0,24.0,588,0.0,0.0,0.0,0.0,0.0,588,3.0,10.0,4.493197278911564,4.0,7.0,588,0.0,0.0,0.0,0.0,0.0,0,0.0,0.0,0.0,0.0,0.0,0,1.0,1.0,1.0,1.0,1.0,552,0.9999999999999998,1.0000000000000004,1.0,1.0,1.0000000000000002,552,1.0,1.7272727272727273,1.0182330260023675,1.0,1.125,552,0.9999999999999998,1.0000000000000004,1.0,1.0,1.0000000000000002,552,552.0,0.0,0.0,0.0,552.0,552.0,0.0,0.0,0.0,0.0,0.0,0.0,1.0,0.0,0.0,694.5200711488724,588.0,588.0,28812.0,7056.0,24.0,24.0,504.0,508.0,83.55272108843538,96.0,0.0,0.0,0.0,132662.0,0.0,0.0,0.0,0.0,0.0,0.0,0.0,0.0,0.0,0.0,0.0,0.0,0.0,0.0,0.0,0.0,5356.5813023597
123,7380000000000,3.0,10.0,4.517006802721088,4.0,7.0,588,24.0,24.0,24.0,24.0,24.0,588,0.0,0.0,0.0,0.0,0.0,588,3.0,10.0,4.517006802721088,4.0,7.0,588,0.0,0.0,0.0,0.0,0.0,0,0.0,0.0,0.0,0.0,0.0,0,1.0,1.0,1.0,1.0,1.0,552,0.9999999999999997,1.0000000000000002,1.0,1.0,1.0000000000000002,552,1.0,1.6363636363636365,1.0159513943739613,1.0,1.125,552,0.9999999999999997,1.0000000000000002,1.0,1.0,1.0000000000000002,552,552.0,0.0,0.0,0.0,552.0,552.0,0.0,0.0,0.0,0.0,0.0,0.0,1.0,0.0,0.0,710.0332621484995,588.0,588.0,28812.0,7056.0,24.0,24.0,518.0,522.0,81.7687074829932,96.0,0.0,0.0,0.0,135597.0,0.0,0.0,0.0,0.0,0.0,0.0,0.0,0.0,0.0,0.0,0.0,0.0,0.0,0.0,0.0,0.0,4852.65664383769
124,7440000000000,3.0,10.0,4.4982993197278915,4.0,7.0,588,24.0,24.0,24.0,24.0,24.0,588,0.0,0.0,0.0,0.0,0.0,588,3.0,10.0,4.4982993197278915,4.0,7.0,588,0.0,0.0,0.0,0.0,0.0,0,0.0,0.0,0.0,0.0,0.0,0,1.0,1.0,1.0,1.0,1.0,552,0.9999999999999996,1.0000000000000004,1.0,1.0,1.0000000000000002,552,1.0,1.7272727272727273,1.0194619271985,1.0,1.1428571428571428,552,0.9999999999999996,1.0000000000000004,1.0,1.0,1.0000000000000002,552,552.0,0.0,0.0,0.0,552.0,552.0,0.0,0.0,0.0,0.0,0.0,0.0,1.0,0.0,0.0,693.1780427694321,588.0,588.0,28812.0,7056.0,24.0,24.0,507.0,511.0,83.10884353741497,96.0,0.0,0.0,0.0,133836.0,0.0,0.0,0.0,0.0,0.0,0.0,0.0,0.0,0.0,0.0,0.0,0.0,0.0,0.0,0.0,0.0,5167.0158840715885
125,7500000000000,3.0,10.0,4.51360544217687,4.0,7.0,588,24.0,24.0,24.0,24.0,24.0,588,0.0,0.0,0.0,0.0,0.0,588,3.0,10.0,4.51360544217687,4.0,7.0,588,0.0,0.0,0.0,0.0,0.0,0,0.0,0.0,0.0,0.0,0.0,0,1.0,1.0,1.0,1.0,1.0,552,0.9999999999999996,1.0000000000000002,1.0,1.0,1.0000000000000002,552,1.0,1.6363636363636365,1.017610838545398,1.0,1.125,552,0.9999999999999996,1.0000000000000002,1.0,1.0,1.0000000000000002,552,552.0,0.0,0.0,0.0,552.0,552.0,0.0,0.0,0.0,0.0,0.0,0.0,1.0,0.0,0.0,680.2389267832041,588.0,588.0,28812.0,7056.0,24.0,24.0,516.0,520.0,81.50850340136054,96.0,0.0,0.0,0.0,136771.0,0.0,0.0,0.0,0.0,0.0,0.0,0.0,0.0,0.0,0.0,0.0,0.0,0.0,0.0,0.0,0.0,4801.86128988862
126,7560000000000,3.0,10.0,4.505102040816326,4.0,7.0,588,24.0,24.0,24.0,24.0,24.0,588,0.0,0.0,0.0,0.0,0.0,588,3.0,10.0,4.505102040816326,4.0,7.0,588,0.0,0.0,0.0,0.0,0.0,0,0.0,0.0,0.0,0.0,0.0,0,1.0,1.0,1.0,1.0,1.0,552,0.9999999999999997,1.0000000000000002,1.0,1.0,1.0000000000000002,552,1.0,1.7272727272727273,1.0177070536600055,1.0,1.125,552,0.9999999999999997,1.0000000000000002,1.0,1.0,1.0000000000000002,552,552.0,0.0,0.0,0.0,552.0,552.0,0.0,0.0,0.0,0.0,0.0,0.0,1.0,0.0,0.0,692.6886513829231,588.0,588.0,28812.0,7056.0,24.0,24.0,511.0,515.0,82.40986394557824,96.0,0.0,0.0,0.0,135010.0,0.0,0.0,0.0,0.0,0.0,0.0,0.0,0.0,0.0,0.0,0.0,0.0,0.0,0.0,0.0,0.0,5420.347178354859
127,7620000000000,3.0,10.0,4.506802721088436,4.0,7.0,588,24.0,24.0,24.0,24.0,24.0,588,0.0,0.0,0.0,0.0,0.0,588,3.0,10.0,4.506802721088436,4.0,7.0,588,0.0,0.0,0.0,0.0,0.0,0,0.0,0.0,0.0,0.0,0.0,0,1.0,1.0,1.0,1.0,1.0,552,0.9999999999999997,1.0000000000000004,1.0,1.0,1.0000000000000002,552,1.0,1.6363636363636365,1.0143691918838305,1.0,1.1,552,0.9999999999999997,1.0000000000000004,1.0,1.0,1.0000000000000002,552,552.0,0.0,0.0,0.0,552.0,552.0,0.0,0.0,0.0,0.0,0.0,0.0,1.0,0.0,0.0,712.9175756126642,588.0,588.0,28812.0,7056.0,24.0,24.0,512.0,516.0,83.23639455782313,96.0,0.0,0.0,0.0,136184.0,0.0,0.0,0.0,0.0,0.0,0.0,0.0,0.0,0.0,0.0,0.0,0.0,0.0,0.0,0.0,0.0,4758.558141067624
128,7680000000000,3.0,10.0,4.5187074829931975,4.0,7.0,588,24.0,24.0,24.0,24.0,24.0,588,0.0,0.0,0.0,0.0,0.0,588,3.0,10.0,4.5187074829931975,4.0,7.0,588,0.0,0.0,0.0,0.0,0.0,0,0.0,0.0,0.0,0.0,0.0,0,1.0,1.0,1.0,1.0,1.0,552,0.9999999999999997,1.0000000000000004,1.0,1.0,1.0000000000000002,552,1.0,1.7272727272727273,1.0200769474892983,1.0,1.147802197802197,552,0.9999999999999997,1.0000000000000004,1.0,1.0,1.0000000000000002,552,552.0,0.0,0.0,0.0,552.0,552.0,0.0,0.0,0.0,0.0,0.0,0.0,1.0,0.0,0.0,679.9335163086653,588.0,588.0,28812.0,7056.0,24.0,24.0,519.0,523.0,82.52210884353741,96.0,0.0,0.0,0.0,135597.0,0.0,0.0,0.0,0.0,0.0,0.0,0.0,0.0,0.0,0.0,0.0,0.0,0.0,0.0,0.0,0.0,5163.479527458549
129,7740000000000,3.0,10.0,4.51530612244898,4.0,7.0,588,24.0,24.0,24.0,24.0,24.0,588,0.0,0.0,0.0,0.0,0.0,588,3.0,10.0,4.51530612244898,4.0,7.0,588,0.0,0.0,0.0,0.0,0.0,0,0.0,0.0,0.0,0.0,0.0,0,1.0,1.0,1.0,1.0,1.0,552,0.9999999999999997,1.0000000000000004,1.0,1.0,1.0000000000000002,552,1.0,1.6363636363636365,1.0149212967837613,1.0,1.0949999999999993,552,0.9999999999999997,1.0000000000000004,1.0,1.0,1.0000000000000002,552,552.0,0.0,0.0,0.0,552.0,552.0,0.0,0.0,0.0,0.0,0.0,0.0,1.0,0.0,0.0,686.6239737719297,588.0,588.0,28812.0,7056.0,24.0,24.0,517.0,521.0,83.20238095238095,96.0,0.0,0.0,0.0,136771.0,0.0,0.0,0.0,0.0,0.0,0.0,0.0,0.0,0.0,0.0,0.0,0.0,0.0,0.0,0.0,0.0,5062.569621950388
130,7800000000000,3.0,10.0,4.51530612244898,4.0,7.0,588,24.0,24.0,24.0,24.0,24.0,588,0.0,0.0,0.0,0.0,0.0,588,3.0,10.0,4.51530612244898,4.0,7.0,588,0.0,0.0,0.0,0.0,0.0,0,0.0,0.0,0.0,0.0,0.0,0,1.0,1.0,1.0,1.0,1.0,552,0.9999999999999997,1.0000000000000002,1.0,1.0,1.0000000000000002,552,1.0,1.7272727272727273,1.0180580928468657,1.0,1.147802197802197,552,0.9999999999999997,1.0000000000000002,1.0,1.0,1.0000000000000002,552,552.0,0.0,0.0,0.0,552.0,552.0,0.0,0.0,0.0,0.0,0.0,0.0,1.0,0.0,0.0,710.9587751328945,588.0,588.0,28812.0,7056.0,24.0,24.0,517.0,521.0,83.49489795918367,96.0,0.0,0.0,0.0,136184.0,0.0,0.0,0.0,0.0,0.0,0.0,0.0,0.0,0.0,0.0,0.0,0.0,0.0,0.0,0.0,0.0,5248.43423999846
131,7860000000000,3.0,10.0,4.510204081632653,4.0,7.0,588,24.0,24.0,24.0,24.0,24.0,588,0.0,0.0,0.0,0.0,0.0,588,3.0,10.0,4.510204081632653,4.0,7.0,588,0.0,0.0,0.0,0.0,0.0,0,0.0,0.0,0.0,0.0,0.0,0,1.0,1.0,1.0,1.0,1.0,552,0.9999999999999997,1.0000000000000004,1.0,1.0,1.0000000000000002,552,1.0,1.7272727272727273,1.0182177335310327,1.0,1.125,552,0.9999999999999997,1.0000000000000004,1.0,1.0,1.0000000000000002,552,552.0,0.0,0.0,0.0,552.0,552.0,0.0,0.0,0.0,0.0,0.0,0.0,1.0,0.0,0.0,684.6097633242607,588.0,588.0,28812.0,7056.0,24.0,24.0,514.0,518.0,84.5561224489796,96.0,0.0,0.0,0.0,137358.0,0.0,0.0,0.0,0.0,0.0,0.0,0.0,0.0,0.0,0.0,0.0,0.0,0.0,0.0,0.0,0.0,4673.733478412032
132,7920000000000,3.0,10.0,4.511904761904762,4.0,7.0,588,24.0,24.0,24.0,24.0,24.0,588,0.0,0.0,0.0,0.0,0.0,588,3.0,10.0,4.511904761904762,4.0,7.0,588,0.0,0.0,0.0,0.0,0.0,0,0.0,0.0,0.0,0.0,0.0,0,1.0,1.0,1.0,1.0,1.0,552,0.9999999999999997,1.0000000000000002,1.0,1.0,1.0000000000000002,552,1.0,1.6363636363636365,1.0151163696867738,1.0,1.125,552,0.9999999999999997,1.0000000000000002,1.0,1.0,1.0000000000000002,552,552.0,0.0,0.0,0.0,552.0,552.0,0.0,0.0,0.0,0.0,0.0,0.0,1.0,0.0,0.0,693.4368014335632,588.0,588.0,28812.0,7056.0,24.0,24.0,515.0,519.0,83.9234693877551,96.0,0.0,0.0,0.0,136184.0,0.0,0.0,0.0,0.0,0.0,0.0,0.0,0.0,0.0,0.0,0.0,0.0,0.0,0.0,0.0,0.0,5347.569672390819
133,7980000000000,3.0,10.0,4.506802721088436,4.0,7.0,588,24.0,24.0,24.0,24.0,24.0,588,0.0,0.0,0.0,0.0,0.0,588,3.0,10.0,4.506802721088436,4.0,7.0,588,0.0,0.0,0.0,0.0,0.0,0,0.0,0.0,0.0,0.0,0.0,0,1.0,1.0,1.0,1.0,1.0,552,0.9999999999999998,1.0000000000000002,1.0,1.0,1.0000000000000002,552,1.0,1.7272727272727273,1.0156832428251865,1.0,1.1173611111111101,552,0.9999999999999998,1.0000000000000002,1.0,1.0,1.0000000000000002,552,552.0,0.0,0.0,0.0,552.0,552.0,0.0,0.0,0.0,0.0,0.0,0.0,1.0,0.0,0.0,679.4020086526871,588.0,588.0,28812.0,7056.0,24.0,24.0,512.0,516.0,84.06972789115646,92.0,0.0,0.0,0.0,135010.0,0.0,0.0,0.0,0.0,0.0,0.0,0.0,0.0,0.0,0.0,0.0,0.0,0.0,0.0,0.0,0.0,5071.897199377418
134,8040000000000,3.0,10.0,4.517006802721088,4.0,7.0,588,24.0,24.0,24.0,24.0,24.0,588,0.0,0.0,0.0,0.0,0.0,588,3.0,10.0,4.517006802721088,4.0,7.0,588,0.0,0.0,0.0,0.0,0.0,0,0.0,0.0,0.0,0.0,0.0,0,1.0,1.0,1.0,1.0,1.0,552,0.9999999999999997,1.0000000000000004,1.0,1.0,1.0000000000000002,552,1.0,1.6363636363636365,1.013230908326642,1.0,1.1,552,0.9999999999999997,1.0000000000000004,1.0,1.0,1.0000000000000002,552,552.0,0.0,0.0,0.0,552.0,552.0,0.0,0.0,0.0,0.0,0.0,0.0,1.0,0.0,0.0,327.8023283928633,588.0,588.0,28812.0,7056.0,24.0,24.0,518.0,522.0,83.63775510204081,96.0,0.0,0.0,0.0,136771.0,0.0,0.0,0.0,0.0,0.0,0.0,0.0,0.0,0.0,0.0,0.0,0.0,0.0,0.0,0.0,0.0,2490.2661442756653
135,8100000000000,3.0,10.0,4.5187074829931975,4.0,7.0,588,24.0,24.0,24.0,24.0,24.0,588,0.0,0.0,0.0,0.0,0.0,588,3.0,10.0,4.5187074829931975,4.0,7.0,588,0.0,0.0,0.0,0.0,0.0,0,0.0,0.0,0.0,0.0,0.0,0,1.0,1.0,1.0,1.0,1.0,552,0.9999999999999998,1.0000000000000002,1.0,1.0,1.0000000000000002,552,1.0,1.5833333333333333,1.0154368914523593,1.0,1.1111111111111112,552,0.9999999999999998,1.0000000000000002,1.0,1.0,1.0000000000000002,552,552.0,0.0,0.0,0.0,552.0,552.0,0.0,0.0,0.0,0.0,0.0,0.0,1.0,0.0,0.0,324.18983057141304,588.0,588.0,28812.0,7056.0,24.0,24.0,519.0,523.0,82.36224489795919,96.0,0.0,0.0,0.0,135597.0,0.0,0.0,0.0,0.0,0.0,0.0,0.0,0.0,0.0,0.0,0.0,0.0,0.0,0.0,0.0,0.0,2426.29399523139
136,8160000000000,3.0,10.0,4.51360544217687,4.0,7.0,588,24.0,24.0,24.0,24.0,24.0,588,0.0,0.0,0.0,0.0,0.0,588,3.0,10.0,4.51360544217687,4.0,7.0,588,0.0,0.0,0.0,0.0,0.0,0,0.0,0.0,0.0,0.0,0.0,0,1.0,1.0,1.0,1.0,1.0,552,0.9999999999999997,1.0000000000000002,1.0,1.0,1.0000000000000002,552,1.0,1.6363636363636365,1.0139266420766706,1.0,1.1,552,0.9999999999999997,1.0000000000000002,1.0,1.0,1.0000000000000002,552,552.0,0.0,0.0,0.0,552.0,552.0,0.0,0.0,0.0,0.0,0.0,0.0,1.0,0.0,0.0,329.4907044619322,588.0,588.0,28812.0,7056.0,24.0,24.0,516.0,520.0,84.05272108843538,96.0,0.0,0.0,0.0,136771.0,0.0,0.0,0.0,0.0,0.0,0.0,0.0,0.0,0.0,0.0,0.0,0.0,0.0,0.0,0.0,0.0,2613.8546895235777
137,8220000000000,3.0,10.0,4.51530612244898,4.0,7.0,588,24.0,24.0,24.0,24.0,24.0,588,0.0,0.0,0.0,0.0,0.0,588,3.0,10.0,4.51530612244898,4.0,7.0,588,0.0,0.0,0.0,0.0,0.0,0,0.0,0.0,0.0,0.0,0.0,0,1.0,1.0,1.0,1.0,1.0,552,0.9999999999999997,1.0000000000000004,1.0,1.0,1.0000000000000002,552,1.0,1.5833333333333333,1.0178879703279373,1.0,1.125,552,0.9999999999999997,1.0000000000000004,1.0,1.0,1.0000000000000002,552,552.0,0.0,0.0,0.0,552.0,552.0,0.0,0.0,0.0,0.0,0.0,0.0,1.0,0.0,0.0,329.5336253941059,588.0,588.0,28812.0,7056.0,24.0,24.0,517.0,521.0,82.6938775510204,96.0,0.0,0.0,0.0,135597.0,0.0,0.0,0.0,0.0,0.0,0.0,0.0,0.0,0.0,0.0,0.0,0.0,0.0,0.0,0.0,0.0,2517.9253295063972
138,8280000000000,3.0,10.0,4.4982993197278915,4.0,7.0,588,24.0,24.0,24.0,24.0,24.0,588,0.0,0.0,0.0,0.0,0.0,588,3.0,10.0,4.4982993197278915,4.0,7.0,588,0.0,0.0,0.0,0.0,0.0,0,0.0,0.0,0.0,0.0,0.0,0,1.0,1.0,1.0,1.0,1.0,552,0.9999999999999997,1.0000000000000004,1.0,1.0,1.0000000000000002,552,1.0,1.6363636363636365,1.0132600502144267,1.0,1.0949999999999993,552,0.9999999999999997,1.0000000000000004,1.0,1.0,1.0000000000000002,552,552.0,0.0,0.0,0.0,552.0,552.0,0.0,0.0,0.0,0.0,0.0,0.0,1.0,0.0,0.0,331.06779120862484,588.0,588.0,28812.0,7056.0,24.0,24.0,507.0,511.0,83.60714285714286,96.0,0.0,0.0,0.0,133249.0,0.0,0.0,0.0,0.0,0.0,0.0,0.0,0.0,0.0,0.0,0.0,0.0,0.0,0.0,0.0,0.0,2524.9400567263365
139,8340000000000,3.0,10.0,4.51530612244898,4.0,7.0,588,24.0,24.0,24.0,24.0,24.0,588,0.0,0.0,0.0,0.0,0.0,588,3.0,10.0,4.51530612244898,4.0,7.0,588,0.0,0.0,0.0,0.0,0.0,0,0.0,0.0,0.0,0.0,0.0,0,1.0,1.0,1.0,1.0,1.0,552,0.9999999999999998,1.0000000000000004,1.0,1.0,1.0000000000000002,552,1.0,1.5454545454545454,1.0112040112406713,1.0,1.0832167832167823,552,0.9999999999999998,1.0000000000000004,1.0,1.0,1.0000000000000002,552,552.0,0.0,0.0,0.0,552.0,552.0,0.0,0.0,0.0,0.0,0.0,0.0,1.0,0.0,0.0,314.5400155335665,588.0,588.0,28812.0,7056.0,24.0,24.0,517.0,521.0,82.88945578231292,96.0,0.0,0.0,0.0,136771.0,0.0,0.0,0.0,0.0,0.0,0.0,0.0,0.0,0.0,0.0,0.0,0.0,0.0,0.0,0.0,0.0,2386.2172290682793
140,8400000000000,3.0,10.0,4.4982993197278915,4.0,7.0,588,24.0,24.0,24.0,24.0,24.0,588,0.0,0.0,0.0,0.0,0.0,588,3.0,10.0,4.4982993197278915,4.0,7.0,588,0.0,0.0,0.0,0.0,0.0,0,0.0,0.0,0.0,0.0,0.0,0,1.0,1.0,1.0,1.0,1.0,552,0.9999999999999997,1.0000000000000004,1.0,1.0,1.0000000000000002,552,1.0,1.6363636363636365,1.0160669484215574,1.0,1.1111111111111112,552,0.9999999999999997,1.0000000000000004,1.0,1.0,1.0000000000000002,552,552.0,0.0,0.0,0.0,552.0,552.0,0.0,0.0,0.0,0.0,0.0,0.0,1.0,0.0,0.0,328.56733724474907,588.0,588.0,28812.0,7056.0,24.0,24.0,507.0,511.0,83.20578231292517,96.0,0.0,0.0,0.0,132662.0,0.0,0.0,0.0,0.0,0.0,0.0,0.0,0.0,0.0,0.0,0.0,0.0,0.0,0.0,0.0,0.0,2350.019561126828
141,8460000000000,3.0,10.0,4.508503401360544,4.0,7.0,588,24.0,24.0,24.0,24.0,24.0,588,0.0,0.0,0.0,0.0,0.0,588,3.0,10.0,4.508503401360544,4.0,7.0,588,0.0,0.0,0.0,0.0,0.0,0,0.0,0.0,0.0,0.0,0.0,0,1.0,1.0,1.0,1.0,1.0,552,0.9999999999999996,1.0000000000000004,1.0,1.0,1.0000000000000002,552,1.0,1.5454545454545454,1.0118594751415162,1.0,1.1,552,0.9999999999999996,1.0000000000000004,1.0,1.0,1.0000000000000002,552,552.0,0.0,0.0,0.0,552.0,552.0,0.0,0.0,0.0,0.0,0.0,0.0,1.0,0.0,0.0,312.29567900300026,588.0,588.0,28812.0,7056.0,24.0,24.0,513.0,517.0,83.25,96.0,0.0,0.0,0.0,135010.0,0.0,0.0,0.0,0.0,0.0,0.0,0.0,0.0,0.0,0.0,0.0,0.0,0.0,0.0,0.0,0.0,2384.630775079131
142,8520000000000,3.0,10.0,4.505102040816326,4.0,7.0,588,24.0,24.0,24.0,24.0,24.0,588,0.0,0.0,0.0,0.0,0.0,588,3.0,10.0,4.505102040816326,4.0,7.0,588,0.0,0.0,0.0,0.0,0.0,0,0.0,0.0,0.0,0.0,0.0,0,1.0,1.0,1.0,1.0,1.0,552,0.9999999999999998,1.0000000000000004,1.0,1.0,1.0000000000000002,552,1.0,1.5454545454545454,1.0151710295399576,1.0,1.1111111111111112,552,0.9999999999999998,1.0000000000000004,1.0,1.0,1.0000000000000002,552,552.0,0.0,0.0,0.0,552.0,552.0,0.0,0.0,0.0,0.0,0.0,0.0,1.0,0.0,0.0,328.1182311475277,588.0,588.0,28812.0,7056.0,24.0,24.0,511.0,515.0,82.61054421768708,92.0,0.0,0.0,0.0,133249.0,0.0,0.0,0.0,0.0,0.0,0.0,0.0,0.0,0.0,0.0,0.0,0.0,0.0,0.0,0.0,0.0,2577.622652053833
143,8580000000000,3.0,10.0,4.5017006802721085,4.0,7.0,588,24.0,24.0,24.0,24.0,24.0,588,0.0,0.0,0.0,0.0,0.0,588,3.0,10.0,4.5017006802721085,4.0,7.0,588,0.0,0.0,0.0,0.0,0.0,0,0.0,0.0,0.0,0.0,0.0,0,1.0,1.0,1.0,1.0,1.0,552,0.9999999999999996,1.0000000000000002,1.0,1.0,1.0000000000000002,552,1.0,1.5454545454545454,1.0119653872237566,1.0,1.0909090909090908,552,0.9999999999999996,1.0000000000000002,1.0,1.0,1.0000000000000002,552,552.0,0.0,0.0,0.0,552.0,552.0,0.0,0.0,0.0,0.0,0.0,0.0,1.0,0.0,0.0,331.21837116777897,588.0,588.0,28812.0,7056.0,24.0,24.0,509.0,513.0,82.6343537414966,92.0,0.0,0.0,0.0,133836.0,0.0,0.0,0.0,0.0,0.0,0.0,0.0,0.0,0.0,0.0,0.0,0.0,0.0,0.0,0.0,0.0,2510.3091448545456
144,8640000000000,3.0,10.0,4.503401360544218,4.0,7.0,588,24.0,24.0,24.0,24.0,24.0,588,0.0,0.0,0.0,0.0,0.0,588,3.0,10.0,4.503401360544218,4.0,7.0,588,0.0,0.0,0.0,0.0,0.0,0,0.0,0.0,0.0,0.0,0.0,0,1.0,1.0,1.0,1.0,1.0,552,0.9999999999999996,1.0000000000000002,1.0,1.0,1.0000000000000002,552,1.0,1.5454545454545454,1.016083691231197,1.0,1.1111111111111112,552,0.9999999999999996,1.0000000000000002,1.0,1.0,1.0000000000000002,552,552.0,0.0,0.0,0.0,552.0,552.0,0.0,0.0,0.0,0.0,0.0,0.0,1.0,0.0,0.0,329.23538982868195,588.0,588.0,28812.0,7056.0,24.0,24.0,510.0,514.0,85.11904761904762,96.0,0.0,0.0,0.0,132075.0,0.0,0.0,0.0,0.0,0.0,0.0,0.0,0.0,0.0,0.0,0.0,0.0,0.0,0.0,0.0,0.0,2437.5107809901237
145,8700000000000,3.0,10.0,4.5,4.0,7.0,588,24.0,24.0,24.0,24.0,24.0,588,0.0,0.0,0.0,0.0,0.0,588,3.0,10.0,4.5,4.0,7.0,588,0.0,0.0,0.0,0.0,0.0,0,0.0,0.0,0.0,0.0,0.0,0,1.0,1.0,1.0,1.0,1.0,552,0.9999999999999997,1.0000000000000004,1.0,1.0,1.0000000000000002,552,1.0,1.5454545454545454,1.0109515877429207,1.0,1.0909090909090908,552,0.9999999999999997,1.0000000000000004,1.0,1.0,1.0000000000000002,552,552.0,0.0,0.0,0.0,552.0,552.0,0.0,0.0,0.0,0.0,0.0,0.0,1.0,0.0,0.0,330.7495191693306,588.0,588.0,28812.0,7056.0,24.0,24.0,508.0,512.0,81.578231292517,92.0,0.0,0.0,0.0,132662.0,0.0,0.0,0.0,0.0,0.0,0.0,0.0,0.0,0.0,0.0,0.0,0.0,0.0,0.0,0.0,0.0,2566.604971885681
146,8760000000000,3.0,10.0,4.506802721088436,4.0,7.0,588,24.0,24.0,24.0,24.0,24.0,588,0.0,0.0,0.0,0.0,0.0,588,3.0,10.0,4.506802721088436,4.0,7.0,588,0.0,0.0,0.0,0.0,0.0,0,0.0,0.0,0.0,0.0,0.0,0,1.0,1.0,1.0,1.0,1.0,552,0.9999999999999997,1.0000000000000002,1.0,1.0,1.0000000000000002,552,1.0,1.5454545454545454,1.0115678649423645,1.0,1.1,552,0.9999999999999997,1.0000000000000002,1.0,1.0,1.0000000000000002,552,552.0,0.0,0.0,0.0,552.0,552.0,0.0,0.0,0.0,0.0,0.0,0.0,1.0,0.0,0.0,331.5583560615778,588.0,588.0,28812.0,7056.0,24.0,24.0,512.0,516.0,81.83163265306122,96.0,0.0,0.0,0.0,132662.0,0.0,0.0,0.0,0.0,0.0,0.0,0.0,0.0,0.0,0.0,0.0,0.0,0.0,0.0,0.0,0.0,2426.587415859103
147,8820000000000,3.0,10.0,4.508503401360544,4.0,7.0,588,24.0,24.0,24.0,24.0,24.0,588,0.0,0.0,0.0,0.0,0.0,588,3.0,10.0,4.508503401360544,4.0,7.0,588,0.0,0.0,0.0,0.0,0.0,0,0.0,0.0,0.0,0.0,0.0,0,1.0,1.0,1.0,1.0,1.0,552,0.9999999999999997,1.0000000000000004,1.0,1.0,1.0000000000000002,552,1.0,1.5714285714285714,1.0134969272876881,1.0,1.1111111111111112,552,0.9999999999999997,1.0000000000000004,1.0,1.0,1.0000000000000002,552,552.0,0.0,0.0,0.0,552.0,552.0,0.0,0.0,0.0,0.0,0.0,0.0,1.0,0.0,0.0,310.0056666880846,588.0,588.0,28812.0,7056.0,24.0,24.0,513.0,517.0,83.54081632653062,96.0,0.0,0.0,0.0,135010.0,0.0,0.0,0.0,0.0,0.0,0.0,0.0,0.0,0.0,0.0,0.0,0.0,0.0,0.0,0.0,0.0,2288.2668673992157
148,8880000000000,3.0,10.0,4.506802721088436,4.0,7.0,588,24.0,24.0,24.0,24.0,24.0,588,0.0,0.0,0.0,0.0,0.0,588,3.0,10.0,4.506802721088436,4.0,7.0,588,0.0,0.0,0.0,0.0,0.0,0,0.0,0.0,0.0,0.0,0.0,0,1.0,1.0,1.0,1.0,1.0,552,0.9999999999999997,1.0000000000000002,1.0,1.0,1.0000000000000002,552,1.0,1.5454545454545454,1.0096864140702058,1.0,1.0769230769230769,552,0.9999999999999997,1.0000000000000002,1.0,1.0,1.0000000000000002,552,552.0,0.0,0.0,0.0,552.0,552.0,0.0,0.0,0.0,0.0,0.0,0.0,1.0,0.0,0.0,319.33383271098137,588.0,588.0,28812.0,7056.0,24.0,24.0,512.0,516.0,81.23639455782313,92.0,0.0,0.0,0.0,132662.0,0.0,0.0,0.0,0.0,0.0,0.0,0.0,0.0,0.0,0.0,0.0,0.0,0.0,0.0,0.0,0.0,2479.533065110445
149,8940000000000,3.0,10.0,4.508503401360544,4.0,7.0,588,24.0,24.0,24.0,24.0,24.0,588,0.0,0.0,0.0,0.0,0.0,588,3.0,10.0,4.508503401360544,4.0,7.0,588,0.0,0.0,0.0,0.0,0.0,0,0.0,0.0,0.0,0.0,0.0,0,1.0,1.0,1.0,1.0,1.0,552,0.9999999999999996,1.0000000000000002,1.0,1.0,1.0000000000000002,552,1.0,1.5714285714285714,1.0140641603161502,1.0,1.1111111111111112,552,0.9999999999999996,1.0000000000000002,1.0,1.0,1.0000000000000002,552,552.0,0.0,0.0,0.0,552.0,552.0,0.0,0.0,0.0,0.0,0.0,0.0,1.0,0.0,0.0,336.3203648477793,588.0,588.0,28812.0,7056.0,24.0,24.0,513.0,517.0,84.68367346938776,96.0,0.0,0.0,0.0,135597.0,0.0,0.0,0.0,0.0,0.0,0.0,0.0,0.0,0.0,0.0,0.0,0.0,0.0,0.0,0.0,0.0,2689.809437841177
150,9000000000000,3.0,10.0,4.503401360544218,4.0,7.0,588,24.0,24.0,24.0,24.0,24.0,588,0.0,0.0,0.0,0.0,0.0,588,3.0,10.0,4.503401360544218,4.0,7.0,588,0.0,0.0,0.0,0.0,0.0,0,0.0,0.0,0.0,0.0,0.0,0,1.0,1.0,1.0,1.0,1.0,552,0.9999999999999996,1.0000000000000002,1.0,1.0,1.0000000000000002,552,1.0,1.5454545454545454,1.0126233512982235,1.0,1.1049999999999993,552,0.9999999999999996,1.0000000000000002,1.0,1.0,1.0000000000000002,552,552.0,0.0,0.0,0.0,552.0,552.0,0.0,0.0,0.0,0.0,0.0,0.0,1.0,0.0,0.0,331.62799291312695,588.0,588.0,28812.0,7056.0,24.0,24.0,510.0,514.0,81.69557823129252,96.0,0.0,0.0,0.0,133249.0,0.0,0.0,0.0,0.0,0.0,0.0,0.0,0.0,0.0,0.0,0.0,0.0,0.0,0.0,0.0,0.0,2395.540153607726
151,9060000000000,3.0,9.0,4.505102040816326,4.0,7.0,588,24.0,24.0,24.0,24.0,24.0,588,0.0,0.0,0.0,0.0,0.0,588,3.0,9.0,4.505102040816326,4.0,7.0,588,0.0,0.0,0.0,0.0,0.0,0,0.0,0.0,0.0,0.0,0.0,0,1.0,1.0,1.0,1.0,1.0,552,0.9999999999999997,1.0000000000000004,1.0,1.0,1.0000000000000002,552,1.0,1.5454545454545454,1.0131860645508155,1.0,1.0949999999999993,552,0.9999999999999997,1.0000000000000004,1.0,1.0,1.0000000000000002,552,552.0,0.0,0.0,0.0,552.0,552.0,0.0,0.0,0.0,0.0,0.0,0.0,1.0,0.0,0.0,322.3445527255535,588.0,588.0,28812.0,7056.0,24.0,24.0,511.0,515.0,84.51530612244898,96.0,0.0,0.0,0.0,135010.0,0.0,0.0,0.0,0.0,0.0,0.0,0.0,0.0,0.0,0.0,0.0,0.0,0.0,0.0,0.0,0.0,2313.31136636436
152,9120000000000,3.0,10.0,4.506802721088436,4.0,7.0,588,24.0,24.0,24.0,24.0,24.0,588,0.0,0.0,0.0,0.0,0.0,588,3.0,10.0,4.506802721088436,4.0,7.0,588,0.0,0.0,0.0,0.0,0.0,0,0.0,0.0,0.0,0.0,0.0,0,1.0,1.0,1.0,1.0,1.0,552,0.9999999999999998,1.0000000000000002,1.0,1.0,1.0000000000000002,552,1.0,1.5454545454545454,1.0116987059332934,1.0,1.1049999999999993,552,0.9999999999999998,1.0000000000000002,1.0,1.0,1.0000000000000002,552,552.0,0.0,0.0,0.0,552.0,552.0,0.0,0.0,0.0,0.0,0.0,0.0,1.0,0.0,0.0,316.33822061121464,588.0,588.0,28812.0,7056.0,24.0,24.0,512.0,516.0,82.74149659863946,96.0,0.0,0.0,0.0,134423.0,0.0,0.0,0.0,0.0,0.0,0.0,0.0,0.0,0.0,0.0,0.0,0.0,0.0,0.0,0.0,0.0,2476.6315557062626
153,9180000000000,3.0,9.0,4.503401360544218,4.0,7.0,588,24.0,24.0,24.0,24.0,24.0,588,0.0,0.0,0.0,0.0,0.0,588,3.0,9.0,4.503401360544218,4.0,7.0,588,0.0,0.0,0.0,0.0,0.0,0,0.0,0.0,0.0,0.0,0.0,0,1.0,1.0,1.0,1.0,1.0,552,0.9999999999999998,1.0000000000000004,1.0,1.0,1.0000000000000002,552,1.0,1.5454545454545454,1.0146022316952112,1.0,1.1049999999999993,552,0.9999999999999998,1.0000000000000004,1.0,1.0,1.0000000000000002,552,552.0,0.0,0.0,0.0,552.0,552.0,0.0,0.0,0.0,0.0,0.0,0.0,1.0,0.0,0.0,318.3492682874203,588.0,588.0,28812.0,7056.0,24.0,24.0,510.0,514.0,83.71088435374149,96.0,0.0,0.0,0.0,133836.0,0.0,0.0,0.0,0.0,0.0,0.0,0.0,0.0,0.0,0.0,0.0,0.0,0.0,0.0,0.0,0.0,2482.471564784646
154,9240000000000,3.0,10.0,4.5017006802721085,4.0,7.0,588,24.0,24.0,24.0,24.0,24.0,588,0.0,0.0,0.0,0.0,0.0,588,3.0,10.0,4.5017006802721085,4.0,7.0,588,0.0,0.0,0.0,0.0,0.0,0,0.0,0.0,0.0,0.0,0.0,0,1.0,1.0,1.0,1.0,1.0,552,0.9999999999999998,1.0000000000000004,1.0,1.0,1.0000000000000002,552,1.0,1.5454545454545454,1.0132869685132067,1.0,1.1049999999999993,552,0.9999999999999998,1.0000000000000004,1.0,1.0,1.0000000000000002,552,552.0,0.0,0.0,0.0,552.0,552.0,0.0,0.0,0.0,0.0,0.0,0.0,1.0,0.0,0.0,322.55553640425205,588.0,588.0,28812.0,7056.0,24.0,24.0,509.0,513.0,82.31972789115646,96.0,0.0,0.0,0.0,133836.0,0.0,0.0,0.0,0.0,0.0,0.0,0.0,0.0,0.0,0.0,0.0,0.0,0.0,0.0,0.0,0.0,2399.3148244917393
155,9300000000000,3.0,9.0,4.505102040816326,4.0,7.0,588,24.0,24.0,24.0,24.0,24.0,588,0.0,0.0,0.0,0.0,0.0,588,3.0,9.0,4.505102040816326,4.0,7.0,588,0.0,0.0,0.0,0.0,0.0,0,0.0,0.0,0.0,0.0,0.0,0,1.0,1.0,1.0,1.0,1.0,552,0.9999999999999997,1.0000000000000002,1.0,1.0,1.0000000000000002,552,1.0,1.5454545454545454,1.0139562149885573,1.0,1.1111111111111112,552,0.9999999999999997,1.0000000000000002,1.0,1.0,1.0000000000000002,552,552.0,0.0,0.0,0.0,552.0,552.0,0.0,0.0,0.0,0.0,0.0,0.0,1.0,0.0,0.0,329.05677147209644,588.0,588.0,28812.0,7056.0,24.0,24.0,511.0,515.0,81.67687074829932,96.0,0.0,0.0,0.0,133249.0,0.0,0.0,0.0,0.0,0.0,0.0,0.0,0.0,0.0,0.0,0.0,0.0,0.0,0.0,0.0,0.0,2398.420225828886
156,9360000000000,3.0,10.0,4.505102040816326,4.0,7.0,588,24.0,24.0,24.0,24.0,24.0,588,0.0,0.0,0.0,0.0,0.0,588,3.0,10.0,4.505102040816326,4.0,7.0,588,0.0,0.0,0.0,0.0,0.0,0,0.0,0.0,0.0,0.0,0.0,0,1.0,1.0,1.0,1.0,1.0,552,0.9999999999999997,1.0000000000000004,1.0,1.0,1.0000000000000002,552,1.0,1.5454545454545454,1.0150867364452212,1.0,1.1111111111111112,552,0.9999999999999997,1.0000000000000004,1.0,1.0,1.0000000000000002,552,552.0,0.0,0.0,0.0,552.0,552.0,0.0,0.0,0.0,0.0,0.0,0.0,1.0,0.0,0.0,332.1405742317438,588.0,588.0,28812.0,7056.0,24.0,24.0,511.0,515.0,82.55272108843538,96.0,0.0,0.0,0.0,133249.0,0.0,0.0,0.0,0.0,0.0,0.0,0.0,0.0,0.0,0.0,0.0,0.0,0.0,0.0,0.0,0.0,4191.394504159689
157,9420000000000,3.0,9.0,4.494897959183674,4.0,7.0,588,24.0,24.0,24.0,24.0,24.0,588,0.0,0.0,0.0,0.0,0.0,588,3.0,9.0,4.494897959183674,4.0,7.0,588,0.0,0.0,0.0,0.0,0.0,0,0.0,0.0,0.0,0.0,0.0,0,1.0,1.0,1.0,1.0,1.0,552,0.9999999999999997,1.0000000000000002,1.0,1.0,1.0000000000000002,552,1.0,1.5454545454545454,1.0148847786062727,1.0,1.1111111111111112,552,0.9999999999999997,1.0000000000000002,1.0,1.0,1.0000000000000002,552,552.0,0.0,0.0,0.0,552.0,552.0,0.0,0.0,0.0,0.0,0.0,0.0,1.0,0.0,0.0,325.45517198741436,588.0,588.0,28812.0,7056.0,24.0,24.0,505.0,509.0,81.95068027210884,96.0,0.0,0.0,0.0,132662.0,0.0,0.0,0.0,0.0,0.0,0.0,0.0,0.0,0.0,0.0,0.0,0.0,0.0,0.0,0.0,0.0,2477.6360504329205
158,9480000000000,3.0,9.0,4.51360544217687,4.0,7.0,588,24.0,24.0,24.0,24.0,24.0,588,0.0,0.0,0.0,0.0,0.0,588,3.0,9.0,4.51360544217687,4.0,7.0,588,0.0,0.0,0.0,0.0,0.0,0,0.0,0.0,0.0,0.0,0.0,0,1.0,1.0,1.0,1.0,1.0,552,0.9999999999999996,1.0000000000000002,1.0,1.0,1.0000000000000002,552,1.0,1.5714285714285714,1.013253379348117,1.0,1.1,552,0.9999999999999996,1.0000000000000002,1.0,1.0,1.0000000000000002,552,552.0,0.0,0.0,0.0,552.0,552.0,0.0,0.0,0.0,0.0,0.0,0.0,1.0,0.0,0.0,321.65112532675266,588.0,588.0,28812.0,7056.0,24.0,24.0,516.0,520.0,84.85204081632654,96.0,0.0,0.0,0.0,134423.0,0.0,0.0,0.0,0.0,0.0,0.0,0.0,0.0,0.0,0.0,0.0,0.0,0.0,0.0,0.0,0.0,2475.7061135023832
159,9540000000000,3.0,10.0,4.506802721088436,4.0,7.0,588,24.0,24.0,24.0,24.0,24.0,588,0.0,0.0,0.0,0.0,0.0,588,3.0,10.0,4.506802721088436,4.0,7.0,588,0.0,0.0,0.0,0.0,0.0,0,0.0,0.0,0.0,0.0,0.0,0,1.0,1.0,1.0,1.0,1.0,552,0.9999999999999997,1.0000000000000002,1.0,1.0,1.0000000000000002,552,1.0,1.5454545454545454,1.0155270954338516,1.0,1.1111111111111112,552,0.9999999999999997,1.0000000000000002,1.0,1.0,1.0000000000000002,552,552.0,0.0,0.0,0.0,552.0,552.0,0.0,0.0,0.0,0.0,0.0,0.0,1.0,0.0,0.0,323.71016405522823,588.0,588.0,28812.0,7056.0,24.0,24.0,512.0,516.0,82.28911564625851,96.0,0.0,0.0,0.0,133249.0,0.0,0.0,0.0,0.0,0.0,0.0,0.0,0.0,0.0,0.0,0.0,0.0,0.0,0.0,0.0,0.0,2352.629229426384
160,9600000000000,3.0,9.0,4.496598639455782,4.0,7.0,588,24.0,24.0,24.0,24.0,24.0,588,0.0,0.0,0.0,0.0,0.0,588,3.0,9.0,4.496598639455782,4.0,7.0,588,0.0,0.0,0.0,0.0,0.0,0,0.0,0.0,0.0,0.0,0.0,0,1.0,1.0,1.0,1.0,1.0,552,0.9999999999999997,1.0000000000000002,1.0,1.0,1.0000000000000002,552,1.0,1.4545454545454546,1.0152603577705483,1.0,1.1111111111111112,552,0.9999999999999997,1.0000000000000002,1.0,1.0,1.0000000000000002,552,552.0,0.0,0.0,0.0,552.0,552.0,0.0,0.0,0.0,0.0,0.0,0.0,1.0,0.0,0.0,317.6675569266081,588.0,588.0,28812.0,7056.0,24.0,24.0,506.0,510.0,84.70748299319727,96.0,0.0,0.0,0.0,133836.0,0.0,0.0,0.0,0.0,0.0,0.0,0.0,0.0,0.0,0.0,0.0,0.0,0.0,0.0,0.0,0.0,2478.437963873148
161,9660000000000,3.0,10.0,4.505102040816326,4.0,7.0,588,24.0,24.0,24.0,24.0,24.0,588,0.0,0.0,0.0,0.0,0.0,588,3.0,10.0,4.505102040816326,4.0,7.0,588,0.0,0.0,0.0,0.0,0.0,0,0.0,0.0,0.0,0.0,0.0,0,1.0,1.0,1.0,1.0,1.0,552,0.9999999999999997,1.0000000000000002,1.0,1.0,1.0000000000000002,552,1.0,1.5454545454545454,1.0161907863578763,1.0,1.1023684210526312,552,0.9999999999999997,1.0000000000000002,1.0,1.0,1.0000000000000002,552,552.0,0.0,0.0,0.0,552.0,552.0,0.0,0.0,0.0,0.0,0.0,0.0,1.0,0.0,0.0,318.1949872523546,588.0,588.0,28812.0,7056.0,24.0,24.0,511.0,515.0,82.47619047619048,96.0,0.0,0.0,0.0,132075.0,0.0,0.0,0.0,0.0,0.0,0.0,0.0,0.0,0.0,0.0,0.0,0.0,0.0,0.0,0.0,0.0,4490.205300971866
162,9720000000000,3.0,9.0,4.5,4.0,7.0,588,24.0,24.0,24.0,24.0,24.0,588,0.0,0.0,0.0,0.0,0.0,588,3.0,9.0,4.5,4.0,7.0,588,0.0,0.0,0.0,0.0,0.0,0,0.0,0.0,0.0,0.0,0.0,0,1.0,1.0,1.0,1.0,1.0,552,0.9999999999999998,1.0000000000000002,1.0,1.0,1.0000000000000002,552,1.0,1.4545454545454546,1.0173085440850391,1.0,1.125,552,0.9999999999999998,1.0000000000000002,1.0,1.0,1.0000000000000002,552,552.0,0.0,0.0,0.0,552.0,552.0,0.0,0.0,0.0,0.0,0.0,0.0,1.0,0.0,0.0,705.4261732846498,588.0,588.0,28812.0,7056.0,24.0,24.0,508.0,512.0,84.11904761904762,96.0,0.0,0.0,0.0,135010.0,0.0,0.0,0.0,0.0,0.0,0.0,0.0,0.0,0.0,0.0,0.0,0.0,0.0,0.0,0.0,0.0,4668.952487409115
163,9780000000000,3.0,10.0,4.510204081632653,4.0,7.0,588,24.0,24.0,24.0,24.0,24.0,588,0.0,0.0,0.0,0.0,0.0,588,3.0,10.0,4.510204081632653,4.0,7.0,588,0.0,0.0,0.0,0.0,0.0,0,0.0,0.0,0.0,0.0,0.0,0,1.0,1.0,1.0,1.0,1.0,552,0.9999999999999996,1.0000000000000004,1.0,1.0,1.0000000000000002,552,1.0,1.5454545454545454,1.0179953196191909,1.0,1.1111111111111112,552,0.9999999999999996,1.0000000000000004,1.0,1.0,1.0000000000000002,552,552.0,0.0,0.0,0.0,552.0,552.0,0.0,0.0,0.0,0.0,0.0,0.0,1.0,0.0,0.0,681.4558040350676,588.0,588.0,28812.0,7056.0,24.0,24.0,514.0,518.0,82.3656462585034,96.0,0.0,0.0,0.0,133836.0,0.0,0.0,0.0,0.0,0.0,0.0,0.0,0.0,0.0,0.0,0.0,0.0,0.0,0.0,0.0,0.0,5407.0835839957
164,9840000000000,3.0,9.0,4.506802721088436,4.0,7.0,588,24.0,24.0,24.0,24.0,24.0,588,0.0,0.0,0.0,0.0,0.0,588,3.0,9.0,4.506802721088436,4.0,7.0,588,0.0,0.0,0.0,0.0,0.0,0,0.0,0.0,0.0,0.0,0.0,0,1.0,1.0,1.0,1.0,1.0,552,0.9999999999999998,1.0000000000000002,1.0,1.0,1.0000000000000002,552,1.0,1.4545454545454546,1.0137589693606643,1.0,1.1111111111111112,552,0.9999999999999998,1.0000000000000002,1.0,1.0,1.0000000000000002,552,552.0,0.0,0.0,0.0,552.0,552.0,0.0,0.0,0.0,0.0,0.0,0.0,1.0,0.0,0.0,679.1805569082499,588.0,588.0,28812.0,7056.0,24.0,24.0,512.0,516.0,82.50340136054422,96.0,0.0,0.0,0.0,134423.0,0.0,0.0,0.0,0.0,0.0,0.0,0.0,0.0,0.0,0.0,0.0,0.0,0.0,0.0,0.0,0.0,5144.479785114527
165,9900000000000,3.0,9.0,4.5,4.0,7.0,588,24.0,24.0,24.0,24.0,24.0,588,0.0,0.0,0.0,0.0,0.0,588,3.0,9.0,4.5,4.0,7.0,588,0.0,0.0,0.0,0.0,0.0,0,0.0,0.0,0.0,0.0,0.0,0,1.0,1.0,1.0,1.0,1.0,552,0.9999999999999996,1.0000000000000002,1.0,1.0,1.0000000000000002,552,1.0,1.5454545454545454,1.0176240975708957,1.0,1.114052287581699,552,0.9999999999999996,1.0000000000000002,1.0,1.0,1.0000000000000002,552,552.0,0.0,0.0,0.0,552.0,552.0,0.0,0.0,0.0,0.0,0.0,0.0,1.0,0.0,0.0,683.6087852716446,588.0,588.0,28812.0,7056.0,24.0,24.0,508.0,512.0,83.40306122448979,96.0,0.0,0.0,0.0,133249.0,0.0,0.0,0.0,0.0,0.0,0.0,0.0,0.0,0.0,0.0,0.0,0.0,0.0,0.0,0.0,0.0,5277.9211439192295
166,9960000000000,3.0,9.0,4.510204081632653,4.0,7.0,588,24.0,24.0,24.0,24.0,24.0,588,0.0,0.0,0.0,0.0,0.0,588,3.0,9.0,4.510204081632653,4.0,7.0,588,0.0,0.0,0.0,0.0,0.0,0,0.0,0.0,0.0,0.0,0.0,0,1.0,1.0,1.0,1.0,1.0,552,0.9999999999999997,1.0000000000000002,1.0,1.0,1.0000000000000002,552,1.0,1.4545454545454546,1.0171065457471757,1.0,1.1428571428571428,552,0.9999999999999997,1.0000000000000002,1.0,1.0,1.0000000000000002,552,552.0,0.0,0.0,0.0,552.0,552.0,0.0,0.0,0.0,0.0,0.0,0.0,1.0,0.0,0.0,677.7827218174934,588.0,588.0,28812.0,7056.0,24.0,24.0,514.0,518.0,83.61904761904762,96.0,0.0,0.0,0.0,133249.0,0.0,0.0,0.0,0.0,0.0,0.0,0.0,0.0,0.0,0.0,0.0,0.0,0.0,0.0,0.0,0.0,4941.7700711637735
167,10020000000000,3.0,9.0,4.4982993197278915,4.0,7.0,588,24.0,24.0,24.0,24.0,24.0,588,0.0,0.0,0.0,0.0,0.0,588,3.0,9.0,4.4982993197278915,4.0,7.0,588,0.0,0.0,0.0,0.0,0.0,0,0.0,0.0,0.0,0.0,0.0,0,1.0,1.0,1.0,1.0,1.0,552,0.9999999999999997,1.0000000000000002,1.0,1.0,1.0000000000000002,552,1.0,1.4,1.014758844700935,1.0,1.1111111111111112,552,0.9999999999999997,1.0000000000000002,1.0,1.0,1.0000000000000002,552,552.0,0.0,0.0,0.0,552.0,552.0,0.0,0.0,0.0,0.0,0.0,0.0,1.0,0.0,0.0,684.1891519725323,588.0,588.0,28812.0,7056.0,24.0,24.0,507.0,511.0,83.3061224489796,96.0,0.0,0.0,0.0,134423.0,0.0,0.0,0.0,0.0,0.0,0.0,0.0,0.0,0.0,0.0,0.0,0.0,0.0,0.0,0.0,0.0,5365.681946277618
168,10080000000000,3.0,9.0,4.510204081632653,4.0,7.0,588,24.0,24.0,24.0,24.0,24.0,588,0.0,0.0,0.0,0.0,0.0,588,3.0,9.0,4.510204081632653,4.0,7.0,588,0.0,0.0,0.0,0.0,0.0,0,0.0,0.0,0.0,0.0,0.0,0,1.0,1.0,1.0,1.0,1.0,552,0.9999999999999996,1.0000000000000002,1.0,1.0,1.0000000000000002,552,1.0,1.4545454545454546,1.0187986568461869,1.0,1.125,552,0.9999999999999996,1.0000000000000002,1.0,1.0,1.0000000000000002,552,552.0,0.0,0.0,0.0,552.0,552.0,0.0,0.0,0.0,0.0,0.0,0.0,1.0,0.0,0.0,682.9845439642668,588.0,588.0,28812.0,7056.0,24.0,24.0,514.0,518.0,82.17857142857143,96.0,0.0,0.0,0.0,132662.0,0.0,0.0,0.0,0.0,0.0,0.0,0.0,0.0,0.0,0.0,0.0,0.0,0.0,0.0,0.0,0.0,5166.800310835242
169,10140000000000,3.0,9.0,4.506802721088436,4.0,7.0,588,24.0,24.0,24.0,24.0,24.0,588,0.0,0.0,0.0,0.0,0.0,588,3.0,9.0,4.506802721088436,4.0,7.0,588,0.0,0.0,0.0,0.0,0.0,0,0.0,0.0,0.0,0.0,0.0,0,1.0,1.0,1.0,1.0,1.0,552,0.9999999999999996,1.0000000000000002,1.0,1.0,1.0000000000000002,552,1.0,1.4,1.0158349219678262,1.0,1.125,552,0.9999999999999996,1.0000000000000002,1.0,1.0,1.0000000000000002,552,552.0,0.0,0.0,0.0,552.0,552.0,0.0,0.0,0.0,0.0,0.0,0.0,1.0,0.0,0.0,691.4997342973948,588.0,588.0,28812.0,7056.0,24.0,24.0,512.0,516.0,83.15646258503402,96.0,0.0,0.0,0.0,135010.0,0.0,0.0,0.0,0.0,0.0,0.0,0.0,0.0,0.0,0.0,0.0,0.0,0.0,0.0,0.0,0.0,5197.229143232107
170,10200000000000,3.0,9.0,4.505102040816326,4.0,7.0,588,24.0,24.0,24.0,24.0,24.0,588,0.0,0.0,0.0,0.0,0.0,588,3.0,9.0,4.505102040816326,4.0,7.0,588,0.0,0.0,0.0,0.0,0.0,0,0.0,0.0,0.0,0.0,0.0,0,1.0,1.0,1.0,1.0,1.0,552,0.9999999999999998,1.0000000000000002,1.0,1.0,1.0000000000000002,552,1.0,1.4545454545454546,1.0163123561070935,1.0,1.1111111111111112,552,0.9999999999999998,1.0000000000000002,1.0,1.0,1.0000000000000002,552,552.0,0.0,0.0,0.0,552.0,552.0,0.0,0.0,0.0,0.0,0.0,0.0,1.0,0.0,0.0,684.6106592565775,588.0,588.0,28812.0,7056.0,24.0,24.0,511.0,515.0,82.32993197278911,96.0,0.0,0.0,0.0,132662.0,0.0,0.0,0.0,0.0,0.0,0.0,0.0,0.0,0.0,0.0,0.0,0.0,0.0,0.0,0.0,0.0,4745.598576962948
171,10260000000000,3.0,9.0,4.506802721088436,4.0,7.0,588,24.0,24.0,24.0,24.0,24.0,588,0.0,0.0,0.0,0.0,0.0,588,3.0,9.0,4.506802721088436,4.0,7.0,588,0.0,0.0,0.0,0.0,0.0,0,0.0,0.0,0.0,0.0,0.0,0,1.0,1.0,1.0,1.0,1.0,552,0.9999999999999997,1.0000000000000002,1.0,1.0,1.0000000000000002,552,1.0,1.5,1.0178833681578965,1.0,1.125,552,0.9999999999999997,1.0000000000000002,1.0,1.0,1.0000000000000002,552,552.0,0.0,0.0,0.0,552.0,552.0,0.0,0.0,0.0,0.0,0.0,0.0,1.0,0.0,0.0,690.5001532286406,588.0,588.0,28812.0,7056.0,24.0,24.0,512.0,516.0,83.83503401360544,96.0,0.0,0.0,0.0,133836.0,0.0,0.0,0.0,0.0,0.0,0.0,0.0,0.0,0.0,0.0,0.0,0.0,0.0,0.0,0.0,0.0,5543.7874142080545
172,10320000000000,3.0,9.0,4.503401360544218,4.0,7.0,588,24.0,24.0,24.0,24.0,24.0,588,0.0,0.0,0.0,0.0,0.0,588,3.0,9.0,4.503401360544218,4.0,7.0,588,0.0,0.0,0.0,0.0,0.0,0,0.0,0.0,0.0,0.0,0.0,0,1.0,1.0,1.0,1.0,1.0,552,0.9999999999999997,1.0000000000000002,1.0,1.0,1.0000000000000002,552,1.0,1.4,1.016211594239775,1.0,1.125,552,0.9999999999999997,1.0000000000000002,1.0,1.0,1.0000000000000002,552,552.0,0.0,0.0,0.0,552.0,552.0,0.0,0.0,0.0,0.0,0.0,0.0,1.0,0.0,0.0,674.9953608959913,588.0,588.0,28812.0,7056.0,24.0,24.0,510.0,514.0,82.43707482993197,96.0,0.0,0.0,0.0,132075.0,0.0,0.0,0.0,0.0,0.0,0.0,0.0,0.0,0.0,0.0,0.0,0.0,0.0,0.0,0.0,0.0,5299.525445327163
173,10380000000000,3.0,9.0,4.503401360544218,4.0,7.0,588,24.0,24.0,24.0,24.0,24.0,588,0.0,0.0,0.0,0.0,0.0,588,3.0,9.0,4.503401360544218,4.0,7.0,588,0.0,0.0,0.0,0.0,0.0,0,0.0,0.0,0.0,0.0,0.0,0,1.0,1.0,1.0,1.0,1.0,552,0.9999999999999997,1.0000000000000004,1.0,1.0,1.0000000000000002,552,1.0,1.5,1.0168058872257781,1.0,1.114052287581699,552,0.9999999999999997,1.0000000000000004,1.0,1.0,1.0000000000000002,552,552.0,0.0,0.0,0.0,552.0,552.0,0.0,0.0,0.0,0.0,0.0,0.0,1.0,0.0,0.0,683.9154697954655,588.0,588.0,28812.0,7056.0,24.0,24.0,510.0,514.0,83.54081632653062,96.0,0.0,0.0,0.0,132662.0,0.0,0.0,0.0,0.0,0.0,0.0,0.0,0.0,0.0,0.0,0.0,0.0,0.0,0.0,0.0,0.0,4408.003404736519
174,10440000000000,3.0,9.0,4.5,4.0,7.0,588,24.0,24.0,24.0,24.0,24.0,588,0.0,0.0,0.0,0.0,0.0,588,3.0,9.0,4.5,4.0,7.0,588,0.0,0.0,0.0,0.0,0.0,0,0.0,0.0,0.0,0.0,0.0,0,1.0,1.0,1.0,1.0,1.0,552,0.9999999999999997,1.0000000000000002,1.0,1.0,1.0000000000000002,552,1.0,1.6,1.0184012547193804,1.0,1.1209558823529406,552,0.9999999999999997,1.0000000000000002,1.0,1.0,1.0000000000000002,552,552.0,0.0,0.0,0.0,552.0,552.0,0.0,0.0,0.0,0.0,0.0,0.0,1.0,0.0,0.0,684.0528640896082,588.0,588.0,28812.0,7056.0,24.0,24.0,508.0,512.0,81.56972789115646,96.0,0.0,0.0,0.0,132075.0,0.0,0.0,0.0,0.0,0.0,0.0,0.0,0.0,0.0,0.0,0.0,0.0,0.0,0.0,0.0,0.0,4733.665149658918
175,10500000000000,3.0,9.0,4.511904761904762,4.0,7.0,588,24.0,24.0,24.0,24.0,24.0,588,0.0,0.0,0.0,0.0,0.0,588,3.0,9.0,4.511904761904762,4.0,7.0,588,0.0,0.0,0.0,0.0,0.0,0,0.0,0.0,0.0,0.0,0.0,0,1.0,1.0,1.0,1.0,1.0,552,0.9999999999999997,1.0000000000000004,1.0,1.0,1.0000000000000002,552,1.0,1.5,1.0152945536091955,1.0,1.1111111111111112,552,0.9999999999999997,1.0000000000000004,1.0,1.0,1.0000000000000002,552,552.0,0.0,0.0,0.0,552.0,552.0,0.0,0.0,0.0,0.0,0.0,0.0,1.0,0.0,0.0,688.1300490349531,588.0,588.0,28812.0,7056.0,24.0,24.0,515.0,519.0,82.51190476190476,96.0,0.0,0.0,0.0,135010.0,0.0,0.0,0.0,0.0,0.0,0.0,0.0,0.0,0.0,0.0,0.0,0.0,0.0,0.0,0.0,0.0,5627.715336158872
176,10560000000000,3.0,9.0,4.503401360544218,4.0,7.0,588,24.0,24.0,24.0,24.0,24.0,588,0.0,0.0,0.0,0.0,0.0,588,3.0,9.0,4.503401360544218,4.0,7.0,588,0.0,0.0,0.0,0.0,0.0,0,0.0,0.0,0.0,0.0,0.0,0,1.0,1.0,1.0,1.0,1.0,552,0.9999999999999997,1.0000000000000004,1.0,1.0,1.0000000000000002,552,1.0,1.6,1.0164814518205176,1.0,1.1173611111111101,552,0.9999999999999997,1.0000000000000004,1.0,1.0,1.0000000000000002,552,552.0,0.0,0.0,0.0,552.0,552.0,0.0,0.0,0.0,0.0,0.0,0.0,1.0,0.0,0.0,676.6584664583206,588.0,588.0,28812.0,7056.0,24.0,24.0,510.0,514.0,81.88095238095238,96.0,0.0,0.0,0.0,133836.0,0.0,0.0,0.0,0.0,0.0,0.0,0.0,0.0,0.0,0.0,0.0,0.0,0.0,0.0,0.0,0.0,5240.145415067673
177,10620000000000,3.0,9.0,4.505102040816326,4.0,7.0,588,24.0,24.0,24.0,24.0,24.0,588,0.0,0.0,0.0,0.0,0.0,588,3.0,9.0,4.505102040816326,4.0,7.0,588,0.0,0.0,0.0,0.0,0.0,0,0.0,0.0,0.0,0.0,0.0,0,1.0,1.0,1.0,1.0,1.0,552,0.9999999999999996,1.0000000000000002,1.0,1.0,1.0000000000000002,552,1.0,1.7,1.0201052269354272,1.0,1.1376190476190469,552,0.9999999999999996,1.0000000000000002,1.0,1.0,1.0000000000000002,552,552.0,0.0,0.0,0.0,552.0,552.0,0.0,0.0,0.0,0.0,0.0,0.0,1.0,0.0,0.0,650.835394859314,588.0,588.0,28812.0,7056.0,24.0,24.0,511.0,515.0,85.20068027210884,96.0,0.0,0.0,0.0,133836.0,0.0,0.0,0.0,0.0,0.0,0.0,0.0,0.0,0.0,0.0,0.0,0.0,0.0,0.0,0.0,0.0,5016.392108052969
178,10680000000000,3.0,9.0,4.51530612244898,4.0,7.0,588,24.0,24.0,24.0,24.0,24.0,588,0.0,0.0,0.0,0.0,0.0,588,3.0,9.0,4.51530612244898,4.0,7.0,588,0.0,0.0,0.0,0.0,0.0,0,0.0,0.0,0.0,0.0,0.0,0,1.0,1.0,1.0,1.0,1.0,552,0.9999999999999997,1.0000000000000004,1.0,1.0,1.0000000000000002,552,1.0,1.6,1.0164724511334924,1.0,1.125,552,0.9999999999999997,1.0000000000000004,1.0,1.0,1.0000000000000002,552,552.0,0.0,0.0,0.0,552.0,552.0,0.0,0.0,0.0,0.0,0.0,0.0,1.0,0.0,0.0,682.5406197458506,588.0,588.0,28812.0,7056.0,24.0,24.0,517.0,521.0,81.85714285714286,96.0,0.0,0.0,0.0,135010.0,0.0,0.0,0.0,0.0,0.0,0.0,0.0,0.0,0.0,0.0,0.0,0.0,0.0,0.0,0.0,0.0,5120.179349556565
179,10740000000000,3.0,9.0,4.4982993197278915,4.0,7.0,588,24.0,24.0,24.0,24.0,24.0,588,0.0,0.0,0.0,0.0,0.0,588,3.0,9.0,4.4982993197278915,4.0,7.0,588,0.0,0.0,0.0,0.0,0.0,0,0.0,0.0,0.0,0.0,0.0,0,1.0,1.0,1.0,1.0,1.0,552,0.9999999999999997,1.0000000000000004,1.0,1.0,1.0000000000000002,552,1.0,1.4545454545454546,1.017003302251624,1.0,1.125,552,0.9999999999999997,1.0000000000000004,1.0,1.0,1.0000000000000002,552,552.0,0.0,0.0,0.0,552.0,552.0,0.0,0.0,0.0,0.0,0.0,0.0,1.0,0.0,0.0,690.9073572605848,588.0,588.0,28812.0,7056.0,24.0,24.0,507.0,511.0,83.5765306122449,96.0,0.0,0.0,0.0,132662.0,0.0,0.0,0.0,0.0,0.0,0.0,0.0,0.0,0.0,0.0,0.0,0.0,0.0,0.0,0.0,0.0,5498.401867225766
180,10800000000000,3.0,9.0,4.511904761904762,4.0,7.0,588,24.0,24.0,24.0,24.0,24.0,588,0.0,0.0,0.0,0.0,0.0,588,3.0,9.0,4.511904761904762,4.0,7.0,588,0.0,0.0,0.0,0.0,0.0,0,0.0,0.0,0.0,0.0,0.0,0,1.0,1.0,1.0,1.0,1.0,552,0.9999999999999997,1.0000000000000002,1.0,1.0,1.0000000000000002,552,1.0,1.5454545454545454,1.0169445794607743,1.0,1.125,552,0.9999999999999997,1.0000000000000002,1.0,1.0,1.0000000000000002,552,552.0,0.0,0.0,0.0,552.0,552.0,0.0,0.0,0.0,0.0,0.0,0.0,1.0,0.0,0.0,676.6684167087078,588.0,588.0,28812.0,7056.0,24.0,24.0,515.0,519.0,82.54761904761905,96.0,0.0,0.0,0.0,134423.0,0.0,0.0,0.0,0.0,0.0,0.0,0.0,0.0,0.0,0.0,0.0,0.0,0.0,0.0,0.0,0.0,5094.233887270093
181,10860000000000,3.0,9.0,4.503401360544218,4.0,7.0,588,24.0,24.0,24.0,24.0,24.0,588,0.0,0.0,0.0,0.0,0.0,588,3.0,9.0,4.503401360544218,4.0,7.0,588,0.0,0.0,0.0,0.0,0.0,0,0.0,0.0,0.0,0.0,0.0,0,1.0,1.0,1.0,1.0,1.0,552,0.9999999999999997,1.0000000000000004,1.0,1.0,1.0000000000000002,552,1.0,1.4545454545454546,1.0188043609403314,1.0,1.125,552,0.9999999999999997,1.0000000000000004,1.0,1.0,1.0000000000000002,552,552.0,0.0,0.0,0.0,552.0,552.0,0.0,0.0,0.0,0.0,0.0,0.0,1.0,0.0,0.0,342.6639065146446,588.0,588.0,28812.0,7056.0,24.0,24.0,510.0,514.0,81.59863945578232,96.0,0.0,0.0,0.0,131488.0,0.0,0.0,0.0,0.0,0.0,0.0,0.0,0.0,0.0,0.0,0.0,0.0,0.0,0.0,0.0,0.0,2768.763879314065
182,10920000000000,3.0,9.0,4.523809523809524,4.0,7.0,588,24.0,24.0,24.0,24.0,24.0,588,0.0,0.0,0.0,0.0,0.0,588,3.0,9.0,4.523809523809524,4.0,7.0,588,0.0,0.0,0.0,0.0,0.0,0,0.0,0.0,0.0,0.0,0.0,0,1.0,1.0,1.0,1.0,1.0,552,0.9999999999999997,1.0000000000000004,1.0,1.0,1.0000000000000002,552,1.0,1.5454545454545454,1.0168306778120233,1.0,1.1111111111111112,552,0.9999999999999997,1.0000000000000004,1.0,1.0,1.0000000000000002,552,552.0,0.0,0.0,0.0,552.0,552.0,0.0,0.0,0.0,0.0,0.0,0.0,1.0,0.0,0.0,344.5173092186451,588.0,588.0,28812.0,7056.0,24.0,24.0,522.0,526.0,82.60714285714286,96.0,0.0,0.0,0.0,137945.0,0.0,0.0,0.0,0.0,0.0,0.0,0.0,0.0,0.0,0.0,0.0,0.0,0.0,0.0,0.0,0.0,2992.9443188011646
183,10980000000000,3.0,9.0,4.511904761904762,4.0,7.0,588,24.0,24.0,24.0,24.0,24.0,588,0.0,0.0,0.0,0.0,0.0,588,3.0,9.0,4.511904761904762,4.0,7.0,588,0.0,0.0,0.0,0.0,0.0,0,0.0,0.0,0.0,0.0,0.0,0,1.0,1.0,1.0,1.0,1.0,552,0.9999999999999997,1.0000000000000004,1.0,1.0,1.0000000000000002,552,1.0,1.4545454545454546,1.0186684239054868,1.0,1.125,552,0.9999999999999997,1.0000000000000004,1.0,1.0,1.0000000000000002,552,552.0,0.0,0.0,0.0,552.0,552.0,0.0,0.0,0.0,0.0,0.0,0.0,1.0,0.0,0.0,333.7272685021162,588.0,588.0,28812.0,7056.0,24.0,24.0,515.0,519.0,82.16326530612245,96.0,0.0,0.0,0.0,133836.0,0.0,0.0,0.0,0.0,0.0,0.0,0.0,0.0,0.0,0.0,0.0,0.0,0.0,0.0,0.0,0.0,2865.017842501402
184,11040000000000,3.0,9.0,4.51530612244898,4.0,7.0,588,24.0,24.0,24.0,24.0,24.0,588,0.0,0.0,0.0,0.0,0.0,588,3.0,9.0,4.51530612244898,4.0,7.0,588,0.0,0.0,0.0,0.0,0.0,0,0.0,0.0,0.0,0.0,0.0,0,1.0,1.0,1.0,1.0,1.0,552,0.9999999999999997,1.0000000000000002,1.0,1.0,1.0000000000000002,552,1.0,1.5454545454545454,1.0179804639432997,1.0,1.1173611111111101,552,0.9999999999999997,1.0000000000000002,1.0,1.0,1.0000000000000002,552,552.0,0.0,0.0,0.0,552.0,552.0,0.0,0.0,0.0,0.0,0.0,0.0,1.0,0.0,0.0,334.16023664176464,588.0,588.0,28812.0,7056.0,24.0,24.0,517.0,521.0,81.65136054421768,96.0,0.0,0.0,0.0,136184.0,0.0,0.0,0.0,0.0,0.0,0.0,0.0,0.0,0.0,0.0,0.0,0.0,0.0,0.0,0.0,0.0,2771.9637490808964
185,11100000000000,3.0,9.0,4.525510204081633,4.0,7.0,588,24.0,24.0,24.0,24.0,24.0,588,0.0,0.0,0.0,0.0,0.0,588,3.0,9.0,4.525510204081633,4.0,7.0,588,0.0,0.0,0.0,0.0,0.0,0,0.0,0.0,0.0,0.0,0.0,0,1.0,1.0,1.0,1.0,1.0,552,0.9999999999999998,1.0000000000000002,1.0,1.0,1.0000000000000002,552,1.0,1.4545454545454546,1.0205147125815137,1.0,1.1666666666666667,552,0.9999999999999998,1.0000000000000002,1.0,1.0,1.0000000000000002,552,552.0,0.0,0.0,0.0,552.0,552.0,0.0,0.0,0.0,0.0,0.0,0.0,1.0,0.0,0.0,346.47012129426,588.0,588.0,28812.0,7056.0,24.0,24.0,523.0,527.0,81.12244897959184,96.0,0.0,0.0,0.0,135597.0,0.0,0.0,0.0,0.0,0.0,0.0,0.0,0.0,0.0,0.0,0.0,0.0,0.0,0.0,0.0,0.0,3069.9811950325966
186,11160000000000,3.0,9.0,4.51360544217687,4.0,7.0,588,24.0,24.0,24.0,24.0,24.0,588,0.0,0.0,0.0,0.0,0.0,588,3.0,9.0,4.51360544217687,4.0,7.0,588,0.0,0.0,0.0,0.0,0.0,0,0.0,0.0,0.0,0.0,0.0,0,1.0,1.0,1.0,1.0,1.0,552,0.9999999999999998,1.0000000000000004,1.0,1.0,1.0000000000000002,552,1.0,1.5454545454545454,1.0213054280085176,1.0,1.133035714285713,552,0.9999999999999998,1.0000000000000004,1.0,1.0,1.0000000000000002,552,552.0,0.0,0.0,0.0,552.0,552.0,0.0,0.0,0.0,0.0,0.0,0.0,1.0,0.0,0.0,342.53755770623684,588.0,588.0,28812.0,7056.0,24.0,24.0,516.0,520.0,83.63265306122449,96.0,0.0,0.0,0.0,135010.0,0.0,0.0,0.0,0.0,0.0,0.0,0.0,0.0,0.0,0.0,0.0,0.0,0.0,0.0,0.0,0.0,2779.281858354807
187,11220000000000,3.0,9.0,4.525510204081633,4.0,7.0,588,24.0,24.0,24.0,24.0,24.0,588,0.0,0.0,0.0,0.0,0.0,588,3.0,9.0,4.525510204081633,4.0,7.0,588,0.0,0.0,0.0,0.0,0.0,0,0.0,0.0,0.0,0.0,0.0,0,1.0,1.0,1.0,1.0,1.0,552,0.9999999999999996,1.0000000000000004,1.0,1.0,1.0000000000000002,552,1.0,1.4545454545454546,1.0209343780923064,1.0,1.1734848484848475,552,0.9999999999999996,1.0000000000000004,1.0,1.0,1.0000000000000002,552,552.0,0.0,0.0,0.0,552.0,552.0,0.0,0.0,0.0,0.0,0.0,0.0,1.0,0.0,0.0,344.40189599990845,588.0,588.0,28812.0,7056.0,24.0,24.0,523.0,527.0,83.13095238095238,96.0,0.0,0.0,0.0,136184.0,0.0,0.0,0.0,0.0,0.0,0.0,0.0,0.0,0.0,0.0,0.0,0.0,0.0,0.0,0.0,0.0,2846.5127013623714
188,11280000000000,3.0,9.0,4.511904761904762,4.0,7.0,588,24.0,24.0,24.0,24.0,24.0,588,0.0,0.0,0.0,0.0,0.0,588,3.0,9.0,4.511904761904762,4.0,7.0,588,0.0,0.0,0.0,0.0,0.0,0,0.0,0.0,0.0,0.0,0.0,0,1.0,1.0,1.0,1.0,1.0,552,0.9999999999999997,1.0000000000000002,1.0,1.0,1.0000000000000002,552,1.0,1.5454545454545454,1.020692057529937,1.0,1.1428571428571428,552,0.9999999999999997,1.0000000000000002,1.0,1.0,1.0000000000000002,552,552.0,0.0,0.0,0.0,552.0,552.0,0.0,0.0,0.0,0.0,0.0,0.0,1.0,0.0,0.0,341.7471144348383,588.0,588.0,28812.0,7056.0,24.0,24.0,515.0,519.0,83.21768707482993,96.0,0.0,0.0,0.0,135597.0,0.0,0.0,0.0,0.0,0.0,0.0,0.0,0.0,0.0,0.0,0.0,0.0,0.0,0.0,0.0,0.0,3003.4814588725567
189,11340000000000,3.0,9.0,4.525510204081633,4.0,7.0,588,24.0,24.0,24.0,24.0,24.0,588,0.0,0.0,0.0,0.0,0.0,588,3.0,9.0,4.525510204081633,4.0,7.0,588,0.0,0.0,0.0,0.0,0.0,0,0.0,0.0,0.0,0.0,0.0,0,1.0,1.0,1.0,1.0,1.0,552,0.9999999999999996,1.0000000000000004,1.0,1.0,1.0000000000000002,552,1.0,1.4545454545454546,1.0173543393641151,1.0,1.125,552,0.9999999999999996,1.0000000000000004,1.0,1.0,1.0000000000000002,552,552.0,0.0,0.0,0.0,552.0,552.0,0.0,0.0,0.0,0.0,0.0,0.0,1.0,0.0,0.0,335.63661202788353,588.0,588.0,28812.0,7056.0,24.0,24.0,523.0,527.0,82.12414965986395,96.0,0.0,0.0,0.0,136771.0,0.0,0.0,0.0,0.0,0.0,0.0,0.0,0.0,0.0,0.0,0.0,0.0,0.0,0.0,0.0,0.0,2782.639989629388
190,11400000000000,3.0,9.0,4.508503401360544,4.0,7.0,588,24.0,24.0,24.0,24.0,24.0,588,0.0,0.0,0.0,0.0,0.0,588,3.0,9.0,4.508503401360544,4.0,7.0,588,0.0,0.0,0.0,0.0,0.0,0,0.0,0.0,0.0,0.0,0.0,0,1.0,1.0,1.0,1.0,1.0,552,0.9999999999999997,1.0000000000000002,1.0,1.0,1.0000000000000002,552,1.0,1.4545454545454546,1.019446568619503,1.0,1.1428571428571428,552,0.9999999999999997,1.0000000000000002,1.0,1.0,1.0000000000000002,552,552.0,0.0,0.0,0.0,552.0,552.0,0.0,0.0,0.0,0.0,0.0,0.0,1.0,0.0,0.0,343.75076927244663,588.0,588.0,28812.0,7056.0,24.0,24.0,513.0,517.0,81.70578231292517,96.0,0.0,0.0,0.0,133836.0,0.0,0.0,0.0,0.0,0.0,0.0,0.0,0.0,0.0,0.0,0.0,0.0,0.0,0.0,0.0,0.0,2875.4649478942156
191,11460000000000,3.0,9.0,4.523809523809524,4.0,7.0,588,24.0,24.0,24.0,24.0,24.0,588,0.0,0.0,0.0,0.0,0.0,588,3.0,9.0,4.523809523809524,4.0,7.0,588,0.0,0.0,0.0,0.0,0.0,0,0.0,0.0,0.0,0.0,0.0,0,1.0,1.0,1.0,1.0,1.0,552,0.9999999999999997,1.0000000000000004,1.0,1.0,1.0000000000000002,552,1.0,1.4545454545454546,1.0161828146857255,1.0,1.1111111111111112,552,0.9999999999999997,1.0000000000000004,1.0,1.0,1.0000000000000002,552,552.0,0.0,0.0,0.0,552.0,552.0,0.0,0.0,0.0,0.0,0.0,0.0,1.0,0.0,0.0,335.9031565487385,588.0,588.0,28812.0,7056.0,24.0,24.0,522.0,526.0,81.921768707483,96.0,0.0,0.0,0.0,136771.0,0.0,0.0,0.0,0.0,0.0,0.0,0.0,0.0,0.0,0.0,0.0,0.0,0.0,0.0,0.0,0.0,2697.6331900805235
192,11520000000000,3.0,9.0,4.51360544217687,4.0,7.0,588,24.0,24.0,24.0,24.0,24.0,588,0.0,0.0,0.0,0.0,0.0,588,3.0,9.0,4.51360544217687,4.0,7.0,588,0.0,0.0,0.0,0.0,0.0,0,0.0,0.0,0.0,0.0,0.0,0,1.0,1.0,1.0,1.0,1.0,552,0.9999999999999997,1.0000000000000002,1.0,1.0,1.0000000000000002,552,1.0,1.4545454545454546,1.021431797020814,1.0,1.1899999999999988,552,0.9999999999999997,1.0000000000000002,1.0,1.0,1.0000000000000002,552,552.0,0.0,0.0,0.0,552.0,552.0,0.0,0.0,0.0,0.0,0.0,0.0,1.0,0.0,0.0,343.83885003626347,588.0,588.0,28812.0,7056.0,24.0,24.0,516.0,520.0,81.97278911564626,96.0,0.0,0.0,0.0,135010.0,0.0,0.0,0.0,0.0,0.0,0.0,0.0,0.0,0.0,0.0,0.0,0.0,0.0,0.0,0.0,0.0,3192.7633937448263
193,11580000000000,3.0,9.0,4.523809523809524,4.0,7.0,588,24.0,24.0,24.0,24.0,24.0,588,0.0,0.0,0.0,0.0,0.0,588,3.0,9.0,4.523809523809524,4.0,7.0,588,0.0,0.0,0.0,0.0,0.0,0,0.0,0.0,0.0,0.0,0.0,0,1.0,1.0,1.0,1.0,1.0,552,0.9999999999999997,1.0000000000000002,1.0,1.0,1.0000000000000002,552,1.0,1.4545454545454546,1.0177592337330152,1.0,1.125,552,0.9999999999999997,1.0000000000000002,1.0,1.0,1.0000000000000002,552,552.0,0.0,0.0,0.0,552.0,552.0,0.0,0.0,0.0,0.0,0.0,0.0,1.0,0.0,0.0,324.17003624141216,588.0,588.0,28812.0,7056.0,24.0,24.0,522.0,526.0,82.27210884353741,96.0,0.0,0.0,0.0,136771.0,0.0,0.0,0.0,0.0,0.0,0.0,0.0,0.0,0.0,0.0,0.0,0.0,0.0,0.0,0.0,0.0,2538.43841701746
194,11640000000000,3.0,9.0,4.520408163265306,4.0,7.0,588,24.0,24.0,24.0,24.0,24.0,588,0.0,0.0,0.0,0.0,0.0,588,3.0,9.0,4.520408163265306,4.0,7.0,588,0.0,0.0,0.0,0.0,0.0,0,0.0,0.0,0.0,0.0,0.0,0,1.0,1.0,1.0,1.0,1.0,552,0.9999999999999997,1.0000000000000002,1.0,1.0,1.0000000000000002,552,1.0,1.4545454545454546,1.021781041733154,1.0,1.1899999999999988,552,0.9999999999999997,1.0000000000000002,1.0,1.0,1.0000000000000002,552,552.0,0.0,0.0,0.0,552.0,552.0,0.0,0.0,0.0,0.0,0.0,0.0,1.0,0.0,0.0,343.3866333216429,588.0,588.0,28812.0,7056.0,24.0,24.0,520.0,524.0,80.82312925170068,96.0,0.0,0.0,0.0,135010.0,0.0,0.0,0.0,0.0,0.0,0.0,0.0,0.0,0.0,0.0,0.0,0.0,0.0,0.0,0.0,0.0,2809.5323722809553
195,11700000000000,3.0,9.0,4.517006802721088,4.0,7.0,588,24.0,24.0,24.0,24.0,24.0,588,0.0,0.0,0.0,0.0,0.0,588,3.0,9.0,4.517006802721088,4.0,7.0,588,0.0,0.0,0.0,0.0,0.0,0,0.0,0.0,0.0,0.0,0.0,0,1.0,1.0,1.0,1.0,1.0,552,0.9999999999999996,1.0000000000000002,1.0,1.0,1.0000000000000002,552,1.0,1.5454545454545454,1.0176889357927068,1.0,1.1173611111111101,552,0.9999999999999996,1.0000000000000002,1.0,1.0,1.0000000000000002,552,552.0,0.0,0.0,0.0,552.0,552.0,0.0,0.0,0.0,0.0,0.0,0.0,1.0,0.0,0.0,341.6559062898159,588.0,588.0,28812.0,7056.0,24.0,24.0,518.0,522.0,82.09183673469387,96.0,0.0,0.0,0.0,135597.0,0.0,0.0,0.0,0.0,0.0,0.0,0.0,0.0,0.0,0.0,0.0,0.0,0.0,0.0,0.0,0.0,2667.322101071477
196,11760000000000,3.0,9.0,4.522108843537415,4.0,7.0,588,24.0,24.0,24.0,24.0,24.0,588,0.0,0.0,0.0,0.0,0.0,588,3.0,9.0,4.522108843537415,4.0,7.0,588,0.0,0.0,0.0,0.0,0.0,0,0.0,0.0,0.0,0.0,0.0,0,1.0,1.0,1.0,1.0,1.0,552,0.9999999999999998,1.0000000000000004,1.0,1.0,1.0000000000000002,552,1.0,1.4545454545454546,1.0211327479760586,1.0,1.1818181818181819,552,0.9999999999999998,1.0000000000000004,1.0,1.0,1.0000000000000002,552,552.0,0.0,0.0,0.0,552.0,552.0,0.0,0.0,0.0,0.0,0.0,0.0,1.0,0.0,0.0,342.7945449948311,588.0,588.0,28812.0,7056.0,24.0,24.0,521.0,525.0,81.41156462585035,96.0,0.0,0.0,0.0,136771.0,0.0,0.0,0.0,0.0,0.0,0.0,0.0,0.0,0.0,0.0,0.0,0.0,0.0,0.0,0.0,0.0,3205.7295721024275
197,11820000000000,3.0,9.0,4.523809523809524,4.0,7.0,588,24.0,24.0,24.0,24.0,24.0,588,0.0,0.0,0.0,0.0,0.0,588,3.0,9.0,4.523809523809524,4.0,7.0,588,0.0,0.0,0.0,0.0,0.0,0,0.0,0.0,0.0,0.0,0.0,0,1.0,1.0,1.0,1.0,1.0,552,0.9999999999999997,1.0000000000000002,1.0,1.0,1.0000000000000002,552,1.0,1.5454545454545454,1.0194842401557445,1.0,1.125,552,0.9999999999999997,1.0000000000000002,1.0,1.0,1.0000000000000002,552,552.0,0.0,0.0,0.0,552.0,552.0,0.0,0.0,0.0,0.0,0.0,0.0,1.0,0.0,0.0,341.76648408174515,588.0,588.0,28812.0,7056.0,24.0,24.0,522.0,526.0,83.20578231292517,96.0,0.0,0.0,0.0,136771.0,0.0,0.0,0.0,0.0,0.0,0.0,0.0,0.0,0.0,0.0,0.0,0.0,0.0,0.0,0.0,0.0,2663.7929510325193
198,11880000000000,3.0,9.0,4.5272108843537415,4.0,7.0,588,24.0,24.0,24.0,24.0,24.0,588,0.0,0.0,0.0,0.0,0.0,588,3.0,9.0,4.5272108843537415,4.0,7.0,588,0.0,0.0,0.0,0.0,0.0,0,0.0,0.0,0.0,0.0,0.0,0,1.0,1.0,1.0,1.0,1.0,552,0.9999999999999998,1.0000000000000004,1.0,1.0,1.0000000000000002,552,1.0,1.4545454545454546,1.0205551633415824,1.0,1.1428571428571428,552,0.9999999999999998,1.0000000000000004,1.0,1.0,1.0000000000000002,552,552.0,0.0,0.0,0.0,552.0,552.0,0.0,0.0,0.0,0.0,0.0,0.0,1.0,0.0,0.0,555.6956734508276,588.0,588.0,28812.0,7056.0,24.0,24.0,524.0,528.0,79.06462585034014,92.0,0.0,0.0,0.0,138532.0,0.0,0.0,0.0,0.0,0.0,0.0,0.0,0.0,0.0,0.0,0.0,0.0,0.0,0.0,0.0,0.0,5274.847907945514
199,11940000000000,3.0,9.0,4.517006802721088,4.0,7.0,588,24.0,24.0,24.0,24.0,24.0,588,0.0,0.0,0.0,0.0,0.0,588,3.0,9.0,4.517006802721088,4.0,7.0,588,0.0,0.0,0.0,0.0,0.0,0,0.0,0.0,0.0,0.0,0.0,0,1.0,1.0,1.0,1.0,1.0,552,0.9999999999999998,1.0000000000000004,1.0,1.0,1.0000000000000002,552,1.0,1.4545454545454546,1.0211240627603964,1.0,1.1666666666666667,552,0.9999999999999998,1.0000000000000004,1.0,1.0,1.0000000000000002,552,552.0,0.0,0.0,0.0,552.0,552.0,0.0,0.0,0.0,0.0,0.0,0.0,1.0,0.0,0.0,332.9302817583084,588.0,588.0,28812.0,7056.0,24.0,24.0,518.0,522.0,81.64115646258503,96.0,0.0,0.0,0.0,135010.0,0.0,0.0,0.0,0.0,0.0,0.0,0.0,0.0,0.0,0.0,0.0,0.0,0.0,0.0,0.0,0.0,2491.945765912533
200,12000000000000,3.0,9.0,4.5187074829931975,4.0,7.0,588,24.0,24.0,24.0,24.0,24.0,588,0.0,0.0,0.0,0.0,0.0,588,3.0,9.0,4.5187074829931975,4.0,7.0,588,0.0,0.0,0.0,0.0,0.0,0,0.0,0.0,0.0,0.0,0.0,0,1.0,1.0,1.0,1.0,1.0,552,0.9999999999999997,1.0000000000000004,1.0,1.0,1.0000000000000002,552,1.0,1.4545454545454546,1.0172801263690006,1.0,1.1111111111111112,552,0.9999999999999997,1.0000000000000004,1.0,1.0,1.0000000000000002,552,552.0,0.0,0.0,0.0,552.0,552.0,0.0,0.0,0.0,0.0,0.0,0.0,1.0,0.0,0.0,342.8822588175535,588.0,588.0,28812.0,7056.0,24.0,24.0,519.0,523.0,79.98809523809524,96.0,0.0,0.0,0.0,136771.0,0.0,0.0,0.0,0.0,0.0,0.0,0.0,0.0,0.0,0.0,0.0,0.0,0.0,0.0,0.0,0.0,2900.7351715117693
201,12060000000000,3.0,9.0,4.508503401360544,4.0,7.0,588,24.0,24.0,24.0,24.0,24.0,588,0.0,0.0,0.0,0.0,0.0,588,3.0,9.0,4.508503401360544,4.0,7.0,588,0.0,0.0,0.0,0.0,0.0,0,0.0,0.0,0.0,0.0,0.0,0,1.0,1.0,1.0,1.0,1.0,552,0.9999999999999997,1.0000000000000002,1.0,1.0,1.0000000000000002,552,1.0,1.4545454545454546,1.0225265478679562,1.0,1.1818181818181819,552,0.9999999999999997,1.0000000000000002,1.0,1.0,1.0000000000000002,552,552.0,0.0,0.0,0.0,552.0,552.0,0.0,0.0,0.0,0.0,0.0,0.0,1.0,0.0,0.0,337.4030292034149,588.0,588.0,28812.0,7056.0,24.0,24.0,513.0,517.0,80.25340136054422,96.0,0.0,0.0,0.0,132662.0,0.0,0.0,0.0,0.0,0.0,0.0,0.0,0.0,0.0,0.0,0.0,0.0,0.0,0.0,0.0,0.0,2877.656662836671
202,12120000000000,3.0,9.0,4.506802721088436,4.0,7.0,588,24.0,24.0,24.0,24.0,24.0,588,0.0,0.0,0.0,0.0,0.0,588,3.0,9.0,4.506802721088436,4.0,7.0,588,0.0,0.0,0.0,0.0,0.0,0,0.0,0.0,0.0,0.0,0.0,0,1.0,1.0,1.0,1.0,1.0,552,0.9999999999999996,1.0000000000000004,1.0,1.0,1.0000000000000002,552,1.0,1.4545454545454546,1.0173140494561335,1.0,1.125,552,0.9999999999999996,1.0000000000000004,1.0,1.0,1.0000000000000002,552,552.0,0.0,0.0,0.0,552.0,552.0,0.0,0.0,0.0,0.0,0.0,0.0,1.0,0.0,0.0,343.042204156518,588.0,588.0,28812.0,7056.0,24.0,24.0,512.0,516.0,81.9047619047619,96.0,0.0,0.0,0.0,133836.0,0.0,0.0,0.0,0.0,0.0,0.0,0.0,0.0,0.0,0.0,0.0,0.0,0.0,0.0,0.0,0.0,2690.0395192205906
203,12180000000000,3.0,9.0,4.522108843537415,4.0,7.0,588,24.0,24.0,24.0,24.0,24.0,588,0.0,0.0,0.0,0.0,0.0,588,3.0,9.0,4.522108843537415,4.0,7.0,588,0.0,0.0,0.0,0.0,0.0,0,0.0,0.0,0.0,0.0,0.0,0,1.0,1.0,1.0,1.0,1.0,552,0.9999999999999997,1.0000000000000004,1.0,1.0,1.0000000000000002,552,1.0,1.4545454545454546,1.020809978887344,1.0,1.1666666666666667,552,0.9999999999999997,1.0000000000000004,1.0,1.0,1.0000000000000002,552,552.0,0.0,0.0,0.0,552.0,552.0,0.0,0.0,0.0,0.0,0.0,0.0,1.0,0.0,0.0,401.9997641444206,588.0,588.0,28812.0,7056.0,24.0,24.0,521.0,525.0,80.21088435374149,96.0,0.0,0.0,0.0,134423.0,0.0,0.0,0.0,0.0,0.0,0.0,0.0,0.0,0.0,0.0,0.0,0.0,0.0,0.0,0.0,0.0,2918.5081105679274
204,12240000000000,3.0,9.0,4.51360544217687,4.0,7.0,588,24.0,24.0,24.0,24.0,24.0,588,0.0,0.0,0.0,0.0,0.0,588,3.0,9.0,4.51360544217687,4.0,7.0,588,0.0,0.0,0.0,0.0,0.0,0,0.0,0.0,0.0,0.0,0.0,0,1.0,1.0,1.0,1.0,1.0,552,0.9999999999999996,1.0000000000000004,1.0,1.0,1.0000000000000002,552,1.0,1.4545454545454546,1.0180161849085252,1.0,1.1111111111111112,552,0.9999999999999996,1.0000000000000004,1.0,1.0,1.0000000000000002,552,552.0,0.0,0.0,0.0,552.0,552.0,0.0,0.0,0.0,0.0,0.0,0.0,1.0,0.0,0.0,328.5773955285549,588.0,588.0,28812.0,7056.0,24.0,24.0,516.0,520.0,83.5952380952381,96.0,0.0,0.0,0.0,134423.0,0.0,0.0,0.0,0.0,0.0,0.0,0.0,0.0,0.0,0.0,0.0,0.0,0.0,0.0,0.0,0.0,2598.567873239517
205,12300000000000,3.0,9.0,4.5187074829931975,4.0,7.0,588,24.0,24.0,24.0,24.0,24.0,588,0.0,0.0,0.0,0.0,0.0,588,3.0,9.0,4.5187074829931975,4.0,7.0,588,0.0,0.0,0.0,0.0,0.0,0,0.0,0.0,0.0,0.0,0.0,0,1.0,1.0,1.0,1.0,1.0,552,0.9999999999999996,1.0000000000000004,1.0,1.0,1.0000000000000002,552,1.0,1.4545454545454546,1.020421590203788,1.0,1.153571428571427,552,0.9999999999999996,1.0000000000000004,1.0,1.0,1.0000000000000002,552,552.0,0.0,0.0,0.0,552.0,552.0,0.0,0.0,0.0,0.0,0.0,0.0,1.0,0.0,0.0,332.1899455040693,588.0,588.0,28812.0,7056.0,24.0,24.0,519.0,523.0,80.56632653061224,96.0,0.0,0.0,0.0,133836.0,0.0,0.0,0.0,0.0,0.0,0.0,0.0,0.0,0.0,0.0,0.0,0.0,0.0,0.0,0.0,0.0,2727.6940047740936
206,12360000000000,3.0,9.0,4.5187074829931975,4.0,7.0,588,24.0,24.0,24.0,24.0,24.0,588,0.0,0.0,0.0,0.0,0.0,588,3.0,9.0,4.5187074829931975,4.0,7.0,588,0.0,0.0,0.0,0.0,0.0,0,0.0,0.0,0.0,0.0,0.0,0,1.0,1.0,1.0,1.0,1.0,552,0.9999999999999997,1.0000000000000002,1.0,1.0,1.0000000000000002,552,1.0,1.4545454545454546,1.020208836551389,1.0,1.1666666666666667,552,0.9999999999999997,1.0000000000000002,1.0,1.0,1.0000000000000002,552,552.0,0.0,0.0,0.0,552.0,552.0,0.0,0.0,0.0,0.0,0.0,0.0,1.0,0.0,0.0,326.0815963149071,588.0,588.0,28812.0,7056.0,24.0,24.0,519.0,523.0,83.66666666666667,96.0,0.0,0.0,0.0,136184.0,0.0,0.0,0.0,0.0,0.0,0.0,0.0,0.0,0.0,0.0,0.0,0.0,0.0,0.0,0.0,0.0,2854.3769251555204
207,12420000000000,3.0,9.0,4.511904761904762,4.0,7.0,588,24.0,24.0,24.0,24.0,24.0,588,0.0,0.0,0.0,0.0,0.0,588,3.0,9.0,4.511904761904762,4.0,7.0,588,0.0,0.0,0.0,0.0,0.0,0,0.0,0.0,0.0,0.0,0.0,0,1.0,1.0,1.0,1.0,1.0,552,0.9999999999999998,1.0000000000000004,1.0,1.0,1.0000000000000002,552,1.0,1.4545454545454546,1.0198387627555467,1.0,1.1428571428571428,552,0.9999999999999998,1.0000000000000004,1.0,1.0,1.0000000000000002,552,552.0,0.0,0.0,0.0,552.0,552.0,0.0,0.0,0.0,0.0,0.0,0.0,1.0,0.0,0.0,333.3806227892637,588.0,588.0,28812.0,7056.0,24.0,24.0,515.0,519.0,80.12755102040816,96.0,0.0,0.0,0.0,133249.0,0.0,0.0,0.0,0.0,0.0,0.0,0.0,0.0,0.0,0.0,0.0,0.0,0.0,0.0,0.0,0.0,2628.8746930658817
208,12480000000000,3.0,9.0,4.511904761904762,4.0,7.0,588,24.0,24.0,24.0,24.0,24.0,588,0.0,0.0,0.0,0.0,0.0,588,3.0,9.0,4.511904761904762,4.0,7.0,588,0.0,0.0,0.0,0.0,0.0,0,0.0,0.0,0.0,0.0,0.0,0,1.0,1.0,1.0,1.0,1.0,552,0.9999999999999996,1.0000000000000002,1.0,1.0,1.0000000000000002,552,1.0,1.4545454545454546,1.0202095023931088,1.0,1.153571428571427,552,0.9999999999999996,1.0000000000000002,1.0,1.0,1.0000000000000002,552,552.0,0.0,0.0,0.0,552.0,552.0,0.0,0.0,0.0,0.0,0.0,0.0,1.0,0.0,0.0,345.0256269425154,588.0,588.0,28812.0,7056.0,24.0,24.0,515.0,519.0,80.20408163265306,96.0,0.0,0.0,0.0,132662.0,0.0,0.0,0.0,0.0,0.0,0.0,0.0,0.0,0.0,0.0,0.0,0.0,0.0,0.0,0.0,0.0,2866.7518496513367
209,12540000000000,3.0,9.0,4.503401360544218,4.0,7.0,588,24.0,24.0,24.0,24.0,24.0,588,0.0,0.0,0.0,0.0,0.0,588,3.0,9.0,4.503401360544218,4.0,7.0,588,0.0,0.0,0.0,0.0,0.0,0,0.0,0.0,0.0,0.0,0.0,0,1.0,1.0,1.0,1.0,1.0,552,0.9999999999999997,1.0000000000000002,1.0,1.0,1.0000000000000002,552,1.0,1.4545454545454546,1.0185422778907307,1.0,1.125,552,0.9999999999999997,1.0000000000000002,1.0,1.0,1.0000000000000002,552,552.0,0.0,0.0,0.0,552.0,552.0,0.0,0.0,0.0,0.0,0.0,0.0,1.0,0.0,0.0,340.46474657952785,588.0,588.0,28812.0,7056.0,24.0,24.0,510.0,514.0,81.25340136054422,96.0,0.0,0.0,0.0,133249.0,0.0,0.0,0.0,0.0,0.0,0.0,0.0,0.0,0.0,0.0,0.0,0.0,0.0,0.0,0.0,0.0,2474.850904196501
210,12600000000000,3.0,9.0,4.505102040816326,4.0,7.0,588,24.0,24.0,24.0,24.0,24.0,588,0.0,0.0,0.0,0.0,0.0,588,3.0,9.0,4.505102040816326,4.0,7.0,588,0.0,0.0,0.0,0.0,0.0,0,0.0,0.0,0.0,0.0,0.0,0,1.0,1.0,1.0,1.0,1.0,552,0.9999999999999997,1.0000000000000004,1.0,1.0,1.0000000000000002,552,1.0,1.4545454545454546,1.0221429119198604,1.0,1.1666666666666667,552,0.9999999999999997,1.0000000000000004,1.0,1.0,1.0000000000000002,552,552.0,0.0,0.0,0.0,552.0,552.0,0.0,0.0,0.0,0.0,0.0,0.0,1.0,0.0,0.0,340.0546535849571,588.0,588.0,28812.0,7056.0,24.0,24.0,511.0,515.0,80.27551020408163,96.0,0.0,0.0,0.0,132075.0,0.0,0.0,0.0,0.0,0.0,0.0,0.0,0.0,0.0,0.0,0.0,0.0,0.0,0.0,0.0,0.0,2833.79446528852
211,12660000000000,3.0,9.0,4.506802721088436,4.0,7.0,588,24.0,24.0,24.0,24.0,24.0,588,0.0,0.0,0.0,0.0,0.0,588,3.0,9.0,4.506802721088436,4.0,7.0,588,0.0,0.0,0.0,0.0,0.0,0,0.0,0.0,0.0,0.0,0.0,0,1.0,1.0,1.0,1.0,1.0,552,0.9999999999999996,1.0000000000000002,1.0,1.0,1.0000000000000002,552,1.0,1.4545454545454546,1.0176353386945471,1.0,1.1111111111111112,552,0.9999999999999996,1.0000000000000002,1.0,1.0,1.0000000000000002,552,552.0,0.0,0.0,0.0,552.0,552.0,0.0,0.0,0.0,0.0,0.0,0.0,1.0,0.0,0.0,340.73813632130623,588.0,588.0,28812.0,7056.0,24.0,24.0,512.0,516.0,83.11054421768708,96.0,0.0,0.0,0.0,133836.0,0.0,0.0,0.0,0.0,0.0,0.0,0.0,0.0,0.0,0.0,0.0,0.0,0.0,0.0,0.0,0.0,2869.727913290262
212,12720000000000,3.0,9.0,4.503401360544218,4.0,7.0,588,24.0,24.0,24.0,24.0,24.0,588,0.0,0.0,0.0,0.0,0.0,588,3.0,9.0,4.503401360544218,4.0,7.0,588,0.0,0.0,0.0,0.0,0.0,0,0.0,0.0,0.0,0.0,0.0,0,1.0,1.0,1.0,1.0,1.0,552,0.9999999999999996,1.0000000000000004,1.0,1.0,1.0000000000000002,552,1.0,1.4545454545454546,1.0211145608214292,1.0,1.1666666666666667,552,0.9999999999999996,1.0000000000000004,1.0,1.0,1.0000000000000002,552,552.0,0.0,0.0,0.0,552.0,552.0,0.0,0.0,0.0,0.0,0.0,0.0,1.0,0.0,0.0,336.76502853631973,588.0,588.0,28812.0,7056.0,24.0,24.0,510.0,514.0,80.49829931972789,96.0,0.0,0.0,0.0,132662.0,0.0,0.0,0.0,0.0,0.0,0.0,0.0,0.0,0.0,0.0,0.0,0.0,0.0,0.0,0.0,0.0,2815.2482118457556
213,12780000000000,3.0,9.0,4.510204081632653,4.0,7.0,588,24.0,24.0,24.0,24.0,24.0,588,0.0,0.0,0.0,0.0,0.0,588,3.0,9.0,4.510204081632653,4.0,7.0,588,0.0,0.0,0.0,0.0,0.0,0,0.0,0.0,0.0,0.0,0.0,0,1.0,1.0,1.0,1.0,1.0,552,0.9999999999999997,1.0000000000000002,1.0,1.0,1.0000000000000002,552,1.0,1.4545454545454546,1.0210940434405997,1.0,1.1666666666666667,552,0.9999999999999997,1.0000000000000002,1.0,1.0,1.0000000000000002,552,552.0,0.0,0.0,0.0,552.0,552.0,0.0,0.0,0.0,0.0,0.0,0.0,1.0,0.0,0.0,333.9714240282774,588.0,588.0,28812.0,7056.0,24.0,24.0,514.0,518.0,83.99319727891157,96.0,0.0,0.0,0.0,133836.0,0.0,0.0,0.0,0.0,0.0,0.0,0.0,0.0,0.0,0.0,0.0,0.0,0.0,0.0,0.0,0.0,2832.227511331439
214,12840000000000,3.0,9.0,4.505102040816326,4.0,7.0,588,24.0,24.0,24.0,24.0,24.0,588,0.0,0.0,0.0,0.0,0.0,588,3.0,9.0,4.505102040816326,4.0,7.0,588,0.0,0.0,0.0,0.0,0.0,0,0.0,0.0,0.0,0.0,0.0,0,1.0,1.0,1.0,1.0,1.0,552,0.9999999999999997,1.0000000000000002,1.0,1.0,1.0000000000000002,552,1.0,1.4545454545454546,1.0208419546752137,1.0,1.1666666666666667,552,0.9999999999999997,1.0000000000000002,1.0,1.0,1.0000000000000002,552,552.0,0.0,0.0,0.0,552.0,552.0,0.0,0.0,0.0,0.0,0.0,0.0,1.0,0.0,0.0,325.0794354826212,588.0,588.0,28812.0,7056.0,24.0,24.0,511.0,515.0,79.06292517006803,96.0,0.0,0.0,0.0,132662.0,0.0,0.0,0.0,0.0,0.0,0.0,0.0,0.0,0.0,0.0,0.0,0.0,0.0,0.0,0.0,0.0,2351.0822914540768
215,12900000000000,3.0,9.0,4.51530612244898,4.0,7.0,588,24.0,24.0,24.0,24.0,24.0,588,0.0,0.0,0.0,0.0,0.0,588,3.0,9.0,4.51530612244898,4.0,7.0,588,0.0,0.0,0.0,0.0,0.0,0,0.0,0.0,0.0,0.0,0.0,0,1.0,1.0,1.0,1.0,1.0,552,0.9999999999999997,1.0000000000000002,1.0,1.0,1.0000000000000002,552,1.0,1.4545454545454546,1.021185633271709,1.0,1.1666666666666667,552,0.9999999999999997,1.0000000000000002,1.0,1.0,1.0000000000000002,552,552.0,0.0,0.0,0.0,552.0,552.0,0.0,0.0,0.0,0.0,0.0,0.0,1.0,0.0,0.0,338.42120319604874,588.0,588.0,28812.0,7056.0,24.0,24.0,517.0,521.0,84.35544217687075,96.0,0.0,0.0,0.0,134423.0,0.0,0.0,0.0,0.0,0.0,0.0,0.0,0.0,0.0,0.0,0.0,0.0,0.0,0.0,0.0,0.0,3029.059862717986
216,12960000000000,3.0,9.0,4.51360544217687,4.0,7.0,588,24.0,24.0,24.0,24.0,24.0,588,0.0,0.0,0.0,0.0,0.0,588,3.0,9.0,4.51360544217687,4.0,7.0,588,0.0,0.0,0.0,0.0,0.0,0,0.0,0.0,0.0,0.0,0.0,0,1.0,1.0,1.0,1.0,1.0,552,0.9999999999999997,1.0000000000000004,1.0,1.0,1.0000000000000002,552,1.0,1.5,1.0209305711346133,1.0,1.1666666666666667,552,0.9999999999999997,1.0000000000000004,1.0,1.0,1.0000000000000002,552,552.0,0.0,0.0,0.0,552.0,552.0,0.0,0.0,0.0,0.0,0.0,0.0,1.0,0.0,0.0,334.3180976808071,588.0,588.0,28812.0,7056.0,24.0,24.0,516.0,520.0,79.86224489795919,96.0,0.0,0.0,0.0,133836.0,0.0,0.0,0.0,0.0,0.0,0.0,0.0,0.0,0.0,0.0,0.0,0.0,0.0,0.0,0.0,0.0,2634.0195070952177
217,13020000000000,3.0,9.0,4.508503401360544,4.0,7.0,588,24.0,24.0,24.0,24.0,24.0,588,0.0,0.0,0.0,0.0,0.0,588,3.0,9.0,4.508503401360544,4.0,7.0,588,0.0,0.0,0.0,0.0,0.0,0,0.0,0.0,0.0,0.0,0.0,0,1.0,1.0,1.0,1.0,1.0,552,0.9999999999999997,1.0000000000000002,1.0,1.0,1.0000000000000002,552,1.0,1.5,1.0185680502360157,1.0,1.1666666666666667,552,0.9999999999999997,1.0000000000000002,1.0,1.0,1.0000000000000002,552,552.0,0.0,0.0,0.0,552.0,552.0,0.0,0.0,0.0,0.0,0.0,0.0,1.0,0.0,0.0,331.7329939454794,588.0,588.0,28812.0,7056.0,24.0,24.0,513.0,517.0,83.10034013605443,96.0,0.0,0.0,0.0,133249.0,0.0,0.0,0.0,0.0,0.0,0.0,0.0,0.0,0.0,0.0,0.0,0.0,0.0,0.0,0.0,0.0,2804.418470710516
218,13080000000000,3.0,9.0,4.506802721088436,4.0,7.0,588,24.0,24.0,24.0,24.0,24.0,588,0.0,0.0,0.0,0.0,0.0,588,3.0,9.0,4.506802721088436,4.0,7.0,588,0.0,0.0,0.0,0.0,0.0,0,0.0,0.0,0.0,0.0,0.0,0,1.0,1.0,1.0,1.0,1.0,552,0.9999999999999997,1.0000000000000004,1.0,1.0,1.0000000000000002,552,1.0,1.5,1.021627507843856,1.0,1.1666666666666667,552,0.9999999999999997,1.0000000000000004,1.0,1.0,1.0000000000000002,552,552.0,0.0,0.0,0.0,552.0,552.0,0.0,0.0,0.0,0.0,0.0,0.0,1.0,0.0,0.0,651.7745088785887,588.0,588.0,28812.0,7056.0,24.0,24.0,512.0,516.0,80.01190476190476,96.0,0.0,0.0,0.0,133249.0,0.0,0.0,0.0,0.0,0.0,0.0,0.0,0.0,0.0,0.0,0.0,0.0,0.0,0.0,0.0,0.0,5576.472587883472
219,13140000000000,3.0,9.0,4.5017006802721085,4.0,7.0,588,24.0,24.0,24.0,24.0,24.0,588,0.0,0.0,0.0,0.0,0.0,588,3.0,9.0,4.5017006802721085,4.0,7.0,588,0.0,0.0,0.0,0.0,0.0,0,0.0,0.0,0.0,0.0,0.0,0,1.0,1.0,1.0,1.0,1.0,552,0.9999999999999997,1.0000000000000002,1.0,1.0,1.0000000000000002,552,1.0,1.4545454545454546,1.0207313787908083,1.0,1.1666666666666667,552,0.9999999999999997,1.0000000000000002,1.0,1.0,1.0000000000000002,552,552.0,0.0,0.0,0.0,552.0,552.0,0.0,0.0,0.0,0.0,0.0,0.0,1.0,0.0,0.0,692.5495583564043,588.0,588.0,28812.0,7056.0,24.0,24.0,509.0,513.0,79.54421768707483,96.0,0.0,0.0,0.0,132075.0,0.0,0.0,0.0,0.0,0.0,0.0,0.0,0.0,0.0,0.0,0.0,0.0,0.0,0.0,0.0,0.0,5207.964165136218
220,13200000000000,3.0,9.0,4.51530612244898,4.0,7.0,588,24.0,24.0,24.0,24.0,24.0,588,0.0,0.0,0.0,0.0,0.0,588,3.0,9.0,4.51530612244898,4.0,7.0,588,0.0,0.0,0.0,0.0,0.0,0,0.0,0.0,0.0,0.0,0.0,0,1.0,1.0,1.0,1.0,1.0,552,0.9999999999999997,1.0000000000000004,1.0,1.0,1.0000000000000002,552,1.0,1.6,1.0232518842432214,1.0,1.1666666666666667,552,0.9999999999999997,1.0000000000000004,1.0,1.0,1.0000000000000002,552,552.0,0.0,0.0,0.0,552.0,552.0,0.0,0.0,0.0,0.0,0.0,0.0,1.0,0.0,0.0,686.3412745296955,588.0,588.0,28812.0,7056.0,24.0,24.0,517.0,521.0,83.08163265306122,96.0,0.0,0.0,0.0,132662.0,0.0,0.0,0.0,0.0,0.0,0.0,0.0,0.0,0.0,0.0,0.0,0.0,0.0,0.0,0.0,0.0,5576.546475291252
221,13260000000000,3.0,9.0,4.508503401360544,4.0,7.0,588,24.0,24.0,24.0,24.0,24.0,588,0.0,0.0,0.0,0.0,0.0,588,3.0,9.0,4.508503401360544,4.0,7.0,588,0.0,0.0,0.0,0.0,0.0,0,0.0,0.0,0.0,0.0,0.0,0,1.0,1.0,1.0,1.0,1.0,552,0.9999999999999996,1.0000000000000002,1.0,1.0,1.0000000000000002,552,1.0,1.4545454545454546,1.0238536031207428,1.0,1.1666666666666667,552,0.9999999999999996,1.0000000000000002,1.0,1.0,1.0000000000000002,552,552.0,0.0,0.0,0.0,552.0,552.0,0.0,0.0,0.0,0.0,0.0,0.0,1.0,0.0,0.0,655.2731599658728,588.0,588.0,28812.0,7056.0,24.0,24.0,513.0,517.0,79.74829931972789,96.0,0.0,0.0,0.0,134423.0,0.0,0.0,0.0,0.0,0.0,0.0,0.0,0.0,0.0,0.0,0.0,0.0,0.0,0.0,0.0,0.0,4938.368886709213
222,13320000000000,3.0,9.0,4.5187074829931975,4.0,7.0,588,24.0,24.0,24.0,24.0,24.0,588,0.0,0.0,0.0,0.0,0.0,588,3.0,9.0,4.5187074829931975,4.0,7.0,588,0.0,0.0,0.0,0.0,0.0,0,0.0,0.0,0.0,0.0,0.0,0,1.0,1.0,1.0,1.0,1.0,552,0.9999999999999997,1.0000000000000002,1.0,1.0,1.0000000000000002,552,1.0,1.5,1.0262457993223681,1.0,1.2222222222222223,552,0.9999999999999997,1.0000000000000002,1.0,1.0,1.0000000000000002,552,552.0,0.0,0.0,0.0,552.0,552.0,0.0,0.0,0.0,0.0,0.0,0.0,1.0,0.0,0.0,677.9937297105789,588.0,588.0,28812.0,7056.0,24.0,24.0,519.0,523.0,83.60374149659864,96.0,0.0,0.0,0.0,133249.0,0.0,0.0,0.0,0.0,0.0,0.0,0.0,0.0,0.0,0.0,0.0,0.0,0.0,0.0,0.0,0.0,4938.515141606331
223,13380000000000,3.0,9.0,4.511904761904762,4.0,7.0,588,24.0,24.0,24.0,24.0,24.0,588,0.0,0.0,0.0,0.0,0.0,588,3.0,9.0,4.511904761904762,4.0,7.0,588,0.0,0.0,0.0,0.0,0.0,0,0.0,0.0,0.0,0.0,0.0,0,1.0,1.0,1.0,1.0,1.0,552,0.9999999999999997,1.0000000000000002,1.0,1.0,1.0000000000000002,552,1.0,1.5,1.0225289967043145,1.0,1.1666666666666667,552,0.9999999999999997,1.0000000000000002,1.0,1.0,1.0000000000000002,552,552.0,0.0,0.0,0.0,552.0,552.0,0.0,0.0,0.0,0.0,0.0,0.0,1.0,0.0,0.0,668.3185938745737,588.0,588.0,28812.0,7056.0,24.0,24.0,515.0,519.0,79.03231292517007,92.0,0.0,0.0,0.0,133836.0,0.0,0.0,0.0,0.0,0.0,0.0,0.0,0.0,0.0,0.0,0.0,0.0,0.0,0.0,0.0,0.0,5138.910140842199
224,13440000000000,3.0,9.0,4.51530612244898,4.0,7.0,588,24.0,24.0,24.0,24.0,24.0,588,0.0,0.0,0.0,0.0,0.0,588,3.0,9.0,4.51530612244898,4.0,7.0,588,0.0,0.0,0.0,0.0,0.0,0,0.0,0.0,0.0,0.0,0.0,0,1.0,1.0,1.0,1.0,1.0,552,0.9999999999999997,1.0000000000000004,1.0,1.0,1.0000000000000002,552,1.0,1.5,1.0236528265567608,1.0,1.1899999999999988,552,0.9999999999999997,1.0000000000000004,1.0,1.0,1.0000000000000002,552,552.0,0.0,0.0,0.0,552.0,552.0,0.0,0.0,0.0,0.0,0.0,0.0,1.0,0.0,0.0,682.7323082834482,588.0,588.0,28812.0,7056.0,24.0,24.0,517.0,521.0,82.89115646258503,96.0,0.0,0.0,0.0,135597.0,0.0,0.0,0.0,0.0,0.0,0.0,0.0,0.0,0.0,0.0,0.0,0.0,0.0,0.0,0.0,0.0,5406.560456380248
225,13500000000000,3.0,9.0,4.511904761904762,4.0,7.0,588,24.0,24.0,24.0,24.0,24.0,588,0.0,0.0,0.0,0.0,0.0,588,3.0,9.0,4.511904761904762,4.0,7.0,588,0.0,0.0,0.0,0.0,0.0,0,0.0,0.0,0.0,0.0,0.0,0,1.0,1.0,1.0,1.0,1.0,552,0.9999999999999997,1.0000000000000002,1.0,1.0,1.0000000000000002,552,1.0,1.6,1.022643758890701,1.0,1.1666666666666667,552,0.9999999999999997,1.0000000000000002,1.0,1.0,1.0000000000000002,552,552.0,0.0,0.0,0.0,552.0,552.0,0.0,0.0,0.0,0.0,0.0,0.0,1.0,0.0,0.0,686.3036993891001,588.0,588.0,28812.0,7056.0,24.0,24.0,515.0,519.0,79.45068027210884,92.0,0.0,0.0,0.0,132075.0,0.0,0.0,0.0,0.0,0.0,0.0,0.0,0.0,0.0,0.0,0.0,0.0,0.0,0.0,0.0,0.0,5312.663841992617
226,13560000000000,3.0,9.0,4.506802721088436,4.0,7.0,588,24.0,24.0,24.0,24.0,24.0,588,0.0,0.0,0.0,0.0,0.0,588,3.0,9.0,4.506802721088436,4.0,7.0,588,0.0,0.0,0.0,0.0,0.0,0,0.0,0.0,0.0,0.0,0.0,0,1.0,1.0,1.0,1.0,1.0,552,0.9999999999999998,1.0000000000000002,1.0,1.0,1.0000000000000002,552,1.0,1.7,1.0207829258599046,1.0,1.1666666666666667,552,0.9999999999999998,1.0000000000000002,1.0,1.0,1.0000000000000002,552,552.0,0.0,0.0,0.0,552.0,552.0,0.0,0.0,0.0,0.0,0.0,0.0,1.0,0.0,0.0,677.5460541248322,588.0,588.0,28812.0,7056.0,24.0,24.0,512.0,516.0,82.41836734693878,96.0,0.0,0.0,0.0,134423.0,0.0,0.0,0.0,0.0,0.0,0.0,0.0,0.0,0.0,0.0,0.0,0.0,0.0,0.0,0.0,0.0,4944.152135401964
227,13620000000000,3.0,9.0,4.510204081632653,4.0,7.0,588,24.0,24.0,24.0,24.0,24.0,588,0.0,0.0,0.0,0.0,0.0,588,3.0,9.0,4.510204081632653,4.0,7.0,588,0.0,0.0,0.0,0.0,0.0,0,0.0,0.0,0.0,0.0,0.0,0,1.0,1.0,1.0,1.0,1.0,552,0.9999999999999998,1.0000000000000004,1.0,1.0,1.0000000000000002,552,1.0,1.6,1.0244960995956105,1.0,1.2,552,0.9999999999999998,1.0000000000000004,1.0,1.0,1.0000000000000002,552,552.0,0.0,0.0,0.0,552.0,552.0,0.0,0.0,0.0,0.0,0.0,0.0,1.0,0.0,0.0,677.1209761500359,588.0,588.0,28812.0,7056.0,24.0,24.0,514.0,518.0,80.79421768707483,96.0,0.0,0.0,0.0,132075.0,0.0,0.0,0.0,0.0,0.0,0.0,0.0,0.0,0.0,0.0,0.0,0.0,0.0,0.0,0.0,0.0,2881.5407883375883
228,13680000000000,3.0,9.0,4.505102040816326,4.0,7.0,588,24.0,24.0,24.0,24.0,24.0,588,0.0,0.0,0.0,0.0,0.0,588,3.0,9.0,4.505102040816326,4.0,7.0,588,0.0,0.0,0.0,0.0,0.0,0,0.0,0.0,0.0,0.0,0.0,0,1.0,1.0,1.0,1.0,1.0,552,0.9999999999999997,1.0000000000000002,1.0,1.0,1.0000000000000002,552,1.0,1.4545454545454546,1.0203545204452757,1.0,1.1666666666666667,552,0.9999999999999997,1.0000000000000002,1.0,1.0,1.0000000000000002,552,552.0,0.0,0.0,0.0,552.0,552.0,0.0,0.0,0.0,0.0,0.0,0.0,1.0,0.0,0.0,309.91759337484837,588.0,588.0,28812.0,7056.0,24.0,24.0,511.0,515.0,82.72448979591837,96.0,0.0,0.0,0.0,133249.0,0.0,0.0,0.0,0.0,0.0,0.0,0.0,0.0,0.0,0.0,0.0,0.0,0.0,0.0,0.0,0.0,2434.744067490101
229,13740000000000,3.0,9.0,4.51530612244898,4.0,7.0,588,24.0,24.0,24.0,24.0,24.0,588,0.0,0.0,0.0,0.0,0.0,588,3.0,9.0,4.51530612244898,4.0,7.0,588,0.0,0.0,0.0,0.0,0.0,0,0.0,0.0,0.0,0.0,0.0,0,1.0,1.0,1.0,1.0,1.0,552,0.9999999999999997,1.0000000000000004,1.0,1.0,1.0000000000000002,552,1.0,1.6,1.0263737460920794,1.0,1.2,552,0.9999999999999997,1.0000000000000004,1.0,1.0,1.0000000000000002,552,552.0,0.0,0.0,0.0,552.0,552.0,0.0,0.0,0.0,0.0,0.0,0.0,1.0,0.0,0.0,309.8925556987524,588.0,588.0,28812.0,7056.0,24.0,24.0,517.0,521.0,83.49829931972789,96.0,0.0,0.0,0.0,132075.0,0.0,0.0,0.0,0.0,0.0,0.0,0.0,0.0,0.0,0.0,0.0,0.0,0.0,0.0,0.0,0.0,2418.643843382597
230,13800000000000,3.0,9.0,4.508503401360544,4.0,7.0,588,24.0,24.0,24.0,24.0,24.0,588,0.0,0.0,0.0,0.0,0.0,588,3.0,9.0,4.508503401360544,4.0,7.0,588,0.0,0.0,0.0,0.0,0.0,0,0.0,0.0,0.0,0.0,0.0,0,1.0,1.0,1.0,1.0,1.0,552,0.9999999999999997,1.0000000000000004,1.0,1.0,1.0000000000000002,552,1.0,1.8,1.0219145554987632,1.0,1.1666666666666667,552,0.9999999999999997,1.0000000000000004,1.0,1.0,1.0000000000000002,552,552.0,0.0,0.0,0.0,552.0,552.0,0.0,0.0,0.0,0.0,0.0,0.0,1.0,0.0,0.0,311.93146854639053,588.0,588.0,28812.0,7056.0,24.0,24.0,513.0,517.0,82.79081632653062,96.0,0.0,0.0,0.0,132662.0,0.0,0.0,0.0,0.0,0.0,0.0,0.0,0.0,0.0,0.0,0.0,0.0,0.0,0.0,0.0,0.0,2397.0977924764156
231,13860000000000,3.0,9.0,4.510204081632653,4.0,7.0,588,24.0,24.0,24.0,24.0,24.0,588,0.0,0.0,0.0,0.0,0.0,588,3.0,9.0,4.510204081632653,4.0,7.0,588,0.0,0.0,0.0,0.0,0.0,0,0.0,0.0,0.0,0.0,0.0,0,1.0,1.0,1.0,1.0,1.0,552,0.9999999999999996,1.0000000000000002,1.0,1.0,1.0000000000000002,552,1.0,1.7,1.0269859676117667,1.0,1.2,552,0.9999999999999996,1.0000000000000002,1.0,1.0,1.0000000000000002,552,552.0,0.0,0.0,0.0,552.0,552.0,0.0,0.0,0.0,0.0,0.0,0.0,1.0,0.0,0.0,313.01007978618145,588.0,588.0,28812.0,7056.0,24.0,24.0,514.0,518.0,84.23979591836735,96.0,0.0,0.0,0.0,133249.0,0.0,0.0,0.0,0.0,0.0,0.0,0.0,0.0,0.0,0.0,0.0,0.0,0.0,0.0,0.0,0.0,2273.746533319354
232,13920000000000,3.0,9.0,4.51360544217687,4.0,7.0,588,24.0,24.0,24.0,24.0,24.0,588,0.0,0.0,0.0,0.0,0.0,588,3.0,9.0,4.51360544217687,4.0,7.0,588,0.0,0.0,0.0,0.0,0.0,0,0.0,0.0,0.0,0.0,0.0,0,1.0,1.0,1.0,1.0,1.0,552,0.9999999999999997,1.0000000000000004,1.0,1.0,1.0000000000000002,552,1.0,1.8,1.023240149586318,1.0,1.1666666666666667,552,0.9999999999999997,1.0000000000000004,1.0,1.0,1.0000000000000002,552,552.0,0.0,0.0,0.0,552.0,552.0,0.0,0.0,0.0,0.0,0.0,0.0,1.0,0.0,0.0,317.4198865890503,588.0,588.0,28812.0,7056.0,24.0,24.0,516.0,520.0,82.39115646258503,96.0,0.0,0.0,0.0,134423.0,0.0,0.0,0.0,0.0,0.0,0.0,0.0,0.0,0.0,0.0,0.0,0.0,0.0,0.0,0.0,0.0,2441.352868452668
233,13980000000000,3.0,9.0,4.510204081632653,4.0,7.0,588,24.0,24.0,24.0,24.0,24.0,588,0.0,0.0,0.0,0.0,0.0,588,3.0,9.0,4.510204081632653,4.0,7.0,588,0.0,0.0,0.0,0.0,0.0,0,0.0,0.0,0.0,0.0,0.0,0,1.0,1.0,1.0,1.0,1.0,552,0.9999999999999996,1.0000000000000002,1.0,1.0,1.0000000000000002,552,1.0,1.7,1.0249287287632038,1.0,1.1899999999999988,552,0.9999999999999996,1.0000000000000002,1.0,1.0,1.0000000000000002,552,552.0,0.0,0.0,0.0,552.0,552.0,0.0,0.0,0.0,0.0,0.0,0.0,1.0,0.0,0.0,312.67842464149,588.0,588.0,28812.0,7056.0,24.0,24.0,514.0,518.0,83.14965986394557,96.0,0.0,0.0,0.0,133249.0,0.0,0.0,0.0,0.0,0.0,0.0,0.0,0.0,0.0,0.0,0.0,0.0,0.0,0.0,0.0,0.0,2404.8455636948347
234,14040000000000,3.0,9.0,4.511904761904762,4.0,7.0,588,24.0,24.0,24.0,24.0,24.0,588,0.0,0.0,0.0,0.0,0.0,588,3.0,9.0,4.511904761904762,4.0,7.0,588,0.0,0.0,0.0,0.0,0.0,0,0.0,0.0,0.0,0.0,0.0,0,1.0,1.0,1.0,1.0,1.0,552,0.9999999999999998,1.0000000000000004,1.0,1.0,1.0000000000000002,552,1.0,1.8,1.0228332429941405,1.0,1.1666666666666667,552,0.9999999999999998,1.0000000000000004,1.0,1.0,1.0000000000000002,552,552.0,0.0,0.0,0.0,552.0,552.0,0.0,0.0,0.0,0.0,0.0,0.0,1.0,0.0,0.0,309.45979431271553,588.0,588.0,28812.0,7056.0,24.0,24.0,515.0,519.0,80.85884353741497,96.0,0.0,0.0,0.0,134423.0,0.0,0.0,0.0,0.0,0.0,0.0,0.0,0.0,0.0,0.0,0.0,0.0,0.0,0.0,0.0,0.0,2291.025757789612
235,14100000000000,3.0,9.0,4.511904761904762,4.0,7.0,588,24.0,24.0,24.0,24.0,24.0,588,0.0,0.0,0.0,0.0,0.0,588,3.0,9.0,4.511904761904762,4.0,7.0,588,0.0,0.0,0.0,0.0,0.0,0,0.0,0.0,0.0,0.0,0.0,0,1.0,1.0,1.0,1.0,1.0,552,0.9999999999999997,1.0000000000000004,1.0,1.0,1.0000000000000002,552,1.0,1.7,1.0218125887147294,1.0,1.1666666666666667,552,0.9999999999999997,1.0000000000000004,1.0,1.0,1.0000000000000002,552,552.0,0.0,0.0,0.0,552.0,552.0,0.0,0.0,0.0,0.0,0.0,0.0,1.0,0.0,0.0,311.7454033344984,588.0,588.0,28812.0,7056.0,24.0,24.0,515.0,519.0,83.39115646258503,96.0,0.0,0.0,0.0,135010.0,0.0,0.0,0.0,0.0,0.0,0.0,0.0,0.0,0.0,0.0,0.0,0.0,0.0,0.0,0.0,0.0,2446.3278353214264
236,14160000000000,3.0,9.0,4.5,4.0,7.0,588,24.0,24.0,24.0,24.0,24.0,588,0.0,0.0,0.0,0.0,0.0,588,3.0,9.0,4.5,4.0,7.0,588,0.0,0.0,0.0,0.0,0.0,0,0.0,0.0,0.0,0.0,0.0,0,1.0,1.0,1.0,1.0,1.0,552,0.9999999999999998,1.0000000000000002,1.0,1.0,1.0000000000000002,552,1.0,1.8,1.0216323545470722,1.0,1.1596153846153838,552,0.9999999999999998,1.0000000000000002,1.0,1.0,1.0000000000000002,552,552.0,0.0,0.0,0.0,552.0,552.0,0.0,0.0,0.0,0.0,0.0,0.0,1.0,0.0,0.0,321.10862992703915,588.0,588.0,28812.0,7056.0,24.0,24.0,508.0,512.0,81.52721088435374,96.0,0.0,0.0,0.0,132075.0,0.0,0.0,0.0,0.0,0.0,0.0,0.0,0.0,0.0,0.0,0.0,0.0,0.0,0.0,0.0,0.0,2452.9191609472036
237,14220000000000,3.0,9.0,4.520408163265306,4.0,7.0,588,24.0,24.0,24.0,24.0,24.0,588,0.0,0.0,0.0,0.0,0.0,588,3.0,9.0,4.520408163265306,4.0,7.0,588,0.0,0.0,0.0,0.0,0.0,0,0.0,0.0,0.0,0.0,0.0,0,1.0,1.0,1.0,1.0,1.0,552,0.9999999999999997,1.0000000000000004,1.0,1.0,1.0000000000000002,552,1.0,1.7,1.0213777355885651,1.0,1.1666666666666667,552,0.9999999999999997,1.0000000000000004,1.0,1.0,1.0000000000000002,552,552.0,0.0,0.0,0.0,552.0,552.0,0.0,0.0,0.0,0.0,0.0,0.0,1.0,0.0,0.0,306.945962831378,588.0,588.0,28812.0,7056.0,24.0,24.0,520.0,524.0,82.88775510204081,96.0,0.0,0.0,0.0,135010.0,0.0,0.0,0.0,0.0,0.0,0.0,0.0,0.0,0.0,0.0,0.0,0.0,0.0,0.0,0.0,0.0,2409.3408547341824
238,14280000000000,3.0,9.0,4.503401360544218,4.0,7.0,588,24.0,24.0,24.0,24.0,24.0,588,0.0,0.0,0.0,0.0,0.0,588,3.0,9.0,4.503401360544218,4.0,7.0,588,0.0,0.0,0.0,0.0,0.0,0,0.0,0.0,0.0,0.0,0.0,0,1.0,1.0,1.0,1.0,1.0,552,0.9999999999999997,1.0000000000000002,1.0,1.0,1.0000000000000002,552,1.0,1.6,1.0227720987511588,1.0,1.1666666666666667,552,0.9999999999999997,1.0000000000000002,1.0,1.0,1.0000000000000002,552,552.0,0.0,0.0,0.0,552.0,552.0,0.0,0.0,0.0,0.0,0.0,0.0,1.0,0.0,0.0,306.9611042737961,588.0,588.0,28812.0,7056.0,24.0,24.0,510.0,514.0,83.80102040816327,96.0,0.0,0.0,0.0,132662.0,0.0,0.0,0.0,0.0,0.0,0.0,0.0,0.0,0.0,0.0,0.0,0.0,0.0,0.0,0.0,0.0,2334.127699956298
239,14340000000000,3.0,9.0,4.517006802721088,4.0,7.0,588,24.0,24.0,24.0,24.0,24.0,588,0.0,0.0,0.0,0.0,0.0,588,3.0,9.0,4.517006802721088,4.0,7.0,588,0.0,0.0,0.0,0.0,0.0,0,0.0,0.0,0.0,0.0,0.0,0,1.0,1.0,1.0,1.0,1.0,552,0.9999999999999997,1.0000000000000002,1.0,1.0,1.0000000000000002,552,1.0,1.6,1.0205106608650134,1.0,1.146071428571428,552,0.9999999999999997,1.0000000000000002,1.0,1.0,1.0000000000000002,552,552.0,0.0,0.0,0.0,552.0,552.0,0.0,0.0,0.0,0.0,0.0,0.0,1.0,0.0,0.0,307.2445932775736,588.0,588.0,28812.0,7056.0,24.0,24.0,518.0,522.0,83.10544217687075,96.0,0.0,0.0,0.0,135010.0,0.0,0.0,0.0,0.0,0.0,0.0,0.0,0.0,0.0,0.0,0.0,0.0,0.0,0.0,0.0,0.0,2321.8038007616997
240,14400000000000,3.0,9.0,4.511904761904762,4.0,7.0,588,24.0,24.0,24.0,24.0,24.0,588,0.0,0.0,0.0,0.0,0.0,588,3.0,9.0,4.511904761904762,4.0,7.0,588,0.0,0.0,0.0,0.0,0.0,0,0.0,0.0,0.0,0.0,0.0,0,1.0,1.0,1.0,1.0,1.0,552,0.9999999999999997,1.0000000000000004,1.0,1.0,1.0000000000000002,552,1.0,1.6,1.021744766240114,1.0,1.1666666666666667,552,0.9999999999999997,1.0000000000000004,1.0,1.0,1.0000000000000002,552,552.0,0.0,0.0,0.0,552.0,552.0,0.0,0.0,0.0,0.0,0.0,0.0,1.0,0.0,0.0,308.9803773909807,588.0,588.0,28812.0,7056.0,24.0,24.0,515.0,519.0,84.51700680272108,96.0,0.0,0.0,0.0,133836.0,0.0,0.0,0.0,0.0,0.0,0.0,0.0,0.0,0.0,0.0,0.0,0.0,0.0,0.0,0.0,0.0,2551.7150219529867
241,14460000000000,3.0,9.0,4.520408163265306,4.0,7.0,588,24.0,24.0,24.0,24.0,24.0,588,0.0,0.0,0.0,0.0,0.0,588,3.0,9.0,4.520408163265306,4.0,7.0,588,0.0,0.0,0.0,0.0,0.0,0,0.0,0.0,0.0,0.0,0.0,0,1.0,1.0,1.0,1.0,1.0,552,0.9999999999999997,1.0000000000000002,1.0,1.0,1.0000000000000002,552,1.0,1.6,1.020421702886706,1.0,1.1428571428571428,552,0.9999999999999997,1.0000000000000002,1.0,1.0,1.0000000000000002,552,552.0,0.0,0.0,0.0,552.0,552.0,0.0,0.0,0.0,0.0,0.0,0.0,1.0,0.0,0.0,313.8946909457445,588.0,588.0,28812.0,7056.0,24.0,24.0,520.0,524.0,82.24319727891157,96.0,0.0,0.0,0.0,135597.0,0.0,0.0,0.0,0.0,0.0,0.0,0.0,0.0,0.0,0.0,0.0,0.0,0.0,0.0,0.0,0.0,2423.0642430484295
242,14520000000000,3.0,9.0,4.52891156462585,4.0,7.0,588,24.0,24.0,24.0,24.0,24.0,588,0.0,0.0,0.0,0.0,0.0,588,3.0,9.0,4.52891156462585,4.0,7.0,588,0.0,0.0,0.0,0.0,0.0,0,0.0,0.0,0.0,0.0,0.0,0,1.0,1.0,1.0,1.0,1.0,552,0.9999999999999997,1.0000000000000002,1.0,1.0,1.0000000000000002,552,1.0,1.6428571428571428,1.021206920883442,1.0,1.1538461538461537,552,0.9999999999999997,1.0000000000000002,1.0,1.0,1.0000000000000002,552,552.0,0.0,0.0,0.0,552.0,552.0,0.0,0.0,0.0,0.0,0.0,0.0,1.0,0.0,0.0,316.14504754543304,588.0,588.0,28812.0,7056.0,24.0,24.0,525.0,529.0,82.96428571428571,96.0,0.0,0.0,0.0,135010.0,0.0,0.0,0.0,0.0,0.0,0.0,0.0,0.0,0.0,0.0,0.0,0.0,0.0,0.0,0.0,0.0,2454.1469793766737
243,14580000000000,3.0,9.0,4.511904761904762,4.0,7.0,588,24.0,24.0,24.0,24.0,24.0,588,0.0,0.0,0.0,0.0,0.0,588,3.0,9.0,4.511904761904762,4.0,7.0,588,0.0,0.0,0.0,0.0,0.0,0,0.0,0.0,0.0,0.0,0.0,0,1.0,1.0,1.0,1.0,1.0,552,0.9999999999999997,1.0000000000000002,1.0,1.0,1.0000000000000002,552,1.0,1.6,1.019199788726669,1.0,1.133035714285713,552,0.9999999999999997,1.0000000000000002,1.0,1.0,1.0000000000000002,552,552.0,0.0,0.0,0.0,552.0,552.0,0.0,0.0,0.0,0.0,0.0,0.0,1.0,0.0,0.0,308.39429050683975,588.0,588.0,28812.0,7056.0,24.0,24.0,515.0,519.0,84.45578231292517,96.0,0.0,0.0,0.0,135597.0,0.0,0.0,0.0,0.0,0.0,0.0,0.0,0.0,0.0,0.0,0.0,0.0,0.0,0.0,0.0,0.0,2315.8154916018248
244,14640000000000,3.0,9.0,4.523809523809524,4.0,7.0,588,24.0,24.0,24.0,24.0,24.0,588,0.0,0.0,0.0,0.0,0.0,588,3.0,9.0,4.523809523809524,4.0,7.0,588,0.0,0.0,0.0,0.0,0.0,0,0.0,0.0,0.0,0.0,0.0,0,1.0,1.0,1.0,1.0,1.0,552,0.9999999999999997,1.0000000000000002,1.0,1.0,1.0000000000000002,552,1.0,1.6428571428571428,1.021820569084234,1.0,1.1666666666666667,552,0.9999999999999997,1.0000000000000002,1.0,1.0,1.0000000000000002,552,552.0,0.0,0.0,0.0,552.0,552.0,0.0,0.0,0.0,0.0,0.0,0.0,1.0,0.0,0.0,309.313278645277,588.0,588.0,28812.0,7056.0,24.0,24.0,522.0,526.0,83.26530612244898,96.0,0.0,0.0,0.0,135010.0,0.0,0.0,0.0,0.0,0.0,0.0,0.0,0.0,0.0,0.0,0.0,0.0,0.0,0.0,0.0,0.0,2565.6397584825754
245,14700000000000,3.0,9.0,4.51360544217687,4.0,7.0,588,24.0,24.0,24.0,24.0,24.0,588,0.0,0.0,0.0,0.0,0.0,588,3.0,9.0,4.51360544217687,4.0,7.0,588,0.0,0.0,0.0,0.0,0.0,0,0.0,0.0,0.0,0.0,0.0,0,1.0,1.0,1.0,1.0,1.0,552,0.9999999999999996,1.0000000000000002,1.0,1.0,1.0000000000000002,552,1.0,1.6,1.0204831061994553,1.0,1.1596153846153838,552,0.9999999999999996,1.0000000000000002,1.0,1.0,1.0000000000000002,552,552.0,0.0,0.0,0.0,552.0,552.0,0.0,0.0,0.0,0.0,0.0,0.0,1.0,0.0,0.0,318.60398687422276,588.0,588.0,28812.0,7056.0,24.0,24.0,516.0,520.0,83.81292517006803,96.0,0.0,0.0,0.0,135597.0,0.0,0.0,0.0,0.0,0.0,0.0,0.0,0.0,0.0,0.0,0.0,0.0,0.0,0.0,0.0,0.0,2600.348401814699
246,14760000000000,3.0,9.0,4.5272108843537415,4.0,7.0,588,24.0,24.0,24.0,24.0,24.0,588,0.0,0.0,0.0,0.0,0.0,588,3.0,9.0,4.5272108843537415,4.0,7.0,588,0.0,0.0,0.0,0.0,0.0,0,0.0,0.0,0.0,0.0,0.0,0,1.0,1.0,1.0,1.0,1.0,552,0.9999999999999997,1.0000000000000002,1.0,1.0,1.0000000000000002,552,1.0,1.6,1.019980464849559,1.0,1.1666666666666667,552,0.9999999999999997,1.0000000000000002,1.0,1.0,1.0000000000000002,552,552.0,0.0,0.0,0.0,552.0,552.0,0.0,0.0,0.0,0.0,0.0,0.0,1.0,0.0,0.0,309.9214155226946,588.0,588.0,28812.0,7056.0,24.0,24.0,524.0,528.0,83.41666666666667,96.0,0.0,0.0,0.0,135597.0,0.0,0.0,0.0,0.0,0.0,0.0,0.0,0.0,0.0,0.0,0.0,0.0,0.0,0.0,0.0,0.0,2288.9449223876
247,14820000000000,3.0,9.0,4.510204081632653,4.0,7.0,588,24.0,24.0,24.0,24.0,24.0,588,0.0,0.0,0.0,0.0,0.0,588,3.0,9.0,4.510204081632653,4.0,7.0,588,0.0,0.0,0.0,0.0,0.0,0,0.0,0.0,0.0,0.0,0.0,0,1.0,1.0,1.0,1.0,1.0,552,0.9999999999999996,1.0000000000000002,1.0,1.0,1.0000000000000002,552,1.0,1.6,1.0244396569985335,1.0,1.1666666666666667,552,0.9999999999999996,1.0000000000000002,1.0,1.0,1.0000000000000002,552,552.0,0.0,0.0,0.0,552.0,552.0,0.0,0.0,0.0,0.0,0.0,0.0,1.0,0.0,0.0,314.05457481741905,588.0,588.0,28812.0,7056.0,24.0,24.0,514.0,518.0,84.67687074829932,96.0,0.0,0.0,0.0,133836.0,0.0,0.0,0.0,0.0,0.0,0.0,0.0,0.0,0.0,0.0,0.0,0.0,0.0,0.0,0.0,0.0,2408.426448702812
248,14880000000000,3.0,9.0,4.522108843537415,4.0,7.0,588,24.0,24.0,24.0,24.0,24.0,588,0.0,0.0,0.0,0.0,0.0,588,3.0,9.0,4.522108843537415,4.0,7.0,588,0.0,0.0,0.0,0.0,0.0,0,0.0,0.0,0.0,0.0,0.0,0,1.0,1.0,1.0,1.0,1.0,552,0.9999999999999997,1.0000000000000004,1.0,1.0,1.0000000000000002,552,1.0,1.6,1.0194608471535767,1.0,1.1517307692307688,552,0.9999999999999997,1.0000000000000004,1.0,1.0,1.0000000000000002,552,552.0,0.0,0.0,0.0,552.0,552.0,0.0,0.0,0.0,0.0,0.0,0.0,1.0,0.0,0.0,316.2632882595062,588.0,588.0,28812.0,7056.0,24.0,24.0,521.0,525.0,83.45408163265306,96.0,0.0,0.0,0.0,136184.0,0.0,0.0,0.0,0.0,0.0,0.0,0.0,0.0,0.0,0.0,0.0,0.0,0.0,0.0,0.0,0.0,2528.65457162261
249,14940000000000,3.0,9.0,4.511904761904762,4.0,7.0,588,24.0,24.0,24.0,24.0,24.0,588,0.0,0.0,0.0,0.0,0.0,588,3.0,9.0,4.511904761904762,4.0,7.0,588,0.0,0.0,0.0,0.0,0.0,0,0.0,0.0,0.0,0.0,0.0,0,1.0,1.0,1.0,1.0,1.0,552,0.9999999999999997,1.0000000000000004,1.0,1.0,1.0000000000000002,552,1.0,1.6,1.0198987244816191,1.0,1.1666666666666667,552,0.9999999999999997,1.0000000000000004,1.0,1.0,1.0000000000000002,552,552.0,0.0,0.0,0.0,552.0,552.0,0.0,0.0,0.0,0.0,0.0,0.0,1.0,0.0,0.0,301.1759277433157,588.0,588.0,28812.0,7056.0,24.0,24.0,515.0,519.0,83.92687074829932,96.0,0.0,0.0,0.0,134423.0,0.0,0.0,0.0,0.0,0.0,0.0,0.0,0.0,0.0,0.0,0.0,0.0,0.0,0.0,0.0,0.0,2231.6902298480272
250,15000000000000,3.0,9.0,4.522108843537415,4.0,7.0,588,24.0,24.0,24.0,24.0,24.0,588,0.0,0.0,0.0,0.0,0.0,588,3.0,9.0,4.522108843537415,4.0,7.0,588,0.0,0.0,0.0,0.0,0.0,0,0.0,0.0,0.0,0.0,0.0,0,1.0,1.0,1.0,1.0,1.0,552,0.9999999999999997,1.0000000000000002,1.0,1.0,1.0000000000000002,552,1.0,1.6,1.017672832054445,1.0,1.125,552,0.9999999999999997,1.0000000000000002,1.0,1.0,1.0000000000000002,552,552.0,0.0,0.0,0.0,552.0,552.0,0.0,0.0,0.0,0.0,0.0,0.0,1.0,0.0,0.0,315.64358808100224,588.0,588.0,28812.0,7056.0,24.0,24.0,521.0,525.0,82.99659863945578,96.0,0.0,0.0,0.0,136771.0,0.0,0.0,0.0,0.0,0.0,0.0,0.0,0.0,0.0,0.0,0.0,0.0,0.0,0.0,0.0,0.0,2432.0847280323505
251,15060000000000,3.0,9.0,4.5187074829931975,4.0,7.0,588,24.0,24.0,24.0,24.0,24.0,588,0.0,0.0,0.0,0.0,0.0,588,3.0,9.0,4.5187074829931975,4.0,7.0,588,0.0,0.0,0.0,0.0,0.0,0,0.0,0.0,0.0,0.0,0.0,0,1.0,1.0,1.0,1.0,1.0,552,0.9999999999999996,1.0000000000000004,1.0,1.0,1.0000000000000002,552,1.0,1.5,1.0230668632844924,1.0,1.1666666666666667,552,0.9999999999999996,1.0000000000000004,1.0,1.0,1.0000000000000002,552,552.0,0.0,0.0,0.0,552.0,552.0,0.0,0.0,0.0,0.0,0.0,0.0,1.0,0.0,0.0,311.424208804965,588.0,588.0,28812.0,7056.0,24.0,24.0,519.0,523.0,83.22448979591837,96.0,0.0,0.0,0.0,134423.0,0.0,0.0,0.0,0.0,0.0,0.0,0.0,0.0,0.0,0.0,0.0,0.0,0.0,0.0,0.0,0.0,2328.7439085543156
252,15120000000000,3.0,9.0,4.5272108843537415,4.0,7.0,588,24.0,24.0,24.0,24.0,24.0,588,0.0,0.0,0.0,0.0,0.0,588,3.0,9.0,4.5272108843537415,4.0,7.0,588,0.0,0.0,0.0,0.0,0.0,0,0.0,0.0,0.0,0.0,0.0,0,1.0,1.0,1.0,1.0,1.0,552,0.9999999999999996,1.0000000000000002,1.0,1.0,1.0000000000000002,552,1.0,1.6,1.01936257768917,1.0,1.146071428571428,552,0.9999999999999996,1.0000000000000002,1.0,1.0,1.0000000000000002,552,552.0,0.0,0.0,0.0,552.0,552.0,0.0,0.0,0.0,0.0,0.0,0.0,1.0,0.0,0.0,311.73375621438026,588.0,588.0,28812.0,7056.0,24.0,24.0,524.0,528.0,82.96088435374149,96.0,0.0,0.0,0.0,136771.0,0.0,0.0,0.0,0.0,0.0,0.0,0.0,0.0,0.0,0.0,0.0,0.0,0.0,0.0,0.0,0.0,2595.642562955618
253,15180000000000,3.0,9.0,4.525510204081633,4.0,7.0,588,24.0,24.0,24.0,24.0,24.0,588,0.0,0.0,0.0,0.0,0.0,588,3.0,9.0,4.525510204081633,4.0,7.0,588,0.0,0.0,0.0,0.0,0.0,0,0.0,0.0,0.0,0.0,0.0,0,1.0,1.0,1.0,1.0,1.0,552,0.9999999999999998,1.0000000000000004,1.0,1.0,1.0000000000000002,552,1.0,1.5,1.0205946340912488,1.0,1.1666666666666667,552,0.9999999999999998,1.0000000000000004,1.0,1.0,1.0000000000000002,552,552.0,0.0,0.0,0.0,552.0,552.0,0.0,0.0,0.0,0.0,0.0,0.0,1.0,0.0,0.0,314.99534100294113,588.0,588.0,28812.0,7056.0,24.0,24.0,523.0,527.0,83.34353741496598,96.0,0.0,0.0,0.0,136184.0,0.0,0.0,0.0,0.0,0.0,0.0,0.0,0.0,0.0,0.0,0.0,0.0,0.0,0.0,0.0,0.0,2382.405446842313
254,15240000000000,3.0,9.0,4.535714285714286,4.0,7.0,588,24.0,24.0,24.0,24.0,24.0,588,0.0,0.0,0.0,0.0,0.0,588,3.0,9.0,4.535714285714286,4.0,7.0,588,0.0,0.0,0.0,0.0,0.0,0,0.0,0.0,0.0,0.0,0.0,0,1.0,1.0,1.0,1.0,1.0,552,0.9999999999999998,1.0000000000000002,1.0,1.0,1.0000000000000002,552,1.0,1.6,1.023516354897523,1.0,1.1666666666666667,552,0.9999999999999998,1.0000000000000002,1.0,1.0,1.0000000000000002,552,552.0,0.0,0.0,0.0,552.0,552.0,0.0,0.0,0.0,0.0,0.0,0.0,1.0,0.0,0.0,303.3101335167885,588.0,588.0,28812.0,7056.0,24.0,24.0,529.0,533.0,85.95408163265306,96.0,0.0,0.0,0.0,139706.0,0.0,0.0,0.0,0.0,0.0,0.0,0.0,0.0,0.0,0.0,0.0,0.0,0.0,0.0,0.0,0.0,2379.5445300638676
255,15300000000000,3.0,9.0,4.520408163265306,4.0,7.0,588,24.0,24.0,24.0,24.0,24.0,588,0.0,0.0,0.0,0.0,0.0,588,3.0,9.0,4.520408163265306,4.0,7.0,588,0.0,0.0,0.0,0.0,0.0,0,0.0,0.0,0.0,0.0,0.0,0,1.0,1.0,1.0,1.0,1.0,552,0.9999999999999996,1.0000000000000004,1.0,1.0,1.0000000000000002,552,1.0,1.6,1.019020943564875,1.0,1.1618421052631573,552,0.9999999999999996,1.0000000000000004,1.0,1.0,1.0000000000000002,552,552.0,0.0,0.0,0.0,552.0,552.0,0.0,0.0,0.0,0.0,0.0,0.0,1.0,0.0,0.0,306.9631215184927,588.0,588.0,28812.0,7056.0,24.0,24.0,520.0,524.0,84.09863945578232,96.0,0.0,0.0,0.0,137358.0,0.0,0.0,0.0,0.0,0.0,0.0,0.0,0.0,0.0,0.0,0.0,0.0,0.0,0.0,0.0,0.0,2437.8384836018085
256,15360000000000,3.0,9.0,4.51530612244898,4.0,7.0,588,24.0,24.0,24.0,24.0,24.0,588,0.0,0.0,0.0,0.0,0.0,588,3.0,9.0,4.51530612244898,4.0,7.0,588,0.0,0.0,0.0,0.0,0.0,0,0.0,0.0,0.0,0.0,0.0,0,1.0,1.0,1.0,1.0,1.0,552,0.9999999999999997,1.0000000000000002,1.0,1.0,1.0000000000000002,552,1.0,1.6,1.0237566638352218,1.0,1.1666666666666667,552,0.9999999999999997,1.0000000000000002,1.0,1.0,1.0000000000000002,552,552.0,0.0,0.0,0.0,552.0,552.0,0.0,0.0,0.0,0.0,0.0,0.0,1.0,0.0,0.0,307.7564686536789,588.0,588.0,28812.0,7056.0,24.0,24.0,517.0,521.0,84.4438775510204,96.0,0.0,0.0,0.0,134423.0,0.0,0.0,0.0,0.0,0.0,0.0,0.0,0.0,0.0,0.0,0.0,0.0,0.0,0.0,0.0,0.0,2429.8403691500425
257,15420000000000,3.0,9.0,4.525510204081633,4.0,7.0,588,24.0,24.0,24.0,24.0,24.0,588,0.0,0.0,0.0,0.0,0.0,588,3.0,9.0,4.525510204081633,4.0,7.0,588,0.0,0.0,0.0,0.0,0.0,0,0.0,0.0,0.0,0.0,0.0,0,1.0,1.0,1.0,1.0,1.0,552,0.9999999999999996,1.0000000000000002,1.0,1.0,1.0000000000000002,552,1.0,1.6,1.0205673658655607,1.0,1.1666666666666667,552,0.9999999999999996,1.0000000000000002,1.0,1.0,1.0000000000000002,552,552.0,0.0,0.0,0.0,552.0,552.0,0.0,0.0,0.0,0.0,0.0,0.0,1.0,0.0,0.0,307.521628215909,588.0,588.0,28812.0,7056.0,24.0,24.0,523.0,527.0,83.43027210884354,96.0,0.0,0.0,0.0,137358.0,0.0,0.0,0.0,0.0,0.0,0.0,0.0,0.0,0.0,0.0,0.0,0.0,0.0,0.0,0.0,0.0,2462.615614756942
258,15480000000000,3.0,9.0,4.51530612244898,4.0,7.0,588,24.0,24.0,24.0,24.0,24.0,588,0.0,0.0,0.0,0.0,0.0,588,3.0,9.0,4.51530612244898,4.0,7.0,588,0.0,0.0,0.0,0.0,0.0,0,0.0,0.0,0.0,0.0,0.0,0,1.0,1.0,1.0,1.0,1.0,552,0.9999999999999997,1.0000000000000004,1.0,1.0,1.0000000000000002,552,1.0,1.6,1.0219575742294367,1.0,1.1666666666666667,552,0.9999999999999997,1.0000000000000004,1.0,1.0,1.0000000000000002,552,552.0,0.0,0.0,0.0,552.0,552.0,0.0,0.0,0.0,0.0,0.0,0.0,1.0,0.0,0.0,313.58314491808414,588.0,588.0,28812.0,7056.0,24.0,24.0,517.0,521.0,83.40306122448979,96.0,0.0,0.0,0.0,134423.0,0.0,0.0,0.0,0.0,0.0,0.0,0.0,0.0,0.0,0.0,0.0,0.0,0.0,0.0,0.0,0.0,2474.657218903303
259,15540000000000,3.0,9.0,4.508503401360544,4.0,7.0,588,24.0,24.0,24.0,24.0,24.0,588,0.0,0.0,0.0,0.0,0.0,588,3.0,9.0,4.508503401360544,4.0,7.0,588,0.0,0.0,0.0,0.0,0.0,0,0.0,0.0,0.0,0.0,0.0,0,1.0,1.0,1.0,1.0,1.0,552,0.9999999999999996,1.0000000000000002,1.0,1.0,1.0000000000000002,552,1.0,1.6,1.0219633277153577,1.0,1.1666666666666667,552,0.9999999999999996,1.0000000000000002,1.0,1.0,1.0000000000000002,552,552.0,0.0,0.0,0.0,552.0,552.0,0.0,0.0,0.0,0.0,0.0,0.0,1.0,0.0,0.0,311.9479287415743,588.0,588.0,28812.0,7056.0,24.0,24.0,513.0,517.0,82.98639455782313,96.0,0.0,0.0,0.0,134423.0,0.0,0.0,0.0,0.0,0.0,0.0,0.0,0.0,0.0,0.0,0.0,0.0,0.0,0.0,0.0,0.0,2289.7711861878633
260,15600000000000,3.0,9.0,4.517006802721088,4.0,7.0,588,24.0,24.0,24.0,24.0,24.0,588,0.0,0.0,0.0,0.0,0.0,588,3.0,9.0,4.517006802721088,4.0,7.0,588,0.0,0.0,0.0,0.0,0.0,0,0.0,0.0,0.0,0.0,0.0,0,1.0,1.0,1.0,1.0,1.0,552,0.9999999999999996,1.0000000000000004,1.0,1.0,1.0000000000000002,552,1.0,1.6,1.0201932546953456,1.0,1.1666666666666667,552,0.9999999999999996,1.0000000000000004,1.0,1.0,1.0000000000000002,552,552.0,0.0,0.0,0.0,552.0,552.0,0.0,0.0,0.0,0.0,0.0,0.0,1.0,0.0,0.0,308.31194296479225,588.0,588.0,28812.0,7056.0,24.0,24.0,518.0,522.0,82.49149659863946,96.0,0.0,0.0,0.0,134423.0,0.0,0.0,0.0,0.0,0.0,0.0,0.0,0.0,0.0,0.0,0.0,0.0,0.0,0.0,0.0,0.0,2339.814716950059
261,15660000000000,3.0,9.0,4.505102040816326,4.0,7.0,588,24.0,24.0,24.0,24.0,24.0,588,0.0,0.0,0.0,0.0,0.0,588,3.0,9.0,4.505102040816326,4.0,7.0,588,0.0,0.0,0.0,0.0,0.0,0,0.0,0.0,0.0,0.0,0.0,0,1.0,1.0,1.0,1.0,1.0,552,0.9999999999999996,1.0000000000000002,1.0,1.0,1.0000000000000002,552,1.0,1.6,1.0225000087275824,1.0,1.1666666666666667,552,0.9999999999999996,1.0000000000000002,1.0,1.0,1.0000000000000002,552,552.0,0.0,0.0,0.0,552.0,552.0,0.0,0.0,0.0,0.0,0.0,0.0,1.0,0.0,0.0,310.12195348739624,588.0,588.0,28812.0,7056.0,24.0,24.0,511.0,515.0,83.24829931972789,96.0,0.0,0.0,0.0,133836.0,0.0,0.0,0.0,0.0,0.0,0.0,0.0,0.0,0.0,0.0,0.0,0.0,0.0,0.0,0.0,0.0,2404.160736128688
262,15720000000000,3.0,9.0,4.5187074829931975,4.0,7.0,588,24.0,24.0,24.0,24.0,24.0,588,0.0,0.0,0.0,0.0,0.0,588,3.0,9.0,4.5187074829931975,4.0,7.0,588,0.0,0.0,0.0,0.0,0.0,0,0.0,0.0,0.0,0.0,0.0,0,1.0,1.0,1.0,1.0,1.0,552,0.9999999999999997,1.0000000000000002,1.0,1.0,1.0000000000000002,552,1.0,1.5,1.0177364884898559,1.0,1.147802197802197,552,0.9999999999999997,1.0000000000000002,1.0,1.0,1.0000000000000002,552,552.0,0.0,0.0,0.0,552.0,552.0,0.0,0.0,0.0,0.0,0.0,0.0,1.0,0.0,0.0,306.4281903207302,588.0,588.0,28812.0,7056.0,24.0,24.0,519.0,523.0,81.81802721088435,96.0,0.0,0.0,0.0,134423.0,0.0,0.0,0.0,0.0,0.0,0.0,0.0,0.0,0.0,0.0,0.0,0.0,0.0,0.0,0.0,0.0,2353.630615398288
263,15780000000000,3.0,9.0,4.5187074829931975,4.0,7.0,588,24.0,24.0,24.0,24.0,24.0,588,0.0,0.0,0.0,0.0,0.0,588,3.0,9.0,4.5187074829931975,4.0,7.0,588,0.0,0.0,0.0,0.0,0.0,0,0.0,0.0,0.0,0.0,0.0,0,1.0,1.0,1.0,1.0,1.0,552,0.9999999999999996,1.0000000000000004,1.0,1.0,1.0000000000000002,552,1.0,1.6,1.0251093701641807,1.0,1.1666666666666667,552,0.9999999999999996,1.0000000000000004,1.0,1.0,1.0000000000000002,552,552.0,0.0,0.0,0.0,552.0,552.0,0.0,0.0,0.0,0.0,0.0,0.0,1.0,0.0,0.0,312.036769464612,588.0,588.0,28812.0,7056.0,24.0,24.0,519.0,523.0,84.38775510204081,96.0,0.0,0.0,0.0,135597.0,0.0,0.0,0.0,0.0,0.0,0.0,0.0,0.0,0.0,0.0,0.0,0.0,0.0,0.0,0.0,0.0,2440.794499590993
264,15840000000000,3.0,9.0,4.520408163265306,4.0,7.0,588,24.0,24.0,24.0,24.0,24.0,588,0.0,0.0,0.0,0.0,0.0,588,3.0,9.0,4.520408163265306,4.0,7.0,588,0.0,0.0,0.0,0.0,0.0,0,0.0,0.0,0.0,0.0,0.0,0,1.0,1.0,1.0,1.0,1.0,552,0.9999999999999997,1.0000000000000004,1.0,1.0,1.0000000000000002,552,1.0,1.5384615384615385,1.017476541193983,1.0,1.1428571428571428,552,0.9999999999999997,1.0000000000000004,1.0,1.0,1.0000000000000002,552,552.0,0.0,0.0,0.0,552.0,552.0,0.0,0.0,0.0,0.0,0.0,0.0,1.0,0.0,0.0,315.6887050718069,588.0,588.0,28812.0,7056.0,24.0,24.0,520.0,524.0,82.20238095238095,96.0,0.0,0.0,0.0,133836.0,0.0,0.0,0.0,0.0,0.0,0.0,0.0,0.0,0.0,0.0,0.0,0.0,0.0,0.0,0.0,0.0,2533.1401508301497
265,15900000000000,3.0,9.0,4.5017006802721085,4.0,7.0,588,24.0,24.0,24.0,24.0,24.0,588,0.0,0.0,0.0,0.0,0.0,588,3.0,9.0,4.5017006802721085,4.0,7.0,588,0.0,0.0,0.0,0.0,0.0,0,0.0,0.0,0.0,0.0,0.0,0,1.0,1.0,1.0,1.0,1.0,552,0.9999999999999997,1.0000000000000004,1.0,1.0,1.0000000000000002,552,1.0,1.6,1.0212115809670705,1.0,1.1538461538461537,552,0.9999999999999997,1.0000000000000004,1.0,1.0,1.0000000000000002,552,552.0,0.0,0.0,0.0,552.0,552.0,0.0,0.0,0.0,0.0,0.0,0.0,1.0,0.0,0.0,307.87569656968117,588.0,588.0,28812.0,7056.0,24.0,24.0,509.0,513.0,81.98469387755102,96.0,0.0,0.0,0.0,131488.0,0.0,0.0,0.0,0.0,0.0,0.0,0.0,0.0,0.0,0.0,0.0,0.0,0.0,0.0,0.0,0.0,2297.0653437078
266,15960000000000,3.0,9.0,4.517006802721088,4.0,7.0,588,24.0,24.0,24.0,24.0,24.0,588,0.0,0.0,0.0,0.0,0.0,588,3.0,9.0,4.517006802721088,4.0,7.0,588,0.0,0.0,0.0,0.0,0.0,0,0.0,0.0,0.0,0.0,0.0,0,1.0,1.0,1.0,1.0,1.0,552,0.9999999999999997,1.0000000000000002,1.0,1.0,1.0000000000000002,552,1.0,1.5384615384615385,1.0194517798243452,1.0,1.15,552,0.9999999999999997,1.0000000000000002,1.0,1.0,1.0000000000000002,552,552.0,0.0,0.0,0.0,552.0,552.0,0.0,0.0,0.0,0.0,0.0,0.0,1.0,0.0,0.0,312.5448450446129,588.0,588.0,28812.0,7056.0,24.0,24.0,518.0,522.0,83.11734693877551,96.0,0.0,0.0,0.0,135010.0,0.0,0.0,0.0,0.0,0.0,0.0,0.0,0.0,0.0,0.0,0.0,0.0,0.0,0.0,0.0,0.0,2386.726824566722
267,16020000000000,3.0,9.0,4.5017006802721085,4.0,7.0,588,24.0,24.0,24.0,24.0,24.0,588,0.0,0.0,0.0,0.0,0.0,588,3.0,9.0,4.5017006802721085,4.0,7.0,588,0.0,0.0,0.0,0.0,0.0,0,0.0,0.0,0.0,0.0,0.0,0,1.0,1.0,1.0,1.0,1.0,552,0.9999999999999997,1.0000000000000002,1.0,1.0,1.0000000000000002,552,1.0,1.6,1.0200786028617965,1.0,1.133035714285713,552,0.9999999999999997,1.0000000000000002,1.0,1.0,1.0000000000000002,552,552.0,0.0,0.0,0.0,552.0,552.0,0.0,0.0,0.0,0.0,0.0,0.0,1.0,0.0,0.0,315.3440784662962,588.0,588.0,28812.0,7056.0,24.0,24.0,509.0,513.0,82.61734693877551,96.0,0.0,0.0,0.0,132075.0,0.0,0.0,0.0,0.0,0.0,0.0,0.0,0.0,0.0,0.0,0.0,0.0,0.0,0.0,0.0,0.0,2265.676001086831
268,16080000000000,3.0,9.0,4.51360544217687,4.0,7.0,588,24.0,24.0,24.0,24.0,24.0,588,0.0,0.0,0.0,0.0,0.0,588,3.0,9.0,4.51360544217687,4.0,7.0,588,0.0,0.0,0.0,0.0,0.0,0,0.0,0.0,0.0,0.0,0.0,0,1.0,1.0,1.0,1.0,1.0,552,0.9999999999999997,1.0000000000000002,1.0,1.0,1.0000000000000002,552,1.0,1.5384615384615385,1.0181243665533724,1.0,1.1428571428571428,552,0.9999999999999997,1.0000000000000002,1.0,1.0,1.0000000000000002,552,552.0,0.0,0.0,0.0,552.0,552.0,0.0,0.0,0.0,0.0,0.0,0.0,1.0,0.0,0.0,312.87774816155434,588.0,588.0,28812.0,7056.0,24.0,24.0,516.0,520.0,83.12074829931973,96.0,0.0,0.0,0.0,133249.0,0.0,0.0,0.0,0.0,0.0,0.0,0.0,0.0,0.0,0.0,0.0,0.0,0.0,0.0,0.0,0.0,2491.527657955885
269,16140000000000,3.0,9.0,4.508503401360544,4.0,7.0,588,24.0,24.0,24.0,24.0,24.0,588,0.0,0.0,0.0,0.0,0.0,588,3.0,9.0,4.508503401360544,4.0,7.0,588,0.0,0.0,0.0,0.0,0.0,0,0.0,0.0,0.0,0.0,0.0,0,1.0,1.0,1.0,1.0,1.0,552,0.9999999999999998,1.0000000000000002,1.0,1.0,1.0000000000000002,552,1.0,1.6,1.0185299265160697,1.0,1.125,552,0.9999999999999998,1.0000000000000002,1.0,1.0,1.0000000000000002,552,552.0,0.0,0.0,0.0,552.0,552.0,0.0,0.0,0.0,0.0,0.0,0.0,1.0,0.0,0.0,318.25959868729115,588.0,588.0,28812.0,7056.0,24.0,24.0,513.0,517.0,81.08843537414965,96.0,0.0,0.0,0.0,133836.0,0.0,0.0,0.0,0.0,0.0,0.0,0.0,0.0,0.0,0.0,0.0,0.0,0.0,0.0,0.0,0.0,2519.1923044621944
270,16200000000000,3.0,9.0,4.510204081632653,4.0,7.0,588,24.0,24.0,24.0,24.0,24.0,588,0.0,0.0,0.0,0.0,0.0,588,3.0,9.0,4.510204081632653,4.0,7.0,588,0.0,0.0,0.0,0.0,0.0,0,0.0,0.0,0.0,0.0,0.0,0,1.0,1.0,1.0,1.0,1.0,552,0.9999999999999996,1.0000000000000002,1.0,1.0,1.0000000000000002,552,1.0,1.6,1.0187892286360647,1.0,1.15,552,0.9999999999999996,1.0000000000000002,1.0,1.0,1.0000000000000002,552,552.0,0.0,0.0,0.0,552.0,552.0,0.0,0.0,0.0,0.0,0.0,0.0,1.0,0.0,0.0,309.8010867834091,588.0,588.0,28812.0,7056.0,24.0,24.0,514.0,518.0,83.65986394557824,96.0,0.0,0.0,0.0,135010.0,0.0,0.0,0.0,0.0,0.0,0.0,0.0,0.0,0.0,0.0,0.0,0.0,0.0,0.0,0.0,0.0,2231.397980824113
271,16260000000000,3.0,9.0,4.506802721088436,4.0,7.0,588,24.0,24.0,24.0,24.0,24.0,588,0.0,0.0,0.0,0.0,0.0,588,3.0,9.0,4.506802721088436,4.0,7.0,588,0.0,0.0,0.0,0.0,0.0,0,0.0,0.0,0.0,0.0,0.0,0,1.0,1.0,1.0,1.0,1.0,552,0.9999999999999997,1.0000000000000002,1.0,1.0,1.0000000000000002,552,1.0,1.3636363636363635,1.017285740807118,1.0,1.133035714285713,552,0.9999999999999997,1.0000000000000002,1.0,1.0,1.0000000000000002,552,552.0,0.0,0.0,0.0,552.0,552.0,0.0,0.0,0.0,0.0,0.0,0.0,1.0,0.0,0.0,305.60371093451977,588.0,588.0,28812.0,7056.0,24.0,24.0,512.0,516.0,80.53061224489795,92.0,0.0,0.0,0.0,133249.0,0.0,0.0,0.0,0.0,0.0,0.0,0.0,0.0,0.0,0.0,0.0,0.0,0.0,0.0,0.0,0.0,2359.7811684012413
272,16320000000000,3.0,9.0,4.51530612244898,4.0,7.0,588,24.0,24.0,24.0,24.0,24.0,588,0.0,0.0,0.0,0.0,0.0,588,3.0,9.0,4.51530612244898,4.0,7.0,588,0.0,0.0,0.0,0.0,0.0,0,0.0,0.0,0.0,0.0,0.0,0,1.0,1.0,1.0,1.0,1.0,552,0.9999999999999997,1.0000000000000004,1.0,1.0,1.0000000000000002,552,1.0,1.6,1.0213001903448402,1.0,1.1538461538461537,552,0.9999999999999997,1.0000000000000004,1.0,1.0,1.0000000000000002,552,552.0,0.0,0.0,0.0,552.0,552.0,0.0,0.0,0.0,0.0,0.0,0.0,1.0,0.0,0.0,308.8983092457056,588.0,588.0,28812.0,7056.0,24.0,24.0,517.0,521.0,84.21938775510205,96.0,0.0,0.0,0.0,135597.0,0.0,0.0,0.0,0.0,0.0,0.0,0.0,0.0,0.0,0.0,0.0,0.0,0.0,0.0,0.0,0.0,2424.733927473426
273,16380000000000,3.0,10.0,4.517006802721088,4.0,7.0,588,24.0,24.0,24.0,24.0,24.0,588,0.0,0.0,0.0,0.0,0.0,588,3.0,10.0,4.517006802721088,4.0,7.0,588,0.0,0.0,0.0,0.0,0.0,0,0.0,0.0,0.0,0.0,0.0,0,1.0,1.0,1.0,1.0,1.0,552,0.9999999999999997,1.0000000000000002,1.0,1.0,1.0000000000000002,552,1.0,1.5384615384615385,1.0220251081655292,1.0,1.1710784313725484,552,0.9999999999999997,1.0000000000000002,1.0,1.0,1.0000000000000002,552,552.0,0.0,0.0,0.0,552.0,552.0,0.0,0.0,0.0,0.0,0.0,0.0,1.0,0.0,0.0,309.0140726417303,588.0,588.0,28812.0,7056.0,24.0,24.0,518.0,522.0,81.42006802721089,96.0,0.0,0.0,0.0,134423.0,0.0,0.0,0.0,0.0,0.0,0.0,0.0,0.0,0.0,0.0,0.0,0.0,0.0,0.0,0.0,0.0,2437.0275512337685
274,16440000000000,3.0,10.0,4.508503401360544,4.0,7.0,588,24.0,24.0,24.0,24.0,24.0,588,0.0,0.0,0.0,0.0,0.0,588,3.0,10.0,4.508503401360544,4.0,7.0,588,0.0,0.0,0.0,0.0,0.0,0,0.0,0.0,0.0,0.0,0.0,0,1.0,1.0,1.0,1.0,1.0,552,0.9999999999999998,1.0000000000000002,1.0,1.0,1.0000000000000002,552,1.0,1.4285714285714286,1.020209883699416,1.0,1.125,552,0.9999999999999998,1.0000000000000002,1.0,1.0,1.0000000000000002,552,552.0,0.0,0.0,0.0,552.0,552.0,0.0,0.0,0.0,0.0,0.0,0.0,1.0,0.0,0.0,317.03017465770245,588.0,588.0,28812.0,7056.0,24.0,24.0,513.0,517.0,82.05102040816327,96.0,0.0,0.0,0.0,133249.0,0.0,0.0,0.0,0.0,0.0,0.0,0.0,0.0,0.0,0.0,0.0,0.0,0.0,0.0,0.0,0.0,2440.173875540495
275,16500000000000,3.0,10.0,4.517006802721088,4.0,7.0,588,24.0,24.0,24.0,24.0,24.0,588,0.0,0.0,0.0,0.0,0.0,588,3.0,10.0,4.517006802721088,4.0,7.0,588,0.0,0.0,0.0,0.0,0.0,0,0.0,0.0,0.0,0.0,0.0,0,1.0,1.0,1.0,1.0,1.0,552,0.9999999999999997,1.0000000000000002,1.0,1.0,1.0000000000000002,552,1.0,1.6,1.0203818405826164,1.0,1.1574999999999989,552,0.9999999999999997,1.0000000000000002,1.0,1.0,1.0000000000000002,552,552.0,0.0,0.0,0.0,552.0,552.0,0.0,0.0,0.0,0.0,0.0,0.0,1.0,0.0,0.0,306.6708315163851,588.0,588.0,28812.0,7056.0,24.0,24.0,518.0,522.0,82.73469387755102,96.0,0.0,0.0,0.0,135010.0,0.0,0.0,0.0,0.0,0.0,0.0,0.0,0.0,0.0,0.0,0.0,0.0,0.0,0.0,0.0,0.0,2294.4150771945715
276,16560000000000,3.0,10.0,4.5017006802721085,4.0,7.0,588,24.0,24.0,24.0,24.0,24.0,588,0.0,0.0,0.0,0.0,0.0,588,3.0,10.0,4.5017006802721085,4.0,7.0,588,0.0,0.0,0.0,0.0,0.0,0,0.0,0.0,0.0,0.0,0.0,0,1.0,1.0,1.0,1.0,1.0,552,0.9999999999999997,1.0000000000000004,1.0,1.0,1.0000000000000002,552,1.0,1.5,1.022970230744753,1.0,1.1666666666666667,552,0.9999999999999997,1.0000000000000004,1.0,1.0,1.0000000000000002,552,552.0,0.0,0.0,0.0,552.0,552.0,0.0,0.0,0.0,0.0,0.0,0.0,1.0,0.0,0.0,311.12230382859707,588.0,588.0,28812.0,7056.0,24.0,24.0,509.0,513.0,82.29931972789116,96.0,0.0,0.0,0.0,132075.0,0.0,0.0,0.0,0.0,0.0,0.0,0.0,0.0,0.0,0.0,0.0,0.0,0.0,0.0,0.0,0.0,2473.2208102941513
277,16620000000000,3.0,10.0,4.508503401360544,4.0,7.0,588,24.0,24.0,24.0,24.0,24.0,588,0.0,0.0,0.0,0.0,0.0,588,3.0,10.0,4.508503401360544,4.0,7.0,588,0.0,0.0,0.0,0.0,0.0,0,0.0,0.0,0.0,0.0,0.0,0,1.0,1.0,1.0,1.0,1.0,552,0.9999999999999997,1.0000000000000004,1.0,1.0,1.0000000000000002,552,1.0,1.6,1.0221263520523534,1.0,1.1710784313725484,552,0.9999999999999997,1.0000000000000004,1.0,1.0,1.0000000000000002,552,552.0,0.0,0.0,0.0,552.0,552.0,0.0,0.0,0.0,0.0,0.0,0.0,1.0,0.0,0.0,313.4306129068136,588.0,588.0,28812.0,7056.0,24.0,24.0,513.0,517.0,82.79081632653062,96.0,0.0,0.0,0.0,133249.0,0.0,0.0,0.0,0.0,0.0,0.0,0.0,0.0,0.0,0.0,0.0,0.0,0.0,0.0,0.0,0.0,2334.1889698058367
278,16680000000000,3.0,10.0,4.505102040816326,4.0,7.0,588,24.0,24.0,24.0,24.0,24.0,588,0.0,0.0,0.0,0.0,0.0,588,3.0,10.0,4.505102040816326,4.0,7.0,588,0.0,0.0,0.0,0.0,0.0,0,0.0,0.0,0.0,0.0,0.0,0,1.0,1.0,1.0,1.0,1.0,552,0.9999999999999997,1.0000000000000002,1.0,1.0,1.0000000000000002,552,1.0,1.6,1.0234375422513338,1.0,1.1710784313725484,552,0.9999999999999997,1.0000000000000002,1.0,1.0,1.0000000000000002,552,552.0,0.0,0.0,0.0,552.0,552.0,0.0,0.0,0.0,0.0,0.0,0.0,1.0,0.0,0.0,308.2519806921482,588.0,588.0,28812.0,7056.0,24.0,24.0,511.0,515.0,80.5765306122449,96.0,0.0,0.0,0.0,132662.0,0.0,0.0,0.0,0.0,0.0,0.0,0.0,0.0,0.0,0.0,0.0,0.0,0.0,0.0,0.0,0.0,2337.8748018294573
279,16740000000000,3.0,10.0,4.517006802721088,4.0,7.0,588,24.0,24.0,24.0,24.0,24.0,588,0.0,0.0,0.0,0.0,0.0,588,3.0,10.0,4.517006802721088,4.0,7.0,588,0.0,0.0,0.0,0.0,0.0,0,0.0,0.0,0.0,0.0,0.0,0,1.0,1.0,1.0,1.0,1.0,552,0.9999999999999998,1.0000000000000002,1.0,1.0,1.0000000000000002,552,1.0,1.6,1.0250188074195417,1.0,1.1710784313725484,552,0.9999999999999998,1.0000000000000002,1.0,1.0,1.0000000000000002,552,552.0,0.0,0.0,0.0,552.0,552.0,0.0,0.0,0.0,0.0,0.0,0.0,1.0,0.0,0.0,315.75953029096127,588.0,588.0,28812.0,7056.0,24.0,24.0,518.0,522.0,82.8061224489796,96.0,0.0,0.0,0.0,133836.0,0.0,0.0,0.0,0.0,0.0,0.0,0.0,0.0,0.0,0.0,0.0,0.0,0.0,0.0,0.0,0.0,2436.8560053408146
280,16800000000000,3.0,10.0,4.503401360544218,4.0,7.0,588,24.0,24.0,24.0,24.0,24.0,588,0.0,0.0,0.0,0.0,0.0,588,3.0,10.0,4.503401360544218,4.0,7.0,588,0.0,0.0,0.0,0.0,0.0,0,0.0,0.0,0.0,0.0,0.0,0,1.0,1.0,1.0,1.0,1.0,552,0.9999999999999996,1.0000000000000004,1.0,1.0,1.0000000000000002,552,1.0,1.6,1.0201533212376965,1.0,1.1666666666666667,552,0.9999999999999996,1.0000000000000004,1.0,1.0,1.0000000000000002,552,552.0,0.0,0.0,0.0,552.0,552.0,0.0,0.0,0.0,0.0,0.0,0.0,1.0,0.0,0.0,311.3295789808035,588.0,588.0,28812.0,7056.0,24.0,24.0,510.0,514.0,82.32142857142857,96.0,0.0,0.0,0.0,133249.0,0.0,0.0,0.0,0.0,0.0,0.0,0.0,0.0,0.0,0.0,0.0,0.0,0.0,0.0,0.0,0.0,2459.97903868556
281,16860000000000,3.0,10.0,4.511904761904762,4.0,7.0,588,24.0,24.0,24.0,24.0,24.0,588,0.0,0.0,0.0,0.0,0.0,588,3.0,10.0,4.511904761904762,4.0,7.0,588,0.0,0.0,0.0,0.0,0.0,0,0.0,0.0,0.0,0.0,0.0,0,1.0,1.0,1.0,1.0,1.0,552,0.9999999999999998,1.0000000000000004,1.0,1.0,1.0000000000000002,552,1.0,1.6,1.0206320773619197,1.0,1.1538461538461537,552,0.9999999999999998,1.0000000000000004,1.0,1.0,1.0000000000000002,552,552.0,0.0,0.0,0.0,552.0,552.0,0.0,0.0,0.0,0.0,0.0,0.0,1.0,0.0,0.0,306.683536618948,588.0,588.0,28812.0,7056.0,24.0,24.0,515.0,519.0,83.80442176870748,96.0,0.0,0.0,0.0,133836.0,0.0,0.0,0.0,0.0,0.0,0.0,0.0,0.0,0.0,0.0,0.0,0.0,0.0,0.0,0.0,0.0,2411.544529721141
282,16920000000000,3.0,10.0,4.51360544217687,4.0,7.0,588,24.0,24.0,24.0,24.0,24.0,588,0.0,0.0,0.0,0.0,0.0,588,3.0,10.0,4.51360544217687,4.0,7.0,588,0.0,0.0,0.0,0.0,0.0,0,0.0,0.0,0.0,0.0,0.0,0,1.0,1.0,1.0,1.0,1.0,552,0.9999999999999998,1.0000000000000004,1.0,1.0,1.0000000000000002,552,1.0,1.6,1.0235446267748303,1.0,1.1843749999999997,552,0.9999999999999998,1.0000000000000004,1.0,1.0,1.0000000000000002,552,552.0,0.0,0.0,0.0,552.0,552.0,0.0,0.0,0.0,0.0,0.0,0.0,1.0,0.0,0.0,308.41844342648983,588.0,588.0,28812.0,7056.0,24.0,24.0,516.0,520.0,80.51530612244898,92.0,0.0,0.0,0.0,132075.0,0.0,0.0,0.0,0.0,0.0,0.0,0.0,0.0,0.0,0.0,0.0,0.0,0.0,0.0,0.0,0.0,2328.0133325606585
283,16980000000000,3.0,10.0,4.5017006802721085,4.0,7.0,588,24.0,24.0,24.0,24.0,24.0,588,0.0,0.0,0.0,0.0,0.0,588,3.0,10.0,4.5017006802721085,4.0,7.0,588,0.0,0.0,0.0,0.0,0.0,0,0.0,0.0,0.0,0.0,0.0,0,1.0,1.0,1.0,1.0,1.0,552,0.9999999999999996,1.0000000000000004,1.0,1.0,1.0000000000000002,552,1.0,1.5,1.0232636910534951,1.0,1.1666666666666667,552,0.9999999999999996,1.0000000000000004,1.0,1.0,1.0000000000000002,552,552.0,0.0,0.0,0.0,552.0,552.0,0.0,0.0,0.0,0.0,0.0,0.0,1.0,0.0,0.0,309.82338823378086,588.0,588.0,28812.0,7056.0,24.0,24.0,509.0,513.0,82.4795918367347,96.0,0.0,0.0,0.0,134423.0,0.0,0.0,0.0,0.0,0.0,0.0,0.0,0.0,0.0,0.0,0.0,0.0,0.0,0.0,0.0,0.0,2288.3621491491795
284,17040000000000,3.0,10.0,4.51530612244898,4.0,7.0,588,24.0,24.0,24.0,24.0,24.0,588,0.0,0.0,0.0,0.0,0.0,588,3.0,10.0,4.51530612244898,4.0,7.0,588,0.0,0.0,0.0,0.0,0.0,0,0.0,0.0,0.0,0.0,0.0,0,1.0,1.0,1.0,1.0,1.0,552,0.9999999999999997,1.0000000000000002,1.0,1.0,1.0000000000000002,552,1.0,1.6,1.0237970066211164,1.0,1.1818181818181819,552,0.9999999999999997,1.0000000000000002,1.0,1.0,1.0000000000000002,552,552.0,0.0,0.0,0.0,552.0,552.0,0.0,0.0,0.0,0.0,0.0,0.0,1.0,0.0,0.0,300.02314038574696,588.0,588.0,28812.0,7056.0,24.0,24.0,517.0,521.0,81.66666666666667,96.0,0.0,0.0,0.0,132075.0,0.0,0.0,0.0,0.0,0.0,0.0,0.0,0.0,0.0,0.0,0.0,0.0,0.0,0.0,0.0,0.0,2346.424348652363
285,17100000000000,3.0,10.0,4.505102040816326,4.0,7.0,588,24.0,24.0,24.0,24.0,24.0,588,0.0,0.0,0.0,0.0,0.0,588,3.0,10.0,4.505102040816326,4.0,7.0,588,0.0,0.0,0.0,0.0,0.0,0,0.0,0.0,0.0,0.0,0.0,0,1.0,1.0,1.0,1.0,1.0,552,0.9999999999999997,1.0000000000000004,1.0,1.0,1.0000000000000002,552,1.0,1.5,1.0217709529662418,1.0,1.1666666666666667,552,0.9999999999999997,1.0000000000000004,1.0,1.0,1.0000000000000002,552,552.0,0.0,0.0,0.0,552.0,552.0,0.0,0.0,0.0,0.0,0.0,0.0,1.0,0.0,0.0,310.7428513467312,588.0,588.0,28812.0,7056.0,24.0,24.0,511.0,515.0,82.9795918367347,96.0,0.0,0.0,0.0,135010.0,0.0,0.0,0.0,0.0,0.0,0.0,0.0,0.0,0.0,0.0,0.0,0.0,0.0,0.0,0.0,0.0,2384.9582374095917
286,17160000000000,3.0,10.0,4.510204081632653,4.0,7.0,588,24.0,24.0,24.0,24.0,24.0,588,0.0,0.0,0.0,0.0,0.0,588,3.0,10.0,4.510204081632653,4.0,7.0,588,0.0,0.0,0.0,0.0,0.0,0,0.0,0.0,0.0,0.0,0.0,0,1.0,1.0,1.0,1.0,1.0,552,0.9999999999999997,1.0000000000000002,1.0,1.0,1.0000000000000002,552,1.0,1.6,1.0215683951725774,1.0,1.1428571428571428,552,0.9999999999999997,1.0000000000000002,1.0,1.0,1.0000000000000002,552,552.0,0.0,0.0,0.0,552.0,552.0,0.0,0.0,0.0,0.0,0.0,0.0,1.0,0.0,0.0,303.89731377363205,588.0,588.0,28812.0,7056.0,24.0,24.0,514.0,518.0,80.43197278911565,96.0,0.0,0.0,0.0,132662.0,0.0,0.0,0.0,0.0,0.0,0.0,0.0,0.0,0.0,0.0,0.0,0.0,0.0,0.0,0.0,0.0,2244.6290776133537
287,17220000000000,3.0,10.0,4.505102040816326,4.0,7.0,588,24.0,24.0,24.0,24.0,24.0,588,0.0,0.0,0.0,0.0,0.0,588,3.0,10.0,4.505102040816326,4.0,7.0,588,0.0,0.0,0.0,0.0,0.0,0,0.0,0.0,0.0,0.0,0.0,0,1.0,1.0,1.0,1.0,1.0,552,0.9999999999999996,1.0000000000000002,1.0,1.0,1.0000000000000002,552,1.0,1.6,1.0208315596862951,1.0,1.1428571428571428,552,0.9999999999999996,1.0000000000000002,1.0,1.0,1.0000000000000002,552,552.0,0.0,0.0,0.0,552.0,552.0,0.0,0.0,0.0,0.0,0.0,0.0,1.0,0.0,0.0,306.62786588072777,588.0,588.0,28812.0,7056.0,24.0,24.0,511.0,515.0,84.03401360544218,96.0,0.0,0.0,0.0,132662.0,0.0,0.0,0.0,0.0,0.0,0.0,0.0,0.0,0.0,0.0,0.0,0.0,0.0,0.0,0.0,0.0,2435.7416965067387
288,17280000000000,3.0,10.0,4.508503401360544,4.0,7.0,588,24.0,24.0,24.0,24.0,24.0,588,0.0,0.0,0.0,0.0,0.0,588,3.0,10.0,4.508503401360544,4.0,7.0,588,0.0,0.0,0.0,0.0,0.0,0,0.0,0.0,0.0,0.0,0.0,0,1.0,1.0,1.0,1.0,1.0,552,0.9999999999999997,1.0000000000000002,1.0,1.0,1.0000000000000002,552,1.0,1.4,1.0177994810512923,1.0,1.125,552,0.9999999999999997,1.0000000000000002,1.0,1.0,1.0000000000000002,552,552.0,0.0,0.0,0.0,552.0,552.0,0.0,0.0,0.0,0.0,0.0,0.0,1.0,0.0,0.0,309.11968648433685,588.0,588.0,28812.0,7056.0,24.0,24.0,513.0,517.0,82.20578231292517,96.0,0.0,0.0,0.0,133836.0,0.0,0.0,0.0,0.0,0.0,0.0,0.0,0.0,0.0,0.0,0.0,0.0,0.0,0.0,0.0,0.0,2459.3305978924036
289,17340000000000,3.0,10.0,4.510204081632653,4.0,7.0,588,24.0,24.0,24.0,24.0,24.0,588,0.0,0.0,0.0,0.0,0.0,588,3.0,10.0,4.510204081632653,4.0,7.0,588,0.0,0.0,0.0,0.0,0.0,0,0.0,0.0,0.0,0.0,0.0,0,1.0,1.0,1.0,1.0,1.0,552,0.9999999999999998,1.0000000000000002,1.0,1.0,1.0000000000000002,552,1.0,1.5,1.0186242460268495,1.0,1.1428571428571428,552,0.9999999999999998,1.0000000000000002,1.0,1.0,1.0000000000000002,552,552.0,0.0,0.0,0.0,552.0,552.0,0.0,0.0,0.0,0.0,0.0,0.0,1.0,0.0,0.0,307.5991217046976,588.0,588.0,28812.0,7056.0,24.0,24.0,514.0,518.0,82.23299319727892,96.0,0.0,0.0,0.0,133249.0,0.0,0.0,0.0,0.0,0.0,0.0,0.0,0.0,0.0,0.0,0.0,0.0,0.0,0.0,0.0,0.0,2354.3066065758467
290,17400000000000,3.0,10.0,4.51360544217687,4.0,7.0,588,24.0,24.0,24.0,24.0,24.0,588,0.0,0.0,0.0,0.0,0.0,588,3.0,10.0,4.51360544217687,4.0,7.0,588,0.0,0.0,0.0,0.0,0.0,0,0.0,0.0,0.0,0.0,0.0,0,1.0,1.0,1.0,1.0,1.0,552,0.9999999999999998,1.0000000000000002,1.0,1.0,1.0000000000000002,552,1.0,1.4,1.0158356230779335,1.0,1.125,552,0.9999999999999998,1.0000000000000002,1.0,1.0,1.0000000000000002,552,552.0,0.0,0.0,0.0,552.0,552.0,0.0,0.0,0.0,0.0,0.0,0.0,1.0,0.0,0.0,309.22994762659073,588.0,588.0,28812.0,7056.0,24.0,24.0,516.0,520.0,83.73809523809524,96.0,0.0,0.0,0.0,135597.0,0.0,0.0,0.0,0.0,0.0,0.0,0.0,0.0,0.0,0.0,0.0,0.0,0.0,0.0,0.0,0.0,2386.2156495451927
291,17460000000000,3.0,10.0,4.496598639455782,4.0,7.0,588,24.0,24.0,24.0,24.0,24.0,588,0.0,0.0,0.0,0.0,0.0,588,3.0,10.0,4.496598639455782,4.0,7.0,588,0.0,0.0,0.0,0.0,0.0,0,0.0,0.0,0.0,0.0,0.0,0,1.0,1.0,1.0,1.0,1.0,552,0.9999999999999996,1.0000000000000002,1.0,1.0,1.0000000000000002,552,1.0,1.5,1.0220965299693257,1.0,1.153571428571427,552,0.9999999999999996,1.0000000000000002,1.0,1.0,1.0000000000000002,552,552.0,0.0,0.0,0.0,552.0,552.0,0.0,0.0,0.0,0.0,0.0,0.0,1.0,0.0,0.0,307.17246793210506,588.0,588.0,28812.0,7056.0,24.0,24.0,506.0,510.0,81.27891156462584,92.0,0.0,0.0,0.0,132075.0,0.0,0.0,0.0,0.0,0.0,0.0,0.0,0.0,0.0,0.0,0.0,0.0,0.0,0.0,0.0,0.0,2148.988153785467
292,17520000000000,3.0,10.0,4.508503401360544,4.0,7.0,588,24.0,24.0,24.0,24.0,24.0,588,0.0,0.0,0.0,0.0,0.0,588,3.0,10.0,4.508503401360544,4.0,7.0,588,0.0,0.0,0.0,0.0,0.0,0,0.0,0.0,0.0,0.0,0.0,0,1.0,1.0,1.0,1.0,1.0,552,0.9999999999999997,1.0000000000000002,1.0,1.0,1.0000000000000002,552,1.0,1.4666666666666666,1.0199697844876854,1.0,1.1428571428571428,552,0.9999999999999997,1.0000000000000002,1.0,1.0,1.0000000000000002,552,552.0,0.0,0.0,0.0,552.0,552.0,0.0,0.0,0.0,0.0,0.0,0.0,1.0,0.0,0.0,312.10172548890114,588.0,588.0,28812.0,7056.0,24.0,24.0,513.0,517.0,82.04421768707483,96.0,0.0,0.0,0.0,135010.0,0.0,0.0,0.0,0.0,0.0,0.0,0.0,0.0,0.0,0.0,0.0,0.0,0.0,0.0,0.0,0.0,2426.91083997488
293,17580000000000,3.0,10.0,4.5017006802721085,4.0,7.0,588,24.0,24.0,24.0,24.0,24.0,588,0.0,0.0,0.0,0.0,0.0,588,3.0,10.0,4.5017006802721085,4.0,7.0,588,0.0,0.0,0.0,0.0,0.0,0,0.0,0.0,0.0,0.0,0.0,0,1.0,1.0,1.0,1.0,1.0,552,0.9999999999999997,1.0000000000000002,1.0,1.0,1.0000000000000002,552,1.0,1.5,1.0199015603426802,1.0,1.1428571428571428,552,0.9999999999999997,1.0000000000000002,1.0,1.0,1.0000000000000002,552,552.0,0.0,0.0,0.0,552.0,552.0,0.0,0.0,0.0,0.0,0.0,0.0,1.0,0.0,0.0,313.26183676719666,588.0,588.0,28812.0,7056.0,24.0,24.0,509.0,513.0,81.87925170068027,96.0,0.0,0.0,0.0,133836.0,0.0,0.0,0.0,0.0,0.0,0.0,0.0,0.0,0.0,0.0,0.0,0.0,0.0,0.0,0.0,0.0,2362.010955810547
294,17640000000000,3.0,10.0,4.517006802721088,4.0,7.0,588,24.0,24.0,24.0,24.0,24.0,588,0.0,0.0,0.0,0.0,0.0,588,3.0,10.0,4.517006802721088,4.0,7.0,588,0.0,0.0,0.0,0.0,0.0,0,0.0,0.0,0.0,0.0,0.0,0,1.0,1.0,1.0,1.0,1.0,552,0.9999999999999996,1.0000000000000002,1.0,1.0,1.0000000000000002,552,1.0,1.5,1.0206611433154946,1.0,1.1666666666666667,552,0.9999999999999996,1.0000000000000002,1.0,1.0,1.0000000000000002,552,552.0,0.0,0.0,0.0,552.0,552.0,0.0,0.0,0.0,0.0,0.0,0.0,1.0,0.0,0.0,307.5700532644987,588.0,588.0,28812.0,7056.0,24.0,24.0,518.0,522.0,82.21768707482993,96.0,0.0,0.0,0.0,134423.0,0.0,0.0,0.0,0.0,0.0,0.0,0.0,0.0,0.0,0.0,0.0,0.0,0.0,0.0,0.0,0.0,2387.9474010318518
295,17700000000000,3.0,10.0,4.493197278911564,4.0,7.0,588,24.0,24.0,24.0,24.0,24.0,588,0.0,0.0,0.0,0.0,0.0,588,3.0,10.0,4.493197278911564,4.0,7.0,588,0.0,0.0,0.0,0.0,0.0,0,0.0,0.0,0.0,0.0,0.0,0,1.0,1.0,1.0,1.0,1.0,552,0.9999999999999996,1.0000000000000002,1.0,1.0,1.0000000000000002,552,1.0,1.5,1.0235407159357073,1.0,1.1666666666666667,552,0.9999999999999996,1.0000000000000002,1.0,1.0,1.0000000000000002,552,552.0,0.0,0.0,0.0,552.0,552.0,0.0,0.0,0.0,0.0,0.0,0.0,1.0,0.0,0.0,311.16485595703125,588.0,588.0,28812.0,7056.0,24.0,24.0,504.0,508.0,81.078231292517,96.0,0.0,0.0,0.0,132662.0,0.0,0.0,0.0,0.0,0.0,0.0,0.0,0.0,0.0,0.0,0.0,0.0,0.0,0.0,0.0,0.0,2409.3893002718687
296,17760000000000,3.0,10.0,4.510204081632653,4.0,7.0,588,24.0,24.0,24.0,24.0,24.0,588,0.0,0.0,0.0,0.0,0.0,588,3.0,10.0,4.510204081632653,4.0,7.0,588,0.0,0.0,0.0,0.0,0.0,0,0.0,0.0,0.0,0.0,0.0,0,1.0,1.0,1.0,1.0,1.0,552,0.9999999999999997,1.0000000000000002,1.0,1.0,1.0000000000000002,552,1.0,1.5,1.0228189017388436,1.0,1.1818181818181819,552,0.9999999999999997,1.0000000000000002,1.0,1.0,1.0000000000000002,552,552.0,0.0,0.0,0.0,552.0,552.0,0.0,0.0,0.0,0.0,0.0,0.0,1.0,0.0,0.0,307.65922367572784,588.0,588.0,28812.0,7056.0,24.0,24.0,514.0,518.0,83.14455782312925,96.0,0.0,0.0,0.0,133836.0,0.0,0.0,0.0,0.0,0.0,0.0,0.0,0.0,0.0,0.0,0.0,0.0,0.0,0.0,0.0,0.0,2364.6520990878344
297,17820000000000,3.0,10.0,4.5,4.0,7.0,588,24.0,24.0,24.0,24.0,24.0,588,0.0,0.0,0.0,0.0,0.0,588,3.0,10.0,4.5,4.0,7.0,588,0.0,0.0,0.0,0.0,0.0,0,0.0,0.0,0.0,0.0,0.0,0,1.0,1.0,1.0,1.0,1.0,552,0.9999999999999997,1.0000000000000004,1.0,1.0,1.0000000000000002,552,1.0,1.4666666666666666,1.0205021786508885,1.0,1.125,552,0.9999999999999997,1.0000000000000004,1.0,1.0,1.0000000000000002,552,552.0,0.0,0.0,0.0,552.0,552.0,0.0,0.0,0.0,0.0,0.0,0.0,1.0,0.0,0.0,308.26650746166706,588.0,588.0,28812.0,7056.0,24.0,24.0,508.0,512.0,80.42006802721089,96.0,0.0,0.0,0.0,132662.0,0.0,0.0,0.0,0.0,0.0,0.0,0.0,0.0,0.0,0.0,0.0,0.0,0.0,0.0,0.0,0.0,2367.5940185785294
298,17880000000000,3.0,10.0,4.5187074829931975,4.0,7.0,588,24.0,24.0,24.0,24.0,24.0,588,0.0,0.0,0.0,0.0,0.0,588,3.0,10.0,4.5187074829931975,4.0,7.0,588,0.0,0.0,0.0,0.0,0.0,0,0.0,0.0,0.0,0.0,0.0,0,1.0,1.0,1.0,1.0,1.0,552,0.9999999999999997,1.0000000000000004,1.0,1.0,1.0000000000000002,552,1.0,1.5,1.0229366772185875,1.0,1.193124999999999,552,0.9999999999999997,1.0000000000000004,1.0,1.0,1.0000000000000002,552,552.0,0.0,0.0,0.0,552.0,552.0,0.0,0.0,0.0,0.0,0.0,0.0,1.0,0.0,0.0,319.8365829885006,588.0,588.0,28812.0,7056.0,24.0,24.0,519.0,523.0,81.72619047619048,96.0,0.0,0.0,0.0,136771.0,0.0,0.0,0.0,0.0,0.0,0.0,0.0,0.0,0.0,0.0,0.0,0.0,0.0,0.0,0.0,0.0,2369.417743757367
299,17940000000000,3.0,10.0,4.517006802721088,4.0,7.0,588,24.0,24.0,24.0,24.0,24.0,588,0.0,0.0,0.0,0.0,0.0,588,3.0,10.0,4.517006802721088,4.0,7.0,588,0.0,0.0,0.0,0.0,0.0,0,0.0,0.0,0.0,0.0,0.0,0,1.0,1.0,1.0,1.0,1.0,552,0.9999999999999996,1.0000000000000002,1.0,1.0,1.0000000000000002,552,1.0,1.4666666666666666,1.0184284627415852,1.0,1.125,552,0.9999999999999996,1.0000000000000002,1.0,1.0,1.0000000000000002,552,552.0,0.0,0.0,0.0,552.0,552.0,0.0,0.0,0.0,0.0,0.0,0.0,1.0,0.0,0.0,297.00993932783604,588.0,588.0,28812.0,7056.0,24.0,24.0,518.0,522.0,81.27210884353741,96.0,0.0,0.0,0.0,136184.0,0.0,0.0,0.0,0.0,0.0,0.0,0.0,0.0,0.0,0.0,0.0,0.0,0.0,0.0,0.0,0.0,2244.996951892972
300,18000000000000,3.0,10.0,4.520408163265306,4.0,7.0,588,24.0,24.0,24.0,24.0,24.0,588,0.0,0.0,0.0,0.0,0.0,588,3.0,10.0,4.520408163265306,4.0,7.0,588,0.0,0.0,0.0,0.0,0.0,0,0.0,0.0,0.0,0.0,0.0,0,1.0,1.0,1.0,1.0,1.0,552,0.9999999999999997,1.0000000000000004,1.0,1.0,1.0000000000000002,552,1.0,1.5,1.0248882274526603,1.0,1.2,552,0.9999999999999997,1.0000000000000004,1.0,1.0,1.0000000000000002,552,552.0,0.0,0.0,0.0,552.0,552.0,0.0,0.0,0.0,0.0,0.0,0.0,1.0,0.0,0.0,305.0078861415386,588.0,588.0,28812.0,7056.0,24.0,24.0,520.0,524.0,83.04421768707483,96.0,0.0,0.0,0.0,137358.0,0.0,0.0,0.0,0.0,0.0,0.0,0.0,0.0,0.0,0.0,0.0,0.0,0.0,0.0,0.0,0.0,2873.796872794628
301,18060000000000,3.0,10.0,4.523809523809524,4.0,7.0,588,24.0,24.0,24.0,24.0,24.0,588,0.0,0.0,0.0,0.0,0.0,588,3.0,10.0,4.523809523809524,4.0,7.0,588,0.0,0.0,0.0,0.0,0.0,0,0.0,0.0,0.0,0.0,0.0,0,1.0,1.0,1.0,1.0,1.0,552,0.9999999999999996,1.0000000000000004,1.0,1.0,1.0000000000000002,552,1.0,1.4666666666666666,1.0217966760727395,1.0,1.1666666666666667,552,0.9999999999999996,1.0000000000000004,1.0,1.0,1.0000000000000002,552,552.0,0.0,0.0,0.0,552.0,552.0,0.0,0.0,0.0,0.0,0.0,0.0,1.0,0.0,0.0,309.2408999800682,588.0,588.0,28812.0,7056.0,24.0,24.0,522.0,526.0,81.53401360544218,96.0,0.0,0.0,0.0,135597.0,0.0,0.0,0.0,0.0,0.0,0.0,0.0,0.0,0.0,0.0,0.0,0.0,0.0,0.0,0.0,0.0,2375.8045118302107
302,18120000000000,3.0,10.0,4.503401360544218,4.0,7.0,588,24.0,24.0,24.0,24.0,24.0,588,0.0,0.0,0.0,0.0,0.0,588,3.0,10.0,4.503401360544218,4.0,7.0,588,0.0,0.0,0.0,0.0,0.0,0,0.0,0.0,0.0,0.0,0.0,0,1.0,1.0,1.0,1.0,1.0,552,0.9999999999999997,1.0000000000000004,1.0,1.0,1.0000000000000002,552,1.0,1.5,1.0208530073339521,1.0,1.1618421052631573,552,0.9999999999999997,1.0000000000000004,1.0,1.0,1.0000000000000002,552,552.0,0.0,0.0,0.0,552.0,552.0,0.0,0.0,0.0,0.0,0.0,0.0,1.0,0.0,0.0,310.2620970457792,588.0,588.0,28812.0,7056.0,24.0,24.0,510.0,514.0,83.10714285714286,96.0,0.0,0.0,0.0,134423.0,0.0,0.0,0.0,0.0,0.0,0.0,0.0,0.0,0.0,0.0,0.0,0.0,0.0,0.0,0.0,0.0,2363.0231469869614
303,18180000000000,3.0,10.0,4.52891156462585,4.0,7.0,588,24.0,24.0,24.0,24.0,24.0,588,0.0,0.0,0.0,0.0,0.0,588,3.0,10.0,4.52891156462585,4.0,7.0,588,0.0,0.0,0.0,0.0,0.0,0,0.0,0.0,0.0,0.0,0.0,0,1.0,1.0,1.0,1.0,1.0,552,0.9999999999999997,1.0000000000000002,1.0,1.0,1.0000000000000002,552,1.0,1.5,1.0209644939964975,1.0,1.1666666666666667,552,0.9999999999999997,1.0000000000000002,1.0,1.0,1.0000000000000002,552,552.0,0.0,0.0,0.0,552.0,552.0,0.0,0.0,0.0,0.0,0.0,0.0,1.0,0.0,0.0,313.4181350469589,588.0,588.0,28812.0,7056.0,24.0,24.0,525.0,529.0,83.63775510204081,96.0,0.0,0.0,0.0,137358.0,0.0,0.0,0.0,0.0,0.0,0.0,0.0,0.0,0.0,0.0,0.0,0.0,0.0,0.0,0.0,0.0,2460.258588194847
304,18240000000000,3.0,10.0,4.503401360544218,4.0,7.0,588,24.0,24.0,24.0,24.0,24.0,588,0.0,0.0,0.0,0.0,0.0,588,3.0,10.0,4.503401360544218,4.0,7.0,588,0.0,0.0,0.0,0.0,0.0,0,0.0,0.0,0.0,0.0,0.0,0,1.0,1.0,1.0,1.0,1.0,552,0.9999999999999997,1.0000000000000004,1.0,1.0,1.0000000000000002,552,1.0,1.5,1.0185363975154407,1.0,1.133035714285713,552,0.9999999999999997,1.0000000000000004,1.0,1.0,1.0000000000000002,552,552.0,0.0,0.0,0.0,552.0,552.0,0.0,0.0,0.0,0.0,0.0,0.0,1.0,0.0,0.0,306.66094087064266,588.0,588.0,28812.0,7056.0,24.0,24.0,510.0,514.0,81.62414965986395,96.0,0.0,0.0,0.0,133836.0,0.0,0.0,0.0,0.0,0.0,0.0,0.0,0.0,0.0,0.0,0.0,0.0,0.0,0.0,0.0,0.0,2331.2974385917187
305,18300000000000,3.0,10.0,4.517006802721088,4.0,7.0,588,24.0,24.0,24.0,24.0,24.0,588,0.0,0.0,0.0,0.0,0.0,588,3.0,10.0,4.517006802721088,4.0,7.0,588,0.0,0.0,0.0,0.0,0.0,0,0.0,0.0,0.0,0.0,0.0,0,1.0,1.0,1.0,1.0,1.0,552,0.9999999999999996,1.0000000000000004,1.0,1.0,1.0000000000000002,552,1.0,1.5,1.0184775662477155,1.0,1.153571428571427,552,0.9999999999999996,1.0000000000000004,1.0,1.0,1.0000000000000002,552,552.0,0.0,0.0,0.0,552.0,552.0,0.0,0.0,0.0,0.0,0.0,0.0,1.0,0.0,0.0,307.9666327685118,588.0,588.0,28812.0,7056.0,24.0,24.0,518.0,522.0,82.87925170068027,96.0,0.0,0.0,0.0,135010.0,0.0,0.0,0.0,0.0,0.0,0.0,0.0,0.0,0.0,0.0,0.0,0.0,0.0,0.0,0.0,0.0,2312.5806003808975
306,18360000000000,3.0,10.0,4.511904761904762,4.0,7.0,588,24.0,24.0,24.0,24.0,24.0,588,0.0,0.0,0.0,0.0,0.0,588,3.0,10.0,4.511904761904762,4.0,7.0,588,0.0,0.0,0.0,0.0,0.0,0,0.0,0.0,0.0,0.0,0.0,0,1.0,1.0,1.0,1.0,1.0,552,0.9999999999999997,1.0000000000000002,1.0,1.0,1.0000000000000002,552,1.0,1.5,1.01667419396286,1.0,1.125,552,0.9999999999999997,1.0000000000000002,1.0,1.0,1.0000000000000002,552,552.0,0.0,0.0,0.0,552.0,552.0,0.0,0.0,0.0,0.0,0.0,0.0,1.0,0.0,0.0,308.4686193615198,588.0,588.0,28812.0,7056.0,24.0,24.0,515.0,519.0,81.82142857142857,96.0,0.0,0.0,0.0,133836.0,0.0,0.0,0.0,0.0,0.0,0.0,0.0,0.0,0.0,0.0,0.0,0.0,0.0,0.0,0.0,0.0,2451.8238361924887
307,18420000000000,3.0,10.0,4.510204081632653,4.0,7.0,588,24.0,24.0,24.0,24.0,24.0,588,0.0,0.0,0.0,0.0,0.0,588,3.0,10.0,4.510204081632653,4.0,7.0,588,0.0,0.0,0.0,0.0,0.0,0,0.0,0.0,0.0,0.0,0.0,0,1.0,1.0,1.0,1.0,1.0,552,0.9999999999999996,1.0000000000000004,1.0,1.0,1.0000000000000002,552,1.0,1.5,1.0191355716914572,1.0,1.1428571428571428,552,0.9999999999999996,1.0000000000000004,1.0,1.0,1.0000000000000002,552,552.0,0.0,0.0,0.0,552.0,552.0,0.0,0.0,0.0,0.0,0.0,0.0,1.0,0.0,0.0,306.10726587474346,588.0,588.0,28812.0,7056.0,24.0,24.0,514.0,518.0,82.4625850340136,96.0,0.0,0.0,0.0,135010.0,0.0,0.0,0.0,0.0,0.0,0.0,0.0,0.0,0.0,0.0,0.0,0.0,0.0,0.0,0.0,0.0,2371.1320627480745
308,18480000000000,3.0,10.0,4.5187074829931975,4.0,7.0,588,24.0,24.0,24.0,24.0,24.0,588,0.0,0.0,0.0,0.0,0.0,588,3.0,10.0,4.5187074829931975,4.0,7.0,588,0.0,0.0,0.0,0.0,0.0,0,0.0,0.0,0.0,0.0,0.0,0,1.0,1.0,1.0,1.0,1.0,552,0.9999999999999997,1.0000000000000004,1.0,1.0,1.0000000000000002,552,1.0,1.4666666666666666,1.0199833095437592,1.0,1.1666666666666667,552,0.9999999999999997,1.0000000000000004,1.0,1.0,1.0000000000000002,552,552.0,0.0,0.0,0.0,552.0,552.0,0.0,0.0,0.0,0.0,0.0,0.0,1.0,0.0,0.0,307.87012353539467,588.0,588.0,28812.0,7056.0,24.0,24.0,519.0,523.0,81.31292517006803,96.0,0.0,0.0,0.0,135010.0,0.0,0.0,0.0,0.0,0.0,0.0,0.0,0.0,0.0,0.0,0.0,0.0,0.0,0.0,0.0,0.0,2497.4457398056984
309,18540000000000,3.0,10.0,4.523809523809524,4.0,7.0,588,24.0,24.0,24.0,24.0,24.0,588,0.0,0.0,0.0,0.0,0.0,588,3.0,10.0,4.523809523809524,4.0,7.0,588,0.0,0.0,0.0,0.0,0.0,0,0.0,0.0,0.0,0.0,0.0,0,1.0,1.0,1.0,1.0,1.0,552,0.9999999999999997,1.0000000000000002,1.0,1.0,1.0000000000000002,552,1.0,1.5,1.019248923878355,1.0,1.1428571428571428,552,0.9999999999999997,1.0000000000000002,1.0,1.0,1.0000000000000002,552,552.0,0.0,0.0,0.0,552.0,552.0,0.0,0.0,0.0,0.0,0.0,0.0,1.0,0.0,0.0,308.93151462078094,588.0,588.0,28812.0,7056.0,24.0,24.0,522.0,526.0,82.24489795918367,96.0,0.0,0.0,0.0,137358.0,0.0,0.0,0.0,0.0,0.0,0.0,0.0,0.0,0.0,0.0,0.0,0.0,0.0,0.0,0.0,0.0,2370.6258814781904
310,18600000000000,3.0,10.0,4.522108843537415,4.0,7.0,588,24.0,24.0,24.0,24.0,24.0,588,0.0,0.0,0.0,0.0,0.0,588,3.0,10.0,4.522108843537415,4.0,7.0,588,0.0,0.0,0.0,0.0,0.0,0,0.0,0.0,0.0,0.0,0.0,0,1.0,1.0,1.0,1.0,1.0,552,0.9999999999999998,1.0000000000000002,1.0,1.0,1.0000000000000002,552,1.0,1.4666666666666666,1.0206384753173519,1.0,1.1734848484848475,552,0.9999999999999998,1.0000000000000002,1.0,1.0,1.0000000000000002,552,552.0,0.0,0.0,0.0,552.0,552.0,0.0,0.0,0.0,0.0,0.0,0.0,1.0,0.0,0.0,303.2086156308651,588.0,588.0,28812.0,7056.0,24.0,24.0,521.0,525.0,82.60374149659864,92.0,0.0,0.0,0.0,136771.0,0.0,0.0,0.0,0.0,0.0,0.0,0.0,0.0,0.0,0.0,0.0,0.0,0.0,0.0,0.0,0.0,2299.73098449409
311,18660000000000,3.0,10.0,4.534013605442177,4.0,7.0,588,24.0,24.0,24.0,24.0,24.0,588,0.0,0.0,0.0,0.0,0.0,588,3.0,10.0,4.534013605442177,4.0,7.0,588,0.0,0.0,0.0,0.0,0.0,0,0.0,0.0,0.0,0.0,0.0,0,1.0,1.0,1.0,1.0,1.0,552,0.9999999999999998,1.0000000000000004,1.0,1.0,1.0000000000000002,552,1.0,1.4666666666666666,1.0222033861800404,1.0,1.1618421052631573,552,0.9999999999999998,1.0000000000000004,1.0,1.0,1.0000000000000002,552,552.0,0.0,0.0,0.0,552.0,552.0,0.0,0.0,0.0,0.0,0.0,0.0,1.0,0.0,0.0,305.2315805107355,588.0,588.0,28812.0,7056.0,24.0,24.0,528.0,532.0,83.0765306122449,96.0,0.0,0.0,0.0,139706.0,0.0,0.0,0.0,0.0,0.0,0.0,0.0,0.0,0.0,0.0,0.0,0.0,0.0,0.0,0.0,0.0,2401.730326935649
312,18720000000000,3.0,10.0,4.51360544217687,4.0,7.0,588,24.0,24.0,24.0,24.0,24.0,588,0.0,0.0,0.0,0.0,0.0,588,3.0,10.0,4.51360544217687,4.0,7.0,588,0.0,0.0,0.0,0.0,0.0,0,0.0,0.0,0.0,0.0,0.0,0,1.0,1.0,1.0,1.0,1.0,552,0.9999999999999996,1.0000000000000002,1.0,1.0,1.0000000000000002,552,1.0,1.5,1.0196131726918165,1.0,1.1666666666666667,552,0.9999999999999996,1.0000000000000002,1.0,1.0,1.0000000000000002,552,552.0,0.0,0.0,0.0,552.0,552.0,0.0,0.0,0.0,0.0,0.0,0.0,1.0,0.0,0.0,308.62958543002605,588.0,588.0,28812.0,7056.0,24.0,24.0,516.0,520.0,83.32993197278911,96.0,0.0,0.0,0.0,136184.0,0.0,0.0,0.0,0.0,0.0,0.0,0.0,0.0,0.0,0.0,0.0,0.0,0.0,0.0,0.0,0.0,2404.379475861788
313,18780000000000,3.0,10.0,4.51530612244898,4.0,7.0,588,24.0,24.0,24.0,24.0,24.0,588,0.0,0.0,0.0,0.0,0.0,588,3.0,10.0,4.51530612244898,4.0,7.0,588,0.0,0.0,0.0,0.0,0.0,0,0.0,0.0,0.0,0.0,0.0,0,1.0,1.0,1.0,1.0,1.0,552,0.9999999999999997,1.0000000000000002,1.0,1.0,1.0000000000000002,552,1.0,1.4666666666666666,1.0195637107307307,1.0,1.1428571428571428,552,0.9999999999999997,1.0000000000000002,1.0,1.0,1.0000000000000002,552,552.0,0.0,0.0,0.0,552.0,552.0,0.0,0.0,0.0,0.0,0.0,0.0,1.0,0.0,0.0,304.82383258640766,588.0,588.0,28812.0,7056.0,24.0,24.0,517.0,521.0,80.87585034013605,96.0,0.0,0.0,0.0,135010.0,0.0,0.0,0.0,0.0,0.0,0.0,0.0,0.0,0.0,0.0,0.0,0.0,0.0,0.0,0.0,0.0,2391.033496707678
314,18840000000000,3.0,9.0,4.51530612244898,4.0,7.0,588,24.0,24.0,24.0,24.0,24.0,588,0.0,0.0,0.0,0.0,0.0,588,3.0,9.0,4.51530612244898,4.0,7.0,588,0.0,0.0,0.0,0.0,0.0,0,0.0,0.0,0.0,0.0,0.0,0,1.0,1.0,1.0,1.0,1.0,552,0.9999999999999996,1.0000000000000004,1.0,1.0,1.0000000000000002,552,1.0,1.5,1.0211626244883656,1.0,1.1666666666666667,552,0.9999999999999996,1.0000000000000004,1.0,1.0,1.0000000000000002,552,552.0,0.0,0.0,0.0,552.0,552.0,0.0,0.0,0.0,0.0,0.0,0.0,1.0,0.0,0.0,308.65086056292057,588.0,588.0,28812.0,7056.0,24.0,24.0,517.0,521.0,81.54931972789116,96.0,0.0,0.0,0.0,136771.0,0.0,0.0,0.0,0.0,0.0,0.0,0.0,0.0,0.0,0.0,0.0,0.0,0.0,0.0,0.0,0.0,2476.10130161047
315,18900000000000,3.0,10.0,4.508503401360544,4.0,7.0,588,24.0,24.0,24.0,24.0,24.0,588,0.0,0.0,0.0,0.0,0.0,588,3.0,10.0,4.508503401360544,4.0,7.0,588,0.0,0.0,0.0,0.0,0.0,0,0.0,0.0,0.0,0.0,0.0,0,1.0,1.0,1.0,1.0,1.0,552,0.9999999999999997,1.0000000000000004,1.0,1.0,1.0000000000000002,552,1.0,1.3333333333333333,1.0219531210523158,1.0,1.1734848484848475,552,0.9999999999999997,1.0000000000000004,1.0,1.0,1.0000000000000002,552,552.0,0.0,0.0,0.0,552.0,552.0,0.0,0.0,0.0,0.0,0.0,0.0,1.0,0.0,0.0,303.54688689112663,588.0,588.0,28812.0,7056.0,24.0,24.0,513.0,517.0,82.19897959183673,96.0,0.0,0.0,0.0,133836.0,0.0,0.0,0.0,0.0,0.0,0.0,0.0,0.0,0.0,0.0,0.0,0.0,0.0,0.0,0.0,0.0,2191.9589787721634
316,18960000000000,3.0,9.0,4.510204081632653,4.0,7.0,588,24.0,24.0,24.0,24.0,24.0,588,0.0,0.0,0.0,0.0,0.0,588,3.0,9.0,4.510204081632653,4.0,7.0,588,0.0,0.0,0.0,0.0,0.0,0,0.0,0.0,0.0,0.0,0.0,0,1.0,1.0,1.0,1.0,1.0,552,0.9999999999999996,1.0000000000000002,1.0,1.0,1.0000000000000002,552,1.0,1.3333333333333333,1.0188098579611042,1.0,1.147802197802197,552,0.9999999999999996,1.0000000000000002,1.0,1.0,1.0000000000000002,552,552.0,0.0,0.0,0.0,552.0,552.0,0.0,0.0,0.0,0.0,0.0,0.0,1.0,0.0,0.0,294.91160437464714,588.0,588.0,28812.0,7056.0,24.0,24.0,514.0,518.0,82.59183673469387,96.0,0.0,0.0,0.0,135597.0,0.0,0.0,0.0,0.0,0.0,0.0,0.0,0.0,0.0,0.0,0.0,0.0,0.0,0.0,0.0,0.0,2368.762446567416
317,19020000000000,3.0,10.0,4.517006802721088,4.0,7.0,588,24.0,24.0,24.0,24.0,24.0,588,0.0,0.0,0.0,0.0,0.0,588,3.0,10.0,4.517006802721088,4.0,7.0,588,0.0,0.0,0.0,0.0,0.0,0,0.0,0.0,0.0,0.0,0.0,0,1.0,1.0,1.0,1.0,1.0,552,0.9999999999999996,1.0000000000000002,1.0,1.0,1.0000000000000002,552,1.0,1.3333333333333333,1.0207285614574368,1.0,1.1899999999999988,552,0.9999999999999996,1.0000000000000002,1.0,1.0,1.0000000000000002,552,552.0,0.0,0.0,0.0,552.0,552.0,0.0,0.0,0.0,0.0,0.0,0.0,1.0,0.0,0.0,304.9074485898018,588.0,588.0,28812.0,7056.0,24.0,24.0,518.0,522.0,81.00340136054422,96.0,0.0,0.0,0.0,135597.0,0.0,0.0,0.0,0.0,0.0,0.0,0.0,0.0,0.0,0.0,0.0,0.0,0.0,0.0,0.0,0.0,2350.0427305698395
318,19080000000000,3.0,10.0,4.496598639455782,4.0,7.0,588,24.0,24.0,24.0,24.0,24.0,588,0.0,0.0,0.0,0.0,0.0,588,3.0,10.0,4.496598639455782,4.0,7.0,588,0.0,0.0,0.0,0.0,0.0,0,0.0,0.0,0.0,0.0,0.0,0,1.0,1.0,1.0,1.0,1.0,552,0.9999999999999996,1.0000000000000002,1.0,1.0,1.0000000000000002,552,1.0,1.3333333333333333,1.01858387215697,1.0,1.147802197802197,552,0.9999999999999996,1.0000000000000002,1.0,1.0,1.0000000000000002,552,552.0,0.0,0.0,0.0,552.0,552.0,0.0,0.0,0.0,0.0,0.0,0.0,1.0,0.0,0.0,307.7305946499109,588.0,588.0,28812.0,7056.0,24.0,24.0,506.0,510.0,83.73299319727892,96.0,0.0,0.0,0.0,132075.0,0.0,0.0,0.0,0.0,0.0,0.0,0.0,0.0,0.0,0.0,0.0,0.0,0.0,0.0,0.0,0.0,2270.545355975628
319,19140000000000,3.0,9.0,4.517006802721088,4.0,7.0,588,24.0,24.0,24.0,24.0,24.0,588,0.0,0.0,0.0,0.0,0.0,588,3.0,9.0,4.517006802721088,4.0,7.0,588,0.0,0.0,0.0,0.0,0.0,0,0.0,0.0,0.0,0.0,0.0,0,1.0,1.0,1.0,1.0,1.0,552,0.9999999999999997,1.0000000000000002,1.0,1.0,1.0000000000000002,552,1.0,1.3333333333333333,1.0205850986663785,1.0,1.1899999999999988,552,0.9999999999999997,1.0000000000000002,1.0,1.0,1.0000000000000002,552,552.0,0.0,0.0,0.0,552.0,552.0,0.0,0.0,0.0,0.0,0.0,0.0,1.0,0.0,0.0,300.26775598526,588.0,588.0,28812.0,7056.0,24.0,24.0,518.0,522.0,81.94897959183673,96.0,0.0,0.0,0.0,135597.0,0.0,0.0,0.0,0.0,0.0,0.0,0.0,0.0,0.0,0.0,0.0,0.0,0.0,0.0,0.0,0.0,2322.1012130379677
320,19200000000000,3.0,10.0,4.505102040816326,4.0,7.0,588,24.0,24.0,24.0,24.0,24.0,588,0.0,0.0,0.0,0.0,0.0,588,3.0,10.0,4.505102040816326,4.0,7.0,588,0.0,0.0,0.0,0.0,0.0,0,0.0,0.0,0.0,0.0,0.0,0,1.0,1.0,1.0,1.0,1.0,552,0.9999999999999997,1.0000000000000004,1.0,1.0,1.0000000000000002,552,1.0,1.3333333333333333,1.0183462534727006,1.0,1.1428571428571428,552,0.9999999999999997,1.0000000000000004,1.0,1.0,1.0000000000000002,552,552.0,0.0,0.0,0.0,552.0,552.0,0.0,0.0,0.0,0.0,0.0,0.0,1.0,0.0,0.0,302.93432623147964,588.0,588.0,28812.0,7056.0,24.0,24.0,511.0,515.0,83.9625850340136,96.0,0.0,0.0,0.0,133836.0,0.0,0.0,0.0,0.0,0.0,0.0,0.0,0.0,0.0,0.0,0.0,0.0,0.0,0.0,0.0,0.0,2336.421126499772
321,19260000000000,3.0,9.0,4.51530612244898,4.0,7.0,588,24.0,24.0,24.0,24.0,24.0,588,0.0,0.0,0.0,0.0,0.0,588,3.0,9.0,4.51530612244898,4.0,7.0,588,0.0,0.0,0.0,0.0,0.0,0,0.0,0.0,0.0,0.0,0.0,0,1.0,1.0,1.0,1.0,1.0,552,0.9999999999999996,1.0000000000000002,1.0,1.0,1.0000000000000002,552,1.0,1.3333333333333333,1.0214890471548073,1.0,1.1666666666666667,552,0.9999999999999996,1.0000000000000002,1.0,1.0,1.0000000000000002,552,552.0,0.0,0.0,0.0,552.0,552.0,0.0,0.0,0.0,0.0,0.0,0.0,1.0,0.0,0.0,299.17998239398,588.0,588.0,28812.0,7056.0,24.0,24.0,517.0,521.0,81.80272108843538,96.0,0.0,0.0,0.0,135010.0,0.0,0.0,0.0,0.0,0.0,0.0,0.0,0.0,0.0,0.0,0.0,0.0,0.0,0.0,0.0,0.0,2238.4945768862963
322,19320000000000,3.0,10.0,4.503401360544218,4.0,7.0,588,24.0,24.0,24.0,24.0,24.0,588,0.0,0.0,0.0,0.0,0.0,588,3.0,10.0,4.503401360544218,4.0,7.0,588,0.0,0.0,0.0,0.0,0.0,0,0.0,0.0,0.0,0.0,0.0,0,1.0,1.0,1.0,1.0,1.0,552,0.9999999999999997,1.0000000000000002,1.0,1.0,1.0000000000000002,552,1.0,1.3333333333333333,1.0197912078159672,1.0,1.1666666666666667,552,0.9999999999999997,1.0000000000000002,1.0,1.0,1.0000000000000002,552,552.0,0.0,0.0,0.0,552.0,552.0,0.0,0.0,0.0,0.0,0.0,0.0,1.0,0.0,0.0,298.51115122437477,588.0,588.0,28812.0,7056.0,24.0,24.0,510.0,514.0,80.88265306122449,96.0,0.0,0.0,0.0,133836.0,0.0,0.0,0.0,0.0,0.0,0.0,0.0,0.0,0.0,0.0,0.0,0.0,0.0,0.0,0.0,0.0,2283.2952737808228
323,19380000000000,3.0,9.0,4.511904761904762,4.0,7.0,588,24.0,24.0,24.0,24.0,24.0,588,0.0,0.0,0.0,0.0,0.0,588,3.0,9.0,4.511904761904762,4.0,7.0,588,0.0,0.0,0.0,0.0,0.0,0,0.0,0.0,0.0,0.0,0.0,0,1.0,1.0,1.0,1.0,1.0,552,0.9999999999999997,1.0000000000000004,1.0,1.0,1.0000000000000002,552,1.0,1.3636363636363635,1.020825370263734,1.0,1.1666666666666667,552,0.9999999999999997,1.0000000000000004,1.0,1.0,1.0000000000000002,552,552.0,0.0,0.0,0.0,552.0,552.0,0.0,0.0,0.0,0.0,0.0,0.0,1.0,0.0,0.0,305.249635130167,588.0,588.0,28812.0,7056.0,24.0,24.0,515.0,519.0,81.19897959183673,96.0,0.0,0.0,0.0,133836.0,0.0,0.0,0.0,0.0,0.0,0.0,0.0,0.0,0.0,0.0,0.0,0.0,0.0,0.0,0.0,0.0,2334.0829629451036
324,19440000000000,3.0,10.0,4.5017006802721085,4.0,7.0,588,24.0,24.0,24.0,24.0,24.0,588,0.0,0.0,0.0,0.0,0.0,588,3.0,10.0,4.5017006802721085,4.0,7.0,588,0.0,0.0,0.0,0.0,0.0,0,0.0,0.0,0.0,0.0,0.0,0,1.0,1.0,1.0,1.0,1.0,552,0.9999999999999997,1.0000000000000004,1.0,1.0,1.0000000000000002,552,1.0,1.3333333333333333,1.0206663142545749,1.0,1.1666666666666667,552,0.9999999999999997,1.0000000000000004,1.0,1.0,1.0000000000000002,552,552.0,0.0,0.0,0.0,552.0,552.0,0.0,0.0,0.0,0.0,0.0,0.0,1.0,0.0,0.0,299.7661158442497,588.0,588.0,28812.0,7056.0,24.0,24.0,509.0,513.0,80.6156462585034,96.0,0.0,0.0,0.0,131488.0,0.0,0.0,0.0,0.0,0.0,0.0,0.0,0.0,0.0,0.0,0.0,0.0,0.0,0.0,0.0,0.0,2318.4921257197857
325,19500000000000,3.0,9.0,4.503401360544218,4.0,7.0,588,24.0,24.0,24.0,24.0,24.0,588,0.0,0.0,0.0,0.0,0.0,588,3.0,9.0,4.503401360544218,4.0,7.0,588,0.0,0.0,0.0,0.0,0.0,0,0.0,0.0,0.0,0.0,0.0,0,1.0,1.0,1.0,1.0,1.0,552,0.9999999999999997,1.0000000000000002,1.0,1.0,1.0000000000000002,552,1.0,1.3636363636363635,1.018418396273769,1.0,1.1596153846153838,552,0.9999999999999997,1.0000000000000002,1.0,1.0,1.0000000000000002,552,552.0,0.0,0.0,0.0,552.0,552.0,0.0,0.0,0.0,0.0,0.0,0.0,1.0,0.0,0.0,300.3996331244707,588.0,588.0,28812.0,7056.0,24.0,24.0,510.0,514.0,82.671768707483,96.0,0.0,0.0,0.0,132662.0,0.0,0.0,0.0,0.0,0.0,0.0,0.0,0.0,0.0,0.0,0.0,0.0,0.0,0.0,0.0,0.0,2257.3304660618305
326,19560000000000,3.0,9.0,4.505102040816326,4.0,7.0,588,24.0,24.0,24.0,24.0,24.0,588,0.0,0.0,0.0,0.0,0.0,588,3.0,9.0,4.505102040816326,4.0,7.0,588,0.0,0.0,0.0,0.0,0.0,0,0.0,0.0,0.0,0.0,0.0,0,1.0,1.0,1.0,1.0,1.0,552,0.9999999999999996,1.0000000000000004,1.0,1.0,1.0000000000000002,552,1.0,1.6,1.0227013350986969,1.0,1.1818181818181819,552,0.9999999999999996,1.0000000000000004,1.0,1.0,1.0000000000000002,552,552.0,0.0,0.0,0.0,552.0,552.0,0.0,0.0,0.0,0.0,0.0,0.0,1.0,0.0,0.0,297.26758040487766,588.0,588.0,28812.0,7056.0,24.0,24.0,511.0,515.0,79.15136054421768,96.0,0.0,0.0,0.0,133249.0,0.0,0.0,0.0,0.0,0.0,0.0,0.0,0.0,0.0,0.0,0.0,0.0,0.0,0.0,0.0,0.0,2197.9974135756493
327,19620000000000,3.0,9.0,4.511904761904762,4.0,7.0,588,24.0,24.0,24.0,24.0,24.0,588,0.0,0.0,0.0,0.0,0.0,588,3.0,9.0,4.511904761904762,4.0,7.0,588,0.0,0.0,0.0,0.0,0.0,0,0.0,0.0,0.0,0.0,0.0,0,1.0,1.0,1.0,1.0,1.0,552,0.9999999999999997,1.0000000000000002,1.0,1.0,1.0000000000000002,552,1.0,1.7,1.023874869691207,1.0,1.1710784313725484,552,0.9999999999999997,1.0000000000000002,1.0,1.0,1.0000000000000002,552,552.0,0.0,0.0,0.0,552.0,552.0,0.0,0.0,0.0,0.0,0.0,0.0,1.0,0.0,0.0,290.10950587689877,588.0,588.0,28812.0,7056.0,24.0,24.0,515.0,519.0,84.58503401360544,96.0,0.0,0.0,0.0,135010.0,0.0,0.0,0.0,0.0,0.0,0.0,0.0,0.0,0.0,0.0,0.0,0.0,0.0,0.0,0.0,0.0,2203.8087770342827
328,19680000000000,3.0,9.0,4.4982993197278915,4.0,7.0,588,24.0,24.0,24.0,24.0,24.0,588,0.0,0.0,0.0,0.0,0.0,588,3.0,9.0,4.4982993197278915,4.0,7.0,588,0.0,0.0,0.0,0.0,0.0,0,0.0,0.0,0.0,0.0,0.0,0,1.0,1.0,1.0,1.0,1.0,552,0.9999999999999997,1.0000000000000002,1.0,1.0,1.0000000000000002,552,1.0,1.5714285714285714,1.0224145637771715,1.0,1.1666666666666667,552,0.9999999999999997,1.0000000000000002,1.0,1.0,1.0000000000000002,552,552.0,0.0,0.0,0.0,552.0,552.0,0.0,0.0,0.0,0.0,0.0,0.0,1.0,0.0,0.0,297.82296903431416,588.0,588.0,28812.0,7056.0,24.0,24.0,507.0,511.0,80.65306122448979,96.0,0.0,0.0,0.0,132662.0,0.0,0.0,0.0,0.0,0.0,0.0,0.0,0.0,0.0,0.0,0.0,0.0,0.0,0.0,0.0,0.0,2324.414275586605
329,19740000000000,3.0,9.0,4.520408163265306,4.0,7.0,588,24.0,24.0,24.0,24.0,24.0,588,0.0,0.0,0.0,0.0,0.0,588,3.0,9.0,4.520408163265306,4.0,7.0,588,0.0,0.0,0.0,0.0,0.0,0,0.0,0.0,0.0,0.0,0.0,0,1.0,1.0,1.0,1.0,1.0,552,0.9999999999999997,1.0000000000000002,1.0,1.0,1.0000000000000002,552,1.0,1.7,1.0233766905902795,1.0,1.1666666666666667,552,0.9999999999999997,1.0000000000000002,1.0,1.0,1.0000000000000002,552,552.0,0.0,0.0,0.0,552.0,552.0,0.0,0.0,0.0,0.0,0.0,0.0,1.0,0.0,0.0,297.35248163342476,588.0,588.0,28812.0,7056.0,24.0,24.0,520.0,524.0,86.03911564625851,96.0,0.0,0.0,0.0,139119.0,0.0,0.0,0.0,0.0,0.0,0.0,0.0,0.0,0.0,0.0,0.0,0.0,0.0,0.0,0.0,0.0,2292.4894466996193
330,19800000000000,3.0,9.0,4.505102040816326,4.0,7.0,588,24.0,24.0,24.0,24.0,24.0,588,0.0,0.0,0.0,0.0,0.0,588,3.0,9.0,4.505102040816326,4.0,7.0,588,0.0,0.0,0.0,0.0,0.0,0,0.0,0.0,0.0,0.0,0.0,0,1.0,1.0,1.0,1.0,1.0,552,0.9999999999999997,1.0000000000000002,1.0,1.0,1.0000000000000002,552,1.0,1.7,1.0249688984236451,1.0,1.1710784313725484,552,0.9999999999999997,1.0000000000000002,1.0,1.0,1.0000000000000002,552,552.0,0.0,0.0,0.0,552.0,552.0,0.0,0.0,0.0,0.0,0.0,0.0,1.0,0.0,0.0,297.79037088155746,588.0,588.0,28812.0,7056.0,24.0,24.0,511.0,515.0,81.10204081632654,96.0,0.0,0.0,0.0,134423.0,0.0,0.0,0.0,0.0,0.0,0.0,0.0,0.0,0.0,0.0,0.0,0.0,0.0,0.0,0.0,0.0,2333.497451618314
331,19860000000000,3.0,9.0,4.510204081632653,4.0,7.0,588,24.0,24.0,24.0,24.0,24.0,588,0.0,0.0,0.0,0.0,0.0,588,3.0,9.0,4.510204081632653,4.0,7.0,588,0.0,0.0,0.0,0.0,0.0,0,0.0,0.0,0.0,0.0,0.0,0,1.0,1.0,1.0,1.0,1.0,552,0.9999999999999997,1.0000000000000002,1.0,1.0,1.0000000000000002,552,1.0,1.7,1.0226662867048184,1.0,1.1666666666666667,552,0.9999999999999997,1.0000000000000002,1.0,1.0,1.0000000000000002,552,552.0,0.0,0.0,0.0,552.0,552.0,0.0,0.0,0.0,0.0,0.0,0.0,1.0,0.0,0.0,300.85721239447594,588.0,588.0,28812.0,7056.0,24.0,24.0,514.0,518.0,82.89625850340136,96.0,0.0,0.0,0.0,135597.0,0.0,0.0,0.0,0.0,0.0,0.0,0.0,0.0,0.0,0.0,0.0,0.0,0.0,0.0,0.0,0.0,2334.176640957594
332,19920000000000,3.0,9.0,4.511904761904762,4.0,7.0,588,24.0,24.0,24.0,24.0,24.0,588,0.0,0.0,0.0,0.0,0.0,588,3.0,9.0,4.511904761904762,4.0,7.0,588,0.0,0.0,0.0,0.0,0.0,0,0.0,0.0,0.0,0.0,0.0,0,1.0,1.0,1.0,1.0,1.0,552,0.9999999999999998,1.0000000000000002,1.0,1.0,1.0000000000000002,552,1.0,1.7,1.02296358268702,1.0,1.1666666666666667,552,0.9999999999999998,1.0000000000000002,1.0,1.0,1.0000000000000002,552,552.0,0.0,0.0,0.0,552.0,552.0,0.0,0.0,0.0,0.0,0.0,0.0,1.0,0.0,0.0,296.3680289685726,588.0,588.0,28812.0,7056.0,24.0,24.0,515.0,519.0,81.33673469387755,96.0,0.0,0.0,0.0,135597.0,0.0,0.0,0.0,0.0,0.0,0.0,0.0,0.0,0.0,0.0,0.0,0.0,0.0,0.0,0.0,0.0,2217.2947209328413
333,19980000000000,3.0,10.0,4.503401360544218,4.0,7.0,588,24.0,24.0,24.0,24.0,24.0,588,0.0,0.0,0.0,0.0,0.0,588,3.0,10.0,4.503401360544218,4.0,7.0,588,0.0,0.0,0.0,0.0,0.0,0,0.0,0.0,0.0,0.0,0.0,0,1.0,1.0,1.0,1.0,1.0,552,0.9999999999999996,1.0000000000000002,1.0,1.0,1.0000000000000002,552,1.0,1.7,1.0223154300086146,1.0,1.1666666666666667,552,0.9999999999999996,1.0000000000000002,1.0,1.0,1.0000000000000002,552,552.0,0.0,0.0,0.0,552.0,552.0,0.0,0.0,0.0,0.0,0.0,0.0,1.0,0.0,0.0,302.3230452090502,588.0,588.0,28812.0,7056.0,24.0,24.0,510.0,514.0,81.75170068027211,96.0,0.0,0.0,0.0,135010.0,0.0,0.0,0.0,0.0,0.0,0.0,0.0,0.0,0.0,0.0,0.0,0.0,0.0,0.0,0.0,0.0,2320.185860618949
334,20040000000000,3.0,10.0,4.506802721088436,4.0,7.0,588,24.0,24.0,24.0,24.0,24.0,588,0.0,0.0,0.0,0.0,0.0,588,3.0,10.0,4.506802721088436,4.0,7.0,588,0.0,0.0,0.0,0.0,0.0,0,0.0,0.0,0.0,0.0,0.0,0,1.0,1.0,1.0,1.0,1.0,552,0.9999999999999996,1.0000000000000002,1.0,1.0,1.0000000000000002,552,1.0,1.7,1.0221375657099099,1.0,1.1596153846153838,552,0.9999999999999996,1.0000000000000002,1.0,1.0,1.0000000000000002,552,552.0,0.0,0.0,0.0,552.0,552.0,0.0,0.0,0.0,0.0,0.0,0.0,1.0,0.0,0.0,298.2404064387083,588.0,588.0,28812.0,7056.0,24.0,24.0,512.0,516.0,82.59863945578232,96.0,0.0,0.0,0.0,133836.0,0.0,0.0,0.0,0.0,0.0,0.0,0.0,0.0,0.0,0.0,0.0,0.0,0.0,0.0,0.0,0.0,2190.0788620114326
335,20100000000000,3.0,10.0,4.51360544217687,4.0,7.0,588,24.0,24.0,24.0,24.0,24.0,588,0.0,0.0,0.0,0.0,0.0,588,3.0,10.0,4.51360544217687,4.0,7.0,588,0.0,0.0,0.0,0.0,0.0,0,0.0,0.0,0.0,0.0,0.0,0,1.0,1.0,1.0,1.0,1.0,552,0.9999999999999997,1.0000000000000004,1.0,1.0,1.0000000000000002,552,1.0,1.7,1.0257751062306297,1.0,1.2,552,0.9999999999999997,1.0000000000000004,1.0,1.0,1.0000000000000002,552,552.0,0.0,0.0,0.0,552.0,552.0,0.0,0.0,0.0,0.0,0.0,0.0,1.0,0.0,0.0,297.23730497062206,588.0,588.0,28812.0,7056.0,24.0,24.0,516.0,520.0,79.58333333333333,92.0,0.0,0.0,0.0,135010.0,0.0,0.0,0.0,0.0,0.0,0.0,0.0,0.0,0.0,0.0,0.0,0.0,0.0,0.0,0.0,0.0,2312.993725761771
336,20160000000000,3.0,10.0,4.505102040816326,4.0,7.0,588,24.0,24.0,24.0,24.0,24.0,588,0.0,0.0,0.0,0.0,0.0,588,3.0,10.0,4.505102040816326,4.0,7.0,588,0.0,0.0,0.0,0.0,0.0,0,0.0,0.0,0.0,0.0,0.0,0,1.0,1.0,1.0,1.0,1.0,552,0.9999999999999997,1.0000000000000002,1.0,1.0,1.0000000000000002,552,1.0,1.7,1.0221618076309638,1.0,1.153571428571427,552,0.9999999999999997,1.0000000000000002,1.0,1.0,1.0000000000000002,552,552.0,0.0,0.0,0.0,552.0,552.0,0.0,0.0,0.0,0.0,0.0,0.0,1.0,0.0,0.0,302.00684256851673,588.0,588.0,28812.0,7056.0,24.0,24.0,511.0,515.0,85.39115646258503,96.0,0.0,0.0,0.0,133836.0,0.0,0.0,0.0,0.0,0.0,0.0,0.0,0.0,0.0,0.0,0.0,0.0,0.0,0.0,0.0,0.0,2364.0431202948093
337,20220000000000,3.0,10.0,4.505102040816326,4.0,7.0,588,24.0,24.0,24.0,24.0,24.0,588,0.0,0.0,0.0,0.0,0.0,588,3.0,10.0,4.505102040816326,4.0,7.0,588,0.0,0.0,0.0,0.0,0.0,0,0.0,0.0,0.0,0.0,0.0,0,1.0,1.0,1.0,1.0,1.0,552,0.9999999999999997,1.0000000000000004,1.0,1.0,1.0000000000000002,552,1.0,1.7,1.0251020095252286,1.0,1.1666666666666667,552,0.9999999999999997,1.0000000000000004,1.0,1.0,1.0000000000000002,552,552.0,0.0,0.0,0.0,552.0,552.0,0.0,0.0,0.0,0.0,0.0,0.0,1.0,0.0,0.0,300.91716162860394,588.0,588.0,28812.0,7056.0,24.0,24.0,511.0,515.0,79.1139455782313,92.0,0.0,0.0,0.0,135010.0,0.0,0.0,0.0,0.0,0.0,0.0,0.0,0.0,0.0,0.0,0.0,0.0,0.0,0.0,0.0,0.0,2260.540323331952
338,20280000000000,3.0,10.0,4.520408163265306,4.0,7.0,588,24.0,24.0,24.0,24.0,24.0,588,0.0,0.0,0.0,0.0,0.0,588,3.0,10.0,4.520408163265306,4.0,7.0,588,0.0,0.0,0.0,0.0,0.0,0,0.0,0.0,0.0,0.0,0.0,0,1.0,1.0,1.0,1.0,1.0,552,0.9999999999999996,1.0000000000000002,1.0,1.0,1.0000000000000002,552,1.0,1.7,1.024997169421756,1.0,1.1666666666666667,552,0.9999999999999996,1.0000000000000002,1.0,1.0,1.0000000000000002,552,552.0,0.0,0.0,0.0,552.0,552.0,0.0,0.0,0.0,0.0,0.0,0.0,1.0,0.0,0.0,304.0178958326578,588.0,588.0,28812.0,7056.0,24.0,24.0,520.0,524.0,84.91326530612245,96.0,0.0,0.0,0.0,136771.0,0.0,0.0,0.0,0.0,0.0,0.0,0.0,0.0,0.0,0.0,0.0,0.0,0.0,0.0,0.0,0.0,2332.9546824097633
339,20340000000000,3.0,10.0,4.508503401360544,4.0,7.0,588,24.0,24.0,24.0,24.0,24.0,588,0.0,0.0,0.0,0.0,0.0,588,3.0,10.0,4.508503401360544,4.0,7.0,588,0.0,0.0,0.0,0.0,0.0,0,0.0,0.0,0.0,0.0,0.0,0,1.0,1.0,1.0,1.0,1.0,552,0.9999999999999997,1.0000000000000002,1.0,1.0,1.0000000000000002,552,1.0,1.7,1.0232676708266732,1.0,1.1710784313725484,552,0.9999999999999997,1.0000000000000002,1.0,1.0,1.0000000000000002,552,552.0,0.0,0.0,0.0,552.0,552.0,0.0,0.0,0.0,0.0,0.0,0.0,1.0,0.0,0.0,296.7667058110237,588.0,588.0,28812.0,7056.0,24.0,24.0,513.0,517.0,79.7295918367347,92.0,0.0,0.0,0.0,133249.0,0.0,0.0,0.0,0.0,0.0,0.0,0.0,0.0,0.0,0.0,0.0,0.0,0.0,0.0,0.0,0.0,2172.412419691682
340,20400000000000,3.0,10.0,4.508503401360544,4.0,7.0,588,24.0,24.0,24.0,24.0,24.0,588,0.0,0.0,0.0,0.0,0.0,588,3.0,10.0,4.508503401360544,4.0,7.0,588,0.0,0.0,0.0,0.0,0.0,0,0.0,0.0,0.0,0.0,0.0,0,1.0,1.0,1.0,1.0,1.0,552,0.9999999999999998,1.0000000000000002,1.0,1.0,1.0000000000000002,552,1.0,1.7,1.021642582934059,1.0,1.1734848484848475,552,0.9999999999999998,1.0000000000000002,1.0,1.0,1.0000000000000002,552,552.0,0.0,0.0,0.0,552.0,552.0,0.0,0.0,0.0,0.0,0.0,0.0,1.0,0.0,0.0,295.21265625953674,588.0,588.0,28812.0,7056.0,24.0,24.0,513.0,517.0,84.66666666666667,96.0,0.0,0.0,0.0,135010.0,0.0,0.0,0.0,0.0,0.0,0.0,0.0,0.0,0.0,0.0,0.0,0.0,0.0,0.0,0.0,0.0,2364.5622227340937
341,20460000000000,3.0,10.0,4.51530612244898,4.0,7.0,588,24.0,24.0,24.0,24.0,24.0,588,0.0,0.0,0.0,0.0,0.0,588,3.0,10.0,4.51530612244898,4.0,7.0,588,0.0,0.0,0.0,0.0,0.0,0,0.0,0.0,0.0,0.0,0.0,0,1.0,1.0,1.0,1.0,1.0,552,0.9999999999999997,1.0000000000000002,1.0,1.0,1.0000000000000002,552,1.0,1.7,1.0219747481950505,1.0,1.1666666666666667,552,0.9999999999999997,1.0000000000000002,1.0,1.0,1.0000000000000002,552,552.0,0.0,0.0,0.0,552.0,552.0,0.0,0.0,0.0,0.0,0.0,0.0,1.0,0.0,0.0,301.2798707932234,588.0,588.0,28812.0,7056.0,24.0,24.0,517.0,521.0,81.07142857142857,96.0,0.0,0.0,0.0,133836.0,0.0,0.0,0.0,0.0,0.0,0.0,0.0,0.0,0.0,0.0,0.0,0.0,0.0,0.0,0.0,0.0,2337.8508388996124
342,20520000000000,3.0,10.0,4.4982993197278915,4.0,7.0,588,24.0,24.0,24.0,24.0,24.0,588,0.0,0.0,0.0,0.0,0.0,588,3.0,10.0,4.4982993197278915,4.0,7.0,588,0.0,0.0,0.0,0.0,0.0,0,0.0,0.0,0.0,0.0,0.0,0,1.0,1.0,1.0,1.0,1.0,552,0.9999999999999997,1.0000000000000004,1.0,1.0,1.0000000000000002,552,1.0,1.7,1.0213396987808219,1.0,1.1666666666666667,552,0.9999999999999997,1.0000000000000004,1.0,1.0,1.0000000000000002,552,552.0,0.0,0.0,0.0,552.0,552.0,0.0,0.0,0.0,0.0,0.0,0.0,1.0,0.0,0.0,294.36911828815937,588.0,588.0,28812.0,7056.0,24.0,24.0,507.0,511.0,84.1938775510204,96.0,0.0,0.0,0.0,135010.0,0.0,0.0,0.0,0.0,0.0,0.0,0.0,0.0,0.0,0.0,0.0,0.0,0.0,0.0,0.0,0.0,2217.619275674224
343,20580000000000,3.0,10.0,4.510204081632653,4.0,7.0,588,24.0,24.0,24.0,24.0,24.0,588,0.0,0.0,0.0,0.0,0.0,588,3.0,10.0,4.510204081632653,4.0,7.0,588,0.0,0.0,0.0,0.0,0.0,0,0.0,0.0,0.0,0.0,0.0,0,1.0,1.0,1.0,1.0,1.0,552,0.9999999999999997,1.0000000000000004,1.0,1.0,1.0000000000000002,552,1.0,1.7,1.023085369805145,1.0,1.1818181818181819,552,0.9999999999999997,1.0000000000000004,1.0,1.0,1.0000000000000002,552,552.0,0.0,0.0,0.0,552.0,552.0,0.0,0.0,0.0,0.0,0.0,0.0,1.0,0.0,0.0,300.4215359687805,588.0,588.0,28812.0,7056.0,24.0,24.0,514.0,518.0,84.23299319727892,96.0,0.0,0.0,0.0,132662.0,0.0,0.0,0.0,0.0,0.0,0.0,0.0,0.0,0.0,0.0,0.0,0.0,0.0,0.0,0.0,0.0,2360.772728919983
344,20640000000000,3.0,10.0,4.5,4.0,7.0,588,24.0,24.0,24.0,24.0,24.0,588,0.0,0.0,0.0,0.0,0.0,588,3.0,10.0,4.5,4.0,7.0,588,0.0,0.0,0.0,0.0,0.0,0,0.0,0.0,0.0,0.0,0.0,0,1.0,1.0,1.0,1.0,1.0,552,0.9999999999999997,1.0000000000000002,1.0,1.0,1.0000000000000002,552,1.0,1.8,1.025385818541267,1.0,1.1818181818181819,552,0.9999999999999997,1.0000000000000002,1.0,1.0,1.0000000000000002,552,552.0,0.0,0.0,0.0,552.0,552.0,0.0,0.0,0.0,0.0,0.0,0.0,1.0,0.0,0.0,299.6008675545454,588.0,588.0,28812.0,7056.0,24.0,24.0,508.0,512.0,81.45748299319727,96.0,0.0,0.0,0.0,134423.0,0.0,0.0,0.0,0.0,0.0,0.0,0.0,0.0,0.0,0.0,0.0,0.0,0.0,0.0,0.0,0.0,2297.143168747425
345,20700000000000,3.0,10.0,4.517006802721088,4.0,7.0,588,24.0,24.0,24.0,24.0,24.0,588,0.0,0.0,0.0,0.0,0.0,588,3.0,10.0,4.517006802721088,4.0,7.0,588,0.0,0.0,0.0,0.0,0.0,0,0.0,0.0,0.0,0.0,0.0,0,1.0,1.0,1.0,1.0,1.0,552,0.9999999999999996,1.0000000000000004,1.0,1.0,1.0000000000000002,552,1.0,1.7,1.0249096390225239,1.0,1.1818181818181819,552,0.9999999999999996,1.0000000000000004,1.0,1.0,1.0000000000000002,552,552.0,0.0,0.0,0.0,552.0,552.0,0.0,0.0,0.0,0.0,0.0,0.0,1.0,0.0,0.0,299.8132538050413,588.0,588.0,28812.0,7056.0,24.0,24.0,518.0,522.0,84.49319727891157,96.0,0.0,0.0,0.0,135010.0,0.0,0.0,0.0,0.0,0.0,0.0,0.0,0.0,0.0,0.0,0.0,0.0,0.0,0.0,0.0,0.0,2313.425524160266
346,20760000000000,3.0,10.0,4.51530612244898,4.0,7.0,588,24.0,24.0,24.0,24.0,24.0,588,0.0,0.0,0.0,0.0,0.0,588,3.0,10.0,4.51530612244898,4.0,7.0,588,0.0,0.0,0.0,0.0,0.0,0,0.0,0.0,0.0,0.0,0.0,0,1.0,1.0,1.0,1.0,1.0,552,0.9999999999999997,1.0000000000000002,1.0,1.0,1.0000000000000002,552,1.0,1.7,1.0220169901062015,1.0,1.1666666666666667,552,0.9999999999999997,1.0000000000000002,1.0,1.0,1.0000000000000002,552,552.0,0.0,0.0,0.0,552.0,552.0,0.0,0.0,0.0,0.0,0.0,0.0,1.0,0.0,0.0,306.1572406440973,588.0,588.0,28812.0,7056.0,24.0,24.0,517.0,521.0,80.74489795918367,96.0,0.0,0.0,0.0,134423.0,0.0,0.0,0.0,0.0,0.0,0.0,0.0,0.0,0.0,0.0,0.0,0.0,0.0,0.0,0.0,0.0,2369.306731969118
347,20820000000000,3.0,10.0,4.508503401360544,4.0,7.0,588,24.0,24.0,24.0,24.0,24.0,588,0.0,0.0,0.0,0.0,0.0,588,3.0,10.0,4.508503401360544,4.0,7.0,588,0.0,0.0,0.0,0.0,0.0,0,0.0,0.0,0.0,0.0,0.0,0,1.0,1.0,1.0,1.0,1.0,552,0.9999999999999997,1.0000000000000002,1.0,1.0,1.0000000000000002,552,1.0,1.7,1.0240296192832286,1.0,1.1899999999999988,552,0.9999999999999997,1.0000000000000002,1.0,1.0,1.0000000000000002,552,552.0,0.0,0.0,0.0,552.0,552.0,0.0,0.0,0.0,0.0,0.0,0.0,1.0,0.0,0.0,302.0961061120033,588.0,588.0,28812.0,7056.0,24.0,24.0,513.0,517.0,85.2295918367347,96.0,0.0,0.0,0.0,135010.0,0.0,0.0,0.0,0.0,0.0,0.0,0.0,0.0,0.0,0.0,0.0,0.0,0.0,0.0,0.0,0.0,2192.6062740385532
348,20880000000000,3.0,10.0,4.511904761904762,4.0,7.0,588,24.0,24.0,24.0,24.0,24.0,588,0.0,0.0,0.0,0.0,0.0,588,3.0,10.0,4.511904761904762,4.0,7.0,588,0.0,0.0,0.0,0.0,0.0,0,0.0,0.0,0.0,0.0,0.0,0,1.0,1.0,1.0,1.0,1.0,552,0.9999999999999998,1.0000000000000002,1.0,1.0,1.0000000000000002,552,1.0,1.7,1.0213772656562825,1.0,1.1666666666666667,552,0.9999999999999998,1.0000000000000002,1.0,1.0,1.0000000000000002,552,552.0,0.0,0.0,0.0,552.0,552.0,0.0,0.0,0.0,0.0,0.0,0.0,1.0,0.0,0.0,302.93701216578484,588.0,588.0,28812.0,7056.0,24.0,24.0,515.0,519.0,80.87414965986395,96.0,0.0,0.0,0.0,133836.0,0.0,0.0,0.0,0.0,0.0,0.0,0.0,0.0,0.0,0.0,0.0,0.0,0.0,0.0,0.0,0.0,2438.469449058175
349,20940000000000,3.0,10.0,4.508503401360544,4.0,7.0,588,24.0,24.0,24.0,24.0,24.0,588,0.0,0.0,0.0,0.0,0.0,588,3.0,10.0,4.508503401360544,4.0,7.0,588,0.0,0.0,0.0,0.0,0.0,0,0.0,0.0,0.0,0.0,0.0,0,1.0,1.0,1.0,1.0,1.0,552,0.9999999999999997,1.0000000000000002,1.0,1.0,1.0000000000000002,552,1.0,1.7,1.0214140623006638,1.0,1.1818181818181819,552,0.9999999999999997,1.0000000000000002,1.0,1.0,1.0000000000000002,552,552.0,0.0,0.0,0.0,552.0,552.0,0.0,0.0,0.0,0.0,0.0,0.0,1.0,0.0,0.0,302.0679075270891,588.0,588.0,28812.0,7056.0,24.0,24.0,513.0,517.0,84.08673469387755,96.0,0.0,0.0,0.0,135597.0,0.0,0.0,0.0,0.0,0.0,0.0,0.0,0.0,0.0,0.0,0.0,0.0,0.0,0.0,0.0,0.0,2342.264110222459
350,21000000000000,3.0,10.0,4.506802721088436,4.0,7.0,588,24.0,24.0,24.0,24.0,24.0,588,0.0,0.0,0.0,0.0,0.0,588,3.0,10.0,4.506802721088436,4.0,7.0,588,0.0,0.0,0.0,0.0,0.0,0,0.0,0.0,0.0,0.0,0.0,0,1.0,1.0,1.0,1.0,1.0,552,0.9999999999999996,1.0000000000000002,1.0,1.0,1.0000000000000002,552,1.0,1.7,1.0205729771236984,1.0,1.1496240601503749,552,0.9999999999999996,1.0000000000000002,1.0,1.0,1.0000000000000002,552,552.0,0.0,0.0,0.0,552.0,552.0,0.0,0.0,0.0,0.0,0.0,0.0,1.0,0.0,0.0,288.87129575014114,588.0,588.0,28812.0,7056.0,24.0,24.0,512.0,516.0,79.41156462585035,92.0,0.0,0.0,0.0,132662.0,0.0,0.0,0.0,0.0,0.0,0.0,0.0,0.0,0.0,0.0,0.0,0.0,0.0,0.0,0.0,0.0,2134.8902247846127
351,21060000000000,3.0,10.0,4.505102040816326,4.0,7.0,588,24.0,24.0,24.0,24.0,24.0,588,0.0,0.0,0.0,0.0,0.0,588,3.0,10.0,4.505102040816326,4.0,7.0,588,0.0,0.0,0.0,0.0,0.0,0,0.0,0.0,0.0,0.0,0.0,0,1.0,1.0,1.0,1.0,1.0,552,0.9999999999999998,1.0000000000000004,1.0,1.0,1.0000000000000002,552,1.0,1.7,1.0231316074018237,1.0,1.1818181818181819,552,0.9999999999999998,1.0000000000000004,1.0,1.0,1.0000000000000002,552,552.0,0.0,0.0,0.0,552.0,552.0,0.0,0.0,0.0,0.0,0.0,0.0,1.0,0.0,0.0,306.19187094271183,588.0,588.0,28812.0,7056.0,24.0,24.0,511.0,515.0,83.71088435374149,96.0,0.0,0.0,0.0,135010.0,0.0,0.0,0.0,0.0,0.0,0.0,0.0,0.0,0.0,0.0,0.0,0.0,0.0,0.0,0.0,0.0,2334.614295512438
352,21120000000000,3.0,10.0,4.506802721088436,4.0,7.0,588,24.0,24.0,24.0,24.0,24.0,588,0.0,0.0,0.0,0.0,0.0,588,3.0,10.0,4.506802721088436,4.0,7.0,588,0.0,0.0,0.0,0.0,0.0,0,0.0,0.0,0.0,0.0,0.0,0,1.0,1.0,1.0,1.0,1.0,552,0.9999999999999997,1.0000000000000002,1.0,1.0,1.0000000000000002,552,1.0,1.7,1.0242386147695852,1.0,1.1818181818181819,552,0.9999999999999997,1.0000000000000002,1.0,1.0,1.0000000000000002,552,552.0,0.0,0.0,0.0,552.0,552.0,0.0,0.0,0.0,0.0,0.0,0.0,1.0,0.0,0.0,297.1320729702711,588.0,588.0,28812.0,7056.0,24.0,24.0,512.0,516.0,83.50680272108843,96.0,0.0,0.0,0.0,133836.0,0.0,0.0,0.0,0.0,0.0,0.0,0.0,0.0,0.0,0.0,0.0,0.0,0.0,0.0,0.0,0.0,2238.0668502300978
353,21180000000000,3.0,10.0,4.510204081632653,4.0,7.0,588,24.0,24.0,24.0,24.0,24.0,588,0.0,0.0,0.0,0.0,0.0,588,3.0,10.0,4.510204081632653,4.0,7.0,588,0.0,0.0,0.0,0.0,0.0,0,0.0,0.0,0.0,0.0,0.0,0,1.0,1.0,1.0,1.0,1.0,552,0.9999999999999997,1.0000000000000004,1.0,1.0,1.0000000000000002,552,1.0,1.6,1.0203443415008924,1.0,1.1666666666666667,552,0.9999999999999997,1.0000000000000004,1.0,1.0,1.0000000000000002,552,552.0,0.0,0.0,0.0,552.0,552.0,0.0,0.0,0.0,0.0,0.0,0.0,1.0,0.0,0.0,290.72453640401363,588.0,588.0,28812.0,7056.0,24.0,24.0,514.0,518.0,83.40986394557824,96.0,0.0,0.0,0.0,134423.0,0.0,0.0,0.0,0.0,0.0,0.0,0.0,0.0,0.0,0.0,0.0,0.0,0.0,0.0,0.0,0.0,2245.1444659382105
354,21240000000000,3.0,10.0,4.496598639455782,4.0,7.0,588,24.0,24.0,24.0,24.0,24.0,588,0.0,0.0,0.0,0.0,0.0,588,3.0,10.0,4.496598639455782,4.0,7.0,588,0.0,0.0,0.0,0.0,0.0,0,0.0,0.0,0.0,0.0,0.0,0,1.0,1.0,1.0,1.0,1.0,552,0.9999999999999997,1.0000000000000002,1.0,1.0,1.0000000000000002,552,1.0,1.7,1.0248056700245756,1.0,1.1818181818181819,552,0.9999999999999997,1.0000000000000002,1.0,1.0,1.0000000000000002,552,552.0,0.0,0.0,0.0,552.0,552.0,0.0,0.0,0.0,0.0,0.0,0.0,1.0,0.0,0.0,295.3457497060299,588.0,588.0,28812.0,7056.0,24.0,24.0,506.0,510.0,84.57993197278911,96.0,0.0,0.0,0.0,133249.0,0.0,0.0,0.0,0.0,0.0,0.0,0.0,0.0,0.0,0.0,0.0,0.0,0.0,0.0,0.0,0.0,2273.311920464039
355,21300000000000,3.0,10.0,4.51360544217687,4.0,7.0,588,24.0,24.0,24.0,24.0,24.0,588,0.0,0.0,0.0,0.0,0.0,588,3.0,10.0,4.51360544217687,4.0,7.0,588,0.0,0.0,0.0,0.0,0.0,0,0.0,0.0,0.0,0.0,0.0,0,1.0,1.0,1.0,1.0,1.0,552,0.9999999999999997,1.0000000000000002,1.0,1.0,1.0000000000000002,552,1.0,1.7,1.021777556471004,1.0,1.1618421052631573,552,0.9999999999999997,1.0000000000000002,1.0,1.0,1.0000000000000002,552,552.0,0.0,0.0,0.0,552.0,552.0,0.0,0.0,0.0,0.0,0.0,0.0,1.0,0.0,0.0,290.1137303560972,588.0,588.0,28812.0,7056.0,24.0,24.0,516.0,520.0,83.26190476190476,96.0,0.0,0.0,0.0,136184.0,0.0,0.0,0.0,0.0,0.0,0.0,0.0,0.0,0.0,0.0,0.0,0.0,0.0,0.0,0.0,0.0,2094.3942219018936
356,21360000000000,3.0,10.0,4.506802721088436,4.0,7.0,588,24.0,24.0,24.0,24.0,24.0,588,0.0,0.0,0.0,0.0,0.0,588,3.0,10.0,4.506802721088436,4.0,7.0,588,0.0,0.0,0.0,0.0,0.0,0,0.0,0.0,0.0,0.0,0.0,0,1.0,1.0,1.0,1.0,1.0,552,0.9999999999999997,1.0000000000000004,1.0,1.0,1.0000000000000002,552,1.0,1.5,1.021134450106847,1.0,1.1734848484848475,552,0.9999999999999997,1.0000000000000004,1.0,1.0,1.0000000000000002,552,552.0,0.0,0.0,0.0,552.0,552.0,0.0,0.0,0.0,0.0,0.0,0.0,1.0,0.0,0.0,293.3188918977976,588.0,588.0,28812.0,7056.0,24.0,24.0,512.0,516.0,84.60714285714286,96.0,0.0,0.0,0.0,135597.0,0.0,0.0,0.0,0.0,0.0,0.0,0.0,0.0,0.0,0.0,0.0,0.0,0.0,0.0,0.0,0.0,2292.0871637761593
357,21420000000000,3.0,10.0,4.5187074829931975,4.0,7.0,588,24.0,24.0,24.0,24.0,24.0,588,0.0,0.0,0.0,0.0,0.0,588,3.0,10.0,4.5187074829931975,4.0,7.0,588,0.0,0.0,0.0,0.0,0.0,0,0.0,0.0,0.0,0.0,0.0,0,1.0,1.0,1.0,1.0,1.0,552,0.9999999999999998,1.0000000000000004,1.0,1.0,1.0000000000000002,552,1.0,1.7,1.0224395645219189,1.0,1.1517307692307688,552,0.9999999999999998,1.0000000000000004,1.0,1.0,1.0000000000000002,552,552.0,0.0,0.0,0.0,552.0,552.0,0.0,0.0,0.0,0.0,0.0,0.0,1.0,0.0,0.0,292.52250120043755,588.0,588.0,28812.0,7056.0,24.0,24.0,519.0,523.0,81.89115646258503,96.0,0.0,0.0,0.0,137945.0,0.0,0.0,0.0,0.0,0.0,0.0,0.0,0.0,0.0,0.0,0.0,0.0,0.0,0.0,0.0,0.0,2256.342876702547
358,21480000000000,3.0,10.0,4.51530612244898,4.0,7.0,588,24.0,24.0,24.0,24.0,24.0,588,0.0,0.0,0.0,0.0,0.0,588,3.0,10.0,4.51530612244898,4.0,7.0,588,0.0,0.0,0.0,0.0,0.0,0,0.0,0.0,0.0,0.0,0.0,0,1.0,1.0,1.0,1.0,1.0,552,0.9999999999999997,1.0000000000000002,1.0,1.0,1.0000000000000002,552,1.0,1.5,1.0194720416108267,1.0,1.1666666666666667,552,0.9999999999999997,1.0000000000000002,1.0,1.0,1.0000000000000002,552,552.0,0.0,0.0,0.0,552.0,552.0,0.0,0.0,0.0,0.0,0.0,0.0,1.0,0.0,0.0,296.4800037443638,588.0,588.0,28812.0,7056.0,24.0,24.0,517.0,521.0,83.55442176870748,96.0,0.0,0.0,0.0,136771.0,0.0,0.0,0.0,0.0,0.0,0.0,0.0,0.0,0.0,0.0,0.0,0.0,0.0,0.0,0.0,0.0,2237.158114090562
359,21540000000000,3.0,10.0,4.5,4.0,7.0,588,24.0,24.0,24.0,24.0,24.0,588,0.0,0.0,0.0,0.0,0.0,588,3.0,10.0,4.5,4.0,7.0,588,0.0,0.0,0.0,0.0,0.0,0,0.0,0.0,0.0,0.0,0.0,0,1.0,1.0,1.0,1.0,1.0,552,0.9999999999999996,1.0000000000000002,1.0,1.0,1.0000000000000002,552,1.0,1.7,1.020577946015133,1.0,1.1517307692307688,552,0.9999999999999996,1.0000000000000002,1.0,1.0,1.0000000000000002,552,552.0,0.0,0.0,0.0,552.0,552.0,0.0,0.0,0.0,0.0,0.0,0.0,1.0,0.0,0.0,296.0246838629246,588.0,588.0,28812.0,7056.0,24.0,24.0,508.0,512.0,83.55272108843538,96.0,0.0,0.0,0.0,133249.0,0.0,0.0,0.0,0.0,0.0,0.0,0.0,0.0,0.0,0.0,0.0,0.0,0.0,0.0,0.0,0.0,2249.7289907187223
