time_index,time_since_epoch_ns,fstate_size_min,fstate_size_max,fstate_size_mean,fstate_size_median,fstate_size_p95,fstate_size_count,strict_header_bytes_min,strict_header_bytes_max,strict_header_bytes_mean,strict_header_bytes_median,strict_header_bytes_p95,strict_header_bytes_count,srv6_srh_bytes_min,srv6_srh_bytes_max,srv6_srh_bytes_mean,srv6_srh_bytes_median,srv6_srh_bytes_p95,srv6_srh_bytes_count,stretch_hop_min,stretch_hop_max,stretch_hop_mean,stretch_hop_median,stretch_hop_p95,stretch_hop_count,stretch_dist_min,stretch_dist_max,stretch_dist_mean,stretch_dist_median,stretch_dist_p95,stretch_dist_count,explicit_failover_count,explicit_failover_delivered_count,explicit_failover_delivered_rate,explicit_failover_protected_repair_count,explicit_failover_protected_repair_rate,explicit_failover_broken_adj_count,explicit_failover_broken_adj_rate,explicit_failover_egress_not_visible_count,explicit_failover_egress_not_visible_rate,explicit_failover_dynamic_egress_repair_count,explicit_failover_dynamic_egress_repair_rate,explicit_failover_dynamic_egress_unavailable_count,explicit_failover_dynamic_egress_unavailable_rate,compute_time_ms
0,0,4.0,10.0,4.635802469135802,4.0,7.0,648,0.0,0.0,0.0,0.0,0.0,0,0.0,0.0,0.0,0.0,0.0,0,1.0,1.0,1.0,1.0,1.0,552,0.9999999999999997,1.0000000000000004,1.0,1.0,1.0000000000000002,552,0.0,0.0,0.0,0.0,0.0,0.0,0.0,0.0,0.0,0.0,0.0,0.0,0.0,1359.7471380007846
1,10000200000,4.0,10.0,4.6342592592592595,4.0,7.0,648,0.0,0.0,0.0,0.0,0.0,0,0.0,0.0,0.0,0.0,0.0,0,1.0,1.0,1.0,1.0,1.0,552,0.9999999999999998,1.0000000000000004,1.0,1.0,1.0000000000000002,552,0.0,0.0,0.0,0.0,0.0,0.0,0.0,0.0,0.0,0.0,0.0,0.0,0.0,1259.255076000045
2,20000400000,4.0,10.0,4.638888888888889,4.0,7.0,648,0.0,0.0,0.0,0.0,0.0,0,0.0,0.0,0.0,0.0,0.0,0,1.0,1.0,1.0,1.0,1.0,552,0.9999999999999997,1.0000000000000002,1.0,1.0,1.0000000000000002,552,0.0,0.0,0.0,0.0,0.0,0.0,0.0,0.0,0.0,0.0,0.0,0.0,0.0,1238.3737700001802
3,30000600000,4.0,10.0,4.637345679012346,4.0,7.0,648,0.0,0.0,0.0,0.0,0.0,0,0.0,0.0,0.0,0.0,0.0,0,1.0,1.0,1.0,1.0,1.0,552,0.9999999999999997,1.0000000000000002,1.0,1.0,1.0000000000000002,552,0.0,0.0,0.0,0.0,0.0,0.0,0.0,0.0,0.0,0.0,0.0,0.0,0.0,1252.680866999981
4,40000800000,4.0,10.0,4.632716049382716,4.0,7.0,648,0.0,0.0,0.0,0.0,0.0,0,0.0,0.0,0.0,0.0,0.0,0,1.0,1.0,1.0,1.0,1.0,552,0.9999999999999997,1.0000000000000002,1.0,1.0,1.0000000000000002,552,0.0,0.0,0.0,0.0,0.0,0.0,0.0,0.0,0.0,0.0,0.0,0.0,0.0,1257.9137590000755
5,50001000000,4.0,10.0,4.637345679012346,4.0,7.0,648,0.0,0.0,0.0,0.0,0.0,0,0.0,0.0,0.0,0.0,0.0,0,1.0,1.0,1.0,1.0,1.0,552,0.9999999999999996,1.0000000000000004,1.0,1.0,1.0000000000000002,552,0.0,0.0,0.0,0.0,0.0,0.0,0.0,0.0,0.0,0.0,0.0,0.0,0.0,1242.534156000147
6,60001200000,4.0,10.0,4.6419753086419755,4.0,7.0,648,0.0,0.0,0.0,0.0,0.0,0,0.0,0.0,0.0,0.0,0.0,0,1.0,1.0,1.0,1.0,1.0,552,0.9999999999999997,1.0000000000000002,1.0,1.0,1.0000000000000002,552,0.0,0.0,0.0,0.0,0.0,0.0,0.0,0.0,0.0,0.0,0.0,0.0,0.0,1307.2911440003736
7,70001400000,4.0,10.0,4.6419753086419755,4.0,7.0,648,0.0,0.0,0.0,0.0,0.0,0,0.0,0.0,0.0,0.0,0.0,0,1.0,1.0,1.0,1.0,1.0,552,0.9999999999999997,1.0000000000000002,1.0,1.0,1.0000000000000002,552,0.0,0.0,0.0,0.0,0.0,0.0,0.0,0.0,0.0,0.0,0.0,0.0,0.0,1221.464578999985
8,80001600000,4.0,10.0,4.648148148148148,4.0,7.0,648,0.0,0.0,0.0,0.0,0.0,0,0.0,0.0,0.0,0.0,0.0,0,1.0,1.0,1.0,1.0,1.0,552,0.9999999999999997,1.0000000000000002,1.0,1.0,1.0000000000000002,552,0.0,0.0,0.0,0.0,0.0,0.0,0.0,0.0,0.0,0.0,0.0,0.0,0.0,1281.0282950003966
9,90001800000,4.0,10.0,4.652777777777778,4.0,7.0,648,0.0,0.0,0.0,0.0,0.0,0,0.0,0.0,0.0,0.0,0.0,0,1.0,1.0,1.0,1.0,1.0,552,0.9999999999999996,1.0000000000000004,1.0,1.0,1.0000000000000002,552,0.0,0.0,0.0,0.0,0.0,0.0,0.0,0.0,0.0,0.0,0.0,0.0,0.0,1320.22076299927
10,100002000000,4.0,10.0,4.6496913580246915,4.0,7.0,648,0.0,0.0,0.0,0.0,0.0,0,0.0,0.0,0.0,0.0,0.0,0,1.0,1.0,1.0,1.0,1.0,552,0.9999999999999997,1.0000000000000004,1.0,1.0,1.0000000000000002,552,0.0,0.0,0.0,0.0,0.0,0.0,0.0,0.0,0.0,0.0,0.0,0.0,0.0,1282.757030000539
11,110002200000,4.0,10.0,4.638888888888889,4.0,7.0,648,0.0,0.0,0.0,0.0,0.0,0,0.0,0.0,0.0,0.0,0.0,0,1.0,1.0,1.0,1.0,1.0,552,0.9999999999999997,1.0000000000000002,1.0,1.0,1.0000000000000002,552,0.0,0.0,0.0,0.0,0.0,0.0,0.0,0.0,0.0,0.0,0.0,0.0,0.0,1198.55322300009
12,120002400000,4.0,10.0,4.6419753086419755,4.0,7.0,648,0.0,0.0,0.0,0.0,0.0,0,0.0,0.0,0.0,0.0,0.0,0,1.0,1.0,1.0,1.0,1.0,552,0.9999999999999997,1.0000000000000002,1.0,1.0,1.0,552,0.0,0.0,0.0,0.0,0.0,0.0,0.0,0.0,0.0,0.0,0.0,0.0,0.0,1187.4186929999269
13,130002600000,4.0,10.0,4.6342592592592595,4.0,7.0,648,0.0,0.0,0.0,0.0,0.0,0,0.0,0.0,0.0,0.0,0.0,0,1.0,1.0,1.0,1.0,1.0,552,0.9999999999999997,1.0000000000000002,1.0,1.0,1.0000000000000002,552,0.0,0.0,0.0,0.0,0.0,0.0,0.0,0.0,0.0,0.0,0.0,0.0,0.0,1160.718531999919
14,140002800000,4.0,10.0,4.625,4.0,7.0,648,0.0,0.0,0.0,0.0,0.0,0,0.0,0.0,0.0,0.0,0.0,0,1.0,1.0,1.0,1.0,1.0,552,0.9999999999999998,1.0000000000000002,1.0,1.0,1.0000000000000002,552,0.0,0.0,0.0,0.0,0.0,0.0,0.0,0.0,0.0,0.0,0.0,0.0,0.0,1156.253549000212
15,150003000000,4.0,10.0,4.628086419753086,4.0,7.0,648,0.0,0.0,0.0,0.0,0.0,0,0.0,0.0,0.0,0.0,0.0,0,1.0,1.0,1.0,1.0,1.0,552,0.9999999999999997,1.0000000000000004,1.0,1.0,1.0000000000000002,552,0.0,0.0,0.0,0.0,0.0,0.0,0.0,0.0,0.0,0.0,0.0,0.0,0.0,1084.3487989995992
16,160003200000,4.0,10.0,4.640432098765432,4.0,7.0,648,0.0,0.0,0.0,0.0,0.0,0,0.0,0.0,0.0,0.0,0.0,0,1.0,1.0,1.0,1.0,1.0,552,0.9999999999999997,1.0000000000000002,1.0,1.0,1.0000000000000002,552,0.0,0.0,0.0,0.0,0.0,0.0,0.0,0.0,0.0,0.0,0.0,0.0,0.0,1161.2673010004073
17,170003400000,4.0,10.0,4.637345679012346,4.0,7.0,648,0.0,0.0,0.0,0.0,0.0,0,0.0,0.0,0.0,0.0,0.0,0,1.0,1.0,1.0,1.0,1.0,552,0.9999999999999997,1.0000000000000002,1.0,1.0,1.0000000000000002,552,0.0,0.0,0.0,0.0,0.0,0.0,0.0,0.0,0.0,0.0,0.0,0.0,0.0,1083.7866250003572
18,180003600000,4.0,10.0,4.631172839506172,4.0,7.0,648,0.0,0.0,0.0,0.0,0.0,0,0.0,0.0,0.0,0.0,0.0,0,1.0,1.0,1.0,1.0,1.0,552,0.9999999999999996,1.0000000000000002,1.0,1.0,1.0000000000000002,552,0.0,0.0,0.0,0.0,0.0,0.0,0.0,0.0,0.0,0.0,0.0,0.0,0.0,1062.0675469999696
19,190003800000,4.0,10.0,4.637345679012346,4.0,7.0,648,0.0,0.0,0.0,0.0,0.0,0,0.0,0.0,0.0,0.0,0.0,0,1.0,1.0,1.0,1.0,1.0,552,0.9999999999999998,1.0000000000000002,1.0,1.0,1.0000000000000002,552,0.0,0.0,0.0,0.0,0.0,0.0,0.0,0.0,0.0,0.0,0.0,0.0,0.0,1049.1310959996554
20,200004000000,4.0,10.0,4.637345679012346,4.0,7.0,648,0.0,0.0,0.0,0.0,0.0,0,0.0,0.0,0.0,0.0,0.0,0,1.0,1.0,1.0,1.0,1.0,552,0.9999999999999998,1.0000000000000002,1.0,1.0,1.0000000000000002,552,0.0,0.0,0.0,0.0,0.0,0.0,0.0,0.0,0.0,0.0,0.0,0.0,0.0,1127.0581779999702
21,210004200000,4.0,10.0,4.638888888888889,4.0,7.0,648,0.0,0.0,0.0,0.0,0.0,0,0.0,0.0,0.0,0.0,0.0,0,1.0,1.0,1.0,1.0,1.0,552,0.9999999999999998,1.0000000000000002,1.0,1.0,1.0000000000000002,552,0.0,0.0,0.0,0.0,0.0,0.0,0.0,0.0,0.0,0.0,0.0,0.0,0.0,1105.0755410005877
22,220004400000,4.0,10.0,4.643518518518518,4.0,7.0,648,0.0,0.0,0.0,0.0,0.0,0,0.0,0.0,0.0,0.0,0.0,0,1.0,1.0,1.0,1.0,1.0,552,0.9999999999999998,1.0000000000000002,1.0,1.0,1.0000000000000002,552,0.0,0.0,0.0,0.0,0.0,0.0,0.0,0.0,0.0,0.0,0.0,0.0,0.0,1215.108538000095
23,230004600000,4.0,10.0,4.632716049382716,4.0,7.0,648,0.0,0.0,0.0,0.0,0.0,0,0.0,0.0,0.0,0.0,0.0,0,1.0,1.0,1.0,1.0,1.0,552,0.9999999999999997,1.0000000000000002,1.0,1.0,1.0,552,0.0,0.0,0.0,0.0,0.0,0.0,0.0,0.0,0.0,0.0,0.0,0.0,0.0,1041.2094719995366
24,240004800000,4.0,10.0,4.643518518518518,4.0,7.0,648,0.0,0.0,0.0,0.0,0.0,0,0.0,0.0,0.0,0.0,0.0,0,1.0,1.0,1.0,1.0,1.0,552,0.9999999999999998,1.0000000000000002,1.0,1.0,1.0000000000000002,552,0.0,0.0,0.0,0.0,0.0,0.0,0.0,0.0,0.0,0.0,0.0,0.0,0.0,1096.6291919994546
25,250005000000,4.0,10.0,4.651234567901234,4.0,7.0,648,0.0,0.0,0.0,0.0,0.0,0,0.0,0.0,0.0,0.0,0.0,0,1.0,1.0,1.0,1.0,1.0,552,0.9999999999999997,1.0000000000000002,1.0,1.0,1.0000000000000002,552,0.0,0.0,0.0,0.0,0.0,0.0,0.0,0.0,0.0,0.0,0.0,0.0,0.0,1075.976470000569
26,260005200000,4.0,10.0,4.645061728395062,4.0,7.0,648,0.0,0.0,0.0,0.0,0.0,0,0.0,0.0,0.0,0.0,0.0,0,1.0,1.0,1.0,1.0,1.0,552,0.9999999999999996,1.0000000000000002,1.0,1.0,1.0000000000000002,552,0.0,0.0,0.0,0.0,0.0,0.0,0.0,0.0,0.0,0.0,0.0,0.0,0.0,1090.3113519998442
27,270005400000,4.0,10.0,4.646604938271605,4.0,7.0,648,0.0,0.0,0.0,0.0,0.0,0,0.0,0.0,0.0,0.0,0.0,0,1.0,1.0,1.0,1.0,1.0,552,0.9999999999999998,1.0000000000000002,1.0,1.0,1.0000000000000002,552,0.0,0.0,0.0,0.0,0.0,0.0,0.0,0.0,0.0,0.0,0.0,0.0,0.0,1073.049128999628
28,280005600000,4.0,10.0,4.654320987654321,4.0,7.0,648,0.0,0.0,0.0,0.0,0.0,0,0.0,0.0,0.0,0.0,0.0,0,1.0,1.0,1.0,1.0,1.0,552,0.9999999999999998,1.0000000000000002,1.0,1.0,1.0000000000000002,552,0.0,0.0,0.0,0.0,0.0,0.0,0.0,0.0,0.0,0.0,0.0,0.0,0.0,1116.5339629997106
29,290005800000,4.0,10.0,4.652777777777778,4.0,7.0,648,0.0,0.0,0.0,0.0,0.0,0,0.0,0.0,0.0,0.0,0.0,0,1.0,1.0,1.0,1.0,1.0,552,0.9999999999999997,1.0000000000000002,1.0,1.0,1.0000000000000002,552,0.0,0.0,0.0,0.0,0.0,0.0,0.0,0.0,0.0,0.0,0.0,0.0,0.0,1118.8781609998841
30,300006000000,4.0,10.0,4.645061728395062,4.0,7.0,648,0.0,0.0,0.0,0.0,0.0,0,0.0,0.0,0.0,0.0,0.0,0,1.0,1.0,1.0,1.0,1.0,552,0.9999999999999997,1.0000000000000002,1.0,1.0,1.0000000000000002,552,0.0,0.0,0.0,0.0,0.0,0.0,0.0,0.0,0.0,0.0,0.0,0.0,0.0,1091.1111100003836
31,310006200000,4.0,10.0,4.631172839506172,4.0,7.0,648,0.0,0.0,0.0,0.0,0.0,0,0.0,0.0,0.0,0.0,0.0,0,1.0,1.0,1.0,1.0,1.0,552,0.9999999999999998,1.0000000000000002,1.0,1.0,1.0000000000000002,552,0.0,0.0,0.0,0.0,0.0,0.0,0.0,0.0,0.0,0.0,0.0,0.0,0.0,1092.9402940000728
32,320006400000,4.0,10.0,4.625,4.0,7.0,648,0.0,0.0,0.0,0.0,0.0,0,0.0,0.0,0.0,0.0,0.0,0,1.0,1.0,1.0,1.0,1.0,552,0.9999999999999998,1.0000000000000002,1.0,1.0,1.0000000000000002,552,0.0,0.0,0.0,0.0,0.0,0.0,0.0,0.0,0.0,0.0,0.0,0.0,0.0,1298.6995789997309
33,330006600000,4.0,10.0,4.6265432098765435,4.0,7.0,648,0.0,0.0,0.0,0.0,0.0,0,0.0,0.0,0.0,0.0,0.0,0,1.0,1.0,1.0,1.0,1.0,552,0.9999999999999997,1.0000000000000002,1.0,1.0,1.0,552,0.0,0.0,0.0,0.0,0.0,0.0,0.0,0.0,0.0,0.0,0.0,0.0,0.0,1111.0194309994768
34,340006800000,4.0,10.0,4.628086419753086,4.0,7.0,648,0.0,0.0,0.0,0.0,0.0,0,0.0,0.0,0.0,0.0,0.0,0,1.0,1.0,1.0,1.0,1.0,552,0.9999999999999998,1.0000000000000002,1.0,1.0,1.0000000000000002,552,0.0,0.0,0.0,0.0,0.0,0.0,0.0,0.0,0.0,0.0,0.0,0.0,0.0,1107.2495039998103
35,350007000000,4.0,10.0,4.637345679012346,4.0,7.0,648,0.0,0.0,0.0,0.0,0.0,0,0.0,0.0,0.0,0.0,0.0,0,1.0,1.0,1.0,1.0,1.0,552,0.9999999999999997,1.0000000000000004,1.0,1.0,1.0000000000000002,552,0.0,0.0,0.0,0.0,0.0,0.0,0.0,0.0,0.0,0.0,0.0,0.0,0.0,1249.8161549992801
36,360007200000,4.0,10.0,4.640432098765432,4.0,7.0,648,0.0,0.0,0.0,0.0,0.0,0,0.0,0.0,0.0,0.0,0.0,0,1.0,1.0,1.0,1.0,1.0,552,0.9999999999999998,1.0000000000000002,1.0,1.0,1.0000000000000002,552,0.0,0.0,0.0,0.0,0.0,0.0,0.0,0.0,0.0,0.0,0.0,0.0,0.0,1628.618875999564
37,370007400000,4.0,10.0,4.637345679012346,4.0,7.0,648,0.0,0.0,0.0,0.0,0.0,0,0.0,0.0,0.0,0.0,0.0,0,1.0,1.0,1.0,1.0,1.0,552,0.9999999999999997,1.0000000000000002,1.0,1.0,1.0000000000000002,552,0.0,0.0,0.0,0.0,0.0,0.0,0.0,0.0,0.0,0.0,0.0,0.0,0.0,1153.0130589999317
38,380007600000,4.0,10.0,4.635802469135802,4.0,7.0,648,0.0,0.0,0.0,0.0,0.0,0,0.0,0.0,0.0,0.0,0.0,0,1.0,1.0,1.0,1.0,1.0,552,0.9999999999999996,1.0000000000000002,1.0,1.0,1.0000000000000002,552,0.0,0.0,0.0,0.0,0.0,0.0,0.0,0.0,0.0,0.0,0.0,0.0,0.0,1133.1272580000586
39,390007800000,4.0,10.0,4.645061728395062,4.0,7.0,648,0.0,0.0,0.0,0.0,0.0,0,0.0,0.0,0.0,0.0,0.0,0,1.0,1.0,1.0,1.0,1.0,552,0.9999999999999996,1.0000000000000002,1.0,1.0,1.0000000000000002,552,0.0,0.0,0.0,0.0,0.0,0.0,0.0,0.0,0.0,0.0,0.0,0.0,0.0,1151.4747080000234
40,400008000000,4.0,10.0,4.640432098765432,4.0,7.0,648,0.0,0.0,0.0,0.0,0.0,0,0.0,0.0,0.0,0.0,0.0,0,1.0,1.0,1.0,1.0,1.0,552,0.9999999999999997,1.0000000000000002,1.0,1.0,1.0000000000000002,552,0.0,0.0,0.0,0.0,0.0,0.0,0.0,0.0,0.0,0.0,0.0,0.0,0.0,1205.5145379999885
41,410008200000,4.0,10.0,4.635802469135802,4.0,7.0,648,0.0,0.0,0.0,0.0,0.0,0,0.0,0.0,0.0,0.0,0.0,0,1.0,1.0,1.0,1.0,1.0,552,0.9999999999999997,1.0000000000000002,1.0,1.0,1.0000000000000002,552,0.0,0.0,0.0,0.0,0.0,0.0,0.0,0.0,0.0,0.0,0.0,0.0,0.0,1220.5808329999854
42,420008400000,4.0,10.0,4.6419753086419755,4.0,7.0,648,0.0,0.0,0.0,0.0,0.0,0,0.0,0.0,0.0,0.0,0.0,0,1.0,1.0,1.0,1.0,1.0,552,0.9999999999999996,1.0000000000000002,1.0,1.0,1.0000000000000002,552,0.0,0.0,0.0,0.0,0.0,0.0,0.0,0.0,0.0,0.0,0.0,0.0,0.0,1186.0585980002725
43,430008600000,4.0,10.0,4.6496913580246915,4.0,7.0,648,0.0,0.0,0.0,0.0,0.0,0,0.0,0.0,0.0,0.0,0.0,0,1.0,1.0,1.0,1.0,1.0,552,0.9999999999999997,1.0000000000000002,1.0,1.0,1.0000000000000002,552,0.0,0.0,0.0,0.0,0.0,0.0,0.0,0.0,0.0,0.0,0.0,0.0,0.0,1141.4665800002695
44,440008800000,4.0,10.0,4.645061728395062,4.0,7.0,648,0.0,0.0,0.0,0.0,0.0,0,0.0,0.0,0.0,0.0,0.0,0,1.0,1.0,1.0,1.0,1.0,552,0.9999999999999998,1.0000000000000002,1.0,1.0,1.0000000000000002,552,0.0,0.0,0.0,0.0,0.0,0.0,0.0,0.0,0.0,0.0,0.0,0.0,0.0,1166.0323759997482
45,450009000000,4.0,10.0,4.643518518518518,4.0,7.0,648,0.0,0.0,0.0,0.0,0.0,0,0.0,0.0,0.0,0.0,0.0,0,1.0,1.0,1.0,1.0,1.0,552,0.9999999999999996,1.0000000000000004,1.0,1.0,1.0000000000000002,552,0.0,0.0,0.0,0.0,0.0,0.0,0.0,0.0,0.0,0.0,0.0,0.0,0.0,1151.530117999755
46,460009200000,4.0,10.0,4.6419753086419755,4.0,7.0,648,0.0,0.0,0.0,0.0,0.0,0,0.0,0.0,0.0,0.0,0.0,0,1.0,1.0,1.0,1.0,1.0,552,0.9999999999999997,1.0000000000000002,1.0,1.0,1.0,552,0.0,0.0,0.0,0.0,0.0,0.0,0.0,0.0,0.0,0.0,0.0,0.0,0.0,1195.1869189997524
47,470009400000,4.0,10.0,4.646604938271605,4.0,7.0,648,0.0,0.0,0.0,0.0,0.0,0,0.0,0.0,0.0,0.0,0.0,0,1.0,1.0,1.0,1.0,1.0,552,0.9999999999999997,1.0000000000000004,1.0,1.0,1.0000000000000002,552,0.0,0.0,0.0,0.0,0.0,0.0,0.0,0.0,0.0,0.0,0.0,0.0,0.0,1168.9625359995262
48,480009600000,4.0,10.0,4.6496913580246915,4.0,7.0,648,0.0,0.0,0.0,0.0,0.0,0,0.0,0.0,0.0,0.0,0.0,0,1.0,1.0,1.0,1.0,1.0,552,0.9999999999999997,1.0000000000000002,1.0,1.0,1.0000000000000002,552,0.0,0.0,0.0,0.0,0.0,0.0,0.0,0.0,0.0,0.0,0.0,0.0,0.0,1213.4472340003413
49,490009800000,4.0,10.0,4.638888888888889,4.0,7.0,648,0.0,0.0,0.0,0.0,0.0,0,0.0,0.0,0.0,0.0,0.0,0,1.0,1.0,1.0,1.0,1.0,552,0.9999999999999996,1.0000000000000002,1.0,1.0,1.0,552,0.0,0.0,0.0,0.0,0.0,0.0,0.0,0.0,0.0,0.0,0.0,0.0,0.0,1117.0570779995614
50,500010000000,4.0,10.0,4.62962962962963,4.0,7.0,648,0.0,0.0,0.0,0.0,0.0,0,0.0,0.0,0.0,0.0,0.0,0,1.0,1.0,1.0,1.0,1.0,552,0.9999999999999997,1.0000000000000002,1.0,1.0,1.0000000000000002,552,0.0,0.0,0.0,0.0,0.0,0.0,0.0,0.0,0.0,0.0,0.0,0.0,0.0,1117.596706999393
51,510010200000,4.0,10.0,4.62037037037037,4.0,7.0,648,0.0,0.0,0.0,0.0,0.0,0,0.0,0.0,0.0,0.0,0.0,0,1.0,1.0,1.0,1.0,1.0,552,0.9999999999999998,1.0000000000000004,1.0,1.0,1.0000000000000002,552,0.0,0.0,0.0,0.0,0.0,0.0,0.0,0.0,0.0,0.0,0.0,0.0,0.0,1136.5135350006312
52,520010400000,4.0,10.0,4.6234567901234565,4.0,7.0,648,0.0,0.0,0.0,0.0,0.0,0,0.0,0.0,0.0,0.0,0.0,0,1.0,1.0,1.0,1.0,1.0,552,0.9999999999999997,1.0000000000000002,1.0,1.0,1.0000000000000002,552,0.0,0.0,0.0,0.0,0.0,0.0,0.0,0.0,0.0,0.0,0.0,0.0,0.0,1189.0607020004609
53,530010600000,4.0,10.0,4.6265432098765435,4.0,7.0,648,0.0,0.0,0.0,0.0,0.0,0,0.0,0.0,0.0,0.0,0.0,0,1.0,1.0,1.0,1.0,1.0,552,0.9999999999999998,1.0000000000000002,1.0,1.0,1.0,552,0.0,0.0,0.0,0.0,0.0,0.0,0.0,0.0,0.0,0.0,0.0,0.0,0.0,1165.9331190003286
54,540010800000,4.0,10.0,4.6419753086419755,4.0,7.0,648,0.0,0.0,0.0,0.0,0.0,0,0.0,0.0,0.0,0.0,0.0,0,1.0,1.0,1.0,1.0,1.0,552,0.9999999999999996,1.0000000000000002,1.0,1.0,1.0,552,0.0,0.0,0.0,0.0,0.0,0.0,0.0,0.0,0.0,0.0,0.0,0.0,0.0,1144.7205249996841
55,550011000000,4.0,10.0,4.640432098765432,4.0,7.0,648,0.0,0.0,0.0,0.0,0.0,0,0.0,0.0,0.0,0.0,0.0,0,1.0,1.0,1.0,1.0,1.0,552,0.9999999999999998,1.0000000000000002,1.0,1.0,1.0000000000000002,552,0.0,0.0,0.0,0.0,0.0,0.0,0.0,0.0,0.0,0.0,0.0,0.0,0.0,1148.8497230002395
56,560011200000,4.0,10.0,4.645061728395062,4.0,7.0,648,0.0,0.0,0.0,0.0,0.0,0,0.0,0.0,0.0,0.0,0.0,0,1.0,1.0,1.0,1.0,1.0,552,0.9999999999999997,1.0000000000000004,1.0,1.0,1.0000000000000002,552,0.0,0.0,0.0,0.0,0.0,0.0,0.0,0.0,0.0,0.0,0.0,0.0,0.0,1157.7601869994396
57,570011400000,4.0,10.0,4.6419753086419755,4.0,7.0,648,0.0,0.0,0.0,0.0,0.0,0,0.0,0.0,0.0,0.0,0.0,0,1.0,1.0,1.0,1.0,1.0,552,0.9999999999999998,1.0000000000000002,1.0,1.0,1.0000000000000002,552,0.0,0.0,0.0,0.0,0.0,0.0,0.0,0.0,0.0,0.0,0.0,0.0,0.0,1169.9528090002786
58,580011600000,4.0,10.0,4.6342592592592595,4.0,7.0,648,0.0,0.0,0.0,0.0,0.0,0,0.0,0.0,0.0,0.0,0.0,0,1.0,1.0,1.0,1.0,1.0,552,0.9999999999999998,1.0000000000000002,1.0,1.0,1.0000000000000002,552,0.0,0.0,0.0,0.0,0.0,0.0,0.0,0.0,0.0,0.0,0.0,0.0,0.0,1128.9034920000631
59,590011800000,4.0,10.0,4.6419753086419755,4.0,7.0,648,0.0,0.0,0.0,0.0,0.0,0,0.0,0.0,0.0,0.0,0.0,0,1.0,1.0,1.0,1.0,1.0,552,0.9999999999999996,1.0000000000000002,1.0,1.0,1.0000000000000002,552,0.0,0.0,0.0,0.0,0.0,0.0,0.0,0.0,0.0,0.0,0.0,0.0,0.0,1136.6492550005205
60,600012000000,4.0,10.0,4.6419753086419755,4.0,7.0,648,0.0,0.0,0.0,0.0,0.0,0,0.0,0.0,0.0,0.0,0.0,0,1.0,1.0,1.0,1.0,1.0,552,0.9999999999999998,1.0000000000000002,1.0,1.0,1.0000000000000002,552,0.0,0.0,0.0,0.0,0.0,0.0,0.0,0.0,0.0,0.0,0.0,0.0,0.0,1176.583653000307
61,610012200000,4.0,10.0,4.6496913580246915,4.0,7.0,648,0.0,0.0,0.0,0.0,0.0,0,0.0,0.0,0.0,0.0,0.0,0,1.0,1.0,1.0,1.0,1.0,552,0.9999999999999997,1.0000000000000004,1.0,1.0,1.0000000000000002,552,0.0,0.0,0.0,0.0,0.0,0.0,0.0,0.0,0.0,0.0,0.0,0.0,0.0,1100.404389000687
62,620012400000,4.0,10.0,4.655864197530864,4.0,7.0,648,0.0,0.0,0.0,0.0,0.0,0,0.0,0.0,0.0,0.0,0.0,0,1.0,1.0,1.0,1.0,1.0,552,0.9999999999999997,1.0000000000000002,1.0,1.0,1.0000000000000002,552,0.0,0.0,0.0,0.0,0.0,0.0,0.0,0.0,0.0,0.0,0.0,0.0,0.0,1116.5895149997596
63,630012600000,4.0,10.0,4.652777777777778,4.0,7.0,648,0.0,0.0,0.0,0.0,0.0,0,0.0,0.0,0.0,0.0,0.0,0,1.0,1.0,1.0,1.0,1.0,552,0.9999999999999998,1.0000000000000002,1.0,1.0,1.0000000000000002,552,0.0,0.0,0.0,0.0,0.0,0.0,0.0,0.0,0.0,0.0,0.0,0.0,0.0,1163.000810000085
64,640012800000,4.0,10.0,4.6496913580246915,4.0,7.0,648,0.0,0.0,0.0,0.0,0.0,0,0.0,0.0,0.0,0.0,0.0,0,1.0,1.0,1.0,1.0,1.0,552,0.9999999999999998,1.0000000000000004,1.0,1.0,1.0000000000000002,552,0.0,0.0,0.0,0.0,0.0,0.0,0.0,0.0,0.0,0.0,0.0,0.0,0.0,1186.9760970002972
65,650013000000,4.0,10.0,4.648148148148148,4.0,7.0,648,0.0,0.0,0.0,0.0,0.0,0,0.0,0.0,0.0,0.0,0.0,0,1.0,1.0,1.0,1.0,1.0,552,0.9999999999999998,1.0000000000000002,1.0,1.0,1.0000000000000002,552,0.0,0.0,0.0,0.0,0.0,0.0,0.0,0.0,0.0,0.0,0.0,0.0,0.0,1165.4179340002884
66,660013200000,4.0,10.0,4.652777777777778,4.0,7.0,648,0.0,0.0,0.0,0.0,0.0,0,0.0,0.0,0.0,0.0,0.0,0,1.0,1.0,1.0,1.0,1.0,552,0.9999999999999997,1.0000000000000002,1.0,1.0,1.0000000000000002,552,0.0,0.0,0.0,0.0,0.0,0.0,0.0,0.0,0.0,0.0,0.0,0.0,0.0,1146.3118589999794
67,670013400000,4.0,10.0,4.646604938271605,4.0,7.0,648,0.0,0.0,0.0,0.0,0.0,0,0.0,0.0,0.0,0.0,0.0,0,1.0,1.0,1.0,1.0,1.0,552,0.9999999999999997,1.0000000000000002,1.0,1.0,1.0000000000000002,552,0.0,0.0,0.0,0.0,0.0,0.0,0.0,0.0,0.0,0.0,0.0,0.0,0.0,1136.4646120000543
68,680013600000,4.0,10.0,4.6265432098765435,4.0,7.0,648,0.0,0.0,0.0,0.0,0.0,0,0.0,0.0,0.0,0.0,0.0,0,1.0,1.0,1.0,1.0,1.0,552,0.9999999999999997,1.0000000000000002,1.0,1.0,1.0000000000000002,552,0.0,0.0,0.0,0.0,0.0,0.0,0.0,0.0,0.0,0.0,0.0,0.0,0.0,1144.517382000231
69,690013800000,4.0,10.0,4.625,4.0,7.0,648,0.0,0.0,0.0,0.0,0.0,0,0.0,0.0,0.0,0.0,0.0,0,1.0,1.0,1.0,1.0,1.0,552,0.9999999999999997,1.0000000000000004,1.0,1.0,1.0,552,0.0,0.0,0.0,0.0,0.0,0.0,0.0,0.0,0.0,0.0,0.0,0.0,0.0,1179.6843970005284
70,700014000000,4.0,10.0,4.625,4.0,7.0,648,0.0,0.0,0.0,0.0,0.0,0,0.0,0.0,0.0,0.0,0.0,0,1.0,1.0,1.0,1.0,1.0,552,0.9999999999999997,1.0000000000000004,1.0,1.0,1.0000000000000002,552,0.0,0.0,0.0,0.0,0.0,0.0,0.0,0.0,0.0,0.0,0.0,0.0,0.0,1167.6032479999776
71,710014200000,4.0,10.0,4.6234567901234565,4.0,7.0,648,0.0,0.0,0.0,0.0,0.0,0,0.0,0.0,0.0,0.0,0.0,0,1.0,1.0,1.0,1.0,1.0,552,0.9999999999999997,1.0000000000000004,1.0,1.0,1.0000000000000002,552,0.0,0.0,0.0,0.0,0.0,0.0,0.0,0.0,0.0,0.0,0.0,0.0,0.0,1175.1177440000902
72,720014400000,4.0,10.0,4.640432098765432,4.0,7.0,648,0.0,0.0,0.0,0.0,0.0,0,0.0,0.0,0.0,0.0,0.0,0,1.0,1.0,1.0,1.0,1.0,552,0.9999999999999997,1.0000000000000002,1.0,1.0,1.0000000000000002,552,0.0,0.0,0.0,0.0,0.0,0.0,0.0,0.0,0.0,0.0,0.0,0.0,0.0,1182.3842679996233
73,730014600000,4.0,10.0,4.643518518518518,4.0,7.0,648,0.0,0.0,0.0,0.0,0.0,0,0.0,0.0,0.0,0.0,0.0,0,1.0,1.0,1.0,1.0,1.0,552,0.9999999999999996,1.0000000000000004,1.0,1.0,1.0000000000000002,552,0.0,0.0,0.0,0.0,0.0,0.0,0.0,0.0,0.0,0.0,0.0,0.0,0.0,1147.4094400000467
74,740014800000,4.0,10.0,4.648148148148148,4.0,7.0,648,0.0,0.0,0.0,0.0,0.0,0,0.0,0.0,0.0,0.0,0.0,0,1.0,1.0,1.0,1.0,1.0,552,0.9999999999999998,1.0000000000000002,1.0,1.0,1.0000000000000002,552,0.0,0.0,0.0,0.0,0.0,0.0,0.0,0.0,0.0,0.0,0.0,0.0,0.0,1150.3423630001635
75,750015000000,4.0,10.0,4.646604938271605,4.0,7.0,648,0.0,0.0,0.0,0.0,0.0,0,0.0,0.0,0.0,0.0,0.0,0,1.0,1.0,1.0,1.0,1.0,552,0.9999999999999997,1.0000000000000002,1.0,1.0,1.0000000000000002,552,0.0,0.0,0.0,0.0,0.0,0.0,0.0,0.0,0.0,0.0,0.0,0.0,0.0,1150.6435419996706
76,760015200000,4.0,10.0,4.6419753086419755,4.0,7.0,648,0.0,0.0,0.0,0.0,0.0,0,0.0,0.0,0.0,0.0,0.0,0,1.0,1.0,1.0,1.0,1.0,552,0.9999999999999998,1.0000000000000002,1.0,1.0,1.0000000000000002,552,0.0,0.0,0.0,0.0,0.0,0.0,0.0,0.0,0.0,0.0,0.0,0.0,0.0,1150.191757000357
77,770015400000,4.0,10.0,4.646604938271605,4.0,7.0,648,0.0,0.0,0.0,0.0,0.0,0,0.0,0.0,0.0,0.0,0.0,0,1.0,1.0,1.0,1.0,1.0,552,0.9999999999999998,1.0000000000000002,1.0,1.0,1.0000000000000002,552,0.0,0.0,0.0,0.0,0.0,0.0,0.0,0.0,0.0,0.0,0.0,0.0,0.0,1142.6611739998407
78,780015600000,4.0,10.0,4.6496913580246915,4.0,7.0,648,0.0,0.0,0.0,0.0,0.0,0,0.0,0.0,0.0,0.0,0.0,0,1.0,1.0,1.0,1.0,1.0,552,0.9999999999999996,1.0000000000000004,1.0,1.0,1.0000000000000002,552,0.0,0.0,0.0,0.0,0.0,0.0,0.0,0.0,0.0,0.0,0.0,0.0,0.0,1132.1944190003705
79,790015800000,4.0,10.0,4.6496913580246915,4.0,7.0,648,0.0,0.0,0.0,0.0,0.0,0,0.0,0.0,0.0,0.0,0.0,0,1.0,1.0,1.0,1.0,1.0,552,0.9999999999999998,1.0000000000000002,1.0,1.0,1.0000000000000002,552,0.0,0.0,0.0,0.0,0.0,0.0,0.0,0.0,0.0,0.0,0.0,0.0,0.0,1122.9587749994607
80,800016000000,4.0,10.0,4.654320987654321,4.0,7.0,648,0.0,0.0,0.0,0.0,0.0,0,0.0,0.0,0.0,0.0,0.0,0,1.0,1.0,1.0,1.0,1.0,552,0.9999999999999996,1.0000000000000002,1.0,1.0,1.0,552,0.0,0.0,0.0,0.0,0.0,0.0,0.0,0.0,0.0,0.0,0.0,0.0,0.0,1204.6838639998896
81,810016200000,4.0,10.0,4.660493827160494,4.0,7.0,648,0.0,0.0,0.0,0.0,0.0,0,0.0,0.0,0.0,0.0,0.0,0,1.0,1.0,1.0,1.0,1.0,552,0.9999999999999998,1.0000000000000004,1.0,1.0,1.0,552,0.0,0.0,0.0,0.0,0.0,0.0,0.0,0.0,0.0,0.0,0.0,0.0,0.0,1127.304648000063
82,820016400000,4.0,10.0,4.657407407407407,4.0,7.0,648,0.0,0.0,0.0,0.0,0.0,0,0.0,0.0,0.0,0.0,0.0,0,1.0,1.0,1.0,1.0,1.0,552,0.9999999999999997,1.0000000000000002,1.0,1.0,1.0000000000000002,552,0.0,0.0,0.0,0.0,0.0,0.0,0.0,0.0,0.0,0.0,0.0,0.0,0.0,1127.6920820000669
83,830016600000,4.0,10.0,4.6496913580246915,4.0,7.0,648,0.0,0.0,0.0,0.0,0.0,0,0.0,0.0,0.0,0.0,0.0,0,1.0,1.0,1.0,1.0,1.0,552,0.9999999999999997,1.0000000000000002,1.0,1.0,1.0000000000000002,552,0.0,0.0,0.0,0.0,0.0,0.0,0.0,0.0,0.0,0.0,0.0,0.0,0.0,1142.0483009997042
84,840016800000,4.0,10.0,4.6419753086419755,4.0,7.0,648,0.0,0.0,0.0,0.0,0.0,0,0.0,0.0,0.0,0.0,0.0,0,1.0,1.0,1.0,1.0,1.0,552,0.9999999999999996,1.0000000000000002,1.0,1.0,1.0000000000000002,552,0.0,0.0,0.0,0.0,0.0,0.0,0.0,0.0,0.0,0.0,0.0,0.0,0.0,1150.73817999928
85,850017000000,4.0,10.0,4.646604938271605,4.0,7.0,648,0.0,0.0,0.0,0.0,0.0,0,0.0,0.0,0.0,0.0,0.0,0,1.0,1.0,1.0,1.0,1.0,552,0.9999999999999997,1.0000000000000004,1.0,1.0,1.0000000000000002,552,0.0,0.0,0.0,0.0,0.0,0.0,0.0,0.0,0.0,0.0,0.0,0.0,0.0,1175.4591840008288
86,860017200000,4.0,10.0,4.643518518518518,4.0,7.0,648,0.0,0.0,0.0,0.0,0.0,0,0.0,0.0,0.0,0.0,0.0,0,1.0,1.0,1.0,1.0,1.0,552,0.9999999999999997,1.0000000000000002,1.0,1.0,1.0000000000000002,552,0.0,0.0,0.0,0.0,0.0,0.0,0.0,0.0,0.0,0.0,0.0,0.0,0.0,1147.0890169994163
87,870017400000,4.0,10.0,4.632716049382716,4.0,7.0,648,0.0,0.0,0.0,0.0,0.0,0,0.0,0.0,0.0,0.0,0.0,0,1.0,1.0,1.0,1.0,1.0,552,0.9999999999999997,1.0000000000000004,1.0,1.0,1.0000000000000002,552,0.0,0.0,0.0,0.0,0.0,0.0,0.0,0.0,0.0,0.0,0.0,0.0,0.0,1144.125100000565
88,880017600000,4.0,10.0,4.635802469135802,4.0,7.0,648,0.0,0.0,0.0,0.0,0.0,0,0.0,0.0,0.0,0.0,0.0,0,1.0,1.0,1.0,1.0,1.0,552,0.9999999999999997,1.0000000000000004,1.0,1.0,1.0000000000000002,552,0.0,0.0,0.0,0.0,0.0,0.0,0.0,0.0,0.0,0.0,0.0,0.0,0.0,1558.5358850003104
89,890017800000,4.0,10.0,4.637345679012346,4.0,7.0,648,0.0,0.0,0.0,0.0,0.0,0,0.0,0.0,0.0,0.0,0.0,0,1.0,1.0,1.0,1.0,1.0,552,0.9999999999999997,1.0000000000000002,1.0,1.0,1.0,552,0.0,0.0,0.0,0.0,0.0,0.0,0.0,0.0,0.0,0.0,0.0,0.0,0.0,1176.9417409996095
90,900018000000,4.0,9.0,4.637345679012346,4.0,7.0,648,0.0,0.0,0.0,0.0,0.0,0,0.0,0.0,0.0,0.0,0.0,0,1.0,1.0,1.0,1.0,1.0,552,0.9999999999999997,1.0000000000000002,1.0,1.0,1.0000000000000002,552,0.0,0.0,0.0,0.0,0.0,0.0,0.0,0.0,0.0,0.0,0.0,0.0,0.0,1174.1220079993582
91,910018200000,4.0,10.0,4.638888888888889,4.0,7.0,648,0.0,0.0,0.0,0.0,0.0,0,0.0,0.0,0.0,0.0,0.0,0,1.0,1.0,1.0,1.0,1.0,552,0.9999999999999997,1.0000000000000002,1.0,1.0,1.0000000000000002,552,0.0,0.0,0.0,0.0,0.0,0.0,0.0,0.0,0.0,0.0,0.0,0.0,0.0,1138.9555679998011
92,920018400000,4.0,10.0,4.643518518518518,4.0,7.0,648,0.0,0.0,0.0,0.0,0.0,0,0.0,0.0,0.0,0.0,0.0,0,1.0,1.0,1.0,1.0,1.0,552,0.9999999999999997,1.0000000000000004,1.0,1.0,1.0000000000000002,552,0.0,0.0,0.0,0.0,0.0,0.0,0.0,0.0,0.0,0.0,0.0,0.0,0.0,1180.1167949997762
93,930018600000,4.0,10.0,4.646604938271605,4.0,7.0,648,0.0,0.0,0.0,0.0,0.0,0,0.0,0.0,0.0,0.0,0.0,0,1.0,1.0,1.0,1.0,1.0,552,0.9999999999999998,1.0000000000000002,1.0,1.0,1.0000000000000002,552,0.0,0.0,0.0,0.0,0.0,0.0,0.0,0.0,0.0,0.0,0.0,0.0,0.0,1136.797215000115
94,940018800000,4.0,10.0,4.643518518518518,4.0,7.0,648,0.0,0.0,0.0,0.0,0.0,0,0.0,0.0,0.0,0.0,0.0,0,1.0,1.0,1.0,1.0,1.0,552,0.9999999999999996,1.0000000000000004,1.0,1.0,1.0000000000000002,552,0.0,0.0,0.0,0.0,0.0,0.0,0.0,0.0,0.0,0.0,0.0,0.0,0.0,1136.766589999752
95,950019000000,4.0,10.0,4.645061728395062,4.0,7.0,648,0.0,0.0,0.0,0.0,0.0,0,0.0,0.0,0.0,0.0,0.0,0,1.0,1.0,1.0,1.0,1.0,552,0.9999999999999996,1.0000000000000002,1.0,1.0,1.0000000000000002,552,0.0,0.0,0.0,0.0,0.0,0.0,0.0,0.0,0.0,0.0,0.0,0.0,0.0,1134.3071450000934
96,960019200000,4.0,10.0,4.640432098765432,4.0,7.0,648,0.0,0.0,0.0,0.0,0.0,0,0.0,0.0,0.0,0.0,0.0,0,1.0,1.0,1.0,1.0,1.0,552,0.9999999999999997,1.0000000000000004,1.0,1.0,1.0000000000000002,552,0.0,0.0,0.0,0.0,0.0,0.0,0.0,0.0,0.0,0.0,0.0,0.0,0.0,1142.391274000147
97,970019400000,4.0,10.0,4.6496913580246915,4.0,7.0,648,0.0,0.0,0.0,0.0,0.0,0,0.0,0.0,0.0,0.0,0.0,0,1.0,1.0,1.0,1.0,1.0,552,0.9999999999999998,1.0000000000000002,1.0,1.0,1.0000000000000002,552,0.0,0.0,0.0,0.0,0.0,0.0,0.0,0.0,0.0,0.0,0.0,0.0,0.0,1164.4698640002389
98,980019600000,4.0,10.0,4.645061728395062,4.0,7.0,648,0.0,0.0,0.0,0.0,0.0,0,0.0,0.0,0.0,0.0,0.0,0,1.0,1.0,1.0,1.0,1.0,552,0.9999999999999996,1.0000000000000002,1.0,1.0,1.0000000000000002,552,0.0,0.0,0.0,0.0,0.0,0.0,0.0,0.0,0.0,0.0,0.0,0.0,0.0,1138.3380360002775
99,990019800000,4.0,10.0,4.646604938271605,4.0,7.0,648,0.0,0.0,0.0,0.0,0.0,0,0.0,0.0,0.0,0.0,0.0,0,1.0,1.0,1.0,1.0,1.0,552,0.9999999999999997,1.0000000000000002,1.0,1.0,1.0000000000000002,552,0.0,0.0,0.0,0.0,0.0,0.0,0.0,0.0,0.0,0.0,0.0,0.0,0.0,1146.2491610000143
100,1000020000000,4.0,10.0,4.654320987654321,4.0,7.0,648,0.0,0.0,0.0,0.0,0.0,0,0.0,0.0,0.0,0.0,0.0,0,1.0,1.0,1.0,1.0,1.0,552,0.9999999999999997,1.0000000000000002,1.0,1.0,1.0000000000000002,552,0.0,0.0,0.0,0.0,0.0,0.0,0.0,0.0,0.0,0.0,0.0,0.0,0.0,1165.4366689999733
101,1010020200000,4.0,10.0,4.652777777777778,4.0,7.0,648,0.0,0.0,0.0,0.0,0.0,0,0.0,0.0,0.0,0.0,0.0,0,1.0,1.0,1.0,1.0,1.0,552,0.9999999999999996,1.0000000000000004,1.0,1.0,1.0000000000000002,552,0.0,0.0,0.0,0.0,0.0,0.0,0.0,0.0,0.0,0.0,0.0,0.0,0.0,1140.1904779995675
102,1020020400000,4.0,10.0,4.640432098765432,4.0,7.0,648,0.0,0.0,0.0,0.0,0.0,0,0.0,0.0,0.0,0.0,0.0,0,1.0,1.0,1.0,1.0,1.0,552,0.9999999999999998,1.0000000000000002,1.0,1.0,1.0000000000000002,552,0.0,0.0,0.0,0.0,0.0,0.0,0.0,0.0,0.0,0.0,0.0,0.0,0.0,1124.3321480005761
103,1030020600000,4.0,10.0,4.646604938271605,4.0,7.0,648,0.0,0.0,0.0,0.0,0.0,0,0.0,0.0,0.0,0.0,0.0,0,1.0,1.0,1.0,1.0,1.0,552,0.9999999999999997,1.0000000000000004,1.0,1.0,1.0000000000000002,552,0.0,0.0,0.0,0.0,0.0,0.0,0.0,0.0,0.0,0.0,0.0,0.0,0.0,1131.9008259997645
104,1040020800000,4.0,10.0,4.643518518518518,4.0,7.0,648,0.0,0.0,0.0,0.0,0.0,0,0.0,0.0,0.0,0.0,0.0,0,1.0,1.0,1.0,1.0,1.0,552,0.9999999999999998,1.0000000000000002,1.0,1.0,1.0,552,0.0,0.0,0.0,0.0,0.0,0.0,0.0,0.0,0.0,0.0,0.0,0.0,0.0,1150.8823880003547
105,1050021000000,4.0,10.0,4.648148148148148,4.0,7.0,648,0.0,0.0,0.0,0.0,0.0,0,0.0,0.0,0.0,0.0,0.0,0,1.0,1.0,1.0,1.0,1.0,552,0.9999999999999997,1.0000000000000002,1.0,1.0,1.0,552,0.0,0.0,0.0,0.0,0.0,0.0,0.0,0.0,0.0,0.0,0.0,0.0,0.0,1151.4514780001264
106,1060021200000,4.0,10.0,4.6419753086419755,4.0,7.0,648,0.0,0.0,0.0,0.0,0.0,0,0.0,0.0,0.0,0.0,0.0,0,1.0,1.0,1.0,1.0,1.0,552,0.9999999999999997,1.0000000000000002,1.0,1.0,1.0000000000000002,552,0.0,0.0,0.0,0.0,0.0,0.0,0.0,0.0,0.0,0.0,0.0,0.0,0.0,1147.5120309996782
107,1070021400000,4.0,10.0,4.643518518518518,4.0,7.0,648,0.0,0.0,0.0,0.0,0.0,0,0.0,0.0,0.0,0.0,0.0,0,1.0,1.0,1.0,1.0,1.0,552,0.9999999999999997,1.0000000000000004,1.0,1.0,1.0000000000000002,552,0.0,0.0,0.0,0.0,0.0,0.0,0.0,0.0,0.0,0.0,0.0,0.0,0.0,1142.069180999897
108,1080021600000,4.0,9.0,4.640432098765432,4.0,7.0,648,0.0,0.0,0.0,0.0,0.0,0,0.0,0.0,0.0,0.0,0.0,0,1.0,1.0,1.0,1.0,1.0,552,0.9999999999999998,1.0000000000000004,1.0,1.0,1.0000000000000002,552,0.0,0.0,0.0,0.0,0.0,0.0,0.0,0.0,0.0,0.0,0.0,0.0,0.0,1182.173733000127
109,1090021800000,4.0,9.0,4.6496913580246915,4.0,7.0,648,0.0,0.0,0.0,0.0,0.0,0,0.0,0.0,0.0,0.0,0.0,0,1.0,1.0,1.0,1.0,1.0,552,0.9999999999999997,1.0000000000000002,1.0,1.0,1.0,552,0.0,0.0,0.0,0.0,0.0,0.0,0.0,0.0,0.0,0.0,0.0,0.0,0.0,1145.516795999356
110,1100022000000,4.0,10.0,4.654320987654321,4.0,7.0,648,0.0,0.0,0.0,0.0,0.0,0,0.0,0.0,0.0,0.0,0.0,0,1.0,1.0,1.0,1.0,1.0,552,0.9999999999999997,1.0000000000000004,1.0,1.0,1.0000000000000002,552,0.0,0.0,0.0,0.0,0.0,0.0,0.0,0.0,0.0,0.0,0.0,0.0,0.0,1175.2687300004254
111,1110022200000,4.0,10.0,4.645061728395062,4.0,7.0,648,0.0,0.0,0.0,0.0,0.0,0,0.0,0.0,0.0,0.0,0.0,0,1.0,1.0,1.0,1.0,1.0,552,0.9999999999999998,1.0000000000000002,1.0,1.0,1.0000000000000002,552,0.0,0.0,0.0,0.0,0.0,0.0,0.0,0.0,0.0,0.0,0.0,0.0,0.0,1141.0981999997603
112,1120022400000,4.0,10.0,4.648148148148148,4.0,7.0,648,0.0,0.0,0.0,0.0,0.0,0,0.0,0.0,0.0,0.0,0.0,0,1.0,1.0,1.0,1.0,1.0,552,0.9999999999999996,1.0000000000000002,1.0,1.0,1.0000000000000002,552,0.0,0.0,0.0,0.0,0.0,0.0,0.0,0.0,0.0,0.0,0.0,0.0,0.0,1181.29400899943
113,1130022600000,4.0,10.0,4.648148148148148,4.0,7.0,648,0.0,0.0,0.0,0.0,0.0,0,0.0,0.0,0.0,0.0,0.0,0,1.0,1.0,1.0,1.0,1.0,552,0.9999999999999997,1.0000000000000002,1.0,1.0,1.0000000000000002,552,0.0,0.0,0.0,0.0,0.0,0.0,0.0,0.0,0.0,0.0,0.0,0.0,0.0,1162.022089999482
114,1140022800000,4.0,10.0,4.645061728395062,4.0,7.0,648,0.0,0.0,0.0,0.0,0.0,0,0.0,0.0,0.0,0.0,0.0,0,1.0,1.0,1.0,1.0,1.0,552,0.9999999999999996,1.0000000000000002,1.0,1.0,1.0000000000000002,552,0.0,0.0,0.0,0.0,0.0,0.0,0.0,0.0,0.0,0.0,0.0,0.0,0.0,1161.7506909997246
115,1150023000000,4.0,10.0,4.6419753086419755,4.0,7.0,648,0.0,0.0,0.0,0.0,0.0,0,0.0,0.0,0.0,0.0,0.0,0,1.0,1.0,1.0,1.0,1.0,552,0.9999999999999998,1.0000000000000004,1.0,1.0,1.0000000000000002,552,0.0,0.0,0.0,0.0,0.0,0.0,0.0,0.0,0.0,0.0,0.0,0.0,0.0,1133.811747999971
116,1160023200000,4.0,10.0,4.6419753086419755,4.0,7.0,648,0.0,0.0,0.0,0.0,0.0,0,0.0,0.0,0.0,0.0,0.0,0,1.0,1.0,1.0,1.0,1.0,552,0.9999999999999998,1.0000000000000002,1.0,1.0,1.0000000000000002,552,0.0,0.0,0.0,0.0,0.0,0.0,0.0,0.0,0.0,0.0,0.0,0.0,0.0,1188.2337819997701
117,1170023400000,4.0,10.0,4.638888888888889,4.0,7.0,648,0.0,0.0,0.0,0.0,0.0,0,0.0,0.0,0.0,0.0,0.0,0,1.0,1.0,1.0,1.0,1.0,552,0.9999999999999998,1.0000000000000002,1.0,1.0,1.0000000000000002,552,0.0,0.0,0.0,0.0,0.0,0.0,0.0,0.0,0.0,0.0,0.0,0.0,0.0,1160.2903989996776
118,1180023600000,4.0,10.0,4.645061728395062,4.0,7.0,648,0.0,0.0,0.0,0.0,0.0,0,0.0,0.0,0.0,0.0,0.0,0,1.0,1.0,1.0,1.0,1.0,552,0.9999999999999996,1.0000000000000004,1.0,1.0,1.0000000000000002,552,0.0,0.0,0.0,0.0,0.0,0.0,0.0,0.0,0.0,0.0,0.0,0.0,0.0,1165.9485069994844
119,1190023800000,4.0,10.0,4.646604938271605,4.0,7.0,648,0.0,0.0,0.0,0.0,0.0,0,0.0,0.0,0.0,0.0,0.0,0,1.0,1.0,1.0,1.0,1.0,552,0.9999999999999997,1.0000000000000004,1.0,1.0,1.0000000000000002,552,0.0,0.0,0.0,0.0,0.0,0.0,0.0,0.0,0.0,0.0,0.0,0.0,0.0,1147.5786510000034
120,1200024000000,4.0,10.0,4.648148148148148,4.0,7.0,648,0.0,0.0,0.0,0.0,0.0,0,0.0,0.0,0.0,0.0,0.0,0,1.0,1.0,1.0,1.0,1.0,552,0.9999999999999998,1.0000000000000004,1.0,1.0,1.0000000000000002,552,0.0,0.0,0.0,0.0,0.0,0.0,0.0,0.0,0.0,0.0,0.0,0.0,0.0,1179.24557599963
121,1210024200000,4.0,10.0,4.651234567901234,4.0,7.0,648,0.0,0.0,0.0,0.0,0.0,0,0.0,0.0,0.0,0.0,0.0,0,1.0,1.0,1.0,1.0,1.0,552,0.9999999999999997,1.0000000000000002,1.0,1.0,1.0000000000000002,552,0.0,0.0,0.0,0.0,0.0,0.0,0.0,0.0,0.0,0.0,0.0,0.0,0.0,1161.5451999996367
122,1220024400000,4.0,10.0,4.646604938271605,4.0,7.0,648,0.0,0.0,0.0,0.0,0.0,0,0.0,0.0,0.0,0.0,0.0,0,1.0,1.0,1.0,1.0,1.0,552,0.9999999999999997,1.0000000000000002,1.0,1.0,1.0000000000000002,552,0.0,0.0,0.0,0.0,0.0,0.0,0.0,0.0,0.0,0.0,0.0,0.0,0.0,1161.1280649995024
123,1230024600000,4.0,10.0,4.643518518518518,4.0,7.0,648,0.0,0.0,0.0,0.0,0.0,0,0.0,0.0,0.0,0.0,0.0,0,1.0,1.0,1.0,1.0,1.0,552,0.9999999999999997,1.0000000000000002,1.0,1.0,1.0000000000000002,552,0.0,0.0,0.0,0.0,0.0,0.0,0.0,0.0,0.0,0.0,0.0,0.0,0.0,1147.871355999996
124,1240024800000,4.0,10.0,4.648148148148148,4.0,7.0,648,0.0,0.0,0.0,0.0,0.0,0,0.0,0.0,0.0,0.0,0.0,0,1.0,1.0,1.0,1.0,1.0,552,0.9999999999999996,1.0000000000000002,1.0,1.0,1.0000000000000002,552,0.0,0.0,0.0,0.0,0.0,0.0,0.0,0.0,0.0,0.0,0.0,0.0,0.0,1188.3686069995747
125,1250025000000,4.0,10.0,4.648148148148148,4.0,7.0,648,0.0,0.0,0.0,0.0,0.0,0,0.0,0.0,0.0,0.0,0.0,0,1.0,1.0,1.0,1.0,1.0,552,0.9999999999999997,1.0000000000000002,1.0,1.0,1.0000000000000002,552,0.0,0.0,0.0,0.0,0.0,0.0,0.0,0.0,0.0,0.0,0.0,0.0,0.0,1180.8808739997403
126,1260025200000,4.0,9.0,4.651234567901234,4.0,7.0,648,0.0,0.0,0.0,0.0,0.0,0,0.0,0.0,0.0,0.0,0.0,0,1.0,1.0,1.0,1.0,1.0,552,0.9999999999999997,1.0000000000000004,1.0,1.0,1.0000000000000002,552,0.0,0.0,0.0,0.0,0.0,0.0,0.0,0.0,0.0,0.0,0.0,0.0,0.0,1171.5912669997124
127,1270025400000,4.0,9.0,4.657407407407407,4.0,7.0,648,0.0,0.0,0.0,0.0,0.0,0,0.0,0.0,0.0,0.0,0.0,0,1.0,1.0,1.0,1.0,1.0,552,0.9999999999999997,1.0000000000000002,1.0,1.0,1.0000000000000002,552,0.0,0.0,0.0,0.0,0.0,0.0,0.0,0.0,0.0,0.0,0.0,0.0,0.0,1185.8791539998492
128,1280025600000,4.0,9.0,4.66358024691358,4.0,7.0,648,0.0,0.0,0.0,0.0,0.0,0,0.0,0.0,0.0,0.0,0.0,0,1.0,1.0,1.0,1.0,1.0,552,0.9999999999999997,1.0000000000000004,1.0,1.0,1.0000000000000002,552,0.0,0.0,0.0,0.0,0.0,0.0,0.0,0.0,0.0,0.0,0.0,0.0,0.0,1229.834545999438
129,1290025800000,4.0,9.0,4.654320987654321,4.0,7.0,648,0.0,0.0,0.0,0.0,0.0,0,0.0,0.0,0.0,0.0,0.0,0,1.0,1.0,1.0,1.0,1.0,552,0.9999999999999996,1.0000000000000002,1.0,1.0,1.0000000000000002,552,0.0,0.0,0.0,0.0,0.0,0.0,0.0,0.0,0.0,0.0,0.0,0.0,0.0,1188.29132799965
130,1300026000000,4.0,10.0,4.652777777777778,4.0,7.0,648,0.0,0.0,0.0,0.0,0.0,0,0.0,0.0,0.0,0.0,0.0,0,1.0,1.0,1.0,1.0,1.0,552,0.9999999999999997,1.0000000000000004,1.0,1.0,1.0000000000000002,552,0.0,0.0,0.0,0.0,0.0,0.0,0.0,0.0,0.0,0.0,0.0,0.0,0.0,1195.624377999593
131,1310026200000,4.0,10.0,4.654320987654321,4.0,7.0,648,0.0,0.0,0.0,0.0,0.0,0,0.0,0.0,0.0,0.0,0.0,0,1.0,1.0,1.0,1.0,1.0,552,0.9999999999999996,1.0000000000000002,1.0,1.0,1.0000000000000002,552,0.0,0.0,0.0,0.0,0.0,0.0,0.0,0.0,0.0,0.0,0.0,0.0,0.0,1195.7550600000104
132,1320026400000,4.0,10.0,4.652777777777778,4.0,7.0,648,0.0,0.0,0.0,0.0,0.0,0,0.0,0.0,0.0,0.0,0.0,0,1.0,1.0,1.0,1.0,1.0,552,0.9999999999999998,1.0000000000000002,1.0,1.0,1.0000000000000002,552,0.0,0.0,0.0,0.0,0.0,0.0,0.0,0.0,0.0,0.0,0.0,0.0,0.0,1196.081528999457
133,1330026600000,4.0,10.0,4.640432098765432,4.0,7.0,648,0.0,0.0,0.0,0.0,0.0,0,0.0,0.0,0.0,0.0,0.0,0,1.0,1.0,1.0,1.0,1.0,552,0.9999999999999997,1.0000000000000002,1.0,1.0,1.0000000000000002,552,0.0,0.0,0.0,0.0,0.0,0.0,0.0,0.0,0.0,0.0,0.0,0.0,0.0,1173.7201619998814
134,1340026800000,4.0,10.0,4.640432098765432,4.0,7.0,648,0.0,0.0,0.0,0.0,0.0,0,0.0,0.0,0.0,0.0,0.0,0,1.0,1.0,1.0,1.0,1.0,552,0.9999999999999996,1.0000000000000002,1.0,1.0,1.0000000000000002,552,0.0,0.0,0.0,0.0,0.0,0.0,0.0,0.0,0.0,0.0,0.0,0.0,0.0,1175.9847809998973
135,1350027000000,4.0,10.0,4.640432098765432,4.0,7.0,648,0.0,0.0,0.0,0.0,0.0,0,0.0,0.0,0.0,0.0,0.0,0,1.0,1.0,1.0,1.0,1.0,552,0.9999999999999998,1.0000000000000002,1.0,1.0,1.0000000000000002,552,0.0,0.0,0.0,0.0,0.0,0.0,0.0,0.0,0.0,0.0,0.0,0.0,0.0,1206.9742180001413
136,1360027200000,4.0,10.0,4.643518518518518,4.0,7.0,648,0.0,0.0,0.0,0.0,0.0,0,0.0,0.0,0.0,0.0,0.0,0,1.0,1.0,1.0,1.0,1.0,552,0.9999999999999997,1.0000000000000002,1.0,1.0,1.0000000000000002,552,0.0,0.0,0.0,0.0,0.0,0.0,0.0,0.0,0.0,0.0,0.0,0.0,0.0,1201.7342319995805
137,1370027400000,4.0,10.0,4.646604938271605,4.0,7.0,648,0.0,0.0,0.0,0.0,0.0,0,0.0,0.0,0.0,0.0,0.0,0,1.0,1.0,1.0,1.0,1.0,552,0.9999999999999996,1.0000000000000004,1.0,1.0,1.0000000000000002,552,0.0,0.0,0.0,0.0,0.0,0.0,0.0,0.0,0.0,0.0,0.0,0.0,0.0,1194.3208689999665
138,1380027600000,4.0,10.0,4.648148148148148,4.0,7.0,648,0.0,0.0,0.0,0.0,0.0,0,0.0,0.0,0.0,0.0,0.0,0,1.0,1.0,1.0,1.0,1.0,552,0.9999999999999998,1.0000000000000004,1.0,1.0,1.0000000000000002,552,0.0,0.0,0.0,0.0,0.0,0.0,0.0,0.0,0.0,0.0,0.0,0.0,0.0,1194.1134389999206
139,1390027800000,4.0,10.0,4.6496913580246915,4.0,7.0,648,0.0,0.0,0.0,0.0,0.0,0,0.0,0.0,0.0,0.0,0.0,0,1.0,1.0,1.0,1.0,1.0,552,0.9999999999999996,1.0000000000000002,1.0,1.0,1.0000000000000002,552,0.0,0.0,0.0,0.0,0.0,0.0,0.0,0.0,0.0,0.0,0.0,0.0,0.0,1183.0176550001852
140,1400028000000,4.0,10.0,4.646604938271605,4.0,7.0,648,0.0,0.0,0.0,0.0,0.0,0,0.0,0.0,0.0,0.0,0.0,0,1.0,1.0,1.0,1.0,1.0,552,0.9999999999999997,1.0000000000000004,1.0,1.0,1.0000000000000002,552,0.0,0.0,0.0,0.0,0.0,0.0,0.0,0.0,0.0,0.0,0.0,0.0,0.0,1211.8761730007463
141,1410028200000,4.0,10.0,4.6419753086419755,4.0,7.0,648,0.0,0.0,0.0,0.0,0.0,0,0.0,0.0,0.0,0.0,0.0,0,1.0,1.0,1.0,1.0,1.0,552,0.9999999999999998,1.0000000000000004,1.0,1.0,1.0000000000000002,552,0.0,0.0,0.0,0.0,0.0,0.0,0.0,0.0,0.0,0.0,0.0,0.0,0.0,1206.5999919996102
142,1420028400000,4.0,10.0,4.645061728395062,4.0,7.0,648,0.0,0.0,0.0,0.0,0.0,0,0.0,0.0,0.0,0.0,0.0,0,1.0,1.0,1.0,1.0,1.0,552,0.9999999999999997,1.0000000000000002,1.0,1.0,1.0000000000000002,552,0.0,0.0,0.0,0.0,0.0,0.0,0.0,0.0,0.0,0.0,0.0,0.0,0.0,1201.4773129994865
143,1430028600000,4.0,10.0,4.645061728395062,4.0,7.0,648,0.0,0.0,0.0,0.0,0.0,0,0.0,0.0,0.0,0.0,0.0,0,1.0,1.0,1.0,1.0,1.0,552,0.9999999999999998,1.0000000000000004,1.0,1.0,1.0000000000000002,552,0.0,0.0,0.0,0.0,0.0,0.0,0.0,0.0,0.0,0.0,0.0,0.0,0.0,1202.7145869997184
144,1440028800000,4.0,9.0,4.645061728395062,4.0,7.0,648,0.0,0.0,0.0,0.0,0.0,0,0.0,0.0,0.0,0.0,0.0,0,1.0,1.0,1.0,1.0,1.0,552,0.9999999999999996,1.0000000000000004,1.0,1.0,1.0000000000000002,552,0.0,0.0,0.0,0.0,0.0,0.0,0.0,0.0,0.0,0.0,0.0,0.0,0.0,1219.7439900000973
145,1450029000000,4.0,9.0,4.652777777777778,4.0,7.0,648,0.0,0.0,0.0,0.0,0.0,0,0.0,0.0,0.0,0.0,0.0,0,1.0,1.0,1.0,1.0,1.0,552,0.9999999999999997,1.0000000000000002,1.0,1.0,1.0000000000000002,552,0.0,0.0,0.0,0.0,0.0,0.0,0.0,0.0,0.0,0.0,0.0,0.0,0.0,1206.870482999875
146,1460029200000,4.0,9.0,4.655864197530864,4.0,7.0,648,0.0,0.0,0.0,0.0,0.0,0,0.0,0.0,0.0,0.0,0.0,0,1.0,1.0,1.0,1.0,1.0,552,0.9999999999999998,1.0000000000000004,1.0,1.0,1.0000000000000002,552,0.0,0.0,0.0,0.0,0.0,0.0,0.0,0.0,0.0,0.0,0.0,0.0,0.0,1234.5849449993693
147,1470029400000,4.0,9.0,4.658950617283951,4.0,7.0,648,0.0,0.0,0.0,0.0,0.0,0,0.0,0.0,0.0,0.0,0.0,0,1.0,1.0,1.0,1.0,1.0,552,0.9999999999999998,1.0000000000000002,1.0,1.0,1.0000000000000002,552,0.0,0.0,0.0,0.0,0.0,0.0,0.0,0.0,0.0,0.0,0.0,0.0,0.0,1228.0388970002605
148,1480029600000,4.0,9.0,4.655864197530864,4.0,7.0,648,0.0,0.0,0.0,0.0,0.0,0,0.0,0.0,0.0,0.0,0.0,0,1.0,1.0,1.0,1.0,1.0,552,0.9999999999999998,1.0000000000000002,1.0,1.0,1.0000000000000002,552,0.0,0.0,0.0,0.0,0.0,0.0,0.0,0.0,0.0,0.0,0.0,0.0,0.0,1262.5314870001603
149,1490029800000,4.0,10.0,4.652777777777778,4.0,7.0,648,0.0,0.0,0.0,0.0,0.0,0,0.0,0.0,0.0,0.0,0.0,0,1.0,1.0,1.0,1.0,1.0,552,0.9999999999999998,1.0000000000000004,1.0,1.0,1.0000000000000002,552,0.0,0.0,0.0,0.0,0.0,0.0,0.0,0.0,0.0,0.0,0.0,0.0,0.0,1238.1208940005308
150,1500030000000,4.0,10.0,4.654320987654321,4.0,7.0,648,0.0,0.0,0.0,0.0,0.0,0,0.0,0.0,0.0,0.0,0.0,0,1.0,1.0,1.0,1.0,1.0,552,0.9999999999999996,1.0000000000000002,1.0,1.0,1.0000000000000002,552,0.0,0.0,0.0,0.0,0.0,0.0,0.0,0.0,0.0,0.0,0.0,0.0,0.0,1200.0120990005598
151,1510030200000,4.0,10.0,4.654320987654321,4.0,7.0,648,0.0,0.0,0.0,0.0,0.0,0,0.0,0.0,0.0,0.0,0.0,0,1.0,1.0,1.0,1.0,1.0,552,0.9999999999999998,1.0000000000000002,1.0,1.0,1.0000000000000002,552,0.0,0.0,0.0,0.0,0.0,0.0,0.0,0.0,0.0,0.0,0.0,0.0,0.0,1205.8955080001397
152,1520030400000,4.0,10.0,4.645061728395062,4.0,7.0,648,0.0,0.0,0.0,0.0,0.0,0,0.0,0.0,0.0,0.0,0.0,0,1.0,1.0,1.0,1.0,1.0,552,0.9999999999999998,1.0000000000000002,1.0,1.0,1.0000000000000002,552,0.0,0.0,0.0,0.0,0.0,0.0,0.0,0.0,0.0,0.0,0.0,0.0,0.0,1233.3324549999816
153,1530030600000,4.0,10.0,4.635802469135802,4.0,7.0,648,0.0,0.0,0.0,0.0,0.0,0,0.0,0.0,0.0,0.0,0.0,0,1.0,1.0,1.0,1.0,1.0,552,0.9999999999999997,1.0000000000000002,1.0,1.0,1.0000000000000002,552,0.0,0.0,0.0,0.0,0.0,0.0,0.0,0.0,0.0,0.0,0.0,0.0,0.0,1212.0234289996006
154,1540030800000,4.0,10.0,4.6419753086419755,4.0,7.0,648,0.0,0.0,0.0,0.0,0.0,0,0.0,0.0,0.0,0.0,0.0,0,1.0,1.0,1.0,1.0,1.0,552,0.9999999999999998,1.0000000000000002,1.0,1.0,1.0000000000000002,552,0.0,0.0,0.0,0.0,0.0,0.0,0.0,0.0,0.0,0.0,0.0,0.0,0.0,1211.6242820002299
155,1550031000000,4.0,10.0,4.651234567901234,4.0,7.0,648,0.0,0.0,0.0,0.0,0.0,0,0.0,0.0,0.0,0.0,0.0,0,1.0,1.0,1.0,1.0,1.0,552,0.9999999999999998,1.0000000000000002,1.0,1.0,1.0000000000000002,552,0.0,0.0,0.0,0.0,0.0,0.0,0.0,0.0,0.0,0.0,0.0,0.0,0.0,1202.2404310000638
156,1560031200000,4.0,10.0,4.654320987654321,4.0,7.0,648,0.0,0.0,0.0,0.0,0.0,0,0.0,0.0,0.0,0.0,0.0,0,1.0,1.0,1.0,1.0,1.0,552,0.9999999999999998,1.0000000000000004,1.0,1.0,1.0,552,0.0,0.0,0.0,0.0,0.0,0.0,0.0,0.0,0.0,0.0,0.0,0.0,0.0,1237.7959049999845
157,1570031400000,4.0,10.0,4.645061728395062,4.0,7.0,648,0.0,0.0,0.0,0.0,0.0,0,0.0,0.0,0.0,0.0,0.0,0,1.0,1.0,1.0,1.0,1.0,552,0.9999999999999997,1.0000000000000002,1.0,1.0,1.0,552,0.0,0.0,0.0,0.0,0.0,0.0,0.0,0.0,0.0,0.0,0.0,0.0,0.0,1198.3289780000632
158,1580031600000,4.0,10.0,4.6496913580246915,4.0,7.0,648,0.0,0.0,0.0,0.0,0.0,0,0.0,0.0,0.0,0.0,0.0,0,1.0,1.0,1.0,1.0,1.0,552,0.9999999999999997,1.0000000000000002,1.0,1.0,1.0000000000000002,552,0.0,0.0,0.0,0.0,0.0,0.0,0.0,0.0,0.0,0.0,0.0,0.0,0.0,1259.7106639996127
159,1590031800000,4.0,10.0,4.654320987654321,4.0,7.0,648,0.0,0.0,0.0,0.0,0.0,0,0.0,0.0,0.0,0.0,0.0,0,1.0,1.0,1.0,1.0,1.0,552,0.9999999999999996,1.0000000000000002,1.0,1.0,1.0,552,0.0,0.0,0.0,0.0,0.0,0.0,0.0,0.0,0.0,0.0,0.0,0.0,0.0,1226.5018180005427
160,1600032000000,4.0,10.0,4.654320987654321,4.0,7.0,648,0.0,0.0,0.0,0.0,0.0,0,0.0,0.0,0.0,0.0,0.0,0,1.0,1.0,1.0,1.0,1.0,552,0.9999999999999998,1.0000000000000002,1.0,1.0,1.0000000000000002,552,0.0,0.0,0.0,0.0,0.0,0.0,0.0,0.0,0.0,0.0,0.0,0.0,0.0,1232.3326069999894
161,1610032200000,4.0,9.0,4.645061728395062,4.0,7.0,648,0.0,0.0,0.0,0.0,0.0,0,0.0,0.0,0.0,0.0,0.0,0,1.0,1.0,1.0,1.0,1.0,552,0.9999999999999997,1.0000000000000004,1.0,1.0,1.0000000000000002,552,0.0,0.0,0.0,0.0,0.0,0.0,0.0,0.0,0.0,0.0,0.0,0.0,0.0,1217.8771700000652
162,1620032400000,4.0,9.0,4.645061728395062,4.0,7.0,648,0.0,0.0,0.0,0.0,0.0,0,0.0,0.0,0.0,0.0,0.0,0,1.0,1.0,1.0,1.0,1.0,552,0.9999999999999998,1.0000000000000002,1.0,1.0,1.0000000000000002,552,0.0,0.0,0.0,0.0,0.0,0.0,0.0,0.0,0.0,0.0,0.0,0.0,0.0,1225.728966999668
163,1630032600000,4.0,9.0,4.640432098765432,4.0,7.0,648,0.0,0.0,0.0,0.0,0.0,0,0.0,0.0,0.0,0.0,0.0,0,1.0,1.0,1.0,1.0,1.0,552,0.9999999999999998,1.0000000000000002,1.0,1.0,1.0000000000000002,552,0.0,0.0,0.0,0.0,0.0,0.0,0.0,0.0,0.0,0.0,0.0,0.0,0.0,1206.7051379999612
164,1640032800000,4.0,9.0,4.646604938271605,4.0,7.0,648,0.0,0.0,0.0,0.0,0.0,0,0.0,0.0,0.0,0.0,0.0,0,1.0,1.0,1.0,1.0,1.0,552,0.9999999999999998,1.0000000000000002,1.0,1.0,1.0000000000000002,552,0.0,0.0,0.0,0.0,0.0,0.0,0.0,0.0,0.0,0.0,0.0,0.0,0.0,1581.2942980001026
165,1650033000000,4.0,9.0,4.646604938271605,4.0,7.0,648,0.0,0.0,0.0,0.0,0.0,0,0.0,0.0,0.0,0.0,0.0,0,1.0,1.0,1.0,1.0,1.0,552,0.9999999999999997,1.0000000000000004,1.0,1.0,1.0000000000000002,552,0.0,0.0,0.0,0.0,0.0,0.0,0.0,0.0,0.0,0.0,0.0,0.0,0.0,1271.3200099997266
166,1660033200000,4.0,9.0,4.651234567901234,4.0,7.0,648,0.0,0.0,0.0,0.0,0.0,0,0.0,0.0,0.0,0.0,0.0,0,1.0,1.0,1.0,1.0,1.0,552,0.9999999999999998,1.0000000000000002,1.0,1.0,1.0000000000000002,552,0.0,0.0,0.0,0.0,0.0,0.0,0.0,0.0,0.0,0.0,0.0,0.0,0.0,1296.5604259998145
167,1670033400000,4.0,9.0,4.652777777777778,4.0,7.0,648,0.0,0.0,0.0,0.0,0.0,0,0.0,0.0,0.0,0.0,0.0,0,1.0,1.0,1.0,1.0,1.0,552,0.9999999999999997,1.0000000000000002,1.0,1.0,1.0000000000000002,552,0.0,0.0,0.0,0.0,0.0,0.0,0.0,0.0,0.0,0.0,0.0,0.0,0.0,1304.278835000332
168,1680033600000,4.0,9.0,4.651234567901234,4.0,7.0,648,0.0,0.0,0.0,0.0,0.0,0,0.0,0.0,0.0,0.0,0.0,0,1.0,1.0,1.0,1.0,1.0,552,0.9999999999999997,1.0000000000000002,1.0,1.0,1.0000000000000002,552,0.0,0.0,0.0,0.0,0.0,0.0,0.0,0.0,0.0,0.0,0.0,0.0,0.0,1346.2429100000008
169,1690033800000,4.0,10.0,4.652777777777778,4.0,7.0,648,0.0,0.0,0.0,0.0,0.0,0,0.0,0.0,0.0,0.0,0.0,0,1.0,1.0,1.0,1.0,1.0,552,0.9999999999999997,1.0000000000000002,1.0,1.0,1.0000000000000002,552,0.0,0.0,0.0,0.0,0.0,0.0,0.0,0.0,0.0,0.0,0.0,0.0,0.0,1275.7883229996878
170,1700034000000,4.0,10.0,4.637345679012346,4.0,7.0,648,0.0,0.0,0.0,0.0,0.0,0,0.0,0.0,0.0,0.0,0.0,0,1.0,1.0,1.0,1.0,1.0,552,0.9999999999999997,1.0000000000000004,1.0,1.0,1.0,552,0.0,0.0,0.0,0.0,0.0,0.0,0.0,0.0,0.0,0.0,0.0,0.0,0.0,1263.818106999679
171,1710034200000,4.0,10.0,4.637345679012346,4.0,7.0,648,0.0,0.0,0.0,0.0,0.0,0,0.0,0.0,0.0,0.0,0.0,0,1.0,1.0,1.0,1.0,1.0,552,0.9999999999999997,1.0000000000000002,1.0,1.0,1.0000000000000002,552,0.0,0.0,0.0,0.0,0.0,0.0,0.0,0.0,0.0,0.0,0.0,0.0,0.0,1269.7242140002345
172,1720034400000,4.0,10.0,4.6419753086419755,4.0,7.0,648,0.0,0.0,0.0,0.0,0.0,0,0.0,0.0,0.0,0.0,0.0,0,1.0,1.0,1.0,1.0,1.0,552,0.9999999999999996,1.0000000000000002,1.0,1.0,1.0000000000000002,552,0.0,0.0,0.0,0.0,0.0,0.0,0.0,0.0,0.0,0.0,0.0,0.0,0.0,1283.517386999847
173,1730034600000,4.0,10.0,4.646604938271605,4.0,7.0,648,0.0,0.0,0.0,0.0,0.0,0,0.0,0.0,0.0,0.0,0.0,0,1.0,1.0,1.0,1.0,1.0,552,0.9999999999999997,1.0000000000000002,1.0,1.0,1.0000000000000002,552,0.0,0.0,0.0,0.0,0.0,0.0,0.0,0.0,0.0,0.0,0.0,0.0,0.0,1272.9100440001275
174,1740034800000,4.0,10.0,4.655864197530864,4.0,7.0,648,0.0,0.0,0.0,0.0,0.0,0,0.0,0.0,0.0,0.0,0.0,0,1.0,1.0,1.0,1.0,1.0,552,0.9999999999999998,1.0000000000000002,1.0,1.0,1.0000000000000002,552,0.0,0.0,0.0,0.0,0.0,0.0,0.0,0.0,0.0,0.0,0.0,0.0,0.0,1313.8993380007378
175,1750035000000,4.0,10.0,4.654320987654321,4.0,7.0,648,0.0,0.0,0.0,0.0,0.0,0,0.0,0.0,0.0,0.0,0.0,0,1.0,1.0,1.0,1.0,1.0,552,0.9999999999999997,1.0000000000000004,1.0,1.0,1.0000000000000002,552,0.0,0.0,0.0,0.0,0.0,0.0,0.0,0.0,0.0,0.0,0.0,0.0,0.0,1284.9503140005254
176,1760035200000,4.0,10.0,4.6496913580246915,4.0,7.0,648,0.0,0.0,0.0,0.0,0.0,0,0.0,0.0,0.0,0.0,0.0,0,1.0,1.0,1.0,1.0,1.0,552,0.9999999999999997,1.0000000000000004,1.0,1.0,1.0000000000000002,552,0.0,0.0,0.0,0.0,0.0,0.0,0.0,0.0,0.0,0.0,0.0,0.0,0.0,1289.7825010004453
177,1770035400000,4.0,10.0,4.655864197530864,4.0,7.0,648,0.0,0.0,0.0,0.0,0.0,0,0.0,0.0,0.0,0.0,0.0,0,1.0,1.0,1.0,1.0,1.0,552,0.9999999999999997,1.0000000000000004,1.0,1.0,1.0000000000000002,552,0.0,0.0,0.0,0.0,0.0,0.0,0.0,0.0,0.0,0.0,0.0,0.0,0.0,1298.1201060001695
178,1780035600000,4.0,10.0,4.648148148148148,4.0,7.0,648,0.0,0.0,0.0,0.0,0.0,0,0.0,0.0,0.0,0.0,0.0,0,1.0,1.0,1.0,1.0,1.0,552,0.9999999999999998,1.0000000000000004,1.0,1.0,1.0000000000000002,552,0.0,0.0,0.0,0.0,0.0,0.0,0.0,0.0,0.0,0.0,0.0,0.0,0.0,1250.999471999421
179,1790035800000,4.0,9.0,4.651234567901234,4.0,7.0,648,0.0,0.0,0.0,0.0,0.0,0,0.0,0.0,0.0,0.0,0.0,0,1.0,1.0,1.0,1.0,1.0,552,0.9999999999999997,1.0000000000000004,1.0,1.0,1.0000000000000002,552,0.0,0.0,0.0,0.0,0.0,0.0,0.0,0.0,0.0,0.0,0.0,0.0,0.0,1270.4031510002096
180,1800036000000,4.0,9.0,4.6496913580246915,4.0,7.0,648,0.0,0.0,0.0,0.0,0.0,0,0.0,0.0,0.0,0.0,0.0,0,1.0,1.0,1.0,1.0,1.0,552,0.9999999999999997,1.0000000000000002,1.0,1.0,1.0000000000000002,552,0.0,0.0,0.0,0.0,0.0,0.0,0.0,0.0,0.0,0.0,0.0,0.0,0.0,1328.55777199984
181,1810036200000,4.0,9.0,4.651234567901234,4.0,7.0,648,0.0,0.0,0.0,0.0,0.0,0,0.0,0.0,0.0,0.0,0.0,0,1.0,1.0,1.0,1.0,1.0,552,0.9999999999999997,1.0000000000000002,1.0,1.0,1.0000000000000002,552,0.0,0.0,0.0,0.0,0.0,0.0,0.0,0.0,0.0,0.0,0.0,0.0,0.0,1232.3094390003462
182,1820036400000,4.0,9.0,4.651234567901234,4.0,7.0,648,0.0,0.0,0.0,0.0,0.0,0,0.0,0.0,0.0,0.0,0.0,0,1.0,1.0,1.0,1.0,1.0,552,0.9999999999999996,1.0000000000000002,1.0,1.0,1.0,552,0.0,0.0,0.0,0.0,0.0,0.0,0.0,0.0,0.0,0.0,0.0,0.0,0.0,1273.4825150000688
183,1830036600000,4.0,9.0,4.646604938271605,4.0,7.0,648,0.0,0.0,0.0,0.0,0.0,0,0.0,0.0,0.0,0.0,0.0,0,1.0,1.0,1.0,1.0,1.0,552,0.9999999999999997,1.0000000000000002,1.0,1.0,1.0000000000000002,552,0.0,0.0,0.0,0.0,0.0,0.0,0.0,0.0,0.0,0.0,0.0,0.0,0.0,1267.2889389996271
184,1840036800000,4.0,9.0,4.638888888888889,4.0,7.0,648,0.0,0.0,0.0,0.0,0.0,0,0.0,0.0,0.0,0.0,0.0,0,1.0,1.0,1.0,1.0,1.0,552,0.9999999999999997,1.0000000000000002,1.0,1.0,1.0000000000000002,552,0.0,0.0,0.0,0.0,0.0,0.0,0.0,0.0,0.0,0.0,0.0,0.0,0.0,1267.3439280006278
185,1850037000000,4.0,9.0,4.646604938271605,4.0,7.0,648,0.0,0.0,0.0,0.0,0.0,0,0.0,0.0,0.0,0.0,0.0,0,1.0,1.0,1.0,1.0,1.0,552,0.9999999999999997,1.0000000000000004,1.0,1.0,1.0000000000000002,552,0.0,0.0,0.0,0.0,0.0,0.0,0.0,0.0,0.0,0.0,0.0,0.0,0.0,1240.3715460004605
186,1860037200000,4.0,9.0,4.645061728395062,4.0,7.0,648,0.0,0.0,0.0,0.0,0.0,0,0.0,0.0,0.0,0.0,0.0,0,1.0,1.0,1.0,1.0,1.0,552,0.9999999999999997,1.0000000000000002,1.0,1.0,1.0000000000000002,552,0.0,0.0,0.0,0.0,0.0,0.0,0.0,0.0,0.0,0.0,0.0,0.0,0.0,1283.503687999655
187,1870037400000,4.0,9.0,4.6496913580246915,4.0,7.0,648,0.0,0.0,0.0,0.0,0.0,0,0.0,0.0,0.0,0.0,0.0,0,1.0,1.0,1.0,1.0,1.0,552,0.9999999999999996,1.0000000000000002,1.0,1.0,1.0,552,0.0,0.0,0.0,0.0,0.0,0.0,0.0,0.0,0.0,0.0,0.0,0.0,0.0,1259.986153000682
188,1880037600000,4.0,10.0,4.648148148148148,4.0,7.0,648,0.0,0.0,0.0,0.0,0.0,0,0.0,0.0,0.0,0.0,0.0,0,1.0,1.0,1.0,1.0,1.0,552,0.9999999999999997,1.0000000000000002,1.0,1.0,1.0000000000000002,552,0.0,0.0,0.0,0.0,0.0,0.0,0.0,0.0,0.0,0.0,0.0,0.0,0.0,1289.759767999385
189,1890037800000,4.0,10.0,4.6419753086419755,4.0,7.0,648,0.0,0.0,0.0,0.0,0.0,0,0.0,0.0,0.0,0.0,0.0,0,1.0,1.0,1.0,1.0,1.0,552,0.9999999999999996,1.0000000000000002,1.0,1.0,1.0000000000000002,552,0.0,0.0,0.0,0.0,0.0,0.0,0.0,0.0,0.0,0.0,0.0,0.0,0.0,1253.4392130000924
190,1900038000000,4.0,10.0,4.640432098765432,4.0,7.0,648,0.0,0.0,0.0,0.0,0.0,0,0.0,0.0,0.0,0.0,0.0,0,1.0,1.0,1.0,1.0,1.0,552,0.9999999999999997,1.0000000000000002,1.0,1.0,1.0000000000000002,552,0.0,0.0,0.0,0.0,0.0,0.0,0.0,0.0,0.0,0.0,0.0,0.0,0.0,1272.4218779994771
191,1910038200000,4.0,10.0,4.648148148148148,4.0,7.0,648,0.0,0.0,0.0,0.0,0.0,0,0.0,0.0,0.0,0.0,0.0,0,1.0,1.0,1.0,1.0,1.0,552,0.9999999999999997,1.0000000000000004,1.0,1.0,1.0000000000000002,552,0.0,0.0,0.0,0.0,0.0,0.0,0.0,0.0,0.0,0.0,0.0,0.0,0.0,1272.5676489999387
192,1920038400000,4.0,10.0,4.652777777777778,4.0,7.0,648,0.0,0.0,0.0,0.0,0.0,0,0.0,0.0,0.0,0.0,0.0,0,1.0,1.0,1.0,1.0,1.0,552,0.9999999999999998,1.0000000000000002,1.0,1.0,1.0,552,0.0,0.0,0.0,0.0,0.0,0.0,0.0,0.0,0.0,0.0,0.0,0.0,0.0,1298.6625470002764
193,1930038600000,4.0,10.0,4.660493827160494,4.0,7.0,648,0.0,0.0,0.0,0.0,0.0,0,0.0,0.0,0.0,0.0,0.0,0,1.0,1.0,1.0,1.0,1.0,552,0.9999999999999998,1.0000000000000002,1.0,1.0,1.0000000000000002,552,0.0,0.0,0.0,0.0,0.0,0.0,0.0,0.0,0.0,0.0,0.0,0.0,0.0,1240.5449560001216
194,1940038800000,4.0,10.0,4.654320987654321,4.0,7.0,648,0.0,0.0,0.0,0.0,0.0,0,0.0,0.0,0.0,0.0,0.0,0,1.0,1.0,1.0,1.0,1.0,552,0.9999999999999996,1.0000000000000002,1.0,1.0,1.0000000000000002,552,0.0,0.0,0.0,0.0,0.0,0.0,0.0,0.0,0.0,0.0,0.0,0.0,0.0,1223.7567279998984
195,1950039000000,4.0,10.0,4.657407407407407,4.0,7.0,648,0.0,0.0,0.0,0.0,0.0,0,0.0,0.0,0.0,0.0,0.0,0,1.0,1.0,1.0,1.0,1.0,552,0.9999999999999998,1.0000000000000002,1.0,1.0,1.0000000000000002,552,0.0,0.0,0.0,0.0,0.0,0.0,0.0,0.0,0.0,0.0,0.0,0.0,0.0,1220.5395780001709
196,1960039200000,4.0,10.0,4.6496913580246915,4.0,7.0,648,0.0,0.0,0.0,0.0,0.0,0,0.0,0.0,0.0,0.0,0.0,0,1.0,1.0,1.0,1.0,1.0,552,0.9999999999999998,1.0000000000000002,1.0,1.0,1.0,552,0.0,0.0,0.0,0.0,0.0,0.0,0.0,0.0,0.0,0.0,0.0,0.0,0.0,1301.5133240005525
197,1970039400000,4.0,9.0,4.646604938271605,4.0,7.0,648,0.0,0.0,0.0,0.0,0.0,0,0.0,0.0,0.0,0.0,0.0,0,1.0,1.0,1.0,1.0,1.0,552,0.9999999999999998,1.0000000000000002,1.0,1.0,1.0000000000000002,552,0.0,0.0,0.0,0.0,0.0,0.0,0.0,0.0,0.0,0.0,0.0,0.0,0.0,1293.4778160006317
198,1980039600000,4.0,9.0,4.660493827160494,4.0,7.0,648,0.0,0.0,0.0,0.0,0.0,0,0.0,0.0,0.0,0.0,0.0,0,1.0,1.0,1.0,1.0,1.0,552,0.9999999999999998,1.0000000000000004,1.0,1.0,1.0000000000000002,552,0.0,0.0,0.0,0.0,0.0,0.0,0.0,0.0,0.0,0.0,0.0,0.0,0.0,1297.8031539996664
199,1990039800000,4.0,9.0,4.660493827160494,4.0,7.0,648,0.0,0.0,0.0,0.0,0.0,0,0.0,0.0,0.0,0.0,0.0,0,1.0,1.0,1.0,1.0,1.0,552,0.9999999999999997,1.0000000000000002,1.0,1.0,1.0000000000000002,552,0.0,0.0,0.0,0.0,0.0,0.0,0.0,0.0,0.0,0.0,0.0,0.0,0.0,1285.6497060001857
200,2000040000000,4.0,9.0,4.654320987654321,4.0,7.0,648,0.0,0.0,0.0,0.0,0.0,0,0.0,0.0,0.0,0.0,0.0,0,1.0,1.0,1.0,1.0,1.0,552,0.9999999999999997,1.0000000000000004,1.0,1.0,1.0,552,0.0,0.0,0.0,0.0,0.0,0.0,0.0,0.0,0.0,0.0,0.0,0.0,0.0,1294.76921999958
201,2010040200000,4.0,9.0,4.652777777777778,4.0,7.0,648,0.0,0.0,0.0,0.0,0.0,0,0.0,0.0,0.0,0.0,0.0,0,1.0,1.0,1.0,1.0,1.0,552,0.9999999999999997,1.0000000000000004,1.0,1.0,1.0000000000000002,552,0.0,0.0,0.0,0.0,0.0,0.0,0.0,0.0,0.0,0.0,0.0,0.0,0.0,1249.6789130000252
202,2020040400000,4.0,9.0,4.6496913580246915,4.0,7.0,648,0.0,0.0,0.0,0.0,0.0,0,0.0,0.0,0.0,0.0,0.0,0,1.0,1.0,1.0,1.0,1.0,552,0.9999999999999998,1.0000000000000004,1.0,1.0,1.0000000000000002,552,0.0,0.0,0.0,0.0,0.0,0.0,0.0,0.0,0.0,0.0,0.0,0.0,0.0,1521.7791089999082
203,2030040600000,4.0,9.0,4.6419753086419755,4.0,7.0,648,0.0,0.0,0.0,0.0,0.0,0,0.0,0.0,0.0,0.0,0.0,0,1.0,1.0,1.0,1.0,1.0,552,0.9999999999999997,1.0000000000000004,1.0,1.0,1.0000000000000002,552,0.0,0.0,0.0,0.0,0.0,0.0,0.0,0.0,0.0,0.0,0.0,0.0,0.0,1499.1010200001256
204,2040040800000,4.0,9.0,4.648148148148148,4.0,7.0,648,0.0,0.0,0.0,0.0,0.0,0,0.0,0.0,0.0,0.0,0.0,0,1.0,1.0,1.0,1.0,1.0,552,0.9999999999999997,1.0000000000000004,1.0,1.0,1.0000000000000002,552,0.0,0.0,0.0,0.0,0.0,0.0,0.0,0.0,0.0,0.0,0.0,0.0,0.0,1619.8282170007587
205,2050041000000,4.0,9.0,4.640432098765432,4.0,7.0,648,0.0,0.0,0.0,0.0,0.0,0,0.0,0.0,0.0,0.0,0.0,0,1.0,1.0,1.0,1.0,1.0,552,0.9999999999999997,1.0000000000000002,1.0,1.0,1.0000000000000002,552,0.0,0.0,0.0,0.0,0.0,0.0,0.0,0.0,0.0,0.0,0.0,0.0,0.0,1432.3142559996995
206,2060041200000,4.0,9.0,4.6496913580246915,4.0,7.0,648,0.0,0.0,0.0,0.0,0.0,0,0.0,0.0,0.0,0.0,0.0,0,1.0,1.0,1.0,1.0,1.0,552,0.9999999999999996,1.0000000000000004,1.0,1.0,1.0000000000000002,552,0.0,0.0,0.0,0.0,0.0,0.0,0.0,0.0,0.0,0.0,0.0,0.0,0.0,1741.8604309996226
207,2070041400000,4.0,10.0,4.654320987654321,4.0,7.0,648,0.0,0.0,0.0,0.0,0.0,0,0.0,0.0,0.0,0.0,0.0,0,1.0,1.0,1.0,1.0,1.0,552,0.9999999999999997,1.0000000000000002,1.0,1.0,1.0000000000000002,552,0.0,0.0,0.0,0.0,0.0,0.0,0.0,0.0,0.0,0.0,0.0,0.0,0.0,1402.5407489998543
208,2080041600000,4.0,10.0,4.645061728395062,4.0,7.0,648,0.0,0.0,0.0,0.0,0.0,0,0.0,0.0,0.0,0.0,0.0,0,1.0,1.0,1.0,1.0,1.0,552,0.9999999999999998,1.0000000000000002,1.0,1.0,1.0000000000000002,552,0.0,0.0,0.0,0.0,0.0,0.0,0.0,0.0,0.0,0.0,0.0,0.0,0.0,1837.623542000074
209,2090041800000,4.0,10.0,4.646604938271605,4.0,7.0,648,0.0,0.0,0.0,0.0,0.0,0,0.0,0.0,0.0,0.0,0.0,0,1.0,1.0,1.0,1.0,1.0,552,0.9999999999999998,1.0000000000000002,1.0,1.0,1.0000000000000002,552,0.0,0.0,0.0,0.0,0.0,0.0,0.0,0.0,0.0,0.0,0.0,0.0,0.0,1379.4066159998692
210,2100042000000,4.0,10.0,4.654320987654321,4.0,7.0,648,0.0,0.0,0.0,0.0,0.0,0,0.0,0.0,0.0,0.0,0.0,0,1.0,1.0,1.0,1.0,1.0,552,0.9999999999999996,1.0000000000000002,1.0,1.0,1.0000000000000002,552,0.0,0.0,0.0,0.0,0.0,0.0,0.0,0.0,0.0,0.0,0.0,0.0,0.0,1403.5349299992959
211,2110042200000,4.0,10.0,4.658950617283951,4.0,7.0,648,0.0,0.0,0.0,0.0,0.0,0,0.0,0.0,0.0,0.0,0.0,0,1.0,1.0,1.0,1.0,1.0,552,0.9999999999999997,1.0000000000000002,1.0,1.0,1.0000000000000002,552,0.0,0.0,0.0,0.0,0.0,0.0,0.0,0.0,0.0,0.0,0.0,0.0,0.0,1367.1372740000152
212,2120042400000,4.0,10.0,4.648148148148148,4.0,7.0,648,0.0,0.0,0.0,0.0,0.0,0,0.0,0.0,0.0,0.0,0.0,0,1.0,1.0,1.0,1.0,1.0,552,0.9999999999999997,1.0000000000000002,1.0,1.0,1.0000000000000002,552,0.0,0.0,0.0,0.0,0.0,0.0,0.0,0.0,0.0,0.0,0.0,0.0,0.0,1409.9789239999154
213,2130042600000,4.0,10.0,4.651234567901234,4.0,7.0,648,0.0,0.0,0.0,0.0,0.0,0,0.0,0.0,0.0,0.0,0.0,0,1.0,1.0,1.0,1.0,1.0,552,0.9999999999999998,1.0000000000000002,1.0,1.0,1.0000000000000002,552,0.0,0.0,0.0,0.0,0.0,0.0,0.0,0.0,0.0,0.0,0.0,0.0,0.0,1313.1299460001173
214,2140042800000,4.0,9.0,4.645061728395062,4.0,7.0,648,0.0,0.0,0.0,0.0,0.0,0,0.0,0.0,0.0,0.0,0.0,0,1.0,1.0,1.0,1.0,1.0,552,0.9999999999999996,1.0000000000000002,1.0,1.0,1.0000000000000002,552,0.0,0.0,0.0,0.0,0.0,0.0,0.0,0.0,0.0,0.0,0.0,0.0,0.0,1264.0556500000457
215,2150043000000,4.0,9.0,4.645061728395062,4.0,7.0,648,0.0,0.0,0.0,0.0,0.0,0,0.0,0.0,0.0,0.0,0.0,0,1.0,1.0,1.0,1.0,1.0,552,0.9999999999999998,1.0000000000000002,1.0,1.0,1.0000000000000002,552,0.0,0.0,0.0,0.0,0.0,0.0,0.0,0.0,0.0,0.0,0.0,0.0,0.0,1322.177308999926
216,2160043200000,4.0,9.0,4.651234567901234,4.0,7.0,648,0.0,0.0,0.0,0.0,0.0,0,0.0,0.0,0.0,0.0,0.0,0,1.0,1.0,1.0,1.0,1.0,552,0.9999999999999997,1.0000000000000002,1.0,1.0,1.0000000000000002,552,0.0,0.0,0.0,0.0,0.0,0.0,0.0,0.0,0.0,0.0,0.0,0.0,0.0,1295.234010999593
217,2170043400000,4.0,9.0,4.657407407407407,4.0,7.0,648,0.0,0.0,0.0,0.0,0.0,0,0.0,0.0,0.0,0.0,0.0,0,1.0,1.0,1.0,1.0,1.0,552,0.9999999999999997,1.0000000000000002,1.0,1.0,1.0000000000000002,552,0.0,0.0,0.0,0.0,0.0,0.0,0.0,0.0,0.0,0.0,0.0,0.0,0.0,1276.535643999523
218,2180043600000,4.0,9.0,4.652777777777778,4.0,7.0,648,0.0,0.0,0.0,0.0,0.0,0,0.0,0.0,0.0,0.0,0.0,0,1.0,1.0,1.0,1.0,1.0,552,0.9999999999999997,1.0000000000000002,1.0,1.0,1.0000000000000002,552,0.0,0.0,0.0,0.0,0.0,0.0,0.0,0.0,0.0,0.0,0.0,0.0,0.0,1267.6482540000507
219,2190043800000,4.0,9.0,4.652777777777778,4.0,7.0,648,0.0,0.0,0.0,0.0,0.0,0,0.0,0.0,0.0,0.0,0.0,0,1.0,1.0,1.0,1.0,1.0,552,0.9999999999999997,1.0000000000000004,1.0,1.0,1.0000000000000002,552,0.0,0.0,0.0,0.0,0.0,0.0,0.0,0.0,0.0,0.0,0.0,0.0,0.0,1449.2927770006645
220,2200044000000,4.0,9.0,4.6496913580246915,4.0,7.0,648,0.0,0.0,0.0,0.0,0.0,0,0.0,0.0,0.0,0.0,0.0,0,1.0,1.0,1.0,1.0,1.0,552,0.9999999999999996,1.0000000000000004,1.0,1.0,1.0000000000000002,552,0.0,0.0,0.0,0.0,0.0,0.0,0.0,0.0,0.0,0.0,0.0,0.0,0.0,1328.085158000249
221,2210044200000,4.0,9.0,4.648148148148148,4.0,7.0,648,0.0,0.0,0.0,0.0,0.0,0,0.0,0.0,0.0,0.0,0.0,0,1.0,1.0,1.0,1.0,1.0,552,0.9999999999999997,1.0000000000000004,1.0,1.0,1.0000000000000002,552,0.0,0.0,0.0,0.0,0.0,0.0,0.0,0.0,0.0,0.0,0.0,0.0,0.0,1297.467508000409
222,2220044400000,4.0,9.0,4.645061728395062,4.0,7.0,648,0.0,0.0,0.0,0.0,0.0,0,0.0,0.0,0.0,0.0,0.0,0,1.0,1.0,1.0,1.0,1.0,552,0.9999999999999997,1.0000000000000004,1.0,1.0,1.0000000000000002,552,0.0,0.0,0.0,0.0,0.0,0.0,0.0,0.0,0.0,0.0,0.0,0.0,0.0,1289.5286650000344
223,2230044600000,4.0,9.0,4.651234567901234,4.0,7.0,648,0.0,0.0,0.0,0.0,0.0,0,0.0,0.0,0.0,0.0,0.0,0,1.0,1.0,1.0,1.0,1.0,552,0.9999999999999997,1.0000000000000002,1.0,1.0,1.0000000000000002,552,0.0,0.0,0.0,0.0,0.0,0.0,0.0,0.0,0.0,0.0,0.0,0.0,0.0,1272.500955000396
224,2240044800000,4.0,9.0,4.655864197530864,4.0,7.0,648,0.0,0.0,0.0,0.0,0.0,0,0.0,0.0,0.0,0.0,0.0,0,1.0,1.0,1.0,1.0,1.0,552,0.9999999999999998,1.0000000000000002,1.0,1.0,1.0,552,0.0,0.0,0.0,0.0,0.0,0.0,0.0,0.0,0.0,0.0,0.0,0.0,0.0,1325.2182790001825
225,2250045000000,4.0,9.0,4.646604938271605,4.0,7.0,648,0.0,0.0,0.0,0.0,0.0,0,0.0,0.0,0.0,0.0,0.0,0,1.0,1.0,1.0,1.0,1.0,552,0.9999999999999997,1.0000000000000004,1.0,1.0,1.0000000000000002,552,0.0,0.0,0.0,0.0,0.0,0.0,0.0,0.0,0.0,0.0,0.0,0.0,0.0,1283.215342999938
226,2260045200000,4.0,9.0,4.646604938271605,4.0,7.0,648,0.0,0.0,0.0,0.0,0.0,0,0.0,0.0,0.0,0.0,0.0,0,1.0,1.0,1.0,1.0,1.0,552,0.9999999999999996,1.0000000000000002,1.0,1.0,1.0000000000000002,552,0.0,0.0,0.0,0.0,0.0,0.0,0.0,0.0,0.0,0.0,0.0,0.0,0.0,1266.4951369997652
227,2270045400000,4.0,10.0,4.654320987654321,4.0,7.0,648,0.0,0.0,0.0,0.0,0.0,0,0.0,0.0,0.0,0.0,0.0,0,1.0,1.0,1.0,1.0,1.0,552,0.9999999999999997,1.0000000000000002,1.0,1.0,1.0000000000000002,552,0.0,0.0,0.0,0.0,0.0,0.0,0.0,0.0,0.0,0.0,0.0,0.0,0.0,1300.3938150004615
228,2280045600000,4.0,10.0,4.648148148148148,4.0,7.0,648,0.0,0.0,0.0,0.0,0.0,0,0.0,0.0,0.0,0.0,0.0,0,1.0,1.0,1.0,1.0,1.0,552,0.9999999999999998,1.0000000000000002,1.0,1.0,1.0000000000000002,552,0.0,0.0,0.0,0.0,0.0,0.0,0.0,0.0,0.0,0.0,0.0,0.0,0.0,1339.7969710003963
229,2290045800000,4.0,10.0,4.640432098765432,4.0,7.0,648,0.0,0.0,0.0,0.0,0.0,0,0.0,0.0,0.0,0.0,0.0,0,1.0,1.0,1.0,1.0,1.0,552,0.9999999999999998,1.0000000000000002,1.0,1.0,1.0000000000000002,552,0.0,0.0,0.0,0.0,0.0,0.0,0.0,0.0,0.0,0.0,0.0,0.0,0.0,1301.7590099998415
230,2300046000000,4.0,10.0,4.643518518518518,4.0,7.0,648,0.0,0.0,0.0,0.0,0.0,0,0.0,0.0,0.0,0.0,0.0,0,1.0,1.0,1.0,1.0,1.0,552,0.9999999999999998,1.0000000000000002,1.0,1.0,1.0000000000000002,552,0.0,0.0,0.0,0.0,0.0,0.0,0.0,0.0,0.0,0.0,0.0,0.0,0.0,1272.173409000061
231,2310046200000,4.0,9.0,4.648148148148148,4.0,7.0,648,0.0,0.0,0.0,0.0,0.0,0,0.0,0.0,0.0,0.0,0.0,0,1.0,1.0,1.0,1.0,1.0,552,0.9999999999999997,1.0000000000000002,1.0,1.0,1.0000000000000002,552,0.0,0.0,0.0,0.0,0.0,0.0,0.0,0.0,0.0,0.0,0.0,0.0,0.0,1281.586406000315
232,2320046400000,4.0,9.0,4.643518518518518,4.0,7.0,648,0.0,0.0,0.0,0.0,0.0,0,0.0,0.0,0.0,0.0,0.0,0,1.0,1.0,1.0,1.0,1.0,552,0.9999999999999997,1.0000000000000002,1.0,1.0,1.0000000000000002,552,0.0,0.0,0.0,0.0,0.0,0.0,0.0,0.0,0.0,0.0,0.0,0.0,0.0,1272.6806269993176
233,2330046600000,4.0,9.0,4.6419753086419755,4.0,7.0,648,0.0,0.0,0.0,0.0,0.0,0,0.0,0.0,0.0,0.0,0.0,0,1.0,1.0,1.0,1.0,1.0,552,0.9999999999999998,1.0000000000000002,1.0,1.0,1.0000000000000002,552,0.0,0.0,0.0,0.0,0.0,0.0,0.0,0.0,0.0,0.0,0.0,0.0,0.0,1250.465792999421
234,2340046800000,4.0,9.0,4.640432098765432,4.0,7.0,648,0.0,0.0,0.0,0.0,0.0,0,0.0,0.0,0.0,0.0,0.0,0,1.0,1.0,1.0,1.0,1.0,552,0.9999999999999998,1.0000000000000002,1.0,1.0,1.0000000000000002,552,0.0,0.0,0.0,0.0,0.0,0.0,0.0,0.0,0.0,0.0,0.0,0.0,0.0,1333.655766999982
235,2350047000000,4.0,9.0,4.651234567901234,4.0,7.0,648,0.0,0.0,0.0,0.0,0.0,0,0.0,0.0,0.0,0.0,0.0,0,1.0,1.0,1.0,1.0,1.0,552,0.9999999999999997,1.0000000000000002,1.0,1.0,1.0000000000000002,552,0.0,0.0,0.0,0.0,0.0,0.0,0.0,0.0,0.0,0.0,0.0,0.0,0.0,1273.2450210005481
236,2360047200000,4.0,9.0,4.652777777777778,4.0,7.0,648,0.0,0.0,0.0,0.0,0.0,0,0.0,0.0,0.0,0.0,0.0,0,1.0,1.0,1.0,1.0,1.0,552,0.9999999999999997,1.0000000000000004,1.0,1.0,1.0000000000000002,552,0.0,0.0,0.0,0.0,0.0,0.0,0.0,0.0,0.0,0.0,0.0,0.0,0.0,1289.106662999984
237,2370047400000,4.0,9.0,4.652777777777778,4.0,7.0,648,0.0,0.0,0.0,0.0,0.0,0,0.0,0.0,0.0,0.0,0.0,0,1.0,1.0,1.0,1.0,1.0,552,0.9999999999999996,1.0000000000000002,1.0,1.0,1.0000000000000002,552,0.0,0.0,0.0,0.0,0.0,0.0,0.0,0.0,0.0,0.0,0.0,0.0,0.0,1266.0355549996893
238,2380047600000,4.0,9.0,4.652777777777778,4.0,7.0,648,0.0,0.0,0.0,0.0,0.0,0,0.0,0.0,0.0,0.0,0.0,0,1.0,1.0,1.0,1.0,1.0,552,0.9999999999999998,1.0000000000000002,1.0,1.0,1.0000000000000002,552,0.0,0.0,0.0,0.0,0.0,0.0,0.0,0.0,0.0,0.0,0.0,0.0,0.0,1254.8676940004952
239,2390047800000,4.0,9.0,4.652777777777778,4.0,7.0,648,0.0,0.0,0.0,0.0,0.0,0,0.0,0.0,0.0,0.0,0.0,0,1.0,1.0,1.0,1.0,1.0,552,0.9999999999999998,1.0000000000000002,1.0,1.0,1.0000000000000002,552,0.0,0.0,0.0,0.0,0.0,0.0,0.0,0.0,0.0,0.0,0.0,0.0,0.0,1289.8360649996903
240,2400048000000,4.0,9.0,4.648148148148148,4.0,7.0,648,0.0,0.0,0.0,0.0,0.0,0,0.0,0.0,0.0,0.0,0.0,0,1.0,1.0,1.0,1.0,1.0,552,0.9999999999999996,1.0000000000000002,1.0,1.0,1.0,552,0.0,0.0,0.0,0.0,0.0,0.0,0.0,0.0,0.0,0.0,0.0,0.0,0.0,1305.5922889998328
241,2410048200000,4.0,9.0,4.652777777777778,4.0,7.0,648,0.0,0.0,0.0,0.0,0.0,0,0.0,0.0,0.0,0.0,0.0,0,1.0,1.0,1.0,1.0,1.0,552,0.9999999999999997,1.0000000000000004,1.0,1.0,1.0000000000000002,552,0.0,0.0,0.0,0.0,0.0,0.0,0.0,0.0,0.0,0.0,0.0,0.0,0.0,1278.9627009997275
242,2420048400000,4.0,9.0,4.657407407407407,4.0,7.0,648,0.0,0.0,0.0,0.0,0.0,0,0.0,0.0,0.0,0.0,0.0,0,1.0,1.0,1.0,1.0,1.0,552,0.9999999999999998,1.0000000000000002,1.0,1.0,1.0000000000000002,552,0.0,0.0,0.0,0.0,0.0,0.0,0.0,0.0,0.0,0.0,0.0,0.0,0.0,1269.6094579996497
243,2430048600000,4.0,9.0,4.655864197530864,4.0,7.0,648,0.0,0.0,0.0,0.0,0.0,0,0.0,0.0,0.0,0.0,0.0,0,1.0,1.0,1.0,1.0,1.0,552,0.9999999999999997,1.0000000000000002,1.0,1.0,1.0000000000000002,552,0.0,0.0,0.0,0.0,0.0,0.0,0.0,0.0,0.0,0.0,0.0,0.0,0.0,1293.4010959997977
244,2440048800000,4.0,9.0,4.654320987654321,4.0,7.0,648,0.0,0.0,0.0,0.0,0.0,0,0.0,0.0,0.0,0.0,0.0,0,1.0,1.0,1.0,1.0,1.0,552,0.9999999999999997,1.0000000000000002,1.0,1.0,1.0000000000000002,552,0.0,0.0,0.0,0.0,0.0,0.0,0.0,0.0,0.0,0.0,0.0,0.0,0.0,1276.3057729998764
245,2450049000000,4.0,9.0,4.654320987654321,4.0,7.0,648,0.0,0.0,0.0,0.0,0.0,0,0.0,0.0,0.0,0.0,0.0,0,1.0,1.0,1.0,1.0,1.0,552,0.9999999999999996,1.0000000000000002,1.0,1.0,1.0,552,0.0,0.0,0.0,0.0,0.0,0.0,0.0,0.0,0.0,0.0,0.0,0.0,0.0,1273.2421649998287
246,2460049200000,4.0,10.0,4.6496913580246915,4.0,7.0,648,0.0,0.0,0.0,0.0,0.0,0,0.0,0.0,0.0,0.0,0.0,0,1.0,1.0,1.0,1.0,1.0,552,0.9999999999999997,1.0000000000000002,1.0,1.0,1.0000000000000002,552,0.0,0.0,0.0,0.0,0.0,0.0,0.0,0.0,0.0,0.0,0.0,0.0,0.0,1279.7512450006252
247,2470049400000,4.0,10.0,4.6419753086419755,4.0,7.0,648,0.0,0.0,0.0,0.0,0.0,0,0.0,0.0,0.0,0.0,0.0,0,1.0,1.0,1.0,1.0,1.0,552,0.9999999999999997,1.0000000000000004,1.0,1.0,1.0000000000000002,552,0.0,0.0,0.0,0.0,0.0,0.0,0.0,0.0,0.0,0.0,0.0,0.0,0.0,1293.185585000174
248,2480049600000,4.0,9.0,4.632716049382716,4.0,7.0,648,0.0,0.0,0.0,0.0,0.0,0,0.0,0.0,0.0,0.0,0.0,0,1.0,1.0,1.0,1.0,1.0,552,0.9999999999999998,1.0000000000000002,1.0,1.0,1.0,552,0.0,0.0,0.0,0.0,0.0,0.0,0.0,0.0,0.0,0.0,0.0,0.0,0.0,1329.8098040004334
249,2490049800000,4.0,9.0,4.637345679012346,4.0,7.0,648,0.0,0.0,0.0,0.0,0.0,0,0.0,0.0,0.0,0.0,0.0,0,1.0,1.0,1.0,1.0,1.0,552,0.9999999999999997,1.0000000000000002,1.0,1.0,1.0000000000000002,552,0.0,0.0,0.0,0.0,0.0,0.0,0.0,0.0,0.0,0.0,0.0,0.0,0.0,1279.0973780001877
250,2500050000000,4.0,9.0,4.635802469135802,4.0,7.0,648,0.0,0.0,0.0,0.0,0.0,0,0.0,0.0,0.0,0.0,0.0,0,1.0,1.0,1.0,1.0,1.0,552,0.9999999999999997,1.0000000000000002,1.0,1.0,1.0000000000000002,552,0.0,0.0,0.0,0.0,0.0,0.0,0.0,0.0,0.0,0.0,0.0,0.0,0.0,1332.5843319998967
251,2510050200000,4.0,9.0,4.637345679012346,4.0,7.0,648,0.0,0.0,0.0,0.0,0.0,0,0.0,0.0,0.0,0.0,0.0,0,1.0,1.0,1.0,1.0,1.0,552,0.9999999999999998,1.0000000000000004,1.0,1.0,1.0,552,0.0,0.0,0.0,0.0,0.0,0.0,0.0,0.0,0.0,0.0,0.0,0.0,0.0,1280.684669999573
252,2520050400000,4.0,9.0,4.643518518518518,4.0,7.0,648,0.0,0.0,0.0,0.0,0.0,0,0.0,0.0,0.0,0.0,0.0,0,1.0,1.0,1.0,1.0,1.0,552,0.9999999999999998,1.0000000000000002,1.0,1.0,1.0000000000000002,552,0.0,0.0,0.0,0.0,0.0,0.0,0.0,0.0,0.0,0.0,0.0,0.0,0.0,1318.9110599996638
253,2530050600000,4.0,9.0,4.646604938271605,4.0,7.0,648,0.0,0.0,0.0,0.0,0.0,0,0.0,0.0,0.0,0.0,0.0,0,1.0,1.0,1.0,1.0,1.0,552,0.9999999999999998,1.0000000000000004,1.0,1.0,1.0000000000000002,552,0.0,0.0,0.0,0.0,0.0,0.0,0.0,0.0,0.0,0.0,0.0,0.0,0.0,1261.8288359999497
254,2540050800000,4.0,9.0,4.648148148148148,4.0,7.0,648,0.0,0.0,0.0,0.0,0.0,0,0.0,0.0,0.0,0.0,0.0,0,1.0,1.0,1.0,1.0,1.0,552,0.9999999999999997,1.0000000000000004,1.0,1.0,1.0000000000000002,552,0.0,0.0,0.0,0.0,0.0,0.0,0.0,0.0,0.0,0.0,0.0,0.0,0.0,1260.5964519998452
255,2550051000000,4.0,9.0,4.6496913580246915,4.0,7.0,648,0.0,0.0,0.0,0.0,0.0,0,0.0,0.0,0.0,0.0,0.0,0,1.0,1.0,1.0,1.0,1.0,552,0.9999999999999997,1.0000000000000002,1.0,1.0,1.0,552,0.0,0.0,0.0,0.0,0.0,0.0,0.0,0.0,0.0,0.0,0.0,0.0,0.0,1267.0237479997013
256,2560051200000,4.0,9.0,4.646604938271605,4.0,7.0,648,0.0,0.0,0.0,0.0,0.0,0,0.0,0.0,0.0,0.0,0.0,0,1.0,1.0,1.0,1.0,1.0,552,0.9999999999999998,1.0000000000000004,1.0,1.0,1.0000000000000002,552,0.0,0.0,0.0,0.0,0.0,0.0,0.0,0.0,0.0,0.0,0.0,0.0,0.0,1278.6407339999641
257,2570051400000,4.0,9.0,4.648148148148148,4.0,6.649999999999977,648,0.0,0.0,0.0,0.0,0.0,0,0.0,0.0,0.0,0.0,0.0,0,1.0,1.0,1.0,1.0,1.0,552,0.9999999999999998,1.0000000000000004,1.0,1.0,1.0000000000000002,552,0.0,0.0,0.0,0.0,0.0,0.0,0.0,0.0,0.0,0.0,0.0,0.0,0.0,1287.0508730002257
258,2580051600000,4.0,9.0,4.646604938271605,4.0,7.0,648,0.0,0.0,0.0,0.0,0.0,0,0.0,0.0,0.0,0.0,0.0,0,1.0,1.0,1.0,1.0,1.0,552,0.9999999999999998,1.0000000000000002,1.0,1.0,1.0000000000000002,552,0.0,0.0,0.0,0.0,0.0,0.0,0.0,0.0,0.0,0.0,0.0,0.0,0.0,1280.8647920001022
259,2590051800000,4.0,9.0,4.643518518518518,4.0,7.0,648,0.0,0.0,0.0,0.0,0.0,0,0.0,0.0,0.0,0.0,0.0,0,1.0,1.0,1.0,1.0,1.0,552,0.9999999999999998,1.0000000000000002,1.0,1.0,1.0000000000000002,552,0.0,0.0,0.0,0.0,0.0,0.0,0.0,0.0,0.0,0.0,0.0,0.0,0.0,1266.5986900001371
260,2600052000000,4.0,9.0,4.652777777777778,4.0,7.0,648,0.0,0.0,0.0,0.0,0.0,0,0.0,0.0,0.0,0.0,0.0,0,1.0,1.0,1.0,1.0,1.0,552,0.9999999999999996,1.0000000000000002,1.0,1.0,1.0,552,0.0,0.0,0.0,0.0,0.0,0.0,0.0,0.0,0.0,0.0,0.0,0.0,0.0,1300.8544559997972
261,2610052200000,4.0,9.0,4.652777777777778,4.0,7.0,648,0.0,0.0,0.0,0.0,0.0,0,0.0,0.0,0.0,0.0,0.0,0,1.0,1.0,1.0,1.0,1.0,552,0.9999999999999996,1.0000000000000004,1.0,1.0,1.0000000000000002,552,0.0,0.0,0.0,0.0,0.0,0.0,0.0,0.0,0.0,0.0,0.0,0.0,0.0,1309.851627000171
262,2620052400000,4.0,9.0,4.652777777777778,4.0,7.0,648,0.0,0.0,0.0,0.0,0.0,0,0.0,0.0,0.0,0.0,0.0,0,1.0,1.0,1.0,1.0,1.0,552,0.9999999999999996,1.0000000000000002,1.0,1.0,1.0000000000000002,552,0.0,0.0,0.0,0.0,0.0,0.0,0.0,0.0,0.0,0.0,0.0,0.0,0.0,1270.4029360002096
263,2630052600000,4.0,9.0,4.6496913580246915,4.0,7.0,648,0.0,0.0,0.0,0.0,0.0,0,0.0,0.0,0.0,0.0,0.0,0,1.0,1.0,1.0,1.0,1.0,552,0.9999999999999998,1.0000000000000004,1.0,1.0,1.0000000000000002,552,0.0,0.0,0.0,0.0,0.0,0.0,0.0,0.0,0.0,0.0,0.0,0.0,0.0,1260.3539339997951
264,2640052800000,4.0,9.0,4.658950617283951,4.0,7.0,648,0.0,0.0,0.0,0.0,0.0,0,0.0,0.0,0.0,0.0,0.0,0,1.0,1.0,1.0,1.0,1.0,552,0.9999999999999997,1.0000000000000002,1.0,1.0,1.0000000000000002,552,0.0,0.0,0.0,0.0,0.0,0.0,0.0,0.0,0.0,0.0,0.0,0.0,0.0,1305.7582170004025
265,2650053000000,4.0,9.0,4.640432098765432,4.0,7.0,648,0.0,0.0,0.0,0.0,0.0,0,0.0,0.0,0.0,0.0,0.0,0,1.0,1.0,1.0,1.0,1.0,552,0.9999999999999997,1.0000000000000002,1.0,1.0,1.0000000000000002,552,0.0,0.0,0.0,0.0,0.0,0.0,0.0,0.0,0.0,0.0,0.0,0.0,0.0,1262.2671630006153
266,2660053200000,4.0,9.0,4.632716049382716,4.0,7.0,648,0.0,0.0,0.0,0.0,0.0,0,0.0,0.0,0.0,0.0,0.0,0,1.0,1.0,1.0,1.0,1.0,552,0.9999999999999997,1.0000000000000002,1.0,1.0,1.0000000000000002,552,0.0,0.0,0.0,0.0,0.0,0.0,0.0,0.0,0.0,0.0,0.0,0.0,0.0,1275.1451269996323
267,2670053400000,4.0,9.0,4.631172839506172,4.0,7.0,648,0.0,0.0,0.0,0.0,0.0,0,0.0,0.0,0.0,0.0,0.0,0,1.0,1.0,1.0,1.0,1.0,552,0.9999999999999998,1.0000000000000004,1.0,1.0,1.0000000000000002,552,0.0,0.0,0.0,0.0,0.0,0.0,0.0,0.0,0.0,0.0,0.0,0.0,0.0,1250.4113619997952
268,2680053600000,4.0,9.0,4.637345679012346,4.0,7.0,648,0.0,0.0,0.0,0.0,0.0,0,0.0,0.0,0.0,0.0,0.0,0,1.0,1.0,1.0,1.0,1.0,552,0.9999999999999997,1.0000000000000002,1.0,1.0,1.0000000000000002,552,0.0,0.0,0.0,0.0,0.0,0.0,0.0,0.0,0.0,0.0,0.0,0.0,0.0,1305.5933409996214
269,2690053800000,4.0,9.0,4.6419753086419755,4.0,7.0,648,0.0,0.0,0.0,0.0,0.0,0,0.0,0.0,0.0,0.0,0.0,0,1.0,1.0,1.0,1.0,1.0,552,0.9999999999999997,1.0000000000000002,1.0,1.0,1.0000000000000002,552,0.0,0.0,0.0,0.0,0.0,0.0,0.0,0.0,0.0,0.0,0.0,0.0,0.0,1257.7517139998236
270,2700054000000,4.0,9.0,4.638888888888889,4.0,7.0,648,0.0,0.0,0.0,0.0,0.0,0,0.0,0.0,0.0,0.0,0.0,0,1.0,1.0,1.0,1.0,1.0,552,0.9999999999999996,1.0000000000000002,1.0,1.0,1.0000000000000002,552,0.0,0.0,0.0,0.0,0.0,0.0,0.0,0.0,0.0,0.0,0.0,0.0,0.0,1265.5619839997598
271,2710054200000,4.0,9.0,4.638888888888889,4.0,7.0,648,0.0,0.0,0.0,0.0,0.0,0,0.0,0.0,0.0,0.0,0.0,0,1.0,1.0,1.0,1.0,1.0,552,0.9999999999999997,1.0000000000000002,1.0,1.0,1.0000000000000002,552,0.0,0.0,0.0,0.0,0.0,0.0,0.0,0.0,0.0,0.0,0.0,0.0,0.0,1275.3025279998838
272,2720054400000,4.0,9.0,4.645061728395062,4.0,7.0,648,0.0,0.0,0.0,0.0,0.0,0,0.0,0.0,0.0,0.0,0.0,0,1.0,1.0,1.0,1.0,1.0,552,0.9999999999999998,1.0000000000000002,1.0,1.0,1.0000000000000002,552,0.0,0.0,0.0,0.0,0.0,0.0,0.0,0.0,0.0,0.0,0.0,0.0,0.0,1329.8186709998845
273,2730054600000,4.0,9.0,4.6419753086419755,4.0,7.0,648,0.0,0.0,0.0,0.0,0.0,0,0.0,0.0,0.0,0.0,0.0,0,1.0,1.0,1.0,1.0,1.0,552,0.9999999999999997,1.0000000000000004,1.0,1.0,1.0000000000000002,552,0.0,0.0,0.0,0.0,0.0,0.0,0.0,0.0,0.0,0.0,0.0,0.0,0.0,1285.2724610002042
274,2740054800000,4.0,9.0,4.645061728395062,4.0,7.0,648,0.0,0.0,0.0,0.0,0.0,0,0.0,0.0,0.0,0.0,0.0,0,1.0,1.0,1.0,1.0,1.0,552,0.9999999999999996,1.0000000000000004,1.0,1.0,1.0000000000000002,552,0.0,0.0,0.0,0.0,0.0,0.0,0.0,0.0,0.0,0.0,0.0,0.0,0.0,1303.465337000489
275,2750055000000,4.0,9.0,4.643518518518518,4.0,7.0,648,0.0,0.0,0.0,0.0,0.0,0,0.0,0.0,0.0,0.0,0.0,0,1.0,1.0,1.0,1.0,1.0,552,0.9999999999999997,1.0000000000000004,1.0,1.0,1.0000000000000002,552,0.0,0.0,0.0,0.0,0.0,0.0,0.0,0.0,0.0,0.0,0.0,0.0,0.0,1295.3255960001115
276,2760055200000,4.0,9.0,4.637345679012346,4.0,7.0,648,0.0,0.0,0.0,0.0,0.0,0,0.0,0.0,0.0,0.0,0.0,0,1.0,1.0,1.0,1.0,1.0,552,0.9999999999999997,1.0000000000000002,1.0,1.0,1.0000000000000002,552,0.0,0.0,0.0,0.0,0.0,0.0,0.0,0.0,0.0,0.0,0.0,0.0,0.0,1303.949823000039
277,2770055400000,4.0,9.0,4.6496913580246915,4.0,7.0,648,0.0,0.0,0.0,0.0,0.0,0,0.0,0.0,0.0,0.0,0.0,0,1.0,1.0,1.0,1.0,1.0,552,0.9999999999999997,1.0000000000000002,1.0,1.0,1.0000000000000002,552,0.0,0.0,0.0,0.0,0.0,0.0,0.0,0.0,0.0,0.0,0.0,0.0,0.0,1311.493340999732
278,2780055600000,4.0,9.0,4.651234567901234,4.0,7.0,648,0.0,0.0,0.0,0.0,0.0,0,0.0,0.0,0.0,0.0,0.0,0,1.0,1.0,1.0,1.0,1.0,552,0.9999999999999996,1.0000000000000002,1.0,1.0,1.0000000000000002,552,0.0,0.0,0.0,0.0,0.0,0.0,0.0,0.0,0.0,0.0,0.0,0.0,0.0,1302.190148999216
279,2790055800000,4.0,9.0,4.654320987654321,4.0,7.0,648,0.0,0.0,0.0,0.0,0.0,0,0.0,0.0,0.0,0.0,0.0,0,1.0,1.0,1.0,1.0,1.0,552,0.9999999999999998,1.0000000000000004,1.0,1.0,1.0000000000000002,552,0.0,0.0,0.0,0.0,0.0,0.0,0.0,0.0,0.0,0.0,0.0,0.0,0.0,1305.1851939999324
280,2800056000000,4.0,9.0,4.6496913580246915,4.0,7.0,648,0.0,0.0,0.0,0.0,0.0,0,0.0,0.0,0.0,0.0,0.0,0,1.0,1.0,1.0,1.0,1.0,552,0.9999999999999998,1.0000000000000002,1.0,1.0,1.0000000000000002,552,0.0,0.0,0.0,0.0,0.0,0.0,0.0,0.0,0.0,0.0,0.0,0.0,0.0,1325.3175190002366
281,2810056200000,4.0,9.0,4.652777777777778,4.0,7.0,648,0.0,0.0,0.0,0.0,0.0,0,0.0,0.0,0.0,0.0,0.0,0,1.0,1.0,1.0,1.0,1.0,552,0.9999999999999998,1.0000000000000004,1.0,1.0,1.0000000000000002,552,0.0,0.0,0.0,0.0,0.0,0.0,0.0,0.0,0.0,0.0,0.0,0.0,0.0,1301.6034799993577
282,2820056400000,4.0,9.0,4.6496913580246915,4.0,7.0,648,0.0,0.0,0.0,0.0,0.0,0,0.0,0.0,0.0,0.0,0.0,0,1.0,1.0,1.0,1.0,1.0,552,0.9999999999999997,1.0000000000000002,1.0,1.0,1.0000000000000002,552,0.0,0.0,0.0,0.0,0.0,0.0,0.0,0.0,0.0,0.0,0.0,0.0,0.0,1310.625978000644
283,2830056600000,4.0,9.0,4.652777777777778,4.0,7.0,648,0.0,0.0,0.0,0.0,0.0,0,0.0,0.0,0.0,0.0,0.0,0,1.0,1.0,1.0,1.0,1.0,552,0.9999999999999996,1.0000000000000002,1.0,1.0,1.0,552,0.0,0.0,0.0,0.0,0.0,0.0,0.0,0.0,0.0,0.0,0.0,0.0,0.0,1313.151898999422
284,2840056800000,4.0,9.0,4.652777777777778,4.0,7.0,648,0.0,0.0,0.0,0.0,0.0,0,0.0,0.0,0.0,0.0,0.0,0,1.0,1.0,1.0,1.0,1.0,552,0.9999999999999997,1.0000000000000004,1.0,1.0,1.0000000000000002,552,0.0,0.0,0.0,0.0,0.0,0.0,0.0,0.0,0.0,0.0,0.0,0.0,0.0,1313.8772130005236
285,2850057000000,4.0,9.0,4.637345679012346,4.0,7.0,648,0.0,0.0,0.0,0.0,0.0,0,0.0,0.0,0.0,0.0,0.0,0,1.0,1.0,1.0,1.0,1.0,552,0.9999999999999997,1.0000000000000002,1.0,1.0,1.0000000000000002,552,0.0,0.0,0.0,0.0,0.0,0.0,0.0,0.0,0.0,0.0,0.0,0.0,0.0,1283.9399020003839
286,2860057200000,4.0,9.0,4.638888888888889,4.0,7.0,648,0.0,0.0,0.0,0.0,0.0,0,0.0,0.0,0.0,0.0,0.0,0,1.0,1.0,1.0,1.0,1.0,552,0.9999999999999997,1.0000000000000002,1.0,1.0,1.0000000000000002,552,0.0,0.0,0.0,0.0,0.0,0.0,0.0,0.0,0.0,0.0,0.0,0.0,0.0,1278.78490600051
287,2870057400000,4.0,9.0,4.640432098765432,4.0,7.0,648,0.0,0.0,0.0,0.0,0.0,0,0.0,0.0,0.0,0.0,0.0,0,1.0,1.0,1.0,1.0,1.0,552,0.9999999999999997,1.0000000000000002,1.0,1.0,1.0000000000000002,552,0.0,0.0,0.0,0.0,0.0,0.0,0.0,0.0,0.0,0.0,0.0,0.0,0.0,1332.8789529996357
288,2880057600000,4.0,9.0,4.638888888888889,4.0,7.0,648,0.0,0.0,0.0,0.0,0.0,0,0.0,0.0,0.0,0.0,0.0,0,1.0,1.0,1.0,1.0,1.0,552,0.9999999999999997,1.0000000000000002,1.0,1.0,1.0000000000000002,552,0.0,0.0,0.0,0.0,0.0,0.0,0.0,0.0,0.0,0.0,0.0,0.0,0.0,1395.480597999267
289,2890057800000,4.0,9.0,4.640432098765432,4.0,7.0,648,0.0,0.0,0.0,0.0,0.0,0,0.0,0.0,0.0,0.0,0.0,0,1.0,1.0,1.0,1.0,1.0,552,0.9999999999999997,1.0000000000000002,1.0,1.0,1.0000000000000002,552,0.0,0.0,0.0,0.0,0.0,0.0,0.0,0.0,0.0,0.0,0.0,0.0,0.0,1390.3002500001094
290,2900058000000,4.0,9.0,4.638888888888889,4.0,7.0,648,0.0,0.0,0.0,0.0,0.0,0,0.0,0.0,0.0,0.0,0.0,0,1.0,1.0,1.0,1.0,1.0,552,0.9999999999999997,1.0000000000000002,1.0,1.0,1.0000000000000002,552,0.0,0.0,0.0,0.0,0.0,0.0,0.0,0.0,0.0,0.0,0.0,0.0,0.0,1389.4294720003018
291,2910058200000,4.0,9.0,4.6342592592592595,4.0,7.0,648,0.0,0.0,0.0,0.0,0.0,0,0.0,0.0,0.0,0.0,0.0,0,1.0,1.0,1.0,1.0,1.0,552,0.9999999999999998,1.0000000000000004,1.0,1.0,1.0000000000000002,552,0.0,0.0,0.0,0.0,0.0,0.0,0.0,0.0,0.0,0.0,0.0,0.0,0.0,1534.9714580006548
292,2920058400000,4.0,9.0,4.638888888888889,4.0,7.0,648,0.0,0.0,0.0,0.0,0.0,0,0.0,0.0,0.0,0.0,0.0,0,1.0,1.0,1.0,1.0,1.0,552,0.9999999999999998,1.0000000000000002,1.0,1.0,1.0000000000000002,552,0.0,0.0,0.0,0.0,0.0,0.0,0.0,0.0,0.0,0.0,0.0,0.0,0.0,1317.133104000277
293,2930058600000,4.0,9.0,4.645061728395062,4.0,7.0,648,0.0,0.0,0.0,0.0,0.0,0,0.0,0.0,0.0,0.0,0.0,0,1.0,1.0,1.0,1.0,1.0,552,0.9999999999999997,1.0000000000000004,1.0,1.0,1.0,552,0.0,0.0,0.0,0.0,0.0,0.0,0.0,0.0,0.0,0.0,0.0,0.0,0.0,1277.2365459995854
294,2940058800000,4.0,9.0,4.635802469135802,4.0,7.0,648,0.0,0.0,0.0,0.0,0.0,0,0.0,0.0,0.0,0.0,0.0,0,1.0,1.0,1.0,1.0,1.0,552,0.9999999999999998,1.0000000000000002,1.0,1.0,1.0000000000000002,552,0.0,0.0,0.0,0.0,0.0,0.0,0.0,0.0,0.0,0.0,0.0,0.0,0.0,1285.672665000675
295,2950059000000,4.0,9.0,4.6342592592592595,4.0,7.0,648,0.0,0.0,0.0,0.0,0.0,0,0.0,0.0,0.0,0.0,0.0,0,1.0,1.0,1.0,1.0,1.0,552,0.9999999999999997,1.0000000000000002,1.0,1.0,1.0,552,0.0,0.0,0.0,0.0,0.0,0.0,0.0,0.0,0.0,0.0,0.0,0.0,0.0,1263.24928700069
296,2960059200000,4.0,9.0,4.637345679012346,4.0,7.0,648,0.0,0.0,0.0,0.0,0.0,0,0.0,0.0,0.0,0.0,0.0,0,1.0,1.0,1.0,1.0,1.0,552,0.9999999999999997,1.0000000000000002,1.0,1.0,1.0000000000000002,552,0.0,0.0,0.0,0.0,0.0,0.0,0.0,0.0,0.0,0.0,0.0,0.0,0.0,1297.4056140001267
297,2970059400000,4.0,9.0,4.645061728395062,4.0,7.0,648,0.0,0.0,0.0,0.0,0.0,0,0.0,0.0,0.0,0.0,0.0,0,1.0,1.0,1.0,1.0,1.0,552,0.9999999999999997,1.0000000000000002,1.0,1.0,1.0000000000000002,552,0.0,0.0,0.0,0.0,0.0,0.0,0.0,0.0,0.0,0.0,0.0,0.0,0.0,1288.9585969996915
298,2980059600000,4.0,9.0,4.654320987654321,4.0,7.0,648,0.0,0.0,0.0,0.0,0.0,0,0.0,0.0,0.0,0.0,0.0,0,1.0,1.0,1.0,1.0,1.0,552,0.9999999999999998,1.0000000000000002,1.0,1.0,1.0000000000000002,552,0.0,0.0,0.0,0.0,0.0,0.0,0.0,0.0,0.0,0.0,0.0,0.0,0.0,1288.2267919994774
299,2990059800000,4.0,9.0,4.6496913580246915,4.0,7.0,648,0.0,0.0,0.0,0.0,0.0,0,0.0,0.0,0.0,0.0,0.0,0,1.0,1.0,1.0,1.0,1.0,552,0.9999999999999996,1.0000000000000002,1.0,1.0,1.0,552,0.0,0.0,0.0,0.0,0.0,0.0,0.0,0.0,0.0,0.0,0.0,0.0,0.0,1276.2243540000782
300,3000060000000,4.0,9.0,4.645061728395062,4.0,7.0,648,0.0,0.0,0.0,0.0,0.0,0,0.0,0.0,0.0,0.0,0.0,0,1.0,1.0,1.0,1.0,1.0,552,0.9999999999999997,1.0000000000000002,1.0,1.0,1.0000000000000002,552,0.0,0.0,0.0,0.0,0.0,0.0,0.0,0.0,0.0,0.0,0.0,0.0,0.0,1294.5392439996795
301,3010060200000,4.0,9.0,4.646604938271605,4.0,7.0,648,0.0,0.0,0.0,0.0,0.0,0,0.0,0.0,0.0,0.0,0.0,0,1.0,1.0,1.0,1.0,1.0,552,0.9999999999999997,1.0000000000000002,1.0,1.0,1.0000000000000002,552,0.0,0.0,0.0,0.0,0.0,0.0,0.0,0.0,0.0,0.0,0.0,0.0,0.0,1284.3684750005195
302,3020060400000,4.0,9.0,4.651234567901234,4.0,7.0,648,0.0,0.0,0.0,0.0,0.0,0,0.0,0.0,0.0,0.0,0.0,0,1.0,1.0,1.0,1.0,1.0,552,0.9999999999999997,1.0000000000000002,1.0,1.0,1.0,552,0.0,0.0,0.0,0.0,0.0,0.0,0.0,0.0,0.0,0.0,0.0,0.0,0.0,1291.8960919996607
303,3030060600000,4.0,9.0,4.654320987654321,4.0,7.0,648,0.0,0.0,0.0,0.0,0.0,0,0.0,0.0,0.0,0.0,0.0,0,1.0,1.0,1.0,1.0,1.0,552,0.9999999999999997,1.0000000000000004,1.0,1.0,1.0000000000000002,552,0.0,0.0,0.0,0.0,0.0,0.0,0.0,0.0,0.0,0.0,0.0,0.0,0.0,1283.456944000136
304,3040060800000,4.0,9.0,4.643518518518518,4.0,7.0,648,0.0,0.0,0.0,0.0,0.0,0,0.0,0.0,0.0,0.0,0.0,0,1.0,1.0,1.0,1.0,1.0,552,0.9999999999999996,1.0000000000000004,1.0,1.0,1.0000000000000002,552,0.0,0.0,0.0,0.0,0.0,0.0,0.0,0.0,0.0,0.0,0.0,0.0,0.0,1295.824833999177
305,3050061000000,4.0,9.0,4.6419753086419755,4.0,7.0,648,0.0,0.0,0.0,0.0,0.0,0,0.0,0.0,0.0,0.0,0.0,0,1.0,1.0,1.0,1.0,1.0,552,0.9999999999999997,1.0000000000000002,1.0,1.0,1.0000000000000002,552,0.0,0.0,0.0,0.0,0.0,0.0,0.0,0.0,0.0,0.0,0.0,0.0,0.0,1289.1718119999496
306,3060061200000,4.0,9.0,4.652777777777778,4.0,7.0,648,0.0,0.0,0.0,0.0,0.0,0,0.0,0.0,0.0,0.0,0.0,0,1.0,1.0,1.0,1.0,1.0,552,0.9999999999999998,1.0000000000000002,1.0,1.0,1.0000000000000002,552,0.0,0.0,0.0,0.0,0.0,0.0,0.0,0.0,0.0,0.0,0.0,0.0,0.0,1265.3335909999441
307,3070061400000,4.0,9.0,4.643518518518518,4.0,7.0,648,0.0,0.0,0.0,0.0,0.0,0,0.0,0.0,0.0,0.0,0.0,0,1.0,1.0,1.0,1.0,1.0,552,0.9999999999999998,1.0000000000000002,1.0,1.0,1.0000000000000002,552,0.0,0.0,0.0,0.0,0.0,0.0,0.0,0.0,0.0,0.0,0.0,0.0,0.0,1278.0494829994495
308,3080061600000,4.0,9.0,4.646604938271605,4.0,7.0,648,0.0,0.0,0.0,0.0,0.0,0,0.0,0.0,0.0,0.0,0.0,0,1.0,1.0,1.0,1.0,1.0,552,0.9999999999999996,1.0000000000000002,1.0,1.0,1.0000000000000002,552,0.0,0.0,0.0,0.0,0.0,0.0,0.0,0.0,0.0,0.0,0.0,0.0,0.0,1332.5408020000395
309,3090061800000,4.0,9.0,4.635802469135802,4.0,7.0,648,0.0,0.0,0.0,0.0,0.0,0,0.0,0.0,0.0,0.0,0.0,0,1.0,1.0,1.0,1.0,1.0,552,0.9999999999999997,1.0000000000000004,1.0,1.0,1.0000000000000002,552,0.0,0.0,0.0,0.0,0.0,0.0,0.0,0.0,0.0,0.0,0.0,0.0,0.0,1282.9241559993534
310,3100062000000,4.0,9.0,4.632716049382716,4.0,7.0,648,0.0,0.0,0.0,0.0,0.0,0,0.0,0.0,0.0,0.0,0.0,0,1.0,1.0,1.0,1.0,1.0,552,0.9999999999999998,1.0000000000000004,1.0,1.0,1.0000000000000002,552,0.0,0.0,0.0,0.0,0.0,0.0,0.0,0.0,0.0,0.0,0.0,0.0,0.0,1260.4812959998526
311,3110062200000,4.0,9.0,4.637345679012346,4.0,7.0,648,0.0,0.0,0.0,0.0,0.0,0,0.0,0.0,0.0,0.0,0.0,0,1.0,1.0,1.0,1.0,1.0,552,0.9999999999999996,1.0000000000000002,1.0,1.0,1.0000000000000002,552,0.0,0.0,0.0,0.0,0.0,0.0,0.0,0.0,0.0,0.0,0.0,0.0,0.0,1265.0254830004997
312,3120062400000,4.0,9.0,4.637345679012346,4.0,7.0,648,0.0,0.0,0.0,0.0,0.0,0,0.0,0.0,0.0,0.0,0.0,0,1.0,1.0,1.0,1.0,1.0,552,0.9999999999999996,1.0000000000000002,1.0,1.0,1.0000000000000002,552,0.0,0.0,0.0,0.0,0.0,0.0,0.0,0.0,0.0,0.0,0.0,0.0,0.0,1328.8187219995962
313,3130062600000,4.0,9.0,4.62962962962963,4.0,7.0,648,0.0,0.0,0.0,0.0,0.0,0,0.0,0.0,0.0,0.0,0.0,0,1.0,1.0,1.0,1.0,1.0,552,0.9999999999999998,1.0000000000000002,1.0,1.0,1.0000000000000002,552,0.0,0.0,0.0,0.0,0.0,0.0,0.0,0.0,0.0,0.0,0.0,0.0,0.0,1271.5900299999703
314,3140062800000,4.0,9.0,4.631172839506172,4.0,7.0,648,0.0,0.0,0.0,0.0,0.0,0,0.0,0.0,0.0,0.0,0.0,0,1.0,1.0,1.0,1.0,1.0,552,0.9999999999999997,1.0000000000000004,1.0,1.0,1.0000000000000002,552,0.0,0.0,0.0,0.0,0.0,0.0,0.0,0.0,0.0,0.0,0.0,0.0,0.0,1265.5325260002428
315,3150063000000,4.0,9.0,4.637345679012346,4.0,7.0,648,0.0,0.0,0.0,0.0,0.0,0,0.0,0.0,0.0,0.0,0.0,0,1.0,1.0,1.0,1.0,1.0,552,0.9999999999999998,1.0000000000000004,1.0,1.0,1.0000000000000002,552,0.0,0.0,0.0,0.0,0.0,0.0,0.0,0.0,0.0,0.0,0.0,0.0,0.0,1261.697436000759
316,3160063200000,4.0,9.0,4.643518518518518,4.0,7.0,648,0.0,0.0,0.0,0.0,0.0,0,0.0,0.0,0.0,0.0,0.0,0,1.0,1.0,1.0,1.0,1.0,552,0.9999999999999997,1.0000000000000002,1.0,1.0,1.0000000000000002,552,0.0,0.0,0.0,0.0,0.0,0.0,0.0,0.0,0.0,0.0,0.0,0.0,0.0,1302.2464839996246
317,3170063400000,4.0,9.0,4.6419753086419755,4.0,7.0,648,0.0,0.0,0.0,0.0,0.0,0,0.0,0.0,0.0,0.0,0.0,0,1.0,1.0,1.0,1.0,1.0,552,0.9999999999999998,1.0000000000000002,1.0,1.0,1.0000000000000002,552,0.0,0.0,0.0,0.0,0.0,0.0,0.0,0.0,0.0,0.0,0.0,0.0,0.0,1293.3464560001084
318,3180063600000,4.0,9.0,4.635802469135802,4.0,7.0,648,0.0,0.0,0.0,0.0,0.0,0,0.0,0.0,0.0,0.0,0.0,0,1.0,1.0,1.0,1.0,1.0,552,0.9999999999999997,1.0000000000000004,1.0,1.0,1.0000000000000002,552,0.0,0.0,0.0,0.0,0.0,0.0,0.0,0.0,0.0,0.0,0.0,0.0,0.0,1274.3640329999835
319,3190063800000,4.0,9.0,4.643518518518518,4.0,7.0,648,0.0,0.0,0.0,0.0,0.0,0,0.0,0.0,0.0,0.0,0.0,0,1.0,1.0,1.0,1.0,1.0,552,0.9999999999999998,1.0000000000000002,1.0,1.0,1.0000000000000002,552,0.0,0.0,0.0,0.0,0.0,0.0,0.0,0.0,0.0,0.0,0.0,0.0,0.0,1300.6580170003872
320,3200064000000,4.0,9.0,4.643518518518518,4.0,7.0,648,0.0,0.0,0.0,0.0,0.0,0,0.0,0.0,0.0,0.0,0.0,0,1.0,1.0,1.0,1.0,1.0,552,0.9999999999999997,1.0000000000000004,1.0,1.0,1.0000000000000002,552,0.0,0.0,0.0,0.0,0.0,0.0,0.0,0.0,0.0,0.0,0.0,0.0,0.0,1307.9490250001982
321,3210064200000,4.0,9.0,4.6496913580246915,4.0,7.0,648,0.0,0.0,0.0,0.0,0.0,0,0.0,0.0,0.0,0.0,0.0,0,1.0,1.0,1.0,1.0,1.0,552,0.9999999999999997,1.0000000000000002,1.0,1.0,1.0000000000000002,552,0.0,0.0,0.0,0.0,0.0,0.0,0.0,0.0,0.0,0.0,0.0,0.0,0.0,1302.3978649998753
322,3220064400000,4.0,9.0,4.6496913580246915,4.0,7.0,648,0.0,0.0,0.0,0.0,0.0,0,0.0,0.0,0.0,0.0,0.0,0,1.0,1.0,1.0,1.0,1.0,552,0.9999999999999998,1.0000000000000004,1.0,1.0,1.0000000000000002,552,0.0,0.0,0.0,0.0,0.0,0.0,0.0,0.0,0.0,0.0,0.0,0.0,0.0,1306.744534000245
323,3230064600000,4.0,9.0,4.646604938271605,4.0,7.0,648,0.0,0.0,0.0,0.0,0.0,0,0.0,0.0,0.0,0.0,0.0,0,1.0,1.0,1.0,1.0,1.0,552,0.9999999999999998,1.0000000000000002,1.0,1.0,1.0,552,0.0,0.0,0.0,0.0,0.0,0.0,0.0,0.0,0.0,0.0,0.0,0.0,0.0,1282.4921579995134
324,3240064800000,4.0,9.0,4.646604938271605,4.0,7.0,648,0.0,0.0,0.0,0.0,0.0,0,0.0,0.0,0.0,0.0,0.0,0,1.0,1.0,1.0,1.0,1.0,552,0.9999999999999997,1.0000000000000002,1.0,1.0,1.0000000000000002,552,0.0,0.0,0.0,0.0,0.0,0.0,0.0,0.0,0.0,0.0,0.0,0.0,0.0,1321.3965619997907
325,3250065000000,4.0,9.0,4.643518518518518,4.0,7.0,648,0.0,0.0,0.0,0.0,0.0,0,0.0,0.0,0.0,0.0,0.0,0,1.0,1.0,1.0,1.0,1.0,552,0.9999999999999997,1.0000000000000004,1.0,1.0,1.0000000000000002,552,0.0,0.0,0.0,0.0,0.0,0.0,0.0,0.0,0.0,0.0,0.0,0.0,0.0,1305.3158769998845
326,3260065200000,4.0,9.0,4.637345679012346,4.0,7.0,648,0.0,0.0,0.0,0.0,0.0,0,0.0,0.0,0.0,0.0,0.0,0,1.0,1.0,1.0,1.0,1.0,552,0.9999999999999997,1.0000000000000004,1.0,1.0,1.0000000000000002,552,0.0,0.0,0.0,0.0,0.0,0.0,0.0,0.0,0.0,0.0,0.0,0.0,0.0,1258.0525559997113
327,3270065400000,4.0,9.0,4.631172839506172,4.0,7.0,648,0.0,0.0,0.0,0.0,0.0,0,0.0,0.0,0.0,0.0,0.0,0,1.0,1.0,1.0,1.0,1.0,552,0.9999999999999998,1.0000000000000002,1.0,1.0,1.0,552,0.0,0.0,0.0,0.0,0.0,0.0,0.0,0.0,0.0,0.0,0.0,0.0,0.0,1286.2178929999573
328,3280065600000,4.0,9.0,4.625,4.0,7.0,648,0.0,0.0,0.0,0.0,0.0,0,0.0,0.0,0.0,0.0,0.0,0,1.0,1.0,1.0,1.0,1.0,552,0.9999999999999997,1.0000000000000002,1.0,1.0,1.0000000000000002,552,0.0,0.0,0.0,0.0,0.0,0.0,0.0,0.0,0.0,0.0,0.0,0.0,0.0,1325.364389999777
329,3290065800000,4.0,9.0,4.632716049382716,4.0,7.0,648,0.0,0.0,0.0,0.0,0.0,0,0.0,0.0,0.0,0.0,0.0,0,1.0,1.0,1.0,1.0,1.0,552,0.9999999999999997,1.0000000000000002,1.0,1.0,1.0000000000000002,552,0.0,0.0,0.0,0.0,0.0,0.0,0.0,0.0,0.0,0.0,0.0,0.0,0.0,1282.0650260000548
330,3300066000000,4.0,9.0,4.62962962962963,4.0,7.0,648,0.0,0.0,0.0,0.0,0.0,0,0.0,0.0,0.0,0.0,0.0,0,1.0,1.0,1.0,1.0,1.0,552,0.9999999999999997,1.0000000000000004,1.0,1.0,1.0000000000000002,552,0.0,0.0,0.0,0.0,0.0,0.0,0.0,0.0,0.0,0.0,0.0,0.0,0.0,1285.046285000135
331,3310066200000,4.0,9.0,4.621913580246914,4.0,7.0,648,0.0,0.0,0.0,0.0,0.0,0,0.0,0.0,0.0,0.0,0.0,0,1.0,1.0,1.0,1.0,1.0,552,0.9999999999999996,1.0000000000000002,1.0,1.0,1.0000000000000002,552,0.0,0.0,0.0,0.0,0.0,0.0,0.0,0.0,0.0,0.0,0.0,0.0,0.0,1300.2290969998285
332,3320066400000,4.0,9.0,4.6265432098765435,4.0,7.0,648,0.0,0.0,0.0,0.0,0.0,0,0.0,0.0,0.0,0.0,0.0,0,1.0,1.0,1.0,1.0,1.0,552,0.9999999999999998,1.0000000000000004,1.0,1.0,1.0000000000000002,552,0.0,0.0,0.0,0.0,0.0,0.0,0.0,0.0,0.0,0.0,0.0,0.0,0.0,1280.5431119995774
333,3330066600000,4.0,9.0,4.635802469135802,4.0,7.0,648,0.0,0.0,0.0,0.0,0.0,0,0.0,0.0,0.0,0.0,0.0,0,1.0,1.0,1.0,1.0,1.0,552,0.9999999999999997,1.0000000000000002,1.0,1.0,1.0000000000000002,552,0.0,0.0,0.0,0.0,0.0,0.0,0.0,0.0,0.0,0.0,0.0,0.0,0.0,1315.7343279999623
334,3340066800000,4.0,9.0,4.637345679012346,4.0,7.0,648,0.0,0.0,0.0,0.0,0.0,0,0.0,0.0,0.0,0.0,0.0,0,1.0,1.0,1.0,1.0,1.0,552,0.9999999999999998,1.0000000000000002,1.0,1.0,1.0000000000000002,552,0.0,0.0,0.0,0.0,0.0,0.0,0.0,0.0,0.0,0.0,0.0,0.0,0.0,1318.1032889997368
335,3350067000000,4.0,9.0,4.638888888888889,4.0,7.0,648,0.0,0.0,0.0,0.0,0.0,0,0.0,0.0,0.0,0.0,0.0,0,1.0,1.0,1.0,1.0,1.0,552,0.9999999999999996,1.0000000000000004,1.0,1.0,1.0000000000000002,552,0.0,0.0,0.0,0.0,0.0,0.0,0.0,0.0,0.0,0.0,0.0,0.0,0.0,1286.2960379998185
336,3360067200000,4.0,10.0,4.638888888888889,4.0,7.0,648,0.0,0.0,0.0,0.0,0.0,0,0.0,0.0,0.0,0.0,0.0,0,1.0,1.0,1.0,1.0,1.0,552,0.9999999999999997,1.0000000000000002,1.0,1.0,1.0000000000000002,552,0.0,0.0,0.0,0.0,0.0,0.0,0.0,0.0,0.0,0.0,0.0,0.0,0.0,1299.1689499995118
337,3370067400000,4.0,10.0,4.635802469135802,4.0,7.0,648,0.0,0.0,0.0,0.0,0.0,0,0.0,0.0,0.0,0.0,0.0,0,1.0,1.0,1.0,1.0,1.0,552,0.9999999999999997,1.0000000000000002,1.0,1.0,1.0000000000000002,552,0.0,0.0,0.0,0.0,0.0,0.0,0.0,0.0,0.0,0.0,0.0,0.0,0.0,1320.8370749998721
338,3380067600000,4.0,10.0,4.637345679012346,4.0,7.0,648,0.0,0.0,0.0,0.0,0.0,0,0.0,0.0,0.0,0.0,0.0,0,1.0,1.0,1.0,1.0,1.0,552,0.9999999999999998,1.0000000000000002,1.0,1.0,1.0000000000000002,552,0.0,0.0,0.0,0.0,0.0,0.0,0.0,0.0,0.0,0.0,0.0,0.0,0.0,1302.9100789999575
339,3390067800000,4.0,10.0,4.648148148148148,4.0,7.0,648,0.0,0.0,0.0,0.0,0.0,0,0.0,0.0,0.0,0.0,0.0,0,1.0,1.0,1.0,1.0,1.0,552,0.9999999999999998,1.0000000000000002,1.0,1.0,1.0000000000000002,552,0.0,0.0,0.0,0.0,0.0,0.0,0.0,0.0,0.0,0.0,0.0,0.0,0.0,1403.5965789998954
340,3400068000000,4.0,10.0,4.6496913580246915,4.0,7.0,648,0.0,0.0,0.0,0.0,0.0,0,0.0,0.0,0.0,0.0,0.0,0,1.0,1.0,1.0,1.0,1.0,552,0.9999999999999996,1.0000000000000004,1.0,1.0,1.0000000000000002,552,0.0,0.0,0.0,0.0,0.0,0.0,0.0,0.0,0.0,0.0,0.0,0.0,0.0,1390.4700040002353
341,3410068200000,4.0,10.0,4.648148148148148,4.0,7.0,648,0.0,0.0,0.0,0.0,0.0,0,0.0,0.0,0.0,0.0,0.0,0,1.0,1.0,1.0,1.0,1.0,552,0.9999999999999998,1.0000000000000004,1.0,1.0,1.0000000000000002,552,0.0,0.0,0.0,0.0,0.0,0.0,0.0,0.0,0.0,0.0,0.0,0.0,0.0,1399.7810540004139
342,3420068400000,4.0,10.0,4.640432098765432,4.0,7.0,648,0.0,0.0,0.0,0.0,0.0,0,0.0,0.0,0.0,0.0,0.0,0,1.0,1.0,1.0,1.0,1.0,552,0.9999999999999996,1.0000000000000002,1.0,1.0,1.0000000000000002,552,0.0,0.0,0.0,0.0,0.0,0.0,0.0,0.0,0.0,0.0,0.0,0.0,0.0,1408.8408410007105
343,3430068600000,4.0,10.0,4.6342592592592595,4.0,7.0,648,0.0,0.0,0.0,0.0,0.0,0,0.0,0.0,0.0,0.0,0.0,0,1.0,1.0,1.0,1.0,1.0,552,0.9999999999999998,1.0000000000000002,1.0,1.0,1.0000000000000002,552,0.0,0.0,0.0,0.0,0.0,0.0,0.0,0.0,0.0,0.0,0.0,0.0,0.0,1360.3089849993921
344,3440068800000,4.0,10.0,4.632716049382716,4.0,7.0,648,0.0,0.0,0.0,0.0,0.0,0,0.0,0.0,0.0,0.0,0.0,0,1.0,1.0,1.0,1.0,1.0,552,0.9999999999999997,1.0000000000000002,1.0,1.0,1.0000000000000002,552,0.0,0.0,0.0,0.0,0.0,0.0,0.0,0.0,0.0,0.0,0.0,0.0,0.0,1337.2785329993349
345,3450069000000,4.0,10.0,4.632716049382716,4.0,7.0,648,0.0,0.0,0.0,0.0,0.0,0,0.0,0.0,0.0,0.0,0.0,0,1.0,1.0,1.0,1.0,1.0,552,0.9999999999999997,1.0000000000000002,1.0,1.0,1.0000000000000002,552,0.0,0.0,0.0,0.0,0.0,0.0,0.0,0.0,0.0,0.0,0.0,0.0,0.0,1327.6274380004907
346,3460069200000,4.0,10.0,4.6265432098765435,4.0,7.0,648,0.0,0.0,0.0,0.0,0.0,0,0.0,0.0,0.0,0.0,0.0,0,1.0,1.0,1.0,1.0,1.0,552,0.9999999999999996,1.0000000000000002,1.0,1.0,1.0000000000000002,552,0.0,0.0,0.0,0.0,0.0,0.0,0.0,0.0,0.0,0.0,0.0,0.0,0.0,1371.9490899993616
347,3470069400000,4.0,10.0,4.628086419753086,4.0,7.0,648,0.0,0.0,0.0,0.0,0.0,0,0.0,0.0,0.0,0.0,0.0,0,1.0,1.0,1.0,1.0,1.0,552,0.9999999999999997,1.0000000000000002,1.0,1.0,1.0000000000000002,552,0.0,0.0,0.0,0.0,0.0,0.0,0.0,0.0,0.0,0.0,0.0,0.0,0.0,1327.0213779996993
348,3480069600000,4.0,10.0,4.637345679012346,4.0,7.0,648,0.0,0.0,0.0,0.0,0.0,0,0.0,0.0,0.0,0.0,0.0,0,1.0,1.0,1.0,1.0,1.0,552,0.9999999999999996,1.0000000000000002,1.0,1.0,1.0,552,0.0,0.0,0.0,0.0,0.0,0.0,0.0,0.0,0.0,0.0,0.0,0.0,0.0,1350.4942159997881
349,3490069800000,4.0,10.0,4.631172839506172,4.0,7.0,648,0.0,0.0,0.0,0.0,0.0,0,0.0,0.0,0.0,0.0,0.0,0,1.0,1.0,1.0,1.0,1.0,552,0.9999999999999997,1.0000000000000002,1.0,1.0,1.0000000000000002,552,0.0,0.0,0.0,0.0,0.0,0.0,0.0,0.0,0.0,0.0,0.0,0.0,0.0,1332.5122450005438
350,3500070000000,4.0,10.0,4.62037037037037,4.0,7.0,648,0.0,0.0,0.0,0.0,0.0,0,0.0,0.0,0.0,0.0,0.0,0,1.0,1.0,1.0,1.0,1.0,552,0.9999999999999996,1.0000000000000002,1.0,1.0,1.0,552,0.0,0.0,0.0,0.0,0.0,0.0,0.0,0.0,0.0,0.0,0.0,0.0,0.0,1269.9974499992095
351,3510070200000,4.0,10.0,4.631172839506172,4.0,7.0,648,0.0,0.0,0.0,0.0,0.0,0,0.0,0.0,0.0,0.0,0.0,0,1.0,1.0,1.0,1.0,1.0,552,0.9999999999999998,1.0000000000000002,1.0,1.0,1.0000000000000002,552,0.0,0.0,0.0,0.0,0.0,0.0,0.0,0.0,0.0,0.0,0.0,0.0,0.0,1277.6288760005627
352,3520070400000,4.0,10.0,4.62962962962963,4.0,7.0,648,0.0,0.0,0.0,0.0,0.0,0,0.0,0.0,0.0,0.0,0.0,0,1.0,1.0,1.0,1.0,1.0,552,0.9999999999999998,1.0000000000000004,1.0,1.0,1.0000000000000002,552,0.0,0.0,0.0,0.0,0.0,0.0,0.0,0.0,0.0,0.0,0.0,0.0,0.0,1304.515657999218
353,3530070600000,4.0,10.0,4.637345679012346,4.0,7.0,648,0.0,0.0,0.0,0.0,0.0,0,0.0,0.0,0.0,0.0,0.0,0,1.0,1.0,1.0,1.0,1.0,552,0.9999999999999998,1.0000000000000002,1.0,1.0,1.0000000000000002,552,0.0,0.0,0.0,0.0,0.0,0.0,0.0,0.0,0.0,0.0,0.0,0.0,0.0,1315.760049000346
354,3540070800000,4.0,10.0,4.637345679012346,4.0,7.0,648,0.0,0.0,0.0,0.0,0.0,0,0.0,0.0,0.0,0.0,0.0,0,1.0,1.0,1.0,1.0,1.0,552,0.9999999999999998,1.0000000000000002,1.0,1.0,1.0000000000000002,552,0.0,0.0,0.0,0.0,0.0,0.0,0.0,0.0,0.0,0.0,0.0,0.0,0.0,1256.9106800001464
355,3550071000000,4.0,10.0,4.631172839506172,4.0,7.0,648,0.0,0.0,0.0,0.0,0.0,0,0.0,0.0,0.0,0.0,0.0,0,1.0,1.0,1.0,1.0,1.0,552,0.9999999999999996,1.0000000000000004,1.0,1.0,1.0000000000000002,552,0.0,0.0,0.0,0.0,0.0,0.0,0.0,0.0,0.0,0.0,0.0,0.0,0.0,1268.9683409998906
356,3560071200000,4.0,10.0,4.6419753086419755,4.0,7.0,648,0.0,0.0,0.0,0.0,0.0,0,0.0,0.0,0.0,0.0,0.0,0,1.0,1.0,1.0,1.0,1.0,552,0.9999999999999997,1.0000000000000002,1.0,1.0,1.0000000000000002,552,0.0,0.0,0.0,0.0,0.0,0.0,0.0,0.0,0.0,0.0,0.0,0.0,0.0,1348.168999000336
357,3570071400000,4.0,10.0,4.6419753086419755,4.0,7.0,648,0.0,0.0,0.0,0.0,0.0,0,0.0,0.0,0.0,0.0,0.0,0,1.0,1.0,1.0,1.0,1.0,552,0.9999999999999998,1.0000000000000002,1.0,1.0,1.0000000000000002,552,0.0,0.0,0.0,0.0,0.0,0.0,0.0,0.0,0.0,0.0,0.0,0.0,0.0,1343.2506509998348
358,3580071600000,4.0,10.0,4.648148148148148,4.0,7.0,648,0.0,0.0,0.0,0.0,0.0,0,0.0,0.0,0.0,0.0,0.0,0,1.0,1.0,1.0,1.0,1.0,552,0.9999999999999997,1.0000000000000002,1.0,1.0,1.0000000000000002,552,0.0,0.0,0.0,0.0,0.0,0.0,0.0,0.0,0.0,0.0,0.0,0.0,0.0,1285.5303410005945
359,3590071800000,4.0,10.0,4.643518518518518,4.0,7.0,648,0.0,0.0,0.0,0.0,0.0,0,0.0,0.0,0.0,0.0,0.0,0,1.0,1.0,1.0,1.0,1.0,552,0.9999999999999996,1.0000000000000002,1.0,1.0,1.0000000000000002,552,0.0,0.0,0.0,0.0,0.0,0.0,0.0,0.0,0.0,0.0,0.0,0.0,0.0,1292.056035999849
360,3600072000000,4.0,10.0,4.645061728395062,4.0,7.0,648,0.0,0.0,0.0,0.0,0.0,0,0.0,0.0,0.0,0.0,0.0,0,1.0,1.0,1.0,1.0,1.0,552,0.9999999999999998,1.0000000000000002,1.0,1.0,1.0000000000000002,552,0.0,0.0,0.0,0.0,0.0,0.0,0.0,0.0,0.0,0.0,0.0,0.0,0.0,1348.2506559994363
361,3610072200000,4.0,10.0,4.631172839506172,4.0,7.0,648,0.0,0.0,0.0,0.0,0.0,0,0.0,0.0,0.0,0.0,0.0,0,1.0,1.0,1.0,1.0,1.0,552,0.9999999999999997,1.0000000000000004,1.0,1.0,1.0000000000000002,552,0.0,0.0,0.0,0.0,0.0,0.0,0.0,0.0,0.0,0.0,0.0,0.0,0.0,1281.751415999679
362,3620072400000,4.0,10.0,4.631172839506172,4.0,7.0,648,0.0,0.0,0.0,0.0,0.0,0,0.0,0.0,0.0,0.0,0.0,0,1.0,1.0,1.0,1.0,1.0,552,0.9999999999999998,1.0000000000000004,1.0,1.0,1.0000000000000002,552,0.0,0.0,0.0,0.0,0.0,0.0,0.0,0.0,0.0,0.0,0.0,0.0,0.0,1257.573938999485
363,3630072600000,4.0,10.0,4.62962962962963,4.0,7.0,648,0.0,0.0,0.0,0.0,0.0,0,0.0,0.0,0.0,0.0,0.0,0,1.0,1.0,1.0,1.0,1.0,552,0.9999999999999996,1.0000000000000002,1.0,1.0,1.0000000000000002,552,0.0,0.0,0.0,0.0,0.0,0.0,0.0,0.0,0.0,0.0,0.0,0.0,0.0,1287.6653749999605
364,3640072800000,4.0,10.0,4.637345679012346,4.0,7.0,648,0.0,0.0,0.0,0.0,0.0,0,0.0,0.0,0.0,0.0,0.0,0,1.0,1.0,1.0,1.0,1.0,552,0.9999999999999997,1.0000000000000002,1.0,1.0,1.0000000000000002,552,0.0,0.0,0.0,0.0,0.0,0.0,0.0,0.0,0.0,0.0,0.0,0.0,0.0,1311.2779039993256
365,3650073000000,4.0,10.0,4.632716049382716,4.0,7.0,648,0.0,0.0,0.0,0.0,0.0,0,0.0,0.0,0.0,0.0,0.0,0,1.0,1.0,1.0,1.0,1.0,552,0.9999999999999998,1.0000000000000002,1.0,1.0,1.0000000000000002,552,0.0,0.0,0.0,0.0,0.0,0.0,0.0,0.0,0.0,0.0,0.0,0.0,0.0,1265.97784400019
366,3660073200000,4.0,10.0,4.6342592592592595,4.0,7.0,648,0.0,0.0,0.0,0.0,0.0,0,0.0,0.0,0.0,0.0,0.0,0,1.0,1.0,1.0,1.0,1.0,552,0.9999999999999996,1.0000000000000002,1.0,1.0,1.0000000000000002,552,0.0,0.0,0.0,0.0,0.0,0.0,0.0,0.0,0.0,0.0,0.0,0.0,0.0,1268.8528420003422
367,3670073400000,4.0,10.0,4.62962962962963,4.0,7.0,648,0.0,0.0,0.0,0.0,0.0,0,0.0,0.0,0.0,0.0,0.0,0,1.0,1.0,1.0,1.0,1.0,552,0.9999999999999997,1.0000000000000004,1.0,1.0,1.0000000000000002,552,0.0,0.0,0.0,0.0,0.0,0.0,0.0,0.0,0.0,0.0,0.0,0.0,0.0,1253.1455430007554
368,3680073600000,4.0,10.0,4.6342592592592595,4.0,7.0,648,0.0,0.0,0.0,0.0,0.0,0,0.0,0.0,0.0,0.0,0.0,0,1.0,1.0,1.0,1.0,1.0,552,0.9999999999999998,1.0000000000000002,1.0,1.0,1.0,552,0.0,0.0,0.0,0.0,0.0,0.0,0.0,0.0,0.0,0.0,0.0,0.0,0.0,1277.9685770001379
369,3690073800000,4.0,10.0,4.631172839506172,4.0,7.0,648,0.0,0.0,0.0,0.0,0.0,0,0.0,0.0,0.0,0.0,0.0,0,1.0,1.0,1.0,1.0,1.0,552,0.9999999999999997,1.0000000000000002,1.0,1.0,1.0,552,0.0,0.0,0.0,0.0,0.0,0.0,0.0,0.0,0.0,0.0,0.0,0.0,0.0,1269.7322229996644
370,3700074000000,4.0,10.0,4.6265432098765435,4.0,7.0,648,0.0,0.0,0.0,0.0,0.0,0,0.0,0.0,0.0,0.0,0.0,0,1.0,1.0,1.0,1.0,1.0,552,0.9999999999999997,1.0000000000000002,1.0,1.0,1.0000000000000002,552,0.0,0.0,0.0,0.0,0.0,0.0,0.0,0.0,0.0,0.0,0.0,0.0,0.0,1256.4451729995199
371,3710074200000,4.0,10.0,4.6342592592592595,4.0,7.0,648,0.0,0.0,0.0,0.0,0.0,0,0.0,0.0,0.0,0.0,0.0,0,1.0,1.0,1.0,1.0,1.0,552,0.9999999999999997,1.0000000000000002,1.0,1.0,1.0000000000000002,552,0.0,0.0,0.0,0.0,0.0,0.0,0.0,0.0,0.0,0.0,0.0,0.0,0.0,1291.8728510003348
372,3720074400000,4.0,10.0,4.6342592592592595,4.0,7.0,648,0.0,0.0,0.0,0.0,0.0,0,0.0,0.0,0.0,0.0,0.0,0,1.0,1.0,1.0,1.0,1.0,552,0.9999999999999996,1.0000000000000002,1.0,1.0,1.0000000000000002,552,0.0,0.0,0.0,0.0,0.0,0.0,0.0,0.0,0.0,0.0,0.0,0.0,0.0,1290.6644109998524
373,3730074600000,4.0,10.0,4.643518518518518,4.0,7.0,648,0.0,0.0,0.0,0.0,0.0,0,0.0,0.0,0.0,0.0,0.0,0,1.0,1.0,1.0,1.0,1.0,552,0.9999999999999996,1.0000000000000002,1.0,1.0,1.0000000000000002,552,0.0,0.0,0.0,0.0,0.0,0.0,0.0,0.0,0.0,0.0,0.0,0.0,0.0,1291.3239219997195
374,3740074800000,4.0,10.0,4.638888888888889,4.0,7.0,648,0.0,0.0,0.0,0.0,0.0,0,0.0,0.0,0.0,0.0,0.0,0,1.0,1.0,1.0,1.0,1.0,552,0.9999999999999996,1.0000000000000002,1.0,1.0,1.0000000000000002,552,0.0,0.0,0.0,0.0,0.0,0.0,0.0,0.0,0.0,0.0,0.0,0.0,0.0,1277.7248699994743
375,3750075000000,4.0,10.0,4.640432098765432,4.0,7.0,648,0.0,0.0,0.0,0.0,0.0,0,0.0,0.0,0.0,0.0,0.0,0,1.0,1.0,1.0,1.0,1.0,552,0.9999999999999997,1.0000000000000002,1.0,1.0,1.0000000000000002,552,0.0,0.0,0.0,0.0,0.0,0.0,0.0,0.0,0.0,0.0,0.0,0.0,0.0,1282.9134670000713
376,3760075200000,4.0,10.0,4.648148148148148,4.0,7.0,648,0.0,0.0,0.0,0.0,0.0,0,0.0,0.0,0.0,0.0,0.0,0,1.0,1.0,1.0,1.0,1.0,552,0.9999999999999997,1.0000000000000002,1.0,1.0,1.0000000000000002,552,0.0,0.0,0.0,0.0,0.0,0.0,0.0,0.0,0.0,0.0,0.0,0.0,0.0,1312.5743470000089
377,3770075400000,4.0,10.0,4.648148148148148,4.0,7.0,648,0.0,0.0,0.0,0.0,0.0,0,0.0,0.0,0.0,0.0,0.0,0,1.0,1.0,1.0,1.0,1.0,552,0.9999999999999998,1.0000000000000002,1.0,1.0,1.0000000000000002,552,0.0,0.0,0.0,0.0,0.0,0.0,0.0,0.0,0.0,0.0,0.0,0.0,0.0,1383.3805419999408
378,3780075600000,4.0,10.0,4.651234567901234,4.0,7.0,648,0.0,0.0,0.0,0.0,0.0,0,0.0,0.0,0.0,0.0,0.0,0,1.0,1.0,1.0,1.0,1.0,552,0.9999999999999997,1.0000000000000002,1.0,1.0,1.0000000000000002,552,0.0,0.0,0.0,0.0,0.0,0.0,0.0,0.0,0.0,0.0,0.0,0.0,0.0,1316.6759470004763
379,3790075800000,4.0,10.0,4.638888888888889,4.0,7.0,648,0.0,0.0,0.0,0.0,0.0,0,0.0,0.0,0.0,0.0,0.0,0,1.0,1.0,1.0,1.0,1.0,552,0.9999999999999998,1.0000000000000002,1.0,1.0,1.0000000000000002,552,0.0,0.0,0.0,0.0,0.0,0.0,0.0,0.0,0.0,0.0,0.0,0.0,0.0,1289.3439520003085
380,3800076000000,4.0,10.0,4.640432098765432,4.0,7.0,648,0.0,0.0,0.0,0.0,0.0,0,0.0,0.0,0.0,0.0,0.0,0,1.0,1.0,1.0,1.0,1.0,552,0.9999999999999998,1.0000000000000004,1.0,1.0,1.0000000000000002,552,0.0,0.0,0.0,0.0,0.0,0.0,0.0,0.0,0.0,0.0,0.0,0.0,0.0,1349.0118580002672
381,3810076200000,4.0,10.0,4.635802469135802,4.0,7.0,648,0.0,0.0,0.0,0.0,0.0,0,0.0,0.0,0.0,0.0,0.0,0,1.0,1.0,1.0,1.0,1.0,552,0.9999999999999997,1.0000000000000004,1.0,1.0,1.0000000000000002,552,0.0,0.0,0.0,0.0,0.0,0.0,0.0,0.0,0.0,0.0,0.0,0.0,0.0,1302.678885000205
382,3820076400000,4.0,10.0,4.645061728395062,4.0,7.0,648,0.0,0.0,0.0,0.0,0.0,0,0.0,0.0,0.0,0.0,0.0,0,1.0,1.0,1.0,1.0,1.0,552,0.9999999999999998,1.0000000000000004,1.0,1.0,1.0000000000000002,552,0.0,0.0,0.0,0.0,0.0,0.0,0.0,0.0,0.0,0.0,0.0,0.0,0.0,1345.1943169993683
383,3830076600000,4.0,10.0,4.645061728395062,4.0,7.0,648,0.0,0.0,0.0,0.0,0.0,0,0.0,0.0,0.0,0.0,0.0,0,1.0,1.0,1.0,1.0,1.0,552,0.9999999999999997,1.0000000000000002,1.0,1.0,1.0,552,0.0,0.0,0.0,0.0,0.0,0.0,0.0,0.0,0.0,0.0,0.0,0.0,0.0,1306.1673980000705
384,3840076800000,4.0,10.0,4.6496913580246915,4.0,7.0,648,0.0,0.0,0.0,0.0,0.0,0,0.0,0.0,0.0,0.0,0.0,0,1.0,1.0,1.0,1.0,1.0,552,0.9999999999999997,1.0000000000000004,1.0,1.0,1.0000000000000002,552,0.0,0.0,0.0,0.0,0.0,0.0,0.0,0.0,0.0,0.0,0.0,0.0,0.0,1354.9533809991772
385,3850077000000,4.0,10.0,4.637345679012346,4.0,7.0,648,0.0,0.0,0.0,0.0,0.0,0,0.0,0.0,0.0,0.0,0.0,0,1.0,1.0,1.0,1.0,1.0,552,0.9999999999999998,1.0000000000000004,1.0,1.0,1.0000000000000002,552,0.0,0.0,0.0,0.0,0.0,0.0,0.0,0.0,0.0,0.0,0.0,0.0,0.0,1297.3806659992988
386,3860077200000,4.0,10.0,4.6342592592592595,4.0,7.0,648,0.0,0.0,0.0,0.0,0.0,0,0.0,0.0,0.0,0.0,0.0,0,1.0,1.0,1.0,1.0,1.0,552,0.9999999999999996,1.0000000000000002,1.0,1.0,1.0000000000000002,552,0.0,0.0,0.0,0.0,0.0,0.0,0.0,0.0,0.0,0.0,0.0,0.0,0.0,1304.1959740003222
387,3870077400000,4.0,10.0,4.6265432098765435,4.0,7.0,648,0.0,0.0,0.0,0.0,0.0,0,0.0,0.0,0.0,0.0,0.0,0,1.0,1.0,1.0,1.0,1.0,552,0.9999999999999998,1.0000000000000004,1.0,1.0,1.0000000000000002,552,0.0,0.0,0.0,0.0,0.0,0.0,0.0,0.0,0.0,0.0,0.0,0.0,0.0,1291.9607689991608
388,3880077600000,4.0,10.0,4.625,4.0,7.0,648,0.0,0.0,0.0,0.0,0.0,0,0.0,0.0,0.0,0.0,0.0,0,1.0,1.0,1.0,1.0,1.0,552,0.9999999999999997,1.0000000000000002,1.0,1.0,1.0000000000000002,552,0.0,0.0,0.0,0.0,0.0,0.0,0.0,0.0,0.0,0.0,0.0,0.0,0.0,1311.0119479997593
389,3890077800000,4.0,10.0,4.6342592592592595,4.0,7.0,648,0.0,0.0,0.0,0.0,0.0,0,0.0,0.0,0.0,0.0,0.0,0,1.0,1.0,1.0,1.0,1.0,552,0.9999999999999997,1.0000000000000002,1.0,1.0,1.0000000000000002,552,0.0,0.0,0.0,0.0,0.0,0.0,0.0,0.0,0.0,0.0,0.0,0.0,0.0,1318.7519739994968
390,3900078000000,4.0,10.0,4.635802469135802,4.0,7.0,648,0.0,0.0,0.0,0.0,0.0,0,0.0,0.0,0.0,0.0,0.0,0,1.0,1.0,1.0,1.0,1.0,552,0.9999999999999996,1.0000000000000002,1.0,1.0,1.0000000000000002,552,0.0,0.0,0.0,0.0,0.0,0.0,0.0,0.0,0.0,0.0,0.0,0.0,0.0,1303.2629909994284
391,3910078200000,4.0,10.0,4.632716049382716,4.0,7.0,648,0.0,0.0,0.0,0.0,0.0,0,0.0,0.0,0.0,0.0,0.0,0,1.0,1.0,1.0,1.0,1.0,552,0.9999999999999997,1.0000000000000002,1.0,1.0,1.0000000000000002,552,0.0,0.0,0.0,0.0,0.0,0.0,0.0,0.0,0.0,0.0,0.0,0.0,0.0,1282.616577999761
392,3920078400000,4.0,10.0,4.637345679012346,4.0,7.0,648,0.0,0.0,0.0,0.0,0.0,0,0.0,0.0,0.0,0.0,0.0,0,1.0,1.0,1.0,1.0,1.0,552,0.9999999999999998,1.0000000000000002,1.0,1.0,1.0000000000000002,552,0.0,0.0,0.0,0.0,0.0,0.0,0.0,0.0,0.0,0.0,0.0,0.0,0.0,1319.7638870005903
393,3930078600000,4.0,10.0,4.6342592592592595,4.0,7.0,648,0.0,0.0,0.0,0.0,0.0,0,0.0,0.0,0.0,0.0,0.0,0,1.0,1.0,1.0,1.0,1.0,552,0.9999999999999996,1.0000000000000002,1.0,1.0,1.0000000000000002,552,0.0,0.0,0.0,0.0,0.0,0.0,0.0,0.0,0.0,0.0,0.0,0.0,0.0,1290.5644929996924
394,3940078800000,4.0,10.0,4.640432098765432,4.0,7.0,648,0.0,0.0,0.0,0.0,0.0,0,0.0,0.0,0.0,0.0,0.0,0,1.0,1.0,1.0,1.0,1.0,552,0.9999999999999996,1.0000000000000004,1.0,1.0,1.0,552,0.0,0.0,0.0,0.0,0.0,0.0,0.0,0.0,0.0,0.0,0.0,0.0,0.0,1288.2518380001784
395,3950079000000,4.0,10.0,4.655864197530864,4.0,7.0,648,0.0,0.0,0.0,0.0,0.0,0,0.0,0.0,0.0,0.0,0.0,0,1.0,1.0,1.0,1.0,1.0,552,0.9999999999999996,1.0000000000000002,1.0,1.0,1.0000000000000002,552,0.0,0.0,0.0,0.0,0.0,0.0,0.0,0.0,0.0,0.0,0.0,0.0,0.0,1313.9269250004872
396,3960079200000,4.0,10.0,4.651234567901234,4.0,7.0,648,0.0,0.0,0.0,0.0,0.0,0,0.0,0.0,0.0,0.0,0.0,0,1.0,1.0,1.0,1.0,1.0,552,0.9999999999999997,1.0000000000000002,1.0,1.0,1.0000000000000002,552,0.0,0.0,0.0,0.0,0.0,0.0,0.0,0.0,0.0,0.0,0.0,0.0,0.0,1317.1144390007612
397,3970079400000,4.0,10.0,4.646604938271605,4.0,7.0,648,0.0,0.0,0.0,0.0,0.0,0,0.0,0.0,0.0,0.0,0.0,0,1.0,1.0,1.0,1.0,1.0,552,0.9999999999999997,1.0000000000000002,1.0,1.0,1.0000000000000002,552,0.0,0.0,0.0,0.0,0.0,0.0,0.0,0.0,0.0,0.0,0.0,0.0,0.0,1306.644801999937
398,3980079600000,4.0,10.0,4.651234567901234,4.0,7.0,648,0.0,0.0,0.0,0.0,0.0,0,0.0,0.0,0.0,0.0,0.0,0,1.0,1.0,1.0,1.0,1.0,552,0.9999999999999997,1.0000000000000002,1.0,1.0,1.0000000000000002,552,0.0,0.0,0.0,0.0,0.0,0.0,0.0,0.0,0.0,0.0,0.0,0.0,0.0,1318.183035000402
399,3990079800000,4.0,10.0,4.648148148148148,4.0,7.0,648,0.0,0.0,0.0,0.0,0.0,0,0.0,0.0,0.0,0.0,0.0,0,1.0,1.0,1.0,1.0,1.0,552,0.9999999999999996,1.0000000000000004,1.0,1.0,1.0000000000000002,552,0.0,0.0,0.0,0.0,0.0,0.0,0.0,0.0,0.0,0.0,0.0,0.0,0.0,1327.1818369994435
400,4000080000000,4.0,10.0,4.648148148148148,4.0,7.0,648,0.0,0.0,0.0,0.0,0.0,0,0.0,0.0,0.0,0.0,0.0,0,1.0,1.0,1.0,1.0,1.0,552,0.9999999999999996,1.0000000000000002,1.0,1.0,1.0000000000000002,552,0.0,0.0,0.0,0.0,0.0,0.0,0.0,0.0,0.0,0.0,0.0,0.0,0.0,1338.2022109999525
401,4010080200000,4.0,10.0,4.645061728395062,4.0,7.0,648,0.0,0.0,0.0,0.0,0.0,0,0.0,0.0,0.0,0.0,0.0,0,1.0,1.0,1.0,1.0,1.0,552,0.9999999999999996,1.0000000000000002,1.0,1.0,1.0000000000000002,552,0.0,0.0,0.0,0.0,0.0,0.0,0.0,0.0,0.0,0.0,0.0,0.0,0.0,1305.6564480002635
402,4020080400000,4.0,10.0,4.643518518518518,4.0,7.0,648,0.0,0.0,0.0,0.0,0.0,0,0.0,0.0,0.0,0.0,0.0,0,1.0,1.0,1.0,1.0,1.0,552,0.9999999999999997,1.0000000000000002,1.0,1.0,1.0000000000000002,552,0.0,0.0,0.0,0.0,0.0,0.0,0.0,0.0,0.0,0.0,0.0,0.0,0.0,1635.3329670000676
403,4030080600000,4.0,10.0,4.635802469135802,4.0,7.0,648,0.0,0.0,0.0,0.0,0.0,0,0.0,0.0,0.0,0.0,0.0,0,1.0,1.0,1.0,1.0,1.0,552,0.9999999999999997,1.0000000000000004,1.0,1.0,1.0,552,0.0,0.0,0.0,0.0,0.0,0.0,0.0,0.0,0.0,0.0,0.0,0.0,0.0,1580.5146020002212
404,4040080800000,4.0,10.0,4.640432098765432,4.0,7.0,648,0.0,0.0,0.0,0.0,0.0,0,0.0,0.0,0.0,0.0,0.0,0,1.0,1.0,1.0,1.0,1.0,552,0.9999999999999997,1.0000000000000002,1.0,1.0,1.0,552,0.0,0.0,0.0,0.0,0.0,0.0,0.0,0.0,0.0,0.0,0.0,0.0,0.0,1551.5534070000285
405,4050081000000,4.0,10.0,4.635802469135802,4.0,7.0,648,0.0,0.0,0.0,0.0,0.0,0,0.0,0.0,0.0,0.0,0.0,0,1.0,1.0,1.0,1.0,1.0,552,0.9999999999999996,1.0000000000000004,1.0,1.0,1.0000000000000002,552,0.0,0.0,0.0,0.0,0.0,0.0,0.0,0.0,0.0,0.0,0.0,0.0,0.0,1379.948443000103
406,4060081200000,4.0,10.0,4.628086419753086,4.0,7.0,648,0.0,0.0,0.0,0.0,0.0,0,0.0,0.0,0.0,0.0,0.0,0,1.0,1.0,1.0,1.0,1.0,552,0.9999999999999997,1.0000000000000004,1.0,1.0,1.0000000000000002,552,0.0,0.0,0.0,0.0,0.0,0.0,0.0,0.0,0.0,0.0,0.0,0.0,0.0,1412.4398539997856
407,4070081400000,4.0,10.0,4.625,4.0,7.0,648,0.0,0.0,0.0,0.0,0.0,0,0.0,0.0,0.0,0.0,0.0,0,1.0,1.0,1.0,1.0,1.0,552,0.9999999999999998,1.0000000000000002,1.0,1.0,1.0000000000000002,552,0.0,0.0,0.0,0.0,0.0,0.0,0.0,0.0,0.0,0.0,0.0,0.0,0.0,1433.6909080002442
408,4080081600000,4.0,10.0,4.637345679012346,4.0,7.0,648,0.0,0.0,0.0,0.0,0.0,0,0.0,0.0,0.0,0.0,0.0,0,1.0,1.0,1.0,1.0,1.0,552,0.9999999999999998,1.0000000000000004,1.0,1.0,1.0000000000000002,552,0.0,0.0,0.0,0.0,0.0,0.0,0.0,0.0,0.0,0.0,0.0,0.0,0.0,1389.0749619995404
409,4090081800000,4.0,10.0,4.6342592592592595,4.0,7.0,648,0.0,0.0,0.0,0.0,0.0,0,0.0,0.0,0.0,0.0,0.0,0,1.0,1.0,1.0,1.0,1.0,552,0.9999999999999997,1.0000000000000002,1.0,1.0,1.0000000000000002,552,0.0,0.0,0.0,0.0,0.0,0.0,0.0,0.0,0.0,0.0,0.0,0.0,0.0,1394.1389629999321
410,4100082000000,4.0,10.0,4.6342592592592595,4.0,7.0,648,0.0,0.0,0.0,0.0,0.0,0,0.0,0.0,0.0,0.0,0.0,0,1.0,1.0,1.0,1.0,1.0,552,0.9999999999999997,1.0000000000000002,1.0,1.0,1.0000000000000002,552,0.0,0.0,0.0,0.0,0.0,0.0,0.0,0.0,0.0,0.0,0.0,0.0,0.0,1422.565812999892
411,4110082200000,4.0,10.0,4.631172839506172,4.0,7.0,648,0.0,0.0,0.0,0.0,0.0,0,0.0,0.0,0.0,0.0,0.0,0,1.0,1.0,1.0,1.0,1.0,552,0.9999999999999996,1.0000000000000002,1.0,1.0,1.0000000000000002,552,0.0,0.0,0.0,0.0,0.0,0.0,0.0,0.0,0.0,0.0,0.0,0.0,0.0,1372.1177389998047
412,4120082400000,4.0,10.0,4.635802469135802,4.0,7.0,648,0.0,0.0,0.0,0.0,0.0,0,0.0,0.0,0.0,0.0,0.0,0,1.0,1.0,1.0,1.0,1.0,552,0.9999999999999998,1.0000000000000002,1.0,1.0,1.0000000000000002,552,0.0,0.0,0.0,0.0,0.0,0.0,0.0,0.0,0.0,0.0,0.0,0.0,0.0,1359.422120999625
413,4130082600000,4.0,10.0,4.638888888888889,4.0,7.0,648,0.0,0.0,0.0,0.0,0.0,0,0.0,0.0,0.0,0.0,0.0,0,1.0,1.0,1.0,1.0,1.0,552,0.9999999999999997,1.0000000000000002,1.0,1.0,1.0000000000000002,552,0.0,0.0,0.0,0.0,0.0,0.0,0.0,0.0,0.0,0.0,0.0,0.0,0.0,1312.969907000479
414,4140082800000,4.0,10.0,4.648148148148148,4.0,7.0,648,0.0,0.0,0.0,0.0,0.0,0,0.0,0.0,0.0,0.0,0.0,0,1.0,1.0,1.0,1.0,1.0,552,0.9999999999999998,1.0000000000000002,1.0,1.0,1.0000000000000002,552,0.0,0.0,0.0,0.0,0.0,0.0,0.0,0.0,0.0,0.0,0.0,0.0,0.0,1322.516309999628
415,4150083000000,4.0,10.0,4.646604938271605,4.0,7.0,648,0.0,0.0,0.0,0.0,0.0,0,0.0,0.0,0.0,0.0,0.0,0,1.0,1.0,1.0,1.0,1.0,552,0.9999999999999997,1.0000000000000002,1.0,1.0,1.0000000000000002,552,0.0,0.0,0.0,0.0,0.0,0.0,0.0,0.0,0.0,0.0,0.0,0.0,0.0,1337.6376370006255
416,4160083200000,4.0,10.0,4.6419753086419755,4.0,7.0,648,0.0,0.0,0.0,0.0,0.0,0,0.0,0.0,0.0,0.0,0.0,0,1.0,1.0,1.0,1.0,1.0,552,0.9999999999999997,1.0000000000000002,1.0,1.0,1.0000000000000002,552,0.0,0.0,0.0,0.0,0.0,0.0,0.0,0.0,0.0,0.0,0.0,0.0,0.0,1309.9109080003473
417,4170083400000,4.0,10.0,4.646604938271605,4.0,7.0,648,0.0,0.0,0.0,0.0,0.0,0,0.0,0.0,0.0,0.0,0.0,0,1.0,1.0,1.0,1.0,1.0,552,0.9999999999999997,1.0000000000000002,1.0,1.0,1.0000000000000002,552,0.0,0.0,0.0,0.0,0.0,0.0,0.0,0.0,0.0,0.0,0.0,0.0,0.0,1319.8424259999229
418,4180083600000,4.0,10.0,4.651234567901234,4.0,7.0,648,0.0,0.0,0.0,0.0,0.0,0,0.0,0.0,0.0,0.0,0.0,0,1.0,1.0,1.0,1.0,1.0,552,0.9999999999999996,1.0000000000000004,1.0,1.0,1.0000000000000002,552,0.0,0.0,0.0,0.0,0.0,0.0,0.0,0.0,0.0,0.0,0.0,0.0,0.0,1310.1442370007135
419,4190083800000,4.0,10.0,4.6419753086419755,4.0,7.0,648,0.0,0.0,0.0,0.0,0.0,0,0.0,0.0,0.0,0.0,0.0,0,1.0,1.0,1.0,1.0,1.0,552,0.9999999999999998,1.0000000000000002,1.0,1.0,1.0,552,0.0,0.0,0.0,0.0,0.0,0.0,0.0,0.0,0.0,0.0,0.0,0.0,0.0,1286.7423950001466
420,4200084000000,4.0,10.0,4.6265432098765435,4.0,7.0,648,0.0,0.0,0.0,0.0,0.0,0,0.0,0.0,0.0,0.0,0.0,0,1.0,1.0,1.0,1.0,1.0,552,0.9999999999999998,1.0000000000000004,1.0,1.0,1.0000000000000002,552,0.0,0.0,0.0,0.0,0.0,0.0,0.0,0.0,0.0,0.0,0.0,0.0,0.0,1300.3767939999307
421,4210084200000,4.0,10.0,4.6265432098765435,4.0,7.0,648,0.0,0.0,0.0,0.0,0.0,0,0.0,0.0,0.0,0.0,0.0,0,1.0,1.0,1.0,1.0,1.0,552,0.9999999999999997,1.0000000000000004,1.0,1.0,1.0000000000000002,552,0.0,0.0,0.0,0.0,0.0,0.0,0.0,0.0,0.0,0.0,0.0,0.0,0.0,1290.177689000302
422,4220084400000,4.0,10.0,4.6342592592592595,4.0,7.0,648,0.0,0.0,0.0,0.0,0.0,0,0.0,0.0,0.0,0.0,0.0,0,1.0,1.0,1.0,1.0,1.0,552,0.9999999999999997,1.0000000000000002,1.0,1.0,1.0000000000000002,552,0.0,0.0,0.0,0.0,0.0,0.0,0.0,0.0,0.0,0.0,0.0,0.0,0.0,1267.4307749994114
423,4230084600000,4.0,10.0,4.635802469135802,4.0,7.0,648,0.0,0.0,0.0,0.0,0.0,0,0.0,0.0,0.0,0.0,0.0,0,1.0,1.0,1.0,1.0,1.0,552,0.9999999999999997,1.0000000000000002,1.0,1.0,1.0000000000000002,552,0.0,0.0,0.0,0.0,0.0,0.0,0.0,0.0,0.0,0.0,0.0,0.0,0.0,1277.8618550000829
424,4240084800000,4.0,10.0,4.632716049382716,4.0,7.0,648,0.0,0.0,0.0,0.0,0.0,0,0.0,0.0,0.0,0.0,0.0,0,1.0,1.0,1.0,1.0,1.0,552,0.9999999999999998,1.0000000000000002,1.0,1.0,1.0000000000000002,552,0.0,0.0,0.0,0.0,0.0,0.0,0.0,0.0,0.0,0.0,0.0,0.0,0.0,1286.3455389997398
425,4250085000000,4.0,10.0,4.637345679012346,4.0,7.0,648,0.0,0.0,0.0,0.0,0.0,0,0.0,0.0,0.0,0.0,0.0,0,1.0,1.0,1.0,1.0,1.0,552,0.9999999999999997,1.0000000000000004,1.0,1.0,1.0000000000000002,552,0.0,0.0,0.0,0.0,0.0,0.0,0.0,0.0,0.0,0.0,0.0,0.0,0.0,1311.133189999964
426,4260085200000,4.0,10.0,4.638888888888889,4.0,7.0,648,0.0,0.0,0.0,0.0,0.0,0,0.0,0.0,0.0,0.0,0.0,0,1.0,1.0,1.0,1.0,1.0,552,0.9999999999999997,1.0000000000000002,1.0,1.0,1.0000000000000002,552,0.0,0.0,0.0,0.0,0.0,0.0,0.0,0.0,0.0,0.0,0.0,0.0,0.0,1326.0802049999256
427,4270085400000,4.0,10.0,4.638888888888889,4.0,7.0,648,0.0,0.0,0.0,0.0,0.0,0,0.0,0.0,0.0,0.0,0.0,0,1.0,1.0,1.0,1.0,1.0,552,0.9999999999999996,1.0000000000000002,1.0,1.0,1.0000000000000002,552,0.0,0.0,0.0,0.0,0.0,0.0,0.0,0.0,0.0,0.0,0.0,0.0,0.0,1276.8835019996914
428,4280085600000,4.0,10.0,4.62962962962963,4.0,7.0,648,0.0,0.0,0.0,0.0,0.0,0,0.0,0.0,0.0,0.0,0.0,0,1.0,1.0,1.0,1.0,1.0,552,0.9999999999999997,1.0000000000000002,1.0,1.0,1.0000000000000002,552,0.0,0.0,0.0,0.0,0.0,0.0,0.0,0.0,0.0,0.0,0.0,0.0,0.0,1315.4384750005192
429,4290085800000,4.0,10.0,4.632716049382716,4.0,7.0,648,0.0,0.0,0.0,0.0,0.0,0,0.0,0.0,0.0,0.0,0.0,0,1.0,1.0,1.0,1.0,1.0,552,0.9999999999999996,1.0000000000000004,1.0,1.0,1.0000000000000002,552,0.0,0.0,0.0,0.0,0.0,0.0,0.0,0.0,0.0,0.0,0.0,0.0,0.0,1295.180583999354
430,4300086000000,4.0,10.0,4.6342592592592595,4.0,7.0,648,0.0,0.0,0.0,0.0,0.0,0,0.0,0.0,0.0,0.0,0.0,0,1.0,1.0,1.0,1.0,1.0,552,0.9999999999999998,1.0000000000000002,1.0,1.0,1.0000000000000002,552,0.0,0.0,0.0,0.0,0.0,0.0,0.0,0.0,0.0,0.0,0.0,0.0,0.0,1334.693884000444
431,4310086200000,4.0,10.0,4.635802469135802,4.0,7.0,648,0.0,0.0,0.0,0.0,0.0,0,0.0,0.0,0.0,0.0,0.0,0,1.0,1.0,1.0,1.0,1.0,552,0.9999999999999998,1.0000000000000002,1.0,1.0,1.0000000000000002,552,0.0,0.0,0.0,0.0,0.0,0.0,0.0,0.0,0.0,0.0,0.0,0.0,0.0,1281.735825999931
432,4320086400000,4.0,10.0,4.6342592592592595,4.0,7.0,648,0.0,0.0,0.0,0.0,0.0,0,0.0,0.0,0.0,0.0,0.0,0,1.0,1.0,1.0,1.0,1.0,552,0.9999999999999998,1.0000000000000002,1.0,1.0,1.0000000000000002,552,0.0,0.0,0.0,0.0,0.0,0.0,0.0,0.0,0.0,0.0,0.0,0.0,0.0,1301.8999859996256
433,4330086600000,4.0,10.0,4.640432098765432,4.0,7.0,648,0.0,0.0,0.0,0.0,0.0,0,0.0,0.0,0.0,0.0,0.0,0,1.0,1.0,1.0,1.0,1.0,552,0.9999999999999997,1.0000000000000004,1.0,1.0,1.0000000000000002,552,0.0,0.0,0.0,0.0,0.0,0.0,0.0,0.0,0.0,0.0,0.0,0.0,0.0,1524.1700999995373
434,4340086800000,4.0,10.0,4.635802469135802,4.0,7.0,648,0.0,0.0,0.0,0.0,0.0,0,0.0,0.0,0.0,0.0,0.0,0,1.0,1.0,1.0,1.0,1.0,552,0.9999999999999997,1.0000000000000002,1.0,1.0,1.0000000000000002,552,0.0,0.0,0.0,0.0,0.0,0.0,0.0,0.0,0.0,0.0,0.0,0.0,0.0,1316.095127999688
435,4350087000000,4.0,10.0,4.6342592592592595,4.0,7.0,648,0.0,0.0,0.0,0.0,0.0,0,0.0,0.0,0.0,0.0,0.0,0,1.0,1.0,1.0,1.0,1.0,552,0.9999999999999998,1.0000000000000002,1.0,1.0,1.0000000000000002,552,0.0,0.0,0.0,0.0,0.0,0.0,0.0,0.0,0.0,0.0,0.0,0.0,0.0,1288.34958599964
436,4360087200000,4.0,10.0,4.643518518518518,4.0,7.0,648,0.0,0.0,0.0,0.0,0.0,0,0.0,0.0,0.0,0.0,0.0,0,1.0,1.0,1.0,1.0,1.0,552,0.9999999999999998,1.0000000000000002,1.0,1.0,1.0000000000000002,552,0.0,0.0,0.0,0.0,0.0,0.0,0.0,0.0,0.0,0.0,0.0,0.0,0.0,1300.5950540000413
437,4370087400000,4.0,10.0,4.637345679012346,4.0,7.0,648,0.0,0.0,0.0,0.0,0.0,0,0.0,0.0,0.0,0.0,0.0,0,1.0,1.0,1.0,1.0,1.0,552,0.9999999999999998,1.0000000000000004,1.0,1.0,1.0000000000000002,552,0.0,0.0,0.0,0.0,0.0,0.0,0.0,0.0,0.0,0.0,0.0,0.0,0.0,1277.8184589997181
438,4380087600000,4.0,10.0,4.635802469135802,4.0,7.0,648,0.0,0.0,0.0,0.0,0.0,0,0.0,0.0,0.0,0.0,0.0,0,1.0,1.0,1.0,1.0,1.0,552,0.9999999999999997,1.0000000000000002,1.0,1.0,1.0000000000000002,552,0.0,0.0,0.0,0.0,0.0,0.0,0.0,0.0,0.0,0.0,0.0,0.0,0.0,1319.5828170000823
439,4390087800000,4.0,10.0,4.635802469135802,4.0,7.0,648,0.0,0.0,0.0,0.0,0.0,0,0.0,0.0,0.0,0.0,0.0,0,1.0,1.0,1.0,1.0,1.0,552,0.9999999999999997,1.0000000000000002,1.0,1.0,1.0000000000000002,552,0.0,0.0,0.0,0.0,0.0,0.0,0.0,0.0,0.0,0.0,0.0,0.0,0.0,1302.51458299972
440,4400088000000,4.0,10.0,4.635802469135802,4.0,7.0,648,0.0,0.0,0.0,0.0,0.0,0,0.0,0.0,0.0,0.0,0.0,0,1.0,1.0,1.0,1.0,1.0,552,0.9999999999999998,1.0000000000000004,1.0,1.0,1.0,552,0.0,0.0,0.0,0.0,0.0,0.0,0.0,0.0,0.0,0.0,0.0,0.0,0.0,1335.249164999368
441,4410088200000,4.0,10.0,4.6342592592592595,4.0,7.0,648,0.0,0.0,0.0,0.0,0.0,0,0.0,0.0,0.0,0.0,0.0,0,1.0,1.0,1.0,1.0,1.0,552,0.9999999999999997,1.0000000000000002,1.0,1.0,1.0000000000000002,552,0.0,0.0,0.0,0.0,0.0,0.0,0.0,0.0,0.0,0.0,0.0,0.0,0.0,1287.7561740006058
442,4420088400000,4.0,10.0,4.635802469135802,4.0,7.0,648,0.0,0.0,0.0,0.0,0.0,0,0.0,0.0,0.0,0.0,0.0,0,1.0,1.0,1.0,1.0,1.0,552,0.9999999999999997,1.0000000000000002,1.0,1.0,1.0000000000000002,552,0.0,0.0,0.0,0.0,0.0,0.0,0.0,0.0,0.0,0.0,0.0,0.0,0.0,1256.042080000043
443,4430088600000,4.0,10.0,4.637345679012346,4.0,7.0,648,0.0,0.0,0.0,0.0,0.0,0,0.0,0.0,0.0,0.0,0.0,0,1.0,1.0,1.0,1.0,1.0,552,0.9999999999999998,1.0000000000000002,1.0,1.0,1.0000000000000002,552,0.0,0.0,0.0,0.0,0.0,0.0,0.0,0.0,0.0,0.0,0.0,0.0,0.0,1377.9508519992305
444,4440088800000,4.0,10.0,4.640432098765432,4.0,7.0,648,0.0,0.0,0.0,0.0,0.0,0,0.0,0.0,0.0,0.0,0.0,0,1.0,1.0,1.0,1.0,1.0,552,0.9999999999999998,1.0000000000000002,1.0,1.0,1.0000000000000002,552,0.0,0.0,0.0,0.0,0.0,0.0,0.0,0.0,0.0,0.0,0.0,0.0,0.0,1342.9734149995056
445,4450089000000,4.0,10.0,4.645061728395062,4.0,7.0,648,0.0,0.0,0.0,0.0,0.0,0,0.0,0.0,0.0,0.0,0.0,0,1.0,1.0,1.0,1.0,1.0,552,0.9999999999999998,1.0000000000000004,1.0,1.0,1.0000000000000002,552,0.0,0.0,0.0,0.0,0.0,0.0,0.0,0.0,0.0,0.0,0.0,0.0,0.0,1295.1164569994944
446,4460089200000,4.0,10.0,4.646604938271605,4.0,7.0,648,0.0,0.0,0.0,0.0,0.0,0,0.0,0.0,0.0,0.0,0.0,0,1.0,1.0,1.0,1.0,1.0,552,0.9999999999999998,1.0000000000000002,1.0,1.0,1.0,552,0.0,0.0,0.0,0.0,0.0,0.0,0.0,0.0,0.0,0.0,0.0,0.0,0.0,1290.2365079999072
447,4470089400000,4.0,10.0,4.640432098765432,4.0,7.0,648,0.0,0.0,0.0,0.0,0.0,0,0.0,0.0,0.0,0.0,0.0,0,1.0,1.0,1.0,1.0,1.0,552,0.9999999999999998,1.0000000000000004,1.0,1.0,1.0000000000000002,552,0.0,0.0,0.0,0.0,0.0,0.0,0.0,0.0,0.0,0.0,0.0,0.0,0.0,1340.9984849995453
448,4480089600000,4.0,10.0,4.6342592592592595,4.0,7.0,648,0.0,0.0,0.0,0.0,0.0,0,0.0,0.0,0.0,0.0,0.0,0,1.0,1.0,1.0,1.0,1.0,552,0.9999999999999997,1.0000000000000002,1.0,1.0,1.0000000000000002,552,0.0,0.0,0.0,0.0,0.0,0.0,0.0,0.0,0.0,0.0,0.0,0.0,0.0,1364.3350189995544
449,4490089800000,4.0,10.0,4.6342592592592595,4.0,7.0,648,0.0,0.0,0.0,0.0,0.0,0,0.0,0.0,0.0,0.0,0.0,0,1.0,1.0,1.0,1.0,1.0,552,0.9999999999999997,1.0000000000000002,1.0,1.0,1.0000000000000002,552,0.0,0.0,0.0,0.0,0.0,0.0,0.0,0.0,0.0,0.0,0.0,0.0,0.0,1349.4318610000846
450,4500090000000,4.0,10.0,4.643518518518518,4.0,7.0,648,0.0,0.0,0.0,0.0,0.0,0,0.0,0.0,0.0,0.0,0.0,0,1.0,1.0,1.0,1.0,1.0,552,0.9999999999999998,1.0000000000000002,1.0,1.0,1.0000000000000002,552,0.0,0.0,0.0,0.0,0.0,0.0,0.0,0.0,0.0,0.0,0.0,0.0,0.0,1401.7980759999773
451,4510090200000,4.0,10.0,4.638888888888889,4.0,7.0,648,0.0,0.0,0.0,0.0,0.0,0,0.0,0.0,0.0,0.0,0.0,0,1.0,1.0,1.0,1.0,1.0,552,0.9999999999999998,1.0000000000000002,1.0,1.0,1.0000000000000002,552,0.0,0.0,0.0,0.0,0.0,0.0,0.0,0.0,0.0,0.0,0.0,0.0,0.0,1324.5498500000394
452,4520090400000,4.0,10.0,4.6419753086419755,4.0,7.0,648,0.0,0.0,0.0,0.0,0.0,0,0.0,0.0,0.0,0.0,0.0,0,1.0,1.0,1.0,1.0,1.0,552,0.9999999999999997,1.0000000000000002,1.0,1.0,1.0000000000000002,552,0.0,0.0,0.0,0.0,0.0,0.0,0.0,0.0,0.0,0.0,0.0,0.0,0.0,1328.2809299998917
453,4530090600000,4.0,10.0,4.6419753086419755,4.0,7.0,648,0.0,0.0,0.0,0.0,0.0,0,0.0,0.0,0.0,0.0,0.0,0,1.0,1.0,1.0,1.0,1.0,552,0.9999999999999997,1.0000000000000002,1.0,1.0,1.0,552,0.0,0.0,0.0,0.0,0.0,0.0,0.0,0.0,0.0,0.0,0.0,0.0,0.0,1335.6489560001137
454,4540090800000,4.0,10.0,4.632716049382716,4.0,7.0,648,0.0,0.0,0.0,0.0,0.0,0,0.0,0.0,0.0,0.0,0.0,0,1.0,1.0,1.0,1.0,1.0,552,0.9999999999999998,1.0000000000000002,1.0,1.0,1.0000000000000002,552,0.0,0.0,0.0,0.0,0.0,0.0,0.0,0.0,0.0,0.0,0.0,0.0,0.0,1271.3175500002762
455,4550091000000,4.0,10.0,4.635802469135802,4.0,7.0,648,0.0,0.0,0.0,0.0,0.0,0,0.0,0.0,0.0,0.0,0.0,0,1.0,1.0,1.0,1.0,1.0,552,0.9999999999999998,1.0000000000000002,1.0,1.0,1.0000000000000002,552,0.0,0.0,0.0,0.0,0.0,0.0,0.0,0.0,0.0,0.0,0.0,0.0,0.0,1300.4920579996906
456,4560091200000,4.0,10.0,4.62962962962963,4.0,7.0,648,0.0,0.0,0.0,0.0,0.0,0,0.0,0.0,0.0,0.0,0.0,0,1.0,1.0,1.0,1.0,1.0,552,0.9999999999999998,1.0000000000000002,1.0,1.0,1.0000000000000002,552,0.0,0.0,0.0,0.0,0.0,0.0,0.0,0.0,0.0,0.0,0.0,0.0,0.0,1346.4044009997451
457,4570091400000,4.0,10.0,4.635802469135802,4.0,7.0,648,0.0,0.0,0.0,0.0,0.0,0,0.0,0.0,0.0,0.0,0.0,0,1.0,1.0,1.0,1.0,1.0,552,0.9999999999999998,1.0000000000000002,1.0,1.0,1.0,552,0.0,0.0,0.0,0.0,0.0,0.0,0.0,0.0,0.0,0.0,0.0,0.0,0.0,1279.691176000597
458,4580091600000,4.0,10.0,4.6419753086419755,4.0,7.0,648,0.0,0.0,0.0,0.0,0.0,0,0.0,0.0,0.0,0.0,0.0,0,1.0,1.0,1.0,1.0,1.0,552,0.9999999999999997,1.0000000000000004,1.0,1.0,1.0000000000000002,552,0.0,0.0,0.0,0.0,0.0,0.0,0.0,0.0,0.0,0.0,0.0,0.0,0.0,1308.5928649998095
459,4590091800000,4.0,10.0,4.638888888888889,4.0,7.0,648,0.0,0.0,0.0,0.0,0.0,0,0.0,0.0,0.0,0.0,0.0,0,1.0,1.0,1.0,1.0,1.0,552,0.9999999999999997,1.0000000000000002,1.0,1.0,1.0000000000000002,552,0.0,0.0,0.0,0.0,0.0,0.0,0.0,0.0,0.0,0.0,0.0,0.0,0.0,1312.4383619997388
460,4600092000000,4.0,10.0,4.637345679012346,4.0,7.0,648,0.0,0.0,0.0,0.0,0.0,0,0.0,0.0,0.0,0.0,0.0,0,1.0,1.0,1.0,1.0,1.0,552,0.9999999999999996,1.0000000000000004,1.0,1.0,1.0000000000000002,552,0.0,0.0,0.0,0.0,0.0,0.0,0.0,0.0,0.0,0.0,0.0,0.0,0.0,1301.7893109999932
461,4610092200000,4.0,10.0,4.638888888888889,4.0,7.0,648,0.0,0.0,0.0,0.0,0.0,0,0.0,0.0,0.0,0.0,0.0,0,1.0,1.0,1.0,1.0,1.0,552,0.9999999999999997,1.0000000000000004,1.0,1.0,1.0000000000000002,552,0.0,0.0,0.0,0.0,0.0,0.0,0.0,0.0,0.0,0.0,0.0,0.0,0.0,1280.9170109994739
462,4620092400000,4.0,10.0,4.651234567901234,4.0,7.0,648,0.0,0.0,0.0,0.0,0.0,0,0.0,0.0,0.0,0.0,0.0,0,1.0,1.0,1.0,1.0,1.0,552,0.9999999999999997,1.0000000000000002,1.0,1.0,1.0000000000000002,552,0.0,0.0,0.0,0.0,0.0,0.0,0.0,0.0,0.0,0.0,0.0,0.0,0.0,1296.0623320004743
463,4630092600000,4.0,10.0,4.6496913580246915,4.0,7.0,648,0.0,0.0,0.0,0.0,0.0,0,0.0,0.0,0.0,0.0,0.0,0,1.0,1.0,1.0,1.0,1.0,552,0.9999999999999997,1.0000000000000002,1.0,1.0,1.0000000000000002,552,0.0,0.0,0.0,0.0,0.0,0.0,0.0,0.0,0.0,0.0,0.0,0.0,0.0,1382.7194939995024
464,4640092800000,4.0,10.0,4.651234567901234,4.0,7.0,648,0.0,0.0,0.0,0.0,0.0,0,0.0,0.0,0.0,0.0,0.0,0,1.0,1.0,1.0,1.0,1.0,552,0.9999999999999998,1.0000000000000002,1.0,1.0,1.0000000000000002,552,0.0,0.0,0.0,0.0,0.0,0.0,0.0,0.0,0.0,0.0,0.0,0.0,0.0,1320.0417950001793
465,4650093000000,4.0,10.0,4.640432098765432,4.0,7.0,648,0.0,0.0,0.0,0.0,0.0,0,0.0,0.0,0.0,0.0,0.0,0,1.0,1.0,1.0,1.0,1.0,552,0.9999999999999998,1.0000000000000002,1.0,1.0,1.0000000000000002,552,0.0,0.0,0.0,0.0,0.0,0.0,0.0,0.0,0.0,0.0,0.0,0.0,0.0,1342.7066599997488
466,4660093200000,4.0,10.0,4.6342592592592595,4.0,7.0,648,0.0,0.0,0.0,0.0,0.0,0,0.0,0.0,0.0,0.0,0.0,0,1.0,1.0,1.0,1.0,1.0,552,0.9999999999999997,1.0000000000000002,1.0,1.0,1.0000000000000002,552,0.0,0.0,0.0,0.0,0.0,0.0,0.0,0.0,0.0,0.0,0.0,0.0,0.0,1429.201040999942
467,4670093400000,4.0,10.0,4.645061728395062,4.0,7.0,648,0.0,0.0,0.0,0.0,0.0,0,0.0,0.0,0.0,0.0,0.0,0,1.0,1.0,1.0,1.0,1.0,552,0.9999999999999996,1.0000000000000002,1.0,1.0,1.0000000000000002,552,0.0,0.0,0.0,0.0,0.0,0.0,0.0,0.0,0.0,0.0,0.0,0.0,0.0,1322.915533000014
468,4680093600000,4.0,10.0,4.638888888888889,4.0,7.0,648,0.0,0.0,0.0,0.0,0.0,0,0.0,0.0,0.0,0.0,0.0,0,1.0,1.0,1.0,1.0,1.0,552,0.9999999999999997,1.0000000000000004,1.0,1.0,1.0000000000000002,552,0.0,0.0,0.0,0.0,0.0,0.0,0.0,0.0,0.0,0.0,0.0,0.0,0.0,1382.1493189998364
469,4690093800000,4.0,10.0,4.640432098765432,4.0,7.0,648,0.0,0.0,0.0,0.0,0.0,0,0.0,0.0,0.0,0.0,0.0,0,1.0,1.0,1.0,1.0,1.0,552,0.9999999999999997,1.0000000000000004,1.0,1.0,1.0000000000000002,552,0.0,0.0,0.0,0.0,0.0,0.0,0.0,0.0,0.0,0.0,0.0,0.0,0.0,1401.3978739994855
470,4700094000000,4.0,10.0,4.6419753086419755,4.0,7.0,648,0.0,0.0,0.0,0.0,0.0,0,0.0,0.0,0.0,0.0,0.0,0,1.0,1.0,1.0,1.0,1.0,552,0.9999999999999997,1.0000000000000002,1.0,1.0,1.0000000000000002,552,0.0,0.0,0.0,0.0,0.0,0.0,0.0,0.0,0.0,0.0,0.0,0.0,0.0,1348.2402830004503
471,4710094200000,4.0,10.0,4.640432098765432,4.0,7.0,648,0.0,0.0,0.0,0.0,0.0,0,0.0,0.0,0.0,0.0,0.0,0,1.0,1.0,1.0,1.0,1.0,552,0.9999999999999997,1.0000000000000002,1.0,1.0,1.0,552,0.0,0.0,0.0,0.0,0.0,0.0,0.0,0.0,0.0,0.0,0.0,0.0,0.0,1322.70585400056
472,4720094400000,4.0,10.0,4.62962962962963,4.0,7.0,648,0.0,0.0,0.0,0.0,0.0,0,0.0,0.0,0.0,0.0,0.0,0,1.0,1.0,1.0,1.0,1.0,552,0.9999999999999998,1.0000000000000002,1.0,1.0,1.0000000000000002,552,0.0,0.0,0.0,0.0,0.0,0.0,0.0,0.0,0.0,0.0,0.0,0.0,0.0,1364.7508159992867
473,4730094600000,4.0,10.0,4.635802469135802,4.0,7.0,648,0.0,0.0,0.0,0.0,0.0,0,0.0,0.0,0.0,0.0,0.0,0,1.0,1.0,1.0,1.0,1.0,552,0.9999999999999998,1.0000000000000004,1.0,1.0,1.0000000000000002,552,0.0,0.0,0.0,0.0,0.0,0.0,0.0,0.0,0.0,0.0,0.0,0.0,0.0,1329.9849220002216
474,4740094800000,4.0,10.0,4.637345679012346,4.0,7.0,648,0.0,0.0,0.0,0.0,0.0,0,0.0,0.0,0.0,0.0,0.0,0,1.0,1.0,1.0,1.0,1.0,552,0.9999999999999998,1.0000000000000002,1.0,1.0,1.0000000000000002,552,0.0,0.0,0.0,0.0,0.0,0.0,0.0,0.0,0.0,0.0,0.0,0.0,0.0,1285.8914769994954
475,4750095000000,4.0,10.0,4.635802469135802,4.0,7.0,648,0.0,0.0,0.0,0.0,0.0,0,0.0,0.0,0.0,0.0,0.0,0,1.0,1.0,1.0,1.0,1.0,552,0.9999999999999996,1.0000000000000004,1.0,1.0,1.0000000000000002,552,0.0,0.0,0.0,0.0,0.0,0.0,0.0,0.0,0.0,0.0,0.0,0.0,0.0,1270.0594319994707
476,4760095200000,4.0,10.0,4.6419753086419755,4.0,7.0,648,0.0,0.0,0.0,0.0,0.0,0,0.0,0.0,0.0,0.0,0.0,0,1.0,1.0,1.0,1.0,1.0,552,0.9999999999999997,1.0000000000000004,1.0,1.0,1.0000000000000002,552,0.0,0.0,0.0,0.0,0.0,0.0,0.0,0.0,0.0,0.0,0.0,0.0,0.0,1299.9337299997933
477,4770095400000,4.0,10.0,4.637345679012346,4.0,7.0,648,0.0,0.0,0.0,0.0,0.0,0,0.0,0.0,0.0,0.0,0.0,0,1.0,1.0,1.0,1.0,1.0,552,0.9999999999999996,1.0000000000000004,1.0,1.0,1.0000000000000002,552,0.0,0.0,0.0,0.0,0.0,0.0,0.0,0.0,0.0,0.0,0.0,0.0,0.0,1290.6561529998726
478,4780095600000,4.0,10.0,4.6419753086419755,4.0,7.0,648,0.0,0.0,0.0,0.0,0.0,0,0.0,0.0,0.0,0.0,0.0,0,1.0,1.0,1.0,1.0,1.0,552,0.9999999999999997,1.0000000000000002,1.0,1.0,1.0000000000000002,552,0.0,0.0,0.0,0.0,0.0,0.0,0.0,0.0,0.0,0.0,0.0,0.0,0.0,1250.2858699999706
479,4790095800000,4.0,10.0,4.646604938271605,4.0,7.0,648,0.0,0.0,0.0,0.0,0.0,0,0.0,0.0,0.0,0.0,0.0,0,1.0,1.0,1.0,1.0,1.0,552,0.9999999999999998,1.0000000000000002,1.0,1.0,1.0000000000000002,552,0.0,0.0,0.0,0.0,0.0,0.0,0.0,0.0,0.0,0.0,0.0,0.0,0.0,1344.0518910001629
480,4800096000000,4.0,10.0,4.654320987654321,4.0,7.0,648,0.0,0.0,0.0,0.0,0.0,0,0.0,0.0,0.0,0.0,0.0,0,1.0,1.0,1.0,1.0,1.0,552,0.9999999999999996,1.0000000000000004,1.0,1.0,1.0000000000000002,552,0.0,0.0,0.0,0.0,0.0,0.0,0.0,0.0,0.0,0.0,0.0,0.0,0.0,1325.4446149994692
481,4810096200000,4.0,10.0,4.651234567901234,4.0,7.0,648,0.0,0.0,0.0,0.0,0.0,0,0.0,0.0,0.0,0.0,0.0,0,1.0,1.0,1.0,1.0,1.0,552,0.9999999999999996,1.0000000000000002,1.0,1.0,1.0000000000000002,552,0.0,0.0,0.0,0.0,0.0,0.0,0.0,0.0,0.0,0.0,0.0,0.0,0.0,1281.4925359998597
482,4820096400000,4.0,10.0,4.640432098765432,4.0,7.0,648,0.0,0.0,0.0,0.0,0.0,0,0.0,0.0,0.0,0.0,0.0,0,1.0,1.0,1.0,1.0,1.0,552,0.9999999999999997,1.0000000000000002,1.0,1.0,1.0000000000000002,552,0.0,0.0,0.0,0.0,0.0,0.0,0.0,0.0,0.0,0.0,0.0,0.0,0.0,1275.9036779998496
483,4830096600000,4.0,10.0,4.643518518518518,4.0,7.0,648,0.0,0.0,0.0,0.0,0.0,0,0.0,0.0,0.0,0.0,0.0,0,1.0,1.0,1.0,1.0,1.0,552,0.9999999999999997,1.0000000000000002,1.0,1.0,1.0000000000000002,552,0.0,0.0,0.0,0.0,0.0,0.0,0.0,0.0,0.0,0.0,0.0,0.0,0.0,1293.447078999634
484,4840096800000,4.0,10.0,4.635802469135802,4.0,7.0,648,0.0,0.0,0.0,0.0,0.0,0,0.0,0.0,0.0,0.0,0.0,0,1.0,1.0,1.0,1.0,1.0,552,0.9999999999999997,1.0000000000000004,1.0,1.0,1.0,552,0.0,0.0,0.0,0.0,0.0,0.0,0.0,0.0,0.0,0.0,0.0,0.0,0.0,1301.8608870006574
485,4850097000000,4.0,10.0,4.632716049382716,4.0,7.0,648,0.0,0.0,0.0,0.0,0.0,0,0.0,0.0,0.0,0.0,0.0,0,1.0,1.0,1.0,1.0,1.0,552,0.9999999999999996,1.0000000000000002,1.0,1.0,1.0000000000000002,552,0.0,0.0,0.0,0.0,0.0,0.0,0.0,0.0,0.0,0.0,0.0,0.0,0.0,1273.8353049999205
486,4860097200000,4.0,10.0,4.632716049382716,4.0,7.0,648,0.0,0.0,0.0,0.0,0.0,0,0.0,0.0,0.0,0.0,0.0,0,1.0,1.0,1.0,1.0,1.0,552,0.9999999999999998,1.0000000000000002,1.0,1.0,1.0000000000000002,552,0.0,0.0,0.0,0.0,0.0,0.0,0.0,0.0,0.0,0.0,0.0,0.0,0.0,1301.0855760003324
487,4870097400000,4.0,10.0,4.638888888888889,4.0,7.0,648,0.0,0.0,0.0,0.0,0.0,0,0.0,0.0,0.0,0.0,0.0,0,1.0,1.0,1.0,1.0,1.0,552,0.9999999999999998,1.0000000000000002,1.0,1.0,1.0000000000000002,552,0.0,0.0,0.0,0.0,0.0,0.0,0.0,0.0,0.0,0.0,0.0,0.0,0.0,1306.5225430000282
488,4880097600000,4.0,10.0,4.638888888888889,4.0,7.0,648,0.0,0.0,0.0,0.0,0.0,0,0.0,0.0,0.0,0.0,0.0,0,1.0,1.0,1.0,1.0,1.0,552,0.9999999999999997,1.0000000000000002,1.0,1.0,1.0000000000000002,552,0.0,0.0,0.0,0.0,0.0,0.0,0.0,0.0,0.0,0.0,0.0,0.0,0.0,1326.5289450000637
489,4890097800000,4.0,10.0,4.632716049382716,4.0,7.0,648,0.0,0.0,0.0,0.0,0.0,0,0.0,0.0,0.0,0.0,0.0,0,1.0,1.0,1.0,1.0,1.0,552,0.9999999999999998,1.0000000000000002,1.0,1.0,1.0,552,0.0,0.0,0.0,0.0,0.0,0.0,0.0,0.0,0.0,0.0,0.0,0.0,0.0,1300.9756589999597
490,4900098000000,4.0,10.0,4.638888888888889,4.0,7.0,648,0.0,0.0,0.0,0.0,0.0,0,0.0,0.0,0.0,0.0,0.0,0,1.0,1.0,1.0,1.0,1.0,552,0.9999999999999997,1.0000000000000002,1.0,1.0,1.0000000000000002,552,0.0,0.0,0.0,0.0,0.0,0.0,0.0,0.0,0.0,0.0,0.0,0.0,0.0,1287.6181780002298
491,4910098200000,4.0,10.0,4.635802469135802,4.0,7.0,648,0.0,0.0,0.0,0.0,0.0,0,0.0,0.0,0.0,0.0,0.0,0,1.0,1.0,1.0,1.0,1.0,552,0.9999999999999997,1.0000000000000004,1.0,1.0,1.0000000000000002,552,0.0,0.0,0.0,0.0,0.0,0.0,0.0,0.0,0.0,0.0,0.0,0.0,0.0,1283.3695710005486
492,4920098400000,4.0,10.0,4.643518518518518,4.0,7.0,648,0.0,0.0,0.0,0.0,0.0,0,0.0,0.0,0.0,0.0,0.0,0,1.0,1.0,1.0,1.0,1.0,552,0.9999999999999997,1.0000000000000002,1.0,1.0,1.0,552,0.0,0.0,0.0,0.0,0.0,0.0,0.0,0.0,0.0,0.0,0.0,0.0,0.0,1299.2003170002135
493,4930098600000,4.0,10.0,4.638888888888889,4.0,7.0,648,0.0,0.0,0.0,0.0,0.0,0,0.0,0.0,0.0,0.0,0.0,0,1.0,1.0,1.0,1.0,1.0,552,0.9999999999999998,1.0000000000000004,1.0,1.0,1.0000000000000002,552,0.0,0.0,0.0,0.0,0.0,0.0,0.0,0.0,0.0,0.0,0.0,0.0,0.0,1363.44954300057
494,4940098800000,4.0,10.0,4.632716049382716,4.0,7.0,648,0.0,0.0,0.0,0.0,0.0,0,0.0,0.0,0.0,0.0,0.0,0,1.0,1.0,1.0,1.0,1.0,552,0.9999999999999996,1.0000000000000004,1.0,1.0,1.0000000000000002,552,0.0,0.0,0.0,0.0,0.0,0.0,0.0,0.0,0.0,0.0,0.0,0.0,0.0,1296.2498380002216
495,4950099000000,4.0,10.0,4.645061728395062,4.0,7.0,648,0.0,0.0,0.0,0.0,0.0,0,0.0,0.0,0.0,0.0,0.0,0,1.0,1.0,1.0,1.0,1.0,552,0.9999999999999997,1.0000000000000002,1.0,1.0,1.0000000000000002,552,0.0,0.0,0.0,0.0,0.0,0.0,0.0,0.0,0.0,0.0,0.0,0.0,0.0,1261.3556870001048
496,4960099200000,4.0,10.0,4.6496913580246915,4.0,7.0,648,0.0,0.0,0.0,0.0,0.0,0,0.0,0.0,0.0,0.0,0.0,0,1.0,1.0,1.0,1.0,1.0,552,0.9999999999999996,1.0000000000000002,1.0,1.0,1.0000000000000002,552,0.0,0.0,0.0,0.0,0.0,0.0,0.0,0.0,0.0,0.0,0.0,0.0,0.0,1292.1340230004716
497,4970099400000,4.0,10.0,4.645061728395062,4.0,7.0,648,0.0,0.0,0.0,0.0,0.0,0,0.0,0.0,0.0,0.0,0.0,0,1.0,1.0,1.0,1.0,1.0,552,0.9999999999999998,1.0000000000000002,1.0,1.0,1.0,552,0.0,0.0,0.0,0.0,0.0,0.0,0.0,0.0,0.0,0.0,0.0,0.0,0.0,1268.9488530004382
498,4980099600000,4.0,10.0,4.645061728395062,4.0,7.0,648,0.0,0.0,0.0,0.0,0.0,0,0.0,0.0,0.0,0.0,0.0,0,1.0,1.0,1.0,1.0,1.0,552,0.9999999999999996,1.0000000000000002,1.0,1.0,1.0000000000000002,552,0.0,0.0,0.0,0.0,0.0,0.0,0.0,0.0,0.0,0.0,0.0,0.0,0.0,1260.1283269996202
499,4990099800000,4.0,10.0,4.651234567901234,4.0,7.0,648,0.0,0.0,0.0,0.0,0.0,0,0.0,0.0,0.0,0.0,0.0,0,1.0,1.0,1.0,1.0,1.0,552,0.9999999999999998,1.0000000000000002,1.0,1.0,1.0000000000000002,552,0.0,0.0,0.0,0.0,0.0,0.0,0.0,0.0,0.0,0.0,0.0,0.0,0.0,1282.5747039996713
500,5000100000000,4.0,10.0,4.654320987654321,4.0,7.0,648,0.0,0.0,0.0,0.0,0.0,0,0.0,0.0,0.0,0.0,0.0,0,1.0,1.0,1.0,1.0,1.0,552,0.9999999999999997,1.0000000000000004,1.0,1.0,1.0000000000000002,552,0.0,0.0,0.0,0.0,0.0,0.0,0.0,0.0,0.0,0.0,0.0,0.0,0.0,1329.8563170001216
501,5010100200000,4.0,10.0,4.646604938271605,4.0,7.0,648,0.0,0.0,0.0,0.0,0.0,0,0.0,0.0,0.0,0.0,0.0,0,1.0,1.0,1.0,1.0,1.0,552,0.9999999999999998,1.0000000000000002,1.0,1.0,1.0000000000000002,552,0.0,0.0,0.0,0.0,0.0,0.0,0.0,0.0,0.0,0.0,0.0,0.0,0.0,1288.9952269997593
502,5020100400000,4.0,10.0,4.632716049382716,4.0,7.0,648,0.0,0.0,0.0,0.0,0.0,0,0.0,0.0,0.0,0.0,0.0,0,1.0,1.0,1.0,1.0,1.0,552,0.9999999999999997,1.0000000000000002,1.0,1.0,1.0000000000000002,552,0.0,0.0,0.0,0.0,0.0,0.0,0.0,0.0,0.0,0.0,0.0,0.0,0.0,1262.8937399995266
503,5030100600000,4.0,10.0,4.628086419753086,4.0,7.0,648,0.0,0.0,0.0,0.0,0.0,0,0.0,0.0,0.0,0.0,0.0,0,1.0,1.0,1.0,1.0,1.0,552,0.9999999999999998,1.0000000000000004,1.0,1.0,1.0000000000000002,552,0.0,0.0,0.0,0.0,0.0,0.0,0.0,0.0,0.0,0.0,0.0,0.0,0.0,1259.6861329993772
504,5040100800000,4.0,10.0,4.6265432098765435,4.0,7.0,648,0.0,0.0,0.0,0.0,0.0,0,0.0,0.0,0.0,0.0,0.0,0,1.0,1.0,1.0,1.0,1.0,552,0.9999999999999998,1.0000000000000002,1.0,1.0,1.0000000000000002,552,0.0,0.0,0.0,0.0,0.0,0.0,0.0,0.0,0.0,0.0,0.0,0.0,0.0,1369.3337310005518
505,5050101000000,4.0,10.0,4.631172839506172,4.0,7.0,648,0.0,0.0,0.0,0.0,0.0,0,0.0,0.0,0.0,0.0,0.0,0,1.0,1.0,1.0,1.0,1.0,552,0.9999999999999997,1.0000000000000004,1.0,1.0,1.0000000000000002,552,0.0,0.0,0.0,0.0,0.0,0.0,0.0,0.0,0.0,0.0,0.0,0.0,0.0,1285.5488000004698
506,5060101200000,4.0,10.0,4.640432098765432,4.0,7.0,648,0.0,0.0,0.0,0.0,0.0,0,0.0,0.0,0.0,0.0,0.0,0,1.0,1.0,1.0,1.0,1.0,552,0.9999999999999998,1.0000000000000002,1.0,1.0,1.0000000000000002,552,0.0,0.0,0.0,0.0,0.0,0.0,0.0,0.0,0.0,0.0,0.0,0.0,0.0,1291.8628819998048
507,5070101400000,4.0,10.0,4.640432098765432,4.0,7.0,648,0.0,0.0,0.0,0.0,0.0,0,0.0,0.0,0.0,0.0,0.0,0,1.0,1.0,1.0,1.0,1.0,552,0.9999999999999997,1.0000000000000002,1.0,1.0,1.0000000000000002,552,0.0,0.0,0.0,0.0,0.0,0.0,0.0,0.0,0.0,0.0,0.0,0.0,0.0,1303.8004909994925
508,5080101600000,4.0,10.0,4.6342592592592595,4.0,7.0,648,0.0,0.0,0.0,0.0,0.0,0,0.0,0.0,0.0,0.0,0.0,0,1.0,1.0,1.0,1.0,1.0,552,0.9999999999999997,1.0000000000000002,1.0,1.0,1.0000000000000002,552,0.0,0.0,0.0,0.0,0.0,0.0,0.0,0.0,0.0,0.0,0.0,0.0,0.0,1288.0388520006818
509,5090101800000,4.0,10.0,4.638888888888889,4.0,7.0,648,0.0,0.0,0.0,0.0,0.0,0,0.0,0.0,0.0,0.0,0.0,0,1.0,1.0,1.0,1.0,1.0,552,0.9999999999999996,1.0000000000000002,1.0,1.0,1.0000000000000002,552,0.0,0.0,0.0,0.0,0.0,0.0,0.0,0.0,0.0,0.0,0.0,0.0,0.0,1296.5086310005063
510,5100102000000,4.0,10.0,4.646604938271605,4.0,7.0,648,0.0,0.0,0.0,0.0,0.0,0,0.0,0.0,0.0,0.0,0.0,0,1.0,1.0,1.0,1.0,1.0,552,0.9999999999999997,1.0000000000000002,1.0,1.0,1.0000000000000002,552,0.0,0.0,0.0,0.0,0.0,0.0,0.0,0.0,0.0,0.0,0.0,0.0,0.0,1284.6462229999815
511,5110102200000,4.0,10.0,4.643518518518518,4.0,7.0,648,0.0,0.0,0.0,0.0,0.0,0,0.0,0.0,0.0,0.0,0.0,0,1.0,1.0,1.0,1.0,1.0,552,0.9999999999999997,1.0000000000000004,1.0,1.0,1.0000000000000002,552,0.0,0.0,0.0,0.0,0.0,0.0,0.0,0.0,0.0,0.0,0.0,0.0,0.0,1284.4083259997205
512,5120102400000,4.0,10.0,4.6342592592592595,4.0,7.0,648,0.0,0.0,0.0,0.0,0.0,0,0.0,0.0,0.0,0.0,0.0,0,1.0,1.0,1.0,1.0,1.0,552,0.9999999999999997,1.0000000000000002,1.0,1.0,1.0000000000000002,552,0.0,0.0,0.0,0.0,0.0,0.0,0.0,0.0,0.0,0.0,0.0,0.0,0.0,1282.6758080000218
513,5130102600000,4.0,10.0,4.6419753086419755,4.0,7.0,648,0.0,0.0,0.0,0.0,0.0,0,0.0,0.0,0.0,0.0,0.0,0,1.0,1.0,1.0,1.0,1.0,552,0.9999999999999997,1.0000000000000004,1.0,1.0,1.0000000000000002,552,0.0,0.0,0.0,0.0,0.0,0.0,0.0,0.0,0.0,0.0,0.0,0.0,0.0,1315.783453000222
514,5140102800000,4.0,10.0,4.652777777777778,4.0,7.0,648,0.0,0.0,0.0,0.0,0.0,0,0.0,0.0,0.0,0.0,0.0,0,1.0,1.0,1.0,1.0,1.0,552,0.9999999999999998,1.0000000000000002,1.0,1.0,1.0,552,0.0,0.0,0.0,0.0,0.0,0.0,0.0,0.0,0.0,0.0,0.0,0.0,0.0,1324.6578260004753
515,5150103000000,4.0,10.0,4.645061728395062,4.0,7.0,648,0.0,0.0,0.0,0.0,0.0,0,0.0,0.0,0.0,0.0,0.0,0,1.0,1.0,1.0,1.0,1.0,552,0.9999999999999998,1.0000000000000002,1.0,1.0,1.0000000000000002,552,0.0,0.0,0.0,0.0,0.0,0.0,0.0,0.0,0.0,0.0,0.0,0.0,0.0,1350.2698000002056
516,5160103200000,4.0,10.0,4.6419753086419755,4.0,7.0,648,0.0,0.0,0.0,0.0,0.0,0,0.0,0.0,0.0,0.0,0.0,0,1.0,1.0,1.0,1.0,1.0,552,0.9999999999999998,1.0000000000000002,1.0,1.0,1.0000000000000002,552,0.0,0.0,0.0,0.0,0.0,0.0,0.0,0.0,0.0,0.0,0.0,0.0,0.0,1424.3902910002362
517,5170103400000,4.0,10.0,4.643518518518518,4.0,7.0,648,0.0,0.0,0.0,0.0,0.0,0,0.0,0.0,0.0,0.0,0.0,0,1.0,1.0,1.0,1.0,1.0,552,0.9999999999999998,1.0000000000000004,1.0,1.0,1.0000000000000002,552,0.0,0.0,0.0,0.0,0.0,0.0,0.0,0.0,0.0,0.0,0.0,0.0,0.0,1334.8214019997613
518,5180103600000,4.0,10.0,4.646604938271605,4.0,7.0,648,0.0,0.0,0.0,0.0,0.0,0,0.0,0.0,0.0,0.0,0.0,0,1.0,1.0,1.0,1.0,1.0,552,0.9999999999999996,1.0000000000000002,1.0,1.0,1.0000000000000002,552,0.0,0.0,0.0,0.0,0.0,0.0,0.0,0.0,0.0,0.0,0.0,0.0,0.0,1441.3508190000357
519,5190103800000,4.0,10.0,4.657407407407407,4.0,7.0,648,0.0,0.0,0.0,0.0,0.0,0,0.0,0.0,0.0,0.0,0.0,0,1.0,1.0,1.0,1.0,1.0,552,0.9999999999999998,1.0000000000000002,1.0,1.0,1.0000000000000002,552,0.0,0.0,0.0,0.0,0.0,0.0,0.0,0.0,0.0,0.0,0.0,0.0,0.0,1374.7566089996326
520,5200104000000,4.0,10.0,4.643518518518518,4.0,7.0,648,0.0,0.0,0.0,0.0,0.0,0,0.0,0.0,0.0,0.0,0.0,0,1.0,1.0,1.0,1.0,1.0,552,0.9999999999999997,1.0000000000000004,1.0,1.0,1.0000000000000002,552,0.0,0.0,0.0,0.0,0.0,0.0,0.0,0.0,0.0,0.0,0.0,0.0,0.0,1386.4556930002436
521,5210104200000,4.0,10.0,4.628086419753086,4.0,7.0,648,0.0,0.0,0.0,0.0,0.0,0,0.0,0.0,0.0,0.0,0.0,0,1.0,1.0,1.0,1.0,1.0,552,0.9999999999999998,1.0000000000000004,1.0,1.0,1.0000000000000002,552,0.0,0.0,0.0,0.0,0.0,0.0,0.0,0.0,0.0,0.0,0.0,0.0,0.0,1464.2655529996773
522,5220104400000,4.0,10.0,4.6234567901234565,4.0,7.0,648,0.0,0.0,0.0,0.0,0.0,0,0.0,0.0,0.0,0.0,0.0,0,1.0,1.0,1.0,1.0,1.0,552,0.9999999999999998,1.0000000000000002,1.0,1.0,1.0000000000000002,552,0.0,0.0,0.0,0.0,0.0,0.0,0.0,0.0,0.0,0.0,0.0,0.0,0.0,1333.4154400008629
523,5230104600000,4.0,10.0,4.6265432098765435,4.0,7.0,648,0.0,0.0,0.0,0.0,0.0,0,0.0,0.0,0.0,0.0,0.0,0,1.0,1.0,1.0,1.0,1.0,552,0.9999999999999996,1.0000000000000002,1.0,1.0,1.0000000000000002,552,0.0,0.0,0.0,0.0,0.0,0.0,0.0,0.0,0.0,0.0,0.0,0.0,0.0,1388.0507980002221
524,5240104800000,4.0,10.0,4.625,4.0,7.0,648,0.0,0.0,0.0,0.0,0.0,0,0.0,0.0,0.0,0.0,0.0,0,1.0,1.0,1.0,1.0,1.0,552,0.9999999999999996,1.0000000000000002,1.0,1.0,1.0000000000000002,552,0.0,0.0,0.0,0.0,0.0,0.0,0.0,0.0,0.0,0.0,0.0,0.0,0.0,1364.8643480000828
525,5250105000000,4.0,10.0,4.6342592592592595,4.0,7.0,648,0.0,0.0,0.0,0.0,0.0,0,0.0,0.0,0.0,0.0,0.0,0,1.0,1.0,1.0,1.0,1.0,552,0.9999999999999997,1.0000000000000002,1.0,1.0,1.0000000000000002,552,0.0,0.0,0.0,0.0,0.0,0.0,0.0,0.0,0.0,0.0,0.0,0.0,0.0,1419.5776619999378
526,5260105200000,4.0,10.0,4.640432098765432,4.0,7.0,648,0.0,0.0,0.0,0.0,0.0,0,0.0,0.0,0.0,0.0,0.0,0,1.0,1.0,1.0,1.0,1.0,552,0.9999999999999996,1.0000000000000002,1.0,1.0,1.0000000000000002,552,0.0,0.0,0.0,0.0,0.0,0.0,0.0,0.0,0.0,0.0,0.0,0.0,0.0,1346.3172790006865
527,5270105400000,4.0,10.0,4.640432098765432,4.0,7.0,648,0.0,0.0,0.0,0.0,0.0,0,0.0,0.0,0.0,0.0,0.0,0,1.0,1.0,1.0,1.0,1.0,552,0.9999999999999997,1.0000000000000002,1.0,1.0,1.0000000000000002,552,0.0,0.0,0.0,0.0,0.0,0.0,0.0,0.0,0.0,0.0,0.0,0.0,0.0,1327.5149020000754
528,5280105600000,4.0,10.0,4.643518518518518,4.0,7.0,648,0.0,0.0,0.0,0.0,0.0,0,0.0,0.0,0.0,0.0,0.0,0,1.0,1.0,1.0,1.0,1.0,552,0.9999999999999997,1.0000000000000004,1.0,1.0,1.0000000000000002,552,0.0,0.0,0.0,0.0,0.0,0.0,0.0,0.0,0.0,0.0,0.0,0.0,0.0,1398.156552000728
529,5290105800000,4.0,10.0,4.640432098765432,4.0,7.0,648,0.0,0.0,0.0,0.0,0.0,0,0.0,0.0,0.0,0.0,0.0,0,1.0,1.0,1.0,1.0,1.0,552,0.9999999999999997,1.0000000000000004,1.0,1.0,1.0000000000000002,552,0.0,0.0,0.0,0.0,0.0,0.0,0.0,0.0,0.0,0.0,0.0,0.0,0.0,1306.805967999935
530,5300106000000,4.0,10.0,4.635802469135802,4.0,7.0,648,0.0,0.0,0.0,0.0,0.0,0,0.0,0.0,0.0,0.0,0.0,0,1.0,1.0,1.0,1.0,1.0,552,0.9999999999999997,1.0000000000000002,1.0,1.0,1.0000000000000002,552,0.0,0.0,0.0,0.0,0.0,0.0,0.0,0.0,0.0,0.0,0.0,0.0,0.0,1346.5899920001903
531,5310106200000,4.0,10.0,4.640432098765432,4.0,7.0,648,0.0,0.0,0.0,0.0,0.0,0,0.0,0.0,0.0,0.0,0.0,0,1.0,1.0,1.0,1.0,1.0,552,0.9999999999999998,1.0000000000000004,1.0,1.0,1.0000000000000002,552,0.0,0.0,0.0,0.0,0.0,0.0,0.0,0.0,0.0,0.0,0.0,0.0,0.0,1335.4940350000106
532,5320106400000,4.0,10.0,4.6496913580246915,4.0,7.0,648,0.0,0.0,0.0,0.0,0.0,0,0.0,0.0,0.0,0.0,0.0,0,1.0,1.0,1.0,1.0,1.0,552,0.9999999999999998,1.0000000000000004,1.0,1.0,1.0000000000000002,552,0.0,0.0,0.0,0.0,0.0,0.0,0.0,0.0,0.0,0.0,0.0,0.0,0.0,1344.3182359997081
533,5330106600000,4.0,10.0,4.648148148148148,4.0,7.0,648,0.0,0.0,0.0,0.0,0.0,0,0.0,0.0,0.0,0.0,0.0,0,1.0,1.0,1.0,1.0,1.0,552,0.9999999999999997,1.0000000000000002,1.0,1.0,1.0000000000000002,552,0.0,0.0,0.0,0.0,0.0,0.0,0.0,0.0,0.0,0.0,0.0,0.0,0.0,1358.2520290001412
534,5340106800000,4.0,10.0,4.651234567901234,4.0,7.0,648,0.0,0.0,0.0,0.0,0.0,0,0.0,0.0,0.0,0.0,0.0,0,1.0,1.0,1.0,1.0,1.0,552,0.9999999999999997,1.0000000000000002,1.0,1.0,1.0000000000000002,552,0.0,0.0,0.0,0.0,0.0,0.0,0.0,0.0,0.0,0.0,0.0,0.0,0.0,1383.248475000073
535,5350107000000,4.0,10.0,4.651234567901234,4.0,7.0,648,0.0,0.0,0.0,0.0,0.0,0,0.0,0.0,0.0,0.0,0.0,0,1.0,1.0,1.0,1.0,1.0,552,0.9999999999999996,1.0000000000000002,1.0,1.0,1.0000000000000002,552,0.0,0.0,0.0,0.0,0.0,0.0,0.0,0.0,0.0,0.0,0.0,0.0,0.0,1400.93217499998
536,5360107200000,4.0,10.0,4.652777777777778,4.0,7.0,648,0.0,0.0,0.0,0.0,0.0,0,0.0,0.0,0.0,0.0,0.0,0,1.0,1.0,1.0,1.0,1.0,552,0.9999999999999997,1.0000000000000002,1.0,1.0,1.0000000000000002,552,0.0,0.0,0.0,0.0,0.0,0.0,0.0,0.0,0.0,0.0,0.0,0.0,0.0,1473.0934059998617
537,5370107400000,4.0,10.0,4.652777777777778,4.0,7.0,648,0.0,0.0,0.0,0.0,0.0,0,0.0,0.0,0.0,0.0,0.0,0,1.0,1.0,1.0,1.0,1.0,552,0.9999999999999997,1.0000000000000004,1.0,1.0,1.0000000000000002,552,0.0,0.0,0.0,0.0,0.0,0.0,0.0,0.0,0.0,0.0,0.0,0.0,0.0,1352.589168999657
538,5380107600000,4.0,10.0,4.645061728395062,4.0,7.0,648,0.0,0.0,0.0,0.0,0.0,0,0.0,0.0,0.0,0.0,0.0,0,1.0,1.0,1.0,1.0,1.0,552,0.9999999999999998,1.0000000000000002,1.0,1.0,1.0000000000000002,552,0.0,0.0,0.0,0.0,0.0,0.0,0.0,0.0,0.0,0.0,0.0,0.0,0.0,1364.4951329997639
539,5390107800000,4.0,10.0,4.6265432098765435,4.0,7.0,648,0.0,0.0,0.0,0.0,0.0,0,0.0,0.0,0.0,0.0,0.0,0,1.0,1.0,1.0,1.0,1.0,552,0.9999999999999997,1.0000000000000004,1.0,1.0,1.0000000000000002,552,0.0,0.0,0.0,0.0,0.0,0.0,0.0,0.0,0.0,0.0,0.0,0.0,0.0,1343.3474920002482
540,5400108000000,4.0,10.0,4.6265432098765435,4.0,7.0,648,0.0,0.0,0.0,0.0,0.0,0,0.0,0.0,0.0,0.0,0.0,0,1.0,1.0,1.0,1.0,1.0,552,0.9999999999999997,1.0000000000000002,1.0,1.0,1.0000000000000002,552,0.0,0.0,0.0,0.0,0.0,0.0,0.0,0.0,0.0,0.0,0.0,0.0,0.0,1518.2337280002685
541,5410108200000,4.0,10.0,4.6265432098765435,4.0,7.0,648,0.0,0.0,0.0,0.0,0.0,0,0.0,0.0,0.0,0.0,0.0,0,1.0,1.0,1.0,1.0,1.0,552,0.9999999999999996,1.0000000000000002,1.0,1.0,1.0000000000000002,552,0.0,0.0,0.0,0.0,0.0,0.0,0.0,0.0,0.0,0.0,0.0,0.0,0.0,1417.3954140005662
542,5420108400000,4.0,10.0,4.62037037037037,4.0,7.0,648,0.0,0.0,0.0,0.0,0.0,0,0.0,0.0,0.0,0.0,0.0,0,1.0,1.0,1.0,1.0,1.0,552,0.9999999999999998,1.0000000000000002,1.0,1.0,1.0,552,0.0,0.0,0.0,0.0,0.0,0.0,0.0,0.0,0.0,0.0,0.0,0.0,0.0,1426.261521000015
543,5430108600000,4.0,10.0,4.638888888888889,4.0,7.0,648,0.0,0.0,0.0,0.0,0.0,0,0.0,0.0,0.0,0.0,0.0,0,1.0,1.0,1.0,1.0,1.0,552,0.9999999999999996,1.0000000000000002,1.0,1.0,1.0000000000000002,552,0.0,0.0,0.0,0.0,0.0,0.0,0.0,0.0,0.0,0.0,0.0,0.0,0.0,1428.066322999257
544,5440108800000,4.0,10.0,4.638888888888889,4.0,7.0,648,0.0,0.0,0.0,0.0,0.0,0,0.0,0.0,0.0,0.0,0.0,0,1.0,1.0,1.0,1.0,1.0,552,0.9999999999999996,1.0000000000000002,1.0,1.0,1.0000000000000002,552,0.0,0.0,0.0,0.0,0.0,0.0,0.0,0.0,0.0,0.0,0.0,0.0,0.0,1452.1510459999263
545,5450109000000,4.0,10.0,4.643518518518518,4.0,7.0,648,0.0,0.0,0.0,0.0,0.0,0,0.0,0.0,0.0,0.0,0.0,0,1.0,1.0,1.0,1.0,1.0,552,0.9999999999999997,1.0000000000000002,1.0,1.0,1.0000000000000002,552,0.0,0.0,0.0,0.0,0.0,0.0,0.0,0.0,0.0,0.0,0.0,0.0,0.0,1433.4338950002348
546,5460109200000,4.0,10.0,4.645061728395062,4.0,7.0,648,0.0,0.0,0.0,0.0,0.0,0,0.0,0.0,0.0,0.0,0.0,0,1.0,1.0,1.0,1.0,1.0,552,0.9999999999999998,1.0000000000000002,1.0,1.0,1.0000000000000002,552,0.0,0.0,0.0,0.0,0.0,0.0,0.0,0.0,0.0,0.0,0.0,0.0,0.0,1636.3363360005678
547,5470109400000,4.0,10.0,4.637345679012346,4.0,7.0,648,0.0,0.0,0.0,0.0,0.0,0,0.0,0.0,0.0,0.0,0.0,0,1.0,1.0,1.0,1.0,1.0,552,0.9999999999999997,1.0000000000000002,1.0,1.0,1.0000000000000002,552,0.0,0.0,0.0,0.0,0.0,0.0,0.0,0.0,0.0,0.0,0.0,0.0,0.0,1401.9987120000224
548,5480109600000,4.0,10.0,4.6419753086419755,4.0,7.0,648,0.0,0.0,0.0,0.0,0.0,0,0.0,0.0,0.0,0.0,0.0,0,1.0,1.0,1.0,1.0,1.0,552,0.9999999999999996,1.0000000000000002,1.0,1.0,1.0000000000000002,552,0.0,0.0,0.0,0.0,0.0,0.0,0.0,0.0,0.0,0.0,0.0,0.0,0.0,1454.209866000383
549,5490109800000,4.0,10.0,4.643518518518518,4.0,7.0,648,0.0,0.0,0.0,0.0,0.0,0,0.0,0.0,0.0,0.0,0.0,0,1.0,1.0,1.0,1.0,1.0,552,0.9999999999999997,1.0000000000000002,1.0,1.0,1.0000000000000002,552,0.0,0.0,0.0,0.0,0.0,0.0,0.0,0.0,0.0,0.0,0.0,0.0,0.0,1453.3803289996285
550,5500110000000,4.0,10.0,4.648148148148148,4.0,7.0,648,0.0,0.0,0.0,0.0,0.0,0,0.0,0.0,0.0,0.0,0.0,0,1.0,1.0,1.0,1.0,1.0,552,0.9999999999999996,1.0000000000000002,1.0,1.0,1.0000000000000002,552,0.0,0.0,0.0,0.0,0.0,0.0,0.0,0.0,0.0,0.0,0.0,0.0,0.0,1476.199555000676
551,5510110200000,4.0,10.0,4.655864197530864,4.0,7.0,648,0.0,0.0,0.0,0.0,0.0,0,0.0,0.0,0.0,0.0,0.0,0,1.0,1.0,1.0,1.0,1.0,552,0.9999999999999998,1.0000000000000002,1.0,1.0,1.0000000000000002,552,0.0,0.0,0.0,0.0,0.0,0.0,0.0,0.0,0.0,0.0,0.0,0.0,0.0,1410.7565719996273
552,5520110400000,4.0,10.0,4.657407407407407,4.0,7.0,648,0.0,0.0,0.0,0.0,0.0,0,0.0,0.0,0.0,0.0,0.0,0,1.0,1.0,1.0,1.0,1.0,552,0.9999999999999997,1.0000000000000004,1.0,1.0,1.0000000000000002,552,0.0,0.0,0.0,0.0,0.0,0.0,0.0,0.0,0.0,0.0,0.0,0.0,0.0,1459.285975000057
553,5530110600000,4.0,10.0,4.654320987654321,4.0,7.0,648,0.0,0.0,0.0,0.0,0.0,0,0.0,0.0,0.0,0.0,0.0,0,1.0,1.0,1.0,1.0,1.0,552,0.9999999999999998,1.0000000000000002,1.0,1.0,1.0000000000000002,552,0.0,0.0,0.0,0.0,0.0,0.0,0.0,0.0,0.0,0.0,0.0,0.0,0.0,1410.6461800001853
554,5540110800000,4.0,10.0,4.648148148148148,4.0,7.0,648,0.0,0.0,0.0,0.0,0.0,0,0.0,0.0,0.0,0.0,0.0,0,1.0,1.0,1.0,1.0,1.0,552,0.9999999999999996,1.0000000000000002,1.0,1.0,1.0000000000000002,552,0.0,0.0,0.0,0.0,0.0,0.0,0.0,0.0,0.0,0.0,0.0,0.0,0.0,1373.6877709998225
555,5550111000000,4.0,10.0,4.6496913580246915,4.0,7.0,648,0.0,0.0,0.0,0.0,0.0,0,0.0,0.0,0.0,0.0,0.0,0,1.0,1.0,1.0,1.0,1.0,552,0.9999999999999997,1.0000000000000002,1.0,1.0,1.0000000000000002,552,0.0,0.0,0.0,0.0,0.0,0.0,0.0,0.0,0.0,0.0,0.0,0.0,0.0,1370.9763759998168
556,5560111200000,4.0,10.0,4.648148148148148,4.0,7.0,648,0.0,0.0,0.0,0.0,0.0,0,0.0,0.0,0.0,0.0,0.0,0,1.0,1.0,1.0,1.0,1.0,552,0.9999999999999998,1.0000000000000004,1.0,1.0,1.0000000000000002,552,0.0,0.0,0.0,0.0,0.0,0.0,0.0,0.0,0.0,0.0,0.0,0.0,0.0,1404.4328420004604
557,5570111400000,4.0,10.0,4.643518518518518,4.0,7.0,648,0.0,0.0,0.0,0.0,0.0,0,0.0,0.0,0.0,0.0,0.0,0,1.0,1.0,1.0,1.0,1.0,552,0.9999999999999997,1.0000000000000004,1.0,1.0,1.0000000000000002,552,0.0,0.0,0.0,0.0,0.0,0.0,0.0,0.0,0.0,0.0,0.0,0.0,0.0,1367.1097389997158
558,5580111600000,4.0,10.0,4.6342592592592595,4.0,7.0,648,0.0,0.0,0.0,0.0,0.0,0,0.0,0.0,0.0,0.0,0.0,0,1.0,1.0,1.0,1.0,1.0,552,0.9999999999999998,1.0000000000000004,1.0,1.0,1.0000000000000002,552,0.0,0.0,0.0,0.0,0.0,0.0,0.0,0.0,0.0,0.0,0.0,0.0,0.0,1410.3325579999364
559,5590111800000,4.0,10.0,4.628086419753086,4.0,7.0,648,0.0,0.0,0.0,0.0,0.0,0,0.0,0.0,0.0,0.0,0.0,0,1.0,1.0,1.0,1.0,1.0,552,0.9999999999999998,1.0000000000000002,1.0,1.0,1.0000000000000002,552,0.0,0.0,0.0,0.0,0.0,0.0,0.0,0.0,0.0,0.0,0.0,0.0,0.0,1346.0384889995112
560,5600112000000,4.0,10.0,4.62962962962963,4.0,7.0,648,0.0,0.0,0.0,0.0,0.0,0,0.0,0.0,0.0,0.0,0.0,0,1.0,1.0,1.0,1.0,1.0,552,0.9999999999999998,1.0000000000000002,1.0,1.0,1.0000000000000002,552,0.0,0.0,0.0,0.0,0.0,0.0,0.0,0.0,0.0,0.0,0.0,0.0,0.0,1380.2715679994435
561,5610112200000,4.0,10.0,4.638888888888889,4.0,7.0,648,0.0,0.0,0.0,0.0,0.0,0,0.0,0.0,0.0,0.0,0.0,0,1.0,1.0,1.0,1.0,1.0,552,0.9999999999999996,1.0000000000000002,1.0,1.0,1.0000000000000002,552,0.0,0.0,0.0,0.0,0.0,0.0,0.0,0.0,0.0,0.0,0.0,0.0,0.0,1523.8858920001803
562,5620112400000,4.0,10.0,4.646604938271605,4.0,7.0,648,0.0,0.0,0.0,0.0,0.0,0,0.0,0.0,0.0,0.0,0.0,0,1.0,1.0,1.0,1.0,1.0,552,0.9999999999999998,1.0000000000000004,1.0,1.0,1.0000000000000002,552,0.0,0.0,0.0,0.0,0.0,0.0,0.0,0.0,0.0,0.0,0.0,0.0,0.0,1396.9927110001663
563,5630112600000,4.0,10.0,4.643518518518518,4.0,7.0,648,0.0,0.0,0.0,0.0,0.0,0,0.0,0.0,0.0,0.0,0.0,0,1.0,1.0,1.0,1.0,1.0,552,0.9999999999999997,1.0000000000000002,1.0,1.0,1.0000000000000002,552,0.0,0.0,0.0,0.0,0.0,0.0,0.0,0.0,0.0,0.0,0.0,0.0,0.0,1391.9778179997593
564,5640112800000,4.0,10.0,4.648148148148148,4.0,7.0,648,0.0,0.0,0.0,0.0,0.0,0,0.0,0.0,0.0,0.0,0.0,0,1.0,1.0,1.0,1.0,1.0,552,0.9999999999999998,1.0000000000000002,1.0,1.0,1.0000000000000002,552,0.0,0.0,0.0,0.0,0.0,0.0,0.0,0.0,0.0,0.0,0.0,0.0,0.0,1375.0287960001515
565,5650113000000,4.0,10.0,4.643518518518518,4.0,7.0,648,0.0,0.0,0.0,0.0,0.0,0,0.0,0.0,0.0,0.0,0.0,0,1.0,1.0,1.0,1.0,1.0,552,0.9999999999999996,1.0000000000000002,1.0,1.0,1.0000000000000002,552,0.0,0.0,0.0,0.0,0.0,0.0,0.0,0.0,0.0,0.0,0.0,0.0,0.0,1382.6613250002993
566,5660113200000,4.0,10.0,4.645061728395062,4.0,7.0,648,0.0,0.0,0.0,0.0,0.0,0,0.0,0.0,0.0,0.0,0.0,0,1.0,1.0,1.0,1.0,1.0,552,0.9999999999999996,1.0000000000000004,1.0,1.0,1.0000000000000002,552,0.0,0.0,0.0,0.0,0.0,0.0,0.0,0.0,0.0,0.0,0.0,0.0,0.0,1351.5970899998138
567,5670113400000,4.0,10.0,4.645061728395062,4.0,7.0,648,0.0,0.0,0.0,0.0,0.0,0,0.0,0.0,0.0,0.0,0.0,0,1.0,1.0,1.0,1.0,1.0,552,0.9999999999999998,1.0000000000000002,1.0,1.0,1.0,552,0.0,0.0,0.0,0.0,0.0,0.0,0.0,0.0,0.0,0.0,0.0,0.0,0.0,1390.9546300001239
568,5680113600000,4.0,10.0,4.648148148148148,4.0,7.0,648,0.0,0.0,0.0,0.0,0.0,0,0.0,0.0,0.0,0.0,0.0,0,1.0,1.0,1.0,1.0,1.0,552,0.9999999999999998,1.0000000000000002,1.0,1.0,1.0000000000000002,552,0.0,0.0,0.0,0.0,0.0,0.0,0.0,0.0,0.0,0.0,0.0,0.0,0.0,1367.869802000314
569,5690113800000,4.0,10.0,4.6496913580246915,4.0,7.0,648,0.0,0.0,0.0,0.0,0.0,0,0.0,0.0,0.0,0.0,0.0,0,1.0,1.0,1.0,1.0,1.0,552,0.9999999999999997,1.0000000000000004,1.0,1.0,1.0000000000000002,552,0.0,0.0,0.0,0.0,0.0,0.0,0.0,0.0,0.0,0.0,0.0,0.0,0.0,1361.2150539993308
570,5700114000000,4.0,10.0,4.654320987654321,4.0,7.0,648,0.0,0.0,0.0,0.0,0.0,0,0.0,0.0,0.0,0.0,0.0,0,1.0,1.0,1.0,1.0,1.0,552,0.9999999999999997,1.0000000000000002,1.0,1.0,1.0000000000000002,552,0.0,0.0,0.0,0.0,0.0,0.0,0.0,0.0,0.0,0.0,0.0,0.0,0.0,1394.840418000058
571,5710114200000,4.0,10.0,4.652777777777778,4.0,7.0,648,0.0,0.0,0.0,0.0,0.0,0,0.0,0.0,0.0,0.0,0.0,0,1.0,1.0,1.0,1.0,1.0,552,0.9999999999999997,1.0000000000000002,1.0,1.0,1.0000000000000002,552,0.0,0.0,0.0,0.0,0.0,0.0,0.0,0.0,0.0,0.0,0.0,0.0,0.0,1375.8418589995927
572,5720114400000,4.0,10.0,4.654320987654321,4.0,7.0,648,0.0,0.0,0.0,0.0,0.0,0,0.0,0.0,0.0,0.0,0.0,0,1.0,1.0,1.0,1.0,1.0,552,0.9999999999999997,1.0000000000000002,1.0,1.0,1.0000000000000002,552,0.0,0.0,0.0,0.0,0.0,0.0,0.0,0.0,0.0,0.0,0.0,0.0,0.0,1494.633616000101
573,5730114600000,4.0,10.0,4.643518518518518,4.0,7.0,648,0.0,0.0,0.0,0.0,0.0,0,0.0,0.0,0.0,0.0,0.0,0,1.0,1.0,1.0,1.0,1.0,552,0.9999999999999996,1.0000000000000004,1.0,1.0,1.0000000000000002,552,0.0,0.0,0.0,0.0,0.0,0.0,0.0,0.0,0.0,0.0,0.0,0.0,0.0,1380.7965710002463
574,5740114800000,4.0,10.0,4.643518518518518,4.0,7.0,648,0.0,0.0,0.0,0.0,0.0,0,0.0,0.0,0.0,0.0,0.0,0,1.0,1.0,1.0,1.0,1.0,552,0.9999999999999997,1.0000000000000002,1.0,1.0,1.0000000000000002,552,0.0,0.0,0.0,0.0,0.0,0.0,0.0,0.0,0.0,0.0,0.0,0.0,0.0,1377.075404999232
575,5750115000000,4.0,10.0,4.646604938271605,4.0,7.0,648,0.0,0.0,0.0,0.0,0.0,0,0.0,0.0,0.0,0.0,0.0,0,1.0,1.0,1.0,1.0,1.0,552,0.9999999999999997,1.0000000000000002,1.0,1.0,1.0000000000000002,552,0.0,0.0,0.0,0.0,0.0,0.0,0.0,0.0,0.0,0.0,0.0,0.0,0.0,1403.7714050000432
576,5760115200000,4.0,10.0,4.648148148148148,4.0,7.0,648,0.0,0.0,0.0,0.0,0.0,0,0.0,0.0,0.0,0.0,0.0,0,1.0,1.0,1.0,1.0,1.0,552,0.9999999999999998,1.0000000000000004,1.0,1.0,1.0,552,0.0,0.0,0.0,0.0,0.0,0.0,0.0,0.0,0.0,0.0,0.0,0.0,0.0,1410.8188430000155
577,5770115400000,4.0,10.0,4.643518518518518,4.0,7.0,648,0.0,0.0,0.0,0.0,0.0,0,0.0,0.0,0.0,0.0,0.0,0,1.0,1.0,1.0,1.0,1.0,552,0.9999999999999997,1.0000000000000002,1.0,1.0,1.0000000000000002,552,0.0,0.0,0.0,0.0,0.0,0.0,0.0,0.0,0.0,0.0,0.0,0.0,0.0,1407.2308889999476
578,5780115600000,4.0,10.0,4.638888888888889,4.0,7.0,648,0.0,0.0,0.0,0.0,0.0,0,0.0,0.0,0.0,0.0,0.0,0,1.0,1.0,1.0,1.0,1.0,552,0.9999999999999997,1.0000000000000002,1.0,1.0,1.0000000000000002,552,0.0,0.0,0.0,0.0,0.0,0.0,0.0,0.0,0.0,0.0,0.0,0.0,0.0,1408.258133000345
579,5790115800000,4.0,10.0,4.6419753086419755,4.0,7.0,648,0.0,0.0,0.0,0.0,0.0,0,0.0,0.0,0.0,0.0,0.0,0,1.0,1.0,1.0,1.0,1.0,552,0.9999999999999997,1.0000000000000004,1.0,1.0,1.0000000000000002,552,0.0,0.0,0.0,0.0,0.0,0.0,0.0,0.0,0.0,0.0,0.0,0.0,0.0,1370.060950000152
580,5800116000000,4.0,9.0,4.6419753086419755,4.0,7.0,648,0.0,0.0,0.0,0.0,0.0,0,0.0,0.0,0.0,0.0,0.0,0,1.0,1.0,1.0,1.0,1.0,552,0.9999999999999997,1.0000000000000004,1.0,1.0,1.0,552,0.0,0.0,0.0,0.0,0.0,0.0,0.0,0.0,0.0,0.0,0.0,0.0,0.0,1417.4925690003874
581,5810116200000,4.0,10.0,4.6496913580246915,4.0,7.0,648,0.0,0.0,0.0,0.0,0.0,0,0.0,0.0,0.0,0.0,0.0,0,1.0,1.0,1.0,1.0,1.0,552,0.9999999999999998,1.0000000000000002,1.0,1.0,1.0000000000000002,552,0.0,0.0,0.0,0.0,0.0,0.0,0.0,0.0,0.0,0.0,0.0,0.0,0.0,1424.4850820005013
582,5820116400000,4.0,10.0,4.640432098765432,4.0,7.0,648,0.0,0.0,0.0,0.0,0.0,0,0.0,0.0,0.0,0.0,0.0,0,1.0,1.0,1.0,1.0,1.0,552,0.9999999999999997,1.0000000000000002,1.0,1.0,1.0000000000000002,552,0.0,0.0,0.0,0.0,0.0,0.0,0.0,0.0,0.0,0.0,0.0,0.0,0.0,1388.148289000128
583,5830116600000,4.0,10.0,4.6419753086419755,4.0,7.0,648,0.0,0.0,0.0,0.0,0.0,0,0.0,0.0,0.0,0.0,0.0,0,1.0,1.0,1.0,1.0,1.0,552,0.9999999999999997,1.0000000000000004,1.0,1.0,1.0000000000000002,552,0.0,0.0,0.0,0.0,0.0,0.0,0.0,0.0,0.0,0.0,0.0,0.0,0.0,1677.4497919996065
584,5840116800000,4.0,10.0,4.6496913580246915,4.0,7.0,648,0.0,0.0,0.0,0.0,0.0,0,0.0,0.0,0.0,0.0,0.0,0,1.0,1.0,1.0,1.0,1.0,552,0.9999999999999997,1.0000000000000002,1.0,1.0,1.0,552,0.0,0.0,0.0,0.0,0.0,0.0,0.0,0.0,0.0,0.0,0.0,0.0,0.0,1431.4573569999993
585,5850117000000,4.0,10.0,4.646604938271605,4.0,7.0,648,0.0,0.0,0.0,0.0,0.0,0,0.0,0.0,0.0,0.0,0.0,0,1.0,1.0,1.0,1.0,1.0,552,0.9999999999999996,1.0000000000000002,1.0,1.0,1.0000000000000002,552,0.0,0.0,0.0,0.0,0.0,0.0,0.0,0.0,0.0,0.0,0.0,0.0,0.0,1380.9856999996555
586,5860117200000,4.0,10.0,4.646604938271605,4.0,7.0,648,0.0,0.0,0.0,0.0,0.0,0,0.0,0.0,0.0,0.0,0.0,0,1.0,1.0,1.0,1.0,1.0,552,0.9999999999999998,1.0000000000000002,1.0,1.0,1.0000000000000002,552,0.0,0.0,0.0,0.0,0.0,0.0,0.0,0.0,0.0,0.0,0.0,0.0,0.0,1405.8456539996769
587,5870117400000,4.0,10.0,4.645061728395062,4.0,7.0,648,0.0,0.0,0.0,0.0,0.0,0,0.0,0.0,0.0,0.0,0.0,0,1.0,1.0,1.0,1.0,1.0,552,0.9999999999999997,1.0000000000000002,1.0,1.0,1.0000000000000002,552,0.0,0.0,0.0,0.0,0.0,0.0,0.0,0.0,0.0,0.0,0.0,0.0,0.0,1398.9161929994225
588,5880117600000,4.0,10.0,4.646604938271605,4.0,7.0,648,0.0,0.0,0.0,0.0,0.0,0,0.0,0.0,0.0,0.0,0.0,0,1.0,1.0,1.0,1.0,1.0,552,0.9999999999999996,1.0000000000000004,1.0,1.0,1.0000000000000002,552,0.0,0.0,0.0,0.0,0.0,0.0,0.0,0.0,0.0,0.0,0.0,0.0,0.0,1440.891793999981
589,5890117800000,4.0,10.0,4.652777777777778,4.0,7.0,648,0.0,0.0,0.0,0.0,0.0,0,0.0,0.0,0.0,0.0,0.0,0,1.0,1.0,1.0,1.0,1.0,552,0.9999999999999998,1.0000000000000004,1.0,1.0,1.0000000000000002,552,0.0,0.0,0.0,0.0,0.0,0.0,0.0,0.0,0.0,0.0,0.0,0.0,0.0,1406.7063610000332
590,5900118000000,4.0,10.0,4.645061728395062,4.0,7.0,648,0.0,0.0,0.0,0.0,0.0,0,0.0,0.0,0.0,0.0,0.0,0,1.0,1.0,1.0,1.0,1.0,552,0.9999999999999997,1.0000000000000002,1.0,1.0,1.0000000000000002,552,0.0,0.0,0.0,0.0,0.0,0.0,0.0,0.0,0.0,0.0,0.0,0.0,0.0,1375.0925809999899
591,5910118200000,4.0,10.0,4.648148148148148,4.0,7.0,648,0.0,0.0,0.0,0.0,0.0,0,0.0,0.0,0.0,0.0,0.0,0,1.0,1.0,1.0,1.0,1.0,552,0.9999999999999997,1.0000000000000004,1.0,1.0,1.0000000000000002,552,0.0,0.0,0.0,0.0,0.0,0.0,0.0,0.0,0.0,0.0,0.0,0.0,0.0,1532.1146039996165
592,5920118400000,4.0,10.0,4.645061728395062,4.0,7.0,648,0.0,0.0,0.0,0.0,0.0,0,0.0,0.0,0.0,0.0,0.0,0,1.0,1.0,1.0,1.0,1.0,552,0.9999999999999996,1.0000000000000002,1.0,1.0,1.0000000000000002,552,0.0,0.0,0.0,0.0,0.0,0.0,0.0,0.0,0.0,0.0,0.0,0.0,0.0,1430.8791990006284
593,5930118600000,4.0,10.0,4.645061728395062,4.0,7.0,648,0.0,0.0,0.0,0.0,0.0,0,0.0,0.0,0.0,0.0,0.0,0,1.0,1.0,1.0,1.0,1.0,552,0.9999999999999998,1.0000000000000004,1.0,1.0,1.0,552,0.0,0.0,0.0,0.0,0.0,0.0,0.0,0.0,0.0,0.0,0.0,0.0,0.0,1396.121179000147
594,5940118800000,4.0,10.0,4.6419753086419755,4.0,7.0,648,0.0,0.0,0.0,0.0,0.0,0,0.0,0.0,0.0,0.0,0.0,0,1.0,1.0,1.0,1.0,1.0,552,0.9999999999999998,1.0000000000000002,1.0,1.0,1.0000000000000002,552,0.0,0.0,0.0,0.0,0.0,0.0,0.0,0.0,0.0,0.0,0.0,0.0,0.0,1388.2450969995261
595,5950119000000,4.0,10.0,4.646604938271605,4.0,7.0,648,0.0,0.0,0.0,0.0,0.0,0,0.0,0.0,0.0,0.0,0.0,0,1.0,1.0,1.0,1.0,1.0,552,0.9999999999999996,1.0000000000000002,1.0,1.0,1.0000000000000002,552,0.0,0.0,0.0,0.0,0.0,0.0,0.0,0.0,0.0,0.0,0.0,0.0,0.0,1373.8646900001186
596,5960119200000,4.0,10.0,4.648148148148148,4.0,7.0,648,0.0,0.0,0.0,0.0,0.0,0,0.0,0.0,0.0,0.0,0.0,0,1.0,1.0,1.0,1.0,1.0,552,0.9999999999999997,1.0000000000000002,1.0,1.0,1.0,552,0.0,0.0,0.0,0.0,0.0,0.0,0.0,0.0,0.0,0.0,0.0,0.0,0.0,1431.7626380006914
597,5970119400000,4.0,9.0,4.6496913580246915,4.0,7.0,648,0.0,0.0,0.0,0.0,0.0,0,0.0,0.0,0.0,0.0,0.0,0,1.0,1.0,1.0,1.0,1.0,552,0.9999999999999997,1.0000000000000002,1.0,1.0,1.0000000000000002,552,0.0,0.0,0.0,0.0,0.0,0.0,0.0,0.0,0.0,0.0,0.0,0.0,0.0,1384.024787999806
598,5980119600000,4.0,9.0,4.652777777777778,4.0,7.0,648,0.0,0.0,0.0,0.0,0.0,0,0.0,0.0,0.0,0.0,0.0,0,1.0,1.0,1.0,1.0,1.0,552,0.9999999999999996,1.0000000000000002,1.0,1.0,1.0000000000000002,552,0.0,0.0,0.0,0.0,0.0,0.0,0.0,0.0,0.0,0.0,0.0,0.0,0.0,1365.8962740000788
599,5990119800000,4.0,9.0,4.66358024691358,4.0,7.0,648,0.0,0.0,0.0,0.0,0.0,0,0.0,0.0,0.0,0.0,0.0,0,1.0,1.0,1.0,1.0,1.0,552,0.9999999999999997,1.0000000000000002,1.0,1.0,1.0000000000000002,552,0.0,0.0,0.0,0.0,0.0,0.0,0.0,0.0,0.0,0.0,0.0,0.0,0.0,1387.1740019994832
600,6000120000000,4.0,10.0,4.658950617283951,4.0,7.0,648,0.0,0.0,0.0,0.0,0.0,0,0.0,0.0,0.0,0.0,0.0,0,1.0,1.0,1.0,1.0,1.0,552,0.9999999999999997,1.0000000000000004,1.0,1.0,1.0000000000000002,552,0.0,0.0,0.0,0.0,0.0,0.0,0.0,0.0,0.0,0.0,0.0,0.0,0.0,1418.4122870001374
601,6010120200000,4.0,10.0,4.651234567901234,4.0,7.0,648,0.0,0.0,0.0,0.0,0.0,0,0.0,0.0,0.0,0.0,0.0,0,1.0,1.0,1.0,1.0,1.0,552,0.9999999999999998,1.0000000000000002,1.0,1.0,1.0000000000000002,552,0.0,0.0,0.0,0.0,0.0,0.0,0.0,0.0,0.0,0.0,0.0,0.0,0.0,1386.8178789998638
602,6020120400000,4.0,10.0,4.646604938271605,4.0,7.0,648,0.0,0.0,0.0,0.0,0.0,0,0.0,0.0,0.0,0.0,0.0,0,1.0,1.0,1.0,1.0,1.0,552,0.9999999999999997,1.0000000000000002,1.0,1.0,1.0000000000000002,552,0.0,0.0,0.0,0.0,0.0,0.0,0.0,0.0,0.0,0.0,0.0,0.0,0.0,1404.0637819998665
603,6030120600000,4.0,10.0,4.648148148148148,4.0,7.0,648,0.0,0.0,0.0,0.0,0.0,0,0.0,0.0,0.0,0.0,0.0,0,1.0,1.0,1.0,1.0,1.0,552,0.9999999999999998,1.0000000000000002,1.0,1.0,1.0000000000000002,552,0.0,0.0,0.0,0.0,0.0,0.0,0.0,0.0,0.0,0.0,0.0,0.0,0.0,1393.6052889994244
604,6040120800000,4.0,10.0,4.643518518518518,4.0,7.0,648,0.0,0.0,0.0,0.0,0.0,0,0.0,0.0,0.0,0.0,0.0,0,1.0,1.0,1.0,1.0,1.0,552,0.9999999999999997,1.0000000000000004,1.0,1.0,1.0000000000000002,552,0.0,0.0,0.0,0.0,0.0,0.0,0.0,0.0,0.0,0.0,0.0,0.0,0.0,1403.5968369998955
605,6050121000000,4.0,10.0,4.640432098765432,4.0,7.0,648,0.0,0.0,0.0,0.0,0.0,0,0.0,0.0,0.0,0.0,0.0,0,1.0,1.0,1.0,1.0,1.0,552,0.9999999999999997,1.0000000000000002,1.0,1.0,1.0000000000000002,552,0.0,0.0,0.0,0.0,0.0,0.0,0.0,0.0,0.0,0.0,0.0,0.0,0.0,1369.545279999329
606,6060121200000,4.0,10.0,4.640432098765432,4.0,7.0,648,0.0,0.0,0.0,0.0,0.0,0,0.0,0.0,0.0,0.0,0.0,0,1.0,1.0,1.0,1.0,1.0,552,0.9999999999999997,1.0000000000000004,1.0,1.0,1.0000000000000002,552,0.0,0.0,0.0,0.0,0.0,0.0,0.0,0.0,0.0,0.0,0.0,0.0,0.0,1412.0806789997005
607,6070121400000,4.0,10.0,4.645061728395062,4.0,7.0,648,0.0,0.0,0.0,0.0,0.0,0,0.0,0.0,0.0,0.0,0.0,0,1.0,1.0,1.0,1.0,1.0,552,0.9999999999999997,1.0000000000000002,1.0,1.0,1.0000000000000002,552,0.0,0.0,0.0,0.0,0.0,0.0,0.0,0.0,0.0,0.0,0.0,0.0,0.0,1432.1640100006334
608,6080121600000,4.0,10.0,4.645061728395062,4.0,7.0,648,0.0,0.0,0.0,0.0,0.0,0,0.0,0.0,0.0,0.0,0.0,0,1.0,1.0,1.0,1.0,1.0,552,0.9999999999999997,1.0000000000000002,1.0,1.0,1.0000000000000002,552,0.0,0.0,0.0,0.0,0.0,0.0,0.0,0.0,0.0,0.0,0.0,0.0,0.0,1434.0977330002715
609,6090121800000,4.0,10.0,4.645061728395062,4.0,7.0,648,0.0,0.0,0.0,0.0,0.0,0,0.0,0.0,0.0,0.0,0.0,0,1.0,1.0,1.0,1.0,1.0,552,0.9999999999999996,1.0000000000000004,1.0,1.0,1.0000000000000002,552,0.0,0.0,0.0,0.0,0.0,0.0,0.0,0.0,0.0,0.0,0.0,0.0,0.0,1407.6543849996597
610,6100122000000,4.0,10.0,4.648148148148148,4.0,7.0,648,0.0,0.0,0.0,0.0,0.0,0,0.0,0.0,0.0,0.0,0.0,0,1.0,1.0,1.0,1.0,1.0,552,0.9999999999999997,1.0000000000000004,1.0,1.0,1.0000000000000002,552,0.0,0.0,0.0,0.0,0.0,0.0,0.0,0.0,0.0,0.0,0.0,0.0,0.0,1425.6547650002176
611,6110122200000,4.0,10.0,4.646604938271605,4.0,7.0,648,0.0,0.0,0.0,0.0,0.0,0,0.0,0.0,0.0,0.0,0.0,0,1.0,1.0,1.0,1.0,1.0,552,0.9999999999999998,1.0000000000000002,1.0,1.0,1.0,552,0.0,0.0,0.0,0.0,0.0,0.0,0.0,0.0,0.0,0.0,0.0,0.0,0.0,1418.6597850002727
612,6120122400000,4.0,10.0,4.6419753086419755,4.0,7.0,648,0.0,0.0,0.0,0.0,0.0,0,0.0,0.0,0.0,0.0,0.0,0,1.0,1.0,1.0,1.0,1.0,552,0.9999999999999996,1.0000000000000004,1.0,1.0,1.0000000000000002,552,0.0,0.0,0.0,0.0,0.0,0.0,0.0,0.0,0.0,0.0,0.0,0.0,0.0,1420.4887249998137
613,6130122600000,4.0,10.0,4.651234567901234,4.0,7.0,648,0.0,0.0,0.0,0.0,0.0,0,0.0,0.0,0.0,0.0,0.0,0,1.0,1.0,1.0,1.0,1.0,552,0.9999999999999998,1.0000000000000002,1.0,1.0,1.0000000000000002,552,0.0,0.0,0.0,0.0,0.0,0.0,0.0,0.0,0.0,0.0,0.0,0.0,0.0,1470.2452689998609
614,6140122800000,4.0,10.0,4.648148148148148,4.0,7.0,648,0.0,0.0,0.0,0.0,0.0,0,0.0,0.0,0.0,0.0,0.0,0,1.0,1.0,1.0,1.0,1.0,552,0.9999999999999997,1.0000000000000004,1.0,1.0,1.0000000000000002,552,0.0,0.0,0.0,0.0,0.0,0.0,0.0,0.0,0.0,0.0,0.0,0.0,0.0,1455.0422669999534
615,6150123000000,4.0,9.0,4.645061728395062,4.0,7.0,648,0.0,0.0,0.0,0.0,0.0,0,0.0,0.0,0.0,0.0,0.0,0,1.0,1.0,1.0,1.0,1.0,552,0.9999999999999998,1.0000000000000002,1.0,1.0,1.0000000000000002,552,0.0,0.0,0.0,0.0,0.0,0.0,0.0,0.0,0.0,0.0,0.0,0.0,0.0,1406.9844269997702
616,6160123200000,4.0,9.0,4.652777777777778,4.0,7.0,648,0.0,0.0,0.0,0.0,0.0,0,0.0,0.0,0.0,0.0,0.0,0,1.0,1.0,1.0,1.0,1.0,552,0.9999999999999998,1.0000000000000002,1.0,1.0,1.0000000000000002,552,0.0,0.0,0.0,0.0,0.0,0.0,0.0,0.0,0.0,0.0,0.0,0.0,0.0,1439.7551499996553
617,6170123400000,4.0,9.0,4.660493827160494,4.0,7.0,648,0.0,0.0,0.0,0.0,0.0,0,0.0,0.0,0.0,0.0,0.0,0,1.0,1.0,1.0,1.0,1.0,552,0.9999999999999997,1.0000000000000002,1.0,1.0,1.0000000000000002,552,0.0,0.0,0.0,0.0,0.0,0.0,0.0,0.0,0.0,0.0,0.0,0.0,0.0,1411.1596680004368
618,6180123600000,4.0,9.0,4.666666666666667,4.0,7.0,648,0.0,0.0,0.0,0.0,0.0,0,0.0,0.0,0.0,0.0,0.0,0,1.0,1.0,1.0,1.0,1.0,552,0.9999999999999996,1.0000000000000002,1.0,1.0,1.0000000000000002,552,0.0,0.0,0.0,0.0,0.0,0.0,0.0,0.0,0.0,0.0,0.0,0.0,0.0,1430.7530469995982
619,6190123800000,4.0,9.0,4.660493827160494,4.0,7.0,648,0.0,0.0,0.0,0.0,0.0,0,0.0,0.0,0.0,0.0,0.0,0,1.0,1.0,1.0,1.0,1.0,552,0.9999999999999997,1.0000000000000002,1.0,1.0,1.0000000000000002,552,0.0,0.0,0.0,0.0,0.0,0.0,0.0,0.0,0.0,0.0,0.0,0.0,0.0,1450.9450569994442
620,6200124000000,4.0,10.0,4.651234567901234,4.0,7.0,648,0.0,0.0,0.0,0.0,0.0,0,0.0,0.0,0.0,0.0,0.0,0,1.0,1.0,1.0,1.0,1.0,552,0.9999999999999997,1.0000000000000004,1.0,1.0,1.0000000000000002,552,0.0,0.0,0.0,0.0,0.0,0.0,0.0,0.0,0.0,0.0,0.0,0.0,0.0,1441.7355189998489
621,6210124200000,4.0,10.0,4.652777777777778,4.0,7.0,648,0.0,0.0,0.0,0.0,0.0,0,0.0,0.0,0.0,0.0,0.0,0,1.0,1.0,1.0,1.0,1.0,552,0.9999999999999997,1.0000000000000002,1.0,1.0,1.0000000000000002,552,0.0,0.0,0.0,0.0,0.0,0.0,0.0,0.0,0.0,0.0,0.0,0.0,0.0,1412.3931770000127
622,6220124400000,4.0,10.0,4.654320987654321,4.0,7.0,648,0.0,0.0,0.0,0.0,0.0,0,0.0,0.0,0.0,0.0,0.0,0,1.0,1.0,1.0,1.0,1.0,552,0.9999999999999997,1.0000000000000002,1.0,1.0,1.0,552,0.0,0.0,0.0,0.0,0.0,0.0,0.0,0.0,0.0,0.0,0.0,0.0,0.0,1400.856985000246
623,6230124600000,4.0,10.0,4.6496913580246915,4.0,7.0,648,0.0,0.0,0.0,0.0,0.0,0,0.0,0.0,0.0,0.0,0.0,0,1.0,1.0,1.0,1.0,1.0,552,0.9999999999999998,1.0000000000000004,1.0,1.0,1.0000000000000002,552,0.0,0.0,0.0,0.0,0.0,0.0,0.0,0.0,0.0,0.0,0.0,0.0,0.0,1431.9754320003995
624,6240124800000,4.0,10.0,4.635802469135802,4.0,7.0,648,0.0,0.0,0.0,0.0,0.0,0,0.0,0.0,0.0,0.0,0.0,0,1.0,1.0,1.0,1.0,1.0,552,0.9999999999999997,1.0000000000000002,1.0,1.0,1.0000000000000002,552,0.0,0.0,0.0,0.0,0.0,0.0,0.0,0.0,0.0,0.0,0.0,0.0,0.0,1446.77791399954
625,6250125000000,4.0,10.0,4.640432098765432,4.0,7.0,648,0.0,0.0,0.0,0.0,0.0,0,0.0,0.0,0.0,0.0,0.0,0,1.0,1.0,1.0,1.0,1.0,552,0.9999999999999998,1.0000000000000002,1.0,1.0,1.0000000000000002,552,0.0,0.0,0.0,0.0,0.0,0.0,0.0,0.0,0.0,0.0,0.0,0.0,0.0,1478.5712739994779
626,6260125200000,4.0,10.0,4.6496913580246915,4.0,7.0,648,0.0,0.0,0.0,0.0,0.0,0,0.0,0.0,0.0,0.0,0.0,0,1.0,1.0,1.0,1.0,1.0,552,0.9999999999999997,1.0000000000000002,1.0,1.0,1.0,552,0.0,0.0,0.0,0.0,0.0,0.0,0.0,0.0,0.0,0.0,0.0,0.0,0.0,1441.5352420001
627,6270125400000,4.0,10.0,4.6496913580246915,4.0,7.0,648,0.0,0.0,0.0,0.0,0.0,0,0.0,0.0,0.0,0.0,0.0,0,1.0,1.0,1.0,1.0,1.0,552,0.9999999999999998,1.0000000000000002,1.0,1.0,1.0000000000000002,552,0.0,0.0,0.0,0.0,0.0,0.0,0.0,0.0,0.0,0.0,0.0,0.0,0.0,1401.590082000439
628,6280125600000,4.0,10.0,4.648148148148148,4.0,7.0,648,0.0,0.0,0.0,0.0,0.0,0,0.0,0.0,0.0,0.0,0.0,0,1.0,1.0,1.0,1.0,1.0,552,0.9999999999999998,1.0000000000000002,1.0,1.0,1.0000000000000002,552,0.0,0.0,0.0,0.0,0.0,0.0,0.0,0.0,0.0,0.0,0.0,0.0,0.0,1430.8023189996675
629,6290125800000,4.0,10.0,4.648148148148148,4.0,7.0,648,0.0,0.0,0.0,0.0,0.0,0,0.0,0.0,0.0,0.0,0.0,0,1.0,1.0,1.0,1.0,1.0,552,0.9999999999999997,1.0000000000000002,1.0,1.0,1.0000000000000002,552,0.0,0.0,0.0,0.0,0.0,0.0,0.0,0.0,0.0,0.0,0.0,0.0,0.0,1398.481217999688
630,6300126000000,4.0,10.0,4.651234567901234,4.0,7.0,648,0.0,0.0,0.0,0.0,0.0,0,0.0,0.0,0.0,0.0,0.0,0,1.0,1.0,1.0,1.0,1.0,552,0.9999999999999998,1.0000000000000002,1.0,1.0,1.0000000000000002,552,0.0,0.0,0.0,0.0,0.0,0.0,0.0,0.0,0.0,0.0,0.0,0.0,0.0,1478.6620450004193
631,6310126200000,4.0,10.0,4.651234567901234,4.0,7.0,648,0.0,0.0,0.0,0.0,0.0,0,0.0,0.0,0.0,0.0,0.0,0,1.0,1.0,1.0,1.0,1.0,552,0.9999999999999996,1.0000000000000004,1.0,1.0,1.0000000000000002,552,0.0,0.0,0.0,0.0,0.0,0.0,0.0,0.0,0.0,0.0,0.0,0.0,0.0,1373.9836220001962
632,6320126400000,4.0,10.0,4.651234567901234,4.0,7.0,648,0.0,0.0,0.0,0.0,0.0,0,0.0,0.0,0.0,0.0,0.0,0,1.0,1.0,1.0,1.0,1.0,552,0.9999999999999998,1.0000000000000002,1.0,1.0,1.0000000000000002,552,0.0,0.0,0.0,0.0,0.0,0.0,0.0,0.0,0.0,0.0,0.0,0.0,0.0,1396.0302959994806
633,6330126600000,4.0,9.0,4.645061728395062,4.0,7.0,648,0.0,0.0,0.0,0.0,0.0,0,0.0,0.0,0.0,0.0,0.0,0,1.0,1.0,1.0,1.0,1.0,552,0.9999999999999997,1.0000000000000004,1.0,1.0,1.0,552,0.0,0.0,0.0,0.0,0.0,0.0,0.0,0.0,0.0,0.0,0.0,0.0,0.0,1347.4747489999572
634,6340126800000,4.0,9.0,4.645061728395062,4.0,7.0,648,0.0,0.0,0.0,0.0,0.0,0,0.0,0.0,0.0,0.0,0.0,0,1.0,1.0,1.0,1.0,1.0,552,0.9999999999999997,1.0000000000000004,1.0,1.0,1.0000000000000002,552,0.0,0.0,0.0,0.0,0.0,0.0,0.0,0.0,0.0,0.0,0.0,0.0,0.0,1377.9540989999077
635,6350127000000,4.0,9.0,4.6419753086419755,4.0,7.0,648,0.0,0.0,0.0,0.0,0.0,0,0.0,0.0,0.0,0.0,0.0,0,1.0,1.0,1.0,1.0,1.0,552,0.9999999999999997,1.0000000000000002,1.0,1.0,1.0000000000000002,552,0.0,0.0,0.0,0.0,0.0,0.0,0.0,0.0,0.0,0.0,0.0,0.0,0.0,1327.8603250000742
636,6360127200000,4.0,9.0,4.657407407407407,4.0,7.0,648,0.0,0.0,0.0,0.0,0.0,0,0.0,0.0,0.0,0.0,0.0,0,1.0,1.0,1.0,1.0,1.0,552,0.9999999999999997,1.0000000000000002,1.0,1.0,1.0000000000000002,552,0.0,0.0,0.0,0.0,0.0,0.0,0.0,0.0,0.0,0.0,0.0,0.0,0.0,1427.3421750003763
637,6370127400000,4.0,9.0,4.655864197530864,4.0,7.0,648,0.0,0.0,0.0,0.0,0.0,0,0.0,0.0,0.0,0.0,0.0,0,1.0,1.0,1.0,1.0,1.0,552,0.9999999999999997,1.0000000000000002,1.0,1.0,1.0,552,0.0,0.0,0.0,0.0,0.0,0.0,0.0,0.0,0.0,0.0,0.0,0.0,0.0,1390.451616000064
638,6380127600000,4.0,9.0,4.654320987654321,4.0,7.0,648,0.0,0.0,0.0,0.0,0.0,0,0.0,0.0,0.0,0.0,0.0,0,1.0,1.0,1.0,1.0,1.0,552,0.9999999999999998,1.0000000000000004,1.0,1.0,1.0,552,0.0,0.0,0.0,0.0,0.0,0.0,0.0,0.0,0.0,0.0,0.0,0.0,0.0,1673.8141149999137
639,6390127800000,4.0,10.0,4.655864197530864,4.0,7.0,648,0.0,0.0,0.0,0.0,0.0,0,0.0,0.0,0.0,0.0,0.0,0,1.0,1.0,1.0,1.0,1.0,552,0.9999999999999997,1.0000000000000002,1.0,1.0,1.0000000000000002,552,0.0,0.0,0.0,0.0,0.0,0.0,0.0,0.0,0.0,0.0,0.0,0.0,0.0,1352.3297049996472
640,6400128000000,4.0,10.0,4.657407407407407,4.0,7.0,648,0.0,0.0,0.0,0.0,0.0,0,0.0,0.0,0.0,0.0,0.0,0,1.0,1.0,1.0,1.0,1.0,552,0.9999999999999997,1.0000000000000002,1.0,1.0,1.0000000000000002,552,0.0,0.0,0.0,0.0,0.0,0.0,0.0,0.0,0.0,0.0,0.0,0.0,0.0,1432.339748999766
641,6410128200000,4.0,10.0,4.645061728395062,4.0,7.0,648,0.0,0.0,0.0,0.0,0.0,0,0.0,0.0,0.0,0.0,0.0,0,1.0,1.0,1.0,1.0,1.0,552,0.9999999999999997,1.0000000000000002,1.0,1.0,1.0000000000000002,552,0.0,0.0,0.0,0.0,0.0,0.0,0.0,0.0,0.0,0.0,0.0,0.0,0.0,1377.2870100001455
642,6420128400000,4.0,10.0,4.635802469135802,4.0,7.0,648,0.0,0.0,0.0,0.0,0.0,0,0.0,0.0,0.0,0.0,0.0,0,1.0,1.0,1.0,1.0,1.0,552,0.9999999999999998,1.0000000000000002,1.0,1.0,1.0000000000000002,552,0.0,0.0,0.0,0.0,0.0,0.0,0.0,0.0,0.0,0.0,0.0,0.0,0.0,1355.2844069999992
643,6430128600000,4.0,10.0,4.638888888888889,4.0,7.0,648,0.0,0.0,0.0,0.0,0.0,0,0.0,0.0,0.0,0.0,0.0,0,1.0,1.0,1.0,1.0,1.0,552,0.9999999999999997,1.0000000000000002,1.0,1.0,1.0000000000000002,552,0.0,0.0,0.0,0.0,0.0,0.0,0.0,0.0,0.0,0.0,0.0,0.0,0.0,1360.2991170000678
644,6440128800000,4.0,10.0,4.6496913580246915,4.0,7.0,648,0.0,0.0,0.0,0.0,0.0,0,0.0,0.0,0.0,0.0,0.0,0,1.0,1.0,1.0,1.0,1.0,552,0.9999999999999997,1.0000000000000004,1.0,1.0,1.0000000000000002,552,0.0,0.0,0.0,0.0,0.0,0.0,0.0,0.0,0.0,0.0,0.0,0.0,0.0,1385.6363059994692
645,6450129000000,4.0,10.0,4.652777777777778,4.0,7.0,648,0.0,0.0,0.0,0.0,0.0,0,0.0,0.0,0.0,0.0,0.0,0,1.0,1.0,1.0,1.0,1.0,552,0.9999999999999997,1.0000000000000002,1.0,1.0,1.0000000000000002,552,0.0,0.0,0.0,0.0,0.0,0.0,0.0,0.0,0.0,0.0,0.0,0.0,0.0,1374.729980999291
646,6460129200000,4.0,10.0,4.655864197530864,4.0,7.0,648,0.0,0.0,0.0,0.0,0.0,0,0.0,0.0,0.0,0.0,0.0,0,1.0,1.0,1.0,1.0,1.0,552,0.9999999999999998,1.0000000000000002,1.0,1.0,1.0000000000000002,552,0.0,0.0,0.0,0.0,0.0,0.0,0.0,0.0,0.0,0.0,0.0,0.0,0.0,1433.1294219991833
647,6470129400000,4.0,10.0,4.646604938271605,4.0,7.0,648,0.0,0.0,0.0,0.0,0.0,0,0.0,0.0,0.0,0.0,0.0,0,1.0,1.0,1.0,1.0,1.0,552,0.9999999999999997,1.0000000000000002,1.0,1.0,1.0000000000000002,552,0.0,0.0,0.0,0.0,0.0,0.0,0.0,0.0,0.0,0.0,0.0,0.0,0.0,1332.095544999902
648,6480129600000,4.0,10.0,4.655864197530864,4.0,7.0,648,0.0,0.0,0.0,0.0,0.0,0,0.0,0.0,0.0,0.0,0.0,0,1.0,1.0,1.0,1.0,1.0,552,0.9999999999999998,1.0000000000000002,1.0,1.0,1.0,552,0.0,0.0,0.0,0.0,0.0,0.0,0.0,0.0,0.0,0.0,0.0,0.0,0.0,1392.6385489994573
649,6490129800000,4.0,10.0,4.655864197530864,4.0,7.0,648,0.0,0.0,0.0,0.0,0.0,0,0.0,0.0,0.0,0.0,0.0,0,1.0,1.0,1.0,1.0,1.0,552,0.9999999999999997,1.0000000000000002,1.0,1.0,1.0000000000000002,552,0.0,0.0,0.0,0.0,0.0,0.0,0.0,0.0,0.0,0.0,0.0,0.0,0.0,1362.6223279998158
650,6500130000000,4.0,9.0,4.6496913580246915,4.0,7.0,648,0.0,0.0,0.0,0.0,0.0,0,0.0,0.0,0.0,0.0,0.0,0,1.0,1.0,1.0,1.0,1.0,552,0.9999999999999997,1.0000000000000002,1.0,1.0,1.0000000000000002,552,0.0,0.0,0.0,0.0,0.0,0.0,0.0,0.0,0.0,0.0,0.0,0.0,0.0,1372.0289109996884
651,6510130200000,4.0,9.0,4.6496913580246915,4.0,7.0,648,0.0,0.0,0.0,0.0,0.0,0,0.0,0.0,0.0,0.0,0.0,0,1.0,1.0,1.0,1.0,1.0,552,0.9999999999999997,1.0000000000000002,1.0,1.0,1.0000000000000002,552,0.0,0.0,0.0,0.0,0.0,0.0,0.0,0.0,0.0,0.0,0.0,0.0,0.0,1370.5177760002698
652,6520130400000,4.0,9.0,4.6496913580246915,4.0,7.0,648,0.0,0.0,0.0,0.0,0.0,0,0.0,0.0,0.0,0.0,0.0,0,1.0,1.0,1.0,1.0,1.0,552,0.9999999999999998,1.0000000000000004,1.0,1.0,1.0000000000000002,552,0.0,0.0,0.0,0.0,0.0,0.0,0.0,0.0,0.0,0.0,0.0,0.0,0.0,1431.3703589996294
653,6530130600000,4.0,9.0,4.648148148148148,4.0,7.0,648,0.0,0.0,0.0,0.0,0.0,0,0.0,0.0,0.0,0.0,0.0,0,1.0,1.0,1.0,1.0,1.0,552,0.9999999999999996,1.0000000000000002,1.0,1.0,1.0000000000000002,552,0.0,0.0,0.0,0.0,0.0,0.0,0.0,0.0,0.0,0.0,0.0,0.0,0.0,1393.4327870001653
654,6540130800000,4.0,9.0,4.640432098765432,4.0,7.0,648,0.0,0.0,0.0,0.0,0.0,0,0.0,0.0,0.0,0.0,0.0,0,1.0,1.0,1.0,1.0,1.0,552,0.9999999999999997,1.0000000000000004,1.0,1.0,1.0000000000000002,552,0.0,0.0,0.0,0.0,0.0,0.0,0.0,0.0,0.0,0.0,0.0,0.0,0.0,1373.3224659999905
655,6550131000000,4.0,9.0,4.645061728395062,4.0,7.0,648,0.0,0.0,0.0,0.0,0.0,0,0.0,0.0,0.0,0.0,0.0,0,1.0,1.0,1.0,1.0,1.0,552,0.9999999999999998,1.0000000000000002,1.0,1.0,1.0000000000000002,552,0.0,0.0,0.0,0.0,0.0,0.0,0.0,0.0,0.0,0.0,0.0,0.0,0.0,1393.8666619997093
656,6560131200000,4.0,9.0,4.6496913580246915,4.0,7.0,648,0.0,0.0,0.0,0.0,0.0,0,0.0,0.0,0.0,0.0,0.0,0,1.0,1.0,1.0,1.0,1.0,552,0.9999999999999997,1.0000000000000002,1.0,1.0,1.0000000000000002,552,0.0,0.0,0.0,0.0,0.0,0.0,0.0,0.0,0.0,0.0,0.0,0.0,0.0,1404.4511789998069
657,6570131400000,4.0,9.0,4.648148148148148,4.0,7.0,648,0.0,0.0,0.0,0.0,0.0,0,0.0,0.0,0.0,0.0,0.0,0,1.0,1.0,1.0,1.0,1.0,552,0.9999999999999997,1.0000000000000002,1.0,1.0,1.0000000000000002,552,0.0,0.0,0.0,0.0,0.0,0.0,0.0,0.0,0.0,0.0,0.0,0.0,0.0,1402.7065469999798
658,6580131600000,4.0,9.0,4.6496913580246915,4.0,7.0,648,0.0,0.0,0.0,0.0,0.0,0,0.0,0.0,0.0,0.0,0.0,0,1.0,1.0,1.0,1.0,1.0,552,0.9999999999999998,1.0000000000000002,1.0,1.0,1.0,552,0.0,0.0,0.0,0.0,0.0,0.0,0.0,0.0,0.0,0.0,0.0,0.0,0.0,1411.850477000371
659,6590131800000,4.0,10.0,4.6496913580246915,4.0,7.0,648,0.0,0.0,0.0,0.0,0.0,0,0.0,0.0,0.0,0.0,0.0,0,1.0,1.0,1.0,1.0,1.0,552,0.9999999999999998,1.0000000000000002,1.0,1.0,1.0000000000000002,552,0.0,0.0,0.0,0.0,0.0,0.0,0.0,0.0,0.0,0.0,0.0,0.0,0.0,1401.8707039995206
660,6600132000000,4.0,10.0,4.643518518518518,4.0,7.0,648,0.0,0.0,0.0,0.0,0.0,0,0.0,0.0,0.0,0.0,0.0,0,1.0,1.0,1.0,1.0,1.0,552,0.9999999999999998,1.0000000000000004,1.0,1.0,1.0000000000000002,552,0.0,0.0,0.0,0.0,0.0,0.0,0.0,0.0,0.0,0.0,0.0,0.0,0.0,1504.3080440000267
661,6610132200000,4.0,10.0,4.645061728395062,4.0,7.0,648,0.0,0.0,0.0,0.0,0.0,0,0.0,0.0,0.0,0.0,0.0,0,1.0,1.0,1.0,1.0,1.0,552,0.9999999999999997,1.0000000000000002,1.0,1.0,1.0,552,0.0,0.0,0.0,0.0,0.0,0.0,0.0,0.0,0.0,0.0,0.0,0.0,0.0,1390.0702090004415
662,6620132400000,4.0,10.0,4.648148148148148,4.0,7.0,648,0.0,0.0,0.0,0.0,0.0,0,0.0,0.0,0.0,0.0,0.0,0,1.0,1.0,1.0,1.0,1.0,552,0.9999999999999997,1.0000000000000002,1.0,1.0,1.0000000000000002,552,0.0,0.0,0.0,0.0,0.0,0.0,0.0,0.0,0.0,0.0,0.0,0.0,0.0,1383.6463620000359
663,6630132600000,4.0,10.0,4.651234567901234,4.0,7.0,648,0.0,0.0,0.0,0.0,0.0,0,0.0,0.0,0.0,0.0,0.0,0,1.0,1.0,1.0,1.0,1.0,552,0.9999999999999997,1.0000000000000002,1.0,1.0,1.0000000000000002,552,0.0,0.0,0.0,0.0,0.0,0.0,0.0,0.0,0.0,0.0,0.0,0.0,0.0,2090.7397379996837
664,6640132800000,4.0,10.0,4.657407407407407,4.0,7.0,648,0.0,0.0,0.0,0.0,0.0,0,0.0,0.0,0.0,0.0,0.0,0,1.0,1.0,1.0,1.0,1.0,552,0.9999999999999996,1.0000000000000004,1.0,1.0,1.0000000000000002,552,0.0,0.0,0.0,0.0,0.0,0.0,0.0,0.0,0.0,0.0,0.0,0.0,0.0,1609.9286290000236
665,6650133000000,4.0,10.0,4.646604938271605,4.0,7.0,648,0.0,0.0,0.0,0.0,0.0,0,0.0,0.0,0.0,0.0,0.0,0,1.0,1.0,1.0,1.0,1.0,552,0.9999999999999997,1.0000000000000004,1.0,1.0,1.0000000000000002,552,0.0,0.0,0.0,0.0,0.0,0.0,0.0,0.0,0.0,0.0,0.0,0.0,0.0,1681.4364189995104
666,6660133200000,4.0,10.0,4.651234567901234,4.0,7.0,648,0.0,0.0,0.0,0.0,0.0,0,0.0,0.0,0.0,0.0,0.0,0,1.0,1.0,1.0,1.0,1.0,552,0.9999999999999998,1.0000000000000004,1.0,1.0,1.0000000000000002,552,0.0,0.0,0.0,0.0,0.0,0.0,0.0,0.0,0.0,0.0,0.0,0.0,0.0,1568.3417410000402
667,6670133400000,4.0,10.0,4.651234567901234,4.0,7.0,648,0.0,0.0,0.0,0.0,0.0,0,0.0,0.0,0.0,0.0,0.0,0,1.0,1.0,1.0,1.0,1.0,552,0.9999999999999996,1.0000000000000004,1.0,1.0,1.0000000000000002,552,0.0,0.0,0.0,0.0,0.0,0.0,0.0,0.0,0.0,0.0,0.0,0.0,0.0,1529.804052000145
668,6680133600000,4.0,9.0,4.648148148148148,4.0,7.0,648,0.0,0.0,0.0,0.0,0.0,0,0.0,0.0,0.0,0.0,0.0,0,1.0,1.0,1.0,1.0,1.0,552,0.9999999999999996,1.0000000000000004,1.0,1.0,1.0000000000000002,552,0.0,0.0,0.0,0.0,0.0,0.0,0.0,0.0,0.0,0.0,0.0,0.0,0.0,1410.3292879999572
669,6690133800000,4.0,9.0,4.658950617283951,4.0,7.0,648,0.0,0.0,0.0,0.0,0.0,0,0.0,0.0,0.0,0.0,0.0,0,1.0,1.0,1.0,1.0,1.0,552,0.9999999999999997,1.0000000000000002,1.0,1.0,1.0000000000000002,552,0.0,0.0,0.0,0.0,0.0,0.0,0.0,0.0,0.0,0.0,0.0,0.0,0.0,1448.07677100016
670,6700134000000,4.0,9.0,4.657407407407407,4.0,7.0,648,0.0,0.0,0.0,0.0,0.0,0,0.0,0.0,0.0,0.0,0.0,0,1.0,1.0,1.0,1.0,1.0,552,0.9999999999999998,1.0000000000000004,1.0,1.0,1.0000000000000002,552,0.0,0.0,0.0,0.0,0.0,0.0,0.0,0.0,0.0,0.0,0.0,0.0,0.0,1911.320713999885
671,6710134200000,4.0,9.0,4.655864197530864,4.0,7.0,648,0.0,0.0,0.0,0.0,0.0,0,0.0,0.0,0.0,0.0,0.0,0,1.0,1.0,1.0,1.0,1.0,552,0.9999999999999998,1.0000000000000004,1.0,1.0,1.0,552,0.0,0.0,0.0,0.0,0.0,0.0,0.0,0.0,0.0,0.0,0.0,0.0,0.0,1471.6733209997983
672,6720134400000,4.0,9.0,4.655864197530864,4.0,7.0,648,0.0,0.0,0.0,0.0,0.0,0,0.0,0.0,0.0,0.0,0.0,0,1.0,1.0,1.0,1.0,1.0,552,0.9999999999999997,1.0000000000000004,1.0,1.0,1.0000000000000002,552,0.0,0.0,0.0,0.0,0.0,0.0,0.0,0.0,0.0,0.0,0.0,0.0,0.0,1488.0349899995053
673,6730134600000,4.0,9.0,4.652777777777778,4.0,7.0,648,0.0,0.0,0.0,0.0,0.0,0,0.0,0.0,0.0,0.0,0.0,0,1.0,1.0,1.0,1.0,1.0,552,0.9999999999999997,1.0000000000000002,1.0,1.0,1.0000000000000002,552,0.0,0.0,0.0,0.0,0.0,0.0,0.0,0.0,0.0,0.0,0.0,0.0,0.0,1456.8477990005704
674,6740134800000,4.0,9.0,4.648148148148148,4.0,7.0,648,0.0,0.0,0.0,0.0,0.0,0,0.0,0.0,0.0,0.0,0.0,0,1.0,1.0,1.0,1.0,1.0,552,0.9999999999999997,1.0000000000000002,1.0,1.0,1.0,552,0.0,0.0,0.0,0.0,0.0,0.0,0.0,0.0,0.0,0.0,0.0,0.0,0.0,1355.573634999928
675,6750135000000,4.0,9.0,4.640432098765432,4.0,7.0,648,0.0,0.0,0.0,0.0,0.0,0,0.0,0.0,0.0,0.0,0.0,0,1.0,1.0,1.0,1.0,1.0,552,0.9999999999999998,1.0000000000000002,1.0,1.0,1.0000000000000002,552,0.0,0.0,0.0,0.0,0.0,0.0,0.0,0.0,0.0,0.0,0.0,0.0,0.0,1361.0301829994569
676,6760135200000,4.0,9.0,4.645061728395062,4.0,7.0,648,0.0,0.0,0.0,0.0,0.0,0,0.0,0.0,0.0,0.0,0.0,0,1.0,1.0,1.0,1.0,1.0,552,0.9999999999999997,1.0000000000000002,1.0,1.0,1.0000000000000002,552,0.0,0.0,0.0,0.0,0.0,0.0,0.0,0.0,0.0,0.0,0.0,0.0,0.0,1367.4128509992443
677,6770135400000,4.0,9.0,4.646604938271605,4.0,7.0,648,0.0,0.0,0.0,0.0,0.0,0,0.0,0.0,0.0,0.0,0.0,0,1.0,1.0,1.0,1.0,1.0,552,0.9999999999999997,1.0000000000000002,1.0,1.0,1.0000000000000002,552,0.0,0.0,0.0,0.0,0.0,0.0,0.0,0.0,0.0,0.0,0.0,0.0,0.0,1466.241414000251
678,6780135600000,4.0,10.0,4.648148148148148,4.0,7.0,648,0.0,0.0,0.0,0.0,0.0,0,0.0,0.0,0.0,0.0,0.0,0,1.0,1.0,1.0,1.0,1.0,552,0.9999999999999996,1.0000000000000002,1.0,1.0,1.0,552,0.0,0.0,0.0,0.0,0.0,0.0,0.0,0.0,0.0,0.0,0.0,0.0,0.0,1421.7230909998761
679,6790135800000,4.0,10.0,4.643518518518518,4.0,7.0,648,0.0,0.0,0.0,0.0,0.0,0,0.0,0.0,0.0,0.0,0.0,0,1.0,1.0,1.0,1.0,1.0,552,0.9999999999999997,1.0000000000000004,1.0,1.0,1.0000000000000002,552,0.0,0.0,0.0,0.0,0.0,0.0,0.0,0.0,0.0,0.0,0.0,0.0,0.0,1473.028303999854
680,6800136000000,4.0,10.0,4.645061728395062,4.0,7.0,648,0.0,0.0,0.0,0.0,0.0,0,0.0,0.0,0.0,0.0,0.0,0,1.0,1.0,1.0,1.0,1.0,552,0.9999999999999998,1.0000000000000004,1.0,1.0,1.0000000000000002,552,0.0,0.0,0.0,0.0,0.0,0.0,0.0,0.0,0.0,0.0,0.0,0.0,0.0,1505.023134000112
681,6810136200000,4.0,10.0,4.651234567901234,4.0,7.0,648,0.0,0.0,0.0,0.0,0.0,0,0.0,0.0,0.0,0.0,0.0,0,1.0,1.0,1.0,1.0,1.0,552,0.9999999999999998,1.0000000000000004,1.0,1.0,1.0000000000000002,552,0.0,0.0,0.0,0.0,0.0,0.0,0.0,0.0,0.0,0.0,0.0,0.0,0.0,1577.1776400006274
682,6820136400000,4.0,10.0,4.660493827160494,4.0,7.0,648,0.0,0.0,0.0,0.0,0.0,0,0.0,0.0,0.0,0.0,0.0,0,1.0,1.0,1.0,1.0,1.0,552,0.9999999999999998,1.0000000000000004,1.0,1.0,1.0,552,0.0,0.0,0.0,0.0,0.0,0.0,0.0,0.0,0.0,0.0,0.0,0.0,0.0,1449.7737190004045
683,6830136600000,4.0,10.0,4.655864197530864,4.0,7.0,648,0.0,0.0,0.0,0.0,0.0,0,0.0,0.0,0.0,0.0,0.0,0,1.0,1.0,1.0,1.0,1.0,552,0.9999999999999998,1.0000000000000002,1.0,1.0,1.0000000000000002,552,0.0,0.0,0.0,0.0,0.0,0.0,0.0,0.0,0.0,0.0,0.0,0.0,0.0,1532.4833189997662
684,6840136800000,4.0,10.0,4.655864197530864,4.0,7.0,648,0.0,0.0,0.0,0.0,0.0,0,0.0,0.0,0.0,0.0,0.0,0,1.0,1.0,1.0,1.0,1.0,552,0.9999999999999998,1.0000000000000002,1.0,1.0,1.0000000000000002,552,0.0,0.0,0.0,0.0,0.0,0.0,0.0,0.0,0.0,0.0,0.0,0.0,0.0,1458.9951739999378
685,6850137000000,4.0,9.0,4.646604938271605,4.0,7.0,648,0.0,0.0,0.0,0.0,0.0,0,0.0,0.0,0.0,0.0,0.0,0,1.0,1.0,1.0,1.0,1.0,552,0.9999999999999997,1.0000000000000002,1.0,1.0,1.0000000000000002,552,0.0,0.0,0.0,0.0,0.0,0.0,0.0,0.0,0.0,0.0,0.0,0.0,0.0,1695.2111410000725
686,6860137200000,4.0,9.0,4.645061728395062,4.0,7.0,648,0.0,0.0,0.0,0.0,0.0,0,0.0,0.0,0.0,0.0,0.0,0,1.0,1.0,1.0,1.0,1.0,552,0.9999999999999998,1.0000000000000002,1.0,1.0,1.0000000000000002,552,0.0,0.0,0.0,0.0,0.0,0.0,0.0,0.0,0.0,0.0,0.0,0.0,0.0,1470.2912040002047
687,6870137400000,4.0,9.0,4.655864197530864,4.0,7.0,648,0.0,0.0,0.0,0.0,0.0,0,0.0,0.0,0.0,0.0,0.0,0,1.0,1.0,1.0,1.0,1.0,552,0.9999999999999998,1.0000000000000002,1.0,1.0,1.0000000000000002,552,0.0,0.0,0.0,0.0,0.0,0.0,0.0,0.0,0.0,0.0,0.0,0.0,0.0,1517.1816740003123
688,6880137600000,4.0,9.0,4.662037037037037,4.0,7.0,648,0.0,0.0,0.0,0.0,0.0,0,0.0,0.0,0.0,0.0,0.0,0,1.0,1.0,1.0,1.0,1.0,552,0.9999999999999997,1.0000000000000002,1.0,1.0,1.0000000000000002,552,0.0,0.0,0.0,0.0,0.0,0.0,0.0,0.0,0.0,0.0,0.0,0.0,0.0,1472.9863880002085
689,6890137800000,4.0,9.0,4.648148148148148,4.0,7.0,648,0.0,0.0,0.0,0.0,0.0,0,0.0,0.0,0.0,0.0,0.0,0,1.0,1.0,1.0,1.0,1.0,552,0.9999999999999997,1.0000000000000002,1.0,1.0,1.0,552,0.0,0.0,0.0,0.0,0.0,0.0,0.0,0.0,0.0,0.0,0.0,0.0,0.0,1412.3174890000882
690,6900138000000,4.0,9.0,4.654320987654321,4.0,7.0,648,0.0,0.0,0.0,0.0,0.0,0,0.0,0.0,0.0,0.0,0.0,0,1.0,1.0,1.0,1.0,1.0,552,0.9999999999999998,1.0000000000000004,1.0,1.0,1.0000000000000002,552,0.0,0.0,0.0,0.0,0.0,0.0,0.0,0.0,0.0,0.0,0.0,0.0,0.0,1430.0235519995113
691,6910138200000,4.0,9.0,4.6419753086419755,4.0,7.0,648,0.0,0.0,0.0,0.0,0.0,0,0.0,0.0,0.0,0.0,0.0,0,1.0,1.0,1.0,1.0,1.0,552,0.9999999999999996,1.0000000000000002,1.0,1.0,1.0000000000000002,552,0.0,0.0,0.0,0.0,0.0,0.0,0.0,0.0,0.0,0.0,0.0,0.0,0.0,1400.346442999762
692,6920138400000,4.0,9.0,4.646604938271605,4.0,7.0,648,0.0,0.0,0.0,0.0,0.0,0,0.0,0.0,0.0,0.0,0.0,0,1.0,1.0,1.0,1.0,1.0,552,0.9999999999999997,1.0000000000000002,1.0,1.0,1.0000000000000002,552,0.0,0.0,0.0,0.0,0.0,0.0,0.0,0.0,0.0,0.0,0.0,0.0,0.0,1416.489246999845
693,6930138600000,4.0,9.0,4.648148148148148,4.0,7.0,648,0.0,0.0,0.0,0.0,0.0,0,0.0,0.0,0.0,0.0,0.0,0,1.0,1.0,1.0,1.0,1.0,552,0.9999999999999997,1.0000000000000004,1.0,1.0,1.0,552,0.0,0.0,0.0,0.0,0.0,0.0,0.0,0.0,0.0,0.0,0.0,0.0,0.0,1414.7983849998127
694,6940138800000,4.0,9.0,4.651234567901234,4.0,7.0,648,0.0,0.0,0.0,0.0,0.0,0,0.0,0.0,0.0,0.0,0.0,0,1.0,1.0,1.0,1.0,1.0,552,0.9999999999999998,1.0000000000000002,1.0,1.0,1.0000000000000002,552,0.0,0.0,0.0,0.0,0.0,0.0,0.0,0.0,0.0,0.0,0.0,0.0,0.0,1387.5061389999246
695,6950139000000,4.0,9.0,4.652777777777778,4.0,7.0,648,0.0,0.0,0.0,0.0,0.0,0,0.0,0.0,0.0,0.0,0.0,0,1.0,1.0,1.0,1.0,1.0,552,0.9999999999999997,1.0000000000000004,1.0,1.0,1.0000000000000002,552,0.0,0.0,0.0,0.0,0.0,0.0,0.0,0.0,0.0,0.0,0.0,0.0,0.0,1388.4283719999075
696,6960139200000,4.0,9.0,4.646604938271605,4.0,7.0,648,0.0,0.0,0.0,0.0,0.0,0,0.0,0.0,0.0,0.0,0.0,0,1.0,1.0,1.0,1.0,1.0,552,0.9999999999999998,1.0000000000000002,1.0,1.0,1.0,552,0.0,0.0,0.0,0.0,0.0,0.0,0.0,0.0,0.0,0.0,0.0,0.0,0.0,1579.8629529999744
697,6970139400000,4.0,10.0,4.651234567901234,4.0,7.0,648,0.0,0.0,0.0,0.0,0.0,0,0.0,0.0,0.0,0.0,0.0,0,1.0,1.0,1.0,1.0,1.0,552,0.9999999999999997,1.0000000000000002,1.0,1.0,1.0000000000000002,552,0.0,0.0,0.0,0.0,0.0,0.0,0.0,0.0,0.0,0.0,0.0,0.0,0.0,1374.643309000021
698,6980139600000,4.0,10.0,4.6496913580246915,4.0,7.0,648,0.0,0.0,0.0,0.0,0.0,0,0.0,0.0,0.0,0.0,0.0,0,1.0,1.0,1.0,1.0,1.0,552,0.9999999999999997,1.0000000000000004,1.0,1.0,1.0000000000000002,552,0.0,0.0,0.0,0.0,0.0,0.0,0.0,0.0,0.0,0.0,0.0,0.0,0.0,1426.464956000018
699,6990139800000,4.0,10.0,4.651234567901234,4.0,7.0,648,0.0,0.0,0.0,0.0,0.0,0,0.0,0.0,0.0,0.0,0.0,0,1.0,1.0,1.0,1.0,1.0,552,0.9999999999999997,1.0000000000000004,1.0,1.0,1.0000000000000002,552,0.0,0.0,0.0,0.0,0.0,0.0,0.0,0.0,0.0,0.0,0.0,0.0,0.0,1396.169784000449
700,7000140000000,4.0,10.0,4.648148148148148,4.0,7.0,648,0.0,0.0,0.0,0.0,0.0,0,0.0,0.0,0.0,0.0,0.0,0,1.0,1.0,1.0,1.0,1.0,552,0.9999999999999998,1.0000000000000002,1.0,1.0,1.0000000000000002,552,0.0,0.0,0.0,0.0,0.0,0.0,0.0,0.0,0.0,0.0,0.0,0.0,0.0,1436.5627890001633
701,7010140200000,4.0,10.0,4.646604938271605,4.0,7.0,648,0.0,0.0,0.0,0.0,0.0,0,0.0,0.0,0.0,0.0,0.0,0,1.0,1.0,1.0,1.0,1.0,552,0.9999999999999997,1.0000000000000002,1.0,1.0,1.0000000000000002,552,0.0,0.0,0.0,0.0,0.0,0.0,0.0,0.0,0.0,0.0,0.0,0.0,0.0,1383.4796699993603
702,7020140400000,4.0,10.0,4.648148148148148,4.0,7.0,648,0.0,0.0,0.0,0.0,0.0,0,0.0,0.0,0.0,0.0,0.0,0,1.0,1.0,1.0,1.0,1.0,552,0.9999999999999998,1.0000000000000002,1.0,1.0,1.0000000000000002,552,0.0,0.0,0.0,0.0,0.0,0.0,0.0,0.0,0.0,0.0,0.0,0.0,0.0,1403.3604340002057
703,7030140600000,4.0,9.0,4.646604938271605,4.0,7.0,648,0.0,0.0,0.0,0.0,0.0,0,0.0,0.0,0.0,0.0,0.0,0,1.0,1.0,1.0,1.0,1.0,552,0.9999999999999996,1.0000000000000002,1.0,1.0,1.0000000000000002,552,0.0,0.0,0.0,0.0,0.0,0.0,0.0,0.0,0.0,0.0,0.0,0.0,0.0,1365.3895659999762
704,7040140800000,4.0,9.0,4.6419753086419755,4.0,7.0,648,0.0,0.0,0.0,0.0,0.0,0,0.0,0.0,0.0,0.0,0.0,0,1.0,1.0,1.0,1.0,1.0,552,0.9999999999999998,1.0000000000000002,1.0,1.0,1.0000000000000002,552,0.0,0.0,0.0,0.0,0.0,0.0,0.0,0.0,0.0,0.0,0.0,0.0,0.0,1379.4273769999563
705,7050141000000,4.0,9.0,4.643518518518518,4.0,7.0,648,0.0,0.0,0.0,0.0,0.0,0,0.0,0.0,0.0,0.0,0.0,0,1.0,1.0,1.0,1.0,1.0,552,0.9999999999999996,1.0000000000000002,1.0,1.0,1.0000000000000002,552,0.0,0.0,0.0,0.0,0.0,0.0,0.0,0.0,0.0,0.0,0.0,0.0,0.0,1379.9057399992307
706,7060141200000,4.0,9.0,4.652777777777778,4.0,7.0,648,0.0,0.0,0.0,0.0,0.0,0,0.0,0.0,0.0,0.0,0.0,0,1.0,1.0,1.0,1.0,1.0,552,0.9999999999999998,1.0000000000000002,1.0,1.0,1.0000000000000002,552,0.0,0.0,0.0,0.0,0.0,0.0,0.0,0.0,0.0,0.0,0.0,0.0,0.0,1441.0271470005682
707,7070141400000,4.0,9.0,4.658950617283951,4.0,7.0,648,0.0,0.0,0.0,0.0,0.0,0,0.0,0.0,0.0,0.0,0.0,0,1.0,1.0,1.0,1.0,1.0,552,0.9999999999999997,1.0000000000000004,1.0,1.0,1.0000000000000002,552,0.0,0.0,0.0,0.0,0.0,0.0,0.0,0.0,0.0,0.0,0.0,0.0,0.0,1445.370673999605
708,7080141600000,4.0,9.0,4.6496913580246915,4.0,7.0,648,0.0,0.0,0.0,0.0,0.0,0,0.0,0.0,0.0,0.0,0.0,0,1.0,1.0,1.0,1.0,1.0,552,0.9999999999999998,1.0000000000000002,1.0,1.0,1.0000000000000002,552,0.0,0.0,0.0,0.0,0.0,0.0,0.0,0.0,0.0,0.0,0.0,0.0,0.0,1476.3196920002883
709,7090141800000,4.0,9.0,4.651234567901234,4.0,7.0,648,0.0,0.0,0.0,0.0,0.0,0,0.0,0.0,0.0,0.0,0.0,0,1.0,1.0,1.0,1.0,1.0,552,0.9999999999999998,1.0000000000000004,1.0,1.0,1.0000000000000002,552,0.0,0.0,0.0,0.0,0.0,0.0,0.0,0.0,0.0,0.0,0.0,0.0,0.0,1443.9702449999459
710,7100142000000,4.0,9.0,4.646604938271605,4.0,7.0,648,0.0,0.0,0.0,0.0,0.0,0,0.0,0.0,0.0,0.0,0.0,0,1.0,1.0,1.0,1.0,1.0,552,0.9999999999999997,1.0000000000000004,1.0,1.0,1.0000000000000002,552,0.0,0.0,0.0,0.0,0.0,0.0,0.0,0.0,0.0,0.0,0.0,0.0,0.0,1414.180956000564
711,7110142200000,4.0,9.0,4.645061728395062,4.0,7.0,648,0.0,0.0,0.0,0.0,0.0,0,0.0,0.0,0.0,0.0,0.0,0,1.0,1.0,1.0,1.0,1.0,552,0.9999999999999998,1.0000000000000002,1.0,1.0,1.0000000000000002,552,0.0,0.0,0.0,0.0,0.0,0.0,0.0,0.0,0.0,0.0,0.0,0.0,0.0,1410.0134749996869
712,7120142400000,4.0,9.0,4.652777777777778,4.0,7.0,648,0.0,0.0,0.0,0.0,0.0,0,0.0,0.0,0.0,0.0,0.0,0,1.0,1.0,1.0,1.0,1.0,552,0.9999999999999998,1.0000000000000002,1.0,1.0,1.0000000000000002,552,0.0,0.0,0.0,0.0,0.0,0.0,0.0,0.0,0.0,0.0,0.0,0.0,0.0,1423.7392459999683
713,7130142600000,4.0,9.0,4.657407407407407,4.0,7.0,648,0.0,0.0,0.0,0.0,0.0,0,0.0,0.0,0.0,0.0,0.0,0,1.0,1.0,1.0,1.0,1.0,552,0.9999999999999996,1.0000000000000002,1.0,1.0,1.0000000000000002,552,0.0,0.0,0.0,0.0,0.0,0.0,0.0,0.0,0.0,0.0,0.0,0.0,0.0,1451.3095659995088
714,7140142800000,4.0,9.0,4.655864197530864,4.0,7.0,648,0.0,0.0,0.0,0.0,0.0,0,0.0,0.0,0.0,0.0,0.0,0,1.0,1.0,1.0,1.0,1.0,552,0.9999999999999997,1.0000000000000002,1.0,1.0,1.0000000000000002,552,0.0,0.0,0.0,0.0,0.0,0.0,0.0,0.0,0.0,0.0,0.0,0.0,0.0,1470.4717829999936
715,7150143000000,4.0,9.0,4.651234567901234,4.0,7.0,648,0.0,0.0,0.0,0.0,0.0,0,0.0,0.0,0.0,0.0,0.0,0,1.0,1.0,1.0,1.0,1.0,552,0.9999999999999996,1.0000000000000002,1.0,1.0,1.0000000000000002,552,0.0,0.0,0.0,0.0,0.0,0.0,0.0,0.0,0.0,0.0,0.0,0.0,0.0,1421.9263689992658
716,7160143200000,4.0,9.0,4.652777777777778,4.0,7.0,648,0.0,0.0,0.0,0.0,0.0,0,0.0,0.0,0.0,0.0,0.0,0,1.0,1.0,1.0,1.0,1.0,552,0.9999999999999997,1.0000000000000002,1.0,1.0,1.0000000000000002,552,0.0,0.0,0.0,0.0,0.0,0.0,0.0,0.0,0.0,0.0,0.0,0.0,0.0,1445.130445000359
717,7170143400000,4.0,10.0,4.6496913580246915,4.0,7.0,648,0.0,0.0,0.0,0.0,0.0,0,0.0,0.0,0.0,0.0,0.0,0,1.0,1.0,1.0,1.0,1.0,552,0.9999999999999996,1.0000000000000004,1.0,1.0,1.0000000000000002,552,0.0,0.0,0.0,0.0,0.0,0.0,0.0,0.0,0.0,0.0,0.0,0.0,0.0,1452.948808999281
718,7180143600000,4.0,10.0,4.645061728395062,4.0,7.0,648,0.0,0.0,0.0,0.0,0.0,0,0.0,0.0,0.0,0.0,0.0,0,1.0,1.0,1.0,1.0,1.0,552,0.9999999999999998,1.0000000000000002,1.0,1.0,1.0000000000000002,552,0.0,0.0,0.0,0.0,0.0,0.0,0.0,0.0,0.0,0.0,0.0,0.0,0.0,1548.1978029993115
719,7190143800000,4.0,10.0,4.643518518518518,4.0,7.0,648,0.0,0.0,0.0,0.0,0.0,0,0.0,0.0,0.0,0.0,0.0,0,1.0,1.0,1.0,1.0,1.0,552,0.9999999999999997,1.0000000000000002,1.0,1.0,1.0000000000000002,552,0.0,0.0,0.0,0.0,0.0,0.0,0.0,0.0,0.0,0.0,0.0,0.0,0.0,1415.2245699997366
720,7200144000000,4.0,9.0,4.6342592592592595,4.0,7.0,648,0.0,0.0,0.0,0.0,0.0,0,0.0,0.0,0.0,0.0,0.0,0,1.0,1.0,1.0,1.0,1.0,552,0.9999999999999998,1.0000000000000004,1.0,1.0,1.0000000000000002,552,0.0,0.0,0.0,0.0,0.0,0.0,0.0,0.0,0.0,0.0,0.0,0.0,0.0,1420.9625990006316
721,7210144200000,4.0,9.0,4.635802469135802,4.0,7.0,648,0.0,0.0,0.0,0.0,0.0,0,0.0,0.0,0.0,0.0,0.0,0,1.0,1.0,1.0,1.0,1.0,552,0.9999999999999998,1.0000000000000002,1.0,1.0,1.0000000000000002,552,0.0,0.0,0.0,0.0,0.0,0.0,0.0,0.0,0.0,0.0,0.0,0.0,0.0,1392.2455100000661
722,7220144400000,4.0,9.0,4.640432098765432,4.0,7.0,648,0.0,0.0,0.0,0.0,0.0,0,0.0,0.0,0.0,0.0,0.0,0,1.0,1.0,1.0,1.0,1.0,552,0.9999999999999996,1.0000000000000002,1.0,1.0,1.0,552,0.0,0.0,0.0,0.0,0.0,0.0,0.0,0.0,0.0,0.0,0.0,0.0,0.0,1384.99906800007
723,7230144600000,4.0,9.0,4.640432098765432,4.0,7.0,648,0.0,0.0,0.0,0.0,0.0,0,0.0,0.0,0.0,0.0,0.0,0,1.0,1.0,1.0,1.0,1.0,552,0.9999999999999998,1.0000000000000002,1.0,1.0,1.0000000000000002,552,0.0,0.0,0.0,0.0,0.0,0.0,0.0,0.0,0.0,0.0,0.0,0.0,0.0,1387.5094079994597
724,7240144800000,4.0,9.0,4.645061728395062,4.0,7.0,648,0.0,0.0,0.0,0.0,0.0,0,0.0,0.0,0.0,0.0,0.0,0,1.0,1.0,1.0,1.0,1.0,552,0.9999999999999997,1.0000000000000004,1.0,1.0,1.0000000000000002,552,0.0,0.0,0.0,0.0,0.0,0.0,0.0,0.0,0.0,0.0,0.0,0.0,0.0,1426.450380999995
725,7250145000000,4.0,9.0,4.6496913580246915,4.0,7.0,648,0.0,0.0,0.0,0.0,0.0,0,0.0,0.0,0.0,0.0,0.0,0,1.0,1.0,1.0,1.0,1.0,552,0.9999999999999997,1.0000000000000004,1.0,1.0,1.0000000000000002,552,0.0,0.0,0.0,0.0,0.0,0.0,0.0,0.0,0.0,0.0,0.0,0.0,0.0,1421.8559440005265
726,7260145200000,4.0,9.0,4.651234567901234,4.0,7.0,648,0.0,0.0,0.0,0.0,0.0,0,0.0,0.0,0.0,0.0,0.0,0,1.0,1.0,1.0,1.0,1.0,552,0.9999999999999998,1.0000000000000004,1.0,1.0,1.0000000000000002,552,0.0,0.0,0.0,0.0,0.0,0.0,0.0,0.0,0.0,0.0,0.0,0.0,0.0,1396.2823029996798
727,7270145400000,4.0,9.0,4.652777777777778,4.0,7.0,648,0.0,0.0,0.0,0.0,0.0,0,0.0,0.0,0.0,0.0,0.0,0,1.0,1.0,1.0,1.0,1.0,552,0.9999999999999998,1.0000000000000002,1.0,1.0,1.0000000000000002,552,0.0,0.0,0.0,0.0,0.0,0.0,0.0,0.0,0.0,0.0,0.0,0.0,0.0,1397.3364110006514
728,7280145600000,4.0,9.0,4.651234567901234,4.0,7.0,648,0.0,0.0,0.0,0.0,0.0,0,0.0,0.0,0.0,0.0,0.0,0,1.0,1.0,1.0,1.0,1.0,552,0.9999999999999998,1.0000000000000004,1.0,1.0,1.0000000000000002,552,0.0,0.0,0.0,0.0,0.0,0.0,0.0,0.0,0.0,0.0,0.0,0.0,0.0,1421.6637239996999
729,7290145800000,4.0,9.0,4.646604938271605,4.0,7.0,648,0.0,0.0,0.0,0.0,0.0,0,0.0,0.0,0.0,0.0,0.0,0,1.0,1.0,1.0,1.0,1.0,552,0.9999999999999997,1.0000000000000002,1.0,1.0,1.0000000000000002,552,0.0,0.0,0.0,0.0,0.0,0.0,0.0,0.0,0.0,0.0,0.0,0.0,0.0,1430.9358509999583
730,7300146000000,4.0,9.0,4.643518518518518,4.0,7.0,648,0.0,0.0,0.0,0.0,0.0,0,0.0,0.0,0.0,0.0,0.0,0,1.0,1.0,1.0,1.0,1.0,552,0.9999999999999998,1.0000000000000002,1.0,1.0,1.0000000000000002,552,0.0,0.0,0.0,0.0,0.0,0.0,0.0,0.0,0.0,0.0,0.0,0.0,0.0,1379.9042999999074
731,7310146200000,4.0,9.0,4.654320987654321,4.0,7.0,648,0.0,0.0,0.0,0.0,0.0,0,0.0,0.0,0.0,0.0,0.0,0,1.0,1.0,1.0,1.0,1.0,552,0.9999999999999997,1.0000000000000002,1.0,1.0,1.0000000000000002,552,0.0,0.0,0.0,0.0,0.0,0.0,0.0,0.0,0.0,0.0,0.0,0.0,0.0,1375.4141989993514
732,7320146400000,4.0,9.0,4.652777777777778,4.0,7.0,648,0.0,0.0,0.0,0.0,0.0,0,0.0,0.0,0.0,0.0,0.0,0,1.0,1.0,1.0,1.0,1.0,552,0.9999999999999997,1.0000000000000002,1.0,1.0,1.0000000000000002,552,0.0,0.0,0.0,0.0,0.0,0.0,0.0,0.0,0.0,0.0,0.0,0.0,0.0,1402.854851000484
733,7330146600000,4.0,9.0,4.651234567901234,4.0,7.0,648,0.0,0.0,0.0,0.0,0.0,0,0.0,0.0,0.0,0.0,0.0,0,1.0,1.0,1.0,1.0,1.0,552,0.9999999999999998,1.0000000000000002,1.0,1.0,1.0000000000000002,552,0.0,0.0,0.0,0.0,0.0,0.0,0.0,0.0,0.0,0.0,0.0,0.0,0.0,1400.8751519995712
734,7340146800000,4.0,9.0,4.652777777777778,4.0,7.0,648,0.0,0.0,0.0,0.0,0.0,0,0.0,0.0,0.0,0.0,0.0,0,1.0,1.0,1.0,1.0,1.0,552,0.9999999999999997,1.0000000000000002,1.0,1.0,1.0000000000000002,552,0.0,0.0,0.0,0.0,0.0,0.0,0.0,0.0,0.0,0.0,0.0,0.0,0.0,1410.137560000294
735,7350147000000,4.0,9.0,4.654320987654321,4.0,7.0,648,0.0,0.0,0.0,0.0,0.0,0,0.0,0.0,0.0,0.0,0.0,0,1.0,1.0,1.0,1.0,1.0,552,0.9999999999999997,1.0000000000000004,1.0,1.0,1.0000000000000002,552,0.0,0.0,0.0,0.0,0.0,0.0,0.0,0.0,0.0,0.0,0.0,0.0,0.0,1376.3364839996939
736,7360147200000,4.0,10.0,4.648148148148148,4.0,7.0,648,0.0,0.0,0.0,0.0,0.0,0,0.0,0.0,0.0,0.0,0.0,0,1.0,1.0,1.0,1.0,1.0,552,0.9999999999999998,1.0000000000000002,1.0,1.0,1.0,552,0.0,0.0,0.0,0.0,0.0,0.0,0.0,0.0,0.0,0.0,0.0,0.0,0.0,1370.7997309993516
737,7370147400000,4.0,9.0,4.62962962962963,4.0,7.0,648,0.0,0.0,0.0,0.0,0.0,0,0.0,0.0,0.0,0.0,0.0,0,1.0,1.0,1.0,1.0,1.0,552,0.9999999999999997,1.0000000000000002,1.0,1.0,1.0000000000000002,552,0.0,0.0,0.0,0.0,0.0,0.0,0.0,0.0,0.0,0.0,0.0,0.0,0.0,1447.2534650003581
738,7380147600000,4.0,9.0,4.631172839506172,4.0,7.0,648,0.0,0.0,0.0,0.0,0.0,0,0.0,0.0,0.0,0.0,0.0,0,1.0,1.0,1.0,1.0,1.0,552,0.9999999999999998,1.0000000000000002,1.0,1.0,1.0000000000000002,552,0.0,0.0,0.0,0.0,0.0,0.0,0.0,0.0,0.0,0.0,0.0,0.0,0.0,1375.0009710001905
739,7390147800000,4.0,9.0,4.638888888888889,4.0,7.0,648,0.0,0.0,0.0,0.0,0.0,0,0.0,0.0,0.0,0.0,0.0,0,1.0,1.0,1.0,1.0,1.0,552,0.9999999999999997,1.0000000000000002,1.0,1.0,1.0000000000000002,552,0.0,0.0,0.0,0.0,0.0,0.0,0.0,0.0,0.0,0.0,0.0,0.0,0.0,1395.4887179997968
740,7400148000000,4.0,9.0,4.643518518518518,4.0,7.0,648,0.0,0.0,0.0,0.0,0.0,0,0.0,0.0,0.0,0.0,0.0,0,1.0,1.0,1.0,1.0,1.0,552,0.9999999999999997,1.0000000000000002,1.0,1.0,1.0000000000000002,552,0.0,0.0,0.0,0.0,0.0,0.0,0.0,0.0,0.0,0.0,0.0,0.0,0.0,1467.4539280003955
741,7410148200000,4.0,9.0,4.635802469135802,4.0,7.0,648,0.0,0.0,0.0,0.0,0.0,0,0.0,0.0,0.0,0.0,0.0,0,1.0,1.0,1.0,1.0,1.0,552,0.9999999999999997,1.0000000000000002,1.0,1.0,1.0000000000000002,552,0.0,0.0,0.0,0.0,0.0,0.0,0.0,0.0,0.0,0.0,0.0,0.0,0.0,1373.2236280002326
742,7420148400000,4.0,9.0,4.646604938271605,4.0,7.0,648,0.0,0.0,0.0,0.0,0.0,0,0.0,0.0,0.0,0.0,0.0,0,1.0,1.0,1.0,1.0,1.0,552,0.9999999999999997,1.0000000000000002,1.0,1.0,1.0000000000000002,552,0.0,0.0,0.0,0.0,0.0,0.0,0.0,0.0,0.0,0.0,0.0,0.0,0.0,1414.3221269996502
743,7430148600000,4.0,9.0,4.643518518518518,4.0,7.0,648,0.0,0.0,0.0,0.0,0.0,0,0.0,0.0,0.0,0.0,0.0,0,1.0,1.0,1.0,1.0,1.0,552,0.9999999999999998,1.0000000000000004,1.0,1.0,1.0000000000000002,552,0.0,0.0,0.0,0.0,0.0,0.0,0.0,0.0,0.0,0.0,0.0,0.0,0.0,1441.251661000024
744,7440148800000,4.0,9.0,4.648148148148148,4.0,7.0,648,0.0,0.0,0.0,0.0,0.0,0,0.0,0.0,0.0,0.0,0.0,0,1.0,1.0,1.0,1.0,1.0,552,0.9999999999999998,1.0000000000000002,1.0,1.0,1.0000000000000002,552,0.0,0.0,0.0,0.0,0.0,0.0,0.0,0.0,0.0,0.0,0.0,0.0,0.0,1422.651195999606
745,7450149000000,4.0,9.0,4.651234567901234,4.0,7.0,648,0.0,0.0,0.0,0.0,0.0,0,0.0,0.0,0.0,0.0,0.0,0,1.0,1.0,1.0,1.0,1.0,552,0.9999999999999997,1.0000000000000002,1.0,1.0,1.0,552,0.0,0.0,0.0,0.0,0.0,0.0,0.0,0.0,0.0,0.0,0.0,0.0,0.0,1419.4339710002168
746,7460149200000,4.0,9.0,4.648148148148148,4.0,7.0,648,0.0,0.0,0.0,0.0,0.0,0,0.0,0.0,0.0,0.0,0.0,0,1.0,1.0,1.0,1.0,1.0,552,0.9999999999999998,1.0000000000000002,1.0,1.0,1.0000000000000002,552,0.0,0.0,0.0,0.0,0.0,0.0,0.0,0.0,0.0,0.0,0.0,0.0,0.0,1421.4246930005174
747,7470149400000,4.0,9.0,4.643518518518518,4.0,6.649999999999977,648,0.0,0.0,0.0,0.0,0.0,0,0.0,0.0,0.0,0.0,0.0,0,1.0,1.0,1.0,1.0,1.0,552,0.9999999999999997,1.0000000000000002,1.0,1.0,1.0000000000000002,552,0.0,0.0,0.0,0.0,0.0,0.0,0.0,0.0,0.0,0.0,0.0,0.0,0.0,1344.0674319999744
748,7480149600000,4.0,9.0,4.646604938271605,4.0,7.0,648,0.0,0.0,0.0,0.0,0.0,0,0.0,0.0,0.0,0.0,0.0,0,1.0,1.0,1.0,1.0,1.0,552,0.9999999999999996,1.0000000000000002,1.0,1.0,1.0000000000000002,552,0.0,0.0,0.0,0.0,0.0,0.0,0.0,0.0,0.0,0.0,0.0,0.0,0.0,1426.7354690000502
749,7490149800000,4.0,9.0,4.652777777777778,4.0,7.0,648,0.0,0.0,0.0,0.0,0.0,0,0.0,0.0,0.0,0.0,0.0,0,1.0,1.0,1.0,1.0,1.0,552,0.9999999999999998,1.0000000000000002,1.0,1.0,1.0000000000000002,552,0.0,0.0,0.0,0.0,0.0,0.0,0.0,0.0,0.0,0.0,0.0,0.0,0.0,1418.9548349995675
750,7500150000000,4.0,9.0,4.654320987654321,4.0,7.0,648,0.0,0.0,0.0,0.0,0.0,0,0.0,0.0,0.0,0.0,0.0,0,1.0,1.0,1.0,1.0,1.0,552,0.9999999999999998,1.0000000000000004,1.0,1.0,1.0000000000000002,552,0.0,0.0,0.0,0.0,0.0,0.0,0.0,0.0,0.0,0.0,0.0,0.0,0.0,1424.878228000125
751,7510150200000,4.0,9.0,4.652777777777778,4.0,7.0,648,0.0,0.0,0.0,0.0,0.0,0,0.0,0.0,0.0,0.0,0.0,0,1.0,1.0,1.0,1.0,1.0,552,0.9999999999999998,1.0000000000000004,1.0,1.0,1.0000000000000002,552,0.0,0.0,0.0,0.0,0.0,0.0,0.0,0.0,0.0,0.0,0.0,0.0,0.0,1421.121917000164
752,7520150400000,4.0,9.0,4.655864197530864,4.0,7.0,648,0.0,0.0,0.0,0.0,0.0,0,0.0,0.0,0.0,0.0,0.0,0,1.0,1.0,1.0,1.0,1.0,552,0.9999999999999998,1.0000000000000002,1.0,1.0,1.0000000000000002,552,0.0,0.0,0.0,0.0,0.0,0.0,0.0,0.0,0.0,0.0,0.0,0.0,0.0,1358.2465629997387
753,7530150600000,4.0,9.0,4.657407407407407,4.0,7.0,648,0.0,0.0,0.0,0.0,0.0,0,0.0,0.0,0.0,0.0,0.0,0,1.0,1.0,1.0,1.0,1.0,552,0.9999999999999997,1.0000000000000004,1.0,1.0,1.0000000000000002,552,0.0,0.0,0.0,0.0,0.0,0.0,0.0,0.0,0.0,0.0,0.0,0.0,0.0,1341.054823000377
754,7540150800000,4.0,9.0,4.651234567901234,4.0,7.0,648,0.0,0.0,0.0,0.0,0.0,0,0.0,0.0,0.0,0.0,0.0,0,1.0,1.0,1.0,1.0,1.0,552,0.9999999999999997,1.0000000000000002,1.0,1.0,1.0,552,0.0,0.0,0.0,0.0,0.0,0.0,0.0,0.0,0.0,0.0,0.0,0.0,0.0,1349.2487120001897
755,7550151000000,4.0,9.0,4.648148148148148,4.0,7.0,648,0.0,0.0,0.0,0.0,0.0,0,0.0,0.0,0.0,0.0,0.0,0,1.0,1.0,1.0,1.0,1.0,552,0.9999999999999998,1.0000000000000002,1.0,1.0,1.0000000000000002,552,0.0,0.0,0.0,0.0,0.0,0.0,0.0,0.0,0.0,0.0,0.0,0.0,0.0,1368.74383400027
756,7560151200000,4.0,9.0,4.638888888888889,4.0,7.0,648,0.0,0.0,0.0,0.0,0.0,0,0.0,0.0,0.0,0.0,0.0,0,1.0,1.0,1.0,1.0,1.0,552,0.9999999999999998,1.0000000000000002,1.0,1.0,1.0000000000000002,552,0.0,0.0,0.0,0.0,0.0,0.0,0.0,0.0,0.0,0.0,0.0,0.0,0.0,1395.4807939999228
757,7570151400000,4.0,9.0,4.635802469135802,4.0,7.0,648,0.0,0.0,0.0,0.0,0.0,0,0.0,0.0,0.0,0.0,0.0,0,1.0,1.0,1.0,1.0,1.0,552,0.9999999999999998,1.0000000000000004,1.0,1.0,1.0000000000000002,552,0.0,0.0,0.0,0.0,0.0,0.0,0.0,0.0,0.0,0.0,0.0,0.0,0.0,1383.9983910002047
758,7580151600000,4.0,9.0,4.6419753086419755,4.0,7.0,648,0.0,0.0,0.0,0.0,0.0,0,0.0,0.0,0.0,0.0,0.0,0,1.0,1.0,1.0,1.0,1.0,552,0.9999999999999998,1.0000000000000004,1.0,1.0,1.0000000000000002,552,0.0,0.0,0.0,0.0,0.0,0.0,0.0,0.0,0.0,0.0,0.0,0.0,0.0,1351.8853120003769
759,7590151800000,4.0,9.0,4.638888888888889,4.0,7.0,648,0.0,0.0,0.0,0.0,0.0,0,0.0,0.0,0.0,0.0,0.0,0,1.0,1.0,1.0,1.0,1.0,552,0.9999999999999996,1.0000000000000002,1.0,1.0,1.0000000000000002,552,0.0,0.0,0.0,0.0,0.0,0.0,0.0,0.0,0.0,0.0,0.0,0.0,0.0,1374.8945249999451
760,7600152000000,4.0,9.0,4.635802469135802,4.0,7.0,648,0.0,0.0,0.0,0.0,0.0,0,0.0,0.0,0.0,0.0,0.0,0,1.0,1.0,1.0,1.0,1.0,552,0.9999999999999997,1.0000000000000002,1.0,1.0,1.0000000000000002,552,0.0,0.0,0.0,0.0,0.0,0.0,0.0,0.0,0.0,0.0,0.0,0.0,0.0,1400.1581720003742
761,7610152200000,4.0,9.0,4.637345679012346,4.0,7.0,648,0.0,0.0,0.0,0.0,0.0,0,0.0,0.0,0.0,0.0,0.0,0,1.0,1.0,1.0,1.0,1.0,552,0.9999999999999997,1.0000000000000002,1.0,1.0,1.0000000000000002,552,0.0,0.0,0.0,0.0,0.0,0.0,0.0,0.0,0.0,0.0,0.0,0.0,0.0,1392.6103499998135
762,7620152400000,4.0,9.0,4.635802469135802,4.0,7.0,648,0.0,0.0,0.0,0.0,0.0,0,0.0,0.0,0.0,0.0,0.0,0,1.0,1.0,1.0,1.0,1.0,552,0.9999999999999997,1.0000000000000004,1.0,1.0,1.0,552,0.0,0.0,0.0,0.0,0.0,0.0,0.0,0.0,0.0,0.0,0.0,0.0,0.0,1373.0026780003755
763,7630152600000,4.0,9.0,4.645061728395062,4.0,7.0,648,0.0,0.0,0.0,0.0,0.0,0,0.0,0.0,0.0,0.0,0.0,0,1.0,1.0,1.0,1.0,1.0,552,0.9999999999999996,1.0000000000000002,1.0,1.0,1.0,552,0.0,0.0,0.0,0.0,0.0,0.0,0.0,0.0,0.0,0.0,0.0,0.0,0.0,1394.9159350004265
764,7640152800000,4.0,9.0,4.645061728395062,4.0,7.0,648,0.0,0.0,0.0,0.0,0.0,0,0.0,0.0,0.0,0.0,0.0,0,1.0,1.0,1.0,1.0,1.0,552,0.9999999999999996,1.0000000000000004,1.0,1.0,1.0000000000000002,552,0.0,0.0,0.0,0.0,0.0,0.0,0.0,0.0,0.0,0.0,0.0,0.0,0.0,1365.8669729993562
765,7650153000000,4.0,9.0,4.638888888888889,4.0,7.0,648,0.0,0.0,0.0,0.0,0.0,0,0.0,0.0,0.0,0.0,0.0,0,1.0,1.0,1.0,1.0,1.0,552,0.9999999999999998,1.0000000000000002,1.0,1.0,1.0000000000000002,552,0.0,0.0,0.0,0.0,0.0,0.0,0.0,0.0,0.0,0.0,0.0,0.0,0.0,1311.0745759995552
766,7660153200000,4.0,9.0,4.635802469135802,4.0,7.0,648,0.0,0.0,0.0,0.0,0.0,0,0.0,0.0,0.0,0.0,0.0,0,1.0,1.0,1.0,1.0,1.0,552,0.9999999999999996,1.0000000000000002,1.0,1.0,1.0000000000000002,552,0.0,0.0,0.0,0.0,0.0,0.0,0.0,0.0,0.0,0.0,0.0,0.0,0.0,1334.7802769994814
767,7670153400000,4.0,9.0,4.643518518518518,4.0,7.0,648,0.0,0.0,0.0,0.0,0.0,0,0.0,0.0,0.0,0.0,0.0,0,1.0,1.0,1.0,1.0,1.0,552,0.9999999999999997,1.0000000000000002,1.0,1.0,1.0000000000000002,552,0.0,0.0,0.0,0.0,0.0,0.0,0.0,0.0,0.0,0.0,0.0,0.0,0.0,1359.8179070004335
768,7680153600000,4.0,9.0,4.6496913580246915,4.0,7.0,648,0.0,0.0,0.0,0.0,0.0,0,0.0,0.0,0.0,0.0,0.0,0,1.0,1.0,1.0,1.0,1.0,552,0.9999999999999996,1.0000000000000004,1.0,1.0,1.0000000000000002,552,0.0,0.0,0.0,0.0,0.0,0.0,0.0,0.0,0.0,0.0,0.0,0.0,0.0,1388.4922090001055
769,7690153800000,4.0,9.0,4.655864197530864,4.0,7.0,648,0.0,0.0,0.0,0.0,0.0,0,0.0,0.0,0.0,0.0,0.0,0,1.0,1.0,1.0,1.0,1.0,552,0.9999999999999998,1.0000000000000004,1.0,1.0,1.0,552,0.0,0.0,0.0,0.0,0.0,0.0,0.0,0.0,0.0,0.0,0.0,0.0,0.0,1346.0788459997275
770,7700154000000,4.0,9.0,4.648148148148148,4.0,7.0,648,0.0,0.0,0.0,0.0,0.0,0,0.0,0.0,0.0,0.0,0.0,0,1.0,1.0,1.0,1.0,1.0,552,0.9999999999999998,1.0000000000000002,1.0,1.0,1.0000000000000002,552,0.0,0.0,0.0,0.0,0.0,0.0,0.0,0.0,0.0,0.0,0.0,0.0,0.0,1388.2870770003137
771,7710154200000,4.0,9.0,4.643518518518518,4.0,7.0,648,0.0,0.0,0.0,0.0,0.0,0,0.0,0.0,0.0,0.0,0.0,0,1.0,1.0,1.0,1.0,1.0,552,0.9999999999999997,1.0000000000000002,1.0,1.0,1.0000000000000002,552,0.0,0.0,0.0,0.0,0.0,0.0,0.0,0.0,0.0,0.0,0.0,0.0,0.0,1329.198830999303
772,7720154400000,4.0,9.0,4.6496913580246915,4.0,7.0,648,0.0,0.0,0.0,0.0,0.0,0,0.0,0.0,0.0,0.0,0.0,0,1.0,1.0,1.0,1.0,1.0,552,0.9999999999999997,1.0000000000000002,1.0,1.0,1.0000000000000002,552,0.0,0.0,0.0,0.0,0.0,0.0,0.0,0.0,0.0,0.0,0.0,0.0,0.0,1424.6276510002644
773,7730154600000,4.0,9.0,4.6496913580246915,4.0,7.0,648,0.0,0.0,0.0,0.0,0.0,0,0.0,0.0,0.0,0.0,0.0,0,1.0,1.0,1.0,1.0,1.0,552,0.9999999999999997,1.0000000000000002,1.0,1.0,1.0000000000000002,552,0.0,0.0,0.0,0.0,0.0,0.0,0.0,0.0,0.0,0.0,0.0,0.0,0.0,1450.2076039998428
774,7740154800000,4.0,9.0,4.652777777777778,4.0,7.0,648,0.0,0.0,0.0,0.0,0.0,0,0.0,0.0,0.0,0.0,0.0,0,1.0,1.0,1.0,1.0,1.0,552,0.9999999999999996,1.0000000000000004,1.0,1.0,1.0000000000000002,552,0.0,0.0,0.0,0.0,0.0,0.0,0.0,0.0,0.0,0.0,0.0,0.0,0.0,1405.3076310001416
775,7750155000000,4.0,9.0,4.6419753086419755,4.0,7.0,648,0.0,0.0,0.0,0.0,0.0,0,0.0,0.0,0.0,0.0,0.0,0,1.0,1.0,1.0,1.0,1.0,552,0.9999999999999997,1.0000000000000004,1.0,1.0,1.0000000000000002,552,0.0,0.0,0.0,0.0,0.0,0.0,0.0,0.0,0.0,0.0,0.0,0.0,0.0,1422.3441049998655
776,7760155200000,4.0,9.0,4.640432098765432,4.0,7.0,648,0.0,0.0,0.0,0.0,0.0,0,0.0,0.0,0.0,0.0,0.0,0,1.0,1.0,1.0,1.0,1.0,552,0.9999999999999997,1.0000000000000002,1.0,1.0,1.0000000000000002,552,0.0,0.0,0.0,0.0,0.0,0.0,0.0,0.0,0.0,0.0,0.0,0.0,0.0,1422.7757460002977
777,7770155400000,4.0,9.0,4.643518518518518,4.0,7.0,648,0.0,0.0,0.0,0.0,0.0,0,0.0,0.0,0.0,0.0,0.0,0,1.0,1.0,1.0,1.0,1.0,552,0.9999999999999997,1.0000000000000002,1.0,1.0,1.0000000000000002,552,0.0,0.0,0.0,0.0,0.0,0.0,0.0,0.0,0.0,0.0,0.0,0.0,0.0,1367.731628999536
778,7780155600000,4.0,9.0,4.643518518518518,4.0,7.0,648,0.0,0.0,0.0,0.0,0.0,0,0.0,0.0,0.0,0.0,0.0,0,1.0,1.0,1.0,1.0,1.0,552,0.9999999999999998,1.0000000000000004,1.0,1.0,1.0000000000000002,552,0.0,0.0,0.0,0.0,0.0,0.0,0.0,0.0,0.0,0.0,0.0,0.0,0.0,1409.2725910004447
779,7790155800000,4.0,9.0,4.6419753086419755,4.0,7.0,648,0.0,0.0,0.0,0.0,0.0,0,0.0,0.0,0.0,0.0,0.0,0,1.0,1.0,1.0,1.0,1.0,552,0.9999999999999998,1.0000000000000002,1.0,1.0,1.0000000000000002,552,0.0,0.0,0.0,0.0,0.0,0.0,0.0,0.0,0.0,0.0,0.0,0.0,0.0,1510.5046770004265
780,7800156000000,4.0,9.0,4.635802469135802,4.0,7.0,648,0.0,0.0,0.0,0.0,0.0,0,0.0,0.0,0.0,0.0,0.0,0,1.0,1.0,1.0,1.0,1.0,552,0.9999999999999997,1.0000000000000004,1.0,1.0,1.0000000000000002,552,0.0,0.0,0.0,0.0,0.0,0.0,0.0,0.0,0.0,0.0,0.0,0.0,0.0,1461.7117199995846
781,7810156200000,4.0,9.0,4.632716049382716,4.0,7.0,648,0.0,0.0,0.0,0.0,0.0,0,0.0,0.0,0.0,0.0,0.0,0,1.0,1.0,1.0,1.0,1.0,552,0.9999999999999997,1.0000000000000002,1.0,1.0,1.0000000000000002,552,0.0,0.0,0.0,0.0,0.0,0.0,0.0,0.0,0.0,0.0,0.0,0.0,0.0,1363.4982970006604
782,7820156400000,4.0,9.0,4.640432098765432,4.0,7.0,648,0.0,0.0,0.0,0.0,0.0,0,0.0,0.0,0.0,0.0,0.0,0,1.0,1.0,1.0,1.0,1.0,552,0.9999999999999997,1.0000000000000002,1.0,1.0,1.0,552,0.0,0.0,0.0,0.0,0.0,0.0,0.0,0.0,0.0,0.0,0.0,0.0,0.0,1365.0525049997668
783,7830156600000,4.0,9.0,4.638888888888889,4.0,7.0,648,0.0,0.0,0.0,0.0,0.0,0,0.0,0.0,0.0,0.0,0.0,0,1.0,1.0,1.0,1.0,1.0,552,0.9999999999999996,1.0000000000000002,1.0,1.0,1.0000000000000002,552,0.0,0.0,0.0,0.0,0.0,0.0,0.0,0.0,0.0,0.0,0.0,0.0,0.0,1434.185336000155
784,7840156800000,4.0,9.0,4.632716049382716,4.0,7.0,648,0.0,0.0,0.0,0.0,0.0,0,0.0,0.0,0.0,0.0,0.0,0,1.0,1.0,1.0,1.0,1.0,552,0.9999999999999996,1.0000000000000002,1.0,1.0,1.0,552,0.0,0.0,0.0,0.0,0.0,0.0,0.0,0.0,0.0,0.0,0.0,0.0,0.0,1484.9491919994762
785,7850157000000,4.0,9.0,4.6342592592592595,4.0,7.0,648,0.0,0.0,0.0,0.0,0.0,0,0.0,0.0,0.0,0.0,0.0,0,1.0,1.0,1.0,1.0,1.0,552,0.9999999999999998,1.0000000000000004,1.0,1.0,1.0,552,0.0,0.0,0.0,0.0,0.0,0.0,0.0,0.0,0.0,0.0,0.0,0.0,0.0,1379.6912530006011
786,7860157200000,4.0,9.0,4.638888888888889,4.0,7.0,648,0.0,0.0,0.0,0.0,0.0,0,0.0,0.0,0.0,0.0,0.0,0,1.0,1.0,1.0,1.0,1.0,552,0.9999999999999997,1.0000000000000002,1.0,1.0,1.0000000000000002,552,0.0,0.0,0.0,0.0,0.0,0.0,0.0,0.0,0.0,0.0,0.0,0.0,0.0,1435.0739250003244
787,7870157400000,4.0,9.0,4.646604938271605,4.0,7.0,648,0.0,0.0,0.0,0.0,0.0,0,0.0,0.0,0.0,0.0,0.0,0,1.0,1.0,1.0,1.0,1.0,552,0.9999999999999997,1.0000000000000004,1.0,1.0,1.0000000000000002,552,0.0,0.0,0.0,0.0,0.0,0.0,0.0,0.0,0.0,0.0,0.0,0.0,0.0,1433.9221350001026
788,7880157600000,4.0,9.0,4.646604938271605,4.0,7.0,648,0.0,0.0,0.0,0.0,0.0,0,0.0,0.0,0.0,0.0,0.0,0,1.0,1.0,1.0,1.0,1.0,552,0.9999999999999997,1.0000000000000002,1.0,1.0,1.0000000000000002,552,0.0,0.0,0.0,0.0,0.0,0.0,0.0,0.0,0.0,0.0,0.0,0.0,0.0,1475.527382999644
789,7890157800000,4.0,9.0,4.643518518518518,4.0,7.0,648,0.0,0.0,0.0,0.0,0.0,0,0.0,0.0,0.0,0.0,0.0,0,1.0,1.0,1.0,1.0,1.0,552,0.9999999999999998,1.0000000000000002,1.0,1.0,1.0000000000000002,552,0.0,0.0,0.0,0.0,0.0,0.0,0.0,0.0,0.0,0.0,0.0,0.0,0.0,1459.4360470000538
790,7900158000000,4.0,9.0,4.643518518518518,4.0,7.0,648,0.0,0.0,0.0,0.0,0.0,0,0.0,0.0,0.0,0.0,0.0,0,1.0,1.0,1.0,1.0,1.0,552,0.9999999999999997,1.0000000000000002,1.0,1.0,1.0,552,0.0,0.0,0.0,0.0,0.0,0.0,0.0,0.0,0.0,0.0,0.0,0.0,0.0,1458.0450980001842
791,7910158200000,4.0,9.0,4.646604938271605,4.0,7.0,648,0.0,0.0,0.0,0.0,0.0,0,0.0,0.0,0.0,0.0,0.0,0,1.0,1.0,1.0,1.0,1.0,552,0.9999999999999998,1.0000000000000004,1.0,1.0,1.0,552,0.0,0.0,0.0,0.0,0.0,0.0,0.0,0.0,0.0,0.0,0.0,0.0,0.0,1422.2364520001065
792,7920158400000,4.0,9.0,4.6496913580246915,4.0,7.0,648,0.0,0.0,0.0,0.0,0.0,0,0.0,0.0,0.0,0.0,0.0,0,1.0,1.0,1.0,1.0,1.0,552,0.9999999999999997,1.0000000000000004,1.0,1.0,1.0000000000000002,552,0.0,0.0,0.0,0.0,0.0,0.0,0.0,0.0,0.0,0.0,0.0,0.0,0.0,1414.0008840004157
793,7930158600000,4.0,9.0,4.651234567901234,4.0,7.0,648,0.0,0.0,0.0,0.0,0.0,0,0.0,0.0,0.0,0.0,0.0,0,1.0,1.0,1.0,1.0,1.0,552,0.9999999999999997,1.0000000000000002,1.0,1.0,1.0000000000000002,552,0.0,0.0,0.0,0.0,0.0,0.0,0.0,0.0,0.0,0.0,0.0,0.0,0.0,1438.4538489994156
794,7940158800000,4.0,9.0,4.645061728395062,4.0,7.0,648,0.0,0.0,0.0,0.0,0.0,0,0.0,0.0,0.0,0.0,0.0,0,1.0,1.0,1.0,1.0,1.0,552,0.9999999999999997,1.0000000000000002,1.0,1.0,1.0000000000000002,552,0.0,0.0,0.0,0.0,0.0,0.0,0.0,0.0,0.0,0.0,0.0,0.0,0.0,1384.5725550008865
795,7950159000000,4.0,9.0,4.6496913580246915,4.0,7.0,648,0.0,0.0,0.0,0.0,0.0,0,0.0,0.0,0.0,0.0,0.0,0,1.0,1.0,1.0,1.0,1.0,552,0.9999999999999998,1.0000000000000004,1.0,1.0,1.0000000000000002,552,0.0,0.0,0.0,0.0,0.0,0.0,0.0,0.0,0.0,0.0,0.0,0.0,0.0,1406.8813359999695
796,7960159200000,4.0,9.0,4.6496913580246915,4.0,7.0,648,0.0,0.0,0.0,0.0,0.0,0,0.0,0.0,0.0,0.0,0.0,0,1.0,1.0,1.0,1.0,1.0,552,0.9999999999999998,1.0000000000000002,1.0,1.0,1.0000000000000002,552,0.0,0.0,0.0,0.0,0.0,0.0,0.0,0.0,0.0,0.0,0.0,0.0,0.0,1441.715206000481
797,7970159400000,4.0,9.0,4.6419753086419755,4.0,7.0,648,0.0,0.0,0.0,0.0,0.0,0,0.0,0.0,0.0,0.0,0.0,0,1.0,1.0,1.0,1.0,1.0,552,0.9999999999999997,1.0000000000000002,1.0,1.0,1.0000000000000002,552,0.0,0.0,0.0,0.0,0.0,0.0,0.0,0.0,0.0,0.0,0.0,0.0,0.0,1372.7996090001398
798,7980159600000,4.0,9.0,4.637345679012346,4.0,7.0,648,0.0,0.0,0.0,0.0,0.0,0,0.0,0.0,0.0,0.0,0.0,0,1.0,1.0,1.0,1.0,1.0,552,0.9999999999999996,1.0000000000000002,1.0,1.0,1.0000000000000002,552,0.0,0.0,0.0,0.0,0.0,0.0,0.0,0.0,0.0,0.0,0.0,0.0,0.0,1371.4368460005062
799,7990159800000,4.0,9.0,4.62962962962963,4.0,7.0,648,0.0,0.0,0.0,0.0,0.0,0,0.0,0.0,0.0,0.0,0.0,0,1.0,1.0,1.0,1.0,1.0,552,0.9999999999999997,1.0000000000000002,1.0,1.0,1.0000000000000002,552,0.0,0.0,0.0,0.0,0.0,0.0,0.0,0.0,0.0,0.0,0.0,0.0,0.0,1362.5203850006073
800,8000160000000,4.0,9.0,4.631172839506172,4.0,7.0,648,0.0,0.0,0.0,0.0,0.0,0,0.0,0.0,0.0,0.0,0.0,0,1.0,1.0,1.0,1.0,1.0,552,0.9999999999999997,1.0000000000000002,1.0,1.0,1.0,552,0.0,0.0,0.0,0.0,0.0,0.0,0.0,0.0,0.0,0.0,0.0,0.0,0.0,1351.0099879995323
801,8010160200000,4.0,9.0,4.632716049382716,4.0,7.0,648,0.0,0.0,0.0,0.0,0.0,0,0.0,0.0,0.0,0.0,0.0,0,1.0,1.0,1.0,1.0,1.0,552,0.9999999999999997,1.0000000000000002,1.0,1.0,1.0000000000000002,552,0.0,0.0,0.0,0.0,0.0,0.0,0.0,0.0,0.0,0.0,0.0,0.0,0.0,1324.1136750002624
802,8020160400000,4.0,9.0,4.625,4.0,7.0,648,0.0,0.0,0.0,0.0,0.0,0,0.0,0.0,0.0,0.0,0.0,0,1.0,1.0,1.0,1.0,1.0,552,0.9999999999999998,1.0000000000000002,1.0,1.0,1.0000000000000002,552,0.0,0.0,0.0,0.0,0.0,0.0,0.0,0.0,0.0,0.0,0.0,0.0,0.0,1319.1346329995213
803,8030160600000,4.0,9.0,4.62962962962963,4.0,7.0,648,0.0,0.0,0.0,0.0,0.0,0,0.0,0.0,0.0,0.0,0.0,0,1.0,1.0,1.0,1.0,1.0,552,0.9999999999999998,1.0000000000000002,1.0,1.0,1.0000000000000002,552,0.0,0.0,0.0,0.0,0.0,0.0,0.0,0.0,0.0,0.0,0.0,0.0,0.0,1337.0486760004496
804,8040160800000,4.0,9.0,4.635802469135802,4.0,7.0,648,0.0,0.0,0.0,0.0,0.0,0,0.0,0.0,0.0,0.0,0.0,0,1.0,1.0,1.0,1.0,1.0,552,0.9999999999999998,1.0000000000000002,1.0,1.0,1.0000000000000002,552,0.0,0.0,0.0,0.0,0.0,0.0,0.0,0.0,0.0,0.0,0.0,0.0,0.0,1372.496191999744
805,8050161000000,4.0,9.0,4.638888888888889,4.0,7.0,648,0.0,0.0,0.0,0.0,0.0,0,0.0,0.0,0.0,0.0,0.0,0,1.0,1.0,1.0,1.0,1.0,552,0.9999999999999998,1.0000000000000004,1.0,1.0,1.0000000000000002,552,0.0,0.0,0.0,0.0,0.0,0.0,0.0,0.0,0.0,0.0,0.0,0.0,0.0,1369.716531999984
806,8060161200000,4.0,9.0,4.640432098765432,4.0,7.0,648,0.0,0.0,0.0,0.0,0.0,0,0.0,0.0,0.0,0.0,0.0,0,1.0,1.0,1.0,1.0,1.0,552,0.9999999999999998,1.0000000000000004,1.0,1.0,1.0000000000000002,552,0.0,0.0,0.0,0.0,0.0,0.0,0.0,0.0,0.0,0.0,0.0,0.0,0.0,1368.8289370002167
807,8070161400000,4.0,9.0,4.635802469135802,4.0,7.0,648,0.0,0.0,0.0,0.0,0.0,0,0.0,0.0,0.0,0.0,0.0,0,1.0,1.0,1.0,1.0,1.0,552,0.9999999999999997,1.0000000000000002,1.0,1.0,1.0,552,0.0,0.0,0.0,0.0,0.0,0.0,0.0,0.0,0.0,0.0,0.0,0.0,0.0,1329.710060999787
808,8080161600000,4.0,9.0,4.631172839506172,4.0,7.0,648,0.0,0.0,0.0,0.0,0.0,0,0.0,0.0,0.0,0.0,0.0,0,1.0,1.0,1.0,1.0,1.0,552,0.9999999999999997,1.0000000000000004,1.0,1.0,1.0,552,0.0,0.0,0.0,0.0,0.0,0.0,0.0,0.0,0.0,0.0,0.0,0.0,0.0,1358.2410580002033
809,8090161800000,4.0,9.0,4.635802469135802,4.0,7.0,648,0.0,0.0,0.0,0.0,0.0,0,0.0,0.0,0.0,0.0,0.0,0,1.0,1.0,1.0,1.0,1.0,552,0.9999999999999997,1.0000000000000002,1.0,1.0,1.0,552,0.0,0.0,0.0,0.0,0.0,0.0,0.0,0.0,0.0,0.0,0.0,0.0,0.0,1351.8460959994627
810,8100162000000,4.0,10.0,4.648148148148148,4.0,7.0,648,0.0,0.0,0.0,0.0,0.0,0,0.0,0.0,0.0,0.0,0.0,0,1.0,1.0,1.0,1.0,1.0,552,0.9999999999999998,1.0000000000000002,1.0,1.0,1.0000000000000002,552,0.0,0.0,0.0,0.0,0.0,0.0,0.0,0.0,0.0,0.0,0.0,0.0,0.0,1359.7576470001513
811,8110162200000,4.0,10.0,4.652777777777778,4.0,7.0,648,0.0,0.0,0.0,0.0,0.0,0,0.0,0.0,0.0,0.0,0.0,0,1.0,1.0,1.0,1.0,1.0,552,0.9999999999999997,1.0000000000000002,1.0,1.0,1.0000000000000002,552,0.0,0.0,0.0,0.0,0.0,0.0,0.0,0.0,0.0,0.0,0.0,0.0,0.0,1367.549362000318
812,8120162400000,4.0,10.0,4.652777777777778,4.0,7.0,648,0.0,0.0,0.0,0.0,0.0,0,0.0,0.0,0.0,0.0,0.0,0,1.0,1.0,1.0,1.0,1.0,552,0.9999999999999997,1.0000000000000002,1.0,1.0,1.0,552,0.0,0.0,0.0,0.0,0.0,0.0,0.0,0.0,0.0,0.0,0.0,0.0,0.0,1394.3156220002493
813,8130162600000,4.0,10.0,4.646604938271605,4.0,7.0,648,0.0,0.0,0.0,0.0,0.0,0,0.0,0.0,0.0,0.0,0.0,0,1.0,1.0,1.0,1.0,1.0,552,0.9999999999999997,1.0000000000000004,1.0,1.0,1.0000000000000002,552,0.0,0.0,0.0,0.0,0.0,0.0,0.0,0.0,0.0,0.0,0.0,0.0,0.0,1342.8497580007388
814,8140162800000,4.0,10.0,4.635802469135802,4.0,7.0,648,0.0,0.0,0.0,0.0,0.0,0,0.0,0.0,0.0,0.0,0.0,0,1.0,1.0,1.0,1.0,1.0,552,0.9999999999999997,1.0000000000000004,1.0,1.0,1.0000000000000002,552,0.0,0.0,0.0,0.0,0.0,0.0,0.0,0.0,0.0,0.0,0.0,0.0,0.0,1426.5231209992635
815,8150163000000,4.0,10.0,4.640432098765432,4.0,7.0,648,0.0,0.0,0.0,0.0,0.0,0,0.0,0.0,0.0,0.0,0.0,0,1.0,1.0,1.0,1.0,1.0,552,0.9999999999999997,1.0000000000000002,1.0,1.0,1.0000000000000002,552,0.0,0.0,0.0,0.0,0.0,0.0,0.0,0.0,0.0,0.0,0.0,0.0,0.0,1312.3247610001272
816,8160163200000,4.0,10.0,4.6342592592592595,4.0,7.0,648,0.0,0.0,0.0,0.0,0.0,0,0.0,0.0,0.0,0.0,0.0,0,1.0,1.0,1.0,1.0,1.0,552,0.9999999999999998,1.0000000000000004,1.0,1.0,1.0000000000000002,552,0.0,0.0,0.0,0.0,0.0,0.0,0.0,0.0,0.0,0.0,0.0,0.0,0.0,1337.9912219998005
817,8170163400000,4.0,10.0,4.625,4.0,7.0,648,0.0,0.0,0.0,0.0,0.0,0,0.0,0.0,0.0,0.0,0.0,0,1.0,1.0,1.0,1.0,1.0,552,0.9999999999999997,1.0000000000000002,1.0,1.0,1.0000000000000002,552,0.0,0.0,0.0,0.0,0.0,0.0,0.0,0.0,0.0,0.0,0.0,0.0,0.0,1315.2980149998257
818,8180163600000,4.0,10.0,4.628086419753086,4.0,7.0,648,0.0,0.0,0.0,0.0,0.0,0,0.0,0.0,0.0,0.0,0.0,0,1.0,1.0,1.0,1.0,1.0,552,0.9999999999999998,1.0000000000000002,1.0,1.0,1.0000000000000002,552,0.0,0.0,0.0,0.0,0.0,0.0,0.0,0.0,0.0,0.0,0.0,0.0,0.0,1293.2561389998227
819,8190163800000,4.0,10.0,4.635802469135802,4.0,7.0,648,0.0,0.0,0.0,0.0,0.0,0,0.0,0.0,0.0,0.0,0.0,0,1.0,1.0,1.0,1.0,1.0,552,0.9999999999999997,1.0000000000000002,1.0,1.0,1.0000000000000002,552,0.0,0.0,0.0,0.0,0.0,0.0,0.0,0.0,0.0,0.0,0.0,0.0,0.0,1327.7392169993618
820,8200164000000,4.0,10.0,4.628086419753086,4.0,7.0,648,0.0,0.0,0.0,0.0,0.0,0,0.0,0.0,0.0,0.0,0.0,0,1.0,1.0,1.0,1.0,1.0,552,0.9999999999999998,1.0000000000000004,1.0,1.0,1.0000000000000002,552,0.0,0.0,0.0,0.0,0.0,0.0,0.0,0.0,0.0,0.0,0.0,0.0,0.0,1334.8709700003383
821,8210164200000,4.0,10.0,4.62037037037037,4.0,7.0,648,0.0,0.0,0.0,0.0,0.0,0,0.0,0.0,0.0,0.0,0.0,0,1.0,1.0,1.0,1.0,1.0,552,0.9999999999999997,1.0000000000000004,1.0,1.0,1.0000000000000002,552,0.0,0.0,0.0,0.0,0.0,0.0,0.0,0.0,0.0,0.0,0.0,0.0,0.0,1305.1888800000597
822,8220164400000,4.0,9.0,4.62962962962963,4.0,7.0,648,0.0,0.0,0.0,0.0,0.0,0,0.0,0.0,0.0,0.0,0.0,0,1.0,1.0,1.0,1.0,1.0,552,0.9999999999999996,1.0000000000000002,1.0,1.0,1.0000000000000002,552,0.0,0.0,0.0,0.0,0.0,0.0,0.0,0.0,0.0,0.0,0.0,0.0,0.0,1317.9775130001872
823,8230164600000,4.0,10.0,4.632716049382716,4.0,7.0,648,0.0,0.0,0.0,0.0,0.0,0,0.0,0.0,0.0,0.0,0.0,0,1.0,1.0,1.0,1.0,1.0,552,0.9999999999999998,1.0000000000000002,1.0,1.0,1.0000000000000002,552,0.0,0.0,0.0,0.0,0.0,0.0,0.0,0.0,0.0,0.0,0.0,0.0,0.0,1307.670629000313
824,8240164800000,4.0,10.0,4.635802469135802,4.0,7.0,648,0.0,0.0,0.0,0.0,0.0,0,0.0,0.0,0.0,0.0,0.0,0,1.0,1.0,1.0,1.0,1.0,552,0.9999999999999997,1.0000000000000004,1.0,1.0,1.0000000000000002,552,0.0,0.0,0.0,0.0,0.0,0.0,0.0,0.0,0.0,0.0,0.0,0.0,0.0,1326.7106390003391
825,8250165000000,4.0,10.0,4.640432098765432,4.0,7.0,648,0.0,0.0,0.0,0.0,0.0,0,0.0,0.0,0.0,0.0,0.0,0,1.0,1.0,1.0,1.0,1.0,552,0.9999999999999997,1.0000000000000004,1.0,1.0,1.0000000000000002,552,0.0,0.0,0.0,0.0,0.0,0.0,0.0,0.0,0.0,0.0,0.0,0.0,0.0,1321.609960999922
826,8260165200000,4.0,10.0,4.631172839506172,4.0,7.0,648,0.0,0.0,0.0,0.0,0.0,0,0.0,0.0,0.0,0.0,0.0,0,1.0,1.0,1.0,1.0,1.0,552,0.9999999999999997,1.0000000000000002,1.0,1.0,1.0000000000000002,552,0.0,0.0,0.0,0.0,0.0,0.0,0.0,0.0,0.0,0.0,0.0,0.0,0.0,1296.6414330003317
827,8270165400000,4.0,10.0,4.6419753086419755,4.0,7.0,648,0.0,0.0,0.0,0.0,0.0,0,0.0,0.0,0.0,0.0,0.0,0,1.0,1.0,1.0,1.0,1.0,552,0.9999999999999997,1.0000000000000002,1.0,1.0,1.0000000000000002,552,0.0,0.0,0.0,0.0,0.0,0.0,0.0,0.0,0.0,0.0,0.0,0.0,0.0,1290.4162349996113
828,8280165600000,4.0,10.0,4.646604938271605,4.0,7.0,648,0.0,0.0,0.0,0.0,0.0,0,0.0,0.0,0.0,0.0,0.0,0,1.0,1.0,1.0,1.0,1.0,552,0.9999999999999997,1.0000000000000002,1.0,1.0,1.0000000000000002,552,0.0,0.0,0.0,0.0,0.0,0.0,0.0,0.0,0.0,0.0,0.0,0.0,0.0,1381.2640509995617
829,8290165800000,4.0,10.0,4.648148148148148,4.0,7.0,648,0.0,0.0,0.0,0.0,0.0,0,0.0,0.0,0.0,0.0,0.0,0,1.0,1.0,1.0,1.0,1.0,552,0.9999999999999997,1.0000000000000002,1.0,1.0,1.0000000000000002,552,0.0,0.0,0.0,0.0,0.0,0.0,0.0,0.0,0.0,0.0,0.0,0.0,0.0,1341.6478030003418
830,8300166000000,4.0,10.0,4.645061728395062,4.0,7.0,648,0.0,0.0,0.0,0.0,0.0,0,0.0,0.0,0.0,0.0,0.0,0,1.0,1.0,1.0,1.0,1.0,552,0.9999999999999998,1.0000000000000004,1.0,1.0,1.0000000000000002,552,0.0,0.0,0.0,0.0,0.0,0.0,0.0,0.0,0.0,0.0,0.0,0.0,0.0,1295.4390340000828
831,8310166200000,4.0,10.0,4.640432098765432,4.0,7.0,648,0.0,0.0,0.0,0.0,0.0,0,0.0,0.0,0.0,0.0,0.0,0,1.0,1.0,1.0,1.0,1.0,552,0.9999999999999997,1.0000000000000002,1.0,1.0,1.0000000000000002,552,0.0,0.0,0.0,0.0,0.0,0.0,0.0,0.0,0.0,0.0,0.0,0.0,0.0,1277.9052549994958
832,8320166400000,4.0,10.0,4.631172839506172,4.0,7.0,648,0.0,0.0,0.0,0.0,0.0,0,0.0,0.0,0.0,0.0,0.0,0,1.0,1.0,1.0,1.0,1.0,552,0.9999999999999996,1.0000000000000002,1.0,1.0,1.0,552,0.0,0.0,0.0,0.0,0.0,0.0,0.0,0.0,0.0,0.0,0.0,0.0,0.0,1291.0836259998177
833,8330166600000,4.0,10.0,4.628086419753086,4.0,7.0,648,0.0,0.0,0.0,0.0,0.0,0,0.0,0.0,0.0,0.0,0.0,0,1.0,1.0,1.0,1.0,1.0,552,0.9999999999999998,1.0000000000000004,1.0,1.0,1.0,552,0.0,0.0,0.0,0.0,0.0,0.0,0.0,0.0,0.0,0.0,0.0,0.0,0.0,1302.4626480000734
834,8340166800000,4.0,10.0,4.62962962962963,4.0,7.0,648,0.0,0.0,0.0,0.0,0.0,0,0.0,0.0,0.0,0.0,0.0,0,1.0,1.0,1.0,1.0,1.0,552,0.9999999999999998,1.0000000000000004,1.0,1.0,1.0000000000000002,552,0.0,0.0,0.0,0.0,0.0,0.0,0.0,0.0,0.0,0.0,0.0,0.0,0.0,1285.3784549997727
835,8350167000000,4.0,10.0,4.637345679012346,4.0,7.0,648,0.0,0.0,0.0,0.0,0.0,0,0.0,0.0,0.0,0.0,0.0,0,1.0,1.0,1.0,1.0,1.0,552,0.9999999999999997,1.0000000000000004,1.0,1.0,1.0000000000000002,552,0.0,0.0,0.0,0.0,0.0,0.0,0.0,0.0,0.0,0.0,0.0,0.0,0.0,1294.3908180004655
836,8360167200000,4.0,10.0,4.635802469135802,4.0,7.0,648,0.0,0.0,0.0,0.0,0.0,0,0.0,0.0,0.0,0.0,0.0,0,1.0,1.0,1.0,1.0,1.0,552,0.9999999999999998,1.0000000000000002,1.0,1.0,1.0,552,0.0,0.0,0.0,0.0,0.0,0.0,0.0,0.0,0.0,0.0,0.0,0.0,0.0,1330.7693810002093
837,8370167400000,4.0,10.0,4.632716049382716,4.0,7.0,648,0.0,0.0,0.0,0.0,0.0,0,0.0,0.0,0.0,0.0,0.0,0,1.0,1.0,1.0,1.0,1.0,552,0.9999999999999997,1.0000000000000002,1.0,1.0,1.0000000000000002,552,0.0,0.0,0.0,0.0,0.0,0.0,0.0,0.0,0.0,0.0,0.0,0.0,0.0,1295.6473270005517
838,8380167600000,4.0,10.0,4.632716049382716,4.0,7.0,648,0.0,0.0,0.0,0.0,0.0,0,0.0,0.0,0.0,0.0,0.0,0,1.0,1.0,1.0,1.0,1.0,552,0.9999999999999997,1.0000000000000004,1.0,1.0,1.0000000000000002,552,0.0,0.0,0.0,0.0,0.0,0.0,0.0,0.0,0.0,0.0,0.0,0.0,0.0,1306.822769000064
839,8390167800000,4.0,10.0,4.632716049382716,4.0,7.0,648,0.0,0.0,0.0,0.0,0.0,0,0.0,0.0,0.0,0.0,0.0,0,1.0,1.0,1.0,1.0,1.0,552,0.9999999999999996,1.0000000000000002,1.0,1.0,1.0000000000000002,552,0.0,0.0,0.0,0.0,0.0,0.0,0.0,0.0,0.0,0.0,0.0,0.0,0.0,1299.7137199999997
840,8400168000000,4.0,10.0,4.632716049382716,4.0,7.0,648,0.0,0.0,0.0,0.0,0.0,0,0.0,0.0,0.0,0.0,0.0,0,1.0,1.0,1.0,1.0,1.0,552,0.9999999999999997,1.0000000000000004,1.0,1.0,1.0000000000000002,552,0.0,0.0,0.0,0.0,0.0,0.0,0.0,0.0,0.0,0.0,0.0,0.0,0.0,1319.2668880001293
841,8410168200000,4.0,10.0,4.6265432098765435,4.0,7.0,648,0.0,0.0,0.0,0.0,0.0,0,0.0,0.0,0.0,0.0,0.0,0,1.0,1.0,1.0,1.0,1.0,552,0.9999999999999996,1.0000000000000002,1.0,1.0,1.0000000000000002,552,0.0,0.0,0.0,0.0,0.0,0.0,0.0,0.0,0.0,0.0,0.0,0.0,0.0,1315.1279779995093
842,8420168400000,4.0,10.0,4.631172839506172,4.0,7.0,648,0.0,0.0,0.0,0.0,0.0,0,0.0,0.0,0.0,0.0,0.0,0,1.0,1.0,1.0,1.0,1.0,552,0.9999999999999998,1.0000000000000002,1.0,1.0,1.0000000000000002,552,0.0,0.0,0.0,0.0,0.0,0.0,0.0,0.0,0.0,0.0,0.0,0.0,0.0,1306.1525089997303
843,8430168600000,4.0,10.0,4.6342592592592595,4.0,7.0,648,0.0,0.0,0.0,0.0,0.0,0,0.0,0.0,0.0,0.0,0.0,0,1.0,1.0,1.0,1.0,1.0,552,0.9999999999999997,1.0000000000000002,1.0,1.0,1.0000000000000002,552,0.0,0.0,0.0,0.0,0.0,0.0,0.0,0.0,0.0,0.0,0.0,0.0,0.0,1280.0823029992898
844,8440168800000,4.0,10.0,4.638888888888889,4.0,7.0,648,0.0,0.0,0.0,0.0,0.0,0,0.0,0.0,0.0,0.0,0.0,0,1.0,1.0,1.0,1.0,1.0,552,0.9999999999999997,1.0000000000000002,1.0,1.0,1.0000000000000002,552,0.0,0.0,0.0,0.0,0.0,0.0,0.0,0.0,0.0,0.0,0.0,0.0,0.0,1333.3284229993296
845,8450169000000,4.0,10.0,4.640432098765432,4.0,7.0,648,0.0,0.0,0.0,0.0,0.0,0,0.0,0.0,0.0,0.0,0.0,0,1.0,1.0,1.0,1.0,1.0,552,0.9999999999999996,1.0000000000000002,1.0,1.0,1.0000000000000002,552,0.0,0.0,0.0,0.0,0.0,0.0,0.0,0.0,0.0,0.0,0.0,0.0,0.0,1297.6948369996535
846,8460169200000,4.0,10.0,4.638888888888889,4.0,7.0,648,0.0,0.0,0.0,0.0,0.0,0,0.0,0.0,0.0,0.0,0.0,0,1.0,1.0,1.0,1.0,1.0,552,0.9999999999999997,1.0000000000000004,1.0,1.0,1.0000000000000002,552,0.0,0.0,0.0,0.0,0.0,0.0,0.0,0.0,0.0,0.0,0.0,0.0,0.0,1321.3955210003405
847,8470169400000,4.0,10.0,4.645061728395062,4.0,7.0,648,0.0,0.0,0.0,0.0,0.0,0,0.0,0.0,0.0,0.0,0.0,0,1.0,1.0,1.0,1.0,1.0,552,0.9999999999999997,1.0000000000000004,1.0,1.0,1.0000000000000002,552,0.0,0.0,0.0,0.0,0.0,0.0,0.0,0.0,0.0,0.0,0.0,0.0,0.0,1352.5115389993516
848,8480169600000,4.0,10.0,4.6496913580246915,4.0,7.0,648,0.0,0.0,0.0,0.0,0.0,0,0.0,0.0,0.0,0.0,0.0,0,1.0,1.0,1.0,1.0,1.0,552,0.9999999999999997,1.0000000000000004,1.0,1.0,1.0000000000000002,552,0.0,0.0,0.0,0.0,0.0,0.0,0.0,0.0,0.0,0.0,0.0,0.0,0.0,1363.8670899999852
849,8490169800000,4.0,10.0,4.651234567901234,4.0,7.0,648,0.0,0.0,0.0,0.0,0.0,0,0.0,0.0,0.0,0.0,0.0,0,1.0,1.0,1.0,1.0,1.0,552,0.9999999999999997,1.0000000000000004,1.0,1.0,1.0000000000000002,552,0.0,0.0,0.0,0.0,0.0,0.0,0.0,0.0,0.0,0.0,0.0,0.0,0.0,1333.3039270000882
850,8500170000000,4.0,10.0,4.6419753086419755,4.0,7.0,648,0.0,0.0,0.0,0.0,0.0,0,0.0,0.0,0.0,0.0,0.0,0,1.0,1.0,1.0,1.0,1.0,552,0.9999999999999997,1.0000000000000002,1.0,1.0,1.0000000000000002,552,0.0,0.0,0.0,0.0,0.0,0.0,0.0,0.0,0.0,0.0,0.0,0.0,0.0,1337.3591009994925
851,8510170200000,4.0,10.0,4.637345679012346,4.0,7.0,648,0.0,0.0,0.0,0.0,0.0,0,0.0,0.0,0.0,0.0,0.0,0,1.0,1.0,1.0,1.0,1.0,552,0.9999999999999997,1.0000000000000004,1.0,1.0,1.0000000000000002,552,0.0,0.0,0.0,0.0,0.0,0.0,0.0,0.0,0.0,0.0,0.0,0.0,0.0,1322.2916150007222
852,8520170400000,4.0,10.0,4.62962962962963,4.0,7.0,648,0.0,0.0,0.0,0.0,0.0,0,0.0,0.0,0.0,0.0,0.0,0,1.0,1.0,1.0,1.0,1.0,552,0.9999999999999996,1.0000000000000002,1.0,1.0,1.0000000000000002,552,0.0,0.0,0.0,0.0,0.0,0.0,0.0,0.0,0.0,0.0,0.0,0.0,0.0,1320.2635229999942
853,8530170600000,4.0,10.0,4.638888888888889,4.0,7.0,648,0.0,0.0,0.0,0.0,0.0,0,0.0,0.0,0.0,0.0,0.0,0,1.0,1.0,1.0,1.0,1.0,552,0.9999999999999998,1.0000000000000002,1.0,1.0,1.0000000000000002,552,0.0,0.0,0.0,0.0,0.0,0.0,0.0,0.0,0.0,0.0,0.0,0.0,0.0,1316.3887370001248
854,8540170800000,4.0,10.0,4.638888888888889,4.0,7.0,648,0.0,0.0,0.0,0.0,0.0,0,0.0,0.0,0.0,0.0,0.0,0,1.0,1.0,1.0,1.0,1.0,552,0.9999999999999997,1.0000000000000004,1.0,1.0,1.0000000000000002,552,0.0,0.0,0.0,0.0,0.0,0.0,0.0,0.0,0.0,0.0,0.0,0.0,0.0,1321.32928899955
855,8550171000000,4.0,10.0,4.6419753086419755,4.0,7.0,648,0.0,0.0,0.0,0.0,0.0,0,0.0,0.0,0.0,0.0,0.0,0,1.0,1.0,1.0,1.0,1.0,552,0.9999999999999998,1.0000000000000004,1.0,1.0,1.0000000000000002,552,0.0,0.0,0.0,0.0,0.0,0.0,0.0,0.0,0.0,0.0,0.0,0.0,0.0,1303.8475760004076
856,8560171200000,4.0,10.0,4.632716049382716,4.0,7.0,648,0.0,0.0,0.0,0.0,0.0,0,0.0,0.0,0.0,0.0,0.0,0,1.0,1.0,1.0,1.0,1.0,552,0.9999999999999996,1.0000000000000002,1.0,1.0,1.0000000000000002,552,0.0,0.0,0.0,0.0,0.0,0.0,0.0,0.0,0.0,0.0,0.0,0.0,0.0,1355.4660039999362
857,8570171400000,4.0,10.0,4.635802469135802,4.0,7.0,648,0.0,0.0,0.0,0.0,0.0,0,0.0,0.0,0.0,0.0,0.0,0,1.0,1.0,1.0,1.0,1.0,552,0.9999999999999997,1.0000000000000004,1.0,1.0,1.0,552,0.0,0.0,0.0,0.0,0.0,0.0,0.0,0.0,0.0,0.0,0.0,0.0,0.0,1323.0391309998595
858,8580171600000,4.0,10.0,4.62962962962963,4.0,7.0,648,0.0,0.0,0.0,0.0,0.0,0,0.0,0.0,0.0,0.0,0.0,0,1.0,1.0,1.0,1.0,1.0,552,0.9999999999999998,1.0000000000000002,1.0,1.0,1.0000000000000002,552,0.0,0.0,0.0,0.0,0.0,0.0,0.0,0.0,0.0,0.0,0.0,0.0,0.0,1293.096923000121
859,8590171800000,4.0,10.0,4.625,4.0,7.0,648,0.0,0.0,0.0,0.0,0.0,0,0.0,0.0,0.0,0.0,0.0,0,1.0,1.0,1.0,1.0,1.0,552,0.9999999999999998,1.0000000000000002,1.0,1.0,1.0000000000000002,552,0.0,0.0,0.0,0.0,0.0,0.0,0.0,0.0,0.0,0.0,0.0,0.0,0.0,1286.192315000335
860,8600172000000,4.0,10.0,4.6342592592592595,4.0,7.0,648,0.0,0.0,0.0,0.0,0.0,0,0.0,0.0,0.0,0.0,0.0,0,1.0,1.0,1.0,1.0,1.0,552,0.9999999999999997,1.0000000000000002,1.0,1.0,1.0000000000000002,552,0.0,0.0,0.0,0.0,0.0,0.0,0.0,0.0,0.0,0.0,0.0,0.0,0.0,1341.1766069993973
861,8610172200000,4.0,10.0,4.635802469135802,4.0,7.0,648,0.0,0.0,0.0,0.0,0.0,0,0.0,0.0,0.0,0.0,0.0,0,1.0,1.0,1.0,1.0,1.0,552,0.9999999999999997,1.0000000000000002,1.0,1.0,1.0000000000000002,552,0.0,0.0,0.0,0.0,0.0,0.0,0.0,0.0,0.0,0.0,0.0,0.0,0.0,1297.529453999232
862,8620172400000,4.0,10.0,4.6342592592592595,4.0,7.0,648,0.0,0.0,0.0,0.0,0.0,0,0.0,0.0,0.0,0.0,0.0,0,1.0,1.0,1.0,1.0,1.0,552,0.9999999999999997,1.0000000000000004,1.0,1.0,1.0000000000000002,552,0.0,0.0,0.0,0.0,0.0,0.0,0.0,0.0,0.0,0.0,0.0,0.0,0.0,1295.7710999999108
863,8630172600000,4.0,10.0,4.635802469135802,4.0,7.0,648,0.0,0.0,0.0,0.0,0.0,0,0.0,0.0,0.0,0.0,0.0,0,1.0,1.0,1.0,1.0,1.0,552,0.9999999999999997,1.0000000000000002,1.0,1.0,1.0000000000000002,552,0.0,0.0,0.0,0.0,0.0,0.0,0.0,0.0,0.0,0.0,0.0,0.0,0.0,1290.7236859991826
864,8640172800000,4.0,10.0,4.6342592592592595,4.0,7.0,648,0.0,0.0,0.0,0.0,0.0,0,0.0,0.0,0.0,0.0,0.0,0,1.0,1.0,1.0,1.0,1.0,552,0.9999999999999997,1.0000000000000002,1.0,1.0,1.0000000000000002,552,0.0,0.0,0.0,0.0,0.0,0.0,0.0,0.0,0.0,0.0,0.0,0.0,0.0,1314.2416430000594
865,8650173000000,4.0,10.0,4.645061728395062,4.0,7.0,648,0.0,0.0,0.0,0.0,0.0,0,0.0,0.0,0.0,0.0,0.0,0,1.0,1.0,1.0,1.0,1.0,552,0.9999999999999997,1.0000000000000004,1.0,1.0,1.0000000000000002,552,0.0,0.0,0.0,0.0,0.0,0.0,0.0,0.0,0.0,0.0,0.0,0.0,0.0,1297.2175969998716
866,8660173200000,4.0,10.0,4.655864197530864,4.0,7.0,648,0.0,0.0,0.0,0.0,0.0,0,0.0,0.0,0.0,0.0,0.0,0,1.0,1.0,1.0,1.0,1.0,552,0.9999999999999997,1.0000000000000004,1.0,1.0,1.0000000000000002,552,0.0,0.0,0.0,0.0,0.0,0.0,0.0,0.0,0.0,0.0,0.0,0.0,0.0,1329.435647999162
867,8670173400000,4.0,10.0,4.654320987654321,4.0,7.0,648,0.0,0.0,0.0,0.0,0.0,0,0.0,0.0,0.0,0.0,0.0,0,1.0,1.0,1.0,1.0,1.0,552,0.9999999999999998,1.0000000000000002,1.0,1.0,1.0000000000000002,552,0.0,0.0,0.0,0.0,0.0,0.0,0.0,0.0,0.0,0.0,0.0,0.0,0.0,1316.4639200003876
868,8680173600000,4.0,10.0,4.646604938271605,4.0,7.0,648,0.0,0.0,0.0,0.0,0.0,0,0.0,0.0,0.0,0.0,0.0,0,1.0,1.0,1.0,1.0,1.0,552,0.9999999999999998,1.0000000000000002,1.0,1.0,1.0000000000000002,552,0.0,0.0,0.0,0.0,0.0,0.0,0.0,0.0,0.0,0.0,0.0,0.0,0.0,1321.4200820002588
869,8690173800000,4.0,10.0,4.646604938271605,4.0,7.0,648,0.0,0.0,0.0,0.0,0.0,0,0.0,0.0,0.0,0.0,0.0,0,1.0,1.0,1.0,1.0,1.0,552,0.9999999999999997,1.0000000000000002,1.0,1.0,1.0000000000000002,552,0.0,0.0,0.0,0.0,0.0,0.0,0.0,0.0,0.0,0.0,0.0,0.0,0.0,1313.047749999896
870,8700174000000,4.0,10.0,4.645061728395062,4.0,7.0,648,0.0,0.0,0.0,0.0,0.0,0,0.0,0.0,0.0,0.0,0.0,0,1.0,1.0,1.0,1.0,1.0,552,0.9999999999999998,1.0000000000000004,1.0,1.0,1.0000000000000002,552,0.0,0.0,0.0,0.0,0.0,0.0,0.0,0.0,0.0,0.0,0.0,0.0,0.0,1310.1985250004873
871,8710174200000,4.0,10.0,4.648148148148148,4.0,7.0,648,0.0,0.0,0.0,0.0,0.0,0,0.0,0.0,0.0,0.0,0.0,0,1.0,1.0,1.0,1.0,1.0,552,0.9999999999999998,1.0000000000000004,1.0,1.0,1.0000000000000002,552,0.0,0.0,0.0,0.0,0.0,0.0,0.0,0.0,0.0,0.0,0.0,0.0,0.0,1311.6327980005735
872,8720174400000,4.0,10.0,4.6496913580246915,4.0,7.0,648,0.0,0.0,0.0,0.0,0.0,0,0.0,0.0,0.0,0.0,0.0,0,1.0,1.0,1.0,1.0,1.0,552,0.9999999999999996,1.0000000000000004,1.0,1.0,1.0000000000000002,552,0.0,0.0,0.0,0.0,0.0,0.0,0.0,0.0,0.0,0.0,0.0,0.0,0.0,1355.5945550006072
873,8730174600000,4.0,10.0,4.646604938271605,4.0,7.0,648,0.0,0.0,0.0,0.0,0.0,0,0.0,0.0,0.0,0.0,0.0,0,1.0,1.0,1.0,1.0,1.0,552,0.9999999999999996,1.0000000000000002,1.0,1.0,1.0000000000000002,552,0.0,0.0,0.0,0.0,0.0,0.0,0.0,0.0,0.0,0.0,0.0,0.0,0.0,1299.5692330005113
874,8740174800000,4.0,10.0,4.6419753086419755,4.0,7.0,648,0.0,0.0,0.0,0.0,0.0,0,0.0,0.0,0.0,0.0,0.0,0,1.0,1.0,1.0,1.0,1.0,552,0.9999999999999998,1.0000000000000002,1.0,1.0,1.0000000000000002,552,0.0,0.0,0.0,0.0,0.0,0.0,0.0,0.0,0.0,0.0,0.0,0.0,0.0,1316.7089250000572
875,8750175000000,4.0,10.0,4.631172839506172,4.0,7.0,648,0.0,0.0,0.0,0.0,0.0,0,0.0,0.0,0.0,0.0,0.0,0,1.0,1.0,1.0,1.0,1.0,552,0.9999999999999998,1.0000000000000004,1.0,1.0,1.0000000000000002,552,0.0,0.0,0.0,0.0,0.0,0.0,0.0,0.0,0.0,0.0,0.0,0.0,0.0,1294.4830659998843
876,8760175200000,4.0,10.0,4.632716049382716,4.0,7.0,648,0.0,0.0,0.0,0.0,0.0,0,0.0,0.0,0.0,0.0,0.0,0,1.0,1.0,1.0,1.0,1.0,552,0.9999999999999998,1.0000000000000002,1.0,1.0,1.0000000000000002,552,0.0,0.0,0.0,0.0,0.0,0.0,0.0,0.0,0.0,0.0,0.0,0.0,0.0,1313.9981530002842
877,8770175400000,4.0,10.0,4.628086419753086,4.0,7.0,648,0.0,0.0,0.0,0.0,0.0,0,0.0,0.0,0.0,0.0,0.0,0,1.0,1.0,1.0,1.0,1.0,552,0.9999999999999997,1.0000000000000002,1.0,1.0,1.0000000000000002,552,0.0,0.0,0.0,0.0,0.0,0.0,0.0,0.0,0.0,0.0,0.0,0.0,0.0,1292.3392890006653
878,8780175600000,4.0,10.0,4.625,4.0,7.0,648,0.0,0.0,0.0,0.0,0.0,0,0.0,0.0,0.0,0.0,0.0,0,1.0,1.0,1.0,1.0,1.0,552,0.9999999999999998,1.0000000000000004,1.0,1.0,1.0000000000000002,552,0.0,0.0,0.0,0.0,0.0,0.0,0.0,0.0,0.0,0.0,0.0,0.0,0.0,1298.0310460006876
879,8790175800000,4.0,10.0,4.6342592592592595,4.0,7.0,648,0.0,0.0,0.0,0.0,0.0,0,0.0,0.0,0.0,0.0,0.0,0,1.0,1.0,1.0,1.0,1.0,552,0.9999999999999997,1.0000000000000002,1.0,1.0,1.0000000000000002,552,0.0,0.0,0.0,0.0,0.0,0.0,0.0,0.0,0.0,0.0,0.0,0.0,0.0,1308.8369650004097
880,8800176000000,4.0,10.0,4.632716049382716,4.0,7.0,648,0.0,0.0,0.0,0.0,0.0,0,0.0,0.0,0.0,0.0,0.0,0,1.0,1.0,1.0,1.0,1.0,552,0.9999999999999998,1.0000000000000004,1.0,1.0,1.0000000000000002,552,0.0,0.0,0.0,0.0,0.0,0.0,0.0,0.0,0.0,0.0,0.0,0.0,0.0,1546.1019389995272
881,8810176200000,4.0,10.0,4.635802469135802,4.0,7.0,648,0.0,0.0,0.0,0.0,0.0,0,0.0,0.0,0.0,0.0,0.0,0,1.0,1.0,1.0,1.0,1.0,552,0.9999999999999998,1.0000000000000002,1.0,1.0,1.0000000000000002,552,0.0,0.0,0.0,0.0,0.0,0.0,0.0,0.0,0.0,0.0,0.0,0.0,0.0,1317.677777999961
882,8820176400000,4.0,10.0,4.635802469135802,4.0,7.0,648,0.0,0.0,0.0,0.0,0.0,0,0.0,0.0,0.0,0.0,0.0,0,1.0,1.0,1.0,1.0,1.0,552,0.9999999999999997,1.0000000000000002,1.0,1.0,1.0,552,0.0,0.0,0.0,0.0,0.0,0.0,0.0,0.0,0.0,0.0,0.0,0.0,0.0,1324.518295999951
883,8830176600000,4.0,10.0,4.637345679012346,4.0,7.0,648,0.0,0.0,0.0,0.0,0.0,0,0.0,0.0,0.0,0.0,0.0,0,1.0,1.0,1.0,1.0,1.0,552,0.9999999999999997,1.0000000000000004,1.0,1.0,1.0000000000000002,552,0.0,0.0,0.0,0.0,0.0,0.0,0.0,0.0,0.0,0.0,0.0,0.0,0.0,1323.2703169996967
884,8840176800000,4.0,10.0,4.645061728395062,4.0,7.0,648,0.0,0.0,0.0,0.0,0.0,0,0.0,0.0,0.0,0.0,0.0,0,1.0,1.0,1.0,1.0,1.0,552,0.9999999999999997,1.0000000000000004,1.0,1.0,1.0000000000000002,552,0.0,0.0,0.0,0.0,0.0,0.0,0.0,0.0,0.0,0.0,0.0,0.0,0.0,1353.5556599999836
885,8850177000000,4.0,10.0,4.651234567901234,4.0,7.0,648,0.0,0.0,0.0,0.0,0.0,0,0.0,0.0,0.0,0.0,0.0,0,1.0,1.0,1.0,1.0,1.0,552,0.9999999999999997,1.0000000000000002,1.0,1.0,1.0,552,0.0,0.0,0.0,0.0,0.0,0.0,0.0,0.0,0.0,0.0,0.0,0.0,0.0,1347.8836300000694
886,8860177200000,4.0,10.0,4.648148148148148,4.0,7.0,648,0.0,0.0,0.0,0.0,0.0,0,0.0,0.0,0.0,0.0,0.0,0,1.0,1.0,1.0,1.0,1.0,552,0.9999999999999997,1.0000000000000002,1.0,1.0,1.0000000000000002,552,0.0,0.0,0.0,0.0,0.0,0.0,0.0,0.0,0.0,0.0,0.0,0.0,0.0,1319.5606749995932
887,8870177400000,4.0,10.0,4.645061728395062,4.0,7.0,648,0.0,0.0,0.0,0.0,0.0,0,0.0,0.0,0.0,0.0,0.0,0,1.0,1.0,1.0,1.0,1.0,552,0.9999999999999998,1.0000000000000004,1.0,1.0,1.0000000000000002,552,0.0,0.0,0.0,0.0,0.0,0.0,0.0,0.0,0.0,0.0,0.0,0.0,0.0,1319.5339349995265
888,8880177600000,4.0,10.0,4.646604938271605,4.0,7.0,648,0.0,0.0,0.0,0.0,0.0,0,0.0,0.0,0.0,0.0,0.0,0,1.0,1.0,1.0,1.0,1.0,552,0.9999999999999998,1.0000000000000002,1.0,1.0,1.0000000000000002,552,0.0,0.0,0.0,0.0,0.0,0.0,0.0,0.0,0.0,0.0,0.0,0.0,0.0,1364.060525000241
889,8890177800000,4.0,10.0,4.6496913580246915,4.0,7.0,648,0.0,0.0,0.0,0.0,0.0,0,0.0,0.0,0.0,0.0,0.0,0,1.0,1.0,1.0,1.0,1.0,552,0.9999999999999997,1.0000000000000002,1.0,1.0,1.0000000000000002,552,0.0,0.0,0.0,0.0,0.0,0.0,0.0,0.0,0.0,0.0,0.0,0.0,0.0,1321.0944339998605
890,8900178000000,4.0,10.0,4.648148148148148,4.0,7.0,648,0.0,0.0,0.0,0.0,0.0,0,0.0,0.0,0.0,0.0,0.0,0,1.0,1.0,1.0,1.0,1.0,552,0.9999999999999997,1.0000000000000002,1.0,1.0,1.0000000000000002,552,0.0,0.0,0.0,0.0,0.0,0.0,0.0,0.0,0.0,0.0,0.0,0.0,0.0,1310.0879230005376
891,8910178200000,4.0,10.0,4.6342592592592595,4.0,7.0,648,0.0,0.0,0.0,0.0,0.0,0,0.0,0.0,0.0,0.0,0.0,0,1.0,1.0,1.0,1.0,1.0,552,0.9999999999999997,1.0000000000000002,1.0,1.0,1.0000000000000002,552,0.0,0.0,0.0,0.0,0.0,0.0,0.0,0.0,0.0,0.0,0.0,0.0,0.0,1305.1619059997392
892,8920178400000,4.0,10.0,4.635802469135802,4.0,7.0,648,0.0,0.0,0.0,0.0,0.0,0,0.0,0.0,0.0,0.0,0.0,0,1.0,1.0,1.0,1.0,1.0,552,0.9999999999999996,1.0000000000000002,1.0,1.0,1.0,552,0.0,0.0,0.0,0.0,0.0,0.0,0.0,0.0,0.0,0.0,0.0,0.0,0.0,1323.1524610000633
893,8930178600000,4.0,10.0,4.637345679012346,4.0,7.0,648,0.0,0.0,0.0,0.0,0.0,0,0.0,0.0,0.0,0.0,0.0,0,1.0,1.0,1.0,1.0,1.0,552,0.9999999999999998,1.0000000000000002,1.0,1.0,1.0000000000000002,552,0.0,0.0,0.0,0.0,0.0,0.0,0.0,0.0,0.0,0.0,0.0,0.0,0.0,1363.511366000239
894,8940178800000,4.0,10.0,4.640432098765432,4.0,7.0,648,0.0,0.0,0.0,0.0,0.0,0,0.0,0.0,0.0,0.0,0.0,0,1.0,1.0,1.0,1.0,1.0,552,0.9999999999999997,1.0000000000000002,1.0,1.0,1.0000000000000002,552,0.0,0.0,0.0,0.0,0.0,0.0,0.0,0.0,0.0,0.0,0.0,0.0,0.0,1337.649011999929
895,8950179000000,4.0,10.0,4.6265432098765435,4.0,7.0,648,0.0,0.0,0.0,0.0,0.0,0,0.0,0.0,0.0,0.0,0.0,0,1.0,1.0,1.0,1.0,1.0,552,0.9999999999999996,1.0000000000000004,1.0,1.0,1.0000000000000002,552,0.0,0.0,0.0,0.0,0.0,0.0,0.0,0.0,0.0,0.0,0.0,0.0,0.0,1276.2421130000803
896,8960179200000,4.0,10.0,4.631172839506172,4.0,7.0,648,0.0,0.0,0.0,0.0,0.0,0,0.0,0.0,0.0,0.0,0.0,0,1.0,1.0,1.0,1.0,1.0,552,0.9999999999999996,1.0000000000000002,1.0,1.0,1.0000000000000002,552,0.0,0.0,0.0,0.0,0.0,0.0,0.0,0.0,0.0,0.0,0.0,0.0,0.0,1336.1208050000641
897,8970179400000,4.0,10.0,4.637345679012346,4.0,7.0,648,0.0,0.0,0.0,0.0,0.0,0,0.0,0.0,0.0,0.0,0.0,0,1.0,1.0,1.0,1.0,1.0,552,0.9999999999999996,1.0000000000000002,1.0,1.0,1.0000000000000002,552,0.0,0.0,0.0,0.0,0.0,0.0,0.0,0.0,0.0,0.0,0.0,0.0,0.0,1315.8361550003974
898,8980179600000,4.0,10.0,4.6342592592592595,4.0,7.0,648,0.0,0.0,0.0,0.0,0.0,0,0.0,0.0,0.0,0.0,0.0,0,1.0,1.0,1.0,1.0,1.0,552,0.9999999999999997,1.0000000000000004,1.0,1.0,1.0000000000000002,552,0.0,0.0,0.0,0.0,0.0,0.0,0.0,0.0,0.0,0.0,0.0,0.0,0.0,1304.0428120002616
899,8990179800000,4.0,10.0,4.628086419753086,4.0,7.0,648,0.0,0.0,0.0,0.0,0.0,0,0.0,0.0,0.0,0.0,0.0,0,1.0,1.0,1.0,1.0,1.0,552,0.9999999999999997,1.0000000000000002,1.0,1.0,1.0,552,0.0,0.0,0.0,0.0,0.0,0.0,0.0,0.0,0.0,0.0,0.0,0.0,0.0,1315.8041760007109
900,9000180000000,4.0,10.0,4.62962962962963,4.0,7.0,648,0.0,0.0,0.0,0.0,0.0,0,0.0,0.0,0.0,0.0,0.0,0,1.0,1.0,1.0,1.0,1.0,552,0.9999999999999998,1.0000000000000004,1.0,1.0,1.0000000000000002,552,0.0,0.0,0.0,0.0,0.0,0.0,0.0,0.0,0.0,0.0,0.0,0.0,0.0,1314.6265719997245
901,9010180200000,4.0,10.0,4.632716049382716,4.0,7.0,648,0.0,0.0,0.0,0.0,0.0,0,0.0,0.0,0.0,0.0,0.0,0,1.0,1.0,1.0,1.0,1.0,552,0.9999999999999997,1.0000000000000002,1.0,1.0,1.0000000000000002,552,0.0,0.0,0.0,0.0,0.0,0.0,0.0,0.0,0.0,0.0,0.0,0.0,0.0,1318.213910999475
902,9020180400000,4.0,10.0,4.637345679012346,4.0,7.0,648,0.0,0.0,0.0,0.0,0.0,0,0.0,0.0,0.0,0.0,0.0,0,1.0,1.0,1.0,1.0,1.0,552,0.9999999999999996,1.0000000000000004,1.0,1.0,1.0000000000000002,552,0.0,0.0,0.0,0.0,0.0,0.0,0.0,0.0,0.0,0.0,0.0,0.0,0.0,1329.3045780001194
903,9030180600000,4.0,10.0,4.6342592592592595,4.0,7.0,648,0.0,0.0,0.0,0.0,0.0,0,0.0,0.0,0.0,0.0,0.0,0,1.0,1.0,1.0,1.0,1.0,552,0.9999999999999998,1.0000000000000004,1.0,1.0,1.0000000000000002,552,0.0,0.0,0.0,0.0,0.0,0.0,0.0,0.0,0.0,0.0,0.0,0.0,0.0,1300.3629209997598
904,9040180800000,4.0,10.0,4.6419753086419755,4.0,7.0,648,0.0,0.0,0.0,0.0,0.0,0,0.0,0.0,0.0,0.0,0.0,0,1.0,1.0,1.0,1.0,1.0,552,0.9999999999999998,1.0000000000000004,1.0,1.0,1.0000000000000002,552,0.0,0.0,0.0,0.0,0.0,0.0,0.0,0.0,0.0,0.0,0.0,0.0,0.0,1344.4513399999778
905,9050181000000,4.0,10.0,4.637345679012346,4.0,7.0,648,0.0,0.0,0.0,0.0,0.0,0,0.0,0.0,0.0,0.0,0.0,0,1.0,1.0,1.0,1.0,1.0,552,0.9999999999999997,1.0000000000000002,1.0,1.0,1.0000000000000002,552,0.0,0.0,0.0,0.0,0.0,0.0,0.0,0.0,0.0,0.0,0.0,0.0,0.0,1331.6630799999984
906,9060181200000,4.0,10.0,4.637345679012346,4.0,7.0,648,0.0,0.0,0.0,0.0,0.0,0,0.0,0.0,0.0,0.0,0.0,0,1.0,1.0,1.0,1.0,1.0,552,0.9999999999999996,1.0000000000000004,1.0,1.0,1.0000000000000002,552,0.0,0.0,0.0,0.0,0.0,0.0,0.0,0.0,0.0,0.0,0.0,0.0,0.0,1294.9608999997508
907,9070181400000,4.0,10.0,4.6419753086419755,4.0,7.0,648,0.0,0.0,0.0,0.0,0.0,0,0.0,0.0,0.0,0.0,0.0,0,1.0,1.0,1.0,1.0,1.0,552,0.9999999999999997,1.0000000000000002,1.0,1.0,1.0000000000000002,552,0.0,0.0,0.0,0.0,0.0,0.0,0.0,0.0,0.0,0.0,0.0,0.0,0.0,1306.783754999742
908,9080181600000,4.0,10.0,4.638888888888889,4.0,7.0,648,0.0,0.0,0.0,0.0,0.0,0,0.0,0.0,0.0,0.0,0.0,0,1.0,1.0,1.0,1.0,1.0,552,0.9999999999999996,1.0000000000000004,1.0,1.0,1.0000000000000002,552,0.0,0.0,0.0,0.0,0.0,0.0,0.0,0.0,0.0,0.0,0.0,0.0,0.0,1344.257810000272
909,9090181800000,4.0,10.0,4.6342592592592595,4.0,7.0,648,0.0,0.0,0.0,0.0,0.0,0,0.0,0.0,0.0,0.0,0.0,0,1.0,1.0,1.0,1.0,1.0,552,0.9999999999999998,1.0000000000000004,1.0,1.0,1.0000000000000002,552,0.0,0.0,0.0,0.0,0.0,0.0,0.0,0.0,0.0,0.0,0.0,0.0,0.0,1292.822082999919
910,9100182000000,4.0,10.0,4.632716049382716,4.0,7.0,648,0.0,0.0,0.0,0.0,0.0,0,0.0,0.0,0.0,0.0,0.0,0,1.0,1.0,1.0,1.0,1.0,552,0.9999999999999998,1.0000000000000002,1.0,1.0,1.0000000000000002,552,0.0,0.0,0.0,0.0,0.0,0.0,0.0,0.0,0.0,0.0,0.0,0.0,0.0,1336.0130860000936
911,9110182200000,4.0,10.0,4.632716049382716,4.0,7.0,648,0.0,0.0,0.0,0.0,0.0,0,0.0,0.0,0.0,0.0,0.0,0,1.0,1.0,1.0,1.0,1.0,552,0.9999999999999996,1.0000000000000004,1.0,1.0,1.0000000000000002,552,0.0,0.0,0.0,0.0,0.0,0.0,0.0,0.0,0.0,0.0,0.0,0.0,0.0,1318.7298150005518
912,9120182400000,4.0,10.0,4.635802469135802,4.0,7.0,648,0.0,0.0,0.0,0.0,0.0,0,0.0,0.0,0.0,0.0,0.0,0,1.0,1.0,1.0,1.0,1.0,552,0.9999999999999996,1.0000000000000002,1.0,1.0,1.0000000000000002,552,0.0,0.0,0.0,0.0,0.0,0.0,0.0,0.0,0.0,0.0,0.0,0.0,0.0,1334.0738440001587
913,9130182600000,4.0,10.0,4.637345679012346,4.0,7.0,648,0.0,0.0,0.0,0.0,0.0,0,0.0,0.0,0.0,0.0,0.0,0,1.0,1.0,1.0,1.0,1.0,552,0.9999999999999998,1.0000000000000004,1.0,1.0,1.0000000000000002,552,0.0,0.0,0.0,0.0,0.0,0.0,0.0,0.0,0.0,0.0,0.0,0.0,0.0,1307.8577100004622
914,9140182800000,4.0,10.0,4.640432098765432,4.0,7.0,648,0.0,0.0,0.0,0.0,0.0,0,0.0,0.0,0.0,0.0,0.0,0,1.0,1.0,1.0,1.0,1.0,552,0.9999999999999998,1.0000000000000002,1.0,1.0,1.0000000000000002,552,0.0,0.0,0.0,0.0,0.0,0.0,0.0,0.0,0.0,0.0,0.0,0.0,0.0,1328.65338099964
915,9150183000000,4.0,10.0,4.643518518518518,4.0,7.0,648,0.0,0.0,0.0,0.0,0.0,0,0.0,0.0,0.0,0.0,0.0,0,1.0,1.0,1.0,1.0,1.0,552,0.9999999999999998,1.0000000000000002,1.0,1.0,1.0000000000000002,552,0.0,0.0,0.0,0.0,0.0,0.0,0.0,0.0,0.0,0.0,0.0,0.0,0.0,1450.9581950005668
916,9160183200000,4.0,10.0,4.6419753086419755,4.0,7.0,648,0.0,0.0,0.0,0.0,0.0,0,0.0,0.0,0.0,0.0,0.0,0,1.0,1.0,1.0,1.0,1.0,552,0.9999999999999997,1.0000000000000002,1.0,1.0,1.0000000000000002,552,0.0,0.0,0.0,0.0,0.0,0.0,0.0,0.0,0.0,0.0,0.0,0.0,0.0,1338.2035479999104
917,9170183400000,4.0,10.0,4.645061728395062,4.0,7.0,648,0.0,0.0,0.0,0.0,0.0,0,0.0,0.0,0.0,0.0,0.0,0,1.0,1.0,1.0,1.0,1.0,552,0.9999999999999997,1.0000000000000004,1.0,1.0,1.0000000000000002,552,0.0,0.0,0.0,0.0,0.0,0.0,0.0,0.0,0.0,0.0,0.0,0.0,0.0,1335.1432159997785
918,9180183600000,4.0,10.0,4.635802469135802,4.0,7.0,648,0.0,0.0,0.0,0.0,0.0,0,0.0,0.0,0.0,0.0,0.0,0,1.0,1.0,1.0,1.0,1.0,552,0.9999999999999997,1.0000000000000004,1.0,1.0,1.0000000000000002,552,0.0,0.0,0.0,0.0,0.0,0.0,0.0,0.0,0.0,0.0,0.0,0.0,0.0,1311.7087860000538
919,9190183800000,4.0,10.0,4.628086419753086,4.0,7.0,648,0.0,0.0,0.0,0.0,0.0,0,0.0,0.0,0.0,0.0,0.0,0,1.0,1.0,1.0,1.0,1.0,552,0.9999999999999997,1.0000000000000002,1.0,1.0,1.0000000000000002,552,0.0,0.0,0.0,0.0,0.0,0.0,0.0,0.0,0.0,0.0,0.0,0.0,0.0,1301.6709019993868
920,9200184000000,4.0,10.0,4.6342592592592595,4.0,7.0,648,0.0,0.0,0.0,0.0,0.0,0,0.0,0.0,0.0,0.0,0.0,0,1.0,1.0,1.0,1.0,1.0,552,0.9999999999999997,1.0000000000000002,1.0,1.0,1.0000000000000002,552,0.0,0.0,0.0,0.0,0.0,0.0,0.0,0.0,0.0,0.0,0.0,0.0,0.0,1368.299302000196
921,9210184200000,4.0,10.0,4.640432098765432,4.0,7.0,648,0.0,0.0,0.0,0.0,0.0,0,0.0,0.0,0.0,0.0,0.0,0,1.0,1.0,1.0,1.0,1.0,552,0.9999999999999997,1.0000000000000004,1.0,1.0,1.0000000000000002,552,0.0,0.0,0.0,0.0,0.0,0.0,0.0,0.0,0.0,0.0,0.0,0.0,0.0,1296.857369999998
922,9220184400000,4.0,10.0,4.6419753086419755,4.0,7.0,648,0.0,0.0,0.0,0.0,0.0,0,0.0,0.0,0.0,0.0,0.0,0,1.0,1.0,1.0,1.0,1.0,552,0.9999999999999997,1.0000000000000002,1.0,1.0,1.0000000000000002,552,0.0,0.0,0.0,0.0,0.0,0.0,0.0,0.0,0.0,0.0,0.0,0.0,0.0,1306.5138949996253
923,9230184600000,4.0,10.0,4.638888888888889,4.0,7.0,648,0.0,0.0,0.0,0.0,0.0,0,0.0,0.0,0.0,0.0,0.0,0,1.0,1.0,1.0,1.0,1.0,552,0.9999999999999996,1.0000000000000004,1.0,1.0,1.0000000000000002,552,0.0,0.0,0.0,0.0,0.0,0.0,0.0,0.0,0.0,0.0,0.0,0.0,0.0,1320.4801300007603
924,9240184800000,4.0,10.0,4.643518518518518,4.0,7.0,648,0.0,0.0,0.0,0.0,0.0,0,0.0,0.0,0.0,0.0,0.0,0,1.0,1.0,1.0,1.0,1.0,552,0.9999999999999997,1.0000000000000004,1.0,1.0,1.0000000000000002,552,0.0,0.0,0.0,0.0,0.0,0.0,0.0,0.0,0.0,0.0,0.0,0.0,0.0,1319.8509569992893
925,9250185000000,4.0,10.0,4.637345679012346,4.0,7.0,648,0.0,0.0,0.0,0.0,0.0,0,0.0,0.0,0.0,0.0,0.0,0,1.0,1.0,1.0,1.0,1.0,552,0.9999999999999997,1.0000000000000002,1.0,1.0,1.0000000000000002,552,0.0,0.0,0.0,0.0,0.0,0.0,0.0,0.0,0.0,0.0,0.0,0.0,0.0,1301.548628999626
926,9260185200000,4.0,10.0,4.632716049382716,4.0,7.0,648,0.0,0.0,0.0,0.0,0.0,0,0.0,0.0,0.0,0.0,0.0,0,1.0,1.0,1.0,1.0,1.0,552,0.9999999999999998,1.0000000000000002,1.0,1.0,1.0000000000000002,552,0.0,0.0,0.0,0.0,0.0,0.0,0.0,0.0,0.0,0.0,0.0,0.0,0.0,1298.326416999771
927,9270185400000,4.0,10.0,4.62962962962963,4.0,7.0,648,0.0,0.0,0.0,0.0,0.0,0,0.0,0.0,0.0,0.0,0.0,0,1.0,1.0,1.0,1.0,1.0,552,0.9999999999999998,1.0000000000000002,1.0,1.0,1.0000000000000002,552,0.0,0.0,0.0,0.0,0.0,0.0,0.0,0.0,0.0,0.0,0.0,0.0,0.0,1274.5443140001953
928,9280185600000,4.0,10.0,4.638888888888889,4.0,7.0,648,0.0,0.0,0.0,0.0,0.0,0,0.0,0.0,0.0,0.0,0.0,0,1.0,1.0,1.0,1.0,1.0,552,0.9999999999999997,1.0000000000000002,1.0,1.0,1.0000000000000002,552,0.0,0.0,0.0,0.0,0.0,0.0,0.0,0.0,0.0,0.0,0.0,0.0,0.0,1338.7359710004603
929,9290185800000,4.0,10.0,4.6419753086419755,4.0,7.0,648,0.0,0.0,0.0,0.0,0.0,0,0.0,0.0,0.0,0.0,0.0,0,1.0,1.0,1.0,1.0,1.0,552,0.9999999999999997,1.0000000000000002,1.0,1.0,1.0000000000000002,552,0.0,0.0,0.0,0.0,0.0,0.0,0.0,0.0,0.0,0.0,0.0,0.0,0.0,1299.304561000099
930,9300186000000,4.0,10.0,4.6419753086419755,4.0,7.0,648,0.0,0.0,0.0,0.0,0.0,0,0.0,0.0,0.0,0.0,0.0,0,1.0,1.0,1.0,1.0,1.0,552,0.9999999999999997,1.0000000000000002,1.0,1.0,1.0000000000000002,552,0.0,0.0,0.0,0.0,0.0,0.0,0.0,0.0,0.0,0.0,0.0,0.0,0.0,1282.3791959999653
931,9310186200000,4.0,10.0,4.635802469135802,4.0,7.0,648,0.0,0.0,0.0,0.0,0.0,0,0.0,0.0,0.0,0.0,0.0,0,1.0,1.0,1.0,1.0,1.0,552,0.9999999999999998,1.0000000000000002,1.0,1.0,1.0000000000000002,552,0.0,0.0,0.0,0.0,0.0,0.0,0.0,0.0,0.0,0.0,0.0,0.0,0.0,1318.9869649995671
932,9320186400000,4.0,10.0,4.6342592592592595,4.0,7.0,648,0.0,0.0,0.0,0.0,0.0,0,0.0,0.0,0.0,0.0,0.0,0,1.0,1.0,1.0,1.0,1.0,552,0.9999999999999998,1.0000000000000002,1.0,1.0,1.0000000000000002,552,0.0,0.0,0.0,0.0,0.0,0.0,0.0,0.0,0.0,0.0,0.0,0.0,0.0,1333.2235549996767
933,9330186600000,4.0,10.0,4.643518518518518,4.0,7.0,648,0.0,0.0,0.0,0.0,0.0,0,0.0,0.0,0.0,0.0,0.0,0,1.0,1.0,1.0,1.0,1.0,552,0.9999999999999998,1.0000000000000004,1.0,1.0,1.0000000000000002,552,0.0,0.0,0.0,0.0,0.0,0.0,0.0,0.0,0.0,0.0,0.0,0.0,0.0,1316.1674969996966
934,9340186800000,4.0,10.0,4.6496913580246915,4.0,7.0,648,0.0,0.0,0.0,0.0,0.0,0,0.0,0.0,0.0,0.0,0.0,0,1.0,1.0,1.0,1.0,1.0,552,0.9999999999999998,1.0000000000000002,1.0,1.0,1.0000000000000002,552,0.0,0.0,0.0,0.0,0.0,0.0,0.0,0.0,0.0,0.0,0.0,0.0,0.0,1319.944281000062
935,9350187000000,4.0,10.0,4.6496913580246915,4.0,7.0,648,0.0,0.0,0.0,0.0,0.0,0,0.0,0.0,0.0,0.0,0.0,0,1.0,1.0,1.0,1.0,1.0,552,0.9999999999999997,1.0000000000000004,1.0,1.0,1.0000000000000002,552,0.0,0.0,0.0,0.0,0.0,0.0,0.0,0.0,0.0,0.0,0.0,0.0,0.0,1319.5432259999507
936,9360187200000,4.0,10.0,4.6419753086419755,4.0,7.0,648,0.0,0.0,0.0,0.0,0.0,0,0.0,0.0,0.0,0.0,0.0,0,1.0,1.0,1.0,1.0,1.0,552,0.9999999999999997,1.0000000000000002,1.0,1.0,1.0000000000000002,552,0.0,0.0,0.0,0.0,0.0,0.0,0.0,0.0,0.0,0.0,0.0,0.0,0.0,1335.0357400004214
937,9370187400000,4.0,10.0,4.640432098765432,4.0,7.0,648,0.0,0.0,0.0,0.0,0.0,0,0.0,0.0,0.0,0.0,0.0,0,1.0,1.0,1.0,1.0,1.0,552,0.9999999999999998,1.0000000000000002,1.0,1.0,1.0000000000000002,552,0.0,0.0,0.0,0.0,0.0,0.0,0.0,0.0,0.0,0.0,0.0,0.0,0.0,1320.5012499993245
938,9380187600000,4.0,10.0,4.640432098765432,4.0,7.0,648,0.0,0.0,0.0,0.0,0.0,0,0.0,0.0,0.0,0.0,0.0,0,1.0,1.0,1.0,1.0,1.0,552,0.9999999999999998,1.0000000000000002,1.0,1.0,1.0000000000000002,552,0.0,0.0,0.0,0.0,0.0,0.0,0.0,0.0,0.0,0.0,0.0,0.0,0.0,1319.307533999563
939,9390187800000,4.0,10.0,4.638888888888889,4.0,7.0,648,0.0,0.0,0.0,0.0,0.0,0,0.0,0.0,0.0,0.0,0.0,0,1.0,1.0,1.0,1.0,1.0,552,0.9999999999999997,1.0000000000000002,1.0,1.0,1.0,552,0.0,0.0,0.0,0.0,0.0,0.0,0.0,0.0,0.0,0.0,0.0,0.0,0.0,1343.6442020001778
940,9400188000000,4.0,10.0,4.637345679012346,4.0,7.0,648,0.0,0.0,0.0,0.0,0.0,0,0.0,0.0,0.0,0.0,0.0,0,1.0,1.0,1.0,1.0,1.0,552,0.9999999999999996,1.0000000000000002,1.0,1.0,1.0000000000000002,552,0.0,0.0,0.0,0.0,0.0,0.0,0.0,0.0,0.0,0.0,0.0,0.0,0.0,1356.7566909996458
941,9410188200000,4.0,10.0,4.643518518518518,4.0,7.0,648,0.0,0.0,0.0,0.0,0.0,0,0.0,0.0,0.0,0.0,0.0,0,1.0,1.0,1.0,1.0,1.0,552,0.9999999999999996,1.0000000000000004,1.0,1.0,1.0000000000000002,552,0.0,0.0,0.0,0.0,0.0,0.0,0.0,0.0,0.0,0.0,0.0,0.0,0.0,1389.891185000124
942,9420188400000,4.0,10.0,4.640432098765432,4.0,7.0,648,0.0,0.0,0.0,0.0,0.0,0,0.0,0.0,0.0,0.0,0.0,0,1.0,1.0,1.0,1.0,1.0,552,0.9999999999999997,1.0000000000000004,1.0,1.0,1.0000000000000002,552,0.0,0.0,0.0,0.0,0.0,0.0,0.0,0.0,0.0,0.0,0.0,0.0,0.0,1341.3974750001216
943,9430188600000,4.0,10.0,4.6265432098765435,4.0,7.0,648,0.0,0.0,0.0,0.0,0.0,0,0.0,0.0,0.0,0.0,0.0,0,1.0,1.0,1.0,1.0,1.0,552,0.9999999999999998,1.0000000000000004,1.0,1.0,1.0000000000000002,552,0.0,0.0,0.0,0.0,0.0,0.0,0.0,0.0,0.0,0.0,0.0,0.0,0.0,1294.3574359997
944,9440188800000,4.0,10.0,4.632716049382716,4.0,7.0,648,0.0,0.0,0.0,0.0,0.0,0,0.0,0.0,0.0,0.0,0.0,0,1.0,1.0,1.0,1.0,1.0,552,0.9999999999999998,1.0000000000000002,1.0,1.0,1.0,552,0.0,0.0,0.0,0.0,0.0,0.0,0.0,0.0,0.0,0.0,0.0,0.0,0.0,1321.0155610004222
945,9450189000000,4.0,10.0,4.635802469135802,4.0,7.0,648,0.0,0.0,0.0,0.0,0.0,0,0.0,0.0,0.0,0.0,0.0,0,1.0,1.0,1.0,1.0,1.0,552,0.9999999999999998,1.0000000000000004,1.0,1.0,1.0,552,0.0,0.0,0.0,0.0,0.0,0.0,0.0,0.0,0.0,0.0,0.0,0.0,0.0,1306.0074140003053
946,9460189200000,4.0,10.0,4.631172839506172,4.0,7.0,648,0.0,0.0,0.0,0.0,0.0,0,0.0,0.0,0.0,0.0,0.0,0,1.0,1.0,1.0,1.0,1.0,552,0.9999999999999998,1.0000000000000002,1.0,1.0,1.0000000000000002,552,0.0,0.0,0.0,0.0,0.0,0.0,0.0,0.0,0.0,0.0,0.0,0.0,0.0,1274.689911000678
947,9470189400000,4.0,10.0,4.640432098765432,4.0,7.0,648,0.0,0.0,0.0,0.0,0.0,0,0.0,0.0,0.0,0.0,0.0,0,1.0,1.0,1.0,1.0,1.0,552,0.9999999999999998,1.0000000000000004,1.0,1.0,1.0000000000000002,552,0.0,0.0,0.0,0.0,0.0,0.0,0.0,0.0,0.0,0.0,0.0,0.0,0.0,1287.135448999834
948,9480189600000,4.0,10.0,4.645061728395062,4.0,7.0,648,0.0,0.0,0.0,0.0,0.0,0,0.0,0.0,0.0,0.0,0.0,0,1.0,1.0,1.0,1.0,1.0,552,0.9999999999999998,1.0000000000000002,1.0,1.0,1.0000000000000002,552,0.0,0.0,0.0,0.0,0.0,0.0,0.0,0.0,0.0,0.0,0.0,0.0,0.0,1348.9686250004524
949,9490189800000,4.0,10.0,4.643518518518518,4.0,7.0,648,0.0,0.0,0.0,0.0,0.0,0,0.0,0.0,0.0,0.0,0.0,0,1.0,1.0,1.0,1.0,1.0,552,0.9999999999999997,1.0000000000000002,1.0,1.0,1.0000000000000002,552,0.0,0.0,0.0,0.0,0.0,0.0,0.0,0.0,0.0,0.0,0.0,0.0,0.0,1304.4373060001817
950,9500190000000,4.0,10.0,4.643518518518518,4.0,7.0,648,0.0,0.0,0.0,0.0,0.0,0,0.0,0.0,0.0,0.0,0.0,0,1.0,1.0,1.0,1.0,1.0,552,0.9999999999999997,1.0000000000000002,1.0,1.0,1.0000000000000002,552,0.0,0.0,0.0,0.0,0.0,0.0,0.0,0.0,0.0,0.0,0.0,0.0,0.0,1290.0222620000932
951,9510190200000,4.0,10.0,4.655864197530864,4.0,7.0,648,0.0,0.0,0.0,0.0,0.0,0,0.0,0.0,0.0,0.0,0.0,0,1.0,1.0,1.0,1.0,1.0,552,0.9999999999999997,1.0000000000000002,1.0,1.0,1.0000000000000002,552,0.0,0.0,0.0,0.0,0.0,0.0,0.0,0.0,0.0,0.0,0.0,0.0,0.0,1329.429325000092
952,9520190400000,4.0,10.0,4.648148148148148,4.0,7.0,648,0.0,0.0,0.0,0.0,0.0,0,0.0,0.0,0.0,0.0,0.0,0,1.0,1.0,1.0,1.0,1.0,552,0.9999999999999998,1.0000000000000002,1.0,1.0,1.0000000000000002,552,0.0,0.0,0.0,0.0,0.0,0.0,0.0,0.0,0.0,0.0,0.0,0.0,0.0,1349.9287169997842
953,9530190600000,4.0,10.0,4.646604938271605,4.0,7.0,648,0.0,0.0,0.0,0.0,0.0,0,0.0,0.0,0.0,0.0,0.0,0,1.0,1.0,1.0,1.0,1.0,552,0.9999999999999997,1.0000000000000002,1.0,1.0,1.0,552,0.0,0.0,0.0,0.0,0.0,0.0,0.0,0.0,0.0,0.0,0.0,0.0,0.0,1328.5312939997311
954,9540190800000,4.0,10.0,4.6419753086419755,4.0,7.0,648,0.0,0.0,0.0,0.0,0.0,0,0.0,0.0,0.0,0.0,0.0,0,1.0,1.0,1.0,1.0,1.0,552,0.9999999999999997,1.0000000000000002,1.0,1.0,1.0000000000000002,552,0.0,0.0,0.0,0.0,0.0,0.0,0.0,0.0,0.0,0.0,0.0,0.0,0.0,1328.156460000173
955,9550191000000,4.0,10.0,4.638888888888889,4.0,7.0,648,0.0,0.0,0.0,0.0,0.0,0,0.0,0.0,0.0,0.0,0.0,0,1.0,1.0,1.0,1.0,1.0,552,0.9999999999999996,1.0000000000000002,1.0,1.0,1.0000000000000002,552,0.0,0.0,0.0,0.0,0.0,0.0,0.0,0.0,0.0,0.0,0.0,0.0,0.0,1289.5975670007829
956,9560191200000,4.0,10.0,4.635802469135802,4.0,7.0,648,0.0,0.0,0.0,0.0,0.0,0,0.0,0.0,0.0,0.0,0.0,0,1.0,1.0,1.0,1.0,1.0,552,0.9999999999999997,1.0000000000000004,1.0,1.0,1.0000000000000002,552,0.0,0.0,0.0,0.0,0.0,0.0,0.0,0.0,0.0,0.0,0.0,0.0,0.0,1352.8611609999643
957,9570191400000,4.0,10.0,4.638888888888889,4.0,7.0,648,0.0,0.0,0.0,0.0,0.0,0,0.0,0.0,0.0,0.0,0.0,0,1.0,1.0,1.0,1.0,1.0,552,0.9999999999999996,1.0000000000000002,1.0,1.0,1.0000000000000002,552,0.0,0.0,0.0,0.0,0.0,0.0,0.0,0.0,0.0,0.0,0.0,0.0,0.0,1313.7402060001477
958,9580191600000,4.0,10.0,4.637345679012346,4.0,7.0,648,0.0,0.0,0.0,0.0,0.0,0,0.0,0.0,0.0,0.0,0.0,0,1.0,1.0,1.0,1.0,1.0,552,0.9999999999999998,1.0000000000000002,1.0,1.0,1.0000000000000002,552,0.0,0.0,0.0,0.0,0.0,0.0,0.0,0.0,0.0,0.0,0.0,0.0,0.0,1341.7818730004
959,9590191800000,4.0,10.0,4.640432098765432,4.0,7.0,648,0.0,0.0,0.0,0.0,0.0,0,0.0,0.0,0.0,0.0,0.0,0,1.0,1.0,1.0,1.0,1.0,552,0.9999999999999997,1.0000000000000002,1.0,1.0,1.0000000000000002,552,0.0,0.0,0.0,0.0,0.0,0.0,0.0,0.0,0.0,0.0,0.0,0.0,0.0,1446.2409489997299
960,9600192000000,4.0,10.0,4.637345679012346,4.0,7.0,648,0.0,0.0,0.0,0.0,0.0,0,0.0,0.0,0.0,0.0,0.0,0,1.0,1.0,1.0,1.0,1.0,552,0.9999999999999997,1.0000000000000004,1.0,1.0,1.0000000000000002,552,0.0,0.0,0.0,0.0,0.0,0.0,0.0,0.0,0.0,0.0,0.0,0.0,0.0,1394.6233189999475
961,9610192200000,4.0,10.0,4.635802469135802,4.0,7.0,648,0.0,0.0,0.0,0.0,0.0,0,0.0,0.0,0.0,0.0,0.0,0,1.0,1.0,1.0,1.0,1.0,552,0.9999999999999997,1.0000000000000004,1.0,1.0,1.0000000000000002,552,0.0,0.0,0.0,0.0,0.0,0.0,0.0,0.0,0.0,0.0,0.0,0.0,0.0,1306.4586070004225
962,9620192400000,4.0,10.0,4.6342592592592595,4.0,7.0,648,0.0,0.0,0.0,0.0,0.0,0,0.0,0.0,0.0,0.0,0.0,0,1.0,1.0,1.0,1.0,1.0,552,0.9999999999999998,1.0000000000000002,1.0,1.0,1.0000000000000002,552,0.0,0.0,0.0,0.0,0.0,0.0,0.0,0.0,0.0,0.0,0.0,0.0,0.0,1293.1535010002335
963,9630192600000,4.0,10.0,4.6419753086419755,4.0,7.0,648,0.0,0.0,0.0,0.0,0.0,0,0.0,0.0,0.0,0.0,0.0,0,1.0,1.0,1.0,1.0,1.0,552,0.9999999999999998,1.0000000000000002,1.0,1.0,1.0,552,0.0,0.0,0.0,0.0,0.0,0.0,0.0,0.0,0.0,0.0,0.0,0.0,0.0,1307.8908539991971
964,9640192800000,4.0,10.0,4.635802469135802,4.0,7.0,648,0.0,0.0,0.0,0.0,0.0,0,0.0,0.0,0.0,0.0,0.0,0,1.0,1.0,1.0,1.0,1.0,552,0.9999999999999997,1.0000000000000002,1.0,1.0,1.0,552,0.0,0.0,0.0,0.0,0.0,0.0,0.0,0.0,0.0,0.0,0.0,0.0,0.0,1312.7512760001991
965,9650193000000,4.0,10.0,4.6342592592592595,4.0,7.0,648,0.0,0.0,0.0,0.0,0.0,0,0.0,0.0,0.0,0.0,0.0,0,1.0,1.0,1.0,1.0,1.0,552,0.9999999999999996,1.0000000000000002,1.0,1.0,1.0000000000000002,552,0.0,0.0,0.0,0.0,0.0,0.0,0.0,0.0,0.0,0.0,0.0,0.0,0.0,1286.9200850000198
966,9660193200000,4.0,10.0,4.6419753086419755,4.0,7.0,648,0.0,0.0,0.0,0.0,0.0,0,0.0,0.0,0.0,0.0,0.0,0,1.0,1.0,1.0,1.0,1.0,552,0.9999999999999998,1.0000000000000004,1.0,1.0,1.0000000000000002,552,0.0,0.0,0.0,0.0,0.0,0.0,0.0,0.0,0.0,0.0,0.0,0.0,0.0,1313.7884609996036
967,9670193400000,4.0,10.0,4.640432098765432,4.0,7.0,648,0.0,0.0,0.0,0.0,0.0,0,0.0,0.0,0.0,0.0,0.0,0,1.0,1.0,1.0,1.0,1.0,552,0.9999999999999997,1.0000000000000002,1.0,1.0,1.0,552,0.0,0.0,0.0,0.0,0.0,0.0,0.0,0.0,0.0,0.0,0.0,0.0,0.0,1281.1110220000046
968,9680193600000,4.0,10.0,4.643518518518518,4.0,7.0,648,0.0,0.0,0.0,0.0,0.0,0,0.0,0.0,0.0,0.0,0.0,0,1.0,1.0,1.0,1.0,1.0,552,0.9999999999999998,1.0000000000000002,1.0,1.0,1.0,552,0.0,0.0,0.0,0.0,0.0,0.0,0.0,0.0,0.0,0.0,0.0,0.0,0.0,1307.9346869999426
969,9690193800000,4.0,10.0,4.648148148148148,4.0,7.0,648,0.0,0.0,0.0,0.0,0.0,0,0.0,0.0,0.0,0.0,0.0,0,1.0,1.0,1.0,1.0,1.0,552,0.9999999999999998,1.0000000000000004,1.0,1.0,1.0000000000000002,552,0.0,0.0,0.0,0.0,0.0,0.0,0.0,0.0,0.0,0.0,0.0,0.0,0.0,1295.125456000278
970,9700194000000,4.0,10.0,4.6496913580246915,4.0,7.0,648,0.0,0.0,0.0,0.0,0.0,0,0.0,0.0,0.0,0.0,0.0,0,1.0,1.0,1.0,1.0,1.0,552,0.9999999999999996,1.0000000000000002,1.0,1.0,1.0000000000000002,552,0.0,0.0,0.0,0.0,0.0,0.0,0.0,0.0,0.0,0.0,0.0,0.0,0.0,1304.6573239998907
971,9710194200000,4.0,10.0,4.646604938271605,4.0,7.0,648,0.0,0.0,0.0,0.0,0.0,0,0.0,0.0,0.0,0.0,0.0,0,1.0,1.0,1.0,1.0,1.0,552,0.9999999999999996,1.0000000000000002,1.0,1.0,1.0000000000000002,552,0.0,0.0,0.0,0.0,0.0,0.0,0.0,0.0,0.0,0.0,0.0,0.0,0.0,1309.1720920001535
972,9720194400000,4.0,10.0,4.643518518518518,4.0,7.0,648,0.0,0.0,0.0,0.0,0.0,0,0.0,0.0,0.0,0.0,0.0,0,1.0,1.0,1.0,1.0,1.0,552,0.9999999999999997,1.0000000000000004,1.0,1.0,1.0000000000000002,552,0.0,0.0,0.0,0.0,0.0,0.0,0.0,0.0,0.0,0.0,0.0,0.0,0.0,1347.6294410002083
973,9730194600000,4.0,10.0,4.637345679012346,4.0,7.0,648,0.0,0.0,0.0,0.0,0.0,0,0.0,0.0,0.0,0.0,0.0,0,1.0,1.0,1.0,1.0,1.0,552,0.9999999999999998,1.0000000000000002,1.0,1.0,1.0000000000000002,552,0.0,0.0,0.0,0.0,0.0,0.0,0.0,0.0,0.0,0.0,0.0,0.0,0.0,1287.2216189998653
974,9740194800000,4.0,10.0,4.625,4.0,7.0,648,0.0,0.0,0.0,0.0,0.0,0,0.0,0.0,0.0,0.0,0.0,0,1.0,1.0,1.0,1.0,1.0,552,0.9999999999999996,1.0000000000000004,1.0,1.0,1.0000000000000002,552,0.0,0.0,0.0,0.0,0.0,0.0,0.0,0.0,0.0,0.0,0.0,0.0,0.0,1306.8229860000429
975,9750195000000,4.0,10.0,4.6234567901234565,4.0,7.0,648,0.0,0.0,0.0,0.0,0.0,0,0.0,0.0,0.0,0.0,0.0,0,1.0,1.0,1.0,1.0,1.0,552,0.9999999999999998,1.0000000000000002,1.0,1.0,1.0000000000000002,552,0.0,0.0,0.0,0.0,0.0,0.0,0.0,0.0,0.0,0.0,0.0,0.0,0.0,1295.3736730005403
976,9760195200000,4.0,10.0,4.635802469135802,4.0,7.0,648,0.0,0.0,0.0,0.0,0.0,0,0.0,0.0,0.0,0.0,0.0,0,1.0,1.0,1.0,1.0,1.0,552,0.9999999999999997,1.0000000000000002,1.0,1.0,1.0000000000000002,552,0.0,0.0,0.0,0.0,0.0,0.0,0.0,0.0,0.0,0.0,0.0,0.0,0.0,1324.3804589992578
977,9770195400000,4.0,10.0,4.638888888888889,4.0,7.0,648,0.0,0.0,0.0,0.0,0.0,0,0.0,0.0,0.0,0.0,0.0,0,1.0,1.0,1.0,1.0,1.0,552,0.9999999999999998,1.0000000000000002,1.0,1.0,1.0000000000000002,552,0.0,0.0,0.0,0.0,0.0,0.0,0.0,0.0,0.0,0.0,0.0,0.0,0.0,1332.3493520001648
978,9780195600000,4.0,10.0,4.6419753086419755,4.0,7.0,648,0.0,0.0,0.0,0.0,0.0,0,0.0,0.0,0.0,0.0,0.0,0,1.0,1.0,1.0,1.0,1.0,552,0.9999999999999997,1.0000000000000002,1.0,1.0,1.0000000000000002,552,0.0,0.0,0.0,0.0,0.0,0.0,0.0,0.0,0.0,0.0,0.0,0.0,0.0,1325.2340139997614
979,9790195800000,4.0,10.0,4.637345679012346,4.0,7.0,648,0.0,0.0,0.0,0.0,0.0,0,0.0,0.0,0.0,0.0,0.0,0,1.0,1.0,1.0,1.0,1.0,552,0.9999999999999998,1.0000000000000002,1.0,1.0,1.0000000000000002,552,0.0,0.0,0.0,0.0,0.0,0.0,0.0,0.0,0.0,0.0,0.0,0.0,0.0,1295.6093559996589
980,9800196000000,4.0,10.0,4.6342592592592595,4.0,7.0,648,0.0,0.0,0.0,0.0,0.0,0,0.0,0.0,0.0,0.0,0.0,0,1.0,1.0,1.0,1.0,1.0,552,0.9999999999999996,1.0000000000000004,1.0,1.0,1.0000000000000002,552,0.0,0.0,0.0,0.0,0.0,0.0,0.0,0.0,0.0,0.0,0.0,0.0,0.0,1330.8157250003205
981,9810196200000,4.0,10.0,4.640432098765432,4.0,7.0,648,0.0,0.0,0.0,0.0,0.0,0,0.0,0.0,0.0,0.0,0.0,0,1.0,1.0,1.0,1.0,1.0,552,0.9999999999999997,1.0000000000000002,1.0,1.0,1.0000000000000002,552,0.0,0.0,0.0,0.0,0.0,0.0,0.0,0.0,0.0,0.0,0.0,0.0,0.0,1314.186990000053
982,9820196400000,4.0,10.0,4.640432098765432,4.0,7.0,648,0.0,0.0,0.0,0.0,0.0,0,0.0,0.0,0.0,0.0,0.0,0,1.0,1.0,1.0,1.0,1.0,552,0.9999999999999997,1.0000000000000004,1.0,1.0,1.0,552,0.0,0.0,0.0,0.0,0.0,0.0,0.0,0.0,0.0,0.0,0.0,0.0,0.0,1288.0543600003875
983,9830196600000,4.0,10.0,4.638888888888889,4.0,7.0,648,0.0,0.0,0.0,0.0,0.0,0,0.0,0.0,0.0,0.0,0.0,0,1.0,1.0,1.0,1.0,1.0,552,0.9999999999999997,1.0000000000000004,1.0,1.0,1.0000000000000002,552,0.0,0.0,0.0,0.0,0.0,0.0,0.0,0.0,0.0,0.0,0.0,0.0,0.0,1279.7514889998638
984,9840196800000,4.0,10.0,4.635802469135802,4.0,7.0,648,0.0,0.0,0.0,0.0,0.0,0,0.0,0.0,0.0,0.0,0.0,0,1.0,1.0,1.0,1.0,1.0,552,0.9999999999999997,1.0000000000000002,1.0,1.0,1.0000000000000002,552,0.0,0.0,0.0,0.0,0.0,0.0,0.0,0.0,0.0,0.0,0.0,0.0,0.0,1301.669868999852
985,9850197000000,4.0,10.0,4.6496913580246915,4.0,7.0,648,0.0,0.0,0.0,0.0,0.0,0,0.0,0.0,0.0,0.0,0.0,0,1.0,1.0,1.0,1.0,1.0,552,0.9999999999999997,1.0000000000000004,1.0,1.0,1.0000000000000002,552,0.0,0.0,0.0,0.0,0.0,0.0,0.0,0.0,0.0,0.0,0.0,0.0,0.0,1296.065023000665
986,9860197200000,4.0,10.0,4.645061728395062,4.0,7.0,648,0.0,0.0,0.0,0.0,0.0,0,0.0,0.0,0.0,0.0,0.0,0,1.0,1.0,1.0,1.0,1.0,552,0.9999999999999998,1.0000000000000002,1.0,1.0,1.0000000000000002,552,0.0,0.0,0.0,0.0,0.0,0.0,0.0,0.0,0.0,0.0,0.0,0.0,0.0,1297.7816040001926
987,9870197400000,4.0,10.0,4.645061728395062,4.0,7.0,648,0.0,0.0,0.0,0.0,0.0,0,0.0,0.0,0.0,0.0,0.0,0,1.0,1.0,1.0,1.0,1.0,552,0.9999999999999997,1.0000000000000002,1.0,1.0,1.0,552,0.0,0.0,0.0,0.0,0.0,0.0,0.0,0.0,0.0,0.0,0.0,0.0,0.0,1283.6676919996535
988,9880197600000,4.0,10.0,4.645061728395062,4.0,7.0,648,0.0,0.0,0.0,0.0,0.0,0,0.0,0.0,0.0,0.0,0.0,0,1.0,1.0,1.0,1.0,1.0,552,0.9999999999999997,1.0000000000000002,1.0,1.0,1.0,552,0.0,0.0,0.0,0.0,0.0,0.0,0.0,0.0,0.0,0.0,0.0,0.0,0.0,1335.3955730008238
989,9890197800000,4.0,10.0,4.6496913580246915,4.0,7.0,648,0.0,0.0,0.0,0.0,0.0,0,0.0,0.0,0.0,0.0,0.0,0,1.0,1.0,1.0,1.0,1.0,552,0.9999999999999997,1.0000000000000002,1.0,1.0,1.0000000000000002,552,0.0,0.0,0.0,0.0,0.0,0.0,0.0,0.0,0.0,0.0,0.0,0.0,0.0,1340.5009930002052
990,9900198000000,4.0,10.0,4.655864197530864,4.0,7.0,648,0.0,0.0,0.0,0.0,0.0,0,0.0,0.0,0.0,0.0,0.0,0,1.0,1.0,1.0,1.0,1.0,552,0.9999999999999998,1.0000000000000002,1.0,1.0,1.0,552,0.0,0.0,0.0,0.0,0.0,0.0,0.0,0.0,0.0,0.0,0.0,0.0,0.0,1298.0551159998868
991,9910198200000,4.0,10.0,4.643518518518518,4.0,7.0,648,0.0,0.0,0.0,0.0,0.0,0,0.0,0.0,0.0,0.0,0.0,0,1.0,1.0,1.0,1.0,1.0,552,0.9999999999999997,1.0000000000000002,1.0,1.0,1.0000000000000002,552,0.0,0.0,0.0,0.0,0.0,0.0,0.0,0.0,0.0,0.0,0.0,0.0,0.0,1346.687961000498
992,9920198400000,4.0,10.0,4.628086419753086,4.0,7.0,648,0.0,0.0,0.0,0.0,0.0,0,0.0,0.0,0.0,0.0,0.0,0,1.0,1.0,1.0,1.0,1.0,552,0.9999999999999997,1.0000000000000002,1.0,1.0,1.0000000000000002,552,0.0,0.0,0.0,0.0,0.0,0.0,0.0,0.0,0.0,0.0,0.0,0.0,0.0,1332.7550359999805
993,9930198600000,4.0,10.0,4.62037037037037,4.0,7.0,648,0.0,0.0,0.0,0.0,0.0,0,0.0,0.0,0.0,0.0,0.0,0,1.0,1.0,1.0,1.0,1.0,552,0.9999999999999997,1.0000000000000002,1.0,1.0,1.0000000000000002,552,0.0,0.0,0.0,0.0,0.0,0.0,0.0,0.0,0.0,0.0,0.0,0.0,0.0,1308.5209660002874
994,9940198800000,4.0,10.0,4.6234567901234565,4.0,7.0,648,0.0,0.0,0.0,0.0,0.0,0,0.0,0.0,0.0,0.0,0.0,0,1.0,1.0,1.0,1.0,1.0,552,0.9999999999999997,1.0000000000000002,1.0,1.0,1.0000000000000002,552,0.0,0.0,0.0,0.0,0.0,0.0,0.0,0.0,0.0,0.0,0.0,0.0,0.0,1325.967804999891
995,9950199000000,4.0,10.0,4.631172839506172,4.0,7.0,648,0.0,0.0,0.0,0.0,0.0,0,0.0,0.0,0.0,0.0,0.0,0,1.0,1.0,1.0,1.0,1.0,552,0.9999999999999996,1.0000000000000004,1.0,1.0,1.0000000000000002,552,0.0,0.0,0.0,0.0,0.0,0.0,0.0,0.0,0.0,0.0,0.0,0.0,0.0,1317.7226200004952
996,9960199200000,4.0,10.0,4.637345679012346,4.0,7.0,648,0.0,0.0,0.0,0.0,0.0,0,0.0,0.0,0.0,0.0,0.0,0,1.0,1.0,1.0,1.0,1.0,552,0.9999999999999996,1.0000000000000004,1.0,1.0,1.0000000000000002,552,0.0,0.0,0.0,0.0,0.0,0.0,0.0,0.0,0.0,0.0,0.0,0.0,0.0,1361.1061230003543
997,9970199400000,4.0,10.0,4.635802469135802,4.0,7.0,648,0.0,0.0,0.0,0.0,0.0,0,0.0,0.0,0.0,0.0,0.0,0,1.0,1.0,1.0,1.0,1.0,552,0.9999999999999996,1.0000000000000002,1.0,1.0,1.0,552,0.0,0.0,0.0,0.0,0.0,0.0,0.0,0.0,0.0,0.0,0.0,0.0,0.0,1336.9102919996294
998,9980199600000,4.0,10.0,4.638888888888889,4.0,7.0,648,0.0,0.0,0.0,0.0,0.0,0,0.0,0.0,0.0,0.0,0.0,0,1.0,1.0,1.0,1.0,1.0,552,0.9999999999999997,1.0000000000000004,1.0,1.0,1.0000000000000002,552,0.0,0.0,0.0,0.0,0.0,0.0,0.0,0.0,0.0,0.0,0.0,0.0,0.0,1334.5864759994583
999,9990199800000,4.0,10.0,4.638888888888889,4.0,7.0,648,0.0,0.0,0.0,0.0,0.0,0,0.0,0.0,0.0,0.0,0.0,0,1.0,1.0,1.0,1.0,1.0,552,0.9999999999999996,1.0000000000000004,1.0,1.0,1.0000000000000002,552,0.0,0.0,0.0,0.0,0.0,0.0,0.0,0.0,0.0,0.0,0.0,0.0,0.0,1330.5230969999684
1000,10000200000000,4.0,10.0,4.635802469135802,4.0,7.0,648,0.0,0.0,0.0,0.0,0.0,0,0.0,0.0,0.0,0.0,0.0,0,1.0,1.0,1.0,1.0,1.0,552,0.9999999999999998,1.0000000000000002,1.0,1.0,1.0000000000000002,552,0.0,0.0,0.0,0.0,0.0,0.0,0.0,0.0,0.0,0.0,0.0,0.0,0.0,1323.9338419998603
1001,10010200200000,4.0,10.0,4.6342592592592595,4.0,7.0,648,0.0,0.0,0.0,0.0,0.0,0,0.0,0.0,0.0,0.0,0.0,0,1.0,1.0,1.0,1.0,1.0,552,0.9999999999999997,1.0000000000000002,1.0,1.0,1.0000000000000002,552,0.0,0.0,0.0,0.0,0.0,0.0,0.0,0.0,0.0,0.0,0.0,0.0,0.0,1313.4341670001959
1002,10020200400000,4.0,10.0,4.6419753086419755,4.0,7.0,648,0.0,0.0,0.0,0.0,0.0,0,0.0,0.0,0.0,0.0,0.0,0,1.0,1.0,1.0,1.0,1.0,552,0.9999999999999997,1.0000014414971812,1.000000002611408,1.0,1.0000000000000002,552,0.0,0.0,0.0,0.0,0.0,0.0,0.0,0.0,0.0,0.0,0.0,0.0,0.0,1305.535950000376
1003,10030200600000,4.0,10.0,4.648148148148148,4.0,7.0,648,0.0,0.0,0.0,0.0,0.0,0,0.0,0.0,0.0,0.0,0.0,0,1.0,1.0,1.0,1.0,1.0,552,0.9999999999999996,1.0000000000000002,1.0,1.0,1.0000000000000002,552,0.0,0.0,0.0,0.0,0.0,0.0,0.0,0.0,0.0,0.0,0.0,0.0,0.0,1336.9133470005181
1004,10040200800000,4.0,10.0,4.646604938271605,4.0,7.0,648,0.0,0.0,0.0,0.0,0.0,0,0.0,0.0,0.0,0.0,0.0,0,1.0,1.0,1.0,1.0,1.0,552,0.9999999999999996,1.0000000000000004,1.0,1.0,1.0000000000000002,552,0.0,0.0,0.0,0.0,0.0,0.0,0.0,0.0,0.0,0.0,0.0,0.0,0.0,1424.872847000188
1005,10050201000000,4.0,10.0,4.648148148148148,4.0,7.0,648,0.0,0.0,0.0,0.0,0.0,0,0.0,0.0,0.0,0.0,0.0,0,1.0,1.0,1.0,1.0,1.0,552,0.9999999999999998,1.0000000000000002,1.0,1.0,1.0000000000000002,552,0.0,0.0,0.0,0.0,0.0,0.0,0.0,0.0,0.0,0.0,0.0,0.0,0.0,1325.0886089999767
1006,10060201200000,4.0,10.0,4.648148148148148,4.0,7.0,648,0.0,0.0,0.0,0.0,0.0,0,0.0,0.0,0.0,0.0,0.0,0,1.0,1.0,1.0,1.0,1.0,552,0.9999999999999996,1.0000000000000004,1.0,1.0,1.0000000000000002,552,0.0,0.0,0.0,0.0,0.0,0.0,0.0,0.0,0.0,0.0,0.0,0.0,0.0,1314.0543139998044
1007,10070201400000,4.0,10.0,4.646604938271605,4.0,7.0,648,0.0,0.0,0.0,0.0,0.0,0,0.0,0.0,0.0,0.0,0.0,0,1.0,1.0,1.0,1.0,1.0,552,0.9999999999999998,1.0000000000000004,1.0,1.0,1.0000000000000002,552,0.0,0.0,0.0,0.0,0.0,0.0,0.0,0.0,0.0,0.0,0.0,0.0,0.0,1314.5584639996741
1008,10080201600000,4.0,10.0,4.651234567901234,4.0,7.0,648,0.0,0.0,0.0,0.0,0.0,0,0.0,0.0,0.0,0.0,0.0,0,1.0,1.0,1.0,1.0,1.0,552,0.9999999999999997,1.0000000000000002,1.0,1.0,1.0,552,0.0,0.0,0.0,0.0,0.0,0.0,0.0,0.0,0.0,0.0,0.0,0.0,0.0,1339.0530850001596
1009,10090201800000,4.0,10.0,4.648148148148148,4.0,7.0,648,0.0,0.0,0.0,0.0,0.0,0,0.0,0.0,0.0,0.0,0.0,0,1.0,1.0,1.0,1.0,1.0,552,0.9999999999999998,1.0000000000000004,1.0,1.0,1.0000000000000002,552,0.0,0.0,0.0,0.0,0.0,0.0,0.0,0.0,0.0,0.0,0.0,0.0,0.0,1475.5972720004138
1010,10100202000000,4.0,10.0,4.632716049382716,4.0,7.0,648,0.0,0.0,0.0,0.0,0.0,0,0.0,0.0,0.0,0.0,0.0,0,1.0,1.0,1.0,1.0,1.0,552,0.9999999999999996,1.0000000000000002,1.0,1.0,1.0000000000000002,552,0.0,0.0,0.0,0.0,0.0,0.0,0.0,0.0,0.0,0.0,0.0,0.0,0.0,1314.0279819999705
1011,10110202200000,4.0,10.0,4.628086419753086,4.0,7.0,648,0.0,0.0,0.0,0.0,0.0,0,0.0,0.0,0.0,0.0,0.0,0,1.0,1.0,1.0,1.0,1.0,552,0.9999999999999998,1.0000000000000002,1.0,1.0,1.0000000000000002,552,0.0,0.0,0.0,0.0,0.0,0.0,0.0,0.0,0.0,0.0,0.0,0.0,0.0,1311.8003009994936
1012,10120202400000,4.0,10.0,4.621913580246914,4.0,7.0,648,0.0,0.0,0.0,0.0,0.0,0,0.0,0.0,0.0,0.0,0.0,0,1.0,1.0,1.0,1.0,1.0,552,0.9999999999999997,1.0000000000000002,1.0,1.0,1.0000000000000002,552,0.0,0.0,0.0,0.0,0.0,0.0,0.0,0.0,0.0,0.0,0.0,0.0,0.0,1348.409231000005
1013,10130202600000,4.0,10.0,4.617283950617284,4.0,7.0,648,0.0,0.0,0.0,0.0,0.0,0,0.0,0.0,0.0,0.0,0.0,0,1.0,1.0,1.0,1.0,1.0,552,0.9999999999999998,1.0000000000000002,1.0,1.0,1.0000000000000002,552,0.0,0.0,0.0,0.0,0.0,0.0,0.0,0.0,0.0,0.0,0.0,0.0,0.0,1350.6794609993449
1014,10140202800000,4.0,10.0,4.6342592592592595,4.0,7.0,648,0.0,0.0,0.0,0.0,0.0,0,0.0,0.0,0.0,0.0,0.0,0,1.0,1.0,1.0,1.0,1.0,552,0.9999999999999998,1.0000000000000002,1.0,1.0,1.0000000000000002,552,0.0,0.0,0.0,0.0,0.0,0.0,0.0,0.0,0.0,0.0,0.0,0.0,0.0,1326.3827070004481
1015,10150203000000,4.0,10.0,4.637345679012346,4.0,7.0,648,0.0,0.0,0.0,0.0,0.0,0,0.0,0.0,0.0,0.0,0.0,0,1.0,1.0,1.0,1.0,1.0,552,0.9999999999999997,1.0000000000000002,1.0,1.0,1.0000000000000002,552,0.0,0.0,0.0,0.0,0.0,0.0,0.0,0.0,0.0,0.0,0.0,0.0,0.0,1339.4385470000998
1016,10160203200000,4.0,10.0,4.6419753086419755,4.0,7.0,648,0.0,0.0,0.0,0.0,0.0,0,0.0,0.0,0.0,0.0,0.0,0,1.0,1.0,1.0,1.0,1.0,552,0.9999999999999997,1.0000000000000002,1.0,1.0,1.0000000000000002,552,0.0,0.0,0.0,0.0,0.0,0.0,0.0,0.0,0.0,0.0,0.0,0.0,0.0,1400.6564979999894
1017,10170203400000,4.0,10.0,4.637345679012346,4.0,7.0,648,0.0,0.0,0.0,0.0,0.0,0,0.0,0.0,0.0,0.0,0.0,0,1.0,1.0,1.0,1.0,1.0,552,0.9999999999999997,1.0000000000000002,1.0,1.0,1.0000000000000002,552,0.0,0.0,0.0,0.0,0.0,0.0,0.0,0.0,0.0,0.0,0.0,0.0,0.0,1324.5585320000828
1018,10180203600000,4.0,10.0,4.638888888888889,4.0,7.0,648,0.0,0.0,0.0,0.0,0.0,0,0.0,0.0,0.0,0.0,0.0,0,1.0,1.0,1.0,1.0,1.0,552,0.9999999999999997,1.0000000000000004,1.0,1.0,1.0000000000000002,552,0.0,0.0,0.0,0.0,0.0,0.0,0.0,0.0,0.0,0.0,0.0,0.0,0.0,1326.21425599973
1019,10190203800000,4.0,10.0,4.640432098765432,4.0,7.0,648,0.0,0.0,0.0,0.0,0.0,0,0.0,0.0,0.0,0.0,0.0,0,1.0,1.0,1.0,1.0,1.0,552,0.9999999999999997,1.0000000000000002,1.0,1.0,1.0000000000000002,552,0.0,0.0,0.0,0.0,0.0,0.0,0.0,0.0,0.0,0.0,0.0,0.0,0.0,1307.8183949992308
1020,10200204000000,4.0,10.0,4.643518518518518,4.0,7.0,648,0.0,0.0,0.0,0.0,0.0,0,0.0,0.0,0.0,0.0,0.0,0,1.0,1.0,1.0,1.0,1.0,552,0.9999999999999997,1.0000000000000004,1.0,1.0,1.0000000000000002,552,0.0,0.0,0.0,0.0,0.0,0.0,0.0,0.0,0.0,0.0,0.0,0.0,0.0,1347.3004420002326
1021,10210204200000,4.0,10.0,4.646604938271605,4.0,7.0,648,0.0,0.0,0.0,0.0,0.0,0,0.0,0.0,0.0,0.0,0.0,0,1.0,1.0,1.0,1.0,1.0,552,0.9999999999999998,1.0000000000000002,1.0,1.0,1.0000000000000002,552,0.0,0.0,0.0,0.0,0.0,0.0,0.0,0.0,0.0,0.0,0.0,0.0,0.0,1393.763005999972
1022,10220204400000,4.0,10.0,4.654320987654321,4.0,7.0,648,0.0,0.0,0.0,0.0,0.0,0,0.0,0.0,0.0,0.0,0.0,0,1.0,1.0,1.0,1.0,1.0,552,0.9999999999999997,1.0000000000000002,1.0,1.0,1.0000000000000002,552,0.0,0.0,0.0,0.0,0.0,0.0,0.0,0.0,0.0,0.0,0.0,0.0,0.0,1335.9997540001132
1023,10230204600000,4.0,10.0,4.657407407407407,4.0,7.0,648,0.0,0.0,0.0,0.0,0.0,0,0.0,0.0,0.0,0.0,0.0,0,1.0,1.0,1.0,1.0,1.0,552,0.9999999999999996,1.0000000000000002,1.0,1.0,1.0000000000000002,552,0.0,0.0,0.0,0.0,0.0,0.0,0.0,0.0,0.0,0.0,0.0,0.0,0.0,1324.6579579999889
1024,10240204800000,4.0,10.0,4.654320987654321,4.0,7.0,648,0.0,0.0,0.0,0.0,0.0,0,0.0,0.0,0.0,0.0,0.0,0,1.0,1.0,1.0,1.0,1.0,552,0.9999999999999997,1.0000000000000004,1.0,1.0,1.0000000000000002,552,0.0,0.0,0.0,0.0,0.0,0.0,0.0,0.0,0.0,0.0,0.0,0.0,0.0,1339.0074739991178
1025,10250205000000,4.0,10.0,4.648148148148148,4.0,7.0,648,0.0,0.0,0.0,0.0,0.0,0,0.0,0.0,0.0,0.0,0.0,0,1.0,1.0,1.0,1.0,1.0,552,0.9999999999999998,1.0000000000000004,1.0,1.0,1.0000000000000002,552,0.0,0.0,0.0,0.0,0.0,0.0,0.0,0.0,0.0,0.0,0.0,0.0,0.0,1321.4988760000779
1026,10260205200000,4.0,10.0,4.648148148148148,4.0,7.0,648,0.0,0.0,0.0,0.0,0.0,0,0.0,0.0,0.0,0.0,0.0,0,1.0,1.0,1.0,1.0,1.0,552,0.9999999999999998,1.0000000000000004,1.0,1.0,1.0000000000000002,552,0.0,0.0,0.0,0.0,0.0,0.0,0.0,0.0,0.0,0.0,0.0,0.0,0.0,1322.3381960006009
1027,10270205400000,4.0,10.0,4.651234567901234,4.0,7.0,648,0.0,0.0,0.0,0.0,0.0,0,0.0,0.0,0.0,0.0,0.0,0,1.0,1.0,1.0,1.0,1.0,552,0.9999999999999997,1.0000000000000002,1.0,1.0,1.0000000000000002,552,0.0,0.0,0.0,0.0,0.0,0.0,0.0,0.0,0.0,0.0,0.0,0.0,0.0,1337.5112130006528
1028,10280205600000,4.0,10.0,4.638888888888889,4.0,7.0,648,0.0,0.0,0.0,0.0,0.0,0,0.0,0.0,0.0,0.0,0.0,0,1.0,1.0,1.0,1.0,1.0,552,0.9999999999999997,1.0000000000000002,1.0,1.0,1.0000000000000002,552,0.0,0.0,0.0,0.0,0.0,0.0,0.0,0.0,0.0,0.0,0.0,0.0,0.0,1366.459121999469
1029,10290205800000,4.0,10.0,4.6342592592592595,4.0,7.0,648,0.0,0.0,0.0,0.0,0.0,0,0.0,0.0,0.0,0.0,0.0,0,1.0,1.0,1.0,1.0,1.0,552,0.9999999999999997,1.0000000000000004,1.0,1.0,1.0000000000000002,552,0.0,0.0,0.0,0.0,0.0,0.0,0.0,0.0,0.0,0.0,0.0,0.0,0.0,1329.2989450001187
1030,10300206000000,4.0,10.0,4.625,4.0,7.0,648,0.0,0.0,0.0,0.0,0.0,0,0.0,0.0,0.0,0.0,0.0,0,1.0,1.0,1.0,1.0,1.0,552,0.9999999999999998,1.0000000000000002,1.0,1.0,1.0000000000000002,552,0.0,0.0,0.0,0.0,0.0,0.0,0.0,0.0,0.0,0.0,0.0,0.0,0.0,1319.4727959999
1031,10310206200000,4.0,10.0,4.625,4.0,7.0,648,0.0,0.0,0.0,0.0,0.0,0,0.0,0.0,0.0,0.0,0.0,0,1.0,1.0,1.0,1.0,1.0,552,0.9999999999999996,1.0000000000000004,1.0,1.0,1.0000000000000002,552,0.0,0.0,0.0,0.0,0.0,0.0,0.0,0.0,0.0,0.0,0.0,0.0,0.0,1345.2478730005168
1032,10320206400000,4.0,10.0,4.6265432098765435,4.0,7.0,648,0.0,0.0,0.0,0.0,0.0,0,0.0,0.0,0.0,0.0,0.0,0,1.0,1.0,1.0,1.0,1.0,552,0.9999999999999998,1.0000000000000004,1.0,1.0,1.0000000000000002,552,0.0,0.0,0.0,0.0,0.0,0.0,0.0,0.0,0.0,0.0,0.0,0.0,0.0,1348.9123439994728
1033,10330206600000,4.0,10.0,4.643518518518518,4.0,7.0,648,0.0,0.0,0.0,0.0,0.0,0,0.0,0.0,0.0,0.0,0.0,0,1.0,1.0,1.0,1.0,1.0,552,0.9999999999999998,1.0000000000000002,1.0,1.0,1.0000000000000002,552,0.0,0.0,0.0,0.0,0.0,0.0,0.0,0.0,0.0,0.0,0.0,0.0,0.0,1325.2646629998708
1034,10340206800000,4.0,10.0,4.645061728395062,4.0,7.0,648,0.0,0.0,0.0,0.0,0.0,0,0.0,0.0,0.0,0.0,0.0,0,1.0,1.0,1.0,1.0,1.0,552,0.9999999999999996,1.0000000000000004,1.0,1.0,1.0000000000000002,552,0.0,0.0,0.0,0.0,0.0,0.0,0.0,0.0,0.0,0.0,0.0,0.0,0.0,1323.0700120002439
1035,10350207000000,4.0,10.0,4.648148148148148,4.0,7.0,648,0.0,0.0,0.0,0.0,0.0,0,0.0,0.0,0.0,0.0,0.0,0,1.0,1.0,1.0,1.0,1.0,552,0.9999999999999997,1.0000000000000002,1.0,1.0,1.0,552,0.0,0.0,0.0,0.0,0.0,0.0,0.0,0.0,0.0,0.0,0.0,0.0,0.0,1316.3380710002457
1036,10360207200000,4.0,10.0,4.643518518518518,4.0,7.0,648,0.0,0.0,0.0,0.0,0.0,0,0.0,0.0,0.0,0.0,0.0,0,1.0,1.0,1.0,1.0,1.0,552,0.9999999999999997,1.0000000000000002,1.0,1.0,1.0000000000000002,552,0.0,0.0,0.0,0.0,0.0,0.0,0.0,0.0,0.0,0.0,0.0,0.0,0.0,1333.8642090002395
1037,10370207400000,4.0,10.0,4.646604938271605,4.0,7.0,648,0.0,0.0,0.0,0.0,0.0,0,0.0,0.0,0.0,0.0,0.0,0,1.0,1.0,1.0,1.0,1.0,552,0.9999999999999997,1.0000000000000002,1.0,1.0,1.0000000000000002,552,0.0,0.0,0.0,0.0,0.0,0.0,0.0,0.0,0.0,0.0,0.0,0.0,0.0,1317.8283259994714
1038,10380207600000,4.0,10.0,4.646604938271605,4.0,7.0,648,0.0,0.0,0.0,0.0,0.0,0,0.0,0.0,0.0,0.0,0.0,0,1.0,1.0,1.0,1.0,1.0,552,0.9999999999999998,1.0000000000000002,1.0,1.0,1.0000000000000002,552,0.0,0.0,0.0,0.0,0.0,0.0,0.0,0.0,0.0,0.0,0.0,0.0,0.0,1308.7875999999596
1039,10390207800000,4.0,10.0,4.651234567901234,4.0,7.0,648,0.0,0.0,0.0,0.0,0.0,0,0.0,0.0,0.0,0.0,0.0,0,1.0,1.0,1.0,1.0,1.0,552,0.9999999999999997,1.0000000000000002,1.0,1.0,1.0000000000000002,552,0.0,0.0,0.0,0.0,0.0,0.0,0.0,0.0,0.0,0.0,0.0,0.0,0.0,1318.8944150006137
1040,10400208000000,4.0,10.0,4.6496913580246915,4.0,7.0,648,0.0,0.0,0.0,0.0,0.0,0,0.0,0.0,0.0,0.0,0.0,0,1.0,1.0,1.0,1.0,1.0,552,0.9999999999999996,1.0000000000000002,1.0,1.0,1.0000000000000002,552,0.0,0.0,0.0,0.0,0.0,0.0,0.0,0.0,0.0,0.0,0.0,0.0,0.0,1340.2024429997255
1041,10410208200000,4.0,10.0,4.654320987654321,4.0,7.0,648,0.0,0.0,0.0,0.0,0.0,0,0.0,0.0,0.0,0.0,0.0,0,1.0,1.0,1.0,1.0,1.0,552,0.9999999999999997,1.0000000000000004,1.0,1.0,1.0000000000000002,552,0.0,0.0,0.0,0.0,0.0,0.0,0.0,0.0,0.0,0.0,0.0,0.0,0.0,1315.7889799995246
1042,10420208400000,4.0,10.0,4.6496913580246915,4.0,7.0,648,0.0,0.0,0.0,0.0,0.0,0,0.0,0.0,0.0,0.0,0.0,0,1.0,1.0,1.0,1.0,1.0,552,0.9999999999999996,1.0000000000000002,1.0,1.0,1.0000000000000002,552,0.0,0.0,0.0,0.0,0.0,0.0,0.0,0.0,0.0,0.0,0.0,0.0,0.0,1315.994204999697
1043,10430208600000,4.0,10.0,4.654320987654321,4.0,7.0,648,0.0,0.0,0.0,0.0,0.0,0,0.0,0.0,0.0,0.0,0.0,0,1.0,1.0,1.0,1.0,1.0,552,0.9999999999999996,1.0000000000000002,1.0,1.0,1.0,552,0.0,0.0,0.0,0.0,0.0,0.0,0.0,0.0,0.0,0.0,0.0,0.0,0.0,1324.521666999317
1044,10440208800000,4.0,10.0,4.646604938271605,4.0,7.0,648,0.0,0.0,0.0,0.0,0.0,0,0.0,0.0,0.0,0.0,0.0,0,1.0,1.0,1.0,1.0,1.0,552,0.9999999999999998,1.0000000000000002,1.0,1.0,1.0,552,0.0,0.0,0.0,0.0,0.0,0.0,0.0,0.0,0.0,0.0,0.0,0.0,0.0,1328.4685489998083
1045,10450209000000,4.0,10.0,4.645061728395062,4.0,7.0,648,0.0,0.0,0.0,0.0,0.0,0,0.0,0.0,0.0,0.0,0.0,0,1.0,1.0,1.0,1.0,1.0,552,0.9999999999999998,1.0000000000000004,1.0,1.0,1.0000000000000002,552,0.0,0.0,0.0,0.0,0.0,0.0,0.0,0.0,0.0,0.0,0.0,0.0,0.0,1304.8076280001624
1046,10460209200000,4.0,10.0,4.646604938271605,4.0,7.0,648,0.0,0.0,0.0,0.0,0.0,0,0.0,0.0,0.0,0.0,0.0,0,1.0,1.0,1.0,1.0,1.0,552,0.9999999999999996,1.0000000000000002,1.0,1.0,1.0000000000000002,552,0.0,0.0,0.0,0.0,0.0,0.0,0.0,0.0,0.0,0.0,0.0,0.0,0.0,1326.5671889994337
1047,10470209400000,4.0,10.0,4.6419753086419755,4.0,7.0,648,0.0,0.0,0.0,0.0,0.0,0,0.0,0.0,0.0,0.0,0.0,0,1.0,1.0,1.0,1.0,1.0,552,0.9999999999999996,1.0000000000000002,1.0,1.0,1.0000000000000002,552,0.0,0.0,0.0,0.0,0.0,0.0,0.0,0.0,0.0,0.0,0.0,0.0,0.0,1300.3165790005369
1048,10480209600000,4.0,10.0,4.635802469135802,4.0,7.0,648,0.0,0.0,0.0,0.0,0.0,0,0.0,0.0,0.0,0.0,0.0,0,1.0,1.0,1.0,1.0,1.0,552,0.9999999999999997,1.0000000000000002,1.0,1.0,1.0000000000000002,552,0.0,0.0,0.0,0.0,0.0,0.0,0.0,0.0,0.0,0.0,0.0,0.0,0.0,1344.2620859996168
1049,10490209800000,4.0,10.0,4.640432098765432,4.0,7.0,648,0.0,0.0,0.0,0.0,0.0,0,0.0,0.0,0.0,0.0,0.0,0,1.0,1.0,1.0,1.0,1.0,552,0.9999999999999998,1.0000000000000004,1.0,1.0,1.0000000000000002,552,0.0,0.0,0.0,0.0,0.0,0.0,0.0,0.0,0.0,0.0,0.0,0.0,0.0,1323.3715360001952
1050,10500210000000,4.0,10.0,4.6419753086419755,4.0,7.0,648,0.0,0.0,0.0,0.0,0.0,0,0.0,0.0,0.0,0.0,0.0,0,1.0,1.0,1.0,1.0,1.0,552,0.9999999999999998,1.0000000000000002,1.0,1.0,1.0000000000000002,552,0.0,0.0,0.0,0.0,0.0,0.0,0.0,0.0,0.0,0.0,0.0,0.0,0.0,1337.3224649994881
1051,10510210200000,4.0,10.0,4.645061728395062,4.0,7.0,648,0.0,0.0,0.0,0.0,0.0,0,0.0,0.0,0.0,0.0,0.0,0,1.0,1.0,1.0,1.0,1.0,552,0.9999999999999998,1.0000000000000004,1.0,1.0,1.0000000000000002,552,0.0,0.0,0.0,0.0,0.0,0.0,0.0,0.0,0.0,0.0,0.0,0.0,0.0,1337.4298480002835
1052,10520210400000,4.0,10.0,4.645061728395062,4.0,7.0,648,0.0,0.0,0.0,0.0,0.0,0,0.0,0.0,0.0,0.0,0.0,0,1.0,1.0,1.0,1.0,1.0,552,0.9999999999999998,1.0000000000000002,1.0,1.0,1.0000000000000002,552,0.0,0.0,0.0,0.0,0.0,0.0,0.0,0.0,0.0,0.0,0.0,0.0,0.0,1355.827433999366
1053,10530210600000,4.0,10.0,4.645061728395062,4.0,7.0,648,0.0,0.0,0.0,0.0,0.0,0,0.0,0.0,0.0,0.0,0.0,0,1.0,1.0,1.0,1.0,1.0,552,0.9999999999999997,1.0000000000000004,1.0,1.0,1.0000000000000002,552,0.0,0.0,0.0,0.0,0.0,0.0,0.0,0.0,0.0,0.0,0.0,0.0,0.0,1378.4307779997107
1054,10540210800000,4.0,10.0,4.643518518518518,4.0,7.0,648,0.0,0.0,0.0,0.0,0.0,0,0.0,0.0,0.0,0.0,0.0,0,1.0,1.0,1.0,1.0,1.0,552,0.9999999999999998,1.0000000000000002,1.0,1.0,1.0000000000000002,552,0.0,0.0,0.0,0.0,0.0,0.0,0.0,0.0,0.0,0.0,0.0,0.0,0.0,1324.283173999902
1055,10550211000000,4.0,10.0,4.645061728395062,4.0,7.0,648,0.0,0.0,0.0,0.0,0.0,0,0.0,0.0,0.0,0.0,0.0,0,1.0,1.0,1.0,1.0,1.0,552,0.9999999999999997,1.0000000000000002,1.0,1.0,1.0000000000000002,552,0.0,0.0,0.0,0.0,0.0,0.0,0.0,0.0,0.0,0.0,0.0,0.0,0.0,1321.5223699999115
1056,10560211200000,4.0,10.0,4.6419753086419755,4.0,7.0,648,0.0,0.0,0.0,0.0,0.0,0,0.0,0.0,0.0,0.0,0.0,0,1.0,1.0,1.0,1.0,1.0,552,0.9999999999999997,1.0000000000000002,1.0,1.0,1.0000000000000002,552,0.0,0.0,0.0,0.0,0.0,0.0,0.0,0.0,0.0,0.0,0.0,0.0,0.0,1346.6624369993951
1057,10570211400000,4.0,10.0,4.643518518518518,4.0,7.0,648,0.0,0.0,0.0,0.0,0.0,0,0.0,0.0,0.0,0.0,0.0,0,1.0,1.0,1.0,1.0,1.0,552,0.9999999999999997,1.0000000000000004,1.0,1.0,1.0000000000000002,552,0.0,0.0,0.0,0.0,0.0,0.0,0.0,0.0,0.0,0.0,0.0,0.0,0.0,1321.2609299998803
1058,10580211600000,4.0,10.0,4.645061728395062,4.0,7.0,648,0.0,0.0,0.0,0.0,0.0,0,0.0,0.0,0.0,0.0,0.0,0,1.0,1.0,1.0,1.0,1.0,552,0.9999999999999996,1.0000000000000002,1.0,1.0,1.0000000000000002,552,0.0,0.0,0.0,0.0,0.0,0.0,0.0,0.0,0.0,0.0,0.0,0.0,0.0,1306.2306949996128
1059,10590211800000,4.0,10.0,4.648148148148148,4.0,7.0,648,0.0,0.0,0.0,0.0,0.0,0,0.0,0.0,0.0,0.0,0.0,0,1.0,1.0,1.0,1.0,1.0,552,0.9999999999999998,1.0000000000000002,1.0,1.0,1.0000000000000002,552,0.0,0.0,0.0,0.0,0.0,0.0,0.0,0.0,0.0,0.0,0.0,0.0,0.0,1312.9971400003342
1060,10600212000000,4.0,10.0,4.6496913580246915,4.0,7.0,648,0.0,0.0,0.0,0.0,0.0,0,0.0,0.0,0.0,0.0,0.0,0,1.0,1.0,1.0,1.0,1.0,552,0.9999999999999997,1.0000000000000002,1.0,1.0,1.0000000000000002,552,0.0,0.0,0.0,0.0,0.0,0.0,0.0,0.0,0.0,0.0,0.0,0.0,0.0,1336.8818009994357
1061,10610212200000,4.0,10.0,4.652777777777778,4.0,7.0,648,0.0,0.0,0.0,0.0,0.0,0,0.0,0.0,0.0,0.0,0.0,0,1.0,1.0,1.0,1.0,1.0,552,0.9999999999999997,1.0000000000000002,1.0,1.0,1.0000000000000002,552,0.0,0.0,0.0,0.0,0.0,0.0,0.0,0.0,0.0,0.0,0.0,0.0,0.0,1319.2266570003994
1062,10620212400000,4.0,10.0,4.643518518518518,4.0,7.0,648,0.0,0.0,0.0,0.0,0.0,0,0.0,0.0,0.0,0.0,0.0,0,1.0,1.0,1.0,1.0,1.0,552,0.9999999999999997,1.0000000000000002,1.0,1.0,1.0000000000000002,552,0.0,0.0,0.0,0.0,0.0,0.0,0.0,0.0,0.0,0.0,0.0,0.0,0.0,1312.8298639994682
1063,10630212600000,4.0,10.0,4.643518518518518,4.0,7.0,648,0.0,0.0,0.0,0.0,0.0,0,0.0,0.0,0.0,0.0,0.0,0,1.0,1.0,1.0,1.0,1.0,552,0.9999999999999998,1.0000000000000004,1.0,1.0,1.0000000000000002,552,0.0,0.0,0.0,0.0,0.0,0.0,0.0,0.0,0.0,0.0,0.0,0.0,0.0,1321.7347299996618
1064,10640212800000,4.0,10.0,4.645061728395062,4.0,7.0,648,0.0,0.0,0.0,0.0,0.0,0,0.0,0.0,0.0,0.0,0.0,0,1.0,1.0,1.0,1.0,1.0,552,0.9999999999999998,1.0000000000000002,1.0,1.0,1.0000000000000002,552,0.0,0.0,0.0,0.0,0.0,0.0,0.0,0.0,0.0,0.0,0.0,0.0,0.0,1338.8671550001163
1065,10650213000000,4.0,10.0,4.645061728395062,4.0,7.0,648,0.0,0.0,0.0,0.0,0.0,0,0.0,0.0,0.0,0.0,0.0,0,1.0,1.0,1.0,1.0,1.0,552,0.9999999999999996,1.0000000000000002,1.0,1.0,1.0000000000000002,552,0.0,0.0,0.0,0.0,0.0,0.0,0.0,0.0,0.0,0.0,0.0,0.0,0.0,1386.965100999987
1066,10660213200000,4.0,10.0,4.646604938271605,4.0,7.0,648,0.0,0.0,0.0,0.0,0.0,0,0.0,0.0,0.0,0.0,0.0,0,1.0,1.0,1.0,1.0,1.0,552,0.9999999999999998,1.0000000000000002,1.0,1.0,1.0,552,0.0,0.0,0.0,0.0,0.0,0.0,0.0,0.0,0.0,0.0,0.0,0.0,0.0,1333.460422999451
1067,10670213400000,4.0,10.0,4.6419753086419755,4.0,7.0,648,0.0,0.0,0.0,0.0,0.0,0,0.0,0.0,0.0,0.0,0.0,0,1.0,1.0,1.0,1.0,1.0,552,0.9999999999999997,1.0000000000000002,1.0,1.0,1.0000000000000002,552,0.0,0.0,0.0,0.0,0.0,0.0,0.0,0.0,0.0,0.0,0.0,0.0,0.0,1335.8799620000354
1068,10680213600000,4.0,10.0,4.645061728395062,4.0,7.0,648,0.0,0.0,0.0,0.0,0.0,0,0.0,0.0,0.0,0.0,0.0,0,1.0,1.0,1.0,1.0,1.0,552,0.9999999999999998,1.0000000000000004,1.0,1.0,1.0,552,0.0,0.0,0.0,0.0,0.0,0.0,0.0,0.0,0.0,0.0,0.0,0.0,0.0,1346.4297370001077
1069,10690213800000,4.0,9.0,4.646604938271605,4.0,7.0,648,0.0,0.0,0.0,0.0,0.0,0,0.0,0.0,0.0,0.0,0.0,0,1.0,1.0,1.0,1.0,1.0,552,0.9999999999999997,1.0000000000000002,1.0,1.0,1.0000000000000002,552,0.0,0.0,0.0,0.0,0.0,0.0,0.0,0.0,0.0,0.0,0.0,0.0,0.0,1387.5764549993619
1070,10700214000000,4.0,9.0,4.655864197530864,4.0,7.0,648,0.0,0.0,0.0,0.0,0.0,0,0.0,0.0,0.0,0.0,0.0,0,1.0,1.0,1.0,1.0,1.0,552,0.9999999999999996,1.0000000000000002,1.0,1.0,1.0000000000000002,552,0.0,0.0,0.0,0.0,0.0,0.0,0.0,0.0,0.0,0.0,0.0,0.0,0.0,1341.490998000154
1071,10710214200000,4.0,10.0,4.658950617283951,4.0,7.0,648,0.0,0.0,0.0,0.0,0.0,0,0.0,0.0,0.0,0.0,0.0,0,1.0,1.0,1.0,1.0,1.0,552,0.9999999999999998,1.0000000000000004,1.0,1.0,1.0000000000000002,552,0.0,0.0,0.0,0.0,0.0,0.0,0.0,0.0,0.0,0.0,0.0,0.0,0.0,1390.8708419994582
1072,10720214400000,4.0,10.0,4.646604938271605,4.0,7.0,648,0.0,0.0,0.0,0.0,0.0,0,0.0,0.0,0.0,0.0,0.0,0,1.0,1.0,1.0,1.0,1.0,552,0.9999999999999997,1.0000000000000004,1.0,1.0,1.0000000000000002,552,0.0,0.0,0.0,0.0,0.0,0.0,0.0,0.0,0.0,0.0,0.0,0.0,0.0,1385.034741000709
1073,10730214600000,4.0,10.0,4.645061728395062,4.0,7.0,648,0.0,0.0,0.0,0.0,0.0,0,0.0,0.0,0.0,0.0,0.0,0,1.0,1.0,1.0,1.0,1.0,552,0.9999999999999998,1.0000000000000004,1.0,1.0,1.0000000000000002,552,0.0,0.0,0.0,0.0,0.0,0.0,0.0,0.0,0.0,0.0,0.0,0.0,0.0,1366.2946980002744
1074,10740214800000,4.0,10.0,4.648148148148148,4.0,7.0,648,0.0,0.0,0.0,0.0,0.0,0,0.0,0.0,0.0,0.0,0.0,0,1.0,1.0,1.0,1.0,1.0,552,0.9999999999999998,1.0000000000000002,1.0,1.0,1.0000000000000002,552,0.0,0.0,0.0,0.0,0.0,0.0,0.0,0.0,0.0,0.0,0.0,0.0,0.0,1331.9941979998475
1075,10750215000000,4.0,10.0,4.6419753086419755,4.0,7.0,648,0.0,0.0,0.0,0.0,0.0,0,0.0,0.0,0.0,0.0,0.0,0,1.0,1.0,1.0,1.0,1.0,552,0.9999999999999997,1.0000000000000004,1.0,1.0,1.0000000000000002,552,0.0,0.0,0.0,0.0,0.0,0.0,0.0,0.0,0.0,0.0,0.0,0.0,0.0,1354.5532620000813
1076,10760215200000,4.0,10.0,4.643518518518518,4.0,7.0,648,0.0,0.0,0.0,0.0,0.0,0,0.0,0.0,0.0,0.0,0.0,0,1.0,1.0,1.0,1.0,1.0,552,0.9999999999999997,1.0000000000000004,1.0,1.0,1.0000000000000002,552,0.0,0.0,0.0,0.0,0.0,0.0,0.0,0.0,0.0,0.0,0.0,0.0,0.0,1337.8080820002651
1077,10770215400000,4.0,10.0,4.635802469135802,4.0,7.0,648,0.0,0.0,0.0,0.0,0.0,0,0.0,0.0,0.0,0.0,0.0,0,1.0,1.0,1.0,1.0,1.0,552,0.9999999999999996,1.0000000000000004,1.0,1.0,1.0000000000000002,552,0.0,0.0,0.0,0.0,0.0,0.0,0.0,0.0,0.0,0.0,0.0,0.0,0.0,1310.4134490004071
1078,10780215600000,4.0,10.0,4.6419753086419755,4.0,7.0,648,0.0,0.0,0.0,0.0,0.0,0,0.0,0.0,0.0,0.0,0.0,0,1.0,1.0,1.0,1.0,1.0,552,0.9999999999999997,1.0000000000000002,1.0,1.0,1.0000000000000002,552,0.0,0.0,0.0,0.0,0.0,0.0,0.0,0.0,0.0,0.0,0.0,0.0,0.0,1410.0477069996487
1079,10790215800000,4.0,10.0,4.637345679012346,4.0,7.0,648,0.0,0.0,0.0,0.0,0.0,0,0.0,0.0,0.0,0.0,0.0,0,1.0,1.0,1.0,1.0,1.0,552,0.9999999999999996,1.0000000000000002,1.0,1.0,1.0000000000000002,552,0.0,0.0,0.0,0.0,0.0,0.0,0.0,0.0,0.0,0.0,0.0,0.0,0.0,1303.4202820008431
1080,10800216000000,4.0,10.0,4.646604938271605,4.0,7.0,648,0.0,0.0,0.0,0.0,0.0,0,0.0,0.0,0.0,0.0,0.0,0,1.0,1.0,1.0,1.0,1.0,552,0.9999999999999997,1.0000000000000002,1.0,1.0,1.0000000000000002,552,0.0,0.0,0.0,0.0,0.0,0.0,0.0,0.0,0.0,0.0,0.0,0.0,0.0,1340.3201089995491
1081,10810216200000,4.0,10.0,4.654320987654321,4.0,7.0,648,0.0,0.0,0.0,0.0,0.0,0,0.0,0.0,0.0,0.0,0.0,0,1.0,1.0,1.0,1.0,1.0,552,0.9999999999999997,1.0000000000000004,1.0,1.0,1.0000000000000002,552,0.0,0.0,0.0,0.0,0.0,0.0,0.0,0.0,0.0,0.0,0.0,0.0,0.0,1346.6368559993498
1082,10820216400000,4.0,10.0,4.648148148148148,4.0,7.0,648,0.0,0.0,0.0,0.0,0.0,0,0.0,0.0,0.0,0.0,0.0,0,1.0,1.0,1.0,1.0,1.0,552,0.9999999999999997,1.0000000000000004,1.0,1.0,1.0000000000000002,552,0.0,0.0,0.0,0.0,0.0,0.0,0.0,0.0,0.0,0.0,0.0,0.0,0.0,1326.1014030003935
1083,10830216600000,4.0,10.0,4.6419753086419755,4.0,7.0,648,0.0,0.0,0.0,0.0,0.0,0,0.0,0.0,0.0,0.0,0.0,0,1.0,1.0,1.0,1.0,1.0,552,0.9999999999999998,1.0000000000000002,1.0,1.0,1.0000000000000002,552,0.0,0.0,0.0,0.0,0.0,0.0,0.0,0.0,0.0,0.0,0.0,0.0,0.0,1313.2351169997492
1084,10840216800000,4.0,10.0,4.646604938271605,4.0,7.0,648,0.0,0.0,0.0,0.0,0.0,0,0.0,0.0,0.0,0.0,0.0,0,1.0,1.0,1.0,1.0,1.0,552,0.9999999999999998,1.0000000000000004,1.0,1.0,1.0000000000000002,552,0.0,0.0,0.0,0.0,0.0,0.0,0.0,0.0,0.0,0.0,0.0,0.0,0.0,1339.7610809997786
1085,10850217000000,4.0,10.0,4.6496913580246915,4.0,7.0,648,0.0,0.0,0.0,0.0,0.0,0,0.0,0.0,0.0,0.0,0.0,0,1.0,1.0,1.0,1.0,1.0,552,0.9999999999999998,1.0000000000000002,1.0,1.0,1.0000000000000002,552,0.0,0.0,0.0,0.0,0.0,0.0,0.0,0.0,0.0,0.0,0.0,0.0,0.0,1316.169919999993
1086,10860217200000,4.0,9.0,4.643518518518518,4.0,7.0,648,0.0,0.0,0.0,0.0,0.0,0,0.0,0.0,0.0,0.0,0.0,0,1.0,1.0,1.0,1.0,1.0,552,0.9999999999999997,1.0000000000000002,1.0,1.0,1.0000000000000002,552,0.0,0.0,0.0,0.0,0.0,0.0,0.0,0.0,0.0,0.0,0.0,0.0,0.0,1414.4822820007903
1087,10870217400000,4.0,9.0,4.652777777777778,4.0,7.0,648,0.0,0.0,0.0,0.0,0.0,0,0.0,0.0,0.0,0.0,0.0,0,1.0,1.0,1.0,1.0,1.0,552,0.9999999999999997,1.0000000000000002,1.0,1.0,1.0000000000000002,552,0.0,0.0,0.0,0.0,0.0,0.0,0.0,0.0,0.0,0.0,0.0,0.0,0.0,1333.630981999704
1088,10880217600000,4.0,9.0,4.658950617283951,4.0,7.0,648,0.0,0.0,0.0,0.0,0.0,0,0.0,0.0,0.0,0.0,0.0,0,1.0,1.0,1.0,1.0,1.0,552,0.9999999999999997,1.0000000000000002,1.0,1.0,1.0000000000000002,552,0.0,0.0,0.0,0.0,0.0,0.0,0.0,0.0,0.0,0.0,0.0,0.0,0.0,1370.553127999301
1089,10890217800000,4.0,9.0,4.66358024691358,4.0,7.0,648,0.0,0.0,0.0,0.0,0.0,0,0.0,0.0,0.0,0.0,0.0,0,1.0,1.0,1.0,1.0,1.0,552,0.9999999999999996,1.0000000000000002,1.0,1.0,1.0000000000000002,552,0.0,0.0,0.0,0.0,0.0,0.0,0.0,0.0,0.0,0.0,0.0,0.0,0.0,1355.5112029998782
1090,10900218000000,4.0,9.0,4.655864197530864,4.0,7.0,648,0.0,0.0,0.0,0.0,0.0,0,0.0,0.0,0.0,0.0,0.0,0,1.0,1.0,1.0,1.0,1.0,552,0.9999999999999997,1.0000000000000002,1.0,1.0,1.0,552,0.0,0.0,0.0,0.0,0.0,0.0,0.0,0.0,0.0,0.0,0.0,0.0,0.0,1344.5106819999637
1091,10910218200000,4.0,10.0,4.652777777777778,4.0,7.0,648,0.0,0.0,0.0,0.0,0.0,0,0.0,0.0,0.0,0.0,0.0,0,1.0,1.0,1.0,1.0,1.0,552,0.9999999999999998,1.0000000000000002,1.0,1.0,1.0000000000000002,552,0.0,0.0,0.0,0.0,0.0,0.0,0.0,0.0,0.0,0.0,0.0,0.0,0.0,1322.8309820005961
1092,10920218400000,4.0,10.0,4.648148148148148,4.0,7.0,648,0.0,0.0,0.0,0.0,0.0,0,0.0,0.0,0.0,0.0,0.0,0,1.0,1.0,1.0,1.0,1.0,552,0.9999999999999998,1.0000000000000002,1.0,1.0,1.0000000000000002,552,0.0,0.0,0.0,0.0,0.0,0.0,0.0,0.0,0.0,0.0,0.0,0.0,0.0,1357.9492170001686
1093,10930218600000,4.0,10.0,4.6496913580246915,4.0,7.0,648,0.0,0.0,0.0,0.0,0.0,0,0.0,0.0,0.0,0.0,0.0,0,1.0,1.0,1.0,1.0,1.0,552,0.9999999999999997,1.0000000000000004,1.0,1.0,1.0000000000000002,552,0.0,0.0,0.0,0.0,0.0,0.0,0.0,0.0,0.0,0.0,0.0,0.0,0.0,1345.223487000112
1094,10940218800000,4.0,10.0,4.637345679012346,4.0,7.0,648,0.0,0.0,0.0,0.0,0.0,0,0.0,0.0,0.0,0.0,0.0,0,1.0,1.0,1.0,1.0,1.0,552,0.9999999999999998,1.0000000000000002,1.0,1.0,1.0000000000000002,552,0.0,0.0,0.0,0.0,0.0,0.0,0.0,0.0,0.0,0.0,0.0,0.0,0.0,1307.4010780001117
1095,10950219000000,4.0,10.0,4.635802469135802,4.0,7.0,648,0.0,0.0,0.0,0.0,0.0,0,0.0,0.0,0.0,0.0,0.0,0,1.0,1.0,1.0,1.0,1.0,552,0.9999999999999997,1.0000000000000002,1.0,1.0,1.0000000000000002,552,0.0,0.0,0.0,0.0,0.0,0.0,0.0,0.0,0.0,0.0,0.0,0.0,0.0,1299.0457260002586
1096,10960219200000,4.0,10.0,4.638888888888889,4.0,7.0,648,0.0,0.0,0.0,0.0,0.0,0,0.0,0.0,0.0,0.0,0.0,0,1.0,1.0,1.0,1.0,1.0,552,0.9999999999999998,1.0000000000000002,1.0,1.0,1.0000000000000002,552,0.0,0.0,0.0,0.0,0.0,0.0,0.0,0.0,0.0,0.0,0.0,0.0,0.0,1341.8978449999486
1097,10970219400000,4.0,10.0,4.648148148148148,4.0,7.0,648,0.0,0.0,0.0,0.0,0.0,0,0.0,0.0,0.0,0.0,0.0,0,1.0,1.0,1.0,1.0,1.0,552,0.9999999999999997,1.0000000000000002,1.0,1.0,1.0000000000000002,552,0.0,0.0,0.0,0.0,0.0,0.0,0.0,0.0,0.0,0.0,0.0,0.0,0.0,1310.115957000562
1098,10980219600000,4.0,10.0,4.648148148148148,4.0,7.0,648,0.0,0.0,0.0,0.0,0.0,0,0.0,0.0,0.0,0.0,0.0,0,1.0,1.0,1.0,1.0,1.0,552,0.9999999999999998,1.0000000000000002,1.0,1.0,1.0000000000000002,552,0.0,0.0,0.0,0.0,0.0,0.0,0.0,0.0,0.0,0.0,0.0,0.0,0.0,1313.749137000741
1099,10990219800000,4.0,10.0,4.646604938271605,4.0,7.0,648,0.0,0.0,0.0,0.0,0.0,0,0.0,0.0,0.0,0.0,0.0,0,1.0,1.0,1.0,1.0,1.0,552,0.9999999999999996,1.0000000000000002,1.0,1.0,1.0000000000000002,552,0.0,0.0,0.0,0.0,0.0,0.0,0.0,0.0,0.0,0.0,0.0,0.0,0.0,1302.7578009996432
1100,11000220000000,4.0,10.0,4.651234567901234,4.0,7.0,648,0.0,0.0,0.0,0.0,0.0,0,0.0,0.0,0.0,0.0,0.0,0,1.0,1.0,1.0,1.0,1.0,552,0.9999999999999997,1.0000000000000002,1.0,1.0,1.0000000000000002,552,0.0,0.0,0.0,0.0,0.0,0.0,0.0,0.0,0.0,0.0,0.0,0.0,0.0,1339.8436080005922
1101,11010220200000,4.0,10.0,4.646604938271605,4.0,7.0,648,0.0,0.0,0.0,0.0,0.0,0,0.0,0.0,0.0,0.0,0.0,0,1.0,1.0,1.0,1.0,1.0,552,0.9999999999999997,1.0000000000000002,1.0,1.0,1.0000000000000002,552,0.0,0.0,0.0,0.0,0.0,0.0,0.0,0.0,0.0,0.0,0.0,0.0,0.0,1311.7382769996766
1102,11020220400000,4.0,10.0,4.648148148148148,4.0,7.0,648,0.0,0.0,0.0,0.0,0.0,0,0.0,0.0,0.0,0.0,0.0,0,1.0,1.0,1.0,1.0,1.0,552,0.9999999999999998,1.0000000000000004,1.0,1.0,1.0000000000000002,552,0.0,0.0,0.0,0.0,0.0,0.0,0.0,0.0,0.0,0.0,0.0,0.0,0.0,1316.1631739994846
1103,11030220600000,4.0,10.0,4.6496913580246915,4.0,7.0,648,0.0,0.0,0.0,0.0,0.0,0,0.0,0.0,0.0,0.0,0.0,0,1.0,1.0,1.0,1.0,1.0,552,0.9999999999999998,1.0000000000000002,1.0,1.0,1.0000000000000002,552,0.0,0.0,0.0,0.0,0.0,0.0,0.0,0.0,0.0,0.0,0.0,0.0,0.0,1473.2132819999606
1104,11040220800000,4.0,9.0,4.645061728395062,4.0,7.0,648,0.0,0.0,0.0,0.0,0.0,0,0.0,0.0,0.0,0.0,0.0,0,1.0,1.0,1.0,1.0,1.0,552,0.9999999999999998,1.0000000000000002,1.0,1.0,1.0000000000000002,552,0.0,0.0,0.0,0.0,0.0,0.0,0.0,0.0,0.0,0.0,0.0,0.0,0.0,1364.8532209999757
1105,11050221000000,4.0,9.0,4.643518518518518,4.0,7.0,648,0.0,0.0,0.0,0.0,0.0,0,0.0,0.0,0.0,0.0,0.0,0,1.0,1.0,1.0,1.0,1.0,552,0.9999999999999997,1.0000000000000002,1.0,1.0,1.0000000000000002,552,0.0,0.0,0.0,0.0,0.0,0.0,0.0,0.0,0.0,0.0,0.0,0.0,0.0,1322.232188000271
1106,11060221200000,4.0,9.0,4.652777777777778,4.0,7.0,648,0.0,0.0,0.0,0.0,0.0,0,0.0,0.0,0.0,0.0,0.0,0,1.0,1.0,1.0,1.0,1.0,552,0.9999999999999998,1.0000000000000004,1.0,1.0,1.0000000000000002,552,0.0,0.0,0.0,0.0,0.0,0.0,0.0,0.0,0.0,0.0,0.0,0.0,0.0,1330.4130559999976
1107,11070221400000,4.0,9.0,4.655864197530864,4.0,7.0,648,0.0,0.0,0.0,0.0,0.0,0,0.0,0.0,0.0,0.0,0.0,0,1.0,1.0,1.0,1.0,1.0,552,0.9999999999999998,1.0000000000000004,1.0,1.0,1.0000000000000002,552,0.0,0.0,0.0,0.0,0.0,0.0,0.0,0.0,0.0,0.0,0.0,0.0,0.0,1338.807464000638
1108,11080221600000,4.0,9.0,4.657407407407407,4.0,7.0,648,0.0,0.0,0.0,0.0,0.0,0,0.0,0.0,0.0,0.0,0.0,0,1.0,1.0,1.0,1.0,1.0,552,0.9999999999999997,1.0000000000000004,1.0,1.0,1.0000000000000002,552,0.0,0.0,0.0,0.0,0.0,0.0,0.0,0.0,0.0,0.0,0.0,0.0,0.0,1357.9089280001426
1109,11090221800000,4.0,9.0,4.655864197530864,4.0,7.0,648,0.0,0.0,0.0,0.0,0.0,0,0.0,0.0,0.0,0.0,0.0,0,1.0,1.0,1.0,1.0,1.0,552,0.9999999999999997,1.0000000000000002,1.0,1.0,1.0000000000000002,552,0.0,0.0,0.0,0.0,0.0,0.0,0.0,0.0,0.0,0.0,0.0,0.0,0.0,1317.0095640007276
1110,11100222000000,4.0,10.0,4.655864197530864,4.0,7.0,648,0.0,0.0,0.0,0.0,0.0,0,0.0,0.0,0.0,0.0,0.0,0,1.0,1.0,1.0,1.0,1.0,552,0.9999999999999997,1.0000000000000004,1.0,1.0,1.0000000000000002,552,0.0,0.0,0.0,0.0,0.0,0.0,0.0,0.0,0.0,0.0,0.0,0.0,0.0,1352.4581810006566
1111,11110222200000,4.0,10.0,4.655864197530864,4.0,7.0,648,0.0,0.0,0.0,0.0,0.0,0,0.0,0.0,0.0,0.0,0.0,0,1.0,1.0,1.0,1.0,1.0,552,0.9999999999999997,1.0000000000000004,1.0,1.0,1.0000000000000002,552,0.0,0.0,0.0,0.0,0.0,0.0,0.0,0.0,0.0,0.0,0.0,0.0,0.0,1342.9842329996973
1112,11120222400000,4.0,10.0,4.651234567901234,4.0,7.0,648,0.0,0.0,0.0,0.0,0.0,0,0.0,0.0,0.0,0.0,0.0,0,1.0,1.0,1.0,1.0,1.0,552,0.9999999999999997,1.0000000000000002,1.0,1.0,1.0000000000000002,552,0.0,0.0,0.0,0.0,0.0,0.0,0.0,0.0,0.0,0.0,0.0,0.0,0.0,1354.5339339998463
1113,11130222600000,4.0,10.0,4.635802469135802,4.0,7.0,648,0.0,0.0,0.0,0.0,0.0,0,0.0,0.0,0.0,0.0,0.0,0,1.0,1.0,1.0,1.0,1.0,552,0.9999999999999997,1.0000000000000004,1.0,1.0,1.0,552,0.0,0.0,0.0,0.0,0.0,0.0,0.0,0.0,0.0,0.0,0.0,0.0,0.0,1322.587492999446
1114,11140222800000,4.0,10.0,4.637345679012346,4.0,7.0,648,0.0,0.0,0.0,0.0,0.0,0,0.0,0.0,0.0,0.0,0.0,0,1.0,1.0,1.0,1.0,1.0,552,0.9999999999999997,1.0000000000000004,1.0,1.0,1.0000000000000002,552,0.0,0.0,0.0,0.0,0.0,0.0,0.0,0.0,0.0,0.0,0.0,0.0,0.0,1315.6641450004827
1115,11150223000000,4.0,10.0,4.646604938271605,4.0,7.0,648,0.0,0.0,0.0,0.0,0.0,0,0.0,0.0,0.0,0.0,0.0,0,1.0,1.0,1.0,1.0,1.0,552,0.9999999999999998,1.0000000000000002,1.0,1.0,1.0000000000000002,552,0.0,0.0,0.0,0.0,0.0,0.0,0.0,0.0,0.0,0.0,0.0,0.0,0.0,1331.0752029992727
1116,11160223200000,4.0,10.0,4.652777777777778,4.0,7.0,648,0.0,0.0,0.0,0.0,0.0,0,0.0,0.0,0.0,0.0,0.0,0,1.0,1.0,1.0,1.0,1.0,552,0.9999999999999997,1.0000000000000004,1.0,1.0,1.0000000000000002,552,0.0,0.0,0.0,0.0,0.0,0.0,0.0,0.0,0.0,0.0,0.0,0.0,0.0,1372.528912999769
1117,11170223400000,4.0,10.0,4.646604938271605,4.0,7.0,648,0.0,0.0,0.0,0.0,0.0,0,0.0,0.0,0.0,0.0,0.0,0,1.0,1.0,1.0,1.0,1.0,552,0.9999999999999997,1.0000000000000004,1.0,1.0,1.0000000000000002,552,0.0,0.0,0.0,0.0,0.0,0.0,0.0,0.0,0.0,0.0,0.0,0.0,0.0,1347.448876999806
1118,11180223600000,4.0,10.0,4.646604938271605,4.0,7.0,648,0.0,0.0,0.0,0.0,0.0,0,0.0,0.0,0.0,0.0,0.0,0,1.0,1.0,1.0,1.0,1.0,552,0.9999999999999998,1.0000000000000002,1.0,1.0,1.0000000000000002,552,0.0,0.0,0.0,0.0,0.0,0.0,0.0,0.0,0.0,0.0,0.0,0.0,0.0,1313.1159519998619
1119,11190223800000,4.0,10.0,4.652777777777778,4.0,7.0,648,0.0,0.0,0.0,0.0,0.0,0,0.0,0.0,0.0,0.0,0.0,0,1.0,1.0,1.0,1.0,1.0,552,0.9999999999999996,1.0000000000000004,1.0,1.0,1.0000000000000002,552,0.0,0.0,0.0,0.0,0.0,0.0,0.0,0.0,0.0,0.0,0.0,0.0,0.0,1307.7143419995991
1120,11200224000000,4.0,10.0,4.654320987654321,4.0,7.0,648,0.0,0.0,0.0,0.0,0.0,0,0.0,0.0,0.0,0.0,0.0,0,1.0,1.0,1.0,1.0,1.0,552,0.9999999999999998,1.0000000000000002,1.0,1.0,1.0000000000000002,552,0.0,0.0,0.0,0.0,0.0,0.0,0.0,0.0,0.0,0.0,0.0,0.0,0.0,1396.5190879998772
1121,11210224200000,4.0,10.0,4.6496913580246915,4.0,7.0,648,0.0,0.0,0.0,0.0,0.0,0,0.0,0.0,0.0,0.0,0.0,0,1.0,1.0,1.0,1.0,1.0,552,0.9999999999999998,1.0000000000000004,1.0,1.0,1.0,552,0.0,0.0,0.0,0.0,0.0,0.0,0.0,0.0,0.0,0.0,0.0,0.0,0.0,1350.3595510001105
1122,11220224400000,4.0,9.0,4.6496913580246915,4.0,7.0,648,0.0,0.0,0.0,0.0,0.0,0,0.0,0.0,0.0,0.0,0.0,0,1.0,1.0,1.0,1.0,1.0,552,0.9999999999999996,1.0000000000000002,1.0,1.0,1.0000000000000002,552,0.0,0.0,0.0,0.0,0.0,0.0,0.0,0.0,0.0,0.0,0.0,0.0,0.0,1313.0174830002943
1123,11230224600000,4.0,9.0,4.6419753086419755,4.0,7.0,648,0.0,0.0,0.0,0.0,0.0,0,0.0,0.0,0.0,0.0,0.0,0,1.0,1.0,1.0,1.0,1.0,552,0.9999999999999998,1.0000000000000004,1.0,1.0,1.0000000000000002,552,0.0,0.0,0.0,0.0,0.0,0.0,0.0,0.0,0.0,0.0,0.0,0.0,0.0,1387.3124849997112
1124,11240224800000,4.0,9.0,4.645061728395062,4.0,7.0,648,0.0,0.0,0.0,0.0,0.0,0,0.0,0.0,0.0,0.0,0.0,0,1.0,1.0,1.0,1.0,1.0,552,0.9999999999999996,1.0000000000000004,1.0,1.0,1.0000000000000002,552,0.0,0.0,0.0,0.0,0.0,0.0,0.0,0.0,0.0,0.0,0.0,0.0,0.0,1356.9531290004306
1125,11250225000000,4.0,9.0,4.648148148148148,4.0,7.0,648,0.0,0.0,0.0,0.0,0.0,0,0.0,0.0,0.0,0.0,0.0,0,1.0,1.0,1.0,1.0,1.0,552,0.9999999999999998,1.0000000000000002,1.0,1.0,1.0000000000000002,552,0.0,0.0,0.0,0.0,0.0,0.0,0.0,0.0,0.0,0.0,0.0,0.0,0.0,1315.3606149999177
1126,11260225200000,4.0,9.0,4.646604938271605,4.0,7.0,648,0.0,0.0,0.0,0.0,0.0,0,0.0,0.0,0.0,0.0,0.0,0,1.0,1.0,1.0,1.0,1.0,552,0.9999999999999996,1.0000000000000004,1.0,1.0,1.0000000000000002,552,0.0,0.0,0.0,0.0,0.0,0.0,0.0,0.0,0.0,0.0,0.0,0.0,0.0,1311.8663380000726
1127,11270225400000,4.0,9.0,4.652777777777778,4.0,7.0,648,0.0,0.0,0.0,0.0,0.0,0,0.0,0.0,0.0,0.0,0.0,0,1.0,1.0,1.0,1.0,1.0,552,0.9999999999999997,1.0000000000000004,1.0,1.0,1.0000000000000002,552,0.0,0.0,0.0,0.0,0.0,0.0,0.0,0.0,0.0,0.0,0.0,0.0,0.0,1349.5526699998663
1128,11280225600000,4.0,9.0,4.648148148148148,4.0,7.0,648,0.0,0.0,0.0,0.0,0.0,0,0.0,0.0,0.0,0.0,0.0,0,1.0,1.0,1.0,1.0,1.0,552,0.9999999999999997,1.0000000000000002,1.0,1.0,1.0000000000000002,552,0.0,0.0,0.0,0.0,0.0,0.0,0.0,0.0,0.0,0.0,0.0,0.0,0.0,1347.6515299998937
1129,11290225800000,4.0,10.0,4.655864197530864,4.0,7.0,648,0.0,0.0,0.0,0.0,0.0,0,0.0,0.0,0.0,0.0,0.0,0,1.0,1.0,1.0,1.0,1.0,552,0.9999999999999998,1.0000000000000002,1.0,1.0,1.0000000000000002,552,0.0,0.0,0.0,0.0,0.0,0.0,0.0,0.0,0.0,0.0,0.0,0.0,0.0,1360.1907950005625
1130,11300226000000,4.0,10.0,4.646604938271605,4.0,7.0,648,0.0,0.0,0.0,0.0,0.0,0,0.0,0.0,0.0,0.0,0.0,0,1.0,1.0,1.0,1.0,1.0,552,0.9999999999999997,1.0000000000000004,1.0,1.0,1.0000000000000002,552,0.0,0.0,0.0,0.0,0.0,0.0,0.0,0.0,0.0,0.0,0.0,0.0,0.0,1290.5227849996663
1131,11310226200000,4.0,10.0,4.635802469135802,4.0,7.0,648,0.0,0.0,0.0,0.0,0.0,0,0.0,0.0,0.0,0.0,0.0,0,1.0,1.0,1.0,1.0,1.0,552,0.9999999999999996,1.0000000000000002,1.0,1.0,1.0000000000000002,552,0.0,0.0,0.0,0.0,0.0,0.0,0.0,0.0,0.0,0.0,0.0,0.0,0.0,1319.4605150001735
1132,11320226400000,4.0,10.0,4.637345679012346,4.0,7.0,648,0.0,0.0,0.0,0.0,0.0,0,0.0,0.0,0.0,0.0,0.0,0,1.0,1.0,1.0,1.0,1.0,552,0.9999999999999997,1.0000000000000002,1.0,1.0,1.0000000000000002,552,0.0,0.0,0.0,0.0,0.0,0.0,0.0,0.0,0.0,0.0,0.0,0.0,0.0,1325.4581359997246
1133,11330226600000,4.0,10.0,4.6419753086419755,4.0,7.0,648,0.0,0.0,0.0,0.0,0.0,0,0.0,0.0,0.0,0.0,0.0,0,1.0,1.0,1.0,1.0,1.0,552,0.9999999999999998,1.0000000000000002,1.0,1.0,1.0000000000000002,552,0.0,0.0,0.0,0.0,0.0,0.0,0.0,0.0,0.0,0.0,0.0,0.0,0.0,1373.5859629996412
1134,11340226800000,4.0,10.0,4.652777777777778,4.0,7.0,648,0.0,0.0,0.0,0.0,0.0,0,0.0,0.0,0.0,0.0,0.0,0,1.0,1.0,1.0,1.0,1.0,552,0.9999999999999997,1.0000000000000004,1.0,1.0,1.0000000000000002,552,0.0,0.0,0.0,0.0,0.0,0.0,0.0,0.0,0.0,0.0,0.0,0.0,0.0,1350.1245120005478
1135,11350227000000,4.0,10.0,4.655864197530864,4.0,7.0,648,0.0,0.0,0.0,0.0,0.0,0,0.0,0.0,0.0,0.0,0.0,0,1.0,1.0,1.0,1.0,1.0,552,0.9999999999999996,1.0000000000000002,1.0,1.0,1.0,552,0.0,0.0,0.0,0.0,0.0,0.0,0.0,0.0,0.0,0.0,0.0,0.0,0.0,1365.0221429998055
1136,11360227200000,4.0,10.0,4.6496913580246915,4.0,7.0,648,0.0,0.0,0.0,0.0,0.0,0,0.0,0.0,0.0,0.0,0.0,0,1.0,1.0,1.0,1.0,1.0,552,0.9999999999999997,1.0000000000000004,1.0,1.0,1.0000000000000002,552,0.0,0.0,0.0,0.0,0.0,0.0,0.0,0.0,0.0,0.0,0.0,0.0,0.0,1376.07791299979
1137,11370227400000,4.0,10.0,4.655864197530864,4.0,7.0,648,0.0,0.0,0.0,0.0,0.0,0,0.0,0.0,0.0,0.0,0.0,0,1.0,1.0,1.0,1.0,1.0,552,0.9999999999999997,1.0000000000000002,1.0,1.0,1.0,552,0.0,0.0,0.0,0.0,0.0,0.0,0.0,0.0,0.0,0.0,0.0,0.0,0.0,1414.3675410005017
1138,11380227600000,4.0,10.0,4.652777777777778,4.0,7.0,648,0.0,0.0,0.0,0.0,0.0,0,0.0,0.0,0.0,0.0,0.0,0,1.0,1.0,1.0,1.0,1.0,552,0.9999999999999996,1.0000000000000002,1.0,1.0,1.0000000000000002,552,0.0,0.0,0.0,0.0,0.0,0.0,0.0,0.0,0.0,0.0,0.0,0.0,0.0,1346.5504309997414
1139,11390227800000,4.0,9.0,4.648148148148148,4.0,7.0,648,0.0,0.0,0.0,0.0,0.0,0,0.0,0.0,0.0,0.0,0.0,0,1.0,1.0,1.0,1.0,1.0,552,0.9999999999999996,1.0000000000000002,1.0,1.0,1.0,552,0.0,0.0,0.0,0.0,0.0,0.0,0.0,0.0,0.0,0.0,0.0,0.0,0.0,1339.1890270004296
1140,11400228000000,4.0,9.0,4.652777777777778,4.0,7.0,648,0.0,0.0,0.0,0.0,0.0,0,0.0,0.0,0.0,0.0,0.0,0,1.0,1.0,1.0,1.0,1.0,552,0.9999999999999998,1.0000000000000004,1.0,1.0,1.0000000000000002,552,0.0,0.0,0.0,0.0,0.0,0.0,0.0,0.0,0.0,0.0,0.0,0.0,0.0,1359.6837629993388
1141,11410228200000,4.0,9.0,4.651234567901234,4.0,7.0,648,0.0,0.0,0.0,0.0,0.0,0,0.0,0.0,0.0,0.0,0.0,0,1.0,1.0,1.0,1.0,1.0,552,0.9999999999999998,1.0000000000000004,1.0,1.0,1.0000000000000002,552,0.0,0.0,0.0,0.0,0.0,0.0,0.0,0.0,0.0,0.0,0.0,0.0,0.0,1343.9199499998722
1142,11420228400000,4.0,9.0,4.655864197530864,4.0,7.0,648,0.0,0.0,0.0,0.0,0.0,0,0.0,0.0,0.0,0.0,0.0,0,1.0,1.0,1.0,1.0,1.0,552,0.9999999999999997,1.0000000000000002,1.0,1.0,1.0000000000000002,552,0.0,0.0,0.0,0.0,0.0,0.0,0.0,0.0,0.0,0.0,0.0,0.0,0.0,1345.8194869999716
1143,11430228600000,4.0,9.0,4.645061728395062,4.0,7.0,648,0.0,0.0,0.0,0.0,0.0,0,0.0,0.0,0.0,0.0,0.0,0,1.0,1.0,1.0,1.0,1.0,552,0.9999999999999997,1.0000000000000004,1.0,1.0,1.0000000000000002,552,0.0,0.0,0.0,0.0,0.0,0.0,0.0,0.0,0.0,0.0,0.0,0.0,0.0,1347.4734259998513
1144,11440228800000,4.0,9.0,4.652777777777778,4.0,7.0,648,0.0,0.0,0.0,0.0,0.0,0,0.0,0.0,0.0,0.0,0.0,0,1.0,1.0,1.0,1.0,1.0,552,0.9999999999999997,1.0000000000000002,1.0,1.0,1.0000000000000002,552,0.0,0.0,0.0,0.0,0.0,0.0,0.0,0.0,0.0,0.0,0.0,0.0,0.0,1494.666264999978
1145,11450229000000,4.0,9.0,4.6419753086419755,4.0,7.0,648,0.0,0.0,0.0,0.0,0.0,0,0.0,0.0,0.0,0.0,0.0,0,1.0,1.0,1.0,1.0,1.0,552,0.9999999999999998,1.0000000000000002,1.0,1.0,1.0000000000000002,552,0.0,0.0,0.0,0.0,0.0,0.0,0.0,0.0,0.0,0.0,0.0,0.0,0.0,1309.1686449997724
1146,11460229200000,4.0,9.0,4.640432098765432,4.0,7.0,648,0.0,0.0,0.0,0.0,0.0,0,0.0,0.0,0.0,0.0,0.0,0,1.0,1.0,1.0,1.0,1.0,552,0.9999999999999996,1.0000000000000002,1.0,1.0,1.0000000000000002,552,0.0,0.0,0.0,0.0,0.0,0.0,0.0,0.0,0.0,0.0,0.0,0.0,0.0,1307.794214999376
1147,11470229400000,4.0,9.0,4.646604938271605,4.0,7.0,648,0.0,0.0,0.0,0.0,0.0,0,0.0,0.0,0.0,0.0,0.0,0,1.0,1.0,1.0,1.0,1.0,552,0.9999999999999996,1.0000000000000002,1.0,1.0,1.0000000000000002,552,0.0,0.0,0.0,0.0,0.0,0.0,0.0,0.0,0.0,0.0,0.0,0.0,0.0,1334.7767110008135
1148,11480229600000,4.0,9.0,4.643518518518518,4.0,7.0,648,0.0,0.0,0.0,0.0,0.0,0,0.0,0.0,0.0,0.0,0.0,0,1.0,1.0,1.0,1.0,1.0,552,0.9999999999999998,1.0000000000000004,1.0,1.0,1.0000000000000002,552,0.0,0.0,0.0,0.0,0.0,0.0,0.0,0.0,0.0,0.0,0.0,0.0,0.0,1370.3218800001196
1149,11490229800000,4.0,10.0,4.6419753086419755,4.0,7.0,648,0.0,0.0,0.0,0.0,0.0,0,0.0,0.0,0.0,0.0,0.0,0,1.0,1.0,1.0,1.0,1.0,552,0.9999999999999997,1.0000000000000002,1.0,1.0,1.0000000000000002,552,0.0,0.0,0.0,0.0,0.0,0.0,0.0,0.0,0.0,0.0,0.0,0.0,0.0,1316.4256400004888
1150,11500230000000,4.0,10.0,4.645061728395062,4.0,7.0,648,0.0,0.0,0.0,0.0,0.0,0,0.0,0.0,0.0,0.0,0.0,0,1.0,1.0,1.0,1.0,1.0,552,0.9999999999999997,1.0000000000000002,1.0,1.0,1.0000000000000002,552,0.0,0.0,0.0,0.0,0.0,0.0,0.0,0.0,0.0,0.0,0.0,0.0,0.0,1326.0692240000935
1151,11510230200000,4.0,10.0,4.645061728395062,4.0,7.0,648,0.0,0.0,0.0,0.0,0.0,0,0.0,0.0,0.0,0.0,0.0,0,1.0,1.0,1.0,1.0,1.0,552,0.9999999999999997,1.0000000000000002,1.0,1.0,1.0000000000000002,552,0.0,0.0,0.0,0.0,0.0,0.0,0.0,0.0,0.0,0.0,0.0,0.0,0.0,1334.6260280004572
1152,11520230400000,4.0,10.0,4.654320987654321,4.0,7.0,648,0.0,0.0,0.0,0.0,0.0,0,0.0,0.0,0.0,0.0,0.0,0,1.0,1.0,1.0,1.0,1.0,552,0.9999999999999998,1.0000000000000002,1.0,1.0,1.0000000000000002,552,0.0,0.0,0.0,0.0,0.0,0.0,0.0,0.0,0.0,0.0,0.0,0.0,0.0,1366.759020000245
1153,11530230600000,4.0,10.0,4.658950617283951,4.0,7.0,648,0.0,0.0,0.0,0.0,0.0,0,0.0,0.0,0.0,0.0,0.0,0,1.0,1.0,1.0,1.0,1.0,552,0.9999999999999997,1.0000000000000002,1.0,1.0,1.0000000000000002,552,0.0,0.0,0.0,0.0,0.0,0.0,0.0,0.0,0.0,0.0,0.0,0.0,0.0,1331.0480110003482
1154,11540230800000,4.0,10.0,4.654320987654321,4.0,7.0,648,0.0,0.0,0.0,0.0,0.0,0,0.0,0.0,0.0,0.0,0.0,0,1.0,1.0,1.0,1.0,1.0,552,0.9999999999999997,1.0000000000000002,1.0,1.0,1.0000000000000002,552,0.0,0.0,0.0,0.0,0.0,0.0,0.0,0.0,0.0,0.0,0.0,0.0,0.0,1344.882878000135
1155,11550231000000,4.0,10.0,4.651234567901234,4.0,7.0,648,0.0,0.0,0.0,0.0,0.0,0,0.0,0.0,0.0,0.0,0.0,0,1.0,1.0,1.0,1.0,1.0,552,0.9999999999999996,1.0000000000000002,1.0,1.0,1.0,552,0.0,0.0,0.0,0.0,0.0,0.0,0.0,0.0,0.0,0.0,0.0,0.0,0.0,1325.4400340001666
1156,11560231200000,4.0,10.0,4.655864197530864,4.0,7.0,648,0.0,0.0,0.0,0.0,0.0,0,0.0,0.0,0.0,0.0,0.0,0,1.0,1.0,1.0,1.0,1.0,552,0.9999999999999996,1.0000000000000002,1.0,1.0,1.0000000000000002,552,0.0,0.0,0.0,0.0,0.0,0.0,0.0,0.0,0.0,0.0,0.0,0.0,0.0,1347.221618999356
1157,11570231400000,4.0,9.0,4.6496913580246915,4.0,7.0,648,0.0,0.0,0.0,0.0,0.0,0,0.0,0.0,0.0,0.0,0.0,0,1.0,1.0,1.0,1.0,1.0,552,0.9999999999999996,1.0000000000000002,1.0,1.0,1.0000000000000002,552,0.0,0.0,0.0,0.0,0.0,0.0,0.0,0.0,0.0,0.0,0.0,0.0,0.0,1339.0647050000553
1158,11580231600000,4.0,9.0,4.655864197530864,4.0,7.0,648,0.0,0.0,0.0,0.0,0.0,0,0.0,0.0,0.0,0.0,0.0,0,1.0,1.0,1.0,1.0,1.0,552,0.9999999999999996,1.0000000000000002,1.0,1.0,1.0,552,0.0,0.0,0.0,0.0,0.0,0.0,0.0,0.0,0.0,0.0,0.0,0.0,0.0,1343.3230919999914
1159,11590231800000,4.0,9.0,4.665123456790123,4.0,7.0,648,0.0,0.0,0.0,0.0,0.0,0,0.0,0.0,0.0,0.0,0.0,0,1.0,1.0,1.0,1.0,1.0,552,0.9999999999999998,1.0000000000000002,1.0,1.0,1.0000000000000002,552,0.0,0.0,0.0,0.0,0.0,0.0,0.0,0.0,0.0,0.0,0.0,0.0,0.0,1335.3616510003121
1160,11600232000000,4.0,9.0,4.654320987654321,4.0,7.0,648,0.0,0.0,0.0,0.0,0.0,0,0.0,0.0,0.0,0.0,0.0,0,1.0,1.0,1.0,1.0,1.0,552,0.9999999999999997,1.0000000000000002,1.0,1.0,1.0000000000000002,552,0.0,0.0,0.0,0.0,0.0,0.0,0.0,0.0,0.0,0.0,0.0,0.0,0.0,1353.1233459998475
1161,11610232200000,4.0,9.0,4.652777777777778,4.0,7.0,648,0.0,0.0,0.0,0.0,0.0,0,0.0,0.0,0.0,0.0,0.0,0,1.0,1.0,1.0,1.0,1.0,552,0.9999999999999997,1.0000000000000002,1.0,1.0,1.0000000000000002,552,0.0,0.0,0.0,0.0,0.0,0.0,0.0,0.0,0.0,0.0,0.0,0.0,0.0,1330.638875000659
1162,11620232400000,4.0,9.0,4.6496913580246915,4.0,7.0,648,0.0,0.0,0.0,0.0,0.0,0,0.0,0.0,0.0,0.0,0.0,0,1.0,1.0,1.0,1.0,1.0,552,0.9999999999999998,1.0000000000000004,1.0,1.0,1.0000000000000002,552,0.0,0.0,0.0,0.0,0.0,0.0,0.0,0.0,0.0,0.0,0.0,0.0,0.0,1322.2187100000156
1163,11630232600000,4.0,9.0,4.643518518518518,4.0,7.0,648,0.0,0.0,0.0,0.0,0.0,0,0.0,0.0,0.0,0.0,0.0,0,1.0,1.0,1.0,1.0,1.0,552,0.9999999999999996,1.0000000000000002,1.0,1.0,1.0000000000000002,552,0.0,0.0,0.0,0.0,0.0,0.0,0.0,0.0,0.0,0.0,0.0,0.0,0.0,1340.4947859999083
1164,11640232800000,4.0,9.0,4.646604938271605,4.0,7.0,648,0.0,0.0,0.0,0.0,0.0,0,0.0,0.0,0.0,0.0,0.0,0,1.0,1.0,1.0,1.0,1.0,552,0.9999999999999997,1.0000000000000002,1.0,1.0,1.0000000000000002,552,0.0,0.0,0.0,0.0,0.0,0.0,0.0,0.0,0.0,0.0,0.0,0.0,0.0,1345.2970609996555
1165,11650233000000,4.0,9.0,4.651234567901234,4.0,7.0,648,0.0,0.0,0.0,0.0,0.0,0,0.0,0.0,0.0,0.0,0.0,0,1.0,1.0,1.0,1.0,1.0,552,0.9999999999999997,1.0000000000000004,1.0,1.0,1.0000000000000002,552,0.0,0.0,0.0,0.0,0.0,0.0,0.0,0.0,0.0,0.0,0.0,0.0,0.0,1328.4830299999157
1166,11660233200000,4.0,9.0,4.646604938271605,4.0,7.0,648,0.0,0.0,0.0,0.0,0.0,0,0.0,0.0,0.0,0.0,0.0,0,1.0,1.0,1.0,1.0,1.0,552,0.9999999999999997,1.0000000000000002,1.0,1.0,1.0000000000000002,552,0.0,0.0,0.0,0.0,0.0,0.0,0.0,0.0,0.0,0.0,0.0,0.0,0.0,1315.1975609998772
1167,11670233400000,4.0,9.0,4.6496913580246915,4.0,7.0,648,0.0,0.0,0.0,0.0,0.0,0,0.0,0.0,0.0,0.0,0.0,0,1.0,1.0,1.0,1.0,1.0,552,0.9999999999999997,1.0000000000000002,1.0,1.0,1.0000000000000002,552,0.0,0.0,0.0,0.0,0.0,0.0,0.0,0.0,0.0,0.0,0.0,0.0,0.0,1340.7663479993062
1168,11680233600000,4.0,10.0,4.652777777777778,4.0,7.0,648,0.0,0.0,0.0,0.0,0.0,0,0.0,0.0,0.0,0.0,0.0,0,1.0,1.0,1.0,1.0,1.0,552,0.9999999999999998,1.0000000000000002,1.0,1.0,1.0000000000000002,552,0.0,0.0,0.0,0.0,0.0,0.0,0.0,0.0,0.0,0.0,0.0,0.0,0.0,1336.8348459998742
1169,11690233800000,4.0,10.0,4.648148148148148,4.0,7.0,648,0.0,0.0,0.0,0.0,0.0,0,0.0,0.0,0.0,0.0,0.0,0,1.0,1.0,1.0,1.0,1.0,552,0.9999999999999996,1.0000000000000004,1.0,1.0,1.0000000000000002,552,0.0,0.0,0.0,0.0,0.0,0.0,0.0,0.0,0.0,0.0,0.0,0.0,0.0,1332.0546330005527
1170,11700234000000,4.0,10.0,4.6496913580246915,4.0,7.0,648,0.0,0.0,0.0,0.0,0.0,0,0.0,0.0,0.0,0.0,0.0,0,1.0,1.0,1.0,1.0,1.0,552,0.9999999999999997,1.0000000000000002,1.0,1.0,1.0000000000000002,552,0.0,0.0,0.0,0.0,0.0,0.0,0.0,0.0,0.0,0.0,0.0,0.0,0.0,1338.6811939999461
1171,11710234200000,4.0,10.0,4.651234567901234,4.0,7.0,648,0.0,0.0,0.0,0.0,0.0,0,0.0,0.0,0.0,0.0,0.0,0,1.0,1.0,1.0,1.0,1.0,552,0.9999999999999997,1.0000000000000002,1.0,1.0,1.0,552,0.0,0.0,0.0,0.0,0.0,0.0,0.0,0.0,0.0,0.0,0.0,0.0,0.0,1318.5534630001712
1172,11720234400000,4.0,10.0,4.652777777777778,4.0,7.0,648,0.0,0.0,0.0,0.0,0.0,0,0.0,0.0,0.0,0.0,0.0,0,1.0,1.0,1.0,1.0,1.0,552,0.9999999999999998,1.0000000000000002,1.0,1.0,1.0000000000000002,552,0.0,0.0,0.0,0.0,0.0,0.0,0.0,0.0,0.0,0.0,0.0,0.0,0.0,1345.571583000492
1173,11730234600000,4.0,10.0,4.652777777777778,4.0,7.0,648,0.0,0.0,0.0,0.0,0.0,0,0.0,0.0,0.0,0.0,0.0,0,1.0,1.0,1.0,1.0,1.0,552,0.9999999999999997,1.0000000000000002,1.0,1.0,1.0000000000000002,552,0.0,0.0,0.0,0.0,0.0,0.0,0.0,0.0,0.0,0.0,0.0,0.0,0.0,1335.5271840000569
1174,11740234800000,4.0,9.0,4.645061728395062,4.0,7.0,648,0.0,0.0,0.0,0.0,0.0,0,0.0,0.0,0.0,0.0,0.0,0,1.0,1.0,1.0,1.0,1.0,552,0.9999999999999996,1.0000000000000002,1.0,1.0,1.0000000000000002,552,0.0,0.0,0.0,0.0,0.0,0.0,0.0,0.0,0.0,0.0,0.0,0.0,0.0,1297.7376630005892
1175,11750235000000,4.0,9.0,4.648148148148148,4.0,7.0,648,0.0,0.0,0.0,0.0,0.0,0,0.0,0.0,0.0,0.0,0.0,0,1.0,1.0,1.0,1.0,1.0,552,0.9999999999999997,1.0000000000000002,1.0,1.0,1.0,552,0.0,0.0,0.0,0.0,0.0,0.0,0.0,0.0,0.0,0.0,0.0,0.0,0.0,1327.9959599994982
1176,11760235200000,4.0,9.0,4.648148148148148,4.0,7.0,648,0.0,0.0,0.0,0.0,0.0,0,0.0,0.0,0.0,0.0,0.0,0,1.0,1.0,1.0,1.0,1.0,552,0.9999999999999997,1.0000000000000002,1.0,1.0,1.0000000000000002,552,0.0,0.0,0.0,0.0,0.0,0.0,0.0,0.0,0.0,0.0,0.0,0.0,0.0,1353.8570539994907
1177,11770235400000,4.0,9.0,4.652777777777778,4.0,7.0,648,0.0,0.0,0.0,0.0,0.0,0,0.0,0.0,0.0,0.0,0.0,0,1.0,1.0,1.0,1.0,1.0,552,0.9999999999999997,1.0000000000000002,1.0,1.0,1.0000000000000002,552,0.0,0.0,0.0,0.0,0.0,0.0,0.0,0.0,0.0,0.0,0.0,0.0,0.0,1311.0144089996538
1178,11780235600000,4.0,9.0,4.655864197530864,4.0,7.0,648,0.0,0.0,0.0,0.0,0.0,0,0.0,0.0,0.0,0.0,0.0,0,1.0,1.0,1.0,1.0,1.0,552,0.9999999999999998,1.0000000000000002,1.0,1.0,1.0000000000000002,552,0.0,0.0,0.0,0.0,0.0,0.0,0.0,0.0,0.0,0.0,0.0,0.0,0.0,1332.1878910001033
1179,11790235800000,4.0,9.0,4.651234567901234,4.0,7.0,648,0.0,0.0,0.0,0.0,0.0,0,0.0,0.0,0.0,0.0,0.0,0,1.0,1.0,1.0,1.0,1.0,552,0.9999999999999997,1.0000000000000004,1.0,1.0,1.0000000000000002,552,0.0,0.0,0.0,0.0,0.0,0.0,0.0,0.0,0.0,0.0,0.0,0.0,0.0,1337.9210700004478
1180,11800236000000,4.0,9.0,4.648148148148148,4.0,7.0,648,0.0,0.0,0.0,0.0,0.0,0,0.0,0.0,0.0,0.0,0.0,0,1.0,1.0,1.0,1.0,1.0,552,0.9999999999999997,1.0000000000000002,1.0,1.0,1.0000000000000002,552,0.0,0.0,0.0,0.0,0.0,0.0,0.0,0.0,0.0,0.0,0.0,0.0,0.0,1354.1856419997202
1181,11810236200000,4.0,9.0,4.6419753086419755,4.0,7.0,648,0.0,0.0,0.0,0.0,0.0,0,0.0,0.0,0.0,0.0,0.0,0,1.0,1.0,1.0,1.0,1.0,552,0.9999999999999996,1.0000000000000004,1.0,1.0,1.0000000000000002,552,0.0,0.0,0.0,0.0,0.0,0.0,0.0,0.0,0.0,0.0,0.0,0.0,0.0,1308.4014680007385
1182,11820236400000,4.0,9.0,4.648148148148148,4.0,7.0,648,0.0,0.0,0.0,0.0,0.0,0,0.0,0.0,0.0,0.0,0.0,0,1.0,1.0,1.0,1.0,1.0,552,0.9999999999999997,1.0000000000000002,1.0,1.0,1.0000000000000002,552,0.0,0.0,0.0,0.0,0.0,0.0,0.0,0.0,0.0,0.0,0.0,0.0,0.0,1324.254462000681
1183,11830236600000,4.0,9.0,4.646604938271605,4.0,7.0,648,0.0,0.0,0.0,0.0,0.0,0,0.0,0.0,0.0,0.0,0.0,0,1.0,1.0,1.0,1.0,1.0,552,0.9999999999999997,1.0000000000000002,1.0,1.0,1.0000000000000002,552,0.0,0.0,0.0,0.0,0.0,0.0,0.0,0.0,0.0,0.0,0.0,0.0,0.0,1313.8852890006092
1184,11840236800000,4.0,9.0,4.654320987654321,4.0,7.0,648,0.0,0.0,0.0,0.0,0.0,0,0.0,0.0,0.0,0.0,0.0,0,1.0,1.0,1.0,1.0,1.0,552,0.9999999999999996,1.0000000000000002,1.0,1.0,1.0000000000000002,552,0.0,0.0,0.0,0.0,0.0,0.0,0.0,0.0,0.0,0.0,0.0,0.0,0.0,1362.4933849996523
1185,11850237000000,4.0,9.0,4.655864197530864,4.0,7.0,648,0.0,0.0,0.0,0.0,0.0,0,0.0,0.0,0.0,0.0,0.0,0,1.0,1.0,1.0,1.0,1.0,552,0.9999999999999998,1.0000000000000002,1.0,1.0,1.0000000000000002,552,0.0,0.0,0.0,0.0,0.0,0.0,0.0,0.0,0.0,0.0,0.0,0.0,0.0,1352.4774940005955
1186,11860237200000,4.0,9.0,4.648148148148148,4.0,7.0,648,0.0,0.0,0.0,0.0,0.0,0,0.0,0.0,0.0,0.0,0.0,0,1.0,1.0,1.0,1.0,1.0,552,0.9999999999999997,1.0000000000000004,1.0,1.0,1.0000000000000002,552,0.0,0.0,0.0,0.0,0.0,0.0,0.0,0.0,0.0,0.0,0.0,0.0,0.0,1316.013392000059
1187,11870237400000,4.0,10.0,4.652777777777778,4.0,7.0,648,0.0,0.0,0.0,0.0,0.0,0,0.0,0.0,0.0,0.0,0.0,0,1.0,1.0,1.0,1.0,1.0,552,0.9999999999999997,1.0000000000000002,1.0,1.0,1.0,552,0.0,0.0,0.0,0.0,0.0,0.0,0.0,0.0,0.0,0.0,0.0,0.0,0.0,1318.6181539995232
1188,11880237600000,4.0,10.0,4.652777777777778,4.0,7.0,648,0.0,0.0,0.0,0.0,0.0,0,0.0,0.0,0.0,0.0,0.0,0,1.0,1.0,1.0,1.0,1.0,552,0.9999999999999996,1.0000000000000004,1.0,1.0,1.0000000000000002,552,0.0,0.0,0.0,0.0,0.0,0.0,0.0,0.0,0.0,0.0,0.0,0.0,0.0,1366.278565000357
1189,11890237800000,4.0,10.0,4.646604938271605,4.0,7.0,648,0.0,0.0,0.0,0.0,0.0,0,0.0,0.0,0.0,0.0,0.0,0,1.0,1.0,1.0,1.0,1.0,552,0.9999999999999997,1.0000000000000002,1.0,1.0,1.0000000000000002,552,0.0,0.0,0.0,0.0,0.0,0.0,0.0,0.0,0.0,0.0,0.0,0.0,0.0,1333.383123999738
1190,11900238000000,4.0,10.0,4.645061728395062,4.0,7.0,648,0.0,0.0,0.0,0.0,0.0,0,0.0,0.0,0.0,0.0,0.0,0,1.0,1.0,1.0,1.0,1.0,552,0.9999999999999998,1.0000000000000004,1.0,1.0,1.0,552,0.0,0.0,0.0,0.0,0.0,0.0,0.0,0.0,0.0,0.0,0.0,0.0,0.0,1311.7872419998093
1191,11910238200000,4.0,10.0,4.643518518518518,4.0,7.0,648,0.0,0.0,0.0,0.0,0.0,0,0.0,0.0,0.0,0.0,0.0,0,1.0,1.0,1.0,1.0,1.0,552,0.9999999999999996,1.0000000000000002,1.0,1.0,1.0000000000000002,552,0.0,0.0,0.0,0.0,0.0,0.0,0.0,0.0,0.0,0.0,0.0,0.0,0.0,1326.4674860001833
1192,11920238400000,4.0,9.0,4.640432098765432,4.0,7.0,648,0.0,0.0,0.0,0.0,0.0,0,0.0,0.0,0.0,0.0,0.0,0,1.0,1.0,1.0,1.0,1.0,552,0.9999999999999998,1.0000000000000002,1.0,1.0,1.0000000000000002,552,0.0,0.0,0.0,0.0,0.0,0.0,0.0,0.0,0.0,0.0,0.0,0.0,0.0,1340.9985150001376
1193,11930238600000,4.0,9.0,4.643518518518518,4.0,7.0,648,0.0,0.0,0.0,0.0,0.0,0,0.0,0.0,0.0,0.0,0.0,0,1.0,1.0,1.0,1.0,1.0,552,0.9999999999999996,1.0000000000000002,1.0,1.0,1.0000000000000002,552,0.0,0.0,0.0,0.0,0.0,0.0,0.0,0.0,0.0,0.0,0.0,0.0,0.0,1365.6596169994373
1194,11940238800000,4.0,9.0,4.635802469135802,4.0,7.0,648,0.0,0.0,0.0,0.0,0.0,0,0.0,0.0,0.0,0.0,0.0,0,1.0,1.0,1.0,1.0,1.0,552,0.9999999999999998,1.0000000000000004,1.0,1.0,1.0000000000000002,552,0.0,0.0,0.0,0.0,0.0,0.0,0.0,0.0,0.0,0.0,0.0,0.0,0.0,1314.209309999569
1195,11950239000000,4.0,9.0,4.648148148148148,4.0,7.0,648,0.0,0.0,0.0,0.0,0.0,0,0.0,0.0,0.0,0.0,0.0,0,1.0,1.0,1.0,1.0,1.0,552,0.9999999999999997,1.0000000000000004,1.0,1.0,1.0000000000000002,552,0.0,0.0,0.0,0.0,0.0,0.0,0.0,0.0,0.0,0.0,0.0,0.0,0.0,1332.1560939994015
1196,11960239200000,4.0,9.0,4.648148148148148,4.0,7.0,648,0.0,0.0,0.0,0.0,0.0,0,0.0,0.0,0.0,0.0,0.0,0,1.0,1.0,1.0,1.0,1.0,552,0.9999999999999998,1.0000000000000002,1.0,1.0,1.0000000000000002,552,0.0,0.0,0.0,0.0,0.0,0.0,0.0,0.0,0.0,0.0,0.0,0.0,0.0,1349.282406000384
1197,11970239400000,4.0,9.0,4.6496913580246915,4.0,7.0,648,0.0,0.0,0.0,0.0,0.0,0,0.0,0.0,0.0,0.0,0.0,0,1.0,1.0,1.0,1.0,1.0,552,0.9999999999999998,1.0000000000000002,1.0,1.0,1.0000000000000002,552,0.0,0.0,0.0,0.0,0.0,0.0,0.0,0.0,0.0,0.0,0.0,0.0,0.0,1321.2943260004977
1198,11980239600000,4.0,9.0,4.6496913580246915,4.0,7.0,648,0.0,0.0,0.0,0.0,0.0,0,0.0,0.0,0.0,0.0,0.0,0,1.0,1.0,1.0,1.0,1.0,552,0.9999999999999997,1.0000000000000002,1.0,1.0,1.0000000000000002,552,0.0,0.0,0.0,0.0,0.0,0.0,0.0,0.0,0.0,0.0,0.0,0.0,0.0,1336.3279519999196
1199,11990239800000,4.0,9.0,4.648148148148148,4.0,7.0,648,0.0,0.0,0.0,0.0,0.0,0,0.0,0.0,0.0,0.0,0.0,0,1.0,1.0,1.0,1.0,1.0,552,0.9999999999999997,1.0000000000000002,1.0,1.0,1.0000000000000002,552,0.0,0.0,0.0,0.0,0.0,0.0,0.0,0.0,0.0,0.0,0.0,0.0,0.0,1352.4060910003755
1200,12000240000000,4.0,9.0,4.648148148148148,4.0,7.0,648,0.0,0.0,0.0,0.0,0.0,0,0.0,0.0,0.0,0.0,0.0,0,1.0,1.0,1.0,1.0,1.0,552,0.9999999999999998,1.0000000000000002,1.0,1.0,1.0000000000000002,552,0.0,0.0,0.0,0.0,0.0,0.0,0.0,0.0,0.0,0.0,0.0,0.0,0.0,1359.322071999486
1201,12010240200000,4.0,9.0,4.646604938271605,4.0,7.0,648,0.0,0.0,0.0,0.0,0.0,0,0.0,0.0,0.0,0.0,0.0,0,1.0,1.0,1.0,1.0,1.0,552,0.9999999999999997,1.0000000000000004,1.0,1.0,1.0000000000000002,552,0.0,0.0,0.0,0.0,0.0,0.0,0.0,0.0,0.0,0.0,0.0,0.0,0.0,1334.0779729996939
1202,12020240400000,4.0,9.0,4.660493827160494,4.0,7.0,648,0.0,0.0,0.0,0.0,0.0,0,0.0,0.0,0.0,0.0,0.0,0,1.0,1.0,1.0,1.0,1.0,552,0.9999999999999997,1.0000000000000004,1.0,1.0,1.0000000000000002,552,0.0,0.0,0.0,0.0,0.0,0.0,0.0,0.0,0.0,0.0,0.0,0.0,0.0,1363.3014470005946
1203,12030240600000,4.0,9.0,4.651234567901234,4.0,7.0,648,0.0,0.0,0.0,0.0,0.0,0,0.0,0.0,0.0,0.0,0.0,0,1.0,1.0,1.0,1.0,1.0,552,0.9999999999999997,1.0000000000000004,1.0,1.0,1.0000000000000002,552,0.0,0.0,0.0,0.0,0.0,0.0,0.0,0.0,0.0,0.0,0.0,0.0,0.0,1346.1403679993964
1204,12040240800000,4.0,9.0,4.654320987654321,4.0,7.0,648,0.0,0.0,0.0,0.0,0.0,0,0.0,0.0,0.0,0.0,0.0,0,1.0,1.0,1.0,1.0,1.0,552,0.9999999999999996,1.0000000000000002,1.0,1.0,1.0,552,0.0,0.0,0.0,0.0,0.0,0.0,0.0,0.0,0.0,0.0,0.0,0.0,0.0,1370.2977430002647
1205,12050241000000,4.0,9.0,4.654320987654321,4.0,7.0,648,0.0,0.0,0.0,0.0,0.0,0,0.0,0.0,0.0,0.0,0.0,0,1.0,1.0,1.0,1.0,1.0,552,0.9999999999999997,1.0000000000000002,1.0,1.0,1.0000000000000002,552,0.0,0.0,0.0,0.0,0.0,0.0,0.0,0.0,0.0,0.0,0.0,0.0,0.0,1414.6550269997533
1206,12060241200000,4.0,9.0,4.652777777777778,4.0,7.0,648,0.0,0.0,0.0,0.0,0.0,0,0.0,0.0,0.0,0.0,0.0,0,1.0,1.0,1.0,1.0,1.0,552,0.9999999999999997,1.0000000000000002,1.0,1.0,1.0000000000000002,552,0.0,0.0,0.0,0.0,0.0,0.0,0.0,0.0,0.0,0.0,0.0,0.0,0.0,1368.8531289999446
1207,12070241400000,4.0,10.0,4.643518518518518,4.0,7.0,648,0.0,0.0,0.0,0.0,0.0,0,0.0,0.0,0.0,0.0,0.0,0,1.0,1.0,1.0,1.0,1.0,552,0.9999999999999997,1.0000000000000002,1.0,1.0,1.0000000000000002,552,0.0,0.0,0.0,0.0,0.0,0.0,0.0,0.0,0.0,0.0,0.0,0.0,0.0,1363.7965890002306
1208,12080241600000,4.0,10.0,4.631172839506172,4.0,7.0,648,0.0,0.0,0.0,0.0,0.0,0,0.0,0.0,0.0,0.0,0.0,0,1.0,1.0,1.0,1.0,1.0,552,0.9999999999999998,1.0000000000000004,1.0,1.0,1.0000000000000002,552,0.0,0.0,0.0,0.0,0.0,0.0,0.0,0.0,0.0,0.0,0.0,0.0,0.0,1475.0855559996126
1209,12090241800000,4.0,9.0,4.635802469135802,4.0,7.0,648,0.0,0.0,0.0,0.0,0.0,0,0.0,0.0,0.0,0.0,0.0,0,1.0,1.0,1.0,1.0,1.0,552,0.9999999999999996,1.0000000000000004,1.0,1.0,1.0000000000000002,552,0.0,0.0,0.0,0.0,0.0,0.0,0.0,0.0,0.0,0.0,0.0,0.0,0.0,1365.3786659997422
1210,12100242000000,4.0,9.0,4.638888888888889,4.0,7.0,648,0.0,0.0,0.0,0.0,0.0,0,0.0,0.0,0.0,0.0,0.0,0,1.0,1.0,1.0,1.0,1.0,552,0.9999999999999997,1.0000000000000002,1.0,1.0,1.0000000000000002,552,0.0,0.0,0.0,0.0,0.0,0.0,0.0,0.0,0.0,0.0,0.0,0.0,0.0,1347.5971130001199
1211,12110242200000,4.0,9.0,4.637345679012346,4.0,7.0,648,0.0,0.0,0.0,0.0,0.0,0,0.0,0.0,0.0,0.0,0.0,0,1.0,1.0,1.0,1.0,1.0,552,0.9999999999999998,1.0000000000000002,1.0,1.0,1.0000000000000002,552,0.0,0.0,0.0,0.0,0.0,0.0,0.0,0.0,0.0,0.0,0.0,0.0,0.0,1346.3942829994267
1212,12120242400000,4.0,9.0,4.640432098765432,4.0,7.0,648,0.0,0.0,0.0,0.0,0.0,0,0.0,0.0,0.0,0.0,0.0,0,1.0,1.0,1.0,1.0,1.0,552,0.9999999999999998,1.0000000000000002,1.0,1.0,1.0000000000000002,552,0.0,0.0,0.0,0.0,0.0,0.0,0.0,0.0,0.0,0.0,0.0,0.0,0.0,1370.9431799998129
1213,12130242600000,4.0,9.0,4.646604938271605,4.0,7.0,648,0.0,0.0,0.0,0.0,0.0,0,0.0,0.0,0.0,0.0,0.0,0,1.0,1.0,1.0,1.0,1.0,552,0.9999999999999996,1.0000000000000004,1.0,1.0,1.0000000000000002,552,0.0,0.0,0.0,0.0,0.0,0.0,0.0,0.0,0.0,0.0,0.0,0.0,0.0,1349.2882889995599
1214,12140242800000,4.0,9.0,4.645061728395062,4.0,7.0,648,0.0,0.0,0.0,0.0,0.0,0,0.0,0.0,0.0,0.0,0.0,0,1.0,1.0,1.0,1.0,1.0,552,0.9999999999999997,1.0000000000000004,1.0,1.0,1.0000000000000002,552,0.0,0.0,0.0,0.0,0.0,0.0,0.0,0.0,0.0,0.0,0.0,0.0,0.0,1398.674961999859
1215,12150243000000,4.0,9.0,4.6496913580246915,4.0,7.0,648,0.0,0.0,0.0,0.0,0.0,0,0.0,0.0,0.0,0.0,0.0,0,1.0,1.0,1.0,1.0,1.0,552,0.9999999999999996,1.0000000000000002,1.0,1.0,1.0000000000000002,552,0.0,0.0,0.0,0.0,0.0,0.0,0.0,0.0,0.0,0.0,0.0,0.0,0.0,1385.9710329998052
1216,12160243200000,4.0,9.0,4.652777777777778,4.0,7.0,648,0.0,0.0,0.0,0.0,0.0,0,0.0,0.0,0.0,0.0,0.0,0,1.0,1.0,1.0,1.0,1.0,552,0.9999999999999996,1.0000000000000002,1.0,1.0,1.0000000000000002,552,0.0,0.0,0.0,0.0,0.0,0.0,0.0,0.0,0.0,0.0,0.0,0.0,0.0,1398.5205300004964
1217,12170243400000,4.0,9.0,4.646604938271605,4.0,7.0,648,0.0,0.0,0.0,0.0,0.0,0,0.0,0.0,0.0,0.0,0.0,0,1.0,1.0,1.0,1.0,1.0,552,0.9999999999999997,1.0000000000000002,1.0,1.0,1.0000000000000002,552,0.0,0.0,0.0,0.0,0.0,0.0,0.0,0.0,0.0,0.0,0.0,0.0,0.0,1340.1254519994836
1218,12180243600000,4.0,9.0,4.643518518518518,4.0,6.649999999999977,648,0.0,0.0,0.0,0.0,0.0,0,0.0,0.0,0.0,0.0,0.0,0,1.0,1.0,1.0,1.0,1.0,552,0.9999999999999997,1.0000000000000002,1.0,1.0,1.0000000000000002,552,0.0,0.0,0.0,0.0,0.0,0.0,0.0,0.0,0.0,0.0,0.0,0.0,0.0,1436.9443230007164
1219,12190243800000,4.0,9.0,4.646604938271605,4.0,7.0,648,0.0,0.0,0.0,0.0,0.0,0,0.0,0.0,0.0,0.0,0.0,0,1.0,1.0,1.0,1.0,1.0,552,0.9999999999999998,1.0000000000000002,1.0,1.0,1.0000000000000002,552,0.0,0.0,0.0,0.0,0.0,0.0,0.0,0.0,0.0,0.0,0.0,0.0,0.0,1361.452965999888
1220,12200244000000,4.0,9.0,4.6496913580246915,4.0,7.0,648,0.0,0.0,0.0,0.0,0.0,0,0.0,0.0,0.0,0.0,0.0,0,1.0,1.0,1.0,1.0,1.0,552,0.9999999999999997,1.0000000000000004,1.0,1.0,1.0000000000000002,552,0.0,0.0,0.0,0.0,0.0,0.0,0.0,0.0,0.0,0.0,0.0,0.0,0.0,1360.716548999335
1221,12210244200000,4.0,9.0,4.652777777777778,4.0,7.0,648,0.0,0.0,0.0,0.0,0.0,0,0.0,0.0,0.0,0.0,0.0,0,1.0,1.0,1.0,1.0,1.0,552,0.9999999999999998,1.0000000000000004,1.0,1.0,1.0000000000000002,552,0.0,0.0,0.0,0.0,0.0,0.0,0.0,0.0,0.0,0.0,0.0,0.0,0.0,1347.671739999896
1222,12220244400000,4.0,9.0,4.6496913580246915,4.0,7.0,648,0.0,0.0,0.0,0.0,0.0,0,0.0,0.0,0.0,0.0,0.0,0,1.0,1.0,1.0,1.0,1.0,552,0.9999999999999997,1.0000000000000002,1.0,1.0,1.0000000000000002,552,0.0,0.0,0.0,0.0,0.0,0.0,0.0,0.0,0.0,0.0,0.0,0.0,0.0,1372.6315559997602
1223,12230244600000,4.0,9.0,4.654320987654321,4.0,7.0,648,0.0,0.0,0.0,0.0,0.0,0,0.0,0.0,0.0,0.0,0.0,0,1.0,1.0,1.0,1.0,1.0,552,0.9999999999999997,1.0000000000000004,1.0,1.0,1.0000000000000002,552,0.0,0.0,0.0,0.0,0.0,0.0,0.0,0.0,0.0,0.0,0.0,0.0,0.0,1348.2449700004508
1224,12240244800000,4.0,9.0,4.655864197530864,4.0,7.0,648,0.0,0.0,0.0,0.0,0.0,0,0.0,0.0,0.0,0.0,0.0,0,1.0,1.0,1.0,1.0,1.0,552,0.9999999999999997,1.0000000000000002,1.0,1.0,1.0,552,0.0,0.0,0.0,0.0,0.0,0.0,0.0,0.0,0.0,0.0,0.0,0.0,0.0,1368.9528849999988
1225,12250245000000,4.0,9.0,4.652777777777778,4.0,7.0,648,0.0,0.0,0.0,0.0,0.0,0,0.0,0.0,0.0,0.0,0.0,0,1.0,1.0,1.0,1.0,1.0,552,0.9999999999999997,1.0000000000000002,1.0,1.0,1.0000000000000002,552,0.0,0.0,0.0,0.0,0.0,0.0,0.0,0.0,0.0,0.0,0.0,0.0,0.0,1358.6334820001866
1226,12260245200000,4.0,9.0,4.646604938271605,4.0,7.0,648,0.0,0.0,0.0,0.0,0.0,0,0.0,0.0,0.0,0.0,0.0,0,1.0,1.0,1.0,1.0,1.0,552,0.9999999999999998,1.0000000000000002,1.0,1.0,1.0000000000000002,552,0.0,0.0,0.0,0.0,0.0,0.0,0.0,0.0,0.0,0.0,0.0,0.0,0.0,1354.2712540001958
1227,12270245400000,4.0,9.0,4.6342592592592595,4.0,7.0,648,0.0,0.0,0.0,0.0,0.0,0,0.0,0.0,0.0,0.0,0.0,0,1.0,1.0,1.0,1.0,1.0,552,0.9999999999999998,1.0000000000000002,1.0,1.0,1.0000000000000002,552,0.0,0.0,0.0,0.0,0.0,0.0,0.0,0.0,0.0,0.0,0.0,0.0,0.0,1339.1769800000475
1228,12280245600000,4.0,9.0,4.6342592592592595,4.0,7.0,648,0.0,0.0,0.0,0.0,0.0,0,0.0,0.0,0.0,0.0,0.0,0,1.0,1.0,1.0,1.0,1.0,552,0.9999999999999997,1.0000000000000002,1.0,1.0,1.0,552,0.0,0.0,0.0,0.0,0.0,0.0,0.0,0.0,0.0,0.0,0.0,0.0,0.0,1347.4155049998444
1229,12290245800000,4.0,9.0,4.638888888888889,4.0,7.0,648,0.0,0.0,0.0,0.0,0.0,0,0.0,0.0,0.0,0.0,0.0,0,1.0,1.0,1.0,1.0,1.0,552,0.9999999999999997,1.0000000000000002,1.0,1.0,1.0000000000000002,552,0.0,0.0,0.0,0.0,0.0,0.0,0.0,0.0,0.0,0.0,0.0,0.0,0.0,1341.2134899999728
1230,12300246000000,4.0,9.0,4.635802469135802,4.0,7.0,648,0.0,0.0,0.0,0.0,0.0,0,0.0,0.0,0.0,0.0,0.0,0,1.0,1.0,1.0,1.0,1.0,552,0.9999999999999998,1.0000000000000004,1.0,1.0,1.0000000000000002,552,0.0,0.0,0.0,0.0,0.0,0.0,0.0,0.0,0.0,0.0,0.0,0.0,0.0,1334.6878720003588
1231,12310246200000,4.0,9.0,4.635802469135802,4.0,7.0,648,0.0,0.0,0.0,0.0,0.0,0,0.0,0.0,0.0,0.0,0.0,0,1.0,1.0,1.0,1.0,1.0,552,0.9999999999999996,1.0000000000000002,1.0,1.0,1.0000000000000002,552,0.0,0.0,0.0,0.0,0.0,0.0,0.0,0.0,0.0,0.0,0.0,0.0,0.0,1327.933610999935
1232,12320246400000,4.0,9.0,4.638888888888889,4.0,7.0,648,0.0,0.0,0.0,0.0,0.0,0,0.0,0.0,0.0,0.0,0.0,0,1.0,1.0,1.0,1.0,1.0,552,0.9999999999999997,1.0000000000000002,1.0,1.0,1.0000000000000002,552,0.0,0.0,0.0,0.0,0.0,0.0,0.0,0.0,0.0,0.0,0.0,0.0,0.0,1390.8892889994604
1233,12330246600000,4.0,9.0,4.640432098765432,4.0,6.649999999999977,648,0.0,0.0,0.0,0.0,0.0,0,0.0,0.0,0.0,0.0,0.0,0,1.0,1.0,1.0,1.0,1.0,552,0.9999999999999998,1.0000000000000002,1.0,1.0,1.0000000000000002,552,0.0,0.0,0.0,0.0,0.0,0.0,0.0,0.0,0.0,0.0,0.0,0.0,0.0,1356.0855369996716
1234,12340246800000,4.0,9.0,4.646604938271605,4.0,7.0,648,0.0,0.0,0.0,0.0,0.0,0,0.0,0.0,0.0,0.0,0.0,0,1.0,1.0,1.0,1.0,1.0,552,0.9999999999999998,1.0000000000000002,1.0,1.0,1.0000000000000002,552,0.0,0.0,0.0,0.0,0.0,0.0,0.0,0.0,0.0,0.0,0.0,0.0,0.0,1352.872534999733
1235,12350247000000,4.0,9.0,4.648148148148148,4.0,7.0,648,0.0,0.0,0.0,0.0,0.0,0,0.0,0.0,0.0,0.0,0.0,0,1.0,1.0,1.0,1.0,1.0,552,0.9999999999999996,1.0000000000000002,1.0,1.0,1.0000000000000002,552,0.0,0.0,0.0,0.0,0.0,0.0,0.0,0.0,0.0,0.0,0.0,0.0,0.0,1343.6501379992478
1236,12360247200000,4.0,9.0,4.640432098765432,4.0,7.0,648,0.0,0.0,0.0,0.0,0.0,0,0.0,0.0,0.0,0.0,0.0,0,1.0,1.0,1.0,1.0,1.0,552,0.9999999999999997,1.0000000000000002,1.0,1.0,1.0000000000000002,552,0.0,0.0,0.0,0.0,0.0,0.0,0.0,0.0,0.0,0.0,0.0,0.0,0.0,1361.5355470001305
1237,12370247400000,4.0,9.0,4.637345679012346,4.0,7.0,648,0.0,0.0,0.0,0.0,0.0,0,0.0,0.0,0.0,0.0,0.0,0,1.0,1.0,1.0,1.0,1.0,552,0.9999999999999996,1.0000000000000002,1.0,1.0,1.0000000000000002,552,0.0,0.0,0.0,0.0,0.0,0.0,0.0,0.0,0.0,0.0,0.0,0.0,0.0,1332.1523580007124
1238,12380247600000,4.0,9.0,4.651234567901234,4.0,7.0,648,0.0,0.0,0.0,0.0,0.0,0,0.0,0.0,0.0,0.0,0.0,0,1.0,1.0,1.0,1.0,1.0,552,0.9999999999999998,1.0000000000000002,1.0,1.0,1.0000000000000002,552,0.0,0.0,0.0,0.0,0.0,0.0,0.0,0.0,0.0,0.0,0.0,0.0,0.0,1348.9285589994324
1239,12390247800000,4.0,9.0,4.6496913580246915,4.0,7.0,648,0.0,0.0,0.0,0.0,0.0,0,0.0,0.0,0.0,0.0,0.0,0,1.0,1.0,1.0,1.0,1.0,552,0.9999999999999997,1.0000000000000002,1.0,1.0,1.0000000000000002,552,0.0,0.0,0.0,0.0,0.0,0.0,0.0,0.0,0.0,0.0,0.0,0.0,0.0,1352.6112459994692
1240,12400248000000,4.0,9.0,4.651234567901234,4.0,7.0,648,0.0,0.0,0.0,0.0,0.0,0,0.0,0.0,0.0,0.0,0.0,0,1.0,1.0,1.0,1.0,1.0,552,0.9999999999999998,1.0000000000000004,1.0,1.0,1.0000000000000002,552,0.0,0.0,0.0,0.0,0.0,0.0,0.0,0.0,0.0,0.0,0.0,0.0,0.0,1373.1299300006867
1241,12410248200000,4.0,9.0,4.652777777777778,4.0,7.0,648,0.0,0.0,0.0,0.0,0.0,0,0.0,0.0,0.0,0.0,0.0,0,1.0,1.0,1.0,1.0,1.0,552,0.9999999999999998,1.0000000000000002,1.0,1.0,1.0000000000000002,552,0.0,0.0,0.0,0.0,0.0,0.0,0.0,0.0,0.0,0.0,0.0,0.0,0.0,1392.4679869996908
1242,12420248400000,4.0,9.0,4.651234567901234,4.0,7.0,648,0.0,0.0,0.0,0.0,0.0,0,0.0,0.0,0.0,0.0,0.0,0,1.0,1.0,1.0,1.0,1.0,552,0.9999999999999997,1.0000000000000002,1.0,1.0,1.0000000000000002,552,0.0,0.0,0.0,0.0,0.0,0.0,0.0,0.0,0.0,0.0,0.0,0.0,0.0,1342.1927139997933
1243,12430248600000,4.0,9.0,4.646604938271605,4.0,7.0,648,0.0,0.0,0.0,0.0,0.0,0,0.0,0.0,0.0,0.0,0.0,0,1.0,1.0,1.0,1.0,1.0,552,0.9999999999999998,1.0000000000000004,1.0,1.0,1.0000000000000002,552,0.0,0.0,0.0,0.0,0.0,0.0,0.0,0.0,0.0,0.0,0.0,0.0,0.0,1316.240380000636
1244,12440248800000,4.0,9.0,4.651234567901234,4.0,7.0,648,0.0,0.0,0.0,0.0,0.0,0,0.0,0.0,0.0,0.0,0.0,0,1.0,1.0,1.0,1.0,1.0,552,0.9999999999999997,1.0000000000000004,1.0,1.0,1.0000000000000002,552,0.0,0.0,0.0,0.0,0.0,0.0,0.0,0.0,0.0,0.0,0.0,0.0,0.0,1366.1704599999211
1245,12450249000000,4.0,9.0,4.648148148148148,4.0,7.0,648,0.0,0.0,0.0,0.0,0.0,0,0.0,0.0,0.0,0.0,0.0,0,1.0,1.0,1.0,1.0,1.0,552,0.9999999999999996,1.0000000000000002,1.0,1.0,1.0000000000000002,552,0.0,0.0,0.0,0.0,0.0,0.0,0.0,0.0,0.0,0.0,0.0,0.0,0.0,1334.0551490000507
1246,12460249200000,4.0,9.0,4.6419753086419755,4.0,7.0,648,0.0,0.0,0.0,0.0,0.0,0,0.0,0.0,0.0,0.0,0.0,0,1.0,1.0,1.0,1.0,1.0,552,0.9999999999999997,1.0000000000000002,1.0,1.0,1.0000000000000002,552,0.0,0.0,0.0,0.0,0.0,0.0,0.0,0.0,0.0,0.0,0.0,0.0,0.0,1314.9611940007162
1247,12470249400000,4.0,9.0,4.637345679012346,4.0,7.0,648,0.0,0.0,0.0,0.0,0.0,0,0.0,0.0,0.0,0.0,0.0,0,1.0,1.0,1.0,1.0,1.0,552,0.9999999999999996,1.0000000000000002,1.0,1.0,1.0000000000000002,552,0.0,0.0,0.0,0.0,0.0,0.0,0.0,0.0,0.0,0.0,0.0,0.0,0.0,1337.278920999779
1248,12480249600000,4.0,9.0,4.640432098765432,4.0,7.0,648,0.0,0.0,0.0,0.0,0.0,0,0.0,0.0,0.0,0.0,0.0,0,1.0,1.0,1.0,1.0,1.0,552,0.9999999999999998,1.0000000000000004,1.0,1.0,1.0000000000000002,552,0.0,0.0,0.0,0.0,0.0,0.0,0.0,0.0,0.0,0.0,0.0,0.0,0.0,1335.1607289996537
1249,12490249800000,4.0,9.0,4.6419753086419755,4.0,7.0,648,0.0,0.0,0.0,0.0,0.0,0,0.0,0.0,0.0,0.0,0.0,0,1.0,1.0,1.0,1.0,1.0,552,0.9999999999999998,1.0000000000000002,1.0,1.0,1.0000000000000002,552,0.0,0.0,0.0,0.0,0.0,0.0,0.0,0.0,0.0,0.0,0.0,0.0,0.0,1340.5616700001701
1250,12500250000000,4.0,9.0,4.645061728395062,4.0,7.0,648,0.0,0.0,0.0,0.0,0.0,0,0.0,0.0,0.0,0.0,0.0,0,1.0,1.0,1.0,1.0,1.0,552,0.9999999999999996,1.0000000000000002,1.0,1.0,1.0000000000000002,552,0.0,0.0,0.0,0.0,0.0,0.0,0.0,0.0,0.0,0.0,0.0,0.0,0.0,1344.6271189995969
1251,12510250200000,4.0,9.0,4.637345679012346,4.0,7.0,648,0.0,0.0,0.0,0.0,0.0,0,0.0,0.0,0.0,0.0,0.0,0,1.0,1.0,1.0,1.0,1.0,552,0.9999999999999996,1.0000000000000004,1.0,1.0,1.0000000000000002,552,0.0,0.0,0.0,0.0,0.0,0.0,0.0,0.0,0.0,0.0,0.0,0.0,0.0,1340.7002869998905
1252,12520250400000,4.0,9.0,4.6342592592592595,4.0,7.0,648,0.0,0.0,0.0,0.0,0.0,0,0.0,0.0,0.0,0.0,0.0,0,1.0,1.0,1.0,1.0,1.0,552,0.9999999999999998,1.0000000000000002,1.0,1.0,1.0000000000000002,552,0.0,0.0,0.0,0.0,0.0,0.0,0.0,0.0,0.0,0.0,0.0,0.0,0.0,1331.2834569996994
1253,12530250600000,4.0,9.0,4.6419753086419755,4.0,7.0,648,0.0,0.0,0.0,0.0,0.0,0,0.0,0.0,0.0,0.0,0.0,0,1.0,1.0,1.0,1.0,1.0,552,0.9999999999999998,1.0000000000000002,1.0,1.0,1.0000000000000002,552,0.0,0.0,0.0,0.0,0.0,0.0,0.0,0.0,0.0,0.0,0.0,0.0,0.0,1345.358982000107
1254,12540250800000,4.0,9.0,4.6419753086419755,4.0,7.0,648,0.0,0.0,0.0,0.0,0.0,0,0.0,0.0,0.0,0.0,0.0,0,1.0,1.0,1.0,1.0,1.0,552,0.9999999999999997,1.0000000000000002,1.0,1.0,1.0000000000000002,552,0.0,0.0,0.0,0.0,0.0,0.0,0.0,0.0,0.0,0.0,0.0,0.0,0.0,1323.1712939996214
1255,12550251000000,4.0,9.0,4.6342592592592595,4.0,7.0,648,0.0,0.0,0.0,0.0,0.0,0,0.0,0.0,0.0,0.0,0.0,0,1.0,1.0,1.0,1.0,1.0,552,0.9999999999999996,1.0000000000000002,1.0,1.0,1.0000000000000002,552,0.0,0.0,0.0,0.0,0.0,0.0,0.0,0.0,0.0,0.0,0.0,0.0,0.0,1331.5686200003256
1256,12560251200000,4.0,9.0,4.6342592592592595,4.0,7.0,648,0.0,0.0,0.0,0.0,0.0,0,0.0,0.0,0.0,0.0,0.0,0,1.0,1.0,1.0,1.0,1.0,552,0.9999999999999997,1.0000000000000002,1.0,1.0,1.0000000000000002,552,0.0,0.0,0.0,0.0,0.0,0.0,0.0,0.0,0.0,0.0,0.0,0.0,0.0,1349.1263529995194
1257,12570251400000,4.0,9.0,4.640432098765432,4.0,7.0,648,0.0,0.0,0.0,0.0,0.0,0,0.0,0.0,0.0,0.0,0.0,0,1.0,1.0,1.0,1.0,1.0,552,0.9999999999999997,1.0000000000000002,1.0,1.0,1.0000000000000002,552,0.0,0.0,0.0,0.0,0.0,0.0,0.0,0.0,0.0,0.0,0.0,0.0,0.0,1346.3866390002295
1258,12580251600000,4.0,9.0,4.6496913580246915,4.0,7.0,648,0.0,0.0,0.0,0.0,0.0,0,0.0,0.0,0.0,0.0,0.0,0,1.0,1.0,1.0,1.0,1.0,552,0.9999999999999997,1.0000000000000002,1.0,1.0,1.0000000000000002,552,0.0,0.0,0.0,0.0,0.0,0.0,0.0,0.0,0.0,0.0,0.0,0.0,0.0,1343.4731470006227
1259,12590251800000,4.0,9.0,4.6496913580246915,4.0,7.0,648,0.0,0.0,0.0,0.0,0.0,0,0.0,0.0,0.0,0.0,0.0,0,1.0,1.0,1.0,1.0,1.0,552,0.9999999999999997,1.0000000000000002,1.0,1.0,1.0000000000000002,552,0.0,0.0,0.0,0.0,0.0,0.0,0.0,0.0,0.0,0.0,0.0,0.0,0.0,1357.2034619992337
1260,12600252000000,4.0,9.0,4.645061728395062,4.0,7.0,648,0.0,0.0,0.0,0.0,0.0,0,0.0,0.0,0.0,0.0,0.0,0,1.0,1.0,1.0,1.0,1.0,552,0.9999999999999997,1.0000000000000002,1.0,1.0,1.0000000000000002,552,0.0,0.0,0.0,0.0,0.0,0.0,0.0,0.0,0.0,0.0,0.0,0.0,0.0,1350.4281749992515
1261,12610252200000,4.0,9.0,4.638888888888889,4.0,7.0,648,0.0,0.0,0.0,0.0,0.0,0,0.0,0.0,0.0,0.0,0.0,0,1.0,1.0,1.0,1.0,1.0,552,0.9999999999999997,1.0000000000000004,1.0,1.0,1.0000000000000002,552,0.0,0.0,0.0,0.0,0.0,0.0,0.0,0.0,0.0,0.0,0.0,0.0,0.0,1338.183186000606
1262,12620252400000,4.0,9.0,4.6496913580246915,4.0,7.0,648,0.0,0.0,0.0,0.0,0.0,0,0.0,0.0,0.0,0.0,0.0,0,1.0,1.0,1.0,1.0,1.0,552,0.9999999999999998,1.0000000000000004,1.0,1.0,1.0000000000000002,552,0.0,0.0,0.0,0.0,0.0,0.0,0.0,0.0,0.0,0.0,0.0,0.0,0.0,1380.1691280004889
1263,12630252600000,4.0,9.0,4.652777777777778,4.0,7.0,648,0.0,0.0,0.0,0.0,0.0,0,0.0,0.0,0.0,0.0,0.0,0,1.0,1.0,1.0,1.0,1.0,552,0.9999999999999997,1.0000000000000004,1.0,1.0,1.0000000000000002,552,0.0,0.0,0.0,0.0,0.0,0.0,0.0,0.0,0.0,0.0,0.0,0.0,0.0,1359.013793999111
1264,12640252800000,4.0,9.0,4.6496913580246915,4.0,7.0,648,0.0,0.0,0.0,0.0,0.0,0,0.0,0.0,0.0,0.0,0.0,0,1.0,1.0,1.0,1.0,1.0,552,0.9999999999999997,1.0000000000000004,1.0,1.0,1.0,552,0.0,0.0,0.0,0.0,0.0,0.0,0.0,0.0,0.0,0.0,0.0,0.0,0.0,1401.6399970005295
1265,12650253000000,4.0,9.0,4.640432098765432,4.0,7.0,648,0.0,0.0,0.0,0.0,0.0,0,0.0,0.0,0.0,0.0,0.0,0,1.0,1.0,1.0,1.0,1.0,552,0.9999999999999998,1.0000000000000004,1.0,1.0,1.0000000000000002,552,0.0,0.0,0.0,0.0,0.0,0.0,0.0,0.0,0.0,0.0,0.0,0.0,0.0,1360.6830700009596
1266,12660253200000,4.0,9.0,4.646604938271605,4.0,7.0,648,0.0,0.0,0.0,0.0,0.0,0,0.0,0.0,0.0,0.0,0.0,0,1.0,1.0,1.0,1.0,1.0,552,0.9999999999999996,1.0000000000000002,1.0,1.0,1.0000000000000002,552,0.0,0.0,0.0,0.0,0.0,0.0,0.0,0.0,0.0,0.0,0.0,0.0,0.0,1360.60535300021
1267,12670253400000,4.0,9.0,4.6496913580246915,4.0,7.0,648,0.0,0.0,0.0,0.0,0.0,0,0.0,0.0,0.0,0.0,0.0,0,1.0,1.0,1.0,1.0,1.0,552,0.9999999999999997,1.0000000000000002,1.0,1.0,1.0000000000000002,552,0.0,0.0,0.0,0.0,0.0,0.0,0.0,0.0,0.0,0.0,0.0,0.0,0.0,1481.5043609996792
1268,12680253600000,4.0,9.0,4.643518518518518,4.0,7.0,648,0.0,0.0,0.0,0.0,0.0,0,0.0,0.0,0.0,0.0,0.0,0,1.0,1.0,1.0,1.0,1.0,552,0.9999999999999997,1.0000000000000002,1.0,1.0,1.0000000000000002,552,0.0,0.0,0.0,0.0,0.0,0.0,0.0,0.0,0.0,0.0,0.0,0.0,0.0,1378.133235999485
1269,12690253800000,4.0,9.0,4.637345679012346,4.0,7.0,648,0.0,0.0,0.0,0.0,0.0,0,0.0,0.0,0.0,0.0,0.0,0,1.0,1.0,1.0,1.0,1.0,552,0.9999999999999996,1.0000000000000002,1.0,1.0,1.0000000000000002,552,0.0,0.0,0.0,0.0,0.0,0.0,0.0,0.0,0.0,0.0,0.0,0.0,0.0,1353.012427000067
1270,12700254000000,4.0,9.0,4.62962962962963,4.0,7.0,648,0.0,0.0,0.0,0.0,0.0,0,0.0,0.0,0.0,0.0,0.0,0,1.0,1.0,1.0,1.0,1.0,552,0.9999999999999997,1.0000000000000002,1.0,1.0,1.0,552,0.0,0.0,0.0,0.0,0.0,0.0,0.0,0.0,0.0,0.0,0.0,0.0,0.0,1324.494787999356
1271,12710254200000,4.0,9.0,4.6265432098765435,4.0,7.0,648,0.0,0.0,0.0,0.0,0.0,0,0.0,0.0,0.0,0.0,0.0,0,1.0,1.0,1.0,1.0,1.0,552,0.9999999999999997,1.0000000000000002,1.0,1.0,1.0000000000000002,552,0.0,0.0,0.0,0.0,0.0,0.0,0.0,0.0,0.0,0.0,0.0,0.0,0.0,1341.3863579989993
1272,12720254400000,4.0,9.0,4.637345679012346,4.0,7.0,648,0.0,0.0,0.0,0.0,0.0,0,0.0,0.0,0.0,0.0,0.0,0,1.0,1.0,1.0,1.0,1.0,552,0.9999999999999997,1.0000000000000004,1.0,1.0,1.0000000000000002,552,0.0,0.0,0.0,0.0,0.0,0.0,0.0,0.0,0.0,0.0,0.0,0.0,0.0,1359.077127999626
1273,12730254600000,4.0,9.0,4.632716049382716,4.0,7.0,648,0.0,0.0,0.0,0.0,0.0,0,0.0,0.0,0.0,0.0,0.0,0,1.0,1.0,1.0,1.0,1.0,552,0.9999999999999997,1.0000000000000002,1.0,1.0,1.0000000000000002,552,0.0,0.0,0.0,0.0,0.0,0.0,0.0,0.0,0.0,0.0,0.0,0.0,0.0,1325.0086449988885
1274,12740254800000,4.0,9.0,4.628086419753086,4.0,7.0,648,0.0,0.0,0.0,0.0,0.0,0,0.0,0.0,0.0,0.0,0.0,0,1.0,1.0,1.0,1.0,1.0,552,0.9999999999999998,1.0000000000000002,1.0,1.0,1.0000000000000002,552,0.0,0.0,0.0,0.0,0.0,0.0,0.0,0.0,0.0,0.0,0.0,0.0,0.0,1315.113028000269
1275,12750255000000,4.0,9.0,4.635802469135802,4.0,7.0,648,0.0,0.0,0.0,0.0,0.0,0,0.0,0.0,0.0,0.0,0.0,0,1.0,1.0,1.0,1.0,1.0,552,0.9999999999999997,1.0000000000000002,1.0,1.0,1.0,552,0.0,0.0,0.0,0.0,0.0,0.0,0.0,0.0,0.0,0.0,0.0,0.0,0.0,1320.403763998911
1276,12760255200000,4.0,9.0,4.637345679012346,4.0,7.0,648,0.0,0.0,0.0,0.0,0.0,0,0.0,0.0,0.0,0.0,0.0,0,1.0,1.0,1.0,1.0,1.0,552,0.9999999999999997,1.0000000000000004,1.0,1.0,1.0000000000000002,552,0.0,0.0,0.0,0.0,0.0,0.0,0.0,0.0,0.0,0.0,0.0,0.0,0.0,1352.119612000024
1277,12770255400000,4.0,9.0,4.6419753086419755,4.0,7.0,648,0.0,0.0,0.0,0.0,0.0,0,0.0,0.0,0.0,0.0,0.0,0,1.0,1.0,1.0,1.0,1.0,552,0.9999999999999998,1.0000000000000002,1.0,1.0,1.0000000000000002,552,0.0,0.0,0.0,0.0,0.0,0.0,0.0,0.0,0.0,0.0,0.0,0.0,0.0,1341.4115579998906
1278,12780255600000,4.0,9.0,4.638888888888889,4.0,7.0,648,0.0,0.0,0.0,0.0,0.0,0,0.0,0.0,0.0,0.0,0.0,0,1.0,1.0,1.0,1.0,1.0,552,0.9999999999999997,1.0000000000000002,1.0,1.0,1.0000000000000002,552,0.0,0.0,0.0,0.0,0.0,0.0,0.0,0.0,0.0,0.0,0.0,0.0,0.0,1331.170982999538
1279,12790255800000,4.0,9.0,4.637345679012346,4.0,7.0,648,0.0,0.0,0.0,0.0,0.0,0,0.0,0.0,0.0,0.0,0.0,0,1.0,1.0,1.0,1.0,1.0,552,0.9999999999999996,1.0000000000000002,1.0,1.0,1.0000000000000002,552,0.0,0.0,0.0,0.0,0.0,0.0,0.0,0.0,0.0,0.0,0.0,0.0,0.0,1320.4195560010703
1280,12800256000000,4.0,9.0,4.638888888888889,4.0,7.0,648,0.0,0.0,0.0,0.0,0.0,0,0.0,0.0,0.0,0.0,0.0,0,1.0,1.0,1.0,1.0,1.0,552,0.9999999999999996,1.0000000000000002,1.0,1.0,1.0000000000000002,552,0.0,0.0,0.0,0.0,0.0,0.0,0.0,0.0,0.0,0.0,0.0,0.0,0.0,1344.861489998948
1281,12810256200000,4.0,9.0,4.645061728395062,4.0,7.0,648,0.0,0.0,0.0,0.0,0.0,0,0.0,0.0,0.0,0.0,0.0,0,1.0,1.0,1.0,1.0,1.0,552,0.9999999999999997,1.0000000000000004,1.0,1.0,1.0000000000000002,552,0.0,0.0,0.0,0.0,0.0,0.0,0.0,0.0,0.0,0.0,0.0,0.0,0.0,1340.4431399994792
1282,12820256400000,4.0,9.0,4.652777777777778,4.0,7.0,648,0.0,0.0,0.0,0.0,0.0,0,0.0,0.0,0.0,0.0,0.0,0,1.0,1.0,1.0,1.0,1.0,552,0.9999999999999998,1.0000000000000002,1.0,1.0,1.0000000000000002,552,0.0,0.0,0.0,0.0,0.0,0.0,0.0,0.0,0.0,0.0,0.0,0.0,0.0,1343.2082220006123
1283,12830256600000,4.0,9.0,4.6496913580246915,4.0,7.0,648,0.0,0.0,0.0,0.0,0.0,0,0.0,0.0,0.0,0.0,0.0,0,1.0,1.0,1.0,1.0,1.0,552,0.9999999999999998,1.0000000000000002,1.0,1.0,1.0000000000000002,552,0.0,0.0,0.0,0.0,0.0,0.0,0.0,0.0,0.0,0.0,0.0,0.0,0.0,1358.3816760001355
1284,12840256800000,4.0,9.0,4.648148148148148,4.0,7.0,648,0.0,0.0,0.0,0.0,0.0,0,0.0,0.0,0.0,0.0,0.0,0,1.0,1.0,1.0,1.0,1.0,552,0.9999999999999998,1.0000000000000002,1.0,1.0,1.0000000000000002,552,0.0,0.0,0.0,0.0,0.0,0.0,0.0,0.0,0.0,0.0,0.0,0.0,0.0,1377.2841720001452
1285,12850257000000,4.0,10.0,4.6419753086419755,4.0,7.0,648,0.0,0.0,0.0,0.0,0.0,0,0.0,0.0,0.0,0.0,0.0,0,1.0,1.0,1.0,1.0,1.0,552,0.9999999999999998,1.0000000000000004,1.0,1.0,1.0000000000000002,552,0.0,0.0,0.0,0.0,0.0,0.0,0.0,0.0,0.0,0.0,0.0,0.0,0.0,1329.1061100007937
1286,12860257200000,4.0,10.0,4.638888888888889,4.0,7.0,648,0.0,0.0,0.0,0.0,0.0,0,0.0,0.0,0.0,0.0,0.0,0,1.0,1.0,1.0,1.0,1.0,552,0.9999999999999998,1.0000000000000002,1.0,1.0,1.0,552,0.0,0.0,0.0,0.0,0.0,0.0,0.0,0.0,0.0,0.0,0.0,0.0,0.0,1329.061353000725
1287,12870257400000,4.0,10.0,4.640432098765432,4.0,7.0,648,0.0,0.0,0.0,0.0,0.0,0,0.0,0.0,0.0,0.0,0.0,0,1.0,1.0,1.0,1.0,1.0,552,0.9999999999999998,1.0000000000000004,1.0,1.0,1.0000000000000002,552,0.0,0.0,0.0,0.0,0.0,0.0,0.0,0.0,0.0,0.0,0.0,0.0,0.0,1325.3181950003636
1288,12880257600000,4.0,9.0,4.621913580246914,4.0,7.0,648,0.0,0.0,0.0,0.0,0.0,0,0.0,0.0,0.0,0.0,0.0,0,1.0,1.0,1.0,1.0,1.0,552,0.9999999999999996,1.0000000000000002,1.0,1.0,1.0000000000000002,552,0.0,0.0,0.0,0.0,0.0,0.0,0.0,0.0,0.0,0.0,0.0,0.0,0.0,1327.3146169995016
1289,12890257800000,4.0,9.0,4.62962962962963,4.0,7.0,648,0.0,0.0,0.0,0.0,0.0,0,0.0,0.0,0.0,0.0,0.0,0,1.0,1.0,1.0,1.0,1.0,552,0.9999999999999998,1.0000000000000002,1.0,1.0,1.0000000000000002,552,0.0,0.0,0.0,0.0,0.0,0.0,0.0,0.0,0.0,0.0,0.0,0.0,0.0,1323.8866699994105
1290,12900258000000,4.0,9.0,4.631172839506172,4.0,7.0,648,0.0,0.0,0.0,0.0,0.0,0,0.0,0.0,0.0,0.0,0.0,0,1.0,1.0,1.0,1.0,1.0,552,0.9999999999999998,1.0000000000000004,1.0,1.0,1.0000000000000002,552,0.0,0.0,0.0,0.0,0.0,0.0,0.0,0.0,0.0,0.0,0.0,0.0,0.0,1344.3562230004318
1291,12910258200000,4.0,9.0,4.621913580246914,4.0,7.0,648,0.0,0.0,0.0,0.0,0.0,0,0.0,0.0,0.0,0.0,0.0,0,1.0,1.0,1.0,1.0,1.0,552,0.9999999999999996,1.0000000000000004,1.0,1.0,1.0000000000000002,552,0.0,0.0,0.0,0.0,0.0,0.0,0.0,0.0,0.0,0.0,0.0,0.0,0.0,1325.9201609998854
1292,12920258400000,4.0,9.0,4.6234567901234565,4.0,7.0,648,0.0,0.0,0.0,0.0,0.0,0,0.0,0.0,0.0,0.0,0.0,0,1.0,1.0,1.0,1.0,1.0,552,0.9999999999999998,1.0000000000000002,1.0,1.0,1.0000000000000002,552,0.0,0.0,0.0,0.0,0.0,0.0,0.0,0.0,0.0,0.0,0.0,0.0,0.0,1399.1379939998296
1293,12930258600000,4.0,9.0,4.62962962962963,4.0,7.0,648,0.0,0.0,0.0,0.0,0.0,0,0.0,0.0,0.0,0.0,0.0,0,1.0,1.0,1.0,1.0,1.0,552,0.9999999999999998,1.0000000000000004,1.0,1.0,1.0000000000000002,552,0.0,0.0,0.0,0.0,0.0,0.0,0.0,0.0,0.0,0.0,0.0,0.0,0.0,1331.4443550007127
1294,12940258800000,4.0,9.0,4.635802469135802,4.0,7.0,648,0.0,0.0,0.0,0.0,0.0,0,0.0,0.0,0.0,0.0,0.0,0,1.0,1.0,1.0,1.0,1.0,552,0.9999999999999997,1.0000000000000002,1.0,1.0,1.0,552,0.0,0.0,0.0,0.0,0.0,0.0,0.0,0.0,0.0,0.0,0.0,0.0,0.0,1377.249531000416
1295,12950259000000,4.0,9.0,4.635802469135802,4.0,7.0,648,0.0,0.0,0.0,0.0,0.0,0,0.0,0.0,0.0,0.0,0.0,0,1.0,1.0,1.0,1.0,1.0,552,0.9999999999999997,1.0000000000000002,1.0,1.0,1.0000000000000002,552,0.0,0.0,0.0,0.0,0.0,0.0,0.0,0.0,0.0,0.0,0.0,0.0,0.0,1343.5298839995085
1296,12960259200000,4.0,10.0,4.6419753086419755,4.0,7.0,648,0.0,0.0,0.0,0.0,0.0,0,0.0,0.0,0.0,0.0,0.0,0,1.0,1.0,1.0,1.0,1.0,552,0.9999999999999997,1.0000000000000002,1.0,1.0,1.0000000000000002,552,0.0,0.0,0.0,0.0,0.0,0.0,0.0,0.0,0.0,0.0,0.0,0.0,0.0,1357.1961769994232
1297,12970259400000,4.0,10.0,4.6342592592592595,4.0,7.0,648,0.0,0.0,0.0,0.0,0.0,0,0.0,0.0,0.0,0.0,0.0,0,1.0,1.0,1.0,1.0,1.0,552,0.9999999999999996,1.0000000000000002,1.0,1.0,1.0000000000000002,552,0.0,0.0,0.0,0.0,0.0,0.0,0.0,0.0,0.0,0.0,0.0,0.0,0.0,1325.3133200014418
1298,12980259600000,4.0,10.0,4.643518518518518,4.0,7.0,648,0.0,0.0,0.0,0.0,0.0,0,0.0,0.0,0.0,0.0,0.0,0,1.0,1.0,1.0,1.0,1.0,552,0.9999999999999996,1.0000000000000004,1.0,1.0,1.0000000000000002,552,0.0,0.0,0.0,0.0,0.0,0.0,0.0,0.0,0.0,0.0,0.0,0.0,0.0,1343.1791500006511
1299,12990259800000,4.0,10.0,4.6419753086419755,4.0,7.0,648,0.0,0.0,0.0,0.0,0.0,0,0.0,0.0,0.0,0.0,0.0,0,1.0,1.0,1.0,1.0,1.0,552,0.9999999999999996,1.0000000000000002,1.0,1.0,1.0000000000000002,552,0.0,0.0,0.0,0.0,0.0,0.0,0.0,0.0,0.0,0.0,0.0,0.0,0.0,1348.963428999923
1300,13000260000000,4.0,10.0,4.648148148148148,4.0,7.0,648,0.0,0.0,0.0,0.0,0.0,0,0.0,0.0,0.0,0.0,0.0,0,1.0,1.0,1.0,1.0,1.0,552,0.9999999999999996,1.0000000000000002,1.0,1.0,1.0000000000000002,552,0.0,0.0,0.0,0.0,0.0,0.0,0.0,0.0,0.0,0.0,0.0,0.0,0.0,1360.6050470007176
1301,13010260200000,4.0,10.0,4.645061728395062,4.0,7.0,648,0.0,0.0,0.0,0.0,0.0,0,0.0,0.0,0.0,0.0,0.0,0,1.0,1.0,1.0,1.0,1.0,552,0.9999999999999997,1.0000000000000004,1.0,1.0,1.0000000000000002,552,0.0,0.0,0.0,0.0,0.0,0.0,0.0,0.0,0.0,0.0,0.0,0.0,0.0,1380.2877609996358
1302,13020260400000,4.0,10.0,4.638888888888889,4.0,7.0,648,0.0,0.0,0.0,0.0,0.0,0,0.0,0.0,0.0,0.0,0.0,0,1.0,1.0,1.0,1.0,1.0,552,0.9999999999999997,1.0000000000000002,1.0,1.0,1.0000000000000002,552,0.0,0.0,0.0,0.0,0.0,0.0,0.0,0.0,0.0,0.0,0.0,0.0,0.0,1362.279426999521
1303,13030260600000,4.0,10.0,4.6342592592592595,4.0,7.0,648,0.0,0.0,0.0,0.0,0.0,0,0.0,0.0,0.0,0.0,0.0,0,1.0,1.0,1.0,1.0,1.0,552,0.9999999999999997,1.0000000000000002,1.0,1.0,1.0000000000000002,552,0.0,0.0,0.0,0.0,0.0,0.0,0.0,0.0,0.0,0.0,0.0,0.0,0.0,1334.6071270007087
1304,13040260800000,4.0,10.0,4.628086419753086,4.0,7.0,648,0.0,0.0,0.0,0.0,0.0,0,0.0,0.0,0.0,0.0,0.0,0,1.0,1.0,1.0,1.0,1.0,552,0.9999999999999996,1.0000000000000002,1.0,1.0,1.0000000000000002,552,0.0,0.0,0.0,0.0,0.0,0.0,0.0,0.0,0.0,0.0,0.0,0.0,0.0,1344.4877849997283
1305,13050261000000,4.0,10.0,4.632716049382716,4.0,7.0,648,0.0,0.0,0.0,0.0,0.0,0,0.0,0.0,0.0,0.0,0.0,0,1.0,1.0,1.0,1.0,1.0,552,0.9999999999999997,1.0000000000000004,1.0,1.0,1.0000000000000002,552,0.0,0.0,0.0,0.0,0.0,0.0,0.0,0.0,0.0,0.0,0.0,0.0,0.0,1311.4733069996873
1306,13060261200000,4.0,10.0,4.632716049382716,4.0,7.0,648,0.0,0.0,0.0,0.0,0.0,0,0.0,0.0,0.0,0.0,0.0,0,1.0,1.0,1.0,1.0,1.0,552,0.9999999999999997,1.0000000000000002,1.0,1.0,1.0000000000000002,552,0.0,0.0,0.0,0.0,0.0,0.0,0.0,0.0,0.0,0.0,0.0,0.0,0.0,1321.8026489994372
1307,13070261400000,4.0,10.0,4.631172839506172,4.0,7.0,648,0.0,0.0,0.0,0.0,0.0,0,0.0,0.0,0.0,0.0,0.0,0,1.0,1.0,1.0,1.0,1.0,552,0.9999999999999997,1.0000000000000004,1.0,1.0,1.0000000000000002,552,0.0,0.0,0.0,0.0,0.0,0.0,0.0,0.0,0.0,0.0,0.0,0.0,0.0,1311.1310109998158
1308,13080261600000,4.0,10.0,4.6342592592592595,4.0,7.0,648,0.0,0.0,0.0,0.0,0.0,0,0.0,0.0,0.0,0.0,0.0,0,1.0,1.0,1.0,1.0,1.0,552,0.9999999999999998,1.0000000000000002,1.0,1.0,1.0000000000000002,552,0.0,0.0,0.0,0.0,0.0,0.0,0.0,0.0,0.0,0.0,0.0,0.0,0.0,1349.7150960010913
1309,13090261800000,4.0,10.0,4.632716049382716,4.0,7.0,648,0.0,0.0,0.0,0.0,0.0,0,0.0,0.0,0.0,0.0,0.0,0,1.0,1.0,1.0,1.0,1.0,552,0.9999999999999997,1.0000000000000002,1.0,1.0,1.0000000000000002,552,0.0,0.0,0.0,0.0,0.0,0.0,0.0,0.0,0.0,0.0,0.0,0.0,0.0,1313.596478999898
1310,13100262000000,4.0,10.0,4.6265432098765435,4.0,7.0,648,0.0,0.0,0.0,0.0,0.0,0,0.0,0.0,0.0,0.0,0.0,0,1.0,1.0,1.0,1.0,1.0,552,0.9999999999999998,1.0000000000000004,1.0,1.0,1.0000000000000002,552,0.0,0.0,0.0,0.0,0.0,0.0,0.0,0.0,0.0,0.0,0.0,0.0,0.0,1301.7637689990806
1311,13110262200000,4.0,10.0,4.631172839506172,4.0,7.0,648,0.0,0.0,0.0,0.0,0.0,0,0.0,0.0,0.0,0.0,0.0,0,1.0,1.0,1.0,1.0,1.0,552,0.9999999999999996,1.0000000000000002,1.0,1.0,1.0000000000000002,552,0.0,0.0,0.0,0.0,0.0,0.0,0.0,0.0,0.0,0.0,0.0,0.0,0.0,1320.2503619995696
1312,13120262400000,4.0,10.0,4.628086419753086,4.0,7.0,648,0.0,0.0,0.0,0.0,0.0,0,0.0,0.0,0.0,0.0,0.0,0,1.0,1.0,1.0,1.0,1.0,552,0.9999999999999997,1.0000000000000002,1.0,1.0,1.0000000000000002,552,0.0,0.0,0.0,0.0,0.0,0.0,0.0,0.0,0.0,0.0,0.0,0.0,0.0,1356.8575910012441
1313,13130262600000,4.0,10.0,4.632716049382716,4.0,7.0,648,0.0,0.0,0.0,0.0,0.0,0,0.0,0.0,0.0,0.0,0.0,0,1.0,1.0,1.0,1.0,1.0,552,0.9999999999999998,1.0000000000000004,1.0,1.0,1.0000000000000002,552,0.0,0.0,0.0,0.0,0.0,0.0,0.0,0.0,0.0,0.0,0.0,0.0,0.0,1329.9558839989913
1314,13140262800000,4.0,10.0,4.638888888888889,4.0,7.0,648,0.0,0.0,0.0,0.0,0.0,0,0.0,0.0,0.0,0.0,0.0,0,1.0,1.0,1.0,1.0,1.0,552,0.9999999999999997,1.0000000000000002,1.0,1.0,1.0000000000000002,552,0.0,0.0,0.0,0.0,0.0,0.0,0.0,0.0,0.0,0.0,0.0,0.0,0.0,1317.7347219989315
1315,13150263000000,4.0,10.0,4.6342592592592595,4.0,7.0,648,0.0,0.0,0.0,0.0,0.0,0,0.0,0.0,0.0,0.0,0.0,0,1.0,1.0,1.0,1.0,1.0,552,0.9999999999999997,1.0000000000000002,1.0,1.0,1.0000000000000002,552,0.0,0.0,0.0,0.0,0.0,0.0,0.0,0.0,0.0,0.0,0.0,0.0,0.0,1308.9240179997432
1316,13160263200000,4.0,10.0,4.637345679012346,4.0,7.0,648,0.0,0.0,0.0,0.0,0.0,0,0.0,0.0,0.0,0.0,0.0,0,1.0,1.0,1.0,1.0,1.0,552,0.9999999999999998,1.0000000000000004,1.0,1.0,1.0000000000000002,552,0.0,0.0,0.0,0.0,0.0,0.0,0.0,0.0,0.0,0.0,0.0,0.0,0.0,1349.6852019998187
1317,13170263400000,4.0,10.0,4.638888888888889,4.0,7.0,648,0.0,0.0,0.0,0.0,0.0,0,0.0,0.0,0.0,0.0,0.0,0,1.0,1.0,1.0,1.0,1.0,552,0.9999999999999997,1.0000000000000002,1.0,1.0,1.0000000000000002,552,0.0,0.0,0.0,0.0,0.0,0.0,0.0,0.0,0.0,0.0,0.0,0.0,0.0,1345.9262710002804
1318,13180263600000,4.0,10.0,4.6419753086419755,4.0,7.0,648,0.0,0.0,0.0,0.0,0.0,0,0.0,0.0,0.0,0.0,0.0,0,1.0,1.0,1.0,1.0,1.0,552,0.9999999999999997,1.0000000000000004,1.0,1.0,1.0000000000000002,552,0.0,0.0,0.0,0.0,0.0,0.0,0.0,0.0,0.0,0.0,0.0,0.0,0.0,1321.6141369994148
1319,13190263800000,4.0,10.0,4.6496913580246915,4.0,7.0,648,0.0,0.0,0.0,0.0,0.0,0,0.0,0.0,0.0,0.0,0.0,0,1.0,1.0,1.0,1.0,1.0,552,0.9999999999999996,1.0000000000000004,1.0,1.0,1.0000000000000002,552,0.0,0.0,0.0,0.0,0.0,0.0,0.0,0.0,0.0,0.0,0.0,0.0,0.0,1338.4379700000864
1320,13200264000000,4.0,10.0,4.640432098765432,4.0,7.0,648,0.0,0.0,0.0,0.0,0.0,0,0.0,0.0,0.0,0.0,0.0,0,1.0,1.0,1.0,1.0,1.0,552,0.9999999999999997,1.0000000000000004,1.0,1.0,1.0000000000000002,552,0.0,0.0,0.0,0.0,0.0,0.0,0.0,0.0,0.0,0.0,0.0,0.0,0.0,1347.1335470003396
1321,13210264200000,4.0,10.0,4.638888888888889,4.0,7.0,648,0.0,0.0,0.0,0.0,0.0,0,0.0,0.0,0.0,0.0,0.0,0,1.0,1.0,1.0,1.0,1.0,552,0.9999999999999998,1.0000000000000002,1.0,1.0,1.0,552,0.0,0.0,0.0,0.0,0.0,0.0,0.0,0.0,0.0,0.0,0.0,0.0,0.0,1339.497492999726
1322,13220264400000,4.0,10.0,4.635802469135802,4.0,7.0,648,0.0,0.0,0.0,0.0,0.0,0,0.0,0.0,0.0,0.0,0.0,0,1.0,1.0,1.0,1.0,1.0,552,0.9999999999999998,1.0000000000000002,1.0,1.0,1.0000000000000002,552,0.0,0.0,0.0,0.0,0.0,0.0,0.0,0.0,0.0,0.0,0.0,0.0,0.0,1329.5848519992433
1323,13230264600000,4.0,10.0,4.62962962962963,4.0,7.0,648,0.0,0.0,0.0,0.0,0.0,0,0.0,0.0,0.0,0.0,0.0,0,1.0,1.0,1.0,1.0,1.0,552,0.9999999999999998,1.0000000000000002,1.0,1.0,1.0000000000000002,552,0.0,0.0,0.0,0.0,0.0,0.0,0.0,0.0,0.0,0.0,0.0,0.0,0.0,1294.7032659994875
1324,13240264800000,4.0,10.0,4.631172839506172,4.0,7.0,648,0.0,0.0,0.0,0.0,0.0,0,0.0,0.0,0.0,0.0,0.0,0,1.0,1.0,1.0,1.0,1.0,552,0.9999999999999998,1.0000000000000002,1.0,1.0,1.0000000000000002,552,0.0,0.0,0.0,0.0,0.0,0.0,0.0,0.0,0.0,0.0,0.0,0.0,0.0,1319.629610001357
1325,13250265000000,4.0,10.0,4.632716049382716,4.0,7.0,648,0.0,0.0,0.0,0.0,0.0,0,0.0,0.0,0.0,0.0,0.0,0,1.0,1.0,1.0,1.0,1.0,552,0.9999999999999996,1.0000000000000004,1.0,1.0,1.0000000000000002,552,0.0,0.0,0.0,0.0,0.0,0.0,0.0,0.0,0.0,0.0,0.0,0.0,0.0,1312.429735000478
1326,13260265200000,4.0,10.0,4.631172839506172,4.0,7.0,648,0.0,0.0,0.0,0.0,0.0,0,0.0,0.0,0.0,0.0,0.0,0,1.0,1.0,1.0,1.0,1.0,552,0.9999999999999996,1.0000000000000002,1.0,1.0,1.0000000000000002,552,0.0,0.0,0.0,0.0,0.0,0.0,0.0,0.0,0.0,0.0,0.0,0.0,0.0,1302.4768710001808
1327,13270265400000,4.0,10.0,4.6342592592592595,4.0,7.0,648,0.0,0.0,0.0,0.0,0.0,0,0.0,0.0,0.0,0.0,0.0,0,1.0,1.0,1.0,1.0,1.0,552,0.9999999999999997,1.0000000000000004,1.0,1.0,1.0,552,0.0,0.0,0.0,0.0,0.0,0.0,0.0,0.0,0.0,0.0,0.0,0.0,0.0,1298.5547529988253
1328,13280265600000,4.0,10.0,4.635802469135802,4.0,7.0,648,0.0,0.0,0.0,0.0,0.0,0,0.0,0.0,0.0,0.0,0.0,0,1.0,1.0,1.0,1.0,1.0,552,0.9999999999999996,1.0000000000000004,1.0,1.0,1.0000000000000002,552,0.0,0.0,0.0,0.0,0.0,0.0,0.0,0.0,0.0,0.0,0.0,0.0,0.0,1344.5776450007543
1329,13290265800000,4.0,10.0,4.6342592592592595,4.0,7.0,648,0.0,0.0,0.0,0.0,0.0,0,0.0,0.0,0.0,0.0,0.0,0,1.0,1.0,1.0,1.0,1.0,552,0.9999999999999997,1.0000000000000004,1.0,1.0,1.0000000000000002,552,0.0,0.0,0.0,0.0,0.0,0.0,0.0,0.0,0.0,0.0,0.0,0.0,0.0,1403.8435900001787
1330,13300266000000,4.0,10.0,4.6265432098765435,4.0,7.0,648,0.0,0.0,0.0,0.0,0.0,0,0.0,0.0,0.0,0.0,0.0,0,1.0,1.0,1.0,1.0,1.0,552,0.9999999999999998,1.0000000000000002,1.0,1.0,1.0000000000000002,552,0.0,0.0,0.0,0.0,0.0,0.0,0.0,0.0,0.0,0.0,0.0,0.0,0.0,1304.0384849991824
1331,13310266200000,4.0,10.0,4.6342592592592595,4.0,7.0,648,0.0,0.0,0.0,0.0,0.0,0,0.0,0.0,0.0,0.0,0.0,0,1.0,1.0,1.0,1.0,1.0,552,0.9999999999999997,1.0000000000000004,1.0,1.0,1.0000000000000002,552,0.0,0.0,0.0,0.0,0.0,0.0,0.0,0.0,0.0,0.0,0.0,0.0,0.0,1329.3990660004056
1332,13320266400000,4.0,10.0,4.638888888888889,4.0,7.0,648,0.0,0.0,0.0,0.0,0.0,0,0.0,0.0,0.0,0.0,0.0,0,1.0,1.0,1.0,1.0,1.0,552,0.9999999999999998,1.0000000000000002,1.0,1.0,1.0000000000000002,552,0.0,0.0,0.0,0.0,0.0,0.0,0.0,0.0,0.0,0.0,0.0,0.0,0.0,1357.8038789983111
1333,13330266600000,4.0,10.0,4.6342592592592595,4.0,7.0,648,0.0,0.0,0.0,0.0,0.0,0,0.0,0.0,0.0,0.0,0.0,0,1.0,1.0,1.0,1.0,1.0,552,0.9999999999999997,1.0000000000000002,1.0,1.0,1.0000000000000002,552,0.0,0.0,0.0,0.0,0.0,0.0,0.0,0.0,0.0,0.0,0.0,0.0,0.0,1324.1994039999554
1334,13340266800000,4.0,10.0,4.640432098765432,4.0,7.0,648,0.0,0.0,0.0,0.0,0.0,0,0.0,0.0,0.0,0.0,0.0,0,1.0,1.0,1.0,1.0,1.0,552,0.9999999999999996,1.0000000000000004,1.0,1.0,1.0000000000000002,552,0.0,0.0,0.0,0.0,0.0,0.0,0.0,0.0,0.0,0.0,0.0,0.0,0.0,1371.8429370001104
1335,13350267000000,4.0,10.0,4.632716049382716,4.0,7.0,648,0.0,0.0,0.0,0.0,0.0,0,0.0,0.0,0.0,0.0,0.0,0,1.0,1.0,1.0,1.0,1.0,552,0.9999999999999996,1.0000000000000002,1.0,1.0,1.0000000000000002,552,0.0,0.0,0.0,0.0,0.0,0.0,0.0,0.0,0.0,0.0,0.0,0.0,0.0,1310.5795049996232
1336,13360267200000,4.0,10.0,4.6419753086419755,4.0,7.0,648,0.0,0.0,0.0,0.0,0.0,0,0.0,0.0,0.0,0.0,0.0,0,1.0,1.0,1.0,1.0,1.0,552,0.9999999999999998,1.0000000000000002,1.0,1.0,1.0000000000000002,552,0.0,0.0,0.0,0.0,0.0,0.0,0.0,0.0,0.0,0.0,0.0,0.0,0.0,1349.8876710000332
1337,13370267400000,4.0,10.0,4.654320987654321,4.0,7.0,648,0.0,0.0,0.0,0.0,0.0,0,0.0,0.0,0.0,0.0,0.0,0,1.0,1.0,1.0,1.0,1.0,552,0.9999999999999998,1.0000000000000002,1.0,1.0,1.0000000000000002,552,0.0,0.0,0.0,0.0,0.0,0.0,0.0,0.0,0.0,0.0,0.0,0.0,0.0,1343.3910019994073
1338,13380267600000,4.0,10.0,4.646604938271605,4.0,7.0,648,0.0,0.0,0.0,0.0,0.0,0,0.0,0.0,0.0,0.0,0.0,0,1.0,1.0,1.0,1.0,1.0,552,0.9999999999999996,1.0000000000000002,1.0,1.0,1.0000000000000002,552,0.0,0.0,0.0,0.0,0.0,0.0,0.0,0.0,0.0,0.0,0.0,0.0,0.0,1316.8398249999882
1339,13390267800000,4.0,10.0,4.6419753086419755,4.0,7.0,648,0.0,0.0,0.0,0.0,0.0,0,0.0,0.0,0.0,0.0,0.0,0,1.0,1.0,1.0,1.0,1.0,552,0.9999999999999997,1.0000000000000004,1.0,1.0,1.0000000000000002,552,0.0,0.0,0.0,0.0,0.0,0.0,0.0,0.0,0.0,0.0,0.0,0.0,0.0,1322.9594149997865
1340,13400268000000,4.0,10.0,4.638888888888889,4.0,7.0,648,0.0,0.0,0.0,0.0,0.0,0,0.0,0.0,0.0,0.0,0.0,0,1.0,1.0,1.0,1.0,1.0,552,0.9999999999999997,1.0000000000000004,1.0,1.0,1.0,552,0.0,0.0,0.0,0.0,0.0,0.0,0.0,0.0,0.0,0.0,0.0,0.0,0.0,1321.9152340006985
1341,13410268200000,4.0,10.0,4.638888888888889,4.0,7.0,648,0.0,0.0,0.0,0.0,0.0,0,0.0,0.0,0.0,0.0,0.0,0,1.0,1.0,1.0,1.0,1.0,552,0.9999999999999997,1.0000000000000004,1.0,1.0,1.0000000000000002,552,0.0,0.0,0.0,0.0,0.0,0.0,0.0,0.0,0.0,0.0,0.0,0.0,0.0,1320.4543449992343
1342,13420268400000,4.0,10.0,4.6419753086419755,4.0,7.0,648,0.0,0.0,0.0,0.0,0.0,0,0.0,0.0,0.0,0.0,0.0,0,1.0,1.0,1.0,1.0,1.0,552,0.9999999999999997,1.0000000000000002,1.0,1.0,1.0000000000000002,552,0.0,0.0,0.0,0.0,0.0,0.0,0.0,0.0,0.0,0.0,0.0,0.0,0.0,1331.466982001075
1343,13430268600000,4.0,10.0,4.643518518518518,4.0,7.0,648,0.0,0.0,0.0,0.0,0.0,0,0.0,0.0,0.0,0.0,0.0,0,1.0,1.0,1.0,1.0,1.0,552,0.9999999999999997,1.0000000000000002,1.0,1.0,1.0000000000000002,552,0.0,0.0,0.0,0.0,0.0,0.0,0.0,0.0,0.0,0.0,0.0,0.0,0.0,1315.5209390006348
1344,13440268800000,4.0,10.0,4.643518518518518,4.0,7.0,648,0.0,0.0,0.0,0.0,0.0,0,0.0,0.0,0.0,0.0,0.0,0,1.0,1.0,1.0,1.0,1.0,552,0.9999999999999997,1.0000000000000002,1.0,1.0,1.0000000000000002,552,0.0,0.0,0.0,0.0,0.0,0.0,0.0,0.0,0.0,0.0,0.0,0.0,0.0,1355.3718779985502
1345,13450269000000,4.0,10.0,4.646604938271605,4.0,7.0,648,0.0,0.0,0.0,0.0,0.0,0,0.0,0.0,0.0,0.0,0.0,0,1.0,1.0,1.0,1.0,1.0,552,0.9999999999999997,1.0000000000000002,1.0,1.0,1.0000000000000002,552,0.0,0.0,0.0,0.0,0.0,0.0,0.0,0.0,0.0,0.0,0.0,0.0,0.0,1332.1531020010298
1346,13460269200000,4.0,10.0,4.635802469135802,4.0,7.0,648,0.0,0.0,0.0,0.0,0.0,0,0.0,0.0,0.0,0.0,0.0,0,1.0,1.0,1.0,1.0,1.0,552,0.9999999999999996,1.0000000000000004,1.0,1.0,1.0000000000000002,552,0.0,0.0,0.0,0.0,0.0,0.0,0.0,0.0,0.0,0.0,0.0,0.0,0.0,1289.111354999477
1347,13470269400000,4.0,10.0,4.62962962962963,4.0,7.0,648,0.0,0.0,0.0,0.0,0.0,0,0.0,0.0,0.0,0.0,0.0,0,1.0,1.0,1.0,1.0,1.0,552,0.9999999999999996,1.0000000000000004,1.0,1.0,1.0000000000000002,552,0.0,0.0,0.0,0.0,0.0,0.0,0.0,0.0,0.0,0.0,0.0,0.0,0.0,1294.5017840011133
1348,13480269600000,4.0,10.0,4.6265432098765435,4.0,7.0,648,0.0,0.0,0.0,0.0,0.0,0,0.0,0.0,0.0,0.0,0.0,0,1.0,1.0,1.0,1.0,1.0,552,0.9999999999999996,1.0000000000000004,1.0,1.0,1.0000000000000002,552,0.0,0.0,0.0,0.0,0.0,0.0,0.0,0.0,0.0,0.0,0.0,0.0,0.0,1311.214530000143
1349,13490269800000,4.0,10.0,4.62962962962963,4.0,7.0,648,0.0,0.0,0.0,0.0,0.0,0,0.0,0.0,0.0,0.0,0.0,0,1.0,1.0,1.0,1.0,1.0,552,0.9999999999999997,1.0000000000000004,1.0,1.0,1.0000000000000002,552,0.0,0.0,0.0,0.0,0.0,0.0,0.0,0.0,0.0,0.0,0.0,0.0,0.0,1294.2471189999196
1350,13500270000000,4.0,10.0,4.631172839506172,4.0,7.0,648,0.0,0.0,0.0,0.0,0.0,0,0.0,0.0,0.0,0.0,0.0,0,1.0,1.0,1.0,1.0,1.0,552,0.9999999999999996,1.0000000000000004,1.0,1.0,1.0000000000000002,552,0.0,0.0,0.0,0.0,0.0,0.0,0.0,0.0,0.0,0.0,0.0,0.0,0.0,1294.7350859994913
1351,13510270200000,4.0,10.0,4.635802469135802,4.0,7.0,648,0.0,0.0,0.0,0.0,0.0,0,0.0,0.0,0.0,0.0,0.0,0,1.0,1.0,1.0,1.0,1.0,552,0.9999999999999996,1.0000000000000004,1.0,1.0,1.0000000000000002,552,0.0,0.0,0.0,0.0,0.0,0.0,0.0,0.0,0.0,0.0,0.0,0.0,0.0,1336.3488480008527
1352,13520270400000,4.0,10.0,4.6342592592592595,4.0,7.0,648,0.0,0.0,0.0,0.0,0.0,0,0.0,0.0,0.0,0.0,0.0,0,1.0,1.0,1.0,1.0,1.0,552,0.9999999999999998,1.0000000000000002,1.0,1.0,1.0000000000000002,552,0.0,0.0,0.0,0.0,0.0,0.0,0.0,0.0,0.0,0.0,0.0,0.0,0.0,1320.424636000098
1353,13530270600000,4.0,10.0,4.632716049382716,4.0,7.0,648,0.0,0.0,0.0,0.0,0.0,0,0.0,0.0,0.0,0.0,0.0,0,1.0,1.0,1.0,1.0,1.0,552,0.9999999999999997,1.0000000000000004,1.0,1.0,1.0000000000000002,552,0.0,0.0,0.0,0.0,0.0,0.0,0.0,0.0,0.0,0.0,0.0,0.0,0.0,1308.8771780003299
1354,13540270800000,4.0,10.0,4.632716049382716,4.0,7.0,648,0.0,0.0,0.0,0.0,0.0,0,0.0,0.0,0.0,0.0,0.0,0,1.0,1.0,1.0,1.0,1.0,552,0.9999999999999997,1.0000000000000002,1.0,1.0,1.0,552,0.0,0.0,0.0,0.0,0.0,0.0,0.0,0.0,0.0,0.0,0.0,0.0,0.0,1302.9297459997906
1355,13550271000000,4.0,10.0,4.645061728395062,4.0,7.0,648,0.0,0.0,0.0,0.0,0.0,0,0.0,0.0,0.0,0.0,0.0,0,1.0,1.0,1.0,1.0,1.0,552,0.9999999999999997,1.0000000000000002,1.0,1.0,1.0000000000000002,552,0.0,0.0,0.0,0.0,0.0,0.0,0.0,0.0,0.0,0.0,0.0,0.0,0.0,1327.2666840002785
1356,13560271200000,4.0,10.0,4.648148148148148,4.0,7.0,648,0.0,0.0,0.0,0.0,0.0,0,0.0,0.0,0.0,0.0,0.0,0,1.0,1.0,1.0,1.0,1.0,552,0.9999999999999998,1.0000000000000004,1.0,1.0,1.0000000000000002,552,0.0,0.0,0.0,0.0,0.0,0.0,0.0,0.0,0.0,0.0,0.0,0.0,0.0,1339.6138810003322
1357,13570271400000,4.0,10.0,4.648148148148148,4.0,7.0,648,0.0,0.0,0.0,0.0,0.0,0,0.0,0.0,0.0,0.0,0.0,0,1.0,1.0,1.0,1.0,1.0,552,0.9999999999999998,1.0000000000000004,1.0,1.0,1.0000000000000002,552,0.0,0.0,0.0,0.0,0.0,0.0,0.0,0.0,0.0,0.0,0.0,0.0,0.0,1301.257393999549
1358,13580271600000,4.0,10.0,4.645061728395062,4.0,7.0,648,0.0,0.0,0.0,0.0,0.0,0,0.0,0.0,0.0,0.0,0.0,0,1.0,1.0,1.0,1.0,1.0,552,0.9999999999999998,1.0000000000000002,1.0,1.0,1.0000000000000002,552,0.0,0.0,0.0,0.0,0.0,0.0,0.0,0.0,0.0,0.0,0.0,0.0,0.0,1311.936071000673
1359,13590271800000,4.0,10.0,4.651234567901234,4.0,7.0,648,0.0,0.0,0.0,0.0,0.0,0,0.0,0.0,0.0,0.0,0.0,0,1.0,1.0,1.0,1.0,1.0,552,0.9999999999999998,1.0000000000000002,1.0,1.0,1.0,552,0.0,0.0,0.0,0.0,0.0,0.0,0.0,0.0,0.0,0.0,0.0,0.0,0.0,1314.629561999027
1360,13600272000000,4.0,10.0,4.651234567901234,4.0,7.0,648,0.0,0.0,0.0,0.0,0.0,0,0.0,0.0,0.0,0.0,0.0,0,1.0,1.0,1.0,1.0,1.0,552,0.9999999999999996,1.0000000000000002,1.0,1.0,1.0,552,0.0,0.0,0.0,0.0,0.0,0.0,0.0,0.0,0.0,0.0,0.0,0.0,0.0,1345.6634859994665
1361,13610272200000,4.0,10.0,4.651234567901234,4.0,7.0,648,0.0,0.0,0.0,0.0,0.0,0,0.0,0.0,0.0,0.0,0.0,0,1.0,1.0,1.0,1.0,1.0,552,0.9999999999999996,1.0000000000000002,1.0,1.0,1.0000000000000002,552,0.0,0.0,0.0,0.0,0.0,0.0,0.0,0.0,0.0,0.0,0.0,0.0,0.0,1339.736706999247
1362,13620272400000,4.0,10.0,4.6419753086419755,4.0,7.0,648,0.0,0.0,0.0,0.0,0.0,0,0.0,0.0,0.0,0.0,0.0,0,1.0,1.0,1.0,1.0,1.0,552,0.9999999999999998,1.0000000000000004,1.0,1.0,1.0000000000000002,552,0.0,0.0,0.0,0.0,0.0,0.0,0.0,0.0,0.0,0.0,0.0,0.0,0.0,1306.3908040003298
1363,13630272600000,4.0,10.0,4.6419753086419755,4.0,7.0,648,0.0,0.0,0.0,0.0,0.0,0,0.0,0.0,0.0,0.0,0.0,0,1.0,1.0,1.0,1.0,1.0,552,0.9999999999999997,1.0000000000000004,1.0,1.0,1.0000000000000002,552,0.0,0.0,0.0,0.0,0.0,0.0,0.0,0.0,0.0,0.0,0.0,0.0,0.0,1302.5783370012505
1364,13640272800000,4.0,10.0,4.638888888888889,4.0,7.0,648,0.0,0.0,0.0,0.0,0.0,0,0.0,0.0,0.0,0.0,0.0,0,1.0,1.0,1.0,1.0,1.0,552,0.9999999999999998,1.0000000000000002,1.0,1.0,1.0,552,0.0,0.0,0.0,0.0,0.0,0.0,0.0,0.0,0.0,0.0,0.0,0.0,0.0,1387.6924289997987
1365,13650273000000,4.0,10.0,4.637345679012346,4.0,7.0,648,0.0,0.0,0.0,0.0,0.0,0,0.0,0.0,0.0,0.0,0.0,0,1.0,1.0,1.0,1.0,1.0,552,0.9999999999999997,1.0000000000000004,1.0,1.0,1.0000000000000002,552,0.0,0.0,0.0,0.0,0.0,0.0,0.0,0.0,0.0,0.0,0.0,0.0,0.0,1307.0322460007446
1366,13660273200000,4.0,10.0,4.6265432098765435,4.0,7.0,648,0.0,0.0,0.0,0.0,0.0,0,0.0,0.0,0.0,0.0,0.0,0,1.0,1.0,1.0,1.0,1.0,552,0.9999999999999998,1.0000000000000002,1.0,1.0,1.0000000000000002,552,0.0,0.0,0.0,0.0,0.0,0.0,0.0,0.0,0.0,0.0,0.0,0.0,0.0,1291.6725240011147
1367,13670273400000,4.0,10.0,4.628086419753086,4.0,7.0,648,0.0,0.0,0.0,0.0,0.0,0,0.0,0.0,0.0,0.0,0.0,0,1.0,1.0,1.0,1.0,1.0,552,0.9999999999999998,1.0000000000000002,1.0,1.0,1.0000000000000002,552,0.0,0.0,0.0,0.0,0.0,0.0,0.0,0.0,0.0,0.0,0.0,0.0,0.0,1294.29582100056
1368,13680273600000,4.0,10.0,4.631172839506172,4.0,7.0,648,0.0,0.0,0.0,0.0,0.0,0,0.0,0.0,0.0,0.0,0.0,0,1.0,1.0,1.0,1.0,1.0,552,0.9999999999999997,1.0000000000000002,1.0,1.0,1.0000000000000002,552,0.0,0.0,0.0,0.0,0.0,0.0,0.0,0.0,0.0,0.0,0.0,0.0,0.0,1355.1156600005925
1369,13690273800000,4.0,10.0,4.638888888888889,4.0,7.0,648,0.0,0.0,0.0,0.0,0.0,0,0.0,0.0,0.0,0.0,0.0,0,1.0,1.0,1.0,1.0,1.0,552,0.9999999999999997,1.0000000000000002,1.0,1.0,1.0,552,0.0,0.0,0.0,0.0,0.0,0.0,0.0,0.0,0.0,0.0,0.0,0.0,0.0,1302.6009300010628
1370,13700274000000,4.0,10.0,4.62962962962963,4.0,7.0,648,0.0,0.0,0.0,0.0,0.0,0,0.0,0.0,0.0,0.0,0.0,0,1.0,1.0,1.0,1.0,1.0,552,0.9999999999999997,1.0000000000000002,1.0,1.0,1.0000000000000002,552,0.0,0.0,0.0,0.0,0.0,0.0,0.0,0.0,0.0,0.0,0.0,0.0,0.0,1291.1128180003288
1371,13710274200000,4.0,10.0,4.628086419753086,4.0,7.0,648,0.0,0.0,0.0,0.0,0.0,0,0.0,0.0,0.0,0.0,0.0,0,1.0,1.0,1.0,1.0,1.0,552,0.9999999999999997,1.0000000000000002,1.0,1.0,1.0000000000000002,552,0.0,0.0,0.0,0.0,0.0,0.0,0.0,0.0,0.0,0.0,0.0,0.0,0.0,1310.728996000762
1372,13720274400000,4.0,10.0,4.6342592592592595,4.0,7.0,648,0.0,0.0,0.0,0.0,0.0,0,0.0,0.0,0.0,0.0,0.0,0,1.0,1.0,1.0,1.0,1.0,552,0.9999999999999998,1.0000000000000004,1.0,1.0,1.0000000000000002,552,0.0,0.0,0.0,0.0,0.0,0.0,0.0,0.0,0.0,0.0,0.0,0.0,0.0,1324.8339199999464
1373,13730274600000,4.0,10.0,4.637345679012346,4.0,7.0,648,0.0,0.0,0.0,0.0,0.0,0,0.0,0.0,0.0,0.0,0.0,0,1.0,1.0,1.0,1.0,1.0,552,0.9999999999999997,1.0000000000000002,1.0,1.0,1.0000000000000002,552,0.0,0.0,0.0,0.0,0.0,0.0,0.0,0.0,0.0,0.0,0.0,0.0,0.0,1447.2363810000388
1374,13740274800000,4.0,10.0,4.640432098765432,4.0,7.0,648,0.0,0.0,0.0,0.0,0.0,0,0.0,0.0,0.0,0.0,0.0,0,1.0,1.0,1.0,1.0,1.0,552,0.9999999999999998,1.0000000000000002,1.0,1.0,1.0000000000000002,552,0.0,0.0,0.0,0.0,0.0,0.0,0.0,0.0,0.0,0.0,0.0,0.0,0.0,1287.2667080009705
1375,13750275000000,4.0,10.0,4.646604938271605,4.0,7.0,648,0.0,0.0,0.0,0.0,0.0,0,0.0,0.0,0.0,0.0,0.0,0,1.0,1.0,1.0,1.0,1.0,552,0.9999999999999997,1.0000000000000002,1.0,1.0,1.0000000000000002,552,0.0,0.0,0.0,0.0,0.0,0.0,0.0,0.0,0.0,0.0,0.0,0.0,0.0,1322.910287999548
1376,13760275200000,4.0,10.0,4.637345679012346,4.0,7.0,648,0.0,0.0,0.0,0.0,0.0,0,0.0,0.0,0.0,0.0,0.0,0,1.0,1.0,1.0,1.0,1.0,552,0.9999999999999997,1.0000000000000004,1.0,1.0,1.0000000000000002,552,0.0,0.0,0.0,0.0,0.0,0.0,0.0,0.0,0.0,0.0,0.0,0.0,0.0,1362.817647999691
1377,13770275400000,4.0,10.0,4.635802469135802,4.0,7.0,648,0.0,0.0,0.0,0.0,0.0,0,0.0,0.0,0.0,0.0,0.0,0,1.0,1.0,1.0,1.0,1.0,552,0.9999999999999997,1.0000000000000004,1.0,1.0,1.0000000000000002,552,0.0,0.0,0.0,0.0,0.0,0.0,0.0,0.0,0.0,0.0,0.0,0.0,0.0,1353.2584689983196
1378,13780275600000,4.0,10.0,4.645061728395062,4.0,7.0,648,0.0,0.0,0.0,0.0,0.0,0,0.0,0.0,0.0,0.0,0.0,0,1.0,1.0,1.0,1.0,1.0,552,0.9999999999999997,1.0000000000000004,1.0,1.0,1.0000000000000002,552,0.0,0.0,0.0,0.0,0.0,0.0,0.0,0.0,0.0,0.0,0.0,0.0,0.0,1356.2816949997796
1379,13790275800000,4.0,10.0,4.645061728395062,4.0,7.0,648,0.0,0.0,0.0,0.0,0.0,0,0.0,0.0,0.0,0.0,0.0,0,1.0,1.0,1.0,1.0,1.0,552,0.9999999999999997,1.0000000000000002,1.0,1.0,1.0000000000000002,552,0.0,0.0,0.0,0.0,0.0,0.0,0.0,0.0,0.0,0.0,0.0,0.0,0.0,1299.5216969993635
1380,13800276000000,4.0,10.0,4.6342592592592595,4.0,7.0,648,0.0,0.0,0.0,0.0,0.0,0,0.0,0.0,0.0,0.0,0.0,0,1.0,1.0,1.0,1.0,1.0,552,0.9999999999999997,1.0000000000000002,1.0,1.0,1.0,552,0.0,0.0,0.0,0.0,0.0,0.0,0.0,0.0,0.0,0.0,0.0,0.0,0.0,1323.9935909987253
1381,13810276200000,4.0,10.0,4.628086419753086,4.0,7.0,648,0.0,0.0,0.0,0.0,0.0,0,0.0,0.0,0.0,0.0,0.0,0,1.0,1.0,1.0,1.0,1.0,552,0.9999999999999997,1.0000000000000002,1.0,1.0,1.0000000000000002,552,0.0,0.0,0.0,0.0,0.0,0.0,0.0,0.0,0.0,0.0,0.0,0.0,0.0,1290.4152880000765
1382,13820276400000,4.0,10.0,4.632716049382716,4.0,7.0,648,0.0,0.0,0.0,0.0,0.0,0,0.0,0.0,0.0,0.0,0.0,0,1.0,1.0,1.0,1.0,1.0,552,0.9999999999999996,1.0000000000000002,1.0,1.0,1.0000000000000002,552,0.0,0.0,0.0,0.0,0.0,0.0,0.0,0.0,0.0,0.0,0.0,0.0,0.0,1313.9008449998073
1383,13830276600000,4.0,10.0,4.635802469135802,4.0,7.0,648,0.0,0.0,0.0,0.0,0.0,0,0.0,0.0,0.0,0.0,0.0,0,1.0,1.0,1.0,1.0,1.0,552,0.9999999999999998,1.0000000000000004,1.0,1.0,1.0000000000000002,552,0.0,0.0,0.0,0.0,0.0,0.0,0.0,0.0,0.0,0.0,0.0,0.0,0.0,1293.4208850001596
1384,13840276800000,4.0,10.0,4.6419753086419755,4.0,7.0,648,0.0,0.0,0.0,0.0,0.0,0,0.0,0.0,0.0,0.0,0.0,0,1.0,1.0,1.0,1.0,1.0,552,0.9999999999999998,1.0000000000000002,1.0,1.0,1.0000000000000002,552,0.0,0.0,0.0,0.0,0.0,0.0,0.0,0.0,0.0,0.0,0.0,0.0,0.0,1335.1235949994589
1385,13850277000000,4.0,10.0,4.635802469135802,4.0,7.0,648,0.0,0.0,0.0,0.0,0.0,0,0.0,0.0,0.0,0.0,0.0,0,1.0,1.0,1.0,1.0,1.0,552,0.9999999999999997,1.0000000000000002,1.0,1.0,1.0000000000000002,552,0.0,0.0,0.0,0.0,0.0,0.0,0.0,0.0,0.0,0.0,0.0,0.0,0.0,1324.3589560006512
1386,13860277200000,4.0,10.0,4.643518518518518,4.0,7.0,648,0.0,0.0,0.0,0.0,0.0,0,0.0,0.0,0.0,0.0,0.0,0,1.0,1.0,1.0,1.0,1.0,552,0.9999999999999997,1.0000000000000004,1.0,1.0,1.0000000000000002,552,0.0,0.0,0.0,0.0,0.0,0.0,0.0,0.0,0.0,0.0,0.0,0.0,0.0,1339.5047779995366
1387,13870277400000,4.0,10.0,4.643518518518518,4.0,7.0,648,0.0,0.0,0.0,0.0,0.0,0,0.0,0.0,0.0,0.0,0.0,0,1.0,1.0,1.0,1.0,1.0,552,0.9999999999999998,1.0000000000000002,1.0,1.0,1.0000000000000002,552,0.0,0.0,0.0,0.0,0.0,0.0,0.0,0.0,0.0,0.0,0.0,0.0,0.0,1373.9429900015239
1388,13880277600000,4.0,10.0,4.637345679012346,4.0,7.0,648,0.0,0.0,0.0,0.0,0.0,0,0.0,0.0,0.0,0.0,0.0,0,1.0,1.0,1.0,1.0,1.0,552,0.9999999999999997,1.0000000000000002,1.0,1.0,1.0000000000000002,552,0.0,0.0,0.0,0.0,0.0,0.0,0.0,0.0,0.0,0.0,0.0,0.0,0.0,1346.3178710007924
1389,13890277800000,4.0,10.0,4.62962962962963,4.0,7.0,648,0.0,0.0,0.0,0.0,0.0,0,0.0,0.0,0.0,0.0,0.0,0,1.0,1.0,1.0,1.0,1.0,552,0.9999999999999997,1.0000000000000002,1.0,1.0,1.0000000000000002,552,0.0,0.0,0.0,0.0,0.0,0.0,0.0,0.0,0.0,0.0,0.0,0.0,0.0,1285.9141310000268
1390,13900278000000,4.0,10.0,4.631172839506172,4.0,7.0,648,0.0,0.0,0.0,0.0,0.0,0,0.0,0.0,0.0,0.0,0.0,0,1.0,1.0,1.0,1.0,1.0,552,0.9999999999999997,1.0000000000000002,1.0,1.0,1.0000000000000002,552,0.0,0.0,0.0,0.0,0.0,0.0,0.0,0.0,0.0,0.0,0.0,0.0,0.0,1303.1331290003436
1391,13910278200000,4.0,10.0,4.632716049382716,4.0,7.0,648,0.0,0.0,0.0,0.0,0.0,0,0.0,0.0,0.0,0.0,0.0,0,1.0,1.0,1.0,1.0,1.0,552,0.9999999999999997,1.0000000000000002,1.0,1.0,1.0000000000000002,552,0.0,0.0,0.0,0.0,0.0,0.0,0.0,0.0,0.0,0.0,0.0,0.0,0.0,1326.0823679993337
1392,13920278400000,4.0,10.0,4.635802469135802,4.0,7.0,648,0.0,0.0,0.0,0.0,0.0,0,0.0,0.0,0.0,0.0,0.0,0,1.0,1.0,1.0,1.0,1.0,552,0.9999999999999997,1.0000000000000002,1.0,1.0,1.0000000000000002,552,0.0,0.0,0.0,0.0,0.0,0.0,0.0,0.0,0.0,0.0,0.0,0.0,0.0,1376.7689649994281
1393,13930278600000,4.0,10.0,4.635802469135802,4.0,7.0,648,0.0,0.0,0.0,0.0,0.0,0,0.0,0.0,0.0,0.0,0.0,0,1.0,1.0,1.0,1.0,1.0,552,0.9999999999999997,1.0000000000000002,1.0,1.0,1.0,552,0.0,0.0,0.0,0.0,0.0,0.0,0.0,0.0,0.0,0.0,0.0,0.0,0.0,1340.0367080012074
1394,13940278800000,4.0,10.0,4.637345679012346,4.0,7.0,648,0.0,0.0,0.0,0.0,0.0,0,0.0,0.0,0.0,0.0,0.0,0,1.0,1.0,1.0,1.0,1.0,552,0.9999999999999998,1.0000000000000002,1.0,1.0,1.0000000000000002,552,0.0,0.0,0.0,0.0,0.0,0.0,0.0,0.0,0.0,0.0,0.0,0.0,0.0,1390.7109709998622
1395,13950279000000,4.0,10.0,4.638888888888889,4.0,7.0,648,0.0,0.0,0.0,0.0,0.0,0,0.0,0.0,0.0,0.0,0.0,0,1.0,1.0,1.0,1.0,1.0,552,0.9999999999999997,1.0000000000000002,1.0,1.0,1.0000000000000002,552,0.0,0.0,0.0,0.0,0.0,0.0,0.0,0.0,0.0,0.0,0.0,0.0,0.0,1323.9687040004355
1396,13960279200000,4.0,10.0,4.640432098765432,4.0,7.0,648,0.0,0.0,0.0,0.0,0.0,0,0.0,0.0,0.0,0.0,0.0,0,1.0,1.0,1.0,1.0,1.0,552,0.9999999999999997,1.0000000000000002,1.0,1.0,1.0000000000000002,552,0.0,0.0,0.0,0.0,0.0,0.0,0.0,0.0,0.0,0.0,0.0,0.0,0.0,1346.2039610003558
1397,13970279400000,4.0,10.0,4.635802469135802,4.0,7.0,648,0.0,0.0,0.0,0.0,0.0,0,0.0,0.0,0.0,0.0,0.0,0,1.0,1.0,1.0,1.0,1.0,552,0.9999999999999997,1.0000000000000002,1.0,1.0,1.0,552,0.0,0.0,0.0,0.0,0.0,0.0,0.0,0.0,0.0,0.0,0.0,0.0,0.0,1362.2242989986262
1398,13980279600000,4.0,10.0,4.62962962962963,4.0,7.0,648,0.0,0.0,0.0,0.0,0.0,0,0.0,0.0,0.0,0.0,0.0,0,1.0,1.0,1.0,1.0,1.0,552,0.9999999999999997,1.0000000000000004,1.0,1.0,1.0000000000000002,552,0.0,0.0,0.0,0.0,0.0,0.0,0.0,0.0,0.0,0.0,0.0,0.0,0.0,1314.6337430007407
1399,13990279800000,4.0,10.0,4.635802469135802,4.0,7.0,648,0.0,0.0,0.0,0.0,0.0,0,0.0,0.0,0.0,0.0,0.0,0,1.0,1.0,1.0,1.0,1.0,552,0.9999999999999997,1.0000000000000004,1.0,1.0,1.0000000000000002,552,0.0,0.0,0.0,0.0,0.0,0.0,0.0,0.0,0.0,0.0,0.0,0.0,0.0,1282.2172190008132
1400,14000280000000,4.0,10.0,4.637345679012346,4.0,7.0,648,0.0,0.0,0.0,0.0,0.0,0,0.0,0.0,0.0,0.0,0.0,0,1.0,1.0,1.0,1.0,1.0,552,0.9999999999999998,1.0000000000000002,1.0,1.0,1.0000000000000002,552,0.0,0.0,0.0,0.0,0.0,0.0,0.0,0.0,0.0,0.0,0.0,0.0,0.0,1339.698412000871
1401,14010280200000,4.0,10.0,4.640432098765432,4.0,7.0,648,0.0,0.0,0.0,0.0,0.0,0,0.0,0.0,0.0,0.0,0.0,0,1.0,1.0,1.0,1.0,1.0,552,0.9999999999999997,1.0000000000000002,1.0,1.0,1.0000000000000002,552,0.0,0.0,0.0,0.0,0.0,0.0,0.0,0.0,0.0,0.0,0.0,0.0,0.0,1327.5227190006262
1402,14020280400000,4.0,10.0,4.6342592592592595,4.0,7.0,648,0.0,0.0,0.0,0.0,0.0,0,0.0,0.0,0.0,0.0,0.0,0,1.0,1.0,1.0,1.0,1.0,552,0.9999999999999997,1.0000000000000004,1.0,1.0,1.0000000000000002,552,0.0,0.0,0.0,0.0,0.0,0.0,0.0,0.0,0.0,0.0,0.0,0.0,0.0,1354.0827020005963
1403,14030280600000,4.0,10.0,4.635802469135802,4.0,7.0,648,0.0,0.0,0.0,0.0,0.0,0,0.0,0.0,0.0,0.0,0.0,0,1.0,1.0,1.0,1.0,1.0,552,0.9999999999999997,1.0000000000000004,1.0,1.0,1.0000000000000002,552,0.0,0.0,0.0,0.0,0.0,0.0,0.0,0.0,0.0,0.0,0.0,0.0,0.0,1348.9312399997289
1404,14040280800000,4.0,10.0,4.643518518518518,4.0,7.0,648,0.0,0.0,0.0,0.0,0.0,0,0.0,0.0,0.0,0.0,0.0,0,1.0,1.0,1.0,1.0,1.0,552,0.9999999999999997,1.0000000000000002,1.0,1.0,1.0000000000000002,552,0.0,0.0,0.0,0.0,0.0,0.0,0.0,0.0,0.0,0.0,0.0,0.0,0.0,1335.800744000153
1405,14050281000000,4.0,10.0,4.645061728395062,4.0,7.0,648,0.0,0.0,0.0,0.0,0.0,0,0.0,0.0,0.0,0.0,0.0,0,1.0,1.0,1.0,1.0,1.0,552,0.9999999999999997,1.0000000000000004,1.0,1.0,1.0000000000000002,552,0.0,0.0,0.0,0.0,0.0,0.0,0.0,0.0,0.0,0.0,0.0,0.0,0.0,1317.7115159996902
1406,14060281200000,4.0,10.0,4.646604938271605,4.0,7.0,648,0.0,0.0,0.0,0.0,0.0,0,0.0,0.0,0.0,0.0,0.0,0,1.0,1.0,1.0,1.0,1.0,552,0.9999999999999996,1.0000000000000002,1.0,1.0,1.0000000000000002,552,0.0,0.0,0.0,0.0,0.0,0.0,0.0,0.0,0.0,0.0,0.0,0.0,0.0,1329.1852930015011
1407,14070281400000,4.0,10.0,4.6419753086419755,4.0,7.0,648,0.0,0.0,0.0,0.0,0.0,0,0.0,0.0,0.0,0.0,0.0,0,1.0,1.0,1.0,1.0,1.0,552,0.9999999999999997,1.0000000000000002,1.0,1.0,1.0,552,0.0,0.0,0.0,0.0,0.0,0.0,0.0,0.0,0.0,0.0,0.0,0.0,0.0,1345.150729001034
1408,14080281600000,4.0,10.0,4.637345679012346,4.0,7.0,648,0.0,0.0,0.0,0.0,0.0,0,0.0,0.0,0.0,0.0,0.0,0,1.0,1.0,1.0,1.0,1.0,552,0.9999999999999998,1.0000000000000004,1.0,1.0,1.0000000000000002,552,0.0,0.0,0.0,0.0,0.0,0.0,0.0,0.0,0.0,0.0,0.0,0.0,0.0,1371.2925859999814
1409,14090281800000,4.0,10.0,4.635802469135802,4.0,7.0,648,0.0,0.0,0.0,0.0,0.0,0,0.0,0.0,0.0,0.0,0.0,0,1.0,1.0,1.0,1.0,1.0,552,0.9999999999999997,1.0000000000000002,1.0,1.0,1.0,552,0.0,0.0,0.0,0.0,0.0,0.0,0.0,0.0,0.0,0.0,0.0,0.0,0.0,1300.8358930001123
1410,14100282000000,4.0,10.0,4.635802469135802,4.0,7.0,648,0.0,0.0,0.0,0.0,0.0,0,0.0,0.0,0.0,0.0,0.0,0,1.0,1.0,1.0,1.0,1.0,552,0.9999999999999997,1.0000000000000002,1.0,1.0,1.0000000000000002,552,0.0,0.0,0.0,0.0,0.0,0.0,0.0,0.0,0.0,0.0,0.0,0.0,0.0,1333.2451789992774
1411,14110282200000,4.0,10.0,4.640432098765432,4.0,7.0,648,0.0,0.0,0.0,0.0,0.0,0,0.0,0.0,0.0,0.0,0.0,0,1.0,1.0,1.0,1.0,1.0,552,0.9999999999999997,1.0000000000000002,1.0,1.0,1.0,552,0.0,0.0,0.0,0.0,0.0,0.0,0.0,0.0,0.0,0.0,0.0,0.0,0.0,1327.6786300011736
1412,14120282400000,4.0,10.0,4.645061728395062,4.0,7.0,648,0.0,0.0,0.0,0.0,0.0,0,0.0,0.0,0.0,0.0,0.0,0,1.0,1.0,1.0,1.0,1.0,552,0.9999999999999998,1.0000000000000002,1.0,1.0,1.0000000000000002,552,0.0,0.0,0.0,0.0,0.0,0.0,0.0,0.0,0.0,0.0,0.0,0.0,0.0,1392.789585999708
1413,14130282600000,4.0,10.0,4.643518518518518,4.0,7.0,648,0.0,0.0,0.0,0.0,0.0,0,0.0,0.0,0.0,0.0,0.0,0,1.0,1.0,1.0,1.0,1.0,552,0.9999999999999997,1.0000000000000002,1.0,1.0,1.0000000000000002,552,0.0,0.0,0.0,0.0,0.0,0.0,0.0,0.0,0.0,0.0,0.0,0.0,0.0,1340.861690001475
1414,14140282800000,4.0,10.0,4.632716049382716,4.0,7.0,648,0.0,0.0,0.0,0.0,0.0,0,0.0,0.0,0.0,0.0,0.0,0,1.0,1.0,1.0,1.0,1.0,552,0.9999999999999997,1.0000000000000004,1.0,1.0,1.0000000000000002,552,0.0,0.0,0.0,0.0,0.0,0.0,0.0,0.0,0.0,0.0,0.0,0.0,0.0,1359.073311999964
1415,14150283000000,4.0,10.0,4.6342592592592595,4.0,7.0,648,0.0,0.0,0.0,0.0,0.0,0,0.0,0.0,0.0,0.0,0.0,0,1.0,1.0,1.0,1.0,1.0,552,0.9999999999999996,1.0000000000000002,1.0,1.0,1.0000000000000002,552,0.0,0.0,0.0,0.0,0.0,0.0,0.0,0.0,0.0,0.0,0.0,0.0,0.0,1318.1847899995773
1416,14160283200000,4.0,10.0,4.635802469135802,4.0,7.0,648,0.0,0.0,0.0,0.0,0.0,0,0.0,0.0,0.0,0.0,0.0,0,1.0,1.0,1.0,1.0,1.0,552,0.9999999999999997,1.0000000000000002,1.0,1.0,1.0,552,0.0,0.0,0.0,0.0,0.0,0.0,0.0,0.0,0.0,0.0,0.0,0.0,0.0,1410.694632000741
1417,14170283400000,4.0,10.0,4.632716049382716,4.0,7.0,648,0.0,0.0,0.0,0.0,0.0,0,0.0,0.0,0.0,0.0,0.0,0,1.0,1.0,1.0,1.0,1.0,552,0.9999999999999998,1.0000000000000002,1.0,1.0,1.0000000000000002,552,0.0,0.0,0.0,0.0,0.0,0.0,0.0,0.0,0.0,0.0,0.0,0.0,0.0,1361.2666630015156
1418,14180283600000,4.0,10.0,4.638888888888889,4.0,7.0,648,0.0,0.0,0.0,0.0,0.0,0,0.0,0.0,0.0,0.0,0.0,0,1.0,1.0,1.0,1.0,1.0,552,0.9999999999999996,1.0000000000000002,1.0,1.0,1.0000000000000002,552,0.0,0.0,0.0,0.0,0.0,0.0,0.0,0.0,0.0,0.0,0.0,0.0,0.0,1467.8021660001832
1419,14190283800000,4.0,10.0,4.6419753086419755,4.0,7.0,648,0.0,0.0,0.0,0.0,0.0,0,0.0,0.0,0.0,0.0,0.0,0,1.0,1.0,1.0,1.0,1.0,552,0.9999999999999997,1.0000000000000002,1.0,1.0,1.0000000000000002,552,0.0,0.0,0.0,0.0,0.0,0.0,0.0,0.0,0.0,0.0,0.0,0.0,0.0,1320.9509320004145
1420,14200284000000,4.0,10.0,4.643518518518518,4.0,7.0,648,0.0,0.0,0.0,0.0,0.0,0,0.0,0.0,0.0,0.0,0.0,0,1.0,1.0,1.0,1.0,1.0,552,0.9999999999999996,1.0000000000000002,1.0,1.0,1.0000000000000002,552,0.0,0.0,0.0,0.0,0.0,0.0,0.0,0.0,0.0,0.0,0.0,0.0,0.0,1355.5552919988259
1421,14210284200000,4.0,10.0,4.638888888888889,4.0,7.0,648,0.0,0.0,0.0,0.0,0.0,0,0.0,0.0,0.0,0.0,0.0,0,1.0,1.0,1.0,1.0,1.0,552,0.9999999999999996,1.0000000000000004,1.0,1.0,1.0000000000000002,552,0.0,0.0,0.0,0.0,0.0,0.0,0.0,0.0,0.0,0.0,0.0,0.0,0.0,1320.1822729988635
1422,14220284400000,4.0,10.0,4.645061728395062,4.0,7.0,648,0.0,0.0,0.0,0.0,0.0,0,0.0,0.0,0.0,0.0,0.0,0,1.0,1.0,1.0,1.0,1.0,552,0.9999999999999998,1.0000000000000002,1.0,1.0,1.0000000000000002,552,0.0,0.0,0.0,0.0,0.0,0.0,0.0,0.0,0.0,0.0,0.0,0.0,0.0,1331.4495240010729
1423,14230284600000,4.0,10.0,4.6496913580246915,4.0,7.0,648,0.0,0.0,0.0,0.0,0.0,0,0.0,0.0,0.0,0.0,0.0,0,1.0,1.0,1.0,1.0,1.0,552,0.9999999999999997,1.0000000000000004,1.0,1.0,1.0000000000000002,552,0.0,0.0,0.0,0.0,0.0,0.0,0.0,0.0,0.0,0.0,0.0,0.0,0.0,1379.7691340005258
1424,14240284800000,4.0,10.0,4.646604938271605,4.0,7.0,648,0.0,0.0,0.0,0.0,0.0,0,0.0,0.0,0.0,0.0,0.0,0,1.0,1.0,1.0,1.0,1.0,552,0.9999999999999998,1.0000000000000004,1.0,1.0,1.0000000000000002,552,0.0,0.0,0.0,0.0,0.0,0.0,0.0,0.0,0.0,0.0,0.0,0.0,0.0,1410.4675910002697
1425,14250285000000,4.0,10.0,4.646604938271605,4.0,7.0,648,0.0,0.0,0.0,0.0,0.0,0,0.0,0.0,0.0,0.0,0.0,0,1.0,1.0,1.0,1.0,1.0,552,0.9999999999999997,1.0000000000000004,1.0,1.0,1.0000000000000002,552,0.0,0.0,0.0,0.0,0.0,0.0,0.0,0.0,0.0,0.0,0.0,0.0,0.0,1351.1991300001682
1426,14260285200000,4.0,10.0,4.635802469135802,4.0,7.0,648,0.0,0.0,0.0,0.0,0.0,0,0.0,0.0,0.0,0.0,0.0,0,1.0,1.0,1.0,1.0,1.0,552,0.9999999999999997,1.0000000000000002,1.0,1.0,1.0000000000000002,552,0.0,0.0,0.0,0.0,0.0,0.0,0.0,0.0,0.0,0.0,0.0,0.0,0.0,1316.3320330004353
1427,14270285400000,4.0,10.0,4.6342592592592595,4.0,7.0,648,0.0,0.0,0.0,0.0,0.0,0,0.0,0.0,0.0,0.0,0.0,0,1.0,1.0,1.0,1.0,1.0,552,0.9999999999999998,1.0000000000000002,1.0,1.0,1.0000000000000002,552,0.0,0.0,0.0,0.0,0.0,0.0,0.0,0.0,0.0,0.0,0.0,0.0,0.0,1348.8524170006713
1428,14280285600000,4.0,10.0,4.6419753086419755,4.0,7.0,648,0.0,0.0,0.0,0.0,0.0,0,0.0,0.0,0.0,0.0,0.0,0,1.0,1.0,1.0,1.0,1.0,552,0.9999999999999998,1.0000000000000002,1.0,1.0,1.0000000000000002,552,0.0,0.0,0.0,0.0,0.0,0.0,0.0,0.0,0.0,0.0,0.0,0.0,0.0,1414.6366210006818
1429,14290285800000,4.0,10.0,4.640432098765432,4.0,7.0,648,0.0,0.0,0.0,0.0,0.0,0,0.0,0.0,0.0,0.0,0.0,0,1.0,1.0,1.0,1.0,1.0,552,0.9999999999999996,1.0000000000000002,1.0,1.0,1.0000000000000002,552,0.0,0.0,0.0,0.0,0.0,0.0,0.0,0.0,0.0,0.0,0.0,0.0,0.0,1351.3912340004026
1430,14300286000000,4.0,10.0,4.638888888888889,4.0,7.0,648,0.0,0.0,0.0,0.0,0.0,0,0.0,0.0,0.0,0.0,0.0,0,1.0,1.0,1.0,1.0,1.0,552,0.9999999999999997,1.0000000000000002,1.0,1.0,1.0000000000000002,552,0.0,0.0,0.0,0.0,0.0,0.0,0.0,0.0,0.0,0.0,0.0,0.0,0.0,1333.984500999577
1431,14310286200000,4.0,10.0,4.640432098765432,4.0,7.0,648,0.0,0.0,0.0,0.0,0.0,0,0.0,0.0,0.0,0.0,0.0,0,1.0,1.0,1.0,1.0,1.0,552,0.9999999999999997,1.0000000000000002,1.0,1.0,1.0000000000000002,552,0.0,0.0,0.0,0.0,0.0,0.0,0.0,0.0,0.0,0.0,0.0,0.0,0.0,1323.224289000791
1432,14320286400000,4.0,10.0,4.635802469135802,4.0,7.0,648,0.0,0.0,0.0,0.0,0.0,0,0.0,0.0,0.0,0.0,0.0,0,1.0,1.0,1.0,1.0,1.0,552,0.9999999999999996,1.0000000000000002,1.0,1.0,1.0000000000000002,552,0.0,0.0,0.0,0.0,0.0,0.0,0.0,0.0,0.0,0.0,0.0,0.0,0.0,1368.9182300004177
1433,14330286600000,4.0,10.0,4.6342592592592595,4.0,7.0,648,0.0,0.0,0.0,0.0,0.0,0,0.0,0.0,0.0,0.0,0.0,0,1.0,1.0,1.0,1.0,1.0,552,0.9999999999999996,1.0000000000000002,1.0,1.0,1.0000000000000002,552,0.0,0.0,0.0,0.0,0.0,0.0,0.0,0.0,0.0,0.0,0.0,0.0,0.0,1370.9004949996597
1434,14340286800000,4.0,10.0,4.638888888888889,4.0,7.0,648,0.0,0.0,0.0,0.0,0.0,0,0.0,0.0,0.0,0.0,0.0,0,1.0,1.0,1.0,1.0,1.0,552,0.9999999999999998,1.0000000000000002,1.0,1.0,1.0000000000000002,552,0.0,0.0,0.0,0.0,0.0,0.0,0.0,0.0,0.0,0.0,0.0,0.0,0.0,1333.5460850012169
1435,14350287000000,4.0,10.0,4.6342592592592595,4.0,7.0,648,0.0,0.0,0.0,0.0,0.0,0,0.0,0.0,0.0,0.0,0.0,0,1.0,1.0,1.0,1.0,1.0,552,0.9999999999999998,1.0000000000000002,1.0,1.0,1.0000000000000002,552,0.0,0.0,0.0,0.0,0.0,0.0,0.0,0.0,0.0,0.0,0.0,0.0,0.0,1311.437061000106
1436,14360287200000,4.0,10.0,4.635802469135802,4.0,7.0,648,0.0,0.0,0.0,0.0,0.0,0,0.0,0.0,0.0,0.0,0.0,0,1.0,1.0,1.0,1.0,1.0,552,0.9999999999999997,1.0000000000000002,1.0,1.0,1.0000000000000002,552,0.0,0.0,0.0,0.0,0.0,0.0,0.0,0.0,0.0,0.0,0.0,0.0,0.0,1331.0467159990367
1437,14370287400000,4.0,10.0,4.6419753086419755,4.0,7.0,648,0.0,0.0,0.0,0.0,0.0,0,0.0,0.0,0.0,0.0,0.0,0,1.0,1.0,1.0,1.0,1.0,552,0.9999999999999997,1.0000000000000002,1.0,1.0,1.0,552,0.0,0.0,0.0,0.0,0.0,0.0,0.0,0.0,0.0,0.0,0.0,0.0,0.0,1321.5632789997471
1438,14380287600000,4.0,10.0,4.640432098765432,4.0,7.0,648,0.0,0.0,0.0,0.0,0.0,0,0.0,0.0,0.0,0.0,0.0,0,1.0,1.0,1.0,1.0,1.0,552,0.9999999999999998,1.0000000000000002,1.0,1.0,1.0000000000000002,552,0.0,0.0,0.0,0.0,0.0,0.0,0.0,0.0,0.0,0.0,0.0,0.0,0.0,1364.0089140008058
1439,14390287800000,4.0,10.0,4.646604938271605,4.0,7.0,648,0.0,0.0,0.0,0.0,0.0,0,0.0,0.0,0.0,0.0,0.0,0,1.0,1.0,1.0,1.0,1.0,552,0.9999999999999998,1.0000000000000002,1.0,1.0,1.0000000000000002,552,0.0,0.0,0.0,0.0,0.0,0.0,0.0,0.0,0.0,0.0,0.0,0.0,0.0,1408.4250380001322
1440,14400288000000,4.0,10.0,4.646604938271605,4.0,7.0,648,0.0,0.0,0.0,0.0,0.0,0,0.0,0.0,0.0,0.0,0.0,0,1.0,1.0,1.0,1.0,1.0,552,0.9999999999999997,1.0000000000000002,1.0,1.0,1.0000000000000002,552,0.0,0.0,0.0,0.0,0.0,0.0,0.0,0.0,0.0,0.0,0.0,0.0,0.0,1344.7184409997135
1441,14410288200000,4.0,10.0,4.654320987654321,4.0,7.0,648,0.0,0.0,0.0,0.0,0.0,0,0.0,0.0,0.0,0.0,0.0,0,1.0,1.0,1.0,1.0,1.0,552,0.9999999999999998,1.0000000000000004,1.0,1.0,1.0000000000000002,552,0.0,0.0,0.0,0.0,0.0,0.0,0.0,0.0,0.0,0.0,0.0,0.0,0.0,1346.1008479989687
1442,14420288400000,4.0,10.0,4.646604938271605,4.0,7.0,648,0.0,0.0,0.0,0.0,0.0,0,0.0,0.0,0.0,0.0,0.0,0,1.0,1.0,1.0,1.0,1.0,552,0.9999999999999997,1.0000000000000002,1.0,1.0,1.0000000000000002,552,0.0,0.0,0.0,0.0,0.0,0.0,0.0,0.0,0.0,0.0,0.0,0.0,0.0,1319.5505940002477
1443,14430288600000,4.0,10.0,4.6419753086419755,4.0,7.0,648,0.0,0.0,0.0,0.0,0.0,0,0.0,0.0,0.0,0.0,0.0,0,1.0,1.0,1.0,1.0,1.0,552,0.9999999999999998,1.0000000000000004,1.0,1.0,1.0000000000000002,552,0.0,0.0,0.0,0.0,0.0,0.0,0.0,0.0,0.0,0.0,0.0,0.0,0.0,1383.9691399989533
1444,14440288800000,4.0,10.0,4.637345679012346,4.0,7.0,648,0.0,0.0,0.0,0.0,0.0,0,0.0,0.0,0.0,0.0,0.0,0,1.0,1.0,1.0,1.0,1.0,552,0.9999999999999996,1.0000000000000002,1.0,1.0,1.0000000000000002,552,0.0,0.0,0.0,0.0,0.0,0.0,0.0,0.0,0.0,0.0,0.0,0.0,0.0,1376.6370120010833
1445,14450289000000,4.0,10.0,4.632716049382716,4.0,7.0,648,0.0,0.0,0.0,0.0,0.0,0,0.0,0.0,0.0,0.0,0.0,0,1.0,1.0,1.0,1.0,1.0,552,0.9999999999999998,1.0000000000000004,1.0,1.0,1.0000000000000002,552,0.0,0.0,0.0,0.0,0.0,0.0,0.0,0.0,0.0,0.0,0.0,0.0,0.0,1329.1849010001897
1446,14460289200000,4.0,10.0,4.6265432098765435,4.0,7.0,648,0.0,0.0,0.0,0.0,0.0,0,0.0,0.0,0.0,0.0,0.0,0,1.0,1.0,1.0,1.0,1.0,552,0.9999999999999997,1.0000000000000002,1.0,1.0,1.0000000000000002,552,0.0,0.0,0.0,0.0,0.0,0.0,0.0,0.0,0.0,0.0,0.0,0.0,0.0,1372.3650579995592
1447,14470289400000,4.0,10.0,4.635802469135802,4.0,7.0,648,0.0,0.0,0.0,0.0,0.0,0,0.0,0.0,0.0,0.0,0.0,0,1.0,1.0,1.0,1.0,1.0,552,0.9999999999999998,1.0000000000000002,1.0,1.0,1.0000000000000002,552,0.0,0.0,0.0,0.0,0.0,0.0,0.0,0.0,0.0,0.0,0.0,0.0,0.0,1349.2679000009957
1448,14480289600000,4.0,10.0,4.643518518518518,4.0,7.0,648,0.0,0.0,0.0,0.0,0.0,0,0.0,0.0,0.0,0.0,0.0,0,1.0,1.0,1.0,1.0,1.0,552,0.9999999999999997,1.0000000000000002,1.0,1.0,1.0000000000000002,552,0.0,0.0,0.0,0.0,0.0,0.0,0.0,0.0,0.0,0.0,0.0,0.0,0.0,1405.9273600014421
1449,14490289800000,4.0,10.0,4.640432098765432,4.0,7.0,648,0.0,0.0,0.0,0.0,0.0,0,0.0,0.0,0.0,0.0,0.0,0,1.0,1.0,1.0,1.0,1.0,552,0.9999999999999998,1.0000000000000002,1.0,1.0,1.0000000000000002,552,0.0,0.0,0.0,0.0,0.0,0.0,0.0,0.0,0.0,0.0,0.0,0.0,0.0,1372.2865710005863
1450,14500290000000,4.0,10.0,4.640432098765432,4.0,7.0,648,0.0,0.0,0.0,0.0,0.0,0,0.0,0.0,0.0,0.0,0.0,0,1.0,1.0,1.0,1.0,1.0,552,0.9999999999999996,1.0000000000000002,1.0,1.0,1.0,552,0.0,0.0,0.0,0.0,0.0,0.0,0.0,0.0,0.0,0.0,0.0,0.0,0.0,1326.060507000875
1451,14510290200000,4.0,10.0,4.6342592592592595,4.0,7.0,648,0.0,0.0,0.0,0.0,0.0,0,0.0,0.0,0.0,0.0,0.0,0,1.0,1.0,1.0,1.0,1.0,552,0.9999999999999997,1.0000000000000002,1.0,1.0,1.0000000000000002,552,0.0,0.0,0.0,0.0,0.0,0.0,0.0,0.0,0.0,0.0,0.0,0.0,0.0,1329.0854879996914
1452,14520290400000,4.0,10.0,4.637345679012346,4.0,7.0,648,0.0,0.0,0.0,0.0,0.0,0,0.0,0.0,0.0,0.0,0.0,0,1.0,1.0,1.0,1.0,1.0,552,0.9999999999999998,1.0000000000000002,1.0,1.0,1.0000000000000002,552,0.0,0.0,0.0,0.0,0.0,0.0,0.0,0.0,0.0,0.0,0.0,0.0,0.0,1477.0393349990627
1453,14530290600000,4.0,10.0,4.640432098765432,4.0,7.0,648,0.0,0.0,0.0,0.0,0.0,0,0.0,0.0,0.0,0.0,0.0,0,1.0,1.0,1.0,1.0,1.0,552,0.9999999999999997,1.0000000000000002,1.0,1.0,1.0000000000000002,552,0.0,0.0,0.0,0.0,0.0,0.0,0.0,0.0,0.0,0.0,0.0,0.0,0.0,1394.3334659998072
1454,14540290800000,4.0,10.0,4.6342592592592595,4.0,7.0,648,0.0,0.0,0.0,0.0,0.0,0,0.0,0.0,0.0,0.0,0.0,0,1.0,1.0,1.0,1.0,1.0,552,0.9999999999999997,1.0000000000000002,1.0,1.0,1.0000000000000002,552,0.0,0.0,0.0,0.0,0.0,0.0,0.0,0.0,0.0,0.0,0.0,0.0,0.0,1417.799599999853
1455,14550291000000,4.0,10.0,4.632716049382716,4.0,7.0,648,0.0,0.0,0.0,0.0,0.0,0,0.0,0.0,0.0,0.0,0.0,0,1.0,1.0,1.0,1.0,1.0,552,0.9999999999999997,1.0000000000000002,1.0,1.0,1.0,552,0.0,0.0,0.0,0.0,0.0,0.0,0.0,0.0,0.0,0.0,0.0,0.0,0.0,1316.6487050002615
1456,14560291200000,4.0,10.0,4.646604938271605,4.0,7.0,648,0.0,0.0,0.0,0.0,0.0,0,0.0,0.0,0.0,0.0,0.0,0,1.0,1.0,1.0,1.0,1.0,552,0.9999999999999997,1.0000000000000004,1.0,1.0,1.0000000000000002,552,0.0,0.0,0.0,0.0,0.0,0.0,0.0,0.0,0.0,0.0,0.0,0.0,0.0,1340.7112789991515
1457,14570291400000,4.0,10.0,4.648148148148148,4.0,7.0,648,0.0,0.0,0.0,0.0,0.0,0,0.0,0.0,0.0,0.0,0.0,0,1.0,1.0,1.0,1.0,1.0,552,0.9999999999999997,1.0000000000000004,1.0,1.0,1.0000000000000002,552,0.0,0.0,0.0,0.0,0.0,0.0,0.0,0.0,0.0,0.0,0.0,0.0,0.0,1344.439668000632
1458,14580291600000,4.0,10.0,4.6419753086419755,4.0,7.0,648,0.0,0.0,0.0,0.0,0.0,0,0.0,0.0,0.0,0.0,0.0,0,1.0,1.0,1.0,1.0,1.0,552,0.9999999999999997,1.0000000000000002,1.0,1.0,1.0000000000000002,552,0.0,0.0,0.0,0.0,0.0,0.0,0.0,0.0,0.0,0.0,0.0,0.0,0.0,1377.8742070007866
1459,14590291800000,4.0,10.0,4.645061728395062,4.0,7.0,648,0.0,0.0,0.0,0.0,0.0,0,0.0,0.0,0.0,0.0,0.0,0,1.0,1.0,1.0,1.0,1.0,552,0.9999999999999997,1.0000000000000002,1.0,1.0,1.0000000000000002,552,0.0,0.0,0.0,0.0,0.0,0.0,0.0,0.0,0.0,0.0,0.0,0.0,0.0,1432.7056429992808
1460,14600292000000,4.0,10.0,4.652777777777778,4.0,7.0,648,0.0,0.0,0.0,0.0,0.0,0,0.0,0.0,0.0,0.0,0.0,0,1.0,1.0,1.0,1.0,1.0,552,0.9999999999999997,1.0000000000000002,1.0,1.0,1.0000000000000002,552,0.0,0.0,0.0,0.0,0.0,0.0,0.0,0.0,0.0,0.0,0.0,0.0,0.0,1353.1142989995715
1461,14610292200000,4.0,10.0,4.657407407407407,4.0,7.0,648,0.0,0.0,0.0,0.0,0.0,0,0.0,0.0,0.0,0.0,0.0,0,1.0,1.0,1.0,1.0,1.0,552,0.9999999999999996,1.0000000000000002,1.0,1.0,1.0000000000000002,552,0.0,0.0,0.0,0.0,0.0,0.0,0.0,0.0,0.0,0.0,0.0,0.0,0.0,1349.046018000081
1462,14620292400000,4.0,10.0,4.640432098765432,4.0,7.0,648,0.0,0.0,0.0,0.0,0.0,0,0.0,0.0,0.0,0.0,0.0,0,1.0,1.0,1.0,1.0,1.0,552,0.9999999999999996,1.0000000000000004,1.0,1.0,1.0000000000000002,552,0.0,0.0,0.0,0.0,0.0,0.0,0.0,0.0,0.0,0.0,0.0,0.0,0.0,1322.7709270013293
1463,14630292600000,4.0,10.0,4.6342592592592595,4.0,7.0,648,0.0,0.0,0.0,0.0,0.0,0,0.0,0.0,0.0,0.0,0.0,0,1.0,1.0,1.0,1.0,1.0,552,0.9999999999999997,1.0000000000000002,1.0,1.0,1.0000000000000002,552,0.0,0.0,0.0,0.0,0.0,0.0,0.0,0.0,0.0,0.0,0.0,0.0,0.0,1373.3212799998
1464,14640292800000,4.0,10.0,4.6234567901234565,4.0,7.0,648,0.0,0.0,0.0,0.0,0.0,0,0.0,0.0,0.0,0.0,0.0,0,1.0,1.0,1.0,1.0,1.0,552,0.9999999999999996,1.0000001565579626,1.0000000002836194,1.0,1.0000000000000002,552,0.0,0.0,0.0,0.0,0.0,0.0,0.0,0.0,0.0,0.0,0.0,0.0,0.0,1382.6392619994294
1465,14650293000000,4.0,10.0,4.6265432098765435,4.0,7.0,648,0.0,0.0,0.0,0.0,0.0,0,0.0,0.0,0.0,0.0,0.0,0,1.0,1.0,1.0,1.0,1.0,552,0.9999999999999997,1.0000000000000004,1.0,1.0,1.0000000000000002,552,0.0,0.0,0.0,0.0,0.0,0.0,0.0,0.0,0.0,0.0,0.0,0.0,0.0,1337.391982000554
1466,14660293200000,4.0,10.0,4.6342592592592595,4.0,7.0,648,0.0,0.0,0.0,0.0,0.0,0,0.0,0.0,0.0,0.0,0.0,0,1.0,1.0,1.0,1.0,1.0,552,0.9999999999999997,1.0000000000000002,1.0,1.0,1.0000000000000002,552,0.0,0.0,0.0,0.0,0.0,0.0,0.0,0.0,0.0,0.0,0.0,0.0,0.0,1335.0040330005868
1467,14670293400000,4.0,10.0,4.635802469135802,4.0,7.0,648,0.0,0.0,0.0,0.0,0.0,0,0.0,0.0,0.0,0.0,0.0,0,1.0,1.0,1.0,1.0,1.0,552,0.9999999999999997,1.0000000000000002,1.0,1.0,1.0000000000000002,552,0.0,0.0,0.0,0.0,0.0,0.0,0.0,0.0,0.0,0.0,0.0,0.0,0.0,1307.1321840016026
1468,14680293600000,4.0,10.0,4.637345679012346,4.0,7.0,648,0.0,0.0,0.0,0.0,0.0,0,0.0,0.0,0.0,0.0,0.0,0,1.0,1.0,1.0,1.0,1.0,552,0.9999999999999998,1.0000000000000004,1.0,1.0,1.0000000000000002,552,0.0,0.0,0.0,0.0,0.0,0.0,0.0,0.0,0.0,0.0,0.0,0.0,0.0,1389.0648260003218
1469,14690293800000,4.0,10.0,4.640432098765432,4.0,7.0,648,0.0,0.0,0.0,0.0,0.0,0,0.0,0.0,0.0,0.0,0.0,0,1.0,1.0,1.0,1.0,1.0,552,0.9999999999999997,1.0000000000000004,1.0,1.0,1.0000000000000002,552,0.0,0.0,0.0,0.0,0.0,0.0,0.0,0.0,0.0,0.0,0.0,0.0,0.0,1366.0698929998034
1470,14700294000000,4.0,10.0,4.638888888888889,4.0,7.0,648,0.0,0.0,0.0,0.0,0.0,0,0.0,0.0,0.0,0.0,0.0,0,1.0,1.0,1.0,1.0,1.0,552,0.9999999999999997,1.0000000000000002,1.0,1.0,1.0,552,0.0,0.0,0.0,0.0,0.0,0.0,0.0,0.0,0.0,0.0,0.0,0.0,0.0,1351.444904001255
1471,14710294200000,4.0,10.0,4.646604938271605,4.0,7.0,648,0.0,0.0,0.0,0.0,0.0,0,0.0,0.0,0.0,0.0,0.0,0,1.0,1.0,1.0,1.0,1.0,552,0.9999999999999997,1.0000000000000002,1.0,1.0,1.0000000000000002,552,0.0,0.0,0.0,0.0,0.0,0.0,0.0,0.0,0.0,0.0,0.0,0.0,0.0,1333.4148980011378
1472,14720294400000,4.0,10.0,4.638888888888889,4.0,7.0,648,0.0,0.0,0.0,0.0,0.0,0,0.0,0.0,0.0,0.0,0.0,0,1.0,1.0,1.0,1.0,1.0,552,0.9999999999999997,1.0000000000000004,1.0,1.0,1.0000000000000002,552,0.0,0.0,0.0,0.0,0.0,0.0,0.0,0.0,0.0,0.0,0.0,0.0,0.0,1317.1626280000055
1473,14730294600000,4.0,10.0,4.637345679012346,4.0,7.0,648,0.0,0.0,0.0,0.0,0.0,0,0.0,0.0,0.0,0.0,0.0,0,1.0,1.0,1.0,1.0,1.0,552,0.9999999999999998,1.0000000000000002,1.0,1.0,1.0,552,0.0,0.0,0.0,0.0,0.0,0.0,0.0,0.0,0.0,0.0,0.0,0.0,0.0,1344.006224999248
1474,14740294800000,4.0,10.0,4.6496913580246915,4.0,7.0,648,0.0,0.0,0.0,0.0,0.0,0,0.0,0.0,0.0,0.0,0.0,0,1.0,1.0,1.0,1.0,1.0,552,0.9999999999999996,1.0000000000000004,1.0,1.0,1.0000000000000002,552,0.0,0.0,0.0,0.0,0.0,0.0,0.0,0.0,0.0,0.0,0.0,0.0,0.0,1373.0741279996437
1475,14750295000000,4.0,10.0,4.645061728395062,4.0,7.0,648,0.0,0.0,0.0,0.0,0.0,0,0.0,0.0,0.0,0.0,0.0,0,1.0,1.0,1.0,1.0,1.0,552,0.9999999999999997,1.0000000000000002,1.0,1.0,1.0000000000000002,552,0.0,0.0,0.0,0.0,0.0,0.0,0.0,0.0,0.0,0.0,0.0,0.0,0.0,1315.4126169993106
1476,14760295200000,4.0,10.0,4.646604938271605,4.0,7.0,648,0.0,0.0,0.0,0.0,0.0,0,0.0,0.0,0.0,0.0,0.0,0,1.0,1.0,1.0,1.0,1.0,552,0.9999999999999997,1.0000000000000004,1.0,1.0,1.0000000000000002,552,0.0,0.0,0.0,0.0,0.0,0.0,0.0,0.0,0.0,0.0,0.0,0.0,0.0,1364.417554999818
1477,14770295400000,4.0,10.0,4.6419753086419755,4.0,7.0,648,0.0,0.0,0.0,0.0,0.0,0,0.0,0.0,0.0,0.0,0.0,0,1.0,1.0,1.0,1.0,1.0,552,0.9999999999999998,1.0000000000000002,1.0,1.0,1.0000000000000002,552,0.0,0.0,0.0,0.0,0.0,0.0,0.0,0.0,0.0,0.0,0.0,0.0,0.0,1315.535286999875
1478,14780295600000,4.0,10.0,4.645061728395062,4.0,7.0,648,0.0,0.0,0.0,0.0,0.0,0,0.0,0.0,0.0,0.0,0.0,0,1.0,1.0,1.0,1.0,1.0,552,0.9999999999999998,1.0000000000000004,1.0,1.0,1.0000000000000002,552,0.0,0.0,0.0,0.0,0.0,0.0,0.0,0.0,0.0,0.0,0.0,0.0,0.0,1330.2681460008898
1479,14790295800000,4.0,10.0,4.6496913580246915,4.0,7.0,648,0.0,0.0,0.0,0.0,0.0,0,0.0,0.0,0.0,0.0,0.0,0,1.0,1.0,1.0,1.0,1.0,552,0.9999999999999998,1.0000000000000002,1.0,1.0,1.0000000000000002,552,0.0,0.0,0.0,0.0,0.0,0.0,0.0,0.0,0.0,0.0,0.0,0.0,0.0,1365.6669869997131
1480,14800296000000,4.0,10.0,4.648148148148148,4.0,7.0,648,0.0,0.0,0.0,0.0,0.0,0,0.0,0.0,0.0,0.0,0.0,0,1.0,1.0,1.0,1.0,1.0,552,0.9999999999999997,1.0000000000000002,1.0,1.0,1.0000000000000002,552,0.0,0.0,0.0,0.0,0.0,0.0,0.0,0.0,0.0,0.0,0.0,0.0,0.0,1559.4643799995538
1481,14810296200000,4.0,10.0,4.6342592592592595,4.0,7.0,648,0.0,0.0,0.0,0.0,0.0,0,0.0,0.0,0.0,0.0,0.0,0,1.0,1.0,1.0,1.0,1.0,552,0.9999999999999998,1.0000000000000002,1.0,1.0,1.0000000000000002,552,0.0,0.0,0.0,0.0,0.0,0.0,0.0,0.0,0.0,0.0,0.0,0.0,0.0,1379.7565959994245
1482,14820296400000,4.0,10.0,4.628086419753086,4.0,7.0,648,0.0,0.0,0.0,0.0,0.0,0,0.0,0.0,0.0,0.0,0.0,0,1.0,1.0,1.0,1.0,1.0,552,0.9999999999999998,1.0000000000000004,1.0,1.0,1.0000000000000002,552,0.0,0.0,0.0,0.0,0.0,0.0,0.0,0.0,0.0,0.0,0.0,0.0,0.0,1327.4503960001311
1483,14830296600000,4.0,10.0,4.621913580246914,4.0,7.0,648,0.0,0.0,0.0,0.0,0.0,0,0.0,0.0,0.0,0.0,0.0,0,1.0,1.0,1.0,1.0,1.0,552,0.9999999999999997,1.0000000000000004,1.0,1.0,1.0000000000000002,552,0.0,0.0,0.0,0.0,0.0,0.0,0.0,0.0,0.0,0.0,0.0,0.0,0.0,1303.3969949992752
1484,14840296800000,4.0,10.0,4.6234567901234565,4.0,7.0,648,0.0,0.0,0.0,0.0,0.0,0,0.0,0.0,0.0,0.0,0.0,0,1.0,1.0,1.0,1.0,1.0,552,0.9999999999999998,1.0000000000000004,1.0,1.0,1.0000000000000002,552,0.0,0.0,0.0,0.0,0.0,0.0,0.0,0.0,0.0,0.0,0.0,0.0,0.0,1435.2861959996517
1485,14850297000000,4.0,10.0,4.631172839506172,4.0,7.0,648,0.0,0.0,0.0,0.0,0.0,0,0.0,0.0,0.0,0.0,0.0,0,1.0,1.0,1.0,1.0,1.0,552,0.9999999999999996,1.0000000000000004,1.0,1.0,1.0000000000000002,552,0.0,0.0,0.0,0.0,0.0,0.0,0.0,0.0,0.0,0.0,0.0,0.0,0.0,1400.627577000705
1486,14860297200000,4.0,10.0,4.637345679012346,4.0,7.0,648,0.0,0.0,0.0,0.0,0.0,0,0.0,0.0,0.0,0.0,0.0,0,1.0,1.0,1.0,1.0,1.0,552,0.9999999999999997,1.0000000000000002,1.0,1.0,1.0000000000000002,552,0.0,0.0,0.0,0.0,0.0,0.0,0.0,0.0,0.0,0.0,0.0,0.0,0.0,1505.377898000006
1487,14870297400000,4.0,10.0,4.6419753086419755,4.0,7.0,648,0.0,0.0,0.0,0.0,0.0,0,0.0,0.0,0.0,0.0,0.0,0,1.0,1.0,1.0,1.0,1.0,552,0.9999999999999996,1.0000000000000004,1.0,1.0,1.0000000000000002,552,0.0,0.0,0.0,0.0,0.0,0.0,0.0,0.0,0.0,0.0,0.0,0.0,0.0,1336.9755229996372
1488,14880297600000,4.0,10.0,4.645061728395062,4.0,7.0,648,0.0,0.0,0.0,0.0,0.0,0,0.0,0.0,0.0,0.0,0.0,0,1.0,1.0,1.0,1.0,1.0,552,0.9999999999999998,1.0000000000000002,1.0,1.0,1.0000000000000002,552,0.0,0.0,0.0,0.0,0.0,0.0,0.0,0.0,0.0,0.0,0.0,0.0,0.0,1362.7061299994239
1489,14890297800000,4.0,10.0,4.640432098765432,4.0,7.0,648,0.0,0.0,0.0,0.0,0.0,0,0.0,0.0,0.0,0.0,0.0,0,1.0,1.0,1.0,1.0,1.0,552,0.9999999999999996,1.0000000000000004,1.0,1.0,1.0000000000000002,552,0.0,0.0,0.0,0.0,0.0,0.0,0.0,0.0,0.0,0.0,0.0,0.0,0.0,1312.5137379993248
1490,14900298000000,4.0,10.0,4.637345679012346,4.0,7.0,648,0.0,0.0,0.0,0.0,0.0,0,0.0,0.0,0.0,0.0,0.0,0,1.0,1.0,1.0,1.0,1.0,552,0.9999999999999997,1.0000000000000002,1.0,1.0,1.0000000000000002,552,0.0,0.0,0.0,0.0,0.0,0.0,0.0,0.0,0.0,0.0,0.0,0.0,0.0,1341.7816609999136
1491,14910298200000,4.0,10.0,4.635802469135802,4.0,7.0,648,0.0,0.0,0.0,0.0,0.0,0,0.0,0.0,0.0,0.0,0.0,0,1.0,1.0,1.0,1.0,1.0,552,0.9999999999999998,1.0000000000000002,1.0,1.0,1.0000000000000002,552,0.0,0.0,0.0,0.0,0.0,0.0,0.0,0.0,0.0,0.0,0.0,0.0,0.0,1369.300647998898
1492,14920298400000,4.0,10.0,4.6419753086419755,4.0,7.0,648,0.0,0.0,0.0,0.0,0.0,0,0.0,0.0,0.0,0.0,0.0,0,1.0,1.0,1.0,1.0,1.0,552,0.9999999999999998,1.0000000000000004,1.0,1.0,1.0000000000000002,552,0.0,0.0,0.0,0.0,0.0,0.0,0.0,0.0,0.0,0.0,0.0,0.0,0.0,1317.5588939993759
1493,14930298600000,4.0,10.0,4.648148148148148,4.0,7.0,648,0.0,0.0,0.0,0.0,0.0,0,0.0,0.0,0.0,0.0,0.0,0,1.0,1.0,1.0,1.0,1.0,552,0.9999999999999998,1.0000000000000002,1.0,1.0,1.0000000000000002,552,0.0,0.0,0.0,0.0,0.0,0.0,0.0,0.0,0.0,0.0,0.0,0.0,0.0,1306.3079910007218
1494,14940298800000,4.0,10.0,4.652777777777778,4.0,7.0,648,0.0,0.0,0.0,0.0,0.0,0,0.0,0.0,0.0,0.0,0.0,0,1.0,1.0,1.0,1.0,1.0,552,0.9999999999999998,1.0000000000000002,1.0,1.0,1.0000000000000002,552,0.0,0.0,0.0,0.0,0.0,0.0,0.0,0.0,0.0,0.0,0.0,0.0,0.0,1325.651844001186
1495,14950299000000,4.0,10.0,4.651234567901234,4.0,7.0,648,0.0,0.0,0.0,0.0,0.0,0,0.0,0.0,0.0,0.0,0.0,0,1.0,1.0,1.0,1.0,1.0,552,0.9999999999999997,1.0000000000000002,1.0,1.0,1.0000000000000002,552,0.0,0.0,0.0,0.0,0.0,0.0,0.0,0.0,0.0,0.0,0.0,0.0,0.0,1359.1306220005208
1496,14960299200000,4.0,10.0,4.6496913580246915,4.0,7.0,648,0.0,0.0,0.0,0.0,0.0,0,0.0,0.0,0.0,0.0,0.0,0,1.0,1.0,1.0,1.0,1.0,552,0.9999999999999997,1.0000000000000004,1.0,1.0,1.0000000000000002,552,0.0,0.0,0.0,0.0,0.0,0.0,0.0,0.0,0.0,0.0,0.0,0.0,0.0,1391.52861599905
1497,14970299400000,4.0,10.0,4.6496913580246915,4.0,7.0,648,0.0,0.0,0.0,0.0,0.0,0,0.0,0.0,0.0,0.0,0.0,0,1.0,1.0,1.0,1.0,1.0,552,0.9999999999999997,1.0000000000000002,1.0,1.0,1.0000000000000002,552,0.0,0.0,0.0,0.0,0.0,0.0,0.0,0.0,0.0,0.0,0.0,0.0,0.0,1311.0555940002087
1498,14980299600000,4.0,10.0,4.652777777777778,4.0,7.0,648,0.0,0.0,0.0,0.0,0.0,0,0.0,0.0,0.0,0.0,0.0,0,1.0,1.0,1.0,1.0,1.0,552,0.9999999999999998,1.0000000000000002,1.0,1.0,1.0,552,0.0,0.0,0.0,0.0,0.0,0.0,0.0,0.0,0.0,0.0,0.0,0.0,0.0,1323.6264300012408
1499,14990299800000,4.0,10.0,4.6342592592592595,4.0,7.0,648,0.0,0.0,0.0,0.0,0.0,0,0.0,0.0,0.0,0.0,0.0,0,1.0,1.0,1.0,1.0,1.0,552,0.9999999999999997,1.0000000000000002,1.0,1.0,1.0000000000000002,552,0.0,0.0,0.0,0.0,0.0,0.0,0.0,0.0,0.0,0.0,0.0,0.0,0.0,1316.0753949996433
1500,15000300000000,4.0,10.0,4.628086419753086,4.0,7.0,648,0.0,0.0,0.0,0.0,0.0,0,0.0,0.0,0.0,0.0,0.0,0,1.0,1.0,1.0,1.0,1.0,552,0.9999999999999998,1.0000000000000004,1.0,1.0,1.0000000000000002,552,0.0,0.0,0.0,0.0,0.0,0.0,0.0,0.0,0.0,0.0,0.0,0.0,0.0,1334.6871329995338
1501,15010300200000,4.0,10.0,4.6265432098765435,4.0,7.0,648,0.0,0.0,0.0,0.0,0.0,0,0.0,0.0,0.0,0.0,0.0,0,1.0,1.0,1.0,1.0,1.0,552,0.9999999999999998,1.0000000000000004,1.0,1.0,1.0000000000000002,552,0.0,0.0,0.0,0.0,0.0,0.0,0.0,0.0,0.0,0.0,0.0,0.0,0.0,1401.0781279994262
1502,15020300400000,4.0,10.0,4.6265432098765435,4.0,7.0,648,0.0,0.0,0.0,0.0,0.0,0,0.0,0.0,0.0,0.0,0.0,0,1.0,1.0,1.0,1.0,1.0,552,0.9999999999999997,1.0000000000000002,1.0,1.0,1.0000000000000002,552,0.0,0.0,0.0,0.0,0.0,0.0,0.0,0.0,0.0,0.0,0.0,0.0,0.0,1348.1399400006921
1503,15030300600000,4.0,10.0,4.6265432098765435,4.0,7.0,648,0.0,0.0,0.0,0.0,0.0,0,0.0,0.0,0.0,0.0,0.0,0,1.0,1.0,1.0,1.0,1.0,552,0.9999999999999997,1.0000000000000002,1.0,1.0,1.0000000000000002,552,0.0,0.0,0.0,0.0,0.0,0.0,0.0,0.0,0.0,0.0,0.0,0.0,0.0,1320.7233580014872
1504,15040300800000,4.0,10.0,4.6419753086419755,4.0,7.0,648,0.0,0.0,0.0,0.0,0.0,0,0.0,0.0,0.0,0.0,0.0,0,1.0,1.0,1.0,1.0,1.0,552,0.9999999999999997,1.0000000000000004,1.0,1.0,1.0000000000000002,552,0.0,0.0,0.0,0.0,0.0,0.0,0.0,0.0,0.0,0.0,0.0,0.0,0.0,1363.320966000174
1505,15050301000000,4.0,10.0,4.646604938271605,4.0,7.0,648,0.0,0.0,0.0,0.0,0.0,0,0.0,0.0,0.0,0.0,0.0,0,1.0,1.0,1.0,1.0,1.0,552,0.9999999999999997,1.0000000000000002,1.0,1.0,1.0,552,0.0,0.0,0.0,0.0,0.0,0.0,0.0,0.0,0.0,0.0,0.0,0.0,0.0,1332.5309400006518
1506,15060301200000,4.0,10.0,4.648148148148148,4.0,7.0,648,0.0,0.0,0.0,0.0,0.0,0,0.0,0.0,0.0,0.0,0.0,0,1.0,1.0,1.0,1.0,1.0,552,0.9999999999999997,1.0000000000000002,1.0,1.0,1.0000000000000002,552,0.0,0.0,0.0,0.0,0.0,0.0,0.0,0.0,0.0,0.0,0.0,0.0,0.0,1366.953458998978
1507,15070301400000,4.0,10.0,4.645061728395062,4.0,7.0,648,0.0,0.0,0.0,0.0,0.0,0,0.0,0.0,0.0,0.0,0.0,0,1.0,1.0,1.0,1.0,1.0,552,0.9999999999999996,1.0000000000000002,1.0,1.0,1.0000000000000002,552,0.0,0.0,0.0,0.0,0.0,0.0,0.0,0.0,0.0,0.0,0.0,0.0,0.0,1378.2028330006142
1508,15080301600000,4.0,10.0,4.638888888888889,4.0,7.0,648,0.0,0.0,0.0,0.0,0.0,0,0.0,0.0,0.0,0.0,0.0,0,1.0,1.0,1.0,1.0,1.0,552,0.9999999999999996,1.0000000000000004,1.0,1.0,1.0000000000000002,552,0.0,0.0,0.0,0.0,0.0,0.0,0.0,0.0,0.0,0.0,0.0,0.0,0.0,1321.6952299990226
1509,15090301800000,4.0,10.0,4.648148148148148,4.0,7.0,648,0.0,0.0,0.0,0.0,0.0,0,0.0,0.0,0.0,0.0,0.0,0,1.0,1.0,1.0,1.0,1.0,552,0.9999999999999997,1.0000000000000004,1.0,1.0,1.0000000000000002,552,0.0,0.0,0.0,0.0,0.0,0.0,0.0,0.0,0.0,0.0,0.0,0.0,0.0,1347.310251001545
1510,15100302000000,4.0,10.0,4.648148148148148,4.0,7.0,648,0.0,0.0,0.0,0.0,0.0,0,0.0,0.0,0.0,0.0,0.0,0,1.0,1.0,1.0,1.0,1.0,552,0.9999999999999996,1.0000000000000002,1.0,1.0,1.0000000000000002,552,0.0,0.0,0.0,0.0,0.0,0.0,0.0,0.0,0.0,0.0,0.0,0.0,0.0,1327.5849000001472
1511,15110302200000,4.0,10.0,4.652777777777778,4.0,7.0,648,0.0,0.0,0.0,0.0,0.0,0,0.0,0.0,0.0,0.0,0.0,0,1.0,1.0,1.0,1.0,1.0,552,0.9999999999999998,1.0000000000000004,1.0,1.0,1.0,552,0.0,0.0,0.0,0.0,0.0,0.0,0.0,0.0,0.0,0.0,0.0,0.0,0.0,1376.2631959998544
1512,15120302400000,4.0,10.0,4.660493827160494,4.0,7.0,648,0.0,0.0,0.0,0.0,0.0,0,0.0,0.0,0.0,0.0,0.0,0,1.0,1.0,1.0,1.0,1.0,552,0.9999999999999998,1.0000000000000002,1.0,1.0,1.0000000000000002,552,0.0,0.0,0.0,0.0,0.0,0.0,0.0,0.0,0.0,0.0,0.0,0.0,0.0,1396.8637019988819
1513,15130302600000,4.0,10.0,4.658950617283951,4.0,7.0,648,0.0,0.0,0.0,0.0,0.0,0,0.0,0.0,0.0,0.0,0.0,0,1.0,1.0,1.0,1.0,1.0,552,0.9999999999999998,1.0000000000000004,1.0,1.0,1.0000000000000002,552,0.0,0.0,0.0,0.0,0.0,0.0,0.0,0.0,0.0,0.0,0.0,0.0,0.0,1316.6284749986517
1514,15140302800000,4.0,10.0,4.654320987654321,4.0,7.0,648,0.0,0.0,0.0,0.0,0.0,0,0.0,0.0,0.0,0.0,0.0,0,1.0,1.0,1.0,1.0,1.0,552,0.9999999999999997,1.0000000000000002,1.0,1.0,1.0000000000000002,552,0.0,0.0,0.0,0.0,0.0,0.0,0.0,0.0,0.0,0.0,0.0,0.0,0.0,1383.1159289984498
1515,15150303000000,4.0,10.0,4.643518518518518,4.0,7.0,648,0.0,0.0,0.0,0.0,0.0,0,0.0,0.0,0.0,0.0,0.0,0,1.0,1.0,1.0,1.0,1.0,552,0.9999999999999997,1.0000000000000004,1.0,1.0,1.0000000000000002,552,0.0,0.0,0.0,0.0,0.0,0.0,0.0,0.0,0.0,0.0,0.0,0.0,0.0,1323.0592510008137
1516,15160303200000,4.0,10.0,4.643518518518518,4.0,7.0,648,0.0,0.0,0.0,0.0,0.0,0,0.0,0.0,0.0,0.0,0.0,0,1.0,1.0,1.0,1.0,1.0,552,0.9999999999999997,1.0000000000000002,1.0,1.0,1.0000000000000002,552,0.0,0.0,0.0,0.0,0.0,0.0,0.0,0.0,0.0,0.0,0.0,0.0,0.0,1430.7595669997681
1517,15170303400000,4.0,10.0,4.646604938271605,4.0,7.0,648,0.0,0.0,0.0,0.0,0.0,0,0.0,0.0,0.0,0.0,0.0,0,1.0,1.0,1.0,1.0,1.0,552,0.9999999999999998,1.0000000000000002,1.0,1.0,1.0000000000000002,552,0.0,0.0,0.0,0.0,0.0,0.0,0.0,0.0,0.0,0.0,0.0,0.0,0.0,1400.9100959992793
1518,15180303600000,4.0,10.0,4.640432098765432,4.0,7.0,648,0.0,0.0,0.0,0.0,0.0,0,0.0,0.0,0.0,0.0,0.0,0,1.0,1.0,1.0,1.0,1.0,552,0.9999999999999997,1.0000000000000004,1.0,1.0,1.0000000000000002,552,0.0,0.0,0.0,0.0,0.0,0.0,0.0,0.0,0.0,0.0,0.0,0.0,0.0,1329.2906149999908
1519,15190303800000,4.0,10.0,4.635802469135802,4.0,7.0,648,0.0,0.0,0.0,0.0,0.0,0,0.0,0.0,0.0,0.0,0.0,0,1.0,1.0,1.0,1.0,1.0,552,0.9999999999999997,1.0000000000000002,1.0,1.0,1.0000000000000002,552,0.0,0.0,0.0,0.0,0.0,0.0,0.0,0.0,0.0,0.0,0.0,0.0,0.0,1326.381090000723
1520,15200304000000,4.0,10.0,4.62962962962963,4.0,7.0,648,0.0,0.0,0.0,0.0,0.0,0,0.0,0.0,0.0,0.0,0.0,0,1.0,1.0,1.0,1.0,1.0,552,0.9999999999999998,1.0000000000000002,1.0,1.0,1.0000000000000002,552,0.0,0.0,0.0,0.0,0.0,0.0,0.0,0.0,0.0,0.0,0.0,0.0,0.0,1348.8122949984245
1521,15210304200000,4.0,10.0,4.637345679012346,4.0,7.0,648,0.0,0.0,0.0,0.0,0.0,0,0.0,0.0,0.0,0.0,0.0,0,1.0,1.0,1.0,1.0,1.0,552,0.9999999999999998,1.0000000000000002,1.0,1.0,1.0000000000000002,552,0.0,0.0,0.0,0.0,0.0,0.0,0.0,0.0,0.0,0.0,0.0,0.0,0.0,1350.3178969986038
1522,15220304400000,4.0,10.0,4.6419753086419755,4.0,7.0,648,0.0,0.0,0.0,0.0,0.0,0,0.0,0.0,0.0,0.0,0.0,0,1.0,1.0,1.0,1.0,1.0,552,0.9999999999999998,1.0000000000000002,1.0,1.0,1.0000000000000002,552,0.0,0.0,0.0,0.0,0.0,0.0,0.0,0.0,0.0,0.0,0.0,0.0,0.0,1384.0851980003208
1523,15230304600000,4.0,10.0,4.643518518518518,4.0,7.0,648,0.0,0.0,0.0,0.0,0.0,0,0.0,0.0,0.0,0.0,0.0,0,1.0,1.0,1.0,1.0,1.0,552,0.9999999999999996,1.0000000000000002,1.0,1.0,1.0000000000000002,552,0.0,0.0,0.0,0.0,0.0,0.0,0.0,0.0,0.0,0.0,0.0,0.0,0.0,1359.9361819997284
1524,15240304800000,4.0,10.0,4.648148148148148,4.0,7.0,648,0.0,0.0,0.0,0.0,0.0,0,0.0,0.0,0.0,0.0,0.0,0,1.0,1.0,1.0,1.0,1.0,552,0.9999999999999997,1.0000000000000002,1.0,1.0,1.0000000000000002,552,0.0,0.0,0.0,0.0,0.0,0.0,0.0,0.0,0.0,0.0,0.0,0.0,0.0,1411.4839579997351
1525,15250305000000,4.0,10.0,4.643518518518518,4.0,7.0,648,0.0,0.0,0.0,0.0,0.0,0,0.0,0.0,0.0,0.0,0.0,0,1.0,1.0,1.0,1.0,1.0,552,0.9999999999999998,1.0000000000000002,1.0,1.0,1.0000000000000002,552,0.0,0.0,0.0,0.0,0.0,0.0,0.0,0.0,0.0,0.0,0.0,0.0,0.0,1336.3380999999208
1526,15260305200000,4.0,10.0,4.643518518518518,4.0,7.0,648,0.0,0.0,0.0,0.0,0.0,0,0.0,0.0,0.0,0.0,0.0,0,1.0,1.0,1.0,1.0,1.0,552,0.9999999999999997,1.0000000000000002,1.0,1.0,1.0000000000000002,552,0.0,0.0,0.0,0.0,0.0,0.0,0.0,0.0,0.0,0.0,0.0,0.0,0.0,1323.2815350002056
1527,15270305400000,4.0,10.0,4.638888888888889,4.0,7.0,648,0.0,0.0,0.0,0.0,0.0,0,0.0,0.0,0.0,0.0,0.0,0,1.0,1.0,1.0,1.0,1.0,552,0.9999999999999997,1.0000000000000002,1.0,1.0,1.0000000000000002,552,0.0,0.0,0.0,0.0,0.0,0.0,0.0,0.0,0.0,0.0,0.0,0.0,0.0,1358.8326200006122
1528,15280305600000,4.0,10.0,4.648148148148148,4.0,7.0,648,0.0,0.0,0.0,0.0,0.0,0,0.0,0.0,0.0,0.0,0.0,0,1.0,1.0,1.0,1.0,1.0,552,0.9999999999999996,1.0000000000000002,1.0,1.0,1.0000000000000002,552,0.0,0.0,0.0,0.0,0.0,0.0,0.0,0.0,0.0,0.0,0.0,0.0,0.0,1398.9373959993827
1529,15290305800000,4.0,10.0,4.648148148148148,4.0,7.0,648,0.0,0.0,0.0,0.0,0.0,0,0.0,0.0,0.0,0.0,0.0,0,1.0,1.0,1.0,1.0,1.0,552,0.9999999999999998,1.0000000000000004,1.0,1.0,1.0000000000000002,552,0.0,0.0,0.0,0.0,0.0,0.0,0.0,0.0,0.0,0.0,0.0,0.0,0.0,1329.6438760007732
1530,15300306000000,4.0,10.0,4.648148148148148,4.0,7.0,648,0.0,0.0,0.0,0.0,0.0,0,0.0,0.0,0.0,0.0,0.0,0,1.0,1.0,1.0,1.0,1.0,552,0.9999999999999996,1.0000000000000002,1.0,1.0,1.0000000000000002,552,0.0,0.0,0.0,0.0,0.0,0.0,0.0,0.0,0.0,0.0,0.0,0.0,0.0,1309.9865500007581
1531,15310306200000,4.0,10.0,4.655864197530864,4.0,7.0,648,0.0,0.0,0.0,0.0,0.0,0,0.0,0.0,0.0,0.0,0.0,0,1.0,1.0,1.0,1.0,1.0,552,0.9999999999999998,1.0000000000000002,1.0,1.0,1.0,552,0.0,0.0,0.0,0.0,0.0,0.0,0.0,0.0,0.0,0.0,0.0,0.0,0.0,1315.1413250016049
1532,15320306400000,4.0,10.0,4.652777777777778,4.0,7.0,648,0.0,0.0,0.0,0.0,0.0,0,0.0,0.0,0.0,0.0,0.0,0,1.0,1.0,1.0,1.0,1.0,552,0.9999999999999998,1.0000000000000004,1.0,1.0,1.0000000000000002,552,0.0,0.0,0.0,0.0,0.0,0.0,0.0,0.0,0.0,0.0,0.0,0.0,0.0,1386.9235799993476
1533,15330306600000,4.0,10.0,4.6496913580246915,4.0,7.0,648,0.0,0.0,0.0,0.0,0.0,0,0.0,0.0,0.0,0.0,0.0,0,1.0,1.0,1.0,1.0,1.0,552,0.9999999999999998,1.0000000000000004,1.0,1.0,1.0000000000000002,552,0.0,0.0,0.0,0.0,0.0,0.0,0.0,0.0,0.0,0.0,0.0,0.0,0.0,1366.7045939982927
1534,15340306800000,4.0,10.0,4.640432098765432,4.0,7.0,648,0.0,0.0,0.0,0.0,0.0,0,0.0,0.0,0.0,0.0,0.0,0,1.0,1.0,1.0,1.0,1.0,552,0.9999999999999996,1.0000000000000004,1.0,1.0,1.0000000000000002,552,0.0,0.0,0.0,0.0,0.0,0.0,0.0,0.0,0.0,0.0,0.0,0.0,0.0,1312.911670000176
1535,15350307000000,4.0,10.0,4.648148148148148,4.0,7.0,648,0.0,0.0,0.0,0.0,0.0,0,0.0,0.0,0.0,0.0,0.0,0,1.0,1.0,1.0,1.0,1.0,552,0.9999999999999997,1.0000000000000002,1.0,1.0,1.0,552,0.0,0.0,0.0,0.0,0.0,0.0,0.0,0.0,0.0,0.0,0.0,0.0,0.0,1308.7181939990842
1536,15360307200000,4.0,10.0,4.646604938271605,4.0,7.0,648,0.0,0.0,0.0,0.0,0.0,0,0.0,0.0,0.0,0.0,0.0,0,1.0,1.0,1.0,1.0,1.0,552,0.9999999999999997,1.0000000000000002,1.0,1.0,1.0000000000000002,552,0.0,0.0,0.0,0.0,0.0,0.0,0.0,0.0,0.0,0.0,0.0,0.0,0.0,1340.4856710003514
1537,15370307400000,4.0,10.0,4.645061728395062,4.0,7.0,648,0.0,0.0,0.0,0.0,0.0,0,0.0,0.0,0.0,0.0,0.0,0,1.0,1.0,1.0,1.0,1.0,552,0.9999999999999996,1.0000000000000002,1.0,1.0,1.0000000000000002,552,0.0,0.0,0.0,0.0,0.0,0.0,0.0,0.0,0.0,0.0,0.0,0.0,0.0,1392.490813999757
1538,15380307600000,4.0,10.0,4.6342592592592595,4.0,7.0,648,0.0,0.0,0.0,0.0,0.0,0,0.0,0.0,0.0,0.0,0.0,0,1.0,1.0,1.0,1.0,1.0,552,0.9999999999999997,1.0000000000000002,1.0,1.0,1.0000000000000002,552,0.0,0.0,0.0,0.0,0.0,0.0,0.0,0.0,0.0,0.0,0.0,0.0,0.0,1334.1444540001248
1539,15390307800000,4.0,10.0,4.640432098765432,4.0,7.0,648,0.0,0.0,0.0,0.0,0.0,0,0.0,0.0,0.0,0.0,0.0,0,1.0,1.0,1.0,1.0,1.0,552,0.9999999999999997,1.0000000000000002,1.0,1.0,1.0000000000000002,552,0.0,0.0,0.0,0.0,0.0,0.0,0.0,0.0,0.0,0.0,0.0,0.0,0.0,1307.443202000286
1540,15400308000000,4.0,9.0,4.646604938271605,4.0,7.0,648,0.0,0.0,0.0,0.0,0.0,0,0.0,0.0,0.0,0.0,0.0,0,1.0,1.0,1.0,1.0,1.0,552,0.9999999999999997,1.0000000000000002,1.0,1.0,1.0000000000000002,552,0.0,0.0,0.0,0.0,0.0,0.0,0.0,0.0,0.0,0.0,0.0,0.0,0.0,1359.6585109989974
1541,15410308200000,4.0,9.0,4.645061728395062,4.0,7.0,648,0.0,0.0,0.0,0.0,0.0,0,0.0,0.0,0.0,0.0,0.0,0,1.0,1.0,1.0,1.0,1.0,552,0.9999999999999996,1.0000000000000002,1.0,1.0,1.0000000000000002,552,0.0,0.0,0.0,0.0,0.0,0.0,0.0,0.0,0.0,0.0,0.0,0.0,0.0,1346.973342999263
1542,15420308400000,4.0,10.0,4.648148148148148,4.0,7.0,648,0.0,0.0,0.0,0.0,0.0,0,0.0,0.0,0.0,0.0,0.0,0,1.0,1.0,1.0,1.0,1.0,552,0.9999999999999998,1.0000000000000004,1.0,1.0,1.0000000000000002,552,0.0,0.0,0.0,0.0,0.0,0.0,0.0,0.0,0.0,0.0,0.0,0.0,0.0,1345.514650000041
1543,15430308600000,4.0,10.0,4.640432098765432,4.0,7.0,648,0.0,0.0,0.0,0.0,0.0,0,0.0,0.0,0.0,0.0,0.0,0,1.0,1.0,1.0,1.0,1.0,552,0.9999999999999997,1.0000000000000002,1.0,1.0,1.0000000000000002,552,0.0,0.0,0.0,0.0,0.0,0.0,0.0,0.0,0.0,0.0,0.0,0.0,0.0,1368.531170001006
1544,15440308800000,4.0,10.0,4.6419753086419755,4.0,7.0,648,0.0,0.0,0.0,0.0,0.0,0,0.0,0.0,0.0,0.0,0.0,0,1.0,1.0,1.0,1.0,1.0,552,0.9999999999999998,1.0000000000000002,1.0,1.0,1.0000000000000002,552,0.0,0.0,0.0,0.0,0.0,0.0,0.0,0.0,0.0,0.0,0.0,0.0,0.0,1400.6467119997978
1545,15450309000000,4.0,10.0,4.645061728395062,4.0,7.0,648,0.0,0.0,0.0,0.0,0.0,0,0.0,0.0,0.0,0.0,0.0,0,1.0,1.0,1.0,1.0,1.0,552,0.9999999999999997,1.0000000000000004,1.0,1.0,1.0000000000000002,552,0.0,0.0,0.0,0.0,0.0,0.0,0.0,0.0,0.0,0.0,0.0,0.0,0.0,1330.6318210015888
1546,15460309200000,4.0,10.0,4.646604938271605,4.0,7.0,648,0.0,0.0,0.0,0.0,0.0,0,0.0,0.0,0.0,0.0,0.0,0,1.0,1.0,1.0,1.0,1.0,552,0.9999999999999996,1.0000000000000002,1.0,1.0,1.0000000000000002,552,0.0,0.0,0.0,0.0,0.0,0.0,0.0,0.0,0.0,0.0,0.0,0.0,0.0,1345.6010709996917
1547,15470309400000,4.0,10.0,4.646604938271605,4.0,7.0,648,0.0,0.0,0.0,0.0,0.0,0,0.0,0.0,0.0,0.0,0.0,0,1.0,1.0,1.0,1.0,1.0,552,0.9999999999999997,1.0000000000000002,1.0,1.0,1.0,552,0.0,0.0,0.0,0.0,0.0,0.0,0.0,0.0,0.0,0.0,0.0,0.0,0.0,1340.1313070007745
1548,15480309600000,4.0,10.0,4.646604938271605,4.0,7.0,648,0.0,0.0,0.0,0.0,0.0,0,0.0,0.0,0.0,0.0,0.0,0,1.0,1.0,1.0,1.0,1.0,552,0.9999999999999998,1.0000000000000004,1.0,1.0,1.0000000000000002,552,0.0,0.0,0.0,0.0,0.0,0.0,0.0,0.0,0.0,0.0,0.0,0.0,0.0,1469.90319500037
1549,15490309800000,4.0,10.0,4.645061728395062,4.0,7.0,648,0.0,0.0,0.0,0.0,0.0,0,0.0,0.0,0.0,0.0,0.0,0,1.0,1.0,1.0,1.0,1.0,552,0.9999999999999997,1.0000000000000002,1.0,1.0,1.0000000000000002,552,0.0,0.0,0.0,0.0,0.0,0.0,0.0,0.0,0.0,0.0,0.0,0.0,0.0,1332.3984559992823
1550,15500310000000,4.0,10.0,4.640432098765432,4.0,7.0,648,0.0,0.0,0.0,0.0,0.0,0,0.0,0.0,0.0,0.0,0.0,0,1.0,1.0,1.0,1.0,1.0,552,0.9999999999999998,1.0000000000000002,1.0,1.0,1.0000000000000002,552,0.0,0.0,0.0,0.0,0.0,0.0,0.0,0.0,0.0,0.0,0.0,0.0,0.0,1306.2733599999774
1551,15510310200000,4.0,10.0,4.646604938271605,4.0,7.0,648,0.0,0.0,0.0,0.0,0.0,0,0.0,0.0,0.0,0.0,0.0,0,1.0,1.0,1.0,1.0,1.0,552,0.9999999999999996,1.0000000000000002,1.0,1.0,1.0000000000000002,552,0.0,0.0,0.0,0.0,0.0,0.0,0.0,0.0,0.0,0.0,0.0,0.0,0.0,1339.4863190005708
1552,15520310400000,4.0,10.0,4.646604938271605,4.0,7.0,648,0.0,0.0,0.0,0.0,0.0,0,0.0,0.0,0.0,0.0,0.0,0,1.0,1.0,1.0,1.0,1.0,552,0.9999999999999997,1.0000000000000002,1.0,1.0,1.0000000000000002,552,0.0,0.0,0.0,0.0,0.0,0.0,0.0,0.0,0.0,0.0,0.0,0.0,0.0,1372.1403409999766
1553,15530310600000,4.0,10.0,4.648148148148148,4.0,7.0,648,0.0,0.0,0.0,0.0,0.0,0,0.0,0.0,0.0,0.0,0.0,0,1.0,1.0,1.0,1.0,1.0,552,0.9999999999999998,1.0000000000000002,1.0,1.0,1.0000000000000002,552,0.0,0.0,0.0,0.0,0.0,0.0,0.0,0.0,0.0,0.0,0.0,0.0,0.0,1384.9987289995624
1554,15540310800000,4.0,10.0,4.645061728395062,4.0,7.0,648,0.0,0.0,0.0,0.0,0.0,0,0.0,0.0,0.0,0.0,0.0,0,1.0,1.0,1.0,1.0,1.0,552,0.9999999999999997,1.0000000000000002,1.0,1.0,1.0000000000000002,552,0.0,0.0,0.0,0.0,0.0,0.0,0.0,0.0,0.0,0.0,0.0,0.0,0.0,1366.45023300116
1555,15550311000000,4.0,10.0,4.645061728395062,4.0,7.0,648,0.0,0.0,0.0,0.0,0.0,0,0.0,0.0,0.0,0.0,0.0,0,1.0,1.0,1.0,1.0,1.0,552,0.9999999999999996,1.0000000000000002,1.0,1.0,1.0000000000000002,552,0.0,0.0,0.0,0.0,0.0,0.0,0.0,0.0,0.0,0.0,0.0,0.0,0.0,1299.5877530011057
1556,15560311200000,4.0,10.0,4.646604938271605,4.0,7.0,648,0.0,0.0,0.0,0.0,0.0,0,0.0,0.0,0.0,0.0,0.0,0,1.0,1.0,1.0,1.0,1.0,552,0.9999999999999998,1.0000000000000004,1.0,1.0,1.0000000000000002,552,0.0,0.0,0.0,0.0,0.0,0.0,0.0,0.0,0.0,0.0,0.0,0.0,0.0,1361.972100999992
1557,15570311400000,4.0,10.0,4.645061728395062,4.0,7.0,648,0.0,0.0,0.0,0.0,0.0,0,0.0,0.0,0.0,0.0,0.0,0,1.0,1.0,1.0,1.0,1.0,552,0.9999999999999998,1.0000000000000002,1.0,1.0,1.0000000000000002,552,0.0,0.0,0.0,0.0,0.0,0.0,0.0,0.0,0.0,0.0,0.0,0.0,0.0,1369.2150010010664
1558,15580311600000,4.0,9.0,4.651234567901234,4.0,7.0,648,0.0,0.0,0.0,0.0,0.0,0,0.0,0.0,0.0,0.0,0.0,0,1.0,1.0,1.0,1.0,1.0,552,0.9999999999999997,1.0000000000000004,1.0,1.0,1.0000000000000002,552,0.0,0.0,0.0,0.0,0.0,0.0,0.0,0.0,0.0,0.0,0.0,0.0,0.0,1423.4717110011843
1559,15590311800000,4.0,9.0,4.66358024691358,4.0,7.0,648,0.0,0.0,0.0,0.0,0.0,0,0.0,0.0,0.0,0.0,0.0,0,1.0,1.0,1.0,1.0,1.0,552,0.9999999999999996,1.0000000000000004,1.0,1.0,1.0000000000000002,552,0.0,0.0,0.0,0.0,0.0,0.0,0.0,0.0,0.0,0.0,0.0,0.0,0.0,1405.6117860000086
1560,15600312000000,4.0,9.0,4.66358024691358,4.0,7.0,648,0.0,0.0,0.0,0.0,0.0,0,0.0,0.0,0.0,0.0,0.0,0,1.0,1.0,1.0,1.0,1.0,552,0.9999999999999997,1.0000000000000004,1.0,1.0,1.0000000000000002,552,0.0,0.0,0.0,0.0,0.0,0.0,0.0,0.0,0.0,0.0,0.0,0.0,0.0,1354.925468998772
1561,15610312200000,4.0,10.0,4.660493827160494,4.0,7.0,648,0.0,0.0,0.0,0.0,0.0,0,0.0,0.0,0.0,0.0,0.0,0,1.0,1.0,1.0,1.0,1.0,552,0.9999999999999997,1.0000000000000002,1.0,1.0,1.0000000000000002,552,0.0,0.0,0.0,0.0,0.0,0.0,0.0,0.0,0.0,0.0,0.0,0.0,0.0,1349.119475000407
1562,15620312400000,4.0,10.0,4.6496913580246915,4.0,7.0,648,0.0,0.0,0.0,0.0,0.0,0,0.0,0.0,0.0,0.0,0.0,0,1.0,1.0,1.0,1.0,1.0,552,0.9999999999999997,1.0000000000000004,1.0,1.0,1.0000000000000002,552,0.0,0.0,0.0,0.0,0.0,0.0,0.0,0.0,0.0,0.0,0.0,0.0,0.0,1346.5814249993855
1563,15630312600000,4.0,10.0,4.648148148148148,4.0,7.0,648,0.0,0.0,0.0,0.0,0.0,0,0.0,0.0,0.0,0.0,0.0,0,1.0,1.0,1.0,1.0,1.0,552,0.9999999999999997,1.0000000000000004,1.0,1.0,1.0000000000000002,552,0.0,0.0,0.0,0.0,0.0,0.0,0.0,0.0,0.0,0.0,0.0,0.0,0.0,1361.8400399991515
1564,15640312800000,4.0,10.0,4.648148148148148,4.0,7.0,648,0.0,0.0,0.0,0.0,0.0,0,0.0,0.0,0.0,0.0,0.0,0,1.0,1.0,1.0,1.0,1.0,552,0.9999999999999996,1.0000000000000002,1.0,1.0,1.0000000000000002,552,0.0,0.0,0.0,0.0,0.0,0.0,0.0,0.0,0.0,0.0,0.0,0.0,0.0,1405.0650490007683
1565,15650313000000,4.0,10.0,4.637345679012346,4.0,7.0,648,0.0,0.0,0.0,0.0,0.0,0,0.0,0.0,0.0,0.0,0.0,0,1.0,1.0,1.0,1.0,1.0,552,0.9999999999999998,1.0000000000000002,1.0,1.0,1.0000000000000002,552,0.0,0.0,0.0,0.0,0.0,0.0,0.0,0.0,0.0,0.0,0.0,0.0,0.0,1318.409649999012
1566,15660313200000,4.0,10.0,4.635802469135802,4.0,7.0,648,0.0,0.0,0.0,0.0,0.0,0,0.0,0.0,0.0,0.0,0.0,0,1.0,1.0,1.0,1.0,1.0,552,0.9999999999999998,1.0000000000000002,1.0,1.0,1.0000000000000002,552,0.0,0.0,0.0,0.0,0.0,0.0,0.0,0.0,0.0,0.0,0.0,0.0,0.0,1301.9794560004812
1567,15670313400000,4.0,10.0,4.645061728395062,4.0,7.0,648,0.0,0.0,0.0,0.0,0.0,0,0.0,0.0,0.0,0.0,0.0,0,1.0,1.0,1.0,1.0,1.0,552,0.9999999999999998,1.0000000000000002,1.0,1.0,1.0000000000000002,552,0.0,0.0,0.0,0.0,0.0,0.0,0.0,0.0,0.0,0.0,0.0,0.0,0.0,1387.6559450000059
1568,15680313600000,4.0,10.0,4.645061728395062,4.0,7.0,648,0.0,0.0,0.0,0.0,0.0,0,0.0,0.0,0.0,0.0,0.0,0,1.0,1.0,1.0,1.0,1.0,552,0.9999999999999998,1.0000000000000004,1.0,1.0,1.0000000000000002,552,0.0,0.0,0.0,0.0,0.0,0.0,0.0,0.0,0.0,0.0,0.0,0.0,0.0,1385.8310979994712
1569,15690313800000,4.0,10.0,4.648148148148148,4.0,7.0,648,0.0,0.0,0.0,0.0,0.0,0,0.0,0.0,0.0,0.0,0.0,0,1.0,1.0,1.0,1.0,1.0,552,0.9999999999999997,1.0000000000000002,1.0,1.0,1.0000000000000002,552,0.0,0.0,0.0,0.0,0.0,0.0,0.0,0.0,0.0,0.0,0.0,0.0,0.0,1382.4190789982822
1570,15700314000000,4.0,10.0,4.645061728395062,4.0,7.0,648,0.0,0.0,0.0,0.0,0.0,0,0.0,0.0,0.0,0.0,0.0,0,1.0,1.0,1.0,1.0,1.0,552,0.9999999999999998,1.0000000000000002,1.0,1.0,1.0000000000000002,552,0.0,0.0,0.0,0.0,0.0,0.0,0.0,0.0,0.0,0.0,0.0,0.0,0.0,1369.2767579996143
1571,15710314200000,4.0,10.0,4.648148148148148,4.0,7.0,648,0.0,0.0,0.0,0.0,0.0,0,0.0,0.0,0.0,0.0,0.0,0,1.0,1.0,1.0,1.0,1.0,552,0.9999999999999996,1.0000000000000002,1.0,1.0,1.0000000000000002,552,0.0,0.0,0.0,0.0,0.0,0.0,0.0,0.0,0.0,0.0,0.0,0.0,0.0,1310.8039920007286
1572,15720314400000,4.0,10.0,4.645061728395062,4.0,7.0,648,0.0,0.0,0.0,0.0,0.0,0,0.0,0.0,0.0,0.0,0.0,0,1.0,1.0,1.0,1.0,1.0,552,0.9999999999999998,1.0000000000000002,1.0,1.0,1.0000000000000002,552,0.0,0.0,0.0,0.0,0.0,0.0,0.0,0.0,0.0,0.0,0.0,0.0,0.0,1336.927360000118
1573,15730314600000,4.0,10.0,4.638888888888889,4.0,7.0,648,0.0,0.0,0.0,0.0,0.0,0,0.0,0.0,0.0,0.0,0.0,0,1.0,1.0,1.0,1.0,1.0,552,0.9999999999999996,1.0000000000000002,1.0,1.0,1.0000000000000002,552,0.0,0.0,0.0,0.0,0.0,0.0,0.0,0.0,0.0,0.0,0.0,0.0,0.0,1329.485817001114
1574,15740314800000,4.0,10.0,4.645061728395062,4.0,7.0,648,0.0,0.0,0.0,0.0,0.0,0,0.0,0.0,0.0,0.0,0.0,0,1.0,1.0,1.0,1.0,1.0,552,0.9999999999999997,1.0000000000000004,1.0,1.0,1.0000000000000002,552,0.0,0.0,0.0,0.0,0.0,0.0,0.0,0.0,0.0,0.0,0.0,0.0,0.0,1339.309842000148
1575,15750315000000,4.0,10.0,4.643518518518518,4.0,7.0,648,0.0,0.0,0.0,0.0,0.0,0,0.0,0.0,0.0,0.0,0.0,0,1.0,1.0,1.0,1.0,1.0,552,0.9999999999999997,1.0000000000000002,1.0,1.0,1.0000000000000002,552,0.0,0.0,0.0,0.0,0.0,0.0,0.0,0.0,0.0,0.0,0.0,0.0,0.0,1346.5833810005279
1576,15760315200000,4.0,9.0,4.646604938271605,4.0,7.0,648,0.0,0.0,0.0,0.0,0.0,0,0.0,0.0,0.0,0.0,0.0,0,1.0,1.0,1.0,1.0,1.0,552,0.9999999999999997,1.0000000000000002,1.0,1.0,1.0000000000000002,552,0.0,0.0,0.0,0.0,0.0,0.0,0.0,0.0,0.0,0.0,0.0,0.0,0.0,1394.3931439989683
1577,15770315400000,4.0,9.0,4.652777777777778,4.0,7.0,648,0.0,0.0,0.0,0.0,0.0,0,0.0,0.0,0.0,0.0,0.0,0,1.0,1.0,1.0,1.0,1.0,552,0.9999999999999998,1.0000000000000002,1.0,1.0,1.0000000000000002,552,0.0,0.0,0.0,0.0,0.0,0.0,0.0,0.0,0.0,0.0,0.0,0.0,0.0,1448.216513999796
1578,15780315600000,4.0,9.0,4.657407407407407,4.0,7.0,648,0.0,0.0,0.0,0.0,0.0,0,0.0,0.0,0.0,0.0,0.0,0,1.0,1.0,1.0,1.0,1.0,552,0.9999999999999997,1.0000000000000002,1.0,1.0,1.0,552,0.0,0.0,0.0,0.0,0.0,0.0,0.0,0.0,0.0,0.0,0.0,0.0,0.0,1361.9760029996542
1579,15790315800000,4.0,9.0,4.66358024691358,4.0,7.0,648,0.0,0.0,0.0,0.0,0.0,0,0.0,0.0,0.0,0.0,0.0,0,1.0,1.0,1.0,1.0,1.0,552,0.9999999999999997,1.0000000000000002,1.0,1.0,1.0000000000000002,552,0.0,0.0,0.0,0.0,0.0,0.0,0.0,0.0,0.0,0.0,0.0,0.0,0.0,1394.3970019990957
1580,15800316000000,4.0,9.0,4.654320987654321,4.0,7.0,648,0.0,0.0,0.0,0.0,0.0,0,0.0,0.0,0.0,0.0,0.0,0,1.0,1.0,1.0,1.0,1.0,552,0.9999999999999998,1.0000000000000004,1.0,1.0,1.0000000000000002,552,0.0,0.0,0.0,0.0,0.0,0.0,0.0,0.0,0.0,0.0,0.0,0.0,0.0,1382.977003000633
1581,15810316200000,4.0,10.0,4.651234567901234,4.0,7.0,648,0.0,0.0,0.0,0.0,0.0,0,0.0,0.0,0.0,0.0,0.0,0,1.0,1.0,1.0,1.0,1.0,552,0.9999999999999997,1.0000000000000002,1.0,1.0,1.0000000000000002,552,0.0,0.0,0.0,0.0,0.0,0.0,0.0,0.0,0.0,0.0,0.0,0.0,0.0,1426.5464679992874
1582,15820316400000,4.0,10.0,4.655864197530864,4.0,7.0,648,0.0,0.0,0.0,0.0,0.0,0,0.0,0.0,0.0,0.0,0.0,0,1.0,1.0,1.0,1.0,1.0,552,0.9999999999999996,1.0000000000000002,1.0,1.0,1.0000000000000002,552,0.0,0.0,0.0,0.0,0.0,0.0,0.0,0.0,0.0,0.0,0.0,0.0,0.0,1402.7228819995798
1583,15830316600000,4.0,10.0,4.654320987654321,4.0,7.0,648,0.0,0.0,0.0,0.0,0.0,0,0.0,0.0,0.0,0.0,0.0,0,1.0,1.0,1.0,1.0,1.0,552,0.9999999999999996,1.0000000000000004,1.0,1.0,1.0000000000000002,552,0.0,0.0,0.0,0.0,0.0,0.0,0.0,0.0,0.0,0.0,0.0,0.0,0.0,1361.0989499993593
1584,15840316800000,4.0,10.0,4.643518518518518,4.0,7.0,648,0.0,0.0,0.0,0.0,0.0,0,0.0,0.0,0.0,0.0,0.0,0,1.0,1.0,1.0,1.0,1.0,552,0.9999999999999996,1.0000000000000004,1.0,1.0,1.0000000000000002,552,0.0,0.0,0.0,0.0,0.0,0.0,0.0,0.0,0.0,0.0,0.0,0.0,0.0,1355.8331019994512
1585,15850317000000,4.0,10.0,4.6342592592592595,4.0,7.0,648,0.0,0.0,0.0,0.0,0.0,0,0.0,0.0,0.0,0.0,0.0,0,1.0,1.0,1.0,1.0,1.0,552,0.9999999999999998,1.0000000000000002,1.0,1.0,1.0000000000000002,552,0.0,0.0,0.0,0.0,0.0,0.0,0.0,0.0,0.0,0.0,0.0,0.0,0.0,1337.663619999148
1586,15860317200000,4.0,10.0,4.643518518518518,4.0,7.0,648,0.0,0.0,0.0,0.0,0.0,0,0.0,0.0,0.0,0.0,0.0,0,1.0,1.0,1.0,1.0,1.0,552,0.9999999999999996,1.0000000000000002,1.0,1.0,1.0000000000000002,552,0.0,0.0,0.0,0.0,0.0,0.0,0.0,0.0,0.0,0.0,0.0,0.0,0.0,1464.8869239990745
1587,15870317400000,4.0,10.0,4.6496913580246915,4.0,7.0,648,0.0,0.0,0.0,0.0,0.0,0,0.0,0.0,0.0,0.0,0.0,0,1.0,1.0,1.0,1.0,1.0,552,0.9999999999999997,1.0000000000000002,1.0,1.0,1.0000000000000002,552,0.0,0.0,0.0,0.0,0.0,0.0,0.0,0.0,0.0,0.0,0.0,0.0,0.0,1396.0446370001591
1588,15880317600000,4.0,10.0,4.652777777777778,4.0,7.0,648,0.0,0.0,0.0,0.0,0.0,0,0.0,0.0,0.0,0.0,0.0,0,1.0,1.0,1.0,1.0,1.0,552,0.9999999999999996,1.0000000000000002,1.0,1.0,1.0000000000000002,552,0.0,0.0,0.0,0.0,0.0,0.0,0.0,0.0,0.0,0.0,0.0,0.0,0.0,1387.9154209989792
1589,15890317800000,4.0,10.0,4.645061728395062,4.0,7.0,648,0.0,0.0,0.0,0.0,0.0,0,0.0,0.0,0.0,0.0,0.0,0,1.0,1.0,1.0,1.0,1.0,552,0.9999999999999998,1.0000000000000004,1.0,1.0,1.0000000000000002,552,0.0,0.0,0.0,0.0,0.0,0.0,0.0,0.0,0.0,0.0,0.0,0.0,0.0,1333.2787939998525
1590,15900318000000,4.0,10.0,4.646604938271605,4.0,7.0,648,0.0,0.0,0.0,0.0,0.0,0,0.0,0.0,0.0,0.0,0.0,0,1.0,1.0,1.0,1.0,1.0,552,0.9999999999999996,1.0000000000000002,1.0,1.0,1.0000000000000002,552,0.0,0.0,0.0,0.0,0.0,0.0,0.0,0.0,0.0,0.0,0.0,0.0,0.0,1338.5413640007755
1591,15910318200000,4.0,10.0,4.657407407407407,4.0,7.0,648,0.0,0.0,0.0,0.0,0.0,0,0.0,0.0,0.0,0.0,0.0,0,1.0,1.0,1.0,1.0,1.0,552,0.9999999999999998,1.0000000000000004,1.0,1.0,1.0000000000000002,552,0.0,0.0,0.0,0.0,0.0,0.0,0.0,0.0,0.0,0.0,0.0,0.0,0.0,1323.7044449997484
1592,15920318400000,4.0,10.0,4.652777777777778,4.0,7.0,648,0.0,0.0,0.0,0.0,0.0,0,0.0,0.0,0.0,0.0,0.0,0,1.0,1.0,1.0,1.0,1.0,552,0.9999999999999997,1.0000000000000002,1.0,1.0,1.0000000000000002,552,0.0,0.0,0.0,0.0,0.0,0.0,0.0,0.0,0.0,0.0,0.0,0.0,0.0,1401.4764059993468
1593,15930318600000,4.0,9.0,4.6496913580246915,4.0,7.0,648,0.0,0.0,0.0,0.0,0.0,0,0.0,0.0,0.0,0.0,0.0,0,1.0,1.0,1.0,1.0,1.0,552,0.9999999999999997,1.0000000000000002,1.0,1.0,1.0000000000000002,552,0.0,0.0,0.0,0.0,0.0,0.0,0.0,0.0,0.0,0.0,0.0,0.0,0.0,1384.860320998996
1594,15940318800000,4.0,9.0,4.643518518518518,4.0,7.0,648,0.0,0.0,0.0,0.0,0.0,0,0.0,0.0,0.0,0.0,0.0,0,1.0,1.0,1.0,1.0,1.0,552,0.9999999999999996,1.0000000000000004,1.0,1.0,1.0000000000000002,552,0.0,0.0,0.0,0.0,0.0,0.0,0.0,0.0,0.0,0.0,0.0,0.0,0.0,1317.7030080005352
1595,15950319000000,4.0,9.0,4.6496913580246915,4.0,7.0,648,0.0,0.0,0.0,0.0,0.0,0,0.0,0.0,0.0,0.0,0.0,0,1.0,1.0,1.0,1.0,1.0,552,0.9999999999999998,1.0000000000000002,1.0,1.0,1.0000000000000002,552,0.0,0.0,0.0,0.0,0.0,0.0,0.0,0.0,0.0,0.0,0.0,0.0,0.0,1333.6959810003464
1596,15960319200000,4.0,9.0,4.646604938271605,4.0,7.0,648,0.0,0.0,0.0,0.0,0.0,0,0.0,0.0,0.0,0.0,0.0,0,1.0,1.0,1.0,1.0,1.0,552,0.9999999999999998,1.0000000000000004,1.0,1.0,1.0000000000000002,552,0.0,0.0,0.0,0.0,0.0,0.0,0.0,0.0,0.0,0.0,0.0,0.0,0.0,1346.4502940005332
1597,15970319400000,4.0,9.0,4.648148148148148,4.0,7.0,648,0.0,0.0,0.0,0.0,0.0,0,0.0,0.0,0.0,0.0,0.0,0,1.0,1.0,1.0,1.0,1.0,552,0.9999999999999997,1.0000000000000002,1.0,1.0,1.0000000000000002,552,0.0,0.0,0.0,0.0,0.0,0.0,0.0,0.0,0.0,0.0,0.0,0.0,0.0,1372.4561330000142
1598,15980319600000,4.0,9.0,4.655864197530864,4.0,7.0,648,0.0,0.0,0.0,0.0,0.0,0,0.0,0.0,0.0,0.0,0.0,0,1.0,1.0,1.0,1.0,1.0,552,0.9999999999999998,1.0000000000000004,1.0,1.0,1.0000000000000002,552,0.0,0.0,0.0,0.0,0.0,0.0,0.0,0.0,0.0,0.0,0.0,0.0,0.0,1385.964688999593
1599,15990319800000,4.0,9.0,4.654320987654321,4.0,7.0,648,0.0,0.0,0.0,0.0,0.0,0,0.0,0.0,0.0,0.0,0.0,0,1.0,1.0,1.0,1.0,1.0,552,0.9999999999999997,1.0000000000000002,1.0,1.0,1.0000000000000002,552,0.0,0.0,0.0,0.0,0.0,0.0,0.0,0.0,0.0,0.0,0.0,0.0,0.0,1332.4933860003512
1600,16000320000000,4.0,10.0,4.654320987654321,4.0,7.0,648,0.0,0.0,0.0,0.0,0.0,0,0.0,0.0,0.0,0.0,0.0,0,1.0,1.0,1.0,1.0,1.0,552,0.9999999999999998,1.0000000000000002,1.0,1.0,1.0000000000000002,552,0.0,0.0,0.0,0.0,0.0,0.0,0.0,0.0,0.0,0.0,0.0,0.0,0.0,1380.4238949996943
1601,16010320200000,4.0,10.0,4.651234567901234,4.0,7.0,648,0.0,0.0,0.0,0.0,0.0,0,0.0,0.0,0.0,0.0,0.0,0,1.0,1.0,1.0,1.0,1.0,552,0.9999999999999998,1.0000000000000002,1.0,1.0,1.0000000000000002,552,0.0,0.0,0.0,0.0,0.0,0.0,0.0,0.0,0.0,0.0,0.0,0.0,0.0,1376.6481700004078
1602,16020320400000,4.0,10.0,4.635802469135802,4.0,7.0,648,0.0,0.0,0.0,0.0,0.0,0,0.0,0.0,0.0,0.0,0.0,0,1.0,1.0,1.0,1.0,1.0,552,0.9999999999999998,1.0000000000000002,1.0,1.0,1.0000000000000002,552,0.0,0.0,0.0,0.0,0.0,0.0,0.0,0.0,0.0,0.0,0.0,0.0,0.0,1366.2641360006091
1603,16030320600000,4.0,10.0,4.638888888888889,4.0,7.0,648,0.0,0.0,0.0,0.0,0.0,0,0.0,0.0,0.0,0.0,0.0,0,1.0,1.0,1.0,1.0,1.0,552,0.9999999999999998,1.0000000000000004,1.0,1.0,1.0000000000000002,552,0.0,0.0,0.0,0.0,0.0,0.0,0.0,0.0,0.0,0.0,0.0,0.0,0.0,1444.1241019994777
1604,16040320800000,4.0,10.0,4.643518518518518,4.0,7.0,648,0.0,0.0,0.0,0.0,0.0,0,0.0,0.0,0.0,0.0,0.0,0,1.0,1.0,1.0,1.0,1.0,552,0.9999999999999997,1.0000000000000002,1.0,1.0,1.0000000000000002,552,0.0,0.0,0.0,0.0,0.0,0.0,0.0,0.0,0.0,0.0,0.0,0.0,0.0,1329.8042110000097
1605,16050321000000,4.0,10.0,4.654320987654321,4.0,7.0,648,0.0,0.0,0.0,0.0,0.0,0,0.0,0.0,0.0,0.0,0.0,0,1.0,1.0,1.0,1.0,1.0,552,0.9999999999999998,1.0000000000000004,1.0,1.0,1.0000000000000002,552,0.0,0.0,0.0,0.0,0.0,0.0,0.0,0.0,0.0,0.0,0.0,0.0,0.0,1337.5278660005279
1606,16060321200000,4.0,10.0,4.652777777777778,4.0,7.0,648,0.0,0.0,0.0,0.0,0.0,0,0.0,0.0,0.0,0.0,0.0,0,1.0,1.0,1.0,1.0,1.0,552,0.9999999999999998,1.0000000000000004,1.0,1.0,1.0000000000000002,552,0.0,0.0,0.0,0.0,0.0,0.0,0.0,0.0,0.0,0.0,0.0,0.0,0.0,1347.4583749994054
1607,16070321400000,4.0,10.0,4.651234567901234,4.0,7.0,648,0.0,0.0,0.0,0.0,0.0,0,0.0,0.0,0.0,0.0,0.0,0,1.0,1.0,1.0,1.0,1.0,552,0.9999999999999997,1.0000000000000004,1.0,1.0,1.0000000000000002,552,0.0,0.0,0.0,0.0,0.0,0.0,0.0,0.0,0.0,0.0,0.0,0.0,0.0,1358.4932890007622
1608,16080321600000,4.0,10.0,4.654320987654321,4.0,7.0,648,0.0,0.0,0.0,0.0,0.0,0,0.0,0.0,0.0,0.0,0.0,0,1.0,1.0,1.0,1.0,1.0,552,0.9999999999999997,1.0000000000000004,1.0,1.0,1.0000000000000002,552,0.0,0.0,0.0,0.0,0.0,0.0,0.0,0.0,0.0,0.0,0.0,0.0,0.0,1416.261594999014
1609,16090321800000,4.0,10.0,4.655864197530864,4.0,7.0,648,0.0,0.0,0.0,0.0,0.0,0,0.0,0.0,0.0,0.0,0.0,0,1.0,1.0,1.0,1.0,1.0,552,0.9999999999999998,1.0000000000000002,1.0,1.0,1.0,552,0.0,0.0,0.0,0.0,0.0,0.0,0.0,0.0,0.0,0.0,0.0,0.0,0.0,1348.068475999753
1610,16100322000000,4.0,10.0,4.651234567901234,4.0,7.0,648,0.0,0.0,0.0,0.0,0.0,0,0.0,0.0,0.0,0.0,0.0,0,1.0,1.0,1.0,1.0,1.0,552,0.9999999999999996,1.0000000000000002,1.0,1.0,1.0000000000000002,552,0.0,0.0,0.0,0.0,0.0,0.0,0.0,0.0,0.0,0.0,0.0,0.0,0.0,1299.7613350016763
1611,16110322200000,4.0,9.0,4.6496913580246915,4.0,7.0,648,0.0,0.0,0.0,0.0,0.0,0,0.0,0.0,0.0,0.0,0.0,0,1.0,1.0,1.0,1.0,1.0,552,0.9999999999999997,1.0000000000000002,1.0,1.0,1.0000000000000002,552,0.0,0.0,0.0,0.0,0.0,0.0,0.0,0.0,0.0,0.0,0.0,0.0,0.0,1358.375713998612
1612,16120322400000,4.0,9.0,4.651234567901234,4.0,7.0,648,0.0,0.0,0.0,0.0,0.0,0,0.0,0.0,0.0,0.0,0.0,0,1.0,1.0,1.0,1.0,1.0,552,0.9999999999999998,1.0000000000000004,1.0,1.0,1.0000000000000002,552,0.0,0.0,0.0,0.0,0.0,0.0,0.0,0.0,0.0,0.0,0.0,0.0,0.0,1380.9826469987456
1613,16130322600000,4.0,9.0,4.6496913580246915,4.0,7.0,648,0.0,0.0,0.0,0.0,0.0,0,0.0,0.0,0.0,0.0,0.0,0,1.0,1.0,1.0,1.0,1.0,552,0.9999999999999998,1.0000000000000004,1.0,1.0,1.0000000000000002,552,0.0,0.0,0.0,0.0,0.0,0.0,0.0,0.0,0.0,0.0,0.0,0.0,0.0,1370.9800239994365
1614,16140322800000,4.0,9.0,4.648148148148148,4.0,7.0,648,0.0,0.0,0.0,0.0,0.0,0,0.0,0.0,0.0,0.0,0.0,0,1.0,1.0,1.0,1.0,1.0,552,0.9999999999999997,1.0000000000000002,1.0,1.0,1.0000000000000002,552,0.0,0.0,0.0,0.0,0.0,0.0,0.0,0.0,0.0,0.0,0.0,0.0,0.0,1370.0864239999646
1615,16150323000000,4.0,9.0,4.643518518518518,4.0,7.0,648,0.0,0.0,0.0,0.0,0.0,0,0.0,0.0,0.0,0.0,0.0,0,1.0,1.0,1.0,1.0,1.0,552,0.9999999999999997,1.0000000000000002,1.0,1.0,1.0000000000000002,552,0.0,0.0,0.0,0.0,0.0,0.0,0.0,0.0,0.0,0.0,0.0,0.0,0.0,1292.1324180006195
1616,16160323200000,4.0,9.0,4.6419753086419755,4.0,7.0,648,0.0,0.0,0.0,0.0,0.0,0,0.0,0.0,0.0,0.0,0.0,0,1.0,1.0,1.0,1.0,1.0,552,0.9999999999999997,1.0000000000000002,1.0,1.0,1.0000000000000002,552,0.0,0.0,0.0,0.0,0.0,0.0,0.0,0.0,0.0,0.0,0.0,0.0,0.0,1361.6968200003612
1617,16170323400000,4.0,9.0,4.646604938271605,4.0,7.0,648,0.0,0.0,0.0,0.0,0.0,0,0.0,0.0,0.0,0.0,0.0,0,1.0,1.0,1.0,1.0,1.0,552,0.9999999999999998,1.0000000000000002,1.0,1.0,1.0,552,0.0,0.0,0.0,0.0,0.0,0.0,0.0,0.0,0.0,0.0,0.0,0.0,0.0,1347.2582570011582
1618,16180323600000,4.0,9.0,4.651234567901234,4.0,7.0,648,0.0,0.0,0.0,0.0,0.0,0,0.0,0.0,0.0,0.0,0.0,0,1.0,1.0,1.0,1.0,1.0,552,0.9999999999999998,1.0000000000000004,1.0,1.0,1.0000000000000002,552,0.0,0.0,0.0,0.0,0.0,0.0,0.0,0.0,0.0,0.0,0.0,0.0,0.0,1353.4935160005261
1619,16190323800000,4.0,10.0,4.655864197530864,4.0,7.0,648,0.0,0.0,0.0,0.0,0.0,0,0.0,0.0,0.0,0.0,0.0,0,1.0,1.0,1.0,1.0,1.0,552,0.9999999999999996,1.0000000000000004,1.0,1.0,1.0000000000000002,552,0.0,0.0,0.0,0.0,0.0,0.0,0.0,0.0,0.0,0.0,0.0,0.0,0.0,1388.0102519997308
1620,16200324000000,4.0,10.0,4.645061728395062,4.0,7.0,648,0.0,0.0,0.0,0.0,0.0,0,0.0,0.0,0.0,0.0,0.0,0,1.0,1.0,1.0,1.0,1.0,552,0.9999999999999998,1.0000000000000004,1.0,1.0,1.0000000000000002,552,0.0,0.0,0.0,0.0,0.0,0.0,0.0,0.0,0.0,0.0,0.0,0.0,0.0,1362.5409139986004
1621,16210324200000,4.0,10.0,4.643518518518518,4.0,7.0,648,0.0,0.0,0.0,0.0,0.0,0,0.0,0.0,0.0,0.0,0.0,0,1.0,1.0,1.0,1.0,1.0,552,0.9999999999999997,1.0000000000000002,1.0,1.0,1.0000000000000002,552,0.0,0.0,0.0,0.0,0.0,0.0,0.0,0.0,0.0,0.0,0.0,0.0,0.0,1317.9448440005217
1622,16220324400000,4.0,10.0,4.643518518518518,4.0,7.0,648,0.0,0.0,0.0,0.0,0.0,0,0.0,0.0,0.0,0.0,0.0,0,1.0,1.0,1.0,1.0,1.0,552,0.9999999999999997,1.0000000000000002,1.0,1.0,1.0000000000000002,552,0.0,0.0,0.0,0.0,0.0,0.0,0.0,0.0,0.0,0.0,0.0,0.0,0.0,1325.3423509995628
1623,16230324600000,4.0,10.0,4.651234567901234,4.0,7.0,648,0.0,0.0,0.0,0.0,0.0,0,0.0,0.0,0.0,0.0,0.0,0,1.0,1.0,1.0,1.0,1.0,552,0.9999999999999997,1.0000000000000002,1.0,1.0,1.0000000000000002,552,0.0,0.0,0.0,0.0,0.0,0.0,0.0,0.0,0.0,0.0,0.0,0.0,0.0,1353.0308139997942
1624,16240324800000,4.0,10.0,4.655864197530864,4.0,7.0,648,0.0,0.0,0.0,0.0,0.0,0,0.0,0.0,0.0,0.0,0.0,0,1.0,1.0,1.0,1.0,1.0,552,0.9999999999999996,1.0000000000000002,1.0,1.0,1.0000000000000002,552,0.0,0.0,0.0,0.0,0.0,0.0,0.0,0.0,0.0,0.0,0.0,0.0,0.0,1442.4922240013984
1625,16250325000000,4.0,10.0,4.654320987654321,4.0,7.0,648,0.0,0.0,0.0,0.0,0.0,0,0.0,0.0,0.0,0.0,0.0,0,1.0,1.0,1.0,1.0,1.0,552,0.9999999999999998,1.0000000000000002,1.0,1.0,1.0000000000000002,552,0.0,0.0,0.0,0.0,0.0,0.0,0.0,0.0,0.0,0.0,0.0,0.0,0.0,1409.266734000994
1626,16260325200000,4.0,10.0,4.651234567901234,4.0,7.0,648,0.0,0.0,0.0,0.0,0.0,0,0.0,0.0,0.0,0.0,0.0,0,1.0,1.0,1.0,1.0,1.0,552,0.9999999999999998,1.0000000000000002,1.0,1.0,1.0000000000000002,552,0.0,0.0,0.0,0.0,0.0,0.0,0.0,0.0,0.0,0.0,0.0,0.0,0.0,1314.6885859987378
1627,16270325400000,4.0,10.0,4.6496913580246915,4.0,7.0,648,0.0,0.0,0.0,0.0,0.0,0,0.0,0.0,0.0,0.0,0.0,0,1.0,1.0,1.0,1.0,1.0,552,0.9999999999999997,1.0000000000000002,1.0,1.0,1.0000000000000002,552,0.0,0.0,0.0,0.0,0.0,0.0,0.0,0.0,0.0,0.0,0.0,0.0,0.0,1320.6141219998244
1628,16280325600000,4.0,9.0,4.648148148148148,4.0,7.0,648,0.0,0.0,0.0,0.0,0.0,0,0.0,0.0,0.0,0.0,0.0,0,1.0,1.0,1.0,1.0,1.0,552,0.9999999999999998,1.0000000000000002,1.0,1.0,1.0000000000000002,552,0.0,0.0,0.0,0.0,0.0,0.0,0.0,0.0,0.0,0.0,0.0,0.0,0.0,1367.1920180004236
1629,16290325800000,4.0,9.0,4.654320987654321,4.0,7.0,648,0.0,0.0,0.0,0.0,0.0,0,0.0,0.0,0.0,0.0,0.0,0,1.0,1.0,1.0,1.0,1.0,552,0.9999999999999998,1.0000000000000002,1.0,1.0,1.0000000000000002,552,0.0,0.0,0.0,0.0,0.0,0.0,0.0,0.0,0.0,0.0,0.0,0.0,0.0,1380.3811930010852
1630,16300326000000,4.0,9.0,4.660493827160494,4.0,7.0,648,0.0,0.0,0.0,0.0,0.0,0,0.0,0.0,0.0,0.0,0.0,0,1.0,1.0,1.0,1.0,1.0,552,0.9999999999999996,1.0000000000000002,1.0,1.0,1.0000000000000002,552,0.0,0.0,0.0,0.0,0.0,0.0,0.0,0.0,0.0,0.0,0.0,0.0,0.0,1373.5585379999975
1631,16310326200000,4.0,9.0,4.660493827160494,4.0,7.0,648,0.0,0.0,0.0,0.0,0.0,0,0.0,0.0,0.0,0.0,0.0,0,1.0,1.0,1.0,1.0,1.0,552,0.9999999999999997,1.0000000000000004,1.0,1.0,1.0000000000000002,552,0.0,0.0,0.0,0.0,0.0,0.0,0.0,0.0,0.0,0.0,0.0,0.0,0.0,1330.7805199983704
1632,16320326400000,4.0,9.0,4.6496913580246915,4.0,7.0,648,0.0,0.0,0.0,0.0,0.0,0,0.0,0.0,0.0,0.0,0.0,0,1.0,1.0,1.0,1.0,1.0,552,0.9999999999999997,1.0000000000000002,1.0,1.0,1.0000000000000002,552,0.0,0.0,0.0,0.0,0.0,0.0,0.0,0.0,0.0,0.0,0.0,0.0,0.0,1353.023015000872
1633,16330326600000,4.0,9.0,4.651234567901234,4.0,7.0,648,0.0,0.0,0.0,0.0,0.0,0,0.0,0.0,0.0,0.0,0.0,0,1.0,1.0,1.0,1.0,1.0,552,0.9999999999999996,1.0000000000000002,1.0,1.0,1.0000000000000002,552,0.0,0.0,0.0,0.0,0.0,0.0,0.0,0.0,0.0,0.0,0.0,0.0,0.0,1354.494352999609
1634,16340326800000,4.0,9.0,4.645061728395062,4.0,7.0,648,0.0,0.0,0.0,0.0,0.0,0,0.0,0.0,0.0,0.0,0.0,0,1.0,1.0,1.0,1.0,1.0,552,0.9999999999999998,1.0000000000000002,1.0,1.0,1.0000000000000002,552,0.0,0.0,0.0,0.0,0.0,0.0,0.0,0.0,0.0,0.0,0.0,0.0,0.0,1332.732484999724
1635,16350327000000,4.0,9.0,4.646604938271605,4.0,7.0,648,0.0,0.0,0.0,0.0,0.0,0,0.0,0.0,0.0,0.0,0.0,0,1.0,1.0,1.0,1.0,1.0,552,0.9999999999999997,1.0000000000000004,1.0,1.0,1.0000000000000002,552,0.0,0.0,0.0,0.0,0.0,0.0,0.0,0.0,0.0,0.0,0.0,0.0,0.0,1386.6165039999032
1636,16360327200000,4.0,9.0,4.643518518518518,4.0,7.0,648,0.0,0.0,0.0,0.0,0.0,0,0.0,0.0,0.0,0.0,0.0,0,1.0,1.0,1.0,1.0,1.0,552,0.9999999999999997,1.0000000000000004,1.0,1.0,1.0000000000000002,552,0.0,0.0,0.0,0.0,0.0,0.0,0.0,0.0,0.0,0.0,0.0,0.0,0.0,1382.6924879995204
1637,16370327400000,4.0,9.0,4.645061728395062,4.0,7.0,648,0.0,0.0,0.0,0.0,0.0,0,0.0,0.0,0.0,0.0,0.0,0,1.0,1.0,1.0,1.0,1.0,552,0.9999999999999996,1.0000000000000002,1.0,1.0,1.0000000000000002,552,0.0,0.0,0.0,0.0,0.0,0.0,0.0,0.0,0.0,0.0,0.0,0.0,0.0,1326.0185479994107
1638,16380327600000,4.0,9.0,4.651234567901234,4.0,7.0,648,0.0,0.0,0.0,0.0,0.0,0,0.0,0.0,0.0,0.0,0.0,0,1.0,1.0,1.0,1.0,1.0,552,0.9999999999999997,1.0000000000000002,1.0,1.0,1.0000000000000002,552,0.0,0.0,0.0,0.0,0.0,0.0,0.0,0.0,0.0,0.0,0.0,0.0,0.0,1338.2718180000666
1639,16390327800000,4.0,10.0,4.651234567901234,4.0,7.0,648,0.0,0.0,0.0,0.0,0.0,0,0.0,0.0,0.0,0.0,0.0,0,1.0,1.0,1.0,1.0,1.0,552,0.9999999999999997,1.0000000000000002,1.0,1.0,1.0000000000000002,552,0.0,0.0,0.0,0.0,0.0,0.0,0.0,0.0,0.0,0.0,0.0,0.0,0.0,1362.6692660000117
1640,16400328000000,4.0,10.0,4.645061728395062,4.0,7.0,648,0.0,0.0,0.0,0.0,0.0,0,0.0,0.0,0.0,0.0,0.0,0,1.0,1.0,1.0,1.0,1.0,552,0.9999999999999997,1.0000000000000002,1.0,1.0,1.0000000000000002,552,0.0,0.0,0.0,0.0,0.0,0.0,0.0,0.0,0.0,0.0,0.0,0.0,0.0,1407.4669159999758
1641,16410328200000,4.0,10.0,4.648148148148148,4.0,7.0,648,0.0,0.0,0.0,0.0,0.0,0,0.0,0.0,0.0,0.0,0.0,0,1.0,1.0,1.0,1.0,1.0,552,0.9999999999999998,1.0000000000000002,1.0,1.0,1.0,552,0.0,0.0,0.0,0.0,0.0,0.0,0.0,0.0,0.0,0.0,0.0,0.0,0.0,1412.6622849998967
1642,16420328400000,4.0,10.0,4.652777777777778,4.0,7.0,648,0.0,0.0,0.0,0.0,0.0,0,0.0,0.0,0.0,0.0,0.0,0,1.0,1.0,1.0,1.0,1.0,552,0.9999999999999997,1.0000000000000002,1.0,1.0,1.0000000000000002,552,0.0,0.0,0.0,0.0,0.0,0.0,0.0,0.0,0.0,0.0,0.0,0.0,0.0,1316.465113999584
1643,16430328600000,4.0,10.0,4.655864197530864,4.0,7.0,648,0.0,0.0,0.0,0.0,0.0,0,0.0,0.0,0.0,0.0,0.0,0,1.0,1.0,1.0,1.0,1.0,552,0.9999999999999998,1.0000000000000004,1.0,1.0,1.0000000000000002,552,0.0,0.0,0.0,0.0,0.0,0.0,0.0,0.0,0.0,0.0,0.0,0.0,0.0,1339.4494080002914
1644,16440328800000,4.0,10.0,4.651234567901234,4.0,7.0,648,0.0,0.0,0.0,0.0,0.0,0,0.0,0.0,0.0,0.0,0.0,0,1.0,1.0,1.0,1.0,1.0,552,0.9999999999999996,1.0000000000000002,1.0,1.0,1.0000000000000002,552,0.0,0.0,0.0,0.0,0.0,0.0,0.0,0.0,0.0,0.0,0.0,0.0,0.0,1369.4193430001178
1645,16450329000000,4.0,10.0,4.651234567901234,4.0,7.0,648,0.0,0.0,0.0,0.0,0.0,0,0.0,0.0,0.0,0.0,0.0,0,1.0,1.0,1.0,1.0,1.0,552,0.9999999999999998,1.0000000000000002,1.0,1.0,1.0000000000000002,552,0.0,0.0,0.0,0.0,0.0,0.0,0.0,0.0,0.0,0.0,0.0,0.0,0.0,1406.6546329995617
1646,16460329200000,4.0,9.0,4.648148148148148,4.0,7.0,648,0.0,0.0,0.0,0.0,0.0,0,0.0,0.0,0.0,0.0,0.0,0,1.0,1.0,1.0,1.0,1.0,552,0.9999999999999997,1.0000000000000004,1.0,1.0,1.0000000000000002,552,0.0,0.0,0.0,0.0,0.0,0.0,0.0,0.0,0.0,0.0,0.0,0.0,0.0,1366.4185110010294
1647,16470329400000,4.0,9.0,4.648148148148148,4.0,7.0,648,0.0,0.0,0.0,0.0,0.0,0,0.0,0.0,0.0,0.0,0.0,0,1.0,1.0,1.0,1.0,1.0,552,0.9999999999999998,1.0000000000000002,1.0,1.0,1.0,552,0.0,0.0,0.0,0.0,0.0,0.0,0.0,0.0,0.0,0.0,0.0,0.0,0.0,1306.4836350004043
1648,16480329600000,4.0,9.0,4.658950617283951,4.0,7.0,648,0.0,0.0,0.0,0.0,0.0,0,0.0,0.0,0.0,0.0,0.0,0,1.0,1.0,1.0,1.0,1.0,552,0.9999999999999998,1.0000000000000004,1.0,1.0,1.0000000000000002,552,0.0,0.0,0.0,0.0,0.0,0.0,0.0,0.0,0.0,0.0,0.0,0.0,0.0,1357.2198640013085
1649,16490329800000,4.0,9.0,4.658950617283951,4.0,7.0,648,0.0,0.0,0.0,0.0,0.0,0,0.0,0.0,0.0,0.0,0.0,0,1.0,1.0,1.0,1.0,1.0,552,0.9999999999999997,1.0000000000000002,1.0,1.0,1.0,552,0.0,0.0,0.0,0.0,0.0,0.0,0.0,0.0,0.0,0.0,0.0,0.0,0.0,1362.9706499996246
1650,16500330000000,4.0,9.0,4.648148148148148,4.0,7.0,648,0.0,0.0,0.0,0.0,0.0,0,0.0,0.0,0.0,0.0,0.0,0,1.0,1.0,1.0,1.0,1.0,552,0.9999999999999997,1.0000000000000002,1.0,1.0,1.0000000000000002,552,0.0,0.0,0.0,0.0,0.0,0.0,0.0,0.0,0.0,0.0,0.0,0.0,0.0,1358.603802998914
1651,16510330200000,4.0,9.0,4.6496913580246915,4.0,7.0,648,0.0,0.0,0.0,0.0,0.0,0,0.0,0.0,0.0,0.0,0.0,0,1.0,1.0,1.0,1.0,1.0,552,0.9999999999999997,1.0000000000000002,1.0,1.0,1.0000000000000002,552,0.0,0.0,0.0,0.0,0.0,0.0,0.0,0.0,0.0,0.0,0.0,0.0,0.0,1389.1420349991677
1652,16520330400000,4.0,9.0,4.646604938271605,4.0,7.0,648,0.0,0.0,0.0,0.0,0.0,0,0.0,0.0,0.0,0.0,0.0,0,1.0,1.0,1.0,1.0,1.0,552,0.9999999999999997,1.0000000000000002,1.0,1.0,1.0000000000000002,552,0.0,0.0,0.0,0.0,0.0,0.0,0.0,0.0,0.0,0.0,0.0,0.0,0.0,1350.9453999995458
1653,16530330600000,4.0,9.0,4.6419753086419755,4.0,7.0,648,0.0,0.0,0.0,0.0,0.0,0,0.0,0.0,0.0,0.0,0.0,0,1.0,1.0,1.0,1.0,1.0,552,0.9999999999999998,1.0000000000000002,1.0,1.0,1.0000000000000002,552,0.0,0.0,0.0,0.0,0.0,0.0,0.0,0.0,0.0,0.0,0.0,0.0,0.0,1307.8355019988521
1654,16540330800000,4.0,9.0,4.651234567901234,4.0,7.0,648,0.0,0.0,0.0,0.0,0.0,0,0.0,0.0,0.0,0.0,0.0,0,1.0,1.0,1.0,1.0,1.0,552,0.9999999999999998,1.0000000000000002,1.0,1.0,1.0000000000000002,552,0.0,0.0,0.0,0.0,0.0,0.0,0.0,0.0,0.0,0.0,0.0,0.0,0.0,1345.6901410008868
1655,16550331000000,4.0,9.0,4.652777777777778,4.0,7.0,648,0.0,0.0,0.0,0.0,0.0,0,0.0,0.0,0.0,0.0,0.0,0,1.0,1.0,1.0,1.0,1.0,552,0.9999999999999998,1.0000000000000002,1.0,1.0,1.0000000000000002,552,0.0,0.0,0.0,0.0,0.0,0.0,0.0,0.0,0.0,0.0,0.0,0.0,0.0,1367.7334759995574
1656,16560331200000,4.0,9.0,4.652777777777778,4.0,7.0,648,0.0,0.0,0.0,0.0,0.0,0,0.0,0.0,0.0,0.0,0.0,0,1.0,1.0,1.0,1.0,1.0,552,0.9999999999999997,1.0000000000000002,1.0,1.0,1.0000000000000002,552,0.0,0.0,0.0,0.0,0.0,0.0,0.0,0.0,0.0,0.0,0.0,0.0,0.0,1432.6367520006897
1657,16570331400000,4.0,9.0,4.646604938271605,4.0,7.0,648,0.0,0.0,0.0,0.0,0.0,0,0.0,0.0,0.0,0.0,0.0,0,1.0,1.0,1.0,1.0,1.0,552,0.9999999999999998,1.0000000000000002,1.0,1.0,1.0000000000000002,552,0.0,0.0,0.0,0.0,0.0,0.0,0.0,0.0,0.0,0.0,0.0,0.0,0.0,1385.049970000182
1658,16580331600000,4.0,10.0,4.655864197530864,4.0,7.0,648,0.0,0.0,0.0,0.0,0.0,0,0.0,0.0,0.0,0.0,0.0,0,1.0,1.0,1.0,1.0,1.0,552,0.9999999999999997,1.0000000000000004,1.0,1.0,1.0000000000000002,552,0.0,0.0,0.0,0.0,0.0,0.0,0.0,0.0,0.0,0.0,0.0,0.0,0.0,1317.1653310000693
1659,16590331800000,4.0,10.0,4.652777777777778,4.0,7.0,648,0.0,0.0,0.0,0.0,0.0,0,0.0,0.0,0.0,0.0,0.0,0,1.0,1.0,1.0,1.0,1.0,552,0.9999999999999997,1.0000000000000002,1.0,1.0,1.0000000000000002,552,0.0,0.0,0.0,0.0,0.0,0.0,0.0,0.0,0.0,0.0,0.0,0.0,0.0,1347.3580530007894
1660,16600332000000,4.0,10.0,4.645061728395062,4.0,7.0,648,0.0,0.0,0.0,0.0,0.0,0,0.0,0.0,0.0,0.0,0.0,0,1.0,1.0,1.0,1.0,1.0,552,0.9999999999999997,1.0000000000000002,1.0,1.0,1.0000000000000002,552,0.0,0.0,0.0,0.0,0.0,0.0,0.0,0.0,0.0,0.0,0.0,0.0,0.0,1397.4375480011076
1661,16610332200000,4.0,10.0,4.643518518518518,4.0,7.0,648,0.0,0.0,0.0,0.0,0.0,0,0.0,0.0,0.0,0.0,0.0,0,1.0,1.0,1.0,1.0,1.0,552,0.9999999999999997,1.0000000000000004,1.0,1.0,1.0000000000000002,552,0.0,0.0,0.0,0.0,0.0,0.0,0.0,0.0,0.0,0.0,0.0,0.0,0.0,1375.030807001167
1662,16620332400000,4.0,10.0,4.646604938271605,4.0,7.0,648,0.0,0.0,0.0,0.0,0.0,0,0.0,0.0,0.0,0.0,0.0,0,1.0,1.0,1.0,1.0,1.0,552,0.9999999999999997,1.0000000000000004,1.0,1.0,1.0000000000000002,552,0.0,0.0,0.0,0.0,0.0,0.0,0.0,0.0,0.0,0.0,0.0,0.0,0.0,1364.7363540003425
1663,16630332600000,4.0,9.0,4.6496913580246915,4.0,7.0,648,0.0,0.0,0.0,0.0,0.0,0,0.0,0.0,0.0,0.0,0.0,0,1.0,1.0,1.0,1.0,1.0,552,0.9999999999999997,1.0000000000000004,1.0,1.0,1.0000000000000002,552,0.0,0.0,0.0,0.0,0.0,0.0,0.0,0.0,0.0,0.0,0.0,0.0,0.0,1408.420527999624
1664,16640332800000,4.0,9.0,4.6419753086419755,4.0,7.0,648,0.0,0.0,0.0,0.0,0.0,0,0.0,0.0,0.0,0.0,0.0,0,1.0,1.0,1.0,1.0,1.0,552,0.9999999999999997,1.0000000000000004,1.0,1.0,1.0000000000000002,552,0.0,0.0,0.0,0.0,0.0,0.0,0.0,0.0,0.0,0.0,0.0,0.0,0.0,1325.8691179999005
1665,16650333000000,4.0,9.0,4.6419753086419755,4.0,7.0,648,0.0,0.0,0.0,0.0,0.0,0,0.0,0.0,0.0,0.0,0.0,0,1.0,1.0,1.0,1.0,1.0,552,0.9999999999999998,1.0000000000000002,1.0,1.0,1.0000000000000002,552,0.0,0.0,0.0,0.0,0.0,0.0,0.0,0.0,0.0,0.0,0.0,0.0,0.0,1349.049295999066
1666,16660333200000,4.0,9.0,4.645061728395062,4.0,7.0,648,0.0,0.0,0.0,0.0,0.0,0,0.0,0.0,0.0,0.0,0.0,0,1.0,1.0,1.0,1.0,1.0,552,0.9999999999999997,1.0000000000000002,1.0,1.0,1.0000000000000002,552,0.0,0.0,0.0,0.0,0.0,0.0,0.0,0.0,0.0,0.0,0.0,0.0,0.0,1351.7495500000223
1667,16670333400000,4.0,9.0,4.658950617283951,4.0,7.0,648,0.0,0.0,0.0,0.0,0.0,0,0.0,0.0,0.0,0.0,0.0,0,1.0,1.0,1.0,1.0,1.0,552,0.9999999999999997,1.0000000000000002,1.0,1.0,1.0000000000000002,552,0.0,0.0,0.0,0.0,0.0,0.0,0.0,0.0,0.0,0.0,0.0,0.0,0.0,1391.99155300048
1668,16680333600000,4.0,9.0,4.652777777777778,4.0,7.0,648,0.0,0.0,0.0,0.0,0.0,0,0.0,0.0,0.0,0.0,0.0,0,1.0,1.0,1.0,1.0,1.0,552,0.9999999999999997,1.0000000000000004,1.0,1.0,1.0000000000000002,552,0.0,0.0,0.0,0.0,0.0,0.0,0.0,0.0,0.0,0.0,0.0,0.0,0.0,1386.5703669998766
1669,16690333800000,4.0,9.0,4.6496913580246915,4.0,7.0,648,0.0,0.0,0.0,0.0,0.0,0,0.0,0.0,0.0,0.0,0.0,0,1.0,1.0,1.0,1.0,1.0,552,0.9999999999999998,1.0000000000000002,1.0,1.0,1.0000000000000002,552,0.0,0.0,0.0,0.0,0.0,0.0,0.0,0.0,0.0,0.0,0.0,0.0,0.0,1321.024070999556
1670,16700334000000,4.0,9.0,4.648148148148148,4.0,7.0,648,0.0,0.0,0.0,0.0,0.0,0,0.0,0.0,0.0,0.0,0.0,0,1.0,1.0,1.0,1.0,1.0,552,0.9999999999999997,1.0000000000000002,1.0,1.0,1.0,552,0.0,0.0,0.0,0.0,0.0,0.0,0.0,0.0,0.0,0.0,0.0,0.0,0.0,1332.3604020006314
1671,16710334200000,4.0,9.0,4.648148148148148,4.0,7.0,648,0.0,0.0,0.0,0.0,0.0,0,0.0,0.0,0.0,0.0,0.0,0,1.0,1.0,1.0,1.0,1.0,552,0.9999999999999997,1.0000000000000002,1.0,1.0,1.0000000000000002,552,0.0,0.0,0.0,0.0,0.0,0.0,0.0,0.0,0.0,0.0,0.0,0.0,0.0,1362.0271990002948
1672,16720334400000,4.0,9.0,4.652777777777778,4.0,7.0,648,0.0,0.0,0.0,0.0,0.0,0,0.0,0.0,0.0,0.0,0.0,0,1.0,1.0,1.0,1.0,1.0,552,0.9999999999999996,1.0000000000000004,1.0,1.0,1.0000000000000002,552,0.0,0.0,0.0,0.0,0.0,0.0,0.0,0.0,0.0,0.0,0.0,0.0,0.0,1417.591237999659
1673,16730334600000,4.0,9.0,4.657407407407407,4.0,7.0,648,0.0,0.0,0.0,0.0,0.0,0,0.0,0.0,0.0,0.0,0.0,0,1.0,1.0,1.0,1.0,1.0,552,0.9999999999999997,1.0000000000000002,1.0,1.0,1.0000000000000002,552,0.0,0.0,0.0,0.0,0.0,0.0,0.0,0.0,0.0,0.0,0.0,0.0,0.0,1410.7640599995648
1674,16740334800000,4.0,9.0,4.655864197530864,4.0,7.0,648,0.0,0.0,0.0,0.0,0.0,0,0.0,0.0,0.0,0.0,0.0,0,1.0,1.0,1.0,1.0,1.0,552,0.9999999999999996,1.0000000000000004,1.0,1.0,1.0000000000000002,552,0.0,0.0,0.0,0.0,0.0,0.0,0.0,0.0,0.0,0.0,0.0,0.0,0.0,1344.4069340002898
1675,16750335000000,4.0,9.0,4.652777777777778,4.0,7.0,648,0.0,0.0,0.0,0.0,0.0,0,0.0,0.0,0.0,0.0,0.0,0,1.0,1.0,1.0,1.0,1.0,552,0.9999999999999997,1.0000000000000002,1.0,1.0,1.0000000000000002,552,0.0,0.0,0.0,0.0,0.0,0.0,0.0,0.0,0.0,0.0,0.0,0.0,0.0,1337.4696750015573
1676,16760335200000,4.0,9.0,4.652777777777778,4.0,7.0,648,0.0,0.0,0.0,0.0,0.0,0,0.0,0.0,0.0,0.0,0.0,0,1.0,1.0,1.0,1.0,1.0,552,0.9999999999999997,1.0000000000000004,1.0,1.0,1.0000000000000002,552,0.0,0.0,0.0,0.0,0.0,0.0,0.0,0.0,0.0,0.0,0.0,0.0,0.0,1393.8103729997238
1677,16770335400000,4.0,10.0,4.654320987654321,4.0,7.0,648,0.0,0.0,0.0,0.0,0.0,0,0.0,0.0,0.0,0.0,0.0,0,1.0,1.0,1.0,1.0,1.0,552,0.9999999999999997,1.0000000000000002,1.0,1.0,1.0000000000000002,552,0.0,0.0,0.0,0.0,0.0,0.0,0.0,0.0,0.0,0.0,0.0,0.0,0.0,1352.7123099993332
1678,16780335600000,4.0,10.0,4.652777777777778,4.0,7.0,648,0.0,0.0,0.0,0.0,0.0,0,0.0,0.0,0.0,0.0,0.0,0,1.0,1.0,1.0,1.0,1.0,552,0.9999999999999998,1.0000000000000004,1.0,1.0,1.0000000000000002,552,0.0,0.0,0.0,0.0,0.0,0.0,0.0,0.0,0.0,0.0,0.0,0.0,0.0,1385.3772200000094
1679,16790335800000,4.0,10.0,4.638888888888889,4.0,7.0,648,0.0,0.0,0.0,0.0,0.0,0,0.0,0.0,0.0,0.0,0.0,0,1.0,1.0,1.0,1.0,1.0,552,0.9999999999999998,1.0000000000000002,1.0,1.0,1.0000000000000002,552,0.0,0.0,0.0,0.0,0.0,0.0,0.0,0.0,0.0,0.0,0.0,0.0,0.0,1351.2441460006812
1680,16800336000000,4.0,9.0,4.635802469135802,4.0,7.0,648,0.0,0.0,0.0,0.0,0.0,0,0.0,0.0,0.0,0.0,0.0,0,1.0,1.0,1.0,1.0,1.0,552,0.9999999999999997,1.0000000000000002,1.0,1.0,1.0000000000000002,552,0.0,0.0,0.0,0.0,0.0,0.0,0.0,0.0,0.0,0.0,0.0,0.0,0.0,1328.7454999990587
1681,16810336200000,4.0,9.0,4.637345679012346,4.0,7.0,648,0.0,0.0,0.0,0.0,0.0,0,0.0,0.0,0.0,0.0,0.0,0,1.0,1.0,1.0,1.0,1.0,552,0.9999999999999997,1.0000000000000002,1.0,1.0,1.0000000000000002,552,0.0,0.0,0.0,0.0,0.0,0.0,0.0,0.0,0.0,0.0,0.0,0.0,0.0,1344.2331189999095
1682,16820336400000,4.0,9.0,4.635802469135802,4.0,7.0,648,0.0,0.0,0.0,0.0,0.0,0,0.0,0.0,0.0,0.0,0.0,0,1.0,1.0,1.0,1.0,1.0,552,0.9999999999999998,1.0000000000000002,1.0,1.0,1.0,552,0.0,0.0,0.0,0.0,0.0,0.0,0.0,0.0,0.0,0.0,0.0,0.0,0.0,1338.9431579998927
1683,16830336600000,4.0,9.0,4.6419753086419755,4.0,7.0,648,0.0,0.0,0.0,0.0,0.0,0,0.0,0.0,0.0,0.0,0.0,0,1.0,1.0,1.0,1.0,1.0,552,0.9999999999999997,1.0000000000000002,1.0,1.0,1.0000000000000002,552,0.0,0.0,0.0,0.0,0.0,0.0,0.0,0.0,0.0,0.0,0.0,0.0,0.0,1384.2311970001901
1684,16840336800000,4.0,9.0,4.646604938271605,4.0,7.0,648,0.0,0.0,0.0,0.0,0.0,0,0.0,0.0,0.0,0.0,0.0,0,1.0,1.0,1.0,1.0,1.0,552,0.9999999999999998,1.0000000000000002,1.0,1.0,1.0000000000000002,552,0.0,0.0,0.0,0.0,0.0,0.0,0.0,0.0,0.0,0.0,0.0,0.0,0.0,1395.9674609996
1685,16850337000000,4.0,9.0,4.646604938271605,4.0,7.0,648,0.0,0.0,0.0,0.0,0.0,0,0.0,0.0,0.0,0.0,0.0,0,1.0,1.0,1.0,1.0,1.0,552,0.9999999999999996,1.0000000000000004,1.0,1.0,1.0000000000000002,552,0.0,0.0,0.0,0.0,0.0,0.0,0.0,0.0,0.0,0.0,0.0,0.0,0.0,1319.708859999082
1686,16860337200000,4.0,9.0,4.645061728395062,4.0,7.0,648,0.0,0.0,0.0,0.0,0.0,0,0.0,0.0,0.0,0.0,0.0,0,1.0,1.0,1.0,1.0,1.0,552,0.9999999999999997,1.0000000000000004,1.0,1.0,1.0000000000000002,552,0.0,0.0,0.0,0.0,0.0,0.0,0.0,0.0,0.0,0.0,0.0,0.0,0.0,1318.1325320001633
1687,16870337400000,4.0,9.0,4.654320987654321,4.0,7.0,648,0.0,0.0,0.0,0.0,0.0,0,0.0,0.0,0.0,0.0,0.0,0,1.0,1.0,1.0,1.0,1.0,552,0.9999999999999998,1.0000000000000002,1.0,1.0,1.0000000000000002,552,0.0,0.0,0.0,0.0,0.0,0.0,0.0,0.0,0.0,0.0,0.0,0.0,0.0,1366.780746000586
1688,16880337600000,4.0,9.0,4.6496913580246915,4.0,7.0,648,0.0,0.0,0.0,0.0,0.0,0,0.0,0.0,0.0,0.0,0.0,0,1.0,1.0,1.0,1.0,1.0,552,0.9999999999999997,1.0000000000000002,1.0,1.0,1.0000000000000002,552,0.0,0.0,0.0,0.0,0.0,0.0,0.0,0.0,0.0,0.0,0.0,0.0,0.0,1380.4080330010038
1689,16890337800000,4.0,9.0,4.646604938271605,4.0,6.649999999999977,648,0.0,0.0,0.0,0.0,0.0,0,0.0,0.0,0.0,0.0,0.0,0,1.0,1.0,1.0,1.0,1.0,552,0.9999999999999997,1.0000000000000002,1.0,1.0,1.0000000000000002,552,0.0,0.0,0.0,0.0,0.0,0.0,0.0,0.0,0.0,0.0,0.0,0.0,0.0,1385.6926030002796
1690,16900338000000,4.0,9.0,4.645061728395062,4.0,7.0,648,0.0,0.0,0.0,0.0,0.0,0,0.0,0.0,0.0,0.0,0.0,0,1.0,1.0,1.0,1.0,1.0,552,0.9999999999999997,1.0000000000000002,1.0,1.0,1.0000000000000002,552,0.0,0.0,0.0,0.0,0.0,0.0,0.0,0.0,0.0,0.0,0.0,0.0,0.0,1358.9223939998192
1691,16910338200000,4.0,9.0,4.6496913580246915,4.0,7.0,648,0.0,0.0,0.0,0.0,0.0,0,0.0,0.0,0.0,0.0,0.0,0,1.0,1.0,1.0,1.0,1.0,552,0.9999999999999997,1.0000000000000002,1.0,1.0,1.0000000000000002,552,0.0,0.0,0.0,0.0,0.0,0.0,0.0,0.0,0.0,0.0,0.0,0.0,0.0,1354.239870001038
1692,16920338400000,4.0,9.0,4.657407407407407,4.0,7.0,648,0.0,0.0,0.0,0.0,0.0,0,0.0,0.0,0.0,0.0,0.0,0,1.0,1.0,1.0,1.0,1.0,552,0.9999999999999998,1.0000000000000002,1.0,1.0,1.0000000000000002,552,0.0,0.0,0.0,0.0,0.0,0.0,0.0,0.0,0.0,0.0,0.0,0.0,0.0,1398.8572559992463
1693,16930338600000,4.0,9.0,4.652777777777778,4.0,7.0,648,0.0,0.0,0.0,0.0,0.0,0,0.0,0.0,0.0,0.0,0.0,0,1.0,1.0,1.0,1.0,1.0,552,0.9999999999999998,1.0000000000000002,1.0,1.0,1.0000000000000002,552,0.0,0.0,0.0,0.0,0.0,0.0,0.0,0.0,0.0,0.0,0.0,0.0,0.0,1415.7523489993764
1694,16940338800000,4.0,9.0,4.654320987654321,4.0,7.0,648,0.0,0.0,0.0,0.0,0.0,0,0.0,0.0,0.0,0.0,0.0,0,1.0,1.0,1.0,1.0,1.0,552,0.9999999999999998,1.0000000000000002,1.0,1.0,1.0000000000000002,552,0.0,0.0,0.0,0.0,0.0,0.0,0.0,0.0,0.0,0.0,0.0,0.0,0.0,1396.119497001564
1695,16950339000000,4.0,9.0,4.651234567901234,4.0,7.0,648,0.0,0.0,0.0,0.0,0.0,0,0.0,0.0,0.0,0.0,0.0,0,1.0,1.0,1.0,1.0,1.0,552,0.9999999999999997,1.0000000000000002,1.0,1.0,1.0000000000000002,552,0.0,0.0,0.0,0.0,0.0,0.0,0.0,0.0,0.0,0.0,0.0,0.0,0.0,1400.0760840008297
1696,16960339200000,4.0,9.0,4.648148148148148,4.0,7.0,648,0.0,0.0,0.0,0.0,0.0,0,0.0,0.0,0.0,0.0,0.0,0,1.0,1.0,1.0,1.0,1.0,552,0.9999999999999997,1.0000000000000002,1.0,1.0,1.0,552,0.0,0.0,0.0,0.0,0.0,0.0,0.0,0.0,0.0,0.0,0.0,0.0,0.0,1379.4558820009115
1697,16970339400000,4.0,9.0,4.638888888888889,4.0,7.0,648,0.0,0.0,0.0,0.0,0.0,0,0.0,0.0,0.0,0.0,0.0,0,1.0,1.0,1.0,1.0,1.0,552,0.9999999999999998,1.0000000000000002,1.0,1.0,1.0000000000000002,552,0.0,0.0,0.0,0.0,0.0,0.0,0.0,0.0,0.0,0.0,0.0,0.0,0.0,1353.306936000081
1698,16980339600000,4.0,9.0,4.62962962962963,4.0,7.0,648,0.0,0.0,0.0,0.0,0.0,0,0.0,0.0,0.0,0.0,0.0,0,1.0,1.0,1.0,1.0,1.0,552,0.9999999999999998,1.0000000000000002,1.0,1.0,1.0000000000000002,552,0.0,0.0,0.0,0.0,0.0,0.0,0.0,0.0,0.0,0.0,0.0,0.0,0.0,1314.833370000997
1699,16990339800000,4.0,9.0,4.631172839506172,4.0,7.0,648,0.0,0.0,0.0,0.0,0.0,0,0.0,0.0,0.0,0.0,0.0,0,1.0,1.0,1.0,1.0,1.0,552,0.9999999999999997,1.0000000000000002,1.0,1.0,1.0,552,0.0,0.0,0.0,0.0,0.0,0.0,0.0,0.0,0.0,0.0,0.0,0.0,0.0,1355.4804630002764
1700,17000340000000,4.0,9.0,4.640432098765432,4.0,7.0,648,0.0,0.0,0.0,0.0,0.0,0,0.0,0.0,0.0,0.0,0.0,0,1.0,1.0,1.0,1.0,1.0,552,0.9999999999999997,1.0000000000000002,1.0,1.0,1.0000000000000002,552,0.0,0.0,0.0,0.0,0.0,0.0,0.0,0.0,0.0,0.0,0.0,0.0,0.0,1409.59733300042
1701,17010340200000,4.0,9.0,4.638888888888889,4.0,7.0,648,0.0,0.0,0.0,0.0,0.0,0,0.0,0.0,0.0,0.0,0.0,0,1.0,1.0,1.0,1.0,1.0,552,0.9999999999999998,1.0000000000000002,1.0,1.0,1.0000000000000002,552,0.0,0.0,0.0,0.0,0.0,0.0,0.0,0.0,0.0,0.0,0.0,0.0,0.0,1349.7393810012
1702,17020340400000,4.0,9.0,4.635802469135802,4.0,7.0,648,0.0,0.0,0.0,0.0,0.0,0,0.0,0.0,0.0,0.0,0.0,0,1.0,1.0,1.0,1.0,1.0,552,0.9999999999999997,1.0000000000000002,1.0,1.0,1.0000000000000002,552,0.0,0.0,0.0,0.0,0.0,0.0,0.0,0.0,0.0,0.0,0.0,0.0,0.0,1356.136456999593
1703,17030340600000,4.0,9.0,4.643518518518518,4.0,7.0,648,0.0,0.0,0.0,0.0,0.0,0,0.0,0.0,0.0,0.0,0.0,0,1.0,1.0,1.0,1.0,1.0,552,0.9999999999999997,1.0000000000000002,1.0,1.0,1.0000000000000002,552,0.0,0.0,0.0,0.0,0.0,0.0,0.0,0.0,0.0,0.0,0.0,0.0,0.0,1352.6681929997721
1704,17040340800000,4.0,9.0,4.645061728395062,4.0,7.0,648,0.0,0.0,0.0,0.0,0.0,0,0.0,0.0,0.0,0.0,0.0,0,1.0,1.0,1.0,1.0,1.0,552,0.9999999999999997,1.0000000000000002,1.0,1.0,1.0000000000000002,552,0.0,0.0,0.0,0.0,0.0,0.0,0.0,0.0,0.0,0.0,0.0,0.0,0.0,1400.8410459991865
1705,17050341000000,4.0,9.0,4.6496913580246915,4.0,7.0,648,0.0,0.0,0.0,0.0,0.0,0,0.0,0.0,0.0,0.0,0.0,0,1.0,1.0,1.0,1.0,1.0,552,0.9999999999999998,1.0000000000000002,1.0,1.0,1.0000000000000002,552,0.0,0.0,0.0,0.0,0.0,0.0,0.0,0.0,0.0,0.0,0.0,0.0,0.0,1421.006769000087
1706,17060341200000,4.0,9.0,4.648148148148148,4.0,7.0,648,0.0,0.0,0.0,0.0,0.0,0,0.0,0.0,0.0,0.0,0.0,0,1.0,1.0,1.0,1.0,1.0,552,0.9999999999999997,1.0000000000000002,1.0,1.0,1.0000000000000002,552,0.0,0.0,0.0,0.0,0.0,0.0,0.0,0.0,0.0,0.0,0.0,0.0,0.0,1364.937196000028
1707,17070341400000,4.0,9.0,4.643518518518518,4.0,7.0,648,0.0,0.0,0.0,0.0,0.0,0,0.0,0.0,0.0,0.0,0.0,0,1.0,1.0,1.0,1.0,1.0,552,0.9999999999999997,1.0000000000000004,1.0,1.0,1.0000000000000002,552,0.0,0.0,0.0,0.0,0.0,0.0,0.0,0.0,0.0,0.0,0.0,0.0,0.0,1365.531491001093
1708,17080341600000,4.0,9.0,4.645061728395062,4.0,7.0,648,0.0,0.0,0.0,0.0,0.0,0,0.0,0.0,0.0,0.0,0.0,0,1.0,1.0,1.0,1.0,1.0,552,0.9999999999999998,1.0000000000000002,1.0,1.0,1.0000000000000002,552,0.0,0.0,0.0,0.0,0.0,0.0,0.0,0.0,0.0,0.0,0.0,0.0,0.0,1386.0046819991112
1709,17090341800000,4.0,9.0,4.648148148148148,4.0,7.0,648,0.0,0.0,0.0,0.0,0.0,0,0.0,0.0,0.0,0.0,0.0,0,1.0,1.0,1.0,1.0,1.0,552,0.9999999999999998,1.0000000000000002,1.0,1.0,1.0000000000000002,552,0.0,0.0,0.0,0.0,0.0,0.0,0.0,0.0,0.0,0.0,0.0,0.0,0.0,1394.5014429991716
1710,17100342000000,4.0,9.0,4.655864197530864,4.0,7.0,648,0.0,0.0,0.0,0.0,0.0,0,0.0,0.0,0.0,0.0,0.0,0,1.0,1.0,1.0,1.0,1.0,552,0.9999999999999997,1.0000000000000004,1.0,1.0,1.0000000000000002,552,0.0,0.0,0.0,0.0,0.0,0.0,0.0,0.0,0.0,0.0,0.0,0.0,0.0,1450.9456559990213
1711,17110342200000,4.0,9.0,4.652777777777778,4.0,7.0,648,0.0,0.0,0.0,0.0,0.0,0,0.0,0.0,0.0,0.0,0.0,0,1.0,1.0,1.0,1.0,1.0,552,0.9999999999999998,1.0000000000000004,1.0,1.0,1.0000000000000002,552,0.0,0.0,0.0,0.0,0.0,0.0,0.0,0.0,0.0,0.0,0.0,0.0,0.0,1391.6867570005707
1712,17120342400000,4.0,9.0,4.651234567901234,4.0,7.0,648,0.0,0.0,0.0,0.0,0.0,0,0.0,0.0,0.0,0.0,0.0,0,1.0,1.0,1.0,1.0,1.0,552,0.9999999999999997,1.0000000000000004,1.0,1.0,1.0000000000000002,552,0.0,0.0,0.0,0.0,0.0,0.0,0.0,0.0,0.0,0.0,0.0,0.0,0.0,1405.7109599998512
1713,17130342600000,4.0,9.0,4.655864197530864,4.0,7.0,648,0.0,0.0,0.0,0.0,0.0,0,0.0,0.0,0.0,0.0,0.0,0,1.0,1.0,1.0,1.0,1.0,552,0.9999999999999998,1.0000000000000002,1.0,1.0,1.0000000000000002,552,0.0,0.0,0.0,0.0,0.0,0.0,0.0,0.0,0.0,0.0,0.0,0.0,0.0,1385.4311399991275
1714,17140342800000,4.0,9.0,4.652777777777778,4.0,7.0,648,0.0,0.0,0.0,0.0,0.0,0,0.0,0.0,0.0,0.0,0.0,0,1.0,1.0,1.0,1.0,1.0,552,0.9999999999999996,1.0000000000000004,1.0,1.0,1.0000000000000002,552,0.0,0.0,0.0,0.0,0.0,0.0,0.0,0.0,0.0,0.0,0.0,0.0,0.0,1461.6388029990048
1715,17150343000000,4.0,9.0,4.6496913580246915,4.0,7.0,648,0.0,0.0,0.0,0.0,0.0,0,0.0,0.0,0.0,0.0,0.0,0,1.0,1.0,1.0,1.0,1.0,552,0.9999999999999997,1.0000000000000002,1.0,1.0,1.0000000000000002,552,0.0,0.0,0.0,0.0,0.0,0.0,0.0,0.0,0.0,0.0,0.0,0.0,0.0,1408.7105940016045
1716,17160343200000,4.0,9.0,4.643518518518518,4.0,7.0,648,0.0,0.0,0.0,0.0,0.0,0,0.0,0.0,0.0,0.0,0.0,0,1.0,1.0,1.0,1.0,1.0,552,0.9999999999999997,1.0000000000000004,1.0,1.0,1.0,552,0.0,0.0,0.0,0.0,0.0,0.0,0.0,0.0,0.0,0.0,0.0,0.0,0.0,1402.7577679989918
1717,17170343400000,4.0,9.0,4.637345679012346,4.0,7.0,648,0.0,0.0,0.0,0.0,0.0,0,0.0,0.0,0.0,0.0,0.0,0,1.0,1.0,1.0,1.0,1.0,552,0.9999999999999997,1.0000000000000004,1.0,1.0,1.0000000000000002,552,0.0,0.0,0.0,0.0,0.0,0.0,0.0,0.0,0.0,0.0,0.0,0.0,0.0,1329.8613390015817
1718,17180343600000,4.0,9.0,4.6419753086419755,4.0,7.0,648,0.0,0.0,0.0,0.0,0.0,0,0.0,0.0,0.0,0.0,0.0,0,1.0,1.0,1.0,1.0,1.0,552,0.9999999999999998,1.0000000000000002,1.0,1.0,1.0000000000000002,552,0.0,0.0,0.0,0.0,0.0,0.0,0.0,0.0,0.0,0.0,0.0,0.0,0.0,1350.3835150004306
1719,17190343800000,4.0,9.0,4.638888888888889,4.0,7.0,648,0.0,0.0,0.0,0.0,0.0,0,0.0,0.0,0.0,0.0,0.0,0,1.0,1.0,1.0,1.0,1.0,552,0.9999999999999997,1.0000000000000002,1.0,1.0,1.0000000000000002,552,0.0,0.0,0.0,0.0,0.0,0.0,0.0,0.0,0.0,0.0,0.0,0.0,0.0,1343.5079109985963
1720,17200344000000,4.0,9.0,4.640432098765432,4.0,7.0,648,0.0,0.0,0.0,0.0,0.0,0,0.0,0.0,0.0,0.0,0.0,0,1.0,1.0,1.0,1.0,1.0,552,0.9999999999999998,1.0000000000000002,1.0,1.0,1.0000000000000002,552,0.0,0.0,0.0,0.0,0.0,0.0,0.0,0.0,0.0,0.0,0.0,0.0,0.0,1408.6458849997143
1721,17210344200000,4.0,9.0,4.6419753086419755,4.0,7.0,648,0.0,0.0,0.0,0.0,0.0,0,0.0,0.0,0.0,0.0,0.0,0,1.0,1.0,1.0,1.0,1.0,552,0.9999999999999998,1.0000000000000002,1.0,1.0,1.0,552,0.0,0.0,0.0,0.0,0.0,0.0,0.0,0.0,0.0,0.0,0.0,0.0,0.0,1396.146511000552
1722,17220344400000,4.0,9.0,4.640432098765432,4.0,7.0,648,0.0,0.0,0.0,0.0,0.0,0,0.0,0.0,0.0,0.0,0.0,0,1.0,1.0,1.0,1.0,1.0,552,0.9999999999999998,1.0000000000000002,1.0,1.0,1.0000000000000002,552,0.0,0.0,0.0,0.0,0.0,0.0,0.0,0.0,0.0,0.0,0.0,0.0,0.0,1350.9882199996355
1723,17230344600000,4.0,9.0,4.637345679012346,4.0,7.0,648,0.0,0.0,0.0,0.0,0.0,0,0.0,0.0,0.0,0.0,0.0,0,1.0,1.0,1.0,1.0,1.0,552,0.9999999999999997,1.0000000000000002,1.0,1.0,1.0000000000000002,552,0.0,0.0,0.0,0.0,0.0,0.0,0.0,0.0,0.0,0.0,0.0,0.0,0.0,1427.853557999697
1724,17240344800000,4.0,9.0,4.643518518518518,4.0,7.0,648,0.0,0.0,0.0,0.0,0.0,0,0.0,0.0,0.0,0.0,0.0,0,1.0,1.0,1.0,1.0,1.0,552,0.9999999999999997,1.0000000000000002,1.0,1.0,1.0,552,0.0,0.0,0.0,0.0,0.0,0.0,0.0,0.0,0.0,0.0,0.0,0.0,0.0,1432.0161440009542
1725,17250345000000,4.0,9.0,4.645061728395062,4.0,7.0,648,0.0,0.0,0.0,0.0,0.0,0,0.0,0.0,0.0,0.0,0.0,0,1.0,1.0,1.0,1.0,1.0,552,0.9999999999999998,1.0000000000000004,1.0,1.0,1.0000000000000002,552,0.0,0.0,0.0,0.0,0.0,0.0,0.0,0.0,0.0,0.0,0.0,0.0,0.0,1394.4962040004611
1726,17260345200000,4.0,9.0,4.635802469135802,4.0,7.0,648,0.0,0.0,0.0,0.0,0.0,0,0.0,0.0,0.0,0.0,0.0,0,1.0,1.0,1.0,1.0,1.0,552,0.9999999999999998,1.0000000000000004,1.0,1.0,1.0000000000000002,552,0.0,0.0,0.0,0.0,0.0,0.0,0.0,0.0,0.0,0.0,0.0,0.0,0.0,1390.6496719991992
1727,17270345400000,4.0,9.0,4.637345679012346,4.0,7.0,648,0.0,0.0,0.0,0.0,0.0,0,0.0,0.0,0.0,0.0,0.0,0,1.0,1.0,1.0,1.0,1.0,552,0.9999999999999997,1.0000000000000002,1.0,1.0,1.0000000000000002,552,0.0,0.0,0.0,0.0,0.0,0.0,0.0,0.0,0.0,0.0,0.0,0.0,0.0,1376.047927999025
1728,17280345600000,4.0,9.0,4.643518518518518,4.0,7.0,648,0.0,0.0,0.0,0.0,0.0,0,0.0,0.0,0.0,0.0,0.0,0,1.0,1.0,1.0,1.0,1.0,552,0.9999999999999996,1.0000000000000004,1.0,1.0,1.0000000000000002,552,0.0,0.0,0.0,0.0,0.0,0.0,0.0,0.0,0.0,0.0,0.0,0.0,0.0,1395.8406660003675
1729,17290345800000,4.0,9.0,4.652777777777778,4.0,7.0,648,0.0,0.0,0.0,0.0,0.0,0,0.0,0.0,0.0,0.0,0.0,0,1.0,1.0,1.0,1.0,1.0,552,0.9999999999999996,1.0000000000000002,1.0,1.0,1.0000000000000002,552,0.0,0.0,0.0,0.0,0.0,0.0,0.0,0.0,0.0,0.0,0.0,0.0,0.0,1401.4358460008225
1730,17300346000000,4.0,9.0,4.6496913580246915,4.0,7.0,648,0.0,0.0,0.0,0.0,0.0,0,0.0,0.0,0.0,0.0,0.0,0,1.0,1.0,1.0,1.0,1.0,552,0.9999999999999998,1.0000000000000002,1.0,1.0,1.0000000000000002,552,0.0,0.0,0.0,0.0,0.0,0.0,0.0,0.0,0.0,0.0,0.0,0.0,0.0,1377.3405560004903
1731,17310346200000,4.0,9.0,4.646604938271605,4.0,7.0,648,0.0,0.0,0.0,0.0,0.0,0,0.0,0.0,0.0,0.0,0.0,0,1.0,1.0,1.0,1.0,1.0,552,0.9999999999999996,1.0000000000000004,1.0,1.0,1.0000000000000002,552,0.0,0.0,0.0,0.0,0.0,0.0,0.0,0.0,0.0,0.0,0.0,0.0,0.0,1427.0696439998574
1732,17320346400000,4.0,9.0,4.646604938271605,4.0,7.0,648,0.0,0.0,0.0,0.0,0.0,0,0.0,0.0,0.0,0.0,0.0,0,1.0,1.0,1.0,1.0,1.0,552,0.9999999999999996,1.0000000000000002,1.0,1.0,1.0000000000000002,552,0.0,0.0,0.0,0.0,0.0,0.0,0.0,0.0,0.0,0.0,0.0,0.0,0.0,1373.7575949999155
1733,17330346600000,4.0,9.0,4.6496913580246915,4.0,7.0,648,0.0,0.0,0.0,0.0,0.0,0,0.0,0.0,0.0,0.0,0.0,0,1.0,1.0,1.0,1.0,1.0,552,0.9999999999999997,1.0000000000000002,1.0,1.0,1.0000000000000002,552,0.0,0.0,0.0,0.0,0.0,0.0,0.0,0.0,0.0,0.0,0.0,0.0,0.0,1385.5649280012585
1734,17340346800000,4.0,9.0,4.6496913580246915,4.0,7.0,648,0.0,0.0,0.0,0.0,0.0,0,0.0,0.0,0.0,0.0,0.0,0,1.0,1.0,1.0,1.0,1.0,552,0.9999999999999998,1.0000000000000004,1.0,1.0,1.0000000000000002,552,0.0,0.0,0.0,0.0,0.0,0.0,0.0,0.0,0.0,0.0,0.0,0.0,0.0,1400.3915440007404
1735,17350347000000,4.0,9.0,4.652777777777778,4.0,7.0,648,0.0,0.0,0.0,0.0,0.0,0,0.0,0.0,0.0,0.0,0.0,0,1.0,1.0,1.0,1.0,1.0,552,0.9999999999999997,1.0000000000000004,1.0,1.0,1.0000000000000002,552,0.0,0.0,0.0,0.0,0.0,0.0,0.0,0.0,0.0,0.0,0.0,0.0,0.0,1353.100264999739
1736,17360347200000,4.0,9.0,4.6419753086419755,4.0,7.0,648,0.0,0.0,0.0,0.0,0.0,0,0.0,0.0,0.0,0.0,0.0,0,1.0,1.0,1.0,1.0,1.0,552,0.9999999999999997,1.0000000000000002,1.0,1.0,1.0000000000000002,552,0.0,0.0,0.0,0.0,0.0,0.0,0.0,0.0,0.0,0.0,0.0,0.0,0.0,1471.2076319992775
1737,17370347400000,4.0,9.0,4.646604938271605,4.0,7.0,648,0.0,0.0,0.0,0.0,0.0,0,0.0,0.0,0.0,0.0,0.0,0,1.0,1.0,1.0,1.0,1.0,552,0.9999999999999996,1.0000000000000002,1.0,1.0,1.0000000000000002,552,0.0,0.0,0.0,0.0,0.0,0.0,0.0,0.0,0.0,0.0,0.0,0.0,0.0,1400.0619920007011
1738,17380347600000,4.0,9.0,4.646604938271605,4.0,7.0,648,0.0,0.0,0.0,0.0,0.0,0,0.0,0.0,0.0,0.0,0.0,0,1.0,1.0,1.0,1.0,1.0,552,0.9999999999999997,1.0000000000000002,1.0,1.0,1.0000000000000002,552,0.0,0.0,0.0,0.0,0.0,0.0,0.0,0.0,0.0,0.0,0.0,0.0,0.0,1343.73052599949
1739,17390347800000,4.0,9.0,4.643518518518518,4.0,7.0,648,0.0,0.0,0.0,0.0,0.0,0,0.0,0.0,0.0,0.0,0.0,0,1.0,1.0,1.0,1.0,1.0,552,0.9999999999999998,1.0000000000000004,1.0,1.0,1.0000000000000002,552,0.0,0.0,0.0,0.0,0.0,0.0,0.0,0.0,0.0,0.0,0.0,0.0,0.0,1368.7041729990597
1740,17400348000000,4.0,9.0,4.640432098765432,4.0,7.0,648,0.0,0.0,0.0,0.0,0.0,0,0.0,0.0,0.0,0.0,0.0,0,1.0,1.0,1.0,1.0,1.0,552,0.9999999999999997,1.0000000000000002,1.0,1.0,1.0000000000000002,552,0.0,0.0,0.0,0.0,0.0,0.0,0.0,0.0,0.0,0.0,0.0,0.0,0.0,1374.2001749997144
1741,17410348200000,4.0,9.0,4.635802469135802,4.0,7.0,648,0.0,0.0,0.0,0.0,0.0,0,0.0,0.0,0.0,0.0,0.0,0,1.0,1.0,1.0,1.0,1.0,552,0.9999999999999998,1.0000000000000004,1.0,1.0,1.0000000000000002,552,0.0,0.0,0.0,0.0,0.0,0.0,0.0,0.0,0.0,0.0,0.0,0.0,0.0,1357.6233150015469
1742,17420348400000,4.0,9.0,4.631172839506172,4.0,7.0,648,0.0,0.0,0.0,0.0,0.0,0,0.0,0.0,0.0,0.0,0.0,0,1.0,1.0,1.0,1.0,1.0,552,0.9999999999999997,1.0000000000000002,1.0,1.0,1.0000000000000002,552,0.0,0.0,0.0,0.0,0.0,0.0,0.0,0.0,0.0,0.0,0.0,0.0,0.0,1370.3062040003715
1743,17430348600000,4.0,9.0,4.635802469135802,4.0,7.0,648,0.0,0.0,0.0,0.0,0.0,0,0.0,0.0,0.0,0.0,0.0,0,1.0,1.0,1.0,1.0,1.0,552,0.9999999999999998,1.0000000000000002,1.0,1.0,1.0000000000000002,552,0.0,0.0,0.0,0.0,0.0,0.0,0.0,0.0,0.0,0.0,0.0,0.0,0.0,1361.9090499996673
1744,17440348800000,4.0,9.0,4.635802469135802,4.0,7.0,648,0.0,0.0,0.0,0.0,0.0,0,0.0,0.0,0.0,0.0,0.0,0,1.0,1.0,1.0,1.0,1.0,552,0.9999999999999996,1.0000000000000002,1.0,1.0,1.0000000000000002,552,0.0,0.0,0.0,0.0,0.0,0.0,0.0,0.0,0.0,0.0,0.0,0.0,0.0,1344.9579930002074
1745,17450349000000,4.0,9.0,4.62962962962963,4.0,7.0,648,0.0,0.0,0.0,0.0,0.0,0,0.0,0.0,0.0,0.0,0.0,0,1.0,1.0,1.0,1.0,1.0,552,0.9999999999999997,1.0000000000000002,1.0,1.0,1.0,552,0.0,0.0,0.0,0.0,0.0,0.0,0.0,0.0,0.0,0.0,0.0,0.0,0.0,1326.7191939994518
1746,17460349200000,4.0,9.0,4.635802469135802,4.0,7.0,648,0.0,0.0,0.0,0.0,0.0,0,0.0,0.0,0.0,0.0,0.0,0,1.0,1.0,1.0,1.0,1.0,552,0.9999999999999997,1.0000000000000002,1.0,1.0,1.0000000000000002,552,0.0,0.0,0.0,0.0,0.0,0.0,0.0,0.0,0.0,0.0,0.0,0.0,0.0,1349.0711630001897
1747,17470349400000,4.0,9.0,4.637345679012346,4.0,7.0,648,0.0,0.0,0.0,0.0,0.0,0,0.0,0.0,0.0,0.0,0.0,0,1.0,1.0,1.0,1.0,1.0,552,0.9999999999999997,1.0000000000000002,1.0,1.0,1.0000000000000002,552,0.0,0.0,0.0,0.0,0.0,0.0,0.0,0.0,0.0,0.0,0.0,0.0,0.0,1384.4117789994925
1748,17480349600000,4.0,9.0,4.645061728395062,4.0,7.0,648,0.0,0.0,0.0,0.0,0.0,0,0.0,0.0,0.0,0.0,0.0,0,1.0,1.0,1.0,1.0,1.0,552,0.9999999999999997,1.0000000000000004,1.0,1.0,1.0000000000000002,552,0.0,0.0,0.0,0.0,0.0,0.0,0.0,0.0,0.0,0.0,0.0,0.0,0.0,1390.6155830009084
1749,17490349800000,4.0,9.0,4.6419753086419755,4.0,7.0,648,0.0,0.0,0.0,0.0,0.0,0,0.0,0.0,0.0,0.0,0.0,0,1.0,1.0,1.0,1.0,1.0,552,0.9999999999999996,1.0000000000000002,1.0,1.0,1.0000000000000002,552,0.0,0.0,0.0,0.0,0.0,0.0,0.0,0.0,0.0,0.0,0.0,0.0,0.0,1342.5942470003065
1750,17500350000000,4.0,9.0,4.643518518518518,4.0,7.0,648,0.0,0.0,0.0,0.0,0.0,0,0.0,0.0,0.0,0.0,0.0,0,1.0,1.0,1.0,1.0,1.0,552,0.9999999999999997,1.0000000000000002,1.0,1.0,1.0000000000000002,552,0.0,0.0,0.0,0.0,0.0,0.0,0.0,0.0,0.0,0.0,0.0,0.0,0.0,1338.321448998613
1751,17510350200000,4.0,9.0,4.640432098765432,4.0,7.0,648,0.0,0.0,0.0,0.0,0.0,0,0.0,0.0,0.0,0.0,0.0,0,1.0,1.0,1.0,1.0,1.0,552,0.9999999999999996,1.0000000000000004,1.0,1.0,1.0000000000000002,552,0.0,0.0,0.0,0.0,0.0,0.0,0.0,0.0,0.0,0.0,0.0,0.0,0.0,1336.062103000586
1752,17520350400000,4.0,9.0,4.648148148148148,4.0,7.0,648,0.0,0.0,0.0,0.0,0.0,0,0.0,0.0,0.0,0.0,0.0,0,1.0,1.0,1.0,1.0,1.0,552,0.9999999999999998,1.0000000000000004,1.0,1.0,1.0000000000000002,552,0.0,0.0,0.0,0.0,0.0,0.0,0.0,0.0,0.0,0.0,0.0,0.0,0.0,1416.0425150002993
1753,17530350600000,4.0,9.0,4.652777777777778,4.0,7.0,648,0.0,0.0,0.0,0.0,0.0,0,0.0,0.0,0.0,0.0,0.0,0,1.0,1.0,1.0,1.0,1.0,552,0.9999999999999998,1.0000000000000004,1.0,1.0,1.0000000000000002,552,0.0,0.0,0.0,0.0,0.0,0.0,0.0,0.0,0.0,0.0,0.0,0.0,0.0,1412.0177380009409
1754,17540350800000,4.0,9.0,4.652777777777778,4.0,7.0,648,0.0,0.0,0.0,0.0,0.0,0,0.0,0.0,0.0,0.0,0.0,0,1.0,1.0,1.0,1.0,1.0,552,0.9999999999999997,1.0000000000000004,1.0,1.0,1.0000000000000002,552,0.0,0.0,0.0,0.0,0.0,0.0,0.0,0.0,0.0,0.0,0.0,0.0,0.0,1382.797947000654
1755,17550351000000,4.0,9.0,4.651234567901234,4.0,7.0,648,0.0,0.0,0.0,0.0,0.0,0,0.0,0.0,0.0,0.0,0.0,0,1.0,1.0,1.0,1.0,1.0,552,0.9999999999999998,1.0000000000000002,1.0,1.0,1.0000000000000002,552,0.0,0.0,0.0,0.0,0.0,0.0,0.0,0.0,0.0,0.0,0.0,0.0,0.0,1344.7141559990996
1756,17560351200000,4.0,9.0,4.643518518518518,4.0,7.0,648,0.0,0.0,0.0,0.0,0.0,0,0.0,0.0,0.0,0.0,0.0,0,1.0,1.0,1.0,1.0,1.0,552,0.9999999999999998,1.0000000000000004,1.0,1.0,1.0000000000000002,552,0.0,0.0,0.0,0.0,0.0,0.0,0.0,0.0,0.0,0.0,0.0,0.0,0.0,1375.3220540002076
1757,17570351400000,4.0,9.0,4.6419753086419755,4.0,7.0,648,0.0,0.0,0.0,0.0,0.0,0,0.0,0.0,0.0,0.0,0.0,0,1.0,1.0,1.0,1.0,1.0,552,0.9999999999999998,1.0000000000000002,1.0,1.0,1.0000000000000002,552,0.0,0.0,0.0,0.0,0.0,0.0,0.0,0.0,0.0,0.0,0.0,0.0,0.0,1315.7570370003668
1758,17580351600000,4.0,9.0,4.635802469135802,4.0,7.0,648,0.0,0.0,0.0,0.0,0.0,0,0.0,0.0,0.0,0.0,0.0,0,1.0,1.0,1.0,1.0,1.0,552,0.9999999999999997,1.0000000000000002,1.0,1.0,1.0000000000000002,552,0.0,0.0,0.0,0.0,0.0,0.0,0.0,0.0,0.0,0.0,0.0,0.0,0.0,1448.461435000354
1759,17590351800000,4.0,9.0,4.625,4.0,7.0,648,0.0,0.0,0.0,0.0,0.0,0,0.0,0.0,0.0,0.0,0.0,0,1.0,1.0,1.0,1.0,1.0,552,0.9999999999999998,1.0000000000000002,1.0,1.0,1.0000000000000002,552,0.0,0.0,0.0,0.0,0.0,0.0,0.0,0.0,0.0,0.0,0.0,0.0,0.0,1351.561824001692
1760,17600352000000,4.0,9.0,4.628086419753086,4.0,7.0,648,0.0,0.0,0.0,0.0,0.0,0,0.0,0.0,0.0,0.0,0.0,0,1.0,1.0,1.0,1.0,1.0,552,0.9999999999999998,1.0000000000000004,1.0,1.0,1.0000000000000002,552,0.0,0.0,0.0,0.0,0.0,0.0,0.0,0.0,0.0,0.0,0.0,0.0,0.0,1356.1015090017463
1761,17610352200000,4.0,9.0,4.637345679012346,4.0,7.0,648,0.0,0.0,0.0,0.0,0.0,0,0.0,0.0,0.0,0.0,0.0,0,1.0,1.0,1.0,1.0,1.0,552,0.9999999999999998,1.0000000000000002,1.0,1.0,1.0000000000000002,552,0.0,0.0,0.0,0.0,0.0,0.0,0.0,0.0,0.0,0.0,0.0,0.0,0.0,1348.0814920003468
1762,17620352400000,4.0,9.0,4.628086419753086,4.0,7.0,648,0.0,0.0,0.0,0.0,0.0,0,0.0,0.0,0.0,0.0,0.0,0,1.0,1.0,1.0,1.0,1.0,552,0.9999999999999996,1.0000000000000004,1.0,1.0,1.0000000000000002,552,0.0,0.0,0.0,0.0,0.0,0.0,0.0,0.0,0.0,0.0,0.0,0.0,0.0,1329.5964400003868
1763,17630352600000,4.0,9.0,4.618827160493828,4.0,7.0,648,0.0,0.0,0.0,0.0,0.0,0,0.0,0.0,0.0,0.0,0.0,0,1.0,1.0,1.0,1.0,1.0,552,0.9999999999999997,1.0000000000000002,1.0,1.0,1.0000000000000002,552,0.0,0.0,0.0,0.0,0.0,0.0,0.0,0.0,0.0,0.0,0.0,0.0,0.0,1332.0084999995743
1764,17640352800000,4.0,9.0,4.632716049382716,4.0,7.0,648,0.0,0.0,0.0,0.0,0.0,0,0.0,0.0,0.0,0.0,0.0,0,1.0,1.0,1.0,1.0,1.0,552,0.9999999999999997,1.0000000000000002,1.0,1.0,1.0000000000000002,552,0.0,0.0,0.0,0.0,0.0,0.0,0.0,0.0,0.0,0.0,0.0,0.0,0.0,1434.5667220004543
1765,17650353000000,4.0,9.0,4.638888888888889,4.0,7.0,648,0.0,0.0,0.0,0.0,0.0,0,0.0,0.0,0.0,0.0,0.0,0,1.0,1.0,1.0,1.0,1.0,552,0.9999999999999998,1.0000000000000004,1.0,1.0,1.0000000000000002,552,0.0,0.0,0.0,0.0,0.0,0.0,0.0,0.0,0.0,0.0,0.0,0.0,0.0,1422.8057090003858
1766,17660353200000,4.0,9.0,4.637345679012346,4.0,7.0,648,0.0,0.0,0.0,0.0,0.0,0,0.0,0.0,0.0,0.0,0.0,0,1.0,1.0,1.0,1.0,1.0,552,0.9999999999999997,1.0000000000000002,1.0,1.0,1.0000000000000002,552,0.0,0.0,0.0,0.0,0.0,0.0,0.0,0.0,0.0,0.0,0.0,0.0,0.0,1337.5847400002385
1767,17670353400000,4.0,9.0,4.6419753086419755,4.0,7.0,648,0.0,0.0,0.0,0.0,0.0,0,0.0,0.0,0.0,0.0,0.0,0,1.0,1.0,1.0,1.0,1.0,552,0.9999999999999998,1.0000000000000002,1.0,1.0,1.0,552,0.0,0.0,0.0,0.0,0.0,0.0,0.0,0.0,0.0,0.0,0.0,0.0,0.0,1347.6696979996632
1768,17680353600000,4.0,9.0,4.635802469135802,4.0,7.0,648,0.0,0.0,0.0,0.0,0.0,0,0.0,0.0,0.0,0.0,0.0,0,1.0,1.0,1.0,1.0,1.0,552,0.9999999999999997,1.0000000000000002,1.0,1.0,1.0000000000000002,552,0.0,0.0,0.0,0.0,0.0,0.0,0.0,0.0,0.0,0.0,0.0,0.0,0.0,1355.980123998961
1769,17690353800000,4.0,10.0,4.635802469135802,4.0,7.0,648,0.0,0.0,0.0,0.0,0.0,0,0.0,0.0,0.0,0.0,0.0,0,1.0,1.0,1.0,1.0,1.0,552,0.9999999999999997,1.0000000000000004,1.0,1.0,1.0000000000000002,552,0.0,0.0,0.0,0.0,0.0,0.0,0.0,0.0,0.0,0.0,0.0,0.0,0.0,1345.3724409991992
1770,17700354000000,4.0,10.0,4.640432098765432,4.0,7.0,648,0.0,0.0,0.0,0.0,0.0,0,0.0,0.0,0.0,0.0,0.0,0,1.0,1.0,1.0,1.0,1.0,552,0.9999999999999997,1.0000000000000004,1.0,1.0,1.0000000000000002,552,0.0,0.0,0.0,0.0,0.0,0.0,0.0,0.0,0.0,0.0,0.0,0.0,0.0,1388.7867430003098
1771,17710354200000,4.0,10.0,4.652777777777778,4.0,7.0,648,0.0,0.0,0.0,0.0,0.0,0,0.0,0.0,0.0,0.0,0.0,0,1.0,1.0,1.0,1.0,1.0,552,0.9999999999999998,1.0000000000000002,1.0,1.0,1.0,552,0.0,0.0,0.0,0.0,0.0,0.0,0.0,0.0,0.0,0.0,0.0,0.0,0.0,1400.6621389999054
1772,17720354400000,4.0,10.0,4.6496913580246915,4.0,7.0,648,0.0,0.0,0.0,0.0,0.0,0,0.0,0.0,0.0,0.0,0.0,0,1.0,1.0,1.0,1.0,1.0,552,0.9999999999999997,1.0000000000000004,1.0,1.0,1.0000000000000002,552,0.0,0.0,0.0,0.0,0.0,0.0,0.0,0.0,0.0,0.0,0.0,0.0,0.0,1412.7250269993965
1773,17730354600000,4.0,10.0,4.643518518518518,4.0,7.0,648,0.0,0.0,0.0,0.0,0.0,0,0.0,0.0,0.0,0.0,0.0,0,1.0,1.0,1.0,1.0,1.0,552,0.9999999999999997,1.0000000000000004,1.0,1.0,1.0000000000000002,552,0.0,0.0,0.0,0.0,0.0,0.0,0.0,0.0,0.0,0.0,0.0,0.0,0.0,1367.2984010008804
1774,17740354800000,4.0,10.0,4.638888888888889,4.0,7.0,648,0.0,0.0,0.0,0.0,0.0,0,0.0,0.0,0.0,0.0,0.0,0,1.0,1.0,1.0,1.0,1.0,552,0.9999999999999997,1.0000000000000002,1.0,1.0,1.0000000000000002,552,0.0,0.0,0.0,0.0,0.0,0.0,0.0,0.0,0.0,0.0,0.0,0.0,0.0,1332.5852489997487
1775,17750355000000,4.0,10.0,4.6342592592592595,4.0,7.0,648,0.0,0.0,0.0,0.0,0.0,0,0.0,0.0,0.0,0.0,0.0,0,1.0,1.0,1.0,1.0,1.0,552,0.9999999999999997,1.0000000000000002,1.0,1.0,1.0000000000000002,552,0.0,0.0,0.0,0.0,0.0,0.0,0.0,0.0,0.0,0.0,0.0,0.0,0.0,1391.0618350000732
1776,17760355200000,4.0,10.0,4.6342592592592595,4.0,7.0,648,0.0,0.0,0.0,0.0,0.0,0,0.0,0.0,0.0,0.0,0.0,0,1.0,1.0,1.0,1.0,1.0,552,0.9999999999999996,1.0000000000000002,1.0,1.0,1.0000000000000002,552,0.0,0.0,0.0,0.0,0.0,0.0,0.0,0.0,0.0,0.0,0.0,0.0,0.0,1386.3379199992778
1777,17770355400000,4.0,10.0,4.62962962962963,4.0,7.0,648,0.0,0.0,0.0,0.0,0.0,0,0.0,0.0,0.0,0.0,0.0,0,1.0,1.0,1.0,1.0,1.0,552,0.9999999999999997,1.0000000000000002,1.0,1.0,1.0000000000000002,552,0.0,0.0,0.0,0.0,0.0,0.0,0.0,0.0,0.0,0.0,0.0,0.0,0.0,1316.691969999738
1778,17780355600000,4.0,10.0,4.6265432098765435,4.0,7.0,648,0.0,0.0,0.0,0.0,0.0,0,0.0,0.0,0.0,0.0,0.0,0,1.0,1.0,1.0,1.0,1.0,552,0.9999999999999996,1.0000000000000002,1.0,1.0,1.0000000000000002,552,0.0,0.0,0.0,0.0,0.0,0.0,0.0,0.0,0.0,0.0,0.0,0.0,0.0,1320.2568320011778
1779,17790355800000,4.0,10.0,4.632716049382716,4.0,7.0,648,0.0,0.0,0.0,0.0,0.0,0,0.0,0.0,0.0,0.0,0.0,0,1.0,1.0,1.0,1.0,1.0,552,0.9999999999999998,1.0000000000000002,1.0,1.0,1.0000000000000002,552,0.0,0.0,0.0,0.0,0.0,0.0,0.0,0.0,0.0,0.0,0.0,0.0,0.0,1313.2548079993285
1780,17800356000000,4.0,10.0,4.632716049382716,4.0,7.0,648,0.0,0.0,0.0,0.0,0.0,0,0.0,0.0,0.0,0.0,0.0,0,1.0,1.0,1.0,1.0,1.0,552,0.9999999999999997,1.0000000000000002,1.0,1.0,1.0000000000000002,552,0.0,0.0,0.0,0.0,0.0,0.0,0.0,0.0,0.0,0.0,0.0,0.0,0.0,1400.6172680001328
1781,17810356200000,4.0,10.0,4.62962962962963,4.0,7.0,648,0.0,0.0,0.0,0.0,0.0,0,0.0,0.0,0.0,0.0,0.0,0,1.0,1.0,1.0,1.0,1.0,552,0.9999999999999997,1.0000000000000002,1.0,1.0,1.0000000000000002,552,0.0,0.0,0.0,0.0,0.0,0.0,0.0,0.0,0.0,0.0,0.0,0.0,0.0,1371.040408999761
1782,17820356400000,4.0,10.0,4.628086419753086,4.0,7.0,648,0.0,0.0,0.0,0.0,0.0,0,0.0,0.0,0.0,0.0,0.0,0,1.0,1.0,1.0,1.0,1.0,552,0.9999999999999997,1.0000000000000002,1.0,1.0,1.0000000000000002,552,0.0,0.0,0.0,0.0,0.0,0.0,0.0,0.0,0.0,0.0,0.0,0.0,0.0,1319.3205629995646
1783,17830356600000,4.0,10.0,4.632716049382716,4.0,7.0,648,0.0,0.0,0.0,0.0,0.0,0,0.0,0.0,0.0,0.0,0.0,0,1.0,1.0,1.0,1.0,1.0,552,0.9999999999999997,1.0000000000000002,1.0,1.0,1.0000000000000002,552,0.0,0.0,0.0,0.0,0.0,0.0,0.0,0.0,0.0,0.0,0.0,0.0,0.0,1397.3103709995485
1784,17840356800000,4.0,10.0,4.62962962962963,4.0,7.0,648,0.0,0.0,0.0,0.0,0.0,0,0.0,0.0,0.0,0.0,0.0,0,1.0,1.0,1.0,1.0,1.0,552,0.9999999999999998,1.0000000000000002,1.0,1.0,1.0000000000000002,552,0.0,0.0,0.0,0.0,0.0,0.0,0.0,0.0,0.0,0.0,0.0,0.0,0.0,1363.3019600001717
1785,17850357000000,4.0,10.0,4.6419753086419755,4.0,7.0,648,0.0,0.0,0.0,0.0,0.0,0,0.0,0.0,0.0,0.0,0.0,0,1.0,1.0,1.0,1.0,1.0,552,0.9999999999999997,1.0000000000000002,1.0,1.0,1.0000000000000002,552,0.0,0.0,0.0,0.0,0.0,0.0,0.0,0.0,0.0,0.0,0.0,0.0,0.0,1390.9962769994308
1786,17860357200000,4.0,10.0,4.632716049382716,4.0,7.0,648,0.0,0.0,0.0,0.0,0.0,0,0.0,0.0,0.0,0.0,0.0,0,1.0,1.0,1.0,1.0,1.0,552,0.9999999999999997,1.0000000000000002,1.0,1.0,1.0000000000000002,552,0.0,0.0,0.0,0.0,0.0,0.0,0.0,0.0,0.0,0.0,0.0,0.0,0.0,1354.4528470010846
1787,17870357400000,4.0,10.0,4.6419753086419755,4.0,7.0,648,0.0,0.0,0.0,0.0,0.0,0,0.0,0.0,0.0,0.0,0.0,0,1.0,1.0,1.0,1.0,1.0,552,0.9999999999999998,1.0000000000000002,1.0,1.0,1.0000000000000002,552,0.0,0.0,0.0,0.0,0.0,0.0,0.0,0.0,0.0,0.0,0.0,0.0,0.0,1324.4594709995
1788,17880357600000,4.0,10.0,4.6419753086419755,4.0,7.0,648,0.0,0.0,0.0,0.0,0.0,0,0.0,0.0,0.0,0.0,0.0,0,1.0,1.0,1.0,1.0,1.0,552,0.9999999999999997,1.0000000000000004,1.0,1.0,1.0000000000000002,552,0.0,0.0,0.0,0.0,0.0,0.0,0.0,0.0,0.0,0.0,0.0,0.0,0.0,1350.33317899979
1789,17890357800000,4.0,10.0,4.6496913580246915,4.0,7.0,648,0.0,0.0,0.0,0.0,0.0,0,0.0,0.0,0.0,0.0,0.0,0,1.0,1.0,1.0,1.0,1.0,552,0.9999999999999997,1.0000000000000004,1.0,1.0,1.0000000000000002,552,0.0,0.0,0.0,0.0,0.0,0.0,0.0,0.0,0.0,0.0,0.0,0.0,0.0,1343.906906000484
1790,17900358000000,4.0,10.0,4.646604938271605,4.0,7.0,648,0.0,0.0,0.0,0.0,0.0,0,0.0,0.0,0.0,0.0,0.0,0,1.0,1.0,1.0,1.0,1.0,552,0.9999999999999996,1.0000000000000002,1.0,1.0,1.0000000000000002,552,0.0,0.0,0.0,0.0,0.0,0.0,0.0,0.0,0.0,0.0,0.0,0.0,0.0,1378.0680550007673
1791,17910358200000,4.0,10.0,4.640432098765432,4.0,7.0,648,0.0,0.0,0.0,0.0,0.0,0,0.0,0.0,0.0,0.0,0.0,0,1.0,1.0,1.0,1.0,1.0,552,0.9999999999999998,1.0000000000000004,1.0,1.0,1.0000000000000002,552,0.0,0.0,0.0,0.0,0.0,0.0,0.0,0.0,0.0,0.0,0.0,0.0,0.0,1370.580622999114
1792,17920358400000,4.0,10.0,4.637345679012346,4.0,7.0,648,0.0,0.0,0.0,0.0,0.0,0,0.0,0.0,0.0,0.0,0.0,0,1.0,1.0,1.0,1.0,1.0,552,0.9999999999999997,1.0000000000000004,1.0,1.0,1.0000000000000002,552,0.0,0.0,0.0,0.0,0.0,0.0,0.0,0.0,0.0,0.0,0.0,0.0,0.0,1330.6813050003257
1793,17930358600000,4.0,10.0,4.6342592592592595,4.0,7.0,648,0.0,0.0,0.0,0.0,0.0,0,0.0,0.0,0.0,0.0,0.0,0,1.0,1.0,1.0,1.0,1.0,552,0.9999999999999997,1.0000000000000004,1.0,1.0,1.0000000000000002,552,0.0,0.0,0.0,0.0,0.0,0.0,0.0,0.0,0.0,0.0,0.0,0.0,0.0,1320.1279940003587
1794,17940358800000,4.0,10.0,4.6265432098765435,4.0,7.0,648,0.0,0.0,0.0,0.0,0.0,0,0.0,0.0,0.0,0.0,0.0,0,1.0,1.0,1.0,1.0,1.0,552,0.9999999999999997,1.0000000000000002,1.0,1.0,1.0,552,0.0,0.0,0.0,0.0,0.0,0.0,0.0,0.0,0.0,0.0,0.0,0.0,0.0,1304.0527619996283
1795,17950359000000,4.0,10.0,4.635802469135802,4.0,7.0,648,0.0,0.0,0.0,0.0,0.0,0,0.0,0.0,0.0,0.0,0.0,0,1.0,1.0,1.0,1.0,1.0,552,0.9999999999999998,1.0000000000000002,1.0,1.0,1.0000000000000002,552,0.0,0.0,0.0,0.0,0.0,0.0,0.0,0.0,0.0,0.0,0.0,0.0,0.0,1333.9073869992717
1796,17960359200000,4.0,10.0,4.638888888888889,4.0,7.0,648,0.0,0.0,0.0,0.0,0.0,0,0.0,0.0,0.0,0.0,0.0,0,1.0,1.0,1.0,1.0,1.0,552,0.9999999999999997,1.0000000000000002,1.0,1.0,1.0000000000000002,552,0.0,0.0,0.0,0.0,0.0,0.0,0.0,0.0,0.0,0.0,0.0,0.0,0.0,1383.8638039997022
1797,17970359400000,4.0,10.0,4.637345679012346,4.0,7.0,648,0.0,0.0,0.0,0.0,0.0,0,0.0,0.0,0.0,0.0,0.0,0,1.0,1.0,1.0,1.0,1.0,552,0.9999999999999996,1.0000000000000004,1.0,1.0,1.0000000000000002,552,0.0,0.0,0.0,0.0,0.0,0.0,0.0,0.0,0.0,0.0,0.0,0.0,0.0,1321.4211209997302
1798,17980359600000,4.0,10.0,4.631172839506172,4.0,7.0,648,0.0,0.0,0.0,0.0,0.0,0,0.0,0.0,0.0,0.0,0.0,0,1.0,1.0,1.0,1.0,1.0,552,0.9999999999999996,1.0000000000000002,1.0,1.0,1.0000000000000002,552,0.0,0.0,0.0,0.0,0.0,0.0,0.0,0.0,0.0,0.0,0.0,0.0,0.0,1339.4999660013127
1799,17990359800000,4.0,10.0,4.632716049382716,4.0,7.0,648,0.0,0.0,0.0,0.0,0.0,0,0.0,0.0,0.0,0.0,0.0,0,1.0,1.0,1.0,1.0,1.0,552,0.9999999999999998,1.0000000000000004,1.0,1.0,1.0000000000000002,552,0.0,0.0,0.0,0.0,0.0,0.0,0.0,0.0,0.0,0.0,0.0,0.0,0.0,1313.345346999995
1800,18000360000000,4.0,10.0,4.628086419753086,4.0,7.0,648,0.0,0.0,0.0,0.0,0.0,0,0.0,0.0,0.0,0.0,0.0,0,1.0,1.0,1.0,1.0,1.0,552,0.9999999999999998,1.0000000000000004,1.0,1.0,1.0000000000000002,552,0.0,0.0,0.0,0.0,0.0,0.0,0.0,0.0,0.0,0.0,0.0,0.0,0.0,1363.2949629991344
1801,18010360200000,4.0,10.0,4.625,4.0,7.0,648,0.0,0.0,0.0,0.0,0.0,0,0.0,0.0,0.0,0.0,0.0,0,1.0,1.0,1.0,1.0,1.0,552,0.9999999999999996,1.0000000000000004,1.0,1.0,1.0000000000000002,552,0.0,0.0,0.0,0.0,0.0,0.0,0.0,0.0,0.0,0.0,0.0,0.0,0.0,1385.3424850003648
1802,18020360400000,4.0,10.0,4.632716049382716,4.0,7.0,648,0.0,0.0,0.0,0.0,0.0,0,0.0,0.0,0.0,0.0,0.0,0,1.0,1.0,1.0,1.0,1.0,552,0.9999999999999998,1.0000000000000002,1.0,1.0,1.0000000000000002,552,0.0,0.0,0.0,0.0,0.0,0.0,0.0,0.0,0.0,0.0,0.0,0.0,0.0,1348.6279469998408
1803,18030360600000,4.0,10.0,4.637345679012346,4.0,7.0,648,0.0,0.0,0.0,0.0,0.0,0,0.0,0.0,0.0,0.0,0.0,0,1.0,1.0,1.0,1.0,1.0,552,0.9999999999999998,1.0000000000000002,1.0,1.0,1.0000000000000002,552,0.0,0.0,0.0,0.0,0.0,0.0,0.0,0.0,0.0,0.0,0.0,0.0,0.0,1321.1195260009845
1804,18040360800000,4.0,10.0,4.638888888888889,4.0,7.0,648,0.0,0.0,0.0,0.0,0.0,0,0.0,0.0,0.0,0.0,0.0,0,1.0,1.0,1.0,1.0,1.0,552,0.9999999999999996,1.0000000000000002,1.0,1.0,1.0000000000000002,552,0.0,0.0,0.0,0.0,0.0,0.0,0.0,0.0,0.0,0.0,0.0,0.0,0.0,1334.494695000103
1805,18050361000000,4.0,10.0,4.645061728395062,4.0,7.0,648,0.0,0.0,0.0,0.0,0.0,0,0.0,0.0,0.0,0.0,0.0,0,1.0,1.0,1.0,1.0,1.0,552,0.9999999999999998,1.0000000000000002,1.0,1.0,1.0000000000000002,552,0.0,0.0,0.0,0.0,0.0,0.0,0.0,0.0,0.0,0.0,0.0,0.0,0.0,1344.0005860011297
1806,18060361200000,4.0,10.0,4.645061728395062,4.0,7.0,648,0.0,0.0,0.0,0.0,0.0,0,0.0,0.0,0.0,0.0,0.0,0,1.0,1.0,1.0,1.0,1.0,552,0.9999999999999997,1.0000000000000002,1.0,1.0,1.0000000000000002,552,0.0,0.0,0.0,0.0,0.0,0.0,0.0,0.0,0.0,0.0,0.0,0.0,0.0,1362.8429690015764
1807,18070361400000,4.0,10.0,4.638888888888889,4.0,7.0,648,0.0,0.0,0.0,0.0,0.0,0,0.0,0.0,0.0,0.0,0.0,0,1.0,1.0,1.0,1.0,1.0,552,0.9999999999999997,1.0000000000000002,1.0,1.0,1.0000000000000002,552,0.0,0.0,0.0,0.0,0.0,0.0,0.0,0.0,0.0,0.0,0.0,0.0,0.0,1362.881484999889
1808,18080361600000,4.0,10.0,4.6496913580246915,4.0,7.0,648,0.0,0.0,0.0,0.0,0.0,0,0.0,0.0,0.0,0.0,0.0,0,1.0,1.0,1.0,1.0,1.0,552,0.9999999999999997,1.0000000000000004,1.0,1.0,1.0000000000000002,552,0.0,0.0,0.0,0.0,0.0,0.0,0.0,0.0,0.0,0.0,0.0,0.0,0.0,1359.4170510004915
1809,18090361800000,4.0,10.0,4.652777777777778,4.0,7.0,648,0.0,0.0,0.0,0.0,0.0,0,0.0,0.0,0.0,0.0,0.0,0,1.0,1.0,1.0,1.0,1.0,552,0.9999999999999997,1.0000000000000002,1.0,1.0,1.0000000000000002,552,0.0,0.0,0.0,0.0,0.0,0.0,0.0,0.0,0.0,0.0,0.0,0.0,0.0,1344.2472709994036
1810,18100362000000,4.0,10.0,4.648148148148148,4.0,7.0,648,0.0,0.0,0.0,0.0,0.0,0,0.0,0.0,0.0,0.0,0.0,0,1.0,1.0,1.0,1.0,1.0,552,0.9999999999999997,1.0000000000000004,1.0,1.0,1.0000000000000002,552,0.0,0.0,0.0,0.0,0.0,0.0,0.0,0.0,0.0,0.0,0.0,0.0,0.0,1353.0489450004097
1811,18110362200000,4.0,10.0,4.637345679012346,4.0,7.0,648,0.0,0.0,0.0,0.0,0.0,0,0.0,0.0,0.0,0.0,0.0,0,1.0,1.0,1.0,1.0,1.0,552,0.9999999999999998,1.0000000000000004,1.0,1.0,1.0000000000000002,552,0.0,0.0,0.0,0.0,0.0,0.0,0.0,0.0,0.0,0.0,0.0,0.0,0.0,1362.4081730013131
1812,18120362400000,4.0,10.0,4.6342592592592595,4.0,7.0,648,0.0,0.0,0.0,0.0,0.0,0,0.0,0.0,0.0,0.0,0.0,0,1.0,1.0,1.0,1.0,1.0,552,0.9999999999999998,1.0000000000000002,1.0,1.0,1.0000000000000002,552,0.0,0.0,0.0,0.0,0.0,0.0,0.0,0.0,0.0,0.0,0.0,0.0,0.0,1372.3656999991363
1813,18130362600000,4.0,10.0,4.631172839506172,4.0,7.0,648,0.0,0.0,0.0,0.0,0.0,0,0.0,0.0,0.0,0.0,0.0,0,1.0,1.0,1.0,1.0,1.0,552,0.9999999999999996,1.0000000000000002,1.0,1.0,1.0000000000000002,552,0.0,0.0,0.0,0.0,0.0,0.0,0.0,0.0,0.0,0.0,0.0,0.0,0.0,1345.577914000387
1814,18140362800000,4.0,10.0,4.645061728395062,4.0,7.0,648,0.0,0.0,0.0,0.0,0.0,0,0.0,0.0,0.0,0.0,0.0,0,1.0,1.0,1.0,1.0,1.0,552,0.9999999999999997,1.0000000000000004,1.0,1.0,1.0000000000000002,552,0.0,0.0,0.0,0.0,0.0,0.0,0.0,0.0,0.0,0.0,0.0,0.0,0.0,1308.3661929995287
1815,18150363000000,4.0,10.0,4.643518518518518,4.0,7.0,648,0.0,0.0,0.0,0.0,0.0,0,0.0,0.0,0.0,0.0,0.0,0,1.0,1.0,1.0,1.0,1.0,552,0.9999999999999998,1.0000000000000002,1.0,1.0,1.0000000000000002,552,0.0,0.0,0.0,0.0,0.0,0.0,0.0,0.0,0.0,0.0,0.0,0.0,0.0,1298.32143800013
1816,18160363200000,4.0,10.0,4.638888888888889,4.0,7.0,648,0.0,0.0,0.0,0.0,0.0,0,0.0,0.0,0.0,0.0,0.0,0,1.0,1.0,1.0,1.0,1.0,552,0.9999999999999997,1.0000000000000004,1.0,1.0,1.0000000000000002,552,0.0,0.0,0.0,0.0,0.0,0.0,0.0,0.0,0.0,0.0,0.0,0.0,0.0,1363.9152609994198
1817,18170363400000,4.0,10.0,4.6342592592592595,4.0,7.0,648,0.0,0.0,0.0,0.0,0.0,0,0.0,0.0,0.0,0.0,0.0,0,1.0,1.0,1.0,1.0,1.0,552,0.9999999999999997,1.0000000000000002,1.0,1.0,1.0000000000000002,552,0.0,0.0,0.0,0.0,0.0,0.0,0.0,0.0,0.0,0.0,0.0,0.0,0.0,1355.5606810004974
1818,18180363600000,4.0,10.0,4.62962962962963,4.0,7.0,648,0.0,0.0,0.0,0.0,0.0,0,0.0,0.0,0.0,0.0,0.0,0,1.0,1.0,1.0,1.0,1.0,552,0.9999999999999997,1.0000000000000004,1.0,1.0,1.0000000000000002,552,0.0,0.0,0.0,0.0,0.0,0.0,0.0,0.0,0.0,0.0,0.0,0.0,0.0,1289.422736999768
1819,18190363800000,4.0,10.0,4.6234567901234565,4.0,7.0,648,0.0,0.0,0.0,0.0,0.0,0,0.0,0.0,0.0,0.0,0.0,0,1.0,1.0,1.0,1.0,1.0,552,0.9999999999999998,1.0000000000000004,1.0,1.0,1.0,552,0.0,0.0,0.0,0.0,0.0,0.0,0.0,0.0,0.0,0.0,0.0,0.0,0.0,1295.406021999952
1820,18200364000000,4.0,10.0,4.62962962962963,4.0,7.0,648,0.0,0.0,0.0,0.0,0.0,0,0.0,0.0,0.0,0.0,0.0,0,1.0,1.0,1.0,1.0,1.0,552,0.9999999999999998,1.0000000000000002,1.0,1.0,1.0000000000000002,552,0.0,0.0,0.0,0.0,0.0,0.0,0.0,0.0,0.0,0.0,0.0,0.0,0.0,1377.9616510000778
1821,18210364200000,4.0,10.0,4.635802469135802,4.0,7.0,648,0.0,0.0,0.0,0.0,0.0,0,0.0,0.0,0.0,0.0,0.0,0,1.0,1.0,1.0,1.0,1.0,552,0.9999999999999997,1.0000000000000002,1.0,1.0,1.0000000000000002,552,0.0,0.0,0.0,0.0,0.0,0.0,0.0,0.0,0.0,0.0,0.0,0.0,0.0,1352.643086000171
1822,18220364400000,4.0,10.0,4.6342592592592595,4.0,7.0,648,0.0,0.0,0.0,0.0,0.0,0,0.0,0.0,0.0,0.0,0.0,0,1.0,1.0,1.0,1.0,1.0,552,0.9999999999999998,1.0000000000000004,1.0,1.0,1.0000000000000002,552,0.0,0.0,0.0,0.0,0.0,0.0,0.0,0.0,0.0,0.0,0.0,0.0,0.0,1358.4887580000213
1823,18230364600000,4.0,10.0,4.632716049382716,4.0,7.0,648,0.0,0.0,0.0,0.0,0.0,0,0.0,0.0,0.0,0.0,0.0,0,1.0,1.0,1.0,1.0,1.0,552,0.9999999999999996,1.0000000000000002,1.0,1.0,1.0000000000000002,552,0.0,0.0,0.0,0.0,0.0,0.0,0.0,0.0,0.0,0.0,0.0,0.0,0.0,1351.5764660005516
1824,18240364800000,4.0,10.0,4.6342592592592595,4.0,7.0,648,0.0,0.0,0.0,0.0,0.0,0,0.0,0.0,0.0,0.0,0.0,0,1.0,1.0,1.0,1.0,1.0,552,0.9999999999999997,1.000006647404487,1.0000000120423993,1.0,1.0000000000000002,552,0.0,0.0,0.0,0.0,0.0,0.0,0.0,0.0,0.0,0.0,0.0,0.0,0.0,1342.7253710015066
1825,18250365000000,4.0,10.0,4.637345679012346,4.0,7.0,648,0.0,0.0,0.0,0.0,0.0,0,0.0,0.0,0.0,0.0,0.0,0,1.0,1.0,1.0,1.0,1.0,552,0.9999999999999998,1.0000000000000002,1.0,1.0,1.0000000000000002,552,0.0,0.0,0.0,0.0,0.0,0.0,0.0,0.0,0.0,0.0,0.0,0.0,0.0,1327.2237259989197
1826,18260365200000,4.0,10.0,4.645061728395062,4.0,7.0,648,0.0,0.0,0.0,0.0,0.0,0,0.0,0.0,0.0,0.0,0.0,0,1.0,1.0,1.0,1.0,1.0,552,0.9999999999999997,1.0000000000000004,1.0,1.0,1.0,552,0.0,0.0,0.0,0.0,0.0,0.0,0.0,0.0,0.0,0.0,0.0,0.0,0.0,1327.5061640015338
1827,18270365400000,4.0,10.0,4.654320987654321,4.0,7.0,648,0.0,0.0,0.0,0.0,0.0,0,0.0,0.0,0.0,0.0,0.0,0,1.0,1.0,1.0,1.0,1.0,552,0.9999999999999997,1.0000000000000002,1.0,1.0,1.0000000000000002,552,0.0,0.0,0.0,0.0,0.0,0.0,0.0,0.0,0.0,0.0,0.0,0.0,0.0,1384.9155199986853
1828,18280365600000,4.0,10.0,4.651234567901234,4.0,7.0,648,0.0,0.0,0.0,0.0,0.0,0,0.0,0.0,0.0,0.0,0.0,0,1.0,1.0,1.0,1.0,1.0,552,0.9999999999999997,1.0000000000000002,1.0,1.0,1.0000000000000002,552,0.0,0.0,0.0,0.0,0.0,0.0,0.0,0.0,0.0,0.0,0.0,0.0,0.0,1388.057079000646
1829,18290365800000,4.0,10.0,4.6419753086419755,4.0,7.0,648,0.0,0.0,0.0,0.0,0.0,0,0.0,0.0,0.0,0.0,0.0,0,1.0,1.0,1.0,1.0,1.0,552,0.9999999999999998,1.0000000000000004,1.0,1.0,1.0000000000000002,552,0.0,0.0,0.0,0.0,0.0,0.0,0.0,0.0,0.0,0.0,0.0,0.0,0.0,1315.9881430001406
1830,18300366000000,4.0,10.0,4.651234567901234,4.0,7.0,648,0.0,0.0,0.0,0.0,0.0,0,0.0,0.0,0.0,0.0,0.0,0,1.0,1.0,1.0,1.0,1.0,552,0.9999999999999997,1.0000000000000002,1.0,1.0,1.0000000000000002,552,0.0,0.0,0.0,0.0,0.0,0.0,0.0,0.0,0.0,0.0,0.0,0.0,0.0,1316.4923910007928
1831,18310366200000,4.0,10.0,4.645061728395062,4.0,7.0,648,0.0,0.0,0.0,0.0,0.0,0,0.0,0.0,0.0,0.0,0.0,0,1.0,1.0,1.0,1.0,1.0,552,0.9999999999999997,1.0000000000000002,1.0,1.0,1.0000000000000002,552,0.0,0.0,0.0,0.0,0.0,0.0,0.0,0.0,0.0,0.0,0.0,0.0,0.0,1320.5129449997912
1832,18320366400000,4.0,10.0,4.6496913580246915,4.0,7.0,648,0.0,0.0,0.0,0.0,0.0,0,0.0,0.0,0.0,0.0,0.0,0,1.0,1.0,1.0,1.0,1.0,552,0.9999999999999998,1.0000000000000004,1.0,1.0,1.0000000000000002,552,0.0,0.0,0.0,0.0,0.0,0.0,0.0,0.0,0.0,0.0,0.0,0.0,0.0,1421.131281000271
1833,18330366600000,4.0,10.0,4.643518518518518,4.0,7.0,648,0.0,0.0,0.0,0.0,0.0,0,0.0,0.0,0.0,0.0,0.0,0,1.0,1.0,1.0,1.0,1.0,552,0.9999999999999996,1.0000000000000002,1.0,1.0,1.0000000000000002,552,0.0,0.0,0.0,0.0,0.0,0.0,0.0,0.0,0.0,0.0,0.0,0.0,0.0,1364.5524430012301
1834,18340366800000,4.0,10.0,4.6419753086419755,4.0,7.0,648,0.0,0.0,0.0,0.0,0.0,0,0.0,0.0,0.0,0.0,0.0,0,1.0,1.0,1.0,1.0,1.0,552,0.9999999999999998,1.0000000000000002,1.0,1.0,1.0000000000000002,552,0.0,0.0,0.0,0.0,0.0,0.0,0.0,0.0,0.0,0.0,0.0,0.0,0.0,1325.1239719993464
1835,18350367000000,4.0,10.0,4.6419753086419755,4.0,7.0,648,0.0,0.0,0.0,0.0,0.0,0,0.0,0.0,0.0,0.0,0.0,0,1.0,1.0,1.0,1.0,1.0,552,0.9999999999999998,1.0000000000000002,1.0,1.0,1.0000000000000002,552,0.0,0.0,0.0,0.0,0.0,0.0,0.0,0.0,0.0,0.0,0.0,0.0,0.0,1318.901171998732
1836,18360367200000,4.0,10.0,4.6342592592592595,4.0,7.0,648,0.0,0.0,0.0,0.0,0.0,0,0.0,0.0,0.0,0.0,0.0,0,1.0,1.0,1.0,1.0,1.0,552,0.9999999999999998,1.0000000000000002,1.0,1.0,1.0000000000000002,552,0.0,0.0,0.0,0.0,0.0,0.0,0.0,0.0,0.0,0.0,0.0,0.0,0.0,1344.5238069998595
1837,18370367400000,4.0,10.0,4.62962962962963,4.0,7.0,648,0.0,0.0,0.0,0.0,0.0,0,0.0,0.0,0.0,0.0,0.0,0,1.0,1.0,1.0,1.0,1.0,552,0.9999999999999998,1.0000000000000002,1.0,1.0,1.0000000000000002,552,0.0,0.0,0.0,0.0,0.0,0.0,0.0,0.0,0.0,0.0,0.0,0.0,0.0,1361.5374290002364
1838,18380367600000,4.0,10.0,4.628086419753086,4.0,7.0,648,0.0,0.0,0.0,0.0,0.0,0,0.0,0.0,0.0,0.0,0.0,0,1.0,1.0,1.0,1.0,1.0,552,0.9999999999999997,1.0000000000000004,1.0,1.0,1.0000000000000002,552,0.0,0.0,0.0,0.0,0.0,0.0,0.0,0.0,0.0,0.0,0.0,0.0,0.0,1341.756969000926
1839,18390367800000,4.0,10.0,4.6265432098765435,4.0,7.0,648,0.0,0.0,0.0,0.0,0.0,0,0.0,0.0,0.0,0.0,0.0,0,1.0,1.0,1.0,1.0,1.0,552,0.9999999999999997,1.0000000000000002,1.0,1.0,1.0000000000000002,552,0.0,0.0,0.0,0.0,0.0,0.0,0.0,0.0,0.0,0.0,0.0,0.0,0.0,1311.2123659993813
1840,18400368000000,4.0,10.0,4.637345679012346,4.0,7.0,648,0.0,0.0,0.0,0.0,0.0,0,0.0,0.0,0.0,0.0,0.0,0,1.0,1.0,1.0,1.0,1.0,552,0.9999999999999997,1.0000000000000004,1.0,1.0,1.0000000000000002,552,0.0,0.0,0.0,0.0,0.0,0.0,0.0,0.0,0.0,0.0,0.0,0.0,0.0,1345.7236049998755
1841,18410368200000,4.0,10.0,4.631172839506172,4.0,7.0,648,0.0,0.0,0.0,0.0,0.0,0,0.0,0.0,0.0,0.0,0.0,0,1.0,1.0,1.0,1.0,1.0,552,0.9999999999999997,1.0000000000000002,1.0,1.0,1.0000000000000002,552,0.0,0.0,0.0,0.0,0.0,0.0,0.0,0.0,0.0,0.0,0.0,0.0,0.0,1325.6924340003025
1842,18420368400000,4.0,10.0,4.6342592592592595,4.0,7.0,648,0.0,0.0,0.0,0.0,0.0,0,0.0,0.0,0.0,0.0,0.0,0,1.0,1.0,1.0,1.0,1.0,552,0.9999999999999998,1.0000000000000002,1.0,1.0,1.0000000000000002,552,0.0,0.0,0.0,0.0,0.0,0.0,0.0,0.0,0.0,0.0,0.0,0.0,0.0,1351.9182550007827
1843,18430368600000,4.0,10.0,4.637345679012346,4.0,7.0,648,0.0,0.0,0.0,0.0,0.0,0,0.0,0.0,0.0,0.0,0.0,0,1.0,1.0,1.0,1.0,1.0,552,0.9999999999999998,1.0000000000000002,1.0,1.0,1.0000000000000002,552,0.0,0.0,0.0,0.0,0.0,0.0,0.0,0.0,0.0,0.0,0.0,0.0,0.0,1448.435532998701
1844,18440368800000,4.0,10.0,4.635802469135802,4.0,7.0,648,0.0,0.0,0.0,0.0,0.0,0,0.0,0.0,0.0,0.0,0.0,0,1.0,1.0,1.0,1.0,1.0,552,0.9999999999999996,1.0000000000000002,1.0,1.0,1.0,552,0.0,0.0,0.0,0.0,0.0,0.0,0.0,0.0,0.0,0.0,0.0,0.0,0.0,1321.473624000646
1845,18450369000000,4.0,10.0,4.646604938271605,4.0,7.0,648,0.0,0.0,0.0,0.0,0.0,0,0.0,0.0,0.0,0.0,0.0,0,1.0,1.0,1.0,1.0,1.0,552,0.9999999999999998,1.0000000000000002,1.0,1.0,1.0000000000000002,552,0.0,0.0,0.0,0.0,0.0,0.0,0.0,0.0,0.0,0.0,0.0,0.0,0.0,1317.2893650007609
1846,18460369200000,4.0,10.0,4.6496913580246915,4.0,7.0,648,0.0,0.0,0.0,0.0,0.0,0,0.0,0.0,0.0,0.0,0.0,0,1.0,1.0,1.0,1.0,1.0,552,0.9999999999999998,1.0000000000000002,1.0,1.0,1.0,552,0.0,0.0,0.0,0.0,0.0,0.0,0.0,0.0,0.0,0.0,0.0,0.0,0.0,1337.4563730012596
1847,18470369400000,4.0,10.0,4.643518518518518,4.0,7.0,648,0.0,0.0,0.0,0.0,0.0,0,0.0,0.0,0.0,0.0,0.0,0,1.0,1.0,1.0,1.0,1.0,552,0.9999999999999997,1.0000000000000004,1.0,1.0,1.0000000000000002,552,0.0,0.0,0.0,0.0,0.0,0.0,0.0,0.0,0.0,0.0,0.0,0.0,0.0,1411.353212000904
1848,18480369600000,4.0,10.0,4.643518518518518,4.0,7.0,648,0.0,0.0,0.0,0.0,0.0,0,0.0,0.0,0.0,0.0,0.0,0,1.0,1.0,1.0,1.0,1.0,552,0.9999999999999998,1.0000000000000004,1.0,1.0,1.0000000000000002,552,0.0,0.0,0.0,0.0,0.0,0.0,0.0,0.0,0.0,0.0,0.0,0.0,0.0,1365.0269629997638
1849,18490369800000,4.0,10.0,4.654320987654321,4.0,7.0,648,0.0,0.0,0.0,0.0,0.0,0,0.0,0.0,0.0,0.0,0.0,0,1.0,1.0,1.0,1.0,1.0,552,0.9999999999999998,1.0000000000000004,1.0,1.0,1.0000000000000002,552,0.0,0.0,0.0,0.0,0.0,0.0,0.0,0.0,0.0,0.0,0.0,0.0,0.0,1313.2441550005751
1850,18500370000000,4.0,10.0,4.651234567901234,4.0,7.0,648,0.0,0.0,0.0,0.0,0.0,0,0.0,0.0,0.0,0.0,0.0,0,1.0,1.0,1.0,1.0,1.0,552,0.9999999999999998,1.0000000000000002,1.0,1.0,1.0000000000000002,552,0.0,0.0,0.0,0.0,0.0,0.0,0.0,0.0,0.0,0.0,0.0,0.0,0.0,1318.290393001007
1851,18510370200000,4.0,10.0,4.635802469135802,4.0,7.0,648,0.0,0.0,0.0,0.0,0.0,0,0.0,0.0,0.0,0.0,0.0,0,1.0,1.0,1.0,1.0,1.0,552,0.9999999999999997,1.0000000000000002,1.0,1.0,1.0000000000000002,552,0.0,0.0,0.0,0.0,0.0,0.0,0.0,0.0,0.0,0.0,0.0,0.0,0.0,1354.4690669987176
1852,18520370400000,4.0,10.0,4.628086419753086,4.0,7.0,648,0.0,0.0,0.0,0.0,0.0,0,0.0,0.0,0.0,0.0,0.0,0,1.0,1.0,1.0,1.0,1.0,552,0.9999999999999997,1.0000000000000002,1.0,1.0,1.0000000000000002,552,0.0,0.0,0.0,0.0,0.0,0.0,0.0,0.0,0.0,0.0,0.0,0.0,0.0,1348.0192869992607
1853,18530370600000,4.0,10.0,4.6342592592592595,4.0,7.0,648,0.0,0.0,0.0,0.0,0.0,0,0.0,0.0,0.0,0.0,0.0,0,1.0,1.0,1.0,1.0,1.0,552,0.9999999999999998,1.0000000000000004,1.0,1.0,1.0000000000000002,552,0.0,0.0,0.0,0.0,0.0,0.0,0.0,0.0,0.0,0.0,0.0,0.0,0.0,1376.3460560003296
1854,18540370800000,4.0,10.0,4.635802469135802,4.0,7.0,648,0.0,0.0,0.0,0.0,0.0,0,0.0,0.0,0.0,0.0,0.0,0,1.0,1.0,1.0,1.0,1.0,552,0.9999999999999997,1.0000000000000004,1.0,1.0,1.0000000000000002,552,0.0,0.0,0.0,0.0,0.0,0.0,0.0,0.0,0.0,0.0,0.0,0.0,0.0,1267.221887001142
1855,18550371000000,4.0,10.0,4.6342592592592595,4.0,7.0,648,0.0,0.0,0.0,0.0,0.0,0,0.0,0.0,0.0,0.0,0.0,0,1.0,1.0,1.0,1.0,1.0,552,0.9999999999999997,1.0000000000000002,1.0,1.0,1.0,552,0.0,0.0,0.0,0.0,0.0,0.0,0.0,0.0,0.0,0.0,0.0,0.0,0.0,1295.3190059997723
1856,18560371200000,4.0,10.0,4.628086419753086,4.0,7.0,648,0.0,0.0,0.0,0.0,0.0,0,0.0,0.0,0.0,0.0,0.0,0,1.0,1.0,1.0,1.0,1.0,552,0.9999999999999998,1.0000000000000002,1.0,1.0,1.0000000000000002,552,0.0,0.0,0.0,0.0,0.0,0.0,0.0,0.0,0.0,0.0,0.0,0.0,0.0,1355.5864800000563
1857,18570371400000,4.0,10.0,4.6342592592592595,4.0,7.0,648,0.0,0.0,0.0,0.0,0.0,0,0.0,0.0,0.0,0.0,0.0,0,1.0,1.0,1.0,1.0,1.0,552,0.9999999999999996,1.0000000000000004,1.0,1.0,1.0000000000000002,552,0.0,0.0,0.0,0.0,0.0,0.0,0.0,0.0,0.0,0.0,0.0,0.0,0.0,1334.8875510000653
1858,18580371600000,4.0,10.0,4.638888888888889,4.0,7.0,648,0.0,0.0,0.0,0.0,0.0,0,0.0,0.0,0.0,0.0,0.0,0,1.0,1.0,1.0,1.0,1.0,552,0.9999999999999996,1.0000000000000002,1.0,1.0,1.0000000000000002,552,0.0,0.0,0.0,0.0,0.0,0.0,0.0,0.0,0.0,0.0,0.0,0.0,0.0,1366.6734170001291
1859,18590371800000,4.0,10.0,4.635802469135802,4.0,7.0,648,0.0,0.0,0.0,0.0,0.0,0,0.0,0.0,0.0,0.0,0.0,0,1.0,1.0,1.0,1.0,1.0,552,0.9999999999999997,1.0000000000000002,1.0,1.0,1.0000000000000002,552,0.0,0.0,0.0,0.0,0.0,0.0,0.0,0.0,0.0,0.0,0.0,0.0,0.0,1319.6882129996084
1860,18600372000000,4.0,10.0,4.631172839506172,4.0,7.0,648,0.0,0.0,0.0,0.0,0.0,0,0.0,0.0,0.0,0.0,0.0,0,1.0,1.0,1.0,1.0,1.0,552,0.9999999999999998,1.0000000000000004,1.0,1.0,1.0000000000000002,552,0.0,0.0,0.0,0.0,0.0,0.0,0.0,0.0,0.0,0.0,0.0,0.0,0.0,1304.2786179994437
1861,18610372200000,4.0,10.0,4.632716049382716,4.0,7.0,648,0.0,0.0,0.0,0.0,0.0,0,0.0,0.0,0.0,0.0,0.0,0,1.0,1.0,1.0,1.0,1.0,552,0.9999999999999997,1.0000000000000002,1.0,1.0,1.0000000000000002,552,0.0,0.0,0.0,0.0,0.0,0.0,0.0,0.0,0.0,0.0,0.0,0.0,0.0,1323.6262999998871
1862,18620372400000,4.0,10.0,4.6342592592592595,4.0,7.0,648,0.0,0.0,0.0,0.0,0.0,0,0.0,0.0,0.0,0.0,0.0,0,1.0,1.0,1.0,1.0,1.0,552,0.9999999999999997,1.0000000000000002,1.0,1.0,1.0000000000000002,552,0.0,0.0,0.0,0.0,0.0,0.0,0.0,0.0,0.0,0.0,0.0,0.0,0.0,1357.64972799916
1863,18630372600000,4.0,10.0,4.632716049382716,4.0,7.0,648,0.0,0.0,0.0,0.0,0.0,0,0.0,0.0,0.0,0.0,0.0,0,1.0,1.0,1.0,1.0,1.0,552,0.9999999999999996,1.0000000000000002,1.0,1.0,1.0000000000000002,552,0.0,0.0,0.0,0.0,0.0,0.0,0.0,0.0,0.0,0.0,0.0,0.0,0.0,1355.2938049997465
1864,18640372800000,4.0,10.0,4.637345679012346,4.0,7.0,648,0.0,0.0,0.0,0.0,0.0,0,0.0,0.0,0.0,0.0,0.0,0,1.0,1.0,1.0,1.0,1.0,552,0.9999999999999996,1.0000000000000004,1.0,1.0,1.0000000000000002,552,0.0,0.0,0.0,0.0,0.0,0.0,0.0,0.0,0.0,0.0,0.0,0.0,0.0,1384.5715879997442
1865,18650373000000,4.0,10.0,4.638888888888889,4.0,7.0,648,0.0,0.0,0.0,0.0,0.0,0,0.0,0.0,0.0,0.0,0.0,0,1.0,1.0,1.0,1.0,1.0,552,0.9999999999999997,1.0000000000000004,1.0,1.0,1.0000000000000002,552,0.0,0.0,0.0,0.0,0.0,0.0,0.0,0.0,0.0,0.0,0.0,0.0,0.0,1316.3295110007311
1866,18660373200000,4.0,10.0,4.6419753086419755,4.0,7.0,648,0.0,0.0,0.0,0.0,0.0,0,0.0,0.0,0.0,0.0,0.0,0,1.0,1.0,1.0,1.0,1.0,552,0.9999999999999997,1.0000000000000004,1.0,1.0,1.0000000000000002,552,0.0,0.0,0.0,0.0,0.0,0.0,0.0,0.0,0.0,0.0,0.0,0.0,0.0,1307.9758980002225
1867,18670373400000,4.0,10.0,4.640432098765432,4.0,7.0,648,0.0,0.0,0.0,0.0,0.0,0,0.0,0.0,0.0,0.0,0.0,0,1.0,1.0,1.0,1.0,1.0,552,0.9999999999999997,1.0000000000000002,1.0,1.0,1.0000000000000002,552,0.0,0.0,0.0,0.0,0.0,0.0,0.0,0.0,0.0,0.0,0.0,0.0,0.0,1315.9833080007957
1868,18680373600000,4.0,10.0,4.638888888888889,4.0,7.0,648,0.0,0.0,0.0,0.0,0.0,0,0.0,0.0,0.0,0.0,0.0,0,1.0,1.0,1.0,1.0,1.0,552,0.9999999999999997,1.0000000000000004,1.0,1.0,1.0000000000000002,552,0.0,0.0,0.0,0.0,0.0,0.0,0.0,0.0,0.0,0.0,0.0,0.0,0.0,1369.637955998769
1869,18690373800000,4.0,10.0,4.635802469135802,4.0,7.0,648,0.0,0.0,0.0,0.0,0.0,0,0.0,0.0,0.0,0.0,0.0,0,1.0,1.0,1.0,1.0,1.0,552,0.9999999999999996,1.0000000000000004,1.0,1.0,1.0000000000000002,552,0.0,0.0,0.0,0.0,0.0,0.0,0.0,0.0,0.0,0.0,0.0,0.0,0.0,1353.8533810005902
1870,18700374000000,4.0,10.0,4.635802469135802,4.0,7.0,648,0.0,0.0,0.0,0.0,0.0,0,0.0,0.0,0.0,0.0,0.0,0,1.0,1.0,1.0,1.0,1.0,552,0.9999999999999998,1.0000000000000004,1.0,1.0,1.0000000000000002,552,0.0,0.0,0.0,0.0,0.0,0.0,0.0,0.0,0.0,0.0,0.0,0.0,0.0,1321.326934001263
1871,18710374200000,4.0,10.0,4.635802469135802,4.0,7.0,648,0.0,0.0,0.0,0.0,0.0,0,0.0,0.0,0.0,0.0,0.0,0,1.0,1.0,1.0,1.0,1.0,552,0.9999999999999998,1.0000000000000002,1.0,1.0,1.0000000000000002,552,0.0,0.0,0.0,0.0,0.0,0.0,0.0,0.0,0.0,0.0,0.0,0.0,0.0,1317.2952019995137
1872,18720374400000,4.0,10.0,4.638888888888889,4.0,7.0,648,0.0,0.0,0.0,0.0,0.0,0,0.0,0.0,0.0,0.0,0.0,0,1.0,1.0,1.0,1.0,1.0,552,0.9999999999999998,1.0000000000000002,1.0,1.0,1.0000000000000002,552,0.0,0.0,0.0,0.0,0.0,0.0,0.0,0.0,0.0,0.0,0.0,0.0,0.0,1349.55507199993
1873,18730374600000,4.0,10.0,4.635802469135802,4.0,7.0,648,0.0,0.0,0.0,0.0,0.0,0,0.0,0.0,0.0,0.0,0.0,0,1.0,1.0,1.0,1.0,1.0,552,0.9999999999999996,1.0000000000000002,1.0,1.0,1.0000000000000002,552,0.0,0.0,0.0,0.0,0.0,0.0,0.0,0.0,0.0,0.0,0.0,0.0,0.0,1531.674779000241
1874,18740374800000,4.0,10.0,4.6342592592592595,4.0,7.0,648,0.0,0.0,0.0,0.0,0.0,0,0.0,0.0,0.0,0.0,0.0,0,1.0,1.0,1.0,1.0,1.0,552,0.9999999999999998,1.0000000000000002,1.0,1.0,1.0000000000000002,552,0.0,0.0,0.0,0.0,0.0,0.0,0.0,0.0,0.0,0.0,0.0,0.0,0.0,1360.9553410005901
1875,18750375000000,4.0,10.0,4.6419753086419755,4.0,7.0,648,0.0,0.0,0.0,0.0,0.0,0,0.0,0.0,0.0,0.0,0.0,0,1.0,1.0,1.0,1.0,1.0,552,0.9999999999999997,1.0000000000000002,1.0,1.0,1.0000000000000002,552,0.0,0.0,0.0,0.0,0.0,0.0,0.0,0.0,0.0,0.0,0.0,0.0,0.0,1370.0868029991398
1876,18760375200000,4.0,10.0,4.643518518518518,4.0,7.0,648,0.0,0.0,0.0,0.0,0.0,0,0.0,0.0,0.0,0.0,0.0,0,1.0,1.0,1.0,1.0,1.0,552,0.9999999999999997,1.0000000000000004,1.0,1.0,1.0000000000000002,552,0.0,0.0,0.0,0.0,0.0,0.0,0.0,0.0,0.0,0.0,0.0,0.0,0.0,1350.1455389996408
1877,18770375400000,4.0,10.0,4.646604938271605,4.0,7.0,648,0.0,0.0,0.0,0.0,0.0,0,0.0,0.0,0.0,0.0,0.0,0,1.0,1.0,1.0,1.0,1.0,552,0.9999999999999997,1.0000000000000002,1.0,1.0,1.0000000000000002,552,0.0,0.0,0.0,0.0,0.0,0.0,0.0,0.0,0.0,0.0,0.0,0.0,0.0,1323.9728990010917
1878,18780375600000,4.0,10.0,4.638888888888889,4.0,7.0,648,0.0,0.0,0.0,0.0,0.0,0,0.0,0.0,0.0,0.0,0.0,0,1.0,1.0,1.0,1.0,1.0,552,0.9999999999999997,1.0000000000000004,1.0,1.0,1.0000000000000002,552,0.0,0.0,0.0,0.0,0.0,0.0,0.0,0.0,0.0,0.0,0.0,0.0,0.0,1320.7964289995289
1879,18790375800000,4.0,10.0,4.635802469135802,4.0,7.0,648,0.0,0.0,0.0,0.0,0.0,0,0.0,0.0,0.0,0.0,0.0,0,1.0,1.0,1.0,1.0,1.0,552,0.9999999999999997,1.0000000000000002,1.0,1.0,1.0000000000000002,552,0.0,0.0,0.0,0.0,0.0,0.0,0.0,0.0,0.0,0.0,0.0,0.0,0.0,1439.7263530008786
1880,18800376000000,4.0,10.0,4.635802469135802,4.0,7.0,648,0.0,0.0,0.0,0.0,0.0,0,0.0,0.0,0.0,0.0,0.0,0,1.0,1.0,1.0,1.0,1.0,552,0.9999999999999997,1.0000000000000002,1.0,1.0,1.0000000000000002,552,0.0,0.0,0.0,0.0,0.0,0.0,0.0,0.0,0.0,0.0,0.0,0.0,0.0,1367.5919239994982
1881,18810376200000,4.0,10.0,4.632716049382716,4.0,7.0,648,0.0,0.0,0.0,0.0,0.0,0,0.0,0.0,0.0,0.0,0.0,0,1.0,1.0,1.0,1.0,1.0,552,0.9999999999999997,1.0000000000000004,1.0,1.0,1.0000000000000002,552,0.0,0.0,0.0,0.0,0.0,0.0,0.0,0.0,0.0,0.0,0.0,0.0,0.0,1320.197602000917
1882,18820376400000,4.0,10.0,4.6419753086419755,4.0,7.0,648,0.0,0.0,0.0,0.0,0.0,0,0.0,0.0,0.0,0.0,0.0,0,1.0,1.0,1.0,1.0,1.0,552,0.9999999999999997,1.0000000000000002,1.0,1.0,1.0000000000000002,552,0.0,0.0,0.0,0.0,0.0,0.0,0.0,0.0,0.0,0.0,0.0,0.0,0.0,1311.111188000723
1883,18830376600000,4.0,10.0,4.640432098765432,4.0,7.0,648,0.0,0.0,0.0,0.0,0.0,0,0.0,0.0,0.0,0.0,0.0,0,1.0,1.0,1.0,1.0,1.0,552,0.9999999999999997,1.0000000000000002,1.0,1.0,1.0000000000000002,552,0.0,0.0,0.0,0.0,0.0,0.0,0.0,0.0,0.0,0.0,0.0,0.0,0.0,1322.5323610004125
1884,18840376800000,4.0,10.0,4.640432098765432,4.0,7.0,648,0.0,0.0,0.0,0.0,0.0,0,0.0,0.0,0.0,0.0,0.0,0,1.0,1.0,1.0,1.0,1.0,552,0.9999999999999997,1.0000000000000004,1.0,1.0,1.0000000000000002,552,0.0,0.0,0.0,0.0,0.0,0.0,0.0,0.0,0.0,0.0,0.0,0.0,0.0,1380.01740800064
1885,18850377000000,4.0,10.0,4.635802469135802,4.0,7.0,648,0.0,0.0,0.0,0.0,0.0,0,0.0,0.0,0.0,0.0,0.0,0,1.0,1.0,1.0,1.0,1.0,552,0.9999999999999997,1.0000000000000004,1.0,1.0,1.0000000000000002,552,0.0,0.0,0.0,0.0,0.0,0.0,0.0,0.0,0.0,0.0,0.0,0.0,0.0,1375.2221719987574
1886,18860377200000,4.0,10.0,4.635802469135802,4.0,7.0,648,0.0,0.0,0.0,0.0,0.0,0,0.0,0.0,0.0,0.0,0.0,0,1.0,1.0,1.0,1.0,1.0,552,0.9999999999999997,1.0000000000000004,1.0,1.0,1.0000000000000002,552,0.0,0.0,0.0,0.0,0.0,0.0,0.0,0.0,0.0,0.0,0.0,0.0,0.0,1303.7987730003806
1887,18870377400000,4.0,10.0,4.632716049382716,4.0,7.0,648,0.0,0.0,0.0,0.0,0.0,0,0.0,0.0,0.0,0.0,0.0,0,1.0,1.0,1.0,1.0,1.0,552,0.9999999999999998,1.0000000000000002,1.0,1.0,1.0000000000000002,552,0.0,0.0,0.0,0.0,0.0,0.0,0.0,0.0,0.0,0.0,0.0,0.0,0.0,1288.3629279986053
1888,18880377600000,4.0,10.0,4.631172839506172,4.0,7.0,648,0.0,0.0,0.0,0.0,0.0,0,0.0,0.0,0.0,0.0,0.0,0,1.0,1.0,1.0,1.0,1.0,552,0.9999999999999996,1.0000000000000002,1.0,1.0,1.0000000000000002,552,0.0,0.0,0.0,0.0,0.0,0.0,0.0,0.0,0.0,0.0,0.0,0.0,0.0,1312.1957519997522
1889,18890377800000,4.0,10.0,4.635802469135802,4.0,7.0,648,0.0,0.0,0.0,0.0,0.0,0,0.0,0.0,0.0,0.0,0.0,0,1.0,1.0,1.0,1.0,1.0,552,0.9999999999999997,1.0000000000000002,1.0,1.0,1.0,552,0.0,0.0,0.0,0.0,0.0,0.0,0.0,0.0,0.0,0.0,0.0,0.0,0.0,1338.5179750002862
1890,18900378000000,4.0,10.0,4.6419753086419755,4.0,7.0,648,0.0,0.0,0.0,0.0,0.0,0,0.0,0.0,0.0,0.0,0.0,0,1.0,1.0,1.0,1.0,1.0,552,0.9999999999999996,1.0000000000000002,1.0,1.0,1.0000000000000002,552,0.0,0.0,0.0,0.0,0.0,0.0,0.0,0.0,0.0,0.0,0.0,0.0,0.0,1317.3366270002589
1891,18910378200000,4.0,10.0,4.643518518518518,4.0,7.0,648,0.0,0.0,0.0,0.0,0.0,0,0.0,0.0,0.0,0.0,0.0,0,1.0,1.0,1.0,1.0,1.0,552,0.9999999999999997,1.0000000000000002,1.0,1.0,1.0000000000000002,552,0.0,0.0,0.0,0.0,0.0,0.0,0.0,0.0,0.0,0.0,0.0,0.0,0.0,1308.9447349993861
1892,18920378400000,4.0,10.0,4.635802469135802,4.0,7.0,648,0.0,0.0,0.0,0.0,0.0,0,0.0,0.0,0.0,0.0,0.0,0,1.0,1.0,1.0,1.0,1.0,552,0.9999999999999996,1.0000000000000002,1.0,1.0,1.0000000000000002,552,0.0,0.0,0.0,0.0,0.0,0.0,0.0,0.0,0.0,0.0,0.0,0.0,0.0,1344.8677419983142
1893,18930378600000,4.0,10.0,4.6419753086419755,4.0,7.0,648,0.0,0.0,0.0,0.0,0.0,0,0.0,0.0,0.0,0.0,0.0,0,1.0,1.0,1.0,1.0,1.0,552,0.9999999999999997,1.0000000000000002,1.0,1.0,1.0000000000000002,552,0.0,0.0,0.0,0.0,0.0,0.0,0.0,0.0,0.0,0.0,0.0,0.0,0.0,1304.9833940003737
1894,18940378800000,4.0,10.0,4.643518518518518,4.0,7.0,648,0.0,0.0,0.0,0.0,0.0,0,0.0,0.0,0.0,0.0,0.0,0,1.0,1.0,1.0,1.0,1.0,552,0.9999999999999997,1.0000000000000004,1.0,1.0,1.0000000000000002,552,0.0,0.0,0.0,0.0,0.0,0.0,0.0,0.0,0.0,0.0,0.0,0.0,0.0,1356.5102859993203
1895,18950379000000,4.0,10.0,4.6496913580246915,4.0,7.0,648,0.0,0.0,0.0,0.0,0.0,0,0.0,0.0,0.0,0.0,0.0,0,1.0,1.0,1.0,1.0,1.0,552,0.9999999999999998,1.0000000000000002,1.0,1.0,1.0000000000000002,552,0.0,0.0,0.0,0.0,0.0,0.0,0.0,0.0,0.0,0.0,0.0,0.0,0.0,1361.1333970002306
1896,18960379200000,4.0,10.0,4.646604938271605,4.0,7.0,648,0.0,0.0,0.0,0.0,0.0,0,0.0,0.0,0.0,0.0,0.0,0,1.0,1.0,1.0,1.0,1.0,552,0.9999999999999997,1.0000000000000002,1.0,1.0,1.0000000000000002,552,0.0,0.0,0.0,0.0,0.0,0.0,0.0,0.0,0.0,0.0,0.0,0.0,0.0,1345.2302629993937
1897,18970379400000,4.0,10.0,4.6419753086419755,4.0,7.0,648,0.0,0.0,0.0,0.0,0.0,0,0.0,0.0,0.0,0.0,0.0,0,1.0,1.0,1.0,1.0,1.0,552,0.9999999999999998,1.0000000000000002,1.0,1.0,1.0000000000000002,552,0.0,0.0,0.0,0.0,0.0,0.0,0.0,0.0,0.0,0.0,0.0,0.0,0.0,1323.9932950000366
1898,18980379600000,4.0,10.0,4.6342592592592595,4.0,7.0,648,0.0,0.0,0.0,0.0,0.0,0,0.0,0.0,0.0,0.0,0.0,0,1.0,1.0,1.0,1.0,1.0,552,0.9999999999999997,1.0000000000000002,1.0,1.0,1.0000000000000002,552,0.0,0.0,0.0,0.0,0.0,0.0,0.0,0.0,0.0,0.0,0.0,0.0,0.0,1329.2141029996856
1899,18990379800000,4.0,10.0,4.645061728395062,4.0,7.0,648,0.0,0.0,0.0,0.0,0.0,0,0.0,0.0,0.0,0.0,0.0,0,1.0,1.0,1.0,1.0,1.0,552,0.9999999999999998,1.0000000000000002,1.0,1.0,1.0000000000000002,552,0.0,0.0,0.0,0.0,0.0,0.0,0.0,0.0,0.0,0.0,0.0,0.0,0.0,1363.2299239998247
1900,19000380000000,4.0,10.0,4.638888888888889,4.0,7.0,648,0.0,0.0,0.0,0.0,0.0,0,0.0,0.0,0.0,0.0,0.0,0,1.0,1.0,1.0,1.0,1.0,552,0.9999999999999998,1.0000000000000002,1.0,1.0,1.0000000000000002,552,0.0,0.0,0.0,0.0,0.0,0.0,0.0,0.0,0.0,0.0,0.0,0.0,0.0,1381.6084769987356
1901,19010380200000,4.0,10.0,4.646604938271605,4.0,7.0,648,0.0,0.0,0.0,0.0,0.0,0,0.0,0.0,0.0,0.0,0.0,0,1.0,1.0,1.0,1.0,1.0,552,0.9999999999999997,1.0000000000000002,1.0,1.0,1.0000000000000002,552,0.0,0.0,0.0,0.0,0.0,0.0,0.0,0.0,0.0,0.0,0.0,0.0,0.0,1295.806440000888
1902,19020380400000,4.0,10.0,4.638888888888889,4.0,7.0,648,0.0,0.0,0.0,0.0,0.0,0,0.0,0.0,0.0,0.0,0.0,0,1.0,1.0,1.0,1.0,1.0,552,0.9999999999999998,1.0000000000000002,1.0,1.0,1.0000000000000002,552,0.0,0.0,0.0,0.0,0.0,0.0,0.0,0.0,0.0,0.0,0.0,0.0,0.0,1294.9190379986248
1903,19030380600000,4.0,10.0,4.638888888888889,4.0,7.0,648,0.0,0.0,0.0,0.0,0.0,0,0.0,0.0,0.0,0.0,0.0,0,1.0,1.0,1.0,1.0,1.0,552,0.9999999999999998,1.0000000000000002,1.0,1.0,1.0000000000000002,552,0.0,0.0,0.0,0.0,0.0,0.0,0.0,0.0,0.0,0.0,0.0,0.0,0.0,1313.838983000096
1904,19040380800000,4.0,10.0,4.632716049382716,4.0,7.0,648,0.0,0.0,0.0,0.0,0.0,0,0.0,0.0,0.0,0.0,0.0,0,1.0,1.0,1.0,1.0,1.0,552,0.9999999999999998,1.0000000000000002,1.0,1.0,1.0000000000000002,552,0.0,0.0,0.0,0.0,0.0,0.0,0.0,0.0,0.0,0.0,0.0,0.0,0.0,1367.8275880010915
1905,19050381000000,4.0,10.0,4.640432098765432,4.0,7.0,648,0.0,0.0,0.0,0.0,0.0,0,0.0,0.0,0.0,0.0,0.0,0,1.0,1.0,1.0,1.0,1.0,552,0.9999999999999997,1.0000000000000002,1.0,1.0,1.0000000000000002,552,0.0,0.0,0.0,0.0,0.0,0.0,0.0,0.0,0.0,0.0,0.0,0.0,0.0,1311.3454310005181
1906,19060381200000,4.0,10.0,4.632716049382716,4.0,7.0,648,0.0,0.0,0.0,0.0,0.0,0,0.0,0.0,0.0,0.0,0.0,0,1.0,1.0,1.0,1.0,1.0,552,0.9999999999999997,1.0000000000000002,1.0,1.0,1.0000000000000002,552,0.0,0.0,0.0,0.0,0.0,0.0,0.0,0.0,0.0,0.0,0.0,0.0,0.0,1279.3558499997744
1907,19070381400000,4.0,10.0,4.638888888888889,4.0,7.0,648,0.0,0.0,0.0,0.0,0.0,0,0.0,0.0,0.0,0.0,0.0,0,1.0,1.0,1.0,1.0,1.0,552,0.9999999999999997,1.0000000000000002,1.0,1.0,1.0000000000000002,552,0.0,0.0,0.0,0.0,0.0,0.0,0.0,0.0,0.0,0.0,0.0,0.0,0.0,1295.9401410007558
1908,19080381600000,4.0,10.0,4.643518518518518,4.0,7.0,648,0.0,0.0,0.0,0.0,0.0,0,0.0,0.0,0.0,0.0,0.0,0,1.0,1.0,1.0,1.0,1.0,552,0.9999999999999997,1.0000000000000002,1.0,1.0,1.0,552,0.0,0.0,0.0,0.0,0.0,0.0,0.0,0.0,0.0,0.0,0.0,0.0,0.0,1337.0315430001938
1909,19090381800000,4.0,10.0,4.6419753086419755,4.0,7.0,648,0.0,0.0,0.0,0.0,0.0,0,0.0,0.0,0.0,0.0,0.0,0,1.0,1.0,1.0,1.0,1.0,552,0.9999999999999997,1.0000000000000004,1.0,1.0,1.0000000000000002,552,0.0,0.0,0.0,0.0,0.0,0.0,0.0,0.0,0.0,0.0,0.0,0.0,0.0,1356.9404819991178
1910,19100382000000,4.0,10.0,4.645061728395062,4.0,7.0,648,0.0,0.0,0.0,0.0,0.0,0,0.0,0.0,0.0,0.0,0.0,0,1.0,1.0,1.0,1.0,1.0,552,0.9999999999999998,1.0000000000000004,1.0,1.0,1.0000000000000002,552,0.0,0.0,0.0,0.0,0.0,0.0,0.0,0.0,0.0,0.0,0.0,0.0,0.0,1317.283745000168
1911,19110382200000,4.0,10.0,4.6496913580246915,4.0,7.0,648,0.0,0.0,0.0,0.0,0.0,0,0.0,0.0,0.0,0.0,0.0,0,1.0,1.0,1.0,1.0,1.0,552,0.9999999999999998,1.0000000000000002,1.0,1.0,1.0000000000000002,552,0.0,0.0,0.0,0.0,0.0,0.0,0.0,0.0,0.0,0.0,0.0,0.0,0.0,1284.3608909988689
1912,19120382400000,4.0,10.0,4.654320987654321,4.0,7.0,648,0.0,0.0,0.0,0.0,0.0,0,0.0,0.0,0.0,0.0,0.0,0,1.0,1.0,1.0,1.0,1.0,552,0.9999999999999997,1.0000000000000002,1.0,1.0,1.0000000000000002,552,0.0,0.0,0.0,0.0,0.0,0.0,0.0,0.0,0.0,0.0,0.0,0.0,0.0,1411.0212640007376
1913,19130382600000,4.0,10.0,4.646604938271605,4.0,7.0,648,0.0,0.0,0.0,0.0,0.0,0,0.0,0.0,0.0,0.0,0.0,0,1.0,1.0,1.0,1.0,1.0,552,0.9999999999999997,1.0000000000000002,1.0,1.0,1.0000000000000002,552,0.0,0.0,0.0,0.0,0.0,0.0,0.0,0.0,0.0,0.0,0.0,0.0,0.0,1373.0528820015024
1914,19140382800000,4.0,10.0,4.6419753086419755,4.0,7.0,648,0.0,0.0,0.0,0.0,0.0,0,0.0,0.0,0.0,0.0,0.0,0,1.0,1.0,1.0,1.0,1.0,552,0.9999999999999997,1.0000000000000002,1.0,1.0,1.0000000000000002,552,0.0,0.0,0.0,0.0,0.0,0.0,0.0,0.0,0.0,0.0,0.0,0.0,0.0,1371.382965999146
1915,19150383000000,4.0,10.0,4.638888888888889,4.0,7.0,648,0.0,0.0,0.0,0.0,0.0,0,0.0,0.0,0.0,0.0,0.0,0,1.0,1.0,1.0,1.0,1.0,552,0.9999999999999997,1.0000000000000004,1.0,1.0,1.0000000000000002,552,0.0,0.0,0.0,0.0,0.0,0.0,0.0,0.0,0.0,0.0,0.0,0.0,0.0,1368.1620249990374
1916,19160383200000,4.0,10.0,4.637345679012346,4.0,7.0,648,0.0,0.0,0.0,0.0,0.0,0,0.0,0.0,0.0,0.0,0.0,0,1.0,1.0,1.0,1.0,1.0,552,0.9999999999999997,1.0000000000000002,1.0,1.0,1.0000000000000002,552,0.0,0.0,0.0,0.0,0.0,0.0,0.0,0.0,0.0,0.0,0.0,0.0,0.0,1329.2902639987005
1917,19170383400000,4.0,10.0,4.640432098765432,4.0,7.0,648,0.0,0.0,0.0,0.0,0.0,0,0.0,0.0,0.0,0.0,0.0,0,1.0,1.0,1.0,1.0,1.0,552,0.9999999999999996,1.0000000000000004,1.0,1.0,1.0000000000000002,552,0.0,0.0,0.0,0.0,0.0,0.0,0.0,0.0,0.0,0.0,0.0,0.0,0.0,1319.311708000896
1918,19180383600000,4.0,10.0,4.6342592592592595,4.0,7.0,648,0.0,0.0,0.0,0.0,0.0,0,0.0,0.0,0.0,0.0,0.0,0,1.0,1.0,1.0,1.0,1.0,552,0.9999999999999996,1.0000000000000002,1.0,1.0,1.0,552,0.0,0.0,0.0,0.0,0.0,0.0,0.0,0.0,0.0,0.0,0.0,0.0,0.0,1317.1643940004287
1919,19190383800000,4.0,10.0,4.637345679012346,4.0,7.0,648,0.0,0.0,0.0,0.0,0.0,0,0.0,0.0,0.0,0.0,0.0,0,1.0,1.0,1.0,1.0,1.0,552,0.9999999999999998,1.0000000000000002,1.0,1.0,1.0000000000000002,552,0.0,0.0,0.0,0.0,0.0,0.0,0.0,0.0,0.0,0.0,0.0,0.0,0.0,1333.475540001018
1920,19200384000000,4.0,10.0,4.637345679012346,4.0,7.0,648,0.0,0.0,0.0,0.0,0.0,0,0.0,0.0,0.0,0.0,0.0,0,1.0,1.0,1.0,1.0,1.0,552,0.9999999999999997,1.0000000000000002,1.0,1.0,1.0000000000000002,552,0.0,0.0,0.0,0.0,0.0,0.0,0.0,0.0,0.0,0.0,0.0,0.0,0.0,1388.8620779998746
1921,19210384200000,4.0,10.0,4.632716049382716,4.0,7.0,648,0.0,0.0,0.0,0.0,0.0,0,0.0,0.0,0.0,0.0,0.0,0,1.0,1.0,1.0,1.0,1.0,552,0.9999999999999997,1.0000000000000002,1.0,1.0,1.0000000000000002,552,0.0,0.0,0.0,0.0,0.0,0.0,0.0,0.0,0.0,0.0,0.0,0.0,0.0,1309.3421419998776
1922,19220384400000,4.0,10.0,4.6342592592592595,4.0,7.0,648,0.0,0.0,0.0,0.0,0.0,0,0.0,0.0,0.0,0.0,0.0,0,1.0,1.0,1.0,1.0,1.0,552,0.9999999999999996,1.0000000000000002,1.0,1.0,1.0000000000000002,552,0.0,0.0,0.0,0.0,0.0,0.0,0.0,0.0,0.0,0.0,0.0,0.0,0.0,1311.933279999721
1923,19230384600000,4.0,10.0,4.635802469135802,4.0,7.0,648,0.0,0.0,0.0,0.0,0.0,0,0.0,0.0,0.0,0.0,0.0,0,1.0,1.0,1.0,1.0,1.0,552,0.9999999999999998,1.0000000000000004,1.0,1.0,1.0,552,0.0,0.0,0.0,0.0,0.0,0.0,0.0,0.0,0.0,0.0,0.0,0.0,0.0,1317.9609150010947
1924,19240384800000,4.0,10.0,4.6419753086419755,4.0,7.0,648,0.0,0.0,0.0,0.0,0.0,0,0.0,0.0,0.0,0.0,0.0,0,1.0,1.0,1.0,1.0,1.0,552,0.9999999999999997,1.0000000000000002,1.0,1.0,1.0000000000000002,552,0.0,0.0,0.0,0.0,0.0,0.0,0.0,0.0,0.0,0.0,0.0,0.0,0.0,1372.3589629989874
1925,19250385000000,4.0,10.0,4.637345679012346,4.0,7.0,648,0.0,0.0,0.0,0.0,0.0,0,0.0,0.0,0.0,0.0,0.0,0,1.0,1.0,1.0,1.0,1.0,552,0.9999999999999998,1.0000000000000002,1.0,1.0,1.0000000000000002,552,0.0,0.0,0.0,0.0,0.0,0.0,0.0,0.0,0.0,0.0,0.0,0.0,0.0,1353.5757139998168
1926,19260385200000,4.0,10.0,4.635802469135802,4.0,7.0,648,0.0,0.0,0.0,0.0,0.0,0,0.0,0.0,0.0,0.0,0.0,0,1.0,1.0,1.0,1.0,1.0,552,0.9999999999999997,1.0000000000000002,1.0,1.0,1.0000000000000002,552,0.0,0.0,0.0,0.0,0.0,0.0,0.0,0.0,0.0,0.0,0.0,0.0,0.0,1290.8770119993278
1927,19270385400000,4.0,10.0,4.645061728395062,4.0,7.0,648,0.0,0.0,0.0,0.0,0.0,0,0.0,0.0,0.0,0.0,0.0,0,1.0,1.0,1.0,1.0,1.0,552,0.9999999999999997,1.0000000000000002,1.0,1.0,1.0000000000000002,552,0.0,0.0,0.0,0.0,0.0,0.0,0.0,0.0,0.0,0.0,0.0,0.0,0.0,1291.4895189987874
1928,19280385600000,4.0,10.0,4.645061728395062,4.0,7.0,648,0.0,0.0,0.0,0.0,0.0,0,0.0,0.0,0.0,0.0,0.0,0,1.0,1.0,1.0,1.0,1.0,552,0.9999999999999996,1.0000000000000004,1.0,1.0,1.0000000000000002,552,0.0,0.0,0.0,0.0,0.0,0.0,0.0,0.0,0.0,0.0,0.0,0.0,0.0,1330.638743000236
1929,19290385800000,4.0,10.0,4.6496913580246915,4.0,7.0,648,0.0,0.0,0.0,0.0,0.0,0,0.0,0.0,0.0,0.0,0.0,0,1.0,1.0,1.0,1.0,1.0,552,0.9999999999999998,1.0000000000000002,1.0,1.0,1.0000000000000002,552,0.0,0.0,0.0,0.0,0.0,0.0,0.0,0.0,0.0,0.0,0.0,0.0,0.0,1339.5998280011554
1930,19300386000000,4.0,10.0,4.6496913580246915,4.0,7.0,648,0.0,0.0,0.0,0.0,0.0,0,0.0,0.0,0.0,0.0,0.0,0,1.0,1.0,1.0,1.0,1.0,552,0.9999999999999997,1.0000000000000004,1.0,1.0,1.0000000000000002,552,0.0,0.0,0.0,0.0,0.0,0.0,0.0,0.0,0.0,0.0,0.0,0.0,0.0,1359.5882019999408
1931,19310386200000,4.0,10.0,4.652777777777778,4.0,7.0,648,0.0,0.0,0.0,0.0,0.0,0,0.0,0.0,0.0,0.0,0.0,0,1.0,1.0,1.0,1.0,1.0,552,0.9999999999999997,1.0000000000000002,1.0,1.0,1.0,552,0.0,0.0,0.0,0.0,0.0,0.0,0.0,0.0,0.0,0.0,0.0,0.0,0.0,1383.1266130000586
1932,19320386400000,4.0,10.0,4.645061728395062,4.0,7.0,648,0.0,0.0,0.0,0.0,0.0,0,0.0,0.0,0.0,0.0,0.0,0,1.0,1.0,1.0,1.0,1.0,552,0.9999999999999998,1.0000000000000002,1.0,1.0,1.0000000000000002,552,0.0,0.0,0.0,0.0,0.0,0.0,0.0,0.0,0.0,0.0,0.0,0.0,0.0,1358.2520429990836
1933,19330386600000,4.0,10.0,4.645061728395062,4.0,7.0,648,0.0,0.0,0.0,0.0,0.0,0,0.0,0.0,0.0,0.0,0.0,0,1.0,1.0,1.0,1.0,1.0,552,0.9999999999999996,1.0000000000000004,1.0,1.0,1.0000000000000002,552,0.0,0.0,0.0,0.0,0.0,0.0,0.0,0.0,0.0,0.0,0.0,0.0,0.0,1320.254764999845
1934,19340386800000,4.0,10.0,4.631172839506172,4.0,7.0,648,0.0,0.0,0.0,0.0,0.0,0,0.0,0.0,0.0,0.0,0.0,0,1.0,1.0,1.0,1.0,1.0,552,0.9999999999999997,1.0000000000000004,1.0,1.0,1.0000000000000002,552,0.0,0.0,0.0,0.0,0.0,0.0,0.0,0.0,0.0,0.0,0.0,0.0,0.0,1410.0498640000296
1935,19350387000000,4.0,10.0,4.621913580246914,4.0,7.0,648,0.0,0.0,0.0,0.0,0.0,0,0.0,0.0,0.0,0.0,0.0,0,1.0,1.0,1.0,1.0,1.0,552,0.9999999999999997,1.0000000000000002,1.0,1.0,1.0000000000000002,552,0.0,0.0,0.0,0.0,0.0,0.0,0.0,0.0,0.0,0.0,0.0,0.0,0.0,1366.8563319988607
1936,19360387200000,4.0,10.0,4.628086419753086,4.0,7.0,648,0.0,0.0,0.0,0.0,0.0,0,0.0,0.0,0.0,0.0,0.0,0,1.0,1.0,1.0,1.0,1.0,552,0.9999999999999997,1.0000000000000002,1.0,1.0,1.0000000000000002,552,0.0,0.0,0.0,0.0,0.0,0.0,0.0,0.0,0.0,0.0,0.0,0.0,0.0,1418.0234210016351
1937,19370387400000,4.0,10.0,4.637345679012346,4.0,7.0,648,0.0,0.0,0.0,0.0,0.0,0,0.0,0.0,0.0,0.0,0.0,0,1.0,1.0,1.0,1.0,1.0,552,0.9999999999999998,1.0000000000000002,1.0,1.0,1.0000000000000002,552,0.0,0.0,0.0,0.0,0.0,0.0,0.0,0.0,0.0,0.0,0.0,0.0,0.0,1323.7471030006418
1938,19380387600000,4.0,10.0,4.637345679012346,4.0,7.0,648,0.0,0.0,0.0,0.0,0.0,0,0.0,0.0,0.0,0.0,0.0,0,1.0,1.0,1.0,1.0,1.0,552,0.9999999999999998,1.0000000000000002,1.0,1.0,1.0000000000000002,552,0.0,0.0,0.0,0.0,0.0,0.0,0.0,0.0,0.0,0.0,0.0,0.0,0.0,1322.2358930015616
1939,19390387800000,4.0,10.0,4.637345679012346,4.0,7.0,648,0.0,0.0,0.0,0.0,0.0,0,0.0,0.0,0.0,0.0,0.0,0,1.0,1.0,1.0,1.0,1.0,552,0.9999999999999997,1.0000000000000002,1.0,1.0,1.0000000000000002,552,0.0,0.0,0.0,0.0,0.0,0.0,0.0,0.0,0.0,0.0,0.0,0.0,0.0,1305.526591000671
1940,19400388000000,4.0,10.0,4.640432098765432,4.0,7.0,648,0.0,0.0,0.0,0.0,0.0,0,0.0,0.0,0.0,0.0,0.0,0,1.0,1.0,1.0,1.0,1.0,552,0.9999999999999996,1.0000000000000002,1.0,1.0,1.0000000000000002,552,0.0,0.0,0.0,0.0,0.0,0.0,0.0,0.0,0.0,0.0,0.0,0.0,0.0,1364.566439000555
1941,19410388200000,4.0,10.0,4.638888888888889,4.0,7.0,648,0.0,0.0,0.0,0.0,0.0,0,0.0,0.0,0.0,0.0,0.0,0,1.0,1.0,1.0,1.0,1.0,552,0.9999999999999998,1.0000000000000002,1.0,1.0,1.0000000000000002,552,0.0,0.0,0.0,0.0,0.0,0.0,0.0,0.0,0.0,0.0,0.0,0.0,0.0,1390.091253000719
1942,19420388400000,4.0,10.0,4.646604938271605,4.0,7.0,648,0.0,0.0,0.0,0.0,0.0,0,0.0,0.0,0.0,0.0,0.0,0,1.0,1.0,1.0,1.0,1.0,552,0.9999999999999997,1.0000000000000002,1.0,1.0,1.0000000000000002,552,0.0,0.0,0.0,0.0,0.0,0.0,0.0,0.0,0.0,0.0,0.0,0.0,0.0,1327.2458619994723
1943,19430388600000,4.0,10.0,4.643518518518518,4.0,7.0,648,0.0,0.0,0.0,0.0,0.0,0,0.0,0.0,0.0,0.0,0.0,0,1.0,1.0,1.0,1.0,1.0,552,0.9999999999999997,1.0000000000000002,1.0,1.0,1.0000000000000002,552,0.0,0.0,0.0,0.0,0.0,0.0,0.0,0.0,0.0,0.0,0.0,0.0,0.0,1290.6780290013558
1944,19440388800000,4.0,10.0,4.635802469135802,4.0,7.0,648,0.0,0.0,0.0,0.0,0.0,0,0.0,0.0,0.0,0.0,0.0,0,1.0,1.0,1.0,1.0,1.0,552,0.9999999999999997,1.0000000000000004,1.0,1.0,1.0000000000000002,552,0.0,0.0,0.0,0.0,0.0,0.0,0.0,0.0,0.0,0.0,0.0,0.0,0.0,1309.6088800011785
1945,19450389000000,4.0,10.0,4.640432098765432,4.0,7.0,648,0.0,0.0,0.0,0.0,0.0,0,0.0,0.0,0.0,0.0,0.0,0,1.0,1.0,1.0,1.0,1.0,552,0.9999999999999998,1.0000000000000002,1.0,1.0,1.0000000000000002,552,0.0,0.0,0.0,0.0,0.0,0.0,0.0,0.0,0.0,0.0,0.0,0.0,0.0,1308.6230750013783
1946,19460389200000,4.0,10.0,4.6496913580246915,4.0,7.0,648,0.0,0.0,0.0,0.0,0.0,0,0.0,0.0,0.0,0.0,0.0,0,1.0,1.0,1.0,1.0,1.0,552,0.9999999999999997,1.0000000000000002,1.0,1.0,1.0000000000000002,552,0.0,0.0,0.0,0.0,0.0,0.0,0.0,0.0,0.0,0.0,0.0,0.0,0.0,1368.48524800007
1947,19470389400000,4.0,10.0,4.646604938271605,4.0,7.0,648,0.0,0.0,0.0,0.0,0.0,0,0.0,0.0,0.0,0.0,0.0,0,1.0,1.0,1.0,1.0,1.0,552,0.9999999999999998,1.0000000000000004,1.0,1.0,1.0,552,0.0,0.0,0.0,0.0,0.0,0.0,0.0,0.0,0.0,0.0,0.0,0.0,0.0,1321.8195410008775
1948,19480389600000,4.0,10.0,4.645061728395062,4.0,7.0,648,0.0,0.0,0.0,0.0,0.0,0,0.0,0.0,0.0,0.0,0.0,0,1.0,1.0,1.0,1.0,1.0,552,0.9999999999999996,1.0000000000000002,1.0,1.0,1.0000000000000002,552,0.0,0.0,0.0,0.0,0.0,0.0,0.0,0.0,0.0,0.0,0.0,0.0,0.0,1349.4640210010402
1949,19490389800000,4.0,10.0,4.643518518518518,4.0,7.0,648,0.0,0.0,0.0,0.0,0.0,0,0.0,0.0,0.0,0.0,0.0,0,1.0,1.0,1.0,1.0,1.0,552,0.9999999999999997,1.0000000000000004,1.0,1.0,1.0000000000000002,552,0.0,0.0,0.0,0.0,0.0,0.0,0.0,0.0,0.0,0.0,0.0,0.0,0.0,1324.1250730006868
1950,19500390000000,4.0,10.0,4.652777777777778,4.0,7.0,648,0.0,0.0,0.0,0.0,0.0,0,0.0,0.0,0.0,0.0,0.0,0,1.0,1.0,1.0,1.0,1.0,552,0.9999999999999998,1.0000000000000004,1.0,1.0,1.0000000000000002,552,0.0,0.0,0.0,0.0,0.0,0.0,0.0,0.0,0.0,0.0,0.0,0.0,0.0,1326.0368120008934
1951,19510390200000,4.0,10.0,4.655864197530864,4.0,7.0,648,0.0,0.0,0.0,0.0,0.0,0,0.0,0.0,0.0,0.0,0.0,0,1.0,1.0,1.0,1.0,1.0,552,0.9999999999999997,1.0000000000000004,1.0,1.0,1.0000000000000002,552,0.0,0.0,0.0,0.0,0.0,0.0,0.0,0.0,0.0,0.0,0.0,0.0,0.0,1397.4945419995493
1952,19520390400000,4.0,10.0,4.638888888888889,4.0,7.0,648,0.0,0.0,0.0,0.0,0.0,0,0.0,0.0,0.0,0.0,0.0,0,1.0,1.0,1.0,1.0,1.0,552,0.9999999999999996,1.0000000000000004,1.0,1.0,1.0000000000000002,552,0.0,0.0,0.0,0.0,0.0,0.0,0.0,0.0,0.0,0.0,0.0,0.0,0.0,1504.7176780008158
1953,19530390600000,4.0,10.0,4.625,4.0,7.0,648,0.0,0.0,0.0,0.0,0.0,0,0.0,0.0,0.0,0.0,0.0,0,1.0,1.0,1.0,1.0,1.0,552,0.9999999999999998,1.0000000000000002,1.0,1.0,1.0000000000000002,552,0.0,0.0,0.0,0.0,0.0,0.0,0.0,0.0,0.0,0.0,0.0,0.0,0.0,1339.4167610003933
1954,19540390800000,4.0,10.0,4.621913580246914,4.0,7.0,648,0.0,0.0,0.0,0.0,0.0,0,0.0,0.0,0.0,0.0,0.0,0,1.0,1.0,1.0,1.0,1.0,552,0.9999999999999997,1.0000000000000004,1.0,1.0,1.0000000000000002,552,0.0,0.0,0.0,0.0,0.0,0.0,0.0,0.0,0.0,0.0,0.0,0.0,0.0,1319.0694920012902
1955,19550391000000,4.0,10.0,4.6265432098765435,4.0,7.0,648,0.0,0.0,0.0,0.0,0.0,0,0.0,0.0,0.0,0.0,0.0,0,1.0,1.0,1.0,1.0,1.0,552,0.9999999999999998,1.0000000000000004,1.0,1.0,1.0000000000000002,552,0.0,0.0,0.0,0.0,0.0,0.0,0.0,0.0,0.0,0.0,0.0,0.0,0.0,1316.1689570006274
1956,19560391200000,4.0,10.0,4.6342592592592595,4.0,7.0,648,0.0,0.0,0.0,0.0,0.0,0,0.0,0.0,0.0,0.0,0.0,0,1.0,1.0,1.0,1.0,1.0,552,0.9999999999999997,1.0000000000000002,1.0,1.0,1.0,552,0.0,0.0,0.0,0.0,0.0,0.0,0.0,0.0,0.0,0.0,0.0,0.0,0.0,1381.4703960015322
1957,19570391400000,4.0,10.0,4.635802469135802,4.0,7.0,648,0.0,0.0,0.0,0.0,0.0,0,0.0,0.0,0.0,0.0,0.0,0,1.0,1.0,1.0,1.0,1.0,552,0.9999999999999997,1.0000000000000002,1.0,1.0,1.0,552,0.0,0.0,0.0,0.0,0.0,0.0,0.0,0.0,0.0,0.0,0.0,0.0,0.0,1418.970001001071
1958,19580391600000,4.0,10.0,4.638888888888889,4.0,7.0,648,0.0,0.0,0.0,0.0,0.0,0,0.0,0.0,0.0,0.0,0.0,0,1.0,1.0,1.0,1.0,1.0,552,0.9999999999999996,1.0000000000000002,1.0,1.0,1.0000000000000002,552,0.0,0.0,0.0,0.0,0.0,0.0,0.0,0.0,0.0,0.0,0.0,0.0,0.0,1326.38838999992
1959,19590391800000,4.0,10.0,4.637345679012346,4.0,7.0,648,0.0,0.0,0.0,0.0,0.0,0,0.0,0.0,0.0,0.0,0.0,0,1.0,1.0,1.0,1.0,1.0,552,0.9999999999999998,1.0000000000000002,1.0,1.0,1.0000000000000002,552,0.0,0.0,0.0,0.0,0.0,0.0,0.0,0.0,0.0,0.0,0.0,0.0,0.0,1303.8394069990318
1960,19600392000000,4.0,10.0,4.643518518518518,4.0,7.0,648,0.0,0.0,0.0,0.0,0.0,0,0.0,0.0,0.0,0.0,0.0,0,1.0,1.0,1.0,1.0,1.0,552,0.9999999999999997,1.0000000000000002,1.0,1.0,1.0000000000000002,552,0.0,0.0,0.0,0.0,0.0,0.0,0.0,0.0,0.0,0.0,0.0,0.0,0.0,1359.9822750002204
1961,19610392200000,4.0,10.0,4.640432098765432,4.0,7.0,648,0.0,0.0,0.0,0.0,0.0,0,0.0,0.0,0.0,0.0,0.0,0,1.0,1.0,1.0,1.0,1.0,552,0.9999999999999998,1.0000000000000002,1.0,1.0,1.0000000000000002,552,0.0,0.0,0.0,0.0,0.0,0.0,0.0,0.0,0.0,0.0,0.0,0.0,0.0,1351.4243259996874
1962,19620392400000,4.0,10.0,4.638888888888889,4.0,7.0,648,0.0,0.0,0.0,0.0,0.0,0,0.0,0.0,0.0,0.0,0.0,0,1.0,1.0,1.0,1.0,1.0,552,0.9999999999999998,1.0000000000000002,1.0,1.0,1.0000000000000002,552,0.0,0.0,0.0,0.0,0.0,0.0,0.0,0.0,0.0,0.0,0.0,0.0,0.0,1339.7161699995195
1963,19630392600000,4.0,10.0,4.643518518518518,4.0,7.0,648,0.0,0.0,0.0,0.0,0.0,0,0.0,0.0,0.0,0.0,0.0,0,1.0,1.0,1.0,1.0,1.0,552,0.9999999999999997,1.0000000000000002,1.0,1.0,1.0000000000000002,552,0.0,0.0,0.0,0.0,0.0,0.0,0.0,0.0,0.0,0.0,0.0,0.0,0.0,1278.1071849985892
1964,19640392800000,4.0,10.0,4.648148148148148,4.0,7.0,648,0.0,0.0,0.0,0.0,0.0,0,0.0,0.0,0.0,0.0,0.0,0,1.0,1.0,1.0,1.0,1.0,552,0.9999999999999996,1.0000000000000002,1.0,1.0,1.0,552,0.0,0.0,0.0,0.0,0.0,0.0,0.0,0.0,0.0,0.0,0.0,0.0,0.0,1356.317883999509
1965,19650393000000,4.0,10.0,4.648148148148148,4.0,7.0,648,0.0,0.0,0.0,0.0,0.0,0,0.0,0.0,0.0,0.0,0.0,0,1.0,1.0,1.0,1.0,1.0,552,0.9999999999999998,1.0000000000000002,1.0,1.0,1.0000000000000002,552,0.0,0.0,0.0,0.0,0.0,0.0,0.0,0.0,0.0,0.0,0.0,0.0,0.0,1349.35377399961
1966,19660393200000,4.0,10.0,4.646604938271605,4.0,7.0,648,0.0,0.0,0.0,0.0,0.0,0,0.0,0.0,0.0,0.0,0.0,0,1.0,1.0,1.0,1.0,1.0,552,0.9999999999999997,1.0000000000000002,1.0,1.0,1.0000000000000002,552,0.0,0.0,0.0,0.0,0.0,0.0,0.0,0.0,0.0,0.0,0.0,0.0,0.0,1338.1596109993552
1967,19670393400000,4.0,10.0,4.643518518518518,4.0,7.0,648,0.0,0.0,0.0,0.0,0.0,0,0.0,0.0,0.0,0.0,0.0,0,1.0,1.0,1.0,1.0,1.0,552,0.9999999999999997,1.0000000000000002,1.0,1.0,1.0000000000000002,552,0.0,0.0,0.0,0.0,0.0,0.0,0.0,0.0,0.0,0.0,0.0,0.0,0.0,1282.8790790008497
1968,19680393600000,4.0,10.0,4.648148148148148,4.0,7.0,648,0.0,0.0,0.0,0.0,0.0,0,0.0,0.0,0.0,0.0,0.0,0,1.0,1.0,1.0,1.0,1.0,552,0.9999999999999998,1.0000000000000002,1.0,1.0,1.0000000000000002,552,0.0,0.0,0.0,0.0,0.0,0.0,0.0,0.0,0.0,0.0,0.0,0.0,0.0,1337.2613939991425
1969,19690393800000,4.0,10.0,4.6496913580246915,4.0,7.0,648,0.0,0.0,0.0,0.0,0.0,0,0.0,0.0,0.0,0.0,0.0,0,1.0,1.0,1.0,1.0,1.0,552,0.9999999999999996,1.0000000000000002,1.0,1.0,1.0,552,0.0,0.0,0.0,0.0,0.0,0.0,0.0,0.0,0.0,0.0,0.0,0.0,0.0,1332.6188000010006
1970,19700394000000,4.0,10.0,4.640432098765432,4.0,7.0,648,0.0,0.0,0.0,0.0,0.0,0,0.0,0.0,0.0,0.0,0.0,0,1.0,1.0,1.0,1.0,1.0,552,0.9999999999999998,1.0000000000000004,1.0,1.0,1.0000000000000002,552,0.0,0.0,0.0,0.0,0.0,0.0,0.0,0.0,0.0,0.0,0.0,0.0,0.0,1334.385748999921
1971,19710394200000,4.0,10.0,4.628086419753086,4.0,7.0,648,0.0,0.0,0.0,0.0,0.0,0,0.0,0.0,0.0,0.0,0.0,0,1.0,1.0,1.0,1.0,1.0,552,0.9999999999999997,1.0000000000000002,1.0,1.0,1.0000000000000002,552,0.0,0.0,0.0,0.0,0.0,0.0,0.0,0.0,0.0,0.0,0.0,0.0,0.0,1344.8658380002598
1972,19720394400000,4.0,10.0,4.628086419753086,4.0,7.0,648,0.0,0.0,0.0,0.0,0.0,0,0.0,0.0,0.0,0.0,0.0,0,1.0,1.0,1.0,1.0,1.0,552,0.9999999999999998,1.0000000000000002,1.0,1.0,1.0000000000000002,552,0.0,0.0,0.0,0.0,0.0,0.0,0.0,0.0,0.0,0.0,0.0,0.0,0.0,1334.1676349991758
1973,19730394600000,4.0,10.0,4.62037037037037,4.0,7.0,648,0.0,0.0,0.0,0.0,0.0,0,0.0,0.0,0.0,0.0,0.0,0,1.0,1.0,1.0,1.0,1.0,552,0.9999999999999998,1.0000000000000002,1.0,1.0,1.0000000000000002,552,0.0,0.0,0.0,0.0,0.0,0.0,0.0,0.0,0.0,0.0,0.0,0.0,0.0,1303.078977000041
1974,19740394800000,4.0,10.0,4.6265432098765435,4.0,7.0,648,0.0,0.0,0.0,0.0,0.0,0,0.0,0.0,0.0,0.0,0.0,0,1.0,1.0,1.0,1.0,1.0,552,0.9999999999999996,1.0000000000000004,1.0,1.0,1.0,552,0.0,0.0,0.0,0.0,0.0,0.0,0.0,0.0,0.0,0.0,0.0,0.0,0.0,1331.537746000322
1975,19750395000000,4.0,10.0,4.637345679012346,4.0,7.0,648,0.0,0.0,0.0,0.0,0.0,0,0.0,0.0,0.0,0.0,0.0,0,1.0,1.0,1.0,1.0,1.0,552,0.9999999999999998,1.0000000000000002,1.0,1.0,1.0000000000000002,552,0.0,0.0,0.0,0.0,0.0,0.0,0.0,0.0,0.0,0.0,0.0,0.0,0.0,1335.0247300004412
1976,19760395200000,4.0,10.0,4.637345679012346,4.0,7.0,648,0.0,0.0,0.0,0.0,0.0,0,0.0,0.0,0.0,0.0,0.0,0,1.0,1.0,1.0,1.0,1.0,552,0.9999999999999997,1.0000000000000002,1.0,1.0,1.0000000000000002,552,0.0,0.0,0.0,0.0,0.0,0.0,0.0,0.0,0.0,0.0,0.0,0.0,0.0,1392.0368700000836
1977,19770395400000,4.0,10.0,4.643518518518518,4.0,7.0,648,0.0,0.0,0.0,0.0,0.0,0,0.0,0.0,0.0,0.0,0.0,0,1.0,1.0,1.0,1.0,1.0,552,0.9999999999999996,1.0000000000000002,1.0,1.0,1.0000000000000002,552,0.0,0.0,0.0,0.0,0.0,0.0,0.0,0.0,0.0,0.0,0.0,0.0,0.0,1358.6548219991528
1978,19780395600000,4.0,10.0,4.640432098765432,4.0,7.0,648,0.0,0.0,0.0,0.0,0.0,0,0.0,0.0,0.0,0.0,0.0,0,1.0,1.0,1.0,1.0,1.0,552,0.9999999999999996,1.0000000000000004,1.0,1.0,1.0000000000000002,552,0.0,0.0,0.0,0.0,0.0,0.0,0.0,0.0,0.0,0.0,0.0,0.0,0.0,1278.4449250011676
1979,19790395800000,4.0,10.0,4.635802469135802,4.0,7.0,648,0.0,0.0,0.0,0.0,0.0,0,0.0,0.0,0.0,0.0,0.0,0,1.0,1.0,1.0,1.0,1.0,552,0.9999999999999998,1.0000000000000004,1.0,1.0,1.0000000000000002,552,0.0,0.0,0.0,0.0,0.0,0.0,0.0,0.0,0.0,0.0,0.0,0.0,0.0,1308.6529070005781
1980,19800396000000,4.0,10.0,4.645061728395062,4.0,7.0,648,0.0,0.0,0.0,0.0,0.0,0,0.0,0.0,0.0,0.0,0.0,0,1.0,1.0,1.0,1.0,1.0,552,0.9999999999999998,1.0000000000000004,1.0,1.0,1.0000000000000002,552,0.0,0.0,0.0,0.0,0.0,0.0,0.0,0.0,0.0,0.0,0.0,0.0,0.0,1374.968729000102
1981,19810396200000,4.0,10.0,4.646604938271605,4.0,7.0,648,0.0,0.0,0.0,0.0,0.0,0,0.0,0.0,0.0,0.0,0.0,0,1.0,1.0,1.0,1.0,1.0,552,0.9999999999999996,1.0000000000000004,1.0,1.0,1.0000000000000002,552,0.0,0.0,0.0,0.0,0.0,0.0,0.0,0.0,0.0,0.0,0.0,0.0,0.0,1354.9660120006592
1982,19820396400000,4.0,10.0,4.651234567901234,4.0,7.0,648,0.0,0.0,0.0,0.0,0.0,0,0.0,0.0,0.0,0.0,0.0,0,1.0,1.0,1.0,1.0,1.0,552,0.9999999999999997,1.0000000000000004,1.0,1.0,1.0000000000000002,552,0.0,0.0,0.0,0.0,0.0,0.0,0.0,0.0,0.0,0.0,0.0,0.0,0.0,1349.5986310008448
1983,19830396600000,4.0,10.0,4.662037037037037,4.0,7.0,648,0.0,0.0,0.0,0.0,0.0,0,0.0,0.0,0.0,0.0,0.0,0,1.0,1.0,1.0,1.0,1.0,552,0.9999999999999997,1.0000000000000002,1.0,1.0,1.0,552,0.0,0.0,0.0,0.0,0.0,0.0,0.0,0.0,0.0,0.0,0.0,0.0,0.0,1369.2503580004995
1984,19840396800000,4.0,10.0,4.658950617283951,4.0,7.0,648,0.0,0.0,0.0,0.0,0.0,0,0.0,0.0,0.0,0.0,0.0,0,1.0,1.0,1.0,1.0,1.0,552,0.9999999999999997,1.0000000000000004,1.0,1.0,1.0000000000000002,552,0.0,0.0,0.0,0.0,0.0,0.0,0.0,0.0,0.0,0.0,0.0,0.0,0.0,1344.728097999905
1985,19850397000000,4.0,10.0,4.6496913580246915,4.0,7.0,648,0.0,0.0,0.0,0.0,0.0,0,0.0,0.0,0.0,0.0,0.0,0,1.0,1.0,1.0,1.0,1.0,552,0.9999999999999997,1.0000000000000004,1.0,1.0,1.0000000000000002,552,0.0,0.0,0.0,0.0,0.0,0.0,0.0,0.0,0.0,0.0,0.0,0.0,0.0,1346.1670689994207
1986,19860397200000,4.0,10.0,4.651234567901234,4.0,7.0,648,0.0,0.0,0.0,0.0,0.0,0,0.0,0.0,0.0,0.0,0.0,0,1.0,1.0,1.0,1.0,1.0,552,0.9999999999999997,1.0000000000000002,1.0,1.0,1.0000000000000002,552,0.0,0.0,0.0,0.0,0.0,0.0,0.0,0.0,0.0,0.0,0.0,0.0,0.0,1346.7378629993618
1987,19870397400000,4.0,10.0,4.651234567901234,4.0,7.0,648,0.0,0.0,0.0,0.0,0.0,0,0.0,0.0,0.0,0.0,0.0,0,1.0,1.0,1.0,1.0,1.0,552,0.9999999999999997,1.0000000000000004,1.0,1.0,1.0000000000000002,552,0.0,0.0,0.0,0.0,0.0,0.0,0.0,0.0,0.0,0.0,0.0,0.0,0.0,1357.2455720004655
1988,19880397600000,4.0,10.0,4.645061728395062,4.0,7.0,648,0.0,0.0,0.0,0.0,0.0,0,0.0,0.0,0.0,0.0,0.0,0,1.0,1.0,1.0,1.0,1.0,552,0.9999999999999997,1.0000000000000004,1.0,1.0,1.0,552,0.0,0.0,0.0,0.0,0.0,0.0,0.0,0.0,0.0,0.0,0.0,0.0,0.0,1366.2220819987851
1989,19890397800000,4.0,10.0,4.635802469135802,4.0,7.0,648,0.0,0.0,0.0,0.0,0.0,0,0.0,0.0,0.0,0.0,0.0,0,1.0,1.0,1.0,1.0,1.0,552,0.9999999999999997,1.0000000000000002,1.0,1.0,1.0000000000000002,552,0.0,0.0,0.0,0.0,0.0,0.0,0.0,0.0,0.0,0.0,0.0,0.0,0.0,1310.2241439992213
1990,19900398000000,4.0,10.0,4.62962962962963,4.0,7.0,648,0.0,0.0,0.0,0.0,0.0,0,0.0,0.0,0.0,0.0,0.0,0,1.0,1.0,1.0,1.0,1.0,552,0.9999999999999996,1.0000000000000004,1.0,1.0,1.0000000000000002,552,0.0,0.0,0.0,0.0,0.0,0.0,0.0,0.0,0.0,0.0,0.0,0.0,0.0,1333.719956001005
1991,19910398200000,4.0,10.0,4.62962962962963,4.0,7.0,648,0.0,0.0,0.0,0.0,0.0,0,0.0,0.0,0.0,0.0,0.0,0,1.0,1.0,1.0,1.0,1.0,552,0.9999999999999997,1.0000000000000002,1.0,1.0,1.0000000000000002,552,0.0,0.0,0.0,0.0,0.0,0.0,0.0,0.0,0.0,0.0,0.0,0.0,0.0,1343.606202999581
1992,19920398400000,4.0,10.0,4.6265432098765435,4.0,7.0,648,0.0,0.0,0.0,0.0,0.0,0,0.0,0.0,0.0,0.0,0.0,0,1.0,1.0,1.0,1.0,1.0,552,0.9999999999999998,1.0000000000000002,1.0,1.0,1.0000000000000002,552,0.0,0.0,0.0,0.0,0.0,0.0,0.0,0.0,0.0,0.0,0.0,0.0,0.0,1364.8617519993422
1993,19930398600000,4.0,10.0,4.645061728395062,4.0,7.0,648,0.0,0.0,0.0,0.0,0.0,0,0.0,0.0,0.0,0.0,0.0,0,1.0,1.0,1.0,1.0,1.0,552,0.9999999999999996,1.0000000000000002,1.0,1.0,1.0000000000000002,552,0.0,0.0,0.0,0.0,0.0,0.0,0.0,0.0,0.0,0.0,0.0,0.0,0.0,1320.5042849986057
1994,19940398800000,4.0,10.0,4.645061728395062,4.0,7.0,648,0.0,0.0,0.0,0.0,0.0,0,0.0,0.0,0.0,0.0,0.0,0,1.0,1.0,1.0,1.0,1.0,552,0.9999999999999998,1.0000000000000002,1.0,1.0,1.0000000000000002,552,0.0,0.0,0.0,0.0,0.0,0.0,0.0,0.0,0.0,0.0,0.0,0.0,0.0,1320.9232780009188
1995,19950399000000,4.0,10.0,4.648148148148148,4.0,7.0,648,0.0,0.0,0.0,0.0,0.0,0,0.0,0.0,0.0,0.0,0.0,0,1.0,1.0,1.0,1.0,1.0,552,0.9999999999999997,1.0000000000000004,1.0,1.0,1.0000000000000002,552,0.0,0.0,0.0,0.0,0.0,0.0,0.0,0.0,0.0,0.0,0.0,0.0,0.0,1317.1600309997302
1996,19960399200000,4.0,10.0,4.646604938271605,4.0,7.0,648,0.0,0.0,0.0,0.0,0.0,0,0.0,0.0,0.0,0.0,0.0,0,1.0,1.0,1.0,1.0,1.0,552,0.9999999999999997,1.0000000000000002,1.0,1.0,1.0000000000000002,552,0.0,0.0,0.0,0.0,0.0,0.0,0.0,0.0,0.0,0.0,0.0,0.0,0.0,1360.0397030004387
1997,19970399400000,4.0,10.0,4.6419753086419755,4.0,7.0,648,0.0,0.0,0.0,0.0,0.0,0,0.0,0.0,0.0,0.0,0.0,0,1.0,1.0,1.0,1.0,1.0,552,0.9999999999999997,1.0000000000000002,1.0,1.0,1.0000000000000002,552,0.0,0.0,0.0,0.0,0.0,0.0,0.0,0.0,0.0,0.0,0.0,0.0,0.0,1326.021793000109
1998,19980399600000,4.0,10.0,4.646604938271605,4.0,7.0,648,0.0,0.0,0.0,0.0,0.0,0,0.0,0.0,0.0,0.0,0.0,0,1.0,1.0,1.0,1.0,1.0,552,0.9999999999999997,1.0000000000000002,1.0,1.0,1.0000000000000002,552,0.0,0.0,0.0,0.0,0.0,0.0,0.0,0.0,0.0,0.0,0.0,0.0,0.0,1351.9841249999445
1999,19990399800000,4.0,10.0,4.6496913580246915,4.0,7.0,648,0.0,0.0,0.0,0.0,0.0,0,0.0,0.0,0.0,0.0,0.0,0,1.0,1.0,1.0,1.0,1.0,552,0.9999999999999997,1.0000000000000002,1.0,1.0,1.0000000000000002,552,0.0,0.0,0.0,0.0,0.0,0.0,0.0,0.0,0.0,0.0,0.0,0.0,0.0,1330.5043780001142
2000,20000400000000,4.0,10.0,4.651234567901234,4.0,7.0,648,0.0,0.0,0.0,0.0,0.0,0,0.0,0.0,0.0,0.0,0.0,0,1.0,1.0,1.0,1.0,1.0,552,0.9999999999999997,1.0000000000000002,1.0,1.0,1.0000000000000002,552,0.0,0.0,0.0,0.0,0.0,0.0,0.0,0.0,0.0,0.0,0.0,0.0,0.0,1333.4938030002377
2001,20010400200000,4.0,10.0,4.651234567901234,4.0,7.0,648,0.0,0.0,0.0,0.0,0.0,0,0.0,0.0,0.0,0.0,0.0,0,1.0,1.0,1.0,1.0,1.0,552,0.9999999999999997,1.0000000000000002,1.0,1.0,1.0000000000000002,552,0.0,0.0,0.0,0.0,0.0,0.0,0.0,0.0,0.0,0.0,0.0,0.0,0.0,1328.910044998338
2002,20020400400000,4.0,10.0,4.655864197530864,4.0,7.0,648,0.0,0.0,0.0,0.0,0.0,0,0.0,0.0,0.0,0.0,0.0,0,1.0,1.0,1.0,1.0,1.0,552,0.9999999999999997,1.0000000000000002,1.0,1.0,1.0000000000000002,552,0.0,0.0,0.0,0.0,0.0,0.0,0.0,0.0,0.0,0.0,0.0,0.0,0.0,1344.9166840000544
2003,20030400600000,4.0,10.0,4.654320987654321,4.0,7.0,648,0.0,0.0,0.0,0.0,0.0,0,0.0,0.0,0.0,0.0,0.0,0,1.0,1.0,1.0,1.0,1.0,552,0.9999999999999996,1.0000000000000004,1.0,1.0,1.0000000000000002,552,0.0,0.0,0.0,0.0,0.0,0.0,0.0,0.0,0.0,0.0,0.0,0.0,0.0,1355.6028140010312
2004,20040400800000,4.0,10.0,4.648148148148148,4.0,7.0,648,0.0,0.0,0.0,0.0,0.0,0,0.0,0.0,0.0,0.0,0.0,0,1.0,1.0,1.0,1.0,1.0,552,0.9999999999999997,1.0000000000000004,1.0,1.0,1.0000000000000002,552,0.0,0.0,0.0,0.0,0.0,0.0,0.0,0.0,0.0,0.0,0.0,0.0,0.0,1360.298633999264
2005,20050401000000,4.0,10.0,4.638888888888889,4.0,7.0,648,0.0,0.0,0.0,0.0,0.0,0,0.0,0.0,0.0,0.0,0.0,0,1.0,1.0,1.0,1.0,1.0,552,0.9999999999999997,1.0000000000000002,1.0,1.0,1.0000000000000002,552,0.0,0.0,0.0,0.0,0.0,0.0,0.0,0.0,0.0,0.0,0.0,0.0,0.0,1299.5669690008071
2006,20060401200000,4.0,10.0,4.645061728395062,4.0,7.0,648,0.0,0.0,0.0,0.0,0.0,0,0.0,0.0,0.0,0.0,0.0,0,1.0,1.0,1.0,1.0,1.0,552,0.9999999999999997,1.0000000000000002,1.0,1.0,1.0000000000000002,552,0.0,0.0,0.0,0.0,0.0,0.0,0.0,0.0,0.0,0.0,0.0,0.0,0.0,1321.6201839986752
2007,20070401400000,4.0,10.0,4.646604938271605,4.0,7.0,648,0.0,0.0,0.0,0.0,0.0,0,0.0,0.0,0.0,0.0,0.0,0,1.0,1.0,1.0,1.0,1.0,552,0.9999999999999997,1.0000000000000004,1.0,1.0,1.0000000000000002,552,0.0,0.0,0.0,0.0,0.0,0.0,0.0,0.0,0.0,0.0,0.0,0.0,0.0,1346.822694000366
2008,20080401600000,4.0,10.0,4.6419753086419755,4.0,7.0,648,0.0,0.0,0.0,0.0,0.0,0,0.0,0.0,0.0,0.0,0.0,0,1.0,1.0,1.0,1.0,1.0,552,0.9999999999999996,1.0000000000000002,1.0,1.0,1.0000000000000002,552,0.0,0.0,0.0,0.0,0.0,0.0,0.0,0.0,0.0,0.0,0.0,0.0,0.0,1389.530428999933
2009,20090401800000,4.0,10.0,4.643518518518518,4.0,7.0,648,0.0,0.0,0.0,0.0,0.0,0,0.0,0.0,0.0,0.0,0.0,0,1.0,1.0,1.0,1.0,1.0,552,0.9999999999999996,1.0000000000000002,1.0,1.0,1.0000000000000002,552,0.0,0.0,0.0,0.0,0.0,0.0,0.0,0.0,0.0,0.0,0.0,0.0,0.0,1361.0655550000956
2010,20100402000000,4.0,10.0,4.638888888888889,4.0,7.0,648,0.0,0.0,0.0,0.0,0.0,0,0.0,0.0,0.0,0.0,0.0,0,1.0,1.0,1.0,1.0,1.0,552,0.9999999999999998,1.0000000000000002,1.0,1.0,1.0000000000000002,552,0.0,0.0,0.0,0.0,0.0,0.0,0.0,0.0,0.0,0.0,0.0,0.0,0.0,1298.4787370005506
2011,20110402200000,4.0,9.0,4.638888888888889,4.0,7.0,648,0.0,0.0,0.0,0.0,0.0,0,0.0,0.0,0.0,0.0,0.0,0,1.0,1.0,1.0,1.0,1.0,552,0.9999999999999996,1.0000000000000004,1.0,1.0,1.0000000000000002,552,0.0,0.0,0.0,0.0,0.0,0.0,0.0,0.0,0.0,0.0,0.0,0.0,0.0,1306.656117001694
2012,20120402400000,4.0,10.0,4.648148148148148,4.0,7.0,648,0.0,0.0,0.0,0.0,0.0,0,0.0,0.0,0.0,0.0,0.0,0,1.0,1.0,1.0,1.0,1.0,552,0.9999999999999997,1.0000000000000002,1.0,1.0,1.0000000000000002,552,0.0,0.0,0.0,0.0,0.0,0.0,0.0,0.0,0.0,0.0,0.0,0.0,0.0,1373.137216000032
2013,20130402600000,4.0,10.0,4.648148148148148,4.0,7.0,648,0.0,0.0,0.0,0.0,0.0,0,0.0,0.0,0.0,0.0,0.0,0,1.0,1.0,1.0,1.0,1.0,552,0.9999999999999996,1.0000000000000002,1.0,1.0,1.0,552,0.0,0.0,0.0,0.0,0.0,0.0,0.0,0.0,0.0,0.0,0.0,0.0,0.0,1349.3464489984035
2014,20140402800000,4.0,10.0,4.638888888888889,4.0,7.0,648,0.0,0.0,0.0,0.0,0.0,0,0.0,0.0,0.0,0.0,0.0,0,1.0,1.0,1.0,1.0,1.0,552,0.9999999999999997,1.0000000000000002,1.0,1.0,1.0000000000000002,552,0.0,0.0,0.0,0.0,0.0,0.0,0.0,0.0,0.0,0.0,0.0,0.0,0.0,1361.6033750004135
2015,20150403000000,4.0,10.0,4.6419753086419755,4.0,7.0,648,0.0,0.0,0.0,0.0,0.0,0,0.0,0.0,0.0,0.0,0.0,0,1.0,1.0,1.0,1.0,1.0,552,0.9999999999999996,1.0000000000000004,1.0,1.0,1.0000000000000002,552,0.0,0.0,0.0,0.0,0.0,0.0,0.0,0.0,0.0,0.0,0.0,0.0,0.0,1326.9115439998131
2016,20160403200000,4.0,10.0,4.648148148148148,4.0,7.0,648,0.0,0.0,0.0,0.0,0.0,0,0.0,0.0,0.0,0.0,0.0,0,1.0,1.0,1.0,1.0,1.0,552,0.9999999999999996,1.0000000000000002,1.0,1.0,1.0000000000000002,552,0.0,0.0,0.0,0.0,0.0,0.0,0.0,0.0,0.0,0.0,0.0,0.0,0.0,1340.2845840009832
2017,20170403400000,4.0,10.0,4.646604938271605,4.0,7.0,648,0.0,0.0,0.0,0.0,0.0,0,0.0,0.0,0.0,0.0,0.0,0,1.0,1.0,1.0,1.0,1.0,552,0.9999999999999997,1.0000000000000002,1.0,1.0,1.0000000000000002,552,0.0,0.0,0.0,0.0,0.0,0.0,0.0,0.0,0.0,0.0,0.0,0.0,0.0,1312.0342180009175
2018,20180403600000,4.0,10.0,4.651234567901234,4.0,7.0,648,0.0,0.0,0.0,0.0,0.0,0,0.0,0.0,0.0,0.0,0.0,0,1.0,1.0,1.0,1.0,1.0,552,0.9999999999999998,1.0000000000000002,1.0,1.0,1.0000000000000002,552,0.0,0.0,0.0,0.0,0.0,0.0,0.0,0.0,0.0,0.0,0.0,0.0,0.0,1338.1797000001825
2019,20190403800000,4.0,10.0,4.645061728395062,4.0,7.0,648,0.0,0.0,0.0,0.0,0.0,0,0.0,0.0,0.0,0.0,0.0,0,1.0,1.0,1.0,1.0,1.0,552,0.9999999999999998,1.0000000000000002,1.0,1.0,1.0000000000000002,552,0.0,0.0,0.0,0.0,0.0,0.0,0.0,0.0,0.0,0.0,0.0,0.0,0.0,1359.8867759992572
2020,20200404000000,4.0,10.0,4.646604938271605,4.0,7.0,648,0.0,0.0,0.0,0.0,0.0,0,0.0,0.0,0.0,0.0,0.0,0,1.0,1.0,1.0,1.0,1.0,552,0.9999999999999996,1.0000000000000002,1.0,1.0,1.0000000000000002,552,0.0,0.0,0.0,0.0,0.0,0.0,0.0,0.0,0.0,0.0,0.0,0.0,0.0,1366.4421959983883
2021,20210404200000,4.0,10.0,4.648148148148148,4.0,7.0,648,0.0,0.0,0.0,0.0,0.0,0,0.0,0.0,0.0,0.0,0.0,0,1.0,1.0,1.0,1.0,1.0,552,0.9999999999999998,1.0000000000000002,1.0,1.0,1.0000000000000002,552,0.0,0.0,0.0,0.0,0.0,0.0,0.0,0.0,0.0,0.0,0.0,0.0,0.0,1303.5508200009644
2022,20220404400000,4.0,10.0,4.652777777777778,4.0,7.0,648,0.0,0.0,0.0,0.0,0.0,0,0.0,0.0,0.0,0.0,0.0,0,1.0,1.0,1.0,1.0,1.0,552,0.9999999999999997,1.0000000000000002,1.0,1.0,1.0000000000000002,552,0.0,0.0,0.0,0.0,0.0,0.0,0.0,0.0,0.0,0.0,0.0,0.0,0.0,1293.5679320016789
2023,20230404600000,4.0,10.0,4.645061728395062,4.0,7.0,648,0.0,0.0,0.0,0.0,0.0,0,0.0,0.0,0.0,0.0,0.0,0,1.0,1.0,1.0,1.0,1.0,552,0.9999999999999998,1.0000000000000004,1.0,1.0,1.0000000000000002,552,0.0,0.0,0.0,0.0,0.0,0.0,0.0,0.0,0.0,0.0,0.0,0.0,0.0,1339.0100549986528
2024,20240404800000,4.0,10.0,4.645061728395062,4.0,7.0,648,0.0,0.0,0.0,0.0,0.0,0,0.0,0.0,0.0,0.0,0.0,0,1.0,1.0,1.0,1.0,1.0,552,0.9999999999999998,1.0000000000000002,1.0,1.0,1.0000000000000002,552,0.0,0.0,0.0,0.0,0.0,0.0,0.0,0.0,0.0,0.0,0.0,0.0,0.0,1425.2754009994533
2025,20250405000000,4.0,10.0,4.643518518518518,4.0,7.0,648,0.0,0.0,0.0,0.0,0.0,0,0.0,0.0,0.0,0.0,0.0,0,1.0,1.0,1.0,1.0,1.0,552,0.9999999999999997,1.0000000000000002,1.0,1.0,1.0000000000000002,552,0.0,0.0,0.0,0.0,0.0,0.0,0.0,0.0,0.0,0.0,0.0,0.0,0.0,1363.7752619997627
2026,20260405200000,4.0,10.0,4.645061728395062,4.0,7.0,648,0.0,0.0,0.0,0.0,0.0,0,0.0,0.0,0.0,0.0,0.0,0,1.0,1.0,1.0,1.0,1.0,552,0.9999999999999998,1.0000000000000002,1.0,1.0,1.0000000000000002,552,0.0,0.0,0.0,0.0,0.0,0.0,0.0,0.0,0.0,0.0,0.0,0.0,0.0,1307.939685000747
2027,20270405400000,4.0,10.0,4.645061728395062,4.0,7.0,648,0.0,0.0,0.0,0.0,0.0,0,0.0,0.0,0.0,0.0,0.0,0,1.0,1.0,1.0,1.0,1.0,552,0.9999999999999997,1.0000000000000002,1.0,1.0,1.0000000000000002,552,0.0,0.0,0.0,0.0,0.0,0.0,0.0,0.0,0.0,0.0,0.0,0.0,0.0,1326.8573609984742
2028,20280405600000,4.0,10.0,4.646604938271605,4.0,7.0,648,0.0,0.0,0.0,0.0,0.0,0,0.0,0.0,0.0,0.0,0.0,0,1.0,1.0,1.0,1.0,1.0,552,0.9999999999999997,1.0000000000000002,1.0,1.0,1.0000000000000002,552,0.0,0.0,0.0,0.0,0.0,0.0,0.0,0.0,0.0,0.0,0.0,0.0,0.0,1383.6961060005706
2029,20290405800000,4.0,9.0,4.6496913580246915,4.0,7.0,648,0.0,0.0,0.0,0.0,0.0,0,0.0,0.0,0.0,0.0,0.0,0,1.0,1.0,1.0,1.0,1.0,552,0.9999999999999998,1.0000000000000002,1.0,1.0,1.0000000000000002,552,0.0,0.0,0.0,0.0,0.0,0.0,0.0,0.0,0.0,0.0,0.0,0.0,0.0,1361.3109750003787
2030,20300406000000,4.0,9.0,4.655864197530864,4.0,7.0,648,0.0,0.0,0.0,0.0,0.0,0,0.0,0.0,0.0,0.0,0.0,0,1.0,1.0,1.0,1.0,1.0,552,0.9999999999999998,1.0000000000000002,1.0,1.0,1.0000000000000002,552,0.0,0.0,0.0,0.0,0.0,0.0,0.0,0.0,0.0,0.0,0.0,0.0,0.0,1384.0470499999356
2031,20310406200000,4.0,9.0,4.655864197530864,4.0,7.0,648,0.0,0.0,0.0,0.0,0.0,0,0.0,0.0,0.0,0.0,0.0,0,1.0,1.0,1.0,1.0,1.0,552,0.9999999999999997,1.0000000000000002,1.0,1.0,1.0000000000000002,552,0.0,0.0,0.0,0.0,0.0,0.0,0.0,0.0,0.0,0.0,0.0,0.0,0.0,1369.6881939995365
2032,20320406400000,4.0,10.0,4.655864197530864,4.0,7.0,648,0.0,0.0,0.0,0.0,0.0,0,0.0,0.0,0.0,0.0,0.0,0,1.0,1.0,1.0,1.0,1.0,552,0.9999999999999997,1.0000000000000002,1.0,1.0,1.0000000000000002,552,0.0,0.0,0.0,0.0,0.0,0.0,0.0,0.0,0.0,0.0,0.0,0.0,0.0,1378.0186629992386
2033,20330406600000,4.0,10.0,4.6496913580246915,4.0,7.0,648,0.0,0.0,0.0,0.0,0.0,0,0.0,0.0,0.0,0.0,0.0,0,1.0,1.0,1.0,1.0,1.0,552,0.9999999999999997,1.0000000000000002,1.0,1.0,1.0000000000000002,552,0.0,0.0,0.0,0.0,0.0,0.0,0.0,0.0,0.0,0.0,0.0,0.0,0.0,1355.0247530001798
2034,20340406800000,4.0,10.0,4.646604938271605,4.0,7.0,648,0.0,0.0,0.0,0.0,0.0,0,0.0,0.0,0.0,0.0,0.0,0,1.0,1.0,1.0,1.0,1.0,552,0.9999999999999997,1.0000000000000002,1.0,1.0,1.0000000000000002,552,0.0,0.0,0.0,0.0,0.0,0.0,0.0,0.0,0.0,0.0,0.0,0.0,0.0,1363.4938660015905
2035,20350407000000,4.0,10.0,4.645061728395062,4.0,7.0,648,0.0,0.0,0.0,0.0,0.0,0,0.0,0.0,0.0,0.0,0.0,0,1.0,1.0,1.0,1.0,1.0,552,0.9999999999999998,1.0000000000000004,1.0,1.0,1.0000000000000002,552,0.0,0.0,0.0,0.0,0.0,0.0,0.0,0.0,0.0,0.0,0.0,0.0,0.0,1372.9982929999096
2036,20360407200000,4.0,10.0,4.643518518518518,4.0,7.0,648,0.0,0.0,0.0,0.0,0.0,0,0.0,0.0,0.0,0.0,0.0,0,1.0,1.0,1.0,1.0,1.0,552,0.9999999999999997,1.0000000000000004,1.0,1.0,1.0000000000000002,552,0.0,0.0,0.0,0.0,0.0,0.0,0.0,0.0,0.0,0.0,0.0,0.0,0.0,1435.1362390007125
2037,20370407400000,4.0,10.0,4.638888888888889,4.0,7.0,648,0.0,0.0,0.0,0.0,0.0,0,0.0,0.0,0.0,0.0,0.0,0,1.0,1.0,1.0,1.0,1.0,552,0.9999999999999997,1.0000000000000002,1.0,1.0,1.0000000000000002,552,0.0,0.0,0.0,0.0,0.0,0.0,0.0,0.0,0.0,0.0,0.0,0.0,0.0,1337.1572239993839
2038,20380407600000,4.0,10.0,4.643518518518518,4.0,7.0,648,0.0,0.0,0.0,0.0,0.0,0,0.0,0.0,0.0,0.0,0.0,0,1.0,1.0,1.0,1.0,1.0,552,0.9999999999999998,1.0000000000000002,1.0,1.0,1.0000000000000002,552,0.0,0.0,0.0,0.0,0.0,0.0,0.0,0.0,0.0,0.0,0.0,0.0,0.0,1337.6926820001245
2039,20390407800000,4.0,10.0,4.6419753086419755,4.0,7.0,648,0.0,0.0,0.0,0.0,0.0,0,0.0,0.0,0.0,0.0,0.0,0,1.0,1.0,1.0,1.0,1.0,552,0.9999999999999996,1.0000000000000002,1.0,1.0,1.0000000000000002,552,0.0,0.0,0.0,0.0,0.0,0.0,0.0,0.0,0.0,0.0,0.0,0.0,0.0,1319.3783339993388
2040,20400408000000,4.0,10.0,4.643518518518518,4.0,7.0,648,0.0,0.0,0.0,0.0,0.0,0,0.0,0.0,0.0,0.0,0.0,0,1.0,1.0,1.0,1.0,1.0,552,0.9999999999999996,1.0000000000000002,1.0,1.0,1.0000000000000002,552,0.0,0.0,0.0,0.0,0.0,0.0,0.0,0.0,0.0,0.0,0.0,0.0,0.0,1377.3258040000655
2041,20410408200000,4.0,10.0,4.643518518518518,4.0,7.0,648,0.0,0.0,0.0,0.0,0.0,0,0.0,0.0,0.0,0.0,0.0,0,1.0,1.0,1.0,1.0,1.0,552,0.9999999999999997,1.0000000000000002,1.0,1.0,1.0000000000000002,552,0.0,0.0,0.0,0.0,0.0,0.0,0.0,0.0,0.0,0.0,0.0,0.0,0.0,1375.6621050015383
2042,20420408400000,4.0,10.0,4.6496913580246915,4.0,7.0,648,0.0,0.0,0.0,0.0,0.0,0,0.0,0.0,0.0,0.0,0.0,0,1.0,1.0,1.0,1.0,1.0,552,0.9999999999999996,1.0000000000000002,1.0,1.0,1.0000000000000002,552,0.0,0.0,0.0,0.0,0.0,0.0,0.0,0.0,0.0,0.0,0.0,0.0,0.0,1397.5663179990079
2043,20430408600000,4.0,10.0,4.643518518518518,4.0,7.0,648,0.0,0.0,0.0,0.0,0.0,0,0.0,0.0,0.0,0.0,0.0,0,1.0,1.0,1.0,1.0,1.0,552,0.9999999999999998,1.0000000000000002,1.0,1.0,1.0,552,0.0,0.0,0.0,0.0,0.0,0.0,0.0,0.0,0.0,0.0,0.0,0.0,0.0,1313.028511000084
2044,20440408800000,4.0,10.0,4.646604938271605,4.0,7.0,648,0.0,0.0,0.0,0.0,0.0,0,0.0,0.0,0.0,0.0,0.0,0,1.0,1.0,1.0,1.0,1.0,552,0.9999999999999997,1.0000000000000002,1.0,1.0,1.0000000000000002,552,0.0,0.0,0.0,0.0,0.0,0.0,0.0,0.0,0.0,0.0,0.0,0.0,0.0,1343.9995459993952
2045,20450409000000,4.0,10.0,4.646604938271605,4.0,7.0,648,0.0,0.0,0.0,0.0,0.0,0,0.0,0.0,0.0,0.0,0.0,0,1.0,1.0,1.0,1.0,1.0,552,0.9999999999999998,1.0000000000000002,1.0,1.0,1.0000000000000002,552,0.0,0.0,0.0,0.0,0.0,0.0,0.0,0.0,0.0,0.0,0.0,0.0,0.0,1351.9012429987924
2046,20460409200000,4.0,10.0,4.6419753086419755,4.0,7.0,648,0.0,0.0,0.0,0.0,0.0,0,0.0,0.0,0.0,0.0,0.0,0,1.0,1.0,1.0,1.0,1.0,552,0.9999999999999998,1.0000000000000002,1.0,1.0,1.0000000000000002,552,0.0,0.0,0.0,0.0,0.0,0.0,0.0,0.0,0.0,0.0,0.0,0.0,0.0,1333.2423420015402
2047,20470409400000,4.0,9.0,4.648148148148148,4.0,7.0,648,0.0,0.0,0.0,0.0,0.0,0,0.0,0.0,0.0,0.0,0.0,0,1.0,1.0,1.0,1.0,1.0,552,0.9999999999999997,1.0000000000000002,1.0,1.0,1.0000000000000002,552,0.0,0.0,0.0,0.0,0.0,0.0,0.0,0.0,0.0,0.0,0.0,0.0,0.0,1379.0031540011114
2048,20480409600000,4.0,9.0,4.654320987654321,4.0,7.0,648,0.0,0.0,0.0,0.0,0.0,0,0.0,0.0,0.0,0.0,0.0,0,1.0,1.0,1.0,1.0,1.0,552,0.9999999999999997,1.0000000000000004,1.0,1.0,1.0000000000000002,552,0.0,0.0,0.0,0.0,0.0,0.0,0.0,0.0,0.0,0.0,0.0,0.0,0.0,1381.3399749997188
2049,20490409800000,4.0,9.0,4.660493827160494,4.0,7.0,648,0.0,0.0,0.0,0.0,0.0,0,0.0,0.0,0.0,0.0,0.0,0,1.0,1.0,1.0,1.0,1.0,552,0.9999999999999997,1.0000000000000004,1.0,1.0,1.0000000000000002,552,0.0,0.0,0.0,0.0,0.0,0.0,0.0,0.0,0.0,0.0,0.0,0.0,0.0,1355.4199339996558
2050,20500410000000,4.0,9.0,4.660493827160494,4.0,7.0,648,0.0,0.0,0.0,0.0,0.0,0,0.0,0.0,0.0,0.0,0.0,0,1.0,1.0,1.0,1.0,1.0,552,0.9999999999999997,1.0000000000000002,1.0,1.0,1.0000000000000002,552,0.0,0.0,0.0,0.0,0.0,0.0,0.0,0.0,0.0,0.0,0.0,0.0,0.0,1351.7270760003157
2051,20510410200000,4.0,10.0,4.652777777777778,4.0,7.0,648,0.0,0.0,0.0,0.0,0.0,0,0.0,0.0,0.0,0.0,0.0,0,1.0,1.0,1.0,1.0,1.0,552,0.9999999999999998,1.0000000000000004,1.0,1.0,1.0000000000000002,552,0.0,0.0,0.0,0.0,0.0,0.0,0.0,0.0,0.0,0.0,0.0,0.0,0.0,1344.1550940005982
2052,20520410400000,4.0,10.0,4.651234567901234,4.0,7.0,648,0.0,0.0,0.0,0.0,0.0,0,0.0,0.0,0.0,0.0,0.0,0,1.0,1.0,1.0,1.0,1.0,552,0.9999999999999996,1.0000000000000002,1.0,1.0,1.0000000000000002,552,0.0,0.0,0.0,0.0,0.0,0.0,0.0,0.0,0.0,0.0,0.0,0.0,0.0,1412.7132249996066
2053,20530410600000,4.0,10.0,4.655864197530864,4.0,7.0,648,0.0,0.0,0.0,0.0,0.0,0,0.0,0.0,0.0,0.0,0.0,0,1.0,1.0,1.0,1.0,1.0,552,0.9999999999999996,1.0000000000000002,1.0,1.0,1.0,552,0.0,0.0,0.0,0.0,0.0,0.0,0.0,0.0,0.0,0.0,0.0,0.0,0.0,1363.942660000248
2054,20540410800000,4.0,10.0,4.648148148148148,4.0,7.0,648,0.0,0.0,0.0,0.0,0.0,0,0.0,0.0,0.0,0.0,0.0,0,1.0,1.0,1.0,1.0,1.0,552,0.9999999999999996,1.0000000000000002,1.0,1.0,1.0000000000000002,552,0.0,0.0,0.0,0.0,0.0,0.0,0.0,0.0,0.0,0.0,0.0,0.0,0.0,1317.3173329996644
2055,20550411000000,4.0,10.0,4.645061728395062,4.0,7.0,648,0.0,0.0,0.0,0.0,0.0,0,0.0,0.0,0.0,0.0,0.0,0,1.0,1.0,1.0,1.0,1.0,552,0.9999999999999998,1.0000000000000004,1.0,1.0,1.0000000000000002,552,0.0,0.0,0.0,0.0,0.0,0.0,0.0,0.0,0.0,0.0,0.0,0.0,0.0,1303.3670390013867
2056,20560411200000,4.0,10.0,4.637345679012346,4.0,7.0,648,0.0,0.0,0.0,0.0,0.0,0,0.0,0.0,0.0,0.0,0.0,0,1.0,1.0,1.0,1.0,1.0,552,0.9999999999999996,1.0000000000000004,1.0,1.0,1.0000000000000002,552,0.0,0.0,0.0,0.0,0.0,0.0,0.0,0.0,0.0,0.0,0.0,0.0,0.0,1360.559265998745
2057,20570411400000,4.0,10.0,4.6419753086419755,4.0,7.0,648,0.0,0.0,0.0,0.0,0.0,0,0.0,0.0,0.0,0.0,0.0,0,1.0,1.0,1.0,1.0,1.0,552,0.9999999999999998,1.0000000000000004,1.0,1.0,1.0000000000000002,552,0.0,0.0,0.0,0.0,0.0,0.0,0.0,0.0,0.0,0.0,0.0,0.0,0.0,1354.4458680007665
2058,20580411600000,4.0,10.0,4.6496913580246915,4.0,7.0,648,0.0,0.0,0.0,0.0,0.0,0,0.0,0.0,0.0,0.0,0.0,0,1.0,1.0,1.0,1.0,1.0,552,0.9999999999999997,1.0000000000000002,1.0,1.0,1.0000000000000002,552,0.0,0.0,0.0,0.0,0.0,0.0,0.0,0.0,0.0,0.0,0.0,0.0,0.0,1352.6868780008954
2059,20590411800000,4.0,10.0,4.6496913580246915,4.0,7.0,648,0.0,0.0,0.0,0.0,0.0,0,0.0,0.0,0.0,0.0,0.0,0,1.0,1.0,1.0,1.0,1.0,552,0.9999999999999997,1.0000000000000002,1.0,1.0,1.0000000000000002,552,0.0,0.0,0.0,0.0,0.0,0.0,0.0,0.0,0.0,0.0,0.0,0.0,0.0,1367.4206790001335
2060,20600412000000,4.0,10.0,4.6496913580246915,4.0,7.0,648,0.0,0.0,0.0,0.0,0.0,0,0.0,0.0,0.0,0.0,0.0,0,1.0,1.0,1.0,1.0,1.0,552,0.9999999999999996,1.0000000000000002,1.0,1.0,1.0000000000000002,552,0.0,0.0,0.0,0.0,0.0,0.0,0.0,0.0,0.0,0.0,0.0,0.0,0.0,1370.6941639993602
2061,20610412200000,4.0,10.0,4.648148148148148,4.0,7.0,648,0.0,0.0,0.0,0.0,0.0,0,0.0,0.0,0.0,0.0,0.0,0,1.0,1.0,1.0,1.0,1.0,552,0.9999999999999998,1.0000000000000002,1.0,1.0,1.0000000000000002,552,0.0,0.0,0.0,0.0,0.0,0.0,0.0,0.0,0.0,0.0,0.0,0.0,0.0,1295.0979249999364
2062,20620412400000,4.0,10.0,4.652777777777778,4.0,7.0,648,0.0,0.0,0.0,0.0,0.0,0,0.0,0.0,0.0,0.0,0.0,0,1.0,1.0,1.0,1.0,1.0,552,0.9999999999999998,1.0000000000000002,1.0,1.0,1.0000000000000002,552,0.0,0.0,0.0,0.0,0.0,0.0,0.0,0.0,0.0,0.0,0.0,0.0,0.0,1328.1135339984758
2063,20630412600000,4.0,10.0,4.648148148148148,4.0,7.0,648,0.0,0.0,0.0,0.0,0.0,0,0.0,0.0,0.0,0.0,0.0,0,1.0,1.0,1.0,1.0,1.0,552,0.9999999999999997,1.0000000000000002,1.0,1.0,1.0000000000000002,552,0.0,0.0,0.0,0.0,0.0,0.0,0.0,0.0,0.0,0.0,0.0,0.0,0.0,1341.8078310005512
2064,20640412800000,4.0,10.0,4.648148148148148,4.0,7.0,648,0.0,0.0,0.0,0.0,0.0,0,0.0,0.0,0.0,0.0,0.0,0,1.0,1.0,1.0,1.0,1.0,552,0.9999999999999997,1.0000000000000002,1.0,1.0,1.0000000000000002,552,0.0,0.0,0.0,0.0,0.0,0.0,0.0,0.0,0.0,0.0,0.0,0.0,0.0,1400.632383998527
2065,20650413000000,4.0,9.0,4.645061728395062,4.0,7.0,648,0.0,0.0,0.0,0.0,0.0,0,0.0,0.0,0.0,0.0,0.0,0,1.0,1.0,1.0,1.0,1.0,552,0.9999999999999997,1.0000000000000004,1.0,1.0,1.0000000000000002,552,0.0,0.0,0.0,0.0,0.0,0.0,0.0,0.0,0.0,0.0,0.0,0.0,0.0,1358.900969999013
2066,20660413200000,4.0,9.0,4.6496913580246915,4.0,7.0,648,0.0,0.0,0.0,0.0,0.0,0,0.0,0.0,0.0,0.0,0.0,0,1.0,1.0,1.0,1.0,1.0,552,0.9999999999999997,1.0000000000000002,1.0,1.0,1.0000000000000002,552,0.0,0.0,0.0,0.0,0.0,0.0,0.0,0.0,0.0,0.0,0.0,0.0,0.0,1308.5726620010973
2067,20670413400000,4.0,9.0,4.648148148148148,4.0,7.0,648,0.0,0.0,0.0,0.0,0.0,0,0.0,0.0,0.0,0.0,0.0,0,1.0,1.0,1.0,1.0,1.0,552,0.9999999999999997,1.0000000000000002,1.0,1.0,1.0000000000000002,552,0.0,0.0,0.0,0.0,0.0,0.0,0.0,0.0,0.0,0.0,0.0,0.0,0.0,1315.560352999455
2068,20680413600000,4.0,9.0,4.655864197530864,4.0,7.0,648,0.0,0.0,0.0,0.0,0.0,0,0.0,0.0,0.0,0.0,0.0,0,1.0,1.0,1.0,1.0,1.0,552,0.9999999999999998,1.0000000000000002,1.0,1.0,1.0000000000000002,552,0.0,0.0,0.0,0.0,0.0,0.0,0.0,0.0,0.0,0.0,0.0,0.0,0.0,1364.1297439990012
2069,20690413800000,4.0,9.0,4.655864197530864,4.0,7.0,648,0.0,0.0,0.0,0.0,0.0,0,0.0,0.0,0.0,0.0,0.0,0,1.0,1.0,1.0,1.0,1.0,552,0.9999999999999997,1.0000000000000002,1.0,1.0,1.0000000000000002,552,0.0,0.0,0.0,0.0,0.0,0.0,0.0,0.0,0.0,0.0,0.0,0.0,0.0,1342.4063860002207
2070,20700414000000,4.0,9.0,4.654320987654321,4.0,7.0,648,0.0,0.0,0.0,0.0,0.0,0,0.0,0.0,0.0,0.0,0.0,0,1.0,1.0,1.0,1.0,1.0,552,0.9999999999999997,1.0000000000000002,1.0,1.0,1.0000000000000002,552,0.0,0.0,0.0,0.0,0.0,0.0,0.0,0.0,0.0,0.0,0.0,0.0,0.0,1374.2057010003919
2071,20710414200000,4.0,10.0,4.657407407407407,4.0,7.0,648,0.0,0.0,0.0,0.0,0.0,0,0.0,0.0,0.0,0.0,0.0,0,1.0,1.0,1.0,1.0,1.0,552,0.9999999999999997,1.0000000000000002,1.0,1.0,1.0000000000000002,552,0.0,0.0,0.0,0.0,0.0,0.0,0.0,0.0,0.0,0.0,0.0,0.0,0.0,1384.4668550009374
2072,20720414400000,4.0,10.0,4.652777777777778,4.0,7.0,648,0.0,0.0,0.0,0.0,0.0,0,0.0,0.0,0.0,0.0,0.0,0,1.0,1.0,1.0,1.0,1.0,552,0.9999999999999996,1.0000000000000004,1.0,1.0,1.0000000000000002,552,0.0,0.0,0.0,0.0,0.0,0.0,0.0,0.0,0.0,0.0,0.0,0.0,0.0,1365.966841000045
2073,20730414600000,4.0,10.0,4.640432098765432,4.0,7.0,648,0.0,0.0,0.0,0.0,0.0,0,0.0,0.0,0.0,0.0,0.0,0,1.0,1.0,1.0,1.0,1.0,552,0.9999999999999997,1.0000000000000004,1.0,1.0,1.0000000000000002,552,0.0,0.0,0.0,0.0,0.0,0.0,0.0,0.0,0.0,0.0,0.0,0.0,0.0,1346.9520329999796
2074,20740414800000,4.0,10.0,4.632716049382716,4.0,7.0,648,0.0,0.0,0.0,0.0,0.0,0,0.0,0.0,0.0,0.0,0.0,0,1.0,1.0,1.0,1.0,1.0,552,0.9999999999999997,1.0000000000000004,1.0,1.0,1.0000000000000002,552,0.0,0.0,0.0,0.0,0.0,0.0,0.0,0.0,0.0,0.0,0.0,0.0,0.0,1316.0001389987883
2075,20750415000000,4.0,10.0,4.643518518518518,4.0,7.0,648,0.0,0.0,0.0,0.0,0.0,0,0.0,0.0,0.0,0.0,0.0,0,1.0,1.0,1.0,1.0,1.0,552,0.9999999999999997,1.0000000000000002,1.0,1.0,1.0000000000000002,552,0.0,0.0,0.0,0.0,0.0,0.0,0.0,0.0,0.0,0.0,0.0,0.0,0.0,1327.9760599998554
2076,20760415200000,4.0,10.0,4.651234567901234,4.0,7.0,648,0.0,0.0,0.0,0.0,0.0,0,0.0,0.0,0.0,0.0,0.0,0,1.0,1.0,1.0,1.0,1.0,552,0.9999999999999998,1.0000000000000002,1.0,1.0,1.0000000000000002,552,0.0,0.0,0.0,0.0,0.0,0.0,0.0,0.0,0.0,0.0,0.0,0.0,0.0,1410.585080000601
2077,20770415400000,4.0,10.0,4.651234567901234,4.0,7.0,648,0.0,0.0,0.0,0.0,0.0,0,0.0,0.0,0.0,0.0,0.0,0,1.0,1.0,1.0,1.0,1.0,552,0.9999999999999998,1.0000000000000004,1.0,1.0,1.0000000000000002,552,0.0,0.0,0.0,0.0,0.0,0.0,0.0,0.0,0.0,0.0,0.0,0.0,0.0,1387.8882299995894
2078,20780415600000,4.0,10.0,4.6496913580246915,4.0,7.0,648,0.0,0.0,0.0,0.0,0.0,0,0.0,0.0,0.0,0.0,0.0,0,1.0,1.0,1.0,1.0,1.0,552,0.9999999999999996,1.0000000000000002,1.0,1.0,1.0000000000000002,552,0.0,0.0,0.0,0.0,0.0,0.0,0.0,0.0,0.0,0.0,0.0,0.0,0.0,1312.0796080002037
2079,20790415800000,4.0,10.0,4.652777777777778,4.0,7.0,648,0.0,0.0,0.0,0.0,0.0,0,0.0,0.0,0.0,0.0,0.0,0,1.0,1.0,1.0,1.0,1.0,552,0.9999999999999998,1.0000000000000002,1.0,1.0,1.0000000000000002,552,0.0,0.0,0.0,0.0,0.0,0.0,0.0,0.0,0.0,0.0,0.0,0.0,0.0,1331.7553720007709
2080,20800416000000,4.0,10.0,4.658950617283951,4.0,7.0,648,0.0,0.0,0.0,0.0,0.0,0,0.0,0.0,0.0,0.0,0.0,0,1.0,1.0,1.0,1.0,1.0,552,0.9999999999999998,1.0000000000000004,1.0,1.0,1.0000000000000002,552,0.0,0.0,0.0,0.0,0.0,0.0,0.0,0.0,0.0,0.0,0.0,0.0,0.0,1407.23950499887
2081,20810416200000,4.0,10.0,4.655864197530864,4.0,7.0,648,0.0,0.0,0.0,0.0,0.0,0,0.0,0.0,0.0,0.0,0.0,0,1.0,1.0,1.0,1.0,1.0,552,0.9999999999999998,1.0000000000000002,1.0,1.0,1.0000000000000002,552,0.0,0.0,0.0,0.0,0.0,0.0,0.0,0.0,0.0,0.0,0.0,0.0,0.0,1380.0308169993514
2082,20820416400000,4.0,9.0,4.646604938271605,4.0,7.0,648,0.0,0.0,0.0,0.0,0.0,0,0.0,0.0,0.0,0.0,0.0,0,1.0,1.0,1.0,1.0,1.0,552,0.9999999999999998,1.0000000000000002,1.0,1.0,1.0000000000000002,552,0.0,0.0,0.0,0.0,0.0,0.0,0.0,0.0,0.0,0.0,0.0,0.0,0.0,1406.1306180010433
2083,20830416600000,4.0,9.0,4.643518518518518,4.0,7.0,648,0.0,0.0,0.0,0.0,0.0,0,0.0,0.0,0.0,0.0,0.0,0,1.0,1.0,1.0,1.0,1.0,552,0.9999999999999997,1.0000000000000004,1.0,1.0,1.0000000000000002,552,0.0,0.0,0.0,0.0,0.0,0.0,0.0,0.0,0.0,0.0,0.0,0.0,0.0,1427.7585379986704
2084,20840416800000,4.0,9.0,4.6419753086419755,4.0,7.0,648,0.0,0.0,0.0,0.0,0.0,0,0.0,0.0,0.0,0.0,0.0,0,1.0,1.0,1.0,1.0,1.0,552,0.9999999999999996,1.0000000000000002,1.0,1.0,1.0000000000000002,552,0.0,0.0,0.0,0.0,0.0,0.0,0.0,0.0,0.0,0.0,0.0,0.0,0.0,1333.1908250002016
2085,20850417000000,4.0,9.0,4.643518518518518,4.0,7.0,648,0.0,0.0,0.0,0.0,0.0,0,0.0,0.0,0.0,0.0,0.0,0,1.0,1.0,1.0,1.0,1.0,552,0.9999999999999997,1.0000000000000004,1.0,1.0,1.0000000000000002,552,0.0,0.0,0.0,0.0,0.0,0.0,0.0,0.0,0.0,0.0,0.0,0.0,0.0,1330.283713999961
2086,20860417200000,4.0,9.0,4.651234567901234,4.0,7.0,648,0.0,0.0,0.0,0.0,0.0,0,0.0,0.0,0.0,0.0,0.0,0,1.0,1.0,1.0,1.0,1.0,552,0.9999999999999998,1.0000000000000002,1.0,1.0,1.0000000000000002,552,0.0,0.0,0.0,0.0,0.0,0.0,0.0,0.0,0.0,0.0,0.0,0.0,0.0,1341.3281729990558
2087,20870417400000,4.0,9.0,4.648148148148148,4.0,7.0,648,0.0,0.0,0.0,0.0,0.0,0,0.0,0.0,0.0,0.0,0.0,0,1.0,1.0,1.0,1.0,1.0,552,0.9999999999999998,1.0000000000000002,1.0,1.0,1.0000000000000002,552,0.0,0.0,0.0,0.0,0.0,0.0,0.0,0.0,0.0,0.0,0.0,0.0,0.0,1381.5047089992731
2088,20880417600000,4.0,9.0,4.6496913580246915,4.0,7.0,648,0.0,0.0,0.0,0.0,0.0,0,0.0,0.0,0.0,0.0,0.0,0,1.0,1.0,1.0,1.0,1.0,552,0.9999999999999997,1.0000000000000002,1.0,1.0,1.0000000000000002,552,0.0,0.0,0.0,0.0,0.0,0.0,0.0,0.0,0.0,0.0,0.0,0.0,0.0,1459.5696790001966
2089,20890417800000,4.0,9.0,4.657407407407407,4.0,7.0,648,0.0,0.0,0.0,0.0,0.0,0,0.0,0.0,0.0,0.0,0.0,0,1.0,1.0,1.0,1.0,1.0,552,0.9999999999999998,1.0000000000000004,1.0,1.0,1.0000000000000002,552,0.0,0.0,0.0,0.0,0.0,0.0,0.0,0.0,0.0,0.0,0.0,0.0,0.0,1332.6203729993722
2090,20900418000000,4.0,10.0,4.6496913580246915,4.0,7.0,648,0.0,0.0,0.0,0.0,0.0,0,0.0,0.0,0.0,0.0,0.0,0,1.0,1.0,1.0,1.0,1.0,552,0.9999999999999997,1.0000000000000002,1.0,1.0,1.0000000000000002,552,0.0,0.0,0.0,0.0,0.0,0.0,0.0,0.0,0.0,0.0,0.0,0.0,0.0,1335.5761789989629
2091,20910418200000,4.0,10.0,4.6419753086419755,4.0,7.0,648,0.0,0.0,0.0,0.0,0.0,0,0.0,0.0,0.0,0.0,0.0,0,1.0,1.0,1.0,1.0,1.0,552,0.9999999999999998,1.0000000000000002,1.0,1.0,1.0000000000000002,552,0.0,0.0,0.0,0.0,0.0,0.0,0.0,0.0,0.0,0.0,0.0,0.0,0.0,1368.0774530002964
2092,20920418400000,4.0,10.0,4.640432098765432,4.0,7.0,648,0.0,0.0,0.0,0.0,0.0,0,0.0,0.0,0.0,0.0,0.0,0,1.0,1.0,1.0,1.0,1.0,552,0.9999999999999998,1.0000000000000002,1.0,1.0,1.0000000000000002,552,0.0,0.0,0.0,0.0,0.0,0.0,0.0,0.0,0.0,0.0,0.0,0.0,0.0,1381.1967439996806
2093,20930418600000,4.0,10.0,4.640432098765432,4.0,7.0,648,0.0,0.0,0.0,0.0,0.0,0,0.0,0.0,0.0,0.0,0.0,0,1.0,1.0,1.0,1.0,1.0,552,0.9999999999999997,1.0000000000000004,1.0,1.0,1.0000000000000002,552,0.0,0.0,0.0,0.0,0.0,0.0,0.0,0.0,0.0,0.0,0.0,0.0,0.0,1405.3620340000634
2094,20940418800000,4.0,10.0,4.648148148148148,4.0,7.0,648,0.0,0.0,0.0,0.0,0.0,0,0.0,0.0,0.0,0.0,0.0,0,1.0,1.0,1.0,1.0,1.0,552,0.9999999999999997,1.0000000000000002,1.0,1.0,1.0000000000000002,552,0.0,0.0,0.0,0.0,0.0,0.0,0.0,0.0,0.0,0.0,0.0,0.0,0.0,1429.2103039988433
2095,20950419000000,4.0,10.0,4.654320987654321,4.0,7.0,648,0.0,0.0,0.0,0.0,0.0,0,0.0,0.0,0.0,0.0,0.0,0,1.0,1.0,1.0,1.0,1.0,552,0.9999999999999997,1.0000000000000002,1.0,1.0,1.0,552,0.0,0.0,0.0,0.0,0.0,0.0,0.0,0.0,0.0,0.0,0.0,0.0,0.0,1322.8788950000308
2096,20960419200000,4.0,10.0,4.654320987654321,4.0,7.0,648,0.0,0.0,0.0,0.0,0.0,0,0.0,0.0,0.0,0.0,0.0,0,1.0,1.0,1.0,1.0,1.0,552,0.9999999999999996,1.0000000000000004,1.0,1.0,1.0000000000000002,552,0.0,0.0,0.0,0.0,0.0,0.0,0.0,0.0,0.0,0.0,0.0,0.0,0.0,1363.5387750000518
2097,20970419400000,4.0,10.0,4.646604938271605,4.0,7.0,648,0.0,0.0,0.0,0.0,0.0,0,0.0,0.0,0.0,0.0,0.0,0,1.0,1.0,1.0,1.0,1.0,552,0.9999999999999997,1.0000000000000002,1.0,1.0,1.0000000000000002,552,0.0,0.0,0.0,0.0,0.0,0.0,0.0,0.0,0.0,0.0,0.0,0.0,0.0,1338.460954999391
2098,20980419600000,4.0,10.0,4.655864197530864,4.0,7.0,648,0.0,0.0,0.0,0.0,0.0,0,0.0,0.0,0.0,0.0,0.0,0,1.0,1.0,1.0,1.0,1.0,552,0.9999999999999997,1.0000000000000002,1.0,1.0,1.0000000000000002,552,0.0,0.0,0.0,0.0,0.0,0.0,0.0,0.0,0.0,0.0,0.0,0.0,0.0,1374.4469590001245
2099,20990419800000,4.0,10.0,4.6496913580246915,4.0,7.0,648,0.0,0.0,0.0,0.0,0.0,0,0.0,0.0,0.0,0.0,0.0,0,1.0,1.0,1.0,1.0,1.0,552,0.9999999999999997,1.0000000000000002,1.0,1.0,1.0000000000000002,552,0.0,0.0,0.0,0.0,0.0,0.0,0.0,0.0,0.0,0.0,0.0,0.0,0.0,1367.54894600017
2100,21000420000000,4.0,9.0,4.6496913580246915,4.0,7.0,648,0.0,0.0,0.0,0.0,0.0,0,0.0,0.0,0.0,0.0,0.0,0,1.0,1.0,1.0,1.0,1.0,552,0.9999999999999998,1.0000000000000002,1.0,1.0,1.0000000000000002,552,0.0,0.0,0.0,0.0,0.0,0.0,0.0,0.0,0.0,0.0,0.0,0.0,0.0,1392.149175000668
2101,21010420200000,4.0,9.0,4.657407407407407,4.0,7.0,648,0.0,0.0,0.0,0.0,0.0,0,0.0,0.0,0.0,0.0,0.0,0,1.0,1.0,1.0,1.0,1.0,552,0.9999999999999996,1.0000000000000004,1.0,1.0,1.0000000000000002,552,0.0,0.0,0.0,0.0,0.0,0.0,0.0,0.0,0.0,0.0,0.0,0.0,0.0,1317.855512999813
2102,21020420400000,4.0,9.0,4.652777777777778,4.0,7.0,648,0.0,0.0,0.0,0.0,0.0,0,0.0,0.0,0.0,0.0,0.0,0,1.0,1.0,1.0,1.0,1.0,552,0.9999999999999996,1.0000000000000002,1.0,1.0,1.0000000000000002,552,0.0,0.0,0.0,0.0,0.0,0.0,0.0,0.0,0.0,0.0,0.0,0.0,0.0,1328.6866580001515
2103,21030420600000,4.0,9.0,4.651234567901234,4.0,7.0,648,0.0,0.0,0.0,0.0,0.0,0,0.0,0.0,0.0,0.0,0.0,0,1.0,1.0,1.0,1.0,1.0,552,0.9999999999999998,1.0000000000000002,1.0,1.0,1.0000000000000002,552,0.0,0.0,0.0,0.0,0.0,0.0,0.0,0.0,0.0,0.0,0.0,0.0,0.0,1351.8960069995956
2104,21040420800000,4.0,9.0,4.6496913580246915,4.0,7.0,648,0.0,0.0,0.0,0.0,0.0,0,0.0,0.0,0.0,0.0,0.0,0,1.0,1.0,1.0,1.0,1.0,552,0.9999999999999997,1.0000000000000004,1.0,1.0,1.0000000000000002,552,0.0,0.0,0.0,0.0,0.0,0.0,0.0,0.0,0.0,0.0,0.0,0.0,0.0,1391.9272550010646
2105,21050421000000,4.0,9.0,4.6496913580246915,4.0,7.0,648,0.0,0.0,0.0,0.0,0.0,0,0.0,0.0,0.0,0.0,0.0,0,1.0,1.0,1.0,1.0,1.0,552,0.9999999999999998,1.0000000000000004,1.0,1.0,1.0000000000000002,552,0.0,0.0,0.0,0.0,0.0,0.0,0.0,0.0,0.0,0.0,0.0,0.0,0.0,1396.1904289990343
2106,21060421200000,4.0,9.0,4.643518518518518,4.0,7.0,648,0.0,0.0,0.0,0.0,0.0,0,0.0,0.0,0.0,0.0,0.0,0,1.0,1.0,1.0,1.0,1.0,552,0.9999999999999997,1.0000000000000004,1.0,1.0,1.0000000000000002,552,0.0,0.0,0.0,0.0,0.0,0.0,0.0,0.0,0.0,0.0,0.0,0.0,0.0,1326.791196999693
2107,21070421400000,4.0,9.0,4.6419753086419755,4.0,7.0,648,0.0,0.0,0.0,0.0,0.0,0,0.0,0.0,0.0,0.0,0.0,0,1.0,1.0,1.0,1.0,1.0,552,0.9999999999999997,1.0000000000000002,1.0,1.0,1.0000000000000002,552,0.0,0.0,0.0,0.0,0.0,0.0,0.0,0.0,0.0,0.0,0.0,0.0,0.0,1314.8421730002156
2108,21080421600000,4.0,9.0,4.646604938271605,4.0,7.0,648,0.0,0.0,0.0,0.0,0.0,0,0.0,0.0,0.0,0.0,0.0,0,1.0,1.0,1.0,1.0,1.0,552,0.9999999999999998,1.0000000000000002,1.0,1.0,1.0000000000000002,552,0.0,0.0,0.0,0.0,0.0,0.0,0.0,0.0,0.0,0.0,0.0,0.0,0.0,1372.637462000057
2109,21090421800000,4.0,10.0,4.648148148148148,4.0,7.0,648,0.0,0.0,0.0,0.0,0.0,0,0.0,0.0,0.0,0.0,0.0,0,1.0,1.0,1.0,1.0,1.0,552,0.9999999999999998,1.0000000000000004,1.0,1.0,1.0000000000000002,552,0.0,0.0,0.0,0.0,0.0,0.0,0.0,0.0,0.0,0.0,0.0,0.0,0.0,1374.0171740009828
2110,21100422000000,4.0,10.0,4.648148148148148,4.0,7.0,648,0.0,0.0,0.0,0.0,0.0,0,0.0,0.0,0.0,0.0,0.0,0,1.0,1.0,1.0,1.0,1.0,552,0.9999999999999998,1.0000000000000004,1.0,1.0,1.0000000000000002,552,0.0,0.0,0.0,0.0,0.0,0.0,0.0,0.0,0.0,0.0,0.0,0.0,0.0,1388.0054719993495
2111,21110422200000,4.0,10.0,4.6419753086419755,4.0,7.0,648,0.0,0.0,0.0,0.0,0.0,0,0.0,0.0,0.0,0.0,0.0,0,1.0,1.0,1.0,1.0,1.0,552,0.9999999999999997,1.0000000000000002,1.0,1.0,1.0000000000000002,552,0.0,0.0,0.0,0.0,0.0,0.0,0.0,0.0,0.0,0.0,0.0,0.0,0.0,1371.6460970008484
2112,21120422400000,4.0,10.0,4.6496913580246915,4.0,7.0,648,0.0,0.0,0.0,0.0,0.0,0,0.0,0.0,0.0,0.0,0.0,0,1.0,1.0,1.0,1.0,1.0,552,0.9999999999999998,1.0000000000000002,1.0,1.0,1.0000000000000002,552,0.0,0.0,0.0,0.0,0.0,0.0,0.0,0.0,0.0,0.0,0.0,0.0,0.0,1359.4918790004158
2113,21130422600000,4.0,10.0,4.652777777777778,4.0,7.0,648,0.0,0.0,0.0,0.0,0.0,0,0.0,0.0,0.0,0.0,0.0,0,1.0,1.0,1.0,1.0,1.0,552,0.9999999999999997,1.0000000000000002,1.0,1.0,1.0000000000000002,552,0.0,0.0,0.0,0.0,0.0,0.0,0.0,0.0,0.0,0.0,0.0,0.0,0.0,1424.7880250004528
2114,21140422800000,4.0,10.0,4.657407407407407,4.0,7.0,648,0.0,0.0,0.0,0.0,0.0,0,0.0,0.0,0.0,0.0,0.0,0,1.0,1.0,1.0,1.0,1.0,552,0.9999999999999997,1.0000000000000002,1.0,1.0,1.0,552,0.0,0.0,0.0,0.0,0.0,0.0,0.0,0.0,0.0,0.0,0.0,0.0,0.0,1379.9608159988566
2115,21150423000000,4.0,10.0,4.654320987654321,4.0,7.0,648,0.0,0.0,0.0,0.0,0.0,0,0.0,0.0,0.0,0.0,0.0,0,1.0,1.0,1.0,1.0,1.0,552,0.9999999999999997,1.0000000000000002,1.0,1.0,1.0000000000000002,552,0.0,0.0,0.0,0.0,0.0,0.0,0.0,0.0,0.0,0.0,0.0,0.0,0.0,1372.3047080002289
2116,21160423200000,4.0,10.0,4.655864197530864,4.0,7.0,648,0.0,0.0,0.0,0.0,0.0,0,0.0,0.0,0.0,0.0,0.0,0,1.0,1.0,1.0,1.0,1.0,552,0.9999999999999997,1.0000000000000002,1.0,1.0,1.0000000000000002,552,0.0,0.0,0.0,0.0,0.0,0.0,0.0,0.0,0.0,0.0,0.0,0.0,0.0,1429.0752810011327
2117,21170423400000,4.0,9.0,4.648148148148148,4.0,7.0,648,0.0,0.0,0.0,0.0,0.0,0,0.0,0.0,0.0,0.0,0.0,0,1.0,1.0,1.0,1.0,1.0,552,0.9999999999999997,1.0000000000000002,1.0,1.0,1.0000000000000002,552,0.0,0.0,0.0,0.0,0.0,0.0,0.0,0.0,0.0,0.0,0.0,0.0,0.0,1381.847464999737
2118,21180423600000,4.0,9.0,4.652777777777778,4.0,7.0,648,0.0,0.0,0.0,0.0,0.0,0,0.0,0.0,0.0,0.0,0.0,0,1.0,1.0,1.0,1.0,1.0,552,0.9999999999999997,1.0000000000000002,1.0,1.0,1.0000000000000002,552,0.0,0.0,0.0,0.0,0.0,0.0,0.0,0.0,0.0,0.0,0.0,0.0,0.0,1319.2204659990239
2119,21190423800000,4.0,9.0,4.658950617283951,4.0,7.0,648,0.0,0.0,0.0,0.0,0.0,0,0.0,0.0,0.0,0.0,0.0,0,1.0,1.0,1.0,1.0,1.0,552,0.9999999999999996,1.0000000000000004,1.0,1.0,1.0000000000000002,552,0.0,0.0,0.0,0.0,0.0,0.0,0.0,0.0,0.0,0.0,0.0,0.0,0.0,1343.6984109994228
2120,21200424000000,4.0,9.0,4.657407407407407,4.0,7.0,648,0.0,0.0,0.0,0.0,0.0,0,0.0,0.0,0.0,0.0,0.0,0,1.0,1.0,1.0,1.0,1.0,552,0.9999999999999996,1.0000000000000002,1.0,1.0,1.0000000000000002,552,0.0,0.0,0.0,0.0,0.0,0.0,0.0,0.0,0.0,0.0,0.0,0.0,0.0,1557.1090349985752
2121,21210424200000,4.0,9.0,4.651234567901234,4.0,7.0,648,0.0,0.0,0.0,0.0,0.0,0,0.0,0.0,0.0,0.0,0.0,0,1.0,1.0,1.0,1.0,1.0,552,0.9999999999999998,1.0000000000000002,1.0,1.0,1.0000000000000002,552,0.0,0.0,0.0,0.0,0.0,0.0,0.0,0.0,0.0,0.0,0.0,0.0,0.0,1417.6998540006025
2122,21220424400000,4.0,9.0,4.654320987654321,4.0,7.0,648,0.0,0.0,0.0,0.0,0.0,0,0.0,0.0,0.0,0.0,0.0,0,1.0,1.0,1.0,1.0,1.0,552,0.9999999999999996,1.0000000000000004,1.0,1.0,1.0000000000000002,552,0.0,0.0,0.0,0.0,0.0,0.0,0.0,0.0,0.0,0.0,0.0,0.0,0.0,1396.2260670014075
2123,21230424600000,4.0,9.0,4.646604938271605,4.0,7.0,648,0.0,0.0,0.0,0.0,0.0,0,0.0,0.0,0.0,0.0,0.0,0,1.0,1.0,1.0,1.0,1.0,552,0.9999999999999997,1.0000000000000002,1.0,1.0,1.0000000000000002,552,0.0,0.0,0.0,0.0,0.0,0.0,0.0,0.0,0.0,0.0,0.0,0.0,0.0,1343.3529489993816
2124,21240424800000,4.0,9.0,4.643518518518518,4.0,7.0,648,0.0,0.0,0.0,0.0,0.0,0,0.0,0.0,0.0,0.0,0.0,0,1.0,1.0,1.0,1.0,1.0,552,0.9999999999999998,1.0000000000000002,1.0,1.0,1.0000000000000002,552,0.0,0.0,0.0,0.0,0.0,0.0,0.0,0.0,0.0,0.0,0.0,0.0,0.0,1369.5333520008717
2125,21250425000000,4.0,9.0,4.6496913580246915,4.0,7.0,648,0.0,0.0,0.0,0.0,0.0,0,0.0,0.0,0.0,0.0,0.0,0,1.0,1.0,1.0,1.0,1.0,552,0.9999999999999997,1.0000000000000002,1.0,1.0,1.0000000000000002,552,0.0,0.0,0.0,0.0,0.0,0.0,0.0,0.0,0.0,0.0,0.0,0.0,0.0,1367.895731000317
2126,21260425200000,4.0,9.0,4.6496913580246915,4.0,7.0,648,0.0,0.0,0.0,0.0,0.0,0,0.0,0.0,0.0,0.0,0.0,0,1.0,1.0,1.0,1.0,1.0,552,0.9999999999999997,1.0000000000000004,1.0,1.0,1.0000000000000002,552,0.0,0.0,0.0,0.0,0.0,0.0,0.0,0.0,0.0,0.0,0.0,0.0,0.0,1375.4551080000965
2127,21270425400000,4.0,9.0,4.651234567901234,4.0,7.0,648,0.0,0.0,0.0,0.0,0.0,0,0.0,0.0,0.0,0.0,0.0,0,1.0,1.0,1.0,1.0,1.0,552,0.9999999999999996,1.0000000000000004,1.0,1.0,1.0000000000000002,552,0.0,0.0,0.0,0.0,0.0,0.0,0.0,0.0,0.0,0.0,0.0,0.0,0.0,1396.9254909989104
2128,21280425600000,4.0,9.0,4.651234567901234,4.0,7.0,648,0.0,0.0,0.0,0.0,0.0,0,0.0,0.0,0.0,0.0,0.0,0,1.0,1.0,1.0,1.0,1.0,552,0.9999999999999998,1.0000000000000002,1.0,1.0,1.0000000000000002,552,0.0,0.0,0.0,0.0,0.0,0.0,0.0,0.0,0.0,0.0,0.0,0.0,0.0,1408.4409569986747
2129,21290425800000,4.0,10.0,4.652777777777778,4.0,7.0,648,0.0,0.0,0.0,0.0,0.0,0,0.0,0.0,0.0,0.0,0.0,0,1.0,1.0,1.0,1.0,1.0,552,0.9999999999999997,1.0000000000000002,1.0,1.0,1.0000000000000002,552,0.0,0.0,0.0,0.0,0.0,0.0,0.0,0.0,0.0,0.0,0.0,0.0,0.0,1336.9123020002007
2130,21300426000000,4.0,10.0,4.6496913580246915,4.0,7.0,648,0.0,0.0,0.0,0.0,0.0,0,0.0,0.0,0.0,0.0,0.0,0,1.0,1.0,1.0,1.0,1.0,552,0.9999999999999997,1.0000000000000002,1.0,1.0,1.0000000000000002,552,0.0,0.0,0.0,0.0,0.0,0.0,0.0,0.0,0.0,0.0,0.0,0.0,0.0,1361.8911820012727
2131,21310426200000,4.0,10.0,4.652777777777778,4.0,7.0,648,0.0,0.0,0.0,0.0,0.0,0,0.0,0.0,0.0,0.0,0.0,0,1.0,1.0,1.0,1.0,1.0,552,0.9999999999999998,1.0000000000000002,1.0,1.0,1.0000000000000002,552,0.0,0.0,0.0,0.0,0.0,0.0,0.0,0.0,0.0,0.0,0.0,0.0,0.0,1374.7414150002442
2132,21320426400000,4.0,10.0,4.6496913580246915,4.0,7.0,648,0.0,0.0,0.0,0.0,0.0,0,0.0,0.0,0.0,0.0,0.0,0,1.0,1.0,1.0,1.0,1.0,552,0.9999999999999997,1.0000000000000002,1.0,1.0,1.0000000000000002,552,0.0,0.0,0.0,0.0,0.0,0.0,0.0,0.0,0.0,0.0,0.0,0.0,0.0,1430.8960489997844
2133,21330426600000,4.0,10.0,4.646604938271605,4.0,7.0,648,0.0,0.0,0.0,0.0,0.0,0,0.0,0.0,0.0,0.0,0.0,0,1.0,1.0,1.0,1.0,1.0,552,0.9999999999999997,1.0000000000000004,1.0,1.0,1.0000000000000002,552,0.0,0.0,0.0,0.0,0.0,0.0,0.0,0.0,0.0,0.0,0.0,0.0,0.0,1390.8648470005573
2134,21340426800000,4.0,10.0,4.6496913580246915,4.0,7.0,648,0.0,0.0,0.0,0.0,0.0,0,0.0,0.0,0.0,0.0,0.0,0,1.0,1.0,1.0,1.0,1.0,552,0.9999999999999996,1.0000000000000002,1.0,1.0,1.0000000000000002,552,0.0,0.0,0.0,0.0,0.0,0.0,0.0,0.0,0.0,0.0,0.0,0.0,0.0,1314.3547370000306
2135,21350427000000,4.0,9.0,4.645061728395062,4.0,7.0,648,0.0,0.0,0.0,0.0,0.0,0,0.0,0.0,0.0,0.0,0.0,0,1.0,1.0,1.0,1.0,1.0,552,0.9999999999999997,1.0000000000000004,1.0,1.0,1.0000000000000002,552,0.0,0.0,0.0,0.0,0.0,0.0,0.0,0.0,0.0,0.0,0.0,0.0,0.0,1309.7912459998042
2136,21360427200000,4.0,9.0,4.645061728395062,4.0,7.0,648,0.0,0.0,0.0,0.0,0.0,0,0.0,0.0,0.0,0.0,0.0,0,1.0,1.0,1.0,1.0,1.0,552,0.9999999999999998,1.0000000000000002,1.0,1.0,1.0000000000000002,552,0.0,0.0,0.0,0.0,0.0,0.0,0.0,0.0,0.0,0.0,0.0,0.0,0.0,1408.2995490007306
2137,21370427400000,4.0,9.0,4.646604938271605,4.0,7.0,648,0.0,0.0,0.0,0.0,0.0,0,0.0,0.0,0.0,0.0,0.0,0,1.0,1.0,1.0,1.0,1.0,552,0.9999999999999998,1.0000000000000004,1.0,1.0,1.0000000000000002,552,0.0,0.0,0.0,0.0,0.0,0.0,0.0,0.0,0.0,0.0,0.0,0.0,0.0,1399.5642640002188
2138,21380427600000,4.0,9.0,4.655864197530864,4.0,7.0,648,0.0,0.0,0.0,0.0,0.0,0,0.0,0.0,0.0,0.0,0.0,0,1.0,1.0,1.0,1.0,1.0,552,0.9999999999999997,1.0000000000000002,1.0,1.0,1.0,552,0.0,0.0,0.0,0.0,0.0,0.0,0.0,0.0,0.0,0.0,0.0,0.0,0.0,1401.6542339995794
2139,21390427800000,4.0,9.0,4.655864197530864,4.0,7.0,648,0.0,0.0,0.0,0.0,0.0,0,0.0,0.0,0.0,0.0,0.0,0,1.0,1.0,1.0,1.0,1.0,552,0.9999999999999997,1.0000000000000002,1.0,1.0,1.0000000000000002,552,0.0,0.0,0.0,0.0,0.0,0.0,0.0,0.0,0.0,0.0,0.0,0.0,0.0,1352.4808080001094
2140,21400428000000,4.0,9.0,4.648148148148148,4.0,7.0,648,0.0,0.0,0.0,0.0,0.0,0,0.0,0.0,0.0,0.0,0.0,0,1.0,1.0,1.0,1.0,1.0,552,0.9999999999999997,1.0000000000000002,1.0,1.0,1.0000000000000002,552,0.0,0.0,0.0,0.0,0.0,0.0,0.0,0.0,0.0,0.0,0.0,0.0,0.0,1354.4050420005078
2141,21410428200000,4.0,9.0,4.6496913580246915,4.0,7.0,648,0.0,0.0,0.0,0.0,0.0,0,0.0,0.0,0.0,0.0,0.0,0,1.0,1.0,1.0,1.0,1.0,552,0.9999999999999997,1.0000000000000002,1.0,1.0,1.0000000000000002,552,0.0,0.0,0.0,0.0,0.0,0.0,0.0,0.0,0.0,0.0,0.0,0.0,0.0,1522.1661380001024
2142,21420428400000,4.0,9.0,4.645061728395062,4.0,7.0,648,0.0,0.0,0.0,0.0,0.0,0,0.0,0.0,0.0,0.0,0.0,0,1.0,1.0,1.0,1.0,1.0,552,0.9999999999999997,1.0000000000000002,1.0,1.0,1.0000000000000002,552,0.0,0.0,0.0,0.0,0.0,0.0,0.0,0.0,0.0,0.0,0.0,0.0,0.0,1387.7948919998744
2143,21430428600000,4.0,9.0,4.651234567901234,4.0,7.0,648,0.0,0.0,0.0,0.0,0.0,0,0.0,0.0,0.0,0.0,0.0,0,1.0,1.0,1.0,1.0,1.0,552,0.9999999999999998,1.0000000000000002,1.0,1.0,1.0,552,0.0,0.0,0.0,0.0,0.0,0.0,0.0,0.0,0.0,0.0,0.0,0.0,0.0,1376.4124659992376
2144,21440428800000,4.0,9.0,4.651234567901234,4.0,7.0,648,0.0,0.0,0.0,0.0,0.0,0,0.0,0.0,0.0,0.0,0.0,0,1.0,1.0,1.0,1.0,1.0,552,0.9999999999999997,1.0000000000000004,1.0,1.0,1.0,552,0.0,0.0,0.0,0.0,0.0,0.0,0.0,0.0,0.0,0.0,0.0,0.0,0.0,1450.0972700006969
2145,21450429000000,4.0,9.0,4.655864197530864,4.0,7.0,648,0.0,0.0,0.0,0.0,0.0,0,0.0,0.0,0.0,0.0,0.0,0,1.0,1.0,1.0,1.0,1.0,552,0.9999999999999998,1.0000000000000004,1.0,1.0,1.0000000000000002,552,0.0,0.0,0.0,0.0,0.0,0.0,0.0,0.0,0.0,0.0,0.0,0.0,0.0,1368.4149990003789
2146,21460429200000,4.0,9.0,4.652777777777778,4.0,7.0,648,0.0,0.0,0.0,0.0,0.0,0,0.0,0.0,0.0,0.0,0.0,0,1.0,1.0,1.0,1.0,1.0,552,0.9999999999999997,1.0000000000000002,1.0,1.0,1.0000000000000002,552,0.0,0.0,0.0,0.0,0.0,0.0,0.0,0.0,0.0,0.0,0.0,0.0,0.0,1347.6925579998351
2147,21470429400000,4.0,9.0,4.652777777777778,4.0,7.0,648,0.0,0.0,0.0,0.0,0.0,0,0.0,0.0,0.0,0.0,0.0,0,1.0,1.0,1.0,1.0,1.0,552,0.9999999999999998,1.0000000000000004,1.0,1.0,1.0000000000000002,552,0.0,0.0,0.0,0.0,0.0,0.0,0.0,0.0,0.0,0.0,0.0,0.0,0.0,1358.0154519986536
2148,21480429600000,4.0,10.0,4.654320987654321,4.0,7.0,648,0.0,0.0,0.0,0.0,0.0,0,0.0,0.0,0.0,0.0,0.0,0,1.0,1.0,1.0,1.0,1.0,552,0.9999999999999998,1.0000000000000002,1.0,1.0,1.0000000000000002,552,0.0,0.0,0.0,0.0,0.0,0.0,0.0,0.0,0.0,0.0,0.0,0.0,0.0,1385.1520089992846
2149,21490429800000,4.0,10.0,4.652777777777778,4.0,7.0,648,0.0,0.0,0.0,0.0,0.0,0,0.0,0.0,0.0,0.0,0.0,0,1.0,1.0,1.0,1.0,1.0,552,0.9999999999999997,1.0000000000000002,1.0,1.0,1.0000000000000002,552,0.0,0.0,0.0,0.0,0.0,0.0,0.0,0.0,0.0,0.0,0.0,0.0,0.0,1393.0874830002722
2150,21500430000000,4.0,10.0,4.6419753086419755,4.0,7.0,648,0.0,0.0,0.0,0.0,0.0,0,0.0,0.0,0.0,0.0,0.0,0,1.0,1.0,1.0,1.0,1.0,552,0.9999999999999998,1.0000000000000002,1.0,1.0,1.0000000000000002,552,0.0,0.0,0.0,0.0,0.0,0.0,0.0,0.0,0.0,0.0,0.0,0.0,0.0,1388.9637040010712
2151,21510430200000,4.0,10.0,4.645061728395062,4.0,7.0,648,0.0,0.0,0.0,0.0,0.0,0,0.0,0.0,0.0,0.0,0.0,0,1.0,1.0,1.0,1.0,1.0,552,0.9999999999999996,1.0000000000000002,1.0,1.0,1.0,552,0.0,0.0,0.0,0.0,0.0,0.0,0.0,0.0,0.0,0.0,0.0,0.0,0.0,1315.4469860000972
2152,21520430400000,4.0,9.0,4.638888888888889,4.0,7.0,648,0.0,0.0,0.0,0.0,0.0,0,0.0,0.0,0.0,0.0,0.0,0,1.0,1.0,1.0,1.0,1.0,552,0.9999999999999996,1.0000000000000004,1.0,1.0,1.0,552,0.0,0.0,0.0,0.0,0.0,0.0,0.0,0.0,0.0,0.0,0.0,0.0,0.0,1365.4552449988842
2153,21530430600000,4.0,9.0,4.640432098765432,4.0,7.0,648,0.0,0.0,0.0,0.0,0.0,0,0.0,0.0,0.0,0.0,0.0,0,1.0,1.0,1.0,1.0,1.0,552,0.9999999999999996,1.0000000000000002,1.0,1.0,1.0000000000000002,552,0.0,0.0,0.0,0.0,0.0,0.0,0.0,0.0,0.0,0.0,0.0,0.0,0.0,1350.8104199991067
2154,21540430800000,4.0,9.0,4.638888888888889,4.0,7.0,648,0.0,0.0,0.0,0.0,0.0,0,0.0,0.0,0.0,0.0,0.0,0,1.0,1.0,1.0,1.0,1.0,552,0.9999999999999998,1.0000000000000004,1.0,1.0,1.0000000000000002,552,0.0,0.0,0.0,0.0,0.0,0.0,0.0,0.0,0.0,0.0,0.0,0.0,0.0,1336.8138419991737
2155,21550431000000,4.0,9.0,4.646604938271605,4.0,7.0,648,0.0,0.0,0.0,0.0,0.0,0,0.0,0.0,0.0,0.0,0.0,0,1.0,1.0,1.0,1.0,1.0,552,0.9999999999999997,1.0000000000000002,1.0,1.0,1.0000000000000002,552,0.0,0.0,0.0,0.0,0.0,0.0,0.0,0.0,0.0,0.0,0.0,0.0,0.0,1373.1566599999496
2156,21560431200000,4.0,9.0,4.646604938271605,4.0,7.0,648,0.0,0.0,0.0,0.0,0.0,0,0.0,0.0,0.0,0.0,0.0,0,1.0,1.0,1.0,1.0,1.0,552,0.9999999999999997,1.0000000000000002,1.0,1.0,1.0000000000000002,552,0.0,0.0,0.0,0.0,0.0,0.0,0.0,0.0,0.0,0.0,0.0,0.0,0.0,1359.1994990001695
2157,21570431400000,4.0,9.0,4.652777777777778,4.0,7.0,648,0.0,0.0,0.0,0.0,0.0,0,0.0,0.0,0.0,0.0,0.0,0,1.0,1.0,1.0,1.0,1.0,552,0.9999999999999998,1.0000000000000002,1.0,1.0,1.0,552,0.0,0.0,0.0,0.0,0.0,0.0,0.0,0.0,0.0,0.0,0.0,0.0,0.0,1318.438625001363
2158,21580431600000,4.0,9.0,4.6496913580246915,4.0,7.0,648,0.0,0.0,0.0,0.0,0.0,0,0.0,0.0,0.0,0.0,0.0,0,1.0,1.0,1.0,1.0,1.0,552,0.9999999999999996,1.0000000000000002,1.0,1.0,1.0000000000000002,552,0.0,0.0,0.0,0.0,0.0,0.0,0.0,0.0,0.0,0.0,0.0,0.0,0.0,1335.2170560010563
2159,21590431800000,4.0,9.0,4.6496913580246915,4.0,7.0,648,0.0,0.0,0.0,0.0,0.0,0,0.0,0.0,0.0,0.0,0.0,0,1.0,1.0,1.0,1.0,1.0,552,0.9999999999999998,1.0000000000000002,1.0,1.0,1.0000000000000002,552,0.0,0.0,0.0,0.0,0.0,0.0,0.0,0.0,0.0,0.0,0.0,0.0,0.0,1343.0016950005665
