time_index,time_since_epoch_ns,fstate_size_min,fstate_size_max,fstate_size_mean,fstate_size_median,fstate_size_p95,fstate_size_count,fstate_installed_min,fstate_installed_max,fstate_installed_mean,fstate_installed_median,fstate_installed_p95,fstate_installed_count,fstate_markers_min,fstate_markers_max,fstate_markers_mean,fstate_markers_median,fstate_markers_p95,fstate_markers_count,fstate_neighbors_min,fstate_neighbors_max,fstate_neighbors_mean,fstate_neighbors_median,fstate_neighbors_p95,fstate_neighbors_count,strict_header_bytes_min,strict_header_bytes_max,strict_header_bytes_mean,strict_header_bytes_median,strict_header_bytes_p95,strict_header_bytes_count,srv6_srh_bytes_min,srv6_srh_bytes_max,srv6_srh_bytes_mean,srv6_srh_bytes_median,srv6_srh_bytes_p95,srv6_srh_bytes_count,stretch_hop_min,stretch_hop_max,stretch_hop_mean,stretch_hop_median,stretch_hop_p95,stretch_hop_count,stretch_dist_min,stretch_dist_max,stretch_dist_mean,stretch_dist_median,stretch_dist_p95,stretch_dist_count,stretch_hop_shared_min,stretch_hop_shared_max,stretch_hop_shared_mean,stretch_hop_shared_median,stretch_hop_shared_p95,stretch_hop_shared_count,stretch_dist_shared_min,stretch_dist_shared_max,stretch_dist_shared_mean,stretch_dist_shared_median,stretch_dist_shared_p95,stretch_dist_shared_count,delivery_total_pairs,delivery_no_src_visibility,delivery_no_dst_visibility,delivery_disconnected,delivery_deliverable,delivery_delivered,delivery_forwarding_failure,delivery_failure_loop,delivery_failure_dead_end,delivery_failure_link_down,delivery_failure_hop_limit,delivery_failure_egress_lost,delivery_delivery_rate,delivery_non_optimal_egress,delivery_non_optimal_egress_rate,explicit_failover_count,explicit_failover_delivered_count,explicit_failover_delivered_rate,explicit_failover_protected_repair_count,explicit_failover_protected_repair_rate,explicit_failover_broken_adj_count,explicit_failover_broken_adj_rate,explicit_failover_egress_not_visible_count,explicit_failover_egress_not_visible_rate,explicit_failover_dynamic_egress_repair_count,explicit_failover_dynamic_egress_repair_rate,explicit_failover_dynamic_egress_unavailable_count,explicit_failover_dynamic_egress_unavailable_rate,failure_isls_removed,failure_satellites_down,failure_events,compute_time_ms
0,0,2.0,13.0,2.4515570934256057,2.0,4.0,1156,2.0,10.0,5.9411764705882355,5.5,10.0,1156,14.0,22.0,18.058823529411764,18.5,22.0,1156,2.0,6.0,2.3122837370242215,2.0,4.0,1156,0.0,88.0,46.160583941605836,48.0,84.0,137,0.0,280.0,119.47445255474453,120.0,264.0,137,1.0,1.0,1.0,1.0,1.0,137,0.9999999999999999,1.0000000000000002,1.0,1.0,1.0,137,1.0,1.0,1.0,1.0,1.0,137,0.9999999999999999,1.0000000000000002,1.0,1.0,1.0,137,552.0,0.0,0.0,415.0,137.0,137.0,0.0,0.0,0.0,0.0,0.0,0.0,1.0,0.0,0.0,137.0,137.0,1.0,0.0,0.0,0.0,0.0,0.0,0.0,0.0,0.0,0.0,0.0,0.0,0.0,0.0,351.97929851710796
1,60000000000,2.0,16.0,2.4463667820069204,2.0,4.0,1156,1.0,10.0,5.883217993079585,5.0,10.0,1156,14.0,23.0,18.116782006920417,19.0,22.0,1156,2.0,6.0,2.3105536332179932,2.0,4.0,1156,0.0,88.0,43.91608391608391,40.0,84.0,143,0.0,280.0,111.72027972027972,88.0,264.0,143,1.0,1.0,1.0,1.0,1.0,115,0.9999999999999996,1.0000000000000002,1.0,1.0,1.0,115,1.0,1.5,1.0392884637385915,1.0,1.25,115,0.9999999999999996,1.5691880277538026,1.029056830090767,1.0,1.2070084330447166,115,552.0,0.0,0.0,408.0,144.0,115.0,29.0,0.0,2.0,0.0,0.0,27.0,0.7986111111111112,26.0,0.22608695652173913,143.0,115.0,0.8041958041958042,0.0,0.0,0.0,0.0,28.0,0.1958041958041958,0.0,0.0,0.0,0.0,0.0,0.0,0.0,144.17171105742455
2,120000000000,2.0,14.0,2.453287197231834,2.0,4.0,1156,1.0,10.0,5.831314878892734,5.0,9.0,1156,14.0,23.0,18.168685121107266,19.0,22.0,1156,2.0,6.0,2.3105536332179932,2.0,4.0,1156,0.0,88.0,45.90070921985816,48.0,84.0,141,0.0,280.0,119.26241134751773,120.0,264.0,141,1.0,1.0,1.0,1.0,1.0,93,0.9999999999999998,1.0000000000000002,1.0,1.0,1.0,93,1.0,1.5,1.071619716638692,1.0,1.3333333333333333,93,0.9999999999999998,1.7189566089935515,1.067067782892283,1.0,1.3058514040241305,93,552.0,0.0,0.0,412.0,140.0,93.0,47.0,0.0,3.0,0.0,0.0,44.0,0.6642857142857143,37.0,0.3978494623655914,141.0,93.0,0.6595744680851063,0.0,0.0,0.0,0.0,48.0,0.3404255319148936,0.0,0.0,0.0,0.0,0.0,0.0,0.0,267.502848058939
3,180000000000,2.0,14.0,2.4420415224913494,2.0,4.0,1156,2.0,10.0,5.794117647058823,5.5,9.0,1156,14.0,22.0,18.205882352941178,18.5,22.0,1156,2.0,6.0,2.3088235294117645,2.0,4.0,1156,0.0,84.0,45.02255639097744,44.0,81.59999999999997,133,0.0,264.0,116.21052631578948,104.0,254.39999999999986,133,1.0,1.0,1.0,1.0,1.0,133,0.9999999999999998,1.0000000000000002,1.0,1.0,1.0,133,1.0,1.0,1.0,1.0,1.0,133,0.9999999999999998,1.0000000000000002,1.0,1.0,1.0,133,552.0,0.0,0.0,419.0,133.0,133.0,0.0,0.0,0.0,0.0,0.0,0.0,1.0,0.0,0.0,133.0,133.0,1.0,0.0,0.0,0.0,0.0,0.0,0.0,0.0,0.0,0.0,0.0,0.0,0.0,0.0,327.41235196590424
4,240000000000,2.0,16.0,2.4368512110726646,2.0,4.0,1156,1.0,10.0,5.7378892733564015,5.0,9.0,1156,14.0,23.0,18.2621107266436,19.0,22.0,1156,2.0,6.0,2.3044982698961936,2.0,4.0,1156,0.0,84.0,43.798561151079134,44.0,84.0,139,0.0,264.0,110.96402877697842,104.0,264.0,139,1.0,1.0,1.0,1.0,1.0,113,0.9999999999999998,1.0000000000000002,1.0,1.0,1.0,113,1.0,1.5,1.0375771547557078,1.0,1.25,113,0.9999999999999998,1.5722231355347196,1.0276452033114165,1.0,1.2086822907026886,113,552.0,0.0,0.0,412.0,140.0,113.0,27.0,0.0,2.0,0.0,0.0,25.0,0.8071428571428572,22.0,0.19469026548672566,139.0,113.0,0.8129496402877698,0.0,0.0,0.0,0.0,26.0,0.18705035971223022,0.0,0.0,0.0,0.0,0.0,0.0,0.0,193.62185522913933
5,300000000000,2.0,13.0,2.454152249134948,2.0,4.0,1156,1.0,10.0,5.686851211072664,5.0,9.0,1156,14.0,23.0,18.313148788927336,19.0,22.0,1156,2.0,6.0,2.314878892733564,2.0,4.0,1156,0.0,88.0,46.07299270072993,48.0,84.0,137,0.0,280.0,119.12408759124088,120.0,264.0,137,1.0,1.0,1.0,1.0,1.0,91,0.9999999999999998,1.0000000000000002,1.0,1.0,1.0,91,1.0,1.5,1.0799398080910687,1.0,1.3333333333333333,91,0.9999999999999998,1.7119788137999745,1.0758543951707769,1.0,1.3856841670939009,91,552.0,0.0,0.0,414.0,138.0,91.0,47.0,0.0,2.0,0.0,0.0,45.0,0.6594202898550725,41.0,0.45054945054945056,137.0,91.0,0.6642335766423357,0.0,0.0,0.0,0.0,46.0,0.3357664233576642,0.0,0.0,0.0,0.0,0.0,0.0,0.0,122.2962737083435
6,360000000000,2.0,15.0,2.4472318339100347,2.0,4.0,1156,2.0,10.0,5.882352941176471,6.0,10.0,1156,14.0,22.0,18.11764705882353,18.0,22.0,1156,2.0,6.0,2.3079584775086506,2.0,4.0,1156,0.0,84.0,45.285714285714285,44.0,84.0,140,0.0,264.0,116.34285714285714,104.0,264.0,140,1.0,1.0,1.0,1.0,1.0,140,0.9999999999999998,1.0000000000000002,1.0,1.0,1.0,140,1.0,1.0,1.0,1.0,1.0,140,0.9999999999999998,1.0000000000000002,1.0,1.0,1.0,140,552.0,0.0,0.0,412.0,140.0,140.0,0.0,0.0,0.0,0.0,0.0,0.0,1.0,0.0,0.0,140.0,140.0,1.0,0.0,0.0,0.0,0.0,0.0,0.0,0.0,0.0,0.0,0.0,0.0,0.0,0.0,413.77202793955803
7,420000000000,2.0,16.0,2.438581314878893,2.0,4.0,1156,1.0,10.0,5.827854671280277,6.0,9.0,1156,14.0,23.0,18.172145328719722,18.0,22.0,1156,2.0,6.0,2.3079584775086506,2.0,4.0,1156,0.0,84.0,44.78832116788321,44.0,80.79999999999995,137,0.0,264.0,114.51094890510949,104.0,251.19999999999982,137,1.0,1.0,1.0,1.0,1.0,111,1.0,1.0000000000000002,1.0,1.0,1.0,111,1.0,1.5,1.0402202813967518,1.0,1.25,111,1.0,1.573575408961907,1.0296165676892095,1.0,1.2100077488173677,111,552.0,0.0,0.0,416.0,136.0,111.0,25.0,0.0,1.0,0.0,0.0,24.0,0.8161764705882353,23.0,0.2072072072072072,137.0,111.0,0.8102189781021898,0.0,0.0,0.0,0.0,26.0,0.1897810218978102,0.0,0.0,0.0,0.0,0.0,0.0,0.0,142.30938628315926
8,480000000000,2.0,14.0,2.454152249134948,2.0,4.0,1156,1.0,10.0,5.771626297577854,6.0,9.0,1156,14.0,23.0,18.228373702422147,18.0,22.0,1156,2.0,6.0,2.314878892733564,2.0,4.0,1156,0.0,88.0,47.24087591240876,48.0,84.0,137,0.0,280.0,123.27007299270073,120.0,264.0,137,1.0,1.0,1.0,1.0,1.0,88,0.9999999999999998,1.0000000000000002,1.0,1.0,1.0,88,1.0,1.5,1.0831611867039674,1.0,1.4416666666666653,88,0.9999999999999998,1.7048609700089734,1.0808629015030362,1.0,1.4471280760947773,88,552.0,0.0,0.0,416.0,136.0,88.0,48.0,0.0,1.0,0.0,0.0,47.0,0.6470588235294118,41.0,0.4659090909090909,137.0,88.0,0.6423357664233577,0.0,0.0,0.0,0.0,49.0,0.35766423357664234,0.0,0.0,0.0,0.0,0.0,0.0,0.0,238.5643534362316
9,540000000000,2.0,15.0,2.4394463667820068,2.0,4.0,1156,2.0,10.0,5.764705882352941,6.0,10.0,1156,14.0,22.0,18.235294117647058,18.0,22.0,1156,2.0,6.0,2.3027681660899653,2.0,4.0,1156,0.0,84.0,45.197080291970806,48.0,84.0,137,0.0,264.0,116.14598540145985,120.0,264.0,137,1.0,1.0,1.0,1.0,1.0,137,0.9999999999999998,1.0000000000000002,1.0,1.0,1.0,137,1.0,1.0,1.0,1.0,1.0,137,0.9999999999999998,1.0000000000000002,1.0,1.0,1.0,137,552.0,0.0,0.0,415.0,137.0,137.0,0.0,0.0,0.0,0.0,0.0,0.0,1.0,0.0,0.0,137.0,137.0,1.0,0.0,0.0,0.0,0.0,0.0,0.0,0.0,0.0,0.0,0.0,0.0,0.0,0.0,324.92003031075
10,600000000000,2.0,16.0,2.4411764705882355,2.0,4.0,1156,1.0,10.0,5.713667820069205,6.0,9.25,1156,14.0,23.0,18.286332179930795,18.0,22.0,1156,2.0,6.0,2.311418685121107,2.0,4.0,1156,0.0,84.0,44.529411764705884,44.0,81.0,136,0.0,264.0,114.05882352941177,104.0,252.0,136,1.0,1.0,1.0,1.0,1.0,112,0.9999999999999998,1.0000000000000004,1.0,1.0,1.0000000000000002,112,1.0,1.5,1.0395133053221288,1.0,1.25,112,0.9999999999999998,1.5732530938536733,1.0293637237671707,1.0,1.2099032119510769,112,552.0,0.0,0.0,415.0,137.0,112.0,25.0,0.0,2.0,0.0,0.0,23.0,0.8175182481751825,22.0,0.19642857142857142,136.0,112.0,0.8235294117647058,0.0,0.0,0.0,0.0,24.0,0.17647058823529413,0.0,0.0,0.0,0.0,0.0,0.0,0.0,207.12104625999928
11,660000000000,2.0,14.0,2.454152249134948,2.0,4.0,1156,1.0,10.0,5.654844290657439,6.0,9.0,1156,14.0,23.0,18.34515570934256,18.0,22.0,1156,2.0,6.0,2.3122837370242215,2.0,4.0,1156,0.0,88.0,47.97142857142857,52.0,84.0,140,0.0,280.0,125.54285714285714,136.0,264.0,140,1.0,1.0,1.0,1.0,1.0,88,0.9999999999999998,1.0,1.0,1.0,1.0,88,1.0,1.5,1.0760589139766947,1.0,1.3333333333333333,88,0.9999999999999998,1.6976268654985773,1.0752885604998121,1.0,1.352779141448281,88,552.0,0.0,0.0,408.0,144.0,88.0,56.0,0.0,7.0,0.0,0.0,49.0,0.6111111111111112,40.0,0.45454545454545453,140.0,88.0,0.6285714285714286,0.0,0.0,0.0,0.0,52.0,0.37142857142857144,0.0,0.0,0.0,0.0,0.0,0.0,0.0,142.3199623823166
12,720000000000,2.0,15.0,2.4377162629757785,2.0,4.0,1156,1.0,10.0,5.735294117647059,6.0,10.0,1156,14.0,23.0,18.264705882352942,18.0,22.0,1156,2.0,6.0,2.3019031141868513,2.0,4.0,1156,0.0,84.0,46.029411764705884,48.0,84.0,136,0.0,264.0,119.0,120.0,264.0,136,1.0,1.0,1.0,1.0,1.0,136,0.9999999999999998,1.0000000000000002,1.0,1.0,1.0000000000000002,136,1.0,1.0,1.0,1.0,1.0,136,0.9999999999999998,1.0000000000000002,1.0,1.0,1.0000000000000002,136,552.0,0.0,0.0,416.0,136.0,136.0,0.0,0.0,0.0,0.0,0.0,0.0,1.0,0.0,0.0,136.0,136.0,1.0,0.0,0.0,0.0,0.0,0.0,0.0,0.0,0.0,0.0,0.0,0.0,0.0,0.0,462.5954683870077
13,780000000000,2.0,16.0,2.43598615916955,2.0,4.0,1156,1.0,10.0,5.681660899653979,6.0,9.25,1156,14.0,23.0,18.31833910034602,18.0,22.0,1156,2.0,6.0,2.305363321799308,2.0,4.0,1156,0.0,84.0,43.70802919708029,44.0,80.79999999999995,137,0.0,264.0,111.24087591240875,104.0,251.19999999999982,137,1.0,1.0,1.0,1.0,1.0,112,1.0,1.0000000000000004,1.0,1.0,1.0000000000000002,112,1.0,1.5,1.0389880952380952,1.0,1.25,112,1.0,1.5713064165855184,1.027539832564415,1.0,1.171698888041648,112,552.0,0.0,0.0,416.0,136.0,112.0,24.0,0.0,1.0,0.0,0.0,23.0,0.8235294117647058,21.0,0.1875,137.0,112.0,0.8175182481751825,0.0,0.0,0.0,0.0,25.0,0.18248175182481752,0.0,0.0,0.0,0.0,0.0,0.0,0.0,149.43059347569942
14,840000000000,2.0,14.0,2.4480968858131487,2.0,4.0,1156,0.0,10.0,5.623702422145329,6.0,9.0,1156,14.0,24.0,18.37629757785467,18.0,22.0,1156,2.0,6.0,2.3122837370242215,2.0,4.0,1156,0.0,88.0,47.7593984962406,52.0,84.0,133,0.0,280.0,125.53383458646617,136.0,264.0,133,1.0,1.0,1.0,1.0,1.0,88,0.9999999999999997,1.0000000000000002,1.0,1.0,1.0000000000000002,88,1.0,1.5,1.0673658913130837,1.0,1.3041666666666658,88,0.9999999999999997,1.69033237812841,1.0661611102363997,1.0,1.2447555299505915,88,552.0,0.0,0.0,412.0,140.0,88.0,52.0,0.0,8.0,0.0,0.0,44.0,0.6285714285714286,38.0,0.4318181818181818,133.0,88.0,0.6616541353383458,0.0,0.0,0.0,0.0,45.0,0.3383458646616541,0.0,0.0,0.0,0.0,0.0,0.0,0.0,228.38065586984158
15,900000000000,2.0,16.0,2.4394463667820068,2.0,4.0,1156,1.0,11.0,5.764705882352941,5.5,9.0,1156,13.0,23.0,18.235294117647058,18.5,22.0,1156,2.0,6.0,2.305363321799308,2.0,4.0,1156,0.0,84.0,45.16417910447761,48.0,84.0,134,0.0,264.0,116.71641791044776,120.0,264.0,134,1.0,1.0,1.0,1.0,1.0,134,0.9999999999999999,1.0000000000000002,1.0,1.0,1.0,134,1.0,1.0,1.0,1.0,1.0,134,0.9999999999999999,1.0000000000000002,1.0,1.0,1.0,134,552.0,0.0,0.0,418.0,134.0,134.0,0.0,0.0,0.0,0.0,0.0,0.0,1.0,0.0,0.0,134.0,134.0,1.0,0.0,0.0,0.0,0.0,0.0,0.0,0.0,0.0,0.0,0.0,0.0,0.0,0.0,314.8746155202389
16,960000000000,2.0,15.0,2.4472318339100347,2.0,4.0,1156,1.0,11.0,5.713667820069205,5.0,9.0,1156,13.0,23.0,18.286332179930795,19.0,22.0,1156,2.0,6.0,2.315743944636678,2.0,4.0,1156,0.0,84.0,43.737226277372265,44.0,84.0,137,0.0,264.0,111.35766423357664,104.0,264.0,137,1.0,1.0,1.0,1.0,1.0,114,0.9999999999999997,1.0000000000000002,1.0,1.0,1.0,114,1.0,1.5,1.040667957773221,1.0,1.25,114,0.9999999999999998,1.5678603754000753,1.0285888910183103,1.0,1.1694132166605562,114,552.0,0.0,0.0,411.0,141.0,114.0,27.0,0.0,6.0,0.0,0.0,21.0,0.8085106382978723,22.0,0.19298245614035087,137.0,114.0,0.8321167883211679,0.0,0.0,0.0,0.0,23.0,0.1678832116788321,0.0,0.0,0.0,0.0,0.0,0.0,0.0,198.03149439394474
17,1020000000000,2.0,14.0,2.4506920415224913,2.0,4.0,1156,0.0,11.0,5.651384083044983,5.0,9.0,1156,13.0,24.0,18.348615916955016,19.0,22.0,1156,2.0,6.0,2.311418685121107,2.0,4.0,1156,0.0,88.0,47.09489051094891,52.0,84.0,137,0.0,280.0,122.68613138686132,136.0,264.0,137,1.0,1.0,1.0,1.0,1.0,95,0.9999999999999998,1.0000000000000002,1.0,1.0,1.0,95,1.0,1.5,1.0730537178679596,1.0,1.3333333333333333,95,0.9999999999999998,1.6830036111067208,1.0696466207568502,1.0,1.3082449630858746,95,552.0,0.0,0.0,409.0,143.0,95.0,48.0,0.0,8.0,0.0,0.0,40.0,0.6643356643356644,40.0,0.42105263157894735,137.0,95.0,0.6934306569343066,0.0,0.0,0.0,0.0,42.0,0.30656934306569344,0.0,0.0,0.0,0.0,0.0,0.0,0.0,151.34091675281525
18,1080000000000,2.0,16.0,2.434256055363322,2.0,4.0,1156,1.0,11.0,5.794117647058823,5.5,9.0,1156,13.0,23.0,18.205882352941178,18.5,22.0,1156,2.0,6.0,2.3036332179930796,2.0,4.0,1156,0.0,84.0,45.66153846153846,48.0,84.0,130,0.0,264.0,117.84615384615384,120.0,264.0,130,1.0,1.0,1.0,1.0,1.0,130,0.9999999999999998,1.0000000000000002,1.0,1.0,1.0000000000000002,130,1.0,1.0,1.0,1.0,1.0,130,0.9999999999999998,1.0000000000000002,1.0,1.0,1.0000000000000002,130,552.0,0.0,0.0,422.0,130.0,130.0,0.0,0.0,0.0,0.0,0.0,0.0,1.0,0.0,0.0,130.0,130.0,1.0,0.0,0.0,0.0,0.0,0.0,0.0,0.0,0.0,0.0,0.0,0.0,0.0,0.0,473.9008452743292
19,1140000000000,2.0,15.0,2.4463667820069204,2.0,4.0,1156,0.0,11.0,5.7456747404844295,5.0,9.0,1156,13.0,24.0,18.25432525951557,19.0,22.0,1156,2.0,6.0,2.314878892733564,2.0,4.0,1156,0.0,84.0,44.058394160583944,44.0,84.0,137,0.0,264.0,112.64233576642336,104.0,264.0,137,1.0,1.0,1.0,1.0,1.0,112,0.9999999999999998,1.0000000000000002,1.0,1.0,1.0000000000000002,112,1.0,1.5,1.0437326066790351,1.0,1.25,112,0.9999999999999998,1.563025985289857,1.0319342411809678,1.0,1.197419378418031,112,552.0,0.0,0.0,414.0,138.0,112.0,26.0,0.0,3.0,0.0,0.0,23.0,0.8115942028985508,24.0,0.21428571428571427,137.0,112.0,0.8175182481751825,0.0,0.0,0.0,0.0,25.0,0.18248175182481752,0.0,0.0,0.0,0.0,0.0,0.0,0.0,166.51392728090286
20,1200000000000,2.0,14.0,2.4506920415224913,2.0,4.0,1156,0.0,11.0,5.682525951557094,5.0,9.0,1156,13.0,24.0,18.317474048442907,19.0,22.0,1156,2.0,6.0,2.31401384083045,2.0,4.0,1156,0.0,88.0,47.04477611940298,52.0,84.0,134,0.0,280.0,122.08955223880596,136.0,264.0,134,1.0,1.0,1.0,1.0,1.0,92,0.9999999999999998,1.0000000000000002,1.0,1.0,1.0000000000000002,92,1.0,1.5,1.0831004078686304,1.0,1.4083333333333337,92,0.9999999999999998,1.8282982470630986,1.0861171417999078,1.0,1.4591428466445089,92,552.0,0.0,0.0,414.0,138.0,92.0,46.0,0.0,7.0,0.0,0.0,39.0,0.6666666666666666,39.0,0.42391304347826086,134.0,92.0,0.6865671641791045,0.0,0.0,0.0,0.0,42.0,0.31343283582089554,0.0,0.0,0.0,0.0,0.0,0.0,0.0,253.55571694672108
21,1260000000000,2.0,16.0,2.4394463667820068,2.0,4.0,1156,1.0,11.0,5.882352941176471,6.0,10.0,1156,13.0,23.0,18.11764705882353,18.0,22.0,1156,2.0,6.0,2.3036332179930796,2.0,4.0,1156,0.0,88.0,46.64705882352941,48.0,84.0,136,0.0,280.0,119.88235294117646,120.0,264.0,136,1.0,1.0,1.0,1.0,1.0,136,0.9999999999999997,1.0000000000000002,1.0,1.0,1.0,136,1.0,1.0,1.0,1.0,1.0,136,0.9999999999999997,1.0000000000000002,1.0,1.0,1.0,136,552.0,0.0,0.0,416.0,136.0,136.0,0.0,0.0,0.0,0.0,0.0,0.0,1.0,0.0,0.0,136.0,136.0,1.0,0.0,0.0,0.0,0.0,0.0,0.0,0.0,0.0,0.0,0.0,0.0,0.0,0.0,318.164587020874
22,1320000000000,2.0,15.0,2.459342560553633,2.0,4.0,1156,0.0,11.0,5.837370242214533,5.5,10.0,1156,13.0,24.0,18.162629757785467,18.5,22.0,1156,2.0,6.0,2.3217993079584773,2.0,4.0,1156,0.0,88.0,44.916666666666664,44.0,84.0,144,0.0,280.0,115.16666666666667,104.0,264.0,144,1.0,1.0,1.0,1.0,1.0,120,0.9999999999999998,1.0000000000000002,1.0,1.0,1.0000000000000002,120,1.0,1.5,1.0459559884559886,1.0,1.25,120,0.9999999999999998,1.6502262300997617,1.0366980612716847,1.0,1.2082877617986783,120,552.0,0.0,0.0,410.0,142.0,120.0,22.0,0.0,1.0,0.0,0.0,21.0,0.8450704225352113,25.0,0.20833333333333334,144.0,120.0,0.8333333333333334,0.0,0.0,0.0,0.0,24.0,0.16666666666666666,0.0,0.0,0.0,0.0,0.0,0.0,0.0,320.767167955637
23,1380000000000,2.0,14.0,2.453287197231834,2.0,4.0,1156,0.0,11.0,5.77076124567474,5.0,10.0,1156,13.0,24.0,18.22923875432526,19.0,22.0,1156,2.0,6.0,2.31401384083045,2.0,4.0,1156,0.0,88.0,47.35766423357664,52.0,84.0,137,0.0,280.0,123.21167883211679,136.0,264.0,137,1.0,1.0,1.0,1.0,1.0,93,0.9999999999999998,1.0000000000000002,1.0,1.0,1.0,93,1.0,1.5,1.0779563266517727,1.0,1.3999999999999986,93,1.0,1.8315022638050924,1.0795487624714821,1.0,1.461279111206989,93,552.0,0.0,0.0,411.0,141.0,93.0,48.0,0.0,5.0,0.0,0.0,43.0,0.6595744680851063,38.0,0.40860215053763443,137.0,93.0,0.6788321167883211,0.0,0.0,0.0,0.0,44.0,0.32116788321167883,0.0,0.0,0.0,0.0,0.0,0.0,0.0,172.4410392343998
24,1440000000000,2.0,16.0,2.4282006920415227,2.0,4.0,1156,1.0,11.0,5.852941176470588,5.5,9.0,1156,13.0,23.0,18.147058823529413,18.5,22.0,1156,2.0,6.0,2.3036332179930796,2.0,4.0,1156,0.0,88.0,45.582089552238806,48.0,84.0,134,0.0,280.0,118.38805970149254,120.0,264.0,134,1.0,1.0,1.0,1.0,1.0,134,0.9999999999999998,1.0000000000000002,1.0,1.0,1.0000000000000002,134,1.0,1.0,1.0,1.0,1.0,134,0.9999999999999998,1.0000000000000002,1.0,1.0,1.0000000000000002,134,552.0,0.0,0.0,418.0,134.0,134.0,0.0,0.0,0.0,0.0,0.0,0.0,1.0,0.0,0.0,134.0,134.0,1.0,0.0,0.0,0.0,0.0,0.0,0.0,0.0,0.0,0.0,0.0,0.0,0.0,0.0,409.1972280293703
25,1500000000000,2.0,17.0,2.4610726643598615,2.0,4.0,1156,0.0,11.0,5.806228373702422,5.0,9.0,1156,13.0,24.0,18.19377162629758,19.0,22.0,1156,2.0,6.0,2.3105536332179932,2.0,4.0,1156,0.0,88.0,45.49333333333333,44.0,84.0,150,0.0,280.0,117.17333333333333,104.0,264.0,150,1.0,1.0,1.0,1.0,1.0,126,0.9999999999999998,1.0000000000000002,1.0,1.0,1.0000000000000002,126,1.0,1.5,1.045435960579518,1.0,1.25,126,0.9999999999999999,1.5498737226953019,1.036229529956488,1.0,1.2295411535767014,126,552.0,0.0,0.0,406.0,146.0,126.0,20.0,0.0,1.0,0.0,0.0,19.0,0.863013698630137,28.0,0.2222222222222222,150.0,126.0,0.84,0.0,0.0,0.0,0.0,24.0,0.16,0.0,0.0,0.0,0.0,0.0,0.0,0.0,143.0961638689041
26,1560000000000,2.0,14.0,2.4524221453287196,2.0,4.0,1156,0.0,11.0,5.742214532871972,5.0,9.0,1156,13.0,24.0,18.257785467128027,19.0,22.0,1156,2.0,6.0,2.315743944636678,2.0,4.0,1156,0.0,88.0,47.40298507462686,52.0,81.39999999999998,134,0.0,280.0,122.98507462686567,136.0,253.5999999999999,134,1.0,1.0,1.0,1.0,1.0,91,0.9999999999999998,1.0000000000000002,1.0,1.0,1.0,91,1.0,1.5,1.083182694810038,1.0,1.5,91,0.9999999999999998,1.8323270335107669,1.0845528753538827,1.0,1.51520649021685,91,552.0,0.0,0.0,412.0,140.0,91.0,49.0,0.0,7.0,0.0,0.0,42.0,0.65,39.0,0.42857142857142855,134.0,91.0,0.6791044776119403,0.0,0.0,0.0,0.0,43.0,0.3208955223880597,0.0,0.0,0.0,0.0,0.0,0.0,0.0,245.63514813780785
27,1620000000000,2.0,16.0,2.4377162629757785,2.0,4.0,1156,2.0,11.0,6.029411764705882,6.0,9.0,1156,13.0,22.0,17.970588235294116,18.0,22.0,1156,2.0,6.0,2.311418685121107,2.0,4.0,1156,0.0,88.0,44.44117647058823,44.0,84.0,136,0.0,280.0,113.70588235294117,104.0,264.0,136,1.0,1.0,1.0,1.0,1.0,136,0.9999999999999997,1.0000000000000002,1.0,1.0,1.0,136,1.0,1.0,1.0,1.0,1.0,136,0.9999999999999997,1.0000000000000002,1.0,1.0,1.0,136,552.0,0.0,0.0,416.0,136.0,136.0,0.0,0.0,0.0,0.0,0.0,0.0,1.0,0.0,0.0,136.0,136.0,1.0,0.0,0.0,0.0,0.0,0.0,0.0,0.0,0.0,0.0,0.0,0.0,0.0,0.0,424.6067628264427
28,1680000000000,2.0,17.0,2.4472318339100347,2.0,4.0,1156,1.0,11.0,5.977508650519031,5.5,9.0,1156,13.0,23.0,18.02249134948097,18.5,22.0,1156,2.0,6.0,2.3088235294117645,2.0,4.0,1156,0.0,88.0,45.55882352941177,44.0,84.0,136,0.0,280.0,118.17647058823529,104.0,264.0,136,1.0,1.0,1.0,1.0,1.0,115,0.9999999999999997,1.0000000000000002,1.0,1.0,1.0,115,1.0,1.5,1.0519498326339758,1.0,1.3333333333333333,115,0.9999999999999997,1.4652122627131114,1.0390900919437231,1.0,1.2815423524690972,115,552.0,0.0,0.0,418.0,134.0,115.0,19.0,0.0,2.0,0.0,0.0,17.0,0.8582089552238806,28.0,0.24347826086956523,136.0,115.0,0.8455882352941176,0.0,0.0,0.0,0.0,21.0,0.15441176470588236,0.0,0.0,0.0,0.0,0.0,0.0,0.0,290.48628732562065
29,1740000000000,2.0,14.0,2.458477508650519,2.0,4.0,1156,1.0,11.0,5.913494809688581,5.0,9.0,1156,13.0,23.0,18.086505190311417,19.0,22.0,1156,2.0,6.0,2.314878892733564,2.0,4.0,1156,0.0,88.0,47.32394366197183,52.0,80.0,142,0.0,280.0,122.36619718309859,136.0,248.0,142,1.0,1.0,1.0,1.0,1.0,89,0.9999999999999998,1.0000000000000002,1.0,1.0,1.0,89,1.0,1.5,1.0802766879518364,1.0,1.4333333333333325,89,0.9999999999999998,1.8307511011519835,1.0800854656782344,1.0,1.3907184420828376,89,552.0,0.0,0.0,412.0,140.0,89.0,51.0,0.0,4.0,0.0,0.0,47.0,0.6357142857142857,38.0,0.42696629213483145,142.0,89.0,0.6267605633802817,0.0,0.0,0.0,0.0,53.0,0.3732394366197183,0.0,0.0,0.0,0.0,0.0,0.0,0.0,137.65949197113514
30,1800000000000,2.0,15.0,2.438581314878893,2.0,4.0,1156,2.0,10.0,6.0,5.5,9.0,1156,14.0,22.0,18.0,18.5,22.0,1156,2.0,6.0,2.3131487889273354,2.0,4.0,1156,0.0,88.0,44.11940298507463,44.0,84.0,134,0.0,280.0,113.61194029850746,104.0,264.0,134,1.0,1.0,1.0,1.0,1.0,134,0.9999999999999998,1.0000000000000002,1.0,1.0,1.0,134,1.0,1.0,1.0,1.0,1.0,134,0.9999999999999998,1.0000000000000002,1.0,1.0,1.0,134,552.0,0.0,0.0,418.0,134.0,134.0,0.0,0.0,0.0,0.0,0.0,0.0,1.0,0.0,0.0,134.0,134.0,1.0,0.0,0.0,0.0,0.0,0.0,0.0,0.0,0.0,0.0,0.0,0.0,0.0,0.0,413.3889600634575
31,1860000000000,2.0,15.0,2.4515570934256057,2.0,4.0,1156,1.0,10.0,5.947231833910035,5.0,9.0,1156,14.0,23.0,18.052768166089965,19.0,22.0,1156,2.0,6.0,2.314878892733564,2.0,4.0,1156,0.0,88.0,45.91044776119403,46.0,84.0,134,0.0,280.0,119.70149253731343,112.0,264.0,134,1.0,1.0,1.0,1.0,1.0,112,0.9999999999999997,1.0000000000000002,1.0,1.0,1.0000000000000002,112,1.0,1.5,1.041742956652358,1.0,1.25,112,0.9999999999999997,1.4731991462423892,1.0303506784221148,1.0,1.1585788985454397,112,552.0,0.0,0.0,417.0,135.0,112.0,23.0,0.0,3.0,0.0,0.0,20.0,0.8296296296296296,25.0,0.22321428571428573,134.0,112.0,0.835820895522388,0.0,0.0,0.0,0.0,22.0,0.16417910447761194,0.0,0.0,0.0,0.0,0.0,0.0,0.0,187.6239888370037
32,1920000000000,2.0,14.0,2.457612456747405,2.0,4.0,1156,1.0,10.0,5.879757785467128,5.0,9.0,1156,14.0,23.0,18.120242214532873,19.0,22.0,1156,2.0,6.0,2.314878892733564,2.0,4.0,1156,0.0,84.0,47.40425531914894,52.0,80.0,141,0.0,264.0,122.72340425531915,136.0,248.0,141,1.0,1.0,1.0,1.0,1.0,85,0.9999999999999999,1.0000000000000002,1.0,1.0,1.0,85,1.0,1.5,1.0907366096033917,1.0,1.5,85,0.9999999999999999,1.8267821780968143,1.0896250623371557,1.0,1.4737819651417798,85,552.0,0.0,0.0,409.0,143.0,85.0,58.0,0.0,6.0,0.0,0.0,52.0,0.5944055944055944,39.0,0.4588235294117647,141.0,85.0,0.6028368794326241,0.0,0.0,0.0,0.0,56.0,0.3971631205673759,0.0,0.0,0.0,0.0,0.0,0.0,0.0,293.42558793723583
33,1980000000000,2.0,15.0,2.43598615916955,2.0,4.0,1156,2.0,10.0,5.970588235294118,5.5,9.0,1156,14.0,22.0,18.029411764705884,18.5,21.0,1156,2.0,6.0,2.3079584775086506,2.0,4.0,1156,0.0,88.0,45.02189781021898,44.0,84.0,137,0.0,280.0,116.4963503649635,104.0,264.0,137,1.0,1.0,1.0,1.0,1.0,137,0.9999999999999998,1.0000000000000002,1.0,1.0,1.0000000000000002,137,1.0,1.0,1.0,1.0,1.0,137,0.9999999999999998,1.0000000000000002,1.0,1.0,1.0000000000000002,137,552.0,0.0,0.0,415.0,137.0,137.0,0.0,0.0,0.0,0.0,0.0,0.0,1.0,0.0,0.0,137.0,137.0,1.0,0.0,0.0,0.0,0.0,0.0,0.0,0.0,0.0,0.0,0.0,0.0,0.0,0.0,363.0079347640276
34,2040000000000,2.0,15.0,2.4437716262975777,2.0,4.0,1156,1.0,10.0,5.916955017301038,5.0,9.0,1156,14.0,23.0,18.08304498269896,19.0,21.0,1156,2.0,6.0,2.3088235294117645,2.0,4.0,1156,0.0,88.0,46.09090909090909,48.0,84.0,132,0.0,280.0,120.54545454545455,120.0,264.0,132,1.0,1.0,1.0,1.0,1.0,108,0.9999999999999997,1.0000000000000002,1.0,1.0,1.0000000000000002,108,1.0,1.5,1.0396881690386592,1.0,1.25,108,0.9999999999999997,1.480279318933908,1.0279703435932224,1.0,1.140826142322172,108,552.0,0.0,0.0,422.0,130.0,108.0,22.0,0.0,4.0,0.0,0.0,18.0,0.8307692307692308,23.0,0.21296296296296297,132.0,108.0,0.8181818181818182,0.0,0.0,0.0,0.0,24.0,0.18181818181818182,0.0,0.0,0.0,0.0,0.0,0.0,0.0,202.15780846774578
35,2100000000000,2.0,14.0,2.4515570934256057,2.0,4.0,1156,1.0,10.0,5.852076124567474,5.0,9.0,1156,14.0,23.0,18.147923875432525,19.0,21.0,1156,2.0,6.0,2.3122837370242215,2.0,4.0,1156,0.0,84.0,47.53284671532847,52.0,80.0,137,0.0,264.0,123.38686131386861,136.0,248.0,137,1.0,1.0,1.0,1.0,1.0,85,0.9999999999999998,1.0000000000000002,1.0,1.0,1.0,85,1.0,1.5,1.0923705965314963,1.0,1.5,85,0.9999999999999998,1.8204853659802724,1.0924345392404182,1.0,1.4827200371337215,85,552.0,0.0,0.0,412.0,140.0,85.0,55.0,0.0,7.0,0.0,0.0,48.0,0.6071428571428571,39.0,0.4588235294117647,137.0,85.0,0.6204379562043796,0.0,0.0,0.0,0.0,52.0,0.3795620437956204,0.0,0.0,0.0,0.0,0.0,0.0,0.0,163.5358575731516
36,2160000000000,2.0,15.0,2.4368512110726646,2.0,4.0,1156,2.0,10.0,5.970588235294118,6.0,9.0,1156,14.0,22.0,18.029411764705884,18.0,21.0,1156,2.0,6.0,2.309688581314879,2.0,4.0,1156,0.0,84.0,44.411764705882355,44.0,84.0,136,0.0,264.0,114.6470588235294,104.0,264.0,136,1.0,1.0,1.0,1.0,1.0,136,0.9999999999999998,1.0000000000000004,1.0,1.0,1.0000000000000002,136,1.0,1.0,1.0,1.0,1.0,136,0.9999999999999998,1.0000000000000004,1.0,1.0,1.0000000000000002,136,552.0,0.0,0.0,416.0,136.0,136.0,0.0,0.0,0.0,0.0,0.0,0.0,1.0,0.0,0.0,136.0,136.0,1.0,0.0,0.0,0.0,0.0,0.0,0.0,0.0,0.0,0.0,0.0,0.0,0.0,0.0,468.35432201623917
37,2220000000000,2.0,14.0,2.4463667820069204,2.0,4.0,1156,1.0,10.0,5.913494809688581,6.0,9.0,1156,14.0,23.0,18.086505190311417,18.0,21.0,1156,2.0,6.0,2.3122837370242215,2.0,4.0,1156,0.0,88.0,46.045801526717554,48.0,84.0,131,0.0,280.0,120.42748091603053,120.0,264.0,131,1.0,1.0,1.0,1.0,1.0,106,0.9999999999999998,1.0000000000000002,1.0,1.0,1.0,106,1.0,1.5,1.0353269395236653,1.0,1.2291666666666667,106,0.9999999999999998,1.486323238694604,1.025286079327109,1.0,1.131513434316206,106,552.0,0.0,0.0,422.0,130.0,106.0,24.0,0.0,4.0,0.0,0.0,20.0,0.8153846153846154,21.0,0.19811320754716982,131.0,106.0,0.8091603053435115,0.0,0.0,0.0,0.0,25.0,0.19083969465648856,0.0,0.0,0.0,0.0,0.0,0.0,0.0,178.9442915469408
38,2280000000000,2.0,14.0,2.4472318339100347,2.0,4.0,1156,1.0,10.0,5.845155709342561,6.0,9.0,1156,14.0,23.0,18.15484429065744,18.0,21.0,1156,2.0,6.0,2.3088235294117645,2.0,4.0,1156,0.0,88.0,47.76470588235294,48.0,84.0,136,0.0,280.0,124.3529411764706,120.0,264.0,136,1.0,1.0,1.0,1.0,1.0,79,0.9999999999999998,1.0000000000000002,1.0,1.0,1.0000000000000002,79,1.0,1.5,1.1107081664509066,1.0588235294117647,1.5,79,0.9999999999999998,1.8120279479416639,1.1163212749026756,1.0434024193200828,1.630698068801168,79,552.0,0.0,0.0,416.0,136.0,79.0,57.0,0.0,5.0,0.0,0.0,52.0,0.5808823529411765,40.0,0.5063291139240507,136.0,79.0,0.5808823529411765,0.0,0.0,0.0,0.0,57.0,0.41911764705882354,0.0,0.0,0.0,0.0,0.0,0.0,0.0,236.67320795357227
39,2340000000000,2.0,15.0,2.4411764705882355,2.0,4.0,1156,2.0,10.0,5.911764705882353,5.5,9.0,1156,14.0,22.0,18.08823529411765,18.5,22.0,1156,2.0,6.0,2.3062283737024223,2.0,4.0,1156,0.0,84.0,44.81818181818182,44.0,84.0,132,0.0,264.0,116.0,104.0,264.0,132,1.0,1.0,1.0,1.0,1.0,132,0.9999999999999998,1.0000000000000002,1.0,1.0,1.0,132,1.0,1.0,1.0,1.0,1.0,132,0.9999999999999998,1.0000000000000002,1.0,1.0,1.0,132,552.0,0.0,0.0,420.0,132.0,132.0,0.0,0.0,0.0,0.0,0.0,0.0,1.0,0.0,0.0,132.0,132.0,1.0,0.0,0.0,0.0,0.0,0.0,0.0,0.0,0.0,0.0,0.0,0.0,0.0,0.0,316.0203490406275
40,2400000000000,2.0,16.0,2.4515570934256057,2.0,4.0,1156,1.0,10.0,5.856401384083045,5.0,9.0,1156,14.0,23.0,18.143598615916954,19.0,22.0,1156,2.0,6.0,2.311418685121107,2.0,4.0,1156,0.0,88.0,46.028985507246375,48.0,84.0,138,0.0,280.0,119.94202898550725,120.0,264.0,138,1.0,1.0,1.0,1.0,1.0,114,0.9999999999999998,1.0000000000000002,1.0,1.0,1.0000000000000002,114,1.0,1.5,1.0375749515648895,1.0,1.25,114,0.9999999999999998,1.4912123520229572,1.0312594954712455,1.0,1.149792819432892,114,552.0,0.0,0.0,414.0,138.0,114.0,24.0,0.0,4.0,0.0,0.0,20.0,0.8260869565217391,25.0,0.21929824561403508,138.0,114.0,0.8260869565217391,0.0,0.0,0.0,0.0,24.0,0.17391304347826086,0.0,0.0,0.0,0.0,0.0,0.0,0.0,143.7967587262392
41,2460000000000,2.0,14.0,2.4524221453287196,2.0,4.0,1156,1.0,10.0,5.78719723183391,5.0,9.0,1156,14.0,23.0,18.21280276816609,19.0,22.0,1156,2.0,6.0,2.3122837370242215,2.0,4.0,1156,0.0,88.0,47.10144927536232,48.0,84.0,138,0.0,280.0,122.66666666666667,120.0,264.0,138,1.0,1.0,1.0,1.0,1.0,80,0.9999999999999999,1.0000000000000002,1.0,1.0,1.0,80,1.0,1.5,1.0954255048464607,1.0,1.5,80,0.9999999999999999,1.8015881386240622,1.102287727806076,1.0,1.623764251154192,80,552.0,0.0,0.0,412.0,140.0,80.0,60.0,0.0,5.0,0.0,0.0,55.0,0.5714285714285714,39.0,0.4875,138.0,80.0,0.5797101449275363,0.0,0.0,0.0,0.0,58.0,0.42028985507246375,0.0,0.0,0.0,0.0,0.0,0.0,0.0,138.43806833028793
42,2520000000000,2.0,15.0,2.4377162629757785,2.0,4.0,1156,2.0,10.0,5.852941176470588,5.5,9.0,1156,14.0,22.0,18.147058823529413,18.5,22.0,1156,2.0,6.0,2.3044982698961936,2.0,4.0,1156,0.0,84.0,44.4,44.0,84.0,130,0.0,264.0,114.46153846153847,104.0,264.0,130,1.0,1.0,1.0,1.0,1.0,130,0.9999999999999998,1.0000000000000002,1.0,1.0,1.0000000000000002,130,1.0,1.0,1.0,1.0,1.0,130,0.9999999999999998,1.0000000000000002,1.0,1.0,1.0000000000000002,130,552.0,0.0,0.0,422.0,130.0,130.0,0.0,0.0,0.0,0.0,0.0,0.0,1.0,0.0,0.0,130.0,130.0,1.0,0.0,0.0,0.0,0.0,0.0,0.0,0.0,0.0,0.0,0.0,0.0,0.0,0.0,405.9863444417715
43,2580000000000,2.0,16.0,2.449826989619377,2.0,4.0,1156,1.0,10.0,5.7932525951557095,5.0,9.0,1156,14.0,23.0,18.20674740484429,19.0,22.0,1156,2.0,6.0,2.3105536332179932,2.0,4.0,1156,0.0,88.0,46.1021897810219,48.0,84.0,137,0.0,280.0,120.2919708029197,120.0,264.0,137,1.0,1.0,1.0,1.0,1.0,108,0.9999999999999998,1.0000000000000002,1.0,1.0,1.0,108,1.0,1.5,1.0396238686271366,1.0,1.25,108,0.9999999999999998,1.4948697866488752,1.0323914385838475,1.0,1.159668555440754,108,552.0,0.0,0.0,415.0,137.0,108.0,29.0,0.0,5.0,0.0,0.0,24.0,0.7883211678832117,25.0,0.23148148148148148,137.0,108.0,0.7883211678832117,0.0,0.0,0.0,0.0,29.0,0.2116788321167883,0.0,0.0,0.0,0.0,0.0,0.0,0.0,154.71902675926685
44,2640000000000,2.0,14.0,2.4506920415224913,2.0,4.0,1156,1.0,10.0,5.72923875432526,5.0,9.0,1156,14.0,23.0,18.27076124567474,19.0,22.0,1156,2.0,6.0,2.311418685121107,2.0,4.0,1156,0.0,88.0,47.153284671532845,48.0,84.0,137,0.0,280.0,122.91970802919708,120.0,264.0,137,1.0,1.0,1.0,1.0,1.0,82,0.9999999999999998,1.0000000000000002,1.0,1.0,1.0000000000000002,82,1.0,1.5,1.0908114681428884,1.0,1.4916666666666671,82,0.9999999999999999,1.789368204580247,1.0969516822698013,1.0000000000000002,1.6099364407512684,82,552.0,0.0,0.0,414.0,138.0,82.0,56.0,0.0,9.0,0.0,0.0,47.0,0.5942028985507246,39.0,0.47560975609756095,137.0,82.0,0.5985401459854015,0.0,0.0,0.0,0.0,55.0,0.40145985401459855,0.0,0.0,0.0,0.0,0.0,0.0,0.0,227.93963178992271
45,2700000000000,2.0,15.0,2.4368512110726646,2.0,4.0,1156,2.0,10.0,5.823529411764706,5.0,9.0,1156,14.0,22.0,18.176470588235293,19.0,22.0,1156,2.0,6.0,2.301038062283737,2.0,4.0,1156,0.0,84.0,44.6015037593985,44.0,84.0,133,0.0,264.0,115.60902255639098,104.0,264.0,133,1.0,1.0,1.0,1.0,1.0,133,0.9999999999999998,1.0000000000000002,1.0,1.0,1.0000000000000002,133,1.0,1.0,1.0,1.0,1.0,133,0.9999999999999998,1.0000000000000002,1.0,1.0,1.0000000000000002,133,552.0,0.0,0.0,419.0,133.0,133.0,0.0,0.0,0.0,0.0,0.0,0.0,1.0,0.0,0.0,133.0,133.0,1.0,0.0,0.0,0.0,0.0,0.0,0.0,0.0,0.0,0.0,0.0,0.0,0.0,0.0,343.01605075597763
46,2760000000000,2.0,16.0,2.4455017301038064,2.0,4.0,1156,1.0,10.0,5.76643598615917,5.0,9.0,1156,14.0,23.0,18.23356401384083,19.0,22.0,1156,2.0,6.0,2.3062283737024223,2.0,4.0,1156,0.0,88.0,45.4014598540146,44.0,84.0,137,0.0,280.0,117.48905109489051,104.0,264.0,137,1.0,1.0,1.0,1.0,1.0,112,0.9999999999999998,1.0000000000000002,1.0,1.0,1.0000000000000002,112,1.0,1.5,1.038152041119478,1.0,1.2041666666666657,112,0.9999999999999998,1.4972854488848097,1.0306184671978111,1.0,1.1367446286112384,112,552.0,0.0,0.0,415.0,137.0,112.0,25.0,0.0,2.0,0.0,0.0,23.0,0.8175182481751825,26.0,0.23214285714285715,137.0,112.0,0.8175182481751825,0.0,0.0,0.0,0.0,25.0,0.18248175182481752,0.0,0.0,0.0,0.0,0.0,0.0,0.0,149.88376013934612
47,2820000000000,2.0,14.0,2.444636678200692,2.0,4.0,1156,1.0,10.0,5.705017301038063,5.0,9.0,1156,14.0,23.0,18.294982698961938,19.0,22.0,1156,2.0,6.0,2.309688581314879,2.0,4.0,1156,0.0,88.0,46.21212121212121,48.0,81.79999999999995,132,0.0,280.0,119.93939393939394,120.0,255.19999999999982,132,1.0,1.0,1.0,1.0,1.0,84,0.9999999999999997,1.0,1.0,1.0,1.0,84,1.0,1.5,1.0826638405945128,1.0,1.474999999999999,84,0.9999999999999999,1.7858922457563577,1.0893387276508704,1.0,1.5900510699981893,84,552.0,0.0,0.0,418.0,134.0,84.0,50.0,0.0,4.0,0.0,0.0,46.0,0.6268656716417911,37.0,0.44047619047619047,132.0,84.0,0.6363636363636364,0.0,0.0,0.0,0.0,48.0,0.36363636363636365,0.0,0.0,0.0,0.0,0.0,0.0,0.0,131.67718797922134
48,2880000000000,2.0,15.0,2.4368512110726646,2.0,4.0,1156,2.0,10.0,5.794117647058823,5.5,10.0,1156,14.0,22.0,18.205882352941178,18.5,22.0,1156,2.0,6.0,2.300173010380623,2.0,4.0,1156,0.0,84.0,44.08955223880597,44.0,80.0,134,0.0,264.0,112.95522388059702,104.0,248.0,134,1.0,1.0,1.0,1.0,1.0,134,0.9999999999999999,1.0000000000000002,1.0,1.0,1.0000000000000002,134,1.0,1.0,1.0,1.0,1.0,134,0.9999999999999999,1.0000000000000002,1.0,1.0,1.0000000000000002,134,552.0,0.0,0.0,418.0,134.0,134.0,0.0,0.0,0.0,0.0,0.0,0.0,1.0,0.0,0.0,134.0,134.0,1.0,0.0,0.0,0.0,0.0,0.0,0.0,0.0,0.0,0.0,0.0,0.0,0.0,0.0,467.9882451891899
49,2940000000000,2.0,16.0,2.4420415224913494,2.0,4.0,1156,1.0,10.0,5.739619377162629,5.0,10.0,1156,14.0,23.0,18.26038062283737,19.0,22.0,1156,2.0,6.0,2.3062283737024223,2.0,4.0,1156,0.0,88.0,45.08270676691729,48.0,84.0,133,0.0,280.0,116.99248120300751,120.0,264.0,133,1.0,1.0,1.0,1.0,1.0,108,0.9999999999999998,1.0000000000000002,1.0,1.0,1.0,108,1.0,1.5,1.0340307054359341,1.0,1.1666666666666667,108,0.9999999999999998,1.4877678005698531,1.0263041078688826,1.0,1.1316883925237013,108,552.0,0.0,0.0,417.0,135.0,108.0,27.0,0.0,2.0,0.0,0.0,25.0,0.8,23.0,0.21296296296296297,133.0,108.0,0.8120300751879699,0.0,0.0,0.0,0.0,25.0,0.18796992481203006,0.0,0.0,0.0,0.0,0.0,0.0,0.0,146.75100333988667
50,3000000000000,2.0,14.0,2.444636678200692,2.0,4.0,1156,1.0,10.0,5.679930795847751,5.0,9.0,1156,14.0,23.0,18.32006920415225,19.0,22.0,1156,2.0,6.0,2.307093425605536,2.0,4.0,1156,0.0,84.0,46.13333333333333,48.0,81.19999999999999,135,0.0,264.0,119.46666666666667,120.0,252.79999999999995,135,1.0,1.0,1.0,1.0,1.0,85,0.9999999999999998,1.0000000000000002,1.0,1.0,1.0000000000000002,85,1.0,1.5,1.0809560307051658,1.0,1.4666666666666661,85,0.9999999999999998,1.7985245017190779,1.0874177932203606,1.0,1.5753419975331977,85,552.0,0.0,0.0,418.0,134.0,85.0,49.0,0.0,2.0,0.0,0.0,47.0,0.6343283582089553,36.0,0.4235294117647059,135.0,85.0,0.6296296296296297,0.0,0.0,0.0,0.0,50.0,0.37037037037037035,0.0,0.0,0.0,0.0,0.0,0.0,0.0,253.89139354228973
51,3060000000000,2.0,15.0,2.4368512110726646,2.0,4.0,1156,2.0,10.0,5.794117647058823,6.0,10.0,1156,14.0,22.0,18.205882352941178,18.0,22.0,1156,2.0,6.0,2.3019031141868513,2.0,4.0,1156,0.0,88.0,44.18181818181818,44.0,81.79999999999995,132,0.0,280.0,113.45454545454545,104.0,255.19999999999982,132,1.0,1.0,1.0,1.0,1.0,132,0.9999999999999998,1.0000000000000002,1.0,1.0,1.0000000000000002,132,1.0,1.0,1.0,1.0,1.0,132,0.9999999999999998,1.0000000000000002,1.0,1.0,1.0000000000000002,132,552.0,0.0,0.0,420.0,132.0,132.0,0.0,0.0,0.0,0.0,0.0,0.0,1.0,0.0,0.0,132.0,132.0,1.0,0.0,0.0,0.0,0.0,0.0,0.0,0.0,0.0,0.0,0.0,0.0,0.0,0.0,326.2774497270584
52,3120000000000,2.0,16.0,2.4420415224913494,2.0,4.0,1156,1.0,10.0,5.740484429065744,6.0,10.0,1156,14.0,23.0,18.259515570934255,18.0,22.0,1156,2.0,6.0,2.3088235294117645,2.0,4.0,1156,0.0,88.0,44.76923076923077,46.0,84.0,130,0.0,280.0,115.93846153846154,112.0,264.0,130,1.0,1.0,1.0,1.0,1.0,106,0.9999999999999998,1.0000000000000002,1.0,1.0,1.0000000000000002,106,1.0,1.5,1.035856663992069,1.0,1.1666666666666667,106,0.9999999999999998,1.4890688920439705,1.02682056812443,1.0,1.1343520441737605,106,552.0,0.0,0.0,423.0,129.0,106.0,23.0,0.0,3.0,0.0,0.0,20.0,0.8217054263565892,24.0,0.22641509433962265,130.0,106.0,0.8153846153846154,0.0,0.0,0.0,0.0,24.0,0.18461538461538463,0.0,0.0,0.0,0.0,0.0,0.0,0.0,137.88175210356712
53,3180000000000,2.0,13.0,2.444636678200692,2.0,4.0,1156,1.0,10.0,5.680795847750865,6.0,9.0,1156,14.0,23.0,18.319204152249135,18.0,22.0,1156,2.0,6.0,2.305363321799308,2.0,3.25,1156,0.0,84.0,46.277372262773724,48.0,84.0,137,0.0,264.0,119.41605839416059,120.0,264.0,137,1.0,1.0,1.0,1.0,1.0,83,0.9999999999999996,1.0000000000000002,1.0,1.0,1.0,83,1.0,1.5,1.0754315443985891,1.0,1.3333333333333333,83,0.9999999999999996,1.8106367302360693,1.0804816791082141,1.0,1.464328406145996,83,552.0,0.0,0.0,415.0,137.0,83.0,54.0,0.0,3.0,0.0,0.0,51.0,0.6058394160583942,33.0,0.39759036144578314,137.0,83.0,0.6058394160583942,0.0,0.0,0.0,0.0,54.0,0.39416058394160586,0.0,0.0,0.0,0.0,0.0,0.0,0.0,135.801175609231
54,3240000000000,2.0,16.0,2.4420415224913494,2.0,4.0,1156,2.0,11.0,5.823529411764706,6.0,10.0,1156,13.0,22.0,18.176470588235293,18.0,22.0,1156,2.0,6.0,2.3062283737024223,2.0,4.0,1156,0.0,88.0,44.2406015037594,44.0,81.59999999999997,133,0.0,280.0,113.62406015037594,104.0,254.39999999999986,133,1.0,1.0,1.0,1.0,1.0,133,0.9999999999999998,1.0000000000000002,1.0,1.0,1.0,133,1.0,1.0,1.0,1.0,1.0,133,0.9999999999999998,1.0000000000000002,1.0,1.0,1.0,133,552.0,0.0,0.0,419.0,133.0,133.0,0.0,0.0,0.0,0.0,0.0,0.0,1.0,0.0,0.0,133.0,133.0,1.0,0.0,0.0,0.0,0.0,0.0,0.0,0.0,0.0,0.0,0.0,0.0,0.0,0.0,441.5828697383404
55,3300000000000,2.0,16.0,2.4420415224913494,2.0,4.0,1156,1.0,11.0,5.767301038062284,6.0,10.0,1156,13.0,23.0,18.232698961937718,18.0,22.0,1156,2.0,6.0,2.3088235294117645,2.0,4.0,1156,0.0,88.0,45.353846153846156,48.0,84.0,130,0.0,280.0,117.16923076923077,120.0,264.0,130,1.0,1.0,1.0,1.0,1.0,104,0.9999999999999997,1.0000000000000002,1.0,1.0,1.0000000000000002,104,1.0,1.5,1.034623138299609,1.0,1.1666666666666667,104,0.9999999999999997,1.4903925196548007,1.025699246686834,1.0,1.1365616368779872,104,552.0,0.0,0.0,423.0,129.0,104.0,25.0,0.0,2.0,0.0,0.0,23.0,0.8062015503875969,22.0,0.21153846153846154,130.0,104.0,0.8,0.0,0.0,0.0,0.0,26.0,0.2,0.0,0.0,0.0,0.0,0.0,0.0,0.0,156.44659847021103
56,3360000000000,2.0,14.0,2.4480968858131487,2.0,4.0,1156,1.0,11.0,5.701557093425605,6.0,10.0,1156,13.0,23.0,18.298442906574394,18.0,22.0,1156,2.0,6.0,2.3036332179930796,2.0,3.0,1156,0.0,88.0,47.04895104895105,48.0,84.0,143,0.0,280.0,121.73426573426573,120.0,264.0,143,1.0,1.0,1.0,1.0,1.0,83,0.9999999999999997,1.0000000000000002,1.0,1.0,1.0,83,1.0,1.5,1.0717442461861313,1.0,1.3333333333333333,83,0.9999999999999997,1.8220171729314971,1.075753985437239,1.0,1.3048463942566035,83,552.0,0.0,0.0,412.0,140.0,83.0,57.0,0.0,3.0,0.0,0.0,54.0,0.5928571428571429,33.0,0.39759036144578314,143.0,83.0,0.5804195804195804,0.0,0.0,0.0,0.0,60.0,0.4195804195804196,0.0,0.0,0.0,0.0,0.0,0.0,0.0,230.56400939822197
57,3420000000000,2.0,16.0,2.440311418685121,2.0,4.0,1156,1.0,11.0,5.823529411764706,5.5,9.0,1156,13.0,23.0,18.176470588235293,18.5,22.0,1156,2.0,6.0,2.3062283737024223,2.0,4.0,1156,0.0,88.0,44.42748091603053,44.0,84.0,131,0.0,280.0,115.05343511450381,104.0,264.0,131,1.0,1.0,1.0,1.0,1.0,131,0.9999999999999997,1.0,1.0,1.0,1.0,131,1.0,1.0,1.0,1.0,1.0,131,0.9999999999999997,1.0,1.0,1.0,1.0,131,552.0,0.0,0.0,421.0,131.0,131.0,0.0,0.0,0.0,0.0,0.0,0.0,1.0,0.0,0.0,131.0,131.0,1.0,0.0,0.0,0.0,0.0,0.0,0.0,0.0,0.0,0.0,0.0,0.0,0.0,0.0,328.76285910606384
58,3480000000000,2.0,15.0,2.4472318339100347,2.0,4.0,1156,0.0,11.0,5.767301038062284,5.0,9.0,1156,13.0,24.0,18.232698961937718,19.0,22.0,1156,2.0,6.0,2.311418685121107,2.0,4.0,1156,0.0,84.0,45.80451127819549,48.0,84.0,133,0.0,264.0,118.25563909774436,120.0,264.0,133,1.0,1.0,1.0,1.0,1.0,110,0.9999999999999997,1.0000000000000002,1.0,1.0,1.0,110,1.0,1.5,1.0333659166145797,1.0,1.1666666666666667,110,0.9999999999999997,1.5076474447006225,1.0256816255306103,1.0,1.136000946528196,110,552.0,0.0,0.0,416.0,136.0,110.0,26.0,0.0,5.0,0.0,0.0,21.0,0.8088235294117647,23.0,0.20909090909090908,133.0,110.0,0.8270676691729323,0.0,0.0,0.0,0.0,23.0,0.17293233082706766,0.0,0.0,0.0,0.0,0.0,0.0,0.0,146.8176692724228
59,3540000000000,2.0,14.0,2.4411764705882355,2.0,4.0,1156,0.0,11.0,5.700692041522491,5.0,9.0,1156,13.0,24.0,18.29930795847751,19.0,22.0,1156,2.0,6.0,2.305363321799308,2.0,4.0,1156,0.0,88.0,46.97744360902256,48.0,84.0,133,0.0,280.0,121.86466165413533,120.0,264.0,133,1.0,1.0,1.0,1.0,1.0,74,0.9999999999999998,1.0000000000000002,1.0,1.0,1.0000000000000002,74,1.0,1.5,1.0682335924982984,1.0,1.3333333333333333,74,0.9999999999999998,1.832489791557496,1.071553351044701,1.0,1.3309918880545852,74,552.0,0.0,0.0,420.0,132.0,74.0,58.0,0.0,3.0,0.0,0.0,55.0,0.5606060606060606,27.0,0.36486486486486486,133.0,74.0,0.556390977443609,0.0,0.0,0.0,0.0,59.0,0.44360902255639095,0.0,0.0,0.0,0.0,0.0,0.0,0.0,171.68967053294182
60,3600000000000,2.0,17.0,2.4455017301038064,2.0,4.0,1156,1.0,11.0,6.0,6.0,9.0,1156,13.0,23.0,18.0,18.0,22.0,1156,2.0,6.0,2.31401384083045,2.0,4.0,1156,0.0,88.0,44.34532374100719,44.0,84.0,139,0.0,280.0,115.7410071942446,104.0,264.0,139,1.0,1.0,1.0,1.0,1.0,139,0.9999999999999998,1.0000000000000002,1.0,1.0,1.0000000000000002,139,1.0,1.0,1.0,1.0,1.0,139,0.9999999999999998,1.0000000000000002,1.0,1.0,1.0000000000000002,139,552.0,0.0,0.0,413.0,139.0,139.0,0.0,0.0,0.0,0.0,0.0,0.0,1.0,0.0,0.0,139.0,139.0,1.0,0.0,0.0,0.0,0.0,0.0,0.0,0.0,0.0,0.0,0.0,0.0,0.0,0.0,471.85094095766544
61,3660000000000,2.0,15.0,2.4515570934256057,2.0,4.0,1156,0.0,11.0,5.942041522491349,5.5,9.0,1156,13.0,24.0,18.05795847750865,18.5,22.0,1156,2.0,6.0,2.31401384083045,2.0,4.0,1156,0.0,84.0,45.74814814814815,48.0,84.0,135,0.0,264.0,118.45925925925926,120.0,264.0,135,1.0,1.0,1.0,1.0,1.0,112,0.9999999999999997,1.0000000000000002,1.0,1.0,1.0,112,1.0,1.5,1.028305810960748,1.0,1.1666666666666667,112,0.9999999999999997,1.4931250079068892,1.0208502333300484,1.0,1.1189372127697546,112,552.0,0.0,0.0,417.0,135.0,112.0,23.0,0.0,3.0,0.0,0.0,20.0,0.8296296296296296,22.0,0.19642857142857142,135.0,112.0,0.8296296296296296,0.0,0.0,0.0,0.0,23.0,0.17037037037037037,0.0,0.0,0.0,0.0,0.0,0.0,0.0,160.9807275235653
62,3720000000000,2.0,15.0,2.4506920415224913,2.0,4.0,1156,0.0,11.0,5.872837370242214,5.0,9.0,1156,13.0,24.0,18.127162629757784,19.0,22.0,1156,2.0,6.0,2.3036332179930796,2.0,4.0,1156,0.0,88.0,46.41095890410959,48.0,84.0,146,0.0,280.0,120.05479452054794,120.0,264.0,146,1.0,1.0,1.0,1.0,1.0,81,0.9999999999999998,1.0000000000000002,1.0,1.0,1.0000000000000002,81,1.0,1.5,1.0834964297382599,1.0,1.5,81,0.9999999999999998,1.841820996659321,1.0863401415913565,1.0,1.5220550277249756,81,552.0,0.0,0.0,411.0,141.0,81.0,60.0,0.0,2.0,0.0,0.0,58.0,0.574468085106383,31.0,0.38271604938271603,146.0,81.0,0.5547945205479452,0.0,0.0,0.0,0.0,65.0,0.4452054794520548,0.0,0.0,0.0,0.0,0.0,0.0,0.0,244.17511746287346
63,3780000000000,2.0,17.0,2.43598615916955,2.0,4.0,1156,2.0,11.0,5.9411764705882355,6.0,9.0,1156,13.0,22.0,18.058823529411764,18.0,22.0,1156,2.0,6.0,2.3122837370242215,2.0,4.0,1156,0.0,88.0,44.12307692307692,44.0,84.0,130,0.0,280.0,115.01538461538462,104.0,264.0,130,1.0,1.0,1.0,1.0,1.0,130,0.9999999999999998,1.0000000000000002,1.0,1.0,1.0000000000000002,130,1.0,1.0,1.0,1.0,1.0,130,0.9999999999999998,1.0000000000000002,1.0,1.0,1.0000000000000002,130,552.0,0.0,0.0,422.0,130.0,130.0,0.0,0.0,0.0,0.0,0.0,0.0,1.0,0.0,0.0,130.0,130.0,1.0,0.0,0.0,0.0,0.0,0.0,0.0,0.0,0.0,0.0,0.0,0.0,0.0,0.0,232.3246207088232
64,3840000000000,2.0,14.0,2.4437716262975777,2.0,4.0,1156,1.0,11.0,5.880622837370242,5.0,9.0,1156,13.0,23.0,18.119377162629757,19.0,22.0,1156,2.0,6.0,2.3079584775086506,2.0,4.0,1156,0.0,88.0,45.83458646616541,48.0,84.0,133,0.0,280.0,118.37593984962406,120.0,264.0,133,1.0,1.0,1.0,1.0,1.0,111,0.9999999999999998,1.0000000000000002,1.0,1.0,1.0000000000000002,111,1.0,1.5,1.0320054393583806,1.0,1.1666666666666667,111,0.9999999999999998,1.5573112606122832,1.0260746248667527,1.0,1.1374014342214402,111,552.0,0.0,0.0,420.0,132.0,111.0,21.0,0.0,2.0,0.0,0.0,19.0,0.8409090909090909,21.0,0.1891891891891892,133.0,111.0,0.8345864661654135,0.0,0.0,0.0,0.0,22.0,0.16541353383458646,0.0,0.0,0.0,0.0,0.0,0.0,0.0,155.65229766070843
65,3900000000000,2.0,14.0,2.4463667820069204,2.0,4.0,1156,1.0,11.0,5.812283737024221,5.0,9.0,1156,13.0,23.0,18.18771626297578,19.0,22.0,1156,2.0,6.0,2.3036332179930796,2.0,4.0,1156,0.0,88.0,46.156028368794324,48.0,84.0,141,0.0,280.0,119.26241134751773,120.0,264.0,141,1.0,1.0,1.0,1.0,1.0,78,0.9999999999999998,1.0000000000000002,1.0,1.0,1.0,78,1.0,1.5,1.0811522753264835,1.0,1.5,78,0.9999999999999998,1.8497904196282284,1.0822014429808424,1.0,1.406085709620577,78,552.0,0.0,0.0,409.0,143.0,78.0,65.0,0.0,5.0,0.0,0.0,60.0,0.5454545454545454,31.0,0.3974358974358974,141.0,78.0,0.5531914893617021,0.0,0.0,0.0,0.0,63.0,0.44680851063829785,0.0,0.0,0.0,0.0,0.0,0.0,0.0,160.83893179893494
66,3960000000000,2.0,17.0,2.4437716262975777,2.0,4.0,1156,2.0,11.0,6.0,6.0,9.0,1156,13.0,22.0,18.0,18.0,22.0,1156,2.0,6.0,2.3131487889273354,2.0,4.0,1156,0.0,88.0,43.91304347826087,42.0,84.0,138,0.0,280.0,112.52173913043478,96.0,264.0,138,1.0,1.0,1.0,1.0,1.0,138,0.9999999999999998,1.0000000000000002,1.0,1.0,1.0000000000000002,138,1.0,1.0,1.0,1.0,1.0,138,0.9999999999999998,1.0000000000000002,1.0,1.0,1.0000000000000002,138,552.0,0.0,0.0,414.0,138.0,138.0,0.0,0.0,0.0,0.0,0.0,0.0,1.0,0.0,0.0,138.0,138.0,1.0,0.0,0.0,0.0,0.0,0.0,0.0,0.0,0.0,0.0,0.0,0.0,0.0,0.0,410.08684784173965
67,4020000000000,2.0,13.0,2.4394463667820068,2.0,4.0,1156,1.0,11.0,5.938581314878893,5.0,9.0,1156,13.0,23.0,18.061418685121108,19.0,22.0,1156,2.0,6.0,2.3062283737024223,2.0,4.0,1156,0.0,88.0,46.4,48.0,84.0,130,0.0,280.0,120.24615384615385,120.0,264.0,130,1.0,1.0,1.0,1.0,1.0,111,0.9999999999999998,1.0000000000000002,1.0,1.0,1.0,111,1.0,1.5,1.0392207428972136,1.0,1.25,111,0.9999999999999998,1.5521684798330186,1.0324939096520807,1.0,1.179655856120509,111,552.0,0.0,0.0,419.0,133.0,111.0,22.0,0.0,4.0,0.0,0.0,18.0,0.8345864661654135,21.0,0.1891891891891892,130.0,111.0,0.8538461538461538,0.0,0.0,0.0,0.0,19.0,0.14615384615384616,0.0,0.0,0.0,0.0,0.0,0.0,0.0,166.53477028012276
68,4080000000000,2.0,15.0,2.453287197231834,2.0,4.0,1156,1.0,11.0,5.8711072664359865,5.0,9.0,1156,13.0,23.0,18.128892733564015,19.0,22.0,1156,2.0,6.0,2.305363321799308,2.0,4.0,1156,0.0,88.0,46.34013605442177,48.0,84.0,147,0.0,280.0,119.23809523809524,120.0,264.0,147,1.0,1.0,1.0,1.0,1.0,77,0.9999999999999998,1.0000000000000002,1.0,1.0,1.0000000000000002,77,1.0,1.5,1.0844781841535087,1.0,1.5,77,0.9999999999999998,1.8562341542244007,1.0828996954172676,1.0,1.38552593945289,77,552.0,0.0,0.0,405.0,147.0,77.0,70.0,0.0,2.0,0.0,0.0,68.0,0.5238095238095238,32.0,0.4155844155844156,147.0,77.0,0.5238095238095238,0.0,0.0,0.0,0.0,70.0,0.47619047619047616,0.0,0.0,0.0,0.0,0.0,0.0,0.0,241.96939542889595
69,4140000000000,2.0,17.0,2.4506920415224913,2.0,4.0,1156,2.0,11.0,6.029411764705882,6.0,9.0,1156,13.0,22.0,17.970588235294116,18.0,22.0,1156,2.0,6.0,2.314878892733564,2.0,4.0,1156,0.0,88.0,43.80555555555556,42.0,84.0,144,0.0,280.0,111.72222222222223,96.0,264.0,144,1.0,1.0,1.0,1.0,1.0,144,0.9999999999999997,1.0000000000000002,1.0,1.0,1.0,144,1.0,1.0,1.0,1.0,1.0,144,0.9999999999999997,1.0000000000000002,1.0,1.0,1.0,144,552.0,0.0,0.0,408.0,144.0,144.0,0.0,0.0,0.0,0.0,0.0,0.0,1.0,0.0,0.0,144.0,144.0,1.0,0.0,0.0,0.0,0.0,0.0,0.0,0.0,0.0,0.0,0.0,0.0,0.0,0.0,377.98784114420414
70,4200000000000,2.0,13.0,2.4455017301038064,2.0,4.0,1156,1.0,11.0,5.963667820069205,5.5,9.0,1156,13.0,23.0,18.036332179930795,18.5,22.0,1156,2.0,6.0,2.3062283737024223,2.0,4.0,1156,0.0,88.0,46.948905109489054,48.0,84.0,137,0.0,280.0,122.10218978102189,120.0,264.0,137,1.0,1.0,1.0,1.0,1.0,112,0.9999999999999998,1.0,1.0,1.0,1.0,112,1.0,1.5,1.0412887124546788,1.0,1.25,112,0.9999999999999998,1.5469913157443322,1.0334630794557136,1.0,1.1779645943481503,112,552.0,0.0,0.0,414.0,138.0,112.0,26.0,0.0,4.0,0.0,0.0,22.0,0.8115942028985508,24.0,0.21428571428571427,137.0,112.0,0.8175182481751825,0.0,0.0,0.0,0.0,25.0,0.18248175182481752,0.0,0.0,0.0,0.0,0.0,0.0,0.0,186.09903566539288
71,4260000000000,2.0,15.0,2.4610726643598615,2.0,4.0,1156,1.0,11.0,5.900519031141869,5.0,9.0,1156,13.0,23.0,18.09948096885813,19.0,22.0,1156,2.0,6.0,2.3088235294117645,2.0,4.0,1156,0.0,88.0,45.86842105263158,44.0,84.0,152,0.0,280.0,116.6842105263158,104.0,264.0,152,1.0,1.0,1.0,1.0,1.0,77,0.9999999999999999,1.0000000000000002,1.0,1.0,1.0000000000000002,77,1.0,1.5,1.0830351827105074,1.0,1.5,77,0.9999999999999999,1.8609530823121467,1.0821563441820028,1.0,1.3893742825695075,77,552.0,0.0,0.0,401.0,151.0,77.0,74.0,0.0,3.0,0.0,0.0,71.0,0.5099337748344371,31.0,0.4025974025974026,152.0,77.0,0.506578947368421,0.0,0.0,0.0,0.0,75.0,0.4934210526315789,0.0,0.0,0.0,0.0,0.0,0.0,0.0,151.53736248612404
72,4320000000000,2.0,16.0,2.4506920415224913,2.0,4.0,1156,2.0,10.0,5.970588235294118,6.0,9.0,1156,14.0,22.0,18.029411764705884,18.0,22.0,1156,2.0,6.0,2.3131487889273354,2.0,4.0,1156,0.0,88.0,44.38620689655173,44.0,84.0,145,0.0,280.0,113.98620689655172,104.0,264.0,145,1.0,1.0,1.0,1.0,1.0,145,0.9999999999999998,1.0000000000000002,1.0,1.0,1.0,145,1.0,1.0,1.0,1.0,1.0,145,0.9999999999999998,1.0000000000000002,1.0,1.0,1.0,145,552.0,0.0,0.0,407.0,145.0,145.0,0.0,0.0,0.0,0.0,0.0,0.0,1.0,0.0,0.0,145.0,145.0,1.0,0.0,0.0,0.0,0.0,0.0,0.0,0.0,0.0,0.0,0.0,0.0,0.0,0.0,495.25558948516846
73,4380000000000,2.0,14.0,2.4437716262975777,2.0,4.0,1156,1.0,10.0,5.906574394463668,5.5,9.0,1156,14.0,23.0,18.093425605536332,18.5,22.0,1156,2.0,6.0,2.3062283737024223,2.0,4.0,1156,0.0,88.0,46.72592592592593,48.0,84.0,135,0.0,280.0,122.37037037037037,120.0,264.0,135,1.0,1.0,1.0,1.0,1.0,107,1.0,1.0000000000000002,1.0,1.0,1.0000000000000002,107,1.0,1.5,1.0307529865528766,1.0,1.1899999999999995,107,1.0,1.501444284504999,1.0224418403299127,1.0,1.1371364498756567,107,552.0,0.0,0.0,414.0,138.0,107.0,31.0,0.0,7.0,0.0,0.0,24.0,0.7753623188405797,17.0,0.1588785046728972,135.0,107.0,0.7925925925925926,0.0,0.0,0.0,0.0,28.0,0.2074074074074074,0.0,0.0,0.0,0.0,0.0,0.0,0.0,162.69114054739475
74,4440000000000,2.0,14.0,2.457612456747405,2.0,4.0,1156,1.0,10.0,5.845155709342561,5.0,9.0,1156,14.0,23.0,18.15484429065744,19.0,22.0,1156,2.0,6.0,2.3122837370242215,2.0,4.0,1156,0.0,88.0,45.22222222222222,44.0,80.0,144,0.0,280.0,114.38888888888889,104.0,248.0,144,1.0,1.0,1.0,1.0,1.0,72,0.9999999999999998,1.0000000000000002,1.0,1.0,1.0000000000000002,72,1.0,1.5,1.088011415554308,1.0,1.5,72,0.9999999999999998,1.8638036690200241,1.0874711847041292,1.0,1.3932304769161457,72,552.0,0.0,0.0,407.0,145.0,72.0,73.0,0.0,4.0,0.0,0.0,69.0,0.496551724137931,31.0,0.4305555555555556,144.0,72.0,0.5,0.0,0.0,0.0,0.0,72.0,0.5,0.0,0.0,0.0,0.0,0.0,0.0,0.0,203.8808036595583
75,4500000000000,2.0,16.0,2.4480968858131487,2.0,4.0,1156,2.0,10.0,5.970588235294118,6.0,9.0,1156,14.0,22.0,18.029411764705884,18.0,21.0,1156,2.0,6.0,2.311418685121107,2.0,4.0,1156,0.0,88.0,44.5,44.0,84.0,144,0.0,280.0,114.0,104.0,264.0,144,1.0,1.0,1.0,1.0,1.0,144,0.9999999999999998,1.0000000000000002,1.0,1.0,1.0000000000000002,144,1.0,1.0,1.0,1.0,1.0,144,0.9999999999999998,1.0000000000000002,1.0,1.0,1.0000000000000002,144,552.0,0.0,0.0,408.0,144.0,144.0,0.0,0.0,0.0,0.0,0.0,0.0,1.0,0.0,0.0,144.0,144.0,1.0,0.0,0.0,0.0,0.0,0.0,0.0,0.0,0.0,0.0,0.0,0.0,0.0,0.0,465.2722403407097
76,4560000000000,2.0,14.0,2.4480968858131487,2.0,4.0,1156,1.0,10.0,5.908304498269896,5.5,9.0,1156,14.0,23.0,18.091695501730104,18.5,21.0,1156,2.0,6.0,2.307093425605536,2.0,4.0,1156,0.0,88.0,45.46762589928058,48.0,84.0,139,0.0,280.0,118.15827338129496,120.0,264.0,139,1.0,1.0,1.0,1.0,1.0,113,0.9999999999999998,1.0000000000000002,1.0,1.0,1.0000000000000002,113,1.0,1.5,1.0290147327367525,1.0,1.1666666666666667,113,0.9999999999999998,1.5021167698561744,1.021031728938595,1.0,1.1188237967023897,113,552.0,0.0,0.0,409.0,143.0,113.0,30.0,0.0,8.0,0.0,0.0,22.0,0.7902097902097902,20.0,0.17699115044247787,139.0,113.0,0.8129496402877698,0.0,0.0,0.0,0.0,26.0,0.18705035971223022,0.0,0.0,0.0,0.0,0.0,0.0,0.0,170.73200270533562
77,4620000000000,2.0,14.0,2.4610726643598615,2.0,4.0,1156,1.0,10.0,5.848615916955017,5.0,9.0,1156,14.0,23.0,18.151384083044984,19.0,21.0,1156,2.0,6.0,2.3183391003460208,2.0,4.0,1156,0.0,84.0,45.787234042553195,48.0,80.0,141,0.0,264.0,116.25531914893617,120.0,248.0,141,1.0,1.0,1.0,1.0,1.0,73,0.9999999999999998,1.0000000000000002,1.0,1.0,1.0000000000000002,73,1.0,1.5,1.0886980979446732,1.0,1.5,73,0.9999999999999998,1.8646997022761582,1.085730148095496,1.0,1.3956246879562373,73,552.0,0.0,0.0,407.0,145.0,73.0,72.0,0.0,6.0,0.0,0.0,66.0,0.503448275862069,29.0,0.3972602739726027,141.0,73.0,0.5177304964539007,0.0,0.0,0.0,0.0,68.0,0.48226950354609927,0.0,0.0,0.0,0.0,0.0,0.0,0.0,157.83198736608028
78,4680000000000,2.0,16.0,2.449826989619377,2.0,4.0,1156,2.0,10.0,6.0,6.0,9.0,1156,14.0,22.0,18.0,18.0,22.0,1156,2.0,6.0,2.309688581314879,2.0,4.0,1156,0.0,88.0,45.054054054054056,44.0,84.0,148,0.0,280.0,116.0,104.0,264.0,148,1.0,1.0,1.0,1.0,1.0,148,0.9999999999999998,1.0000000000000002,1.0,1.0,1.0000000000000002,148,1.0,1.0,1.0,1.0,1.0,148,0.9999999999999998,1.0000000000000002,1.0,1.0,1.0000000000000002,148,552.0,0.0,0.0,404.0,148.0,148.0,0.0,0.0,0.0,0.0,0.0,0.0,1.0,0.0,0.0,148.0,148.0,1.0,0.0,0.0,0.0,0.0,0.0,0.0,0.0,0.0,0.0,0.0,0.0,0.0,0.0,478.28788310289383
79,4740000000000,2.0,15.0,2.453287197231834,2.0,4.0,1156,1.0,10.0,5.940311418685121,6.0,9.0,1156,14.0,23.0,18.05968858131488,18.0,22.0,1156,2.0,6.0,2.3079584775086506,2.0,4.0,1156,0.0,88.0,46.361111111111114,48.0,84.0,144,0.0,280.0,120.94444444444444,120.0,264.0,144,1.0,1.0,1.0,1.0,1.0,121,0.9999999999999998,1.0000000000000002,1.0,1.0,1.0000000000000002,121,1.0,1.5,1.0284738137679315,1.0,1.1666666666666667,121,0.9999999999999998,1.5015228845862754,1.020978039294163,1.0,1.1083215363530825,121,552.0,0.0,0.0,410.0,142.0,121.0,21.0,0.0,2.0,0.0,0.0,19.0,0.852112676056338,22.0,0.18181818181818182,144.0,121.0,0.8402777777777778,0.0,0.0,0.0,0.0,23.0,0.1597222222222222,0.0,0.0,0.0,0.0,0.0,0.0,0.0,158.42332318425179
80,4800000000000,2.0,14.0,2.457612456747405,2.0,4.0,1156,1.0,10.0,5.879757785467128,6.0,9.0,1156,14.0,23.0,18.120242214532873,18.0,22.0,1156,2.0,6.0,2.314878892733564,2.0,4.0,1156,0.0,84.0,45.9290780141844,48.0,80.0,141,0.0,264.0,117.33333333333333,120.0,248.0,141,1.0,1.0,1.0,1.0,1.0,81,0.9999999999999998,1.0000000000000002,1.0,1.0,1.0000000000000002,81,1.0,1.5,1.0827935096453614,1.0,1.5,81,0.9999999999999999,1.8635737714997944,1.0807645622708062,1.0,1.3923535919222878,81,552.0,0.0,0.0,408.0,144.0,81.0,63.0,0.0,3.0,0.0,0.0,60.0,0.5625,29.0,0.35802469135802467,141.0,81.0,0.574468085106383,0.0,0.0,0.0,0.0,60.0,0.425531914893617,0.0,0.0,0.0,0.0,0.0,0.0,0.0,251.14266015589237
81,4860000000000,2.0,16.0,2.448961937716263,2.0,4.0,1156,2.0,10.0,6.029411764705882,6.0,10.0,1156,14.0,22.0,17.970588235294116,18.0,22.0,1156,2.0,6.0,2.309688581314879,2.0,4.0,1156,0.0,88.0,45.06122448979592,44.0,84.0,147,0.0,280.0,115.59183673469387,104.0,264.0,147,1.0,1.0,1.0,1.0,1.0,147,0.9999999999999998,1.0000000000000002,1.0,1.0,1.0,147,1.0,1.0,1.0,1.0,1.0,147,0.9999999999999998,1.0000000000000002,1.0,1.0,1.0,147,552.0,0.0,0.0,405.0,147.0,147.0,0.0,0.0,0.0,0.0,0.0,0.0,1.0,0.0,0.0,147.0,147.0,1.0,0.0,0.0,0.0,0.0,0.0,0.0,0.0,0.0,0.0,0.0,0.0,0.0,0.0,390.0874275714159
82,4920000000000,2.0,16.0,2.453287197231834,2.0,4.0,1156,1.0,10.0,5.970588235294118,6.0,10.0,1156,14.0,23.0,18.029411764705884,18.0,22.0,1156,2.0,6.0,2.3062283737024223,2.0,4.0,1156,0.0,88.0,46.84931506849315,48.0,84.0,146,0.0,280.0,122.79452054794521,120.0,264.0,146,1.0,1.0,1.0,1.0,1.0,124,0.9999999999999998,1.0000000000000002,1.0,1.0,1.0000000000000002,124,1.0,1.5,1.0298834184211318,1.0,1.1666666666666667,124,0.9999999999999998,1.5515301162349062,1.024248024691473,1.0,1.1310334511118763,124,552.0,0.0,0.0,409.0,143.0,124.0,19.0,0.0,3.0,0.0,0.0,16.0,0.8671328671328671,21.0,0.1693548387096774,146.0,124.0,0.8493150684931506,0.0,0.0,0.0,0.0,22.0,0.1506849315068493,0.0,0.0,0.0,0.0,0.0,0.0,0.0,159.47279520332813
83,4980000000000,2.0,14.0,2.4558823529411766,2.0,4.0,1156,1.0,10.0,5.906574394463668,6.0,9.0,1156,14.0,23.0,18.093425605536332,18.0,22.0,1156,2.0,6.0,2.311418685121107,2.0,4.0,1156,0.0,84.0,45.62237762237762,44.0,80.0,143,0.0,264.0,116.53146853146853,104.0,248.0,143,1.0,1.0,1.0,1.0,1.0,81,0.9999999999999998,1.0000000000000002,1.0,1.0,1.0,81,1.0,1.5,1.0810298412150263,1.0,1.5,81,0.9999999999999998,1.8604029746503359,1.079599389305444,1.0,1.3920745851617264,81,552.0,0.0,0.0,413.0,139.0,81.0,58.0,0.0,2.0,0.0,0.0,56.0,0.5827338129496403,28.0,0.345679012345679,143.0,81.0,0.5664335664335665,0.0,0.0,0.0,0.0,62.0,0.43356643356643354,0.0,0.0,0.0,0.0,0.0,0.0,0.0,150.99583566188812
84,5040000000000,2.0,16.0,2.444636678200692,2.0,4.0,1156,2.0,10.0,5.911764705882353,6.0,10.0,1156,14.0,22.0,18.08823529411765,18.0,22.0,1156,2.0,6.0,2.3105536332179932,2.0,4.0,1156,0.0,88.0,44.794326241134755,44.0,80.0,141,0.0,280.0,114.83687943262412,104.0,248.0,141,1.0,1.0,1.0,1.0,1.0,141,0.9999999999999998,1.0000000000000002,1.0,1.0,1.0000000000000002,141,1.0,1.0,1.0,1.0,1.0,141,0.9999999999999998,1.0000000000000002,1.0,1.0,1.0000000000000002,141,552.0,0.0,0.0,411.0,141.0,141.0,0.0,0.0,0.0,0.0,0.0,0.0,1.0,0.0,0.0,141.0,141.0,1.0,0.0,0.0,0.0,0.0,0.0,0.0,0.0,0.0,0.0,0.0,0.0,0.0,0.0,421.74115404486656
85,5100000000000,2.0,16.0,2.4524221453287196,2.0,4.0,1156,1.0,10.0,5.8555363321799305,6.0,10.0,1156,14.0,23.0,18.14446366782007,18.0,22.0,1156,2.0,6.0,2.311418685121107,2.0,4.0,1156,0.0,88.0,46.15827338129496,48.0,84.0,139,0.0,280.0,120.40287769784173,120.0,264.0,139,1.0,1.0,1.0,1.0,1.0,121,0.9999999999999998,1.0000000000000002,1.0,1.0,1.0,121,1.0,1.5,1.0317035992959669,1.0,1.1666666666666667,121,0.9999999999999998,1.5517551215265946,1.0257643827783915,1.0,1.1338026722532144,121,552.0,0.0,0.0,412.0,140.0,121.0,19.0,0.0,4.0,0.0,0.0,15.0,0.8642857142857143,22.0,0.18181818181818182,139.0,121.0,0.8705035971223022,0.0,0.0,0.0,0.0,18.0,0.12949640287769784,0.0,0.0,0.0,0.0,0.0,0.0,0.0,177.8864972293377
86,5160000000000,2.0,14.0,2.4437716262975777,2.0,4.0,1156,1.0,10.0,5.788062283737024,6.0,9.0,1156,14.0,23.0,18.211937716262977,18.0,22.0,1156,2.0,6.0,2.3062283737024223,2.0,4.0,1156,0.0,84.0,45.85507246376812,46.0,80.60000000000002,138,0.0,264.0,118.20289855072464,112.0,250.4000000000001,138,1.0,1.0,1.0,1.0,1.0,81,0.9999999999999997,1.0000000000000002,1.0,1.0,1.0000000000000002,81,1.0,1.5,1.0804216017178978,1.0,1.5,81,0.9999999999999997,1.6979655943620733,1.0758288622942747,1.0,1.372320123240372,81,552.0,0.0,0.0,421.0,131.0,81.0,50.0,0.0,3.0,0.0,0.0,47.0,0.6183206106870229,30.0,0.37037037037037035,138.0,81.0,0.5869565217391305,0.0,0.0,0.0,0.0,57.0,0.41304347826086957,0.0,0.0,0.0,0.0,0.0,0.0,0.0,282.6443500816822
87,5220000000000,2.0,16.0,2.4377162629757785,2.0,4.0,1156,2.0,10.0,5.794117647058823,6.0,9.0,1156,14.0,22.0,18.205882352941178,18.0,22.0,1156,2.0,6.0,2.3062283737024223,2.0,4.0,1156,0.0,88.0,44.46376811594203,44.0,84.0,138,0.0,280.0,114.20289855072464,104.0,264.0,138,1.0,1.0,1.0,1.0,1.0,138,0.9999999999999998,1.0000000000000002,1.0,1.0,1.0,138,1.0,1.0,1.0,1.0,1.0,138,0.9999999999999998,1.0000000000000002,1.0,1.0,1.0,138,552.0,0.0,0.0,414.0,138.0,138.0,0.0,0.0,0.0,0.0,0.0,0.0,1.0,0.0,0.0,138.0,138.0,1.0,0.0,0.0,0.0,0.0,0.0,0.0,0.0,0.0,0.0,0.0,0.0,0.0,0.0,460.6745857745409
88,5280000000000,2.0,15.0,2.458477508650519,2.0,4.0,1156,1.0,10.0,5.7387543252595155,6.0,9.0,1156,14.0,23.0,18.261245674740483,18.0,22.0,1156,2.0,6.0,2.3166089965397925,2.0,4.0,1156,0.0,88.0,46.114285714285714,48.0,84.0,140,0.0,280.0,121.2,120.0,264.0,140,1.0,1.0,1.0,1.0,1.0,119,0.9999999999999999,1.0000000000000004,1.0,1.0,1.0000000000000002,119,1.0,1.5,1.02592733583218,1.0,1.17,119,0.9999999999999999,1.4927551025600023,1.0192385913117952,1.0,1.1133392063151468,119,552.0,0.0,0.0,411.0,141.0,119.0,22.0,0.0,1.0,0.0,0.0,21.0,0.8439716312056738,20.0,0.16806722689075632,140.0,119.0,0.85,0.0,0.0,0.0,0.0,21.0,0.15,0.0,0.0,0.0,0.0,0.0,0.0,0.0,188.0222950130701
89,5340000000000,2.0,14.0,2.444636678200692,2.0,4.0,1156,1.0,10.0,5.673875432525952,6.0,9.0,1156,14.0,23.0,18.32612456747405,18.0,22.0,1156,2.0,6.0,2.309688581314879,2.0,4.0,1156,0.0,88.0,45.27407407407407,44.0,84.0,135,0.0,280.0,117.0962962962963,104.0,264.0,135,1.0,1.0,1.0,1.0,1.0,83,0.9999999999999998,1.0000000000000002,1.0,1.0,1.0000000000000002,83,1.0,1.5,1.0606122458532097,1.0,1.3333333333333333,83,0.9999999999999998,1.5831126342233401,1.055957459317742,1.0,1.3515805756256511,83,552.0,0.0,0.0,412.0,140.0,83.0,57.0,0.0,6.0,0.0,0.0,51.0,0.5928571428571429,28.0,0.3373493975903614,135.0,83.0,0.6148148148148148,0.0,0.0,0.0,0.0,52.0,0.3851851851851852,0.0,0.0,0.0,0.0,0.0,0.0,0.0,155.9784896671772
90,5400000000000,2.0,16.0,2.4394463667820068,2.0,4.0,1156,2.0,10.0,5.794117647058823,6.0,9.0,1156,14.0,22.0,18.205882352941178,18.0,22.0,1156,2.0,6.0,2.3088235294117645,2.0,4.0,1156,0.0,88.0,44.2043795620438,44.0,84.0,137,0.0,280.0,113.22627737226277,104.0,264.0,137,1.0,1.0,1.0,1.0,1.0,137,0.9999999999999998,1.0000000000000002,1.0,1.0,1.0,137,1.0,1.0,1.0,1.0,1.0,137,0.9999999999999998,1.0000000000000002,1.0,1.0,1.0,137,552.0,0.0,0.0,415.0,137.0,137.0,0.0,0.0,0.0,0.0,0.0,0.0,1.0,0.0,0.0,137.0,137.0,1.0,0.0,0.0,0.0,0.0,0.0,0.0,0.0,0.0,0.0,0.0,0.0,0.0,0.0,444.46955621242523
91,5460000000000,2.0,13.0,2.4472318339100347,2.0,4.0,1156,1.0,10.0,5.73356401384083,6.0,9.0,1156,14.0,23.0,18.26643598615917,18.0,22.0,1156,2.0,6.0,2.3088235294117645,2.0,4.0,1156,0.0,88.0,47.05882352941177,48.0,84.0,136,0.0,280.0,123.11764705882354,120.0,264.0,136,1.0,1.0,1.0,1.0,1.0,110,1.0,1.0000000000000002,1.0,1.0,1.0000000000000002,110,1.0,1.5,1.0323668451275403,1.0,1.1849999999999998,110,1.0,1.6522632879141779,1.0270747793125357,1.0,1.115731322022339,110,552.0,0.0,0.0,414.0,138.0,110.0,28.0,0.0,4.0,0.0,0.0,24.0,0.7971014492753623,22.0,0.2,136.0,110.0,0.8088235294117647,0.0,0.0,0.0,0.0,26.0,0.19117647058823528,0.0,0.0,0.0,0.0,0.0,0.0,0.0,151.1547602713108
92,5520000000000,2.0,14.0,2.4394463667820068,2.0,4.0,1156,1.0,10.0,5.673010380622838,6.0,9.0,1156,14.0,23.0,18.326989619377162,18.0,22.0,1156,2.0,6.0,2.3044982698961936,2.0,4.0,1156,0.0,88.0,44.77037037037037,44.0,84.0,135,0.0,280.0,115.08148148148148,104.0,264.0,135,1.0,1.0,1.0,1.0,1.0,75,0.9999999999999998,1.0000000000000002,1.0,1.0,1.0,75,1.0,1.5,1.0514597994597996,1.0,1.3333333333333333,75,0.9999999999999998,1.8554652429885696,1.0509399256314476,1.0,1.2875014960224165,75,552.0,0.0,0.0,418.0,134.0,75.0,59.0,0.0,4.0,0.0,0.0,55.0,0.5597014925373134,24.0,0.32,135.0,75.0,0.5555555555555556,0.0,0.0,0.0,0.0,60.0,0.4444444444444444,0.0,0.0,0.0,0.0,0.0,0.0,0.0,221.17337584495544
93,5580000000000,2.0,16.0,2.4411764705882355,2.0,4.0,1156,2.0,10.0,5.823529411764706,6.0,9.0,1156,14.0,22.0,18.176470588235293,18.0,22.0,1156,2.0,6.0,2.309688581314879,2.0,4.0,1156,0.0,88.0,44.11594202898551,44.0,80.60000000000002,138,0.0,280.0,112.28985507246377,104.0,250.4000000000001,138,1.0,1.0,1.0,1.0,1.0,138,0.9999999999999998,1.0,1.0,1.0,1.0,138,1.0,1.0,1.0,1.0,1.0,138,0.9999999999999998,1.0,1.0,1.0,1.0,138,552.0,0.0,0.0,414.0,138.0,138.0,0.0,0.0,0.0,0.0,0.0,0.0,1.0,0.0,0.0,138.0,138.0,1.0,0.0,0.0,0.0,0.0,0.0,0.0,0.0,0.0,0.0,0.0,0.0,0.0,0.0,457.54839666187763
94,5640000000000,2.0,14.0,2.454152249134948,2.0,4.0,1156,1.0,10.0,5.762975778546712,6.0,9.0,1156,14.0,23.0,18.237024221453286,18.0,22.0,1156,2.0,6.0,2.3105536332179932,2.0,4.0,1156,0.0,88.0,46.985915492957744,48.0,84.0,142,0.0,280.0,123.04225352112677,120.0,264.0,142,1.0,1.0,1.0,1.0,1.0,116,0.9999999999999998,1.0000000000000002,1.0,1.0,1.0000000000000002,116,1.0,1.5,1.0335662611841618,1.0,1.2,116,0.9999999999999998,1.7202327840051859,1.0315950689746638,1.0,1.1443534603333145,116,552.0,0.0,0.0,410.0,142.0,116.0,26.0,0.0,2.0,0.0,0.0,24.0,0.8169014084507042,22.0,0.1896551724137931,142.0,116.0,0.8169014084507042,0.0,0.0,0.0,0.0,26.0,0.18309859154929578,0.0,0.0,0.0,0.0,0.0,0.0,0.0,194.74793411791325
95,5700000000000,2.0,14.0,2.434256055363322,2.0,4.0,1156,1.0,10.0,5.698096885813149,6.0,9.0,1156,14.0,23.0,18.30190311418685,18.0,22.0,1156,2.0,6.0,2.300173010380623,2.0,4.0,1156,0.0,88.0,44.92537313432836,44.0,84.0,134,0.0,280.0,115.76119402985074,104.0,264.0,134,1.0,1.0,1.0,1.0,1.0,68,1.0,1.0000000000000002,1.0,1.0,1.0,68,1.0,1.5,1.0513182895535835,1.0,1.2866666666666664,68,1.0,1.4191214774991945,1.0457856079896122,1.0,1.239570948489526,68,552.0,0.0,0.0,425.0,127.0,68.0,59.0,0.0,2.0,0.0,0.0,57.0,0.5354330708661418,24.0,0.35294117647058826,134.0,68.0,0.5074626865671642,0.0,0.0,0.0,0.0,66.0,0.4925373134328358,0.0,0.0,0.0,0.0,0.0,0.0,0.0,174.76356774568558
96,5760000000000,2.0,16.0,2.438581314878893,2.0,4.0,1156,2.0,10.0,5.823529411764706,6.0,10.0,1156,14.0,22.0,18.176470588235293,18.0,22.0,1156,2.0,6.0,2.309688581314879,2.0,4.0,1156,0.0,88.0,44.0,44.0,81.19999999999999,135,0.0,280.0,112.0,104.0,252.79999999999995,135,1.0,1.0,1.0,1.0,1.0,135,1.0,1.0000000000000002,1.0,1.0,1.0,135,1.0,1.0,1.0,1.0,1.0,135,1.0,1.0000000000000002,1.0,1.0,1.0,135,552.0,0.0,0.0,417.0,135.0,135.0,0.0,0.0,0.0,0.0,0.0,0.0,1.0,0.0,0.0,135.0,135.0,1.0,0.0,0.0,0.0,0.0,0.0,0.0,0.0,0.0,0.0,0.0,0.0,0.0,0.0,398.29579927027225
97,5820000000000,2.0,14.0,2.454152249134948,2.0,4.0,1156,1.0,10.0,5.762975778546712,6.0,10.0,1156,14.0,23.0,18.237024221453286,18.0,22.0,1156,2.0,6.0,2.3131487889273354,2.0,4.0,1156,0.0,88.0,46.76258992805755,48.0,84.0,139,0.0,280.0,121.7841726618705,120.0,264.0,139,1.0,1.0,1.0,1.0,1.0,116,0.9999999999999998,1.0000000000000002,1.0,1.0,1.0,116,1.0,1.5,1.0315524619340541,1.0,1.175,116,0.9999999999999998,1.7124834459260334,1.030087024494423,1.0,1.144745365368983,116,552.0,0.0,0.0,410.0,142.0,116.0,26.0,0.0,4.0,0.0,0.0,22.0,0.8169014084507042,22.0,0.1896551724137931,139.0,116.0,0.8345323741007195,0.0,0.0,0.0,0.0,23.0,0.16546762589928057,0.0,0.0,0.0,0.0,0.0,0.0,0.0,170.0262315571308
98,5880000000000,2.0,15.0,2.42560553633218,2.0,4.0,1156,1.0,10.0,5.696366782006921,6.0,9.0,1156,14.0,23.0,18.30363321799308,18.0,22.0,1156,2.0,6.0,2.3044982698961936,2.0,4.0,1156,0.0,88.0,45.17829457364341,44.0,84.0,129,0.0,280.0,115.96899224806202,104.0,264.0,129,1.0,1.0,1.0,1.0,1.0,64,0.9999999999999998,1.0000000000000002,1.0,1.0,1.0000000000000002,64,1.0,1.5,1.0530582111924023,1.0,1.1949999999999998,64,0.9999999999999998,1.3837044468691186,1.0460381426580057,1.0,1.195261936199113,64,552.0,0.0,0.0,422.0,130.0,64.0,66.0,0.0,7.0,0.0,0.0,59.0,0.49230769230769234,27.0,0.421875,129.0,64.0,0.49612403100775193,0.0,0.0,0.0,0.0,65.0,0.5038759689922481,0.0,0.0,0.0,0.0,0.0,0.0,0.0,228.175925090909
99,5940000000000,2.0,16.0,2.4455017301038064,2.0,4.0,1156,2.0,10.0,6.029411764705882,6.5,10.0,1156,14.0,22.0,17.970588235294116,17.5,22.0,1156,2.0,6.0,2.315743944636678,2.0,4.0,1156,0.0,88.0,43.88235294117647,44.0,84.0,136,0.0,280.0,112.0,104.0,264.0,136,1.0,1.0,1.0,1.0,1.0,136,0.9999999999999998,1.0000000000000002,1.0,1.0,1.0,136,1.0,1.0,1.0,1.0,1.0,136,0.9999999999999998,1.0000000000000002,1.0,1.0,1.0,136,552.0,0.0,0.0,416.0,136.0,136.0,0.0,0.0,0.0,0.0,0.0,0.0,1.0,0.0,0.0,136.0,136.0,1.0,0.0,0.0,0.0,0.0,0.0,0.0,0.0,0.0,0.0,0.0,0.0,0.0,0.0,462.57358603179455
100,6000000000000,2.0,14.0,2.457612456747405,2.0,4.0,1156,1.0,10.0,5.961072664359862,6.0,10.0,1156,14.0,23.0,18.03892733564014,18.0,22.0,1156,2.0,6.0,2.3105536332179932,2.0,4.0,1156,0.0,88.0,47.36986301369863,52.0,84.0,146,0.0,280.0,123.3972602739726,136.0,264.0,146,1.0,1.0,1.0,1.0,1.0,122,0.9999999999999998,1.0000000000000002,1.0,1.0,1.0000000000000002,122,1.0,1.5,1.041639510039944,1.0,1.3291666666666657,122,0.9999999999999998,1.7047016209729033,1.037150952763184,1.0,1.242950668139217,122,552.0,0.0,0.0,409.0,143.0,122.0,21.0,0.0,1.0,0.0,0.0,20.0,0.8531468531468531,27.0,0.22131147540983606,146.0,122.0,0.8356164383561644,0.0,0.0,0.0,0.0,24.0,0.1643835616438356,0.0,0.0,0.0,0.0,0.0,0.0,0.0,161.32858395576477
101,6060000000000,2.0,15.0,2.4273356401384083,2.0,4.0,1156,1.0,10.0,5.896193771626297,6.0,9.0,1156,14.0,23.0,18.103806228373703,18.0,22.0,1156,2.0,6.0,2.3062283737024223,2.0,4.0,1156,0.0,88.0,44.83720930232558,44.0,82.39999999999998,129,0.0,280.0,114.6046511627907,104.0,257.5999999999999,129,1.0,1.0,1.0,1.0,1.0,64,0.9999999999999998,1.0000000000000002,1.0,1.0,1.0,64,1.0,1.5,1.0512352945257355,1.0,1.1949999999999998,64,0.9999999999999998,1.384566762261878,1.0437781293338502,1.0,1.1600722912516637,64,552.0,0.0,0.0,426.0,126.0,64.0,62.0,0.0,4.0,0.0,0.0,58.0,0.5079365079365079,27.0,0.421875,129.0,64.0,0.49612403100775193,0.0,0.0,0.0,0.0,65.0,0.5038759689922481,0.0,0.0,0.0,0.0,0.0,0.0,0.0,146.02160826325417
102,6120000000000,2.0,16.0,2.4480968858131487,2.0,4.0,1156,1.0,10.0,6.0588235294117645,6.5,10.0,1156,14.0,23.0,17.941176470588236,17.5,22.0,1156,2.0,6.0,2.315743944636678,2.0,4.0,1156,0.0,88.0,44.83453237410072,48.0,84.0,139,0.0,280.0,115.62589928057554,120.0,264.0,139,1.0,1.0,1.0,1.0,1.0,139,0.9999999999999998,1.0000000000000002,1.0,1.0,1.0000000000000002,139,1.0,1.0,1.0,1.0,1.0,139,0.9999999999999998,1.0000000000000002,1.0,1.0,1.0000000000000002,139,552.0,0.0,0.0,413.0,139.0,139.0,0.0,0.0,0.0,0.0,0.0,0.0,1.0,0.0,0.0,139.0,139.0,1.0,0.0,0.0,0.0,0.0,0.0,0.0,0.0,0.0,0.0,0.0,0.0,0.0,0.0,463.31632137298584
103,6180000000000,2.0,14.0,2.453287197231834,2.0,4.0,1156,1.0,10.0,5.992214532871972,6.0,10.0,1156,14.0,23.0,18.007785467128027,18.0,22.0,1156,2.0,6.0,2.311418685121107,2.0,4.0,1156,0.0,88.0,47.22857142857143,52.0,84.0,140,0.0,280.0,123.08571428571429,136.0,264.0,140,1.0,1.0,1.0,1.0,1.0,117,0.9999999999999997,1.0000000000000002,1.0,1.0,1.0,117,1.0,1.5,1.0415282876444263,1.0,1.3333333333333333,117,0.9999999999999997,1.6969411744021368,1.037354739758482,1.0,1.255544895410731,117,552.0,0.0,0.0,415.0,137.0,117.0,20.0,0.0,1.0,0.0,0.0,19.0,0.8540145985401459,23.0,0.19658119658119658,140.0,117.0,0.8357142857142857,0.0,0.0,0.0,0.0,23.0,0.16428571428571428,0.0,0.0,0.0,0.0,0.0,0.0,0.0,113.36795426905155
104,6240000000000,2.0,15.0,2.426470588235294,2.0,4.0,1156,1.0,10.0,5.92560553633218,6.0,9.0,1156,14.0,23.0,18.07439446366782,18.0,22.0,1156,2.0,6.0,2.305363321799308,2.0,4.0,1156,0.0,88.0,45.98449612403101,44.0,84.0,129,0.0,280.0,118.63565891472868,104.0,264.0,129,1.0,1.0,1.0,1.0,1.0,69,0.9999999999999999,1.0000000000000002,1.0,1.0,1.0000000000000002,69,1.0,1.5,1.068476698304064,1.0,1.3999999999999986,69,0.9999999999999999,1.7446113732208555,1.0677569398347517,1.0,1.324192541187647,69,552.0,0.0,0.0,421.0,131.0,69.0,62.0,0.0,4.0,0.0,0.0,58.0,0.5267175572519084,30.0,0.43478260869565216,129.0,69.0,0.5348837209302325,0.0,0.0,0.0,0.0,60.0,0.46511627906976744,0.0,0.0,0.0,0.0,0.0,0.0,0.0,236.103693023324
105,6300000000000,2.0,15.0,2.453287197231834,2.0,4.0,1156,2.0,11.0,6.147058823529412,6.5,10.0,1156,13.0,22.0,17.852941176470587,17.5,22.0,1156,2.0,6.0,2.3174740484429064,2.0,4.0,1156,0.0,88.0,45.098591549295776,48.0,84.0,142,0.0,280.0,115.49295774647888,120.0,264.0,142,1.0,1.0,1.0,1.0,1.0,142,0.9999999999999998,1.0000000000000002,1.0,1.0,1.0,142,1.0,1.0,1.0,1.0,1.0,142,0.9999999999999998,1.0000000000000002,1.0,1.0,1.0,142,552.0,0.0,0.0,410.0,142.0,142.0,0.0,0.0,0.0,0.0,0.0,0.0,1.0,0.0,0.0,142.0,142.0,1.0,0.0,0.0,0.0,0.0,0.0,0.0,0.0,0.0,0.0,0.0,0.0,0.0,0.0,389.90038074553013
106,6360000000000,2.0,14.0,2.4558823529411766,2.0,4.0,1156,1.0,11.0,6.075259515570934,6.0,10.0,1156,13.0,23.0,17.924740484429066,18.0,22.0,1156,2.0,6.0,2.31401384083045,2.0,4.0,1156,0.0,88.0,46.857142857142854,50.0,84.0,140,0.0,280.0,121.6,128.0,264.0,140,1.0,1.0,1.0,1.0,1.0,115,0.9999999999999998,1.0,1.0,1.0,1.0,115,1.0,1.5,1.0432167023087737,1.0,1.3333333333333333,115,0.9999999999999998,1.6892243778256313,1.0365447412285351,1.0,1.2000939596885738,115,552.0,0.0,0.0,411.0,141.0,115.0,26.0,0.0,2.0,0.0,0.0,24.0,0.8156028368794326,24.0,0.20869565217391303,140.0,115.0,0.8214285714285714,0.0,0.0,0.0,0.0,25.0,0.17857142857142858,0.0,0.0,0.0,0.0,0.0,0.0,0.0,160.1152177900076
107,6420000000000,2.0,16.0,2.4325259515570936,2.0,4.0,1156,1.0,11.0,6.009515570934256,6.0,10.0,1156,13.0,23.0,17.990484429065745,18.0,22.0,1156,2.0,6.0,2.3062283737024223,2.0,4.0,1156,0.0,88.0,45.73529411764706,48.0,84.0,136,0.0,280.0,116.76470588235294,120.0,264.0,136,1.0,1.0,1.0,1.0,1.0,72,0.9999999999999999,1.0000000000000002,1.0,1.0,1.0000000000000002,72,1.0,1.5,1.0848333628970883,1.0,1.5,72,0.9999999999999999,1.7478169204622405,1.084883555823268,1.0,1.4420979039297654,72,552.0,0.0,0.0,418.0,134.0,72.0,62.0,0.0,2.0,0.0,0.0,60.0,0.5373134328358209,34.0,0.4722222222222222,136.0,72.0,0.5294117647058824,0.0,0.0,0.0,0.0,64.0,0.47058823529411764,0.0,0.0,0.0,0.0,0.0,0.0,0.0,146.37555740773678
108,6480000000000,2.0,15.0,2.4480968858131487,2.0,4.0,1156,2.0,11.0,5.9411764705882355,6.5,9.0,1156,13.0,22.0,18.058823529411764,17.5,22.0,1156,2.0,6.0,2.3105536332179932,2.0,4.0,1156,0.0,88.0,45.15555555555556,44.0,84.0,135,0.0,280.0,116.62222222222222,104.0,264.0,135,1.0,1.0,1.0,1.0,1.0,135,0.9999999999999999,1.0000000000000002,1.0,1.0,1.0000000000000002,135,1.0,1.0,1.0,1.0,1.0,135,0.9999999999999999,1.0000000000000002,1.0,1.0,1.0000000000000002,135,552.0,0.0,0.0,417.0,135.0,135.0,0.0,0.0,0.0,0.0,0.0,0.0,1.0,0.0,0.0,135.0,135.0,1.0,0.0,0.0,0.0,0.0,0.0,0.0,0.0,0.0,0.0,0.0,0.0,0.0,0.0,464.8800678551197
109,6540000000000,2.0,14.0,2.4524221453287196,2.0,4.0,1156,1.0,11.0,5.874567474048443,6.0,9.0,1156,13.0,23.0,18.125432525951556,18.0,22.0,1156,2.0,6.0,2.315743944636678,2.0,4.0,1156,0.0,88.0,46.02985074626866,48.0,81.39999999999998,134,0.0,280.0,119.1044776119403,120.0,253.5999999999999,134,1.0,1.0,1.0,1.0,1.0,108,0.9999999999999998,1.0000000000000002,1.0,1.0,1.0000000000000002,108,1.0,1.5,1.046501929140818,1.0,1.3333333333333333,108,0.9999999999999998,1.6815639304028294,1.0390413884787901,1.0,1.2309168536266726,108,552.0,0.0,0.0,413.0,139.0,108.0,31.0,0.0,6.0,0.0,0.0,25.0,0.7769784172661871,24.0,0.2222222222222222,134.0,108.0,0.8059701492537313,0.0,0.0,0.0,0.0,26.0,0.19402985074626866,0.0,0.0,0.0,0.0,0.0,0.0,0.0,157.16451406478882
110,6600000000000,2.0,16.0,2.4333910034602075,2.0,4.0,1156,1.0,11.0,5.811418685121107,6.0,9.0,1156,13.0,23.0,18.188581314878892,18.0,22.0,1156,2.0,6.0,2.311418685121107,2.0,4.0,1156,0.0,88.0,45.31297709923664,44.0,84.0,131,0.0,280.0,115.29770992366412,104.0,264.0,131,1.0,1.0,1.0,1.0,1.0,72,0.9999999999999998,1.0000000000000002,1.0,1.0,1.0000000000000002,72,1.0,1.5,1.0773102147489402,1.0,1.4083333333333337,72,0.9999999999999998,1.767771896802912,1.0796597342938448,1.0,1.453159608549948,72,552.0,0.0,0.0,417.0,135.0,72.0,63.0,0.0,6.0,0.0,0.0,57.0,0.5333333333333333,32.0,0.4444444444444444,131.0,72.0,0.549618320610687,0.0,0.0,0.0,0.0,59.0,0.45038167938931295,0.0,0.0,0.0,0.0,0.0,0.0,0.0,218.77311170101166
111,6660000000000,2.0,15.0,2.4472318339100347,2.0,4.0,1156,2.0,10.0,6.0,6.5,9.0,1156,14.0,22.0,18.0,17.5,21.0,1156,2.0,6.0,2.311418685121107,2.0,4.0,1156,0.0,88.0,45.744360902255636,48.0,84.0,133,0.0,280.0,119.6390977443609,120.0,264.0,133,1.0,1.0,1.0,1.0,1.0,133,0.9999999999999998,1.0000000000000002,1.0,1.0,1.0000000000000002,133,1.0,1.0,1.0,1.0,1.0,133,0.9999999999999998,1.0000000000000002,1.0,1.0,1.0000000000000002,133,552.0,0.0,0.0,419.0,133.0,133.0,0.0,0.0,0.0,0.0,0.0,0.0,1.0,0.0,0.0,133.0,133.0,1.0,0.0,0.0,0.0,0.0,0.0,0.0,0.0,0.0,0.0,0.0,0.0,0.0,0.0,447.0020364969969
112,6720000000000,2.0,14.0,2.4567474048442905,2.0,4.0,1156,1.0,10.0,5.928200692041522,6.0,9.0,1156,14.0,23.0,18.07179930795848,18.0,21.0,1156,2.0,6.0,2.3131487889273354,2.0,4.0,1156,0.0,88.0,46.84507042253521,48.0,80.0,142,0.0,280.0,121.97183098591549,120.0,248.0,142,1.0,1.0,1.0,1.0,1.0,104,0.9999999999999998,1.0000000000000002,1.0,1.0,1.0000000000000002,104,1.0,1.5,1.0467464560012636,1.0,1.3208333333333329,104,0.9999999999999998,1.6740041368837173,1.0393786245151895,1.0,1.1811581159220181,104,552.0,0.0,0.0,411.0,141.0,104.0,37.0,0.0,3.0,0.0,0.0,34.0,0.7375886524822695,26.0,0.25,142.0,104.0,0.7323943661971831,0.0,0.0,0.0,0.0,38.0,0.2676056338028169,0.0,0.0,0.0,0.0,0.0,0.0,0.0,154.79863993823528
113,6780000000000,2.0,15.0,2.4325259515570936,2.0,4.0,1156,1.0,10.0,5.868512110726644,6.0,9.0,1156,14.0,23.0,18.131487889273355,18.0,21.0,1156,2.0,6.0,2.3122837370242215,2.0,4.0,1156,0.0,88.0,45.09375,44.0,84.0,128,0.0,280.0,114.5625,104.0,264.0,128,1.0,1.0,1.0,1.0,1.0,67,0.9999999999999998,1.0000000000000002,1.0,1.0,1.0000000000000002,67,1.0,1.5,1.0794956555492115,1.0,1.4499999999999993,67,0.9999999999999998,1.7870857129044349,1.0820398918577498,1.0,1.4885651744854895,67,552.0,0.0,0.0,419.0,133.0,67.0,66.0,0.0,6.0,0.0,0.0,60.0,0.5037593984962406,29.0,0.43283582089552236,128.0,67.0,0.5234375,0.0,0.0,0.0,0.0,61.0,0.4765625,0.0,0.0,0.0,0.0,0.0,0.0,0.0,162.17072121798992
114,6840000000000,2.0,15.0,2.4480968858131487,2.0,4.0,1156,2.0,10.0,6.0588235294117645,6.5,9.0,1156,14.0,22.0,17.941176470588236,17.5,22.0,1156,2.0,6.0,2.311418685121107,2.0,4.0,1156,0.0,88.0,45.76119402985075,48.0,84.0,134,0.0,280.0,119.64179104477611,120.0,264.0,134,1.0,1.0,1.0,1.0,1.0,134,0.9999999999999998,1.0000000000000002,1.0,1.0,1.0000000000000002,134,1.0,1.0,1.0,1.0,1.0,134,0.9999999999999998,1.0000000000000002,1.0,1.0,1.0000000000000002,134,552.0,0.0,0.0,418.0,134.0,134.0,0.0,0.0,0.0,0.0,0.0,0.0,1.0,0.0,0.0,134.0,134.0,1.0,0.0,0.0,0.0,0.0,0.0,0.0,0.0,0.0,0.0,0.0,0.0,0.0,0.0,440.172653645277
115,6900000000000,2.0,14.0,2.461937716262976,2.0,4.0,1156,1.0,10.0,5.9887543252595155,6.0,9.0,1156,14.0,23.0,18.011245674740483,18.0,22.0,1156,2.0,6.0,2.315743944636678,2.0,4.0,1156,0.0,88.0,47.282758620689656,48.0,83.19999999999993,145,0.0,280.0,123.58620689655173,120.0,260.7999999999997,145,1.0,1.0,1.0,1.0,1.0,110,0.9999999999999997,1.0000000000000002,1.0,1.0,1.0,110,1.0,1.5,1.0435192874564532,1.0,1.2274999999999998,110,0.9999999999999997,1.6665598677928286,1.0372428347951732,1.0,1.1678453104022506,110,552.0,0.0,0.0,409.0,143.0,110.0,33.0,0.0,2.0,0.0,0.0,31.0,0.7692307692307693,27.0,0.24545454545454545,145.0,110.0,0.7586206896551724,0.0,0.0,0.0,0.0,35.0,0.2413793103448276,0.0,0.0,0.0,0.0,0.0,0.0,0.0,157.51315839588642
116,6960000000000,2.0,15.0,2.442906574394464,2.0,4.0,1156,1.0,10.0,5.930795847750865,6.0,9.0,1156,14.0,23.0,18.069204152249135,18.0,22.0,1156,2.0,6.0,2.314878892733564,2.0,4.0,1156,0.0,84.0,44.846715328467155,44.0,80.79999999999995,137,0.0,264.0,112.64233576642336,104.0,251.19999999999982,137,1.0,1.0,1.0,1.0,1.0,76,0.9999999999999998,1.0000000000000002,1.0,1.0,1.0000000000000002,76,1.0,1.5,1.0659306938331707,1.0,1.375,76,0.9999999999999999,1.8056617793603091,1.0673585328902198,1.0,1.3205709437847994,76,552.0,0.0,0.0,417.0,135.0,76.0,59.0,0.0,1.0,0.0,0.0,58.0,0.562962962962963,28.0,0.3684210526315789,137.0,76.0,0.5547445255474452,0.0,0.0,0.0,0.0,61.0,0.44525547445255476,0.0,0.0,0.0,0.0,0.0,0.0,0.0,244.46570128202438
117,7020000000000,2.0,14.0,2.4420415224913494,2.0,4.0,1156,1.0,10.0,5.911764705882353,6.0,9.0,1156,14.0,23.0,18.08823529411765,18.0,22.0,1156,2.0,6.0,2.3088235294117645,2.0,4.0,1156,0.0,88.0,45.753846153846155,48.0,84.0,130,0.0,280.0,119.32307692307693,120.0,264.0,130,1.0,1.0,1.0,1.0,1.0,130,0.9999999999999998,1.0000000000000002,1.0,1.0,1.0,130,1.0,1.0,1.0,1.0,1.0,130,0.9999999999999998,1.0000000000000002,1.0,1.0,1.0,130,552.0,0.0,0.0,422.0,130.0,130.0,0.0,0.0,0.0,0.0,0.0,0.0,1.0,0.0,0.0,130.0,130.0,1.0,0.0,0.0,0.0,0.0,0.0,0.0,0.0,0.0,0.0,0.0,0.0,0.0,0.0,471.5424459427595
118,7080000000000,2.0,14.0,2.457612456747405,2.0,4.0,1156,0.0,10.0,5.841695501730104,6.0,9.0,1156,14.0,24.0,18.158304498269896,18.0,22.0,1156,2.0,6.0,2.3183391003460208,2.0,4.0,1156,0.0,88.0,46.97810218978102,48.0,80.79999999999995,137,0.0,280.0,122.74452554744525,120.0,251.19999999999982,137,1.0,1.0,1.0,1.0,1.0,105,0.9999999999999998,1.0,1.0,1.0,1.0,105,1.0,1.5,1.0451683540549086,1.0,1.2399999999999998,105,0.9999999999999998,1.6592362940748775,1.0382743668325023,1.0,1.1706078453781081,105,552.0,0.0,0.0,411.0,141.0,105.0,36.0,0.0,5.0,0.0,0.0,31.0,0.7446808510638298,27.0,0.2571428571428571,137.0,105.0,0.7664233576642335,0.0,0.0,0.0,0.0,32.0,0.23357664233576642,0.0,0.0,0.0,0.0,0.0,0.0,0.0,157.86884166300297
119,7140000000000,2.0,15.0,2.4394463667820068,2.0,4.0,1156,0.0,10.0,5.788062283737024,6.0,9.0,1156,14.0,24.0,18.211937716262977,18.0,22.0,1156,2.0,6.0,2.3122837370242215,2.0,4.0,1156,0.0,84.0,45.35294117647059,44.0,81.0,136,0.0,264.0,114.70588235294117,104.0,252.0,136,1.0,1.0,1.0,1.0,1.0,71,0.9999999999999998,1.0,1.0,1.0,1.0,71,1.0,1.5,1.0779885998195857,1.0,1.5,71,0.9999999999999998,1.8233810638953,1.079619022168153,1.0,1.4805653190531316,71,552.0,0.0,0.0,416.0,136.0,71.0,65.0,0.0,5.0,0.0,0.0,60.0,0.5220588235294118,28.0,0.39436619718309857,136.0,71.0,0.5220588235294118,0.0,0.0,0.0,0.0,65.0,0.47794117647058826,0.0,0.0,0.0,0.0,0.0,0.0,0.0,134.76368598639965
120,7200000000000,2.0,14.0,2.4437716262975777,2.0,4.0,1156,2.0,10.0,6.029411764705882,6.0,10.0,1156,14.0,22.0,17.970588235294116,18.0,22.0,1156,2.0,6.0,2.3105536332179932,2.0,4.0,1156,0.0,88.0,46.184615384615384,48.0,84.0,130,0.0,280.0,121.04615384615384,120.0,264.0,130,1.0,1.0,1.0,1.0,1.0,130,0.9999999999999998,1.0000000000000002,1.0,1.0,1.0,130,1.0,1.0,1.0,1.0,1.0,130,0.9999999999999998,1.0000000000000002,1.0,1.0,1.0,130,552.0,0.0,0.0,422.0,130.0,130.0,0.0,0.0,0.0,0.0,0.0,0.0,1.0,0.0,0.0,130.0,130.0,1.0,0.0,0.0,0.0,0.0,0.0,0.0,0.0,0.0,0.0,0.0,0.0,0.0,0.0,344.9499402195215
121,7260000000000,2.0,14.0,2.4550173010380623,2.0,4.0,1156,1.0,10.0,5.9576124567474045,6.0,10.0,1156,14.0,23.0,18.042387543252595,18.0,22.0,1156,2.0,6.0,2.31401384083045,2.0,4.0,1156,0.0,88.0,46.76258992805755,48.0,84.0,139,0.0,280.0,122.82014388489209,120.0,264.0,139,1.0,1.0,1.0,1.0,1.0,104,0.9999999999999998,1.0000000000000004,1.0,1.0,1.0000000000000002,104,1.0,1.5,1.049410662709588,1.0,1.3208333333333329,104,0.9999999999999998,1.6520697767217287,1.0432269221289223,1.0,1.246901727704485,104,552.0,0.0,0.0,416.0,136.0,104.0,32.0,0.0,3.0,0.0,0.0,29.0,0.7647058823529411,28.0,0.2692307692307692,139.0,104.0,0.7482014388489209,0.0,0.0,0.0,0.0,35.0,0.2517985611510791,0.0,0.0,0.0,0.0,0.0,0.0,0.0,138.48047330975533
122,7320000000000,2.0,15.0,2.4411764705882355,2.0,4.0,1156,1.0,10.0,5.906574394463668,6.0,9.0,1156,14.0,23.0,18.093425605536332,18.0,22.0,1156,2.0,6.0,2.3105536332179932,2.0,4.0,1156,0.0,84.0,45.13868613138686,44.0,80.79999999999995,137,0.0,264.0,113.81021897810218,104.0,251.19999999999982,137,1.0,1.0,1.0,1.0,1.0,76,0.9999999999999998,1.0000000000000002,1.0,1.0,1.0,76,1.0,1.5,1.0784968686284475,1.0,1.5,76,0.9999999999999998,1.8401175555383213,1.0792922511748344,1.0,1.4671101017687707,76,552.0,0.0,0.0,417.0,135.0,76.0,59.0,0.0,3.0,0.0,0.0,56.0,0.562962962962963,29.0,0.3815789473684211,137.0,76.0,0.5547445255474452,0.0,0.0,0.0,0.0,61.0,0.44525547445255476,0.0,0.0,0.0,0.0,0.0,0.0,0.0,340.4388912022114
123,7380000000000,2.0,14.0,2.4506920415224913,2.0,4.0,1156,2.0,10.0,6.029411764705882,6.0,10.0,1156,14.0,22.0,17.970588235294116,18.0,22.0,1156,2.0,6.0,2.311418685121107,2.0,4.0,1156,0.0,88.0,46.394160583941606,48.0,84.0,137,0.0,280.0,120.93430656934306,120.0,264.0,137,1.0,1.0,1.0,1.0,1.0,137,0.9999999999999998,1.0000000000000002,1.0,1.0,1.0000000000000002,137,1.0,1.0,1.0,1.0,1.0,137,0.9999999999999998,1.0000000000000002,1.0,1.0,1.0000000000000002,137,552.0,0.0,0.0,415.0,137.0,137.0,0.0,0.0,0.0,0.0,0.0,0.0,1.0,0.0,0.0,137.0,137.0,1.0,0.0,0.0,0.0,0.0,0.0,0.0,0.0,0.0,0.0,0.0,0.0,0.0,0.0,552.6298806071281
124,7440000000000,2.0,15.0,2.4567474048442905,2.0,4.0,1156,1.0,10.0,5.959342560553633,6.0,10.0,1156,14.0,23.0,18.040657439446367,18.0,22.0,1156,2.0,6.0,2.31401384083045,2.0,4.0,1156,0.0,88.0,46.4113475177305,48.0,84.0,141,0.0,280.0,121.81560283687944,120.0,264.0,141,1.0,1.0,1.0,1.0,1.0,107,0.9999999999999999,1.0000000000000002,1.0,1.0,1.0,107,1.0,1.5,1.039198733433203,1.0,1.2,107,0.9999999999999999,1.647793628622476,1.0344870560024821,1.0,1.1618577190743242,107,552.0,0.0,0.0,412.0,140.0,107.0,33.0,0.0,3.0,0.0,0.0,30.0,0.7642857142857142,26.0,0.24299065420560748,141.0,107.0,0.7588652482269503,0.0,0.0,0.0,0.0,34.0,0.24113475177304963,0.0,0.0,0.0,0.0,0.0,0.0,0.0,130.27651980519295
125,7500000000000,2.0,15.0,2.4377162629757785,2.0,4.0,1156,1.0,10.0,5.906574394463668,6.0,9.0,1156,14.0,23.0,18.093425605536332,18.0,22.0,1156,2.0,6.0,2.309688581314879,2.0,4.0,1156,0.0,84.0,44.776119402985074,44.0,81.39999999999998,134,0.0,264.0,112.4776119402985,104.0,253.5999999999999,134,1.0,1.0,1.0,1.0,1.0,77,0.9999999999999998,1.0,1.0,1.0,1.0,77,1.0,1.5,1.075877243247373,1.0,1.5,77,0.9999999999999998,1.8558181304600425,1.0777452930715885,1.0,1.4698359211569263,77,552.0,0.0,0.0,419.0,133.0,77.0,56.0,0.0,3.0,0.0,0.0,53.0,0.5789473684210527,29.0,0.37662337662337664,134.0,77.0,0.5746268656716418,0.0,0.0,0.0,0.0,57.0,0.4253731343283582,0.0,0.0,0.0,0.0,0.0,0.0,0.0,191.3875713944435
126,7560000000000,2.0,13.0,2.449826989619377,2.0,4.0,1156,2.0,10.0,5.9411764705882355,6.0,9.0,1156,14.0,22.0,18.058823529411764,18.0,22.0,1156,2.0,6.0,2.3088235294117645,2.0,4.0,1156,0.0,88.0,45.9568345323741,48.0,84.0,139,0.0,280.0,119.07913669064749,120.0,264.0,139,1.0,1.0,1.0,1.0,1.0,139,0.9999999999999997,1.0000000000000002,1.0,1.0,1.0,139,1.0,1.0,1.0,1.0,1.0,139,0.9999999999999997,1.0000000000000002,1.0,1.0,1.0,139,552.0,0.0,0.0,413.0,139.0,139.0,0.0,0.0,0.0,0.0,0.0,0.0,1.0,0.0,0.0,139.0,139.0,1.0,0.0,0.0,0.0,0.0,0.0,0.0,0.0,0.0,0.0,0.0,0.0,0.0,0.0,420.682892203331
127,7620000000000,2.0,14.0,2.4515570934256057,2.0,4.0,1156,1.0,10.0,5.877162629757786,6.0,9.0,1156,14.0,23.0,18.122837370242216,18.0,22.0,1156,2.0,6.0,2.3131487889273354,2.0,4.0,1156,0.0,88.0,46.05882352941177,48.0,84.0,136,0.0,280.0,120.70588235294117,120.0,264.0,136,1.0,1.0,1.0,1.0,1.0,108,0.9999999999999998,1.0000000000000002,1.0,1.0,1.0,108,1.0,1.5,1.0378069756133481,1.0,1.2,108,0.9999999999999998,1.6389693911718108,1.0332228867975528,1.0,1.1612661989530149,108,552.0,0.0,0.0,417.0,135.0,108.0,27.0,0.0,1.0,0.0,0.0,26.0,0.8,25.0,0.23148148148148148,136.0,108.0,0.7941176470588235,0.0,0.0,0.0,0.0,28.0,0.20588235294117646,0.0,0.0,0.0,0.0,0.0,0.0,0.0,191.4546899497509
128,7680000000000,2.0,15.0,2.4316608996539792,2.0,4.0,1156,1.0,10.0,5.817474048442906,6.0,9.0,1156,14.0,23.0,18.182525951557093,18.0,22.0,1156,2.0,6.0,2.301038062283737,2.0,4.0,1156,0.0,84.0,44.87591240875913,44.0,80.0,137,0.0,264.0,112.75912408759125,104.0,248.0,137,1.0,1.0,1.0,1.0,1.0,76,0.9999999999999999,1.0000000000000002,1.0,1.0,1.0000000000000002,76,1.0,1.5,1.0734977193858772,1.0,1.5,76,0.9999999999999999,1.8703968490670297,1.0751491985312729,1.0,1.4770455921515524,76,552.0,0.0,0.0,417.0,135.0,76.0,59.0,0.0,4.0,0.0,0.0,55.0,0.562962962962963,25.0,0.32894736842105265,137.0,76.0,0.5547445255474452,0.0,0.0,0.0,0.0,61.0,0.44525547445255476,0.0,0.0,0.0,0.0,0.0,0.0,0.0,250.29501505196095
129,7740000000000,2.0,14.0,2.4472318339100347,2.0,4.0,1156,2.0,10.0,5.852941176470588,6.0,9.0,1156,14.0,22.0,18.147058823529413,18.0,22.0,1156,2.0,6.0,2.307093425605536,2.0,4.0,1156,0.0,88.0,45.88405797101449,48.0,84.0,138,0.0,280.0,118.84057971014492,120.0,264.0,138,1.0,1.0,1.0,1.0,1.0,138,0.9999999999999999,1.0000000000000002,1.0,1.0,1.0,138,1.0,1.0,1.0,1.0,1.0,138,0.9999999999999999,1.0000000000000002,1.0,1.0,1.0,138,552.0,0.0,0.0,414.0,138.0,138.0,0.0,0.0,0.0,0.0,0.0,0.0,1.0,0.0,0.0,138.0,138.0,1.0,0.0,0.0,0.0,0.0,0.0,0.0,0.0,0.0,0.0,0.0,0.0,0.0,0.0,361.948536708951
130,7800000000000,2.0,14.0,2.4472318339100347,2.0,4.0,1156,1.0,10.0,5.78719723183391,6.0,9.0,1156,14.0,23.0,18.21280276816609,18.0,22.0,1156,2.0,6.0,2.3105536332179932,2.0,4.0,1156,0.0,88.0,46.08955223880597,48.0,84.0,134,0.0,280.0,120.95522388059702,120.0,264.0,134,1.0,1.0,1.0,1.0,1.0,106,0.9999999999999998,1.0000000000000002,1.0,1.0,1.0,106,1.0,1.5,1.0376626818427594,1.0,1.2,106,0.9999999999999998,1.631583228953501,1.0332134906667259,1.0,1.161630330723062,106,552.0,0.0,0.0,419.0,133.0,106.0,27.0,0.0,2.0,0.0,0.0,25.0,0.7969924812030075,24.0,0.22641509433962265,134.0,106.0,0.7910447761194029,0.0,0.0,0.0,0.0,28.0,0.208955223880597,0.0,0.0,0.0,0.0,0.0,0.0,0.0,101.84254311025143
131,7860000000000,2.0,15.0,2.43598615916955,2.0,4.0,1156,1.0,10.0,5.7309688581314875,6.0,9.0,1156,14.0,23.0,18.269031141868513,18.0,22.0,1156,2.0,6.0,2.2984429065743943,2.0,4.0,1156,0.0,84.0,45.03703703703704,44.0,80.0,135,0.0,264.0,112.94814814814815,104.0,248.0,135,1.0,1.0,1.0,1.0,1.0,75,0.9999999999999998,1.0000000000000002,1.0,1.0,1.0,75,1.0,1.5,1.0719286693698455,1.0,1.5,75,0.9999999999999998,1.8837716120750743,1.075725840735945,1.0,1.4820396376334066,75,552.0,0.0,0.0,420.0,132.0,75.0,57.0,0.0,2.0,0.0,0.0,55.0,0.5681818181818182,25.0,0.3333333333333333,135.0,75.0,0.5555555555555556,0.0,0.0,0.0,0.0,60.0,0.4444444444444444,0.0,0.0,0.0,0.0,0.0,0.0,0.0,92.59998984634876
132,7920000000000,2.0,14.0,2.4472318339100347,2.0,4.0,1156,2.0,10.0,5.852941176470588,6.0,9.0,1156,14.0,22.0,18.147058823529413,18.0,22.0,1156,2.0,6.0,2.3088235294117645,2.0,4.0,1156,0.0,88.0,45.35294117647059,48.0,84.0,136,0.0,280.0,116.82352941176471,120.0,264.0,136,1.0,1.0,1.0,1.0,1.0,136,0.9999999999999998,1.0000000000000002,1.0,1.0,1.0000000000000002,136,1.0,1.0,1.0,1.0,1.0,136,0.9999999999999998,1.0000000000000002,1.0,1.0,1.0000000000000002,136,552.0,0.0,0.0,416.0,136.0,136.0,0.0,0.0,0.0,0.0,0.0,0.0,1.0,0.0,0.0,136.0,136.0,1.0,0.0,0.0,0.0,0.0,0.0,0.0,0.0,0.0,0.0,0.0,0.0,0.0,0.0,565.7581891864538
133,7980000000000,2.0,14.0,2.442906574394464,2.0,4.0,1156,1.0,10.0,5.78719723183391,6.0,9.0,1156,14.0,23.0,18.21280276816609,18.0,22.0,1156,2.0,6.0,2.3044982698961936,2.0,4.0,1156,0.0,88.0,46.35294117647059,48.0,84.0,136,0.0,280.0,121.88235294117646,120.0,264.0,136,1.0,1.0,1.0,1.0,1.0,106,0.9999999999999998,1.0000000000000002,1.0,1.0,1.0,106,1.0,1.5,1.0345180277547092,1.0,1.2,106,0.9999999999999998,1.6251343201515314,1.0306123913408751,1.0,1.1563413695973757,106,552.0,0.0,0.0,418.0,134.0,106.0,28.0,0.0,2.0,0.0,0.0,26.0,0.7910447761194029,23.0,0.2169811320754717,136.0,106.0,0.7794117647058824,0.0,0.0,0.0,0.0,30.0,0.22058823529411764,0.0,0.0,0.0,0.0,0.0,0.0,0.0,189.20936435461044
134,8040000000000,2.0,15.0,2.43598615916955,2.0,4.0,1156,1.0,10.0,5.731833910034602,6.0,9.0,1156,14.0,23.0,18.268166089965398,18.0,22.0,1156,2.0,6.0,2.301038062283737,2.0,4.0,1156,0.0,88.0,45.15151515151515,44.0,81.79999999999995,132,0.0,280.0,114.60606060606061,104.0,255.19999999999982,132,1.0,1.0,1.0,1.0,1.0,76,0.9999999999999998,1.0000000000000002,1.0,1.0,1.0,76,1.0,1.5,1.063651412442047,1.0,1.375,76,0.9999999999999998,1.7819409960801929,1.0623085892443624,1.0,1.3456486652769535,76,552.0,0.0,0.0,421.0,131.0,76.0,55.0,0.0,2.0,0.0,0.0,53.0,0.5801526717557252,24.0,0.3157894736842105,132.0,76.0,0.5757575757575758,0.0,0.0,0.0,0.0,56.0,0.42424242424242425,0.0,0.0,0.0,0.0,0.0,0.0,0.0,187.08175234496593
135,8100000000000,2.0,14.0,2.4472318339100347,2.0,4.0,1156,2.0,10.0,5.911764705882353,6.0,9.0,1156,14.0,22.0,18.08823529411765,18.0,22.0,1156,2.0,6.0,2.3105536332179932,2.0,4.0,1156,0.0,88.0,45.3134328358209,48.0,84.0,134,0.0,280.0,116.23880597014926,120.0,264.0,134,1.0,1.0,1.0,1.0,1.0,134,0.9999999999999998,1.0000000000000002,1.0,1.0,1.0000000000000002,134,1.0,1.0,1.0,1.0,1.0,134,0.9999999999999998,1.0000000000000002,1.0,1.0,1.0000000000000002,134,552.0,0.0,0.0,418.0,134.0,134.0,0.0,0.0,0.0,0.0,0.0,0.0,1.0,0.0,0.0,134.0,134.0,1.0,0.0,0.0,0.0,0.0,0.0,0.0,0.0,0.0,0.0,0.0,0.0,0.0,0.0,360.7989773154259
136,8160000000000,2.0,14.0,2.448961937716263,2.0,4.0,1156,1.0,10.0,5.845155709342561,6.0,9.0,1156,14.0,23.0,18.15484429065744,18.0,22.0,1156,2.0,6.0,2.3036332179930796,2.0,4.0,1156,0.0,88.0,45.72222222222222,48.0,83.39999999999998,144,0.0,280.0,118.38888888888889,120.0,261.5999999999999,144,1.0,1.0,1.0,1.0,1.0,111,0.9999999999999997,1.0000000000000002,1.0,1.0,1.0,111,1.0,1.5,1.0312772562772563,1.0,1.1833333333333333,111,0.9999999999999998,1.6188732122292482,1.0267950548512155,1.0,1.152779360859192,111,552.0,0.0,0.0,409.0,143.0,111.0,32.0,0.0,3.0,0.0,0.0,29.0,0.7762237762237763,19.0,0.17117117117117117,144.0,111.0,0.7708333333333334,0.0,0.0,0.0,0.0,33.0,0.22916666666666666,0.0,0.0,0.0,0.0,0.0,0.0,0.0,121.42866291105747
137,8220000000000,2.0,15.0,2.4411764705882355,2.0,4.0,1156,1.0,10.0,5.7932525951557095,6.0,9.0,1156,14.0,23.0,18.20674740484429,18.0,22.0,1156,2.0,6.0,2.3019031141868513,2.0,4.0,1156,0.0,88.0,44.35036496350365,44.0,80.79999999999995,137,0.0,280.0,112.23357664233576,104.0,251.19999999999982,137,1.0,1.0,1.0,1.0,1.0,85,0.9999999999999998,1.0000000000000002,1.0,1.0,1.0,85,1.0,1.5,1.0650731669330284,1.0,1.4666666666666661,85,0.9999999999999998,1.7958729775349398,1.0637757841600437,1.0,1.374925494217647,85,552.0,0.0,0.0,415.0,137.0,85.0,52.0,0.0,2.0,0.0,0.0,50.0,0.6204379562043796,26.0,0.3058823529411765,137.0,85.0,0.6204379562043796,0.0,0.0,0.0,0.0,52.0,0.3795620437956204,0.0,0.0,0.0,0.0,0.0,0.0,0.0,101.54019668698311
138,8280000000000,2.0,14.0,2.449826989619377,2.0,4.0,1156,2.0,10.0,5.911764705882353,6.0,10.0,1156,14.0,22.0,18.08823529411765,18.0,22.0,1156,2.0,6.0,2.309688581314879,2.0,4.0,1156,0.0,88.0,46.028985507246375,48.0,84.0,138,0.0,280.0,118.89855072463769,120.0,264.0,138,1.0,1.0,1.0,1.0,1.0,138,0.9999999999999997,1.0000000000000002,1.0,1.0,1.0,138,1.0,1.0,1.0,1.0,1.0,138,0.9999999999999997,1.0000000000000002,1.0,1.0,1.0,138,552.0,0.0,0.0,414.0,138.0,138.0,0.0,0.0,0.0,0.0,0.0,0.0,1.0,0.0,0.0,138.0,138.0,1.0,0.0,0.0,0.0,0.0,0.0,0.0,0.0,0.0,0.0,0.0,0.0,0.0,0.0,315.92425145208836
139,8340000000000,2.0,13.0,2.4472318339100347,2.0,4.0,1156,1.0,10.0,5.8399653979238755,6.0,10.0,1156,14.0,23.0,18.160034602076124,18.0,22.0,1156,2.0,6.0,2.2984429065743943,2.0,3.25,1156,0.0,88.0,46.32432432432432,48.0,82.60000000000002,148,0.0,280.0,119.62162162162163,120.0,258.4000000000001,148,1.0,1.0,1.0,1.0,1.0,105,0.9999999999999998,1.0000000000000002,1.0,1.0,1.0,105,1.0,1.5,1.032138602138602,1.0,1.1933333333333331,105,0.9999999999999998,1.6128274757478063,1.0287248333675032,1.0,1.1765175380416255,105,552.0,0.0,0.0,413.0,139.0,105.0,34.0,0.0,1.0,0.0,0.0,33.0,0.7553956834532374,19.0,0.18095238095238095,148.0,105.0,0.7094594594594594,0.0,0.0,0.0,0.0,43.0,0.2905405405405405,0.0,0.0,0.0,0.0,0.0,0.0,0.0,101.84652917087078
140,8400000000000,2.0,16.0,2.4437716262975777,2.0,4.0,1156,1.0,10.0,5.7923875432525955,6.0,9.25,1156,14.0,23.0,18.207612456747405,18.0,22.0,1156,2.0,6.0,2.3044982698961936,2.0,4.0,1156,0.0,88.0,44.583941605839414,44.0,80.79999999999995,137,0.0,280.0,113.16788321167883,104.0,251.19999999999982,137,1.0,1.0,1.0,1.0,1.0,82,0.9999999999999998,1.0000000000000002,1.0,1.0,1.0000000000000002,82,1.0,1.5,1.0668203797238947,1.0,1.4916666666666671,82,0.9999999999999998,1.8092192540719751,1.0653983029847502,1.0,1.38643345589657,82,552.0,0.0,0.0,414.0,138.0,82.0,56.0,0.0,3.0,0.0,0.0,53.0,0.5942028985507246,26.0,0.3170731707317073,137.0,82.0,0.5985401459854015,0.0,0.0,0.0,0.0,55.0,0.40145985401459855,0.0,0.0,0.0,0.0,0.0,0.0,0.0,174.13505911827087
141,8460000000000,2.0,14.0,2.453287197231834,2.0,4.0,1156,1.0,10.0,5.970588235294118,6.5,10.0,1156,14.0,23.0,18.029411764705884,17.5,22.0,1156,2.0,6.0,2.311418685121107,2.0,4.0,1156,0.0,88.0,46.08571428571429,48.0,84.0,140,0.0,280.0,118.51428571428572,120.0,264.0,140,1.0,1.0,1.0,1.0,1.0,140,0.9999999999999998,1.0000000000000002,1.0,1.0,1.0,140,1.0,1.0,1.0,1.0,1.0,140,0.9999999999999998,1.0000000000000002,1.0,1.0,1.0,140,552.0,0.0,0.0,412.0,140.0,140.0,0.0,0.0,0.0,0.0,0.0,0.0,1.0,0.0,0.0,140.0,140.0,1.0,0.0,0.0,0.0,0.0,0.0,0.0,0.0,0.0,0.0,0.0,0.0,0.0,0.0,301.65296234190464
142,8520000000000,2.0,14.0,2.4411764705882355,2.0,4.0,1156,1.0,10.0,5.899653979238754,6.0,10.0,1156,14.0,23.0,18.100346020761247,18.0,22.0,1156,2.0,6.0,2.301038062283737,2.0,4.0,1156,0.0,88.0,46.31884057971015,48.0,84.0,138,0.0,280.0,119.01449275362319,120.0,264.0,138,1.0,1.0,1.0,1.0,1.0,95,0.9999999999999997,1.0000000000000002,1.0,1.0,1.0,95,1.0,1.5,1.0362491894070842,1.0,1.1916666666666664,95,0.9999999999999997,1.606987019345887,1.0326261260678256,1.0,1.1941384795921182,95,552.0,0.0,0.0,420.0,132.0,95.0,37.0,0.0,2.0,0.0,0.0,35.0,0.7196969696969697,19.0,0.2,138.0,95.0,0.6884057971014492,0.0,0.0,0.0,0.0,43.0,0.3115942028985507,0.0,0.0,0.0,0.0,0.0,0.0,0.0,92.69283153116703
143,8580000000000,2.0,16.0,2.4463667820069204,2.0,4.0,1156,1.0,10.0,5.8477508650519034,6.0,9.25,1156,14.0,23.0,18.152249134948097,18.0,22.0,1156,2.0,6.0,2.3079584775086506,2.0,4.0,1156,0.0,88.0,44.5,44.0,81.0,136,0.0,280.0,112.88235294117646,104.0,252.0,136,1.0,1.0,1.0,1.0,1.0,80,0.9999999999999998,1.0000000000000004,1.0,1.0,1.0,80,1.0,1.5,1.0693837463598492,1.0,1.5,80,0.9999999999999998,1.8219769437925395,1.0692489179595328,1.0,1.3933449641143298,80,552.0,0.0,0.0,415.0,137.0,80.0,57.0,0.0,6.0,0.0,0.0,51.0,0.583941605839416,27.0,0.3375,136.0,80.0,0.5882352941176471,0.0,0.0,0.0,0.0,56.0,0.4117647058823529,0.0,0.0,0.0,0.0,0.0,0.0,0.0,82.23138749599457
144,8640000000000,2.0,14.0,2.454152249134948,2.0,4.0,1156,1.0,10.0,6.029411764705882,6.0,10.0,1156,14.0,23.0,17.970588235294116,18.0,22.0,1156,2.0,6.0,2.311418685121107,2.0,4.0,1156,0.0,88.0,46.326241134751776,48.0,84.0,141,0.0,280.0,119.43262411347517,120.0,264.0,141,1.0,1.0,1.0,1.0,1.0,141,0.9999999999999998,1.0000000000000002,1.0,1.0,1.0000000000000002,141,1.0,1.0,1.0,1.0,1.0,141,0.9999999999999998,1.0000000000000002,1.0,1.0,1.0000000000000002,141,552.0,0.0,0.0,411.0,141.0,141.0,0.0,0.0,0.0,0.0,0.0,0.0,1.0,0.0,0.0,141.0,141.0,1.0,0.0,0.0,0.0,0.0,0.0,0.0,0.0,0.0,0.0,0.0,0.0,0.0,0.0,314.15760703384876
145,8700000000000,2.0,14.0,2.4411764705882355,2.0,4.0,1156,1.0,10.0,5.954152249134948,6.0,10.0,1156,14.0,23.0,18.04584775086505,18.0,22.0,1156,2.0,6.0,2.2993079584775087,2.0,4.0,1156,0.0,88.0,46.885714285714286,48.0,84.0,140,0.0,280.0,121.71428571428571,120.0,264.0,140,1.0,1.0,1.0,1.0,1.0,92,0.9999999999999999,1.0000000000000002,1.0,1.0,1.0000000000000002,92,1.0,1.5,1.0299213467691728,1.0,1.1666666666666667,92,0.9999999999999999,1.5703577746310473,1.0259644621485076,1.0,1.1685078492737673,92,552.0,0.0,0.0,419.0,133.0,92.0,41.0,0.0,4.0,0.0,0.0,37.0,0.6917293233082706,16.0,0.17391304347826086,140.0,92.0,0.6571428571428571,0.0,0.0,0.0,0.0,48.0,0.34285714285714286,0.0,0.0,0.0,0.0,0.0,0.0,0.0,132.26968795061111
146,8760000000000,2.0,16.0,2.454152249134948,2.0,4.0,1156,1.0,10.0,5.905709342560554,6.0,9.25,1156,14.0,23.0,18.094290657439448,18.0,22.0,1156,2.0,6.0,2.3131487889273354,2.0,4.0,1156,0.0,88.0,44.74820143884892,44.0,84.0,139,0.0,280.0,113.72661870503597,104.0,264.0,139,1.0,1.0,1.0,1.0,1.0,82,0.9999999999999998,1.0,1.0,1.0,1.0,82,1.0,1.5,1.07240739095115,1.0,1.4916666666666671,82,0.9999999999999998,1.7687746440242194,1.0690031510867264,1.0,1.3821454757311338,82,552.0,0.0,0.0,415.0,137.0,82.0,55.0,0.0,2.0,0.0,0.0,53.0,0.5985401459854015,30.0,0.36585365853658536,139.0,82.0,0.5899280575539568,0.0,0.0,0.0,0.0,57.0,0.41007194244604317,0.0,0.0,0.0,0.0,0.0,0.0,0.0,210.99993400275707
147,8820000000000,2.0,13.0,2.4506920415224913,2.0,4.0,1156,2.0,10.0,6.0588235294117645,6.0,9.0,1156,14.0,22.0,17.941176470588236,18.0,22.0,1156,2.0,6.0,2.309688581314879,2.0,4.0,1156,0.0,88.0,45.15107913669065,48.0,84.0,139,0.0,280.0,115.33812949640287,120.0,264.0,139,1.0,1.0,1.0,1.0,1.0,139,0.9999999999999998,1.0000000000000004,1.0,1.0,1.0000000000000002,139,1.0,1.0,1.0,1.0,1.0,139,0.9999999999999998,1.0000000000000004,1.0,1.0,1.0000000000000002,139,552.0,0.0,0.0,413.0,139.0,139.0,0.0,0.0,0.0,0.0,0.0,0.0,1.0,0.0,0.0,139.0,139.0,1.0,0.0,0.0,0.0,0.0,0.0,0.0,0.0,0.0,0.0,0.0,0.0,0.0,0.0,300.21306313574314
148,8880000000000,2.0,15.0,2.4377162629757785,2.0,4.0,1156,1.0,10.0,5.985294117647059,6.0,9.0,1156,14.0,23.0,18.014705882352942,18.0,22.0,1156,2.0,6.0,2.296712802768166,2.0,4.0,1156,0.0,88.0,46.70503597122302,48.0,84.0,139,0.0,280.0,120.5179856115108,120.0,264.0,139,1.0,1.0,1.0,1.0,1.0,100,0.9999999999999998,1.0000000000000002,1.0,1.0,1.0,100,1.0,1.5,1.0397852147852147,1.0,1.2541666666666664,100,0.9999999999999998,1.5577697678193876,1.035536241745221,1.0,1.2210671514872449,100,552.0,0.0,0.0,414.0,138.0,100.0,38.0,0.0,3.0,0.0,0.0,35.0,0.7246376811594203,19.0,0.19,139.0,100.0,0.7194244604316546,0.0,0.0,0.0,0.0,39.0,0.2805755395683453,0.0,0.0,0.0,0.0,0.0,0.0,0.0,87.90540136396885
149,8940000000000,2.0,16.0,2.4463667820069204,2.0,4.0,1156,1.0,10.0,5.938581314878893,6.0,9.0,1156,14.0,23.0,18.061418685121108,18.0,22.0,1156,2.0,6.0,2.31401384083045,2.0,4.0,1156,0.0,88.0,45.007194244604314,44.0,84.0,139,0.0,280.0,114.76258992805755,104.0,264.0,139,1.0,1.0,1.0,1.0,1.0,87,0.9999999999999998,1.0000000000000002,1.0,1.0,1.0000000000000002,87,1.0,1.5,1.0672345309262143,1.0,1.4500000000000004,87,0.9999999999999998,1.7690299574317239,1.0648867247000167,1.0,1.3855339094884764,87,552.0,0.0,0.0,412.0,140.0,87.0,53.0,0.0,3.0,0.0,0.0,50.0,0.6214285714285714,29.0,0.3333333333333333,139.0,87.0,0.6258992805755396,0.0,0.0,0.0,0.0,52.0,0.37410071942446044,0.0,0.0,0.0,0.0,0.0,0.0,0.0,86.76036074757576
150,9000000000000,2.0,14.0,2.449826989619377,2.0,4.0,1156,2.0,10.0,5.970588235294118,6.0,9.0,1156,14.0,22.0,18.029411764705884,18.0,22.0,1156,2.0,6.0,2.3105536332179932,2.0,4.0,1156,0.0,88.0,45.518248175182485,48.0,84.0,137,0.0,280.0,116.9051094890511,120.0,264.0,137,1.0,1.0,1.0,1.0,1.0,137,0.9999999999999997,1.0000000000000002,1.0,1.0,1.0,137,1.0,1.0,1.0,1.0,1.0,137,0.9999999999999997,1.0000000000000002,1.0,1.0,1.0,137,552.0,0.0,0.0,415.0,137.0,137.0,0.0,0.0,0.0,0.0,0.0,0.0,1.0,0.0,0.0,137.0,137.0,1.0,0.0,0.0,0.0,0.0,0.0,0.0,0.0,0.0,0.0,0.0,0.0,0.0,0.0,313.7565106153488
151,9060000000000,2.0,16.0,2.440311418685121,2.0,4.0,1156,2.0,10.0,5.9022491349480966,6.0,9.0,1156,14.0,22.0,18.097750865051903,18.0,22.0,1156,2.0,6.0,2.3027681660899653,2.0,4.0,1156,0.0,88.0,46.84057971014493,48.0,84.0,138,0.0,280.0,121.6231884057971,120.0,264.0,138,1.0,1.0,1.0,1.0,1.0,95,0.9999999999999998,1.0000000000000002,1.0,1.0,1.0000000000000002,95,1.0,1.5,1.040714139661508,1.0,1.2749999999999997,95,0.9999999999999998,1.5665388608925992,1.034002271314945,1.0,1.2312652499448604,95,552.0,0.0,0.0,414.0,138.0,95.0,43.0,0.0,4.0,0.0,0.0,39.0,0.6884057971014492,18.0,0.18947368421052632,138.0,95.0,0.6884057971014492,0.0,0.0,0.0,0.0,43.0,0.3115942028985507,0.0,0.0,0.0,0.0,0.0,0.0,0.0,94.32150982320309
152,9120000000000,2.0,15.0,2.4515570934256057,2.0,4.0,1156,1.0,10.0,5.853806228373703,6.0,9.0,1156,14.0,23.0,18.146193771626297,18.0,22.0,1156,2.0,6.0,2.314878892733564,2.0,4.0,1156,0.0,84.0,44.64335664335665,44.0,84.0,143,0.0,264.0,113.62237762237763,104.0,264.0,143,1.0,1.0,1.0,1.0,1.0,81,0.9999999999999998,1.0,1.0,1.0,1.0,81,1.0,1.5,1.0857951134639587,1.0,1.5,81,0.9999999999999998,1.768319104532862,1.0826142615337964,1.0,1.3852768555641115,81,552.0,0.0,0.0,408.0,144.0,81.0,63.0,0.0,5.0,0.0,0.0,58.0,0.5625,33.0,0.4074074074074074,143.0,81.0,0.5664335664335665,0.0,0.0,0.0,0.0,62.0,0.43356643356643354,0.0,0.0,0.0,0.0,0.0,0.0,0.0,129.55647334456444
153,9180000000000,2.0,13.0,2.448961937716263,2.0,4.0,1156,2.0,9.0,5.970588235294118,6.0,9.0,1156,15.0,22.0,18.029411764705884,18.0,22.0,1156,2.0,6.0,2.3079584775086506,2.0,4.0,1156,0.0,88.0,46.18705035971223,48.0,84.0,139,0.0,280.0,119.4820143884892,120.0,264.0,139,1.0,1.0,1.0,1.0,1.0,139,0.9999999999999998,1.0000000000000002,1.0,1.0,1.0000000000000002,139,1.0,1.0,1.0,1.0,1.0,139,0.9999999999999998,1.0000000000000002,1.0,1.0,1.0000000000000002,139,552.0,0.0,0.0,413.0,139.0,139.0,0.0,0.0,0.0,0.0,0.0,0.0,1.0,0.0,0.0,139.0,139.0,1.0,0.0,0.0,0.0,0.0,0.0,0.0,0.0,0.0,0.0,0.0,0.0,0.0,0.0,249.95355494320393
154,9240000000000,2.0,15.0,2.449826989619377,2.0,4.0,1156,2.0,9.0,5.907439446366782,6.0,9.0,1156,15.0,22.0,18.092560553633216,18.0,22.0,1156,2.0,6.0,2.3088235294117645,2.0,4.0,1156,0.0,88.0,46.478873239436616,48.0,84.0,142,0.0,280.0,119.49295774647888,120.0,264.0,142,1.0,1.0,1.0,1.0,1.0,105,0.9999999999999998,1.0000000000000002,1.0,1.0,1.0,105,1.0,1.5,1.0341224912653482,1.0,1.2285714285714282,105,0.9999999999999998,1.5815923430761576,1.0277777597176634,1.0,1.188229699343465,105,552.0,0.0,0.0,411.0,141.0,105.0,36.0,0.0,3.0,0.0,0.0,33.0,0.7446808510638298,19.0,0.18095238095238095,142.0,105.0,0.7394366197183099,0.0,0.0,0.0,0.0,37.0,0.2605633802816901,0.0,0.0,0.0,0.0,0.0,0.0,0.0,104.31702248752117
155,9300000000000,2.0,15.0,2.454152249134948,2.0,4.0,1156,1.0,9.0,5.852941176470588,6.0,9.0,1156,15.0,23.0,18.147058823529413,18.0,22.0,1156,2.0,6.0,2.3122837370242215,2.0,4.0,1156,0.0,84.0,44.83221476510067,44.0,84.0,149,0.0,264.0,113.61073825503355,104.0,264.0,149,1.0,1.0,1.0,1.0,1.0,89,0.9999999999999998,1.0000000000000002,1.0,1.0,1.0000000000000002,89,1.0,1.5,1.0828265771094587,1.0,1.5,89,0.9999999999999998,1.94547493969342,1.0827179206672244,1.0,1.3831151029483781,89,552.0,0.0,0.0,404.0,148.0,89.0,59.0,0.0,4.0,0.0,0.0,55.0,0.6013513513513513,34.0,0.38202247191011235,149.0,89.0,0.5973154362416108,0.0,0.0,0.0,0.0,60.0,0.40268456375838924,0.0,0.0,0.0,0.0,0.0,0.0,0.0,110.82039773464203
156,9360000000000,2.0,13.0,2.449826989619377,2.0,4.0,1156,1.0,9.0,5.9411764705882355,6.0,9.0,1156,15.0,23.0,18.058823529411764,18.0,22.0,1156,2.0,6.0,2.307093425605536,2.0,4.0,1156,0.0,88.0,47.12056737588652,48.0,84.0,141,0.0,280.0,123.12056737588652,120.0,264.0,141,1.0,1.0,1.0,1.0,1.0,141,0.9999999999999998,1.0000000000000002,1.0,1.0,1.0,141,1.0,1.0,1.0,1.0,1.0,141,0.9999999999999998,1.0000000000000002,1.0,1.0,1.0,141,552.0,0.0,0.0,411.0,141.0,141.0,0.0,0.0,0.0,0.0,0.0,0.0,1.0,0.0,0.0,141.0,141.0,1.0,0.0,0.0,0.0,0.0,0.0,0.0,0.0,0.0,0.0,0.0,0.0,0.0,0.0,348.69926795363426
157,9420000000000,2.0,14.0,2.458477508650519,2.0,4.0,1156,1.0,9.0,5.8788927335640135,6.0,9.0,1156,15.0,23.0,18.121107266435985,18.0,22.0,1156,2.0,6.0,2.311418685121107,2.0,4.0,1156,0.0,88.0,47.23287671232877,50.0,84.0,146,0.0,280.0,122.35616438356165,128.0,264.0,146,1.0,1.0,1.0,1.0,1.0,110,0.9999999999999998,1.0000000000000002,1.0,1.0,1.0,110,1.0,1.5,1.0351549965186329,1.0,1.201785714285714,110,0.9999999999999999,1.5963946208360185,1.0286863884465591,1.0,1.1785723836462119,110,552.0,0.0,0.0,407.0,145.0,110.0,35.0,0.0,4.0,0.0,0.0,31.0,0.7586206896551724,19.0,0.17272727272727273,146.0,110.0,0.7534246575342466,0.0,0.0,0.0,0.0,36.0,0.2465753424657534,0.0,0.0,0.0,0.0,0.0,0.0,0.0,103.80267351865768
158,9480000000000,2.0,15.0,2.4567474048442905,2.0,4.0,1156,1.0,9.0,5.82439446366782,6.0,9.0,1156,15.0,23.0,18.17560553633218,18.0,22.0,1156,2.0,6.0,2.314878892733564,2.0,4.0,1156,0.0,88.0,45.20805369127517,44.0,82.39999999999998,149,0.0,280.0,114.14765100671141,104.0,257.5999999999999,149,1.0,1.0,1.0,1.0,1.0,83,0.9999999999999998,1.0000000000000002,1.0,1.0,1.0,83,1.0,1.5,1.092563102697759,1.0,1.5,83,0.9999999999999998,1.931132149681394,1.0908651404483165,1.0,1.383586767827441,83,552.0,0.0,0.0,407.0,145.0,83.0,62.0,0.0,5.0,0.0,0.0,57.0,0.5724137931034483,36.0,0.43373493975903615,149.0,83.0,0.5570469798657718,0.0,0.0,0.0,0.0,66.0,0.4429530201342282,0.0,0.0,0.0,0.0,0.0,0.0,0.0,157.67468884587288
159,9540000000000,2.0,14.0,2.4524221453287196,2.0,4.0,1156,1.0,9.0,5.9411764705882355,6.0,9.0,1156,15.0,23.0,18.058823529411764,18.0,22.0,1156,2.0,6.0,2.305363321799308,2.0,4.0,1156,0.0,84.0,46.68493150684932,48.0,84.0,146,0.0,264.0,122.13698630136986,120.0,264.0,146,1.0,1.0,1.0,1.0,1.0,146,0.9999999999999998,1.0000000000000002,1.0,1.0,1.0000000000000002,146,1.0,1.0,1.0,1.0,1.0,146,0.9999999999999998,1.0000000000000002,1.0,1.0,1.0000000000000002,146,552.0,0.0,0.0,406.0,146.0,146.0,0.0,0.0,0.0,0.0,0.0,0.0,1.0,0.0,0.0,146.0,146.0,1.0,0.0,0.0,0.0,0.0,0.0,0.0,0.0,0.0,0.0,0.0,0.0,0.0,0.0,270.11225186288357
160,9600000000000,2.0,14.0,2.4602076124567476,2.0,4.0,1156,1.0,9.0,5.883217993079585,6.0,9.0,1156,15.0,23.0,18.116782006920417,18.0,22.0,1156,2.0,6.0,2.31401384083045,2.0,4.0,1156,0.0,84.0,46.48275862068966,48.0,80.0,145,0.0,264.0,119.39310344827587,120.0,248.0,145,1.0,1.0,1.0,1.0,1.0,113,0.9999999999999998,1.0000000000000002,1.0,1.0,1.0,113,1.0,1.5,1.0333188443807912,1.0,1.1857142857142848,113,0.9999999999999998,1.6108812381227744,1.0275602084104534,1.0,1.1735414228413719,113,552.0,0.0,0.0,408.0,144.0,113.0,31.0,0.0,2.0,0.0,0.0,29.0,0.7847222222222222,18.0,0.1592920353982301,145.0,113.0,0.7793103448275862,0.0,0.0,0.0,0.0,32.0,0.2206896551724138,0.0,0.0,0.0,0.0,0.0,0.0,0.0,81.8815641105175
161,9660000000000,2.0,15.0,2.4480968858131487,2.0,4.0,1156,1.0,9.0,5.826124567474048,6.0,9.0,1156,15.0,23.0,18.17387543252595,18.0,22.0,1156,2.0,6.0,2.31401384083045,2.0,4.0,1156,0.0,88.0,45.74285714285714,44.0,84.0,140,0.0,280.0,116.62857142857143,104.0,264.0,140,1.0,1.0,1.0,1.0,1.0,84,0.9999999999999999,1.0000000000000002,1.0,1.0,1.0000000000000002,84,1.0,1.5,1.0843067840967,1.0,1.5,84,1.0,1.9158968163573449,1.078450148261329,1.0000000000000002,1.359040768798601,84,552.0,0.0,0.0,413.0,139.0,84.0,55.0,0.0,4.0,0.0,0.0,51.0,0.60431654676259,37.0,0.44047619047619047,140.0,84.0,0.6,0.0,0.0,0.0,0.0,56.0,0.4,0.0,0.0,0.0,0.0,0.0,0.0,0.0,76.8345408141613
162,9720000000000,2.0,16.0,2.4550173010380623,2.0,4.0,1156,2.0,10.0,5.911764705882353,6.0,10.0,1156,14.0,22.0,18.08823529411765,18.0,22.0,1156,2.0,6.0,2.3105536332179932,2.0,4.0,1156,0.0,84.0,45.17482517482517,48.0,84.0,143,0.0,264.0,117.76223776223776,120.0,264.0,143,1.0,1.0,1.0,1.0,1.0,143,0.9999999999999998,1.0000000000000002,1.0,1.0,1.0000000000000002,143,1.0,1.0,1.0,1.0,1.0,143,0.9999999999999998,1.0000000000000002,1.0,1.0,1.0000000000000002,143,552.0,0.0,0.0,409.0,143.0,143.0,0.0,0.0,0.0,0.0,0.0,0.0,1.0,0.0,0.0,143.0,143.0,1.0,0.0,0.0,0.0,0.0,0.0,0.0,0.0,0.0,0.0,0.0,0.0,0.0,0.0,262.6262251287699
163,9780000000000,2.0,14.0,2.4524221453287196,2.0,4.0,1156,1.0,10.0,5.8477508650519034,6.0,10.0,1156,14.0,23.0,18.152249134948097,18.0,22.0,1156,2.0,6.0,2.3105536332179932,2.0,4.0,1156,0.0,84.0,45.714285714285715,48.0,80.19999999999993,140,0.0,264.0,117.54285714285714,120.0,248.79999999999973,140,1.0,1.0,1.0,1.0,1.0,108,0.9999999999999998,1.0000000000000004,1.0,1.0,1.0000000000000002,108,1.0,1.5,1.032509825565381,1.0,1.212499999999999,108,0.9999999999999998,1.6249829278760117,1.0266502919771963,1.0,1.1642484717799184,108,552.0,0.0,0.0,411.0,141.0,108.0,33.0,0.0,5.0,0.0,0.0,28.0,0.7659574468085106,16.0,0.14814814814814814,140.0,108.0,0.7714285714285715,0.0,0.0,0.0,0.0,32.0,0.22857142857142856,0.0,0.0,0.0,0.0,0.0,0.0,0.0,93.31939741969109
164,9840000000000,2.0,16.0,2.4437716262975777,2.0,4.0,1156,1.0,10.0,5.7932525951557095,6.0,9.25,1156,14.0,23.0,18.20674740484429,18.0,22.0,1156,2.0,6.0,2.3131487889273354,2.0,4.0,1156,0.0,88.0,46.01459854014598,44.0,84.0,137,0.0,280.0,118.8905109489051,104.0,264.0,137,1.0,1.0,1.0,1.0,1.0,85,1.0,1.0000000000000002,1.0,1.0,1.0000000000000002,85,1.0,1.5,1.0872341739383262,1.0,1.5,85,1.0,1.8999671372847353,1.083177117259371,1.0000000000000002,1.3587469356561652,85,552.0,0.0,0.0,413.0,139.0,85.0,54.0,0.0,3.0,0.0,0.0,51.0,0.6115107913669064,41.0,0.4823529411764706,137.0,85.0,0.6204379562043796,0.0,0.0,0.0,0.0,52.0,0.3795620437956204,0.0,0.0,0.0,0.0,0.0,0.0,0.0,187.30899319052696
165,9900000000000,2.0,15.0,2.4515570934256057,2.0,4.0,1156,2.0,10.0,5.882352941176471,6.0,10.0,1156,14.0,22.0,18.11764705882353,18.0,22.0,1156,2.0,6.0,2.3105536332179932,2.0,4.0,1156,0.0,84.0,44.805755395683455,48.0,80.39999999999998,139,0.0,264.0,116.54676258992805,120.0,249.5999999999999,139,1.0,1.0,1.0,1.0,1.0,139,0.9999999999999998,1.0000000000000004,1.0,1.0,1.0,139,1.0,1.0,1.0,1.0,1.0,139,0.9999999999999998,1.0000000000000004,1.0,1.0,1.0,139,552.0,0.0,0.0,413.0,139.0,139.0,0.0,0.0,0.0,0.0,0.0,0.0,1.0,0.0,0.0,139.0,139.0,1.0,0.0,0.0,0.0,0.0,0.0,0.0,0.0,0.0,0.0,0.0,0.0,0.0,0.0,359.5178499817848
166,9960000000000,2.0,14.0,2.453287197231834,2.0,4.0,1156,1.0,10.0,5.8166089965397925,6.0,10.0,1156,14.0,23.0,18.18339100346021,18.0,22.0,1156,2.0,6.0,2.311418685121107,2.0,4.0,1156,0.0,84.0,45.51428571428571,48.0,80.19999999999993,140,0.0,264.0,116.74285714285715,120.0,248.79999999999973,140,1.0,1.0,1.0,1.0,1.0,108,0.9999999999999998,1.0000000000000002,1.0,1.0,1.0000000000000002,108,1.0,1.5,1.03311631783854,1.0,1.3041666666666658,108,0.9999999999999998,1.6386770342265957,1.027874257429632,1.0,1.235284345754779,108,552.0,0.0,0.0,408.0,144.0,108.0,36.0,0.0,9.0,0.0,0.0,27.0,0.75,14.0,0.12962962962962962,140.0,108.0,0.7714285714285715,0.0,0.0,0.0,0.0,32.0,0.22857142857142856,0.0,0.0,0.0,0.0,0.0,0.0,0.0,122.8562481701374
167,10020000000000,2.0,16.0,2.4394463667820068,2.0,4.0,1156,1.0,10.0,5.7612456747404845,6.0,10.0,1156,14.0,23.0,18.238754325259517,18.0,22.0,1156,2.0,6.0,2.311418685121107,2.0,4.0,1156,0.0,84.0,45.492537313432834,44.0,84.0,134,0.0,264.0,116.95522388059702,104.0,264.0,134,1.0,1.0,1.0,1.0,1.0,81,0.9999999999999998,1.0000000000000002,1.0,1.0,1.0000000000000002,81,1.0,1.5,1.094491279921563,1.0588235294117647,1.5,81,0.9999999999999998,1.8835557822938134,1.0932803177634267,1.0449098259471394,1.372333950443516,81,552.0,0.0,0.0,418.0,134.0,81.0,53.0,0.0,3.0,0.0,0.0,50.0,0.6044776119402985,42.0,0.5185185185185185,134.0,81.0,0.6044776119402985,0.0,0.0,0.0,0.0,53.0,0.39552238805970147,0.0,0.0,0.0,0.0,0.0,0.0,0.0,98.30746054649353
168,10080000000000,2.0,15.0,2.4515570934256057,2.0,4.0,1156,2.0,10.0,5.970588235294118,6.0,10.0,1156,14.0,22.0,18.029411764705884,18.0,22.0,1156,2.0,6.0,2.311418685121107,2.0,4.0,1156,0.0,84.0,45.971014492753625,48.0,80.60000000000002,138,0.0,264.0,121.27536231884058,120.0,250.4000000000001,138,1.0,1.0,1.0,1.0,1.0,138,0.9999999999999998,1.0,1.0,1.0,1.0,138,1.0,1.0,1.0,1.0,1.0,138,0.9999999999999998,1.0,1.0,1.0,1.0,138,552.0,0.0,0.0,414.0,138.0,138.0,0.0,0.0,0.0,0.0,0.0,0.0,1.0,0.0,0.0,138.0,138.0,1.0,0.0,0.0,0.0,0.0,0.0,0.0,0.0,0.0,0.0,0.0,0.0,0.0,0.0,250.84339082241058
169,10140000000000,2.0,14.0,2.4455017301038064,2.0,4.0,1156,1.0,10.0,5.901384083044983,6.0,10.0,1156,14.0,23.0,18.098615916955016,18.0,22.0,1156,2.0,6.0,2.3062283737024223,2.0,4.0,1156,0.0,88.0,45.4014598540146,48.0,80.79999999999995,137,0.0,280.0,116.96350364963503,120.0,251.19999999999982,137,1.0,1.0,1.0,1.0,1.0,101,0.9999999999999998,1.0000000000000002,1.0,1.0,1.0,101,1.0,1.5,1.032001167149682,1.0,1.25,101,0.9999999999999998,1.4099358499136334,1.0251892564274379,1.0,1.193893012355156,101,552.0,0.0,0.0,422.0,130.0,101.0,29.0,0.0,2.0,0.0,0.0,27.0,0.7769230769230769,15.0,0.1485148514851485,137.0,101.0,0.7372262773722628,0.0,0.0,0.0,0.0,36.0,0.26277372262773724,0.0,0.0,0.0,0.0,0.0,0.0,0.0,71.2897814810276
170,10200000000000,2.0,16.0,2.438581314878893,2.0,4.0,1156,1.0,10.0,5.848615916955017,6.0,10.0,1156,14.0,23.0,18.151384083044984,18.0,22.0,1156,2.0,6.0,2.307093425605536,2.0,4.0,1156,0.0,84.0,45.507246376811594,44.0,80.60000000000002,138,0.0,264.0,117.33333333333333,104.0,250.4000000000001,138,1.0,1.0,1.0,1.0,1.0,83,0.9999999999999999,1.0000000000000002,1.0,1.0,1.0000000000000002,83,1.0,1.5,1.0815133140345754,1.0,1.3249999999999993,83,1.0,1.752844287978564,1.075168967871044,1.0000000000000002,1.279323744992046,83,552.0,0.0,0.0,417.0,135.0,83.0,52.0,0.0,2.0,0.0,0.0,50.0,0.6148148148148148,40.0,0.4819277108433735,138.0,83.0,0.6014492753623188,0.0,0.0,0.0,0.0,55.0,0.39855072463768115,0.0,0.0,0.0,0.0,0.0,0.0,0.0,142.2947198152542
171,10260000000000,2.0,15.0,2.4506920415224913,2.0,4.0,1156,2.0,10.0,5.911764705882353,6.0,9.0,1156,14.0,22.0,18.08823529411765,18.0,22.0,1156,2.0,6.0,2.3105536332179932,2.0,4.0,1156,0.0,88.0,45.88405797101449,48.0,80.60000000000002,138,0.0,280.0,120.40579710144928,120.0,250.4000000000001,138,1.0,1.0,1.0,1.0,1.0,138,0.9999999999999998,1.0000000000000002,1.0,1.0,1.0000000000000002,138,1.0,1.0,1.0,1.0,1.0,138,0.9999999999999998,1.0000000000000002,1.0,1.0,1.0000000000000002,138,552.0,0.0,0.0,414.0,138.0,138.0,0.0,0.0,0.0,0.0,0.0,0.0,1.0,0.0,0.0,138.0,138.0,1.0,0.0,0.0,0.0,0.0,0.0,0.0,0.0,0.0,0.0,0.0,0.0,0.0,0.0,336.474996060133
172,10320000000000,2.0,14.0,2.442906574394464,2.0,4.0,1156,1.0,10.0,5.846885813148789,6.0,9.0,1156,14.0,23.0,18.153114186851212,18.0,22.0,1156,2.0,6.0,2.3079584775086506,2.0,4.0,1156,0.0,88.0,45.096296296296295,44.0,81.19999999999999,135,0.0,280.0,115.85185185185185,104.0,252.79999999999995,135,1.0,1.0,1.0,1.0,1.0,105,0.9999999999999997,1.0000000000000002,1.0,1.0,1.0,105,1.0,1.5,1.0292813535670677,1.0,1.2285714285714282,105,0.9999999999999997,1.4081095484827364,1.02291639499481,1.0,1.1761297471640288,105,552.0,0.0,0.0,419.0,133.0,105.0,28.0,0.0,4.0,0.0,0.0,24.0,0.7894736842105263,13.0,0.12380952380952381,135.0,105.0,0.7777777777777778,0.0,0.0,0.0,0.0,30.0,0.2222222222222222,0.0,0.0,0.0,0.0,0.0,0.0,0.0,95.11358477175236
173,10380000000000,2.0,16.0,2.4455017301038064,2.0,4.0,1156,1.0,10.0,5.794117647058823,6.0,9.0,1156,14.0,23.0,18.205882352941178,18.0,22.0,1156,2.0,6.0,2.307093425605536,2.0,4.0,1156,0.0,84.0,45.61643835616438,44.0,83.0,146,0.0,264.0,117.36986301369863,104.0,260.0,146,1.0,1.0,1.0,1.0,1.0,94,0.9999999999999999,1.0000000000000002,1.0,1.0,1.0000000000000002,94,1.0,1.5,1.0769764453666206,1.0,1.2791666666666661,94,0.9999999999999999,1.748853358449528,1.0694337202996214,1.0000000000000002,1.2717933520955222,94,552.0,0.0,0.0,410.0,142.0,94.0,48.0,0.0,2.0,0.0,0.0,46.0,0.6619718309859155,42.0,0.44680851063829785,146.0,94.0,0.6438356164383562,0.0,0.0,0.0,0.0,52.0,0.3561643835616438,0.0,0.0,0.0,0.0,0.0,0.0,0.0,85.62706783413887
174,10440000000000,2.0,14.0,2.4455017301038064,2.0,4.0,1156,2.0,10.0,5.764705882352941,6.0,9.0,1156,14.0,22.0,18.235294117647058,18.0,22.0,1156,2.0,6.0,2.307093425605536,2.0,4.0,1156,0.0,88.0,46.705882352941174,48.0,81.0,136,0.0,280.0,122.23529411764706,120.0,252.0,136,1.0,1.0,1.0,1.0,1.0,136,0.9999999999999997,1.0000000000000002,1.0,1.0,1.0,136,1.0,1.0,1.0,1.0,1.0,136,0.9999999999999997,1.0000000000000002,1.0,1.0,1.0,136,552.0,0.0,0.0,416.0,136.0,136.0,0.0,0.0,0.0,0.0,0.0,0.0,1.0,0.0,0.0,136.0,136.0,1.0,0.0,0.0,0.0,0.0,0.0,0.0,0.0,0.0,0.0,0.0,0.0,0.0,0.0,288.9337129890919
175,10500000000000,2.0,14.0,2.429930795847751,2.0,4.0,1156,1.0,10.0,5.70242214532872,6.0,9.0,1156,14.0,23.0,18.29757785467128,18.0,22.0,1156,2.0,6.0,2.3079584775086506,2.0,4.0,1156,0.0,88.0,45.36434108527132,44.0,84.0,129,0.0,280.0,116.15503875968992,104.0,264.0,129,1.0,1.0,1.0,1.0,1.0,105,0.9999999999999999,1.0000000000000002,1.0,1.0,1.0,105,1.0,1.5,1.0228455671312815,1.0,1.1365079365079365,105,0.9999999999999999,1.403437214481991,1.0177913841860324,1.0,1.0958778480855136,105,552.0,0.0,0.0,418.0,134.0,105.0,29.0,0.0,6.0,0.0,0.0,23.0,0.7835820895522388,12.0,0.11428571428571428,129.0,105.0,0.813953488372093,0.0,0.0,0.0,0.0,24.0,0.18604651162790697,0.0,0.0,0.0,0.0,0.0,0.0,0.0,114.74412307143211
176,10560000000000,2.0,16.0,2.4420415224913494,2.0,4.0,1156,1.0,10.0,5.651384083044983,6.0,9.0,1156,14.0,23.0,18.348615916955016,18.0,22.0,1156,2.0,6.0,2.3088235294117645,2.0,4.0,1156,0.0,84.0,45.0,44.0,80.19999999999993,140,0.0,264.0,115.2,104.0,248.79999999999973,140,1.0,1.0,1.0,1.0,1.0,95,0.9999999999999998,1.0,1.0,1.0,1.0,95,1.0,1.5,1.0742446966518175,1.0,1.2749999999999997,95,0.9999999999999999,1.7431554431675895,1.0665913051620446,1.0,1.2680169383040019,95,552.0,0.0,0.0,410.0,142.0,95.0,47.0,0.0,4.0,0.0,0.0,43.0,0.6690140845070423,40.0,0.42105263157894735,140.0,95.0,0.6785714285714286,0.0,0.0,0.0,0.0,45.0,0.32142857142857145,0.0,0.0,0.0,0.0,0.0,0.0,0.0,205.57130686938763
177,10620000000000,2.0,14.0,2.4506920415224913,2.0,4.0,1156,2.0,10.0,5.823529411764706,6.0,10.0,1156,14.0,22.0,18.176470588235293,18.0,22.0,1156,2.0,6.0,2.3088235294117645,2.0,4.0,1156,0.0,88.0,47.05714285714286,48.0,84.0,140,0.0,280.0,123.42857142857143,120.0,264.0,140,1.0,1.0,1.0,1.0,1.0,140,0.9999999999999998,1.0000000000000002,1.0,1.0,1.0,140,1.0,1.0,1.0,1.0,1.0,140,0.9999999999999998,1.0000000000000002,1.0,1.0,1.0,140,552.0,0.0,0.0,412.0,140.0,140.0,0.0,0.0,0.0,0.0,0.0,0.0,1.0,0.0,0.0,140.0,140.0,1.0,0.0,0.0,0.0,0.0,0.0,0.0,0.0,0.0,0.0,0.0,0.0,0.0,0.0,244.59990859031677
178,10680000000000,2.0,15.0,2.4247404844290656,2.0,4.0,1156,1.0,10.0,5.758650519031142,6.0,10.0,1156,14.0,23.0,18.241349480968857,18.0,22.0,1156,2.0,6.0,2.301038062283737,2.0,3.25,1156,0.0,88.0,44.84848484848485,44.0,84.0,132,0.0,280.0,115.03030303030303,104.0,264.0,132,1.0,1.0,1.0,1.0,1.0,105,1.0,1.0000000000000002,1.0,1.0,1.0000000000000002,105,1.0,1.5,1.0167754467754468,1.0,1.0981818181818181,105,1.0,1.4056308924467604,1.0136741278076173,1.0,1.0825273355159495,105,552.0,0.0,0.0,424.0,128.0,105.0,23.0,0.0,2.0,0.0,0.0,21.0,0.8203125,10.0,0.09523809523809523,132.0,105.0,0.7954545454545454,0.0,0.0,0.0,0.0,27.0,0.20454545454545456,0.0,0.0,0.0,0.0,0.0,0.0,0.0,74.0323755890131
179,10740000000000,2.0,16.0,2.4437716262975777,2.0,4.0,1156,1.0,10.0,5.713667820069205,6.0,9.0,1156,14.0,23.0,18.286332179930795,18.0,22.0,1156,2.0,6.0,2.309688581314879,2.0,4.0,1156,0.0,84.0,44.39716312056738,44.0,80.0,141,0.0,264.0,113.75886524822695,104.0,248.0,141,1.0,1.0,1.0,1.0,1.0,100,0.9999999999999998,1.0000000000000002,1.0,1.0,1.0000000000000002,100,1.0,1.5,1.0732546840414487,1.0,1.2541666666666664,100,0.9999999999999998,1.7358922559070051,1.0661312364871787,1.0,1.2497623008066394,100,552.0,0.0,0.0,413.0,139.0,100.0,39.0,0.0,2.0,0.0,0.0,37.0,0.7194244604316546,42.0,0.42,141.0,100.0,0.7092198581560284,0.0,0.0,0.0,0.0,41.0,0.2907801418439716,0.0,0.0,0.0,0.0,0.0,0.0,0.0,73.53904284536839
180,10800000000000,2.0,14.0,2.458477508650519,2.0,4.0,1156,2.0,10.0,5.970588235294118,6.0,10.0,1156,14.0,22.0,18.029411764705884,18.0,22.0,1156,2.0,6.0,2.3131487889273354,2.0,4.0,1156,0.0,88.0,46.416666666666664,48.0,83.39999999999998,144,0.0,280.0,121.16666666666667,120.0,261.5999999999999,144,1.0,1.0,1.0,1.0,1.0,144,0.9999999999999998,1.0000000000000002,1.0,1.0,1.0000000000000002,144,1.0,1.0,1.0,1.0,1.0,144,0.9999999999999998,1.0000000000000002,1.0,1.0,1.0000000000000002,144,552.0,0.0,0.0,408.0,144.0,144.0,0.0,0.0,0.0,0.0,0.0,0.0,1.0,0.0,0.0,144.0,144.0,1.0,0.0,0.0,0.0,0.0,0.0,0.0,0.0,0.0,0.0,0.0,0.0,0.0,0.0,300.67515559494495
181,10860000000000,2.0,15.0,2.4273356401384083,2.0,4.0,1156,1.0,10.0,5.904844290657439,6.0,10.0,1156,14.0,23.0,18.09515570934256,18.0,22.0,1156,2.0,6.0,2.3036332179930796,2.0,4.0,1156,0.0,88.0,45.03030303030303,44.0,84.0,132,0.0,280.0,115.75757575757575,104.0,264.0,132,1.0,1.0,1.0,1.0,1.0,104,0.9999999999999998,1.0000000000000002,1.0,1.0,1.0000000000000002,104,1.0,1.5,1.0173733223789785,1.0,1.0909090909090908,104,0.9999999999999998,1.4069628080497372,1.01421933629109,1.0,1.081829663648858,104,552.0,0.0,0.0,422.0,130.0,104.0,26.0,0.0,4.0,0.0,0.0,22.0,0.8,13.0,0.125,132.0,104.0,0.7878787878787878,0.0,0.0,0.0,0.0,28.0,0.21212121212121213,0.0,0.0,0.0,0.0,0.0,0.0,0.0,114.54993672668934
182,10920000000000,2.0,16.0,2.448961937716263,2.0,4.0,1156,1.0,10.0,5.858131487889273,6.0,9.0,1156,14.0,23.0,18.141868512110726,18.0,22.0,1156,2.0,6.0,2.314878892733564,2.0,4.0,1156,0.0,88.0,44.45390070921986,44.0,84.0,141,0.0,280.0,113.98581560283688,104.0,264.0,141,1.0,1.0,1.0,1.0,1.0,99,0.9999999999999998,1.0000000000000002,1.0,1.0,1.0,99,1.0,1.5,1.0737060300562973,1.0,1.2583333333333329,99,0.9999999999999998,1.7272046659331404,1.067145803649852,1.0,1.2569685842121998,99,552.0,0.0,0.0,413.0,139.0,99.0,40.0,0.0,1.0,0.0,0.0,39.0,0.7122302158273381,42.0,0.42424242424242425,141.0,99.0,0.7021276595744681,0.0,0.0,0.0,0.0,42.0,0.2978723404255319,0.0,0.0,0.0,0.0,0.0,0.0,0.0,208.90617929399014
183,10980000000000,2.0,14.0,2.4515570934256057,2.0,4.0,1156,1.0,10.0,5.882352941176471,6.0,10.0,1156,14.0,23.0,18.11764705882353,18.0,22.0,1156,2.0,6.0,2.3105536332179932,2.0,4.0,1156,0.0,88.0,46.47482014388489,48.0,84.0,139,0.0,280.0,121.15107913669065,120.0,264.0,139,1.0,1.0,1.0,1.0,1.0,139,0.9999999999999998,1.0000000000000002,1.0,1.0,1.0000000000000002,139,1.0,1.0,1.0,1.0,1.0,139,0.9999999999999998,1.0000000000000002,1.0,1.0,1.0000000000000002,139,552.0,0.0,0.0,413.0,139.0,139.0,0.0,0.0,0.0,0.0,0.0,0.0,1.0,0.0,0.0,139.0,139.0,1.0,0.0,0.0,0.0,0.0,0.0,0.0,0.0,0.0,0.0,0.0,0.0,0.0,0.0,316.4078164845705
184,11040000000000,2.0,15.0,2.421280276816609,2.0,4.0,1156,1.0,10.0,5.820934256055363,6.0,10.0,1156,14.0,23.0,18.179065743944637,18.0,22.0,1156,2.0,6.0,2.305363321799308,2.0,4.0,1156,0.0,88.0,44.61788617886179,44.0,83.59999999999997,123,0.0,280.0,114.66666666666667,104.0,262.39999999999986,123,1.0,1.0,1.0,1.0,1.0,99,0.9999999999999998,1.0000000000000002,1.0,1.0,1.0000000000000002,99,1.0,1.5,1.0166320112844176,1.0,1.0909090909090908,99,0.9999999999999998,1.407451231099906,1.0135749582706384,1.0,1.0822597261056317,99,552.0,0.0,0.0,427.0,125.0,99.0,26.0,0.0,5.0,0.0,0.0,21.0,0.792,13.0,0.13131313131313133,123.0,99.0,0.8048780487804879,0.0,0.0,0.0,0.0,24.0,0.1951219512195122,0.0,0.0,0.0,0.0,0.0,0.0,0.0,83.62135477364063
185,11100000000000,2.0,16.0,2.448961937716263,2.0,4.0,1156,0.0,10.0,5.77076124567474,6.0,9.0,1156,14.0,24.0,18.22923875432526,18.0,22.0,1156,2.0,6.0,2.31401384083045,2.0,4.0,1156,0.0,88.0,45.78787878787879,48.0,84.0,132,0.0,280.0,118.78787878787878,120.0,264.0,132,1.0,1.0,1.0,1.0,1.0,88,0.9999999999999998,1.0000000000000002,1.0,1.0,1.0000000000000002,88,1.0,1.5,1.0766039404742613,1.0,1.25,88,0.9999999999999998,1.7172502768420932,1.071527796926833,1.0,1.2954773269735005,88,552.0,0.0,0.0,417.0,135.0,88.0,47.0,0.0,5.0,0.0,0.0,42.0,0.6518518518518519,41.0,0.4659090909090909,132.0,88.0,0.6666666666666666,0.0,0.0,0.0,0.0,44.0,0.3333333333333333,0.0,0.0,0.0,0.0,0.0,0.0,0.0,82.03976228833199
186,11160000000000,2.0,14.0,2.4472318339100347,2.0,4.0,1156,1.0,11.0,5.911764705882353,6.0,10.0,1156,13.0,23.0,18.08823529411765,18.0,22.0,1156,2.0,6.0,2.3122837370242215,2.0,4.0,1156,0.0,88.0,46.06060606060606,48.0,84.0,132,0.0,280.0,120.42424242424242,120.0,264.0,132,1.0,1.0,1.0,1.0,1.0,132,0.9999999999999998,1.0,1.0,1.0,1.0,132,1.0,1.0,1.0,1.0,1.0,132,0.9999999999999998,1.0,1.0,1.0,1.0,132,552.0,0.0,0.0,420.0,132.0,132.0,0.0,0.0,0.0,0.0,0.0,0.0,1.0,0.0,0.0,132.0,132.0,1.0,0.0,0.0,0.0,0.0,0.0,0.0,0.0,0.0,0.0,0.0,0.0,0.0,0.0,263.6562567204237
187,11220000000000,2.0,16.0,2.426470588235294,2.0,4.0,1156,1.0,11.0,5.85121107266436,6.0,10.0,1156,13.0,23.0,18.14878892733564,18.0,22.0,1156,2.0,6.0,2.3088235294117645,2.0,4.0,1156,0.0,88.0,44.666666666666664,44.0,84.0,126,0.0,280.0,115.23809523809524,104.0,264.0,126,1.0,1.0,1.0,1.0,1.0,104,0.9999999999999998,1.0000000000000002,1.0,1.0,1.0,104,1.0,1.5,1.023698314160701,1.0,1.0909090909090908,104,0.9999999999999998,1.4071434616746337,1.0184372076247108,1.0,1.0956368267784955,104,552.0,0.0,0.0,421.0,131.0,104.0,27.0,0.0,6.0,0.0,0.0,21.0,0.7938931297709924,15.0,0.14423076923076922,126.0,104.0,0.8253968253968254,0.0,0.0,0.0,0.0,22.0,0.1746031746031746,0.0,0.0,0.0,0.0,0.0,0.0,0.0,97.64652140438557
188,11280000000000,2.0,16.0,2.448961937716263,2.0,4.0,1156,0.0,11.0,5.801038062283737,6.0,10.0,1156,13.0,24.0,18.198961937716263,18.0,22.0,1156,2.0,6.0,2.3122837370242215,2.0,4.0,1156,0.0,84.0,46.32835820895522,48.0,84.0,134,0.0,264.0,120.83582089552239,120.0,264.0,134,1.0,1.0,1.0,1.0,1.0,93,0.9999999999999998,1.0,1.0,1.0,1.0,93,1.0,1.5,1.070522656765541,1.0,1.25,93,0.9999999999999999,1.7062293560624007,1.065281812472195,1.0,1.283577190925381,93,552.0,0.0,0.0,419.0,133.0,93.0,40.0,0.0,4.0,0.0,0.0,36.0,0.6992481203007519,39.0,0.41935483870967744,134.0,93.0,0.6940298507462687,0.0,0.0,0.0,0.0,41.0,0.30597014925373134,0.0,0.0,0.0,0.0,0.0,0.0,0.0,153.53732369840145
189,11340000000000,2.0,15.0,2.4550173010380623,2.0,4.0,1156,2.0,11.0,5.970588235294118,6.0,10.0,1156,13.0,22.0,18.029411764705884,18.0,22.0,1156,2.0,6.0,2.314878892733564,2.0,4.0,1156,0.0,88.0,46.57971014492754,50.0,84.0,138,0.0,280.0,122.14492753623189,128.0,264.0,138,1.0,1.0,1.0,1.0,1.0,138,0.9999999999999998,1.0000000000000004,1.0,1.0,1.0000000000000002,138,1.0,1.0,1.0,1.0,1.0,138,0.9999999999999998,1.0000000000000004,1.0,1.0,1.0000000000000002,138,552.0,0.0,0.0,414.0,138.0,138.0,0.0,0.0,0.0,0.0,0.0,0.0,1.0,0.0,0.0,138.0,138.0,1.0,0.0,0.0,0.0,0.0,0.0,0.0,0.0,0.0,0.0,0.0,0.0,0.0,0.0,529.5086838304996
190,11400000000000,2.0,16.0,2.4316608996539792,2.0,4.0,1156,1.0,11.0,5.908304498269896,6.0,10.0,1156,13.0,23.0,18.091695501730104,18.0,22.0,1156,2.0,6.0,2.3105536332179932,2.0,4.0,1156,0.0,88.0,44.92307692307692,44.0,84.0,130,0.0,280.0,116.0,104.0,264.0,130,1.0,1.0,1.0,1.0,1.0,107,0.9999999999999998,1.0000000000000002,1.0,1.0,1.0,107,1.0,1.5,1.02116471656741,1.0,1.0909090909090908,107,0.9999999999999998,1.406080133830109,1.0162927504231982,1.0,1.081332947381574,107,552.0,0.0,0.0,420.0,132.0,107.0,25.0,0.0,4.0,0.0,0.0,21.0,0.8106060606060606,14.0,0.1308411214953271,130.0,107.0,0.823076923076923,0.0,0.0,0.0,0.0,23.0,0.17692307692307693,0.0,0.0,0.0,0.0,0.0,0.0,0.0,151.42240934073925
191,11460000000000,2.0,15.0,2.459342560553633,2.0,4.0,1156,1.0,11.0,5.86159169550173,6.0,10.0,1156,13.0,23.0,18.13840830449827,18.0,22.0,1156,2.0,6.0,2.314878892733564,2.0,4.0,1156,0.0,88.0,46.43356643356643,48.0,84.0,143,0.0,280.0,120.78321678321679,120.0,264.0,143,1.0,1.0,1.0,1.0,1.0,97,0.9999999999999998,1.0000000000000002,1.0,1.0,1.0,97,1.0,1.5,1.0730645382176613,1.0,1.2666666666666657,97,0.9999999999999998,1.5159757306163766,1.0640478214753446,1.0,1.3259462379686549,97,552.0,0.0,0.0,413.0,139.0,97.0,42.0,0.0,0.0,0.0,0.0,42.0,0.697841726618705,44.0,0.4536082474226804,143.0,97.0,0.6783216783216783,0.0,0.0,0.0,0.0,46.0,0.32167832167832167,0.0,0.0,0.0,0.0,0.0,0.0,0.0,145.08028328418732
192,11520000000000,2.0,15.0,2.459342560553633,2.0,4.0,1156,2.0,10.0,6.029411764705882,6.0,10.0,1156,14.0,22.0,17.970588235294116,18.0,22.0,1156,2.0,6.0,2.315743944636678,2.0,4.0,1156,0.0,88.0,46.67605633802817,48.0,84.0,142,0.0,280.0,122.8169014084507,120.0,264.0,142,1.0,1.0,1.0,1.0,1.0,142,0.9999999999999998,1.0000000000000002,1.0,1.0,1.0000000000000002,142,1.0,1.0,1.0,1.0,1.0,142,0.9999999999999998,1.0000000000000002,1.0,1.0,1.0000000000000002,142,552.0,0.0,0.0,410.0,142.0,142.0,0.0,0.0,0.0,0.0,0.0,0.0,1.0,0.0,0.0,142.0,142.0,1.0,0.0,0.0,0.0,0.0,0.0,0.0,0.0,0.0,0.0,0.0,0.0,0.0,0.0,287.2232645750046
193,11580000000000,2.0,16.0,2.43598615916955,2.0,4.0,1156,1.0,10.0,5.9645328719723185,6.0,10.0,1156,14.0,23.0,18.035467128027683,18.0,22.0,1156,2.0,6.0,2.311418685121107,2.0,4.0,1156,0.0,88.0,44.8421052631579,44.0,84.0,133,0.0,280.0,114.94736842105263,104.0,264.0,133,1.0,1.0,1.0,1.0,1.0,101,0.9999999999999998,1.0000000000000002,1.0,1.0,1.0000000000000002,101,1.0,1.5,1.0285056705411977,1.0,1.1428571428571428,101,0.9999999999999998,1.664324362198018,1.024383950739364,1.0,1.1050135940902417,101,552.0,0.0,0.0,418.0,134.0,101.0,33.0,0.0,3.0,0.0,0.0,30.0,0.753731343283582,14.0,0.13861386138613863,133.0,101.0,0.7593984962406015,0.0,0.0,0.0,0.0,32.0,0.24060150375939848,0.0,0.0,0.0,0.0,0.0,0.0,0.0,117.8535483777523
194,11640000000000,2.0,15.0,2.461937716262976,2.0,4.0,1156,1.0,10.0,5.91955017301038,6.0,9.0,1156,14.0,23.0,18.080449826989618,18.0,22.0,1156,2.0,6.0,2.314878892733564,2.0,4.0,1156,0.0,88.0,47.28767123287671,48.0,84.0,146,0.0,280.0,123.06849315068493,120.0,264.0,146,1.0,1.0,1.0,1.0,1.0,97,0.9999999999999999,1.0000000000000002,1.0,1.0,1.0,97,1.0,1.5,1.0611440030557677,1.0,1.25,97,0.9999999999999999,1.5241585041970982,1.0517609604926512,1.0,1.2510682061669234,97,552.0,0.0,0.0,411.0,141.0,97.0,44.0,0.0,0.0,0.0,0.0,44.0,0.6879432624113475,38.0,0.3917525773195876,146.0,97.0,0.6643835616438356,0.0,0.0,0.0,0.0,49.0,0.3356164383561644,0.0,0.0,0.0,0.0,0.0,0.0,0.0,169.226149097085
195,11700000000000,2.0,15.0,2.4567474048442905,2.0,4.0,1156,2.0,10.0,5.970588235294118,6.0,9.0,1156,14.0,22.0,18.029411764705884,18.0,22.0,1156,2.0,6.0,2.31401384083045,2.0,4.0,1156,0.0,88.0,45.90070921985816,48.0,84.0,141,0.0,280.0,120.28368794326241,120.0,264.0,141,1.0,1.0,1.0,1.0,1.0,141,0.9999999999999998,1.0000000000000002,1.0,1.0,1.0,141,1.0,1.0,1.0,1.0,1.0,141,0.9999999999999998,1.0000000000000002,1.0,1.0,1.0,141,552.0,0.0,0.0,411.0,141.0,141.0,0.0,0.0,0.0,0.0,0.0,0.0,1.0,0.0,0.0,141.0,141.0,1.0,0.0,0.0,0.0,0.0,0.0,0.0,0.0,0.0,0.0,0.0,0.0,0.0,0.0,527.7060940861702
196,11760000000000,2.0,15.0,2.43598615916955,2.0,4.0,1156,1.0,10.0,5.910899653979238,6.0,9.0,1156,14.0,23.0,18.08910034602076,18.0,22.0,1156,2.0,6.0,2.3105536332179932,2.0,4.0,1156,0.0,88.0,44.507462686567166,44.0,84.0,134,0.0,280.0,114.08955223880596,104.0,264.0,134,1.0,1.0,1.0,1.0,1.0,103,0.9999999999999999,1.0000000000000004,1.0,1.0,1.0000000000000002,103,1.0,1.5,1.0188906737022099,1.0,1.0909090909090908,103,0.9999999999999999,1.4444853251917247,1.0143399967657971,1.0,1.0790322598469457,103,552.0,0.0,0.0,419.0,133.0,103.0,30.0,0.0,1.0,0.0,0.0,29.0,0.7744360902255639,13.0,0.1262135922330097,134.0,103.0,0.7686567164179104,0.0,0.0,0.0,0.0,31.0,0.23134328358208955,0.0,0.0,0.0,0.0,0.0,0.0,0.0,153.08945253491402
197,11820000000000,2.0,15.0,2.454152249134948,2.0,4.0,1156,1.0,10.0,5.8633217993079585,6.0,9.0,1156,14.0,23.0,18.136678200692042,18.0,22.0,1156,2.0,6.0,2.3122837370242215,2.0,4.0,1156,0.0,88.0,46.285714285714285,48.0,84.0,140,0.0,280.0,120.34285714285714,120.0,264.0,140,1.0,1.0,1.0,1.0,1.0,98,0.9999999999999998,1.0000000000000002,1.0,1.0,1.0000000000000002,98,1.0,1.5,1.0684889865036924,1.0,1.2624999999999993,98,0.9999999999999998,1.5313695277173633,1.0590472496280463,1.0,1.333541970780961,98,552.0,0.0,0.0,412.0,140.0,98.0,42.0,0.0,2.0,0.0,0.0,40.0,0.7,42.0,0.42857142857142855,140.0,98.0,0.7,0.0,0.0,0.0,0.0,42.0,0.3,0.0,0.0,0.0,0.0,0.0,0.0,0.0,130.12482039630413
198,11880000000000,2.0,14.0,2.459342560553633,2.0,4.0,1156,2.0,10.0,6.029411764705882,6.0,9.0,1156,14.0,22.0,17.970588235294116,18.0,22.0,1156,2.0,6.0,2.3174740484429064,2.0,4.0,1156,0.0,88.0,47.285714285714285,48.0,84.0,140,0.0,280.0,125.37142857142857,120.0,264.0,140,1.0,1.0,1.0,1.0,1.0,140,0.9999999999999998,1.0000000000000002,1.0,1.0,1.0000000000000002,140,1.0,1.0,1.0,1.0,1.0,140,0.9999999999999998,1.0000000000000002,1.0,1.0,1.0000000000000002,140,552.0,0.0,0.0,412.0,140.0,140.0,0.0,0.0,0.0,0.0,0.0,0.0,1.0,0.0,0.0,140.0,140.0,1.0,0.0,0.0,0.0,0.0,0.0,0.0,0.0,0.0,0.0,0.0,0.0,0.0,0.0,475.1681797206402
199,11940000000000,2.0,15.0,2.4437716262975777,2.0,4.0,1156,1.0,10.0,5.971453287197232,6.0,9.0,1156,14.0,23.0,18.02854671280277,18.0,22.0,1156,2.0,6.0,2.31401384083045,2.0,4.0,1156,0.0,84.0,44.2589928057554,44.0,84.0,139,0.0,264.0,112.80575539568345,104.0,264.0,139,1.0,1.0,1.0,1.0,1.0,106,0.9999999999999999,1.0000000000000002,1.0,1.0,1.0,106,1.0,1.5,1.0183219989407557,1.0,1.1164772727272727,106,0.9999999999999999,1.4552763183168391,1.0135315099344606,1.0,1.0720750451875345,106,552.0,0.0,0.0,417.0,135.0,106.0,29.0,0.0,1.0,0.0,0.0,28.0,0.7851851851851852,12.0,0.11320754716981132,139.0,106.0,0.762589928057554,0.0,0.0,0.0,0.0,33.0,0.23741007194244604,0.0,0.0,0.0,0.0,0.0,0.0,0.0,182.28384107351303
200,12000000000000,2.0,15.0,2.449826989619377,2.0,4.0,1156,1.0,10.0,5.9178200692041525,6.0,9.0,1156,14.0,23.0,18.08217993079585,18.0,22.0,1156,2.0,6.0,2.3079584775086506,2.0,4.0,1156,0.0,88.0,46.2,48.0,84.0,140,0.0,280.0,120.0,120.0,264.0,140,1.0,1.0,1.0,1.0,1.0,99,0.9999999999999998,1.0000000000000002,1.0,1.0,1.0000000000000002,99,1.0,1.5,1.0659108914456508,1.0,1.2583333333333329,99,0.9999999999999998,1.5374549223818963,1.0563144642770155,1.0,1.3311504776298246,99,552.0,0.0,0.0,413.0,139.0,99.0,40.0,0.0,2.0,0.0,0.0,38.0,0.7122302158273381,40.0,0.40404040404040403,140.0,99.0,0.7071428571428572,0.0,0.0,0.0,0.0,41.0,0.29285714285714287,0.0,0.0,0.0,0.0,0.0,0.0,0.0,155.56273981928825
201,12060000000000,2.0,14.0,2.4610726643598615,2.0,4.0,1156,2.0,10.0,6.0588235294117645,6.0,9.0,1156,14.0,22.0,17.941176470588236,18.0,22.0,1156,2.0,6.0,2.319204152249135,2.0,4.0,1156,0.0,84.0,47.02857142857143,48.0,80.19999999999993,140,0.0,264.0,124.34285714285714,120.0,248.79999999999973,140,1.0,1.0,1.0,1.0,1.0,140,0.9999999999999998,1.0000000000000002,1.0,1.0,1.0,140,1.0,1.0,1.0,1.0,1.0,140,0.9999999999999998,1.0000000000000002,1.0,1.0,1.0,140,552.0,0.0,0.0,412.0,140.0,140.0,0.0,0.0,0.0,0.0,0.0,0.0,1.0,0.0,0.0,140.0,140.0,1.0,0.0,0.0,0.0,0.0,0.0,0.0,0.0,0.0,0.0,0.0,0.0,0.0,0.0,520.7225289195776
202,12120000000000,2.0,15.0,2.449826989619377,2.0,4.0,1156,2.0,10.0,6.005190311418685,6.0,9.0,1156,14.0,22.0,17.994809688581316,18.0,22.0,1156,2.0,6.0,2.3166089965397925,2.0,4.0,1156,0.0,84.0,44.95104895104895,44.0,83.60000000000002,143,0.0,264.0,115.35664335664336,104.0,262.4000000000001,143,1.0,1.0,1.0,1.0,1.0,110,0.9999999999999998,1.0000000000000002,1.0,1.0,1.0,110,1.0,1.5,1.0165193807974557,1.0,1.0875,110,0.9999999999999999,1.465382668531873,1.0122550513880935,1.0,1.065334188907828,110,552.0,0.0,0.0,415.0,137.0,110.0,27.0,0.0,1.0,0.0,0.0,26.0,0.8029197080291971,11.0,0.1,143.0,110.0,0.7692307692307693,0.0,0.0,0.0,0.0,33.0,0.23076923076923078,0.0,0.0,0.0,0.0,0.0,0.0,0.0,162.81850822269917
203,12180000000000,2.0,15.0,2.4567474048442905,2.0,4.0,1156,1.0,10.0,5.947231833910035,6.0,9.0,1156,14.0,23.0,18.052768166089965,18.0,22.0,1156,2.0,6.0,2.3079584775086506,2.0,4.0,1156,0.0,88.0,45.67567567567568,44.0,84.0,148,0.0,280.0,117.51351351351352,104.0,264.0,148,1.0,1.0,1.0,1.0,1.0,98,0.9999999999999998,1.0000000000000002,1.0,1.0,1.0,98,1.0,1.5,1.0705517055306972,1.0,1.3333333333333333,98,0.9999999999999998,1.5422708915506114,1.060662885150872,1.0,1.337433355881345,98,552.0,0.0,0.0,414.0,138.0,98.0,40.0,0.0,0.0,0.0,0.0,40.0,0.7101449275362319,41.0,0.41836734693877553,148.0,98.0,0.6621621621621622,0.0,0.0,0.0,0.0,50.0,0.33783783783783783,0.0,0.0,0.0,0.0,0.0,0.0,0.0,131.15723617374897
204,12240000000000,2.0,14.0,2.4558823529411766,2.0,4.0,1156,2.0,10.0,5.9411764705882355,6.0,9.0,1156,14.0,22.0,18.058823529411764,18.0,22.0,1156,2.0,6.0,2.314878892733564,2.0,4.0,1156,0.0,88.0,46.73381294964029,48.0,84.0,139,0.0,280.0,123.22302158273381,120.0,264.0,139,1.0,1.0,1.0,1.0,1.0,139,0.9999999999999998,1.0000000000000002,1.0,1.0,1.0000000000000002,139,1.0,1.0,1.0,1.0,1.0,139,0.9999999999999998,1.0000000000000002,1.0,1.0,1.0000000000000002,139,552.0,0.0,0.0,413.0,139.0,139.0,0.0,0.0,0.0,0.0,0.0,0.0,1.0,0.0,0.0,139.0,139.0,1.0,0.0,0.0,0.0,0.0,0.0,0.0,0.0,0.0,0.0,0.0,0.0,0.0,0.0,477.64140367507935
205,12300000000000,2.0,15.0,2.440311418685121,2.0,4.0,1156,2.0,10.0,5.889273356401384,6.0,9.0,1156,14.0,22.0,18.110726643598618,18.0,22.0,1156,2.0,6.0,2.311418685121107,2.0,4.0,1156,0.0,84.0,44.56296296296296,44.0,84.0,135,0.0,264.0,114.25185185185185,104.0,264.0,135,1.0,1.0,1.0,1.0,1.0,108,0.9999999999999997,1.0000000000000002,1.0,1.0,1.0,108,1.0,1.5,1.0250067833401166,1.0,1.212499999999999,108,0.9999999999999997,1.538217633531114,1.0199358803400818,1.0,1.1328512831274797,108,552.0,0.0,0.0,417.0,135.0,108.0,27.0,0.0,3.0,0.0,0.0,24.0,0.8,12.0,0.1111111111111111,135.0,108.0,0.8,0.0,0.0,0.0,0.0,27.0,0.2,0.0,0.0,0.0,0.0,0.0,0.0,0.0,200.51154680550098
206,12360000000000,2.0,13.0,2.459342560553633,2.0,4.0,1156,1.0,10.0,5.83477508650519,6.0,9.0,1156,14.0,23.0,18.16522491349481,18.0,22.0,1156,2.0,6.0,2.315743944636678,2.0,4.0,1156,0.0,88.0,45.971830985915496,48.0,84.0,142,0.0,280.0,119.49295774647888,120.0,264.0,142,1.0,1.0,1.0,1.0,1.0,93,0.9999999999999998,1.0000000000000004,1.0,1.0,1.0000000000000002,93,1.0,1.5,1.0715415540605293,1.0,1.3333333333333333,93,0.9999999999999999,1.6472037368534544,1.0653666038007708,1.0,1.3465038479929266,93,552.0,0.0,0.0,412.0,140.0,93.0,47.0,0.0,1.0,0.0,0.0,46.0,0.6642857142857143,39.0,0.41935483870967744,142.0,93.0,0.6549295774647887,0.0,0.0,0.0,0.0,49.0,0.34507042253521125,0.0,0.0,0.0,0.0,0.0,0.0,0.0,148.60779605805874
207,12420000000000,2.0,13.0,2.4472318339100347,2.0,4.0,1156,2.0,10.0,5.9411764705882355,6.0,10.0,1156,14.0,22.0,18.058823529411764,18.0,22.0,1156,2.0,6.0,2.311418685121107,2.0,4.0,1156,0.0,84.0,46.556390977443606,48.0,84.0,133,0.0,264.0,122.34586466165413,120.0,264.0,133,1.0,1.0,1.0,1.0,1.0,133,0.9999999999999998,1.0000000000000002,1.0,1.0,1.0000000000000002,133,1.0,1.0,1.0,1.0,1.0,133,0.9999999999999998,1.0000000000000002,1.0,1.0,1.0000000000000002,133,552.0,0.0,0.0,419.0,133.0,133.0,0.0,0.0,0.0,0.0,0.0,0.0,1.0,0.0,0.0,133.0,133.0,1.0,0.0,0.0,0.0,0.0,0.0,0.0,0.0,0.0,0.0,0.0,0.0,0.0,0.0,458.2397881895304
208,12480000000000,2.0,15.0,2.4377162629757785,2.0,4.0,1156,2.0,10.0,5.88840830449827,6.0,10.0,1156,14.0,22.0,18.11159169550173,18.0,22.0,1156,2.0,6.0,2.309688581314879,2.0,4.0,1156,0.0,84.0,44.44776119402985,44.0,84.0,134,0.0,264.0,113.85074626865672,104.0,264.0,134,1.0,1.0,1.0,1.0,1.0,113,0.9999999999999998,1.0000000000000002,1.0,1.0,1.0,113,1.0,1.5,1.0238212745956108,1.0,1.1857142857142848,113,0.9999999999999998,1.5342559911496103,1.0197629123832062,1.0,1.1461464539465471,113,552.0,0.0,0.0,419.0,133.0,113.0,20.0,0.0,3.0,0.0,0.0,17.0,0.849624060150376,12.0,0.10619469026548672,134.0,113.0,0.8432835820895522,0.0,0.0,0.0,0.0,21.0,0.15671641791044777,0.0,0.0,0.0,0.0,0.0,0.0,0.0,157.1375448256731
209,12540000000000,2.0,14.0,2.4515570934256057,2.0,4.0,1156,1.0,10.0,5.831314878892734,6.0,9.25,1156,14.0,23.0,18.168685121107266,18.0,22.0,1156,2.0,6.0,2.3088235294117645,2.0,4.0,1156,0.0,88.0,45.56028368794326,48.0,84.0,141,0.0,280.0,117.90070921985816,120.0,264.0,141,1.0,1.0,1.0,1.0,1.0,89,0.9999999999999997,1.0000000000000002,1.0,1.0,1.0,89,1.0,1.5,1.0691924318246195,1.0,1.2999999999999994,89,0.9999999999999997,1.6422738012147422,1.0639144311550959,1.0,1.3336412996221894,89,552.0,0.0,0.0,414.0,138.0,89.0,49.0,0.0,1.0,0.0,0.0,48.0,0.644927536231884,38.0,0.42696629213483145,141.0,89.0,0.6312056737588653,0.0,0.0,0.0,0.0,52.0,0.36879432624113473,0.0,0.0,0.0,0.0,0.0,0.0,0.0,172.65630327165127
210,12600000000000,2.0,14.0,2.4480968858131487,2.0,4.0,1156,2.0,10.0,5.911764705882353,6.0,10.0,1156,14.0,22.0,18.08823529411765,18.0,22.0,1156,2.0,6.0,2.309688581314879,2.0,4.0,1156,0.0,84.0,45.26470588235294,44.0,81.0,136,0.0,264.0,117.0,104.0,252.0,136,1.0,1.0,1.0,1.0,1.0,136,0.9999999999999998,1.0000000000000002,1.0,1.0,1.0000000000000002,136,1.0,1.0,1.0,1.0,1.0,136,0.9999999999999998,1.0000000000000002,1.0,1.0,1.0000000000000002,136,552.0,0.0,0.0,416.0,136.0,136.0,0.0,0.0,0.0,0.0,0.0,0.0,1.0,0.0,0.0,136.0,136.0,1.0,0.0,0.0,0.0,0.0,0.0,0.0,0.0,0.0,0.0,0.0,0.0,0.0,0.0,409.9003802984953
211,12660000000000,2.0,15.0,2.4325259515570936,2.0,4.0,1156,1.0,10.0,5.853806228373703,6.0,10.0,1156,14.0,23.0,18.146193771626297,18.0,22.0,1156,2.0,6.0,2.3044982698961936,2.0,4.0,1156,0.0,84.0,43.67164179104478,42.0,81.39999999999998,134,0.0,264.0,110.74626865671642,96.0,253.5999999999999,134,1.0,1.0,1.0,1.0,1.0,111,0.9999999999999998,1.0000000000000002,1.0,1.0,1.0,111,1.0,1.5,1.0277044902044903,1.0,1.2083333333333335,111,0.9999999999999998,1.5297059491092986,1.0222521384409147,1.0,1.1495408481890204,111,552.0,0.0,0.0,416.0,136.0,111.0,25.0,0.0,5.0,0.0,0.0,20.0,0.8161764705882353,15.0,0.13513513513513514,134.0,111.0,0.8283582089552238,0.0,0.0,0.0,0.0,23.0,0.17164179104477612,0.0,0.0,0.0,0.0,0.0,0.0,0.0,173.5925767570734
212,12720000000000,2.0,14.0,2.448961937716263,2.0,4.0,1156,1.0,10.0,5.800173010380623,6.0,10.0,1156,14.0,23.0,18.19982698961938,18.0,22.0,1156,2.0,6.0,2.3062283737024223,2.0,4.0,1156,0.0,88.0,45.787234042553195,48.0,84.0,141,0.0,280.0,118.80851063829788,120.0,264.0,141,1.0,1.0,1.0,1.0,1.0,92,0.9999999999999998,1.0000000000000002,1.0,1.0,1.0000000000000002,92,1.0,1.5,1.068424252111912,1.0,1.2875000000000003,92,0.9999999999999998,1.6371065818412431,1.0641284758458964,1.0,1.3314294294798983,92,552.0,0.0,0.0,414.0,138.0,92.0,46.0,0.0,1.0,0.0,0.0,45.0,0.6666666666666666,39.0,0.42391304347826086,141.0,92.0,0.6524822695035462,0.0,0.0,0.0,0.0,49.0,0.3475177304964539,0.0,0.0,0.0,0.0,0.0,0.0,0.0,165.85609689354897
213,12780000000000,2.0,14.0,2.4455017301038064,2.0,4.0,1156,2.0,10.0,5.823529411764706,6.0,10.0,1156,14.0,22.0,18.176470588235293,18.0,22.0,1156,2.0,6.0,2.3079584775086506,2.0,4.0,1156,0.0,84.0,45.303703703703704,44.0,81.19999999999999,135,0.0,264.0,117.21481481481482,104.0,252.79999999999995,135,1.0,1.0,1.0,1.0,1.0,135,0.9999999999999998,1.0000000000000002,1.0,1.0,1.0,135,1.0,1.0,1.0,1.0,1.0,135,0.9999999999999998,1.0000000000000002,1.0,1.0,1.0,135,552.0,0.0,0.0,417.0,135.0,135.0,0.0,0.0,0.0,0.0,0.0,0.0,1.0,0.0,0.0,135.0,135.0,1.0,0.0,0.0,0.0,0.0,0.0,0.0,0.0,0.0,0.0,0.0,0.0,0.0,0.0,444.8096416890621
214,12840000000000,2.0,15.0,2.430795847750865,2.0,4.0,1156,1.0,10.0,5.764705882352941,6.0,9.25,1156,14.0,23.0,18.235294117647058,18.0,22.0,1156,2.0,6.0,2.301038062283737,2.0,4.0,1156,0.0,84.0,43.88235294117647,42.0,80.0,136,0.0,264.0,110.94117647058823,96.0,248.0,136,1.0,1.0,1.0,1.0,1.0,115,0.9999999999999998,1.0000000000000002,1.0,1.0,1.0,115,1.0,1.5,1.03366663529707,1.0,1.25,115,0.9999999999999998,1.5801074972044586,1.0286982940656466,1.0,1.170813198875736,115,552.0,0.0,0.0,417.0,135.0,115.0,20.0,0.0,2.0,0.0,0.0,18.0,0.8518518518518519,19.0,0.16521739130434782,136.0,115.0,0.8455882352941176,0.0,0.0,0.0,0.0,21.0,0.15441176470588236,0.0,0.0,0.0,0.0,0.0,0.0,0.0,144.82980407774448
215,12900000000000,2.0,14.0,2.453287197231834,2.0,4.0,1156,1.0,10.0,5.711937716262976,6.0,9.0,1156,14.0,23.0,18.288062283737023,18.0,22.0,1156,2.0,6.0,2.3122837370242215,2.0,4.0,1156,0.0,88.0,46.15827338129496,48.0,84.0,139,0.0,280.0,119.88489208633094,120.0,264.0,139,1.0,1.0,1.0,1.0,1.0,93,0.9999999999999998,1.0000000000000002,1.0,1.0,1.0,93,1.0,1.5,1.0667081153086846,1.0,1.2833333333333325,93,0.9999999999999998,1.63172539368724,1.0628926527012514,1.0,1.2659274537516714,93,552.0,0.0,0.0,411.0,141.0,93.0,48.0,0.0,3.0,0.0,0.0,45.0,0.6595744680851063,40.0,0.43010752688172044,139.0,93.0,0.6690647482014388,0.0,0.0,0.0,0.0,46.0,0.33093525179856115,0.0,0.0,0.0,0.0,0.0,0.0,0.0,148.55519868433475
216,12960000000000,2.0,14.0,2.448961937716263,2.0,4.0,1156,2.0,10.0,5.794117647058823,6.0,10.0,1156,14.0,22.0,18.205882352941178,18.0,22.0,1156,2.0,6.0,2.307093425605536,2.0,4.0,1156,0.0,84.0,46.05714285714286,48.0,84.0,140,0.0,264.0,119.42857142857143,120.0,264.0,140,1.0,1.0,1.0,1.0,1.0,140,0.9999999999999997,1.0000000000000002,1.0,1.0,1.0000000000000002,140,1.0,1.0,1.0,1.0,1.0,140,0.9999999999999997,1.0000000000000002,1.0,1.0,1.0000000000000002,140,552.0,0.0,0.0,412.0,140.0,140.0,0.0,0.0,0.0,0.0,0.0,0.0,1.0,0.0,0.0,140.0,140.0,1.0,0.0,0.0,0.0,0.0,0.0,0.0,0.0,0.0,0.0,0.0,0.0,0.0,0.0,506.44710287451744
217,13020000000000,2.0,15.0,2.4333910034602075,2.0,4.0,1156,1.0,10.0,5.7387543252595155,6.0,10.0,1156,14.0,23.0,18.261245674740483,18.0,22.0,1156,2.0,6.0,2.3027681660899653,2.0,4.0,1156,0.0,84.0,43.53284671532847,40.0,80.0,137,0.0,264.0,110.01459854014598,88.0,248.0,137,1.0,1.0,1.0,1.0,1.0,113,0.9999999999999998,1.0000000000000004,1.0,1.0,1.0,113,1.0,1.5,1.0336303936967655,1.0,1.25,113,0.9999999999999998,1.5797159159132534,1.0289069394856063,1.0,1.1736427993410137,113,552.0,0.0,0.0,416.0,136.0,113.0,23.0,0.0,2.0,0.0,0.0,21.0,0.8308823529411765,18.0,0.1592920353982301,137.0,113.0,0.8248175182481752,0.0,0.0,0.0,0.0,24.0,0.17518248175182483,0.0,0.0,0.0,0.0,0.0,0.0,0.0,155.93871660530567
218,13080000000000,2.0,14.0,2.4506920415224913,2.0,4.0,1156,1.0,10.0,5.685121107266436,6.0,9.0,1156,14.0,23.0,18.314878892733564,18.0,22.0,1156,2.0,6.0,2.3122837370242215,2.0,4.0,1156,0.0,88.0,47.029411764705884,48.0,84.0,136,0.0,280.0,122.47058823529412,120.0,264.0,136,1.0,1.0,1.0,1.0,1.0,95,0.9999999999999998,1.0000000000000002,1.0,1.0,1.0,95,1.0,1.5,1.0661648215905182,1.0,1.25,95,1.0,1.9149169097273178,1.065500037815631,1.0,1.1980780309051808,95,552.0,0.0,0.0,415.0,137.0,95.0,42.0,0.0,4.0,0.0,0.0,38.0,0.6934306569343066,43.0,0.45263157894736844,136.0,95.0,0.6985294117647058,0.0,0.0,0.0,0.0,41.0,0.3014705882352941,0.0,0.0,0.0,0.0,0.0,0.0,0.0,183.70087072253227
219,13140000000000,2.0,14.0,2.4455017301038064,2.0,4.0,1156,2.0,10.0,5.823529411764706,6.0,10.0,1156,14.0,22.0,18.176470588235293,18.0,22.0,1156,2.0,6.0,2.3036332179930796,2.0,4.0,1156,0.0,84.0,45.77142857142857,48.0,84.0,140,0.0,264.0,118.28571428571429,120.0,264.0,140,1.0,1.0,1.0,1.0,1.0,140,0.9999999999999999,1.0000000000000002,1.0,1.0,1.0000000000000002,140,1.0,1.0,1.0,1.0,1.0,140,0.9999999999999999,1.0000000000000002,1.0,1.0,1.0000000000000002,140,552.0,0.0,0.0,412.0,140.0,140.0,0.0,0.0,0.0,0.0,0.0,0.0,1.0,0.0,0.0,140.0,140.0,1.0,0.0,0.0,0.0,0.0,0.0,0.0,0.0,0.0,0.0,0.0,0.0,0.0,0.0,522.0277346670628
220,13200000000000,2.0,16.0,2.4472318339100347,2.0,4.0,1156,1.0,10.0,5.77076124567474,6.0,10.0,1156,14.0,23.0,18.22923875432526,18.0,22.0,1156,2.0,6.0,2.3044982698961936,2.0,4.0,1156,0.0,84.0,45.04964539007092,48.0,80.0,141,0.0,264.0,115.8581560283688,120.0,248.0,141,1.0,1.0,1.0,1.0,1.0,117,0.9999999999999997,1.0000000000000002,1.0,1.0,1.0,117,1.0,1.5,1.0403869278869278,1.0,1.2666666666666657,117,0.9999999999999998,1.578027733361617,1.0328703295249775,1.0,1.1911684480187104,117,552.0,0.0,0.0,411.0,141.0,117.0,24.0,0.0,3.0,0.0,0.0,21.0,0.8297872340425532,21.0,0.1794871794871795,141.0,117.0,0.8297872340425532,0.0,0.0,0.0,0.0,24.0,0.1702127659574468,0.0,0.0,0.0,0.0,0.0,0.0,0.0,138.12907226383686
221,13260000000000,2.0,14.0,2.448961937716263,2.0,4.0,1156,1.0,10.0,5.7145328719723185,6.0,9.0,1156,14.0,23.0,18.285467128027683,18.0,22.0,1156,2.0,6.0,2.3088235294117645,2.0,4.0,1156,0.0,88.0,47.18840579710145,48.0,84.0,138,0.0,280.0,123.01449275362319,120.0,264.0,138,1.0,1.0,1.0,1.0,1.0,98,0.9999999999999998,1.0000000000000002,1.0,1.0,1.0000000000000002,98,1.0,1.5,1.0645280947876985,1.0,1.25,98,0.9999999999999999,1.9001932491659466,1.0647875680790881,1.0,1.1951327079106233,98,552.0,0.0,0.0,413.0,139.0,98.0,41.0,0.0,6.0,0.0,0.0,35.0,0.7050359712230215,43.0,0.4387755102040816,138.0,98.0,0.7101449275362319,0.0,0.0,0.0,0.0,40.0,0.2898550724637681,0.0,0.0,0.0,0.0,0.0,0.0,0.0,149.71934258937836
222,13320000000000,2.0,13.0,2.429930795847751,2.0,4.0,1156,1.0,10.0,5.764705882352941,6.0,10.0,1156,14.0,23.0,18.235294117647058,18.0,22.0,1156,2.0,6.0,2.2993079584775087,2.0,4.0,1156,0.0,84.0,47.47692307692308,48.0,84.0,130,0.0,264.0,124.0,120.0,264.0,130,1.0,1.0,1.0,1.0,1.0,130,0.9999999999999998,1.0000000000000002,1.0,1.0,1.0,130,1.0,1.0,1.0,1.0,1.0,130,0.9999999999999998,1.0000000000000002,1.0,1.0,1.0,130,552.0,0.0,0.0,422.0,130.0,130.0,0.0,0.0,0.0,0.0,0.0,0.0,1.0,0.0,0.0,130.0,130.0,1.0,0.0,0.0,0.0,0.0,0.0,0.0,0.0,0.0,0.0,0.0,0.0,0.0,0.0,495.02112716436386
223,13380000000000,2.0,16.0,2.449826989619377,2.0,4.0,1156,1.0,10.0,5.715397923875432,6.0,10.0,1156,14.0,23.0,18.284602076124568,18.0,22.0,1156,2.0,6.0,2.3088235294117645,2.0,4.0,1156,0.0,84.0,44.89208633093525,48.0,80.39999999999998,139,0.0,264.0,115.33812949640287,120.0,249.5999999999999,139,1.0,1.0,1.0,1.0,1.0,119,0.9999999999999998,1.0000000000000002,1.0,1.0,1.0,119,1.0,1.5,1.0397081559896686,1.0,1.2583333333333329,119,0.9999999999999998,1.5750935639368704,1.032292269364631,1.0,1.1842006891949972,119,552.0,0.0,0.0,411.0,141.0,119.0,22.0,0.0,3.0,0.0,0.0,19.0,0.8439716312056738,21.0,0.17647058823529413,139.0,119.0,0.8561151079136691,0.0,0.0,0.0,0.0,20.0,0.14388489208633093,0.0,0.0,0.0,0.0,0.0,0.0,0.0,182.60283581912518
224,13440000000000,2.0,14.0,2.454152249134948,2.0,4.0,1156,0.0,10.0,5.658304498269896,6.0,9.0,1156,14.0,24.0,18.341695501730104,18.0,22.0,1156,2.0,6.0,2.3131487889273354,2.0,4.0,1156,0.0,88.0,46.96402877697842,48.0,84.0,139,0.0,280.0,122.07194244604317,120.0,264.0,139,1.0,1.0,1.0,1.0,1.0,98,0.9999999999999998,1.0000000000000002,1.0,1.0,1.0,98,1.0,1.5,1.066358350699587,1.0,1.25,98,0.9999999999999998,1.8842286043862555,1.0653281640803653,1.0,1.1958217213377542,98,552.0,0.0,0.0,410.0,142.0,98.0,44.0,0.0,6.0,0.0,0.0,38.0,0.6901408450704225,44.0,0.4489795918367347,139.0,98.0,0.7050359712230215,0.0,0.0,0.0,0.0,41.0,0.2949640287769784,0.0,0.0,0.0,0.0,0.0,0.0,0.0,164.53653760254383
225,13500000000000,2.0,14.0,2.4247404844290656,2.0,4.0,1156,1.0,11.0,5.823529411764706,6.5,9.0,1156,13.0,23.0,18.176470588235293,17.5,22.0,1156,2.0,6.0,2.2993079584775087,2.0,4.0,1156,0.0,84.0,47.25806451612903,48.0,84.0,124,0.0,264.0,122.83870967741936,120.0,264.0,124,1.0,1.0,1.0,1.0,1.0,124,0.9999999999999997,1.0000000000000002,1.0,1.0,1.0000000000000002,124,1.0,1.0,1.0,1.0,1.0,124,0.9999999999999997,1.0000000000000002,1.0,1.0,1.0000000000000002,124,552.0,0.0,0.0,428.0,124.0,124.0,0.0,0.0,0.0,0.0,0.0,0.0,1.0,0.0,0.0,124.0,124.0,1.0,0.0,0.0,0.0,0.0,0.0,0.0,0.0,0.0,0.0,0.0,0.0,0.0,0.0,480.3428240120411
226,13560000000000,2.0,17.0,2.4506920415224913,2.0,4.0,1156,1.0,11.0,5.775086505190312,6.0,9.0,1156,13.0,23.0,18.224913494809687,18.0,22.0,1156,2.0,6.0,2.3105536332179932,2.0,4.0,1156,0.0,84.0,44.26086956521739,44.0,84.0,138,0.0,264.0,112.8695652173913,104.0,264.0,138,1.0,1.0,1.0,1.0,1.0,122,0.9999999999999999,1.0000000000000002,1.0,1.0,1.0000000000000002,122,1.0,1.5,1.0326545869217034,1.0,1.1666666666666667,122,0.9999999999999999,1.5709906183859872,1.0252057148917473,1.0,1.170441462070426,122,552.0,0.0,0.0,411.0,141.0,122.0,19.0,0.0,3.0,0.0,0.0,16.0,0.8652482269503546,19.0,0.1557377049180328,138.0,122.0,0.8840579710144928,0.0,0.0,0.0,0.0,16.0,0.11594202898550725,0.0,0.0,0.0,0.0,0.0,0.0,0.0,143.43264140188694
227,13620000000000,2.0,14.0,2.453287197231834,2.0,4.0,1156,0.0,11.0,5.715397923875432,6.0,9.0,1156,13.0,24.0,18.284602076124568,18.0,22.0,1156,2.0,6.0,2.3122837370242215,2.0,4.0,1156,0.0,88.0,46.76258992805755,48.0,84.0,139,0.0,280.0,121.26618705035972,120.0,264.0,139,1.0,1.0,1.0,1.0,1.0,98,0.9999999999999998,1.0000000000000002,1.0,1.0,1.0000000000000002,98,1.0,1.5,1.0701312884461143,1.0,1.2624999999999993,98,0.9999999999999998,1.867238485554354,1.0667922593297463,1.0,1.2447474754624397,98,552.0,0.0,0.0,409.0,143.0,98.0,45.0,0.0,8.0,0.0,0.0,37.0,0.6853146853146853,43.0,0.4387755102040816,139.0,98.0,0.7050359712230215,0.0,0.0,0.0,0.0,41.0,0.2949640287769784,0.0,0.0,0.0,0.0,0.0,0.0,0.0,147.1780426800251
228,13680000000000,2.0,14.0,2.429930795847751,2.0,4.0,1156,1.0,11.0,5.882352941176471,5.5,10.0,1156,13.0,23.0,18.11764705882353,18.5,22.0,1156,2.0,6.0,2.3019031141868513,2.0,4.0,1156,0.0,88.0,48.031496062992126,48.0,84.0,127,0.0,280.0,125.79527559055119,120.0,264.0,127,1.0,1.0,1.0,1.0,1.0,127,0.9999999999999998,1.0000000000000002,1.0,1.0,1.0000000000000002,127,1.0,1.0,1.0,1.0,1.0,127,0.9999999999999998,1.0000000000000002,1.0,1.0,1.0000000000000002,127,552.0,0.0,0.0,425.0,127.0,127.0,0.0,0.0,0.0,0.0,0.0,0.0,1.0,0.0,0.0,127.0,127.0,1.0,0.0,0.0,0.0,0.0,0.0,0.0,0.0,0.0,0.0,0.0,0.0,0.0,0.0,462.34805323183537
229,13740000000000,2.0,17.0,2.458477508650519,2.0,4.0,1156,1.0,11.0,5.833044982698962,5.0,10.0,1156,13.0,23.0,18.16695501730104,19.0,22.0,1156,2.0,6.0,2.3166089965397925,2.0,4.0,1156,0.0,84.0,44.74285714285714,44.0,84.0,140,0.0,264.0,114.68571428571428,104.0,264.0,140,1.0,1.0,1.0,1.0,1.0,121,0.9999999999999998,1.0000000000000002,1.0,1.0,1.0,121,1.0,1.5,1.033475423728219,1.0,1.1666666666666667,121,0.9999999999999998,1.565840003431275,1.0261326867311094,1.0,1.1733260976462583,121,552.0,0.0,0.0,412.0,140.0,121.0,19.0,0.0,3.0,0.0,0.0,16.0,0.8642857142857143,20.0,0.1652892561983471,140.0,121.0,0.8642857142857143,0.0,0.0,0.0,0.0,19.0,0.1357142857142857,0.0,0.0,0.0,0.0,0.0,0.0,0.0,169.34804432094097
230,13800000000000,2.0,14.0,2.4602076124567476,2.0,4.0,1156,0.0,11.0,5.7690311418685125,5.0,10.0,1156,13.0,24.0,18.230968858131487,19.0,22.0,1156,2.0,6.0,2.31401384083045,2.0,4.0,1156,0.0,88.0,47.00689655172414,48.0,84.0,145,0.0,280.0,121.98620689655172,120.0,264.0,145,1.0,1.0,1.0,1.0,1.0,99,0.9999999999999998,1.0000000000000002,1.0,1.0,1.0,99,1.0,1.5,1.078303807336784,1.0,1.3333333333333333,99,0.9999999999999999,1.7206176928625303,1.071235648625245,1.0,1.240858034509607,99,552.0,0.0,0.0,408.0,144.0,99.0,45.0,0.0,3.0,0.0,0.0,42.0,0.6875,47.0,0.47474747474747475,145.0,99.0,0.6827586206896552,0.0,0.0,0.0,0.0,46.0,0.31724137931034485,0.0,0.0,0.0,0.0,0.0,0.0,0.0,157.3302038013935
231,13860000000000,2.0,16.0,2.4368512110726646,2.0,4.0,1156,1.0,11.0,5.911764705882353,5.5,10.0,1156,13.0,23.0,18.08823529411765,18.5,22.0,1156,2.0,6.0,2.300173010380623,2.0,4.0,1156,0.0,88.0,46.56934306569343,48.0,84.0,137,0.0,280.0,121.63503649635037,120.0,264.0,137,1.0,1.0,1.0,1.0,1.0,137,0.9999999999999998,1.0000000000000002,1.0,1.0,1.0000000000000002,137,1.0,1.0,1.0,1.0,1.0,137,0.9999999999999998,1.0000000000000002,1.0,1.0,1.0000000000000002,137,552.0,0.0,0.0,415.0,137.0,137.0,0.0,0.0,0.0,0.0,0.0,0.0,1.0,0.0,0.0,137.0,137.0,1.0,0.0,0.0,0.0,0.0,0.0,0.0,0.0,0.0,0.0,0.0,0.0,0.0,0.0,425.01325532794
232,13920000000000,2.0,17.0,2.4558823529411766,2.0,4.0,1156,1.0,11.0,5.8633217993079585,5.0,10.0,1156,13.0,23.0,18.136678200692042,19.0,22.0,1156,2.0,6.0,2.314878892733564,2.0,4.0,1156,0.0,88.0,44.66187050359712,44.0,84.0,139,0.0,280.0,114.41726618705036,104.0,264.0,139,1.0,1.0,1.0,1.0,1.0,123,0.9999999999999997,1.0000000000000002,1.0,1.0,1.0000000000000002,123,1.0,1.5,1.0351544411802662,1.0,1.241666666666666,123,0.9999999999999997,1.559743790589314,1.027661657444523,1.0,1.1752434588393634,123,552.0,0.0,0.0,413.0,139.0,123.0,16.0,0.0,1.0,0.0,0.0,15.0,0.8848920863309353,22.0,0.17886178861788618,139.0,123.0,0.8848920863309353,0.0,0.0,0.0,0.0,16.0,0.11510791366906475,0.0,0.0,0.0,0.0,0.0,0.0,0.0,169.67065632343292
233,13980000000000,2.0,14.0,2.4558823529411766,2.0,4.0,1156,0.0,11.0,5.800173010380623,5.0,10.0,1156,13.0,24.0,18.19982698961938,19.0,22.0,1156,2.0,6.0,2.314878892733564,2.0,4.0,1156,0.0,84.0,46.10071942446043,48.0,84.0,139,0.0,264.0,118.10071942446044,120.0,264.0,139,1.0,1.0,1.0,1.0,1.0,98,0.9999999999999998,1.0000000000000002,1.0,1.0,1.0000000000000002,98,1.0,1.5,1.0731056541830852,1.0,1.3333333333333333,98,0.9999999999999998,1.7259137090709014,1.0679779452614768,1.0,1.25696848300524,98,552.0,0.0,0.0,412.0,140.0,98.0,42.0,0.0,3.0,0.0,0.0,39.0,0.7,39.0,0.3979591836734694,139.0,98.0,0.7050359712230215,0.0,0.0,0.0,0.0,41.0,0.2949640287769784,0.0,0.0,0.0,0.0,0.0,0.0,0.0,157.72525779902935
234,14040000000000,2.0,15.0,2.4368512110726646,2.0,4.0,1156,1.0,11.0,5.882352941176471,5.5,9.0,1156,13.0,23.0,18.11764705882353,18.5,22.0,1156,2.0,6.0,2.300173010380623,2.0,4.0,1156,0.0,88.0,46.74452554744526,48.0,84.0,137,0.0,280.0,122.33576642335767,120.0,264.0,137,1.0,1.0,1.0,1.0,1.0,137,0.9999999999999998,1.0,1.0,1.0,1.0,137,1.0,1.0,1.0,1.0,1.0,137,0.9999999999999998,1.0,1.0,1.0,1.0,137,552.0,0.0,0.0,415.0,137.0,137.0,0.0,0.0,0.0,0.0,0.0,0.0,1.0,0.0,0.0,137.0,137.0,1.0,0.0,0.0,0.0,0.0,0.0,0.0,0.0,0.0,0.0,0.0,0.0,0.0,0.0,447.69965298473835
235,14100000000000,2.0,17.0,2.46280276816609,2.0,4.0,1156,0.0,11.0,5.833044982698962,5.0,9.0,1156,13.0,24.0,18.16695501730104,19.0,22.0,1156,2.0,6.0,2.314878892733564,2.0,4.0,1156,0.0,88.0,44.59863945578231,44.0,84.0,147,0.0,280.0,113.74149659863946,104.0,264.0,147,1.0,1.0,1.0,1.0,1.0,126,0.9999999999999998,1.0000000000000004,1.0,1.0,1.0,126,1.0,1.5,1.0460143316585895,1.0,1.3333333333333333,126,0.9999999999999998,1.49279178568266,1.0353776526994019,1.0,1.2568427903769752,126,552.0,0.0,0.0,406.0,146.0,126.0,20.0,0.0,1.0,0.0,0.0,19.0,0.863013698630137,27.0,0.21428571428571427,147.0,126.0,0.8571428571428571,0.0,0.0,0.0,0.0,21.0,0.14285714285714285,0.0,0.0,0.0,0.0,0.0,0.0,0.0,157.08607994019985
236,14160000000000,2.0,14.0,2.453287197231834,2.0,4.0,1156,0.0,11.0,5.77076124567474,5.0,9.0,1156,13.0,24.0,18.22923875432526,19.0,22.0,1156,2.0,6.0,2.3122837370242215,2.0,4.0,1156,0.0,84.0,46.18705035971223,48.0,84.0,139,0.0,264.0,118.44604316546763,120.0,264.0,139,1.0,1.0,1.0,1.0,1.0,96,0.9999999999999998,1.0000000000000002,1.0,1.0,1.0,96,1.0,1.5,1.078572141026185,1.0,1.3333333333333333,96,0.9999999999999999,1.729331974374833,1.0719923308976858,1.0,1.2760428773796813,96,552.0,0.0,0.0,412.0,140.0,96.0,44.0,0.0,6.0,0.0,0.0,38.0,0.6857142857142857,42.0,0.4375,139.0,96.0,0.6906474820143885,0.0,0.0,0.0,0.0,43.0,0.30935251798561153,0.0,0.0,0.0,0.0,0.0,0.0,0.0,148.77360500395298
237,14220000000000,2.0,14.0,2.442906574394464,2.0,4.0,1156,2.0,10.0,5.9411764705882355,5.5,9.0,1156,14.0,22.0,18.058823529411764,18.5,22.0,1156,2.0,6.0,2.305363321799308,2.0,4.0,1156,0.0,88.0,45.88405797101449,48.0,84.0,138,0.0,280.0,118.84057971014492,120.0,264.0,138,1.0,1.0,1.0,1.0,1.0,138,0.9999999999999997,1.0000000000000002,1.0,1.0,1.0000000000000002,138,1.0,1.0,1.0,1.0,1.0,138,0.9999999999999997,1.0000000000000002,1.0,1.0,1.0000000000000002,138,552.0,0.0,0.0,414.0,138.0,138.0,0.0,0.0,0.0,0.0,0.0,0.0,1.0,0.0,0.0,138.0,138.0,1.0,0.0,0.0,0.0,0.0,0.0,0.0,0.0,0.0,0.0,0.0,0.0,0.0,0.0,480.467326939106
238,14280000000000,2.0,16.0,2.453287197231834,2.0,4.0,1156,1.0,10.0,5.892733564013841,5.0,9.0,1156,14.0,23.0,18.10726643598616,19.0,22.0,1156,2.0,6.0,2.311418685121107,2.0,4.0,1156,0.0,88.0,44.4,40.0,84.0,150,0.0,280.0,113.28,88.0,264.0,150,1.0,1.0,1.0,1.0,1.0,125,0.9999999999999998,1.0000000000000002,1.0,1.0,1.0000000000000002,125,1.0,1.5,1.035544351073763,1.0,1.25,125,0.9999999999999998,1.4062545619563103,1.0254919885967564,1.0,1.2183398479212741,125,552.0,0.0,0.0,404.0,148.0,125.0,23.0,0.0,2.0,0.0,0.0,21.0,0.8445945945945946,21.0,0.168,150.0,125.0,0.8333333333333334,0.0,0.0,0.0,0.0,25.0,0.16666666666666666,0.0,0.0,0.0,0.0,0.0,0.0,0.0,146.9827312976122
239,14340000000000,2.0,14.0,2.4550173010380623,2.0,4.0,1156,1.0,10.0,5.827854671280277,5.0,9.0,1156,14.0,23.0,18.172145328719722,19.0,22.0,1156,2.0,6.0,2.311418685121107,2.0,4.0,1156,0.0,84.0,46.732394366197184,50.0,80.0,142,0.0,264.0,120.50704225352112,128.0,248.0,142,1.0,1.0,1.0,1.0,1.0,96,0.9999999999999999,1.0000000000000002,1.0,1.0,1.0,96,1.0,1.5,1.0764440896793837,1.0,1.3333333333333333,96,0.9999999999999999,1.730788088406816,1.0673981063103366,1.0,1.2346315219210364,96,552.0,0.0,0.0,412.0,140.0,96.0,44.0,0.0,6.0,0.0,0.0,38.0,0.6857142857142857,40.0,0.4166666666666667,142.0,96.0,0.676056338028169,0.0,0.0,0.0,0.0,46.0,0.323943661971831,0.0,0.0,0.0,0.0,0.0,0.0,0.0,140.03418385982513
240,14400000000000,2.0,14.0,2.4515570934256057,2.0,4.0,1156,2.0,10.0,6.0,6.0,9.0,1156,14.0,22.0,18.0,18.0,22.0,1156,2.0,6.0,2.3079584775086506,2.0,4.0,1156,0.0,88.0,46.04137931034483,48.0,84.0,145,0.0,280.0,119.61379310344827,120.0,264.0,145,1.0,1.0,1.0,1.0,1.0,145,0.9999999999999998,1.0000000000000002,1.0,1.0,1.0,145,1.0,1.0,1.0,1.0,1.0,145,0.9999999999999998,1.0000000000000002,1.0,1.0,1.0,145,552.0,0.0,0.0,407.0,145.0,145.0,0.0,0.0,0.0,0.0,0.0,0.0,1.0,0.0,0.0,145.0,145.0,1.0,0.0,0.0,0.0,0.0,0.0,0.0,0.0,0.0,0.0,0.0,0.0,0.0,0.0,438.0359649658203
241,14460000000000,2.0,16.0,2.444636678200692,2.0,4.0,1156,1.0,10.0,5.944636678200692,6.0,9.0,1156,14.0,23.0,18.05536332179931,18.0,22.0,1156,2.0,6.0,2.311418685121107,2.0,4.0,1156,0.0,88.0,45.02857142857143,40.0,84.0,140,0.0,280.0,116.34285714285714,88.0,264.0,140,1.0,1.0,1.0,1.0,1.0,116,0.9999999999999997,1.0000000000000002,1.0,1.0,1.0,116,1.0,1.5,1.039906819572134,1.0,1.25,116,0.9999999999999997,1.4060290131795392,1.0290858409306098,1.0,1.2374294286975014,116,552.0,0.0,0.0,416.0,136.0,116.0,20.0,0.0,1.0,0.0,0.0,19.0,0.8529411764705882,23.0,0.19827586206896552,140.0,116.0,0.8285714285714286,0.0,0.0,0.0,0.0,24.0,0.17142857142857143,0.0,0.0,0.0,0.0,0.0,0.0,0.0,163.97160477936268
242,14520000000000,2.0,14.0,2.4550173010380623,2.0,4.0,1156,1.0,10.0,5.882352941176471,6.0,9.0,1156,14.0,23.0,18.11764705882353,18.0,22.0,1156,2.0,6.0,2.3122837370242215,2.0,4.0,1156,0.0,88.0,47.205673758865245,48.0,80.0,141,0.0,280.0,122.43971631205673,120.0,248.0,141,1.0,1.0,1.0,1.0,1.0,95,0.9999999999999999,1.0000000000000002,1.0,1.0,1.0000000000000002,95,1.0,1.5,1.0820318175116936,1.0,1.3833333333333329,95,0.9999999999999999,1.7302222384508892,1.0772268431495378,1.0,1.4166535264309232,95,552.0,0.0,0.0,409.0,143.0,95.0,48.0,0.0,6.0,0.0,0.0,42.0,0.6643356643356644,38.0,0.4,141.0,95.0,0.6737588652482269,0.0,0.0,0.0,0.0,46.0,0.3262411347517731,0.0,0.0,0.0,0.0,0.0,0.0,0.0,158.54979492723942
243,14580000000000,2.0,14.0,2.454152249134948,2.0,4.0,1156,2.0,10.0,5.970588235294118,6.0,9.0,1156,14.0,22.0,18.029411764705884,18.0,22.0,1156,2.0,6.0,2.3088235294117645,2.0,4.0,1156,0.0,88.0,46.47222222222222,48.0,83.39999999999998,144,0.0,280.0,120.88888888888889,120.0,261.5999999999999,144,1.0,1.0,1.0,1.0,1.0,144,0.9999999999999998,1.0000000000000002,1.0,1.0,1.0,144,1.0,1.0,1.0,1.0,1.0,144,0.9999999999999998,1.0000000000000002,1.0,1.0,1.0,144,552.0,0.0,0.0,408.0,144.0,144.0,0.0,0.0,0.0,0.0,0.0,0.0,1.0,0.0,0.0,144.0,144.0,1.0,0.0,0.0,0.0,0.0,0.0,0.0,0.0,0.0,0.0,0.0,0.0,0.0,0.0,496.5247083455324
244,14640000000000,2.0,16.0,2.442906574394464,2.0,4.0,1156,1.0,10.0,5.911764705882353,6.0,9.0,1156,14.0,23.0,18.08823529411765,18.0,22.0,1156,2.0,6.0,2.311418685121107,2.0,4.0,1156,0.0,88.0,45.15942028985507,44.0,84.0,138,0.0,280.0,116.98550724637681,104.0,264.0,138,1.0,1.0,1.0,1.0,1.0,112,0.9999999999999998,1.0000000000000002,1.0,1.0,1.0000000000000002,112,1.0,1.5,1.0417084636885057,1.0,1.25,112,0.9999999999999998,1.4058229946228136,1.0306632026144587,1.0,1.237950347285166,112,552.0,0.0,0.0,416.0,136.0,112.0,24.0,0.0,4.0,0.0,0.0,20.0,0.8235294117647058,24.0,0.21428571428571427,138.0,112.0,0.8115942028985508,0.0,0.0,0.0,0.0,26.0,0.18840579710144928,0.0,0.0,0.0,0.0,0.0,0.0,0.0,157.43076242506504
245,14700000000000,2.0,14.0,2.454152249134948,2.0,4.0,1156,1.0,10.0,5.852941176470588,6.0,9.0,1156,14.0,23.0,18.147058823529413,18.0,22.0,1156,2.0,6.0,2.309688581314879,2.0,4.0,1156,0.0,88.0,46.90909090909091,48.0,80.0,143,0.0,280.0,122.18181818181819,120.0,248.0,143,1.0,1.0,1.0,1.0,1.0,93,0.9999999999999998,1.0000000000000002,1.0,1.0,1.0000000000000002,93,1.0,1.5,1.0726655899094228,1.0,1.3333333333333333,93,0.9999999999999998,1.8052381871873993,1.0725496383965725,1.0,1.3242502046529119,93,552.0,0.0,0.0,409.0,143.0,93.0,50.0,0.0,5.0,0.0,0.0,45.0,0.6503496503496503,36.0,0.3870967741935484,143.0,93.0,0.6503496503496503,0.0,0.0,0.0,0.0,50.0,0.34965034965034963,0.0,0.0,0.0,0.0,0.0,0.0,0.0,140.852065756917
246,14760000000000,2.0,14.0,2.4550173010380623,2.0,4.0,1156,2.0,10.0,6.0,6.0,9.0,1156,14.0,22.0,18.0,18.0,22.0,1156,2.0,6.0,2.31401384083045,2.0,4.0,1156,0.0,84.0,45.46762589928058,48.0,80.39999999999998,139,0.0,264.0,118.15827338129496,120.0,249.5999999999999,139,1.0,1.0,1.0,1.0,1.0,139,0.9999999999999998,1.0000000000000002,1.0,1.0,1.0,139,1.0,1.0,1.0,1.0,1.0,139,0.9999999999999998,1.0000000000000002,1.0,1.0,1.0,139,552.0,0.0,0.0,413.0,139.0,139.0,0.0,0.0,0.0,0.0,0.0,0.0,1.0,0.0,0.0,139.0,139.0,1.0,0.0,0.0,0.0,0.0,0.0,0.0,0.0,0.0,0.0,0.0,0.0,0.0,0.0,461.8392251431942
247,14820000000000,2.0,16.0,2.4455017301038064,2.0,4.0,1156,1.0,10.0,5.940311418685121,6.0,9.0,1156,14.0,23.0,18.05968858131488,18.0,22.0,1156,2.0,6.0,2.3105536332179932,2.0,4.0,1156,0.0,88.0,45.436619718309856,44.0,84.0,142,0.0,280.0,117.85915492957747,104.0,264.0,142,1.0,1.0,1.0,1.0,1.0,114,0.9999999999999998,1.0000000000000002,1.0,1.0,1.0,114,1.0,1.5,1.0408792703684346,1.0,1.25,114,0.9999999999999998,1.4056235561568888,1.0301142399283119,1.0,1.2377349011169427,114,552.0,0.0,0.0,414.0,138.0,114.0,24.0,0.0,1.0,0.0,0.0,23.0,0.8260869565217391,23.0,0.20175438596491227,142.0,114.0,0.8028169014084507,0.0,0.0,0.0,0.0,28.0,0.19718309859154928,0.0,0.0,0.0,0.0,0.0,0.0,0.0,164.6228563040495
248,14880000000000,2.0,14.0,2.457612456747405,2.0,4.0,1156,1.0,10.0,5.880622837370242,6.0,9.0,1156,14.0,23.0,18.119377162629757,18.0,22.0,1156,2.0,6.0,2.3131487889273354,2.0,4.0,1156,0.0,88.0,47.10489510489511,48.0,83.60000000000002,143,0.0,280.0,122.96503496503496,120.0,262.4000000000001,143,1.0,1.0,1.0,1.0,1.0,87,0.9999999999999997,1.0,1.0,1.0,1.0,87,1.0,1.5,1.0757924368472036,1.0,1.4500000000000004,87,0.9999999999999997,1.7970925690843196,1.0773984103646774,1.0,1.521962669081129,87,552.0,0.0,0.0,412.0,140.0,87.0,53.0,0.0,2.0,0.0,0.0,51.0,0.6214285714285714,33.0,0.3793103448275862,143.0,87.0,0.6083916083916084,0.0,0.0,0.0,0.0,56.0,0.3916083916083916,0.0,0.0,0.0,0.0,0.0,0.0,0.0,158.65525603294373
249,14940000000000,2.0,14.0,2.4550173010380623,2.0,4.0,1156,2.0,10.0,6.0,6.0,9.0,1156,14.0,22.0,18.0,18.0,22.0,1156,2.0,6.0,2.31401384083045,2.0,4.0,1156,0.0,88.0,45.15107913669065,44.0,84.0,139,0.0,280.0,117.41007194244604,104.0,264.0,139,1.0,1.0,1.0,1.0,1.0,139,0.9999999999999998,1.0000000000000002,1.0,1.0,1.0000000000000002,139,1.0,1.0,1.0,1.0,1.0,139,0.9999999999999998,1.0000000000000002,1.0,1.0,1.0000000000000002,139,552.0,0.0,0.0,413.0,139.0,139.0,0.0,0.0,0.0,0.0,0.0,0.0,1.0,0.0,0.0,139.0,139.0,1.0,0.0,0.0,0.0,0.0,0.0,0.0,0.0,0.0,0.0,0.0,0.0,0.0,0.0,443.49566102027893
250,15000000000000,2.0,16.0,2.444636678200692,2.0,4.0,1156,1.0,10.0,5.9411764705882355,6.0,9.0,1156,14.0,23.0,18.058823529411764,18.0,22.0,1156,2.0,6.0,2.3105536332179932,2.0,4.0,1156,0.0,88.0,45.4468085106383,44.0,84.0,141,0.0,280.0,117.95744680851064,104.0,264.0,141,1.0,1.0,1.0,1.0,1.0,111,0.9999999999999998,1.0,1.0,1.0,1.0,111,1.0,1.5,1.0412333647627765,1.0,1.25,111,0.9999999999999998,1.4090745649900582,1.0309236949745229,1.0,1.2383088501001471,111,552.0,0.0,0.0,416.0,136.0,111.0,25.0,0.0,1.0,0.0,0.0,24.0,0.8161764705882353,23.0,0.2072072072072072,141.0,111.0,0.7872340425531915,0.0,0.0,0.0,0.0,30.0,0.2127659574468085,0.0,0.0,0.0,0.0,0.0,0.0,0.0,153.99269573390484
251,15060000000000,2.0,14.0,2.463667820069204,2.0,4.0,1156,1.0,10.0,5.880622837370242,6.0,9.0,1156,14.0,23.0,18.119377162629757,18.0,22.0,1156,2.0,6.0,2.3166089965397925,2.0,4.0,1156,0.0,88.0,47.397260273972606,48.0,84.0,146,0.0,280.0,124.0,120.0,264.0,146,1.0,1.0,1.0,1.0,1.0,86,0.9999999999999998,1.0000000000000002,1.0,1.0,1.0,86,1.0,1.5,1.0817396086205937,1.0,1.4583333333333333,86,0.9999999999999998,1.7887642451533947,1.08242895688439,1.0,1.5229364508468746,86,552.0,0.0,0.0,411.0,141.0,86.0,55.0,0.0,3.0,0.0,0.0,52.0,0.6099290780141844,38.0,0.4418604651162791,146.0,86.0,0.589041095890411,0.0,0.0,0.0,0.0,60.0,0.410958904109589,0.0,0.0,0.0,0.0,0.0,0.0,0.0,143.1546565145254
252,15120000000000,2.0,14.0,2.4368512110726646,2.0,4.0,1156,2.0,10.0,5.823529411764706,5.5,9.0,1156,14.0,22.0,18.176470588235293,18.5,22.0,1156,2.0,6.0,2.3088235294117645,2.0,4.0,1156,0.0,84.0,43.666666666666664,44.0,81.79999999999995,132,0.0,264.0,111.93939393939394,104.0,255.19999999999982,132,1.0,1.0,1.0,1.0,1.0,132,0.9999999999999998,1.0000000000000002,1.0,1.0,1.0,132,1.0,1.0,1.0,1.0,1.0,132,0.9999999999999998,1.0000000000000002,1.0,1.0,1.0,132,552.0,0.0,0.0,420.0,132.0,132.0,0.0,0.0,0.0,0.0,0.0,0.0,1.0,0.0,0.0,132.0,132.0,1.0,0.0,0.0,0.0,0.0,0.0,0.0,0.0,0.0,0.0,0.0,0.0,0.0,0.0,401.3580475002527
253,15180000000000,2.0,16.0,2.444636678200692,2.0,4.0,1156,1.0,10.0,5.767301038062284,5.0,9.0,1156,14.0,23.0,18.232698961937718,19.0,22.0,1156,2.0,6.0,2.309688581314879,2.0,4.0,1156,0.0,84.0,44.67605633802817,44.0,84.0,142,0.0,264.0,115.32394366197182,104.0,264.0,142,1.0,1.0,1.0,1.0,1.0,116,0.9999999999999998,1.0,1.0,1.0,1.0,116,1.0,1.5,1.0412212533916387,1.0,1.25,116,0.9999999999999998,1.405294439302191,1.0307395967633803,1.0,1.1645105935029552,116,552.0,0.0,0.0,412.0,140.0,116.0,24.0,0.0,1.0,0.0,0.0,23.0,0.8285714285714286,27.0,0.23275862068965517,142.0,116.0,0.8169014084507042,0.0,0.0,0.0,0.0,26.0,0.18309859154929578,0.0,0.0,0.0,0.0,0.0,0.0,0.0,165.45597091317177
254,15240000000000,2.0,14.0,2.4515570934256057,2.0,4.0,1156,1.0,10.0,5.7067474048442905,5.0,9.0,1156,14.0,23.0,18.29325259515571,19.0,22.0,1156,2.0,6.0,2.3122837370242215,2.0,4.0,1156,0.0,88.0,46.01459854014598,48.0,84.0,137,0.0,280.0,119.41605839416059,120.0,264.0,137,1.0,1.0,1.0,1.0,1.0,84,0.9999999999999998,1.0000000000000002,1.0,1.0,1.0,84,1.0,1.5,1.0837920822952336,1.0,1.474999999999999,84,0.9999999999999998,1.7802865268302412,1.084906254545867,1.0,1.5265722416639382,84,552.0,0.0,0.0,413.0,139.0,84.0,55.0,0.0,4.0,0.0,0.0,51.0,0.60431654676259,38.0,0.4523809523809524,137.0,84.0,0.6131386861313869,0.0,0.0,0.0,0.0,53.0,0.38686131386861317,0.0,0.0,0.0,0.0,0.0,0.0,0.0,162.05887496471405
255,15300000000000,2.0,15.0,2.435121107266436,2.0,4.0,1156,2.0,10.0,5.794117647058823,5.0,10.0,1156,14.0,22.0,18.205882352941178,19.0,22.0,1156,2.0,6.0,2.309688581314879,2.0,4.0,1156,0.0,84.0,44.11940298507463,44.0,84.0,134,0.0,264.0,113.61194029850746,104.0,264.0,134,1.0,1.0,1.0,1.0,1.0,134,0.9999999999999998,1.0000000000000004,1.0,1.0,1.0,134,1.0,1.0,1.0,1.0,1.0,134,0.9999999999999998,1.0000000000000004,1.0,1.0,1.0,134,552.0,0.0,0.0,418.0,134.0,134.0,0.0,0.0,0.0,0.0,0.0,0.0,1.0,0.0,0.0,134.0,134.0,1.0,0.0,0.0,0.0,0.0,0.0,0.0,0.0,0.0,0.0,0.0,0.0,0.0,0.0,457.1651555597782
256,15360000000000,2.0,16.0,2.4463667820069204,2.0,4.0,1156,1.0,10.0,5.740484429065744,5.0,10.0,1156,14.0,23.0,18.259515570934255,19.0,22.0,1156,2.0,6.0,2.309688581314879,2.0,4.0,1156,0.0,84.0,44.80555555555556,44.0,84.0,144,0.0,264.0,115.72222222222223,104.0,264.0,144,1.0,1.0,1.0,1.0,1.0,117,0.9999999999999997,1.0000000000000002,1.0,1.0,1.0,117,1.0,1.5,1.0431820539663677,1.0,1.25,117,0.9999999999999997,1.4051501347313688,1.0313670632481666,1.0,1.1592200658810543,117,552.0,0.0,0.0,409.0,143.0,117.0,26.0,0.0,1.0,0.0,0.0,25.0,0.8181818181818182,28.0,0.23931623931623933,144.0,117.0,0.8125,0.0,0.0,0.0,0.0,27.0,0.1875,0.0,0.0,0.0,0.0,0.0,0.0,0.0,142.29798130691051
257,15420000000000,2.0,14.0,2.4472318339100347,2.0,4.0,1156,1.0,10.0,5.676470588235294,5.0,9.0,1156,14.0,23.0,18.323529411764707,19.0,22.0,1156,2.0,6.0,2.3062283737024223,2.0,4.0,1156,0.0,88.0,46.388489208633096,48.0,84.0,139,0.0,280.0,120.28776978417267,120.0,264.0,139,1.0,1.0,1.0,1.0,1.0,85,0.9999999999999998,1.0000000000000002,1.0,1.0,1.0000000000000002,85,1.0,1.5,1.084113482634244,1.0,1.4666666666666661,85,0.9999999999999998,1.771720199166307,1.0856445545865252,1.0,1.5166705170965542,85,552.0,0.0,0.0,414.0,138.0,85.0,53.0,0.0,1.0,0.0,0.0,52.0,0.6159420289855072,39.0,0.4588235294117647,139.0,85.0,0.6115107913669064,0.0,0.0,0.0,0.0,54.0,0.38848920863309355,0.0,0.0,0.0,0.0,0.0,0.0,0.0,119.80044096708298
258,15480000000000,2.0,15.0,2.4368512110726646,2.0,4.0,1156,2.0,10.0,5.823529411764706,6.0,10.0,1156,14.0,22.0,18.176470588235293,18.0,22.0,1156,2.0,6.0,2.3122837370242215,2.0,4.0,1156,0.0,84.0,44.45112781954887,44.0,84.0,133,0.0,264.0,115.00751879699249,104.0,264.0,133,1.0,1.0,1.0,1.0,1.0,133,0.9999999999999996,1.0000000000000002,1.0,1.0,1.0,133,1.0,1.0,1.0,1.0,1.0,133,0.9999999999999996,1.0000000000000002,1.0,1.0,1.0,133,552.0,0.0,0.0,419.0,133.0,133.0,0.0,0.0,0.0,0.0,0.0,0.0,1.0,0.0,0.0,133.0,133.0,1.0,0.0,0.0,0.0,0.0,0.0,0.0,0.0,0.0,0.0,0.0,0.0,0.0,0.0,453.05695198476315
259,15540000000000,2.0,16.0,2.4394463667820068,2.0,4.0,1156,1.0,10.0,5.77076124567474,6.0,9.25,1156,14.0,23.0,18.22923875432526,18.0,22.0,1156,2.0,6.0,2.3079584775086506,2.0,4.0,1156,0.0,84.0,45.10144927536232,46.0,84.0,138,0.0,264.0,116.7536231884058,112.0,264.0,138,1.0,1.0,1.0,1.0,1.0,113,0.9999999999999998,1.0000000000000002,1.0,1.0,1.0,113,1.0,1.5,1.0410462361399373,1.0,1.25,113,0.9999999999999998,1.4050431531451504,1.0300187778718919,1.0,1.1517100328309686,113,552.0,0.0,0.0,414.0,138.0,113.0,25.0,0.0,2.0,0.0,0.0,23.0,0.8188405797101449,25.0,0.22123893805309736,138.0,113.0,0.8188405797101449,0.0,0.0,0.0,0.0,25.0,0.18115942028985507,0.0,0.0,0.0,0.0,0.0,0.0,0.0,104.88704778254032
260,15600000000000,2.0,14.0,2.449826989619377,2.0,4.0,1156,1.0,10.0,5.7067474048442905,6.0,9.0,1156,14.0,23.0,18.29325259515571,18.0,22.0,1156,2.0,6.0,2.307093425605536,2.0,4.0,1156,0.0,88.0,46.751773049645394,48.0,84.0,141,0.0,280.0,121.64539007092199,120.0,264.0,141,1.0,1.0,1.0,1.0,1.0,86,0.9999999999999998,1.0000000000000002,1.0,1.0,1.0000000000000002,86,1.0,1.5,1.079559376062454,1.0,1.4583333333333333,86,0.9999999999999999,1.763104642362019,1.0823703970281586,1.0000000000000002,1.5061766729909523,86,552.0,0.0,0.0,412.0,140.0,86.0,54.0,0.0,1.0,0.0,0.0,53.0,0.6142857142857143,36.0,0.4186046511627907,141.0,86.0,0.6099290780141844,0.0,0.0,0.0,0.0,55.0,0.3900709219858156,0.0,0.0,0.0,0.0,0.0,0.0,0.0,99.61024858057499
261,15660000000000,2.0,15.0,2.4273356401384083,2.0,4.0,1156,2.0,10.0,5.647058823529412,5.0,9.0,1156,14.0,22.0,18.352941176470587,19.0,22.0,1156,2.0,6.0,2.3079584775086506,2.0,4.0,1156,0.0,84.0,44.56692913385827,44.0,82.79999999999995,127,0.0,264.0,115.90551181102362,104.0,259.1999999999998,127,1.0,1.0,1.0,1.0,1.0,127,0.9999999999999998,1.0000000000000004,1.0,1.0,1.0,127,1.0,1.0,1.0,1.0,1.0,127,0.9999999999999998,1.0000000000000004,1.0,1.0,1.0,127,552.0,0.0,0.0,425.0,127.0,127.0,0.0,0.0,0.0,0.0,0.0,0.0,1.0,0.0,0.0,127.0,127.0,1.0,0.0,0.0,0.0,0.0,0.0,0.0,0.0,0.0,0.0,0.0,0.0,0.0,0.0,308.561347424984
262,15720000000000,2.0,15.0,2.4411764705882355,2.0,4.0,1156,1.0,10.0,5.596020761245675,5.0,9.0,1156,14.0,23.0,18.403979238754324,19.0,22.0,1156,2.0,6.0,2.307093425605536,2.0,4.0,1156,0.0,84.0,44.33587786259542,44.0,82.0,131,0.0,264.0,114.13740458015268,104.0,256.0,131,1.0,1.0,1.0,1.0,1.0,108,1.0,1.0000000000000002,1.0,1.0,1.0000000000000002,108,1.0,1.5,1.0340087676484737,1.0,1.2208333333333325,108,1.0,1.4049696792607729,1.0244562390313061,1.0,1.1193686631416984,108,552.0,0.0,0.0,419.0,133.0,108.0,25.0,0.0,5.0,0.0,0.0,20.0,0.8120300751879699,22.0,0.2037037037037037,131.0,108.0,0.8244274809160306,0.0,0.0,0.0,0.0,23.0,0.17557251908396945,0.0,0.0,0.0,0.0,0.0,0.0,0.0,88.69387581944466
263,15780000000000,2.0,14.0,2.449826989619377,2.0,4.0,1156,1.0,10.0,5.536332179930795,5.0,9.0,1156,14.0,23.0,18.463667820069205,19.0,22.0,1156,2.0,6.0,2.31401384083045,2.0,4.0,1156,0.0,88.0,47.30827067669173,48.0,84.0,133,0.0,280.0,123.18796992481202,120.0,264.0,133,1.0,1.0,1.0,1.0,1.0,85,0.9999999999999998,1.0000000000000002,1.0,1.0,1.0,85,1.0,1.5,1.0763037433539164,1.0,1.4666666666666661,85,1.0,1.754455058740098,1.0797287585778392,1.0,1.5025295232449527,85,552.0,0.0,0.0,407.0,145.0,85.0,60.0,0.0,12.0,0.0,0.0,48.0,0.5862068965517241,34.0,0.4,133.0,85.0,0.6390977443609023,0.0,0.0,0.0,0.0,48.0,0.3609022556390977,0.0,0.0,0.0,0.0,0.0,0.0,0.0,65.19175507128239
264,15840000000000,2.0,16.0,2.4333910034602075,2.0,4.0,1156,1.0,11.0,5.735294117647059,5.5,9.0,1156,13.0,23.0,18.264705882352942,18.5,22.0,1156,2.0,6.0,2.3088235294117645,2.0,4.0,1156,0.0,84.0,44.656716417910445,44.0,84.0,134,0.0,264.0,116.29850746268657,104.0,264.0,134,1.0,1.0,1.0,1.0,1.0,134,0.9999999999999998,1.0000000000000002,1.0,1.0,1.0000000000000002,134,1.0,1.0,1.0,1.0,1.0,134,0.9999999999999998,1.0000000000000002,1.0,1.0,1.0000000000000002,134,552.0,0.0,0.0,418.0,134.0,134.0,0.0,0.0,0.0,0.0,0.0,0.0,1.0,0.0,0.0,134.0,134.0,1.0,0.0,0.0,0.0,0.0,0.0,0.0,0.0,0.0,0.0,0.0,0.0,0.0,0.0,244.03876438736916
265,15900000000000,2.0,15.0,2.4480968858131487,2.0,4.0,1156,0.0,11.0,5.68598615916955,5.0,9.0,1156,13.0,24.0,18.31401384083045,19.0,22.0,1156,2.0,6.0,2.3122837370242215,2.0,4.0,1156,0.0,84.0,45.05263157894737,48.0,84.0,133,0.0,264.0,115.78947368421052,120.0,264.0,133,1.0,1.0,1.0,1.0,1.0,108,0.9999999999999997,1.0000000000000002,1.0,1.0,1.0000000000000002,108,1.0,1.5,1.0320540351381855,1.0,1.2208333333333325,108,0.9999999999999997,1.628585095162217,1.0246164735715149,1.0,1.1198610392076938,108,552.0,0.0,0.0,419.0,133.0,108.0,25.0,0.0,5.0,0.0,0.0,20.0,0.8120300751879699,18.0,0.16666666666666666,133.0,108.0,0.8120300751879699,0.0,0.0,0.0,0.0,25.0,0.18796992481203006,0.0,0.0,0.0,0.0,0.0,0.0,0.0,100.15794076025486
266,15960000000000,2.0,14.0,2.454152249134948,2.0,4.0,1156,0.0,11.0,5.622837370242214,5.0,9.0,1156,13.0,24.0,18.377162629757784,19.0,22.0,1156,2.0,6.0,2.315743944636678,2.0,4.0,1156,0.0,88.0,47.294117647058826,48.0,84.0,136,0.0,280.0,123.52941176470588,120.0,264.0,136,1.0,1.0,1.0,1.0,1.0,88,0.9999999999999997,1.0000000000000002,1.0,1.0,1.0000000000000002,88,1.0,1.5,1.0721241965476591,1.0,1.3333333333333333,88,0.9999999999999997,1.7458350404276024,1.076543124740392,1.0,1.4837242279995804,88,552.0,0.0,0.0,411.0,141.0,88.0,53.0,0.0,6.0,0.0,0.0,47.0,0.624113475177305,35.0,0.3977272727272727,136.0,88.0,0.6470588235294118,0.0,0.0,0.0,0.0,48.0,0.35294117647058826,0.0,0.0,0.0,0.0,0.0,0.0,0.0,86.66997775435448
267,16020000000000,2.0,16.0,2.4333910034602075,2.0,4.0,1156,1.0,11.0,5.852941176470588,5.5,9.0,1156,13.0,23.0,18.147058823529413,18.5,22.0,1156,2.0,6.0,2.3105536332179932,2.0,4.0,1156,0.0,84.0,44.84848484848485,48.0,84.0,132,0.0,264.0,117.21212121212122,120.0,264.0,132,1.0,1.0,1.0,1.0,1.0,132,0.9999999999999998,1.0000000000000002,1.0,1.0,1.0000000000000002,132,1.0,1.0,1.0,1.0,1.0,132,0.9999999999999998,1.0000000000000002,1.0,1.0,1.0000000000000002,132,552.0,0.0,0.0,420.0,132.0,132.0,0.0,0.0,0.0,0.0,0.0,0.0,1.0,0.0,0.0,132.0,132.0,1.0,0.0,0.0,0.0,0.0,0.0,0.0,0.0,0.0,0.0,0.0,0.0,0.0,0.0,303.26821468770504
268,16080000000000,2.0,15.0,2.449826989619377,2.0,4.0,1156,0.0,11.0,5.801038062283737,5.0,9.0,1156,13.0,24.0,18.198961937716263,19.0,22.0,1156,2.0,6.0,2.31401384083045,2.0,4.0,1156,0.0,84.0,45.32330827067669,48.0,84.0,133,0.0,264.0,116.87218045112782,120.0,264.0,133,1.0,1.0,1.0,1.0,1.0,111,0.9999999999999998,1.0000000000000004,1.0,1.0,1.0000000000000002,111,1.0,1.5,1.0311877098641804,1.0,1.2083333333333335,111,0.9999999999999998,1.6207766401634047,1.0240041069848413,1.0,1.1206843694442825,111,552.0,0.0,0.0,417.0,135.0,111.0,24.0,0.0,5.0,0.0,0.0,19.0,0.8222222222222222,18.0,0.16216216216216217,133.0,111.0,0.8345864661654135,0.0,0.0,0.0,0.0,22.0,0.16541353383458646,0.0,0.0,0.0,0.0,0.0,0.0,0.0,98.2923973351717
269,16140000000000,2.0,14.0,2.4506920415224913,2.0,4.0,1156,0.0,11.0,5.731833910034602,5.0,9.0,1156,13.0,24.0,18.268166089965398,19.0,22.0,1156,2.0,6.0,2.3122837370242215,2.0,4.0,1156,0.0,88.0,47.411764705882355,50.0,84.0,136,0.0,280.0,123.47058823529412,128.0,264.0,136,1.0,1.0,1.0,1.0,1.0,83,0.9999999999999998,1.0000000000000002,1.0,1.0,1.0,83,1.0,1.5,1.080409861026445,1.0,1.4833333333333318,83,0.9999999999999998,1.7372672564216312,1.081222915976347,1.0,1.483305441865938,83,552.0,0.0,0.0,418.0,134.0,83.0,51.0,0.0,5.0,0.0,0.0,46.0,0.6194029850746269,34.0,0.40963855421686746,136.0,83.0,0.6102941176470589,0.0,0.0,0.0,0.0,53.0,0.3897058823529412,0.0,0.0,0.0,0.0,0.0,0.0,0.0,91.18009358644485
270,16200000000000,2.0,16.0,2.429930795847751,2.0,4.0,1156,1.0,11.0,5.852941176470588,5.5,9.0,1156,13.0,23.0,18.147058823529413,18.5,22.0,1156,2.0,6.0,2.309688581314879,2.0,4.0,1156,0.0,88.0,45.054263565891475,48.0,84.0,129,0.0,280.0,117.70542635658914,120.0,264.0,129,1.0,1.0,1.0,1.0,1.0,129,0.9999999999999998,1.0000000000000002,1.0,1.0,1.0,129,1.0,1.0,1.0,1.0,1.0,129,0.9999999999999998,1.0000000000000002,1.0,1.0,1.0,129,552.0,0.0,0.0,423.0,129.0,129.0,0.0,0.0,0.0,0.0,0.0,0.0,1.0,0.0,0.0,129.0,129.0,1.0,0.0,0.0,0.0,0.0,0.0,0.0,0.0,0.0,0.0,0.0,0.0,0.0,0.0,272.0773331820965
271,16260000000000,2.0,15.0,2.4506920415224913,2.0,4.0,1156,0.0,11.0,5.802768166089965,5.0,9.0,1156,13.0,24.0,18.197231833910035,19.0,22.0,1156,2.0,6.0,2.31401384083045,2.0,4.0,1156,0.0,88.0,45.52238805970149,48.0,84.0,134,0.0,280.0,117.61194029850746,120.0,264.0,134,1.0,1.0,1.0,1.0,1.0,115,0.9999999999999998,1.0000000000000002,1.0,1.0,1.0000000000000002,115,1.0,1.5,1.0297448636898765,1.0,1.1916666666666664,115,0.9999999999999998,1.4050892370204047,1.0209304582655276,1.0,1.121272243961543,115,552.0,0.0,0.0,419.0,133.0,115.0,18.0,0.0,0.0,0.0,0.0,18.0,0.8646616541353384,18.0,0.1565217391304348,134.0,115.0,0.8582089552238806,0.0,0.0,0.0,0.0,19.0,0.1417910447761194,0.0,0.0,0.0,0.0,0.0,0.0,0.0,84.82502028346062
272,16320000000000,2.0,14.0,2.449826989619377,2.0,4.0,1156,0.0,11.0,5.732698961937716,5.0,9.0,1156,13.0,24.0,18.267301038062282,19.0,22.0,1156,2.0,6.0,2.311418685121107,2.0,4.0,1156,0.0,88.0,46.94117647058823,48.0,84.0,136,0.0,280.0,121.58823529411765,120.0,264.0,136,1.0,1.0,1.0,1.0,1.0,84,0.9999999999999998,1.0000000000000002,1.0,1.0,1.0,84,1.0,1.5,1.0733018071253366,1.0,1.474999999999999,84,0.9999999999999998,1.7287640995615507,1.071665369716555,1.0,1.3183592066900516,84,552.0,0.0,0.0,413.0,139.0,84.0,55.0,0.0,6.0,0.0,0.0,49.0,0.60431654676259,31.0,0.36904761904761907,136.0,84.0,0.6176470588235294,0.0,0.0,0.0,0.0,52.0,0.38235294117647056,0.0,0.0,0.0,0.0,0.0,0.0,0.0,86.75779588520527
273,16380000000000,2.0,16.0,2.4316608996539792,2.0,4.0,1156,2.0,11.0,5.970588235294118,6.0,9.0,1156,13.0,22.0,18.029411764705884,18.0,22.0,1156,2.0,6.0,2.3122837370242215,2.0,4.0,1156,0.0,88.0,45.5,44.0,84.0,128,0.0,280.0,118.4375,104.0,264.0,128,1.0,1.0,1.0,1.0,1.0,128,0.9999999999999998,1.0000000000000002,1.0,1.0,1.0,128,1.0,1.0,1.0,1.0,1.0,128,0.9999999999999998,1.0000000000000002,1.0,1.0,1.0,128,552.0,0.0,0.0,424.0,128.0,128.0,0.0,0.0,0.0,0.0,0.0,0.0,1.0,0.0,0.0,128.0,128.0,1.0,0.0,0.0,0.0,0.0,0.0,0.0,0.0,0.0,0.0,0.0,0.0,0.0,0.0,292.44773276150227
274,16440000000000,2.0,15.0,2.453287197231834,2.0,4.0,1156,1.0,11.0,5.921280276816609,5.5,9.0,1156,13.0,23.0,18.07871972318339,18.5,22.0,1156,2.0,6.0,2.311418685121107,2.0,4.0,1156,0.0,88.0,46.94285714285714,48.0,84.0,140,0.0,280.0,121.94285714285714,120.0,264.0,140,1.0,1.0,1.0,1.0,1.0,123,0.9999999999999998,1.0000000000000002,1.0,1.0,1.0,123,1.0,1.5,1.028291799597395,1.0,1.1666666666666667,123,0.9999999999999998,1.4091700827798497,1.02137097682189,1.0,1.1208412250849076,123,552.0,0.0,0.0,414.0,138.0,123.0,15.0,0.0,3.0,0.0,0.0,12.0,0.8913043478260869,19.0,0.15447154471544716,140.0,123.0,0.8785714285714286,0.0,0.0,0.0,0.0,17.0,0.12142857142857143,0.0,0.0,0.0,0.0,0.0,0.0,0.0,101.30733996629715
275,16500000000000,2.0,15.0,2.4506920415224913,2.0,4.0,1156,1.0,11.0,5.849480968858131,5.0,9.0,1156,13.0,23.0,18.15051903114187,19.0,22.0,1156,2.0,6.0,2.3105536332179932,2.0,4.0,1156,0.0,88.0,47.47826086956522,52.0,84.0,138,0.0,280.0,123.65217391304348,136.0,264.0,138,1.0,1.0,1.0,1.0,1.0,86,0.9999999999999998,1.0000000000000002,1.0,1.0,1.0,86,1.0,1.5,1.0726541963888065,1.0,1.4583333333333333,86,0.9999999999999998,1.720379292604915,1.0693425616924406,1.0,1.3215283024648965,86,552.0,0.0,0.0,411.0,141.0,86.0,55.0,0.0,5.0,0.0,0.0,50.0,0.6099290780141844,32.0,0.37209302325581395,138.0,86.0,0.6231884057971014,0.0,0.0,0.0,0.0,52.0,0.37681159420289856,0.0,0.0,0.0,0.0,0.0,0.0,0.0,95.6758912652731
276,16560000000000,2.0,16.0,2.4368512110726646,2.0,4.0,1156,2.0,11.0,5.970588235294118,6.0,9.0,1156,13.0,22.0,18.029411764705884,18.0,22.0,1156,2.0,6.0,2.3122837370242215,2.0,4.0,1156,0.0,88.0,44.95522388059702,44.0,84.0,134,0.0,280.0,115.88059701492537,104.0,264.0,134,1.0,1.0,1.0,1.0,1.0,134,0.9999999999999999,1.0000000000000002,1.0,1.0,1.0,134,1.0,1.0,1.0,1.0,1.0,134,0.9999999999999999,1.0000000000000002,1.0,1.0,1.0,134,552.0,0.0,0.0,418.0,134.0,134.0,0.0,0.0,0.0,0.0,0.0,0.0,1.0,0.0,0.0,134.0,134.0,1.0,0.0,0.0,0.0,0.0,0.0,0.0,0.0,0.0,0.0,0.0,0.0,0.0,0.0,259.8214205354452
277,16620000000000,2.0,15.0,2.4524221453287196,2.0,4.0,1156,1.0,11.0,5.922145328719723,5.5,9.0,1156,13.0,23.0,18.077854671280278,18.5,22.0,1156,2.0,6.0,2.309688581314879,2.0,4.0,1156,0.0,88.0,46.95035460992908,48.0,84.0,141,0.0,280.0,121.9290780141844,120.0,264.0,141,1.0,1.0,1.0,1.0,1.0,122,0.9999999999999996,1.0000000000000002,1.0,1.0,1.0,122,1.0,1.5,1.0279812695073063,1.0,1.1666666666666667,122,0.9999999999999996,1.4142837183996855,1.0211612423328564,1.0,1.1207030671324523,122,552.0,0.0,0.0,411.0,141.0,122.0,19.0,0.0,2.0,0.0,0.0,17.0,0.8652482269503546,19.0,0.1557377049180328,141.0,122.0,0.8652482269503546,0.0,0.0,0.0,0.0,19.0,0.1347517730496454,0.0,0.0,0.0,0.0,0.0,0.0,0.0,81.63806237280369
278,16680000000000,2.0,15.0,2.453287197231834,2.0,4.0,1156,1.0,11.0,5.85121107266436,5.0,9.0,1156,13.0,23.0,18.14878892733564,19.0,22.0,1156,2.0,6.0,2.3122837370242215,2.0,4.0,1156,0.0,88.0,46.330935251798564,48.0,84.0,139,0.0,280.0,118.50359712230215,120.0,264.0,139,1.0,1.0,1.0,1.0,1.0,84,0.9999999999999999,1.0000000000000002,1.0,1.0,1.0,84,1.0,1.5,1.085476272871231,1.0,1.5,84,0.9999999999999999,1.7238245106504342,1.0845161451889804,1.0,1.4724425767771727,84,552.0,0.0,0.0,411.0,141.0,84.0,57.0,0.0,4.0,0.0,0.0,53.0,0.5957446808510638,37.0,0.44047619047619047,139.0,84.0,0.60431654676259,0.0,0.0,0.0,0.0,55.0,0.39568345323741005,0.0,0.0,0.0,0.0,0.0,0.0,0.0,75.08546113967896
279,16740000000000,2.0,15.0,2.43598615916955,2.0,4.0,1156,2.0,10.0,6.0,6.0,9.0,1156,14.0,22.0,18.0,18.0,22.0,1156,2.0,6.0,2.311418685121107,2.0,4.0,1156,0.0,88.0,44.75187969924812,44.0,84.0,133,0.0,280.0,115.12781954887218,104.0,264.0,133,1.0,1.0,1.0,1.0,1.0,133,0.9999999999999998,1.0000000000000002,1.0,1.0,1.0,133,1.0,1.0,1.0,1.0,1.0,133,0.9999999999999998,1.0000000000000002,1.0,1.0,1.0,133,552.0,0.0,0.0,419.0,133.0,133.0,0.0,0.0,0.0,0.0,0.0,0.0,1.0,0.0,0.0,133.0,133.0,1.0,0.0,0.0,0.0,0.0,0.0,0.0,0.0,0.0,0.0,0.0,0.0,0.0,0.0,295.623941347003
280,16800000000000,2.0,15.0,2.453287197231834,2.0,4.0,1156,1.0,10.0,5.949826989619377,5.5,9.0,1156,14.0,23.0,18.05017301038062,18.5,22.0,1156,2.0,6.0,2.3122837370242215,2.0,4.0,1156,0.0,88.0,45.89928057553957,48.0,84.0,139,0.0,280.0,118.84892086330935,120.0,264.0,139,1.0,1.0,1.0,1.0,1.0,120,0.9999999999999996,1.0000000000000002,1.0,1.0,1.0,120,1.0,1.5,1.032688695427666,1.0,1.25,120,0.9999999999999996,1.4437660453802934,1.0255884876820713,1.0,1.1334978063608518,120,552.0,0.0,0.0,412.0,140.0,120.0,20.0,0.0,3.0,0.0,0.0,17.0,0.8571428571428571,20.0,0.16666666666666666,139.0,120.0,0.8633093525179856,0.0,0.0,0.0,0.0,19.0,0.1366906474820144,0.0,0.0,0.0,0.0,0.0,0.0,0.0,106.17262870073318
281,16860000000000,2.0,14.0,2.461937716262976,2.0,4.0,1156,1.0,10.0,5.876297577854671,5.0,9.0,1156,14.0,23.0,18.12370242214533,19.0,22.0,1156,2.0,6.0,2.3131487889273354,2.0,4.0,1156,0.0,88.0,45.21621621621622,44.0,80.0,148,0.0,280.0,114.21621621621621,104.0,248.0,148,1.0,1.0,1.0,1.0,1.0,81,0.9999999999999997,1.0000000000000002,1.0,1.0,1.0,81,1.0,1.5,1.0828998948279993,1.0,1.5,81,0.9999999999999997,1.7189567901381602,1.0822899679418683,1.0,1.51064175580242,81,552.0,0.0,0.0,403.0,149.0,81.0,68.0,0.0,4.0,0.0,0.0,64.0,0.5436241610738255,32.0,0.3950617283950617,148.0,81.0,0.5472972972972973,0.0,0.0,0.0,0.0,67.0,0.4527027027027027,0.0,0.0,0.0,0.0,0.0,0.0,0.0,99.24527443945408
282,16920000000000,2.0,15.0,2.4394463667820068,2.0,4.0,1156,2.0,10.0,6.0,6.0,9.0,1156,14.0,22.0,18.0,18.0,21.0,1156,2.0,6.0,2.3131487889273354,2.0,4.0,1156,0.0,88.0,44.56296296296296,44.0,84.0,135,0.0,280.0,114.25185185185185,104.0,264.0,135,1.0,1.0,1.0,1.0,1.0,135,0.9999999999999998,1.0000000000000002,1.0,1.0,1.0000000000000002,135,1.0,1.0,1.0,1.0,1.0,135,0.9999999999999998,1.0000000000000002,1.0,1.0,1.0000000000000002,135,552.0,0.0,0.0,417.0,135.0,135.0,0.0,0.0,0.0,0.0,0.0,0.0,1.0,0.0,0.0,135.0,135.0,1.0,0.0,0.0,0.0,0.0,0.0,0.0,0.0,0.0,0.0,0.0,0.0,0.0,0.0,306.85958452522755
283,16980000000000,2.0,15.0,2.4472318339100347,2.0,4.0,1156,1.0,10.0,5.943771626297578,5.5,9.0,1156,14.0,23.0,18.05622837370242,18.5,21.0,1156,2.0,6.0,2.307093425605536,2.0,4.0,1156,0.0,88.0,46.405797101449274,48.0,84.0,138,0.0,280.0,120.40579710144928,120.0,264.0,138,1.0,1.0,1.0,1.0,1.0,118,0.9999999999999998,1.0000000000000002,1.0,1.0,1.0000000000000002,118,1.0,1.5,1.0332427411128808,1.0,1.25,118,0.9999999999999998,1.4514496722745396,1.026216693663936,1.0,1.1400638532359686,118,552.0,0.0,0.0,413.0,139.0,118.0,21.0,0.0,5.0,0.0,0.0,16.0,0.8489208633093526,20.0,0.1694915254237288,138.0,118.0,0.855072463768116,0.0,0.0,0.0,0.0,20.0,0.14492753623188406,0.0,0.0,0.0,0.0,0.0,0.0,0.0,93.99801678955555
284,17040000000000,2.0,14.0,2.459342560553633,2.0,4.0,1156,1.0,10.0,5.8711072664359865,5.0,9.0,1156,14.0,23.0,18.128892733564015,19.0,21.0,1156,2.0,6.0,2.315743944636678,2.0,4.0,1156,0.0,88.0,45.859154929577464,44.0,80.0,142,0.0,280.0,117.01408450704226,104.0,248.0,142,1.0,1.0,1.0,1.0,1.0,81,0.9999999999999999,1.0000000000000002,1.0,1.0,1.0,81,1.0,1.5,1.0848293782389642,1.0,1.5,81,1.0,1.714141215703276,1.0824867778786171,1.0,1.522612439756776,81,552.0,0.0,0.0,408.0,144.0,81.0,63.0,0.0,4.0,0.0,0.0,59.0,0.5625,34.0,0.41975308641975306,142.0,81.0,0.5704225352112676,0.0,0.0,0.0,0.0,61.0,0.4295774647887324,0.0,0.0,0.0,0.0,0.0,0.0,0.0,88.19510601460934
285,17100000000000,2.0,15.0,2.4377162629757785,2.0,4.0,1156,2.0,10.0,5.970588235294118,6.0,9.0,1156,14.0,22.0,18.029411764705884,18.0,21.0,1156,2.0,6.0,2.311418685121107,2.0,4.0,1156,0.0,88.0,45.007407407407406,44.0,84.0,135,0.0,280.0,116.02962962962962,104.0,264.0,135,1.0,1.0,1.0,1.0,1.0,135,1.0,1.0000000000000002,1.0,1.0,1.0000000000000002,135,1.0,1.0,1.0,1.0,1.0,135,1.0,1.0000000000000002,1.0,1.0,1.0000000000000002,135,552.0,0.0,0.0,417.0,135.0,135.0,0.0,0.0,0.0,0.0,0.0,0.0,1.0,0.0,0.0,135.0,135.0,1.0,0.0,0.0,0.0,0.0,0.0,0.0,0.0,0.0,0.0,0.0,0.0,0.0,0.0,246.10179662704468
286,17160000000000,2.0,14.0,2.448961937716263,2.0,4.0,1156,1.0,10.0,5.914359861591696,5.5,9.0,1156,14.0,23.0,18.085640138408305,18.5,21.0,1156,2.0,6.0,2.309688581314879,2.0,4.0,1156,0.0,88.0,45.284671532846716,48.0,84.0,137,0.0,280.0,115.97080291970804,120.0,264.0,137,1.0,1.0,1.0,1.0,1.0,121,0.9999999999999998,1.0000000000000004,1.0,1.0,1.0,121,1.0,1.5,1.0315650865906092,1.0,1.1666666666666667,121,0.9999999999999998,1.4578638023087656,1.0236690475781516,1.0,1.1256069661989114,121,552.0,0.0,0.0,412.0,140.0,121.0,19.0,0.0,6.0,0.0,0.0,13.0,0.8642857142857143,21.0,0.17355371900826447,137.0,121.0,0.8832116788321168,0.0,0.0,0.0,0.0,16.0,0.11678832116788321,0.0,0.0,0.0,0.0,0.0,0.0,0.0,80.05615137517452
287,17220000000000,2.0,13.0,2.4567474048442905,2.0,4.0,1156,1.0,10.0,5.845155709342561,5.0,9.0,1156,14.0,23.0,18.15484429065744,19.0,21.0,1156,2.0,6.0,2.3166089965397925,2.0,4.0,1156,0.0,88.0,46.0,44.0,84.0,138,0.0,280.0,117.73913043478261,104.0,264.0,138,1.0,1.0,1.0,1.0,1.0,85,0.9999999999999998,1.0000000000000002,1.0,1.0,1.0000000000000002,85,1.0,1.5,1.0915325946640826,1.0,1.5,85,0.9999999999999998,1.8548406745156936,1.094088005513159,1.0,1.5669543595921969,85,552.0,0.0,0.0,407.0,145.0,85.0,60.0,0.0,8.0,0.0,0.0,52.0,0.5862068965517241,36.0,0.4235294117647059,138.0,85.0,0.6159420289855072,0.0,0.0,0.0,0.0,53.0,0.38405797101449274,0.0,0.0,0.0,0.0,0.0,0.0,0.0,95.45407630503178
288,17280000000000,2.0,15.0,2.4377162629757785,2.0,4.0,1156,2.0,10.0,5.970588235294118,6.0,9.0,1156,14.0,22.0,18.029411764705884,18.0,22.0,1156,2.0,6.0,2.309688581314879,2.0,4.0,1156,0.0,84.0,44.583941605839414,44.0,84.0,137,0.0,264.0,114.74452554744525,104.0,264.0,137,1.0,1.0,1.0,1.0,1.0,137,0.9999999999999998,1.0000000000000002,1.0,1.0,1.0,137,1.0,1.0,1.0,1.0,1.0,137,0.9999999999999998,1.0000000000000002,1.0,1.0,1.0,137,552.0,0.0,0.0,415.0,137.0,137.0,0.0,0.0,0.0,0.0,0.0,0.0,1.0,0.0,0.0,137.0,137.0,1.0,0.0,0.0,0.0,0.0,0.0,0.0,0.0,0.0,0.0,0.0,0.0,0.0,0.0,323.68703559041023
289,17340000000000,2.0,15.0,2.4550173010380623,2.0,4.0,1156,1.0,10.0,5.91522491349481,6.0,9.0,1156,14.0,23.0,18.08477508650519,18.0,22.0,1156,2.0,6.0,2.3105536332179932,2.0,4.0,1156,0.0,88.0,46.74125874125874,48.0,84.0,143,0.0,280.0,122.01398601398601,120.0,264.0,143,1.0,1.0,1.0,1.0,1.0,119,0.9999999999999998,1.0000000000000002,1.0,1.0,1.0,119,1.0,1.5,1.0315353681579584,1.0,1.1749999999999996,119,0.9999999999999998,1.6735684665307693,1.026721355079482,1.0,1.140554418136622,119,552.0,0.0,0.0,410.0,142.0,119.0,23.0,0.0,2.0,0.0,0.0,21.0,0.8380281690140845,20.0,0.16806722689075632,143.0,119.0,0.8321678321678322,0.0,0.0,0.0,0.0,24.0,0.16783216783216784,0.0,0.0,0.0,0.0,0.0,0.0,0.0,109.64027792215347
290,17400000000000,2.0,13.0,2.4550173010380623,2.0,4.0,1156,1.0,10.0,5.846020761245675,6.0,9.0,1156,14.0,23.0,18.153979238754324,18.0,22.0,1156,2.0,6.0,2.3131487889273354,2.0,4.0,1156,0.0,88.0,46.34285714285714,44.0,84.0,140,0.0,280.0,119.02857142857142,104.0,264.0,140,1.0,1.0,1.0,1.0,1.0,82,0.9999999999999999,1.0000000000000002,1.0,1.0,1.0000000000000002,82,1.0,1.5,1.0970348518052964,1.0,1.5,82,0.9999999999999999,1.8497236722246049,1.1016985001414736,1.0,1.5832489649390724,82,552.0,0.0,0.0,412.0,140.0,82.0,58.0,0.0,3.0,0.0,0.0,55.0,0.5857142857142857,36.0,0.43902439024390244,140.0,82.0,0.5857142857142857,0.0,0.0,0.0,0.0,58.0,0.4142857142857143,0.0,0.0,0.0,0.0,0.0,0.0,0.0,102.64796018600464
291,17460000000000,2.0,15.0,2.440311418685121,2.0,4.0,1156,2.0,10.0,5.911764705882353,5.5,9.0,1156,14.0,22.0,18.08823529411765,18.5,22.0,1156,2.0,6.0,2.3062283737024223,2.0,4.0,1156,0.0,88.0,44.255319148936174,44.0,84.0,141,0.0,280.0,113.70212765957447,104.0,264.0,141,1.0,1.0,1.0,1.0,1.0,141,0.9999999999999997,1.0000000000000002,1.0,1.0,1.0000000000000002,141,1.0,1.0,1.0,1.0,1.0,141,0.9999999999999997,1.0000000000000002,1.0,1.0,1.0000000000000002,141,552.0,0.0,0.0,411.0,141.0,141.0,0.0,0.0,0.0,0.0,0.0,0.0,1.0,0.0,0.0,141.0,141.0,1.0,0.0,0.0,0.0,0.0,0.0,0.0,0.0,0.0,0.0,0.0,0.0,0.0,0.0,286.294549703598
292,17520000000000,2.0,13.0,2.4515570934256057,2.0,4.0,1156,1.0,10.0,5.854671280276817,5.0,9.0,1156,14.0,23.0,18.14532871972318,19.0,22.0,1156,2.0,6.0,2.311418685121107,2.0,4.0,1156,0.0,88.0,46.0,48.0,84.0,138,0.0,280.0,119.30434782608695,120.0,264.0,138,1.0,1.0,1.0,1.0,1.0,112,0.9999999999999998,1.0000000000000002,1.0,1.0,1.0000000000000002,112,1.0,1.5,1.0378580693641093,1.0,1.25,112,0.9999999999999998,1.6681558510266892,1.0334000885938863,1.0,1.1813812209243675,112,552.0,0.0,0.0,412.0,140.0,112.0,28.0,0.0,6.0,0.0,0.0,22.0,0.8,21.0,0.1875,138.0,112.0,0.8115942028985508,0.0,0.0,0.0,0.0,26.0,0.18840579710144928,0.0,0.0,0.0,0.0,0.0,0.0,0.0,81.13312348723412
293,17580000000000,2.0,14.0,2.453287197231834,2.0,4.0,1156,1.0,10.0,5.788927335640138,5.0,9.0,1156,14.0,23.0,18.21107266435986,19.0,22.0,1156,2.0,6.0,2.311418685121107,2.0,4.0,1156,0.0,88.0,45.42857142857143,44.0,84.0,140,0.0,280.0,116.4,104.0,264.0,140,1.0,1.0,1.0,1.0,1.0,80,0.9999999999999998,1.0000000000000002,1.0,1.0,1.0,80,1.0,1.5,1.0883000088147148,1.0,1.5,80,0.9999999999999998,1.8945182006306491,1.1021705764625582,1.0,1.673983475174565,80,552.0,0.0,0.0,413.0,139.0,80.0,59.0,0.0,6.0,0.0,0.0,53.0,0.5755395683453237,33.0,0.4125,140.0,80.0,0.5714285714285714,0.0,0.0,0.0,0.0,60.0,0.42857142857142855,0.0,0.0,0.0,0.0,0.0,0.0,0.0,87.51337230205536
294,17640000000000,2.0,16.0,2.4437716262975777,2.0,4.0,1156,2.0,10.0,5.852941176470588,5.5,10.0,1156,14.0,22.0,18.147058823529413,18.5,22.0,1156,2.0,6.0,2.3088235294117645,2.0,4.0,1156,0.0,88.0,43.38028169014085,44.0,83.79999999999995,142,0.0,280.0,111.15492957746478,104.0,263.1999999999998,142,1.0,1.0,1.0,1.0,1.0,142,0.9999999999999998,1.0000000000000002,1.0,1.0,1.0000000000000002,142,1.0,1.0,1.0,1.0,1.0,142,0.9999999999999998,1.0000000000000002,1.0,1.0,1.0000000000000002,142,552.0,0.0,0.0,410.0,142.0,142.0,0.0,0.0,0.0,0.0,0.0,0.0,1.0,0.0,0.0,142.0,142.0,1.0,0.0,0.0,0.0,0.0,0.0,0.0,0.0,0.0,0.0,0.0,0.0,0.0,0.0,274.94155801832676
295,17700000000000,2.0,13.0,2.4480968858131487,2.0,4.0,1156,1.0,10.0,5.794117647058823,5.0,10.0,1156,14.0,23.0,18.205882352941178,19.0,22.0,1156,2.0,6.0,2.3088235294117645,2.0,4.0,1156,0.0,88.0,45.8978102189781,48.0,84.0,137,0.0,280.0,118.94890510948905,120.0,264.0,137,1.0,1.0,1.0,1.0,1.0,113,0.9999999999999998,1.0000000000000004,1.0,1.0,1.0000000000000002,113,1.0,1.5,1.0381419328256913,1.0,1.25,113,0.9999999999999998,1.6624989397846572,1.0334679639325166,1.0,1.1813129292676465,113,552.0,0.0,0.0,414.0,138.0,113.0,25.0,0.0,3.0,0.0,0.0,22.0,0.8188405797101449,22.0,0.19469026548672566,137.0,113.0,0.8248175182481752,0.0,0.0,0.0,0.0,24.0,0.17518248175182483,0.0,0.0,0.0,0.0,0.0,0.0,0.0,97.55296446383
296,17760000000000,2.0,14.0,2.4472318339100347,2.0,4.0,1156,1.0,10.0,5.726643598615917,5.0,9.0,1156,14.0,23.0,18.273356401384085,19.0,22.0,1156,2.0,6.0,2.3044982698961936,2.0,4.0,1156,0.0,84.0,44.680851063829785,44.0,84.0,141,0.0,264.0,113.87234042553192,104.0,264.0,141,1.0,1.0,1.0,1.0,1.0,81,0.9999999999999998,1.0000000000000002,1.0,1.0,1.0000000000000002,81,1.0,1.5,1.0746523931164456,1.0,1.3333333333333333,81,0.9999999999999998,1.9111326147284922,1.0849893794304923,1.0,1.3481350881406604,81,552.0,0.0,0.0,408.0,144.0,81.0,63.0,0.0,4.0,0.0,0.0,59.0,0.5625,31.0,0.38271604938271603,141.0,81.0,0.574468085106383,0.0,0.0,0.0,0.0,60.0,0.425531914893617,0.0,0.0,0.0,0.0,0.0,0.0,0.0,92.34296530485153
297,17820000000000,2.0,16.0,2.434256055363322,2.0,4.0,1156,2.0,10.0,5.735294117647059,6.0,9.0,1156,14.0,22.0,18.264705882352942,18.0,22.0,1156,2.0,6.0,2.3044982698961936,2.0,4.0,1156,0.0,88.0,43.23529411764706,44.0,84.0,136,0.0,280.0,111.0,104.0,264.0,136,1.0,1.0,1.0,1.0,1.0,136,0.9999999999999998,1.0000000000000002,1.0,1.0,1.0,136,1.0,1.0,1.0,1.0,1.0,136,0.9999999999999998,1.0000000000000002,1.0,1.0,1.0,136,552.0,0.0,0.0,416.0,136.0,136.0,0.0,0.0,0.0,0.0,0.0,0.0,1.0,0.0,0.0,136.0,136.0,1.0,0.0,0.0,0.0,0.0,0.0,0.0,0.0,0.0,0.0,0.0,0.0,0.0,0.0,344.8893763124943
298,17880000000000,2.0,14.0,2.4480968858131487,2.0,4.0,1156,1.0,10.0,5.680795847750865,6.0,9.0,1156,14.0,23.0,18.319204152249135,18.0,22.0,1156,2.0,6.0,2.3088235294117645,2.0,4.0,1156,0.0,88.0,45.86861313868613,48.0,84.0,137,0.0,280.0,118.83211678832117,120.0,264.0,137,1.0,1.0,1.0,1.0,1.0,116,0.9999999999999999,1.0000000000000002,1.0,1.0,1.0,116,1.0,1.5,1.033313823178174,1.0,1.1875,116,0.9999999999999999,1.6566506170198758,1.0314454441267658,1.0,1.1508150634974448,116,552.0,0.0,0.0,413.0,139.0,116.0,23.0,0.0,2.0,0.0,0.0,21.0,0.8345323741007195,21.0,0.1810344827586207,137.0,116.0,0.8467153284671532,0.0,0.0,0.0,0.0,21.0,0.15328467153284672,0.0,0.0,0.0,0.0,0.0,0.0,0.0,91.56518429517746
299,17940000000000,2.0,14.0,2.442906574394464,2.0,4.0,1156,1.0,10.0,5.615051903114187,6.0,9.0,1156,14.0,23.0,18.384948096885815,18.0,22.0,1156,2.0,6.0,2.3036332179930796,2.0,4.0,1156,0.0,84.0,44.46715328467153,44.0,80.79999999999995,137,0.0,264.0,113.22627737226277,104.0,251.19999999999982,137,1.0,1.0,1.0,1.0,1.0,80,0.9999999999999998,1.0000000000000004,1.0,1.0,1.0000000000000002,80,1.0,1.5,1.081399040093893,1.0,1.3416666666666661,80,0.9999999999999998,1.9271747416211618,1.0872181487555121,1.0,1.362208340126379,80,552.0,0.0,0.0,413.0,139.0,80.0,59.0,0.0,4.0,0.0,0.0,55.0,0.5755395683453237,32.0,0.4,137.0,80.0,0.583941605839416,0.0,0.0,0.0,0.0,57.0,0.41605839416058393,0.0,0.0,0.0,0.0,0.0,0.0,0.0,95.87866440415382
300,18000000000000,2.0,16.0,2.430795847750865,2.0,4.0,1156,2.0,10.0,5.735294117647059,6.0,9.0,1156,14.0,22.0,18.264705882352942,18.0,22.0,1156,2.0,6.0,2.3027681660899653,2.0,4.0,1156,0.0,88.0,42.8955223880597,44.0,84.0,134,0.0,280.0,109.25373134328358,104.0,264.0,134,1.0,1.0,1.0,1.0,1.0,134,0.9999999999999998,1.0000000000000004,1.0,1.0,1.0000000000000002,134,1.0,1.0,1.0,1.0,1.0,134,0.9999999999999998,1.0000000000000004,1.0,1.0,1.0000000000000002,134,552.0,0.0,0.0,418.0,134.0,134.0,0.0,0.0,0.0,0.0,0.0,0.0,1.0,0.0,0.0,134.0,134.0,1.0,0.0,0.0,0.0,0.0,0.0,0.0,0.0,0.0,0.0,0.0,0.0,0.0,0.0,269.5943955332041
301,18060000000000,2.0,14.0,2.444636678200692,2.0,4.0,1156,1.0,10.0,5.681660899653979,6.0,9.0,1156,14.0,23.0,18.31833910034602,18.0,22.0,1156,2.0,6.0,2.309688581314879,2.0,4.0,1156,0.0,88.0,46.484848484848484,48.0,84.0,132,0.0,280.0,121.03030303030303,120.0,264.0,132,1.0,1.0,1.0,1.0,1.0,114,0.9999999999999998,1.0000000000000002,1.0,1.0,1.0,114,1.0,1.5,1.032099457273606,1.0,1.1666666666666667,114,0.9999999999999998,1.650637838106362,1.02878288060226,1.0,1.1438390923434263,114,552.0,0.0,0.0,415.0,137.0,114.0,23.0,0.0,6.0,0.0,0.0,17.0,0.8321167883211679,23.0,0.20175438596491227,132.0,114.0,0.8636363636363636,0.0,0.0,0.0,0.0,18.0,0.13636363636363635,0.0,0.0,0.0,0.0,0.0,0.0,0.0,88.96173723042011
302,18120000000000,2.0,14.0,2.434256055363322,2.0,4.0,1156,1.0,10.0,5.615051903114187,6.0,9.0,1156,14.0,23.0,18.384948096885815,18.0,22.0,1156,2.0,6.0,2.3027681660899653,2.0,4.0,1156,0.0,84.0,44.97709923664122,48.0,84.0,131,0.0,264.0,115.6030534351145,120.0,264.0,131,1.0,1.0,1.0,1.0,1.0,70,0.9999999999999996,1.0000000000000002,1.0,1.0,1.0000000000000002,70,1.0,1.5,1.0699897977839155,1.0,1.3333333333333333,70,1.0,1.9424115067123247,1.0781251589038328,1.0,1.440555289774304,70,552.0,0.0,0.0,417.0,135.0,70.0,65.0,0.0,6.0,0.0,0.0,59.0,0.5185185185185185,24.0,0.34285714285714286,131.0,70.0,0.5343511450381679,0.0,0.0,0.0,0.0,61.0,0.46564885496183206,0.0,0.0,0.0,0.0,0.0,0.0,0.0,104.38749194145203
303,18180000000000,2.0,16.0,2.435121107266436,2.0,4.0,1156,2.0,10.0,5.852941176470588,6.0,10.0,1156,14.0,22.0,18.147058823529413,18.0,22.0,1156,2.0,6.0,2.3044982698961936,2.0,4.0,1156,0.0,88.0,43.2992700729927,44.0,84.0,137,0.0,280.0,109.60583941605839,104.0,264.0,137,1.0,1.0,1.0,1.0,1.0,137,0.9999999999999998,1.0000000000000002,1.0,1.0,1.0,137,1.0,1.0,1.0,1.0,1.0,137,0.9999999999999998,1.0000000000000002,1.0,1.0,1.0,137,552.0,0.0,0.0,415.0,137.0,137.0,0.0,0.0,0.0,0.0,0.0,0.0,1.0,0.0,0.0,137.0,137.0,1.0,0.0,0.0,0.0,0.0,0.0,0.0,0.0,0.0,0.0,0.0,0.0,0.0,0.0,308.951772749424
304,18240000000000,2.0,14.0,2.454152249134948,2.0,4.0,1156,1.0,10.0,5.798442906574395,6.0,10.0,1156,14.0,23.0,18.201557093425606,18.0,22.0,1156,2.0,6.0,2.3131487889273354,2.0,4.0,1156,0.0,88.0,46.1294964028777,48.0,84.0,139,0.0,280.0,119.76978417266187,120.0,264.0,139,1.0,1.0,1.0,1.0,1.0,121,0.9999999999999997,1.0000000000000002,1.0,1.0,1.0,121,1.0,1.5,1.0316031784614672,1.0,1.1666666666666667,121,0.9999999999999997,1.644483541347017,1.0281654459974978,1.0,1.1168319875132287,121,552.0,0.0,0.0,412.0,140.0,121.0,19.0,0.0,4.0,0.0,0.0,15.0,0.8642857142857143,23.0,0.19008264462809918,139.0,121.0,0.8705035971223022,0.0,0.0,0.0,0.0,18.0,0.12949640287769784,0.0,0.0,0.0,0.0,0.0,0.0,0.0,98.58247451484203
305,18300000000000,2.0,14.0,2.4368512110726646,2.0,4.0,1156,1.0,10.0,5.728373702422146,6.0,9.0,1156,14.0,23.0,18.271626297577853,18.0,22.0,1156,2.0,6.0,2.2984429065743943,2.0,4.0,1156,0.0,84.0,45.32374100719424,48.0,84.0,139,0.0,264.0,116.54676258992805,120.0,264.0,139,1.0,1.0,1.0,1.0,1.0,69,0.9999999999999998,1.0000000000000002,1.0,1.0,1.0,69,1.0,1.5,1.0689285210384956,1.0,1.3333333333333333,69,0.9999999999999998,1.9565456858385373,1.0737238294002769,1.0,1.3378199376260138,69,552.0,0.0,0.0,418.0,134.0,69.0,65.0,0.0,4.0,0.0,0.0,61.0,0.5149253731343284,26.0,0.37681159420289856,139.0,69.0,0.49640287769784175,0.0,0.0,0.0,0.0,70.0,0.5035971223021583,0.0,0.0,0.0,0.0,0.0,0.0,0.0,85.22648364305496
306,18360000000000,2.0,16.0,2.440311418685121,2.0,4.0,1156,2.0,11.0,5.882352941176471,6.0,10.0,1156,13.0,22.0,18.11764705882353,18.0,22.0,1156,2.0,6.0,2.307093425605536,2.0,4.0,1156,0.0,88.0,43.94285714285714,44.0,84.0,140,0.0,280.0,112.0,104.0,264.0,140,1.0,1.0,1.0,1.0,1.0,140,0.9999999999999998,1.0000000000000002,1.0,1.0,1.0,140,1.0,1.0,1.0,1.0,1.0,140,0.9999999999999998,1.0000000000000002,1.0,1.0,1.0,140,552.0,0.0,0.0,412.0,140.0,140.0,0.0,0.0,0.0,0.0,0.0,0.0,1.0,0.0,0.0,140.0,140.0,1.0,0.0,0.0,0.0,0.0,0.0,0.0,0.0,0.0,0.0,0.0,0.0,0.0,0.0,251.94880738854408
307,18420000000000,2.0,14.0,2.457612456747405,2.0,4.0,1156,1.0,11.0,5.825259515570934,6.0,10.0,1156,13.0,23.0,18.174740484429066,18.0,22.0,1156,2.0,6.0,2.314878892733564,2.0,4.0,1156,0.0,88.0,46.0709219858156,48.0,84.0,141,0.0,280.0,118.41134751773049,120.0,264.0,141,1.0,1.0,1.0,1.0,1.0,123,0.9999999999999998,1.0000000000000002,1.0,1.0,1.0,123,1.0,1.5,1.0377383476558513,1.0,1.2449999999999997,123,0.9999999999999998,1.6382385404629942,1.0318100424904215,1.0,1.1409158075077936,123,552.0,0.0,0.0,410.0,142.0,123.0,19.0,0.0,3.0,0.0,0.0,16.0,0.8661971830985915,26.0,0.21138211382113822,141.0,123.0,0.8723404255319149,0.0,0.0,0.0,0.0,18.0,0.1276595744680851,0.0,0.0,0.0,0.0,0.0,0.0,0.0,84.19877476990223
308,18480000000000,2.0,14.0,2.4333910034602075,2.0,4.0,1156,1.0,11.0,5.7543252595155705,6.0,10.0,1156,13.0,23.0,18.24567474048443,18.0,22.0,1156,2.0,6.0,2.2984429065743943,2.0,4.0,1156,0.0,88.0,45.54074074074074,48.0,81.19999999999999,135,0.0,280.0,116.56296296296296,120.0,252.79999999999995,135,1.0,1.0,1.0,1.0,1.0,58,0.9999999999999997,1.0000000000000002,1.0,1.0,1.0000000000000002,58,1.0,1.5,1.0752473101611033,1.0,1.3333333333333333,58,0.9999999999999998,1.9692763115813634,1.080133493897137,1.0000000000000002,1.346656825297066,58,552.0,0.0,0.0,425.0,127.0,58.0,69.0,0.0,3.0,0.0,0.0,66.0,0.4566929133858268,25.0,0.43103448275862066,135.0,58.0,0.42962962962962964,0.0,0.0,0.0,0.0,77.0,0.5703703703703704,0.0,0.0,0.0,0.0,0.0,0.0,0.0,88.14011514186859
309,18540000000000,2.0,17.0,2.4567474048442905,2.0,4.0,1156,1.0,11.0,6.0,6.5,9.0,1156,13.0,23.0,18.0,17.5,22.0,1156,2.0,6.0,2.3122837370242215,2.0,4.0,1156,0.0,88.0,44.78321678321678,48.0,84.0,143,0.0,280.0,115.18881118881119,120.0,264.0,143,1.0,1.0,1.0,1.0,1.0,143,0.9999999999999998,1.0000000000000002,1.0,1.0,1.0,143,1.0,1.0,1.0,1.0,1.0,143,0.9999999999999998,1.0000000000000002,1.0,1.0,1.0,143,552.0,0.0,0.0,409.0,143.0,143.0,0.0,0.0,0.0,0.0,0.0,0.0,1.0,0.0,0.0,143.0,143.0,1.0,0.0,0.0,0.0,0.0,0.0,0.0,0.0,0.0,0.0,0.0,0.0,0.0,0.0,349.91009160876274
310,18600000000000,2.0,14.0,2.458477508650519,2.0,4.0,1156,0.0,11.0,5.9342560553633215,6.0,9.0,1156,13.0,24.0,18.06574394463668,18.0,22.0,1156,2.0,6.0,2.3122837370242215,2.0,4.0,1156,0.0,88.0,46.53793103448276,48.0,84.0,145,0.0,280.0,120.1103448275862,120.0,264.0,145,1.0,1.0,1.0,1.0,1.0,121,0.9999999999999997,1.0000000000000002,1.0,1.0,1.0,121,1.0,1.5,1.045020772184117,1.0,1.25,121,0.9999999999999998,1.6319259388073666,1.0372486816783768,1.0,1.1783266815473756,121,552.0,0.0,0.0,410.0,142.0,121.0,21.0,0.0,2.0,0.0,0.0,19.0,0.852112676056338,31.0,0.256198347107438,145.0,121.0,0.8344827586206897,0.0,0.0,0.0,0.0,24.0,0.16551724137931034,0.0,0.0,0.0,0.0,0.0,0.0,0.0,106.56358487904072
311,18660000000000,2.0,14.0,2.43598615916955,2.0,4.0,1156,0.0,11.0,5.866782006920415,6.0,9.0,1156,13.0,24.0,18.133217993079583,18.0,22.0,1156,2.0,6.0,2.301038062283737,2.0,4.0,1156,0.0,88.0,46.48888888888889,48.0,84.0,135,0.0,280.0,120.35555555555555,120.0,264.0,135,1.0,1.0,1.0,1.0,1.0,59,0.9999999999999998,1.0000000000000002,1.0,1.0,1.0000000000000002,59,1.0,1.3333333333333333,1.0620907106076598,1.0,1.2583333333333329,59,0.9999999999999999,1.4236830516721337,1.0570060938572527,1.0,1.2158698255751308,59,552.0,0.0,0.0,424.0,128.0,59.0,69.0,0.0,0.0,0.0,0.0,69.0,0.4609375,27.0,0.4576271186440678,135.0,59.0,0.43703703703703706,0.0,0.0,0.0,0.0,76.0,0.562962962962963,0.0,0.0,0.0,0.0,0.0,0.0,0.0,96.38090245425701
312,18720000000000,2.0,17.0,2.459342560553633,2.0,4.0,1156,2.0,11.0,6.088235294117647,6.5,9.0,1156,13.0,22.0,17.91176470588235,17.5,22.0,1156,2.0,6.0,2.3174740484429064,2.0,4.0,1156,0.0,88.0,44.628571428571426,44.0,84.0,140,0.0,280.0,114.74285714285715,104.0,264.0,140,1.0,1.0,1.0,1.0,1.0,140,0.9999999999999998,1.0000000000000002,1.0,1.0,1.0000000000000002,140,1.0,1.0,1.0,1.0,1.0,140,0.9999999999999998,1.0000000000000002,1.0,1.0,1.0000000000000002,140,552.0,0.0,0.0,412.0,140.0,140.0,0.0,0.0,0.0,0.0,0.0,0.0,1.0,0.0,0.0,140.0,140.0,1.0,0.0,0.0,0.0,0.0,0.0,0.0,0.0,0.0,0.0,0.0,0.0,0.0,0.0,277.63825096189976
313,18780000000000,2.0,14.0,2.4697231833910034,2.0,4.0,1156,1.0,11.0,6.027681660899654,6.0,9.0,1156,13.0,23.0,17.972318339100347,18.0,22.0,1156,2.0,6.0,2.320069204152249,2.0,4.0,1156,0.0,88.0,46.630872483221474,48.0,84.0,149,0.0,280.0,120.32214765100672,120.0,264.0,149,1.0,1.0,1.0,1.0,1.0,127,0.9999999999999999,1.0000000000000002,1.0,1.0,1.0000000000000002,127,1.0,1.5,1.041993183852841,1.0,1.25,127,0.9999999999999999,1.6255637504299498,1.0349868098900015,1.0,1.171953503568122,127,552.0,0.0,0.0,403.0,149.0,127.0,22.0,0.0,2.0,0.0,0.0,20.0,0.8523489932885906,29.0,0.2283464566929134,149.0,127.0,0.8523489932885906,0.0,0.0,0.0,0.0,22.0,0.1476510067114094,0.0,0.0,0.0,0.0,0.0,0.0,0.0,84.53571982681751
314,18840000000000,2.0,15.0,2.4411764705882355,2.0,4.0,1156,1.0,11.0,5.955882352941177,6.0,9.0,1156,13.0,23.0,18.044117647058822,18.0,22.0,1156,2.0,6.0,2.3036332179930796,2.0,4.0,1156,0.0,88.0,45.94202898550725,48.0,84.0,138,0.0,280.0,118.02898550724638,120.0,264.0,138,1.0,1.0,1.0,1.0,1.0,69,0.9999999999999997,1.0000000000000004,1.0,1.0,1.0000000000000002,69,1.0,1.5,1.0830552499030761,1.0,1.4333333333333325,69,0.9999999999999997,1.6659750625902818,1.0809096280787636,1.0000000000000002,1.4017795848258987,69,552.0,0.0,0.0,414.0,138.0,69.0,69.0,0.0,3.0,0.0,0.0,66.0,0.5,30.0,0.43478260869565216,138.0,69.0,0.5,0.0,0.0,0.0,0.0,69.0,0.5,0.0,0.0,0.0,0.0,0.0,0.0,0.0,83.25509540736675
315,18900000000000,2.0,17.0,2.4558823529411766,2.0,4.0,1156,2.0,11.0,6.0,6.5,9.0,1156,13.0,22.0,18.0,17.5,22.0,1156,2.0,6.0,2.314878892733564,2.0,4.0,1156,0.0,88.0,44.143884892086334,44.0,84.0,139,0.0,280.0,113.38129496402878,104.0,264.0,139,1.0,1.0,1.0,1.0,1.0,139,0.9999999999999998,1.0000000000000002,1.0,1.0,1.0000000000000002,139,1.0,1.0,1.0,1.0,1.0,139,0.9999999999999998,1.0000000000000002,1.0,1.0,1.0000000000000002,139,552.0,0.0,0.0,413.0,139.0,139.0,0.0,0.0,0.0,0.0,0.0,0.0,1.0,0.0,0.0,139.0,139.0,1.0,0.0,0.0,0.0,0.0,0.0,0.0,0.0,0.0,0.0,0.0,0.0,0.0,0.0,255.85346296429634
316,18960000000000,2.0,14.0,2.454152249134948,2.0,4.0,1156,1.0,11.0,5.936851211072664,6.0,9.0,1156,13.0,23.0,18.063148788927336,18.0,22.0,1156,2.0,6.0,2.31401384083045,2.0,4.0,1156,0.0,88.0,45.971014492753625,48.0,84.0,138,0.0,280.0,118.66666666666667,120.0,264.0,138,1.0,1.0,1.0,1.0,1.0,118,0.9999999999999996,1.0000000000000002,1.0,1.0,1.0,118,1.0,1.5,1.0348952013146928,1.0,1.2074999999999996,118,0.9999999999999996,1.6191989556779012,1.0279041092042247,1.0,1.1429438930275417,118,552.0,0.0,0.0,412.0,140.0,118.0,22.0,0.0,4.0,0.0,0.0,18.0,0.8428571428571429,22.0,0.1864406779661017,138.0,118.0,0.855072463768116,0.0,0.0,0.0,0.0,20.0,0.14492753623188406,0.0,0.0,0.0,0.0,0.0,0.0,0.0,85.54943650960922
317,19020000000000,2.0,14.0,2.4316608996539792,2.0,4.0,1156,1.0,11.0,5.867647058823529,6.0,9.0,1156,13.0,23.0,18.13235294117647,18.0,22.0,1156,2.0,6.0,2.2984429065743943,2.0,4.0,1156,0.0,88.0,46.526315789473685,48.0,84.0,133,0.0,280.0,120.6015037593985,120.0,264.0,133,1.0,1.0,1.0,1.0,1.0,68,0.9999999999999998,1.0000000000000002,1.0,1.0,1.0,68,1.0,1.5,1.0837738854282972,1.0,1.4416666666666664,68,1.0,1.6841731342005994,1.0817229425723571,1.0,1.4127026889487313,68,552.0,0.0,0.0,415.0,137.0,68.0,69.0,0.0,6.0,0.0,0.0,63.0,0.49635036496350365,30.0,0.4411764705882353,133.0,68.0,0.5112781954887218,0.0,0.0,0.0,0.0,65.0,0.48872180451127817,0.0,0.0,0.0,0.0,0.0,0.0,0.0,91.16764180362225
318,19080000000000,2.0,17.0,2.4653979238754324,2.0,4.0,1156,2.0,11.0,6.029411764705882,6.5,9.0,1156,13.0,22.0,17.970588235294116,17.5,22.0,1156,2.0,6.0,2.3166089965397925,2.0,4.0,1156,0.0,88.0,44.24324324324324,44.0,84.0,148,0.0,280.0,113.72972972972973,104.0,264.0,148,1.0,1.0,1.0,1.0,1.0,148,0.9999999999999998,1.0000000000000002,1.0,1.0,1.0000000000000002,148,1.0,1.0,1.0,1.0,1.0,148,0.9999999999999998,1.0000000000000002,1.0,1.0,1.0000000000000002,148,552.0,0.0,0.0,404.0,148.0,148.0,0.0,0.0,0.0,0.0,0.0,0.0,1.0,0.0,0.0,148.0,148.0,1.0,0.0,0.0,0.0,0.0,0.0,0.0,0.0,0.0,0.0,0.0,0.0,0.0,0.0,320.8371791988611
319,19140000000000,2.0,14.0,2.4567474048442905,2.0,4.0,1156,1.0,11.0,5.961937716262976,6.0,9.0,1156,13.0,23.0,18.038062283737023,18.0,22.0,1156,2.0,6.0,2.3131487889273354,2.0,4.0,1156,0.0,88.0,45.71830985915493,48.0,83.79999999999995,142,0.0,280.0,116.95774647887323,120.0,263.1999999999998,142,1.0,1.0,1.0,1.0,1.0,118,0.9999999999999998,1.0000000000000002,1.0,1.0,1.0,118,1.0,1.5,1.0412917943638282,1.0,1.25,118,0.9999999999999998,1.6128367490897415,1.0338944468526374,1.0,1.1567068121437118,118,552.0,0.0,0.0,410.0,142.0,118.0,24.0,0.0,3.0,0.0,0.0,21.0,0.8309859154929577,26.0,0.22033898305084745,142.0,118.0,0.8309859154929577,0.0,0.0,0.0,0.0,24.0,0.16901408450704225,0.0,0.0,0.0,0.0,0.0,0.0,0.0,107.07775875926018
320,19200000000000,2.0,15.0,2.438581314878893,2.0,4.0,1156,1.0,11.0,5.896193771626297,6.0,9.0,1156,13.0,23.0,18.103806228373703,18.0,22.0,1156,2.0,6.0,2.3027681660899653,2.0,4.0,1156,0.0,88.0,46.294117647058826,48.0,84.0,136,0.0,280.0,119.52941176470588,120.0,264.0,136,1.0,1.0,1.0,1.0,1.0,68,0.9999999999999998,1.0000000000000002,1.0,1.0,1.0000000000000002,68,1.0,1.5,1.0868551179212944,1.0,1.4416666666666664,68,0.9999999999999998,1.7018523024849206,1.0861778503317632,1.0000000000000002,1.4196320756472742,68,552.0,0.0,0.0,413.0,139.0,68.0,71.0,0.0,7.0,0.0,0.0,64.0,0.4892086330935252,32.0,0.47058823529411764,136.0,68.0,0.5,0.0,0.0,0.0,0.0,68.0,0.5,0.0,0.0,0.0,0.0,0.0,0.0,0.0,84.38305743038654
321,19260000000000,2.0,16.0,2.461937716262976,2.0,4.0,1156,2.0,10.0,6.0,6.5,9.0,1156,14.0,22.0,18.0,17.5,22.0,1156,2.0,6.0,2.3131487889273354,2.0,4.0,1156,0.0,88.0,44.891891891891895,44.0,84.0,148,0.0,280.0,115.35135135135135,104.0,264.0,148,1.0,1.0,1.0,1.0,1.0,148,0.9999999999999997,1.0000000000000002,1.0,1.0,1.0,148,1.0,1.0,1.0,1.0,1.0,148,0.9999999999999997,1.0000000000000002,1.0,1.0,1.0,148,552.0,0.0,0.0,404.0,148.0,148.0,0.0,0.0,0.0,0.0,0.0,0.0,1.0,0.0,0.0,148.0,148.0,1.0,0.0,0.0,0.0,0.0,0.0,0.0,0.0,0.0,0.0,0.0,0.0,0.0,0.0,268.7530480325222
322,19320000000000,2.0,13.0,2.4567474048442905,2.0,4.0,1156,1.0,10.0,5.931660899653979,6.0,9.0,1156,14.0,23.0,18.06833910034602,18.0,22.0,1156,2.0,6.0,2.3088235294117645,2.0,4.0,1156,0.0,88.0,46.72108843537415,48.0,82.79999999999995,147,0.0,280.0,120.76190476190476,120.0,259.1999999999998,147,1.0,1.0,1.0,1.0,1.0,113,0.9999999999999997,1.0000000000000004,1.0,1.0,1.0,113,1.0,1.5,1.0435613427870065,1.0,1.25,113,0.9999999999999997,1.6065160434280796,1.0353425174044535,1.0,1.1642381616321418,113,552.0,0.0,0.0,408.0,144.0,113.0,31.0,0.0,3.0,0.0,0.0,28.0,0.7847222222222222,25.0,0.22123893805309736,147.0,113.0,0.7687074829931972,0.0,0.0,0.0,0.0,34.0,0.23129251700680273,0.0,0.0,0.0,0.0,0.0,0.0,0.0,84.42448079586029
323,19380000000000,2.0,15.0,2.4437716262975777,2.0,4.0,1156,1.0,10.0,5.869377162629758,6.0,9.0,1156,14.0,23.0,18.130622837370243,18.0,22.0,1156,2.0,6.0,2.3062283737024223,2.0,4.0,1156,0.0,88.0,45.768115942028984,44.0,84.0,138,0.0,280.0,117.33333333333333,104.0,264.0,138,1.0,1.0,1.0,1.0,1.0,70,0.9999999999999998,1.0000000000000002,1.0,1.0,1.0000000000000002,70,1.0,1.5,1.0778259240759243,1.0,1.4249999999999994,70,1.0,1.7188844981088962,1.0776125421115743,1.0,1.4037809139274384,70,552.0,0.0,0.0,413.0,139.0,70.0,69.0,0.0,5.0,0.0,0.0,64.0,0.5035971223021583,30.0,0.42857142857142855,138.0,70.0,0.5072463768115942,0.0,0.0,0.0,0.0,68.0,0.4927536231884058,0.0,0.0,0.0,0.0,0.0,0.0,0.0,89.85478430986404
324,19440000000000,2.0,16.0,2.4437716262975777,2.0,4.0,1156,2.0,10.0,5.970588235294118,6.5,9.0,1156,14.0,22.0,18.029411764705884,17.5,22.0,1156,2.0,6.0,2.311418685121107,2.0,4.0,1156,0.0,88.0,45.49640287769784,48.0,84.0,139,0.0,280.0,117.75539568345324,120.0,264.0,139,1.0,1.0,1.0,1.0,1.0,139,0.9999999999999998,1.0000000000000002,1.0,1.0,1.0000000000000002,139,1.0,1.0,1.0,1.0,1.0,139,0.9999999999999998,1.0000000000000002,1.0,1.0,1.0000000000000002,139,552.0,0.0,0.0,413.0,139.0,139.0,0.0,0.0,0.0,0.0,0.0,0.0,1.0,0.0,0.0,139.0,139.0,1.0,0.0,0.0,0.0,0.0,0.0,0.0,0.0,0.0,0.0,0.0,0.0,0.0,0.0,272.6547811180353
325,19500000000000,2.0,14.0,2.459342560553633,2.0,4.0,1156,1.0,10.0,5.907439446366782,6.0,9.0,1156,14.0,23.0,18.092560553633216,18.0,22.0,1156,2.0,6.0,2.31401384083045,2.0,4.0,1156,0.0,88.0,46.27777777777778,48.0,80.0,144,0.0,280.0,119.11111111111111,120.0,248.0,144,1.0,1.0,1.0,1.0,1.0,114,0.9999999999999998,1.0000000000000002,1.0,1.0,1.0000000000000002,114,1.0,1.5,1.0436103248603248,1.0,1.25,114,0.9999999999999998,1.6002514591894978,1.0362946464723122,1.0,1.1992894086160368,114,552.0,0.0,0.0,404.0,148.0,114.0,34.0,0.0,7.0,0.0,0.0,27.0,0.7702702702702703,25.0,0.21929824561403508,144.0,114.0,0.7916666666666666,0.0,0.0,0.0,0.0,30.0,0.20833333333333334,0.0,0.0,0.0,0.0,0.0,0.0,0.0,97.44085930287838
326,19560000000000,2.0,14.0,2.457612456747405,2.0,4.0,1156,1.0,10.0,5.8477508650519034,6.0,9.0,1156,14.0,23.0,18.152249134948097,18.0,22.0,1156,2.0,6.0,2.311418685121107,2.0,4.0,1156,0.0,88.0,45.98620689655172,44.0,80.0,145,0.0,280.0,117.90344827586208,104.0,248.0,145,1.0,1.0,1.0,1.0,1.0,78,0.9999999999999999,1.0000000000000002,1.0,1.0,1.0,78,1.0,1.5,1.0766813848544619,1.0,1.5,78,0.9999999999999999,1.7351715820189597,1.0759343704844264,1.0,1.4353431566074364,78,552.0,0.0,0.0,409.0,143.0,78.0,65.0,0.0,2.0,0.0,0.0,63.0,0.5454545454545454,31.0,0.3974358974358974,145.0,78.0,0.5379310344827586,0.0,0.0,0.0,0.0,67.0,0.46206896551724136,0.0,0.0,0.0,0.0,0.0,0.0,0.0,93.6454962939024
327,19620000000000,2.0,16.0,2.4437716262975777,2.0,4.0,1156,2.0,10.0,5.970588235294118,6.0,9.0,1156,14.0,22.0,18.029411764705884,18.0,22.0,1156,2.0,6.0,2.311418685121107,2.0,4.0,1156,0.0,88.0,45.43884892086331,48.0,84.0,139,0.0,280.0,117.5251798561151,120.0,264.0,139,1.0,1.0,1.0,1.0,1.0,139,0.9999999999999997,1.0000000000000002,1.0,1.0,1.0000000000000002,139,1.0,1.0,1.0,1.0,1.0,139,0.9999999999999997,1.0000000000000002,1.0,1.0,1.0000000000000002,139,552.0,0.0,0.0,413.0,139.0,139.0,0.0,0.0,0.0,0.0,0.0,0.0,1.0,0.0,0.0,139.0,139.0,1.0,0.0,0.0,0.0,0.0,0.0,0.0,0.0,0.0,0.0,0.0,0.0,0.0,0.0,321.1729284375906
328,19680000000000,2.0,14.0,2.4506920415224913,2.0,4.0,1156,1.0,10.0,5.907439446366782,6.0,9.0,1156,14.0,23.0,18.092560553633216,18.0,22.0,1156,2.0,6.0,2.3105536332179932,2.0,4.0,1156,0.0,88.0,47.53623188405797,48.0,80.60000000000002,138,0.0,280.0,124.92753623188406,120.0,250.4000000000001,138,1.0,1.0,1.0,1.0,1.0,111,0.9999999999999998,1.0000000000000002,1.0,1.0,1.0000000000000002,111,1.0,1.5,1.0360557647322355,1.0,1.25,111,0.9999999999999998,1.5940556009935898,1.0304158829598429,1.0,1.1674006644112915,111,552.0,0.0,0.0,414.0,138.0,111.0,27.0,0.0,3.0,0.0,0.0,24.0,0.8043478260869565,19.0,0.17117117117117117,138.0,111.0,0.8043478260869565,0.0,0.0,0.0,0.0,27.0,0.1956521739130435,0.0,0.0,0.0,0.0,0.0,0.0,0.0,92.42043644189835
329,19740000000000,2.0,14.0,2.4411764705882355,2.0,4.0,1156,1.0,10.0,5.850346020761246,6.0,9.0,1156,14.0,23.0,18.149653979238753,18.0,22.0,1156,2.0,6.0,2.3105536332179932,2.0,4.0,1156,0.0,84.0,45.82089552238806,44.0,81.39999999999998,134,0.0,264.0,117.19402985074628,104.0,253.5999999999999,134,1.0,1.0,1.0,1.0,1.0,74,0.9999999999999998,1.0000000000000002,1.0,1.0,1.0,74,1.0,1.5,1.0674489174489175,1.0,1.5,74,0.9999999999999998,1.7506147076307128,1.0697295071101116,1.0,1.4433281279966972,74,552.0,0.0,0.0,418.0,134.0,74.0,60.0,0.0,3.0,0.0,0.0,57.0,0.5522388059701493,22.0,0.2972972972972973,134.0,74.0,0.5522388059701493,0.0,0.0,0.0,0.0,60.0,0.44776119402985076,0.0,0.0,0.0,0.0,0.0,0.0,0.0,91.47397615015507
330,19800000000000,2.0,16.0,2.4455017301038064,2.0,4.0,1156,2.0,10.0,5.9411764705882355,6.0,10.0,1156,14.0,22.0,18.058823529411764,18.0,22.0,1156,2.0,6.0,2.311418685121107,2.0,4.0,1156,0.0,88.0,45.95744680851064,48.0,84.0,141,0.0,280.0,119.48936170212765,120.0,264.0,141,1.0,1.0,1.0,1.0,1.0,141,0.9999999999999998,1.0000000000000002,1.0,1.0,1.0,141,1.0,1.0,1.0,1.0,1.0,141,0.9999999999999998,1.0000000000000002,1.0,1.0,1.0,141,552.0,0.0,0.0,411.0,141.0,141.0,0.0,0.0,0.0,0.0,0.0,0.0,1.0,0.0,0.0,141.0,141.0,1.0,0.0,0.0,0.0,0.0,0.0,0.0,0.0,0.0,0.0,0.0,0.0,0.0,0.0,272.45516888797283
331,19860000000000,2.0,15.0,2.4524221453287196,2.0,4.0,1156,1.0,10.0,5.875432525951557,6.0,10.0,1156,14.0,23.0,18.124567474048444,18.0,22.0,1156,2.0,6.0,2.311418685121107,2.0,4.0,1156,0.0,88.0,46.67625899280576,48.0,80.39999999999998,139,0.0,280.0,122.99280575539568,120.0,249.5999999999999,139,1.0,1.0,1.0,1.0,1.0,109,0.9999999999999998,1.0000000000000004,1.0,1.0,1.0,109,1.0,1.5,1.0290138288586752,1.0,1.2,109,0.9999999999999998,1.5879537382132178,1.025072245629227,1.0,1.1347882430858836,109,552.0,0.0,0.0,416.0,136.0,109.0,27.0,0.0,0.0,0.0,0.0,27.0,0.8014705882352942,17.0,0.1559633027522936,139.0,109.0,0.7841726618705036,0.0,0.0,0.0,0.0,30.0,0.2158273381294964,0.0,0.0,0.0,0.0,0.0,0.0,0.0,106.07634857296944
332,19920000000000,2.0,14.0,2.4420415224913494,2.0,4.0,1156,1.0,10.0,5.820069204152249,6.0,9.0,1156,14.0,23.0,18.17993079584775,18.0,22.0,1156,2.0,6.0,2.3122837370242215,2.0,4.0,1156,0.0,84.0,45.26315789473684,44.0,80.0,133,0.0,264.0,115.00751879699249,104.0,248.0,133,1.0,1.0,1.0,1.0,1.0,70,0.9999999999999999,1.0000000000000002,1.0,1.0,1.0,70,1.0,1.5,1.0643355057640773,1.0,1.5,70,0.9999999999999999,1.7651046148818854,1.0671903430396168,1.0,1.4477093397648024,70,552.0,0.0,0.0,418.0,134.0,70.0,64.0,0.0,3.0,0.0,0.0,61.0,0.5223880597014925,18.0,0.2571428571428571,133.0,70.0,0.5263157894736842,0.0,0.0,0.0,0.0,63.0,0.47368421052631576,0.0,0.0,0.0,0.0,0.0,0.0,0.0,105.79856112599373
333,19980000000000,2.0,16.0,2.4463667820069204,2.0,4.0,1156,2.0,10.0,5.970588235294118,6.0,10.0,1156,14.0,22.0,18.029411764705884,18.0,22.0,1156,2.0,6.0,2.3166089965397925,2.0,4.0,1156,0.0,88.0,45.970588235294116,48.0,81.0,136,0.0,280.0,120.3529411764706,120.0,252.0,136,1.0,1.0,1.0,1.0,1.0,136,0.9999999999999998,1.0000000000000002,1.0,1.0,1.0,136,1.0,1.0,1.0,1.0,1.0,136,0.9999999999999998,1.0000000000000002,1.0,1.0,1.0,136,552.0,0.0,0.0,416.0,136.0,136.0,0.0,0.0,0.0,0.0,0.0,0.0,1.0,0.0,0.0,136.0,136.0,1.0,0.0,0.0,0.0,0.0,0.0,0.0,0.0,0.0,0.0,0.0,0.0,0.0,0.0,289.2759572714567
334,20040000000000,2.0,15.0,2.4610726643598615,2.0,4.0,1156,1.0,10.0,5.904844290657439,6.0,10.0,1156,14.0,23.0,18.09515570934256,18.0,22.0,1156,2.0,6.0,2.314878892733564,2.0,4.0,1156,0.0,88.0,46.53793103448276,48.0,84.0,145,0.0,280.0,122.59310344827587,120.0,264.0,145,1.0,1.0,1.0,1.0,1.0,117,0.9999999999999998,1.0000000000000002,1.0,1.0,1.0,117,1.0,1.5,1.0286889071768408,1.0,1.173333333333333,117,0.9999999999999998,1.5685387502851065,1.0218090471953105,1.0,1.1198200249930472,117,552.0,0.0,0.0,410.0,142.0,117.0,25.0,0.0,1.0,0.0,0.0,24.0,0.823943661971831,22.0,0.18803418803418803,145.0,117.0,0.8068965517241379,0.0,0.0,0.0,0.0,28.0,0.19310344827586207,0.0,0.0,0.0,0.0,0.0,0.0,0.0,90.3739482164383
335,20100000000000,2.0,14.0,2.43598615916955,2.0,4.0,1156,1.0,10.0,5.844290657439446,6.0,9.0,1156,14.0,23.0,18.155709342560552,18.0,22.0,1156,2.0,6.0,2.307093425605536,2.0,4.0,1156,0.0,84.0,45.02255639097744,44.0,80.0,133,0.0,264.0,114.04511278195488,104.0,248.0,133,1.0,1.0,1.0,1.0,1.0,66,0.9999999999999996,1.0,1.0,1.0,1.0,66,1.0,1.5,1.0697497788406878,1.0,1.5,66,0.9999999999999997,1.7786048746980252,1.0735681864899134,1.0,1.4486766728845955,66,552.0,0.0,0.0,423.0,129.0,66.0,63.0,0.0,4.0,0.0,0.0,59.0,0.5116279069767442,19.0,0.2878787878787879,133.0,66.0,0.49624060150375937,0.0,0.0,0.0,0.0,67.0,0.5037593984962406,0.0,0.0,0.0,0.0,0.0,0.0,0.0,82.0526983588934
336,20160000000000,2.0,16.0,2.4506920415224913,2.0,4.0,1156,2.0,10.0,5.882352941176471,6.0,9.0,1156,14.0,22.0,18.11764705882353,18.0,22.0,1156,2.0,6.0,2.314878892733564,2.0,4.0,1156,0.0,88.0,45.62237762237762,48.0,83.60000000000002,143,0.0,280.0,118.54545454545455,120.0,262.4000000000001,143,1.0,1.0,1.0,1.0,1.0,143,0.9999999999999998,1.0000000000000002,1.0,1.0,1.0000000000000002,143,1.0,1.0,1.0,1.0,1.0,143,0.9999999999999998,1.0000000000000002,1.0,1.0,1.0000000000000002,143,552.0,0.0,0.0,409.0,143.0,143.0,0.0,0.0,0.0,0.0,0.0,0.0,1.0,0.0,0.0,143.0,143.0,1.0,0.0,0.0,0.0,0.0,0.0,0.0,0.0,0.0,0.0,0.0,0.0,0.0,0.0,254.91857342422009
337,20220000000000,2.0,14.0,2.4550173010380623,2.0,4.0,1156,1.0,10.0,5.818339100346021,6.0,9.0,1156,14.0,23.0,18.18166089965398,18.0,22.0,1156,2.0,6.0,2.3131487889273354,2.0,4.0,1156,0.0,88.0,45.857142857142854,48.0,84.0,140,0.0,280.0,120.17142857142858,120.0,264.0,140,1.0,1.0,1.0,1.0,1.0,112,0.9999999999999997,1.0,1.0,1.0,1.0,112,1.0,1.5,1.0293319068594804,1.0,1.1816666666666662,112,0.9999999999999997,1.5623713887552617,1.0221192017987915,1.0,1.1251068565292819,112,552.0,0.0,0.0,411.0,141.0,112.0,29.0,0.0,5.0,0.0,0.0,24.0,0.7943262411347518,21.0,0.1875,140.0,112.0,0.8,0.0,0.0,0.0,0.0,28.0,0.2,0.0,0.0,0.0,0.0,0.0,0.0,0.0,96.31548449397087
338,20280000000000,2.0,14.0,2.434256055363322,2.0,4.0,1156,1.0,10.0,5.7612456747404845,6.0,9.0,1156,14.0,23.0,18.238754325259517,18.0,22.0,1156,2.0,6.0,2.3088235294117645,2.0,4.0,1156,0.0,84.0,44.86821705426357,44.0,80.0,129,0.0,264.0,113.6124031007752,104.0,248.0,129,1.0,1.0,1.0,1.0,1.0,69,0.9999999999999998,1.0000000000000002,1.0,1.0,1.0,69,1.0,1.5,1.066717179760658,1.0,1.5,69,1.0,1.7910480556049777,1.0710693685357981,1.0,1.44975627357176,69,552.0,0.0,0.0,423.0,129.0,69.0,60.0,0.0,4.0,0.0,0.0,56.0,0.5348837209302325,19.0,0.2753623188405797,129.0,69.0,0.5348837209302325,0.0,0.0,0.0,0.0,60.0,0.46511627906976744,0.0,0.0,0.0,0.0,0.0,0.0,0.0,95.28655558824539
339,20340000000000,2.0,16.0,2.4506920415224913,2.0,4.0,1156,2.0,10.0,5.852941176470588,6.0,9.0,1156,14.0,22.0,18.147058823529413,18.0,22.0,1156,2.0,6.0,2.31401384083045,2.0,4.0,1156,0.0,88.0,45.43283582089552,48.0,84.0,134,0.0,280.0,117.7910447761194,120.0,264.0,134,1.0,1.0,1.0,1.0,1.0,134,0.9999999999999998,1.0000000000000002,1.0,1.0,1.0,134,1.0,1.0,1.0,1.0,1.0,134,0.9999999999999998,1.0000000000000002,1.0,1.0,1.0,134,552.0,0.0,0.0,418.0,134.0,134.0,0.0,0.0,0.0,0.0,0.0,0.0,1.0,0.0,0.0,134.0,134.0,1.0,0.0,0.0,0.0,0.0,0.0,0.0,0.0,0.0,0.0,0.0,0.0,0.0,0.0,293.08575950562954
340,20400000000000,2.0,14.0,2.4524221453287196,2.0,4.0,1156,1.0,10.0,5.790657439446367,6.0,9.0,1156,14.0,23.0,18.209342560553633,18.0,22.0,1156,2.0,6.0,2.311418685121107,2.0,4.0,1156,0.0,88.0,45.78417266187051,48.0,84.0,139,0.0,280.0,119.94244604316546,120.0,264.0,139,1.0,1.0,1.0,1.0,1.0,116,0.9999999999999998,1.0000000000000002,1.0,1.0,1.0000000000000002,116,1.0,1.5,1.0292184503011075,1.0,1.175,116,0.9999999999999998,1.5551977498942353,1.021795764987312,1.0,1.1217428111660972,116,552.0,0.0,0.0,413.0,139.0,116.0,23.0,0.0,2.0,0.0,0.0,21.0,0.8345323741007195,22.0,0.1896551724137931,139.0,116.0,0.8345323741007195,0.0,0.0,0.0,0.0,23.0,0.16546762589928057,0.0,0.0,0.0,0.0,0.0,0.0,0.0,102.0654272288084
341,20460000000000,2.0,14.0,2.430795847750865,2.0,4.0,1156,1.0,10.0,5.731833910034602,6.0,9.0,1156,14.0,23.0,18.268166089965398,18.0,22.0,1156,2.0,6.0,2.3079584775086506,2.0,4.0,1156,0.0,88.0,45.42635658914729,44.0,84.0,129,0.0,280.0,115.84496124031008,104.0,264.0,129,1.0,1.0,1.0,1.0,1.0,69,0.9999999999999998,1.0000000000000002,1.0,1.0,1.0,69,1.0,1.5,1.0676229768621073,1.0,1.5,69,0.9999999999999998,1.802371946904259,1.0722970251318302,1.0,1.4500465306512162,69,552.0,0.0,0.0,422.0,130.0,69.0,61.0,0.0,4.0,0.0,0.0,57.0,0.5307692307692308,20.0,0.2898550724637681,129.0,69.0,0.5348837209302325,0.0,0.0,0.0,0.0,60.0,0.46511627906976744,0.0,0.0,0.0,0.0,0.0,0.0,0.0,95.61018459498882
342,20520000000000,2.0,16.0,2.444636678200692,2.0,4.0,1156,2.0,10.0,5.794117647058823,6.0,9.0,1156,14.0,22.0,18.205882352941178,18.0,22.0,1156,2.0,6.0,2.307093425605536,2.0,4.0,1156,0.0,88.0,44.977777777777774,48.0,84.0,135,0.0,280.0,115.37777777777778,120.0,264.0,135,1.0,1.0,1.0,1.0,1.0,135,0.9999999999999998,1.0000000000000002,1.0,1.0,1.0000000000000002,135,1.0,1.0,1.0,1.0,1.0,135,0.9999999999999998,1.0000000000000002,1.0,1.0,1.0000000000000002,135,552.0,0.0,0.0,417.0,135.0,135.0,0.0,0.0,0.0,0.0,0.0,0.0,1.0,0.0,0.0,135.0,135.0,1.0,0.0,0.0,0.0,0.0,0.0,0.0,0.0,0.0,0.0,0.0,0.0,0.0,0.0,283.8843781501055
343,20580000000000,2.0,14.0,2.4472318339100347,2.0,4.0,1156,2.0,10.0,5.731833910034602,6.0,9.0,1156,14.0,22.0,18.268166089965398,18.0,22.0,1156,2.0,6.0,2.3088235294117645,2.0,4.0,1156,0.0,88.0,46.470588235294116,48.0,84.0,136,0.0,280.0,121.29411764705883,120.0,264.0,136,1.0,1.0,1.0,1.0,1.0,111,0.9999999999999998,1.0000000000000002,1.0,1.0,1.0,111,1.0,1.5,1.0279069690834397,1.0,1.1833333333333333,111,0.9999999999999998,1.54715318287179,1.0209839100339677,1.0,1.1265543276469718,111,552.0,0.0,0.0,414.0,138.0,111.0,27.0,0.0,4.0,0.0,0.0,23.0,0.8043478260869565,19.0,0.17117117117117117,136.0,111.0,0.8161764705882353,0.0,0.0,0.0,0.0,25.0,0.18382352941176472,0.0,0.0,0.0,0.0,0.0,0.0,0.0,88.61090429127216
344,20640000000000,2.0,14.0,2.426470588235294,2.0,4.0,1156,1.0,10.0,5.673010380622838,6.0,9.0,1156,14.0,23.0,18.326989619377162,18.0,22.0,1156,2.0,6.0,2.3079584775086506,2.0,4.0,1156,0.0,88.0,45.516129032258064,44.0,83.39999999999998,124,0.0,280.0,116.45161290322581,104.0,261.5999999999999,124,1.0,1.0,1.0,1.0,1.0,70,0.9999999999999997,1.0000000000000002,1.0,1.0,1.0,70,1.0,1.5,1.0640165448463768,1.0,1.5,70,0.9999999999999997,1.81259028200234,1.0671744482705483,1.0,1.4249623250174017,70,552.0,0.0,0.0,427.0,125.0,70.0,55.0,0.0,4.0,0.0,0.0,51.0,0.56,21.0,0.3,124.0,70.0,0.5645161290322581,0.0,0.0,0.0,0.0,54.0,0.43548387096774194,0.0,0.0,0.0,0.0,0.0,0.0,0.0,90.90823866426945
345,20700000000000,2.0,16.0,2.442906574394464,2.0,4.0,1156,2.0,10.0,5.852941176470588,6.0,10.0,1156,14.0,22.0,18.147058823529413,18.0,22.0,1156,2.0,6.0,2.309688581314879,2.0,4.0,1156,0.0,88.0,45.47692307692308,48.0,84.0,130,0.0,280.0,116.55384615384615,120.0,264.0,130,1.0,1.0,1.0,1.0,1.0,130,0.9999999999999998,1.0000000000000002,1.0,1.0,1.0,130,1.0,1.0,1.0,1.0,1.0,130,0.9999999999999998,1.0000000000000002,1.0,1.0,1.0,130,552.0,0.0,0.0,422.0,130.0,130.0,0.0,0.0,0.0,0.0,0.0,0.0,1.0,0.0,0.0,130.0,130.0,1.0,0.0,0.0,0.0,0.0,0.0,0.0,0.0,0.0,0.0,0.0,0.0,0.0,0.0,272.3640035837889
346,20760000000000,2.0,14.0,2.453287197231834,2.0,4.0,1156,2.0,10.0,5.788927335640138,6.0,10.0,1156,14.0,22.0,18.21107266435986,18.0,22.0,1156,2.0,6.0,2.3088235294117645,2.0,4.0,1156,0.0,88.0,46.6013986013986,48.0,84.0,143,0.0,280.0,121.45454545454545,120.0,264.0,143,1.0,1.0,1.0,1.0,1.0,118,0.9999999999999996,1.0000000000000002,1.0,1.0,1.0,118,1.0,1.5,1.0267295239378988,1.0,1.1716666666666664,118,0.9999999999999996,1.5383828222746692,1.0200606554941731,1.0,1.1345463659545283,118,552.0,0.0,0.0,407.0,145.0,118.0,27.0,0.0,4.0,0.0,0.0,23.0,0.8137931034482758,18.0,0.15254237288135594,143.0,118.0,0.8251748251748252,0.0,0.0,0.0,0.0,25.0,0.17482517482517482,0.0,0.0,0.0,0.0,0.0,0.0,0.0,83.65393243730068
347,20820000000000,2.0,15.0,2.4247404844290656,2.0,4.0,1156,1.0,10.0,5.72923875432526,6.0,9.0,1156,14.0,23.0,18.27076124567474,18.0,22.0,1156,2.0,6.0,2.3062283737024223,2.0,4.0,1156,0.0,88.0,45.26984126984127,44.0,83.0,126,0.0,280.0,115.36507936507937,104.0,260.0,126,1.0,1.0,1.0,1.0,1.0,70,0.9999999999999998,1.0000000000000002,1.0,1.0,1.0000000000000002,70,1.0,1.5,1.0640165448463768,1.0,1.5,70,0.9999999999999998,1.821671961212914,1.0676372881532212,1.0,1.4250701998567565,70,552.0,0.0,0.0,425.0,127.0,70.0,57.0,0.0,3.0,0.0,0.0,54.0,0.5511811023622047,21.0,0.3,126.0,70.0,0.5555555555555556,0.0,0.0,0.0,0.0,56.0,0.4444444444444444,0.0,0.0,0.0,0.0,0.0,0.0,0.0,91.3867000490427
348,20880000000000,2.0,16.0,2.4420415224913494,2.0,4.0,1156,2.0,10.0,5.911764705882353,6.5,10.0,1156,14.0,22.0,18.08823529411765,17.5,22.0,1156,2.0,6.0,2.3079584775086506,2.0,4.0,1156,0.0,88.0,45.80152671755725,48.0,84.0,131,0.0,280.0,116.70229007633588,120.0,264.0,131,1.0,1.0,1.0,1.0,1.0,131,0.9999999999999998,1.0000000000000002,1.0,1.0,1.0000000000000002,131,1.0,1.0,1.0,1.0,1.0,131,0.9999999999999998,1.0000000000000002,1.0,1.0,1.0000000000000002,131,552.0,0.0,0.0,421.0,131.0,131.0,0.0,0.0,0.0,0.0,0.0,0.0,1.0,0.0,0.0,131.0,131.0,1.0,0.0,0.0,0.0,0.0,0.0,0.0,0.0,0.0,0.0,0.0,0.0,0.0,0.0,278.614928945899
349,20940000000000,2.0,14.0,2.453287197231834,2.0,4.0,1156,1.0,10.0,5.845155709342561,6.0,10.0,1156,14.0,23.0,18.15484429065744,18.0,22.0,1156,2.0,6.0,2.3079584775086506,2.0,4.0,1156,0.0,88.0,46.94444444444444,48.0,84.0,144,0.0,280.0,122.27777777777777,120.0,264.0,144,1.0,1.0,1.0,1.0,1.0,116,0.9999999999999998,1.0000000000000002,1.0,1.0,1.0000000000000002,116,1.0,1.5,1.0331171019368282,1.0,1.2333333333333334,116,0.9999999999999998,1.698655896956471,1.0285379791443277,1.0,1.1634508599443714,116,552.0,0.0,0.0,410.0,142.0,116.0,26.0,0.0,2.0,0.0,0.0,24.0,0.8169014084507042,21.0,0.1810344827586207,144.0,116.0,0.8055555555555556,0.0,0.0,0.0,0.0,28.0,0.19444444444444445,0.0,0.0,0.0,0.0,0.0,0.0,0.0,96.72067128121853
350,21000000000000,2.0,15.0,2.429930795847751,2.0,4.0,1156,1.0,10.0,5.788927335640138,6.0,9.0,1156,14.0,23.0,18.21107266435986,18.0,22.0,1156,2.0,6.0,2.311418685121107,2.0,4.0,1156,0.0,88.0,45.301587301587304,44.0,83.0,126,0.0,280.0,116.06349206349206,104.0,260.0,126,1.0,1.0,1.0,1.0,1.0,74,0.9999999999999999,1.0000000000000002,1.0,1.0,1.0000000000000002,74,1.0,1.5,1.0691849496996555,1.0,1.5,74,0.9999999999999999,1.829610110023469,1.0750074520062447,1.0,1.4399678091000776,74,552.0,0.0,0.0,424.0,128.0,74.0,54.0,0.0,6.0,0.0,0.0,48.0,0.578125,25.0,0.33783783783783783,126.0,74.0,0.5873015873015873,0.0,0.0,0.0,0.0,52.0,0.4126984126984127,0.0,0.0,0.0,0.0,0.0,0.0,0.0,84.79269407689571
351,21060000000000,2.0,16.0,2.448961937716263,2.0,4.0,1156,1.0,10.0,6.029411764705882,6.0,10.0,1156,14.0,23.0,17.970588235294116,18.0,22.0,1156,2.0,6.0,2.314878892733564,2.0,4.0,1156,0.0,88.0,45.74045801526717,48.0,82.0,131,0.0,280.0,116.45801526717557,120.0,256.0,131,1.0,1.0,1.0,1.0,1.0,131,0.9999999999999998,1.0000000000000002,1.0,1.0,1.0000000000000002,131,1.0,1.0,1.0,1.0,1.0,131,0.9999999999999998,1.0000000000000002,1.0,1.0,1.0000000000000002,131,552.0,0.0,0.0,421.0,131.0,131.0,0.0,0.0,0.0,0.0,0.0,0.0,1.0,0.0,0.0,131.0,131.0,1.0,0.0,0.0,0.0,0.0,0.0,0.0,0.0,0.0,0.0,0.0,0.0,0.0,0.0,291.40630550682545
352,21120000000000,2.0,14.0,2.4480968858131487,2.0,4.0,1156,1.0,10.0,5.953287197231834,6.0,10.0,1156,14.0,23.0,18.046712802768166,18.0,22.0,1156,2.0,6.0,2.307093425605536,2.0,4.0,1156,0.0,88.0,47.194244604316545,48.0,84.0,139,0.0,280.0,123.51079136690647,120.0,264.0,139,1.0,1.0,1.0,1.0,1.0,100,0.9999999999999998,1.0000000000000002,1.0,1.0,1.0000000000000002,100,1.0,1.5,1.0332776390276388,1.0,1.2066666666666663,100,0.9999999999999998,1.6871841757430583,1.0282956696749666,1.0,1.1601088039731373,100,552.0,0.0,0.0,424.0,128.0,100.0,28.0,0.0,1.0,0.0,0.0,27.0,0.78125,17.0,0.17,139.0,100.0,0.7194244604316546,0.0,0.0,0.0,0.0,39.0,0.2805755395683453,0.0,0.0,0.0,0.0,0.0,0.0,0.0,102.64218784868717
353,21180000000000,2.0,15.0,2.4230103806228374,2.0,4.0,1156,1.0,10.0,5.89878892733564,6.0,9.0,1156,14.0,23.0,18.10121107266436,18.0,22.0,1156,2.0,6.0,2.3088235294117645,2.0,4.0,1156,0.0,88.0,44.79338842975206,44.0,80.0,121,0.0,280.0,114.31404958677686,104.0,248.0,121,1.0,1.0,1.0,1.0,1.0,64,0.9999999999999999,1.0000000000000002,1.0,1.0,1.0,64,1.0,1.5,1.07114093142356,1.0,1.474999999999999,64,0.9999999999999999,1.8364378671241597,1.0793713809335175,1.0,1.4509969019686004,64,552.0,0.0,0.0,427.0,125.0,64.0,61.0,0.0,7.0,0.0,0.0,54.0,0.512,23.0,0.359375,121.0,64.0,0.5289256198347108,0.0,0.0,0.0,0.0,57.0,0.47107438016528924,0.0,0.0,0.0,0.0,0.0,0.0,0.0,87.32445165514946
354,21240000000000,2.0,16.0,2.454152249134948,2.0,4.0,1156,2.0,10.0,6.117647058823529,6.5,10.0,1156,14.0,22.0,17.88235294117647,17.5,22.0,1156,2.0,6.0,2.3166089965397925,2.0,4.0,1156,0.0,88.0,46.1037037037037,48.0,84.0,135,0.0,280.0,119.34814814814816,120.0,264.0,135,1.0,1.0,1.0,1.0,1.0,135,0.9999999999999997,1.0000000000000002,1.0,1.0,1.0,135,1.0,1.0,1.0,1.0,1.0,135,0.9999999999999997,1.0000000000000002,1.0,1.0,1.0,135,552.0,0.0,0.0,417.0,135.0,135.0,0.0,0.0,0.0,0.0,0.0,0.0,1.0,0.0,0.0,135.0,135.0,1.0,0.0,0.0,0.0,0.0,0.0,0.0,0.0,0.0,0.0,0.0,0.0,0.0,0.0,269.7165198624134
355,21300000000000,2.0,14.0,2.4463667820069204,2.0,4.0,1156,1.0,10.0,6.036332179930795,6.0,10.0,1156,14.0,23.0,17.963667820069205,18.0,22.0,1156,2.0,6.0,2.3044982698961936,2.0,4.0,1156,0.0,88.0,47.25714285714286,50.0,84.0,140,0.0,280.0,123.71428571428571,128.0,264.0,140,1.0,1.0,1.0,1.0,1.0,104,0.9999999999999999,1.0000000000000002,1.0,1.0,1.0,104,1.0,1.5,1.0402776443641828,1.0,1.3208333333333329,104,0.9999999999999999,1.6742800950427612,1.03347838348808,1.0,1.1858787098663781,104,552.0,0.0,0.0,415.0,137.0,104.0,33.0,0.0,3.0,0.0,0.0,30.0,0.7591240875912408,20.0,0.19230769230769232,140.0,104.0,0.7428571428571429,0.0,0.0,0.0,0.0,36.0,0.2571428571428571,0.0,0.0,0.0,0.0,0.0,0.0,0.0,89.8427926003933
356,21360000000000,2.0,15.0,2.430795847750865,2.0,4.0,1156,1.0,10.0,5.98356401384083,6.0,9.0,1156,14.0,23.0,18.01643598615917,18.0,22.0,1156,2.0,6.0,2.31401384083045,2.0,4.0,1156,0.0,88.0,46.0,44.0,84.0,124,0.0,280.0,118.96774193548387,104.0,264.0,124,1.0,1.0,1.0,1.0,1.0,64,0.9999999999999998,1.0000000000000002,1.0,1.0,1.0000000000000002,64,1.0,1.5,1.0858916754711792,1.0,1.474999999999999,64,1.0,1.842171422622137,1.0908325762620685,1.0,1.4484603104030553,64,552.0,0.0,0.0,427.0,125.0,64.0,61.0,0.0,3.0,0.0,0.0,58.0,0.512,29.0,0.453125,124.0,64.0,0.5161290322580645,0.0,0.0,0.0,0.0,60.0,0.4838709677419355,0.0,0.0,0.0,0.0,0.0,0.0,0.0,87.4425433576107
357,21420000000000,2.0,15.0,2.4506920415224913,2.0,4.0,1156,2.0,10.0,6.0588235294117645,6.5,10.0,1156,14.0,22.0,17.941176470588236,17.5,22.0,1156,2.0,6.0,2.309688581314879,2.0,4.0,1156,0.0,88.0,45.410071942446045,48.0,84.0,139,0.0,280.0,116.37410071942446,120.0,264.0,139,1.0,1.0,1.0,1.0,1.0,139,0.9999999999999998,1.0000000000000002,1.0,1.0,1.0000000000000002,139,1.0,1.0,1.0,1.0,1.0,139,0.9999999999999998,1.0000000000000002,1.0,1.0,1.0000000000000002,139,552.0,0.0,0.0,413.0,139.0,139.0,0.0,0.0,0.0,0.0,0.0,0.0,1.0,0.0,0.0,139.0,139.0,1.0,0.0,0.0,0.0,0.0,0.0,0.0,0.0,0.0,0.0,0.0,0.0,0.0,0.0,256.99671171605587
358,21480000000000,2.0,15.0,2.4472318339100347,2.0,4.0,1156,2.0,10.0,5.984429065743945,6.0,10.0,1156,14.0,22.0,18.015570934256054,18.0,22.0,1156,2.0,6.0,2.3079584775086506,2.0,4.0,1156,0.0,88.0,46.97810218978102,48.0,84.0,137,0.0,280.0,122.21897810218978,120.0,264.0,137,1.0,1.0,1.0,1.0,1.0,103,0.9999999999999998,1.0000000000000002,1.0,1.0,1.0,103,1.0,1.5,1.0466753580831252,1.0,1.3249999999999993,103,0.9999999999999998,1.7384884311308089,1.0412818858213204,1.0,1.2080247276047607,103,552.0,0.0,0.0,416.0,136.0,103.0,33.0,0.0,3.0,0.0,0.0,30.0,0.7573529411764706,23.0,0.22330097087378642,137.0,103.0,0.7518248175182481,0.0,0.0,0.0,0.0,34.0,0.24817518248175183,0.0,0.0,0.0,0.0,0.0,0.0,0.0,94.01470795273781
359,21540000000000,2.0,15.0,2.4333910034602075,2.0,4.0,1156,1.0,10.0,5.928200692041522,6.0,9.0,1156,14.0,23.0,18.07179930795848,18.0,22.0,1156,2.0,6.0,2.3131487889273354,2.0,4.0,1156,0.0,88.0,45.40625,44.0,84.0,128,0.0,280.0,115.8125,104.0,264.0,128,1.0,1.0,1.0,1.0,1.0,71,1.0,1.0000000000000002,1.0,1.0,1.0,71,1.0,1.5,1.0773057594619317,1.0,1.5,71,1.0,1.8468253152667875,1.0816609119620642,1.0,1.4335150616576917,71,552.0,0.0,0.0,420.0,132.0,71.0,61.0,0.0,4.0,0.0,0.0,57.0,0.5378787878787878,29.0,0.4084507042253521,128.0,71.0,0.5546875,0.0,0.0,0.0,0.0,57.0,0.4453125,0.0,0.0,0.0,0.0,0.0,0.0,0.0,98.92211109399796
